IBGE,municipio,uf,regiao,reg_df,cenarios,aptos26,abst26,lula2p_1t,delta_reg,lula2p_A,lula2p_B,venc_1t,venc_A,venc_B,gap_A,gap_B,liq_por_ausente,liq_local_por_ausente,ganho_lula_10pp_comp
1200401,Rio Branco,AC,Norte,Norte/Centro-Oeste,,270174,20.21,29.96,-3.61,26.35,30.75,Flávio,Flávio,Flávio,-95906.78,-78067.04,-0.21,-0.45,-5673.65
1200203,Cruzeiro Do Sul,AC,Norte,Norte/Centro-Oeste,,63851,19.37,26.55,-3.61,22.94,27.26,Flávio,Flávio,Flávio,-26509.53,-22279.8,-0.21,-0.51,-1340.87
1200500,Sena Madureira,AC,Norte,Norte/Centro-Oeste,,30864,20.1,25.8,-3.61,22.19,26.42,Flávio,Flávio,Flávio,-12999.27,-11023.1,-0.21,-0.53,-648.14
1200609,Tarauacá,AC,Norte,Norte/Centro-Oeste,,29970,24.58,39.44,-3.61,35.83,39.5,Flávio,Flávio,Flávio,-6033.83,-4472.36,-0.21,-0.27,-629.37
1200302,Feijó,AC,Norte,Norte/Centro-Oeste,S1#31,24197,24.97,45.05,-3.61,41.44,44.9,Flávio,Flávio,Flávio,-2931.35,-1744.88,-0.21,-0.16,-508.14
1200104,Brasiléia,AC,Norte,Norte/Centro-Oeste,,19978,20.38,27.02,-3.61,23.41,27.53,Flávio,Flávio,Flávio,-8099.21,-6843.82,-0.21,-0.51,-419.54
1200450,Senador Guiomard,AC,Norte,Norte/Centro-Oeste,,18638,18.63,25.91,-3.61,22.3,26.66,Flávio,Flávio,Flávio,-7953.1,-6702.26,-0.21,-0.53,-391.4
1200336,Mâncio Lima,AC,Norte,Norte/Centro-Oeste,,14657,17.52,31.0,-3.61,27.39,31.31,Flávio,Flávio,Flávio,-5240.72,-4332.26,-0.21,-0.43,-307.8
1200252,Epitaciolândia,AC,Norte,Norte/Centro-Oeste,,14599,19.84,24.63,-3.61,21.02,25.2,Flávio,Flávio,Flávio,-6476.39,-5542.58,-0.21,-0.55,-306.58
1200807,Porto Acre,AC,Norte,Norte/Centro-Oeste,,14284,18.73,25.11,-3.61,21.5,25.73,Flávio,Flávio,Flávio,-6274.0,-5344.16,-0.21,-0.54,-299.96
1200708,Xapuri,AC,Norte,Norte/Centro-Oeste,,12774,19.48,35.73,-3.61,32.12,35.89,Flávio,Flávio,Flávio,-3476.03,-2742.62,-0.21,-0.34,-268.25
1200385,Plácido De Castro,AC,Norte,Norte/Centro-Oeste,,12291,19.2,27.32,-3.61,23.71,27.9,Flávio,Flávio,Flávio,-4971.87,-4179.1,-0.21,-0.5,-258.11
1200427,Rodrigues Alves,AC,Norte,Norte/Centro-Oeste,,12185,16.14,24.77,-3.61,21.16,25.31,Flávio,Flávio,Flávio,-5675.44,-4858.08,-0.21,-0.55,-255.88
1200351,Marechal Thaumaturgo,AC,Norte,Norte/Centro-Oeste,,11897,21.39,38.53,-3.61,34.92,38.6,Flávio,Flávio,Flávio,-2715.53,-2052.16,-0.21,-0.29,-249.84
1200138,Bujari,AC,Norte,Norte/Centro-Oeste,,11152,22.37,30.21,-3.61,26.6,30.6,Flávio,Flávio,Flávio,-3849.01,-3190.62,-0.21,-0.44,-234.19
1200013,Acrelândia,AC,Norte,Norte/Centro-Oeste,,10207,21.08,20.25,-3.61,16.64,20.97,Flávio,Flávio,Flávio,-5148.26,-4480.02,-0.21,-0.63,-214.35
1200344,Manoel Urbano,AC,Norte,Norte/Centro-Oeste,,8602,21.91,38.71,-3.61,35.1,38.77,Flávio,Flávio,Flávio,-1903.46,-1435.16,-0.21,-0.28,-180.64
1200179,Capixaba,AC,Norte,Norte/Centro-Oeste,,8170,20.28,29.07,-3.61,25.46,29.57,Flávio,Flávio,Flávio,-3055.04,-2542.46,-0.21,-0.47,-171.57
1200393,Porto Walter,AC,Norte,Norte/Centro-Oeste,,8032,18.82,53.57,-3.61,49.96,53.09,Lula,Flávio,Lula,-4.51,384.88,-0.21,-0.0,-168.67
1200054,Assis Brasil,AC,Norte,Norte/Centro-Oeste,,7294,21.24,38.1,-3.61,34.49,38.19,Flávio,Flávio,Flávio,-1697.01,-1291.48,-0.21,-0.29,-153.17
1200328,Jordão,AC,Norte,Norte/Centro-Oeste,,5999,24.75,52.6,-3.61,48.99,52.14,Lula,Flávio,Lula,-86.15,181.62,-0.21,-0.02,-125.98
1200435,Santa Rosa Do Purus,AC,Norte,Norte/Centro-Oeste,,3927,26.56,52.38,-3.61,48.77,52.06,Lula,Flávio,Lula,-66.66,112.0,-0.21,-0.02,-82.47
2704302,Maceió,AL,Nordeste,Nordeste,,646463,18.7,43.97,-3.85,40.12,43.81,Flávio,Flávio,Flávio,-96646.14,-60485.78,0.26,-0.19,16808.04
2700300,Arapiraca,AL,Nordeste,Nordeste,,158990,17.68,51.62,-3.85,47.77,51.15,Lula,Flávio,Lula,-5447.28,2810.44,0.26,-0.04,4133.74
2707701,Rio Largo,AL,Nordeste,Nordeste,,68061,15.77,51.11,-3.85,47.26,50.69,Lula,Flávio,Lula,-2909.15,733.14,0.26,-0.05,1769.59
2706307,Palmeira Dos Índios,AL,Nordeste,Nordeste,S2#27,54544,21.08,62.41,-3.85,58.56,61.6,Lula,Lula,Lula,6815.57,9229.0,0.26,0.16,1418.14
2709301,União Dos Palmares,AL,Nordeste,Nordeste,S2#29,48373,22.06,61.78,-3.85,57.93,61.13,Lula,Lula,Lula,5561.21,7809.28,0.26,0.15,1257.7
2704708,Marechal Deodoro,AL,Nordeste,Nordeste,,47095,18.22,44.41,-3.85,40.56,44.26,Flávio,Flávio,Flávio,-6741.29,-4095.3,0.26,-0.18,1224.47
2706703,Penedo,AL,Nordeste,Nordeste,S2#32,44742,22.85,61.07,-3.85,57.22,60.26,Lula,Lula,Lula,4655.92,6613.5,0.26,0.14,1163.29
2708600,São Miguel Dos Campos,AL,Nordeste,Nordeste,,43051,20.94,49.3,-3.85,45.45,48.98,Flávio,Flávio,Flávio,-2866.64,-640.98,0.26,-0.09,1119.33
2702306,Coruripe,AL,Nordeste,Nordeste,,41885,21.96,47.78,-3.85,43.93,47.56,Flávio,Flávio,Flávio,-3651.01,-1470.86,0.26,-0.12,1089.01
2702405,Delmiro Gouveia,AL,Nordeste,Nordeste,S2#40,41407,22.47,80.35,-3.85,76.5,79.17,Lula,Lula,Lula,15985.26,17598.02,0.26,0.51,1076.58
2708006,Santana Do Ipanema,AL,Nordeste,Nordeste,,33109,20.02,69.44,-3.85,65.59,68.33,Lula,Lula,Lula,7665.15,9011.38,0.26,0.3,860.83
2700409,Atalaia,AL,Nordeste,Nordeste,S2#86,32403,21.43,61.73,-3.85,57.88,61.08,Lula,Lula,Lula,3711.29,5216.72,0.26,0.15,842.48
2709152,Teotônio Vilela,AL,Nordeste,Nordeste,S2#55,31106,26.72,60.94,-3.85,57.09,60.17,Lula,Lula,Lula,2977.53,4268.42,0.26,0.14,808.76
2706901,Pilar,AL,Nordeste,Nordeste,,29494,18.88,53.12,-3.85,49.27,52.69,Lula,Flávio,Lula,-325.04,1193.56,0.26,-0.01,766.84
2702900,Girau Do Ponciano,AL,Nordeste,Nordeste,,28504,22.51,78.18,-3.85,74.33,77.26,Lula,Lula,Lula,9998.02,11199.02,0.26,0.47,741.1
2708808,São Sebastião,AL,Nordeste,Nordeste,,27082,21.03,70.57,-3.85,66.72,69.58,Lula,Lula,Lula,6622.2,7758.98,0.26,0.32,704.13
2701407,Campo Alegre,AL,Nordeste,Nordeste,S2#95,27042,24.89,64.33,-3.85,60.48,63.63,Lula,Lula,Lula,3958.26,5146.8,0.26,0.2,703.09
2704500,Maragogi,AL,Nordeste,Nordeste,,26019,22.1,40.54,-3.85,36.69,40.56,Flávio,Flávio,Flávio,-5018.67,-3561.64,0.26,-0.26,676.49
2708501,São Luís Do Quitunde,AL,Nordeste,Nordeste,,23573,23.06,49.08,-3.85,45.23,48.87,Flávio,Flávio,Flávio,-1594.8,-377.0,0.26,-0.09,612.9
2708402,São José Da Tapera,AL,Nordeste,Nordeste,,23495,25.8,76.11,-3.85,72.26,74.81,Lula,Lula,Lula,7189.48,8011.2,0.26,0.43,610.87
2702355,Craíbas,AL,Nordeste,Nordeste,,21887,20.31,73.53,-3.85,69.68,72.46,Lula,Lula,Lula,6391.98,7296.38,0.26,0.38,569.06
2707305,Porto Calvo,AL,Nordeste,Nordeste,,21598,20.28,44.47,-3.85,40.62,44.38,Flávio,Flávio,Flávio,-3004.34,-1799.22,0.26,-0.18,561.55
2709400,Viçosa,AL,Nordeste,Nordeste,,20902,20.62,63.06,-3.85,59.21,62.33,Lula,Lula,Lula,2831.02,3791.0,0.26,0.18,543.45
2705507,Murici,AL,Nordeste,Nordeste,,20644,19.54,61.52,-3.85,57.67,60.96,Lula,Lula,Lula,2303.89,3295.48,0.26,0.15,536.74
2703106,Igaci,AL,Nordeste,Nordeste,,20525,25.49,76.96,-3.85,73.11,75.78,Lula,Lula,Lula,6502.66,7252.84,0.26,0.44,533.65
2704203,Limoeiro De Anadia,AL,Nordeste,Nordeste,,20414,20.54,71.12,-3.85,67.27,70.45,Lula,Lula,Lula,5197.95,6154.8,0.26,0.33,530.76
2704005,Junqueiro,AL,Nordeste,Nordeste,,20177,21.74,59.51,-3.85,55.66,58.76,Lula,Lula,Lula,1644.16,2542.46,0.26,0.11,524.6
2707107,Piranhas,AL,Nordeste,Nordeste,,20101,23.8,81.63,-3.85,77.78,80.53,Lula,Lula,Lula,7962.79,8751.42,0.26,0.53,522.63
2701001,Boca Da Mata,AL,Nordeste,Nordeste,,19738,24.01,57.45,-3.85,53.6,57.01,Lula,Lula,Lula,1006.49,1956.82,0.26,0.07,513.19
2702603,Feira Grande,AL,Nordeste,Nordeste,,19459,19.48,74.24,-3.85,70.39,73.18,Lula,Lula,Lula,5910.94,6720.12,0.26,0.39,505.93
2709202,Traipu,AL,Nordeste,Nordeste,,19176,23.23,76.8,-3.85,72.95,75.86,Lula,Lula,Lula,6191.77,6976.3,0.26,0.44,498.58
2706406,Pão De Açúcar,AL,Nordeste,Nordeste,,18843,23.23,74.66,-3.85,70.81,73.66,Lula,Lula,Lula,5637.08,6409.9,0.26,0.4,489.92
2705101,Matriz De Camaragibe,AL,Nordeste,Nordeste,,18656,21.8,43.22,-3.85,39.37,43.17,Flávio,Flávio,Flávio,-2876.91,-1849.88,0.26,-0.2,485.06
2705002,Mata Grande,AL,Nordeste,Nordeste,,18418,25.97,81.17,-3.85,77.32,80.39,Lula,Lula,Lula,6914.25,7692.04,0.26,0.52,478.87
2708303,São José Da Laje,AL,Nordeste,Nordeste,,17824,23.79,59.82,-3.85,55.97,59.2,Lula,Lula,Lula,1489.91,2296.36,0.26,0.11,463.42
2703205,Igreja Nova,AL,Nordeste,Nordeste,,17729,21.51,71.7,-3.85,67.85,70.89,Lula,Lula,Lula,4579.08,5357.96,0.26,0.34,460.95
2707503,Porto Real Do Colégio,AL,Nordeste,Nordeste,,17563,19.55,74.68,-3.85,70.83,73.71,Lula,Lula,Lula,5479.01,6238.38,0.26,0.4,456.64
2704104,Lagoa Da Canoa,AL,Nordeste,Nordeste,,17008,21.41,67.5,-3.85,63.65,66.8,Lula,Lula,Lula,3373.88,4152.2,0.26,0.26,442.21
2700102,Água Branca,AL,Nordeste,Nordeste,,16513,28.4,88.62,-3.85,84.77,87.61,Lula,Lula,Lula,7676.65,8304.0,0.26,0.67,429.34
2705705,Olho D'Água Das Flores,AL,Nordeste,Nordeste,,16240,22.2,60.45,-3.85,56.6,59.84,Lula,Lula,Lula,1556.22,2320.64,0.26,0.13,422.24
2704401,Major Isidoro,AL,Nordeste,Nordeste,,15675,21.98,63.77,-3.85,59.92,63.29,Lula,Lula,Lula,2242.65,3003.88,0.26,0.19,407.55
2709103,Taquarana,AL,Nordeste,Nordeste,,15528,20.78,74.17,-3.85,70.32,73.42,Lula,Lula,Lula,4606.19,5308.94,0.26,0.39,403.73
2703809,Joaquim Gomes,AL,Nordeste,Nordeste,,15470,22.12,68.31,-3.85,64.46,67.69,Lula,Lula,Lula,3203.42,3918.78,0.26,0.28,402.22
2708907,Satuba,AL,Nordeste,Nordeste,,15433,14.81,45.81,-3.85,41.96,45.61,Flávio,Flávio,Flávio,-1990.3,-1086.4,0.26,-0.15,401.26
2702108,Colônia Leopoldina,AL,Nordeste,Nordeste,,15416,24.6,51.63,-3.85,47.78,51.36,Lula,Flávio,Lula,-477.69,292.7,0.26,-0.04,400.82
2700508,Barra De Santo Antônio,AL,Nordeste,Nordeste,,14944,22.0,55.45,-3.85,51.6,54.93,Lula,Lula,Lula,344.92,1064.7,0.26,0.03,388.54
2701605,Canapi,AL,Nordeste,Nordeste,,14793,25.17,79.61,-3.85,75.76,78.66,Lula,Lula,Lula,5310.39,5909.78,0.26,0.49,384.62
2703304,Inhapi,AL,Nordeste,Nordeste,,14561,26.92,82.42,-3.85,78.57,81.44,Lula,Lula,Lula,5626.85,6193.42,0.26,0.55,378.59
2701308,Cajueiro,AL,Nordeste,Nordeste,,14474,24.17,67.9,-3.85,64.05,67.05,Lula,Lula,Lula,2831.83,3438.3,0.26,0.27,376.32
2705200,Messias,AL,Nordeste,Nordeste,,14073,19.61,57.91,-3.85,54.06,57.42,Lula,Lula,Lula,851.38,1555.26,0.26,0.08,365.9
2706802,Piaçabuçu,AL,Nordeste,Nordeste,,13930,21.48,64.63,-3.85,60.78,63.93,Lula,Lula,Lula,2202.45,2846.82,0.26,0.21,362.18
2700706,Batalha,AL,Nordeste,Nordeste,,13574,20.45,63.39,-3.85,59.54,62.73,Lula,Lula,Lula,1922.25,2564.38,0.26,0.18,352.92
2700201,Anadia,AL,Nordeste,Nordeste,,13090,22.51,71.5,-3.85,67.65,70.7,Lula,Lula,Lula,3308.75,3879.62,0.26,0.34,340.34
2702553,Estrela De Alagoas,AL,Nordeste,Nordeste,,13040,27.18,80.96,-3.85,77.11,80.01,Lula,Lula,Lula,4705.31,5209.04,0.26,0.52,339.04
2701704,Capela,AL,Nordeste,Nordeste,,12900,20.06,59.93,-3.85,56.08,59.34,Lula,Lula,Lula,1158.17,1779.66,0.26,0.12,335.4
2706448,Paripueira,AL,Nordeste,Nordeste,,12721,19.76,45.07,-3.85,41.22,44.9,Flávio,Flávio,Flávio,-1667.9,-968.7,0.26,-0.17,330.75
2706505,Passo De Camaragibe,AL,Nordeste,Nordeste,,12513,18.05,55.27,-3.85,51.42,54.94,Lula,Lula,Lula,272.39,945.1,0.26,0.03,325.34
2703007,Ibateguara,AL,Nordeste,Nordeste,,11536,24.2,60.55,-3.85,56.7,60.03,Lula,Lula,Lula,1068.33,1600.06,0.26,0.13,299.94
2707206,Poço Das Trincheiras,AL,Nordeste,Nordeste,,11257,21.52,81.18,-3.85,77.33,79.78,Lula,Lula,Lula,4425.57,4822.32,0.26,0.52,292.68
2704807,Maribondo,AL,Nordeste,Nordeste,,11142,17.68,62.63,-3.85,58.78,62.0,Lula,Lula,Lula,1485.7,2029.34,0.26,0.17,289.69
2707602,Quebrangulo,AL,Nordeste,Nordeste,,10425,20.61,70.35,-3.85,66.5,69.66,Lula,Lula,Lula,2548.31,3036.38,0.26,0.32,271.05
2706000,Olivença,AL,Nordeste,Nordeste,,10337,18.07,68.66,-3.85,64.81,67.77,Lula,Lula,Lula,2324.52,2788.5,0.26,0.28,268.76
2706109,Ouro Branco,AL,Nordeste,Nordeste,,10029,22.69,74.53,-3.85,70.68,73.18,Lula,Lula,Lula,2997.54,3359.5,0.26,0.4,260.75
2705606,Novo Lino,AL,Nordeste,Nordeste,,10016,22.07,48.72,-3.85,44.87,48.51,Flávio,Flávio,Flávio,-742.71,-215.56,0.26,-0.1,260.42
2706422,Pariconha,AL,Nordeste,Nordeste,,9772,22.85,90.56,-3.85,86.71,89.51,Lula,Lula,Lula,5225.98,5624.98,0.26,0.7,254.07
2708956,Senador Rui Palmeira,AL,Nordeste,Nordeste,,9681,23.03,78.92,-3.85,75.07,77.79,Lula,Lula,Lula,3468.03,3845.18,0.26,0.48,251.71
2702504,Dois Riachos,AL,Nordeste,Nordeste,,9497,28.63,70.75,-3.85,66.9,70.13,Lula,Lula,Lula,2124.2,2529.2,0.26,0.32,246.92
2702009,Coité Do Nóia,AL,Nordeste,Nordeste,,9481,20.67,74.43,-3.85,70.58,73.19,Lula,Lula,Lula,2861.42,3224.8,0.26,0.4,246.51
2708105,Santana Do Mundaú,AL,Nordeste,Nordeste,,9415,23.49,73.04,-3.85,69.19,72.03,Lula,Lula,Lula,2576.47,2958.06,0.26,0.37,244.79
2703601,Japaratinga,AL,Nordeste,Nordeste,,9190,19.56,44.65,-3.85,40.8,44.56,Flávio,Flávio,Flávio,-1265.27,-748.5,0.26,-0.18,238.94
2701506,Campo Grande,AL,Nordeste,Nordeste,,9154,22.2,72.88,-3.85,69.03,71.85,Lula,Lula,Lula,2494.41,2863.92,0.26,0.37,238.0
2701100,Branquinha,AL,Nordeste,Nordeste,,9119,26.58,68.67,-3.85,64.82,67.97,Lula,Lula,Lula,1821.93,2209.0,0.26,0.28,237.09
2704609,Maravilha,AL,Nordeste,Nordeste,,8963,25.36,74.96,-3.85,71.11,73.74,Lula,Lula,Lula,2575.28,2896.8,0.26,0.41,233.04
2701209,Cacimbinhas,AL,Nordeste,Nordeste,,8774,27.31,70.58,-3.85,66.73,70.02,Lula,Lula,Lula,1967.95,2354.98,0.26,0.32,228.12
2702801,Flexeiras,AL,Nordeste,Nordeste,,8538,21.97,49.61,-3.85,45.76,49.37,Flávio,Flávio,Flávio,-517.44,-77.08,0.26,-0.08,221.99
2707404,Porto De Pedras,AL,Nordeste,Nordeste,S3#21,8457,18.59,47.64,-3.85,43.79,47.47,Flávio,Flávio,Flávio,-800.31,-326.66,0.26,-0.12,219.88
2708709,São Miguel Dos Milagres,AL,Nordeste,Nordeste,S3#85,8255,19.84,45.88,-3.85,42.03,45.75,Flávio,Flávio,Flávio,-980.14,-523.36,0.26,-0.15,214.63
2703759,Jequiá Da Praia,AL,Nordeste,Nordeste,,8245,19.73,51.16,-3.85,47.31,50.8,Lula,Flávio,Lula,-333.13,99.36,0.26,-0.05,214.37
2700607,Barra De São Miguel,AL,Nordeste,Nordeste,,8063,15.97,46.97,-3.85,43.12,46.74,Flávio,Flávio,Flávio,-870.61,-412.12,0.26,-0.13,209.64
2701803,Carneiros,AL,Nordeste,Nordeste,,7751,23.39,78.68,-3.85,74.83,77.59,Lula,Lula,Lula,2740.28,3045.44,0.26,0.48,201.53
2705804,Olho D'Água Do Casado,AL,Nordeste,Nordeste,,7631,26.12,85.31,-3.85,81.46,84.14,Lula,Lula,Lula,3309.62,3590.94,0.26,0.6,198.41
2708204,São Brás,AL,Nordeste,Nordeste,,7353,20.45,72.57,-3.85,68.72,71.74,Lula,Lula,Lula,2056.52,2387.96,0.26,0.36,191.18
2701902,Chã Preta,AL,Nordeste,Nordeste,,6923,20.8,70.85,-3.85,67.0,69.9,Lula,Lula,Lula,1713.96,2006.16,0.26,0.33,180.0
2706604,Paulo Jacinto,AL,Nordeste,Nordeste,,6620,17.43,69.59,-3.85,65.74,68.56,Lula,Lula,Lula,1580.03,1863.66,0.26,0.3,172.12
2707909,Santa Luzia Do Norte,AL,Nordeste,Nordeste,,6471,16.94,60.17,-3.85,56.32,59.46,Lula,Lula,Lula,634.77,950.68,0.26,0.12,168.25
2705408,Monteirópolis,AL,Nordeste,Nordeste,,6417,21.65,74.49,-3.85,70.64,73.29,Lula,Lula,Lula,1915.17,2161.18,0.26,0.4,166.84
2701357,Campestre,AL,Nordeste,Nordeste,,6077,24.54,68.68,-3.85,64.83,67.82,Lula,Lula,Lula,1247.17,1498.48,0.26,0.28,158.0
2703502,Jacuípe,AL,Nordeste,Nordeste,,6044,17.6,68.46,-3.85,64.61,67.72,Lula,Lula,Lula,1365.81,1656.32,0.26,0.28,157.14
2700904,Belo Monte,AL,Nordeste,Nordeste,,6030,19.25,70.34,-3.85,66.49,69.45,Lula,Lula,Lula,1506.42,1777.22,0.26,0.32,156.78
2709004,Tanque D'Arca,AL,Nordeste,Nordeste,,6000,24.32,75.93,-3.85,72.08,75.03,Lula,Lula,Lula,1848.1,2095.82,0.26,0.42,156.0
2707800,Roteiro,AL,Nordeste,Nordeste,,5776,22.09,60.4,-3.85,56.55,59.89,Lula,Lula,Lula,548.5,828.12,0.26,0.13,150.18
2702207,Coqueiro Seco,AL,Nordeste,Nordeste,,5554,16.4,56.12,-3.85,52.27,55.44,Lula,Lula,Lula,195.26,467.28,0.26,0.04,144.4
2703403,Jacaré Dos Homens,AL,Nordeste,Nordeste,,5258,20.31,79.13,-3.85,75.28,78.24,Lula,Lula,Lula,2006.47,2241.34,0.26,0.49,136.71
2703700,Jaramataia,AL,Nordeste,Nordeste,,5223,17.14,74.87,-3.85,71.02,74.17,Lula,Lula,Lula,1698.81,1952.88,0.26,0.4,135.8
2705903,Olho D'Água Grande,AL,Nordeste,Nordeste,,5133,22.44,75.31,-3.85,71.46,74.39,Lula,Lula,Lula,1587.31,1804.22,0.26,0.41,133.46
2705309,Minador Do Negrão,AL,Nordeste,Nordeste,,5111,22.83,68.05,-3.85,64.2,67.14,Lula,Lula,Lula,1017.77,1228.3,0.26,0.27,132.89
2700805,Belém,AL,Nordeste,Nordeste,,5054,23.19,72.35,-3.85,68.5,71.39,Lula,Lula,Lula,1318.92,1525.54,0.26,0.36,131.4
2706208,Palestina,AL,Nordeste,Nordeste,,4992,25.44,78.15,-3.85,74.3,76.95,Lula,Lula,Lula,1694.25,1878.7,0.26,0.47,129.79
2703908,Jundiá,AL,Nordeste,Nordeste,,4851,21.36,59.17,-3.85,55.32,58.62,Lula,Lula,Lula,375.39,609.1,0.26,0.1,126.13
2702702,Feliz Deserto,AL,Nordeste,Nordeste,,3975,24.43,61.61,-3.85,57.76,61.13,Lula,Lula,Lula,426.46,611.38,0.26,0.15,103.35
2704906,Mar Vermelho,AL,Nordeste,Nordeste,,3653,15.96,70.44,-3.85,66.59,69.45,Lula,Lula,Lula,942.55,1104.78,0.26,0.32,94.98
2707008,Pindoba,AL,Nordeste,Nordeste,,2895,16.86,62.75,-3.85,58.9,62.33,Lula,Lula,Lula,402.83,558.16,0.26,0.17,75.27
1302603,Manaus,AM,Norte,Norte/Centro-Oeste,,1477265,17.2,40.62,-3.61,37.01,40.65,Flávio,Flávio,Flávio,-301480.22,-217067.72,-0.21,-0.25,-31022.56
1302504,Manacapuru,AM,Norte,Norte/Centro-Oeste,S2#9,81115,21.0,54.11,-3.61,50.5,53.6,Lula,Lula,Lula,617.69,4456.38,-0.21,0.01,-1703.42
1301902,Itacoatiara,AM,Norte,Norte/Centro-Oeste,S2#8,76067,23.25,62.59,-3.61,58.98,61.63,Lula,Lula,Lula,10140.69,13122.0,-0.21,0.17,-1597.41
1303403,Parintins,AM,Norte,Norte/Centro-Oeste,S2#10,73020,22.36,82.2,-3.61,78.59,80.8,Lula,Lula,Lula,31554.38,33997.0,-0.21,0.54,-1533.42
1301209,Coari,AM,Norte,Norte/Centro-Oeste,S2#17,51479,25.91,60.94,-3.61,57.33,60.32,Lula,Lula,Lula,5427.91,7644.36,-0.21,0.14,-1081.06
1304203,Tefé,AM,Norte,Norte/Centro-Oeste,,49827,20.75,61.4,-3.61,57.79,60.71,Lula,Lula,Lula,5978.76,8224.44,-0.21,0.15,-1046.37
1301852,Iranduba,AM,Norte,Norte/Centro-Oeste,,45948,17.84,54.04,-3.61,50.43,53.42,Lula,Lula,Lula,310.32,2481.04,-0.21,0.01,-964.91
1304062,Tabatinga,AM,Norte,Norte/Centro-Oeste,S2#51,40230,21.25,65.9,-3.61,62.29,65.09,Lula,Lula,Lula,7510.44,9217.1,-0.21,0.23,-844.83
1302900,Maués,AM,Norte,Norte/Centro-Oeste,S2#42,38063,24.43,82.9,-3.61,79.29,81.78,Lula,Lula,Lula,16391.78,17784.6,-0.21,0.56,-799.32
1301704,Humaitá,AM,Norte,Norte/Centro-Oeste,S1#4,34907,21.34,41.85,-3.61,38.24,41.81,Flávio,Flávio,Flávio,-6236.6,-4341.6,-0.21,-0.22,-733.05
1302702,Manicoré,AM,Norte,Norte/Centro-Oeste,,33789,20.57,60.25,-3.61,56.64,59.63,Lula,Lula,Lula,3462.82,5024.78,-0.21,0.13,-709.57
1303809,São Gabriel Da Cachoeira,AM,Norte,Norte/Centro-Oeste,S2#54,32420,25.69,79.92,-3.61,76.31,79.02,Lula,Lula,Lula,12434.78,13718.42,-0.21,0.5,-680.82
1300300,Autazes,AM,Norte,Norte/Centro-Oeste,S2#56,32340,25.58,59.53,-3.61,55.92,58.84,Lula,Lula,Lula,2741.16,4089.62,-0.21,0.11,-679.14
1302405,Lábrea,AM,Norte,Norte/Centro-Oeste,S2#90,29351,23.47,59.49,-3.61,55.88,58.79,Lula,Lula,Lula,2558.8,3827.44,-0.21,0.11,-616.37
1303536,Presidente Figueiredo,AM,Norte,Norte/Centro-Oeste,,28343,28.16,50.14,-3.61,46.53,49.64,Lula,Flávio,Flávio,-1355.62,-140.78,-0.21,-0.07,-595.2
1301100,Careiro,AM,Norte,Norte/Centro-Oeste,S2#77,27452,26.36,61.43,-3.61,57.82,60.44,Lula,Lula,Lula,3011.64,4023.12,-0.21,0.15,-576.49
1300805,Borba,AM,Norte,Norte/Centro-Oeste,,24462,22.3,74.48,-3.61,70.87,73.46,Lula,Lula,Lula,7692.04,8645.92,-0.21,0.4,-513.7
1300607,Benjamin Constant,AM,Norte,Norte/Centro-Oeste,,24218,17.06,80.45,-3.61,76.84,79.38,Lula,Lula,Lula,10487.85,11482.22,-0.21,0.51,-508.58
1303569,Rio Preto Da Eva,AM,Norte,Norte/Centro-Oeste,,23243,24.85,51.69,-3.61,48.08,51.2,Lula,Flávio,Lula,-643.39,403.28,-0.21,-0.04,-488.1
1300706,Boca Do Acre,AM,Norte,Norte/Centro-Oeste,,23223,24.24,39.98,-3.61,36.37,40.02,Flávio,Flávio,Flávio,-4606.1,-3374.22,-0.21,-0.26,-487.68
1301407,Eirunepé,AM,Norte,Norte/Centro-Oeste,S2#76,22838,31.72,61.9,-3.61,58.29,60.86,Lula,Lula,Lula,2442.18,3198.98,-0.21,0.16,-479.6
1300508,Barreirinha,AM,Norte,Norte/Centro-Oeste,,22727,18.89,90.78,-3.61,87.17,89.46,Lula,Lula,Lula,13359.86,14179.9,-0.21,0.71,-477.27
1303908,São Paulo De Olivença,AM,Norte,Norte/Centro-Oeste,,21421,16.35,81.94,-3.61,78.33,80.79,Lula,Lula,Lula,9899.83,10758.66,-0.21,0.54,-449.84
1301001,Carauari,AM,Norte,Norte/Centro-Oeste,,20927,28.71,71.12,-3.61,67.51,69.75,Lula,Lula,Lula,4998.26,5638.66,-0.21,0.33,-439.47
1303106,Nova Olinda Do Norte,AM,Norte,Norte/Centro-Oeste,,19945,21.24,72.54,-3.61,68.93,70.73,Lula,Lula,Lula,5707.25,6250.88,-0.21,0.36,-418.84
1303700,Santo Antônio Do Içá,AM,Norte,Norte/Centro-Oeste,,18469,18.89,71.86,-3.61,68.25,70.99,Lula,Lula,Lula,5317.91,6114.8,-0.21,0.35,-387.85
1301159,Careiro Da Várzea,AM,Norte,Norte/Centro-Oeste,,18436,23.8,61.05,-3.61,57.44,60.29,Lula,Lula,Lula,2023.27,2796.9,-0.21,0.14,-387.16
1301605,Fonte Boa,AM,Norte,Norte/Centro-Oeste,,17120,23.7,75.23,-3.61,71.62,74.32,Lula,Lula,Lula,5492.88,6179.52,-0.21,0.41,-359.52
1301308,Codajás,AM,Norte,Norte/Centro-Oeste,,17092,22.99,59.57,-3.61,55.96,58.96,Lula,Lula,Lula,1520.14,2284.4,-0.21,0.11,-358.93
1302306,Jutaí,AM,Norte,Norte/Centro-Oeste,,15903,30.93,59.33,-3.61,55.72,58.81,Lula,Lula,Lula,1210.0,1862.54,-0.21,0.11,-333.96
1303007,Nhamundá,AM,Norte,Norte/Centro-Oeste,,15833,22.47,83.34,-3.61,79.73,82.38,Lula,Lula,Lula,7126.09,7761.14,-0.21,0.56,-332.49
1302553,Manaquiri,AM,Norte,Norte/Centro-Oeste,,15304,23.33,67.2,-3.61,63.59,66.24,Lula,Lula,Lula,3066.44,3663.52,-0.21,0.26,-321.38
1300631,Beruri,AM,Norte,Norte/Centro-Oeste,,15139,23.72,62.83,-3.61,59.22,62.23,Lula,Lula,Lula,2076.86,2755.7,-0.21,0.18,-317.92
1304104,Tapauá,AM,Norte,Norte/Centro-Oeste,,14621,26.45,47.87,-3.61,44.26,47.64,Flávio,Flávio,Flávio,-1193.12,-491.4,-0.21,-0.11,-307.04
1304401,Urucurituba,AM,Norte,Norte/Centro-Oeste,,14200,24.07,75.68,-3.61,72.07,74.77,Lula,Lula,Lula,4641.63,5209.44,-0.21,0.42,-298.2
1300680,Boa Vista Do Ramos,AM,Norte,Norte/Centro-Oeste,,13666,22.24,86.76,-3.61,83.15,85.55,Lula,Lula,Lula,6891.13,7389.58,-0.21,0.63,-286.99
1303205,Novo Airão,AM,Norte,Norte/Centro-Oeste,,13332,26.81,50.73,-3.61,47.12,50.24,Lula,Flávio,Lula,-538.95,44.18,-0.21,-0.05,-279.97
1303304,Novo Aripuanã,AM,Norte,Norte/Centro-Oeste,,13283,25.3,68.55,-3.61,64.94,67.74,Lula,Lula,Lula,2874.7,3414.46,-0.21,0.28,-278.94
1300409,Barcelos,AM,Norte,Norte/Centro-Oeste,,12648,36.7,56.98,-3.61,53.37,56.3,Lula,Lula,Lula,517.72,966.78,-0.21,0.06,-265.61
1304302,Urucará,AM,Norte,Norte/Centro-Oeste,,12648,25.62,74.02,-3.61,70.41,73.2,Lula,Lula,Lula,3720.0,4228.26,-0.21,0.39,-265.61
1300029,Alvarães,AM,Norte,Norte/Centro-Oeste,,12444,20.93,70.84,-3.61,67.23,69.69,Lula,Lula,Lula,3306.6,3779.92,-0.21,0.33,-261.32
1301654,Guajará,AM,Norte,Norte/Centro-Oeste,,12171,24.39,35.71,-3.61,32.1,35.88,Flávio,Flávio,Flávio,-3155.85,-2489.84,-0.21,-0.34,-255.59
1304237,Tonantins,AM,Norte,Norte/Centro-Oeste,,11653,19.11,79.42,-3.61,75.81,78.63,Lula,Lula,Lula,4748.76,5268.12,-0.21,0.49,-244.71
1301803,Ipixuna,AM,Norte,Norte/Centro-Oeste,,11575,26.95,57.56,-3.61,53.95,57.0,Lula,Lula,Lula,637.04,1127.44,-0.21,0.08,-243.08
1303502,Pauini,AM,Norte,Norte/Centro-Oeste,,11565,25.94,58.47,-3.61,54.86,57.95,Lula,Lula,Lula,807.86,1319.92,-0.21,0.09,-242.86
1300144,Apuí,AM,Norte,Norte/Centro-Oeste,,11540,26.78,25.73,-3.61,22.12,26.26,Flávio,Flávio,Flávio,-4586.55,-3904.66,-0.21,-0.53,-242.34
1300102,Anori,AM,Norte,Norte/Centro-Oeste,,11109,21.37,56.95,-3.61,53.34,56.29,Lula,Lula,Lula,565.6,1066.14,-0.21,0.06,-233.29
1301506,Envira,AM,Norte,Norte/Centro-Oeste,,10870,27.87,63.85,-3.61,60.24,62.17,Lula,Lula,Lula,1507.54,1791.84,-0.21,0.19,-228.27
1300904,Canutama,AM,Norte,Norte/Centro-Oeste,S1#73,10740,26.15,49.99,-3.61,46.38,49.6,Flávio,Flávio,Flávio,-553.38,-60.8,-0.21,-0.07,-225.54
1302801,Maraã,AM,Norte,Norte/Centro-Oeste,,9995,29.68,65.69,-3.61,62.08,65.07,Lula,Lula,Lula,1648.44,2056.06,-0.21,0.23,-209.9
1304260,Uarini,AM,Norte,Norte/Centro-Oeste,,9798,20.58,64.89,-3.61,61.28,64.2,Lula,Lula,Lula,1704.36,2145.94,-0.21,0.21,-205.76
1302009,Itapiranga,AM,Norte,Norte/Centro-Oeste,,9689,22.92,55.71,-3.61,52.1,55.17,Lula,Lula,Lula,305.58,750.7,-0.21,0.04,-203.47
1304005,Silves,AM,Norte,Norte/Centro-Oeste,,9656,21.9,79.13,-3.61,75.52,77.82,Lula,Lula,Lula,3748.55,4086.78,-0.21,0.48,-202.78
1300201,Atalaia Do Norte,AM,Norte,Norte/Centro-Oeste,,9508,26.75,73.7,-3.61,70.09,72.84,Lula,Lula,Lula,2718.27,3089.94,-0.21,0.38,-199.67
1300839,Caapiranga,AM,Norte,Norte/Centro-Oeste,,9486,25.5,64.98,-3.61,61.37,64.15,Lula,Lula,Lula,1554.74,1935.72,-0.21,0.22,-199.21
1303601,Santa Isabel Do Rio Negro,AM,Norte,Norte/Centro-Oeste,,9379,29.84,71.57,-3.61,67.96,70.61,Lula,Lula,Lula,2256.27,2589.72,-0.21,0.34,-196.96
1300086,Anamã,AM,Norte,Norte/Centro-Oeste,,9177,25.07,66.19,-3.61,62.58,65.37,Lula,Lula,Lula,1678.98,2050.8,-0.21,0.24,-192.72
1303957,São Sebastião Do Uatumã,AM,Norte,Norte/Centro-Oeste,,7748,24.07,53.28,-3.61,49.67,52.8,Lula,Flávio,Lula,-37.81,316.38,-0.21,-0.01,-162.71
1302207,Juruá,AM,Norte,Norte/Centro-Oeste,,7620,26.3,57.0,-3.61,53.39,56.33,Lula,Lula,Lula,362.5,676.68,-0.21,0.06,-160.02
1300060,Amaturá,AM,Norte,Norte/Centro-Oeste,,7522,15.33,77.84,-3.61,74.23,77.06,Lula,Lula,Lula,3011.69,3363.34,-0.21,0.46,-157.96
1301951,Itamarati,AM,Norte,Norte/Centro-Oeste,,7343,24.7,63.73,-3.61,60.12,62.94,Lula,Lula,Lula,1077.7,1377.68,-0.21,0.19,-154.2
1302108,Japurá,AM,Norte,Norte/Centro-Oeste,,5709,31.41,48.88,-3.61,45.27,48.54,Flávio,Flávio,Flávio,-358.71,-110.54,-0.21,-0.09,-119.89
1600303,Macapá,AP,Norte,Norte/Centro-Oeste,,321597,15.88,47.86,-3.61,44.25,47.34,Flávio,Flávio,Flávio,-29678.83,-13721.54,-0.21,-0.11,-6753.54
1600600,Santana,AP,Norte,Norte/Centro-Oeste,,85900,14.81,45.0,-3.61,41.39,44.71,Flávio,Flávio,Flávio,-12064.42,-7402.12,-0.21,-0.16,-1803.9
1600279,Laranjal Do Jari,AP,Norte,Norte/Centro-Oeste,S2#83,28170,25.04,56.17,-3.61,52.56,55.34,Lula,Lula,Lula,1037.36,2162.92,-0.21,0.05,-591.57
1600501,Oiapoque,AP,Norte,Norte/Centro-Oeste,S2#97,24220,27.68,61.58,-3.61,57.97,60.58,Lula,Lula,Lula,2664.27,3537.4,-0.21,0.15,-508.62
1600402,Mazagão,AP,Norte,Norte/Centro-Oeste,,22212,14.51,63.4,-3.61,59.79,62.3,Lula,Lula,Lula,3604.02,4527.74,-0.21,0.19,-466.45
1600535,Porto Grande,AP,Norte,Norte/Centro-Oeste,,15533,20.57,52.12,-3.61,48.51,51.43,Lula,Flávio,Lula,-351.13,337.98,-0.21,-0.03,-326.19
1600709,Tartarugalzinho,AP,Norte,Norte/Centro-Oeste,,11437,18.91,55.27,-3.61,51.66,54.66,Lula,Lula,Lula,296.04,832.96,-0.21,0.03,-240.18
1600808,Vitória Do Jari,AP,Norte,Norte/Centro-Oeste,,10405,22.43,64.39,-3.61,60.78,63.43,Lula,Lula,Lula,1684.19,2098.46,-0.21,0.2,-218.5
1600154,Pedra Branca Do Amapari,AP,Norte,Norte/Centro-Oeste,,9909,28.16,53.57,-3.61,49.96,52.96,Lula,Flávio,Lula,-4.84,405.38,-0.21,-0.0,-208.09
1600204,Calçoene,AP,Norte,Norte/Centro-Oeste,,8907,21.31,55.1,-3.61,51.49,54.19,Lula,Lula,Lula,201.64,565.46,-0.21,0.03,-187.05
1600253,Itaubal,AP,Norte,Norte/Centro-Oeste,,8881,17.19,53.99,-3.61,50.38,53.32,Lula,Lula,Lula,54.26,472.5,-0.21,0.01,-186.5
1600238,Ferreira Gomes,AP,Norte,Norte/Centro-Oeste,,7861,20.37,49.11,-3.61,45.5,48.65,Flávio,Flávio,Flávio,-541.76,-162.6,-0.21,-0.09,-165.08
1600105,Amapá,AP,Norte,Norte/Centro-Oeste,,7523,16.76,59.74,-3.61,56.13,58.63,Lula,Lula,Lula,737.45,1037.88,-0.21,0.12,-157.98
1600212,Cutias,AP,Norte,Norte/Centro-Oeste,,6300,17.6,55.45,-3.61,51.84,54.73,Lula,Lula,Lula,184.85,474.92,-0.21,0.03,-132.3
1600055,Serra Do Navio,AP,Norte,Norte/Centro-Oeste,,4111,26.05,38.37,-3.61,34.76,38.53,Flávio,Flávio,Flávio,-890.59,-670.36,-0.21,-0.29,-86.33
1600550,Pracuúba,AP,Norte,Norte/Centro-Oeste,,4022,17.63,52.32,-3.61,48.71,51.82,Lula,Flávio,Lula,-83.15,117.24,-0.21,-0.02,-84.46
2927408,Salvador,BA,Nordeste,Nordeste,,1955479,20.14,70.71,-3.85,66.86,68.9,Lula,Lula,Lula,479649.97,537564.48,0.26,0.32,50842.45
2910800,Feira De Santana,BA,Nordeste,Nordeste,,435631,17.21,61.48,-3.85,57.63,60.33,Lula,Lula,Lula,51073.06,69180.52,0.26,0.15,11326.41
2933307,Vitória Da Conquista,BA,Nordeste,Nordeste,,265595,18.57,56.57,-3.85,52.72,55.76,Lula,Lula,Lula,10941.39,23193.82,0.26,0.05,6905.47
2905701,Camaçari,BA,Nordeste,Nordeste,,210762,20.76,66.87,-3.85,63.02,65.43,Lula,Lula,Lula,39971.32,47381.12,0.26,0.25,5479.81
2918407,Juazeiro,BA,Nordeste,Nordeste,,165666,17.34,66.45,-3.85,62.6,65.5,Lula,Lula,Lula,32881.18,40446.16,0.26,0.24,4307.32
2919207,Lauro De Freitas,BA,Nordeste,Nordeste,S2#3,163871,22.91,64.1,-3.85,60.25,62.66,Lula,Lula,Lula,24045.87,29694.98,0.26,0.2,4260.65
2914802,Itabuna,BA,Nordeste,Nordeste,,141524,18.74,54.0,-3.85,50.15,53.31,Lula,Lula,Lula,316.48,7172.9,0.26,0.0,3679.62
2913606,Ilhéus,BA,Nordeste,Nordeste,,130310,20.52,60.9,-3.85,57.05,59.85,Lula,Lula,Lula,13669.69,19089.52,0.26,0.14,3388.06
2918001,Jequié,BA,Nordeste,Nordeste,,119040,18.25,62.92,-3.85,59.07,61.8,Lula,Lula,Lula,16396.7,21341.88,0.26,0.17,3095.04
2925303,Porto Seguro,BA,Nordeste,Nordeste,,116587,23.7,53.04,-3.85,49.19,52.45,Lula,Flávio,Lula,-1354.49,4093.28,0.26,-0.02,3031.26
2900702,Alagoinhas,BA,Nordeste,Nordeste,S2#5,114417,20.87,70.22,-3.85,66.37,68.77,Lula,Lula,Lula,27327.28,31341.0,0.26,0.31,2974.84
2903201,Barreiras,BA,Nordeste,Nordeste,,109227,18.65,53.74,-3.85,49.89,53.16,Lula,Flávio,Lula,-192.48,5350.92,0.26,-0.0,2839.9
2931350,Teixeira De Freitas,BA,Nordeste,Nordeste,,105045,22.21,47.82,-3.85,43.97,47.55,Flávio,Flávio,Flávio,-9306.26,-3782.62,0.26,-0.12,2731.17
2930709,Simões Filho,BA,Nordeste,Nordeste,,90003,20.63,71.68,-3.85,67.83,69.98,Lula,Lula,Lula,23552.26,26387.44,0.26,0.34,2340.08
2924009,Paulo Afonso,BA,Nordeste,Nordeste,S2#7,83620,21.86,78.31,-3.85,74.46,77.06,Lula,Lula,Lula,30494.22,33734.94,0.26,0.47,2174.12
2910727,Eunápolis,BA,Nordeste,Nordeste,,83372,22.48,50.54,-3.85,46.69,50.04,Lula,Flávio,Lula,-4008.59,45.8,0.26,-0.06,2167.67
2919553,Luís Eduardo Magalhães,BA,Nordeste,Nordeste,,81123,21.19,34.38,-3.85,30.53,34.67,Flávio,Flávio,Flávio,-23870.54,-18797.88,0.26,-0.37,2109.2
2928703,Santo Antônio De Jesus,BA,Nordeste,Nordeste,,77886,17.87,65.08,-3.85,61.23,63.88,Lula,Lula,Lula,13291.89,16432.36,0.26,0.22,2025.04
2911709,Guanambi,BA,Nordeste,Nordeste,,67489,17.89,61.91,-3.85,58.06,61.02,Lula,Lula,Lula,8372.44,11451.5,0.26,0.15,1754.71
2932903,Valença,BA,Nordeste,Nordeste,,66657,20.65,66.74,-3.85,62.89,65.53,Lula,Lula,Lula,12495.73,15055.5,0.26,0.25,1733.08
2906501,Candeias,BA,Nordeste,Nordeste,S2#14,64825,21.59,82.13,-3.85,78.28,80.39,Lula,Lula,Lula,26849.36,28855.92,0.26,0.54,1685.45
2930501,Serrinha,BA,Nordeste,Nordeste,,63689,18.23,76.1,-3.85,72.25,74.7,Lula,Lula,Lula,21586.83,23963.1,0.26,0.43,1655.91
2917508,Jacobina,BA,Nordeste,Nordeste,,61665,19.87,71.5,-3.85,67.65,70.2,Lula,Lula,Lula,16347.23,18705.68,0.26,0.34,1603.29
2906006,Campo Formoso,BA,Nordeste,Nordeste,,57975,17.42,68.23,-3.85,64.38,67.3,Lula,Lula,Lula,12850.78,15458.04,0.26,0.28,1507.35
2907202,Casa Nova,BA,Nordeste,Nordeste,,57206,17.74,75.55,-3.85,71.7,74.55,Lula,Lula,Lula,19388.95,21934.6,0.26,0.42,1487.36
2908408,Conceição Do Coité,BA,Nordeste,Nordeste,,54576,15.07,61.32,-3.85,57.47,60.67,Lula,Lula,Lula,6469.51,9248.32,0.26,0.14,1418.98
2930105,Senhor Do Bonfim,BA,Nordeste,Nordeste,,53709,18.55,65.0,-3.85,61.15,64.17,Lula,Lula,Lula,9124.67,11591.08,0.26,0.21,1396.43
2904605,Brumado,BA,Nordeste,Nordeste,,53467,16.26,67.16,-3.85,63.31,66.13,Lula,Lula,Lula,11207.95,13583.64,0.26,0.26,1390.14
2910057,Dias D'Ávila,BA,Nordeste,Nordeste,S2#24,53134,22.35,73.17,-3.85,69.32,71.4,Lula,Lula,Lula,14647.2,16228.34,0.26,0.37,1381.48
2914604,Irecê,BA,Nordeste,Nordeste,,51249,16.5,66.82,-3.85,62.97,65.73,Lula,Lula,Lula,10428.14,12650.06,0.26,0.25,1332.47
2909802,Cruz Das Almas,BA,Nordeste,Nordeste,,49209,16.12,67.42,-3.85,63.57,66.43,Lula,Lula,Lula,10525.15,12743.62,0.26,0.26,1279.43
2903904,Bom Jesus Da Lapa,BA,Nordeste,Nordeste,,48946,18.28,76.41,-3.85,72.56,75.27,Lula,Lula,Lula,17167.83,19226.08,0.26,0.43,1272.6
2914703,Itaberaba,BA,Nordeste,Nordeste,,48749,17.25,71.95,-3.85,68.1,70.61,Lula,Lula,Lula,13613.81,15497.28,0.26,0.35,1267.47
2916401,Itapetinga,BA,Nordeste,Nordeste,,48314,19.92,55.34,-3.85,51.49,54.8,Lula,Lula,Lula,1086.14,3496.44,0.26,0.03,1256.16
2914000,Ipirá,BA,Nordeste,Nordeste,S2#28,47871,22.61,75.19,-3.85,71.34,74.0,Lula,Lula,Lula,14714.87,16549.68,0.26,0.41,1244.65
2928604,Santo Amaro,BA,Nordeste,Nordeste,S2#33,47773,21.02,84.81,-3.85,80.96,83.27,Lula,Lula,Lula,21774.15,23402.8,0.26,0.59,1242.1
2915601,Itamaraju,BA,Nordeste,Nordeste,,45999,22.78,46.46,-3.85,42.61,46.31,Flávio,Flávio,Flávio,-4928.41,-2459.94,0.26,-0.14,1195.97
2910701,Euclides Da Cunha,BA,Nordeste,Nordeste,,45601,18.47,79.89,-3.85,76.04,78.7,Lula,Lula,Lula,18359.91,20238.94,0.26,0.5,1185.63
2926608,Ribeira Do Pombal,BA,Nordeste,Nordeste,,45064,19.74,72.94,-3.85,69.09,71.8,Lula,Lula,Lula,13022.99,14872.6,0.26,0.37,1171.66
2921005,Mata De São João,BA,Nordeste,Nordeste,S2#43,43098,21.39,75.75,-3.85,71.9,74.21,Lula,Lula,Lula,13685.0,15128.36,0.26,0.42,1120.55
2905206,Caetité,BA,Nordeste,Nordeste,,42181,17.27,75.8,-3.85,71.95,74.29,Lula,Lula,Lula,14338.05,15866.62,0.26,0.42,1096.71
2921500,Monte Santo,BA,Nordeste,Nordeste,,41809,18.33,86.55,-3.85,82.7,85.66,Lula,Lula,Lula,21355.27,23288.34,0.26,0.63,1087.03
2931905,Tucano,BA,Nordeste,Nordeste,,41771,19.97,77.63,-3.85,73.78,76.55,Lula,Lula,Lula,14999.39,16749.68,0.26,0.46,1086.05
2907509,Catu,BA,Nordeste,Nordeste,,41271,18.62,80.56,-3.85,76.71,79.08,Lula,Lula,Lula,16498.38,17966.36,0.26,0.51,1073.05
2902104,Araci,BA,Nordeste,Nordeste,S2#52,40272,21.07,83.37,-3.85,79.52,82.15,Lula,Lula,Lula,17811.07,19396.76,0.26,0.57,1047.07
2928802,Santo Estevão,BA,Nordeste,Nordeste,,39754,18.96,79.89,-3.85,76.04,78.55,Lula,Lula,Lula,15674.18,17183.52,0.26,0.5,1033.6
2925105,Poções,BA,Nordeste,Nordeste,S2#63,37374,21.09,72.49,-3.85,68.64,71.32,Lula,Lula,Lula,10400.87,11899.64,0.26,0.36,971.72
2902708,Barra,BA,Nordeste,Nordeste,S2#62,37117,21.25,80.72,-3.85,76.87,79.8,Lula,Lula,Lula,15014.19,16651.94,0.26,0.52,965.04
2933208,Vera Cruz,BA,Nordeste,Nordeste,,36715,20.39,77.69,-3.85,73.84,76.43,Lula,Lula,Lula,13167.52,14597.48,0.26,0.46,954.59
2917607,Jaguaquara,BA,Nordeste,Nordeste,S2#58,35855,22.45,65.47,-3.85,61.62,64.61,Lula,Lula,Lula,5960.37,7497.0,0.26,0.22,932.23
2929909,Seabra,BA,Nordeste,Nordeste,,35799,15.49,80.08,-3.85,76.23,78.7,Lula,Lula,Lula,14934.0,16336.7,0.26,0.5,930.77
2933604,Xique-Xique,BA,Nordeste,Nordeste,S2#61,35384,22.52,72.48,-3.85,68.63,71.48,Lula,Lula,Lula,9614.23,11085.86,0.26,0.36,919.98
2920601,Maragogipe,BA,Nordeste,Nordeste,,34902,17.51,80.35,-3.85,76.5,79.22,Lula,Lula,Lula,14433.49,15914.44,0.26,0.51,907.45
2919504,Livramento De Nossa Senhora,BA,Nordeste,Nordeste,,34703,15.33,72.13,-3.85,68.28,71.15,Lula,Lula,Lula,10173.38,11771.92,0.26,0.35,902.28
2929503,São Sebastião Do Passé,BA,Nordeste,Nordeste,,34046,20.5,86.05,-3.85,82.2,84.54,Lula,Lula,Lula,16437.5,17636.12,0.26,0.62,885.2
2929206,São Francisco Do Conde,BA,Nordeste,Nordeste,S2#60,33764,23.72,85.53,-3.85,81.68,84.07,Lula,Lula,Lula,15375.15,16536.34,0.26,0.61,877.86
2919801,Macaúbas,BA,Nordeste,Nordeste,,32963,20.47,72.1,-3.85,68.25,71.03,Lula,Lula,Lula,8961.53,10331.5,0.26,0.35,857.04
2913903,Ipiaú,BA,Nordeste,Nordeste,S2#70,32735,23.05,63.83,-3.85,59.98,62.83,Lula,Lula,Lula,4694.18,6032.22,0.26,0.19,851.11
2926004,Remanso,BA,Nordeste,Nordeste,,32212,19.87,78.64,-3.85,74.79,77.77,Lula,Lula,Lula,12254.73,13729.8,0.26,0.48,837.51
2928000,Santaluz,BA,Nordeste,Nordeste,,32102,17.21,71.6,-3.85,67.75,70.37,Lula,Lula,Lula,8768.2,10061.22,0.26,0.34,834.65
2910503,Entre Rios,BA,Nordeste,Nordeste,S2#73,31166,23.72,76.92,-3.85,73.07,75.62,Lula,Lula,Lula,10138.15,11257.92,0.26,0.44,810.32
2923001,Nova Viçosa,BA,Nordeste,Nordeste,,30989,22.23,51.06,-3.85,47.21,50.77,Lula,Flávio,Lula,-1269.31,349.88,0.26,-0.05,805.71
2928109,Santa Maria Da Vitória,BA,Nordeste,Nordeste,,30271,17.99,70.14,-3.85,66.29,69.11,Lula,Lula,Lula,7651.63,8974.34,0.26,0.31,787.05
2930204,Sento Sé,BA,Nordeste,Nordeste,,30127,18.22,67.41,-3.85,63.56,66.67,Lula,Lula,Lula,6350.54,7806.98,0.26,0.26,783.3
2929305,São Gonçalo Dos Campos,BA,Nordeste,Nordeste,,30041,17.28,79.19,-3.85,75.34,77.55,Lula,Lula,Lula,11759.53,12784.94,0.26,0.49,781.07
2908507,Conceição Do Jacuípe,BA,Nordeste,Nordeste,,29454,21.48,68.62,-3.85,64.77,67.11,Lula,Lula,Lula,6294.67,7291.56,0.26,0.28,765.8
2927002,Rio Real,BA,Nordeste,Nordeste,,29286,18.59,71.67,-3.85,67.82,70.42,Lula,Lula,Lula,7945.69,9106.18,0.26,0.34,761.44
2925204,Pojuca,BA,Nordeste,Nordeste,,29229,20.42,78.45,-3.85,74.6,77.08,Lula,Lula,Lula,10459.68,11514.42,0.26,0.47,759.95
2918100,Jeremoabo,BA,Nordeste,Nordeste,,29071,17.37,79.0,-3.85,75.15,78.23,Lula,Lula,Lula,11553.47,12965.86,0.26,0.48,755.85
2902906,Barra Do Choça,BA,Nordeste,Nordeste,,28911,19.45,74.6,-3.85,70.75,73.25,Lula,Lula,Lula,9017.5,10105.62,0.26,0.4,751.69
2906808,Cansanção,BA,Nordeste,Nordeste,,28890,17.42,82.77,-3.85,78.92,81.78,Lula,Lula,Lula,13205.22,14507.0,0.26,0.56,751.14
2928901,São Desidério,BA,Nordeste,Nordeste,,28595,19.99,62.72,-3.85,58.87,62.0,Lula,Lula,Lula,3906.0,5282.26,0.26,0.17,743.47
2924405,Pilão Arcado,BA,Nordeste,Nordeste,,28531,18.71,80.95,-3.85,77.1,79.98,Lula,Lula,Lula,12052.15,13333.12,0.26,0.52,741.81
2901007,Amargosa,BA,Nordeste,Nordeste,,28384,19.57,63.15,-3.85,59.3,62.43,Lula,Lula,Lula,3936.68,5259.82,0.26,0.18,737.98
2909307,Correntina,BA,Nordeste,Nordeste,,28078,21.06,66.98,-3.85,63.13,65.76,Lula,Lula,Lula,5456.68,6546.88,0.26,0.25,730.03
2922003,Mucuri,BA,Nordeste,Nordeste,S2#91,27873,24.7,53.44,-3.85,49.59,52.93,Lula,Flávio,Lula,-162.64,1159.14,0.26,-0.01,724.7
2917003,Itiúba,BA,Nordeste,Nordeste,,27758,18.65,72.71,-3.85,68.86,71.86,Lula,Lula,Lula,8103.95,9394.96,0.26,0.36,721.71
2913705,Inhambupe,BA,Nordeste,Nordeste,,27722,20.76,75.92,-3.85,72.07,74.83,Lula,Lula,Lula,9018.42,10146.62,0.26,0.42,720.77
2926301,Riachão Do Jacuípe,BA,Nordeste,Nordeste,,27708,14.75,78.79,-3.85,74.94,77.1,Lula,Lula,Lula,11092.09,12052.22,0.26,0.48,720.41
2909901,Curaçá,BA,Nordeste,Nordeste,,27548,15.99,77.34,-3.85,73.49,76.21,Lula,Lula,Lula,10410.4,11617.66,0.26,0.45,716.25
2910602,Esplanada,BA,Nordeste,Nordeste,,26991,20.78,75.98,-3.85,72.13,74.94,Lula,Lula,Lula,8863.99,9988.9,0.26,0.42,701.77
2907806,Cícero Dantas,BA,Nordeste,Nordeste,,26260,20.05,70.95,-3.85,67.1,69.91,Lula,Lula,Lula,6746.45,7853.52,0.26,0.33,682.76
2921708,Morro Do Chapéu,BA,Nordeste,Nordeste,,26151,20.51,73.68,-3.85,69.83,72.44,Lula,Lula,Lula,7705.41,8719.7,0.26,0.38,679.93
2930154,Serra Do Ramalho,BA,Nordeste,Nordeste,,26065,18.02,74.92,-3.85,71.07,74.03,Lula,Lula,Lula,8658.12,9870.14,0.26,0.4,677.69
2904902,Cachoeira,BA,Nordeste,Nordeste,,26041,19.8,82.61,-3.85,78.76,81.32,Lula,Lula,Lula,11334.31,12342.1,0.26,0.55,677.07
2925501,Prado,BA,Nordeste,Nordeste,,25814,22.97,53.35,-3.85,49.5,53.06,Lula,Flávio,Lula,-186.05,1147.66,0.26,-0.01,671.16
2914505,Irará,BA,Nordeste,Nordeste,,25619,19.88,78.18,-3.85,74.33,76.69,Lula,Lula,Lula,9305.49,10209.66,0.26,0.47,666.09
2927705,Santa Cruz Cabrália,BA,Nordeste,Nordeste,S2#82,25527,27.8,59.43,-3.85,55.58,58.67,Lula,Lula,Lula,1938.98,3012.2,0.26,0.11,663.7
2906303,Canavieiras,BA,Nordeste,Nordeste,S2#92,25424,26.73,62.85,-3.85,59.0,62.0,Lula,Lula,Lula,3145.43,4193.78,0.26,0.17,661.02
2906873,Capim Grosso,BA,Nordeste,Nordeste,,24872,18.34,61.21,-3.85,57.36,60.44,Lula,Lula,Lula,2803.73,3976.8,0.26,0.14,646.67
2905800,Camamu,BA,Nordeste,Nordeste,,24576,24.34,63.14,-3.85,59.29,62.15,Lula,Lula,Lula,3204.02,4190.26,0.26,0.18,638.98
2923704,Paratinga,BA,Nordeste,Nordeste,,24228,20.9,79.39,-3.85,75.54,78.6,Lula,Lula,Lula,9362.0,10483.1,0.26,0.49,629.93
2927200,Ruy Barbosa,BA,Nordeste,Nordeste,,23977,22.12,70.65,-3.85,66.8,69.55,Lula,Lula,Lula,5777.01,6722.48,0.26,0.32,623.4
2926400,Riacho De Santana,BA,Nordeste,Nordeste,,23737,20.81,82.42,-3.85,78.57,81.25,Lula,Lula,Lula,10162.92,11114.42,0.26,0.55,617.16
2922300,Muritiba,BA,Nordeste,Nordeste,,23640,23.78,80.48,-3.85,76.63,79.22,Lula,Lula,Lula,8908.09,9775.24,0.26,0.51,614.64
2905909,Campo Alegre De Lourdes,BA,Nordeste,Nordeste,,23549,18.62,81.0,-3.85,77.15,80.17,Lula,Lula,Lula,10067.9,11185.42,0.26,0.52,612.27
2923803,Paripiranga,BA,Nordeste,Nordeste,,23527,18.22,77.61,-3.85,73.76,76.46,Lula,Lula,Lula,8607.89,9585.8,0.26,0.46,611.7
2911204,Gandu,BA,Nordeste,Nordeste,,23509,19.65,59.07,-3.85,55.22,58.37,Lula,Lula,Lula,1839.64,2947.8,0.26,0.1,611.23
2916500,Itapicuru,BA,Nordeste,Nordeste,,23461,18.18,80.8,-3.85,76.95,79.57,Lula,Lula,Lula,9698.52,10641.04,0.26,0.52,609.99
2917706,Jaguarari,BA,Nordeste,Nordeste,,23294,16.56,75.93,-3.85,72.08,74.7,Lula,Lula,Lula,8079.55,9039.64,0.26,0.42,605.64
2928406,Santa Rita De Cássia,BA,Nordeste,Nordeste,,22965,22.75,75.22,-3.85,71.37,74.3,Lula,Lula,Lula,7217.6,8206.24,0.26,0.41,597.09
2907301,Castro Alves,BA,Nordeste,Nordeste,,22931,16.46,77.45,-3.85,73.6,76.05,Lula,Lula,Lula,8511.38,9393.26,0.26,0.45,596.21
2908903,Coração De Maria,BA,Nordeste,Nordeste,,22538,18.39,79.39,-3.85,75.54,78.03,Lula,Lula,Lula,8724.64,9576.64,0.26,0.49,585.99
2907103,Carinhanha,BA,Nordeste,Nordeste,,22328,17.97,62.12,-3.85,58.27,61.53,Lula,Lula,Lula,2870.07,4002.2,0.26,0.16,580.53
2914653,Itabela,BA,Nordeste,Nordeste,,22120,25.14,51.89,-3.85,48.04,51.43,Lula,Flávio,Lula,-602.78,437.52,0.26,-0.04,575.12
2932002,Uauá,BA,Nordeste,Nordeste,,22079,17.85,84.56,-3.85,80.71,83.27,Lula,Lula,Lula,10629.42,11516.02,0.26,0.59,574.05
2922508,Nazaré,BA,Nordeste,Nordeste,,22055,18.53,76.49,-3.85,72.64,75.16,Lula,Lula,Lula,7649.96,8498.62,0.26,0.43,573.43
2919157,Lapão,BA,Nordeste,Nordeste,,22037,14.84,75.5,-3.85,71.65,74.52,Lula,Lula,Lula,7760.41,8787.02,0.26,0.42,572.96
2920502,Maracás,BA,Nordeste,Nordeste,,21719,21.86,71.1,-3.85,67.25,69.88,Lula,Lula,Lula,5449.44,6279.92,0.26,0.33,564.69
2925758,Presidente Tancredo Neves,BA,Nordeste,Nordeste,,21689,17.96,62.94,-3.85,59.09,62.04,Lula,Lula,Lula,3007.57,3983.06,0.26,0.17,563.91
2913200,Ibotirama,BA,Nordeste,Nordeste,,21431,19.56,65.78,-3.85,61.93,65.13,Lula,Lula,Lula,3941.98,4998.88,0.26,0.23,557.21
2922904,Nova Soure,BA,Nordeste,Nordeste,,21207,22.2,85.03,-3.85,81.18,83.93,Lula,Lula,Lula,9794.58,10658.58,0.26,0.6,551.38
2925907,Quijingue,BA,Nordeste,Nordeste,,21197,17.23,83.85,-3.85,80.0,82.95,Lula,Lula,Lula,10044.58,11031.72,0.26,0.58,551.12
2902807,Barra Da Estiva,BA,Nordeste,Nordeste,,21065,13.11,65.36,-3.85,61.51,64.43,Lula,Lula,Lula,3922.52,4915.4,0.26,0.22,547.69
2928208,Santana,BA,Nordeste,Nordeste,,21022,19.85,67.24,-3.85,63.39,66.48,Lula,Lula,Lula,4275.75,5260.28,0.26,0.26,546.57
2906709,Cândido Sales,BA,Nordeste,Nordeste,,20878,21.89,71.68,-3.85,67.83,70.83,Lula,Lula,Lula,5569.9,6508.72,0.26,0.34,542.83
2911105,Formosa Do Rio Preto,BA,Nordeste,Nordeste,,20786,19.42,60.6,-3.85,56.75,59.98,Lula,Lula,Lula,2154.31,3185.0,0.26,0.13,540.44
2918803,Laje,BA,Nordeste,Nordeste,,20749,20.19,70.26,-3.85,66.41,69.43,Lula,Lula,Lula,5072.13,6006.46,0.26,0.32,539.47
2925808,Queimadas,BA,Nordeste,Nordeste,,20515,18.67,71.79,-3.85,67.94,70.77,Lula,Lula,Lula,5667.88,6563.34,0.26,0.34,533.39
2911907,Iaçu,BA,Nordeste,Nordeste,,20513,22.79,77.27,-3.85,73.42,76.4,Lula,Lula,Lula,6968.74,7854.74,0.26,0.45,533.34
2930774,Sobradinho,BA,Nordeste,Nordeste,,20427,21.79,73.91,-3.85,70.06,72.64,Lula,Lula,Lula,6099.41,6883.44,0.26,0.39,531.1
2925006,Planalto,BA,Nordeste,Nordeste,,20252,18.71,69.82,-3.85,65.97,68.85,Lula,Lula,Lula,4919.76,5804.06,0.26,0.31,526.55
2933000,Valente,BA,Nordeste,Nordeste,,20175,13.6,63.91,-3.85,60.06,62.84,Lula,Lula,Lula,3275.73,4180.36,0.26,0.19,524.55
2927507,Santa Bárbara,BA,Nordeste,Nordeste,,20163,19.04,77.82,-3.85,73.97,76.61,Lula,Lula,Lula,7390.61,8205.14,0.26,0.46,524.24
2916104,Itaparica,BA,Nordeste,Nordeste,,20044,21.18,81.48,-3.85,77.63,80.31,Lula,Lula,Lula,8235.6,9034.72,0.26,0.53,521.14
2906204,Canarana,BA,Nordeste,Nordeste,,20021,17.9,75.98,-3.85,72.13,74.89,Lula,Lula,Lula,6920.93,7785.92,0.26,0.42,520.55
2921203,Miguel Calmon,BA,Nordeste,Nordeste,,19996,19.98,67.9,-3.85,64.05,66.95,Lula,Lula,Lula,4186.46,5053.2,0.26,0.27,519.9
2918357,João Dourado,BA,Nordeste,Nordeste,,19862,18.26,63.63,-3.85,59.78,62.89,Lula,Lula,Lula,3033.54,3997.58,0.26,0.19,516.41
2923100,Olindina,BA,Nordeste,Nordeste,,19699,21.46,82.55,-3.85,78.7,81.38,Lula,Lula,Lula,8450.46,9239.52,0.26,0.55,512.17
2901106,Amélia Rodrigues,BA,Nordeste,Nordeste,,19625,19.36,79.6,-3.85,75.75,78.03,Lula,Lula,Lula,7585.8,8257.34,0.26,0.49,510.25
2914901,Itacaré,BA,Nordeste,Nordeste,,19616,24.78,71.63,-3.85,67.78,70.75,Lula,Lula,Lula,4959.5,5786.76,0.26,0.34,510.02
2926202,Riachão Das Neves,BA,Nordeste,Nordeste,,19206,21.63,72.72,-3.85,68.87,71.97,Lula,Lula,Lula,5463.37,6361.68,0.26,0.36,499.36
2900801,Alcobaça,BA,Nordeste,Nordeste,,19171,22.54,69.28,-3.85,65.43,68.51,Lula,Lula,Lula,4352.5,5222.26,0.26,0.3,498.45
2911600,Governador Mangabeira,BA,Nordeste,Nordeste,,19120,21.68,76.51,-3.85,72.66,75.03,Lula,Lula,Lula,6290.75,6949.12,0.26,0.43,497.12
2925956,Rafael Jambeiro,BA,Nordeste,Nordeste,,19049,23.26,72.34,-3.85,68.49,71.46,Lula,Lula,Lula,5027.86,5834.12,0.26,0.36,495.27
2914406,Iraquara,BA,Nordeste,Nordeste,,19044,17.0,85.81,-3.85,81.96,84.55,Lula,Lula,Lula,9626.24,10405.84,0.26,0.61,495.14
2908606,Conde,BA,Nordeste,Nordeste,,19016,22.41,77.53,-3.85,73.68,76.56,Lula,Lula,Lula,6589.86,7391.78,0.26,0.45,494.42
2901205,Anagé,BA,Nordeste,Nordeste,,18704,19.62,78.24,-3.85,74.39,77.08,Lula,Lula,Lula,6949.19,7716.48,0.26,0.47,486.3
2931509,Teofilândia,BA,Nordeste,Nordeste,,18692,23.48,85.51,-3.85,81.66,84.42,Lula,Lula,Lula,8591.72,9340.22,0.26,0.61,485.99
2921104,Medeiros Neto,BA,Nordeste,Nordeste,,18663,21.65,55.39,-3.85,51.54,54.93,Lula,Lula,Lula,423.05,1352.76,0.26,0.03,485.24
2932705,Uruçuca,BA,Nordeste,Nordeste,,18222,23.61,63.81,-3.85,59.96,63.13,Lula,Lula,Lula,2609.48,3439.72,0.26,0.19,473.77
2905008,Caculé,BA,Nordeste,Nordeste,,18021,16.14,67.26,-3.85,63.41,66.24,Lula,Lula,Lula,3790.81,4590.16,0.26,0.26,468.55
2931004,Tanhaçu,BA,Nordeste,Nordeste,,17984,16.68,74.85,-3.85,71.0,73.67,Lula,Lula,Lula,5992.96,6753.26,0.26,0.4,467.58
2922409,Mutuípe,BA,Nordeste,Nordeste,,17909,20.98,66.89,-3.85,63.04,65.8,Lula,Lula,Lula,3392.86,4111.86,0.26,0.25,465.63
2912103,Ibicaraí,BA,Nordeste,Nordeste,,17862,21.03,63.17,-3.85,59.32,62.36,Lula,Lula,Lula,2482.98,3292.5,0.26,0.18,464.41
2917300,Ituberá,BA,Nordeste,Nordeste,,17839,22.07,61.33,-3.85,57.48,60.54,Lula,Lula,Lula,1932.13,2722.7,0.26,0.14,463.81
2915809,Itambé,BA,Nordeste,Nordeste,,17831,21.06,69.82,-3.85,65.97,68.84,Lula,Lula,Lula,4274.97,5044.66,0.26,0.31,463.61
2929107,São Felipe,BA,Nordeste,Nordeste,,17802,17.01,71.46,-3.85,67.61,70.45,Lula,Lula,Lula,4863.07,5649.24,0.26,0.34,462.85
2913507,Iguaí,BA,Nordeste,Nordeste,,17709,26.12,62.35,-3.85,58.5,61.6,Lula,Lula,Lula,2061.37,2814.98,0.26,0.16,460.43
2908200,Conceição Da Feira,BA,Nordeste,Nordeste,,17483,17.8,76.32,-3.85,72.47,74.81,Lula,Lula,Lula,5908.06,6521.64,0.26,0.43,454.56
2924306,Piatã,BA,Nordeste,Nordeste,,17470,23.07,70.26,-3.85,66.41,68.62,Lula,Lula,Lula,4022.35,4562.1,0.26,0.32,454.22
2905602,Camacan,BA,Nordeste,Nordeste,,17301,21.23,57.41,-3.85,53.56,56.78,Lula,Lula,Lula,914.16,1738.82,0.26,0.07,449.83
2930402,Serra Preta,BA,Nordeste,Nordeste,,17262,21.67,81.39,-3.85,77.54,80.25,Lula,Lula,Lula,7036.94,7730.46,0.26,0.53,448.81
2923407,Palmas De Monte Alto,BA,Nordeste,Nordeste,,17255,18.44,79.94,-3.85,76.09,79.04,Lula,Lula,Lula,6995.01,7786.42,0.26,0.5,448.63
2919926,Madre De Deus,BA,Nordeste,Nordeste,,17110,19.74,80.35,-3.85,76.5,78.78,Lula,Lula,Lula,6945.76,7541.78,0.26,0.51,444.86
2923605,Paramirim,BA,Nordeste,Nordeste,,16913,18.36,76.8,-3.85,72.95,75.69,Lula,Lula,Lula,5963.85,6675.62,0.26,0.44,439.74
2932507,Una,BA,Nordeste,Nordeste,,16864,25.28,57.9,-3.85,54.05,57.18,Lula,Lula,Lula,956.39,1694.7,0.26,0.08,438.46
2933505,Wenceslau Guimarães,BA,Nordeste,Nordeste,,16675,21.58,66.81,-3.85,62.96,66.04,Lula,Lula,Lula,3191.58,3949.92,0.26,0.25,433.55
2909604,Crisópolis,BA,Nordeste,Nordeste,,16673,21.45,81.64,-3.85,77.79,80.68,Lula,Lula,Lula,6901.34,7620.64,0.26,0.53,433.5
2923209,Oliveira Dos Brejinhos,BA,Nordeste,Nordeste,,16618,16.44,77.29,-3.85,73.44,76.41,Lula,Lula,Lula,6209.55,6998.88,0.26,0.45,432.07
2904100,Boquira,BA,Nordeste,Nordeste,,16616,22.87,88.36,-3.85,84.51,87.38,Lula,Lula,Lula,8392.64,9092.06,0.26,0.66,432.02
2920700,Maraú,BA,Nordeste,Nordeste,,16481,24.26,74.74,-3.85,70.89,73.55,Lula,Lula,Lula,4899.72,5523.8,0.26,0.4,428.51
2929255,São Gabriel,BA,Nordeste,Nordeste,,16440,15.01,83.72,-3.85,79.87,82.65,Lula,Lula,Lula,7990.47,8733.8,0.26,0.57,427.44
2908101,Cocos,BA,Nordeste,Nordeste,,16368,22.29,63.15,-3.85,59.3,62.56,Lula,Lula,Lula,2258.1,3050.18,0.26,0.18,425.57
2917102,Itororó,BA,Nordeste,Nordeste,,16355,22.81,63.52,-3.85,59.67,62.68,Lula,Lula,Lula,2296.68,3009.92,0.26,0.19,425.23
2906907,Caravelas,BA,Nordeste,Nordeste,,16260,24.23,66.84,-3.85,62.99,66.06,Lula,Lula,Lula,3025.38,3741.0,0.26,0.25,422.76
2929602,Sapeaçu,BA,Nordeste,Nordeste,,16207,18.18,74.78,-3.85,70.93,73.68,Lula,Lula,Lula,5139.71,5813.9,0.26,0.4,421.38
2924603,Pindobaçu,BA,Nordeste,Nordeste,,16173,17.05,69.3,-3.85,65.45,68.62,Lula,Lula,Lula,3937.42,4746.26,0.26,0.3,420.5
2915502,Itajuípe,BA,Nordeste,Nordeste,,16067,20.51,68.4,-3.85,64.55,67.34,Lula,Lula,Lula,3505.59,4179.84,0.26,0.28,417.74
2912905,Ibirataia,BA,Nordeste,Nordeste,,16014,25.15,63.57,-3.85,59.72,62.68,Lula,Lula,Lula,2159.81,2817.32,0.26,0.19,416.36
2927309,Salinas Da Margarida,BA,Nordeste,Nordeste,,16000,22.91,82.28,-3.85,78.43,81.03,Lula,Lula,Lula,6592.1,7193.72,0.26,0.55,416.0
2912202,Ibicoara,BA,Nordeste,Nordeste,,15956,16.5,62.49,-3.85,58.64,61.68,Lula,Lula,Lula,2123.47,2869.56,0.26,0.17,414.86
2932101,Ubaíra,BA,Nordeste,Nordeste,,15896,20.55,67.67,-3.85,63.82,66.7,Lula,Lula,Lula,3243.82,3919.14,0.26,0.27,413.3
2904753,Buritirama,BA,Nordeste,Nordeste,,15728,21.04,74.87,-3.85,71.02,74.08,Lula,Lula,Lula,4968.26,5691.44,0.26,0.4,408.93
2903508,Belo Campo,BA,Nordeste,Nordeste,,15726,20.21,73.21,-3.85,69.36,72.13,Lula,Lula,Lula,4586.41,5242.74,0.26,0.37,408.88
2911808,Guaratinga,BA,Nordeste,Nordeste,,15720,24.24,65.47,-3.85,61.62,64.75,Lula,Lula,Lula,2599.21,3297.22,0.26,0.22,408.72
2913101,Ibititá,BA,Nordeste,Nordeste,,15648,14.88,77.44,-3.85,73.59,76.41,Lula,Lula,Lula,6028.36,6749.18,0.26,0.45,406.85
2917201,Ituaçu,BA,Nordeste,Nordeste,,15600,18.28,64.83,-3.85,60.98,63.96,Lula,Lula,Lula,2600.66,3306.3,0.26,0.21,405.6
2910404,Encruzilhada,BA,Nordeste,Nordeste,,15576,23.13,73.06,-3.85,69.21,72.3,Lula,Lula,Lula,4377.59,5082.7,0.26,0.37,404.98
2902609,Baixa Grande,BA,Nordeste,Nordeste,,15480,21.45,72.9,-3.85,69.05,72.07,Lula,Lula,Lula,4313.8,4998.22,0.26,0.37,402.48
2905404,Cairu,BA,Nordeste,Nordeste,,15480,21.67,63.95,-3.85,60.1,62.89,Lula,Lula,Lula,2280.14,2908.92,0.26,0.19,402.48
2931806,Tremedal,BA,Nordeste,Nordeste,,15421,25.1,69.59,-3.85,65.74,68.58,Lula,Lula,Lula,3418.93,4037.54,0.26,0.3,400.95
2908002,Coaraci,BA,Nordeste,Nordeste,,15399,21.6,64.08,-3.85,60.23,63.28,Lula,Lula,Lula,2331.71,3028.58,0.26,0.2,400.37
2917805,Jaguaripe,BA,Nordeste,Nordeste,,15393,20.13,78.87,-3.85,75.02,77.67,Lula,Lula,Lula,5738.38,6344.34,0.26,0.48,400.22
2910750,Fátima,BA,Nordeste,Nordeste,,15318,16.43,82.96,-3.85,79.11,81.78,Lula,Lula,Lula,7046.79,7692.82,0.26,0.56,398.27
2910859,Filadélfia,BA,Nordeste,Nordeste,,15281,17.81,73.9,-3.85,70.05,73.0,Lula,Lula,Lula,4772.16,5474.62,0.26,0.38,397.31
2930303,Serra Dourada,BA,Nordeste,Nordeste,,15281,22.45,62.47,-3.85,58.62,61.96,Lula,Lula,Lula,1936.99,2686.98,0.26,0.17,397.31
2907905,Cipó,BA,Nordeste,Nordeste,,15277,21.46,67.2,-3.85,63.35,66.41,Lula,Lula,Lula,3009.58,3698.82,0.26,0.26,397.2
2925253,Ponto Novo,BA,Nordeste,Nordeste,,15183,17.96,73.55,-3.85,69.7,72.54,Lula,Lula,Lula,4659.21,5331.06,0.26,0.38,394.76
2908705,Condeúba,BA,Nordeste,Nordeste,,15144,24.41,69.86,-3.85,66.01,68.74,Lula,Lula,Lula,3402.22,3981.8,0.26,0.31,393.74
2909208,Coronel João Sá,BA,Nordeste,Nordeste,,15065,18.98,71.96,-3.85,68.11,71.04,Lula,Lula,Lula,4185.15,4862.4,0.26,0.35,391.69
2913804,Ipecaetá,BA,Nordeste,Nordeste,,15029,20.21,78.66,-3.85,74.81,77.62,Lula,Lula,Lula,5617.95,6255.0,0.26,0.48,390.75
2922102,Mundo Novo,BA,Nordeste,Nordeste,,14921,21.79,75.92,-3.85,72.07,74.99,Lula,Lula,Lula,4820.83,5458.78,0.26,0.42,387.95
2916005,Itanhém,BA,Nordeste,Nordeste,,14916,26.7,60.4,-3.85,56.55,59.7,Lula,Lula,Lula,1344.6,1991.64,0.26,0.13,387.82
2903276,Barrocas,BA,Nordeste,Nordeste,,14895,16.81,80.17,-3.85,76.32,78.7,Lula,Lula,Lula,6189.39,6749.9,0.26,0.51,387.27
2903409,Belmonte,BA,Nordeste,Nordeste,,14778,22.66,69.04,-3.85,65.19,68.14,Lula,Lula,Lula,3289.7,3929.98,0.26,0.29,384.23
2900207,Abaré,BA,Nordeste,Nordeste,,14734,16.59,74.43,-3.85,70.58,73.81,Lula,Lula,Lula,4855.3,5617.8,0.26,0.4,383.08
2931053,Tanque Novo,BA,Nordeste,Nordeste,,14688,16.69,79.93,-3.85,76.08,78.52,Lula,Lula,Lula,5963.47,6521.66,0.26,0.5,381.89
2905305,Cafarnaum,BA,Nordeste,Nordeste,,14513,17.72,69.96,-3.85,66.11,69.0,Lula,Lula,Lula,3584.67,4227.78,0.26,0.31,377.34
2929701,Sátiro Dias,BA,Nordeste,Nordeste,,14469,21.72,76.01,-3.85,72.16,74.79,Lula,Lula,Lula,4695.48,5251.36,0.26,0.43,376.19
2904852,Cabaceiras Do Paraguaçu,BA,Nordeste,Nordeste,,14433,20.65,81.57,-3.85,77.72,80.36,Lula,Lula,Lula,5989.04,6560.32,0.26,0.53,375.26
2912707,Ibirapitanga,BA,Nordeste,Nordeste,,14359,23.69,70.85,-3.85,67.0,69.88,Lula,Lula,Lula,3532.38,4128.82,0.26,0.33,373.33
2931202,Taperoá,BA,Nordeste,Nordeste,,14359,21.32,72.23,-3.85,68.38,71.02,Lula,Lula,Lula,3870.56,4426.78,0.26,0.35,373.33
2923357,Ourolândia,BA,Nordeste,Nordeste,,14353,21.01,58.85,-3.85,55.0,58.31,Lula,Lula,Lula,1069.9,1777.9,0.26,0.1,373.18
2924801,Piritiba,BA,Nordeste,Nordeste,,14292,20.38,71.33,-3.85,67.48,70.27,Lula,Lula,Lula,3723.37,4316.94,0.26,0.34,371.59
2932200,Ubaitaba,BA,Nordeste,Nordeste,,14272,25.18,61.85,-3.85,58.0,61.06,Lula,Lula,Lula,1617.63,2236.26,0.26,0.15,371.07
2930808,Souto Soares,BA,Nordeste,Nordeste,,14232,18.1,85.74,-3.85,81.89,84.35,Lula,Lula,Lula,7133.52,7683.56,0.26,0.61,370.03
2908309,Conceição Do Almeida,BA,Nordeste,Nordeste,,14213,15.23,79.58,-3.85,75.73,78.64,Lula,Lula,Lula,5825.53,6484.44,0.26,0.49,369.54
2901908,Aporá,BA,Nordeste,Nordeste,,14198,19.82,73.44,-3.85,69.59,72.42,Lula,Lula,Lula,4141.73,4739.08,0.26,0.38,369.15
2918506,Jussara,BA,Nordeste,Nordeste,,14126,18.19,86.32,-3.85,82.47,85.39,Lula,Lula,Lula,7145.89,7788.4,0.26,0.62,367.28
2903805,Boa Vista Do Tupim,BA,Nordeste,Nordeste,,14089,21.16,68.33,-3.85,64.48,67.55,Lula,Lula,Lula,2992.55,3625.66,0.26,0.28,366.31
2916807,Itarantim,BA,Nordeste,Nordeste,,13931,22.02,58.44,-3.85,54.59,57.96,Lula,Lula,Lula,942.77,1635.46,0.26,0.09,362.21
2920106,Mairi,BA,Nordeste,Nordeste,,13826,21.78,77.11,-3.85,73.26,76.09,Lula,Lula,Lula,4669.91,5236.76,0.26,0.45,359.48
2932606,Urandi,BA,Nordeste,Nordeste,,13766,19.14,77.38,-3.85,73.53,76.44,Lula,Lula,Lula,5032.67,5655.44,0.26,0.45,357.92
2912400,Ibipeba,BA,Nordeste,Nordeste,,13655,16.22,81.03,-3.85,77.18,79.84,Lula,Lula,Lula,5951.45,6532.2,0.26,0.52,355.03
2901353,Andorinha,BA,Nordeste,Nordeste,,13508,16.41,87.77,-3.85,83.92,86.6,Lula,Lula,Lula,7335.5,7914.28,0.26,0.65,351.21
2907608,Central,BA,Nordeste,Nordeste,,13497,17.46,78.63,-3.85,74.78,77.66,Lula,Lula,Lula,5241.89,5851.0,0.26,0.48,350.92
2900405,Água Fria,BA,Nordeste,Nordeste,,13416,21.12,78.99,-3.85,75.14,77.6,Lula,Lula,Lula,4880.92,5358.16,0.26,0.48,348.82
2929750,Saubara,BA,Nordeste,Nordeste,,13374,22.86,76.9,-3.85,73.05,75.63,Lula,Lula,Lula,4439.83,4938.1,0.26,0.44,347.72
2903607,Biritinga,BA,Nordeste,Nordeste,,13259,20.21,85.69,-3.85,81.84,84.53,Lula,Lula,Lula,6286.49,6818.08,0.26,0.61,344.73
2920403,Manoel Vitorino,BA,Nordeste,Nordeste,,13181,20.08,79.78,-3.85,75.93,78.23,Lula,Lula,Lula,5209.66,5673.18,0.26,0.5,342.71
2920205,Malhada,BA,Nordeste,Nordeste,,13151,18.57,68.55,-3.85,64.7,67.95,Lula,Lula,Lula,3009.59,3674.96,0.26,0.28,341.93
2915205,Itagibá,BA,Nordeste,Nordeste,,13131,22.75,64.22,-3.85,60.37,63.28,Lula,Lula,Lula,1964.47,2514.84,0.26,0.2,341.41
2906824,Canudos,BA,Nordeste,Nordeste,,13077,17.7,82.07,-3.85,78.22,81.19,Lula,Lula,Lula,5796.29,6406.52,0.26,0.54,340.0
2912509,Ibipitanga,BA,Nordeste,Nordeste,,13075,21.69,67.81,-3.85,63.96,66.68,Lula,Lula,Lula,2701.63,3226.22,0.26,0.27,339.95
2903706,Boa Nova,BA,Nordeste,Nordeste,,13066,27.05,83.24,-3.85,79.39,81.79,Lula,Lula,Lula,5227.81,5655.26,0.26,0.56,339.72
2932804,Utinga,BA,Nordeste,Nordeste,,13057,21.96,74.2,-3.85,70.35,73.22,Lula,Lula,Lula,3933.31,4487.62,0.26,0.39,339.48
2911402,Glória,BA,Nordeste,Nordeste,,13025,20.09,87.69,-3.85,83.84,86.81,Lula,Lula,Lula,6731.87,7322.26,0.26,0.65,338.65
2904704,Buerarema,BA,Nordeste,Nordeste,,13021,24.05,45.72,-3.85,41.87,45.54,Flávio,Flávio,Flávio,-1493.51,-819.02,0.26,-0.16,338.55
2918308,Jitaúna,BA,Nordeste,Nordeste,,12992,22.08,74.51,-3.85,70.66,73.52,Lula,Lula,Lula,3938.84,4484.46,0.26,0.4,337.79
2916856,Itatim,BA,Nordeste,Nordeste,,12954,17.33,68.46,-3.85,64.61,67.48,Lula,Lula,Lula,2923.59,3496.46,0.26,0.28,336.8
2926103,Retirolândia,BA,Nordeste,Nordeste,,12901,16.45,74.8,-3.85,70.95,73.34,Lula,Lula,Lula,4241.84,4725.32,0.26,0.4,335.43
2919702,Macarani,BA,Nordeste,Nordeste,,12841,24.69,59.08,-3.85,55.23,58.51,Lula,Lula,Lula,933.01,1518.6,0.26,0.1,333.87
2901403,Angical,BA,Nordeste,Nordeste,,12831,18.78,72.82,-3.85,68.97,71.83,Lula,Lula,Lula,3803.77,4376.86,0.26,0.36,333.61
2909109,Coribe,BA,Nordeste,Nordeste,,12810,25.44,69.46,-3.85,65.61,68.59,Lula,Lula,Lula,2801.54,3335.44,0.26,0.3,333.06
2924504,Pindaí,BA,Nordeste,Nordeste,,12750,15.6,76.72,-3.85,72.87,75.6,Lula,Lula,Lula,4671.84,5228.18,0.26,0.44,331.5
2911857,Heliópolis,BA,Nordeste,Nordeste,,12729,20.9,83.83,-3.85,79.98,82.28,Lula,Lula,Lula,5770.8,6213.42,0.26,0.58,330.95
2921401,Mirangaba,BA,Nordeste,Nordeste,,12693,19.6,77.94,-3.85,74.09,76.94,Lula,Lula,Lula,4689.09,5243.68,0.26,0.46,330.02
2929057,São Félix Do Coribe,BA,Nordeste,Nordeste,,12580,17.27,59.84,-3.85,55.99,59.11,Lula,Lula,Lula,1179.74,1793.12,0.26,0.12,327.08
2902005,Aracatu,BA,Nordeste,Nordeste,,12568,16.46,76.35,-3.85,72.5,75.33,Lula,Lula,Lula,4491.95,5056.06,0.26,0.43,326.77
2901155,América Dourada,BA,Nordeste,Nordeste,,12503,18.08,80.13,-3.85,76.28,79.13,Lula,Lula,Lula,5161.1,5720.92,0.26,0.5,325.08
2926509,Ribeira Do Amparo,BA,Nordeste,Nordeste,,12452,19.62,81.16,-3.85,77.31,80.28,Lula,Lula,Lula,5151.9,5713.04,0.26,0.52,323.75
2902500,Baianópolis,BA,Nordeste,Nordeste,,12451,18.75,64.37,-3.85,60.52,63.57,Lula,Lula,Lula,2009.93,2592.06,0.26,0.2,323.73
2900355,Adustina,BA,Nordeste,Nordeste,,12402,17.44,78.6,-3.85,74.75,77.32,Lula,Lula,Lula,4737.04,5229.62,0.26,0.48,322.45
2909703,Cristópolis,BA,Nordeste,Nordeste,,12379,19.54,67.52,-3.85,63.67,66.75,Lula,Lula,Lula,2572.67,3151.72,0.26,0.26,321.85
2922706,Nova Canaã,BA,Nordeste,Nordeste,,12377,22.86,76.29,-3.85,72.44,75.28,Lula,Lula,Lula,4034.59,4544.66,0.26,0.43,321.8
2904050,Bonito,BA,Nordeste,Nordeste,,12270,17.03,77.89,-3.85,74.04,76.48,Lula,Lula,Lula,4587.14,5052.48,0.26,0.46,319.02
2913408,Igaporã,BA,Nordeste,Nordeste,,12265,19.44,81.36,-3.85,77.51,80.14,Lula,Lula,Lula,5115.6,5604.46,0.26,0.53,318.89
2924058,Pé De Serra,BA,Nordeste,Nordeste,,12191,17.4,62.37,-3.85,58.52,61.61,Lula,Lula,Lula,1605.57,2187.94,0.26,0.16,316.97
2901700,Antônio Cardoso,BA,Nordeste,Nordeste,,12130,17.35,84.76,-3.85,80.91,83.69,Lula,Lula,Lula,5881.89,6411.28,0.26,0.59,315.38
2926707,Rio De Contas,BA,Nordeste,Nordeste,,12117,16.04,73.14,-3.85,69.29,72.19,Lula,Lula,Lula,3692.07,4245.9,0.26,0.37,315.04
2903003,Barra Do Mendes,BA,Nordeste,Nordeste,,12115,18.13,87.52,-3.85,83.67,86.02,Lula,Lula,Lula,6335.0,6778.82,0.26,0.65,314.99
2913002,Ibitiara,BA,Nordeste,Nordeste,,12093,21.39,74.91,-3.85,71.06,73.61,Lula,Lula,Lula,3758.82,4213.4,0.26,0.4,314.42
2900306,Acajutiba,BA,Nordeste,Nordeste,,12019,19.99,75.43,-3.85,71.58,74.21,Lula,Lula,Lula,3863.28,4334.02,0.26,0.41,312.49
2932408,Uibaí,BA,Nordeste,Nordeste,,12012,16.99,78.73,-3.85,74.88,77.61,Lula,Lula,Lula,4710.01,5227.74,0.26,0.48,312.31
2932309,Ubatã,BA,Nordeste,Nordeste,,11980,23.02,62.81,-3.85,58.96,61.8,Lula,Lula,Lula,1540.49,2029.74,0.26,0.17,311.48
2925600,Presidente Dutra,BA,Nordeste,Nordeste,,11979,14.48,85.39,-3.85,81.54,84.58,Lula,Lula,Lula,6235.11,6835.52,0.26,0.61,311.45
2927606,Santa Brígida,BA,Nordeste,Nordeste,,11939,22.28,84.0,-3.85,80.15,82.86,Lula,Lula,Lula,5301.68,5778.14,0.26,0.58,310.41
2917409,Jacaraci,BA,Nordeste,Nordeste,,11808,20.6,78.17,-3.85,74.32,76.88,Lula,Lula,Lula,4326.19,4782.84,0.26,0.47,307.01
2909406,Cotegipe,BA,Nordeste,Nordeste,,11726,21.03,74.02,-3.85,70.17,73.11,Lula,Lula,Lula,3623.86,4151.34,0.26,0.39,304.88
2932457,Umburanas,BA,Nordeste,Nordeste,,11651,20.74,71.27,-3.85,67.42,70.54,Lula,Lula,Lula,3072.89,3622.64,0.26,0.33,302.93
2903235,Barro Alto,BA,Nordeste,Nordeste,,11523,18.15,76.94,-3.85,73.09,75.28,Lula,Lula,Lula,4128.42,4519.8,0.26,0.44,299.6
2906600,Candiba,BA,Nordeste,Nordeste,,11498,18.86,72.8,-3.85,68.95,71.73,Lula,Lula,Lula,3319.57,3805.94,0.26,0.36,298.95
2918209,Jiquiriçá,BA,Nordeste,Nordeste,,11479,19.04,73.59,-3.85,69.74,72.03,Lula,Lula,Lula,3395.01,3789.08,0.26,0.38,298.45
2912301,Ibicuí,BA,Nordeste,Nordeste,,11456,22.3,66.21,-3.85,62.36,65.25,Lula,Lula,Lula,2065.35,2547.74,0.26,0.24,297.86
2915007,Itaeté,BA,Nordeste,Nordeste,,11361,24.07,69.21,-3.85,65.36,68.7,Lula,Lula,Lula,2473.77,3010.54,0.26,0.29,295.39
2931301,Tapiramutá,BA,Nordeste,Nordeste,,11283,23.64,73.03,-3.85,69.18,72.04,Lula,Lula,Lula,3010.17,3459.6,0.26,0.37,293.36
2930758,Sítio Do Mato,BA,Nordeste,Nordeste,,11257,18.02,72.28,-3.85,68.43,71.53,Lula,Lula,Lula,3270.48,3822.2,0.26,0.35,292.68
2931608,Teolândia,BA,Nordeste,Nordeste,,11256,20.25,72.7,-3.85,68.85,71.73,Lula,Lula,Lula,3194.36,3681.1,0.26,0.36,292.66
2930907,Tabocas Do Brejo Velho,BA,Nordeste,Nordeste,,11241,22.99,73.17,-3.85,69.32,72.04,Lula,Lula,Lula,3179.52,3627.06,0.26,0.37,292.27
2905156,Caetanos,BA,Nordeste,Nordeste,,11192,22.78,86.93,-3.85,83.08,86.04,Lula,Lula,Lula,5510.8,6004.02,0.26,0.64,290.99
2926905,Rio Do Pires,BA,Nordeste,Nordeste,,11178,30.63,75.77,-3.85,71.92,74.68,Lula,Lula,Lula,3195.49,3597.98,0.26,0.42,290.63
2930600,Serrolândia,BA,Nordeste,Nordeste,,11033,19.3,68.71,-3.85,64.86,67.7,Lula,Lula,Lula,2471.02,2943.68,0.26,0.29,286.86
2922052,Mulungu Do Morro,BA,Nordeste,Nordeste,,10988,16.17,83.77,-3.85,79.92,81.73,Lula,Lula,Lula,5254.79,5572.82,0.26,0.57,285.69
2904001,Boninal,BA,Nordeste,Nordeste,,10945,21.25,69.04,-3.85,65.19,68.41,Lula,Lula,Lula,2437.19,2954.94,0.26,0.29,284.57
2933059,Várzea Da Roça,BA,Nordeste,Nordeste,,10928,20.46,74.65,-3.85,70.8,73.57,Lula,Lula,Lula,3336.22,3779.52,0.26,0.4,284.13
2904308,Brejões,BA,Nordeste,Nordeste,,10919,20.12,72.93,-3.85,69.08,72.0,Lula,Lula,Lula,3116.04,3593.44,0.26,0.37,283.89
2902658,Banzaê,BA,Nordeste,Nordeste,,10902,19.65,77.28,-3.85,73.43,76.16,Lula,Lula,Lula,3913.74,4369.66,0.26,0.45,283.45
2933158,Várzea Nova,BA,Nordeste,Nordeste,,10874,18.57,71.78,-3.85,67.93,70.55,Lula,Lula,Lula,2948.17,3378.92,0.26,0.34,282.72
2915353,Itaguaçu Da Bahia,BA,Nordeste,Nordeste,,10842,18.44,87.08,-3.85,83.23,86.43,Lula,Lula,Lula,5732.34,6282.88,0.26,0.64,281.89
2902054,Araçás,BA,Nordeste,Nordeste,,10800,23.46,83.69,-3.85,79.84,82.58,Lula,Lula,Lula,4653.67,5081.74,0.26,0.57,280.8
2933455,Wanderley,BA,Nordeste,Nordeste,,10702,20.63,63.61,-3.85,59.76,63.09,Lula,Lula,Lula,1597.76,2143.26,0.26,0.19,278.25
2926806,Rio Do Antônio,BA,Nordeste,Nordeste,,10690,16.16,79.53,-3.85,75.68,78.56,Lula,Lula,Lula,4391.25,4883.22,0.26,0.49,277.94
2925709,Presidente Jânio Quadros,BA,Nordeste,Nordeste,,10674,26.71,79.49,-3.85,75.64,78.14,Lula,Lula,Lula,3785.38,4153.24,0.26,0.49,277.52
2915106,Itagi,BA,Nordeste,Nordeste,,10639,24.33,69.51,-3.85,65.66,68.68,Lula,Lula,Lula,2368.9,2825.38,0.26,0.3,276.61
2910107,Dom Basílio,BA,Nordeste,Nordeste,,10634,13.96,80.26,-3.85,76.41,79.18,Lula,Lula,Lula,4621.1,5105.74,0.26,0.51,276.48
2918753,Lagoa Real,BA,Nordeste,Nordeste,,10624,15.41,79.81,-3.85,75.96,78.61,Lula,Lula,Lula,4384.52,4833.38,0.26,0.5,276.22
2901601,Antas,BA,Nordeste,Nordeste,,10594,18.92,66.95,-3.85,63.1,66.16,Lula,Lula,Lula,2135.63,2634.48,0.26,0.25,275.44
2922656,Nordestina,BA,Nordeste,Nordeste,,10580,19.15,79.7,-3.85,75.85,78.68,Lula,Lula,Lula,4176.4,4633.78,0.26,0.5,275.08
2920452,Mansidão,BA,Nordeste,Nordeste,,10491,30.53,83.1,-3.85,79.25,82.31,Lula,Lula,Lula,4104.13,4533.34,0.26,0.56,272.77
2931707,Terra Nova,BA,Nordeste,Nordeste,,10480,20.58,82.15,-3.85,78.3,80.62,Lula,Lula,Lula,4396.91,4757.06,0.26,0.54,272.48
2905503,Caldeirão Grande,BA,Nordeste,Nordeste,,10361,21.16,70.47,-3.85,66.62,69.65,Lula,Lula,Lula,2566.75,3035.64,0.26,0.32,269.39
2901502,Anguera,BA,Nordeste,Nordeste,,10304,17.93,79.98,-3.85,76.13,78.86,Lula,Lula,Lula,4176.24,4611.56,0.26,0.5,267.9
2924207,Pedro Alexandre,BA,Nordeste,Nordeste,,10164,17.46,82.82,-3.85,78.97,81.55,Lula,Lula,Lula,4628.58,5041.6,0.26,0.56,264.26
2917359,Jaborandi,BA,Nordeste,Nordeste,,10158,23.75,69.42,-3.85,65.57,68.34,Lula,Lula,Lula,2271.05,2673.88,0.26,0.3,264.11
2919405,Licínio De Almeida,BA,Nordeste,Nordeste,,10121,16.14,70.95,-3.85,67.1,70.03,Lula,Lula,Lula,2741.08,3210.76,0.26,0.33,263.15
2929008,São Félix,BA,Nordeste,Nordeste,,10118,18.09,82.3,-3.85,78.45,80.9,Lula,Lula,Lula,4429.91,4811.68,0.26,0.55,263.07
2919603,Macajuba,BA,Nordeste,Nordeste,,10033,25.61,76.45,-3.85,72.6,75.59,Lula,Lula,Lula,3144.34,3559.48,0.26,0.43,260.86
2922607,Nilo Peçanha,BA,Nordeste,Nordeste,,10011,19.97,74.08,-3.85,70.23,73.08,Lula,Lula,Lula,3005.7,3429.82,0.26,0.39,260.29
2930766,Sítio Do Quinto,BA,Nordeste,Nordeste,,9929,17.09,75.56,-3.85,71.71,74.54,Lula,Lula,Lula,3390.41,3832.7,0.26,0.42,258.15
2921906,Mucugê,BA,Nordeste,Nordeste,,9863,15.03,69.3,-3.85,65.45,68.42,Lula,Lula,Lula,2407.25,2869.32,0.26,0.3,256.44
2901304,Andaraí,BA,Nordeste,Nordeste,,9794,21.56,82.69,-3.85,78.84,81.7,Lula,Lula,Lula,4176.28,4590.06,0.26,0.55,254.64
2902203,Aramari,BA,Nordeste,Nordeste,,9785,21.4,85.4,-3.85,81.55,84.33,Lula,Lula,Lula,4545.53,4945.78,0.26,0.61,254.41
2906857,Capela Do Alto Alegre,BA,Nordeste,Nordeste,,9756,17.85,73.06,-3.85,69.21,71.81,Lula,Lula,Lula,2879.65,3269.5,0.26,0.37,253.66
2911303,Gentio Do Ouro,BA,Nordeste,Nordeste,,9718,16.34,79.77,-3.85,75.92,78.93,Lula,Lula,Lula,4084.12,4558.34,0.26,0.5,252.67
2922250,Muquém Do São Francisco,BA,Nordeste,Nordeste,,9684,19.09,70.74,-3.85,66.89,70.09,Lula,Lula,Lula,2562.79,3048.18,0.26,0.32,251.78
2902401,Aurelino Leal,BA,Nordeste,Nordeste,,9612,24.9,70.53,-3.85,66.68,69.41,Lula,Lula,Lula,2267.37,2638.8,0.26,0.32,249.91
2928307,Santanópolis,BA,Nordeste,Nordeste,,9599,20.29,77.89,-3.85,74.04,76.61,Lula,Lula,Lula,3406.91,3770.76,0.26,0.46,249.57
2921807,Mortugaba,BA,Nordeste,Nordeste,,9597,22.31,59.56,-3.85,55.71,58.92,Lula,Lula,Lula,794.48,1240.6,0.26,0.11,249.52
2921054,Matina,BA,Nordeste,Nordeste,,9556,20.12,83.51,-3.85,79.66,82.49,Lula,Lula,Lula,4266.35,4672.92,0.26,0.57,248.46
2904506,Brotas De Macaúbas,BA,Nordeste,Nordeste,,9505,17.39,74.78,-3.85,70.93,73.63,Lula,Lula,Lula,3102.64,3502.64,0.26,0.4,247.13
2933174,Varzedo,BA,Nordeste,Nordeste,,9468,16.9,69.58,-3.85,65.73,68.46,Lula,Lula,Lula,2332.75,2737.92,0.26,0.3,246.17
2904209,Botuporã,BA,Nordeste,Nordeste,,9465,21.39,77.54,-3.85,73.69,76.26,Lula,Lula,Lula,3292.01,3649.32,0.26,0.45,246.09
2928505,Santa Terezinha,BA,Nordeste,Nordeste,,9441,18.44,77.72,-3.85,73.87,76.71,Lula,Lula,Lula,3450.35,3861.44,0.26,0.46,245.47
2903953,Bom Jesus Da Serra,BA,Nordeste,Nordeste,,9372,23.79,85.4,-3.85,81.55,83.99,Lula,Lula,Lula,4253.27,4582.64,0.26,0.61,243.67
2923035,Novo Horizonte,BA,Nordeste,Nordeste,,9200,16.42,72.93,-3.85,69.08,71.71,Lula,Lula,Lula,2783.1,3167.02,0.26,0.37,239.2
2920908,Mascote,BA,Nordeste,Nordeste,,9177,24.03,70.84,-3.85,66.99,69.98,Lula,Lula,Lula,2253.28,2650.98,0.26,0.33,238.6
2929800,Saúde,BA,Nordeste,Nordeste,,9154,23.93,74.63,-3.85,70.78,73.6,Lula,Lula,Lula,2683.07,3047.58,0.26,0.4,238.0
2907707,Chorrochó,BA,Nordeste,Nordeste,,9081,18.61,84.94,-3.85,81.09,84.15,Lula,Lula,Lula,4445.27,4884.18,0.26,0.6,236.11
2917904,Jandaíra,BA,Nordeste,Nordeste,,9074,21.49,82.46,-3.85,78.61,81.48,Lula,Lula,Lula,3891.58,4282.16,0.26,0.55,235.92
2913457,Igrapiúna,BA,Nordeste,Nordeste,,9050,20.39,73.06,-3.85,69.21,71.84,Lula,Lula,Lula,2567.36,2919.5,0.26,0.37,235.3
2928059,Santa Luzia,BA,Nordeste,Nordeste,,9034,23.19,64.84,-3.85,60.99,64.11,Lula,Lula,Lula,1447.84,1860.16,0.26,0.21,234.88
2929404,São Miguel Das Matas,BA,Nordeste,Nordeste,,9030,15.04,76.63,-3.85,72.78,75.38,Lula,Lula,Lula,3308.18,3685.08,0.26,0.44,234.78
2914109,Ipupiara,BA,Nordeste,Nordeste,,8953,16.3,66.77,-3.85,62.92,65.82,Lula,Lula,Lula,1828.89,2238.96,0.26,0.25,232.78
2916906,Itiruçu,BA,Nordeste,Nordeste,,8937,20.83,72.96,-3.85,69.11,72.21,Lula,Lula,Lula,2518.99,2928.42,0.26,0.37,232.36
2924652,Pintadas,BA,Nordeste,Nordeste,,8931,25.84,62.93,-3.85,59.08,62.34,Lula,Lula,Lula,1120.62,1523.18,0.26,0.17,232.21
2924702,Piripá,BA,Nordeste,Nordeste,,8923,26.06,73.34,-3.85,69.49,72.04,Lula,Lula,Lula,2429.91,2748.06,0.26,0.37,232.0
2929370,São José Do Jacuípe,BA,Nordeste,Nordeste,,8830,20.53,71.95,-3.85,68.1,70.99,Lula,Lula,Lula,2374.46,2753.46,0.26,0.35,229.58
2921302,Milagres,BA,Nordeste,Nordeste,,8823,19.1,72.01,-3.85,68.16,71.18,Lula,Lula,Lula,2422.24,2824.94,0.26,0.35,229.4
2926657,Ribeirão Do Largo,BA,Nordeste,Nordeste,,8797,25.21,72.51,-3.85,68.66,71.63,Lula,Lula,Lula,2341.97,2715.78,0.26,0.36,228.72
2925931,Quixabeira,BA,Nordeste,Nordeste,,8784,18.78,55.21,-3.85,51.36,54.76,Lula,Lula,Lula,179.42,627.06,0.26,0.03,228.38
2906105,Canápolis,BA,Nordeste,Nordeste,,8772,17.85,76.68,-3.85,72.83,75.7,Lula,Lula,Lula,3139.73,3533.98,0.26,0.44,228.07
2906899,Caraíbas,BA,Nordeste,Nordeste,,8699,21.03,73.21,-3.85,69.36,72.09,Lula,Lula,Lula,2525.71,2882.4,0.26,0.37,226.17
2901809,Antônio Gonçalves,BA,Nordeste,Nordeste,,8672,18.47,76.13,-3.85,72.28,75.21,Lula,Lula,Lula,3005.15,3400.22,0.26,0.43,225.47
2917334,Iuiu,BA,Nordeste,Nordeste,,8643,18.8,75.85,-3.85,72.0,74.81,Lula,Lula,Lula,2951.6,3327.88,0.26,0.42,224.72
2914307,Iramaia,BA,Nordeste,Nordeste,,8556,18.63,78.45,-3.85,74.6,77.64,Lula,Lula,Lula,3250.88,3652.24,0.26,0.47,222.46
2919108,Lamarão,BA,Nordeste,Nordeste,,8523,23.03,87.82,-3.85,83.97,86.91,Lula,Lula,Lula,4216.6,4581.3,0.26,0.65,221.6
2910008,Dário Meira,BA,Nordeste,Nordeste,,8515,23.16,76.74,-3.85,72.89,75.83,Lula,Lula,Lula,2853.14,3219.44,0.26,0.44,221.39
2912004,Ibiassucê,BA,Nordeste,Nordeste,,8476,16.46,67.25,-3.85,63.4,66.28,Lula,Lula,Lula,1786.21,2171.04,0.26,0.26,220.38
2918456,Jucuruçu,BA,Nordeste,Nordeste,,8448,23.34,65.71,-3.85,61.86,64.97,Lula,Lula,Lula,1424.52,1798.94,0.26,0.23,219.65
2900504,Érico Cardoso,BA,Nordeste,Nordeste,,8440,23.36,78.32,-3.85,74.47,77.02,Lula,Lula,Lula,2943.24,3249.2,0.26,0.47,219.44
2916203,Itapé,BA,Nordeste,Nordeste,,8428,22.26,61.39,-3.85,57.54,60.73,Lula,Lula,Lula,925.9,1318.58,0.26,0.14,219.13
2902302,Aratuípe,BA,Nordeste,Nordeste,,8424,20.98,78.05,-3.85,74.2,76.84,Lula,Lula,Lula,3019.75,3349.46,0.26,0.46,219.02
2904407,Brejolândia,BA,Nordeste,Nordeste,,8415,23.47,64.67,-3.85,60.82,64.01,Lula,Lula,Lula,1317.87,1706.48,0.26,0.21,218.79
2916302,Itapebi,BA,Nordeste,Nordeste,,8383,29.85,74.78,-3.85,70.93,73.95,Lula,Lula,Lula,2347.51,2686.22,0.26,0.4,217.96
2921450,Mirante,BA,Nordeste,Nordeste,,8301,20.54,78.21,-3.85,74.36,76.96,Lula,Lula,Lula,3039.91,3364.34,0.26,0.47,215.83
2923050,Novo Triunfo,BA,Nordeste,Nordeste,,8227,22.44,77.16,-3.85,73.31,76.22,Lula,Lula,Lula,2838.66,3192.44,0.26,0.45,213.9
2927903,Santa Inês,BA,Nordeste,Nordeste,,8217,23.32,80.22,-3.85,76.37,79.29,Lula,Lula,Lula,3128.98,3475.8,0.26,0.51,213.64
2922201,Muniz Ferreira,BA,Nordeste,Nordeste,,8206,15.07,75.0,-3.85,71.15,73.78,Lula,Lula,Lula,2777.14,3122.72,0.26,0.41,213.36
2905107,Caem,BA,Nordeste,Nordeste,,8150,20.29,82.1,-3.85,78.25,81.14,Lula,Lula,Lula,3498.44,3855.96,0.26,0.54,211.9
2907004,Cardeal Da Silva,BA,Nordeste,Nordeste,,8041,24.74,86.21,-3.85,82.36,85.25,Lula,Lula,Lula,3659.63,3986.44,0.26,0.62,209.07
2928950,São Domingos,BA,Nordeste,Nordeste,,7986,14.68,71.07,-3.85,67.22,69.86,Lula,Lula,Lula,2208.63,2547.8,0.26,0.33,207.64
2922730,Nova Fátima,BA,Nordeste,Nordeste,,7957,17.09,72.26,-3.85,68.41,70.99,Lula,Lula,Lula,2289.95,2610.5,0.26,0.35,206.88
2920304,Malhada De Pedras,BA,Nordeste,Nordeste,,7896,17.88,70.09,-3.85,66.24,69.35,Lula,Lula,Lula,1995.85,2377.86,0.26,0.31,205.3
2919306,Lençóis,BA,Nordeste,Nordeste,,7895,22.05,81.85,-3.85,78.0,80.77,Lula,Lula,Lula,3285.58,3611.28,0.26,0.54,205.27
2925402,Potiraguá,BA,Nordeste,Nordeste,,7860,23.73,61.67,-3.85,57.82,61.2,Lula,Lula,Lula,888.02,1271.9,0.26,0.15,204.36
2923506,Palmeiras,BA,Nordeste,Nordeste,,7857,18.12,83.64,-3.85,79.79,82.52,Lula,Lula,Lula,3641.42,3975.16,0.26,0.57,204.28
2911006,Floresta Azul,BA,Nordeste,Nordeste,,7825,21.84,73.38,-3.85,69.53,72.22,Lula,Lula,Lula,2258.02,2568.76,0.26,0.38,203.45
2906402,Candeal,BA,Nordeste,Nordeste,,7799,15.94,77.07,-3.85,73.22,76.34,Lula,Lula,Lula,2863.24,3247.46,0.26,0.45,202.77
2920809,Marcionílio Souza,BA,Nordeste,Nordeste,,7767,21.98,77.88,-3.85,74.03,77.08,Lula,Lula,Lula,2742.71,3090.74,0.26,0.46,201.94
2931103,Tanquinho,BA,Nordeste,Nordeste,,7717,16.5,76.11,-3.85,72.26,75.05,Lula,Lula,Lula,2742.07,3085.54,0.26,0.43,200.64
2910305,Elísio Medrado,BA,Nordeste,Nordeste,,7650,19.18,68.91,-3.85,65.06,68.11,Lula,Lula,Lula,1719.13,2067.74,0.26,0.29,198.9
2921609,Morpará,BA,Nordeste,Nordeste,,7604,21.74,70.23,-3.85,66.38,69.75,Lula,Lula,Lula,1855.52,2237.34,0.26,0.31,197.7
2927101,Rodelas,BA,Nordeste,Nordeste,,7602,18.53,80.57,-3.85,76.72,79.68,Lula,Lula,Lula,3185.09,3537.92,0.26,0.51,197.65
2923902,Pau Brasil,BA,Nordeste,Nordeste,,7547,19.09,64.34,-3.85,60.49,63.89,Lula,Lula,Lula,1225.71,1624.12,0.26,0.2,196.22
2912806,Ibirapuã,BA,Nordeste,Nordeste,,7516,18.43,51.54,-3.85,47.69,51.3,Lula,Flávio,Lula,-270.53,152.34,0.26,-0.04,195.42
2907558,Caturama,BA,Nordeste,Nordeste,,7298,19.91,82.32,-3.85,78.47,81.08,Lula,Lula,Lula,3127.9,3414.32,0.26,0.55,189.75
2933109,Várzea Do Poço,BA,Nordeste,Nordeste,,7284,18.93,73.41,-3.85,69.56,72.31,Lula,Lula,Lula,2171.89,2477.12,0.26,0.38,189.38
2920007,Maiquinique,BA,Nordeste,Nordeste,,7260,21.69,55.95,-3.85,52.1,55.52,Lula,Lula,Lula,222.78,586.56,0.26,0.04,188.76
2923308,Ouriçangas,BA,Nordeste,Nordeste,,7224,20.65,83.3,-3.85,79.45,81.67,Lula,Lula,Lula,3136.59,3373.18,0.26,0.57,187.82
2930006,Sebastião Laranjeiras,BA,Nordeste,Nordeste,,7218,17.4,71.83,-3.85,67.98,70.99,Lula,Lula,Lula,2059.21,2404.0,0.26,0.35,187.67
2909000,Cordeiros,BA,Nordeste,Nordeste,,7148,24.06,59.41,-3.85,55.56,58.57,Lula,Lula,Lula,565.59,872.56,0.26,0.11,185.85
2924678,Piraí Do Norte,BA,Nordeste,Nordeste,,7100,18.13,69.69,-3.85,65.84,68.58,Lula,Lula,Lula,1729.03,2028.06,0.26,0.3,184.6
2924900,Planaltino,BA,Nordeste,Nordeste,,6975,21.1,74.87,-3.85,71.02,73.91,Lula,Lula,Lula,2146.91,2441.96,0.26,0.4,181.35
2931400,Teodoro Sampaio,BA,Nordeste,Nordeste,,6868,18.01,87.82,-3.85,83.97,86.49,Lula,Lula,Lula,3618.42,3886.84,0.26,0.65,178.57
2933406,Wagner,BA,Nordeste,Nordeste,,6804,20.44,74.63,-3.85,70.78,73.8,Lula,Lula,Lula,2129.67,2439.32,0.26,0.4,176.9
2900108,Abaíra,BA,Nordeste,Nordeste,,6761,20.43,64.78,-3.85,60.93,63.83,Lula,Lula,Lula,1068.0,1350.72,0.26,0.21,175.79
2916708,Itaquara,BA,Nordeste,Nordeste,,6754,24.13,70.55,-3.85,66.7,69.79,Lula,Lula,Lula,1605.84,1902.74,0.26,0.32,175.6
2919959,Maetinga,BA,Nordeste,Nordeste,,6722,25.83,74.62,-3.85,70.77,73.49,Lula,Lula,Lula,1938.45,2193.0,0.26,0.4,174.77
2933257,Vereda,BA,Nordeste,Nordeste,,6714,23.99,65.25,-3.85,61.4,64.48,Lula,Lula,Lula,1109.65,1409.14,0.26,0.22,174.56
2915908,Itanagra,BA,Nordeste,Nordeste,,6668,26.45,79.31,-3.85,75.46,78.19,Lula,Lula,Lula,2357.6,2610.78,0.26,0.49,173.37
2915304,Itagimirim,BA,Nordeste,Nordeste,,6636,26.72,64.9,-3.85,61.05,63.8,Lula,Lula,Lula,1009.9,1261.2,0.26,0.21,172.54
2922805,Nova Itarana,BA,Nordeste,Nordeste,,6607,17.25,71.74,-3.85,67.89,71.02,Lula,Lula,Lula,1860.33,2184.88,0.26,0.34,171.78
2924108,Pedrão,BA,Nordeste,Nordeste,,6573,19.69,86.04,-3.85,82.19,84.22,Lula,Lula,Lula,3209.18,3411.88,0.26,0.62,170.9
2919900,Macururé,BA,Nordeste,Nordeste,,6566,18.82,85.23,-3.85,81.38,84.14,Lula,Lula,Lula,3216.96,3499.18,0.26,0.6,170.72
2902252,Arataca,BA,Nordeste,Nordeste,,6559,24.76,69.67,-3.85,65.82,68.94,Lula,Lula,Lula,1485.16,1778.72,0.26,0.3,170.53
2918605,Jussiape,BA,Nordeste,Nordeste,,6499,16.51,72.54,-3.85,68.69,71.67,Lula,Lula,Lula,1901.94,2204.66,0.26,0.36,168.97
2911659,Guajeru,BA,Nordeste,Nordeste,,6431,24.57,83.98,-3.85,80.13,82.38,Lula,Lula,Lula,2787.09,2995.06,0.26,0.58,167.21
2922854,Nova Redenção,BA,Nordeste,Nordeste,,6421,20.59,85.47,-3.85,81.62,84.64,Lula,Lula,Lula,3094.88,3390.62,0.26,0.61,166.95
2901957,Apuarema,BA,Nordeste,Nordeste,,6358,21.59,67.82,-3.85,63.97,66.87,Lula,Lula,Lula,1306.99,1578.18,0.26,0.27,165.31
2919058,Lajedo Do Tabocal,BA,Nordeste,Nordeste,,6287,20.07,79.21,-3.85,75.36,77.68,Lula,Lula,Lula,2355.82,2571.68,0.26,0.49,163.46
2915403,Itaju Do Colônia,BA,Nordeste,Nordeste,,6225,24.67,64.72,-3.85,60.87,64.24,Lula,Lula,Lula,981.52,1285.48,0.26,0.21,161.85
2915700,Itamari,BA,Nordeste,Nordeste,,6100,23.02,66.16,-3.85,62.31,65.34,Lula,Lula,Lula,1080.0,1346.52,0.26,0.24,158.6
2913309,Ichu,BA,Nordeste,Nordeste,,6009,14.73,78.09,-3.85,74.24,76.53,Lula,Lula,Lula,2357.31,2580.32,0.26,0.47,156.23
2916609,Itapitanga,BA,Nordeste,Nordeste,,5934,20.69,72.08,-3.85,68.23,71.16,Lula,Lula,Lula,1636.01,1899.2,0.26,0.35,154.28
2904803,Caatiba,BA,Nordeste,Nordeste,,5851,20.53,63.84,-3.85,59.99,62.91,Lula,Lula,Lula,876.59,1132.94,0.26,0.19,152.13
2903300,Barro Preto,BA,Nordeste,Nordeste,,5763,21.38,72.87,-3.85,69.02,71.77,Lula,Lula,Lula,1609.48,1842.96,0.26,0.37,149.84
2910909,Firmino Alves,BA,Nordeste,Nordeste,,5527,27.32,64.3,-3.85,60.45,63.59,Lula,Lula,Lula,791.38,1029.28,0.26,0.2,143.7
2922755,Nova Ibiá,BA,Nordeste,Nordeste,,5509,19.04,64.64,-3.85,60.79,63.91,Lula,Lula,Lula,907.33,1169.62,0.26,0.21,143.23
2914208,Irajuba,BA,Nordeste,Nordeste,,5507,22.9,76.05,-3.85,72.2,75.15,Lula,Lula,Lula,1764.65,1998.52,0.26,0.43,143.18
2911501,Gongogi,BA,Nordeste,Nordeste,,5380,30.45,77.17,-3.85,73.32,75.99,Lula,Lula,Lula,1644.75,1833.42,0.26,0.45,139.88
2929354,São José Da Vitória,BA,Nordeste,Nordeste,,5258,24.8,64.77,-3.85,60.92,63.97,Lula,Lula,Lula,807.46,1032.46,0.26,0.21,136.71
2910776,Feira Da Mata,BA,Nordeste,Nordeste,,5181,20.17,61.82,-3.85,57.97,61.25,Lula,Lula,Lula,638.33,901.4,0.26,0.15,134.71
2900900,Almadina,BA,Nordeste,Nordeste,,4923,21.92,80.37,-3.85,76.52,79.78,Lula,Lula,Lula,1971.4,2214.06,0.26,0.51,128.0
2927804,Santa Cruz Da Vitória,BA,Nordeste,Nordeste,,4922,27.61,60.56,-3.85,56.71,59.67,Lula,Lula,Lula,446.78,643.7,0.26,0.13,127.97
2910206,Dom Macedo Costa,BA,Nordeste,Nordeste,,4864,18.3,62.92,-3.85,59.07,61.92,Lula,Lula,Lula,669.22,879.9,0.26,0.17,126.46
2918555,Jussari,BA,Nordeste,Nordeste,,4647,21.58,68.82,-3.85,64.97,68.42,Lula,Lula,Lula,1033.92,1272.04,0.26,0.29,120.82
2909505,Cravolândia,BA,Nordeste,Nordeste,,4632,21.39,80.96,-3.85,77.11,80.02,Lula,Lula,Lula,1854.38,2053.58,0.26,0.52,120.43
2908804,Contendas Do Sincorá,BA,Nordeste,Nordeste,,4520,18.32,72.02,-3.85,68.17,71.25,Lula,Lula,Lula,1278.08,1494.18,0.26,0.35,117.52
2918704,Lafaiete Coutinho,BA,Nordeste,Nordeste,,4471,18.92,73.92,-3.85,70.07,72.82,Lula,Lula,Lula,1351.44,1536.84,0.26,0.39,116.25
2903102,Barra Do Rocha,BA,Nordeste,Nordeste,,4427,26.59,66.98,-3.85,63.13,66.02,Lula,Lula,Lula,811.68,990.56,0.26,0.25,115.1
2911253,Gavião,BA,Nordeste,Nordeste,,4375,18.4,66.44,-3.85,62.59,65.19,Lula,Lula,Lula,819.1,988.3,0.26,0.24,113.75
2900603,Aiquara,BA,Nordeste,Nordeste,,4318,23.9,75.46,-3.85,71.61,74.71,Lula,Lula,Lula,1355.09,1549.82,0.26,0.41,112.27
2918902,Lajedão,BA,Nordeste,Nordeste,,4258,24.82,56.58,-3.85,52.73,56.17,Lula,Lula,Lula,166.37,376.86,0.26,0.05,110.71
2912608,Ibiquera,BA,Nordeste,Nordeste,,4187,23.81,80.7,-3.85,76.85,79.81,Lula,Lula,Lula,1624.67,1803.82,0.26,0.52,108.86
2907400,Catolândia,BA,Nordeste,Nordeste,,4177,19.89,71.17,-3.85,67.32,69.95,Lula,Lula,Lula,1114.42,1283.62,0.26,0.33,108.6
2919009,Lajedinho,BA,Nordeste,Nordeste,,3619,21.66,79.23,-3.85,75.38,78.38,Lula,Lula,Lula,1370.29,1532.22,0.26,0.49,94.09
2304400,Fortaleza,CE,Nordeste,Nordeste,,1795713,13.02,57.62,-3.85,53.77,56.67,Lula,Lula,Lula,110537.09,195754.06,0.26,0.07,46688.54
2303709,Caucaia,CE,Nordeste,Nordeste,,249622,13.7,59.94,-3.85,56.09,58.95,Lula,Lula,Lula,24459.79,35961.14,0.26,0.12,6490.17
2307304,Juazeiro Do Norte,CE,Nordeste,Nordeste,,200346,15.69,71.89,-3.85,68.04,70.25,Lula,Lula,Lula,57530.41,64587.4,0.26,0.35,5209.0
2307650,Maracanaú,CE,Nordeste,Nordeste,,179488,12.39,58.13,-3.85,54.28,57.25,Lula,Lula,Lula,12627.84,21381.64,0.26,0.08,4666.69
2312908,Sobral,CE,Nordeste,Nordeste,,153073,15.27,63.88,-3.85,60.03,62.68,Lula,Lula,Lula,23722.2,30006.92,0.26,0.19,3979.9
2306405,Itapipoca,CE,Nordeste,Nordeste,,103228,13.55,74.1,-3.85,70.25,73.03,Lula,Lula,Lula,34353.71,39068.48,0.26,0.39,2683.93
2304202,Crato,CE,Nordeste,Nordeste,,95932,13.8,80.52,-3.85,76.67,79.15,Lula,Lula,Lula,41907.84,45813.52,0.26,0.51,2494.23
2307700,Maranguape,CE,Nordeste,Nordeste,,83544,12.82,63.26,-3.85,59.41,62.36,Lula,Lula,Lula,12924.11,16974.04,0.26,0.18,2172.14
2305506,Iguatu,CE,Nordeste,Nordeste,,71278,14.82,79.68,-3.85,75.83,78.37,Lula,Lula,Lula,29723.45,32649.84,0.26,0.5,1853.23
2301000,Aquiraz,CE,Nordeste,Nordeste,,69632,14.2,61.93,-3.85,58.08,60.98,Lula,Lula,Lula,9024.97,12266.28,0.26,0.16,1810.43
2305233,Horizonte,CE,Nordeste,Nordeste,,62776,14.64,62.12,-3.85,58.27,61.0,Lula,Lula,Lula,8227.68,10941.4,0.26,0.16,1632.18
2311306,Quixadá,CE,Nordeste,Nordeste,,61599,15.43,62.74,-3.85,58.89,62.05,Lula,Lula,Lula,8712.14,11809.28,0.26,0.17,1601.57
2303501,Cascavel,CE,Nordeste,Nordeste,,60466,15.1,64.28,-3.85,60.43,63.28,Lula,Lula,Lula,9973.47,12696.12,0.26,0.2,1572.12
2302800,Canindé,CE,Nordeste,Nordeste,,60219,17.2,75.35,-3.85,71.5,74.24,Lula,Lula,Lula,20337.58,22924.2,0.26,0.41,1565.69
2311405,Quixeramobim,CE,Nordeste,Nordeste,,60112,16.43,76.63,-3.85,72.78,75.47,Lula,Lula,Lula,21870.9,24449.46,0.26,0.44,1562.91
2304103,Crateús,CE,Nordeste,Nordeste,,60099,16.32,73.34,-3.85,69.49,72.6,Lula,Lula,Lula,18481.42,21426.14,0.26,0.37,1562.57
2304285,Eusébio,CE,Nordeste,Nordeste,,59877,15.71,51.11,-3.85,47.26,50.53,Lula,Flávio,Lula,-2590.19,501.6,0.26,-0.05,1556.8
2313401,Tianguá,CE,Nordeste,Nordeste,,59588,14.32,56.96,-3.85,53.11,56.29,Lula,Lula,Lula,2912.95,5893.52,0.26,0.06,1549.29
2311801,Russas,CE,Nordeste,Nordeste,,58537,15.15,67.55,-3.85,63.7,66.27,Lula,Lula,Lula,12789.98,15186.98,0.26,0.26,1521.96
2309706,Pacatuba,CE,Nordeste,Nordeste,,57825,14.23,59.15,-3.85,55.3,58.29,Lula,Lula,Lula,4934.07,7719.38,0.26,0.1,1503.45
2301109,Aracati,CE,Nordeste,Nordeste,,57417,15.12,66.89,-3.85,63.04,65.77,Lula,Lula,Lula,11937.09,14444.78,0.26,0.25,1492.84
2308708,Morada Nova,CE,Nordeste,Nordeste,,56913,16.37,65.93,-3.85,62.08,64.8,Lula,Lula,Lula,10679.3,13088.46,0.26,0.23,1479.74
2309607,Pacajus,CE,Nordeste,Nordeste,,54458,12.57,60.42,-3.85,56.57,59.43,Lula,Lula,Lula,5818.31,8358.66,0.26,0.13,1415.91
2301901,Barbalha,CE,Nordeste,Nordeste,,53415,16.44,71.02,-3.85,67.17,69.87,Lula,Lula,Lula,14412.75,16675.06,0.26,0.33,1388.79
2312403,São Gonçalo Do Amarante,CE,Nordeste,Nordeste,,51355,16.26,60.37,-3.85,56.52,59.46,Lula,Lula,Lula,5243.17,7605.36,0.26,0.13,1335.23
2305407,Icó,CE,Nordeste,Nordeste,,51307,20.23,76.87,-3.85,73.02,75.7,Lula,Lula,Lula,17823.79,19899.48,0.26,0.44,1333.98
2302602,Camocim,CE,Nordeste,Nordeste,,50991,19.05,67.2,-3.85,63.35,66.02,Lula,Lula,Lula,10347.0,12412.0,0.26,0.26,1325.77
2313500,Trairi,CE,Nordeste,Nordeste,,49869,15.15,69.56,-3.85,65.71,68.61,Lula,Lula,Lula,12558.58,14871.76,0.26,0.3,1296.59
2300200,Acaraú,CE,Nordeste,Nordeste,,49197,19.04,66.0,-3.85,62.15,65.21,Lula,Lula,Lula,9060.68,11336.5,0.26,0.23,1279.12
2314102,Viçosa Do Ceará,CE,Nordeste,Nordeste,,48288,17.84,72.09,-3.85,68.24,71.17,Lula,Lula,Lula,13438.01,15599.98,0.26,0.35,1255.49
2313302,Tauá,CE,Nordeste,Nordeste,,47270,19.6,67.73,-3.85,63.88,66.9,Lula,Lula,Lula,9871.8,12026.58,0.26,0.27,1229.02
2302206,Beberibe,CE,Nordeste,Nordeste,,46979,13.79,68.42,-3.85,64.57,67.3,Lula,Lula,Lula,10991.41,13052.5,0.26,0.28,1221.45
2307601,Limoeiro Do Norte,CE,Nordeste,Nordeste,,46944,14.78,73.65,-3.85,69.8,72.22,Lula,Lula,Lula,14922.17,16749.46,0.26,0.38,1220.54
2304707,Granja,CE,Nordeste,Nordeste,,44060,19.67,82.45,-3.85,78.6,81.29,Lula,Lula,Lula,18758.29,20524.64,0.26,0.55,1145.56
2302404,Boa Viagem,CE,Nordeste,Nordeste,,42595,19.01,78.74,-3.85,74.89,76.92,Lula,Lula,Lula,16082.41,17399.26,0.26,0.48,1107.47
2306306,Itapajé,CE,Nordeste,Nordeste,,39662,15.27,61.72,-3.85,57.87,61.08,Lula,Lula,Lula,4997.06,7041.98,0.26,0.15,1031.21
2300309,Acopiara,CE,Nordeste,Nordeste,,38571,15.99,79.22,-3.85,75.37,78.22,Lula,Lula,Lula,15427.07,17162.76,0.26,0.49,1002.85
2306256,Itaitinga,CE,Nordeste,Nordeste,,38235,13.18,60.07,-3.85,56.22,59.11,Lula,Lula,Lula,3857.66,5647.74,0.26,0.12,994.11
2312304,São Benedito,CE,Nordeste,Nordeste,,37548,19.26,66.59,-3.85,62.74,65.61,Lula,Lula,Lula,7044.86,8631.46,0.26,0.24,976.25
2302503,Brejo Santo,CE,Nordeste,Nordeste,,36964,17.18,78.46,-3.85,74.61,77.34,Lula,Lula,Lula,14251.02,15831.46,0.26,0.47,961.06
2308104,Mauriti,CE,Nordeste,Nordeste,,36552,16.89,74.76,-3.85,70.91,73.97,Lula,Lula,Lula,12025.05,13781.34,0.26,0.4,950.35
2300754,Amontada,CE,Nordeste,Nordeste,,36349,18.48,72.85,-3.85,69.0,71.92,Lula,Lula,Lula,10667.8,12307.72,0.26,0.36,945.07
2305001,Guaraciaba Do Norte,CE,Nordeste,Nordeste,,34685,20.31,67.94,-3.85,64.09,66.88,Lula,Lula,Lula,7232.19,8663.28,0.26,0.27,901.81
2310506,Pedra Branca,CE,Nordeste,Nordeste,S2#68,34612,22.13,82.66,-3.85,78.81,81.45,Lula,Lula,Lula,14586.81,15920.28,0.26,0.55,899.91
2306553,Itarema,CE,Nordeste,Nordeste,,34502,18.68,61.43,-3.85,57.58,60.86,Lula,Lula,Lula,4006.34,5736.16,0.26,0.15,897.05
2310209,Paracuru,CE,Nordeste,Nordeste,,33717,16.59,65.67,-3.85,61.82,64.72,Lula,Lula,Lula,6226.77,7757.84,0.26,0.23,876.64
2312205,Santa Quitéria,CE,Nordeste,Nordeste,,33618,16.71,78.19,-3.85,74.34,76.66,Lula,Lula,Lula,12798.18,14017.54,0.26,0.47,874.07
2305803,Ipu,CE,Nordeste,Nordeste,,33130,15.38,74.29,-3.85,70.44,73.16,Lula,Lula,Lula,10775.88,12210.28,0.26,0.39,861.38
2314003,Várzea Alegre,CE,Nordeste,Nordeste,,32554,18.08,78.0,-3.85,74.15,76.81,Lula,Lula,Lula,12107.89,13446.22,0.26,0.46,846.4
2308500,Mombaça,CE,Nordeste,Nordeste,S2#87,32520,21.29,78.35,-3.85,74.5,77.38,Lula,Lula,Lula,11772.15,13156.0,0.26,0.47,845.52
2310704,Pentecoste,CE,Nordeste,Nordeste,,32386,16.05,72.28,-3.85,68.43,71.29,Lula,Lula,Lula,9585.87,11075.72,0.26,0.35,842.04
2308005,Massapê,CE,Nordeste,Nordeste,,31825,13.44,68.49,-3.85,64.64,67.53,Lula,Lula,Lula,7489.43,8965.86,0.26,0.28,827.45
2308401,Missão Velha,CE,Nordeste,Nordeste,,30981,19.93,80.82,-3.85,76.97,79.77,Lula,Lula,Lula,12629.71,13938.7,0.26,0.52,805.51
2305902,Ipueiras,CE,Nordeste,Nordeste,S2#94,30943,21.8,72.01,-3.85,68.16,71.0,Lula,Lula,Lula,8189.44,9468.7,0.26,0.35,804.52
2306900,Jaguaribe,CE,Nordeste,Nordeste,,29394,19.17,77.4,-3.85,73.55,76.03,Lula,Lula,Lula,10621.57,11740.68,0.26,0.45,764.24
2307007,Jaguaruana,CE,Nordeste,Nordeste,,28915,15.27,66.38,-3.85,62.53,65.55,Lula,Lula,Lula,5641.41,6999.0,0.26,0.24,751.79
2302107,Baturité,CE,Nordeste,Nordeste,,28552,16.12,72.62,-3.85,68.77,71.6,Lula,Lula,Lula,8479.73,9759.24,0.26,0.36,742.35
2313609,Ubajara,CE,Nordeste,Nordeste,,27963,16.58,65.49,-3.85,61.64,64.62,Lula,Lula,Lula,5018.69,6306.22,0.26,0.22,727.04
2310258,Paraipaba,CE,Nordeste,Nordeste,,27584,14.56,59.77,-3.85,55.92,59.06,Lula,Lula,Lula,2638.87,4037.66,0.26,0.11,717.18
2310308,Parambu,CE,Nordeste,Nordeste,S2#100,27269,24.18,66.3,-3.85,62.45,65.6,Lula,Lula,Lula,4777.73,5986.8,0.26,0.24,708.99
2313104,Tabuleiro Do Norte,CE,Nordeste,Nordeste,,26004,18.38,79.23,-3.85,75.38,77.93,Lula,Lula,Lula,10205.38,11230.08,0.26,0.49,676.1
2312007,Santana Do Acaraú,CE,Nordeste,Nordeste,,25778,14.96,76.46,-3.85,72.61,75.33,Lula,Lula,Lula,9359.47,10485.56,0.26,0.43,670.23
2309458,Ocara,CE,Nordeste,Nordeste,,25191,11.64,71.66,-3.85,67.81,70.59,Lula,Lula,Lula,7555.83,8732.3,0.26,0.34,654.97
2303204,Caririaçu,CE,Nordeste,Nordeste,,24954,17.28,77.43,-3.85,73.58,76.14,Lula,Lula,Lula,9210.12,10212.24,0.26,0.45,648.8
2301208,Aracoiaba,CE,Nordeste,Nordeste,,24943,12.75,71.77,-3.85,67.92,70.86,Lula,Lula,Lula,7458.17,8681.26,0.26,0.34,648.52
2309300,Nova Russas,CE,Nordeste,Nordeste,,24866,18.79,69.63,-3.85,65.78,68.68,Lula,Lula,Lula,5970.64,7068.16,0.26,0.3,646.52
2311603,Redenção,CE,Nordeste,Nordeste,,24248,16.59,69.75,-3.85,65.9,68.8,Lula,Lula,Lula,6010.27,7107.0,0.26,0.31,630.45
2307502,Lavras Da Mangabeira,CE,Nordeste,Nordeste,,24134,19.52,80.1,-3.85,76.25,79.05,Lula,Lula,Lula,9630.58,10657.38,0.26,0.5,627.48
2304251,Cruz,CE,Nordeste,Nordeste,,23786,17.71,60.23,-3.85,56.38,59.45,Lula,Lula,Lula,2322.43,3441.56,0.26,0.12,618.44
2307809,Marco,CE,Nordeste,Nordeste,,23434,15.14,53.5,-3.85,49.65,53.15,Lula,Flávio,Lula,-129.36,1168.5,0.26,-0.01,609.28
2309409,Novo Oriente,CE,Nordeste,Nordeste,,23218,22.72,76.9,-3.85,73.05,76.06,Lula,Lula,Lula,7733.83,8743.44,0.26,0.44,603.67
2308302,Milagres,CE,Nordeste,Nordeste,,22637,18.69,85.53,-3.85,81.68,84.16,Lula,Lula,Lula,11029.96,11892.68,0.26,0.61,588.56
2307106,Jardim,CE,Nordeste,Nordeste,,22592,21.74,79.23,-3.85,75.38,77.99,Lula,Lula,Lula,8386.51,9249.96,0.26,0.49,587.39
2307254,Jijoca De Jericoacoara,CE,Nordeste,Nordeste,,21575,18.76,59.48,-3.85,55.63,58.63,Lula,Lula,Lula,1859.13,2847.66,0.26,0.11,560.95
2302305,Bela Cruz,CE,Nordeste,Nordeste,,21553,17.62,66.36,-3.85,62.51,65.4,Lula,Lula,Lula,4115.89,5067.28,0.26,0.24,560.38
2313203,Tamboril,CE,Nordeste,Nordeste,,21345,19.13,76.98,-3.85,73.13,76.17,Lula,Lula,Lula,7507.87,8494.34,0.26,0.44,554.97
2310852,Pindoretama,CE,Nordeste,Nordeste,,21261,14.88,71.51,-3.85,67.66,70.46,Lula,Lula,Lula,6032.89,6992.14,0.26,0.34,552.79
2305605,Independência,CE,Nordeste,Nordeste,,21208,16.85,72.41,-3.85,68.56,71.67,Lula,Lula,Lula,6234.33,7279.02,0.26,0.36,551.41
2304954,Guaiúba,CE,Nordeste,Nordeste,,20884,13.21,72.02,-3.85,68.17,71.14,Lula,Lula,Lula,6236.06,7255.64,0.26,0.35,542.98
2302701,Campos Sales,CE,Nordeste,Nordeste,,20555,19.83,82.51,-3.85,78.66,81.28,Lula,Lula,Lula,8963.13,9781.56,0.26,0.55,534.43
2303808,Cedro,CE,Nordeste,Nordeste,,20348,19.31,79.66,-3.85,75.81,78.47,Lula,Lula,Lula,7977.8,8799.46,0.26,0.5,529.05
2312700,Senador Pompeu,CE,Nordeste,Nordeste,,20302,16.19,68.95,-3.85,65.1,68.16,Lula,Lula,Lula,4819.4,5794.66,0.26,0.29,527.85
2301703,Aurora,CE,Nordeste,Nordeste,,20292,20.19,77.04,-3.85,73.19,75.79,Lula,Lula,Lula,6993.6,7779.48,0.26,0.45,527.59
2307403,Jucás,CE,Nordeste,Nordeste,,20189,20.92,74.97,-3.85,71.12,73.69,Lula,Lula,Lula,6277.9,7042.62,0.26,0.41,524.91
2305308,Ibiapina,CE,Nordeste,Nordeste,,20158,19.98,63.93,-3.85,60.08,62.78,Lula,Lula,Lula,2990.12,3793.0,0.26,0.19,524.11
2304350,Forquilha,CE,Nordeste,Nordeste,,19740,13.79,63.81,-3.85,59.96,62.65,Lula,Lula,Lula,3116.97,3960.48,0.26,0.19,513.24
2304004,Coreaú,CE,Nordeste,Nordeste,,19700,17.42,72.07,-3.85,68.22,71.15,Lula,Lula,Lula,5543.33,6435.22,0.26,0.35,512.2
2306603,Itatira,CE,Nordeste,Nordeste,,19602,23.22,77.15,-3.85,73.3,76.05,Lula,Lula,Lula,6641.37,7425.02,0.26,0.45,509.65
2301950,Barreira,CE,Nordeste,Nordeste,,19586,13.64,58.87,-3.85,55.02,58.43,Lula,Lula,Lula,1605.53,2695.16,0.26,0.1,509.24
2306108,Irauçuba,CE,Nordeste,Nordeste,,19467,15.38,77.39,-3.85,73.54,76.35,Lula,Lula,Lula,7353.08,8230.78,0.26,0.45,506.14
2308906,Morrinhos,CE,Nordeste,Nordeste,,19053,15.82,49.62,-3.85,45.77,49.36,Flávio,Flávio,Flávio,-1279.66,-194.04,0.26,-0.08,495.38
2301604,Assaré,CE,Nordeste,Nordeste,,18914,20.62,81.46,-3.85,77.61,79.95,Lula,Lula,Lula,7793.66,8453.22,0.26,0.53,491.76
2311504,Quixeré,CE,Nordeste,Nordeste,,18875,15.66,72.44,-3.85,68.59,70.77,Lula,Lula,Lula,5503.65,6148.6,0.26,0.36,490.75
2313807,Uruburetama,CE,Nordeste,Nordeste,,18709,16.64,71.68,-3.85,67.83,70.81,Lula,Lula,Lula,5246.45,6122.96,0.26,0.34,486.43
2303956,Chorozinho,CE,Nordeste,Nordeste,,18301,13.72,70.76,-3.85,66.91,69.88,Lula,Lula,Lula,4995.64,5875.02,0.26,0.32,475.83
2305357,Icapuí,CE,Nordeste,Nordeste,,17718,14.84,64.81,-3.85,60.96,64.0,Lula,Lula,Lula,3127.21,3993.36,0.26,0.21,460.67
2309508,Orós,CE,Nordeste,Nordeste,,17682,19.85,76.74,-3.85,72.89,75.61,Lula,Lula,Lula,6156.85,6888.7,0.26,0.44,459.73
2304301,Farias Brito,CE,Nordeste,Nordeste,,17579,15.9,83.77,-3.85,79.92,82.53,Lula,Lula,Lula,8340.84,9070.9,0.26,0.57,457.05
2301307,Araripe,CE,Nordeste,Nordeste,,17494,18.93,85.74,-3.85,81.89,84.69,Lula,Lula,Lula,8567.07,9319.44,0.26,0.61,454.84
2303006,Caridade,CE,Nordeste,Nordeste,,17474,16.03,74.78,-3.85,70.93,73.54,Lula,Lula,Lula,5792.66,6517.28,0.26,0.4,454.32
2304459,Fortim,CE,Nordeste,Nordeste,,17196,14.67,64.41,-3.85,60.56,63.42,Lula,Lula,Lula,2929.07,3721.3,0.26,0.2,447.1
2302008,Barro,CE,Nordeste,Nordeste,,17005,22.42,83.83,-3.85,79.98,82.55,Lula,Lula,Lula,7406.9,8042.92,0.26,0.58,442.13
2311264,Quiterianópolis,CE,Nordeste,Nordeste,,16987,18.8,79.29,-3.85,75.44,77.97,Lula,Lula,Lula,6567.96,7221.06,0.26,0.49,441.66
2306504,Itapiúna,CE,Nordeste,Nordeste,,16385,17.21,70.58,-3.85,66.73,69.76,Lula,Lula,Lula,4274.1,5045.74,0.26,0.32,426.01
2302909,Capistrano,CE,Nordeste,Nordeste,,16205,15.26,75.58,-3.85,71.73,74.62,Lula,Lula,Lula,5692.18,6449.76,0.26,0.42,421.33
2313757,Umirim,CE,Nordeste,Nordeste,,16067,17.88,72.57,-3.85,68.72,71.68,Lula,Lula,Lula,4687.22,5428.72,0.26,0.36,417.74
2305209,Hidrolândia,CE,Nordeste,Nordeste,,16000,16.35,72.95,-3.85,69.1,71.95,Lula,Lula,Lula,4866.24,5593.74,0.26,0.37,416.0
2313955,Varjota,CE,Nordeste,Nordeste,,15992,15.88,63.56,-3.85,59.71,62.5,Lula,Lula,Lula,2435.13,3135.3,0.26,0.19,415.79
2313351,Tejuçuoca,CE,Nordeste,Nordeste,,15973,15.08,73.44,-3.85,69.59,72.33,Lula,Lula,Lula,5025.75,5728.04,0.26,0.38,415.3
2311702,Reriutaba,CE,Nordeste,Nordeste,,15853,16.03,78.83,-3.85,74.98,77.32,Lula,Lula,Lula,6270.68,6859.26,0.26,0.48,412.18
2303303,Cariús,CE,Nordeste,Nordeste,,15846,17.22,80.44,-3.85,76.59,79.34,Lula,Lula,Lula,6595.27,7277.98,0.26,0.51,412.0
2301851,Banabuiú,CE,Nordeste,Nordeste,,15673,15.87,77.45,-3.85,73.6,76.5,Lula,Lula,Lula,5963.79,6695.64,0.26,0.45,407.5
2313559,Tururu,CE,Nordeste,Nordeste,,15653,14.02,71.35,-3.85,67.5,70.46,Lula,Lula,Lula,4448.24,5199.8,0.26,0.34,406.98
2306702,Jaguaretama,CE,Nordeste,Nordeste,,15538,16.78,77.69,-3.85,73.84,76.42,Lula,Lula,Lula,5836.87,6466.42,0.26,0.46,403.99
2303105,Cariré,CE,Nordeste,Nordeste,,15391,19.06,71.29,-3.85,67.44,70.37,Lula,Lula,Lula,4039.0,4719.28,0.26,0.33,400.17
2304236,Croatá,CE,Nordeste,Nordeste,,15338,21.7,75.01,-3.85,71.16,73.53,Lula,Lula,Lula,4700.52,5225.92,0.26,0.41,398.79
2302057,Barroquinha,CE,Nordeste,Nordeste,,15207,20.81,70.37,-3.85,66.52,69.36,Lula,Lula,Lula,3725.73,4365.0,0.26,0.32,395.38
2311355,Quixelô,CE,Nordeste,Nordeste,,14956,13.89,82.19,-3.85,78.34,81.26,Lula,Lula,Lula,6918.07,7630.44,0.26,0.54,388.86
2308609,Monsenhor Tabosa,CE,Nordeste,Nordeste,,14947,19.9,74.28,-3.85,70.43,73.46,Lula,Lula,Lula,4597.69,5279.02,0.26,0.39,388.62
2311959,Salitre,CE,Nordeste,Nordeste,,14839,17.35,73.47,-3.85,69.62,72.86,Lula,Lula,Lula,4602.65,5363.66,0.26,0.38,385.81
2307635,Madalena,CE,Nordeste,Nordeste,,14764,17.61,77.65,-3.85,73.8,76.27,Lula,Lula,Lula,5492.34,6063.16,0.26,0.46,383.86
2311108,Porteiras,CE,Nordeste,Nordeste,,14641,19.23,84.67,-3.85,80.82,83.86,Lula,Lula,Lula,6941.65,7627.76,0.26,0.59,380.67
2303402,Carnaubal,CE,Nordeste,Nordeste,,14575,20.82,66.69,-3.85,62.84,65.65,Lula,Lula,Lula,2711.2,3305.56,0.26,0.25,378.95
2310803,Pereiro,CE,Nordeste,Nordeste,,14487,19.6,80.93,-3.85,77.08,79.52,Lula,Lula,Lula,5931.21,6465.56,0.26,0.52,376.66
2313005,Solonópole,CE,Nordeste,Nordeste,,14292,17.86,77.4,-3.85,73.55,75.89,Lula,Lula,Lula,5275.01,5799.7,0.26,0.45,371.59
2312106,Santana Do Cariri,CE,Nordeste,Nordeste,,13899,17.4,85.98,-3.85,82.13,84.84,Lula,Lula,Lula,7028.95,7622.3,0.26,0.62,361.37
2304509,Frecheirinha,CE,Nordeste,Nordeste,,13849,15.73,64.1,-3.85,60.25,63.29,Lula,Lula,Lula,2217.51,2876.24,0.26,0.2,360.07
2305266,Ibaretama,CE,Nordeste,Nordeste,,13532,15.27,78.85,-3.85,75.0,77.87,Lula,Lula,Lula,5464.35,6092.32,0.26,0.48,351.83
2308203,Meruoca,CE,Nordeste,Nordeste,,13277,14.98,72.02,-3.85,68.17,70.57,Lula,Lula,Lula,3777.51,4275.5,0.26,0.35,345.2
2304657,Graça,CE,Nordeste,Nordeste,,12854,18.25,79.75,-3.85,75.9,78.23,Lula,Lula,Lula,5091.3,5549.84,0.26,0.5,334.2
2309201,Nova Olinda,CE,Nordeste,Nordeste,,12790,16.74,77.86,-3.85,74.01,76.77,Lula,Lula,Lula,4865.32,5424.1,0.26,0.46,332.54
2309003,Mucambo,CE,Nordeste,Nordeste,,12736,21.12,74.03,-3.85,70.18,72.53,Lula,Lula,Lula,3719.39,4154.24,0.26,0.39,331.14
2300903,Apuiarés,CE,Nordeste,Nordeste,,12696,15.55,75.12,-3.85,71.27,73.76,Lula,Lula,Lula,4351.0,4859.64,0.26,0.41,330.1
2312601,São Luís Do Curu,CE,Nordeste,Nordeste,,12630,17.43,70.24,-3.85,66.39,69.36,Lula,Lula,Lula,3221.94,3805.8,0.26,0.31,328.38
2311900,Saboeiro,CE,Nordeste,Nordeste,,12621,19.29,79.99,-3.85,76.14,79.04,Lula,Lula,Lula,5046.13,5605.72,0.26,0.5,328.15
2300150,Acarape,CE,Nordeste,Nordeste,,12546,13.37,61.24,-3.85,57.39,60.57,Lula,Lula,Lula,1518.21,2170.68,0.26,0.14,326.2
2305332,Ibicuitinga,CE,Nordeste,Nordeste,,12514,14.08,69.83,-3.85,65.98,68.95,Lula,Lula,Lula,3258.15,3864.28,0.26,0.31,325.36
2301406,Aratuba,CE,Nordeste,Nordeste,,12289,16.73,72.49,-3.85,68.64,71.49,Lula,Lula,Lula,3600.46,4149.56,0.26,0.36,319.51
2308377,Miraíma,CE,Nordeste,Nordeste,,12141,16.86,80.87,-3.85,77.02,79.8,Lula,Lula,Lula,5222.35,5758.1,0.26,0.52,315.67
2300705,Alto Santo,CE,Nordeste,Nordeste,,12108,16.12,76.91,-3.85,73.06,75.66,Lula,Lula,Lula,4462.42,4966.8,0.26,0.44,314.81
2310902,Piquet Carneiro,CE,Nordeste,Nordeste,,12098,18.38,76.49,-3.85,72.64,75.7,Lula,Lula,Lula,4226.11,4796.48,0.26,0.43,314.55
2306009,Iracema,CE,Nordeste,Nordeste,,12096,20.62,76.7,-3.85,72.85,75.75,Lula,Lula,Lula,4200.17,4733.04,0.26,0.44,314.5
2303931,Choró,CE,Nordeste,Nordeste,,11642,18.4,79.01,-3.85,75.16,78.09,Lula,Lula,Lula,4566.8,5097.24,0.26,0.48,302.69
2300408,Aiuaba,CE,Nordeste,Nordeste,,11440,20.97,85.66,-3.85,81.81,84.43,Lula,Lula,Lula,5453.32,5903.86,0.26,0.61,297.44
2313906,Uruoca,CE,Nordeste,Nordeste,,11317,16.8,74.06,-3.85,70.21,73.23,Lula,Lula,Lula,3606.13,4144.68,0.26,0.39,294.24
2308351,Milhã,CE,Nordeste,Nordeste,,11291,16.24,79.26,-3.85,75.41,78.07,Lula,Lula,Lula,4593.82,5074.46,0.26,0.49,293.57
2303907,Chaval,CE,Nordeste,Nordeste,,10966,21.42,80.14,-3.85,76.29,78.96,Lula,Lula,Lula,4259.8,4693.32,0.26,0.5,285.12
2309805,Pacoti,CE,Nordeste,Nordeste,,10776,16.34,75.12,-3.85,71.27,74.04,Lula,Lula,Lula,3582.63,4050.4,0.26,0.41,280.18
2307908,Martinópole,CE,Nordeste,Nordeste,,10730,15.11,78.69,-3.85,74.84,77.5,Lula,Lula,Lula,4277.2,4735.14,0.26,0.48,278.98
2305654,Ipaporanga,CE,Nordeste,Nordeste,,10349,19.83,75.45,-3.85,71.6,74.59,Lula,Lula,Lula,3377.77,3846.14,0.26,0.41,269.07
2300507,Alcântaras,CE,Nordeste,Nordeste,,10265,20.22,80.52,-3.85,76.67,79.12,Lula,Lula,Lula,4077.99,4453.56,0.26,0.51,266.89
2310407,Paramoti,CE,Nordeste,Nordeste,,10188,15.52,75.71,-3.85,71.86,74.74,Lula,Lula,Lula,3567.66,4036.84,0.26,0.42,264.89
2311009,Poranga,CE,Nordeste,Nordeste,,10071,19.42,81.71,-3.85,77.86,80.75,Lula,Lula,Lula,4289.02,4734.52,0.26,0.53,261.85
2310100,Palmácia,CE,Nordeste,Nordeste,,9908,15.78,70.16,-3.85,66.31,69.26,Lula,Lula,Lula,2552.4,3013.46,0.26,0.31,257.61
2303600,Catarina,CE,Nordeste,Nordeste,,9892,25.43,77.99,-3.85,74.14,76.84,Lula,Lula,Lula,3379.78,3756.66,0.26,0.46,257.19
2304905,Groaíras,CE,Nordeste,Nordeste,,9842,18.59,60.98,-3.85,57.13,60.07,Lula,Lula,Lula,1042.56,1473.5,0.26,0.14,255.89
2310001,Palhano,CE,Nordeste,Nordeste,,9841,15.01,61.6,-3.85,57.75,60.8,Lula,Lula,Lula,1226.98,1711.26,0.26,0.15,255.87
2309102,Mulungu,CE,Nordeste,Nordeste,,9751,17.02,71.72,-3.85,67.87,71.04,Lula,Lula,Lula,2742.77,3228.2,0.26,0.34,253.53
2301257,Ararendá,CE,Nordeste,Nordeste,,9705,16.69,74.1,-3.85,70.25,73.25,Lula,Lula,Lula,3118.27,3580.58,0.26,0.39,252.33
2305704,Ipaumirim,CE,Nordeste,Nordeste,,9459,16.1,81.61,-3.85,77.76,80.34,Lula,Lula,Lula,4155.99,4543.14,0.26,0.53,245.93
2303659,Catunda,CE,Nordeste,Nordeste,,9313,17.63,80.98,-3.85,77.13,80.15,Lula,Lula,Lula,3995.19,4440.7,0.26,0.52,242.14
2306801,Jaguaribara,CE,Nordeste,Nordeste,,8993,13.51,77.78,-3.85,73.93,76.76,Lula,Lula,Lula,3549.76,3968.9,0.26,0.46,233.82
2310605,Penaforte,CE,Nordeste,Nordeste,,8694,16.05,79.9,-3.85,76.05,78.66,Lula,Lula,Lula,3566.92,3923.66,0.26,0.5,226.04
2310951,Pires Ferreira,CE,Nordeste,Nordeste,,8610,13.14,75.01,-3.85,71.16,73.67,Lula,Lula,Lula,3004.87,3361.88,0.26,0.41,223.86
2304608,General Sampaio,CE,Nordeste,Nordeste,,8274,18.89,76.18,-3.85,72.33,75.13,Lula,Lula,Lula,2876.03,3236.42,0.26,0.43,215.12
2308807,Moraújo,CE,Nordeste,Nordeste,,8262,18.6,72.4,-3.85,68.55,71.44,Lula,Lula,Lula,2347.92,2714.42,0.26,0.36,214.81
2311207,Potengi,CE,Nordeste,Nordeste,,8102,15.87,86.64,-3.85,82.79,85.71,Lula,Lula,Lula,4238.88,4616.34,0.26,0.63,210.65
2300101,Abaiara,CE,Nordeste,Nordeste,,7775,19.76,81.73,-3.85,77.88,80.59,Lula,Lula,Lula,3252.74,3568.6,0.26,0.54,202.15
2304269,Deputado Irapuan Pinheiro,CE,Nordeste,Nordeste,,7474,16.18,80.68,-3.85,76.83,79.04,Lula,Lula,Lula,3145.41,3404.46,0.26,0.52,194.32
2313252,Tarrafas,CE,Nordeste,Nordeste,,7393,21.09,84.26,-3.85,80.41,83.01,Lula,Lula,Lula,3323.75,3607.58,0.26,0.58,192.22
2306207,Itaiçaba,CE,Nordeste,Nordeste,,7213,14.03,66.41,-3.85,62.56,65.36,Lula,Lula,Lula,1473.9,1802.46,0.26,0.24,187.54
2307205,Jati,CE,Nordeste,Nordeste,,7093,20.15,82.4,-3.85,78.55,81.41,Lula,Lula,Lula,3031.58,3335.18,0.26,0.55,184.42
2300804,Antonina Do Norte,CE,Nordeste,Nordeste,,7089,22.87,84.05,-3.85,80.2,82.5,Lula,Lula,Lula,3108.22,3344.68,0.26,0.58,184.31
2312809,Senador Sá,CE,Nordeste,Nordeste,,7038,13.61,73.13,-3.85,69.28,71.7,Lula,Lula,Lula,2204.39,2481.36,0.26,0.37,182.99
2300606,Altaneira,CE,Nordeste,Nordeste,,6949,18.41,87.06,-3.85,83.21,85.42,Lula,Lula,Lula,3559.39,3796.84,0.26,0.64,180.67
2301505,Arneiroz,CE,Nordeste,Nordeste,,6939,21.27,77.05,-3.85,73.2,75.86,Lula,Lula,Lula,2420.12,2696.92,0.26,0.45,180.41
2309904,Pacujá,CE,Nordeste,Nordeste,,6659,19.42,78.84,-3.85,74.99,76.99,Lula,Lula,Lula,2509.56,2711.04,0.26,0.48,173.13
2305100,Guaramiranga,CE,Nordeste,Nordeste,,6646,18.04,72.0,-3.85,68.15,70.88,Lula,Lula,Lula,1853.18,2131.82,0.26,0.35,172.8
2313708,Umari,CE,Nordeste,Nordeste,,6522,17.63,77.74,-3.85,73.89,76.85,Lula,Lula,Lula,2450.88,2754.74,0.26,0.46,169.57
2304806,Granjeiro,CE,Nordeste,Nordeste,,6328,18.81,83.42,-3.85,79.57,82.27,Lula,Lula,Lula,2924.35,3192.06,0.26,0.57,164.53
2312502,São João Do Jaguaribe,CE,Nordeste,Nordeste,,5965,19.58,82.74,-3.85,78.89,81.38,Lula,Lula,Lula,2588.56,2811.82,0.26,0.55,155.09
2311231,Potiretama,CE,Nordeste,Nordeste,,5834,12.74,75.51,-3.85,71.66,74.59,Lula,Lula,Lula,2132.28,2420.34,0.26,0.42,151.68
2304277,Ereré,CE,Nordeste,Nordeste,,5605,18.32,82.33,-3.85,78.48,81.09,Lula,Lula,Lula,2479.1,2706.62,0.26,0.55,145.73
2301802,Baixio,CE,Nordeste,Nordeste,,5464,16.14,84.1,-3.85,80.25,83.12,Lula,Lula,Lula,2656.08,2908.08,0.26,0.58,142.06
5300108,Brasília,DF,Centro-Oeste,Norte/Centro-Oeste,,2258320,18.9,42.62,-3.61,39.01,42.49,Flávio,Flávio,Flávio,-380601.1,-260248.1,-0.21,-0.21,-47424.72
3205002,Serra,ES,Sudeste,Sudeste,,361737,22.09,46.13,2.07,48.2,45.78,Flávio,Flávio,Flávio,-9492.2,-22277.78,-0.08,-0.03,-2893.9
3205200,Vila Velha,ES,Sudeste,Sudeste,,347987,19.22,39.05,2.07,41.12,39.19,Flávio,Flávio,Flávio,-47002.07,-57215.58,-0.08,-0.16,-2783.9
3201308,Cariacica,ES,Sudeste,Sudeste,,274339,22.07,43.43,2.07,45.5,43.27,Flávio,Flávio,Flávio,-18051.43,-27000.44,-0.08,-0.08,-2194.71
3205309,Vitória,ES,Sudeste,Sudeste,,267102,18.86,45.68,2.07,47.75,45.35,Flávio,Flávio,Flávio,-9212.36,-19071.16,-0.08,-0.04,-2136.82
3201209,Cachoeiro De Itapemirim,ES,Sudeste,Sudeste,,134177,18.04,29.38,2.07,31.45,30.02,Flávio,Flávio,Flávio,-38532.2,-41499.48,-0.08,-0.34,-1073.42
3203205,Linhares,ES,Sudeste,Sudeste,,122598,24.05,36.59,2.07,38.66,36.82,Flávio,Flávio,Flávio,-19661.86,-22839.2,-0.08,-0.21,-980.78
3202405,Guarapari,ES,Sudeste,Sudeste,,101964,23.98,34.2,2.07,36.27,34.61,Flávio,Flávio,Flávio,-19970.28,-22379.44,-0.08,-0.25,-815.71
3204906,São Mateus,ES,Sudeste,Sudeste,,92268,24.07,51.34,2.07,53.41,50.84,Lula,Lula,Lula,4516.76,1116.28,-0.08,0.06,-738.14
3201506,Colatina,ES,Sudeste,Sudeste,,87109,18.45,33.32,2.07,35.39,33.83,Flávio,Flávio,Flávio,-19536.9,-21631.68,-0.08,-0.27,-696.87
3200607,Aracruz,ES,Sudeste,Sudeste,,75118,22.92,40.9,2.07,42.97,40.91,Flávio,Flávio,Flávio,-7637.4,-9877.94,-0.08,-0.13,-600.94
3205101,Viana,ES,Sudeste,Sudeste,,54374,19.24,43.42,2.07,45.49,43.27,Flávio,Flávio,Flávio,-3728.55,-5562.98,-0.08,-0.08,-434.99
3203908,Nova Venécia,ES,Sudeste,Sudeste,,41191,23.36,45.46,2.07,47.53,45.24,Flávio,Flávio,Flávio,-1476.04,-2850.26,-0.08,-0.05,-329.53
3202801,Itapemirim,ES,Sudeste,Sudeste,,36630,20.09,30.97,2.07,33.04,31.37,Flávio,Flávio,Flávio,-9483.42,-10416.92,-0.08,-0.31,-293.04
3200904,Barra De São Francisco,ES,Sudeste,Sudeste,,34548,25.88,43.25,2.07,45.32,43.15,Flávio,Flávio,Flávio,-2277.28,-3332.06,-0.08,-0.09,-276.38
3203320,Marataízes,ES,Sudeste,Sudeste,,33342,18.12,31.54,2.07,33.61,31.93,Flávio,Flávio,Flávio,-8538.4,-9409.14,-0.08,-0.3,-266.74
3204559,Santa Maria De Jetibá,ES,Sudeste,Sudeste,,31314,18.49,24.3,2.07,26.37,25.28,Flávio,Flávio,Flávio,-11383.17,-11904.94,-0.08,-0.43,-250.51
3201407,Castelo,ES,Sudeste,Sudeste,,30033,20.54,23.48,2.07,25.55,24.39,Flávio,Flávio,Flávio,-11027.52,-11550.14,-0.08,-0.45,-240.26
3201902,Domingos Martins,ES,Sudeste,Sudeste,,29145,18.78,26.12,2.07,28.19,27.03,Flávio,Flávio,Flávio,-9675.12,-10190.04,-0.08,-0.4,-233.16
3200102,Afonso Cláudio,ES,Sudeste,Sudeste,,26254,26.27,36.02,2.07,38.09,36.29,Flávio,Flávio,Flávio,-4333.32,-4986.34,-0.08,-0.22,-210.03
3204708,São Gabriel Da Palha,ES,Sudeste,Sudeste,,26249,21.26,39.49,2.07,41.56,39.57,Flávio,Flávio,Flávio,-3303.61,-4084.28,-0.08,-0.16,-209.99
3201605,Conceição Da Barra,ES,Sudeste,Sudeste,S2#71,25964,28.86,63.1,2.07,65.17,62.26,Lula,Lula,Lula,5262.02,4254.26,-0.08,0.28,-207.71
3200805,Baixo Guandu,ES,Sudeste,Sudeste,,24892,22.69,39.51,2.07,41.58,39.58,Flávio,Flávio,Flávio,-3060.87,-3787.16,-0.08,-0.15,-199.14
3200409,Anchieta,ES,Sudeste,Sudeste,,24797,18.05,38.95,2.07,41.02,39.06,Flávio,Flávio,Flávio,-3447.78,-4200.62,-0.08,-0.17,-198.38
3203056,Jaguaré,ES,Sudeste,Sudeste,,24297,21.65,56.28,2.07,58.35,55.7,Lula,Lula,Lula,3018.44,2060.94,-0.08,0.15,-194.38
3200201,Alegre,ES,Sudeste,Sudeste,,23554,23.83,46.1,2.07,48.17,45.86,Flávio,Flávio,Flávio,-615.52,-1395.32,-0.08,-0.03,-188.43
3202306,Guaçuí,ES,Sudeste,Sudeste,,22346,24.63,40.59,2.07,42.66,40.61,Flávio,Flávio,Flávio,-2321.79,-2969.0,-0.08,-0.14,-178.77
3203007,Iúna,ES,Sudeste,Sudeste,,21285,23.86,29.88,2.07,31.95,30.38,Flávio,Flávio,Flávio,-5517.4,-5996.62,-0.08,-0.33,-170.28
3205010,Sooretama,ES,Sudeste,Sudeste,,20980,26.79,45.65,2.07,47.72,45.43,Flávio,Flávio,Flávio,-655.59,-1316.84,-0.08,-0.04,-167.84
3204609,Santa Teresa,ES,Sudeste,Sudeste,,20737,25.79,31.63,2.07,33.7,32.23,Flávio,Flávio,Flávio,-4684.36,-5106.78,-0.08,-0.3,-165.9
3205069,Venda Nova Do Imigrante,ES,Sudeste,Sudeste,,20198,23.33,22.52,2.07,24.59,23.51,Flávio,Flávio,Flávio,-7381.01,-7693.86,-0.08,-0.47,-161.58
3203403,Mimoso Do Sul,ES,Sudeste,Sudeste,,19748,20.49,48.62,2.07,50.69,48.25,Flávio,Lula,Flávio,200.26,-509.14,-0.08,0.01,-157.98
3202454,Ibatiba,ES,Sudeste,Sudeste,,19598,19.55,29.42,2.07,31.49,29.93,Flávio,Flávio,Flávio,-5485.59,-5946.74,-0.08,-0.34,-156.78
3202108,Ecoporanga,ES,Sudeste,Sudeste,,19065,25.26,54.37,2.07,56.44,53.8,Lula,Lula,Lula,1748.26,1032.26,-0.08,0.12,-152.52
3204054,Pedro Canário,ES,Sudeste,Sudeste,,18937,28.67,57.55,2.07,59.62,56.87,Lula,Lula,Lula,2453.54,1751.22,-0.08,0.18,-151.5
3204104,Pinheiros,ES,Sudeste,Sudeste,,18818,22.21,59.43,2.07,61.5,58.61,Lula,Lula,Lula,3203.47,2398.84,-0.08,0.21,-150.54
3204203,Piúma,ES,Sudeste,Sudeste,,17326,18.84,38.29,2.07,40.36,38.43,Flávio,Flávio,Flávio,-2556.73,-3068.98,-0.08,-0.18,-138.61
3205036,Vargem Alta,ES,Sudeste,Sudeste,,16002,19.88,27.8,2.07,29.87,28.35,Flávio,Flávio,Flávio,-4905.11,-5277.02,-0.08,-0.37,-128.02
3204005,Pancas,ES,Sudeste,Sudeste,,15876,27.17,43.68,2.07,45.75,43.58,Flávio,Flávio,Flávio,-935.06,-1413.42,-0.08,-0.08,-127.01
3204351,Rio Bananal,ES,Sudeste,Sudeste,,15535,22.79,40.22,2.07,42.29,40.26,Flávio,Flávio,Flávio,-1741.16,-2200.36,-0.08,-0.14,-124.28
3203502,Montanha,ES,Sudeste,Sudeste,,15424,24.57,53.23,2.07,55.3,52.8,Lula,Lula,Lula,1165.53,615.42,-0.08,0.1,-123.39
3203700,Muniz Freire,ES,Sudeste,Sudeste,,14757,22.73,41.32,2.07,43.39,41.3,Flávio,Flávio,Flávio,-1408.21,-1852.4,-0.08,-0.12,-118.06
3202207,Fundão,ES,Sudeste,Sudeste,,14736,21.67,47.69,2.07,49.76,47.37,Flávio,Flávio,Flávio,-52.84,-572.8,-0.08,-0.0,-117.89
3203346,Marechal Floriano,ES,Sudeste,Sudeste,,14378,20.8,32.31,2.07,34.38,32.88,Flávio,Flávio,Flávio,-3319.19,-3637.74,-0.08,-0.29,-115.02
3204302,Presidente Kennedy,ES,Sudeste,Sudeste,,13256,21.18,33.03,2.07,35.1,33.31,Flávio,Flávio,Flávio,-2963.63,-3320.02,-0.08,-0.27,-106.05
3200300,Alfredo Chaves,ES,Sudeste,Sudeste,,12984,22.6,27.16,2.07,29.23,27.93,Flávio,Flávio,Flávio,-3927.38,-4175.1,-0.08,-0.38,-103.87
3205176,Vila Valério,ES,Sudeste,Sudeste,,12919,18.45,49.36,2.07,51.43,48.95,Flávio,Lula,Flávio,286.62,-209.9,-0.08,0.03,-103.35
3203130,João Neiva,ES,Sudeste,Sudeste,,12793,21.39,38.69,2.07,40.76,38.81,Flávio,Flávio,Flávio,-1744.68,-2111.56,-0.08,-0.17,-102.34
3202702,Itaguaçu,ES,Sudeste,Sudeste,,11742,25.28,41.19,2.07,43.26,41.19,Flávio,Flávio,Flávio,-1115.77,-1460.06,-0.08,-0.12,-93.94
3202603,Iconha,ES,Sudeste,Sudeste,,11401,19.52,32.48,2.07,34.55,32.95,Flávio,Flávio,Flávio,-2657.53,-2932.26,-0.08,-0.28,-91.21
3202652,Irupi,ES,Sudeste,Sudeste,,11392,23.99,27.12,2.07,29.19,27.61,Flávio,Flávio,Flávio,-3386.91,-3643.08,-0.08,-0.38,-91.14
3201001,Boa Esperança,ES,Sudeste,Sudeste,,11266,20.17,50.47,2.07,52.54,50.08,Lula,Lula,Lula,432.07,12.86,-0.08,0.05,-90.13
3200169,Água Doce Do Norte,ES,Sudeste,Sudeste,,11111,22.82,50.62,2.07,52.69,50.24,Lula,Lula,Lula,434.41,39.3,-0.08,0.05,-88.89
3203809,Muqui,ES,Sudeste,Sudeste,,11078,19.55,44.8,2.07,46.87,44.6,Flávio,Flávio,Flávio,-523.96,-902.98,-0.08,-0.06,-88.62
3201159,Brejetuba,ES,Sudeste,Sudeste,,10987,26.68,40.19,2.07,42.26,40.23,Flávio,Flávio,Flávio,-1177.68,-1486.88,-0.08,-0.14,-87.9
3203353,Marilândia,ES,Sudeste,Sudeste,,10864,18.02,33.43,2.07,35.5,33.79,Flávio,Flávio,Flávio,-2426.62,-2713.42,-0.08,-0.27,-86.91
3203304,Mantenópolis,ES,Sudeste,Sudeste,,10402,25.66,42.37,2.07,44.44,42.32,Flávio,Flávio,Flávio,-815.29,-1126.16,-0.08,-0.1,-83.22
3204500,Santa Leopoldina,ES,Sudeste,Sudeste,,10108,20.93,44.91,2.07,46.98,44.67,Flávio,Flávio,Flávio,-450.69,-795.32,-0.08,-0.06,-80.86
3203106,Jerônimo Monteiro,ES,Sudeste,Sudeste,,10071,21.79,44.15,2.07,46.22,43.96,Flávio,Flávio,Flávio,-553.4,-884.5,-0.08,-0.07,-80.57
3201704,Conceição Do Castelo,ES,Sudeste,Sudeste,,9986,22.46,27.49,2.07,29.56,28.23,Flávio,Flávio,Flávio,-2923.35,-3112.7,-0.08,-0.38,-79.89
3202504,Ibiraçu,ES,Sudeste,Sudeste,,9933,23.22,40.0,2.07,42.07,40.05,Flávio,Flávio,Flávio,-1132.04,-1419.26,-0.08,-0.15,-79.46
3204955,São Roque Do Canaã,ES,Sudeste,Sudeste,,9890,21.04,36.48,2.07,38.55,36.69,Flávio,Flávio,Flávio,-1663.26,-1932.6,-0.08,-0.21,-79.12
3204807,São José Do Calçado,ES,Sudeste,Sudeste,,9759,21.62,52.01,2.07,54.08,51.58,Lula,Lula,Lula,583.12,225.18,-0.08,0.08,-78.07
3202900,Itarana,ES,Sudeste,Sudeste,,9584,23.18,30.75,2.07,32.82,31.34,Flávio,Flávio,Flávio,-2369.75,-2573.98,-0.08,-0.32,-76.67
3203163,Laranja Da Terra,ES,Sudeste,Sudeste,,9495,16.76,33.31,2.07,35.38,33.66,Flávio,Flávio,Flávio,-2178.59,-2435.78,-0.08,-0.27,-75.96
3200706,Atílio Vivácqua,ES,Sudeste,Sudeste,,9255,18.33,41.02,2.07,43.09,41.02,Flávio,Flávio,Flávio,-1000.42,-1300.02,-0.08,-0.13,-74.04
3202256,Governador Lindenberg,ES,Sudeste,Sudeste,,9107,23.08,44.56,2.07,46.63,44.35,Flávio,Flávio,Flávio,-444.27,-744.16,-0.08,-0.06,-72.86
3200136,Águia Branca,ES,Sudeste,Sudeste,,8898,19.58,52.92,2.07,54.99,52.41,Lula,Lula,Lula,685.51,331.08,-0.08,0.09,-71.18
3204401,Rio Novo Do Sul,ES,Sudeste,Sudeste,,8808,17.42,26.2,2.07,28.27,26.83,Flávio,Flávio,Flávio,-2990.9,-3189.36,-0.08,-0.4,-70.46
3201100,Bom Jesus Do Norte,ES,Sudeste,Sudeste,,8487,20.69,45.13,2.07,47.2,44.93,Flávio,Flávio,Flávio,-352.47,-638.86,-0.08,-0.05,-67.9
3204658,São Domingos Do Norte,ES,Sudeste,Sudeste,,8443,20.19,46.65,2.07,48.72,46.4,Flávio,Flávio,Flávio,-164.52,-462.38,-0.08,-0.02,-67.54
3205150,Vila Pavão,ES,Sudeste,Sudeste,,7761,15.29,50.01,2.07,52.08,49.57,Lula,Lula,Flávio,259.98,-53.46,-0.08,0.04,-62.09
3202553,Ibitirama,ES,Sudeste,Sudeste,,7471,17.75,32.88,2.07,34.95,33.21,Flávio,Flávio,Flávio,-1742.98,-1945.3,-0.08,-0.28,-59.77
3200359,Alto Rio Novo,ES,Sudeste,Sudeste,,6545,22.77,54.97,2.07,57.04,54.3,Lula,Lula,Lula,669.63,408.98,-0.08,0.13,-52.36
3204252,Ponto Belo,ES,Sudeste,Sudeste,,6490,23.19,60.79,2.07,62.86,60.11,Lula,Lula,Lula,1216.85,956.88,-0.08,0.24,-51.92
3200508,Apiacá,ES,Sudeste,Sudeste,,6320,22.37,47.83,2.07,49.9,47.54,Flávio,Flávio,Flávio,-9.72,-227.86,-0.08,-0.0,-50.56
3202009,Dores Do Rio Preto,ES,Sudeste,Sudeste,,6285,21.19,40.24,2.07,42.31,40.28,Flávio,Flávio,Flávio,-710.74,-898.62,-0.08,-0.14,-50.28
3203601,Mucurici,ES,Sudeste,Sudeste,,5141,21.55,60.67,2.07,62.74,59.95,Lula,Lula,Lula,975.42,761.8,-0.08,0.23,-41.13
3201803,Divino De São Lourenço,ES,Sudeste,Sudeste,,4889,19.0,37.68,2.07,39.75,37.8,Flávio,Flávio,Flávio,-765.02,-910.96,-0.08,-0.19,-39.11
5208707,Goiânia,GO,Centro-Oeste,Norte/Centro-Oeste,,1019261,19.89,34.04,-3.61,30.43,35.0,Flávio,Flávio,Flávio,-298043.83,-228326.52,-0.21,-0.37,-21404.48
5201405,Aparecida De Goiânia,GO,Centro-Oeste,Norte/Centro-Oeste,,341263,21.28,38.46,-3.61,34.85,38.83,Flávio,Flávio,Flávio,-75160.14,-55405.26,-0.21,-0.29,-7166.52
5201108,Anápolis,GO,Centro-Oeste,Norte/Centro-Oeste,,288292,22.28,25.72,-3.61,22.11,27.58,Flávio,Flávio,Flávio,-116216.09,-93417.62,-0.21,-0.53,-6054.13
5218805,Rio Verde,GO,Centro-Oeste,Norte/Centro-Oeste,,153307,20.85,29.59,-3.61,25.98,30.46,Flávio,Flávio,Flávio,-55047.73,-44782.38,-0.21,-0.46,-3219.45
5212501,Luziânia,GO,Centro-Oeste,Norte/Centro-Oeste,,136763,21.8,37.81,-3.61,34.2,38.26,Flávio,Flávio,Flávio,-31196.19,-23171.74,-0.21,-0.3,-2872.02
5200258,Águas Lindas De Goiás,GO,Centro-Oeste,Norte/Centro-Oeste,,125210,21.34,45.58,-3.61,41.97,45.06,Flávio,Flávio,Flávio,-14731.96,-9071.5,-0.21,-0.15,-2629.41
5221858,Valparaíso De Goiás,GO,Centro-Oeste,Norte/Centro-Oeste,,99112,20.09,42.65,-3.61,39.04,42.45,Flávio,Flávio,Flávio,-16240.86,-11182.26,-0.21,-0.21,-2081.35
5221403,Trindade,GO,Centro-Oeste,Norte/Centro-Oeste,,95914,21.92,38.9,-3.61,35.29,39.24,Flávio,Flávio,Flávio,-20317.53,-14863.84,-0.21,-0.28,-2014.19
5220454,Senador Canedo,GO,Centro-Oeste,Norte/Centro-Oeste,,95243,21.36,41.37,-3.61,37.76,41.32,Flávio,Flávio,Flávio,-16959.71,-12025.5,-0.21,-0.23,-2000.1
5208004,Formosa,GO,Centro-Oeste,Norte/Centro-Oeste,,77711,21.61,37.94,-3.61,34.33,38.34,Flávio,Flávio,Flávio,-17741.34,-13204.78,-0.21,-0.3,-1631.93
5205109,Catalão,GO,Centro-Oeste,Norte/Centro-Oeste,S1#58,75393,22.16,42.22,-3.61,38.61,42.08,Flávio,Flávio,Flávio,-12433.35,-8644.18,-0.21,-0.22,-1583.25
5211503,Itumbiara,GO,Centro-Oeste,Norte/Centro-Oeste,,74876,23.43,33.13,-3.61,29.52,33.99,Flávio,Flávio,Flávio,-21844.32,-17071.46,-0.21,-0.39,-1572.4
5211909,Jataí,GO,Centro-Oeste,Norte/Centro-Oeste,,73593,22.6,29.54,-3.61,25.93,30.58,Flávio,Flávio,Flávio,-25780.78,-20801.54,-0.21,-0.46,-1545.45
5204508,Caldas Novas,GO,Centro-Oeste,Norte/Centro-Oeste,,68138,24.14,31.81,-3.61,28.2,32.84,Flávio,Flávio,Flávio,-20898.52,-16444.98,-0.21,-0.41,-1430.9
5217609,Planaltina,GO,Centro-Oeste,Norte/Centro-Oeste,,66587,23.43,46.49,-3.61,42.88,45.89,Flávio,Flávio,Flávio,-6749.34,-3898.16,-0.21,-0.14,-1398.33
5208608,Goianésia,GO,Centro-Oeste,Norte/Centro-Oeste,,59437,22.85,34.78,-3.61,31.17,35.57,Flávio,Flávio,Flávio,-16023.23,-12283.42,-0.21,-0.36,-1248.18
5215231,Novo Gama,GO,Centro-Oeste,Norte/Centro-Oeste,,58615,20.55,43.91,-3.61,40.3,43.6,Flávio,Flávio,Flávio,-8407.84,-5546.52,-0.21,-0.18,-1230.92
5213103,Mineiros,GO,Centro-Oeste,Norte/Centro-Oeste,,51739,23.82,31.14,-3.61,27.53,32.11,Flávio,Flávio,Flávio,-16569.03,-13193.64,-0.21,-0.43,-1086.52
5205497,Cidade Ocidental,GO,Centro-Oeste,Norte/Centro-Oeste,,49714,21.44,44.94,-3.61,41.33,44.48,Flávio,Flávio,Flávio,-6342.07,-4041.2,-0.21,-0.16,-1043.99
5208806,Goianira,GO,Centro-Oeste,Norte/Centro-Oeste,,47570,24.69,40.8,-3.61,37.19,40.83,Flávio,Flávio,Flávio,-8476.42,-6067.34,-0.21,-0.24,-998.97
5219753,Santo Antônio Do Descoberto,GO,Centro-Oeste,Norte/Centro-Oeste,,46706,22.08,42.47,-3.61,38.86,42.31,Flávio,Flávio,Flávio,-7522.64,-5193.78,-0.21,-0.21,-980.83
5210000,Inhumas,GO,Centro-Oeste,Norte/Centro-Oeste,,40854,21.51,37.95,-3.61,34.34,38.43,Flávio,Flávio,Flávio,-9191.13,-6789.44,-0.21,-0.3,-857.93
5206206,Cristalina,GO,Centro-Oeste,Norte/Centro-Oeste,,38974,22.86,28.35,-3.61,24.74,29.37,Flávio,Flávio,Flávio,-14291.38,-11670.5,-0.21,-0.48,-818.45
5213806,Morrinhos,GO,Centro-Oeste,Norte/Centro-Oeste,,37180,22.08,33.12,-3.61,29.51,34.12,Flávio,Flávio,Flávio,-11035.74,-8550.32,-0.21,-0.39,-780.78
5218508,Quirinópolis,GO,Centro-Oeste,Norte/Centro-Oeste,,35296,22.63,35.31,-3.61,31.7,35.87,Flávio,Flávio,Flávio,-9331.97,-7207.04,-0.21,-0.35,-741.22
5211800,Jaraguá,GO,Centro-Oeste,Norte/Centro-Oeste,,33457,21.68,24.17,-3.61,20.56,26.53,Flávio,Flávio,Flávio,-14400.33,-11479.16,-0.21,-0.56,-702.6
5210406,Itaberaí,GO,Centro-Oeste,Norte/Centro-Oeste,,33230,23.56,38.5,-3.61,34.89,38.79,Flávio,Flávio,Flávio,-7155.25,-5308.8,-0.21,-0.29,-697.83
5218003,Porangatu,GO,Centro-Oeste,Norte/Centro-Oeste,,30959,23.18,38.08,-3.61,34.47,38.33,Flávio,Flávio,Flávio,-6957.65,-5225.72,-0.21,-0.3,-650.14
5221601,Uruaçu,GO,Centro-Oeste,Norte/Centro-Oeste,,30439,24.18,37.5,-3.61,33.89,37.86,Flávio,Flávio,Flávio,-6966.58,-5249.48,-0.21,-0.31,-639.22
5219308,Santa Helena De Goiás,GO,Centro-Oeste,Norte/Centro-Oeste,S1#17,30181,20.64,37.21,-3.61,33.6,37.57,Flávio,Flávio,Flávio,-7310.45,-5538.92,-0.21,-0.31,-633.8
5214606,Niquelândia,GO,Centro-Oeste,Norte/Centro-Oeste,,28256,26.46,40.76,-3.61,37.15,40.8,Flávio,Flávio,Flávio,-4917.28,-3519.54,-0.21,-0.24,-593.38
5209101,Goiatuba,GO,Centro-Oeste,Norte/Centro-Oeste,,27861,20.32,27.83,-3.61,24.22,29.33,Flávio,Flávio,Flávio,-10587.34,-8488.88,-0.21,-0.49,-585.08
5210208,Iporá,GO,Centro-Oeste,Norte/Centro-Oeste,,26609,23.15,32.85,-3.61,29.24,33.8,Flávio,Flávio,Flávio,-7954.9,-6207.12,-0.21,-0.39,-558.79
5214507,Nerópolis,GO,Centro-Oeste,Norte/Centro-Oeste,,25856,25.19,36.66,-3.61,33.05,37.25,Flávio,Flávio,Flávio,-6068.28,-4564.12,-0.21,-0.32,-542.98
5218300,Posse,GO,Centro-Oeste,Norte/Centro-Oeste,S1#59,25339,20.53,42.79,-3.61,39.18,42.6,Flávio,Flávio,Flávio,-4075.45,-2788.58,-0.21,-0.21,-532.12
5220108,São Luís De Montes Belos,GO,Centro-Oeste,Norte/Centro-Oeste,,24563,20.6,22.83,-3.61,19.22,24.57,Flávio,Flávio,Flávio,-11288.14,-9325.86,-0.21,-0.58,-515.82
5203302,Bela Vista De Goiás,GO,Centro-Oeste,Norte/Centro-Oeste,,24222,23.25,35.38,-3.61,31.77,36.31,Flávio,Flávio,Flávio,-6226.39,-4673.92,-0.21,-0.35,-508.66
5209705,Hidrolândia,GO,Centro-Oeste,Norte/Centro-Oeste,,23574,22.88,38.4,-3.61,34.79,39.02,Flávio,Flávio,Flávio,-4998.27,-3610.52,-0.21,-0.29,-495.05
5215702,Palmeiras De Goiás,GO,Centro-Oeste,Norte/Centro-Oeste,,23454,22.64,31.55,-3.61,27.94,32.4,Flávio,Flávio,Flávio,-7542.8,-6018.54,-0.21,-0.42,-492.53
5213087,Minaçu,GO,Centro-Oeste,Norte/Centro-Oeste,,22408,26.12,41.1,-3.61,37.49,41.09,Flávio,Flávio,Flávio,-3904.59,-2780.22,-0.21,-0.24,-470.57
5217401,Pires Do Rio,GO,Centro-Oeste,Norte/Centro-Oeste,,22071,23.58,29.67,-3.61,26.06,30.83,Flávio,Flávio,Flávio,-7465.81,-5978.6,-0.21,-0.45,-463.49
5200308,Alexânia,GO,Centro-Oeste,Norte/Centro-Oeste,,21974,21.2,29.27,-3.61,25.66,30.77,Flávio,Flávio,Flávio,-7846.46,-6198.02,-0.21,-0.46,-461.45
5211206,Itapuranga,GO,Centro-Oeste,Norte/Centro-Oeste,,21491,17.93,40.51,-3.61,36.9,40.57,Flávio,Flávio,Flávio,-4324.42,-3112.78,-0.21,-0.25,-451.31
5217302,Pirenópolis,GO,Centro-Oeste,Norte/Centro-Oeste,,20745,21.16,39.39,-3.61,35.78,39.58,Flávio,Flávio,Flávio,-4297.98,-3148.14,-0.21,-0.27,-435.64
5210109,Ipameri,GO,Centro-Oeste,Norte/Centro-Oeste,,20506,23.66,38.79,-3.61,35.18,39.04,Flávio,Flávio,Flávio,-4310.72,-3187.42,-0.21,-0.28,-430.63
5215603,Padre Bernardo,GO,Centro-Oeste,Norte/Centro-Oeste,,20391,22.71,39.14,-3.61,35.53,39.37,Flávio,Flávio,Flávio,-4218.01,-3098.0,-0.21,-0.27,-428.21
5208905,Goiás,GO,Centro-Oeste,Norte/Centro-Oeste,,19216,25.16,53.11,-3.61,49.5,51.81,Lula,Flávio,Lula,-134.41,486.32,-0.21,-0.01,-403.54
5217104,Piracanjuba,GO,Centro-Oeste,Norte/Centro-Oeste,,18846,23.96,38.78,-3.61,35.17,39.09,Flávio,Flávio,Flávio,-3936.97,-2896.28,-0.21,-0.28,-395.77
5220207,São Miguel Do Araguaia,GO,Centro-Oeste,Norte/Centro-Oeste,,18389,25.56,32.35,-3.61,28.74,33.14,Flávio,Flávio,Flávio,-5488.95,-4353.42,-0.21,-0.4,-386.17
5203500,Bom Jesus,GO,Centro-Oeste,Norte/Centro-Oeste,,18138,24.66,36.84,-3.61,33.23,37.18,Flávio,Flávio,Flávio,-4266.84,-3262.08,-0.21,-0.32,-380.9
5205513,Cocalzinho De Goiás,GO,Centro-Oeste,Norte/Centro-Oeste,,17515,23.52,37.96,-3.61,34.35,38.34,Flávio,Flávio,Flávio,-3879.03,-2891.0,-0.21,-0.3,-367.82
5205406,Ceres,GO,Centro-Oeste,Norte/Centro-Oeste,,16940,19.83,31.25,-3.61,27.64,32.3,Flávio,Flávio,Flávio,-5715.75,-4522.94,-0.21,-0.42,-355.74
5220603,Silvânia,GO,Centro-Oeste,Norte/Centro-Oeste,,16325,19.39,32.1,-3.61,28.49,33.17,Flávio,Flávio,Flávio,-5283.7,-4132.72,-0.21,-0.41,-342.82
5200134,Acreúna,GO,Centro-Oeste,Norte/Centro-Oeste,,15970,21.21,33.94,-3.61,30.33,34.42,Flávio,Flávio,Flávio,-4694.03,-3716.72,-0.21,-0.37,-335.37
5210901,Itapaci,GO,Centro-Oeste,Norte/Centro-Oeste,S1#74,15697,24.81,41.92,-3.61,38.31,41.84,Flávio,Flávio,Flávio,-2595.49,-1812.1,-0.21,-0.22,-329.64
5200050,Abadia De Goiás,GO,Centro-Oeste,Norte/Centro-Oeste,,15631,24.81,37.71,-3.61,34.1,38.21,Flávio,Flávio,Flávio,-3458.29,-2564.12,-0.21,-0.3,-328.25
5218904,Rubiataba,GO,Centro-Oeste,Norte/Centro-Oeste,,15629,23.07,27.8,-3.61,24.19,29.55,Flávio,Flávio,Flávio,-5760.35,-4562.86,-0.21,-0.49,-328.21
5201306,Anicuns,GO,Centro-Oeste,Norte/Centro-Oeste,,15170,19.79,35.72,-3.61,32.11,36.44,Flávio,Flávio,Flávio,-4035.88,-3057.48,-0.21,-0.34,-318.57
5204904,Campos Belos,GO,Centro-Oeste,Norte/Centro-Oeste,,14899,25.76,56.94,-3.61,53.33,54.9,Lula,Lula,Lula,681.02,1002.38,-0.21,0.06,-312.88
5209200,Guapó,GO,Centro-Oeste,Norte/Centro-Oeste,,14861,23.3,43.66,-3.61,40.05,43.24,Flávio,Flávio,Flávio,-2077.11,-1411.58,-0.21,-0.19,-312.08
5212204,Jussara,GO,Centro-Oeste,Norte/Centro-Oeste,,14816,22.08,33.67,-3.61,30.06,34.5,Flávio,Flávio,Flávio,-4296.82,-3341.44,-0.21,-0.38,-311.14
5217708,Pontalina,GO,Centro-Oeste,Norte/Centro-Oeste,,14364,19.56,34.62,-3.61,31.01,35.37,Flávio,Flávio,Flávio,-4077.76,-3141.54,-0.21,-0.36,-301.64
5201702,Aragarças,GO,Centro-Oeste,Norte/Centro-Oeste,,13908,23.29,38.92,-3.61,35.31,39.08,Flávio,Flávio,Flávio,-2976.71,-2212.92,-0.21,-0.28,-292.07
5220405,São Simão,GO,Centro-Oeste,Norte/Centro-Oeste,S1#76,13332,25.83,48.63,-3.61,45.02,48.05,Flávio,Flávio,Flávio,-924.94,-362.12,-0.21,-0.09,-279.97
5204409,Caiapônia,GO,Centro-Oeste,Norte/Centro-Oeste,,13208,23.33,35.63,-3.61,32.02,36.11,Flávio,Flávio,Flávio,-3431.85,-2650.88,-0.21,-0.34,-277.37
5206404,Crixás,GO,Centro-Oeste,Norte/Centro-Oeste,,13017,28.33,49.84,-3.61,46.23,48.72,Flávio,Flávio,Flávio,-656.45,-223.24,-0.21,-0.07,-273.36
5209952,Indiara,GO,Centro-Oeste,Norte/Centro-Oeste,S1#40,12731,22.32,40.49,-3.61,36.88,40.55,Flávio,Flávio,Flávio,-2431.01,-1752.26,-0.21,-0.25,-267.35
5200100,Abadiânia,GO,Centro-Oeste,Norte/Centro-Oeste,,12586,21.9,28.88,-3.61,25.27,30.35,Flávio,Flávio,Flávio,-4515.36,-3588.68,-0.21,-0.47,-264.31
5214002,Mozarlândia,GO,Centro-Oeste,Norte/Centro-Oeste,,12318,28.0,38.33,-3.61,34.72,38.67,Flávio,Flávio,Flávio,-2528.57,-1874.58,-0.21,-0.29,-258.68
5215306,Orizona,GO,Centro-Oeste,Norte/Centro-Oeste,,12089,19.6,31.51,-3.61,27.9,33.05,Flávio,Flávio,Flávio,-3944.88,-3025.42,-0.21,-0.42,-253.87
5222005,Vianópolis,GO,Centro-Oeste,Norte/Centro-Oeste,,11287,20.15,26.09,-3.61,22.48,27.84,Flávio,Flávio,Flávio,-4640.29,-3736.38,-0.21,-0.52,-237.03
5221700,Uruana,GO,Centro-Oeste,Norte/Centro-Oeste,,10812,19.51,39.15,-3.61,35.54,39.36,Flávio,Flávio,Flávio,-2338.41,-1721.32,-0.21,-0.27,-227.05
5204300,Caçu,GO,Centro-Oeste,Norte/Centro-Oeste,,10792,23.46,27.81,-3.61,24.2,28.82,Flávio,Flávio,Flávio,-4040.56,-3317.24,-0.21,-0.49,-226.63
5208400,Goianápolis,GO,Centro-Oeste,Norte/Centro-Oeste,,10753,19.73,24.58,-3.61,20.97,26.27,Flávio,Flávio,Flávio,-4710.28,-3850.52,-0.21,-0.55,-225.81
5215504,Ouvidor,GO,Centro-Oeste,Norte/Centro-Oeste,S1#10,10501,22.46,43.02,-3.61,39.41,42.8,Flávio,Flávio,Flávio,-1597.02,-1085.42,-0.21,-0.2,-220.52
5201801,Aragoiânia,GO,Centro-Oeste,Norte/Centro-Oeste,,10215,20.95,40.77,-3.61,37.16,40.81,Flávio,Flávio,Flávio,-1918.55,-1373.72,-0.21,-0.24,-214.52
5203203,Barro Alto,GO,Centro-Oeste,Norte/Centro-Oeste,,10023,24.28,36.85,-3.61,33.24,37.5,Flávio,Flávio,Flávio,-2355.14,-1756.12,-0.21,-0.32,-210.48
5213756,Montividiu,GO,Centro-Oeste,Norte/Centro-Oeste,,9826,20.52,25.2,-3.61,21.59,25.98,Flávio,Flávio,Flávio,-4235.72,-3581.66,-0.21,-0.54,-206.35
5207402,Edéia,GO,Centro-Oeste,Norte/Centro-Oeste,,9541,22.19,32.01,-3.61,28.4,32.89,Flávio,Flávio,Flávio,-2996.29,-2372.5,-0.21,-0.41,-200.36
5205471,Chapadão Do Céu,GO,Centro-Oeste,Norte/Centro-Oeste,,9497,22.85,25.89,-3.61,22.28,26.75,Flávio,Flávio,Flávio,-3905.77,-3277.12,-0.21,-0.53,-199.44
5214838,Nova Crixás,GO,Centro-Oeste,Norte/Centro-Oeste,,9335,23.41,44.9,-3.61,41.29,44.52,Flávio,Flávio,Flávio,-1174.68,-739.82,-0.21,-0.17,-196.04
5216403,Paraúna,GO,Centro-Oeste,Norte/Centro-Oeste,,9273,23.0,30.11,-3.61,26.5,31.02,Flávio,Flávio,Flávio,-3147.68,-2542.24,-0.21,-0.45,-194.73
5218607,Rialma,GO,Centro-Oeste,Norte/Centro-Oeste,,9232,19.65,30.21,-3.61,26.6,31.21,Flávio,Flávio,Flávio,-3277.98,-2632.2,-0.21,-0.44,-193.87
5204706,Campinorte,GO,Centro-Oeste,Norte/Centro-Oeste,,9168,22.33,30.87,-3.61,27.26,32.07,Flávio,Flávio,Flávio,-3036.81,-2394.54,-0.21,-0.43,-192.53
5212808,Mara Rosa,GO,Centro-Oeste,Norte/Centro-Oeste,,9165,24.38,41.52,-3.61,37.91,41.46,Flávio,Flávio,Flávio,-1559.46,-1102.26,-0.21,-0.23,-192.46
5217203,Piranhas,GO,Centro-Oeste,Norte/Centro-Oeste,,9094,20.76,35.44,-3.61,31.83,36.07,Flávio,Flávio,Flávio,-2445.84,-1874.78,-0.21,-0.35,-190.97
5207808,Firminópolis,GO,Centro-Oeste,Norte/Centro-Oeste,,8767,19.05,27.96,-3.61,24.35,29.49,Flávio,Flávio,Flávio,-3413.14,-2730.16,-0.21,-0.49,-184.11
5203906,Buriti Alegre,GO,Centro-Oeste,Norte/Centro-Oeste,,8690,28.56,37.68,-3.61,34.07,38.01,Flávio,Flávio,Flávio,-1851.24,-1392.72,-0.21,-0.3,-182.49
5215009,Nova Veneza,GO,Centro-Oeste,Norte/Centro-Oeste,,8553,22.71,39.65,-3.61,36.04,39.84,Flávio,Flávio,Flávio,-1719.23,-1251.48,-0.21,-0.27,-179.61
5207907,Flores De Goiás,GO,Centro-Oeste,Norte/Centro-Oeste,,8526,26.6,53.33,-3.61,49.72,51.67,Lula,Flávio,Lula,-32.39,193.44,-0.21,-0.01,-179.05
5209903,Iaciara,GO,Centro-Oeste,Norte/Centro-Oeste,,8526,22.67,51.93,-3.61,48.32,49.92,Lula,Flávio,Flávio,-202.31,-9.92,-0.21,-0.03,-179.05
5219704,Santa Terezinha De Goiás,GO,Centro-Oeste,Norte/Centro-Oeste,,8524,26.56,49.69,-3.61,46.08,48.85,Flávio,Flávio,Flávio,-461.1,-135.2,-0.21,-0.07,-179.0
5219738,Santo Antônio De Goiás,GO,Centro-Oeste,Norte/Centro-Oeste,,7976,21.51,39.12,-3.61,35.51,39.34,Flávio,Flávio,Flávio,-1703.57,-1253.38,-0.21,-0.28,-167.5
5205307,Cavalcante,GO,Centro-Oeste,Norte/Centro-Oeste,,7953,28.68,81.89,-3.61,78.28,77.7,Lula,Lula,Lula,2974.02,2913.26,-0.21,0.54,-167.01
5205802,Corumbá De Goiás,GO,Centro-Oeste,Norte/Centro-Oeste,,7930,23.13,38.55,-3.61,34.94,38.88,Flávio,Flávio,Flávio,-1699.64,-1254.96,-0.21,-0.29,-166.53
5203559,Bonfinópolis,GO,Centro-Oeste,Norte/Centro-Oeste,,7873,19.43,40.64,-3.61,37.03,40.69,Flávio,Flávio,Flávio,-1519.29,-1090.16,-0.21,-0.25,-165.33
5220009,São João D'Aliança,GO,Centro-Oeste,Norte/Centro-Oeste,,7763,21.56,43.61,-3.61,40.0,43.25,Flávio,Flávio,Flávio,-1127.55,-761.12,-0.21,-0.19,-163.02
5204102,Cachoeira Alta,GO,Centro-Oeste,Norte/Centro-Oeste,,7723,25.72,37.69,-3.61,34.08,38.04,Flávio,Flávio,Flávio,-1693.19,-1272.56,-0.21,-0.3,-162.18
5214408,Nazário,GO,Centro-Oeste,Norte/Centro-Oeste,,7694,21.58,34.18,-3.61,30.57,34.88,Flávio,Flávio,Flávio,-2209.3,-1719.3,-0.21,-0.37,-161.57
5211404,Itauçu,GO,Centro-Oeste,Norte/Centro-Oeste,,7690,17.62,39.42,-3.61,35.81,39.6,Flávio,Flávio,Flávio,-1680.43,-1231.08,-0.21,-0.27,-161.49
5200605,Alto Paraíso De Goiás,GO,Centro-Oeste,Norte/Centro-Oeste,,7682,27.05,60.8,-3.61,57.19,58.65,Lula,Lula,Lula,762.6,917.54,-0.21,0.14,-161.32
5203401,Bom Jardim De Goiás,GO,Centro-Oeste,Norte/Centro-Oeste,,7603,22.64,43.76,-3.61,40.15,43.55,Flávio,Flávio,Flávio,-1102.56,-721.6,-0.21,-0.19,-159.66
5213004,Maurilândia,GO,Centro-Oeste,Norte/Centro-Oeste,,7553,20.93,48.55,-3.61,44.94,47.98,Flávio,Flávio,Flávio,-569.83,-227.3,-0.21,-0.1,-158.61
5216809,Petrolina De Goiás,GO,Centro-Oeste,Norte/Centro-Oeste,,7530,18.63,31.96,-3.61,28.35,33.0,Flávio,Flávio,Flávio,-2453.91,-1926.76,-0.21,-0.41,-158.13
5204003,Cabeceiras,GO,Centro-Oeste,Norte/Centro-Oeste,,7447,21.87,44.51,-3.61,40.9,44.18,Flávio,Flávio,Flávio,-989.31,-632.42,-0.21,-0.17,-156.39
5202502,Aruanã,GO,Centro-Oeste,Norte/Centro-Oeste,,7391,29.59,42.64,-3.61,39.03,42.41,Flávio,Flávio,Flávio,-1059.72,-733.06,-0.21,-0.21,-155.21
5205455,Cezarina,GO,Centro-Oeste,Norte/Centro-Oeste,,7360,19.05,37.7,-3.61,34.09,38.1,Flávio,Flávio,Flávio,-1764.72,-1319.38,-0.21,-0.3,-154.56
5212303,Leopoldo De Bulhões,GO,Centro-Oeste,Norte/Centro-Oeste,,7348,21.39,38.41,-3.61,34.8,38.72,Flávio,Flávio,Flávio,-1623.86,-1204.34,-0.21,-0.29,-154.31
5219803,São Domingos,GO,Centro-Oeste,Norte/Centro-Oeste,,7284,26.88,60.17,-3.61,56.56,56.48,Lula,Lula,Lula,627.46,619.38,-0.21,0.12,-152.96
5204250,Cachoeira Dourada,GO,Centro-Oeste,Norte/Centro-Oeste,,7232,23.44,44.42,-3.61,40.81,44.13,Flávio,Flávio,Flávio,-954.44,-610.2,-0.21,-0.17,-151.87
5205000,Carmo Do Rio Verde,GO,Centro-Oeste,Norte/Centro-Oeste,,7229,21.46,36.81,-3.61,33.2,37.17,Flávio,Flávio,Flávio,-1796.83,-1372.48,-0.21,-0.32,-151.81
5216304,Paranaiguara,GO,Centro-Oeste,Norte/Centro-Oeste,,7170,22.37,47.55,-3.61,43.94,46.86,Flávio,Flávio,Flávio,-625.47,-323.86,-0.21,-0.12,-150.57
5205901,Corumbaíba,GO,Centro-Oeste,Norte/Centro-Oeste,,7145,23.54,35.44,-3.61,31.83,36.04,Flávio,Flávio,Flávio,-1850.83,-1422.44,-0.21,-0.35,-150.04
5219001,Sanclerlândia,GO,Centro-Oeste,Norte/Centro-Oeste,,7135,18.67,38.01,-3.61,34.4,38.3,Flávio,Flávio,Flávio,-1703.04,-1276.76,-0.21,-0.3,-149.84
5222054,Vicentinópolis,GO,Centro-Oeste,Norte/Centro-Oeste,,7110,19.02,38.7,-3.61,35.09,38.89,Flávio,Flávio,Flávio,-1615.73,-1204.26,-0.21,-0.28,-149.31
5213707,Montes Claros De Goiás,GO,Centro-Oeste,Norte/Centro-Oeste,,7109,22.32,35.87,-3.61,32.26,36.37,Flávio,Flávio,Flávio,-1854.4,-1424.86,-0.21,-0.34,-149.29
5214861,Nova Glória,GO,Centro-Oeste,Norte/Centro-Oeste,,6881,19.92,41.44,-3.61,37.83,41.4,Flávio,Flávio,Flávio,-1250.35,-884.18,-0.21,-0.23,-144.5
5211008,Itapirapuã,GO,Centro-Oeste,Norte/Centro-Oeste,,6866,23.73,45.04,-3.61,41.43,44.59,Flávio,Flávio,Flávio,-845.87,-533.84,-0.21,-0.16,-144.19
5221197,Terezópolis De Goiás,GO,Centro-Oeste,Norte/Centro-Oeste,,6829,19.45,41.08,-3.61,37.47,41.07,Flávio,Flávio,Flávio,-1275.3,-908.66,-0.21,-0.24,-143.41
5200803,Alvorada Do Norte,GO,Centro-Oeste,Norte/Centro-Oeste,,6780,23.73,49.12,-3.61,45.51,48.19,Flávio,Flávio,Flávio,-431.33,-173.42,-0.21,-0.09,-142.38
5204854,Campo Limpo De Goiás,GO,Centro-Oeste,Norte/Centro-Oeste,,6772,21.06,30.81,-3.61,27.2,32.31,Flávio,Flávio,Flávio,-2263.26,-1755.9,-0.21,-0.43,-142.21
5207535,Faina,GO,Centro-Oeste,Norte/Centro-Oeste,,6624,25.42,50.58,-3.61,46.97,49.51,Lula,Flávio,Flávio,-282.48,-45.94,-0.21,-0.06,-139.1
5220504,Serranópolis,GO,Centro-Oeste,Norte/Centro-Oeste,,6621,26.19,39.87,-3.61,36.26,39.97,Flávio,Flávio,Flávio,-1268.12,-925.68,-0.21,-0.26,-139.04
5212709,Mambaí,GO,Centro-Oeste,Norte/Centro-Oeste,,6519,21.58,33.61,-3.61,30.0,34.04,Flávio,Flávio,Flávio,-1953.07,-1558.68,-0.21,-0.38,-136.9
5200555,Alto Horizonte,GO,Centro-Oeste,Norte/Centro-Oeste,,6397,26.62,35.72,-3.61,32.11,36.24,Flávio,Flávio,Flávio,-1593.65,-1225.24,-0.21,-0.34,-134.34
5222302,Vila Propício,GO,Centro-Oeste,Norte/Centro-Oeste,,6026,22.07,44.0,-3.61,40.39,43.38,Flávio,Flávio,Flávio,-831.97,-573.12,-0.21,-0.18,-126.55
5202155,Araguapaz,GO,Centro-Oeste,Norte/Centro-Oeste,,6011,22.63,42.29,-3.61,38.68,42.14,Flávio,Flávio,Flávio,-991.87,-688.18,-0.21,-0.22,-126.23
5211701,Jandaia,GO,Centro-Oeste,Norte/Centro-Oeste,,5992,18.56,34.97,-3.61,31.36,35.52,Flávio,Flávio,Flávio,-1718.07,-1334.46,-0.21,-0.35,-125.83
5204805,Campo Alegre De Goiás,GO,Centro-Oeste,Norte/Centro-Oeste,S3#31,5811,19.96,40.69,-3.61,37.08,40.72,Flávio,Flávio,Flávio,-1134.85,-815.14,-0.21,-0.25,-122.03
5212105,Joviânia,GO,Centro-Oeste,Norte/Centro-Oeste,,5772,18.16,36.03,-3.61,32.42,36.46,Flávio,Flávio,Flávio,-1552.26,-1195.76,-0.21,-0.33,-121.21
5207253,Doverlândia,GO,Centro-Oeste,Norte/Centro-Oeste,,5670,19.81,36.34,-3.61,32.73,36.92,Flávio,Flávio,Flávio,-1476.88,-1118.04,-0.21,-0.33,-119.07
5213509,Monte Alegre De Goiás,GO,Centro-Oeste,Norte/Centro-Oeste,,5622,26.75,68.49,-3.61,64.88,64.11,Lula,Lula,Lula,1126.08,1067.64,-0.21,0.28,-118.06
5219100,Santa Bárbara De Goiás,GO,Centro-Oeste,Norte/Centro-Oeste,,5600,18.89,37.3,-3.61,33.69,37.81,Flávio,Flávio,Flávio,-1386.95,-1036.58,-0.21,-0.31,-117.6
5200852,Americano Do Brasil,GO,Centro-Oeste,Norte/Centro-Oeste,,5599,19.9,43.19,-3.61,39.58,42.89,Flávio,Flávio,Flávio,-868.43,-592.2,-0.21,-0.2,-117.58
5220686,Simolândia,GO,Centro-Oeste,Norte/Centro-Oeste,,5580,23.64,51.16,-3.61,47.55,50.02,Lula,Flávio,Lula,-192.38,1.76,-0.21,-0.05,-117.18
5207600,Fazenda Nova,GO,Centro-Oeste,Norte/Centro-Oeste,,5536,19.62,38.48,-3.61,34.87,38.77,Flávio,Flávio,Flávio,-1256.27,-932.1,-0.21,-0.29,-116.26
5205208,Caturaí,GO,Centro-Oeste,Norte/Centro-Oeste,,5460,22.42,47.28,-3.61,43.67,46.54,Flávio,Flávio,Flávio,-495.1,-270.18,-0.21,-0.12,-114.66
5219902,São Francisco De Goiás,GO,Centro-Oeste,Norte/Centro-Oeste,,5392,22.2,32.3,-3.61,28.69,33.49,Flávio,Flávio,Flávio,-1639.91,-1270.36,-0.21,-0.4,-113.23
5214051,Mundo Novo,GO,Centro-Oeste,Norte/Centro-Oeste,,5366,25.74,40.99,-3.61,37.38,41.0,Flávio,Flávio,Flávio,-950.48,-678.3,-0.21,-0.24,-112.69
5210604,Itaguaru,GO,Centro-Oeste,Norte/Centro-Oeste,,5268,16.44,48.14,-3.61,44.53,47.5,Flávio,Flávio,Flávio,-453.27,-207.2,-0.21,-0.1,-110.63
5203807,Britânia,GO,Centro-Oeste,Norte/Centro-Oeste,,5183,23.92,33.83,-3.61,30.22,34.61,Flávio,Flávio,Flávio,-1467.17,-1141.38,-0.21,-0.38,-108.84
5210562,Itaguari,GO,Centro-Oeste,Norte/Centro-Oeste,,5166,18.35,44.44,-3.61,40.83,43.94,Flávio,Flávio,Flávio,-721.62,-476.62,-0.21,-0.17,-108.49
5208301,Divinópolis De Goiás,GO,Centro-Oeste,Norte/Centro-Oeste,,5110,26.65,59.94,-3.61,56.33,57.71,Lula,Lula,Lula,436.11,531.06,-0.21,0.12,-107.31
5220157,São Luiz Do Norte,GO,Centro-Oeste,Norte/Centro-Oeste,,5107,24.24,52.76,-3.61,49.15,51.1,Lula,Flávio,Lula,-61.4,79.72,-0.21,-0.02,-107.25
5200175,Água Fria De Goiás,GO,Centro-Oeste,Norte/Centro-Oeste,,5099,23.89,34.95,-3.61,31.34,36.04,Flávio,Flávio,Flávio,-1333.42,-997.36,-0.21,-0.35,-107.08
5209937,Inaciolândia,GO,Centro-Oeste,Norte/Centro-Oeste,,4809,21.67,50.16,-3.61,46.55,49.23,Lula,Flávio,Flávio,-241.16,-53.98,-0.21,-0.07,-100.99
5209408,Guarani De Goiás,GO,Centro-Oeste,Norte/Centro-Oeste,,4796,17.12,60.14,-3.61,56.53,54.81,Lula,Lula,Lula,461.01,339.18,-0.21,0.12,-100.72
5208103,Formoso,GO,Centro-Oeste,Norte/Centro-Oeste,,4706,26.03,47.58,-3.61,43.97,47.01,Flávio,Flávio,Flávio,-398.01,-197.38,-0.21,-0.11,-98.83
5211305,Itarumã,GO,Centro-Oeste,Norte/Centro-Oeste,,4683,24.64,37.98,-3.61,34.37,38.24,Flávio,Flávio,Flávio,-1036.23,-779.22,-0.21,-0.3,-98.34
5213905,Mossâmedes,GO,Centro-Oeste,Norte/Centro-Oeste,,4636,22.41,53.26,-3.61,49.65,51.7,Lula,Flávio,Lula,-23.62,114.42,-0.21,-0.01,-97.36
5221502,Turvânia,GO,Centro-Oeste,Norte/Centro-Oeste,,4582,20.69,31.91,-3.61,28.3,32.79,Flávio,Flávio,Flávio,-1486.03,-1178.94,-0.21,-0.41,-96.22
5208509,Goiandira,GO,Centro-Oeste,Norte/Centro-Oeste,,4561,17.78,50.59,-3.61,46.98,49.53,Lula,Flávio,Flávio,-212.37,-32.72,-0.21,-0.06,-95.78
5204953,Campos Verdes,GO,Centro-Oeste,Norte/Centro-Oeste,,4498,28.79,61.67,-3.61,58.06,59.74,Lula,Lula,Lula,483.8,584.6,-0.21,0.15,-94.46
5202809,Avelinópolis,GO,Centro-Oeste,Norte/Centro-Oeste,,4465,22.58,31.63,-3.61,28.02,32.77,Flávio,Flávio,Flávio,-1431.56,-1122.56,-0.21,-0.42,-93.76
5219407,Santa Rita Do Araguaia,GO,Centro-Oeste,Norte/Centro-Oeste,,4460,25.9,40.41,-3.61,36.8,40.47,Flávio,Flávio,Flávio,-819.31,-591.46,-0.21,-0.25,-93.66
5221908,Varjão,GO,Centro-Oeste,Norte/Centro-Oeste,,4454,22.59,32.59,-3.61,28.98,33.98,Flávio,Flávio,Flávio,-1325.53,-1010.24,-0.21,-0.4,-93.53
5221007,Taquaral De Goiás,GO,Centro-Oeste,Norte/Centro-Oeste,,4447,20.78,35.21,-3.61,31.6,35.85,Flávio,Flávio,Flávio,-1212.09,-932.1,-0.21,-0.35,-93.39
5215900,Palminópolis,GO,Centro-Oeste,Norte/Centro-Oeste,,4428,21.48,28.22,-3.61,24.61,29.78,Flávio,Flávio,Flávio,-1665.81,-1326.68,-0.21,-0.48,-92.99
5218789,Rio Quente,GO,Centro-Oeste,Norte/Centro-Oeste,,4413,22.62,33.64,-3.61,30.03,34.74,Flávio,Flávio,Flávio,-1257.76,-961.14,-0.21,-0.38,-92.67
5219712,Santo Antônio Da Barra,GO,Centro-Oeste,Norte/Centro-Oeste,,4303,21.68,43.16,-3.61,39.55,42.98,Flávio,Flávio,Flávio,-654.43,-439.48,-0.21,-0.2,-90.36
5204557,Caldazinha,GO,Centro-Oeste,Norte/Centro-Oeste,,4292,23.04,39.05,-3.61,35.44,39.42,Flávio,Flávio,Flávio,-880.28,-639.48,-0.21,-0.28,-90.13
5220264,São Miguel Do Passa Quatro,GO,Centro-Oeste,Norte/Centro-Oeste,,4211,16.48,35.86,-3.61,32.25,36.71,Flávio,Flávio,Flávio,-1151.12,-862.2,-0.21,-0.34,-88.43
5221551,Turvelândia,GO,Centro-Oeste,Norte/Centro-Oeste,,4210,20.74,46.72,-3.61,43.11,46.36,Flávio,Flávio,Flávio,-437.94,-231.68,-0.21,-0.13,-88.41
5219258,Santa Fé De Goiás,GO,Centro-Oeste,Norte/Centro-Oeste,,4208,25.14,39.44,-3.61,35.83,39.66,Flávio,Flávio,Flávio,-836.45,-610.52,-0.21,-0.27,-88.37
5209606,Heitoraí,GO,Centro-Oeste,Norte/Centro-Oeste,,4192,21.61,41.32,-3.61,37.71,41.3,Flávio,Flávio,Flávio,-760.8,-538.96,-0.21,-0.23,-88.03
5201603,Araçu,GO,Centro-Oeste,Norte/Centro-Oeste,,4172,16.2,46.74,-3.61,43.13,45.93,Flávio,Flávio,Flávio,-444.19,-262.9,-0.21,-0.13,-87.61
5207352,Edealina,GO,Centro-Oeste,Norte/Centro-Oeste,,4159,23.4,29.73,-3.61,26.12,30.84,Flávio,Flávio,Flávio,-1436.74,-1152.92,-0.21,-0.45,-87.34
5206909,Davinópolis,GO,Centro-Oeste,Norte/Centro-Oeste,,4145,28.85,49.6,-3.61,45.99,48.71,Flávio,Flávio,Flávio,-224.32,-72.36,-0.21,-0.08,-87.04
5215256,Novo Planalto,GO,Centro-Oeste,Norte/Centro-Oeste,,4131,23.82,42.1,-3.61,38.49,42.0,Flávio,Flávio,Flávio,-682.77,-474.92,-0.21,-0.22,-86.75
5204607,Campestre De Goiás,GO,Centro-Oeste,Norte/Centro-Oeste,,4041,24.2,43.4,-3.61,39.79,43.1,Flávio,Flávio,Flávio,-582.49,-393.94,-0.21,-0.19,-84.86
5206701,Damianópolis,GO,Centro-Oeste,Norte/Centro-Oeste,,4024,24.45,41.26,-3.61,37.65,41.23,Flávio,Flávio,Flávio,-698.87,-496.02,-0.21,-0.23,-84.5
5206305,Cristianópolis,GO,Centro-Oeste,Norte/Centro-Oeste,,4023,23.84,27.39,-3.61,23.78,29.52,Flávio,Flávio,Flávio,-1498.41,-1170.22,-0.21,-0.5,-84.48
5222203,Vila Boa,GO,Centro-Oeste,Norte/Centro-Oeste,,4021,27.8,59.45,-3.61,55.84,56.78,Lula,Lula,Lula,314.97,365.86,-0.21,0.11,-84.44
5209150,Gouvelândia,GO,Centro-Oeste,Norte/Centro-Oeste,,4011,23.39,49.59,-3.61,45.98,48.91,Flávio,Flávio,Flávio,-231.97,-62.6,-0.21,-0.08,-84.23
5205059,Castelândia,GO,Centro-Oeste,Norte/Centro-Oeste,,3999,27.21,42.12,-3.61,38.51,42.08,Flávio,Flávio,Flávio,-648.04,-446.88,-0.21,-0.22,-83.98
5206503,Cromínia,GO,Centro-Oeste,Norte/Centro-Oeste,,3970,17.1,36.79,-3.61,33.18,37.32,Flávio,Flávio,Flávio,-1035.9,-781.02,-0.21,-0.32,-83.37
5218052,Porteirão,GO,Centro-Oeste,Norte/Centro-Oeste,,3963,28.21,40.23,-3.61,36.62,40.3,Flávio,Flávio,Flávio,-725.39,-525.82,-0.21,-0.25,-83.22
5212956,Matrinchã,GO,Centro-Oeste,Norte/Centro-Oeste,,3955,23.49,43.5,-3.61,39.89,43.11,Flávio,Flávio,Flávio,-562.49,-383.52,-0.21,-0.19,-83.06
5221809,Urutaí,GO,Centro-Oeste,Norte/Centro-Oeste,,3949,22.59,44.28,-3.61,40.67,43.78,Flávio,Flávio,Flávio,-527.5,-351.56,-0.21,-0.18,-82.93
5218706,Rianápolis,GO,Centro-Oeste,Norte/Centro-Oeste,,3946,20.55,31.74,-3.61,28.13,32.87,Flávio,Flávio,Flávio,-1268.4,-993.42,-0.21,-0.42,-82.87
5216908,Pilar De Goiás,GO,Centro-Oeste,Norte/Centro-Oeste,,3938,29.89,47.16,-3.61,43.55,46.53,Flávio,Flávio,Flávio,-334.54,-180.16,-0.21,-0.12,-82.7
5221304,Três Ranchos,GO,Centro-Oeste,Norte/Centro-Oeste,,3894,24.29,48.16,-3.61,44.55,47.23,Flávio,Flávio,Flávio,-296.6,-150.98,-0.21,-0.1,-81.77
5203609,Brazabrantes,GO,Centro-Oeste,Norte/Centro-Oeste,,3891,22.87,42.56,-3.61,38.95,42.34,Flávio,Flávio,Flávio,-614.56,-425.72,-0.21,-0.21,-81.71
5209804,Hidrolina,GO,Centro-Oeste,Norte/Centro-Oeste,,3869,20.44,47.93,-3.61,44.32,47.45,Flávio,Flávio,Flávio,-332.76,-149.12,-0.21,-0.11,-81.25
5200902,Amorinópolis,GO,Centro-Oeste,Norte/Centro-Oeste,,3862,20.48,38.11,-3.61,34.5,38.41,Flávio,Flávio,Flávio,-890.24,-665.78,-0.21,-0.29,-81.1
5205521,Colinas Do Sul,GO,Centro-Oeste,Norte/Centro-Oeste,,3848,27.08,64.92,-3.61,61.31,61.53,Lula,Lula,Lula,590.25,601.5,-0.21,0.21,-80.81
5219605,Santa Tereza De Goiás,GO,Centro-Oeste,Norte/Centro-Oeste,,3838,28.48,45.39,-3.61,41.78,45.09,Flávio,Flávio,Flávio,-426.5,-254.64,-0.21,-0.16,-80.6
5219357,Santa Isabel,GO,Centro-Oeste,Norte/Centro-Oeste,,3820,22.15,38.29,-3.61,34.68,38.54,Flávio,Flávio,Flávio,-859.82,-643.36,-0.21,-0.29,-80.22
5204656,Campinaçu,GO,Centro-Oeste,Norte/Centro-Oeste,,3775,26.78,44.53,-3.61,40.92,44.19,Flávio,Flávio,Flávio,-472.49,-302.36,-0.21,-0.17,-79.27
5215405,Ouro Verde De Goiás,GO,Centro-Oeste,Norte/Centro-Oeste,,3766,18.06,32.31,-3.61,28.7,33.73,Flávio,Flávio,Flávio,-1206.59,-921.74,-0.21,-0.4,-79.09
5203575,Bonópolis,GO,Centro-Oeste,Norte/Centro-Oeste,,3730,27.45,49.76,-3.61,46.15,48.74,Flávio,Flávio,Flávio,-197.12,-64.62,-0.21,-0.07,-78.33
5213772,Montividiu Do Norte,GO,Centro-Oeste,Norte/Centro-Oeste,,3716,25.03,44.16,-3.61,40.55,43.85,Flávio,Flávio,Flávio,-501.31,-326.32,-0.21,-0.18,-78.04
5208152,Gameleira De Goiás,GO,Centro-Oeste,Norte/Centro-Oeste,,3713,19.01,37.2,-3.61,33.59,37.7,Flávio,Flávio,Flávio,-920.8,-689.78,-0.21,-0.31,-77.97
5210802,Itajá,GO,Centro-Oeste,Norte/Centro-Oeste,,3668,21.76,30.81,-3.61,27.2,32.18,Flávio,Flávio,Flávio,-1225.67,-957.82,-0.21,-0.43,-77.03
5206800,Damolândia,GO,Centro-Oeste,Norte/Centro-Oeste,,3634,18.85,38.95,-3.61,35.34,39.37,Flávio,Flávio,Flávio,-783.81,-568.3,-0.21,-0.28,-76.31
5202353,Arenópolis,GO,Centro-Oeste,Norte/Centro-Oeste,,3626,22.31,41.69,-3.61,38.08,41.64,Flávio,Flávio,Flávio,-638.41,-448.14,-0.21,-0.23,-76.15
5214101,Mutunópolis,GO,Centro-Oeste,Norte/Centro-Oeste,,3622,20.04,37.2,-3.61,33.59,37.87,Flávio,Flávio,Flávio,-882.8,-652.56,-0.21,-0.31,-76.06
5215207,Novo Brasil,GO,Centro-Oeste,Norte/Centro-Oeste,,3599,20.98,39.66,-3.61,36.05,39.8,Flávio,Flávio,Flávio,-745.1,-544.86,-0.21,-0.27,-75.58
5218391,Professor Jamil,GO,Centro-Oeste,Norte/Centro-Oeste,,3597,21.46,47.27,-3.61,43.66,46.41,Flávio,Flávio,Flávio,-334.25,-189.24,-0.21,-0.12,-75.54
5215652,Palestina De Goiás,GO,Centro-Oeste,Norte/Centro-Oeste,,3576,23.32,33.89,-3.61,30.28,34.59,Flávio,Flávio,Flávio,-1021.11,-797.78,-0.21,-0.37,-75.1
5219506,Santa Rosa De Goiás,GO,Centro-Oeste,Norte/Centro-Oeste,,3527,17.41,40.15,-3.61,36.54,40.27,Flávio,Flávio,Flávio,-727.63,-525.92,-0.21,-0.26,-74.07
5203962,Buritinópolis,GO,Centro-Oeste,Norte/Centro-Oeste,,3507,25.75,51.27,-3.61,47.66,50.23,Lula,Flávio,Lula,-113.26,10.9,-0.21,-0.04,-73.65
5219209,Santa Cruz De Goiás,GO,Centro-Oeste,Norte/Centro-Oeste,,3504,21.43,36.44,-3.61,32.83,36.99,Flávio,Flávio,Flávio,-876.89,-664.6,-0.21,-0.33,-73.58
5220702,Sítio D'Abadia,GO,Centro-Oeste,Norte/Centro-Oeste,,3498,32.25,52.57,-3.61,48.96,50.87,Lula,Flávio,Lula,-45.16,37.6,-0.21,-0.02,-73.46
5203939,Buriti De Goiás,GO,Centro-Oeste,Norte/Centro-Oeste,,3494,21.61,30.26,-3.61,26.65,31.96,Flávio,Flávio,Flávio,-1191.49,-920.96,-0.21,-0.44,-73.37
5212600,Mairipotaba,GO,Centro-Oeste,Norte/Centro-Oeste,,3493,21.59,34.88,-3.61,31.27,35.88,Flávio,Flávio,Flávio,-953.21,-718.48,-0.21,-0.36,-73.35
5201504,Aporé,GO,Centro-Oeste,Norte/Centro-Oeste,,3455,25.96,34.63,-3.61,31.02,35.57,Flávio,Flávio,Flávio,-892.44,-678.3,-0.21,-0.36,-72.55
5201454,Aparecida Do Rio Doce,GO,Centro-Oeste,Norte/Centro-Oeste,,3439,26.84,38.61,-3.61,35.0,38.8,Flávio,Flávio,Flávio,-710.82,-530.9,-0.21,-0.29,-72.22
5218102,Portelândia,GO,Centro-Oeste,Norte/Centro-Oeste,,3416,22.42,36.61,-3.61,33.0,36.96,Flávio,Flávio,Flávio,-845.1,-648.28,-0.21,-0.32,-71.74
5213053,Mimoso De Goiás,GO,Centro-Oeste,Norte/Centro-Oeste,,3345,19.7,44.69,-3.61,41.08,44.15,Flávio,Flávio,Flávio,-441.87,-289.94,-0.21,-0.17,-70.24
5203104,Baliza,GO,Centro-Oeste,Norte/Centro-Oeste,,3329,25.02,51.15,-3.61,47.54,50.32,Lula,Flávio,Lula,-116.11,15.0,-0.21,-0.05,-69.91
5202601,Aurilândia,GO,Centro-Oeste,Norte/Centro-Oeste,,3295,22.12,49.41,-3.61,45.8,48.66,Flávio,Flávio,Flávio,-203.62,-65.2,-0.21,-0.08,-69.19
5221080,Teresina De Goiás,GO,Centro-Oeste,Norte/Centro-Oeste,,3252,29.21,65.65,-3.61,62.04,62.56,Lula,Lula,Lula,512.71,535.12,-0.21,0.23,-68.29
5207501,Estrela Do Norte,GO,Centro-Oeste,Norte/Centro-Oeste,,3214,22.68,43.84,-3.61,40.23,43.43,Flávio,Flávio,Flávio,-448.73,-302.04,-0.21,-0.19,-67.49
5212006,Jaupaci,GO,Centro-Oeste,Norte/Centro-Oeste,,3160,23.99,44.66,-3.61,41.05,44.16,Flávio,Flávio,Flávio,-400.48,-261.3,-0.21,-0.17,-66.36
5216452,Perolândia,GO,Centro-Oeste,Norte/Centro-Oeste,,3152,25.38,35.29,-3.61,31.68,35.97,Flávio,Flávio,Flávio,-807.82,-618.76,-0.21,-0.35,-66.19
5210158,Ipiranga De Goiás,GO,Centro-Oeste,Norte/Centro-Oeste,,3148,20.55,36.26,-3.61,32.65,36.64,Flávio,Flávio,Flávio,-822.38,-633.16,-0.21,-0.33,-66.11
5211602,Ivolândia,GO,Centro-Oeste,Norte/Centro-Oeste,,3148,25.51,43.91,-3.61,40.3,43.5,Flávio,Flávio,Flávio,-424.91,-284.72,-0.21,-0.18,-66.11
5205703,Córrego Do Ouro,GO,Centro-Oeste,Norte/Centro-Oeste,,3112,19.28,24.12,-3.61,20.51,26.16,Flávio,Flávio,Flávio,-1397.43,-1130.1,-0.21,-0.56,-65.35
5221577,Uirapuru,GO,Centro-Oeste,Norte/Centro-Oeste,,3080,26.92,52.13,-3.61,48.52,50.46,Lula,Flávio,Lula,-62.13,19.44,-0.21,-0.03,-64.68
5213855,Morro Agudo De Goiás,GO,Centro-Oeste,Norte/Centro-Oeste,,3067,17.64,34.58,-3.61,30.97,35.49,Flávio,Flávio,Flávio,-897.79,-684.64,-0.21,-0.36,-64.41
5209457,Guarinos,GO,Centro-Oeste,Norte/Centro-Oeste,,3062,29.92,54.72,-3.61,51.11,53.13,Lula,Lula,Lula,44.67,126.0,-0.21,0.02,-64.3
5221452,Trombas,GO,Centro-Oeste,Norte/Centro-Oeste,,3059,25.43,46.0,-3.61,42.39,45.46,Flávio,Flávio,Flávio,-324.68,-193.86,-0.21,-0.14,-64.24
5219456,Santa Rita Do Novo Destino,GO,Centro-Oeste,Norte/Centro-Oeste,,3048,21.82,44.95,-3.61,41.34,44.44,Flávio,Flávio,Flávio,-386.31,-247.94,-0.21,-0.16,-64.01
5216007,Panamá,GO,Centro-Oeste,Norte/Centro-Oeste,,3038,22.09,41.71,-3.61,38.1,41.62,Flávio,Flávio,Flávio,-520.73,-366.66,-0.21,-0.23,-63.8
5214903,Nova Roma,GO,Centro-Oeste,Norte/Centro-Oeste,,3006,26.55,62.6,-3.61,58.99,57.93,Lula,Lula,Lula,358.6,316.58,-0.21,0.17,-63.13
5212907,Marzagão,GO,Centro-Oeste,Norte/Centro-Oeste,,3001,25.19,40.29,-3.61,36.68,40.39,Flávio,Flávio,Flávio,-556.28,-401.4,-0.21,-0.25,-63.02
5210307,Israelândia,GO,Centro-Oeste,Norte/Centro-Oeste,,2989,24.09,42.56,-3.61,38.95,42.36,Flávio,Flávio,Flávio,-464.95,-321.3,-0.21,-0.21,-62.77
5200829,Amaralina,GO,Centro-Oeste,Norte/Centro-Oeste,,2969,25.46,51.51,-3.61,47.9,50.15,Lula,Flávio,Lula,-85.99,6.12,-0.21,-0.04,-62.35
5200159,Adelândia,GO,Centro-Oeste,Norte/Centro-Oeste,,2963,20.28,26.89,-3.61,23.28,28.61,Flávio,Flávio,Flávio,-1183.66,-947.44,-0.21,-0.51,-62.22
5209291,Guaraíta,GO,Centro-Oeste,Norte/Centro-Oeste,,2781,17.44,43.12,-3.61,39.51,42.9,Flávio,Flávio,Flávio,-449.46,-304.18,-0.21,-0.2,-58.4
5214705,Nova América,GO,Centro-Oeste,Norte/Centro-Oeste,,2769,17.01,37.77,-3.61,34.16,38.43,Flávio,Flávio,Flávio,-660.27,-482.16,-0.21,-0.3,-58.15
5212055,Jesúpolis,GO,Centro-Oeste,Norte/Centro-Oeste,,2726,25.42,33.56,-3.61,29.95,34.7,Flávio,Flávio,Flávio,-760.3,-580.08,-0.21,-0.38,-57.25
5214879,Nova Iguaçu De Goiás,GO,Centro-Oeste,Norte/Centro-Oeste,,2680,21.64,41.14,-3.61,37.53,41.12,Flávio,Flávio,Flávio,-493.95,-351.48,-0.21,-0.24,-56.28
5200209,Água Limpa,GO,Centro-Oeste,Norte/Centro-Oeste,,2635,23.38,35.94,-3.61,32.33,36.54,Flávio,Flávio,Flávio,-671.05,-511.18,-0.21,-0.34,-55.34
5206602,Cumari,GO,Centro-Oeste,Norte/Centro-Oeste,,2613,23.46,55.44,-3.61,51.83,54.2,Lula,Lula,Lula,68.8,158.02,-0.21,0.03,-54.87
5213400,Moiporá,GO,Centro-Oeste,Norte/Centro-Oeste,,2507,25.61,36.28,-3.61,32.67,36.98,Flávio,Flávio,Flávio,-606.11,-455.34,-0.21,-0.33,-52.65
5207105,Diorama,GO,Centro-Oeste,Norte/Centro-Oeste,,2503,21.21,34.08,-3.61,30.47,34.9,Flávio,Flávio,Flávio,-727.22,-562.34,-0.21,-0.37,-52.56
5220280,São Patrício,GO,Centro-Oeste,Norte/Centro-Oeste,,2457,19.09,29.88,-3.61,26.27,31.29,Flávio,Flávio,Flávio,-871.05,-686.72,-0.21,-0.45,-51.6
5215801,Palmelo,GO,Centro-Oeste,Norte/Centro-Oeste,,2406,23.65,38.97,-3.61,35.36,39.24,Flávio,Flávio,Flávio,-497.57,-365.76,-0.21,-0.28,-50.53
5214804,Nova Aurora,GO,Centro-Oeste,Norte/Centro-Oeste,,2328,18.38,47.93,-3.61,44.32,47.18,Flávio,Flávio,Flávio,-199.6,-98.88,-0.21,-0.11,-48.89
5220058,São João Da Paraúna,GO,Centro-Oeste,Norte/Centro-Oeste,,2198,24.93,30.41,-3.61,26.8,31.85,Flávio,Flávio,Flávio,-709.73,-555.24,-0.21,-0.44,-46.16
5200506,Aloândia,GO,Centro-Oeste,Norte/Centro-Oeste,,2168,20.16,41.07,-3.61,37.46,41.06,Flávio,Flávio,Flávio,-406.32,-289.5,-0.21,-0.24,-45.53
5204201,Cachoeira De Goiás,GO,Centro-Oeste,Norte/Centro-Oeste,,2065,23.44,40.29,-3.61,36.68,40.38,Flávio,Flávio,Flávio,-392.37,-283.52,-0.21,-0.25,-43.36
5212253,Lagoa Santa,GO,Centro-Oeste,Norte/Centro-Oeste,,1783,27.76,37.74,-3.61,34.13,38.1,Flávio,Flávio,Flávio,-384.63,-288.52,-0.21,-0.3,-37.44
5201207,Anhangüera,GO,Centro-Oeste,Norte/Centro-Oeste,,1738,37.11,47.51,-3.61,43.9,46.78,Flávio,Flávio,Flávio,-124.51,-65.86,-0.21,-0.12,-36.5
2111300,São Luís,MA,Nordeste,Nordeste,,761443,15.69,59.56,-3.85,55.71,58.31,Lula,Lula,Lula,69368.71,100999.06,0.26,0.11,19797.52
2105302,Imperatriz,MA,Nordeste,Nordeste,,195325,18.91,42.33,-3.85,38.48,42.25,Flávio,Flávio,Flávio,-34803.13,-23412.38,0.26,-0.22,5078.45
2111201,São José De Ribamar,MA,Nordeste,Nordeste,,131324,16.47,62.69,-3.85,58.84,61.41,Lula,Lula,Lula,18352.31,23688.18,0.26,0.17,3414.42
2112209,Timon,MA,Nordeste,Nordeste,,124767,15.56,70.2,-3.85,66.35,68.95,Lula,Lula,Lula,32612.61,37799.5,0.26,0.31,3243.94
2103000,Caxias,MA,Nordeste,Nordeste,,113420,20.23,72.31,-3.85,68.46,70.85,Lula,Lula,Lula,31565.3,35639.96,0.26,0.35,2948.92
2107506,Paço Do Lumiar,MA,Nordeste,Nordeste,,90287,14.64,61.8,-3.85,57.95,60.46,Lula,Lula,Lula,11594.21,15268.56,0.26,0.15,2347.46
2103307,Codó,MA,Nordeste,Nordeste,S2#6,82435,24.85,74.83,-3.85,70.98,73.64,Lula,Lula,Lula,24530.26,27635.56,0.26,0.4,2143.31
2100055,Açailândia,MA,Nordeste,Nordeste,,78000,18.99,41.04,-3.85,37.19,41.04,Flávio,Flávio,Flávio,-15559.6,-10884.1,0.26,-0.25,2028.0
2101202,Bacabal,MA,Nordeste,Nordeste,,71838,17.73,63.39,-3.85,59.54,62.63,Lula,Lula,Lula,10732.66,14212.84,0.26,0.18,1867.79
2101400,Balsas,MA,Nordeste,Nordeste,S1#7 S3#5,71213,20.12,40.9,-3.85,37.05,40.91,Flávio,Flávio,Flávio,-14150.99,-9937.54,0.26,-0.25,1851.54
2101608,Barra Do Corda,MA,Nordeste,Nordeste,,63831,19.83,63.38,-3.85,59.53,62.76,Lula,Lula,Lula,9361.53,12529.6,0.26,0.18,1659.61
2109908,Santa Inês,MA,Nordeste,Nordeste,,63447,19.57,62.05,-3.85,58.2,61.23,Lula,Lula,Lula,8013.5,10978.82,0.26,0.16,1649.62
2108603,Pinheiro,MA,Nordeste,Nordeste,S2#13,62812,23.32,72.43,-3.85,68.58,71.05,Lula,Lula,Lula,17079.66,19347.7,0.26,0.36,1633.11
2103208,Chapadinha,MA,Nordeste,Nordeste,,60242,20.24,71.84,-3.85,67.99,70.79,Lula,Lula,Lula,16548.49,19126.02,0.26,0.35,1566.29
2101707,Barreirinhas,MA,Nordeste,Nordeste,,52533,16.61,75.7,-3.85,71.85,74.61,Lula,Lula,Lula,18341.85,20665.8,0.26,0.42,1365.86
2104800,Grajaú,MA,Nordeste,Nordeste,,52273,19.26,58.48,-3.85,54.63,57.89,Lula,Lula,Lula,3770.86,6421.94,0.26,0.09,1359.1
2105401,Itapecuru Mirim,MA,Nordeste,Nordeste,S2#30,47851,22.18,76.2,-3.85,72.35,74.75,Lula,Lula,Lula,15903.33,17610.52,0.26,0.43,1244.13
2103604,Coroatá,MA,Nordeste,Nordeste,S2#23,46886,26.13,71.13,-3.85,67.28,70.22,Lula,Lula,Lula,11265.96,13181.9,0.26,0.33,1219.04
2110005,Santa Luzia,MA,Nordeste,Nordeste,S2#34,45122,22.24,69.11,-3.85,65.26,68.24,Lula,Lula,Lula,10238.84,12238.66,0.26,0.29,1173.17
2112506,Tutóia,MA,Nordeste,Nordeste,S2#41,43215,21.52,74.6,-3.85,70.75,73.32,Lula,Lula,Lula,13316.67,14963.92,0.26,0.4,1123.59
2102325,Buriticupu,MA,Nordeste,Nordeste,S2#36,42732,22.83,59.33,-3.85,55.48,58.68,Lula,Lula,Lula,3480.49,5506.46,0.26,0.11,1111.03
2112803,Viana,MA,Nordeste,Nordeste,S2#47,39769,21.94,69.05,-3.85,65.2,68.09,Lula,Lula,Lula,9063.36,10786.88,0.26,0.29,1033.99
2105708,Lago Da Pedra,MA,Nordeste,Nordeste,,34283,20.17,54.67,-3.85,50.82,54.32,Lula,Lula,Lula,433.52,2271.52,0.26,0.02,891.36
2103406,Coelho Neto,MA,Nordeste,Nordeste,S2#69,33370,22.66,81.22,-3.85,77.37,80.07,Lula,Lula,Lula,13474.71,14806.0,0.26,0.53,867.62
2114007,Zé Doca,MA,Nordeste,Nordeste,S2#81,33014,21.55,69.79,-3.85,65.94,68.97,Lula,Lula,Lula,7947.07,9457.32,0.26,0.31,858.36
2109106,Presidente Dutra,MA,Nordeste,Nordeste,,32781,17.12,61.78,-3.85,57.93,61.06,Lula,Lula,Lula,4109.06,5732.42,0.26,0.15,852.31
2100907,Araioses,MA,Nordeste,Nordeste,,32649,20.48,82.91,-3.85,79.06,81.74,Lula,Lula,Lula,14071.28,15367.34,0.26,0.56,848.87
2112704,Vargem Grande,MA,Nordeste,Nordeste,S2#79,32648,21.97,76.12,-3.85,72.27,75.03,Lula,Lula,Lula,10771.96,12111.16,0.26,0.43,848.85
2109601,Rosário,MA,Nordeste,Nordeste,,32344,19.39,75.11,-3.85,71.26,73.55,Lula,Lula,Lula,10591.01,11732.6,0.26,0.41,840.94
2111508,São Mateus Do Maranhão,MA,Nordeste,Nordeste,S2#74,30147,24.52,72.33,-3.85,68.48,71.46,Lula,Lula,Lula,8022.38,9312.94,0.26,0.35,783.82
2110500,São Bento,MA,Nordeste,Nordeste,S2#67,29322,26.13,77.61,-3.85,73.76,76.56,Lula,Lula,Lula,9783.09,10937.16,0.26,0.46,762.37
2110708,São Domingos Do Maranhão,MA,Nordeste,Nordeste,,28537,18.9,63.06,-3.85,59.21,62.41,Lula,Lula,Lula,4007.11,5397.36,0.26,0.18,741.96
2112308,Tuntum,MA,Nordeste,Nordeste,,28443,20.64,65.92,-3.85,62.07,65.23,Lula,Lula,Lula,5180.1,6537.46,0.26,0.23,739.52
2103505,Colinas,MA,Nordeste,Nordeste,,28426,20.89,73.19,-3.85,69.34,72.13,Lula,Lula,Lula,8193.53,9374.42,0.26,0.37,739.08
2112407,Turiaçu,MA,Nordeste,Nordeste,,28166,19.19,78.86,-3.85,75.01,77.78,Lula,Lula,Lula,10963.24,12177.72,0.26,0.48,732.32
2100600,Amarante Do Maranhão,MA,Nordeste,Nordeste,,28108,19.38,51.47,-3.85,47.62,51.18,Lula,Flávio,Lula,-1034.15,513.22,0.26,-0.05,730.81
2108207,Pedreiras,MA,Nordeste,Nordeste,,28040,17.74,62.62,-3.85,58.77,61.81,Lula,Lula,Lula,3887.7,5237.74,0.26,0.17,729.04
2110203,Santa Rita,MA,Nordeste,Nordeste,,28000,23.29,77.19,-3.85,73.34,76.14,Lula,Lula,Lula,9568.98,10714.62,0.26,0.45,728.0
2106607,Matões,MA,Nordeste,Nordeste,,27285,23.33,80.75,-3.85,76.9,79.91,Lula,Lula,Lula,10763.71,11967.98,0.26,0.52,709.41
2102002,Bom Jardim,MA,Nordeste,Nordeste,,26888,22.25,72.07,-3.85,68.22,71.11,Lula,Lula,Lula,7274.66,8432.1,0.26,0.35,699.09
2103703,Cururupu,MA,Nordeste,Nordeste,,26322,23.39,80.41,-3.85,76.56,79.26,Lula,Lula,Lula,10244.22,11283.5,0.26,0.51,684.37
2107803,Parnarama,MA,Nordeste,Nordeste,,26242,23.9,83.98,-3.85,80.13,82.81,Lula,Lula,Lula,11300.52,12304.02,0.26,0.58,682.29
2108306,Penalva,MA,Nordeste,Nordeste,S2#96,26013,25.78,84.74,-3.85,80.89,83.56,Lula,Lula,Lula,11428.14,12415.26,0.26,0.59,676.34
2108504,Pindaré-Mirim,MA,Nordeste,Nordeste,,25951,23.49,73.87,-3.85,70.02,72.84,Lula,Lula,Lula,7596.26,8666.18,0.26,0.38,674.73
2102101,Brejo,MA,Nordeste,Nordeste,,25937,20.2,76.23,-3.85,72.38,75.28,Lula,Lula,Lula,8886.76,10038.96,0.26,0.43,674.36
2112605,Urbano Santos,MA,Nordeste,Nordeste,,25803,21.18,79.82,-3.85,75.97,79.0,Lula,Lula,Lula,10064.79,11237.08,0.26,0.5,670.88
2112902,Vitória Do Mearim,MA,Nordeste,Nordeste,,24683,21.65,70.17,-3.85,66.32,69.38,Lula,Lula,Lula,6082.54,7223.42,0.26,0.31,641.76
2109809,Santa Helena,MA,Nordeste,Nordeste,,24651,26.1,72.4,-3.85,68.55,71.24,Lula,Lula,Lula,6466.15,7401.8,0.26,0.36,640.93
2109452,Raposa,MA,Nordeste,Nordeste,,24288,15.74,63.0,-3.85,59.15,61.91,Lula,Lula,Lula,3567.77,4644.82,0.26,0.18,631.49
2104057,Estreito,MA,Nordeste,Nordeste,,24146,21.3,49.08,-3.85,45.23,48.68,Flávio,Flávio,Flávio,-1742.3,-483.48,0.26,-0.09,627.8
2101004,Arari,MA,Nordeste,Nordeste,,24000,23.18,74.71,-3.85,70.86,73.45,Lula,Lula,Lula,7334.57,8244.84,0.26,0.4,624.0
2105005,Humberto De Campos,MA,Nordeste,Nordeste,,23439,20.77,80.72,-3.85,76.87,79.39,Lula,Lula,Lula,9500.22,10388.04,0.26,0.52,609.41
2105104,Icatu,MA,Nordeste,Nordeste,,23106,16.61,80.34,-3.85,76.49,79.26,Lula,Lula,Lula,9829.14,10857.72,0.26,0.51,600.76
2102200,Buriti,MA,Nordeste,Nordeste,,22995,22.3,85.15,-3.85,81.3,84.2,Lula,Lula,Lula,10632.83,11617.2,0.26,0.6,597.87
2113009,Vitorino Freire,MA,Nordeste,Nordeste,,22898,19.34,68.09,-3.85,64.24,67.22,Lula,Lula,Lula,5021.68,6073.64,0.26,0.27,595.35
2105500,João Lisboa,MA,Nordeste,Nordeste,,21876,17.58,57.81,-3.85,53.96,57.02,Lula,Lula,Lula,1366.07,2418.14,0.26,0.08,568.78
2110609,São Bernardo,MA,Nordeste,Nordeste,,21808,21.41,75.52,-3.85,71.67,74.56,Lula,Lula,Lula,7044.92,7983.66,0.26,0.42,567.01
2106904,Monção,MA,Nordeste,Nordeste,,21263,23.69,78.65,-3.85,74.8,77.75,Lula,Lula,Lula,7722.28,8641.22,0.26,0.48,552.84
2112100,Timbiras,MA,Nordeste,Nordeste,,21254,27.15,80.47,-3.85,76.62,79.23,Lula,Lula,Lula,7816.59,8581.98,0.26,0.51,552.6
2110104,Santa Quitéria Do Maranhão,MA,Nordeste,Nordeste,,21175,20.78,79.3,-3.85,75.45,78.3,Lula,Lula,Lula,8122.04,9029.82,0.26,0.49,550.55
2100956,Arame,MA,Nordeste,Nordeste,,20826,19.54,65.29,-3.85,61.44,64.8,Lula,Lula,Lula,3716.55,4805.22,0.26,0.22,541.48
2100709,Anajatuba,MA,Nordeste,Nordeste,,20568,19.45,80.54,-3.85,76.69,79.35,Lula,Lula,Lula,8470.61,9314.04,0.26,0.51,534.77
2100477,Alto Alegre Do Pindaré,MA,Nordeste,Nordeste,,20251,22.62,77.29,-3.85,73.44,76.14,Lula,Lula,Lula,7000.55,7808.3,0.26,0.45,526.53
2111003,São João Batista,MA,Nordeste,Nordeste,,20103,24.95,84.43,-3.85,80.58,83.47,Lula,Lula,Lula,8896.4,9737.32,0.26,0.59,522.68
2106508,Matinha,MA,Nordeste,Nordeste,,20053,18.12,73.33,-3.85,69.48,72.39,Lula,Lula,Lula,6106.27,7020.66,0.26,0.37,521.38
2102036,Bom Jesus Das Selvas,MA,Nordeste,Nordeste,,19650,21.82,57.79,-3.85,53.94,57.31,Lula,Lula,Lula,1164.97,2160.42,0.26,0.08,510.9
2111102,São João Dos Patos,MA,Nordeste,Nordeste,,19533,20.38,73.76,-3.85,69.91,72.54,Lula,Lula,Lula,5833.28,6604.14,0.26,0.38,507.86
2102903,Carutapera,MA,Nordeste,Nordeste,,19093,22.0,69.42,-3.85,65.57,68.32,Lula,Lula,Lula,4433.15,5216.02,0.26,0.3,496.42
2109007,Porto Franco,MA,Nordeste,Nordeste,,18862,19.37,55.67,-3.85,51.82,55.03,Lula,Lula,Lula,533.7,1476.34,0.26,0.03,490.41
2108702,Pio Xii,MA,Nordeste,Nordeste,,18787,19.8,73.77,-3.85,69.92,72.9,Lula,Lula,Lula,5721.81,6577.4,0.26,0.38,488.46
2101905,Bequimão,MA,Nordeste,Nordeste,,18606,21.24,80.52,-3.85,76.67,79.28,Lula,Lula,Lula,7402.55,8128.02,0.26,0.51,483.76
2100303,Aldeias Altas,MA,Nordeste,Nordeste,,18506,23.71,79.32,-3.85,75.47,78.14,Lula,Lula,Lula,6735.87,7441.78,0.26,0.49,481.16
2102804,Carolina,MA,Nordeste,Nordeste,,18310,21.14,57.91,-3.85,54.06,57.14,Lula,Lula,Lula,1120.96,1970.46,0.26,0.08,476.06
2108256,Pedro Do Rosário,MA,Nordeste,Nordeste,,18241,24.62,81.93,-3.85,78.08,80.88,Lula,Lula,Lula,7398.83,8136.24,0.26,0.54,474.27
2100436,Alto Alegre Do Maranhão,MA,Nordeste,Nordeste,,18076,20.35,74.01,-3.85,70.16,73.21,Lula,Lula,Lula,5555.55,6397.36,0.26,0.39,469.98
2103802,Dom Pedro,MA,Nordeste,Nordeste,,17803,17.9,62.75,-3.85,58.9,62.06,Lula,Lula,Lula,2478.91,3359.76,0.26,0.17,462.88
2102309,Buriti Bravo,MA,Nordeste,Nordeste,,17755,22.62,79.63,-3.85,75.78,78.62,Lula,Lula,Lula,6604.62,7331.8,0.26,0.5,461.63
2100204,Alcântara,MA,Nordeste,Nordeste,,17613,18.32,79.7,-3.85,75.85,78.56,Lula,Lula,Lula,7149.58,7898.78,0.26,0.5,457.94
2104677,Governador Nunes Freire,MA,Nordeste,Nordeste,,17561,21.23,63.45,-3.85,59.6,62.74,Lula,Lula,Lula,2574.0,3417.26,0.26,0.18,456.59
2105427,Itinga Do Maranhão,MA,Nordeste,Nordeste,S1#86 S3#9,17555,18.99,46.67,-3.85,42.82,46.49,Flávio,Flávio,Flávio,-1961.42,-959.54,0.26,-0.14,456.43
2111409,São Luís Gonzaga Do Maranhão,MA,Nordeste,Nordeste,,17211,24.26,82.27,-3.85,78.42,81.57,Lula,Lula,Lula,7109.63,7897.92,0.26,0.55,447.49
2107605,Palmeirândia,MA,Nordeste,Nordeste,,17179,25.82,83.65,-3.85,79.8,82.58,Lula,Lula,Lula,7292.44,7970.42,0.26,0.57,446.65
2110039,Santa Luzia Do Paruá,MA,Nordeste,Nordeste,,17081,21.6,65.88,-3.85,62.03,65.01,Lula,Lula,Lula,3083.36,3846.08,0.26,0.23,444.11
2106755,Miranda Do Norte,MA,Nordeste,Nordeste,,16991,20.95,70.67,-3.85,66.82,69.6,Lula,Lula,Lula,4341.16,5059.7,0.26,0.32,441.77
2109502,Riachão,MA,Nordeste,Nordeste,,16914,21.38,65.08,-3.85,61.23,64.3,Lula,Lula,Lula,2845.97,3624.22,0.26,0.22,439.76
2112233,Trizidela Do Vale,MA,Nordeste,Nordeste,,16878,17.67,62.95,-3.85,59.1,62.14,Lula,Lula,Lula,2418.0,3227.36,0.26,0.17,438.83
2108108,Paulo Ramos,MA,Nordeste,Nordeste,,16850,23.0,65.99,-3.85,62.14,65.41,Lula,Lula,Lula,3000.32,3808.34,0.26,0.23,438.1
2111706,São Vicente Ferrer,MA,Nordeste,Nordeste,,16729,26.47,81.55,-3.85,77.7,80.39,Lula,Lula,Lula,6398.97,7019.5,0.26,0.53,434.95
2107100,Morros,MA,Nordeste,Nordeste,,16701,16.31,76.56,-3.85,72.71,75.65,Lula,Lula,Lula,6133.75,6926.7,0.26,0.44,434.23
2106706,Mirador,MA,Nordeste,Nordeste,,16373,17.95,74.5,-3.85,70.65,73.67,Lula,Lula,Lula,5295.6,6068.6,0.26,0.4,425.7
2108454,Peritoró,MA,Nordeste,Nordeste,,16364,22.97,76.8,-3.85,72.95,75.81,Lula,Lula,Lula,5476.93,6157.22,0.26,0.44,425.46
2110401,São Benedito Do Rio Preto,MA,Nordeste,Nordeste,,16310,18.65,81.76,-3.85,77.91,80.8,Lula,Lula,Lula,7116.54,7854.24,0.26,0.54,424.06
2106409,Mata Roma,MA,Nordeste,Nordeste,,16271,18.38,76.61,-3.85,72.76,75.74,Lula,Lula,Lula,5740.79,6491.42,0.26,0.44,423.05
2102507,Cajari,MA,Nordeste,Nordeste,,16136,22.63,84.77,-3.85,80.92,83.77,Lula,Lula,Lula,7462.76,8150.44,0.26,0.59,419.54
2101509,Barão De Grajaú,MA,Nordeste,Nordeste,,16130,20.3,82.83,-3.85,78.98,81.19,Lula,Lula,Lula,7041.66,7577.18,0.26,0.56,419.38
2101251,Bacabeira,MA,Nordeste,Nordeste,,16057,17.75,75.57,-3.85,71.72,74.22,Lula,Lula,Lula,5466.79,6096.94,0.26,0.42,417.48
2112456,Turilândia,MA,Nordeste,Nordeste,,15977,26.61,74.3,-3.85,70.45,72.99,Lula,Lula,Lula,4595.64,5165.34,0.26,0.39,415.4
2106326,Maracaçumé,MA,Nordeste,Nordeste,,15698,26.06,61.76,-3.85,57.91,61.07,Lula,Lula,Lula,1755.26,2456.92,0.26,0.15,408.15
2111607,São Raimundo Das Mangabeiras,MA,Nordeste,Nordeste,,15701,19.34,61.49,-3.85,57.64,60.79,Lula,Lula,Lula,1842.96,2603.08,0.26,0.15,408.23
2109270,Presidente Sarney,MA,Nordeste,Nordeste,,15655,26.07,82.37,-3.85,78.52,80.75,Lula,Lula,Lula,6352.19,6849.88,0.26,0.55,407.03
2104552,Governador Edison Lobão,MA,Nordeste,Nordeste,,15378,19.18,55.03,-3.85,51.18,54.26,Lula,Lula,Lula,281.1,1014.12,0.26,0.02,399.83
2110302,Santo Antônio Dos Lopes,MA,Nordeste,Nordeste,,15375,17.28,68.35,-3.85,64.5,67.56,Lula,Lula,Lula,3526.27,4269.72,0.26,0.28,399.75
2108009,Pastos Bons,MA,Nordeste,Nordeste,,15148,20.99,72.06,-3.85,68.21,71.21,Lula,Lula,Lula,4159.04,4843.72,0.26,0.35,393.85
2108058,Paulino Neves,MA,Nordeste,Nordeste,,15080,17.73,80.93,-3.85,77.08,79.58,Lula,Lula,Lula,6477.0,7075.48,0.26,0.52,392.08
2107704,Paraibano,MA,Nordeste,Nordeste,,14960,25.46,78.12,-3.85,74.27,77.35,Lula,Lula,Lula,5129.22,5779.52,0.26,0.47,388.96
2102606,Cândido Mendes,MA,Nordeste,Nordeste,,14853,13.34,73.51,-3.85,69.66,72.44,Lula,Lula,Lula,4860.9,5546.5,0.26,0.38,386.18
2104008,Esperantinópolis,MA,Nordeste,Nordeste,,14795,20.74,70.9,-3.85,67.05,70.02,Lula,Lula,Lula,3787.07,4446.2,0.26,0.33,384.67
2108900,Poção De Pedras,MA,Nordeste,Nordeste,,14763,20.67,70.69,-3.85,66.84,70.04,Lula,Lula,Lula,3745.94,4458.46,0.26,0.32,383.84
2107902,Passagem Franca,MA,Nordeste,Nordeste,,14692,21.84,75.43,-3.85,71.58,74.33,Lula,Lula,Lula,4604.77,5191.82,0.26,0.41,381.99
2107407,Olho D'Água Das Cunhãs,MA,Nordeste,Nordeste,,14387,19.35,74.42,-3.85,70.57,73.24,Lula,Lula,Lula,4485.97,5068.98,0.26,0.39,374.06
2111078,São João Do Soter,MA,Nordeste,Nordeste,,14327,23.45,84.81,-3.85,80.96,83.83,Lula,Lula,Lula,6526.49,7130.44,0.26,0.59,372.5
2102705,Cantanhede,MA,Nordeste,Nordeste,,14177,21.02,79.04,-3.85,75.19,78.06,Lula,Lula,Lula,5372.86,5984.58,0.26,0.48,368.6
2100808,Anapurus,MA,Nordeste,Nordeste,,14136,17.44,75.37,-3.85,71.52,74.48,Lula,Lula,Lula,4778.96,5435.06,0.26,0.41,367.54
2104099,Formosa Da Serra Negra,MA,Nordeste,Nordeste,,14076,16.77,51.97,-3.85,48.12,51.51,Lula,Flávio,Lula,-420.61,337.7,0.26,-0.04,365.98
2111805,Sítio Novo,MA,Nordeste,Nordeste,,13984,14.71,60.02,-3.85,56.17,59.31,Lula,Lula,Lula,1416.88,2137.72,0.26,0.12,363.58
2101301,Bacuri,MA,Nordeste,Nordeste,,13893,21.68,80.65,-3.85,76.8,79.62,Lula,Lula,Lula,5608.62,6198.0,0.26,0.51,361.22
2104404,Gonçalves Dias,MA,Nordeste,Nordeste,,13629,22.79,72.03,-3.85,68.18,71.36,Lula,Lula,Lula,3649.8,4288.08,0.26,0.35,354.35
2107357,Nova Olinda Do Maranhão,MA,Nordeste,Nordeste,,13507,23.2,74.32,-3.85,70.47,73.16,Lula,Lula,Lula,4045.8,4577.12,0.26,0.39,351.18
2100832,Apicum-Açu,MA,Nordeste,Nordeste,,13470,19.33,70.55,-3.85,66.7,69.49,Lula,Lula,Lula,3517.39,4105.1,0.26,0.32,350.22
2110278,Santo Amaro Do Maranhão,MA,Nordeste,Nordeste,,13330,18.08,80.27,-3.85,76.42,78.92,Lula,Lula,Lula,5510.71,6032.74,0.26,0.51,346.58
2105476,Jenipapo Dos Vieiras,MA,Nordeste,Nordeste,,13237,19.81,74.38,-3.85,70.53,73.71,Lula,Lula,Lula,4168.72,4813.04,0.26,0.39,344.16
2104206,Fortuna,MA,Nordeste,Nordeste,,13022,22.5,78.07,-3.85,74.22,77.01,Lula,Lula,Lula,4597.91,5128.42,0.26,0.46,338.57
2108801,Pirapemas,MA,Nordeste,Nordeste,,12904,25.97,79.34,-3.85,75.49,78.31,Lula,Lula,Lula,4633.88,5146.04,0.26,0.49,335.5
2105609,Joselândia,MA,Nordeste,Nordeste,,12529,21.03,72.95,-3.85,69.1,72.05,Lula,Lula,Lula,3637.01,4198.84,0.26,0.37,325.75
2111763,Senador La Rocque,MA,Nordeste,Nordeste,,12262,19.25,62.6,-3.85,58.75,61.56,Lula,Lula,Lula,1653.35,2185.66,0.26,0.17,318.81
2103752,Davinópolis,MA,Nordeste,Nordeste,,12223,19.3,57.67,-3.85,53.82,56.88,Lula,Lula,Lula,727.98,1310.94,0.26,0.07,317.8
2105906,Lago Verde,MA,Nordeste,Nordeste,,12196,21.07,79.31,-3.85,75.46,78.45,Lula,Lula,Lula,4774.94,5335.06,0.26,0.49,317.1
2106300,Magalhães De Almeida,MA,Nordeste,Nordeste,,12195,19.18,75.7,-3.85,71.85,74.37,Lula,Lula,Lula,4073.71,4543.88,0.26,0.42,317.07
2106805,Mirinzal,MA,Nordeste,Nordeste,,12016,21.88,77.49,-3.85,73.64,76.31,Lula,Lula,Lula,4216.84,4691.92,0.26,0.45,312.42
2103174,Centro Novo Do Maranhão,MA,Nordeste,Nordeste,,11932,19.59,70.99,-3.85,67.14,69.86,Lula,Lula,Lula,3160.01,3661.7,0.26,0.33,310.23
2103554,Conceição Do Lago-Açu,MA,Nordeste,Nordeste,,11878,21.35,73.46,-3.85,69.61,72.57,Lula,Lula,Lula,3526.15,4057.48,0.26,0.38,308.83
2101103,Axixá,MA,Nordeste,Nordeste,,11529,16.36,77.67,-3.85,73.82,76.51,Lula,Lula,Lula,4380.44,4873.36,0.26,0.46,299.75
2100154,Água Doce Do Maranhão,MA,Nordeste,Nordeste,,11520,24.35,81.49,-3.85,77.64,80.44,Lula,Lula,Lula,4576.99,5040.36,0.26,0.53,299.52
2102077,Bom Lugar,MA,Nordeste,Nordeste,,11468,18.8,71.74,-3.85,67.89,71.2,Lula,Lula,Lula,3260.42,3861.74,0.26,0.34,298.17
2108405,Peri Mirim,MA,Nordeste,Nordeste,,11291,19.8,81.52,-3.85,77.67,80.64,Lula,Lula,Lula,4788.31,5302.26,0.26,0.53,293.57
2105351,Itaipava Do Grajaú,MA,Nordeste,Nordeste,,11234,24.31,69.64,-3.85,65.79,68.94,Lula,Lula,Lula,2616.41,3138.74,0.26,0.3,292.08
2106003,Lima Campos,MA,Nordeste,Nordeste,,11183,20.02,65.57,-3.85,61.72,64.79,Lula,Lula,Lula,1984.39,2504.84,0.26,0.22,290.76
2107456,Olinda Nova Do Maranhão,MA,Nordeste,Nordeste,,11175,23.54,80.02,-3.85,76.17,78.72,Lula,Lula,Lula,4260.98,4676.28,0.26,0.5,290.55
2109403,Primeira Cruz,MA,Nordeste,Nordeste,,11110,17.01,83.52,-3.85,79.67,82.36,Lula,Lula,Lula,5212.21,5685.02,0.26,0.57,288.86
2105153,Igarapé Do Meio,MA,Nordeste,Nordeste,,10867,20.98,79.41,-3.85,75.56,78.37,Lula,Lula,Lula,4202.77,4663.82,0.26,0.49,282.54
2102358,Buritirana,MA,Nordeste,Nordeste,,10837,18.37,54.93,-3.85,51.08,54.39,Lula,Lula,Lula,180.64,737.04,0.26,0.02,281.76
2104602,Governador Eugênio Barros,MA,Nordeste,Nordeste,,10692,20.42,74.97,-3.85,71.12,74.14,Lula,Lula,Lula,3445.75,3938.16,0.26,0.41,277.99
2103257,Cidelândia,MA,Nordeste,Nordeste,,10660,19.17,65.85,-3.85,62.0,64.85,Lula,Lula,Lula,1978.3,2447.08,0.26,0.23,277.16
2104107,Fortaleza Dos Nogueiras,MA,Nordeste,Nordeste,,10569,16.55,63.7,-3.85,59.85,63.07,Lula,Lula,Lula,1667.3,2213.0,0.26,0.19,274.79
2107209,Nina Rodrigues,MA,Nordeste,Nordeste,,10518,21.23,77.99,-3.85,74.14,77.14,Lula,Lula,Lula,3830.29,4304.96,0.26,0.46,273.47
2109304,Presidente Vargas,MA,Nordeste,Nordeste,,10343,20.8,84.62,-3.85,80.77,83.42,Lula,Lula,Lula,4852.57,5269.94,0.26,0.59,268.92
2102408,Cajapió,MA,Nordeste,Nordeste,,10224,25.61,86.47,-3.85,82.62,85.43,Lula,Lula,Lula,4719.89,5127.46,0.26,0.63,265.82
2111029,São João Do Carú,MA,Nordeste,Nordeste,,10141,26.66,69.2,-3.85,65.35,68.39,Lula,Lula,Lula,2195.98,2631.18,0.26,0.29,263.67
2101772,Bela Vista Do Maranhão,MA,Nordeste,Nordeste,,10096,19.6,72.29,-3.85,68.44,71.59,Lula,Lula,Lula,2852.67,3339.92,0.26,0.35,262.5
2109205,Presidente Juscelino,MA,Nordeste,Nordeste,,10017,21.86,81.55,-3.85,77.7,80.47,Lula,Lula,Lula,4180.81,4600.16,0.26,0.53,260.44
2105963,Lagoa Grande Do Maranhão,MA,Nordeste,Nordeste,,9997,21.8,69.48,-3.85,65.63,68.77,Lula,Lula,Lula,2359.12,2833.26,0.26,0.3,259.92
2102556,Campestre Do Maranhão,MA,Nordeste,Nordeste,,9948,21.68,59.61,-3.85,55.76,59.16,Lula,Lula,Lula,868.91,1382.24,0.26,0.11,258.65
2104909,Guimarães,MA,Nordeste,Nordeste,,9820,23.42,83.68,-3.85,79.83,82.43,Lula,Lula,Lula,4189.85,4555.04,0.26,0.57,255.32
2111532,São Pedro Da Água Branca,MA,Nordeste,Nordeste,,9693,26.07,54.68,-3.85,50.83,54.3,Lula,Lula,Lula,115.62,596.42,0.26,0.02,252.02
2103901,Duque Bacelar,MA,Nordeste,Nordeste,,9654,17.94,86.26,-3.85,82.41,85.24,Lula,Lula,Lula,4967.01,5401.06,0.26,0.62,251.0
2104081,Fernando Falcão,MA,Nordeste,Nordeste,,9487,16.1,71.77,-3.85,67.92,71.21,Lula,Lula,Lula,2760.77,3266.52,0.26,0.34,246.66
2103109,Cedral,MA,Nordeste,Nordeste,,9329,18.82,78.31,-3.85,74.46,76.94,Lula,Lula,Lula,3505.52,3860.68,0.26,0.47,242.55
2111789,Serrano Do Maranhão,MA,Nordeste,Nordeste,,9228,23.48,88.84,-3.85,84.99,87.94,Lula,Lula,Lula,4744.98,5146.32,0.26,0.67,239.93
2110906,São Francisco Do Maranhão,MA,Nordeste,Nordeste,,9159,20.89,84.57,-3.85,80.72,83.56,Lula,Lula,Lula,4208.43,4598.72,0.26,0.59,238.13
2102374,Cachoeira Grande,MA,Nordeste,Nordeste,,9001,22.12,78.6,-3.85,74.75,77.73,Lula,Lula,Lula,3357.04,3760.72,0.26,0.48,234.03
2112852,Vila Nova Dos Martírios,MA,Nordeste,Nordeste,,8903,25.07,57.0,-3.85,53.15,56.45,Lula,Lula,Lula,404.6,828.1,0.26,0.06,231.48
2102754,Capinzal Do Norte,MA,Nordeste,Nordeste,,8689,18.21,70.35,-3.85,66.5,69.35,Lula,Lula,Lula,2209.29,2591.12,0.26,0.32,225.91
2111052,São João Do Paraíso,MA,Nordeste,Nordeste,,8599,15.75,55.1,-3.85,51.25,54.53,Lula,Lula,Lula,174.39,633.18,0.26,0.02,223.57
2106102,Loreto,MA,Nordeste,Nordeste,,8569,18.12,70.44,-3.85,66.59,69.52,Lula,Lula,Lula,2194.24,2581.9,0.26,0.32,222.79
2105203,Igarapé Grande,MA,Nordeste,Nordeste,,8484,16.14,61.19,-3.85,57.34,60.7,Lula,Lula,Lula,995.87,1452.74,0.26,0.14,220.58
2102150,Brejo De Areia,MA,Nordeste,Nordeste,,8475,26.14,65.08,-3.85,61.23,64.52,Lula,Lula,Lula,1342.33,1734.8,0.26,0.22,220.35
2111748,Senador Alexandre Costa,MA,Nordeste,Nordeste,,8450,23.98,73.69,-3.85,69.84,73.0,Lula,Lula,Lula,2446.16,2835.62,0.26,0.38,219.7
2105807,Lago Do Junco,MA,Nordeste,Nordeste,,8447,15.93,71.39,-3.85,67.54,70.86,Lula,Lula,Lula,2416.08,2873.44,0.26,0.34,219.62
2105922,Lagoa Do Mato,MA,Nordeste,Nordeste,,8284,20.38,81.46,-3.85,77.61,80.72,Lula,Lula,Lula,3406.63,3790.84,0.26,0.53,215.38
2105948,Lago Dos Rodrigues,MA,Nordeste,Nordeste,,8271,15.16,71.9,-3.85,68.05,71.2,Lula,Lula,Lula,2444.52,2871.56,0.26,0.35,215.05
2111904,Sucupira Do Norte,MA,Nordeste,Nordeste,,8257,15.67,72.49,-3.85,68.64,71.85,Lula,Lula,Lula,2484.4,2911.5,0.26,0.36,214.68
2110237,Santana Do Maranhão,MA,Nordeste,Nordeste,,8165,23.45,77.68,-3.85,73.83,76.76,Lula,Lula,Lula,2865.84,3219.12,0.26,0.46,212.29
2100501,Alto Parnaíba,MA,Nordeste,Nordeste,,8142,22.07,61.01,-3.85,57.16,60.26,Lula,Lula,Lula,860.58,1233.54,0.26,0.14,211.69
2106375,Maranhãozinho,MA,Nordeste,Nordeste,,8133,19.62,74.66,-3.85,70.81,73.72,Lula,Lula,Lula,2635.35,3004.36,0.26,0.4,211.46
2110856,São Francisco Do Brejão,MA,Nordeste,Nordeste,,8123,20.2,53.22,-3.85,49.37,52.87,Lula,Flávio,Lula,-78.6,358.38,0.26,-0.01,211.2
2101731,Belágua,MA,Nordeste,Nordeste,,8091,18.58,87.4,-3.85,83.55,86.65,Lula,Lula,Lula,4232.18,4623.8,0.26,0.64,210.37
2104503,Governador Archer,MA,Nordeste,Nordeste,,8077,20.66,76.79,-3.85,72.94,75.77,Lula,Lula,Lula,2794.31,3140.06,0.26,0.44,210.0
2100873,Araguanã,MA,Nordeste,Nordeste,,8007,22.67,76.26,-3.85,72.41,75.2,Lula,Lula,Lula,2692.16,3027.66,0.26,0.43,208.18
2103158,Centro Do Guilherme,MA,Nordeste,Nordeste,,7966,16.16,74.06,-3.85,70.21,72.93,Lula,Lula,Lula,2602.56,2953.66,0.26,0.39,207.12
2103125,Central Do Maranhão,MA,Nordeste,Nordeste,,7808,25.85,86.85,-3.85,83.0,85.59,Lula,Lula,Lula,3617.87,3901.98,0.26,0.63,203.01
2104651,Governador Newton Bello,MA,Nordeste,Nordeste,,7695,19.68,74.25,-3.85,70.4,73.42,Lula,Lula,Lula,2426.78,2786.4,0.26,0.39,200.07
2106631,Matões Do Norte,MA,Nordeste,Nordeste,,7654,25.11,79.46,-3.85,75.61,78.42,Lula,Lula,Lula,2814.67,3123.26,0.26,0.49,199.0
2107001,Montes Altos,MA,Nordeste,Nordeste,,7514,19.07,60.82,-3.85,56.97,60.03,Lula,Lula,Lula,814.43,1170.72,0.26,0.13,195.36
2111722,Satubinha,MA,Nordeste,Nordeste,,7469,18.36,72.34,-3.85,68.49,71.4,Lula,Lula,Lula,2149.86,2487.5,0.26,0.36,194.19
2100105,Afonso Cunha,MA,Nordeste,Nordeste,,7467,19.18,86.12,-3.85,82.27,85.21,Lula,Lula,Lula,3763.11,4105.86,0.26,0.62,194.14
2104305,Godofredo Viana,MA,Nordeste,Nordeste,,7329,13.78,65.59,-3.85,61.74,64.68,Lula,Lula,Lula,1413.76,1768.1,0.26,0.23,190.55
2105450,Jatobá,MA,Nordeste,Nordeste,,7205,21.82,76.58,-3.85,72.73,75.84,Lula,Lula,Lula,2417.85,2747.98,0.26,0.44,187.33
2109056,Porto Rico Do Maranhão,MA,Nordeste,Nordeste,,7200,26.04,72.48,-3.85,68.63,71.34,Lula,Lula,Lula,1913.38,2191.54,0.26,0.36,187.2
2112001,Tasso Fragoso,MA,Nordeste,Nordeste,,6854,18.38,53.18,-3.85,49.33,52.66,Lula,Flávio,Lula,-71.13,283.98,0.26,-0.01,178.2
2106359,Marajá Do Sena,MA,Nordeste,Nordeste,,6771,23.13,65.04,-3.85,61.19,64.38,Lula,Lula,Lula,1114.99,1432.22,0.26,0.21,176.05
2110658,São Domingos Do Azeitão,MA,Nordeste,Nordeste,,6763,16.68,68.79,-3.85,64.94,67.9,Lula,Lula,Lula,1606.28,1923.92,0.26,0.29,175.84
2105989,Lajeado Novo,MA,Nordeste,Nordeste,,6682,17.38,51.4,-3.85,47.55,51.04,Lula,Flávio,Lula,-262.33,111.4,0.26,-0.05,173.73
2106672,Milagres Do Maranhão,MA,Nordeste,Nordeste,,6650,18.62,81.47,-3.85,77.62,80.54,Lula,Lula,Lula,2868.3,3171.58,0.26,0.53,172.9
2101970,Boa Vista Do Gurupi,MA,Nordeste,Nordeste,,6551,20.52,69.8,-3.85,65.95,68.93,Lula,Lula,Lula,1599.49,1898.98,0.26,0.31,170.33
2104628,Governador Luiz Rocha,MA,Nordeste,Nordeste,,6417,20.01,68.16,-3.85,64.31,67.37,Lula,Lula,Lula,1382.35,1677.66,0.26,0.27,166.84
2104073,Feira Nova Do Maranhão,MA,Nordeste,Nordeste,,6389,18.44,59.35,-3.85,55.5,58.41,Lula,Lula,Lula,544.54,832.36,0.26,0.11,166.11
2111250,São José Dos Basílios,MA,Nordeste,Nordeste,,6388,18.8,81.11,-3.85,77.26,80.11,Lula,Lula,Lula,2722.62,3007.74,0.26,0.52,166.09
2109551,Ribamar Fiquene,MA,Nordeste,Nordeste,,6276,20.01,61.6,-3.85,57.75,60.75,Lula,Lula,Lula,752.06,1042.88,0.26,0.15,163.18
2104701,Graça Aranha,MA,Nordeste,Nordeste,,6274,18.2,74.58,-3.85,70.73,73.86,Lula,Lula,Lula,2059.49,2369.68,0.26,0.4,163.12
2109759,Santa Filomena Do Maranhão,MA,Nordeste,Nordeste,,6119,18.04,73.83,-3.85,69.98,73.18,Lula,Lula,Lula,1933.65,2243.92,0.26,0.38,159.09
2106201,Luís Domingues,MA,Nordeste,Nordeste,,6072,21.54,64.31,-3.85,60.46,63.4,Lula,Lula,Lula,945.9,1212.5,0.26,0.2,157.87
2112274,Tufilândia,MA,Nordeste,Nordeste,,6051,25.48,75.53,-3.85,71.68,74.61,Lula,Lula,Lula,1864.48,2116.42,0.26,0.42,157.33
2100402,Altamira Do Maranhão,MA,Nordeste,Nordeste,,5758,22.06,70.08,-3.85,66.23,69.21,Lula,Lula,Lula,1379.72,1633.18,0.26,0.31,149.71
2109239,Presidente Médici,MA,Nordeste,Nordeste,,5728,19.83,74.73,-3.85,70.88,73.59,Lula,Lula,Lula,1840.35,2079.26,0.26,0.4,148.93
2101350,Bacurituba,MA,Nordeste,Nordeste,,5647,27.78,86.3,-3.85,82.45,85.11,Lula,Lula,Lula,2535.92,2743.52,0.26,0.62,146.82
2109700,Sambaíba,MA,Nordeste,Nordeste,,5411,18.65,60.45,-3.85,56.6,59.92,Lula,Lula,Lula,556.87,837.56,0.26,0.13,140.69
2111631,São Raimundo Do Doca Bezerra,MA,Nordeste,Nordeste,,5160,22.02,73.68,-3.85,69.83,72.76,Lula,Lula,Lula,1516.87,1740.54,0.26,0.38,134.16
2105658,Junco Do Maranhão,MA,Nordeste,Nordeste,,5092,23.61,76.2,-3.85,72.35,75.29,Lula,Lula,Lula,1683.15,1904.5,0.26,0.43,132.39
2101939,Bernardo Do Mearim,MA,Nordeste,Nordeste,,5015,16.29,71.01,-3.85,67.16,70.19,Lula,Lula,Lula,1378.06,1621.26,0.26,0.33,130.39
2100550,Amapá Do Maranhão,MA,Nordeste,Nordeste,,4953,11.41,69.96,-3.85,66.11,68.95,Lula,Lula,Lula,1344.08,1580.82,0.26,0.31,128.78
2111953,Sucupira Do Riachão,MA,Nordeste,Nordeste,,4707,21.88,81.55,-3.85,77.7,80.39,Lula,Lula,Lula,1885.45,2068.5,0.26,0.53,122.38
2111573,São Pedro Dos Crentes,MA,Nordeste,Nordeste,,4689,16.83,32.54,-3.85,28.69,32.77,Flávio,Flávio,Flávio,-1607.95,-1300.2,0.26,-0.41,121.91
2101806,Benedito Leite,MA,Nordeste,Nordeste,,4638,19.0,72.56,-3.85,68.71,71.67,Lula,Lula,Lula,1348.29,1561.8,0.26,0.36,120.59
2111672,São Roberto,MA,Nordeste,Nordeste,,4547,21.6,75.66,-3.85,71.81,74.79,Lula,Lula,Lula,1490.86,1694.6,0.26,0.42,118.22
2107258,Nova Colinas,MA,Nordeste,Nordeste,,4514,18.34,66.52,-3.85,62.67,65.49,Lula,Lula,Lula,878.96,1074.94,0.26,0.24,117.36
2110807,São Félix De Balsas,MA,Nordeste,Nordeste,,4224,21.95,66.41,-3.85,62.56,65.48,Lula,Lula,Lula,780.22,961.56,0.26,0.24,109.82
2107308,Nova Iorque,MA,Nordeste,Nordeste,,4134,20.54,76.12,-3.85,72.27,75.39,Lula,Lula,Lula,1413.29,1611.1,0.26,0.43,107.48
3106200,Belo Horizonte,MG,Sudeste,Sudeste,,1966966,23.61,46.14,2.07,48.21,45.72,Flávio,Flávio,Flávio,-49914.31,-119571.74,-0.08,-0.03,-15735.73
3170206,Uberlândia,MG,Sudeste,Sudeste,,540033,20.46,44.21,2.07,46.28,43.97,Flávio,Flávio,Flávio,-29845.07,-48408.86,-0.08,-0.07,-4320.26
3118601,Contagem,MG,Sudeste,Sudeste,,463466,18.99,43.87,2.07,45.94,43.63,Flávio,Flávio,Flávio,-28216.97,-44229.58,-0.08,-0.07,-3707.73
3136702,Juiz De Fora,MG,Sudeste,Sudeste,,395457,18.45,54.41,2.07,56.48,53.47,Lula,Lula,Lula,38867.27,20783.64,-0.08,0.12,-3163.66
3106705,Betim,MG,Sudeste,Sudeste,,301594,18.01,45.83,2.07,47.9,45.44,Flávio,Flávio,Flávio,-9535.51,-20676.82,-0.08,-0.04,-2412.75
3143302,Montes Claros,MG,Sudeste,Sudeste,,283875,17.8,46.36,2.07,48.43,46.02,Flávio,Flávio,Flávio,-6801.32,-17295.18,-0.08,-0.03,-2271.0
3170107,Uberaba,MG,Sudeste,Sudeste,,236838,21.44,43.06,2.07,45.13,42.89,Flávio,Flávio,Flávio,-16979.08,-24770.58,-0.08,-0.09,-1894.7
3154606,Ribeirão Das Neves,MG,Sudeste,Sudeste,,218584,20.79,48.56,2.07,50.63,47.99,Flávio,Lula,Flávio,1995.45,-6369.36,-0.08,0.01,-1748.67
3127701,Governador Valadares,MG,Sudeste,Sudeste,,193573,23.21,36.51,2.07,38.58,36.73,Flávio,Flávio,Flávio,-32046.35,-37242.32,-0.08,-0.21,-1548.58
3131307,Ipatinga,MG,Sudeste,Sudeste,,176630,24.37,33.99,2.07,36.06,34.41,Flávio,Flávio,Flávio,-35248.23,-39435.74,-0.08,-0.26,-1413.04
3122306,Divinópolis,MG,Sudeste,Sudeste,,171705,18.64,40.87,2.07,42.94,40.88,Flávio,Flávio,Flávio,-18339.23,-23687.52,-0.08,-0.13,-1373.64
3167202,Sete Lagoas,MG,Sudeste,Sudeste,,167416,17.9,38.62,2.07,40.69,38.82,Flávio,Flávio,Flávio,-23287.65,-27959.34,-0.08,-0.17,-1339.33
3157807,Santa Luzia,MG,Sudeste,Sudeste,,164668,19.26,46.37,2.07,48.44,45.92,Flávio,Flávio,Flávio,-3789.07,-9925.98,-0.08,-0.03,-1317.34
3151800,Poços De Caldas,MG,Sudeste,Sudeste,,122866,26.53,40.33,2.07,42.4,40.38,Flávio,Flávio,Flávio,-12744.9,-16118.62,-0.08,-0.14,-982.93
3129806,Ibirité,MG,Sudeste,Sudeste,,122338,19.17,47.68,2.07,49.75,47.1,Flávio,Flávio,Flávio,-456.57,-5232.88,-0.08,-0.0,-978.7
3148004,Patos De Minas,MG,Sudeste,Sudeste,,116646,22.44,31.14,2.07,33.21,31.81,Flávio,Flávio,Flávio,-28541.34,-30912.76,-0.08,-0.31,-933.17
3152501,Pouso Alegre,MG,Sudeste,Sudeste,,112425,22.12,37.75,2.07,39.82,37.99,Flávio,Flávio,Flávio,-16531.21,-19493.18,-0.08,-0.19,-899.4
3168606,Teófilo Otoni,MG,Sudeste,Sudeste,,106567,27.54,50.29,2.07,52.36,49.88,Lula,Lula,Flávio,3425.53,-173.46,-0.08,0.04,-852.54
3170701,Varginha,MG,Sudeste,Sudeste,,104607,23.03,37.3,2.07,39.37,37.6,Flávio,Flávio,Flávio,-15841.4,-18478.26,-0.08,-0.2,-836.86
3105608,Barbacena,MG,Sudeste,Sudeste,,99361,21.1,53.17,2.07,55.24,52.25,Lula,Lula,Lula,7521.68,3224.7,-0.08,0.1,-794.89
3156700,Sabará,MG,Sudeste,Sudeste,,94323,18.85,49.11,2.07,51.18,48.47,Flávio,Lula,Flávio,1646.03,-2129.3,-0.08,0.02,-754.58
3118304,Conselheiro Lafaiete,MG,Sudeste,Sudeste,,94215,16.55,52.47,2.07,54.54,51.39,Lula,Lula,Lula,6494.41,1993.2,-0.08,0.08,-753.72
3103504,Araguari,MG,Sudeste,Sudeste,,90272,22.75,34.2,2.07,36.27,34.67,Flávio,Flávio,Flávio,-18037.7,-20139.98,-0.08,-0.25,-722.18
3131703,Itabira,MG,Sudeste,Sudeste,,88413,18.05,51.07,2.07,53.14,50.24,Lula,Lula,Lula,4141.08,316.12,-0.08,0.06,-707.3
3171204,Vespasiano,MG,Sudeste,Sudeste,,87691,19.14,45.94,2.07,48.01,45.56,Flávio,Flávio,Flávio,-2587.84,-5769.6,-0.08,-0.04,-701.53
3104007,Araxá,MG,Sudeste,Sudeste,,81839,23.01,40.3,2.07,42.37,40.37,Flávio,Flávio,Flávio,-8908.15,-11245.84,-0.08,-0.14,-654.71
3147907,Passos,MG,Sudeste,Sudeste,,81108,22.55,43.07,2.07,45.14,42.91,Flávio,Flávio,Flávio,-5655.54,-8250.66,-0.08,-0.09,-648.86
3119401,Coronel Fabriciano,MG,Sudeste,Sudeste,,79951,25.09,39.82,2.07,41.89,39.89,Flávio,Flávio,Flávio,-9169.69,-11430.48,-0.08,-0.15,-639.61
3143906,Muriaé,MG,Sudeste,Sudeste,,78840,20.11,45.11,2.07,47.18,44.9,Flávio,Flávio,Flávio,-3326.32,-6017.6,-0.08,-0.05,-630.72
3134202,Ituiutaba,MG,Sudeste,Sudeste,,77491,26.31,50.23,2.07,52.3,49.58,Lula,Lula,Flávio,2490.81,-458.8,-0.08,0.04,-619.93
3144805,Nova Lima,MG,Sudeste,Sudeste,,77107,17.65,48.03,2.07,50.1,47.39,Flávio,Lula,Flávio,113.8,-3063.76,-0.08,0.0,-616.86
3138203,Lavras,MG,Sudeste,Sudeste,,75558,24.22,44.56,2.07,46.63,44.29,Flávio,Flávio,Flávio,-3516.19,-5955.76,-0.08,-0.06,-604.46
3169901,Ubá,MG,Sudeste,Sudeste,,71547,22.53,48.41,2.07,50.48,47.95,Flávio,Lula,Flávio,497.02,-2122.46,-0.08,0.01,-572.38
3133808,Itaúna,MG,Sudeste,Sudeste,,70855,20.95,30.36,2.07,32.43,31.16,Flávio,Flávio,Flávio,-18183.63,-19491.68,-0.08,-0.32,-566.84
3162500,São João Del Rei,MG,Sudeste,Sudeste,,70117,20.89,46.14,2.07,48.21,45.77,Flávio,Flávio,Flávio,-1835.94,-4339.24,-0.08,-0.03,-560.94
3132404,Itajubá,MG,Sudeste,Sudeste,,68385,20.02,33.64,2.07,35.71,34.15,Flávio,Flávio,Flávio,-14559.37,-16145.6,-0.08,-0.26,-547.08
3147006,Paracatu,MG,Sudeste,Sudeste,,68278,23.11,34.9,2.07,36.97,35.27,Flávio,Flávio,Flávio,-12851.31,-14527.68,-0.08,-0.24,-546.22
3147105,Pará De Minas,MG,Sudeste,Sudeste,,67632,21.33,30.48,2.07,32.55,31.37,Flávio,Flávio,Flávio,-17019.11,-18173.4,-0.08,-0.32,-541.06
3145208,Nova Serrana,MG,Sudeste,Sudeste,,67377,17.13,22.83,2.07,24.9,23.83,Flávio,Flávio,Flávio,-26605.21,-27743.66,-0.08,-0.46,-539.02
3148103,Patrocínio,MG,Sudeste,Sudeste,,65612,18.72,33.22,2.07,35.29,33.74,Flávio,Flávio,Flávio,-14633.91,-16176.14,-0.08,-0.27,-524.9
3146107,Ouro Preto,MG,Sudeste,Sudeste,S2#15,64302,21.49,66.87,2.07,68.94,65.05,Lula,Lula,Lula,17566.66,13951.16,-0.08,0.35,-514.42
3170404,Unaí,MG,Sudeste,Sudeste,,64172,22.99,31.2,2.07,33.27,31.83,Flávio,Flávio,Flávio,-15716.11,-17069.56,-0.08,-0.31,-513.38
3139409,Manhuaçu,MG,Sudeste,Sudeste,,62011,23.07,41.37,2.07,43.44,41.35,Flávio,Flávio,Flávio,-5911.45,-7791.94,-0.08,-0.12,-496.09
3171303,Viçosa,MG,Sudeste,Sudeste,S2#16,61609,22.32,65.8,2.07,67.87,63.97,Lula,Lula,Lula,15872.12,12411.42,-0.08,0.33,-492.87
3120904,Curvelo,MG,Sudeste,Sudeste,,61304,24.78,47.64,2.07,49.71,47.18,Flávio,Flávio,Flávio,-244.6,-2409.38,-0.08,-0.01,-490.43
3136207,João Monlevade,MG,Sudeste,Sudeste,,61219,23.38,47.2,2.07,49.27,46.76,Flávio,Flávio,Flávio,-630.93,-2803.34,-0.08,-0.01,-489.75
3101607,Alfenas,MG,Sudeste,Sudeste,,61027,24.86,37.11,2.07,39.18,37.33,Flávio,Flávio,Flávio,-9296.48,-10883.04,-0.08,-0.2,-488.22
3113404,Caratinga,MG,Sudeste,Sudeste,,60397,21.81,44.42,2.07,46.49,44.25,Flávio,Flávio,Flávio,-3115.95,-5107.84,-0.08,-0.06,-483.18
3168705,Timóteo,MG,Sudeste,Sudeste,,59600,23.21,38.95,2.07,41.02,39.07,Flávio,Flávio,Flávio,-7752.1,-9438.34,-0.08,-0.17,-476.8
3124104,Esmeraldas,MG,Sudeste,Sudeste,,56992,23.92,51.17,2.07,53.24,50.41,Lula,Lula,Lula,2581.92,327.94,-0.08,0.06,-455.94
3169307,Três Corações,MG,Sudeste,Sudeste,,56588,25.73,38.65,2.07,40.72,38.83,Flávio,Flávio,Flávio,-7121.79,-8571.16,-0.08,-0.17,-452.7
3135100,Janaúba,MG,Sudeste,Sudeste,,55304,22.39,52.6,2.07,54.67,52.03,Lula,Lula,Lula,3763.39,1633.44,-0.08,0.09,-442.43
3137601,Lagoa Santa,MG,Sudeste,Sudeste,,54891,20.52,36.5,2.07,38.57,36.86,Flávio,Flávio,Flávio,-9285.59,-10681.84,-0.08,-0.21,-439.13
3126109,Formiga,MG,Sudeste,Sudeste,,54476,22.35,35.26,2.07,37.33,35.76,Flávio,Flávio,Flávio,-9840.19,-11055.4,-0.08,-0.23,-435.81
3140001,Mariana,MG,Sudeste,Sudeste,S2#22,52424,23.37,64.68,2.07,66.75,62.79,Lula,Lula,Lula,12125.45,9260.58,-0.08,0.31,-419.39
3115300,Cataguases,MG,Sudeste,Sudeste,S2#18,52112,24.19,59.01,2.07,61.08,57.97,Lula,Lula,Lula,8203.63,5898.72,-0.08,0.2,-416.9
3135209,Januária,MG,Sudeste,Sudeste,S2#12,51291,28.73,74.55,2.07,76.62,73.16,Lula,Lula,Lula,18456.75,16060.82,-0.08,0.49,-410.33
3164704,São Sebastião Do Paraíso,MG,Sudeste,Sudeste,,51162,25.95,39.97,2.07,42.04,40.07,Flávio,Flávio,Flávio,-5565.56,-6945.56,-0.08,-0.15,-409.3
3149309,Pedro Leopoldo,MG,Sudeste,Sudeste,,49124,20.39,42.72,2.07,44.79,42.58,Flávio,Flávio,Flávio,-3735.37,-5327.38,-0.08,-0.1,-392.99
3169406,Três Pontas,MG,Sudeste,Sudeste,,45341,21.82,48.52,2.07,50.59,47.91,Flávio,Lula,Flávio,386.52,-1363.68,-0.08,0.01,-362.73
3131901,Itabirito,MG,Sudeste,Sudeste,S1#71,45012,21.85,47.39,2.07,49.46,46.7,Flávio,Flávio,Flávio,-343.92,-2085.82,-0.08,-0.01,-360.1
3152105,Ponte Nova,MG,Sudeste,Sudeste,S2#35,44494,22.11,64.99,2.07,67.06,63.46,Lula,Lula,Lula,11043.3,8714.84,-0.08,0.31,-355.95
3118007,Congonhas,MG,Sudeste,Sudeste,,43886,21.01,49.28,2.07,51.35,48.56,Flávio,Lula,Flávio,853.61,-913.58,-0.08,0.02,-351.09
3125101,Extrema,MG,Sudeste,Sudeste,,43712,25.89,39.57,2.07,41.64,39.69,Flávio,Flávio,Flávio,-4983.72,-6143.9,-0.08,-0.15,-349.7
3127107,Frutal,MG,Sudeste,Sudeste,,42351,25.88,38.45,2.07,40.52,38.58,Flávio,Flávio,Flávio,-5642.32,-6796.2,-0.08,-0.17,-338.81
3161106,São Francisco,MG,Sudeste,Sudeste,S2#19,41950,29.73,66.06,2.07,68.13,64.96,Lula,Lula,Lula,10238.59,8446.7,-0.08,0.33,-335.6
3151206,Pirapora,MG,Sudeste,Sudeste,,41904,25.33,42.88,2.07,44.95,42.76,Flávio,Flávio,Flávio,-2921.07,-4182.56,-0.08,-0.09,-335.23
3138401,Leopoldina,MG,Sudeste,Sudeste,S2#37,40162,24.19,57.01,2.07,59.08,56.03,Lula,Lula,Lula,5184.46,3445.24,-0.08,0.17,-321.3
3128709,Guaxupé,MG,Sudeste,Sudeste,,39360,25.03,46.27,2.07,48.34,45.91,Flávio,Flávio,Flávio,-909.12,-2234.64,-0.08,-0.03,-314.88
3111200,Campo Belo,MG,Sudeste,Sudeste,,39354,25.73,38.36,2.07,40.43,38.52,Flávio,Flávio,Flávio,-5171.39,-6201.64,-0.08,-0.18,-314.83
3107406,Bom Despacho,MG,Sudeste,Sudeste,,39052,23.34,29.36,2.07,31.43,30.23,Flávio,Flávio,Flávio,-10326.42,-10992.82,-0.08,-0.34,-312.42
3136306,João Pinheiro,MG,Sudeste,Sudeste,,38832,26.35,38.99,2.07,41.06,39.1,Flávio,Flávio,Flávio,-4846.32,-5910.06,-0.08,-0.16,-310.66
3121605,Diamantina,MG,Sudeste,Sudeste,S2#31,38586,26.67,67.04,2.07,69.11,65.35,Lula,Lula,Lula,10114.85,8121.18,-0.08,0.35,-308.69
3160702,Santos Dumont,MG,Sudeste,Sudeste,S2#46,37567,23.36,60.3,2.07,62.37,59.05,Lula,Lula,Lula,6600.9,4831.6,-0.08,0.23,-300.54
3137205,Lagoa Da Prata,MG,Sudeste,Sudeste,,37445,23.92,34.37,2.07,36.44,34.81,Flávio,Flávio,Flávio,-7220.2,-8090.76,-0.08,-0.25,-299.56
3143104,Monte Carmelo,MG,Sudeste,Sudeste,S1#78,35703,22.82,45.58,2.07,47.65,45.3,Flávio,Flávio,Flávio,-1212.83,-2430.92,-0.08,-0.04,-285.62
3107307,Bocaiúva,MG,Sudeste,Sudeste,S2#66,35646,21.52,67.45,2.07,69.52,66.08,Lula,Lula,Lula,10265.38,8457.84,-0.08,0.36,-285.17
3109006,Brumadinho,MG,Sudeste,Sudeste,,35366,21.33,44.96,2.07,47.03,44.63,Flávio,Flávio,Flávio,-1525.62,-2758.0,-0.08,-0.05,-282.93
3130101,Igarapé,MG,Sudeste,Sudeste,,35009,22.99,44.01,2.07,46.08,43.75,Flávio,Flávio,Flávio,-1949.93,-3111.48,-0.08,-0.07,-280.07
3163706,São Lourenço,MG,Sudeste,Sudeste,,34836,23.73,35.17,2.07,37.24,35.55,Flávio,Flávio,Flávio,-6320.3,-7160.04,-0.08,-0.23,-278.69
3110004,Caeté,MG,Sudeste,Sudeste,,34347,23.96,52.3,2.07,54.37,51.06,Lula,Lula,Lula,2072.03,503.4,-0.08,0.08,-274.78
3104205,Arcos,MG,Sudeste,Sudeste,,33540,21.58,37.48,2.07,39.55,37.75,Flávio,Flávio,Flávio,-5081.91,-5955.44,-0.08,-0.19,-268.32
3145604,Oliveira,MG,Sudeste,Sudeste,,33504,21.98,45.94,2.07,48.01,45.58,Flávio,Flávio,Flávio,-951.48,-2110.52,-0.08,-0.04,-268.03
3157005,Salinas,MG,Sudeste,Sudeste,S2#53,33019,25.44,58.28,2.07,60.35,57.45,Lula,Lula,Lula,4751.55,3421.74,-0.08,0.19,-264.15
3107109,Boa Esperança,MG,Sudeste,Sudeste,S1#93,32515,25.33,42.08,2.07,44.15,42.02,Flávio,Flávio,Flávio,-2662.44,-3631.64,-0.08,-0.11,-260.12
3159605,Santa Rita Do Sapucaí,MG,Sudeste,Sudeste,,31737,22.43,30.29,2.07,32.36,31.28,Flávio,Flávio,Flávio,-8005.31,-8495.48,-0.08,-0.32,-253.9
3152204,Porteirinha,MG,Sudeste,Sudeste,S2#80,31682,22.61,61.46,2.07,63.53,60.69,Lula,Lula,Lula,6247.59,4937.32,-0.08,0.25,-253.46
3101706,Almenara,MG,Sudeste,Sudeste,S2#48,31120,27.99,68.87,2.07,70.94,67.82,Lula,Lula,Lula,8847.44,7531.9,-0.08,0.39,-248.96
3112307,Capelinha,MG,Sudeste,Sudeste,S1#16,31072,25.44,47.94,2.07,50.01,47.54,Flávio,Lula,Flávio,5.46,-1060.08,-0.08,0.0,-248.58
3172004,Visconde Do Rio Branco,MG,Sudeste,Sudeste,,30721,20.7,53.65,2.07,55.72,52.95,Lula,Lula,Lula,2590.7,1333.22,-0.08,0.11,-245.77
3139003,Machado,MG,Sudeste,Sudeste,,30436,23.88,35.73,2.07,37.8,36.02,Flávio,Flávio,Flávio,-5227.71,-5989.52,-0.08,-0.22,-243.49
3102605,Andradas,MG,Sudeste,Sudeste,,30179,24.28,31.01,2.07,33.08,31.73,Flávio,Flávio,Flávio,-7117.34,-7684.88,-0.08,-0.31,-241.43
3141108,Matozinhos,MG,Sudeste,Sudeste,,30120,22.2,46.72,2.07,48.79,46.21,Flávio,Flávio,Flávio,-515.82,-1616.98,-0.08,-0.02,-240.96
3145901,Ouro Branco,MG,Sudeste,Sudeste,,30112,17.54,48.33,2.07,50.4,47.73,Flávio,Lula,Flávio,183.64,-1040.84,-0.08,0.01,-240.9
3134400,Iturama,MG,Sudeste,Sudeste,S1#82,30000,26.5,46.97,2.07,49.04,46.69,Flávio,Flávio,Flávio,-401.44,-1390.06,-0.08,-0.02,-240.0
3140704,Mateus Leme,MG,Sudeste,Sudeste,,29334,26.03,43.26,2.07,45.33,43.05,Flávio,Flávio,Flávio,-1834.35,-2727.56,-0.08,-0.09,-234.67
3144300,Nanuque,MG,Sudeste,Sudeste,,29314,29.91,49.13,2.07,51.2,48.83,Flávio,Lula,Flávio,463.98,-451.86,-0.08,0.02,-234.51
3162104,São Gotardo,MG,Sudeste,Sudeste,,28579,21.72,29.17,2.07,31.24,29.78,Flávio,Flávio,Flávio,-7885.97,-8501.64,-0.08,-0.35,-228.63
3103405,Araçuaí,MG,Sudeste,Sudeste,S2#50,28297,30.26,62.89,2.07,64.96,62.09,Lula,Lula,Lula,5582.65,4509.52,-0.08,0.28,-226.38
3168002,Taiobeiras,MG,Sudeste,Sudeste,,27594,23.79,38.61,2.07,40.68,38.71,Flávio,Flávio,Flávio,-3675.13,-4450.16,-0.08,-0.17,-220.75
3170800,Várzea Da Palma,MG,Sudeste,Sudeste,S1#91,27190,25.94,47.98,2.07,50.05,47.6,Flávio,Lula,Flávio,19.69,-897.68,-0.08,0.0,-217.52
3135050,Jaíba,MG,Sudeste,Sudeste,S2#98,27130,24.66,53.92,2.07,55.99,53.44,Lula,Lula,Lula,2315.02,1331.32,-0.08,0.11,-217.04
3108602,Brasília De Minas,MG,Sudeste,Sudeste,S2#72,27089,27.46,68.23,2.07,70.3,67.08,Lula,Lula,Lula,7542.63,6347.44,-0.08,0.37,-216.71
3101508,Além Paraíba,MG,Sudeste,Sudeste,,27004,24.74,53.76,2.07,55.83,53.03,Lula,Lula,Lula,2231.63,1160.86,-0.08,0.11,-216.03
3132503,Itamarandiba,MG,Sudeste,Sudeste,,26424,24.28,53.24,2.07,55.31,52.1,Lula,Lula,Lula,1939.93,767.38,-0.08,0.1,-211.39
3151503,Piumhi,MG,Sudeste,Sudeste,,26253,25.43,32.04,2.07,34.11,32.53,Flávio,Flávio,Flávio,-5841.92,-6419.7,-0.08,-0.29,-210.02
3165537,Sarzedo,MG,Sudeste,Sudeste,,26228,18.31,39.57,2.07,41.64,39.69,Flávio,Flávio,Flávio,-3289.4,-4052.78,-0.08,-0.15,-209.82
3158953,Santana Do Paraíso,MG,Sudeste,Sudeste,,25815,22.9,37.49,2.07,39.56,37.7,Flávio,Flávio,Flávio,-3945.92,-4652.78,-0.08,-0.19,-206.52
3146008,Ouro Fino,MG,Sudeste,Sudeste,,25443,25.55,29.58,2.07,31.65,30.39,Flávio,Flávio,Flávio,-6443.71,-6886.6,-0.08,-0.34,-203.54
3162922,São Joaquim De Bicas,MG,Sudeste,Sudeste,,25074,23.77,50.0,2.07,52.07,49.33,Flávio,Lula,Flávio,726.91,-235.64,-0.08,0.04,-200.59
3128006,Guanhães,MG,Sudeste,Sudeste,,25045,31.99,51.92,2.07,53.99,51.2,Lula,Lula,Lula,1244.89,374.06,-0.08,0.07,-200.36
3136652,Juatuba,MG,Sudeste,Sudeste,,25040,22.86,47.99,2.07,50.06,47.42,Flávio,Lula,Flávio,20.42,-913.28,-0.08,0.0,-200.32
3145307,Novo Cruzeiro,MG,Sudeste,Sudeste,S2#45,24963,36.46,69.57,2.07,71.64,68.71,Lula,Lula,Lula,6321.47,5464.76,-0.08,0.4,-199.7
3169356,Três Marias,MG,Sudeste,Sudeste,,24921,27.37,45.16,2.07,47.23,44.89,Flávio,Flávio,Flávio,-932.97,-1717.64,-0.08,-0.05,-199.37
3119302,Coromandel,MG,Sudeste,Sudeste,,24503,22.7,34.32,2.07,36.39,34.73,Flávio,Flávio,Flávio,-4858.99,-5450.4,-0.08,-0.25,-196.02
3152006,Pompéu,MG,Sudeste,Sudeste,S1#43,24330,25.19,49.15,2.07,51.22,48.65,Flávio,Lula,Flávio,409.46,-452.34,-0.08,0.02,-194.64
3157203,Santa Bárbara,MG,Sudeste,Sudeste,,24261,23.29,59.49,2.07,61.56,57.87,Lula,Lula,Lula,3933.23,2678.46,-0.08,0.21,-194.09
3105400,Barão De Cocais,MG,Sudeste,Sudeste,,24133,20.53,50.4,2.07,52.47,49.55,Lula,Lula,Flávio,853.65,-154.0,-0.08,0.05,-193.06
3124302,Espinosa,MG,Sudeste,Sudeste,,23564,20.62,62.34,2.07,64.41,61.44,Lula,Lula,Lula,5131.86,4072.2,-0.08,0.27,-188.51
3113305,Carangola,MG,Sudeste,Sudeste,,23082,21.15,50.63,2.07,52.7,50.06,Lula,Lula,Lula,920.33,21.52,-0.08,0.05,-184.66
3162401,São João Da Ponte,MG,Sudeste,Sudeste,S2#84,22992,30.61,78.03,2.07,80.1,76.79,Lula,Lula,Lula,9130.86,8125.44,-0.08,0.55,-183.94
3116605,Cláudio,MG,Sudeste,Sudeste,,22834,19.55,29.23,2.07,31.3,30.1,Flávio,Flávio,Flávio,-6355.62,-6761.38,-0.08,-0.34,-182.67
3141801,Minas Novas,MG,Sudeste,Sudeste,S2#59,22788,35.17,72.69,2.07,74.76,71.62,Lula,Lula,Lula,6711.5,5860.96,-0.08,0.46,-182.3
3110608,Cambuí,MG,Sudeste,Sudeste,,22533,24.9,38.22,2.07,40.29,38.45,Flávio,Flávio,Flávio,-3033.63,-3608.58,-0.08,-0.18,-180.26
3152808,Prata,MG,Sudeste,Sudeste,S1#18,22334,26.95,43.71,2.07,45.78,43.49,Flávio,Flávio,Flávio,-1299.14,-2004.4,-0.08,-0.08,-178.67
3155603,Rio Pardo De Minas,MG,Sudeste,Sudeste,,22281,22.88,59.46,2.07,61.53,58.64,Lula,Lula,Lula,3708.36,2778.48,-0.08,0.21,-178.25
3114303,Carmo Do Paranaíba,MG,Sudeste,Sudeste,,22245,23.46,29.8,2.07,31.87,30.37,Flávio,Flávio,Flávio,-5780.01,-6257.74,-0.08,-0.33,-177.96
3118809,Coração De Jesus,MG,Sudeste,Sudeste,,21928,27.67,72.04,2.07,74.11,70.66,Lula,Lula,Lula,7234.43,6199.16,-0.08,0.44,-175.42
3144003,Mutum,MG,Sudeste,Sudeste,,21564,23.53,42.67,2.07,44.74,42.6,Flávio,Flávio,Flávio,-1654.54,-2325.18,-0.08,-0.1,-172.51
3151404,Pitangui,MG,Sudeste,Sudeste,,21464,20.05,30.92,2.07,32.99,31.57,Flávio,Flávio,Flávio,-5483.63,-5939.6,-0.08,-0.31,-171.71
3160405,Santo Antônio Do Monte,MG,Sudeste,Sudeste,,21033,20.7,24.49,2.07,26.56,25.28,Flávio,Flávio,Flávio,-7432.22,-7837.94,-0.08,-0.43,-168.26
3169604,Tupaciguara,MG,Sudeste,Sudeste,S1#100,20966,24.07,49.46,2.07,51.53,49.07,Flávio,Lula,Flávio,461.08,-280.3,-0.08,0.03,-167.73
3156908,Sacramento,MG,Sudeste,Sudeste,,20911,23.66,37.85,2.07,39.92,38.07,Flávio,Flávio,Flávio,-3047.09,-3604.8,-0.08,-0.19,-167.29
3144607,Nepomuceno,MG,Sudeste,Sudeste,,20890,25.89,44.84,2.07,46.91,44.56,Flávio,Flávio,Flávio,-879.43,-1546.78,-0.08,-0.06,-167.12
3106309,Belo Oriente,MG,Sudeste,Sudeste,,20697,25.78,47.87,2.07,49.94,47.58,Flávio,Flávio,Flávio,-16.13,-699.58,-0.08,-0.0,-165.58
3113206,Carandaí,MG,Sudeste,Sudeste,S1#97,20681,17.82,48.93,2.07,51.0,48.45,Flávio,Lula,Flávio,306.74,-476.76,-0.08,0.02,-165.45
3109303,Buritis,MG,Sudeste,Sudeste,,20584,25.78,39.88,2.07,41.95,39.93,Flávio,Flávio,Flávio,-2356.31,-2947.12,-0.08,-0.15,-164.67
3109402,Buritizeiro,MG,Sudeste,Sudeste,,20491,26.08,52.52,2.07,54.59,51.93,Lula,Lula,Lula,1278.45,538.6,-0.08,0.08,-163.93
3111606,Campos Gerais,MG,Sudeste,Sudeste,,20481,25.03,42.46,2.07,44.53,42.38,Flávio,Flávio,Flávio,-1558.29,-2172.74,-0.08,-0.1,-163.85
3117306,Conceição Das Alagoas,MG,Sudeste,Sudeste,S1#67,20159,23.4,49.31,2.07,51.38,48.98,Flávio,Lula,Flávio,407.03,-300.26,-0.08,0.03,-161.27
3162906,São João Nepomuceno,MG,Sudeste,Sudeste,,20106,22.41,48.8,2.07,50.87,48.22,Flávio,Lula,Flávio,253.21,-520.0,-0.08,0.02,-160.85
3123601,Elói Mendes,MG,Sudeste,Sudeste,,19976,21.72,38.23,2.07,40.3,38.42,Flávio,Flávio,Flávio,-2796.3,-3336.46,-0.08,-0.18,-159.81
3117504,Conceição Do Mato Dentro,MG,Sudeste,Sudeste,,19793,29.27,62.66,2.07,64.73,61.16,Lula,Lula,Lula,3768.92,2854.26,-0.08,0.27,-158.34
3119104,Corinto,MG,Sudeste,Sudeste,,19765,29.97,55.88,2.07,57.95,54.99,Lula,Lula,Lula,2053.1,1289.96,-0.08,0.15,-158.12
3162955,São José Da Lapa,MG,Sudeste,Sudeste,,19738,17.13,42.38,2.07,44.45,42.28,Flávio,Flávio,Flávio,-1684.3,-2343.92,-0.08,-0.1,-157.9
3147402,Paraopeba,MG,Sudeste,Sudeste,,19694,18.37,42.58,2.07,44.65,42.47,Flávio,Flávio,Flávio,-1592.91,-2239.12,-0.08,-0.1,-157.55
3130903,Inhapim,MG,Sudeste,Sudeste,,19666,24.59,43.63,2.07,45.7,43.53,Flávio,Flávio,Flávio,-1213.59,-1825.5,-0.08,-0.08,-157.33
3126703,Francisco Sá,MG,Sudeste,Sudeste,,19570,25.34,69.46,2.07,71.53,68.22,Lula,Lula,Lula,5937.59,5025.2,-0.08,0.4,-156.56
3134905,Jacutinga,MG,Sudeste,Sudeste,,19258,23.08,24.03,2.07,26.1,24.94,Flávio,Flávio,Flávio,-6670.5,-6994.12,-0.08,-0.44,-154.06
3139607,Mantena,MG,Sudeste,Sudeste,,19156,22.55,38.11,2.07,40.18,38.23,Flávio,Flávio,Flávio,-2780.12,-3332.16,-0.08,-0.18,-153.25
3101102,Aimorés,MG,Sudeste,Sudeste,,19149,26.39,41.48,2.07,43.55,41.46,Flávio,Flávio,Flávio,-1735.8,-2296.82,-0.08,-0.12,-153.19
3162005,São Gonçalo Do Sapucaí,MG,Sudeste,Sudeste,,19134,26.74,44.68,2.07,46.75,44.44,Flávio,Flávio,Flávio,-842.23,-1441.58,-0.08,-0.06,-153.07
3114204,Carmo Do Cajuru,MG,Sudeste,Sudeste,S3#75,19084,19.08,39.71,2.07,41.78,39.82,Flávio,Flávio,Flávio,-2353.95,-2915.24,-0.08,-0.15,-152.67
3105103,Bambuí,MG,Sudeste,Sudeste,,19001,26.01,48.54,2.07,50.61,48.0,Flávio,Lula,Flávio,159.65,-521.38,-0.08,0.01,-152.01
3110509,Camanducaia,MG,Sudeste,Sudeste,,18995,26.73,37.24,2.07,39.31,37.44,Flávio,Flávio,Flávio,-2763.76,-3246.62,-0.08,-0.2,-151.96
3143401,Monte Sião,MG,Sudeste,Sudeste,,18682,21.35,20.93,2.07,23.0,21.82,Flávio,Flávio,Flávio,-7538.3,-7869.32,-0.08,-0.5,-149.46
3132701,Itambacuri,MG,Sudeste,Sudeste,,18385,31.9,64.07,2.07,66.14,63.14,Lula,Lula,Lula,3764.01,3064.58,-0.08,0.3,-147.08
3154002,Raul Soares,MG,Sudeste,Sudeste,,18357,24.83,57.26,2.07,59.33,56.45,Lula,Lula,Lula,2399.04,1659.2,-0.08,0.17,-146.86
3148707,Pedra Azul,MG,Sudeste,Sudeste,,18355,32.05,58.28,2.07,60.35,57.59,Lula,Lula,Lula,2396.74,1758.26,-0.08,0.19,-146.84
3124203,Espera Feliz,MG,Sudeste,Sudeste,,18168,22.46,48.92,2.07,50.99,48.48,Flávio,Lula,Flávio,258.75,-398.6,-0.08,0.02,-145.34
3135803,Jequitinhonha,MG,Sudeste,Sudeste,,18092,31.91,74.47,2.07,76.54,73.39,Lula,Lula,Lula,6153.72,5425.36,-0.08,0.49,-144.74
3162708,São João Do Paraíso,MG,Sudeste,Sudeste,,18054,23.34,49.81,2.07,51.88,49.34,Flávio,Lula,Flávio,473.02,-165.52,-0.08,0.03,-144.43
3144102,Muzambinho,MG,Sudeste,Sudeste,,17966,23.32,41.55,2.07,43.62,41.52,Flávio,Flávio,Flávio,-1650.98,-2194.74,-0.08,-0.12,-143.73
3142908,Monte Azul,MG,Sudeste,Sudeste,,17843,19.82,60.58,2.07,62.65,59.87,Lula,Lula,Lula,3405.15,2657.64,-0.08,0.23,-142.74
3115508,Caxambu,MG,Sudeste,Sudeste,,17661,28.74,49.77,2.07,51.84,49.17,Flávio,Lula,Flávio,431.69,-193.5,-0.08,0.03,-141.29
3105905,Barroso,MG,Sudeste,Sudeste,,17476,21.09,55.81,2.07,57.88,54.8,Lula,Lula,Lula,1957.01,1191.12,-0.08,0.15,-139.81
3100203,Abaeté,MG,Sudeste,Sudeste,,17445,19.93,39.23,2.07,41.3,39.33,Flávio,Flávio,Flávio,-2287.76,-2804.16,-0.08,-0.16,-139.56
3137809,Lambari,MG,Sudeste,Sudeste,,17336,23.89,36.49,2.07,38.56,36.77,Flávio,Flávio,Flávio,-2815.25,-3255.2,-0.08,-0.21,-138.69
3159803,Santa Vitória,MG,Sudeste,Sudeste,,17312,24.59,52.55,2.07,54.62,51.94,Lula,Lula,Lula,1149.91,481.58,-0.08,0.09,-138.5
3149903,Perdões,MG,Sudeste,Sudeste,,17292,21.55,40.26,2.07,42.33,40.31,Flávio,Flávio,Flávio,-1913.65,-2416.28,-0.08,-0.14,-138.34
3170909,Varzelândia,MG,Sudeste,Sudeste,,17159,29.83,74.29,2.07,76.36,73.5,Lula,Lula,Lula,6080.09,5421.0,-0.08,0.49,-137.27
3167103,Serro,MG,Sudeste,Sudeste,,17103,33.37,70.03,2.07,72.1,68.51,Lula,Lula,Lula,4595.13,3848.0,-0.08,0.41,-136.82
3133501,Itapecerica,MG,Sudeste,Sudeste,S1#39,17090,16.06,46.43,2.07,48.5,46.08,Flávio,Flávio,Flávio,-396.16,-1033.18,-0.08,-0.03,-136.72
3143203,Monte Santo De Minas,MG,Sudeste,Sudeste,,17062,28.24,40.22,2.07,42.29,40.27,Flávio,Flávio,Flávio,-1721.76,-2172.34,-0.08,-0.14,-136.5
3139508,Manhumirim,MG,Sudeste,Sudeste,,17013,25.51,49.17,2.07,51.24,48.78,Flávio,Lula,Flávio,295.46,-290.34,-0.08,0.02,-136.1
3171006,Vazante,MG,Sudeste,Sudeste,S1#37,16950,24.78,44.69,2.07,46.76,44.43,Flávio,Flávio,Flávio,-777.81,-1339.1,-0.08,-0.06,-135.6
3133303,Itaobim,MG,Sudeste,Sudeste,,16895,29.46,56.39,2.07,58.46,55.83,Lula,Lula,Lula,1877.91,1295.04,-0.08,0.16,-135.16
3129509,Ibiá,MG,Sudeste,Sudeste,S1#24,16840,25.29,41.45,2.07,43.52,41.43,Flávio,Flávio,Flávio,-1534.75,-2030.8,-0.08,-0.12,-134.72
3147204,Paraguaçu,MG,Sudeste,Sudeste,,16696,21.98,41.22,2.07,43.29,41.2,Flávio,Flávio,Flávio,-1627.86,-2132.46,-0.08,-0.12,-133.57
3137700,Lajinha,MG,Sudeste,Sudeste,,16637,21.2,43.46,2.07,45.53,43.37,Flávio,Flávio,Flávio,-1104.58,-1637.54,-0.08,-0.08,-133.1
3169703,Turmalina,MG,Sudeste,Sudeste,,16553,21.91,63.78,2.07,65.85,62.65,Lula,Lula,Lula,3856.46,3077.36,-0.08,0.29,-132.42
3124005,Ervália,MG,Sudeste,Sudeste,,16479,19.79,61.5,2.07,63.57,60.17,Lula,Lula,Lula,3199.64,2397.24,-0.08,0.25,-131.83
3111002,Campestre,MG,Sudeste,Sudeste,,16477,21.12,35.09,2.07,37.16,35.53,Flávio,Flávio,Flávio,-3076.9,-3467.32,-0.08,-0.24,-131.82
3147303,Paraisópolis,MG,Sudeste,Sudeste,,16472,22.99,38.91,2.07,40.98,39.08,Flávio,Flávio,Flávio,-2102.03,-2544.54,-0.08,-0.17,-131.78
3167608,Simonésia,MG,Sudeste,Sudeste,,16466,22.45,47.81,2.07,49.88,47.47,Flávio,Flávio,Flávio,-29.03,-598.26,-0.08,-0.0,-131.73
3141405,Medina,MG,Sudeste,Sudeste,,16321,26.84,65.27,2.07,67.34,64.52,Lula,Lula,Lula,3853.21,3226.12,-0.08,0.32,-130.57
3113701,Carlos Chagas,MG,Sudeste,Sudeste,,16296,31.33,58.44,2.07,60.51,57.68,Lula,Lula,Lula,2201.43,1609.38,-0.08,0.19,-130.37
3153400,Presidente Olegário,MG,Sudeste,Sudeste,S1#48,16281,25.48,41.11,2.07,43.18,41.11,Flávio,Flávio,Flávio,-1548.89,-2020.62,-0.08,-0.13,-130.25
3134608,Jaboticatubas,MG,Sudeste,Sudeste,,16254,23.4,49.46,2.07,51.53,48.78,Flávio,Lula,Flávio,353.26,-281.44,-0.08,0.03,-130.03
3139300,Manga,MG,Sudeste,Sudeste,,16127,28.49,63.35,2.07,65.42,62.7,Lula,Lula,Lula,3364.0,2771.3,-0.08,0.28,-129.02
3101904,Alpinópolis,MG,Sudeste,Sudeste,,16047,21.88,40.46,2.07,42.53,40.5,Flávio,Flávio,Flávio,-1758.34,-2236.94,-0.08,-0.14,-128.38
3122009,Divino,MG,Sudeste,Sudeste,,16044,27.37,55.12,2.07,57.19,54.58,Lula,Lula,Lula,1589.59,1013.82,-0.08,0.13,-128.35
3131208,Ipanema,MG,Sudeste,Sudeste,,16009,27.79,46.71,2.07,48.78,46.47,Flávio,Flávio,Flávio,-267.1,-769.78,-0.08,-0.02,-128.07
3114402,Carmo Do Rio Claro,MG,Sudeste,Sudeste,,15908,22.54,37.3,2.07,39.37,37.57,Flávio,Flávio,Flávio,-2452.23,-2866.76,-0.08,-0.2,-127.26
3137502,Lagoa Formosa,MG,Sudeste,Sudeste,,15873,18.09,37.53,2.07,39.6,37.74,Flávio,Flávio,Flávio,-2536.7,-2990.16,-0.08,-0.19,-126.98
3118403,Conselheiro Pena,MG,Sudeste,Sudeste,,15714,23.51,40.61,2.07,42.68,40.63,Flávio,Flávio,Flávio,-1669.34,-2137.3,-0.08,-0.13,-125.71
3104908,Baependi,MG,Sudeste,Sudeste,,15621,21.03,35.77,2.07,37.84,36.12,Flávio,Flávio,Flávio,-2800.52,-3196.76,-0.08,-0.22,-124.97
3113008,Caraí,MG,Sudeste,Sudeste,,15521,31.45,72.84,2.07,74.91,71.52,Lula,Lula,Lula,4869.92,4208.62,-0.08,0.46,-124.17
3139201,Malacacheta,MG,Sudeste,Sudeste,,15507,31.41,60.42,2.07,62.49,59.66,Lula,Lula,Lula,2477.94,1917.98,-0.08,0.23,-124.06
3142809,Monte Alegre De Minas,MG,Sudeste,Sudeste,S1#60,15409,27.47,46.93,2.07,49.0,46.62,Flávio,Flávio,Flávio,-209.52,-710.82,-0.08,-0.02,-123.27
3140902,Matipó,MG,Sudeste,Sudeste,,15216,21.44,51.45,2.07,53.52,51.12,Lula,Lula,Lula,789.1,250.6,-0.08,0.06,-121.73
3108008,Bom Sucesso,MG,Sudeste,Sudeste,,15102,26.74,50.72,2.07,52.79,50.13,Lula,Lula,Lula,563.95,25.68,-0.08,0.05,-120.82
3144706,Nova Era,MG,Sudeste,Sudeste,,15012,25.5,59.09,2.07,61.16,57.91,Lula,Lula,Lula,2304.94,1634.04,-0.08,0.21,-120.1
3128303,Guaranésia,MG,Sudeste,Sudeste,,14892,23.45,55.1,2.07,57.17,54.18,Lula,Lula,Lula,1514.75,883.24,-0.08,0.13,-119.14
3138807,Luz,MG,Sudeste,Sudeste,,14672,27.22,38.92,2.07,40.99,39.05,Flávio,Flávio,Flávio,-1791.65,-2178.54,-0.08,-0.17,-117.38
3111101,Campina Verde,MG,Sudeste,Sudeste,,14505,24.08,42.34,2.07,44.41,42.27,Flávio,Flávio,Flávio,-1169.26,-1615.92,-0.08,-0.1,-116.04
3138609,Lima Duarte,MG,Sudeste,Sudeste,,14497,24.62,65.44,2.07,67.51,63.89,Lula,Lula,Lula,3545.13,2812.92,-0.08,0.32,-115.98
3100906,Águas Formosas,MG,Sudeste,Sudeste,,14491,23.81,53.67,2.07,55.74,53.11,Lula,Lula,Lula,1193.28,646.4,-0.08,0.11,-115.93
3104502,Arinos,MG,Sudeste,Sudeste,,14460,28.62,55.08,2.07,57.15,54.39,Lula,Lula,Lula,1395.27,857.88,-0.08,0.13,-115.68
3161007,São Domingos Do Prata,MG,Sudeste,Sudeste,,14284,26.02,58.06,2.07,60.13,57.01,Lula,Lula,Lula,1995.6,1381.22,-0.08,0.19,-114.27
3159902,Santo Antônio Do Amparo,MG,Sudeste,Sudeste,,14255,22.4,61.38,2.07,63.45,60.29,Lula,Lula,Lula,2711.47,2073.84,-0.08,0.25,-114.04
3146305,Padre Paraíso,MG,Sudeste,Sudeste,,14207,31.2,56.22,2.07,58.29,55.62,Lula,Lula,Lula,1505.87,1020.32,-0.08,0.15,-113.66
3132107,Itacarambi,MG,Sudeste,Sudeste,,14164,30.26,67.48,2.07,69.55,66.47,Lula,Lula,Lula,3632.67,3061.86,-0.08,0.36,-113.31
3149804,Perdizes,MG,Sudeste,Sudeste,,14146,25.36,34.25,2.07,36.32,34.65,Flávio,Flávio,Flávio,-2735.0,-3068.84,-0.08,-0.25,-113.17
3150802,Piranga,MG,Sudeste,Sudeste,,14052,32.56,61.98,2.07,64.05,60.47,Lula,Lula,Lula,2408.78,1795.26,-0.08,0.26,-112.42
3115102,Cássia,MG,Sudeste,Sudeste,,13923,29.67,44.73,2.07,46.8,44.48,Flávio,Flávio,Flávio,-582.25,-1005.56,-0.08,-0.06,-111.38
3114501,Carmópolis De Minas,MG,Sudeste,Sudeste,S1#79 S3#10,13900,15.22,43.06,2.07,45.13,42.92,Flávio,Flávio,Flávio,-1069.29,-1556.12,-0.08,-0.09,-111.2
3131158,Ipaba,MG,Sudeste,Sudeste,,13853,24.66,45.23,2.07,47.3,45.0,Flávio,Flávio,Flávio,-529.91,-981.32,-0.08,-0.05,-110.82
3108305,Borda Da Mata,MG,Sudeste,Sudeste,,13454,20.86,35.69,2.07,37.76,36.08,Flávio,Flávio,Flávio,-2419.61,-2752.96,-0.08,-0.23,-107.63
3145109,Nova Resende,MG,Sudeste,Sudeste,,13447,19.83,34.93,2.07,37.0,35.29,Flávio,Flávio,Flávio,-2605.83,-2948.4,-0.08,-0.24,-107.58
3145000,Nova Ponte,MG,Sudeste,Sudeste,S1#49,13442,25.23,40.67,2.07,42.74,40.68,Flávio,Flávio,Flávio,-1382.02,-1772.62,-0.08,-0.13,-107.54
3155801,Rio Pomba,MG,Sudeste,Sudeste,,13402,19.97,55.04,2.07,57.11,54.26,Lula,Lula,Lula,1420.94,851.04,-0.08,0.13,-107.22
3147600,Passa Quatro,MG,Sudeste,Sudeste,,13298,21.18,47.69,2.07,49.76,47.22,Flávio,Flávio,Flávio,-46.27,-539.48,-0.08,-0.0,-106.38
3142700,Montalvânia,MG,Sudeste,Sudeste,,13202,29.0,66.49,2.07,68.56,65.52,Lula,Lula,Lula,3265.86,2730.8,-0.08,0.34,-105.62
3102308,Alvinópolis,MG,Sudeste,Sudeste,,13098,24.59,64.07,2.07,66.14,62.91,Lula,Lula,Lula,2928.67,2341.68,-0.08,0.3,-104.78
3112703,Capitão Enéas,MG,Sudeste,Sudeste,,13076,25.09,67.97,2.07,70.04,66.74,Lula,Lula,Lula,3674.93,3068.4,-0.08,0.37,-104.61
3120805,Cruzília,MG,Sudeste,Sudeste,,12917,23.64,53.05,2.07,55.12,52.26,Lula,Lula,Lula,935.88,413.2,-0.08,0.09,-103.34
3157906,Santa Margarida,MG,Sudeste,Sudeste,,12910,16.09,49.87,2.07,51.94,49.51,Flávio,Lula,Flávio,396.88,-99.48,-0.08,0.04,-103.28
3153905,Raposos,MG,Sudeste,Sudeste,,12906,15.85,58.88,2.07,60.95,56.99,Lula,Lula,Lula,2161.05,1379.54,-0.08,0.2,-103.25
3133105,Itanhandu,MG,Sudeste,Sudeste,,12883,22.73,41.66,2.07,43.73,41.6,Flávio,Flávio,Flávio,-1163.68,-1557.32,-0.08,-0.12,-103.06
3162807,São João Evangelista,MG,Sudeste,Sudeste,,12840,28.85,66.29,2.07,68.36,64.99,Lula,Lula,Lula,3143.54,2567.18,-0.08,0.34,-102.72
3123908,Entre Rios De Minas,MG,Sudeste,Sudeste,,12811,22.23,50.34,2.07,52.41,49.51,Lula,Lula,Flávio,442.07,-89.72,-0.08,0.04,-102.49
3151701,Poço Fundo,MG,Sudeste,Sudeste,S1#70,12809,20.19,43.32,2.07,45.39,43.18,Flávio,Flávio,Flávio,-876.36,-1296.2,-0.08,-0.08,-102.47
3108404,Botelhos,MG,Sudeste,Sudeste,,12776,24.75,51.39,2.07,53.46,50.76,Lula,Lula,Lula,624.96,136.74,-0.08,0.06,-102.21
3154309,Resplendor,MG,Sudeste,Sudeste,,12729,28.56,35.26,2.07,37.33,35.45,Flávio,Flávio,Flávio,-2207.63,-2534.5,-0.08,-0.23,-101.83
3110905,Campanha,MG,Sudeste,Sudeste,,12729,25.52,32.56,2.07,34.63,33.05,Flávio,Flávio,Flávio,-2713.94,-2992.26,-0.08,-0.28,-101.83
3169000,Tocantins,MG,Sudeste,Sudeste,,12649,16.73,49.21,2.07,51.28,48.75,Flávio,Lula,Flávio,250.75,-243.86,-0.08,0.02,-101.19
3152402,Poté,MG,Sudeste,Sudeste,,12644,29.52,55.63,2.07,57.7,55.11,Lula,Lula,Lula,1268.1,841.36,-0.08,0.14,-101.15
3125705,Felixlândia,MG,Sudeste,Sudeste,,12556,26.08,55.19,2.07,57.26,54.34,Lula,Lula,Lula,1251.42,748.6,-0.08,0.13,-100.45
3108909,Brazópolis,MG,Sudeste,Sudeste,,12541,25.24,41.48,2.07,43.55,41.44,Flávio,Flávio,Flávio,-1113.27,-1476.44,-0.08,-0.12,-100.33
3155702,Rio Piracicaba,MG,Sudeste,Sudeste,,12444,25.03,57.19,2.07,59.26,56.06,Lula,Lula,Lula,1580.99,1035.32,-0.08,0.17,-99.55
3133758,Itaú De Minas,MG,Sudeste,Sudeste,,12435,24.35,37.49,2.07,39.56,37.79,Flávio,Flávio,Flávio,-1805.85,-2111.72,-0.08,-0.19,-99.48
3108552,Brasilândia De Minas,MG,Sudeste,Sudeste,,12436,23.95,51.9,2.07,53.97,51.24,Lula,Lula,Lula,716.44,222.88,-0.08,0.07,-99.49
3156809,Sabinópolis,MG,Sudeste,Sudeste,,12417,34.61,68.23,2.07,70.3,66.86,Lula,Lula,Lula,3040.41,2525.38,-0.08,0.37,-99.34
3133709,Itatiaiuçu,MG,Sudeste,Sudeste,,12385,22.42,33.42,2.07,35.49,33.93,Flávio,Flávio,Flávio,-2580.65,-2858.1,-0.08,-0.27,-99.08
3133006,Itamonte,MG,Sudeste,Sudeste,,12325,22.21,35.06,2.07,37.13,35.43,Flávio,Flávio,Flávio,-2296.57,-2600.12,-0.08,-0.24,-98.6
3137007,Ladainha,MG,Sudeste,Sudeste,,12287,33.88,68.72,2.07,70.79,67.71,Lula,Lula,Lula,3046.96,2596.26,-0.08,0.38,-98.3
3102001,Alterosa,MG,Sudeste,Sudeste,,12246,20.59,41.58,2.07,43.65,41.55,Flávio,Flávio,Flávio,-1163.61,-1547.74,-0.08,-0.12,-97.97
3139904,Maria Da Fé,MG,Sudeste,Sudeste,,12214,20.48,37.96,2.07,40.03,38.15,Flávio,Flávio,Flávio,-1811.2,-2150.84,-0.08,-0.18,-97.71
3140159,Mário Campos,MG,Sudeste,Sudeste,,12178,19.39,43.46,2.07,45.53,43.26,Flávio,Flávio,Flávio,-801.16,-1206.4,-0.08,-0.08,-97.42
3158201,Santa Maria Do Suaçuí,MG,Sudeste,Sudeste,,12134,37.72,61.03,2.07,63.1,60.15,Lula,Lula,Lula,1862.91,1444.28,-0.08,0.24,-97.07
3100302,Abre Campo,MG,Sudeste,Sudeste,,12103,21.65,55.54,2.07,57.61,54.85,Lula,Lula,Lula,1339.65,854.1,-0.08,0.14,-96.82
3107802,Bom Jesus Do Galho,MG,Sudeste,Sudeste,,12062,21.62,50.7,2.07,52.77,50.38,Lula,Lula,Lula,489.26,66.24,-0.08,0.05,-96.5
3127800,Grão Mogol,MG,Sudeste,Sudeste,,12003,31.33,69.75,2.07,71.82,68.73,Lula,Lula,Lula,3372.69,2894.58,-0.08,0.4,-96.02
3148608,Peçanha,MG,Sudeste,Sudeste,,11993,27.41,59.33,2.07,61.4,58.22,Lula,Lula,Lula,1825.52,1317.48,-0.08,0.21,-95.94
3140803,Matias Barbosa,MG,Sudeste,Sudeste,,11981,21.18,53.99,2.07,56.06,53.21,Lula,Lula,Lula,1068.03,565.94,-0.08,0.11,-95.85
3100609,Água Boa,MG,Sudeste,Sudeste,,11836,31.99,57.94,2.07,60.01,57.3,Lula,Lula,Lula,1511.57,1103.18,-0.08,0.18,-94.69
3157708,Santa Juliana,MG,Sudeste,Sudeste,S1#20,11819,22.37,38.8,2.07,40.87,38.88,Flávio,Flávio,Flávio,-1596.07,-1942.76,-0.08,-0.17,-94.55
3104304,Areado,MG,Sudeste,Sudeste,,11770,23.13,36.9,2.07,38.97,37.18,Flávio,Flávio,Flávio,-1858.38,-2160.5,-0.08,-0.2,-94.16
3146909,Papagaios,MG,Sudeste,Sudeste,S1#52,11723,17.33,42.43,2.07,44.5,42.35,Flávio,Flávio,Flávio,-999.08,-1390.72,-0.08,-0.1,-93.78
3161908,São Gonçalo Do Rio Abaixo,MG,Sudeste,Sudeste,S1#19,11721,17.39,49.97,2.07,52.04,49.34,Flávio,Lula,Flávio,360.61,-116.16,-0.08,0.04,-93.77
3112604,Capinópolis,MG,Sudeste,Sudeste,S1#30,11606,23.14,48.56,2.07,50.63,48.14,Flávio,Lula,Flávio,107.36,-316.96,-0.08,0.01,-92.85
3106903,Bicas,MG,Sudeste,Sudeste,,11578,23.47,50.4,2.07,52.47,49.86,Lula,Lula,Flávio,410.07,-24.1,-0.08,0.05,-92.62
3112000,Candeias,MG,Sudeste,Sudeste,,11511,20.94,44.43,2.07,46.5,44.22,Flávio,Flávio,Flávio,-572.76,-946.28,-0.08,-0.06,-92.09
3134004,Itinga,MG,Sudeste,Sudeste,,11490,28.56,73.78,2.07,75.85,73.0,Lula,Lula,Lula,4020.51,3577.96,-0.08,0.48,-91.92
3140506,Martinho Campos,MG,Sudeste,Sudeste,,11161,24.01,31.93,2.07,34.0,32.5,Flávio,Flávio,Flávio,-2541.29,-2780.48,-0.08,-0.29,-89.29
3136009,Joaíma,MG,Sudeste,Sudeste,,11145,31.36,73.25,2.07,75.32,72.24,Lula,Lula,Lula,3582.96,3147.24,-0.08,0.47,-89.16
3155504,Rio Paranaíba,MG,Sudeste,Sudeste,S1#11,11055,23.41,41.2,2.07,43.27,41.19,Flávio,Flávio,Flávio,-1068.44,-1398.54,-0.08,-0.12,-88.44
3104700,Ataléia,MG,Sudeste,Sudeste,,11033,30.59,64.09,2.07,66.16,63.26,Lula,Lula,Lula,2341.52,1921.1,-0.08,0.3,-88.26
3132206,Itaguara,MG,Sudeste,Sudeste,,10982,19.4,42.2,2.07,44.27,42.09,Flávio,Flávio,Flávio,-908.14,-1254.32,-0.08,-0.11,-87.86
3128105,Guapé,MG,Sudeste,Sudeste,,10938,25.03,33.49,2.07,35.56,34.06,Flávio,Flávio,Flávio,-2171.0,-2396.34,-0.08,-0.27,-87.5
3101003,Águas Vermelhas,MG,Sudeste,Sudeste,,10868,30.45,66.42,2.07,68.49,65.31,Lula,Lula,Lula,2611.55,2162.7,-0.08,0.34,-86.94
3142007,Mirabela,MG,Sudeste,Sudeste,,10866,19.85,67.89,2.07,69.96,66.54,Lula,Lula,Lula,3300.3,2734.24,-0.08,0.37,-86.93
3141009,Mato Verde,MG,Sudeste,Sudeste,,10840,17.8,61.82,2.07,63.89,61.11,Lula,Lula,Lula,2338.47,1870.34,-0.08,0.26,-86.72
3143005,Monte Belo,MG,Sudeste,Sudeste,S1#92,10838,22.02,43.91,2.07,45.98,43.74,Flávio,Flávio,Flávio,-636.38,-990.32,-0.08,-0.07,-86.7
3154903,Rio Casca,MG,Sudeste,Sudeste,,10834,29.02,63.68,2.07,65.75,62.37,Lula,Lula,Lula,2234.8,1755.5,-0.08,0.29,-86.67
3104601,Astolfo Dutra,MG,Sudeste,Sudeste,,10808,19.92,47.9,2.07,49.97,47.55,Flávio,Flávio,Flávio,-5.2,-399.76,-0.08,-0.0,-86.46
3110301,Caldas,MG,Sudeste,Sudeste,,10805,22.55,36.7,2.07,38.77,36.99,Flávio,Flávio,Flávio,-1751.37,-2029.24,-0.08,-0.21,-86.44
3127008,Fronteira,MG,Sudeste,Sudeste,,10748,24.66,49.37,2.07,51.44,49.03,Flávio,Lula,Flávio,221.43,-149.16,-0.08,0.03,-85.98
3142205,Miraí,MG,Sudeste,Sudeste,,10695,22.12,44.63,2.07,46.7,44.44,Flávio,Flávio,Flávio,-514.33,-865.4,-0.08,-0.06,-85.56
3127602,Gouveia,MG,Sudeste,Sudeste,,10625,26.7,63.88,2.07,65.95,62.57,Lula,Lula,Lula,2282.96,1799.5,-0.08,0.29,-85.0
3111309,Campo Do Meio,MG,Sudeste,Sudeste,,10449,23.92,54.39,2.07,56.46,53.81,Lula,Lula,Lula,965.74,570.04,-0.08,0.12,-83.59
3139805,Mar De Espanha,MG,Sudeste,Sudeste,,10443,19.38,46.21,2.07,48.28,45.9,Flávio,Flávio,Flávio,-270.6,-644.02,-0.08,-0.03,-83.54
3137403,Lagoa Dourada,MG,Sudeste,Sudeste,S3#79,10425,15.89,44.35,2.07,46.42,44.09,Flávio,Flávio,Flávio,-564.81,-933.0,-0.08,-0.07,-83.4
3117702,Conceição Do Rio Verde,MG,Sudeste,Sudeste,,10403,24.89,55.57,2.07,57.64,54.82,Lula,Lula,Lula,1100.66,694.22,-0.08,0.14,-83.22
3135506,Jequeri,MG,Sudeste,Sudeste,,10390,27.48,65.35,2.07,67.42,64.24,Lula,Lula,Lula,2408.75,1969.58,-0.08,0.32,-83.12
3133402,Itapagipe,MG,Sudeste,Sudeste,,10384,23.87,39.26,2.07,41.33,39.38,Flávio,Flávio,Flávio,-1304.12,-1598.82,-0.08,-0.16,-83.07
3107901,Bom Repouso,MG,Sudeste,Sudeste,S1#54,10209,19.05,41.59,2.07,43.66,41.56,Flávio,Flávio,Flávio,-975.75,-1299.52,-0.08,-0.12,-81.67
3156007,Rio Vermelho,MG,Sudeste,Sudeste,,10175,40.09,64.59,2.07,66.66,63.29,Lula,Lula,Lula,1849.7,1474.7,-0.08,0.31,-81.4
3171600,Virgem Da Lapa,MG,Sudeste,Sudeste,,10159,32.25,67.51,2.07,69.58,66.64,Lula,Lula,Lula,2502.83,2127.48,-0.08,0.36,-81.27
3110707,Cambuquira,MG,Sudeste,Sudeste,,10157,26.63,46.67,2.07,48.74,46.32,Flávio,Flávio,Flávio,-172.99,-506.14,-0.08,-0.02,-81.26
3170057,Ubaporanga,MG,Sudeste,Sudeste,,10135,18.79,42.36,2.07,44.43,42.31,Flávio,Flávio,Flávio,-870.09,-1201.76,-0.08,-0.1,-81.08
3168408,Tarumirim,MG,Sudeste,Sudeste,,10127,22.23,48.04,2.07,50.11,47.8,Flávio,Lula,Flávio,16.91,-328.34,-0.08,0.0,-81.02
3109709,Cachoeira De Minas,MG,Sudeste,Sudeste,,10111,20.39,35.42,2.07,37.49,35.88,Flávio,Flávio,Flávio,-1860.86,-2100.48,-0.08,-0.23,-80.89
3123205,Dores Do Indaiá,MG,Sudeste,Sudeste,,10109,25.15,36.43,2.07,38.5,36.68,Flávio,Flávio,Flávio,-1635.99,-1893.98,-0.08,-0.21,-80.87
3168507,Teixeiras,MG,Sudeste,Sudeste,,10098,19.56,61.45,2.07,63.52,60.2,Lula,Lula,Lula,2018.97,1522.82,-0.08,0.25,-80.78
3111507,Campos Altos,MG,Sudeste,Sudeste,,10084,30.42,36.51,2.07,38.58,36.8,Flávio,Flávio,Flávio,-1496.43,-1729.3,-0.08,-0.21,-80.67
3102100,Alto Rio Doce,MG,Sudeste,Sudeste,,10053,28.67,64.85,2.07,66.92,63.58,Lula,Lula,Lula,2243.35,1800.58,-0.08,0.31,-80.42
3162450,São João Das Missões,MG,Sudeste,Sudeste,,9981,24.9,70.58,2.07,72.65,69.99,Lula,Lula,Lula,3207.55,2830.52,-0.08,0.42,-79.85
3130507,Ilicínea,MG,Sudeste,Sudeste,,9938,23.07,47.1,2.07,49.17,46.82,Flávio,Flávio,Flávio,-119.04,-458.2,-0.08,-0.02,-79.5
3102902,Antônio Carlos,MG,Sudeste,Sudeste,,9889,21.37,60.83,2.07,62.9,59.5,Lula,Lula,Lula,1835.04,1351.18,-0.08,0.24,-79.11
3102803,Andrelândia,MG,Sudeste,Sudeste,,9886,27.01,51.24,2.07,53.31,50.61,Lula,Lula,Lula,438.68,80.92,-0.08,0.06,-79.09
3114105,Carmo De Minas,MG,Sudeste,Sudeste,,9819,21.63,42.64,2.07,44.71,42.55,Flávio,Flávio,Flávio,-751.43,-1057.34,-0.08,-0.1,-78.55
3162559,São João Do Manhuaçu,MG,Sudeste,Sudeste,,9811,20.8,43.39,2.07,45.46,43.32,Flávio,Flávio,Flávio,-673.79,-991.62,-0.08,-0.08,-78.49
3170008,Ubaí,MG,Sudeste,Sudeste,,9797,27.47,74.45,2.07,76.52,73.47,Lula,Lula,Lula,3598.5,3184.16,-0.08,0.49,-78.38
3117900,Congonhal,MG,Sudeste,Sudeste,,9730,18.84,32.79,2.07,34.86,33.27,Flávio,Flávio,Flávio,-2240.87,-2476.28,-0.08,-0.28,-77.84
3151305,Piraúba,MG,Sudeste,Sudeste,,9664,21.71,54.57,2.07,56.64,53.85,Lula,Lula,Lula,945.52,547.96,-0.08,0.12,-77.31
3154200,Resende Costa,MG,Sudeste,Sudeste,,9645,19.06,48.18,2.07,50.25,47.55,Flávio,Lula,Flávio,36.31,-349.26,-0.08,0.0,-77.16
3133204,Itanhomi,MG,Sudeste,Sudeste,,9623,27.39,51.72,2.07,53.79,51.26,Lula,Lula,Lula,497.15,164.76,-0.08,0.07,-76.98
3114006,Carmo Da Mata,MG,Sudeste,Sudeste,,9616,20.47,55.36,2.07,57.43,54.37,Lula,Lula,Lula,1043.91,613.64,-0.08,0.14,-76.93
3116159,Chapada Gaúcha,MG,Sudeste,Sudeste,,9589,25.76,58.2,2.07,60.27,57.41,Lula,Lula,Lula,1391.85,1003.86,-0.08,0.19,-76.71
3109501,Cabo Verde,MG,Sudeste,Sudeste,,9574,22.2,48.69,2.07,50.76,48.27,Flávio,Lula,Flávio,106.72,-243.0,-0.08,0.01,-76.59
3132305,Itaipé,MG,Sudeste,Sudeste,,9564,30.79,61.02,2.07,63.09,59.97,Lula,Lula,Lula,1593.12,1213.88,-0.08,0.24,-76.51
3124500,Estiva,MG,Sudeste,Sudeste,,9545,18.15,38.04,2.07,40.11,38.25,Flávio,Flávio,Flávio,-1431.2,-1699.98,-0.08,-0.18,-76.36
3133600,Itapeva,MG,Sudeste,Sudeste,,9518,26.18,32.02,2.07,34.09,32.49,Flávio,Flávio,Flávio,-2073.35,-2281.9,-0.08,-0.29,-76.14
3129707,Ibiraci,MG,Sudeste,Sudeste,,9469,23.67,39.57,2.07,41.64,39.64,Flávio,Flávio,Flávio,-1144.4,-1417.76,-0.08,-0.15,-75.75
3160306,Santo Antônio Do Jacinto,MG,Sudeste,Sudeste,,9461,31.7,55.33,2.07,57.4,54.9,Lula,Lula,Lula,870.16,576.64,-0.08,0.14,-75.69
3152170,Ponto Dos Volantes,MG,Sudeste,Sudeste,,9457,30.79,64.36,2.07,66.43,63.38,Lula,Lula,Lula,1975.24,1608.78,-0.08,0.3,-75.66
3113909,Carmo Da Cachoeira,MG,Sudeste,Sudeste,,9450,26.02,54.84,2.07,56.91,54.07,Lula,Lula,Lula,883.03,520.16,-0.08,0.13,-75.6
3151107,Pirapetinga,MG,Sudeste,Sudeste,,9414,18.88,51.72,2.07,53.79,51.26,Lula,Lula,Lula,541.64,179.7,-0.08,0.07,-75.31
3166808,Serra Do Salitre,MG,Sudeste,Sudeste,,9396,19.64,36.6,2.07,38.67,36.8,Flávio,Flávio,Flávio,-1628.99,-1898.7,-0.08,-0.21,-75.17
3165008,São Tiago,MG,Sudeste,Sudeste,,9396,19.13,47.09,2.07,49.16,46.49,Flávio,Flávio,Flávio,-115.28,-481.66,-0.08,-0.02,-75.17
3149101,Pedralva,MG,Sudeste,Sudeste,,9379,22.81,39.81,2.07,41.88,39.88,Flávio,Flávio,Flávio,-1086.03,-1353.58,-0.08,-0.15,-75.03
3165552,Setubinha,MG,Sudeste,Sudeste,,9306,33.17,71.7,2.07,73.77,70.61,Lula,Lula,Lula,2721.0,2359.6,-0.08,0.44,-74.45
3116100,Chapada Do Norte,MG,Sudeste,Sudeste,,9254,37.25,81.28,2.07,83.35,79.63,Lula,Lula,Lula,3599.52,3198.38,-0.08,0.61,-74.03
3136900,Juruaia,MG,Sudeste,Sudeste,,9242,18.78,31.64,2.07,33.71,32.33,Flávio,Flávio,Flávio,-2301.87,-2497.1,-0.08,-0.3,-73.94
3134707,Jacinto,MG,Sudeste,Sudeste,,9221,31.14,64.76,2.07,66.83,64.07,Lula,Lula,Lula,1983.35,1658.34,-0.08,0.31,-73.77
3103009,Antônio Dias,MG,Sudeste,Sudeste,,9101,25.39,52.39,2.07,54.46,51.89,Lula,Lula,Lula,564.08,239.86,-0.08,0.08,-72.81
3145356,Novo Oriente De Minas,MG,Sudeste,Sudeste,,9100,33.71,66.92,2.07,68.99,65.86,Lula,Lula,Lula,2094.32,1749.68,-0.08,0.35,-72.8
3132909,Itamogi,MG,Sudeste,Sudeste,,9062,24.38,42.19,2.07,44.26,42.13,Flávio,Flávio,Flávio,-728.56,-999.84,-0.08,-0.11,-72.5
3117801,Conceição Dos Ouros,MG,Sudeste,Sudeste,,9042,16.21,34.68,2.07,36.75,35.09,Flávio,Flávio,Flávio,-1870.13,-2104.62,-0.08,-0.24,-72.34
3152303,Porto Firme,MG,Sudeste,Sudeste,,9025,26.56,61.41,2.07,63.48,60.37,Lula,Lula,Lula,1664.31,1280.58,-0.08,0.25,-72.2
3106507,Berilo,MG,Sudeste,Sudeste,,8995,33.07,74.3,2.07,76.37,72.88,Lula,Lula,Lula,2933.53,2545.44,-0.08,0.49,-71.96
3164506,São Sebastião Do Maranhão,MG,Sudeste,Sudeste,,8934,35.82,59.91,2.07,61.98,59.11,Lula,Lula,Lula,1278.73,972.4,-0.08,0.22,-71.47
3131802,Itabirinha,MG,Sudeste,Sudeste,,8908,20.49,48.01,2.07,50.08,47.75,Flávio,Lula,Flávio,10.15,-302.52,-0.08,0.0,-71.26
3130051,Icaraí De Minas,MG,Sudeste,Sudeste,,8823,24.25,68.42,2.07,70.49,67.71,Lula,Lula,Lula,2649.94,2291.18,-0.08,0.38,-70.58
3144656,Ninheira,MG,Sudeste,Sudeste,,8803,28.59,64.37,2.07,66.44,62.89,Lula,Lula,Lula,1876.51,1470.9,-0.08,0.3,-70.42
3158003,Santa Maria De Itabira,MG,Sudeste,Sudeste,,8798,23.63,63.27,2.07,65.34,61.98,Lula,Lula,Lula,1901.15,1484.32,-0.08,0.28,-70.38
3111804,Canápolis,MG,Sudeste,Sudeste,,8776,26.2,55.71,2.07,57.78,54.97,Lula,Lula,Lula,961.26,614.0,-0.08,0.14,-70.21
3109907,Caetanópolis,MG,Sudeste,Sudeste,,8761,18.08,40.53,2.07,42.6,40.56,Flávio,Flávio,Flávio,-976.32,-1244.54,-0.08,-0.14,-70.09
3124906,Eugenópolis,MG,Sudeste,Sudeste,,8752,19.89,45.24,2.07,47.31,45.07,Flávio,Flávio,Flávio,-356.7,-654.98,-0.08,-0.05,-70.02
3170503,Urucânia,MG,Sudeste,Sudeste,,8712,24.21,61.63,2.07,63.7,60.73,Lula,Lula,Lula,1650.71,1292.68,-0.08,0.25,-69.7
3109105,Bueno Brandão,MG,Sudeste,Sudeste,,8694,24.32,29.16,2.07,31.23,30.01,Flávio,Flávio,Flávio,-2306.92,-2456.38,-0.08,-0.35,-69.55
3161809,São Gonçalo Do Pará,MG,Sudeste,Sudeste,,8689,15.94,37.91,2.07,39.98,38.15,Flávio,Flávio,Flávio,-1342.29,-1588.6,-0.08,-0.18,-69.51
3151602,Planura,MG,Sudeste,Sudeste,,8677,27.18,45.71,2.07,47.78,45.52,Flávio,Flávio,Flávio,-266.13,-538.08,-0.08,-0.04,-69.42
3120201,Cristais,MG,Sudeste,Sudeste,,8667,22.27,42.45,2.07,44.52,42.37,Flávio,Flávio,Flávio,-676.4,-942.5,-0.08,-0.1,-69.34
3108255,Bonito De Minas,MG,Sudeste,Sudeste,,8624,29.7,79.7,2.07,81.77,77.67,Lula,Lula,Lula,3586.76,3123.8,-0.08,0.58,-68.99
3106408,Belo Vale,MG,Sudeste,Sudeste,,8588,20.49,54.02,2.07,56.09,53.19,Lula,Lula,Lula,772.22,403.92,-0.08,0.11,-68.7
3125903,Ferros,MG,Sudeste,Sudeste,,8590,30.22,64.61,2.07,66.68,63.5,Lula,Lula,Lula,1846.48,1494.1,-0.08,0.31,-68.72
3138658,Lontra,MG,Sudeste,Sudeste,,8567,26.74,66.97,2.07,69.04,65.94,Lula,Lula,Lula,2274.8,1904.44,-0.08,0.35,-68.54
3125952,Fervedouro,MG,Sudeste,Sudeste,,8564,19.03,53.03,2.07,55.1,52.58,Lula,Lula,Lula,661.23,334.46,-0.08,0.09,-68.51
3153608,Prudente De Morais,MG,Sudeste,Sudeste,,8555,18.6,44.64,2.07,46.71,44.4,Flávio,Flávio,Flávio,-412.82,-703.3,-0.08,-0.06,-68.44
3135357,Japonvar,MG,Sudeste,Sudeste,,8549,25.89,73.79,2.07,75.86,72.67,Lula,Lula,Lula,3063.36,2685.74,-0.08,0.48,-68.39
3109204,Buenópolis,MG,Sudeste,Sudeste,,8547,36.13,58.18,2.07,60.25,57.07,Lula,Lula,Lula,1040.87,718.06,-0.08,0.19,-68.38
3149705,Perdigão,MG,Sudeste,Sudeste,,8537,18.57,22.84,2.07,24.91,24.0,Flávio,Flávio,Flávio,-3283.16,-3401.32,-0.08,-0.46,-68.3
3171808,Virginópolis,MG,Sudeste,Sudeste,,8530,30.21,59.44,2.07,61.51,57.75,Lula,Lula,Lula,1241.53,836.38,-0.08,0.21,-68.24
3115458,Catuji,MG,Sudeste,Sudeste,,8492,27.79,70.62,2.07,72.69,69.67,Lula,Lula,Lula,2619.51,2270.68,-0.08,0.42,-67.94
3112505,Capim Branco,MG,Sudeste,Sudeste,,8469,19.39,41.64,2.07,43.71,41.59,Flávio,Flávio,Flávio,-791.38,-1058.02,-0.08,-0.12,-67.75
3129301,Iapu,MG,Sudeste,Sudeste,,8427,25.56,44.87,2.07,46.94,44.71,Flávio,Flávio,Flávio,-361.16,-623.84,-0.08,-0.06,-67.42
3154804,Rio Acima,MG,Sudeste,Sudeste,,8371,17.3,51.2,2.07,53.27,50.31,Lula,Lula,Lula,414.99,39.32,-0.08,0.06,-66.97
3166204,Senhora Dos Remédios,MG,Sudeste,Sudeste,,8367,19.51,58.18,2.07,60.25,57.02,Lula,Lula,Lula,1256.51,860.66,-0.08,0.19,-66.94
3130200,Igaratinga,MG,Sudeste,Sudeste,,8345,19.59,36.11,2.07,38.18,36.41,Flávio,Flávio,Flávio,-1471.04,-1691.62,-0.08,-0.22,-66.76
3117108,Conceição Da Aparecida,MG,Sudeste,Sudeste,,8307,22.49,43.13,2.07,45.2,42.98,Flávio,Flávio,Flávio,-580.45,-848.18,-0.08,-0.09,-66.46
3120508,Cristina,MG,Sudeste,Sudeste,,8297,24.8,39.38,2.07,41.45,39.5,Flávio,Flávio,Flávio,-973.25,-1195.04,-0.08,-0.16,-66.38
3112802,Capitólio,MG,Sudeste,Sudeste,,8244,24.99,33.52,2.07,35.59,34.01,Flávio,Flávio,Flávio,-1679.32,-1862.88,-0.08,-0.27,-65.95
3106002,Bela Vista De Minas,MG,Sudeste,Sudeste,,8231,19.84,60.35,2.07,62.42,59.3,Lula,Lula,Lula,1526.37,1143.22,-0.08,0.23,-65.85
3100500,Açucena,MG,Sudeste,Sudeste,,8227,34.22,57.35,2.07,59.42,56.74,Lula,Lula,Lula,945.45,676.26,-0.08,0.17,-65.82
3140530,Martins Soares,MG,Sudeste,Sudeste,,8197,22.86,50.87,2.07,52.94,50.48,Lula,Lula,Lula,351.16,56.74,-0.08,0.05,-65.58
3113503,Carbonita,MG,Sudeste,Sudeste,,8159,27.01,55.1,2.07,57.17,54.1,Lula,Lula,Lula,781.02,446.56,-0.08,0.13,-65.27
3142106,Miradouro,MG,Sudeste,Sudeste,,8125,21.01,54.03,2.07,56.1,53.5,Lula,Lula,Lula,732.12,420.46,-0.08,0.11,-65.0
3149150,Pedras De Maria Da Cruz,MG,Sudeste,Sudeste,,8112,29.3,75.41,2.07,77.48,74.61,Lula,Lula,Lula,3025.92,2710.04,-0.08,0.51,-64.9
3141603,Mercês,MG,Sudeste,Sudeste,,8100,20.46,61.26,2.07,63.33,59.89,Lula,Lula,Lula,1584.16,1176.18,-0.08,0.25,-64.8
3123007,Dores De Campos,MG,Sudeste,Sudeste,S3#86,8082,14.41,44.04,2.07,46.11,43.83,Flávio,Flávio,Flávio,-482.92,-767.08,-0.08,-0.07,-64.66
3154507,Riacho Dos Machados,MG,Sudeste,Sudeste,,8031,27.07,64.66,2.07,66.73,63.5,Lula,Lula,Lula,1828.05,1474.7,-0.08,0.31,-64.25
3128204,Guaraciaba,MG,Sudeste,Sudeste,,8024,23.9,67.72,2.07,69.79,65.93,Lula,Lula,Lula,2216.85,1784.66,-0.08,0.36,-64.19
3114550,Carneirinho,MG,Sudeste,Sudeste,,7997,23.06,45.02,2.07,47.09,44.87,Flávio,Flávio,Flávio,-341.54,-603.3,-0.08,-0.05,-63.98
3170529,Urucuia,MG,Sudeste,Sudeste,,7988,27.79,58.55,2.07,60.62,57.62,Lula,Lula,Lula,1162.16,833.92,-0.08,0.2,-63.9
3119203,Coroaci,MG,Sudeste,Sudeste,,7969,23.14,56.19,2.07,58.26,55.6,Lula,Lula,Lula,925.86,628.22,-0.08,0.15,-63.75
3154101,Recreio,MG,Sudeste,Sudeste,,7959,26.15,60.08,2.07,62.15,59.34,Lula,Lula,Lula,1348.09,1036.36,-0.08,0.22,-63.67
3112901,Caputira,MG,Sudeste,Sudeste,,7830,16.49,56.1,2.07,58.17,55.56,Lula,Lula,Lula,991.65,675.22,-0.08,0.15,-62.64
3148301,Paula Cândido,MG,Sudeste,Sudeste,,7817,22.58,69.24,2.07,71.31,67.58,Lula,Lula,Lula,2399.33,1979.64,-0.08,0.39,-62.54
3150158,Piedade De Caratinga,MG,Sudeste,Sudeste,,7808,23.36,41.14,2.07,43.21,41.14,Flávio,Flávio,Flávio,-764.35,-997.82,-0.08,-0.12,-62.46
3158904,Santana Do Manhuaçu,MG,Sudeste,Sudeste,,7807,23.39,53.71,2.07,55.78,53.19,Lula,Lula,Lula,657.93,363.42,-0.08,0.11,-62.46
3118700,Coqueiral,MG,Sudeste,Sudeste,,7797,23.52,44.07,2.07,46.14,43.86,Flávio,Flávio,Flávio,-427.62,-680.46,-0.08,-0.07,-62.38
3123700,Engenheiro Caldas,MG,Sudeste,Sudeste,,7790,23.27,47.1,2.07,49.17,46.9,Flávio,Flávio,Flávio,-93.09,-348.6,-0.08,-0.02,-62.32
3136504,Jordânia,MG,Sudeste,Sudeste,,7734,29.3,59.75,2.07,61.82,59.03,Lula,Lula,Lula,1198.94,916.0,-0.08,0.22,-61.87
3131505,Ipuiúna,MG,Sudeste,Sudeste,,7715,20.26,36.65,2.07,38.72,36.9,Flávio,Flávio,Flávio,-1304.3,-1513.9,-0.08,-0.21,-61.72
3104106,Arceburgo,MG,Sudeste,Sudeste,,7685,21.37,38.37,2.07,40.44,38.55,Flávio,Flávio,Flávio,-1063.13,-1273.18,-0.08,-0.18,-61.48
3115805,Centralina,MG,Sudeste,Sudeste,,7672,22.5,58.26,2.07,60.33,57.32,Lula,Lula,Lula,1165.44,825.7,-0.08,0.19,-61.38
3137536,Lagoa Grande,MG,Sudeste,Sudeste,,7611,22.9,46.9,2.07,48.97,46.57,Flávio,Flávio,Flávio,-115.51,-384.0,-0.08,-0.02,-60.89
3164605,São Sebastião Do Oeste,MG,Sudeste,Sudeste,S3#87,7573,17.97,45.08,2.07,47.15,44.88,Flávio,Flávio,Flávio,-332.32,-596.4,-0.08,-0.05,-60.58
3151909,Pocrane,MG,Sudeste,Sudeste,,7548,25.42,50.19,2.07,52.26,49.96,Lula,Lula,Flávio,242.44,-4.78,-0.08,0.04,-60.38
3140555,Mata Verde,MG,Sudeste,Sudeste,,7529,22.83,55.35,2.07,57.42,54.79,Lula,Lula,Lula,815.39,526.5,-0.08,0.14,-60.23
3156502,Rubelita,MG,Sudeste,Sudeste,,7524,33.45,76.55,2.07,78.62,75.18,Lula,Lula,Lula,2616.23,2301.22,-0.08,0.53,-60.19
3171709,Virgínia,MG,Sudeste,Sudeste,,7521,20.26,50.39,2.07,52.46,49.84,Lula,Lula,Flávio,279.23,-18.06,-0.08,0.05,-60.17
3116506,Claro Dos Poções,MG,Sudeste,Sudeste,,7507,22.65,56.46,2.07,58.53,55.58,Lula,Lula,Lula,925.6,605.56,-0.08,0.16,-60.06
3169109,Toledo,MG,Sudeste,Sudeste,,7507,23.8,32.85,2.07,34.92,33.3,Flávio,Flávio,Flávio,-1626.26,-1800.62,-0.08,-0.28,-60.06
3129004,Guiricema,MG,Sudeste,Sudeste,,7504,19.83,57.33,2.07,59.4,56.4,Lula,Lula,Lula,1044.09,711.58,-0.08,0.17,-60.03
3152709,Prados,MG,Sudeste,Sudeste,,7485,17.18,56.72,2.07,58.79,55.59,Lula,Lula,Lula,972.82,618.32,-0.08,0.16,-59.88
3121258,Delta,MG,Sudeste,Sudeste,,7483,22.52,53.1,2.07,55.17,52.46,Lula,Lula,Lula,558.11,266.18,-0.08,0.1,-59.86
3152907,Pratápolis,MG,Sudeste,Sudeste,,7457,23.12,43.18,2.07,45.25,43.04,Flávio,Flávio,Flávio,-501.58,-734.62,-0.08,-0.09,-59.66
3147709,Passa Tempo,MG,Sudeste,Sudeste,,7354,19.4,50.8,2.07,52.87,50.05,Lula,Lula,Lula,302.59,5.2,-0.08,0.05,-58.83
3140852,Matias Cardoso,MG,Sudeste,Sudeste,,7349,24.89,70.43,2.07,72.5,69.6,Lula,Lula,Lula,2377.95,2071.12,-0.08,0.41,-58.79
3161502,São Geraldo,MG,Sudeste,Sudeste,,7348,22.52,63.22,2.07,65.29,62.1,Lula,Lula,Lula,1629.54,1289.84,-0.08,0.28,-58.78
3108107,Bonfim,MG,Sudeste,Sudeste,,7317,23.52,50.52,2.07,52.59,49.56,Lula,Lula,Flávio,262.04,-44.56,-0.08,0.05,-58.54
3150505,Pimenta,MG,Sudeste,Sudeste,,7313,21.37,35.35,2.07,37.42,35.65,Flávio,Flávio,Flávio,-1336.22,-1524.26,-0.08,-0.23,-58.5
3151008,Piranguinho,MG,Sudeste,Sudeste,,7298,19.42,41.67,2.07,43.74,41.62,Flávio,Flávio,Flávio,-688.83,-921.44,-0.08,-0.12,-58.38
3119500,Coronel Murta,MG,Sudeste,Sudeste,,7295,25.29,69.28,2.07,71.35,68.4,Lula,Lula,Lula,2194.11,1891.44,-0.08,0.39,-58.36
3164209,São Romão,MG,Sudeste,Sudeste,,7275,33.66,62.62,2.07,64.69,61.92,Lula,Lula,Lula,1340.21,1087.4,-0.08,0.27,-58.2
3126505,Francisco Badaró,MG,Sudeste,Sudeste,,7239,36.12,65.88,2.07,67.95,64.59,Lula,Lula,Lula,1534.31,1247.24,-0.08,0.33,-57.91
3146206,Ouro Verde De Minas,MG,Sudeste,Sudeste,,7237,27.26,56.06,2.07,58.13,55.6,Lula,Lula,Lula,811.04,558.42,-0.08,0.15,-57.9
3143500,Morada Nova De Minas,MG,Sudeste,Sudeste,,7207,21.69,39.21,2.07,41.28,39.28,Flávio,Flávio,Flávio,-927.48,-1139.94,-0.08,-0.16,-57.66
3153509,Alto Jequitibá,MG,Sudeste,Sudeste,,7177,19.52,33.72,2.07,35.79,34.01,Flávio,Flávio,Flávio,-1551.35,-1745.34,-0.08,-0.26,-57.42
3158508,Santana De Pirapama,MG,Sudeste,Sudeste,,7165,21.72,50.13,2.07,52.2,49.48,Lula,Lula,Flávio,230.25,-54.2,-0.08,0.04,-57.32
3156601,Rubim,MG,Sudeste,Sudeste,,7158,28.33,70.01,2.07,72.08,68.71,Lula,Lula,Lula,2099.02,1778.78,-0.08,0.41,-57.26
3155405,Rio Novo,MG,Sudeste,Sudeste,,7131,24.11,54.55,2.07,56.62,53.79,Lula,Lula,Lula,667.43,382.18,-0.08,0.12,-57.05
3165701,Senador Firmino,MG,Sudeste,Sudeste,,7117,22.93,63.65,2.07,65.72,62.18,Lula,Lula,Lula,1599.94,1239.64,-0.08,0.29,-56.94
3105004,Baldim,MG,Sudeste,Sudeste,,7093,19.85,48.8,2.07,50.87,48.18,Flávio,Lula,Flávio,91.78,-192.32,-0.08,0.02,-56.74
3122454,Divisópolis,MG,Sudeste,Sudeste,,7088,25.9,60.92,2.07,62.99,60.19,Lula,Lula,Lula,1279.75,1003.24,-0.08,0.24,-56.7
3166303,Sericita,MG,Sudeste,Sudeste,,7087,19.77,46.81,2.07,48.88,46.6,Flávio,Flávio,Flávio,-120.65,-365.44,-0.08,-0.02,-56.7
3159209,Santa Rita De Caldas,MG,Sudeste,Sudeste,,7062,21.41,31.44,2.07,33.51,32.1,Flávio,Flávio,Flávio,-1725.6,-1873.4,-0.08,-0.3,-56.5
3117876,Confins,MG,Sudeste,Sudeste,,7057,17.85,40.01,2.07,42.08,40.09,Flávio,Flávio,Flávio,-860.51,-1077.4,-0.08,-0.15,-56.46
3103751,Araporã,MG,Sudeste,Sudeste,,7006,21.58,42.32,2.07,44.39,42.23,Flávio,Flávio,Flávio,-583.44,-808.22,-0.08,-0.1,-56.05
3126000,Florestal,MG,Sudeste,Sudeste,,6984,21.96,46.86,2.07,48.93,46.28,Flávio,Flávio,Flávio,-107.76,-374.6,-0.08,-0.02,-55.87
3171030,Verdelândia,MG,Sudeste,Sudeste,,6974,26.76,69.9,2.07,71.97,69.03,Lula,Lula,Lula,2127.19,1842.96,-0.08,0.4,-55.79
3102704,Cachoeira De Pajeú,MG,Sudeste,Sudeste,,6975,28.97,66.5,2.07,68.57,65.62,Lula,Lula,Lula,1726.74,1452.02,-0.08,0.34,-55.8
3142601,Monsenhor Paulo,MG,Sudeste,Sudeste,,6960,23.06,45.13,2.07,47.2,44.95,Flávio,Flávio,Flávio,-278.41,-502.34,-0.08,-0.05,-55.68
3162609,São João Do Oriente,MG,Sudeste,Sudeste,,6955,22.07,50.63,2.07,52.7,50.28,Lula,Lula,Lula,276.86,28.96,-0.08,0.05,-55.64
3116803,Coluna,MG,Sudeste,Sudeste,,6936,30.31,59.26,2.07,61.33,58.24,Lula,Lula,Lula,999.09,726.9,-0.08,0.21,-55.49
3157252,Santa Bárbara Do Leste,MG,Sudeste,Sudeste,,6925,19.78,46.43,2.07,48.5,46.17,Flávio,Flávio,Flávio,-154.58,-393.4,-0.08,-0.03,-55.4
3146503,Pains,MG,Sudeste,Sudeste,,6914,21.94,36.93,2.07,39.0,37.19,Flávio,Flávio,Flávio,-1119.79,-1304.1,-0.08,-0.2,-55.31
3121803,Dionísio,MG,Sudeste,Sudeste,,6910,30.94,58.37,2.07,60.44,57.64,Lula,Lula,Lula,946.61,692.84,-0.08,0.19,-55.28
3168804,Tiradentes,MG,Sudeste,Sudeste,,6892,18.63,48.42,2.07,50.49,48.0,Flávio,Lula,Flávio,51.02,-210.34,-0.08,0.01,-55.14
3118908,Cordisburgo,MG,Sudeste,Sudeste,,6880,20.77,52.17,2.07,54.24,51.57,Lula,Lula,Lula,433.46,160.3,-0.08,0.08,-55.04
3102852,Angelândia,MG,Sudeste,Sudeste,,6879,27.79,47.33,2.07,49.4,46.99,Flávio,Flávio,Flávio,-55.02,-277.94,-0.08,-0.01,-55.03
3131604,Iraí De Minas,MG,Sudeste,Sudeste,,6872,20.37,36.49,2.07,38.56,36.7,Flávio,Flávio,Flávio,-1183.28,-1375.84,-0.08,-0.21,-54.98
3156304,Rodeiro,MG,Sudeste,Sudeste,S3#88,6844,19.68,46.38,2.07,48.45,46.12,Flávio,Flávio,Flávio,-160.07,-401.5,-0.08,-0.03,-54.75
3142403,Moema,MG,Sudeste,Sudeste,,6829,20.63,38.87,2.07,40.94,39.02,Flávio,Flávio,Flávio,-923.48,-1119.28,-0.08,-0.17,-54.63
3120870,Curral De Dentro,MG,Sudeste,Sudeste,,6816,26.29,60.21,2.07,62.28,59.46,Lula,Lula,Lula,1157.78,891.96,-0.08,0.23,-54.53
3145877,Orizânia,MG,Sudeste,Sudeste,,6817,24.0,52.55,2.07,54.62,52.07,Lula,Lula,Lula,457.12,205.04,-0.08,0.09,-54.54
3129608,Ibiaí,MG,Sudeste,Sudeste,,6806,30.21,72.36,2.07,74.43,71.14,Lula,Lula,Lula,2191.49,1896.78,-0.08,0.45,-54.45
3126901,Frei Inocêncio,MG,Sudeste,Sudeste,,6787,21.69,54.83,2.07,56.9,54.31,Lula,Lula,Lula,697.76,435.98,-0.08,0.13,-54.3
3138682,Luislândia,MG,Sudeste,Sudeste,,6783,28.41,79.73,2.07,81.8,78.35,Lula,Lula,Lula,2964.77,2643.18,-0.08,0.59,-54.26
3162948,São José Da Barra,MG,Sudeste,Sudeste,,6753,22.3,42.24,2.07,44.31,42.16,Flávio,Flávio,Flávio,-562.09,-774.26,-0.08,-0.1,-54.02
3128402,Guarani,MG,Sudeste,Sudeste,,6718,22.54,62.74,2.07,64.81,61.59,Lula,Lula,Lula,1442.61,1128.52,-0.08,0.27,-53.74
3128808,Guidoval,MG,Sudeste,Sudeste,,6718,18.16,55.6,2.07,57.67,54.96,Lula,Lula,Lula,793.54,513.4,-0.08,0.14,-53.74
3170750,Varjão De Minas,MG,Sudeste,Sudeste,,6717,22.55,43.36,2.07,45.43,43.22,Flávio,Flávio,Flávio,-448.68,-665.9,-0.08,-0.08,-53.74
3169208,Tombos,MG,Sudeste,Sudeste,,6714,19.05,50.29,2.07,52.36,49.97,Lula,Lula,Flávio,244.59,-3.2,-0.08,0.04,-53.71
3117009,Comercinho,MG,Sudeste,Sudeste,,6685,29.98,77.64,2.07,79.71,76.58,Lula,Lula,Lula,2622.42,2346.04,-0.08,0.55,-53.48
3160454,Santo Antônio Do Retiro,MG,Sudeste,Sudeste,,6670,25.35,68.63,2.07,70.7,67.45,Lula,Lula,Lula,1938.55,1634.02,-0.08,0.38,-53.36
3128907,Guimarânia,MG,Sudeste,Sudeste,,6658,19.59,36.37,2.07,38.44,36.7,Flávio,Flávio,Flávio,-1154.94,-1329.44,-0.08,-0.21,-53.26
3103900,Araújos,MG,Sudeste,Sudeste,,6636,16.35,31.81,2.07,33.88,32.38,Flávio,Flávio,Flávio,-1683.48,-1839.52,-0.08,-0.3,-53.09
3138625,Limeira Do Oeste,MG,Sudeste,Sudeste,,6632,20.78,49.07,2.07,51.14,48.76,Flávio,Lula,Flávio,114.49,-125.0,-0.08,0.02,-53.06
3116704,Coimbra,MG,Sudeste,Sudeste,,6598,18.25,60.75,2.07,62.82,59.34,Lula,Lula,Lula,1252.49,912.14,-0.08,0.24,-52.78
3123528,Durandé,MG,Sudeste,Sudeste,,6586,23.06,53.88,2.07,55.95,53.4,Lula,Lula,Lula,566.95,324.08,-0.08,0.11,-52.69
3131109,Inimutaba,MG,Sudeste,Sudeste,,6575,26.81,52.75,2.07,54.82,51.95,Lula,Lula,Lula,430.6,174.4,-0.08,0.09,-52.6
3130606,Inconfidentes,MG,Sudeste,Sudeste,,6559,22.56,39.93,2.07,42.0,39.99,Flávio,Flávio,Flávio,-764.6,-956.6,-0.08,-0.15,-52.47
3135605,Jequitaí,MG,Sudeste,Sudeste,,6548,32.07,67.18,2.07,69.25,66.1,Lula,Lula,Lula,1594.42,1333.2,-0.08,0.35,-52.38
3150570,Pintópolis,MG,Sudeste,Sudeste,,6546,30.69,69.12,2.07,71.19,67.56,Lula,Lula,Lula,1816.41,1505.3,-0.08,0.39,-52.37
3103702,Araponga,MG,Sudeste,Sudeste,,6500,17.65,71.12,2.07,73.19,69.67,Lula,Lula,Lula,2248.21,1907.14,-0.08,0.43,-52.0
3111408,Campo Florido,MG,Sudeste,Sudeste,,6473,21.44,45.21,2.07,47.28,45.03,Flávio,Flávio,Flávio,-263.69,-482.36,-0.08,-0.05,-51.78
3164407,São Sebastião Da Bela Vista,MG,Sudeste,Sudeste,,6472,23.67,40.04,2.07,42.11,40.09,Flávio,Flávio,Flávio,-734.72,-922.0,-0.08,-0.15,-51.78
3157336,Santa Cruz De Minas,MG,Sudeste,Sudeste,,6469,18.41,41.9,2.07,43.97,41.84,Flávio,Flávio,Flávio,-586.1,-793.92,-0.08,-0.11,-51.75
3121407,Desterro De Entre Rios,MG,Sudeste,Sudeste,,6445,20.79,35.69,2.07,37.76,36.06,Flávio,Flávio,Flávio,-1129.27,-1286.26,-0.08,-0.23,-51.56
3130655,Indaiabira,MG,Sudeste,Sudeste,,6438,28.95,54.39,2.07,56.46,53.98,Lula,Lula,Lula,558.58,344.34,-0.08,0.12,-51.5
3162203,São João Batista Do Glória,MG,Sudeste,Sudeste,,6432,20.49,35.92,2.07,37.99,36.22,Flávio,Flávio,Flávio,-1150.92,-1320.54,-0.08,-0.22,-51.46
3134806,Jacuí,MG,Sudeste,Sudeste,,6410,23.85,26.25,2.07,28.32,27.38,Flávio,Flávio,Flávio,-1950.74,-2035.6,-0.08,-0.4,-51.28
3137106,Lagamar,MG,Sudeste,Sudeste,,6403,22.47,39.07,2.07,41.14,39.16,Flávio,Flávio,Flávio,-840.4,-1028.04,-0.08,-0.16,-51.22
3164001,São Pedro Dos Ferros,MG,Sudeste,Sudeste,,6402,27.65,70.22,2.07,72.29,68.61,Lula,Lula,Lula,1921.32,1604.44,-0.08,0.41,-51.22
3166907,Serrania,MG,Sudeste,Sudeste,,6378,24.16,48.19,2.07,50.26,47.79,Flávio,Lula,Flávio,23.67,-198.78,-0.08,0.0,-51.02
3122207,Divinolândia De Minas,MG,Sudeste,Sudeste,,6375,28.44,52.98,2.07,55.05,52.26,Lula,Lula,Lula,425.4,190.5,-0.08,0.09,-51.0
3121100,Delfim Moreira,MG,Sudeste,Sudeste,,6363,19.42,40.78,2.07,42.85,40.8,Flávio,Flávio,Flávio,-678.69,-873.78,-0.08,-0.13,-50.9
3117836,Cônego Marinho,MG,Sudeste,Sudeste,,6340,25.11,81.33,2.07,83.4,79.14,Lula,Lula,Lula,2975.4,2595.46,-0.08,0.61,-50.72
3146750,Palmópolis,MG,Sudeste,Sudeste,,6338,31.26,69.25,2.07,71.32,68.0,Lula,Lula,Lula,1707.99,1442.22,-0.08,0.39,-50.7
3107505,Bom Jardim De Minas,MG,Sudeste,Sudeste,,6321,21.12,53.16,2.07,55.23,52.3,Lula,Lula,Lula,484.7,212.78,-0.08,0.1,-50.57
3149952,Periquito,MG,Sudeste,Sudeste,,6318,26.08,49.27,2.07,51.34,48.95,Flávio,Lula,Flávio,118.84,-93.08,-0.08,0.02,-50.54
3121209,Delfinópolis,MG,Sudeste,Sudeste,,6314,25.67,41.41,2.07,43.48,41.39,Flávio,Flávio,Flávio,-579.28,-764.96,-0.08,-0.12,-50.51
3148509,Pavão,MG,Sudeste,Sudeste,,6314,29.84,63.65,2.07,65.72,63.17,Lula,Lula,Lula,1296.14,1086.6,-0.08,0.29,-50.51
3139706,Maravilhas,MG,Sudeste,Sudeste,,6311,17.67,35.99,2.07,38.06,36.39,Flávio,Flávio,Flávio,-1163.38,-1326.6,-0.08,-0.22,-50.49
3144508,Nazareno,MG,Sudeste,Sudeste,,6298,16.51,56.58,2.07,58.65,55.58,Lula,Lula,Lula,835.88,539.28,-0.08,0.16,-50.38
3128600,Guarda-Mor,MG,Sudeste,Sudeste,,6295,25.85,37.16,2.07,39.23,37.34,Flávio,Flávio,Flávio,-961.84,-1130.22,-0.08,-0.2,-50.36
3126208,Formoso,MG,Sudeste,Sudeste,,6282,22.89,52.75,2.07,54.82,52.14,Lula,Lula,Lula,443.83,197.16,-0.08,0.09,-50.26
3148756,Pedra Bonita,MG,Sudeste,Sudeste,,6260,18.21,47.15,2.07,49.22,46.9,Flávio,Flávio,Flávio,-75.23,-296.88,-0.08,-0.01,-50.08
3130309,Iguatama,MG,Sudeste,Sudeste,,6258,24.51,49.52,2.07,51.59,49.09,Flávio,Lula,Flávio,139.05,-79.48,-0.08,0.03,-50.06
3166709,Serra Dos Aimorés,MG,Sudeste,Sudeste,,6251,26.57,60.86,2.07,62.93,60.15,Lula,Lula,Lula,1128.62,886.0,-0.08,0.24,-50.01
3138104,Lassance,MG,Sudeste,Sudeste,,6216,29.39,59.7,2.07,61.77,58.48,Lula,Lula,Lula,962.99,694.26,-0.08,0.22,-49.73
3168903,Tiros,MG,Sudeste,Sudeste,,6214,23.93,25.26,2.07,27.33,25.95,Flávio,Flávio,Flávio,-2025.71,-2149.72,-0.08,-0.42,-49.71
3123809,Engenheiro Navarro,MG,Sudeste,Sudeste,,6173,23.73,69.67,2.07,71.74,68.24,Lula,Lula,Lula,1918.16,1609.52,-0.08,0.4,-49.38
3101631,Alfredo Vasconcelos,MG,Sudeste,Sudeste,,6138,17.94,52.64,2.07,54.71,51.67,Lula,Lula,Lula,432.42,152.98,-0.08,0.09,-49.1
3139250,Mamonas,MG,Sudeste,Sudeste,,6126,17.92,65.46,2.07,67.53,64.18,Lula,Lula,Lula,1689.15,1366.92,-0.08,0.32,-49.01
3145059,Nova Porteirinha,MG,Sudeste,Sudeste,,6102,17.57,59.94,2.07,62.01,59.16,Lula,Lula,Lula,1144.63,872.44,-0.08,0.22,-48.82
3165404,Sapucaí-Mirim,MG,Sudeste,Sudeste,,6091,24.0,39.81,2.07,41.88,39.89,Flávio,Flávio,Flávio,-697.39,-868.74,-0.08,-0.15,-48.73
3135456,Jenipapo De Minas,MG,Sudeste,Sudeste,,6076,37.08,68.81,2.07,70.88,67.3,Lula,Lula,Lula,1467.68,1215.56,-0.08,0.38,-48.61
3143807,Munhoz,MG,Sudeste,Sudeste,,6066,22.27,37.42,2.07,39.49,37.58,Flávio,Flávio,Flávio,-932.9,-1102.42,-0.08,-0.19,-48.53
3101805,Alpercata,MG,Sudeste,Sudeste,,6064,22.48,50.76,2.07,52.83,50.41,Lula,Lula,Lula,251.84,36.86,-0.08,0.05,-48.51
3150604,Piracema,MG,Sudeste,Sudeste,,6032,14.95,51.09,2.07,53.16,50.21,Lula,Lula,Lula,292.17,19.48,-0.08,0.06,-48.26
3159001,Santana Do Riacho,MG,Sudeste,Sudeste,,6031,26.23,58.19,2.07,60.26,57.08,Lula,Lula,Lula,862.22,595.56,-0.08,0.19,-48.25
3163805,São Miguel Do Anta,MG,Sudeste,Sudeste,,6021,16.64,65.29,2.07,67.36,64.01,Lula,Lula,Lula,1609.57,1299.18,-0.08,0.32,-48.17
3154457,Riachinho,MG,Sudeste,Sudeste,,6015,24.66,56.82,2.07,58.89,55.59,Lula,Lula,Lula,760.36,478.36,-0.08,0.16,-48.12
3165578,Senador Amaral,MG,Sudeste,Sudeste,,6008,20.47,32.13,2.07,34.2,32.62,Flávio,Flávio,Flávio,-1427.84,-1570.66,-0.08,-0.29,-48.06
3161205,São Francisco De Paula,MG,Sudeste,Sudeste,,5996,19.26,58.43,2.07,60.5,57.33,Lula,Lula,Lula,946.49,661.04,-0.08,0.19,-47.97
3158300,Santana Da Vargem,MG,Sudeste,Sudeste,,5973,17.5,46.06,2.07,48.13,45.71,Flávio,Flávio,Flávio,-169.5,-389.4,-0.08,-0.03,-47.78
3143450,Montezuma,MG,Sudeste,Sudeste,,5966,24.71,64.43,2.07,66.5,63.57,Lula,Lula,Lula,1386.29,1140.42,-0.08,0.3,-47.73
3126802,Frei Gaspar,MG,Sudeste,Sudeste,,5965,25.88,61.23,2.07,63.3,60.51,Lula,Lula,Lula,1083.99,857.24,-0.08,0.24,-47.72
3125606,Felisburgo,MG,Sudeste,Sudeste,,5960,31.41,67.68,2.07,69.75,66.5,Lula,Lula,Lula,1508.7,1260.76,-0.08,0.36,-47.68
3165107,São Tomás De Aquino,MG,Sudeste,Sudeste,,5951,24.47,43.16,2.07,45.23,42.98,Flávio,Flávio,Flávio,-398.75,-586.86,-0.08,-0.09,-47.61
3159357,Santa Rita De Minas,MG,Sudeste,Sudeste,,5935,20.25,46.35,2.07,48.42,46.12,Flávio,Flávio,Flávio,-138.83,-340.6,-0.08,-0.03,-47.48
3124807,Estrela Do Sul,MG,Sudeste,Sudeste,,5930,21.65,52.63,2.07,54.7,52.13,Lula,Lula,Lula,412.8,186.56,-0.08,0.09,-47.44
3138005,Laranjal,MG,Sudeste,Sudeste,,5921,21.16,46.63,2.07,48.7,46.42,Flávio,Flávio,Flávio,-115.98,-318.54,-0.08,-0.02,-47.37
3160959,São Domingos Das Dores,MG,Sudeste,Sudeste,,5911,19.62,44.75,2.07,46.82,44.59,Flávio,Flávio,Flávio,-286.84,-487.72,-0.08,-0.06,-47.29
3135704,Jequitibá,MG,Sudeste,Sudeste,,5903,19.55,47.15,2.07,49.22,46.67,Flávio,Flávio,Flávio,-69.11,-293.32,-0.08,-0.01,-47.22
3109451,Cabeceira Grande,MG,Sudeste,Sudeste,,5891,25.17,42.92,2.07,44.99,42.8,Flávio,Flávio,Flávio,-418.67,-601.88,-0.08,-0.09,-47.13
3123858,Entre Folhas,MG,Sudeste,Sudeste,,5891,22.64,49.09,2.07,51.16,48.86,Flávio,Lula,Flávio,100.72,-99.4,-0.08,0.02,-47.13
3164308,São Roque De Minas,MG,Sudeste,Sudeste,,5891,23.53,24.09,2.07,26.16,24.96,Flávio,Flávio,Flávio,-2043.37,-2145.76,-0.08,-0.44,-47.13
3138674,Luisburgo,MG,Sudeste,Sudeste,,5861,20.75,39.58,2.07,41.65,39.67,Flávio,Flávio,Flávio,-730.89,-904.78,-0.08,-0.15,-46.89
3129657,Ibiracatu,MG,Sudeste,Sudeste,,5860,29.9,77.55,2.07,79.62,76.65,Lula,Lula,Lula,2327.37,2093.5,-0.08,0.55,-46.88
3154150,Reduto,MG,Sudeste,Sudeste,,5853,23.39,47.52,2.07,49.59,47.18,Flávio,Flávio,Flávio,-34.89,-239.76,-0.08,-0.01,-46.82
3135407,Jeceaba,MG,Sudeste,Sudeste,,5837,18.01,52.26,2.07,54.33,51.16,Lula,Lula,Lula,378.2,101.42,-0.08,0.08,-46.7
3134301,Itumirim,MG,Sudeste,Sudeste,,5825,19.21,49.72,2.07,51.79,49.06,Flávio,Lula,Flávio,153.49,-80.66,-0.08,0.03,-46.6
3116308,Cipotânea,MG,Sudeste,Sudeste,,5815,32.38,59.25,2.07,61.32,58.07,Lula,Lula,Lula,811.51,578.14,-0.08,0.21,-46.52
3136603,Nova União,MG,Sudeste,Sudeste,,5802,25.75,52.63,2.07,54.7,51.6,Lula,Lula,Lula,374.83,127.44,-0.08,0.09,-46.42
3138906,Machacalis,MG,Sudeste,Sudeste,,5799,22.88,59.76,2.07,61.83,58.92,Lula,Lula,Lula,1002.61,755.84,-0.08,0.22,-46.39
3130408,Ijaci,MG,Sudeste,Sudeste,,5796,18.46,46.94,2.07,49.01,46.55,Flávio,Flávio,Flávio,-85.05,-295.68,-0.08,-0.02,-46.37
3155207,Rio Espera,MG,Sudeste,Sudeste,,5784,27.63,57.13,2.07,59.2,56.0,Lula,Lula,Lula,700.91,456.84,-0.08,0.17,-46.27
3122900,Dona Eusébia,MG,Sudeste,Sudeste,,5779,16.77,50.35,2.07,52.42,49.88,Lula,Lula,Flávio,220.67,-11.16,-0.08,0.04,-46.23
3168309,Taquaraçu De Minas,MG,Sudeste,Sudeste,,5759,25.66,42.46,2.07,44.53,42.36,Flávio,Flávio,Flávio,-431.74,-603.12,-0.08,-0.1,-46.07
3166006,Senhora De Oliveira,MG,Sudeste,Sudeste,,5747,24.45,65.38,2.07,67.45,63.8,Lula,Lula,Lula,1407.34,1113.1,-0.08,0.32,-45.98
3131000,Inhaúma,MG,Sudeste,Sudeste,,5730,21.29,45.22,2.07,47.29,44.96,Flávio,Flávio,Flávio,-226.23,-421.6,-0.08,-0.05,-45.84
3153103,Presidente Bernardes,MG,Sudeste,Sudeste,,5729,29.67,65.09,2.07,67.16,63.81,Lula,Lula,Lula,1291.24,1039.02,-0.08,0.32,-45.83
3130556,Imbé De Minas,MG,Sudeste,Sudeste,,5725,21.62,54.72,2.07,56.79,54.2,Lula,Lula,Lula,581.57,359.88,-0.08,0.12,-45.8
3100104,Abadia Dos Dourados,MG,Sudeste,Sudeste,S3#93,5720,19.63,43.26,2.07,45.33,43.12,Flávio,Flávio,Flávio,-401.57,-591.58,-0.08,-0.09,-45.76
3133907,Itaverava,MG,Sudeste,Sudeste,,5696,16.94,55.7,2.07,57.77,54.82,Lula,Lula,Lula,675.85,419.1,-0.08,0.14,-45.57
3165305,São Vicente De Minas,MG,Sudeste,Sudeste,,5681,25.05,51.79,2.07,53.86,51.24,Lula,Lula,Lula,304.49,98.16,-0.08,0.07,-45.45
3120607,Crucilândia,MG,Sudeste,Sudeste,,5672,23.77,42.37,2.07,44.44,42.26,Flávio,Flávio,Flávio,-437.97,-609.42,-0.08,-0.1,-45.38
3108503,Botumirim,MG,Sudeste,Sudeste,,5656,28.61,74.29,2.07,76.36,73.0,Lula,Lula,Lula,1961.5,1710.96,-0.08,0.49,-45.25
3161700,São Gonçalo Do Abaeté,MG,Sudeste,Sudeste,,5648,24.27,44.93,2.07,47.0,44.74,Flávio,Flávio,Flávio,-242.52,-425.14,-0.08,-0.06,-45.18
3115706,Central De Minas,MG,Sudeste,Sudeste,,5637,21.29,46.16,2.07,48.23,45.98,Flávio,Flávio,Flávio,-149.06,-338.04,-0.08,-0.03,-45.1
3112406,Capetinga,MG,Sudeste,Sudeste,,5621,26.44,44.58,2.07,46.65,44.35,Flávio,Flávio,Flávio,-256.67,-433.5,-0.08,-0.06,-44.97
3105509,Barão De Monte Alto,MG,Sudeste,Sudeste,,5613,23.93,60.93,2.07,63.0,60.22,Lula,Lula,Lula,1059.59,832.82,-0.08,0.24,-44.9
3164472,São Sebastião Do Anta,MG,Sudeste,Sudeste,,5604,24.38,42.75,2.07,44.82,42.68,Flávio,Flávio,Flávio,-413.74,-583.9,-0.08,-0.1,-44.83
3152600,Pouso Alto,MG,Sudeste,Sudeste,,5593,19.69,40.94,2.07,43.01,40.94,Flávio,Flávio,Flávio,-586.11,-759.28,-0.08,-0.13,-44.74
3136959,Juvenília,MG,Sudeste,Sudeste,,5569,29.48,62.81,2.07,64.88,61.93,Lula,Lula,Lula,1106.51,886.98,-0.08,0.27,-44.55
3146552,Pai Pedro,MG,Sudeste,Sudeste,,5550,24.72,71.77,2.07,73.84,70.8,Lula,Lula,Lula,1877.33,1637.6,-0.08,0.44,-44.4
3124401,Espírito Santo Do Dourado,MG,Sudeste,Sudeste,,5532,22.2,43.03,2.07,45.1,42.93,Flávio,Flávio,Flávio,-394.68,-569.54,-0.08,-0.09,-44.26
3169505,Tumiritinga,MG,Sudeste,Sudeste,,5517,28.46,52.1,2.07,54.17,51.76,Lula,Lula,Lula,313.38,132.42,-0.08,0.08,-44.14
3105707,Barra Longa,MG,Sudeste,Sudeste,,5500,24.85,68.7,2.07,70.77,67.53,Lula,Lula,Lula,1586.51,1339.02,-0.08,0.38,-44.0
3117603,Conceição Do Pará,MG,Sudeste,Sudeste,,5489,21.7,30.73,2.07,32.8,31.42,Flávio,Flávio,Flávio,-1377.31,-1487.44,-0.08,-0.32,-43.91
3144359,Naque,MG,Sudeste,Sudeste,,5485,26.82,54.96,2.07,57.03,54.49,Lula,Lula,Lula,530.83,339.18,-0.08,0.13,-43.88
3118205,Conquista,MG,Sudeste,Sudeste,,5471,19.17,48.13,2.07,50.2,47.78,Flávio,Lula,Flávio,16.45,-185.4,-0.08,0.0,-43.77
3123304,Dores Do Turvo,MG,Sudeste,Sudeste,,5453,24.96,58.29,2.07,60.36,57.49,Lula,Lula,Lula,791.31,572.36,-0.08,0.19,-43.62
3141702,Mesquita,MG,Sudeste,Sudeste,,5447,32.22,50.53,2.07,52.6,50.1,Lula,Lula,Lula,180.55,7.14,-0.08,0.05,-43.58
3127305,Galiléia,MG,Sudeste,Sudeste,,5434,28.54,48.53,2.07,50.6,48.25,Flávio,Lula,Flávio,44.56,-129.5,-0.08,0.01,-43.47
3170578,Vargem Alegre,MG,Sudeste,Sudeste,,5430,22.74,50.98,2.07,53.05,50.68,Lula,Lula,Lula,241.13,53.58,-0.08,0.06,-43.44
3155900,Rio Preto,MG,Sudeste,Sudeste,,5409,22.43,59.23,2.07,61.3,58.28,Lula,Lula,Lula,902.78,661.62,-0.08,0.21,-43.27
3127206,Funilândia,MG,Sudeste,Sudeste,,5397,22.35,42.02,2.07,44.09,41.94,Flávio,Flávio,Flávio,-461.35,-628.76,-0.08,-0.11,-43.18
3119955,Córrego Fundo,MG,Sudeste,Sudeste,,5391,17.33,32.85,2.07,34.92,33.78,Flávio,Flávio,Flávio,-1223.35,-1316.32,-0.08,-0.28,-43.13
3113602,Careaçu,MG,Sudeste,Sudeste,,5368,21.76,39.82,2.07,41.89,39.87,Flávio,Flávio,Flávio,-646.11,-806.3,-0.08,-0.15,-42.94
3157658,Santa Helena De Minas,MG,Sudeste,Sudeste,,5344,24.74,69.26,2.07,71.33,68.37,Lula,Lula,Lula,1614.35,1390.72,-0.08,0.39,-42.75
3142304,Moeda,MG,Sudeste,Sudeste,,5316,19.04,47.16,2.07,49.23,46.68,Flávio,Flávio,Flávio,-61.6,-265.14,-0.08,-0.01,-42.53
3128253,Guaraciama,MG,Sudeste,Sudeste,,5315,21.66,81.26,2.07,83.33,79.88,Lula,Lula,Lula,2653.62,2378.36,-0.08,0.61,-42.52
3129202,Heliodora,MG,Sudeste,Sudeste,,5308,18.33,48.91,2.07,50.98,48.16,Flávio,Lula,Flávio,78.32,-146.6,-0.08,0.02,-42.46
3145455,Olhos D'Água,MG,Sudeste,Sudeste,,5281,23.61,70.55,2.07,72.62,69.01,Lula,Lula,Lula,1728.21,1452.16,-0.08,0.42,-42.25
3123106,Dores De Guanhães,MG,Sudeste,Sudeste,,5278,29.33,59.49,2.07,61.56,58.73,Lula,Lula,Lula,795.36,600.52,-0.08,0.21,-42.22
3116001,Chalé,MG,Sudeste,Sudeste,,5275,17.48,48.7,2.07,50.77,48.45,Flávio,Lula,Flávio,63.17,-128.22,-0.08,0.01,-42.2
3146701,Palma,MG,Sudeste,Sudeste,,5273,23.91,59.44,2.07,61.51,58.7,Lula,Lula,Lula,877.93,663.42,-0.08,0.21,-42.18
3150406,Piedade Dos Gerais,MG,Sudeste,Sudeste,,5270,25.67,43.87,2.07,45.94,43.65,Flávio,Flávio,Flávio,-290.53,-454.0,-0.08,-0.07,-42.16
3171071,Veredinha,MG,Sudeste,Sudeste,,5268,24.77,64.28,2.07,66.35,62.68,Lula,Lula,Lula,1207.75,936.22,-0.08,0.3,-42.14
3163508,São José Do Jacuri,MG,Sudeste,Sudeste,,5252,24.75,64.08,2.07,66.15,63.02,Lula,Lula,Lula,1162.8,937.18,-0.08,0.3,-42.02
3162575,São João Do Manteninha,MG,Sudeste,Sudeste,,5242,19.57,48.15,2.07,50.22,47.87,Flávio,Lula,Flávio,17.91,-172.42,-0.08,0.0,-41.94
3105301,Bandeira Do Sul,MG,Sudeste,Sudeste,,5237,21.02,37.74,2.07,39.81,37.97,Flávio,Flávio,Flávio,-788.45,-931.02,-0.08,-0.19,-41.9
3122355,Divisa Alegre,MG,Sudeste,Sudeste,,5228,25.94,59.85,2.07,61.92,58.92,Lula,Lula,Lula,858.0,642.08,-0.08,0.22,-41.82
3147956,Patis,MG,Sudeste,Sudeste,,5226,24.97,76.39,2.07,78.46,74.91,Lula,Lula,Lula,2120.14,1856.14,-0.08,0.52,-41.81
3120300,Cristália,MG,Sudeste,Sudeste,,5202,28.45,70.77,2.07,72.84,69.69,Lula,Lula,Lula,1582.6,1364.46,-0.08,0.42,-41.62
3156452,Rosário Da Limeira,MG,Sudeste,Sudeste,,5195,19.33,56.82,2.07,58.89,55.89,Lula,Lula,Lula,691.18,457.98,-0.08,0.16,-41.56
3130705,Indianópolis,MG,Sudeste,Sudeste,,5187,21.01,49.04,2.07,51.11,48.57,Flávio,Lula,Flávio,85.71,-110.6,-0.08,0.02,-41.5
3165206,São Thomé Das Letras,MG,Sudeste,Sudeste,,5182,21.94,64.77,2.07,66.84,63.42,Lula,Lula,Lula,1277.4,1018.5,-0.08,0.31,-41.46
3107703,Bom Jesus Do Amparo,MG,Sudeste,Sudeste,,5181,24.05,57.98,2.07,60.05,56.52,Lula,Lula,Lula,720.75,467.56,-0.08,0.18,-41.45
3104452,Aricanduva,MG,Sudeste,Sudeste,,5172,26.88,61.48,2.07,63.55,60.18,Lula,Lula,Lula,949.0,713.1,-0.08,0.25,-41.38
3115359,Catas Altas,MG,Sudeste,Sudeste,,5156,22.28,53.91,2.07,55.98,52.34,Lula,Lula,Lula,432.02,168.9,-0.08,0.11,-41.25
3159506,Santa Rita Do Itueto,MG,Sudeste,Sudeste,,5151,23.82,37.0,2.07,39.07,37.13,Flávio,Flávio,Flávio,-818.73,-963.98,-0.08,-0.2,-41.21
3127073,Fruta De Leite,MG,Sudeste,Sudeste,,5143,36.11,76.94,2.07,79.01,74.7,Lula,Lula,Lula,1700.7,1448.24,-0.08,0.53,-41.14
3121001,Datas,MG,Sudeste,Sudeste,,5139,26.99,74.87,2.07,76.94,73.31,Lula,Lula,Lula,1861.15,1610.44,-0.08,0.5,-41.11
3162252,São João Da Lagoa,MG,Sudeste,Sudeste,,5131,23.5,69.43,2.07,71.5,67.59,Lula,Lula,Lula,1592.71,1302.88,-0.08,0.4,-41.05
3136108,Joanésia,MG,Sudeste,Sudeste,,5118,29.41,52.32,2.07,54.39,51.82,Lula,Lula,Lula,297.12,123.26,-0.08,0.08,-40.94
3122405,Divisa Nova,MG,Sudeste,Sudeste,,5108,23.65,49.41,2.07,51.48,48.97,Flávio,Lula,Flávio,108.06,-75.02,-0.08,0.03,-40.86
3171154,Vermelho Novo,MG,Sudeste,Sudeste,,5097,23.6,54.12,2.07,56.19,53.45,Lula,Lula,Lula,446.48,248.82,-0.08,0.11,-40.78
3146255,Padre Carvalho,MG,Sudeste,Sudeste,,5095,35.7,66.37,2.07,68.44,65.15,Lula,Lula,Lula,1132.38,930.54,-0.08,0.34,-40.76
3134103,Itueta,MG,Sudeste,Sudeste,,5084,21.93,35.33,2.07,37.4,35.5,Flávio,Flávio,Flávio,-955.47,-1099.88,-0.08,-0.23,-40.67
3148202,Patrocínio Do Muriaé,MG,Sudeste,Sudeste,,5085,17.27,52.31,2.07,54.38,51.8,Lula,Lula,Lula,347.68,143.08,-0.08,0.08,-40.68
3129103,Gurinhatã,MG,Sudeste,Sudeste,,5083,26.34,41.32,2.07,43.39,41.3,Flávio,Flávio,Flávio,-474.1,-623.72,-0.08,-0.12,-40.66
3116407,Claraval,MG,Sudeste,Sudeste,,5081,21.06,27.56,2.07,29.63,28.26,Flávio,Flávio,Flávio,-1566.17,-1671.12,-0.08,-0.37,-40.65
3125408,Felício Dos Santos,MG,Sudeste,Sudeste,,5047,34.26,64.17,2.07,66.24,62.58,Lula,Lula,Lula,988.19,765.48,-0.08,0.3,-40.38
3108206,Bonfinópolis De Minas,MG,Sudeste,Sudeste,,5046,27.41,53.56,2.07,55.63,52.65,Lula,Lula,Lula,390.48,183.78,-0.08,0.1,-40.37
3155306,Rio Manso,MG,Sudeste,Sudeste,,5025,21.17,50.27,2.07,52.34,49.41,Lula,Lula,Flávio,171.69,-43.32,-0.08,0.04,-40.2
3121902,Divinésia,MG,Sudeste,Sudeste,,5015,20.36,64.23,2.07,66.3,63.03,Lula,Lula,Lula,1227.11,981.14,-0.08,0.3,-40.12
3126752,Franciscópolis,MG,Sudeste,Sudeste,,5005,31.79,64.12,2.07,66.19,63.27,Lula,Lula,Lula,1039.36,851.72,-0.08,0.3,-40.04
3167806,Soledade De Minas,MG,Sudeste,Sudeste,,5000,21.58,44.71,2.07,46.78,44.48,Flávio,Flávio,Flávio,-235.42,-403.04,-0.08,-0.06,-40.0
3157104,Salto Da Divisa,MG,Sudeste,Sudeste,,4987,28.53,62.36,2.07,64.43,61.71,Lula,Lula,Lula,958.35,777.94,-0.08,0.27,-39.9
3111903,Cana Verde,MG,Sudeste,Sudeste,,4983,19.95,48.1,2.07,50.17,47.7,Flávio,Lula,Flávio,12.61,-171.94,-0.08,0.0,-39.86
3141504,Mendes Pimentel,MG,Sudeste,Sudeste,,4977,25.96,51.96,2.07,54.03,51.49,Lula,Lula,Lula,279.55,103.4,-0.08,0.07,-39.82
3145372,Novorizonte,MG,Sudeste,Sudeste,,4973,25.18,56.66,2.07,58.73,56.08,Lula,Lula,Lula,600.21,418.32,-0.08,0.16,-39.78
3168101,Tapira,MG,Sudeste,Sudeste,,4968,19.81,24.03,2.07,26.1,24.97,Flávio,Flávio,Flávio,-1835.09,-1921.36,-0.08,-0.44,-39.74
3169802,Turvolândia,MG,Sudeste,Sudeste,,4957,21.5,42.52,2.07,44.59,42.43,Flávio,Flávio,Flávio,-390.02,-545.52,-0.08,-0.1,-39.66
3165503,Sardoá,MG,Sudeste,Sudeste,,4955,26.16,52.41,2.07,54.48,51.77,Lula,Lula,Lula,295.46,116.4,-0.08,0.08,-39.64
3102407,Alvorada De Minas,MG,Sudeste,Sudeste,,4946,32.55,66.1,2.07,68.17,64.73,Lula,Lula,Lula,1112.76,901.9,-0.08,0.33,-39.57
3129400,Ibertioga,MG,Sudeste,Sudeste,,4944,22.31,64.5,2.07,66.57,63.14,Lula,Lula,Lula,1194.65,947.62,-0.08,0.3,-39.55
3163409,São José Do Goiabal,MG,Sudeste,Sudeste,,4897,25.79,64.46,2.07,66.53,63.25,Lula,Lula,Lula,1125.99,902.36,-0.08,0.3,-39.18
3157401,Santa Cruz Do Escalvado,MG,Sudeste,Sudeste,,4879,20.8,68.72,2.07,70.79,67.63,Lula,Lula,Lula,1507.84,1278.24,-0.08,0.38,-39.03
3167400,Silvianópolis,MG,Sudeste,Sudeste,,4859,22.76,38.17,2.07,40.24,38.37,Flávio,Flávio,Flávio,-685.56,-816.96,-0.08,-0.18,-38.87
3101201,Aiuruoca,MG,Sudeste,Sudeste,,4838,21.62,49.52,2.07,51.59,48.97,Flávio,Lula,Flávio,110.16,-71.32,-0.08,0.03,-38.7
3132008,Itacambira,MG,Sudeste,Sudeste,,4825,24.12,76.0,2.07,78.07,74.6,Lula,Lula,Lula,1939.84,1700.22,-0.08,0.52,-38.6
3150703,Pirajuba,MG,Sudeste,Sudeste,,4817,23.13,45.06,2.07,47.13,44.89,Flávio,Flávio,Flávio,-202.44,-359.9,-0.08,-0.05,-38.54
3156106,Ritápolis,MG,Sudeste,Sudeste,,4803,21.05,58.2,2.07,60.27,56.94,Lula,Lula,Lula,708.48,478.36,-0.08,0.19,-38.42
3150901,Piranguçu,MG,Sudeste,Sudeste,,4789,20.46,37.68,2.07,39.75,37.9,Flávio,Flávio,Flávio,-730.99,-862.7,-0.08,-0.19,-38.31
3165909,Senador Modestino Gonçalves,MG,Sudeste,Sudeste,,4784,34.2,64.43,2.07,66.5,63.15,Lula,Lula,Lula,966.4,770.3,-0.08,0.3,-38.27
3110202,Cajuri,MG,Sudeste,Sudeste,,4769,18.91,67.7,2.07,69.77,66.4,Lula,Lula,Lula,1418.35,1176.64,-0.08,0.36,-38.15
3112208,Capela Nova,MG,Sudeste,Sudeste,,4746,20.0,60.96,2.07,63.03,59.62,Lula,Lula,Lula,886.98,654.98,-0.08,0.24,-37.97
3126604,Francisco Dumont,MG,Sudeste,Sudeste,,4726,29.75,58.9,2.07,60.97,58.09,Lula,Lula,Lula,688.41,507.24,-0.08,0.2,-37.81
3127339,Gameleiras,MG,Sudeste,Sudeste,,4725,20.13,66.62,2.07,68.69,65.69,Lula,Lula,Lula,1350.09,1133.48,-0.08,0.34,-37.8
3120151,Crisólita,MG,Sudeste,Sudeste,,4714,30.38,65.21,2.07,67.28,64.24,Lula,Lula,Lula,1064.2,876.74,-0.08,0.32,-37.71
3122108,Divino Das Laranjeiras,MG,Sudeste,Sudeste,,4710,25.86,46.9,2.07,48.97,46.64,Flávio,Flávio,Flávio,-67.72,-222.02,-0.08,-0.02,-37.68
3108701,Brás Pires,MG,Sudeste,Sudeste,,4684,29.74,57.05,2.07,59.12,56.18,Lula,Lula,Lula,558.25,378.04,-0.08,0.17,-37.47
3140100,Marilac,MG,Sudeste,Sudeste,,4681,25.4,57.98,2.07,60.05,57.16,Lula,Lula,Lula,655.21,466.58,-0.08,0.18,-37.45
3136801,Juramento,MG,Sudeste,Sudeste,,4669,20.82,64.43,2.07,66.5,63.62,Lula,Lula,Lula,1154.52,953.44,-0.08,0.3,-37.35
3164100,São Pedro Do Suaçuí,MG,Sudeste,Sudeste,,4666,27.75,60.22,2.07,62.29,59.3,Lula,Lula,Lula,774.16,585.98,-0.08,0.23,-37.33
3112109,Caparaó,MG,Sudeste,Sudeste,,4641,22.24,37.59,2.07,39.66,37.76,Flávio,Flávio,Flávio,-705.91,-835.52,-0.08,-0.19,-37.13
3161304,São Francisco De Sales,MG,Sudeste,Sudeste,,4637,19.84,55.74,2.07,57.81,54.99,Lula,Lula,Lula,550.42,351.94,-0.08,0.14,-37.1
3171907,Virgolândia,MG,Sudeste,Sudeste,,4613,28.96,68.77,2.07,70.84,67.52,Lula,Lula,Lula,1273.31,1070.22,-0.08,0.38,-36.9
3143153,Monte Formoso,MG,Sudeste,Sudeste,,4603,33.33,73.54,2.07,75.61,71.91,Lula,Lula,Lula,1443.11,1234.66,-0.08,0.47,-36.82
3158102,Santa Maria Do Salto,MG,Sudeste,Sudeste,,4598,32.01,59.31,2.07,61.38,58.58,Lula,Lula,Lula,649.17,489.7,-0.08,0.21,-36.78
3115474,Catuti,MG,Sudeste,Sudeste,,4594,22.44,71.13,2.07,73.2,69.92,Lula,Lula,Lula,1559.49,1338.64,-0.08,0.43,-36.75
3127503,Gonzaga,MG,Sudeste,Sudeste,,4583,29.26,55.61,2.07,57.68,54.85,Lula,Lula,Lula,453.39,286.56,-0.08,0.14,-36.66
3105202,Bandeira,MG,Sudeste,Sudeste,,4576,29.68,78.03,2.07,80.1,76.9,Lula,Lula,Lula,1779.69,1590.9,-0.08,0.55,-36.61
3102050,Alto Caparaó,MG,Sudeste,Sudeste,,4564,16.83,28.68,2.07,30.75,29.14,Flávio,Flávio,Flávio,-1409.05,-1526.64,-0.08,-0.35,-36.51
3121308,Descoberto,MG,Sudeste,Sudeste,,4548,20.71,54.7,2.07,56.77,53.67,Lula,Lula,Lula,454.95,246.36,-0.08,0.12,-36.38
3102506,Amparo Do Serra,MG,Sudeste,Sudeste,,4531,22.58,72.91,2.07,74.98,71.35,Lula,Lula,Lula,1655.54,1414.88,-0.08,0.46,-36.25
3102209,Alvarenga,MG,Sudeste,Sudeste,,4518,20.94,51.88,2.07,53.95,51.47,Lula,Lula,Lula,270.69,100.76,-0.08,0.07,-36.14
3140308,Marliéria,MG,Sudeste,Sudeste,,4514,22.73,49.44,2.07,51.51,49.04,Flávio,Lula,Flávio,100.1,-63.56,-0.08,0.03,-36.11
3140605,Materlândia,MG,Sudeste,Sudeste,,4509,36.33,74.62,2.07,76.69,73.04,Lula,Lula,Lula,1401.37,1209.88,-0.08,0.49,-36.07
3117405,Conceição De Ipanema,MG,Sudeste,Sudeste,,4497,23.08,51.95,2.07,54.02,51.58,Lula,Lula,Lula,266.98,104.98,-0.08,0.07,-35.98
3125002,Ewbank Da Câmara,MG,Sudeste,Sudeste,,4497,22.04,61.35,2.07,63.42,60.57,Lula,Lula,Lula,895.07,705.04,-0.08,0.25,-35.98
3157377,Santa Cruz De Salinas,MG,Sudeste,Sudeste,,4496,29.83,79.12,2.07,81.19,77.02,Lula,Lula,Lula,1815.04,1572.16,-0.08,0.57,-35.97
3111150,Campo Azul,MG,Sudeste,Sudeste,,4494,31.24,73.27,2.07,75.34,72.01,Lula,Lula,Lula,1499.2,1302.28,-0.08,0.47,-35.95
3127388,Goianá,MG,Sudeste,Sudeste,,4491,23.36,50.95,2.07,53.02,50.28,Lula,Lula,Lula,194.99,17.8,-0.08,0.06,-35.93
3122702,Dom Silvério,MG,Sudeste,Sudeste,,4478,24.43,61.76,2.07,63.83,60.61,Lula,Lula,Lula,870.18,667.78,-0.08,0.25,-35.82
3139102,Madre De Deus De Minas,MG,Sudeste,Sudeste,,4478,18.42,53.48,2.07,55.55,52.71,Lula,Lula,Lula,370.51,181.18,-0.08,0.1,-35.82
3104809,Augusto De Lima,MG,Sudeste,Sudeste,,4467,30.58,54.88,2.07,56.95,54.09,Lula,Lula,Lula,403.22,237.32,-0.08,0.13,-35.74
3120409,Cristiano Otoni,MG,Sudeste,Sudeste,,4448,17.36,45.7,2.07,47.77,45.38,Flávio,Flávio,Flávio,-148.03,-307.16,-0.08,-0.04,-35.58
3135902,Jesuânia,MG,Sudeste,Sudeste,,4445,22.45,42.14,2.07,44.21,42.06,Flávio,Flávio,Flávio,-369.15,-506.68,-0.08,-0.11,-35.56
3110103,Caiana,MG,Sudeste,Sudeste,,4437,20.4,52.39,2.07,54.46,51.79,Lula,Lula,Lula,293.65,117.92,-0.08,0.08,-35.5
3154408,Ressaquinha,MG,Sudeste,Sudeste,,4433,15.05,60.08,2.07,62.15,58.38,Lula,Lula,Lula,840.49,579.56,-0.08,0.22,-35.46
3172103,Volta Grande,MG,Sudeste,Sudeste,,4431,29.07,60.11,2.07,62.18,59.2,Lula,Lula,Lula,720.05,543.52,-0.08,0.22,-35.45
3118106,Congonhas Do Norte,MG,Sudeste,Sudeste,,4429,29.96,69.35,2.07,71.42,67.62,Lula,Lula,Lula,1178.82,969.9,-0.08,0.39,-35.43
3107208,Bocaina De Minas,MG,Sudeste,Sudeste,,4428,23.46,46.99,2.07,49.06,46.54,Flávio,Flávio,Flávio,-58.6,-216.28,-0.08,-0.02,-35.42
3111705,Canaã,MG,Sudeste,Sudeste,,4403,16.19,69.64,2.07,71.71,68.16,Lula,Lula,Lula,1487.7,1244.08,-0.08,0.4,-35.22
3108800,Braúnas,MG,Sudeste,Sudeste,,4386,31.4,56.06,2.07,58.13,55.45,Lula,Lula,Lula,451.59,302.84,-0.08,0.15,-35.09
3119906,Córrego Do Bom Jesus,MG,Sudeste,Sudeste,,4380,22.69,39.66,2.07,41.73,39.75,Flávio,Flávio,Flávio,-519.18,-643.7,-0.08,-0.15,-35.04
3127057,Fronteira Dos Vales,MG,Sudeste,Sudeste,,4372,27.45,75.11,2.07,77.18,73.48,Lula,Lula,Lula,1629.82,1408.38,-0.08,0.5,-34.98
3115904,Chácara,MG,Sudeste,Sudeste,,4371,21.02,50.63,2.07,52.7,49.94,Lula,Lula,Flávio,175.9,-4.0,-0.08,0.05,-34.97
3136553,José Raydan,MG,Sudeste,Sudeste,,4368,33.17,60.34,2.07,62.41,59.54,Lula,Lula,Lula,676.14,519.7,-0.08,0.23,-34.94
3109253,Bugre,MG,Sudeste,Sudeste,,4366,24.97,43.7,2.07,45.77,43.59,Flávio,Flávio,Flávio,-262.21,-397.52,-0.08,-0.08,-34.93
3138351,Leme Do Prado,MG,Sudeste,Sudeste,,4360,29.7,69.87,2.07,71.94,68.24,Lula,Lula,Lula,1263.71,1050.88,-0.08,0.4,-34.88
3159308,Santa Rita De Jacutinga,MG,Sudeste,Sudeste,,4360,18.74,54.87,2.07,56.94,54.15,Lula,Lula,Lula,463.09,276.64,-0.08,0.13,-34.88
3120706,Cruzeiro Da Fortaleza,MG,Sudeste,Sudeste,,4351,20.8,34.18,2.07,36.25,34.61,Flávio,Flávio,Flávio,-906.06,-1014.1,-0.08,-0.25,-34.81
3138708,Luminárias,MG,Sudeste,Sudeste,,4351,15.77,52.44,2.07,54.51,51.7,Lula,Lula,Lula,298.33,112.5,-0.08,0.08,-34.81
3122504,Dom Cavati,MG,Sudeste,Sudeste,,4341,19.74,44.36,2.07,46.43,44.2,Flávio,Flávio,Flávio,-233.46,-379.28,-0.08,-0.07,-34.73
3157302,Santa Bárbara Do Tugúrio,MG,Sudeste,Sudeste,,4340,20.44,67.35,2.07,69.42,66.0,Lula,Lula,Lula,1225.69,1010.02,-0.08,0.36,-34.72
3155108,Rio Do Prado,MG,Sudeste,Sudeste,,4338,27.41,72.87,2.07,74.94,71.98,Lula,Lula,Lula,1477.82,1302.02,-0.08,0.46,-34.7
3100807,Aguanil,MG,Sudeste,Sudeste,,4331,23.69,48.65,2.07,50.72,48.09,Flávio,Lula,Flávio,43.54,-116.04,-0.08,0.01,-34.65
3163904,São Pedro Da União,MG,Sudeste,Sudeste,,4328,22.69,38.31,2.07,40.38,38.46,Flávio,Flávio,Flávio,-599.38,-718.94,-0.08,-0.18,-34.62
3145851,Oratórios,MG,Sudeste,Sudeste,,4326,20.13,73.12,2.07,75.19,71.65,Lula,Lula,Lula,1617.76,1390.68,-0.08,0.46,-34.61
3106655,Berizal,MG,Sudeste,Sudeste,,4307,22.08,65.92,2.07,67.99,64.45,Lula,Lula,Lula,1132.39,909.68,-0.08,0.33,-34.46
3138500,Liberdade,MG,Sudeste,Sudeste,,4275,19.39,56.81,2.07,58.88,55.94,Lula,Lula,Lula,571.23,382.22,-0.08,0.16,-34.2
3122603,Dom Joaquim,MG,Sudeste,Sudeste,,4274,28.73,62.93,2.07,65.0,61.62,Lula,Lula,Lula,826.85,640.32,-0.08,0.28,-34.19
3135076,Jampruca,MG,Sudeste,Sudeste,,4243,26.77,64.52,2.07,66.59,63.88,Lula,Lula,Lula,974.98,815.58,-0.08,0.31,-33.94
3148400,Paulistas,MG,Sudeste,Sudeste,,4222,32.4,74.83,2.07,76.9,73.42,Lula,Lula,Lula,1418.79,1235.26,-0.08,0.49,-33.78
3121506,Desterro Do Melo,MG,Sudeste,Sudeste,,4211,17.48,47.85,2.07,49.92,47.39,Flávio,Flávio,Flávio,-5.14,-166.64,-0.08,-0.0,-33.69
3170651,Vargem Grande Do Rio Pardo,MG,Sudeste,Sudeste,,4199,22.24,48.24,2.07,50.31,47.81,Flávio,Lula,Flávio,19.21,-135.18,-0.08,0.01,-33.59
3160801,São Bento Abade,MG,Sudeste,Sudeste,,4193,23.63,47.86,2.07,49.93,47.25,Flávio,Flávio,Flávio,-3.98,-161.04,-0.08,-0.0,-33.54
3163003,São José Da Safira,MG,Sudeste,Sudeste,,4189,28.69,59.88,2.07,61.95,59.25,Lula,Lula,Lula,677.06,523.92,-0.08,0.22,-33.51
3161403,São Francisco Do Glória,MG,Sudeste,Sudeste,,4163,18.64,58.99,2.07,61.06,58.27,Lula,Lula,Lula,706.18,528.04,-0.08,0.2,-33.3
3169059,Tocos Do Moji,MG,Sudeste,Sudeste,,4159,16.28,48.59,2.07,50.66,47.95,Flávio,Lula,Flávio,42.43,-131.86,-0.08,0.01,-33.27
3115409,Catas Altas Da Noruega,MG,Sudeste,Sudeste,,4149,23.14,60.86,2.07,62.93,59.61,Lula,Lula,Lula,759.96,564.68,-0.08,0.24,-33.19
3150539,Pingo D'Água,MG,Sudeste,Sudeste,,4149,24.58,59.66,2.07,61.73,58.89,Lula,Lula,Lula,685.43,519.16,-0.08,0.22,-33.19
3166956,Serranópolis De Minas,MG,Sudeste,Sudeste,,4136,21.98,66.95,2.07,69.02,66.01,Lula,Lula,Lula,1159.77,976.12,-0.08,0.35,-33.09
3142254,Miravânia,MG,Sudeste,Sudeste,,4128,33.91,72.22,2.07,74.29,70.61,Lula,Lula,Lula,1239.18,1051.34,-0.08,0.45,-33.02
3127404,Gonçalves,MG,Sudeste,Sudeste,,4111,24.69,33.88,2.07,35.95,34.43,Flávio,Flávio,Flávio,-804.67,-891.62,-0.08,-0.26,-32.89
3144409,Natércia,MG,Sudeste,Sudeste,,4090,20.44,36.8,2.07,38.87,37.18,Flávio,Flávio,Flávio,-656.78,-756.9,-0.08,-0.2,-32.72
3153202,Presidente Juscelino,MG,Sudeste,Sudeste,,4089,32.65,60.76,2.07,62.83,59.77,Lula,Lula,Lula,660.41,502.76,-0.08,0.24,-32.71
3168051,Taparuba,MG,Sudeste,Sudeste,,4088,25.98,55.4,2.07,57.47,54.93,Lula,Lula,Lula,430.37,284.2,-0.08,0.14,-32.7
3150307,Piedade Do Rio Grande,MG,Sudeste,Sudeste,,4083,23.61,53.84,2.07,55.91,52.83,Lula,Lula,Lula,335.81,160.82,-0.08,0.11,-32.66
3167707,Sobrália,MG,Sudeste,Sudeste,,4076,20.93,51.13,2.07,53.2,50.72,Lula,Lula,Lula,191.88,43.44,-0.08,0.06,-32.61
3106606,Bertópolis,MG,Sudeste,Sudeste,,4066,23.91,68.26,2.07,70.33,67.52,Lula,Lula,Lula,1200.29,1034.72,-0.08,0.37,-32.53
3112653,Capitão Andrade,MG,Sudeste,Sudeste,,4057,25.91,44.49,2.07,46.56,44.29,Flávio,Flávio,Flávio,-195.11,-323.28,-0.08,-0.06,-32.46
3162658,São João Do Pacuí,MG,Sudeste,Sudeste,,4046,27.76,74.66,2.07,76.73,73.08,Lula,Lula,Lula,1492.18,1288.48,-0.08,0.49,-32.37
3127354,Glaucilândia,MG,Sudeste,Sudeste,,4010,19.65,67.63,2.07,69.7,66.62,Lula,Lula,Lula,1219.39,1029.0,-0.08,0.36,-32.08
3171402,Vieiras,MG,Sudeste,Sudeste,,4007,18.79,53.88,2.07,55.95,53.39,Lula,Lula,Lula,368.2,209.72,-0.08,0.11,-32.06
3167905,Tabuleiro,MG,Sudeste,Sudeste,,4006,20.99,56.59,2.07,58.66,55.8,Lula,Lula,Lula,509.59,340.98,-0.08,0.16,-32.05
3114808,Carvalhos,MG,Sudeste,Sudeste,,3994,18.28,48.08,2.07,50.15,47.73,Flávio,Lula,Flávio,9.08,-133.18,-0.08,0.0,-31.95
3163102,São José Da Varginha,MG,Sudeste,Sudeste,,3988,20.91,42.55,2.07,44.62,42.45,Flávio,Flávio,Flávio,-316.54,-444.16,-0.08,-0.1,-31.9
3157500,Santa Efigênia De Minas,MG,Sudeste,Sudeste,,3985,27.85,58.77,2.07,60.84,57.78,Lula,Lula,Lula,561.69,402.96,-0.08,0.2,-31.88
3149606,Pequi,MG,Sudeste,Sudeste,,3981,15.9,43.86,2.07,45.93,43.61,Flávio,Flávio,Flávio,-255.4,-400.98,-0.08,-0.07,-31.85
3143708,Morro Do Pilar,MG,Sudeste,Sudeste,,3968,29.39,61.3,2.07,63.37,59.79,Lula,Lula,Lula,676.39,495.12,-0.08,0.25,-31.74
3120839,Cuparaque,MG,Sudeste,Sudeste,,3950,21.85,36.02,2.07,38.09,36.2,Flávio,Flávio,Flávio,-705.67,-817.46,-0.08,-0.22,-31.6
3160108,Santo Antônio Do Grama,MG,Sudeste,Sudeste,,3941,24.26,66.77,2.07,68.84,65.45,Lula,Lula,Lula,1044.37,856.52,-0.08,0.35,-31.53
3131406,Ipiaçu,MG,Sudeste,Sudeste,,3926,29.37,52.48,2.07,54.55,51.98,Lula,Lula,Lula,241.65,105.0,-0.08,0.08,-31.41
3120003,Córrego Novo,MG,Sudeste,Sudeste,,3921,25.78,60.11,2.07,62.18,59.53,Lula,Lula,Lula,669.67,524.02,-0.08,0.22,-31.37
3146404,Paineiras,MG,Sudeste,Sudeste,,3921,19.15,53.33,2.07,55.4,52.58,Lula,Lula,Lula,317.88,151.66,-0.08,0.1,-31.37
3120102,Couto De Magalhães De Minas,MG,Sudeste,Sudeste,,3916,29.03,75.35,2.07,77.42,73.43,Lula,Lula,Lula,1406.98,1202.24,-0.08,0.5,-31.33
3158805,Santana Do Jacaré,MG,Sudeste,Sudeste,,3915,18.88,50.07,2.07,52.14,49.56,Lula,Lula,Flávio,123.42,-25.54,-0.08,0.04,-31.32
3152131,Ponto Chique,MG,Sudeste,Sudeste,,3901,30.79,74.96,2.07,77.03,74.06,Lula,Lula,Lula,1386.02,1233.82,-0.08,0.5,-31.21
3132602,Itamarati De Minas,MG,Sudeste,Sudeste,,3881,20.66,57.86,2.07,59.93,56.9,Lula,Lula,Lula,570.72,396.6,-0.08,0.18,-31.05
3159100,Santana Dos Montes,MG,Sudeste,Sudeste,,3869,20.47,55.23,2.07,57.3,54.41,Lula,Lula,Lula,408.9,246.88,-0.08,0.13,-30.95
3148905,Pedra Do Indaiá,MG,Sudeste,Sudeste,,3864,18.66,35.66,2.07,37.73,36.02,Flávio,Flávio,Flávio,-711.44,-810.72,-0.08,-0.23,-30.91
3160207,Santo Antônio Do Itambé,MG,Sudeste,Sudeste,,3863,39.55,72.96,2.07,75.03,71.17,Lula,Lula,Lula,1055.75,892.72,-0.08,0.46,-30.9
3121704,Diogo De Vasconcelos,MG,Sudeste,Sudeste,,3860,25.03,71.9,2.07,73.97,70.48,Lula,Lula,Lula,1267.78,1083.16,-0.08,0.44,-30.88
3112059,Cantagalo,MG,Sudeste,Sudeste,,3858,30.04,64.84,2.07,66.91,63.61,Lula,Lula,Lula,843.2,679.04,-0.08,0.31,-30.86
3106804,Bias Fortes,MG,Sudeste,Sudeste,,3816,25.89,67.41,2.07,69.48,66.21,Lula,Lula,Lula,1023.29,851.58,-0.08,0.36,-30.53
3150208,Piedade De Ponte Nova,MG,Sudeste,Sudeste,,3812,23.85,67.24,2.07,69.31,66.07,Lula,Lula,Lula,1051.68,875.16,-0.08,0.36,-30.5
3136520,José Gonçalves De Minas,MG,Sudeste,Sudeste,,3806,28.77,67.13,2.07,69.2,65.6,Lula,Lula,Lula,959.7,779.68,-0.08,0.35,-30.45
3161056,São Félix De Minas,MG,Sudeste,Sudeste,,3799,27.3,46.28,2.07,48.35,46.1,Flávio,Flávio,Flávio,-86.78,-205.66,-0.08,-0.03,-30.39
3122470,Dom Bosco,MG,Sudeste,Sudeste,,3779,22.81,37.84,2.07,39.91,37.99,Flávio,Flávio,Flávio,-564.63,-671.94,-0.08,-0.19,-30.23
3137304,Lagoa Dos Patos,MG,Sudeste,Sudeste,,3774,27.4,57.87,2.07,59.94,57.04,Lula,Lula,Lula,509.98,361.46,-0.08,0.18,-30.19
3115003,Cascalho Rico,MG,Sudeste,Sudeste,,3773,22.63,39.25,2.07,41.32,39.34,Flávio,Flávio,Flávio,-483.02,-593.04,-0.08,-0.16,-30.18
3165560,Sem Peixe,MG,Sudeste,Sudeste,,3765,29.54,65.64,2.07,67.71,64.17,Lula,Lula,Lula,880.24,704.4,-0.08,0.33,-30.12
3136405,Joaquim Felício,MG,Sudeste,Sudeste,,3756,31.2,53.4,2.07,55.47,52.82,Lula,Lula,Lula,263.35,135.7,-0.08,0.1,-30.05
3160900,São Brás Do Suaçuí,MG,Sudeste,Sudeste,,3755,23.44,56.61,2.07,58.68,55.48,Lula,Lula,Lula,457.18,288.84,-0.08,0.16,-30.04
3153707,Quartel Geral,MG,Sudeste,Sudeste,,3749,21.85,50.06,2.07,52.13,49.59,Lula,Lula,Flávio,115.4,-22.48,-0.08,0.04,-29.99
3160009,Santo Antônio Do Aventureiro,MG,Sudeste,Sudeste,,3747,17.93,51.78,2.07,53.85,51.07,Lula,Lula,Lula,219.97,61.26,-0.08,0.07,-29.98
3163201,São José Do Alegre,MG,Sudeste,Sudeste,,3727,20.9,33.35,2.07,35.42,33.79,Flávio,Flávio,Flávio,-792.25,-880.86,-0.08,-0.27,-29.82
3166501,Serra Azul De Minas,MG,Sudeste,Sudeste,,3725,38.71,66.04,2.07,68.11,64.4,Lula,Lula,Lula,738.17,587.06,-0.08,0.33,-29.8
3129905,Ibitiúra De Minas,MG,Sudeste,Sudeste,,3709,23.16,24.21,2.07,26.28,25.0,Flávio,Flávio,Flávio,-1274.92,-1343.68,-0.08,-0.44,-29.67
3157609,Santa Fé De Minas,MG,Sudeste,Sudeste,,3706,33.7,72.17,2.07,74.24,70.9,Lula,Lula,Lula,1138.79,981.78,-0.08,0.45,-29.65
3170479,Uruana De Minas,MG,Sudeste,Sudeste,,3686,26.18,45.1,2.07,47.17,44.87,Flávio,Flávio,Flávio,-146.15,-264.48,-0.08,-0.05,-29.49
3135308,Japaraíba,MG,Sudeste,Sudeste,S3#100,3685,16.91,39.03,2.07,41.1,39.21,Flávio,Flávio,Flávio,-509.69,-618.06,-0.08,-0.16,-29.48
3115201,Conceição Da Barra De Minas,MG,Sudeste,Sudeste,,3677,18.63,50.9,2.07,52.97,50.18,Lula,Lula,Lula,163.57,10.02,-0.08,0.05,-29.42
3107604,Bom Jesus Da Penha,MG,Sudeste,Sudeste,,3674,20.11,34.68,2.07,36.75,35.16,Flávio,Flávio,Flávio,-728.27,-815.96,-0.08,-0.24,-29.39
3128501,Guarará,MG,Sudeste,Sudeste,,3674,20.79,51.12,2.07,53.19,50.49,Lula,Lula,Lula,173.38,26.9,-0.08,0.06,-29.39
3126950,Frei Lagonegro,MG,Sudeste,Sudeste,,3669,25.97,63.47,2.07,65.54,61.9,Lula,Lula,Lula,780.21,597.5,-0.08,0.29,-29.35
3161601,São Geraldo Da Piedade,MG,Sudeste,Sudeste,,3667,29.72,60.82,2.07,62.89,59.94,Lula,Lula,Lula,618.24,476.96,-0.08,0.24,-29.34
3157278,Santa Bárbara Do Monte Verde,MG,Sudeste,Sudeste,,3595,22.39,56.77,2.07,58.84,56.0,Lula,Lula,Lula,465.31,316.04,-0.08,0.16,-28.76
3144904,Nova Módica,MG,Sudeste,Sudeste,,3589,24.19,57.52,2.07,59.59,56.81,Lula,Lula,Lula,491.65,349.26,-0.08,0.18,-28.71
3150000,Pescador,MG,Sudeste,Sudeste,,3581,30.83,63.42,2.07,65.49,62.62,Lula,Lula,Lula,717.23,584.02,-0.08,0.29,-28.65
3136579,Josenópolis,MG,Sudeste,Sudeste,,3576,33.36,67.14,2.07,69.21,66.29,Lula,Lula,Lula,842.08,714.26,-0.08,0.35,-28.61
3101409,Albertina,MG,Sudeste,Sudeste,,3575,21.96,29.64,2.07,31.71,30.14,Flávio,Flávio,Flávio,-966.32,-1049.0,-0.08,-0.34,-28.6
3144375,Natalândia,MG,Sudeste,Sudeste,,3571,23.19,53.34,2.07,55.41,52.65,Lula,Lula,Lula,283.15,138.82,-0.08,0.1,-28.57
3134509,Itutinga,MG,Sudeste,Sudeste,,3559,19.16,51.14,2.07,53.21,50.55,Lula,Lula,Lula,167.28,28.7,-0.08,0.06,-28.47
3144672,Nova Belém,MG,Sudeste,Sudeste,,3553,24.63,51.62,2.07,53.69,51.22,Lula,Lula,Lula,186.92,61.92,-0.08,0.07,-28.42
3158607,Santana Do Deserto,MG,Sudeste,Sudeste,,3542,18.77,59.57,2.07,61.64,58.69,Lula,Lula,Lula,636.05,474.62,-0.08,0.21,-28.34
3137908,Lamim,MG,Sudeste,Sudeste,,3521,21.7,67.08,2.07,69.15,65.16,Lula,Lula,Lula,966.93,765.68,-0.08,0.35,-28.17
3100401,Acaiaca,MG,Sudeste,Sudeste,,3518,23.74,67.02,2.07,69.09,65.7,Lula,Lula,Lula,946.66,778.32,-0.08,0.35,-28.14
3148806,Pedra Do Anta,MG,Sudeste,Sudeste,,3516,20.14,67.19,2.07,69.26,66.06,Lula,Lula,Lula,1000.1,833.84,-0.08,0.35,-28.13
3159704,Santa Rosa Da Serra,MG,Sudeste,Sudeste,,3513,27.75,44.14,2.07,46.21,44.0,Flávio,Flávio,Flávio,-180.18,-285.32,-0.08,-0.07,-28.1
3103801,Arapuá,MG,Sudeste,Sudeste,,3487,22.25,29.21,2.07,31.28,29.72,Flávio,Flávio,Flávio,-942.53,-1020.74,-0.08,-0.34,-27.9
3109600,Cachoeira Da Prata,MG,Sudeste,Sudeste,,3473,18.05,47.67,2.07,49.74,47.11,Flávio,Flávio,Flávio,-13.95,-153.04,-0.08,-0.0,-27.78
3154705,Ribeirão Vermelho,MG,Sudeste,Sudeste,,3461,18.9,55.19,2.07,57.26,54.29,Lula,Lula,Lula,373.43,220.74,-0.08,0.13,-27.69
3113107,Caranaíba,MG,Sudeste,Sudeste,,3454,20.3,55.26,2.07,57.33,54.25,Lula,Lula,Lula,364.44,211.36,-0.08,0.13,-27.63
3114600,Carrancas,MG,Sudeste,Sudeste,,3441,22.78,47.21,2.07,49.28,46.79,Flávio,Flávio,Flávio,-35.27,-158.24,-0.08,-0.01,-27.53
3156403,Romaria,MG,Sudeste,Sudeste,,3430,18.66,55.81,2.07,57.88,55.05,Lula,Lula,Lula,417.64,267.36,-0.08,0.15,-27.44
3149200,Pedrinópolis,MG,Sudeste,Sudeste,,3421,21.86,40.45,2.07,42.52,40.49,Flávio,Flávio,Flávio,-379.32,-482.58,-0.08,-0.14,-27.37
3114709,Carvalhópolis,MG,Sudeste,Sudeste,,3407,21.49,39.95,2.07,42.02,40.01,Flávio,Flávio,Flávio,-399.8,-500.66,-0.08,-0.15,-27.26
3119807,Córrego Danta,MG,Sudeste,Sudeste,,3391,29.02,45.05,2.07,47.12,44.84,Flávio,Flávio,Flávio,-130.1,-233.14,-0.08,-0.05,-27.13
3160603,Santo Hipólito,MG,Sudeste,Sudeste,,3387,34.57,67.37,2.07,69.44,65.47,Lula,Lula,Lula,797.09,634.54,-0.08,0.36,-27.1
3141207,Matutina,MG,Sudeste,Sudeste,,3386,22.98,37.06,2.07,39.13,37.29,Flávio,Flávio,Flávio,-527.11,-616.64,-0.08,-0.2,-27.09
3158409,Santana De Cataguases,MG,Sudeste,Sudeste,,3385,17.87,46.95,2.07,49.02,46.67,Flávio,Flávio,Flávio,-51.57,-175.4,-0.08,-0.02,-27.08
3159407,Santa Rita De Ibitipoca,MG,Sudeste,Sudeste,,3384,24.7,65.98,2.07,68.05,63.84,Lula,Lula,Lula,839.89,644.3,-0.08,0.33,-27.07
3110806,Campanário,MG,Sudeste,Sudeste,,3378,29.31,63.62,2.07,65.69,62.98,Lula,Lula,Lula,706.65,584.52,-0.08,0.29,-27.02
3145802,Onça De Pitangui,MG,Sudeste,Sudeste,,3368,20.01,34.8,2.07,36.87,35.23,Flávio,Flávio,Flávio,-669.97,-754.08,-0.08,-0.24,-26.94
3149507,Pequeri,MG,Sudeste,Sudeste,,3368,20.64,54.47,2.07,56.54,53.72,Lula,Lula,Lula,328.56,186.8,-0.08,0.12,-26.94
3171501,Mathias Lobato,MG,Sudeste,Sudeste,,3363,26.4,56.76,2.07,58.83,56.45,Lula,Lula,Lula,416.97,304.74,-0.08,0.16,-26.9
3125200,Fama,MG,Sudeste,Sudeste,,3353,26.69,39.42,2.07,41.49,39.5,Flávio,Flávio,Flávio,-393.97,-485.84,-0.08,-0.16,-26.82
3141306,Medeiros,MG,Sudeste,Sudeste,,3335,23.33,36.95,2.07,39.02,37.15,Flávio,Flávio,Flávio,-532.75,-623.42,-0.08,-0.2,-26.68
3125309,Faria Lemos,MG,Sudeste,Sudeste,,3325,20.21,58.12,2.07,60.19,57.34,Lula,Lula,Lula,508.86,366.56,-0.08,0.19,-26.6
3166105,Senhora Do Porto,MG,Sudeste,Sudeste,,3323,31.72,60.08,2.07,62.15,58.8,Lula,Lula,Lula,502.8,363.94,-0.08,0.22,-26.58
3138302,Leandro Ferreira,MG,Sudeste,Sudeste,,3322,22.49,36.63,2.07,38.7,36.86,Flávio,Flávio,Flávio,-550.58,-640.1,-0.08,-0.21,-26.58
3153004,Pratinha,MG,Sudeste,Sudeste,,3312,22.46,30.54,2.07,32.61,31.28,Flávio,Flávio,Flávio,-844.33,-909.38,-0.08,-0.32,-26.5
3116209,Chiador,MG,Sudeste,Sudeste,,3296,20.78,46.22,2.07,48.29,45.88,Flávio,Flávio,Flávio,-82.69,-199.28,-0.08,-0.03,-26.37
3141900,Minduri,MG,Sudeste,Sudeste,,3240,22.75,50.18,2.07,52.25,49.76,Lula,Lula,Flávio,104.76,-11.04,-0.08,0.04,-25.92
3150109,Piau,MG,Sudeste,Sudeste,,3238,18.5,59.61,2.07,61.68,58.54,Lula,Lula,Lula,581.69,425.24,-0.08,0.21,-25.9
3106101,Belmiro Braga,MG,Sudeste,Sudeste,,3228,19.67,62.66,2.07,64.73,61.63,Lula,Lula,Lula,725.82,572.86,-0.08,0.27,-25.82
3171105,Veríssimo,MG,Sudeste,Sudeste,,3223,25.75,51.47,2.07,53.54,50.89,Lula,Lula,Lula,160.75,40.32,-0.08,0.07,-25.78
3161650,São Geraldo Do Baixio,MG,Sudeste,Sudeste,,3221,24.62,46.99,2.07,49.06,46.76,Flávio,Flávio,Flávio,-42.47,-147.1,-0.08,-0.02,-25.77
3126307,Fortaleza De Minas,MG,Sudeste,Sudeste,,3215,26.13,41.5,2.07,43.57,41.46,Flávio,Flávio,Flávio,-280.27,-372.1,-0.08,-0.12,-25.72
3135001,Jaguaraçu,MG,Sudeste,Sudeste,,3209,19.23,44.54,2.07,46.61,44.42,Flávio,Flávio,Flávio,-165.94,-273.4,-0.08,-0.06,-25.67
3162302,São João Da Mata,MG,Sudeste,Sudeste,,3192,21.71,33.11,2.07,35.18,33.53,Flávio,Flávio,Flávio,-691.36,-768.26,-0.08,-0.27,-25.54
3119708,Coronel Xavier Chaves,MG,Sudeste,Sudeste,,3179,19.03,57.03,2.07,59.1,55.89,Lula,Lula,Lula,425.18,275.04,-0.08,0.17,-25.43
3163300,São José Do Divino,MG,Sudeste,Sudeste,,3170,21.8,43.93,2.07,46.0,43.85,Flávio,Flávio,Flávio,-187.69,-288.48,-0.08,-0.07,-25.36
3170438,União De Minas,MG,Sudeste,Sudeste,,3158,23.02,52.13,2.07,54.2,51.76,Lula,Lula,Lula,197.79,82.72,-0.08,0.08,-25.26
3122801,Dom Viçoso,MG,Sudeste,Sudeste,,3158,19.35,44.28,2.07,46.35,44.11,Flávio,Flávio,Flávio,-175.68,-283.4,-0.08,-0.07,-25.26
3140209,Maripá De Minas,MG,Sudeste,Sudeste,,3150,21.08,46.87,2.07,48.94,46.53,Flávio,Flávio,Flávio,-49.28,-161.64,-0.08,-0.02,-25.2
3167509,Simão Pereira,MG,Sudeste,Sudeste,,3145,17.46,52.61,2.07,54.68,51.95,Lula,Lula,Lula,230.14,95.8,-0.08,0.09,-25.16
3125507,São Gonçalo Do Rio Preto,MG,Sudeste,Sudeste,,3128,29.99,74.6,2.07,76.67,72.8,Lula,Lula,Lula,1070.0,914.68,-0.08,0.49,-25.02
3110400,Camacho,MG,Sudeste,Sudeste,,3110,17.59,51.87,2.07,53.94,51.45,Lula,Lula,Lula,186.39,68.76,-0.08,0.07,-24.88
3127370,Goiabeira,MG,Sudeste,Sudeste,,3104,24.16,38.04,2.07,40.11,38.12,Flávio,Flávio,Flávio,-442.01,-530.62,-0.08,-0.18,-24.83
3153301,Presidente Kubitschek,MG,Sudeste,Sudeste,,3087,22.64,80.65,2.07,82.72,78.01,Lula,Lula,Lula,1452.24,1243.54,-0.08,0.6,-24.7
3140407,Marmelópolis,MG,Sudeste,Sudeste,,3077,21.48,47.57,2.07,49.64,47.12,Flávio,Flávio,Flávio,-16.03,-128.58,-0.08,-0.01,-24.62
3119609,Coronel Pacheco,MG,Sudeste,Sudeste,,3068,18.84,54.5,2.07,56.57,53.75,Lula,Lula,Lula,304.5,174.04,-0.08,0.12,-24.54
3163607,São José Do Mantimento,MG,Sudeste,Sudeste,,3068,22.13,55.91,2.07,57.98,55.45,Lula,Lula,Lula,359.37,245.68,-0.08,0.15,-24.54
3143609,Morro Da Garça,MG,Sudeste,Sudeste,,3045,27.68,66.09,2.07,68.16,64.72,Lula,Lula,Lula,756.92,613.56,-0.08,0.33,-24.36
3164431,São Sebastião Da Vargem Alegre,MG,Sudeste,Sudeste,,3045,19.64,52.03,2.07,54.1,51.3,Lula,Lula,Lula,186.12,59.12,-0.08,0.08,-24.36
3104403,Argirita,MG,Sudeste,Sudeste,,3035,19.67,63.99,2.07,66.06,63.08,Lula,Lula,Lula,749.59,610.34,-0.08,0.3,-24.28
3114907,Casa Grande,MG,Sudeste,Sudeste,,3027,18.67,39.24,2.07,41.31,39.39,Flávio,Flávio,Flávio,-399.53,-487.4,-0.08,-0.16,-24.22
3126406,Fortuna De Minas,MG,Sudeste,Sudeste,,3012,17.6,54.85,2.07,56.92,53.83,Lula,Lula,Lula,323.41,179.2,-0.08,0.13,-24.1
3167301,Silveirânia,MG,Sudeste,Sudeste,,2977,16.53,60.95,2.07,63.02,59.59,Lula,Lula,Lula,611.39,450.16,-0.08,0.24,-23.82
3119005,Cordislândia,MG,Sudeste,Sudeste,,2969,22.9,52.71,2.07,54.78,52.28,Lula,Lula,Lula,206.85,98.86,-0.08,0.09,-23.75
3156205,Rochedo De Minas,MG,Sudeste,Sudeste,,2917,24.34,47.44,2.07,49.51,47.08,Flávio,Flávio,Flávio,-20.31,-120.58,-0.08,-0.01,-23.34
3124609,Estrela Dalva,MG,Sudeste,Sudeste,,2914,25.43,60.77,2.07,62.84,59.84,Lula,Lula,Lula,523.16,400.64,-0.08,0.24,-23.31
3103603,Arantina,MG,Sudeste,Sudeste,,2872,22.01,60.84,2.07,62.91,59.51,Lula,Lula,Lula,531.07,391.22,-0.08,0.24,-22.98
3145505,Olímpio Noronha,MG,Sudeste,Sudeste,,2869,24.54,52.25,2.07,54.32,51.44,Lula,Lula,Lula,171.78,57.24,-0.08,0.08,-22.95
3116902,Comendador Gomes,MG,Sudeste,Sudeste,,2849,21.76,41.09,2.07,43.16,41.08,Flávio,Flávio,Flávio,-295.15,-384.52,-0.08,-0.13,-22.79
3103306,Aracitaba,MG,Sudeste,Sudeste,,2839,24.97,57.14,2.07,59.21,56.3,Lula,Lula,Lula,360.55,246.8,-0.08,0.17,-22.71
3103207,Araçaí,MG,Sudeste,Sudeste,,2834,22.09,51.39,2.07,53.46,50.76,Lula,Lula,Lula,143.09,31.46,-0.08,0.06,-22.67
3144201,Nacip Raydan,MG,Sudeste,Sudeste,,2825,32.64,62.52,2.07,64.59,61.47,Lula,Lula,Lula,513.3,403.6,-0.08,0.27,-22.6
3130804,Ingaí,MG,Sudeste,Sudeste,,2824,17.56,51.28,2.07,53.35,50.72,Lula,Lula,Lula,143.99,31.14,-0.08,0.06,-22.59
3117207,Conceição Das Pedras,MG,Sudeste,Sudeste,,2816,21.2,41.47,2.07,43.54,41.44,Flávio,Flávio,Flávio,-261.88,-347.16,-0.08,-0.12,-22.53
3109808,Cachoeira Dourada,MG,Sudeste,Sudeste,,2798,27.95,55.25,2.07,57.32,54.23,Lula,Lula,Lula,282.44,163.08,-0.08,0.13,-22.38
3153806,Queluzito,MG,Sudeste,Sudeste,,2785,19.14,51.3,2.07,53.37,50.41,Lula,Lula,Lula,141.74,17.38,-0.08,0.06,-22.28
3170305,Umburatiba,MG,Sudeste,Sudeste,,2736,28.18,63.03,2.07,65.1,62.23,Lula,Lula,Lula,556.82,450.96,-0.08,0.28,-21.89
3145703,Oliveira Fortes,MG,Sudeste,Sudeste,,2731,21.13,65.45,2.07,67.52,64.1,Lula,Lula,Lula,702.18,565.12,-0.08,0.32,-21.85
3149002,Pedra Dourada,MG,Sudeste,Sudeste,,2730,18.86,55.54,2.07,57.61,54.86,Lula,Lula,Lula,315.61,201.5,-0.08,0.14,-21.84
3124708,Estrela Do Indaiá,MG,Sudeste,Sudeste,,2723,25.19,45.7,2.07,47.77,45.48,Flávio,Flávio,Flávio,-84.84,-172.24,-0.08,-0.04,-21.78
3132800,Itambé Do Mato Dentro,MG,Sudeste,Sudeste,,2720,24.08,64.26,2.07,66.33,62.93,Lula,Lula,Lula,627.97,497.26,-0.08,0.3,-21.76
3113800,Carmésia,MG,Sudeste,Sudeste,,2716,28.35,60.05,2.07,62.12,58.68,Lula,Lula,Lula,438.0,313.62,-0.08,0.22,-21.73
3100708,Água Comprida,MG,Sudeste,Sudeste,,2699,22.12,39.04,2.07,41.11,39.11,Flávio,Flávio,Flávio,-356.18,-436.16,-0.08,-0.16,-21.59
3172202,Wenceslau Braz,MG,Sudeste,Sudeste,,2695,19.93,41.78,2.07,43.85,41.73,Flávio,Flávio,Flávio,-245.69,-330.5,-0.08,-0.11,-21.56
3107000,Biquinhas,MG,Sudeste,Sudeste,,2682,24.57,45.98,2.07,48.05,45.78,Flávio,Flávio,Flávio,-73.74,-159.86,-0.08,-0.04,-21.46
3142502,Monjolos,MG,Sudeste,Sudeste,,2627,35.48,60.17,2.07,62.24,59.26,Lula,Lula,Lula,388.0,293.42,-0.08,0.23,-21.02
3155009,Rio Doce,MG,Sudeste,Sudeste,,2624,19.86,66.09,2.07,68.16,65.04,Lula,Lula,Lula,702.14,581.44,-0.08,0.33,-20.99
3101300,Alagoa,MG,Sudeste,Sudeste,,2619,21.88,31.61,2.07,33.68,32.18,Flávio,Flávio,Flávio,-630.65,-688.28,-0.08,-0.3,-20.95
3130002,Ibituruna,MG,Sudeste,Sudeste,,2602,22.21,45.7,2.07,47.77,45.48,Flávio,Flávio,Flávio,-84.99,-172.1,-0.08,-0.04,-20.82
3170602,Vargem Bonita,MG,Sudeste,Sudeste,,2601,28.76,36.15,2.07,38.22,36.39,Flávio,Flávio,Flávio,-417.87,-483.12,-0.08,-0.22,-20.81
3125804,Fernandes Tourinho,MG,Sudeste,Sudeste,,2576,22.63,45.53,2.07,47.6,45.35,Flávio,Flávio,Flávio,-89.97,-173.88,-0.08,-0.04,-20.61
3165602,Senador Cortes,MG,Sudeste,Sudeste,,2545,20.94,57.14,2.07,59.21,56.26,Lula,Lula,Lula,348.01,236.38,-0.08,0.17,-20.36
3149408,Pedro Teixeira,MG,Sudeste,Sudeste,,2507,16.63,68.4,2.07,70.47,66.58,Lula,Lula,Lula,802.04,649.62,-0.08,0.38,-20.06
3147808,Passa Vinte,MG,Sudeste,Sudeste,,2493,18.93,47.86,2.07,49.93,47.38,Flávio,Flávio,Flávio,-2.75,-99.94,-0.08,-0.0,-19.94
3165800,Senador José Bento,MG,Sudeste,Sudeste,,2481,20.31,36.66,2.07,38.73,36.88,Flávio,Flávio,Flávio,-417.44,-486.24,-0.08,-0.21,-19.85
3160504,Santo Antônio Do Rio Abaixo,MG,Sudeste,Sudeste,,2393,32.55,59.11,2.07,61.18,58.07,Lula,Lula,Lula,335.98,242.46,-0.08,0.21,-19.14
3158706,Santana Do Garambéu,MG,Sudeste,Sudeste,,2352,20.92,64.75,2.07,66.82,63.46,Lula,Lula,Lula,567.81,454.62,-0.08,0.31,-18.82
3145406,Olaria,MG,Sudeste,Sudeste,,2313,22.18,59.82,2.07,61.89,58.42,Lula,Lula,Lula,398.97,282.6,-0.08,0.22,-18.5
3123403,Doresópolis,MG,Sudeste,Sudeste,,2217,30.58,37.22,2.07,39.29,37.41,Flávio,Flávio,Flávio,-311.37,-366.02,-0.08,-0.2,-17.74
3164902,São Sebastião Do Rio Verde,MG,Sudeste,Sudeste,,2163,17.85,37.12,2.07,39.19,37.39,Flávio,Flávio,Flávio,-357.66,-417.3,-0.08,-0.2,-17.3
3123502,Douradoquara,MG,Sudeste,Sudeste,,2127,21.44,48.58,2.07,50.65,48.08,Flávio,Lula,Flávio,20.84,-61.18,-0.08,0.01,-17.02
3167004,Serranos,MG,Sudeste,Sudeste,,2075,19.9,55.04,2.07,57.11,54.29,Lula,Lula,Lula,219.16,132.16,-0.08,0.13,-16.6
3166402,Seritinga,MG,Sudeste,Sudeste,,2045,22.1,51.17,2.07,53.24,50.65,Lula,Lula,Lula,96.37,19.28,-0.08,0.06,-16.36
3164803,São Sebastião Do Rio Preto,MG,Sudeste,Sudeste,,2043,31.77,49.51,2.07,51.58,48.99,Flávio,Lula,Flávio,41.27,-26.28,-0.08,0.03,-16.34
3118502,Consolação,MG,Sudeste,Sudeste,,2032,25.1,38.68,2.07,40.75,38.83,Flávio,Flávio,Flávio,-263.22,-317.96,-0.08,-0.17,-16.26
3168200,Tapiraí,MG,Sudeste,Sudeste,,1974,21.02,48.49,2.07,50.56,48.02,Flávio,Lula,Flávio,16.78,-58.94,-0.08,0.01,-15.79
3103108,Antônio Prado De Minas,MG,Sudeste,Sudeste,,1915,19.01,51.82,2.07,53.89,51.13,Lula,Lula,Lula,114.15,33.06,-0.08,0.07,-15.32
3147501,Passabém,MG,Sudeste,Sudeste,,1914,23.67,57.48,2.07,59.55,56.45,Lula,Lula,Lula,260.1,175.74,-0.08,0.18,-15.31
3146602,Paiva,MG,Sudeste,Sudeste,,1859,19.58,60.59,2.07,62.66,59.11,Lula,Lula,Lula,351.82,253.1,-0.08,0.23,-14.87
3127909,Grupiara,MG,Sudeste,Sudeste,,1789,20.57,42.48,2.07,44.55,42.39,Flávio,Flávio,Flávio,-147.6,-205.86,-0.08,-0.1,-14.31
3115607,Cedro Do Abaeté,MG,Sudeste,Sudeste,,1420,27.75,42.62,2.07,44.69,42.54,Flávio,Flávio,Flávio,-103.46,-145.52,-0.08,-0.1,-11.36
3166600,Serra Da Saudade,MG,Sudeste,Sudeste,,1281,22.79,40.4,2.07,42.47,40.44,Flávio,Flávio,Flávio,-142.57,-181.08,-0.08,-0.14,-10.25
5002704,Campo Grande,MS,Centro-Oeste,Norte/Centro-Oeste,,641185,20.11,35.56,-3.61,31.95,35.95,Flávio,Flávio,Flávio,-174705.91,-135998.4,-0.21,-0.34,-13464.88
5003702,Dourados,MS,Centro-Oeste,Norte/Centro-Oeste,,166869,20.22,33.74,-3.61,30.13,34.14,Flávio,Flávio,Flávio,-50416.9,-40248.08,-0.21,-0.38,-3504.25
5008305,Três Lagoas,MS,Centro-Oeste,Norte/Centro-Oeste,,88506,26.42,36.78,-3.61,33.17,37.03,Flávio,Flávio,Flávio,-20724.86,-15978.46,-0.21,-0.32,-1858.63
5006606,Ponta Porã,MS,Centro-Oeste,Norte/Centro-Oeste,,69957,25.43,33.5,-3.61,29.89,33.84,Flávio,Flávio,Flávio,-19912.02,-15998.74,-0.21,-0.38,-1469.1
5003207,Corumbá,MS,Centro-Oeste,Norte/Centro-Oeste,,67548,24.04,47.67,-3.61,44.06,47.38,Flávio,Flávio,Flávio,-5822.48,-2572.86,-0.21,-0.11,-1418.51
5005707,Naviraí,MS,Centro-Oeste,Norte/Centro-Oeste,,37528,26.22,31.72,-3.61,28.11,32.15,Flávio,Flávio,Flávio,-11595.16,-9457.86,-0.21,-0.42,-788.09
5001102,Aquidauana,MS,Centro-Oeste,Norte/Centro-Oeste,,36393,29.07,46.5,-3.61,42.89,46.27,Flávio,Flávio,Flávio,-3531.3,-1853.44,-0.21,-0.14,-764.25
5006200,Nova Andradina,MS,Centro-Oeste,Norte/Centro-Oeste,,35629,29.28,36.81,-3.61,33.2,37.02,Flávio,Flávio,Flávio,-8100.87,-6259.8,-0.21,-0.32,-748.21
5007901,Sidrolândia,MS,Centro-Oeste,Norte/Centro-Oeste,,35153,27.44,40.77,-3.61,37.16,40.79,Flávio,Flávio,Flávio,-6284.15,-4511.34,-0.21,-0.24,-738.21
5006309,Paranaíba,MS,Centro-Oeste,Norte/Centro-Oeste,,31506,26.0,38.52,-3.61,34.91,38.66,Flávio,Flávio,Flávio,-6652.71,-5000.74,-0.21,-0.29,-661.63
5005400,Maracaju,MS,Centro-Oeste,Norte/Centro-Oeste,,29813,22.69,24.86,-3.61,21.25,25.42,Flávio,Flávio,Flávio,-12825.07,-10966.62,-0.21,-0.55,-626.07
5000609,Amambai,MS,Centro-Oeste,Norte/Centro-Oeste,,27203,30.6,39.35,-3.61,35.74,39.41,Flávio,Flávio,Flávio,-5204.96,-3866.92,-0.21,-0.27,-571.26
5003306,Coxim,MS,Centro-Oeste,Norte/Centro-Oeste,,26464,26.87,40.05,-3.61,36.44,40.09,Flávio,Flávio,Flávio,-5030.19,-3675.88,-0.21,-0.26,-555.74
5007208,Rio Brilhante,MS,Centro-Oeste,Norte/Centro-Oeste,,26188,24.66,34.99,-3.61,31.38,35.22,Flávio,Flávio,Flávio,-7073.15,-5615.82,-0.21,-0.35,-549.95
5007695,São Gabriel Do Oeste,MS,Centro-Oeste,Norte/Centro-Oeste,,23080,24.77,25.86,-3.61,22.25,26.55,Flávio,Flávio,Flávio,-9282.93,-7845.8,-0.21,-0.53,-484.68
5002951,Chapadão Do Sul,MS,Centro-Oeste,Norte/Centro-Oeste,,23000,24.31,24.06,-3.61,20.45,24.8,Flávio,Flávio,Flávio,-9908.92,-8452.2,-0.21,-0.56,-483.0
5003256,Costa Rica,MS,Centro-Oeste,Norte/Centro-Oeste,,22355,28.15,31.5,-3.61,27.89,31.94,Flávio,Flávio,Flávio,-6794.47,-5548.66,-0.21,-0.42,-469.46
5002407,Caarapó,MS,Centro-Oeste,Norte/Centro-Oeste,,22152,26.67,33.93,-3.61,30.32,34.15,Flávio,Flávio,Flávio,-6182.37,-4978.04,-0.21,-0.37,-465.19
5004700,Ivinhema,MS,Centro-Oeste,Norte/Centro-Oeste,,21196,26.26,33.05,-3.61,29.44,33.44,Flávio,Flávio,Flávio,-6141.04,-4946.62,-0.21,-0.39,-445.12
5005608,Miranda,MS,Centro-Oeste,Norte/Centro-Oeste,,20066,27.72,56.23,-3.61,52.62,55.75,Lula,Lula,Lula,732.53,1610.88,-0.21,0.05,-421.39
5001904,Bataguassu,MS,Centro-Oeste,Norte/Centro-Oeste,,19771,27.86,39.52,-3.61,35.91,39.6,Flávio,Flávio,Flávio,-3809.53,-2812.64,-0.21,-0.27,-415.19
5001003,Aparecida Do Taboado,MS,Centro-Oeste,Norte/Centro-Oeste,,19558,27.29,36.24,-3.61,32.63,36.48,Flávio,Flávio,Flávio,-4648.61,-3617.06,-0.21,-0.33,-410.72
5002209,Bonito,MS,Centro-Oeste,Norte/Centro-Oeste,,19254,26.35,33.62,-3.61,30.01,33.96,Flávio,Flávio,Flávio,-5469.85,-4388.4,-0.21,-0.38,-404.33
5005004,Jardim,MS,Centro-Oeste,Norte/Centro-Oeste,,18633,27.34,33.55,-3.61,29.94,33.85,Flávio,Flávio,Flávio,-5216.58,-4200.54,-0.21,-0.38,-391.29
5000708,Anastácio,MS,Centro-Oeste,Norte/Centro-Oeste,,18203,26.87,41.15,-3.61,37.54,41.15,Flávio,Flávio,Flávio,-3190.08,-2266.92,-0.21,-0.24,-382.26
5003801,Fátima Do Sul,MS,Centro-Oeste,Norte/Centro-Oeste,,16886,21.78,41.12,-3.61,37.51,41.12,Flávio,Flávio,Flávio,-3149.24,-2240.1,-0.21,-0.24,-354.61
5002100,Bela Vista,MS,Centro-Oeste,Norte/Centro-Oeste,,16420,27.12,37.75,-3.61,34.14,37.85,Flávio,Flávio,Flávio,-3672.97,-2813.1,-0.21,-0.3,-344.82
5007109,Ribas Do Rio Pardo,MS,Centro-Oeste,Norte/Centro-Oeste,,16370,31.08,38.59,-3.61,34.98,38.71,Flávio,Flávio,Flávio,-3241.3,-2437.58,-0.21,-0.29,-343.77
5006002,Nova Alvorada Do Sul,MS,Centro-Oeste,Norte/Centro-Oeste,,16244,34.41,40.77,-3.61,37.16,40.78,Flávio,Flávio,Flávio,-2631.81,-1889.56,-0.21,-0.24,-341.12
5002902,Cassilândia,MS,Centro-Oeste,Norte/Centro-Oeste,,15301,27.03,29.87,-3.61,26.26,30.52,Flávio,Flávio,Flávio,-4997.81,-4100.46,-0.21,-0.45,-321.32
5005681,Mundo Novo,MS,Centro-Oeste,Norte/Centro-Oeste,,14988,26.81,34.42,-3.61,30.81,34.68,Flávio,Flávio,Flávio,-4012.34,-3204.24,-0.21,-0.36,-314.75
5004601,Itaquiraí,MS,Centro-Oeste,Norte/Centro-Oeste,S1#96,14628,30.76,47.88,-3.61,44.27,47.6,Flávio,Flávio,Flávio,-1116.35,-466.86,-0.21,-0.11,-307.19
5004502,Itaporã,MS,Centro-Oeste,Norte/Centro-Oeste,,14201,18.08,31.1,-3.61,27.49,31.46,Flávio,Flávio,Flávio,-5030.39,-4142.94,-0.21,-0.43,-298.22
5007406,Rio Verde De Mato Grosso,MS,Centro-Oeste,Norte/Centro-Oeste,,13917,25.08,37.04,-3.61,33.43,37.19,Flávio,Flávio,Flávio,-3331.78,-2575.46,-0.21,-0.31,-292.26
5008008,Terenos,MS,Centro-Oeste,Norte/Centro-Oeste,,13850,22.39,45.09,-3.61,41.48,44.89,Flávio,Flávio,Flávio,-1749.23,-1048.6,-0.21,-0.16,-290.85
5005202,Ladário,MS,Centro-Oeste,Norte/Centro-Oeste,,13609,24.7,47.25,-3.61,43.64,47.01,Flávio,Flávio,Flávio,-1247.23,-587.3,-0.21,-0.12,-285.79
5000203,Água Clara,MS,Centro-Oeste,Norte/Centro-Oeste,,13465,33.49,34.79,-3.61,31.18,35.05,Flávio,Flávio,Flávio,-3234.62,-2569.4,-0.21,-0.36,-282.76
5003157,Coronel Sapucaia,MS,Centro-Oeste,Norte/Centro-Oeste,,12105,18.27,46.27,-3.61,42.66,46.14,Flávio,Flávio,Flávio,-1397.14,-734.44,-0.21,-0.14,-254.2
5007935,Sonora,MS,Centro-Oeste,Norte/Centro-Oeste,,11254,23.26,38.26,-3.61,34.65,38.36,Flávio,Flávio,Flávio,-2552.43,-1935.32,-0.21,-0.29,-236.33
5002605,Camapuã,MS,Centro-Oeste,Norte/Centro-Oeste,,10948,24.74,35.8,-3.61,32.19,36.01,Flávio,Flávio,Flávio,-2819.4,-2215.88,-0.21,-0.34,-229.91
5004304,Iguatemi,MS,Centro-Oeste,Norte/Centro-Oeste,,10722,29.48,35.01,-3.61,31.4,35.24,Flávio,Flávio,Flávio,-2708.41,-2149.56,-0.21,-0.35,-225.16
5003454,Deodápolis,MS,Centro-Oeste,Norte/Centro-Oeste,,10690,23.66,40.86,-3.61,37.25,40.87,Flávio,Flávio,Flávio,-1985.65,-1422.22,-0.21,-0.24,-224.49
5005806,Nioaque,MS,Centro-Oeste,Norte/Centro-Oeste,,10377,23.21,43.76,-3.61,40.15,43.68,Flávio,Flávio,Flávio,-1527.76,-979.92,-0.21,-0.19,-217.92
5002308,Brasilândia,MS,Centro-Oeste,Norte/Centro-Oeste,,9576,31.71,33.88,-3.61,30.27,34.18,Flávio,Flávio,Flávio,-2458.21,-1970.16,-0.21,-0.37,-201.1
5006358,Paranhos,MS,Centro-Oeste,Norte/Centro-Oeste,,9433,33.67,55.11,-3.61,51.5,54.82,Lula,Lula,Lula,177.52,569.88,-0.21,0.03,-198.09
5003751,Eldorado,MS,Centro-Oeste,Norte/Centro-Oeste,,8988,29.88,34.97,-3.61,31.36,35.21,Flávio,Flávio,Flávio,-2244.61,-1780.98,-0.21,-0.35,-188.75
5000856,Angélica,MS,Centro-Oeste,Norte/Centro-Oeste,,8695,27.2,43.04,-3.61,39.43,42.93,Flávio,Flávio,Flávio,-1272.88,-851.1,-0.21,-0.2,-182.6
5006903,Porto Murtinho,MS,Centro-Oeste,Norte/Centro-Oeste,,8647,33.29,45.29,-3.61,41.68,45.15,Flávio,Flávio,Flávio,-927.28,-540.48,-0.21,-0.16,-181.59
5003488,Dois Irmãos Do Buriti,MS,Centro-Oeste,Norte/Centro-Oeste,,8601,24.29,58.79,-3.61,55.18,58.22,Lula,Lula,Lula,651.29,1033.88,-0.21,0.1,-180.62
5002001,Batayporã,MS,Centro-Oeste,Norte/Centro-Oeste,,8414,27.15,41.64,-3.61,38.03,41.62,Flávio,Flávio,Flávio,-1407.12,-985.22,-0.21,-0.23,-176.69
5001243,Aral Moreira,MS,Centro-Oeste,Norte/Centro-Oeste,,8273,22.64,41.27,-3.61,37.66,41.27,Flávio,Flávio,Flávio,-1529.37,-1082.52,-0.21,-0.23,-173.73
5004007,Glória De Dourados,MS,Centro-Oeste,Norte/Centro-Oeste,,8125,23.38,39.93,-3.61,36.32,39.97,Flávio,Flávio,Flávio,-1626.2,-1191.84,-0.21,-0.26,-170.62
5004106,Guia Lopes Da Laguna,MS,Centro-Oeste,Norte/Centro-Oeste,,7950,27.08,39.12,-3.61,35.51,39.19,Flávio,Flávio,Flávio,-1607.13,-1198.98,-0.21,-0.28,-166.95
5000906,Antônio João,MS,Centro-Oeste,Norte/Centro-Oeste,,7911,23.84,36.44,-3.61,32.83,36.6,Flávio,Flávio,Flávio,-1980.05,-1545.86,-0.21,-0.33,-166.13
5007703,Sete Quedas,MS,Centro-Oeste,Norte/Centro-Oeste,,7773,26.03,31.65,-3.61,28.04,31.9,Flávio,Flávio,Flávio,-2416.93,-1991.74,-0.21,-0.42,-163.23
5004403,Inocência,MS,Centro-Oeste,Norte/Centro-Oeste,,7251,35.44,35.75,-3.61,32.14,35.99,Flávio,Flávio,Flávio,-1584.09,-1242.84,-0.21,-0.34,-152.27
5007802,Selvíria,MS,Centro-Oeste,Norte/Centro-Oeste,,7236,27.57,49.38,-3.61,45.77,48.98,Flávio,Flávio,Flávio,-414.7,-99.72,-0.21,-0.08,-151.96
5007950,Tacuru,MS,Centro-Oeste,Norte/Centro-Oeste,,7003,33.41,60.5,-3.61,56.89,59.82,Lula,Lula,Lula,612.58,873.14,-0.21,0.13,-147.06
5001508,Bandeirantes,MS,Centro-Oeste,Norte/Centro-Oeste,,6799,25.67,37.89,-3.61,34.28,38.05,Flávio,Flávio,Flávio,-1515.13,-1151.82,-0.21,-0.3,-142.78
5004809,Japorã,MS,Centro-Oeste,Norte/Centro-Oeste,,6581,23.22,69.27,-3.61,65.66,68.63,Lula,Lula,Lula,1514.3,1801.26,-0.21,0.3,-138.2
5002159,Bodoquena,MS,Centro-Oeste,Norte/Centro-Oeste,,6487,23.99,43.02,-3.61,39.41,42.92,Flávio,Flávio,Flávio,-1002.91,-669.78,-0.21,-0.2,-136.23
5000807,Anaurilândia,MS,Centro-Oeste,Norte/Centro-Oeste,,6297,24.14,44.65,-3.61,41.04,44.47,Flávio,Flávio,Flávio,-817.34,-504.86,-0.21,-0.17,-132.24
5004908,Jaraguari,MS,Centro-Oeste,Norte/Centro-Oeste,,6048,25.43,45.82,-3.61,42.21,45.56,Flávio,Flávio,Flávio,-672.82,-383.84,-0.21,-0.15,-127.01
5006408,Pedro Gomes,MS,Centro-Oeste,Norte/Centro-Oeste,,6048,23.76,41.57,-3.61,37.96,41.55,Flávio,Flávio,Flávio,-1065.82,-747.8,-0.21,-0.23,-127.01
5008404,Vicentina,MS,Centro-Oeste,Norte/Centro-Oeste,,5998,19.69,50.83,-3.61,47.22,50.38,Lula,Flávio,Lula,-256.59,34.78,-0.21,-0.05,-125.96
5005152,Juti,MS,Centro-Oeste,Norte/Centro-Oeste,,5982,27.67,46.03,-3.61,42.42,45.89,Flávio,Flávio,Flávio,-634.16,-343.58,-0.21,-0.14,-125.62
5007554,Santa Rita Do Pardo,MS,Centro-Oeste,Norte/Centro-Oeste,,5541,33.75,37.16,-3.61,33.55,37.38,Flávio,Flávio,Flávio,-1143.98,-877.56,-0.21,-0.31,-116.36
5005251,Laguna Carapã,MS,Centro-Oeste,Norte/Centro-Oeste,,5465,21.77,33.74,-3.61,30.13,33.95,Flávio,Flávio,Flávio,-1648.27,-1330.98,-0.21,-0.38,-114.76
5007505,Rochedo,MS,Centro-Oeste,Norte/Centro-Oeste,,4984,25.66,36.64,-3.61,33.03,36.86,Flávio,Flávio,Flávio,-1197.45,-927.36,-0.21,-0.32,-104.66
5003504,Douradina,MS,Centro-Oeste,Norte/Centro-Oeste,,4920,16.04,35.14,-3.61,31.53,35.32,Flávio,Flávio,Flávio,-1471.92,-1169.84,-0.21,-0.35,-103.32
5002803,Caracol,MS,Centro-Oeste,Norte/Centro-Oeste,,4723,23.02,35.92,-3.61,32.31,36.06,Flávio,Flávio,Flávio,-1256.67,-990.36,-0.21,-0.34,-99.18
5003108,Corguinho,MS,Centro-Oeste,Norte/Centro-Oeste,,4479,25.14,42.38,-3.61,38.77,42.31,Flávio,Flávio,Flávio,-719.42,-492.68,-0.21,-0.21,-94.06
5005103,Jateí,MS,Centro-Oeste,Norte/Centro-Oeste,,4340,22.42,42.88,-3.61,39.27,42.83,Flávio,Flávio,Flávio,-703.06,-469.68,-0.21,-0.2,-91.14
5006275,Paraíso Das Águas,MS,Centro-Oeste,Norte/Centro-Oeste,,4335,26.67,23.73,-3.61,20.12,24.32,Flávio,Flávio,Flávio,-1827.27,-1570.62,-0.21,-0.57,-91.04
5007307,Rio Negro,MS,Centro-Oeste,Norte/Centro-Oeste,,4176,22.22,40.64,-3.61,37.03,40.65,Flávio,Flávio,Flávio,-807.05,-581.56,-0.21,-0.25,-87.7
5007976,Taquarussu,MS,Centro-Oeste,Norte/Centro-Oeste,,3942,25.27,49.43,-3.61,45.82,49.2,Flávio,Flávio,Flávio,-240.32,-46.14,-0.21,-0.08,-82.78
5000252,Alcinópolis,MS,Centro-Oeste,Norte/Centro-Oeste,,3809,23.47,41.97,-3.61,38.36,41.91,Flávio,Flávio,Flávio,-648.36,-450.76,-0.21,-0.22,-79.99
5006259,Novo Horizonte Do Sul,MS,Centro-Oeste,Norte/Centro-Oeste,,3610,20.89,44.94,-3.61,41.33,44.78,Flávio,Flávio,Flávio,-473.57,-285.16,-0.21,-0.16,-75.81
5003900,Figueirão,MS,Centro-Oeste,Norte/Centro-Oeste,,2805,23.28,40.76,-3.61,37.15,40.78,Flávio,Flávio,Flávio,-528.35,-379.3,-0.21,-0.24,-58.9
5103403,Cuiabá,MT,Centro-Oeste,Norte/Centro-Oeste,,456517,18.23,37.13,-3.61,33.52,37.38,Flávio,Flávio,Flávio,-117044.1,-89598.08,-0.21,-0.31,-9586.86
5108402,Várzea Grande,MT,Centro-Oeste,Norte/Centro-Oeste,,194985,19.62,39.27,-3.61,35.66,39.37,Flávio,Flávio,Flávio,-42834.2,-31758.08,-0.21,-0.27,-4094.68
5107602,Rondonópolis,MT,Centro-Oeste,Norte/Centro-Oeste,,177622,22.91,30.7,-3.61,27.09,31.23,Flávio,Flávio,Flávio,-59902.86,-49068.66,-0.21,-0.44,-3730.06
5107909,Sinop,MT,Centro-Oeste,Norte/Centro-Oeste,,127167,22.67,19.25,-3.61,15.64,20.12,Flávio,Flávio,Flávio,-65336.88,-56815.78,-0.21,-0.65,-2670.51
5107925,Sorriso,MT,Centro-Oeste,Norte/Centro-Oeste,,76028,21.46,21.19,-3.61,17.58,21.9,Flávio,Flávio,Flávio,-37525.74,-32530.46,-0.21,-0.62,-1596.59
5107958,Tangará Da Serra,MT,Centro-Oeste,Norte/Centro-Oeste,,70136,22.65,23.68,-3.61,20.07,24.44,Flávio,Flávio,Flávio,-31192.15,-26637.78,-0.21,-0.57,-1472.86
5102504,Cáceres,MT,Centro-Oeste,Norte/Centro-Oeste,,62205,23.97,44.34,-3.61,40.73,44.18,Flávio,Flávio,Flávio,-8394.64,-5266.7,-0.21,-0.18,-1306.3
5107040,Primavera Do Leste,MT,Centro-Oeste,Norte/Centro-Oeste,,57120,22.43,20.03,-3.61,16.42,20.89,Flávio,Flávio,Flávio,-28695.89,-24879.62,-0.21,-0.64,-1199.52
5105259,Lucas Do Rio Verde,MT,Centro-Oeste,Norte/Centro-Oeste,,54792,22.55,21.95,-3.61,18.34,22.69,Flávio,Flávio,Flávio,-25928.89,-22362.14,-0.21,-0.6,-1150.63
5101803,Barra Do Garças,MT,Centro-Oeste,Norte/Centro-Oeste,,47123,23.31,35.8,-3.61,32.19,36.08,Flávio,Flávio,Flávio,-12324.07,-9632.2,-0.21,-0.34,-989.58
5100250,Alta Floresta,MT,Centro-Oeste,Norte/Centro-Oeste,,43203,23.03,24.81,-3.61,21.2,25.38,Flávio,Flávio,Flávio,-18478.0,-15795.72,-0.21,-0.55,-907.26
5106224,Nova Mutum,MT,Centro-Oeste,Norte/Centro-Oeste,,37953,21.07,20.46,-3.61,16.85,21.31,Flávio,Flávio,Flávio,-19150.5,-16576.22,-0.21,-0.63,-797.01
5106752,Pontes E Lacerda,MT,Centro-Oeste,Norte/Centro-Oeste,,34620,25.3,19.19,-3.61,15.58,19.98,Flávio,Flávio,Flávio,-17111.99,-14920.24,-0.21,-0.65,-727.02
5105150,Juína,MT,Centro-Oeste,Norte/Centro-Oeste,,34218,26.76,25.31,-3.61,21.7,25.86,Flávio,Flávio,Flávio,-13602.89,-11604.36,-0.21,-0.54,-718.58
5102678,Campo Verde,MT,Centro-Oeste,Norte/Centro-Oeste,,33977,22.42,25.6,-3.61,21.99,26.3,Flávio,Flávio,Flávio,-14215.18,-12029.66,-0.21,-0.53,-713.52
5102637,Campo Novo Do Parecis,MT,Centro-Oeste,Norte/Centro-Oeste,,31126,23.64,25.05,-3.61,21.44,25.63,Flávio,Flávio,Flávio,-13092.25,-11168.92,-0.21,-0.54,-653.65
5103353,Confresa,MT,Centro-Oeste,Norte/Centro-Oeste,,26068,23.49,22.93,-3.61,19.32,23.58,Flávio,Flávio,Flávio,-11820.36,-10181.78,-0.21,-0.58,-547.43
5106505,Poconé,MT,Centro-Oeste,Norte/Centro-Oeste,,25545,23.86,58.41,-3.61,54.8,57.81,Lula,Lula,Lula,1790.34,2912.22,-0.21,0.09,-536.44
5105101,Juara,MT,Centro-Oeste,Norte/Centro-Oeste,,25464,24.21,20.71,-3.61,17.1,21.37,Flávio,Flávio,Flávio,-12207.67,-10623.22,-0.21,-0.63,-534.74
5106422,Peixoto De Azevedo,MT,Centro-Oeste,Norte/Centro-Oeste,,23802,25.72,33.6,-3.61,29.99,33.87,Flávio,Flávio,Flávio,-6810.53,-5488.7,-0.21,-0.38,-499.84
5103205,Colíder,MT,Centro-Oeste,Norte/Centro-Oeste,,23598,22.07,16.3,-3.61,12.69,17.19,Flávio,Flávio,Flávio,-13230.81,-11633.94,-0.21,-0.71,-495.56
5104104,Guarantã Do Norte,MT,Centro-Oeste,Norte/Centro-Oeste,,22729,22.43,16.17,-3.61,12.56,16.81,Flávio,Flávio,Flávio,-12812.04,-11357.96,-0.21,-0.71,-477.31
5101704,Barra Do Bugres,MT,Centro-Oeste,Norte/Centro-Oeste,,22360,21.73,44.34,-3.61,40.73,44.2,Flávio,Flávio,Flávio,-3094.62,-1936.8,-0.21,-0.18,-469.56
5100201,Água Boa,MT,Centro-Oeste,Norte/Centro-Oeste,,21159,23.85,17.01,-3.61,13.4,17.91,Flávio,Flávio,Flávio,-11401.59,-9994.56,-0.21,-0.7,-444.34
5104807,Jaciara,MT,Centro-Oeste,Norte/Centro-Oeste,,20547,22.2,27.66,-3.61,24.05,28.22,Flávio,Flávio,Flávio,-7955.95,-6675.62,-0.21,-0.49,-431.49
5107875,Sapezal,MT,Centro-Oeste,Norte/Centro-Oeste,,20539,26.75,25.15,-3.61,21.54,25.71,Flávio,Flávio,Flávio,-8258.41,-7048.7,-0.21,-0.54,-431.32
5105622,Mirassol D'Oeste,MT,Centro-Oeste,Norte/Centro-Oeste,,19682,21.87,26.9,-3.61,23.29,27.44,Flávio,Flávio,Flávio,-7810.63,-6596.66,-0.21,-0.51,-413.32
5103254,Colniza,MT,Centro-Oeste,Norte/Centro-Oeste,,19479,27.15,20.16,-3.61,16.55,20.81,Flávio,Flávio,Flávio,-9173.25,-8006.16,-0.21,-0.64,-409.06
5107065,Querência,MT,Centro-Oeste,Norte/Centro-Oeste,,18997,25.0,22.31,-3.61,18.7,22.91,Flávio,Flávio,Flávio,-8676.15,-7508.22,-0.21,-0.59,-398.94
5103007,Chapada Dos Guimarães,MT,Centro-Oeste,Norte/Centro-Oeste,,17941,22.65,46.84,-3.61,43.23,46.59,Flávio,Flávio,Flávio,-1802.41,-907.76,-0.21,-0.13,-376.76
5102702,Canarana,MT,Centro-Oeste,Norte/Centro-Oeste,,17766,23.31,18.2,-3.61,14.59,18.87,Flávio,Flávio,Flávio,-9381.39,-8246.28,-0.21,-0.67,-373.09
5107800,Santo Antônio Do Leverger,MT,Centro-Oeste,Norte/Centro-Oeste,,17145,20.03,50.21,-3.61,46.6,49.82,Lula,Flávio,Flávio,-896.64,-46.42,-0.21,-0.06,-360.04
5101407,Aripuanã,MT,Centro-Oeste,Norte/Centro-Oeste,,17103,31.19,19.95,-3.61,16.34,20.67,Flávio,Flávio,Flávio,-7656.14,-6671.58,-0.21,-0.64,-359.16
5106307,Paranatinga,MT,Centro-Oeste,Norte/Centro-Oeste,,16917,25.4,26.09,-3.61,22.48,26.56,Flávio,Flávio,Flávio,-6724.78,-5727.3,-0.21,-0.52,-355.26
5103502,Diamantino,MT,Centro-Oeste,Norte/Centro-Oeste,,16562,23.75,31.18,-3.61,27.57,31.51,Flávio,Flávio,Flávio,-5460.25,-4501.22,-0.21,-0.43,-347.8
5106257,Nova Xavantina,MT,Centro-Oeste,Norte/Centro-Oeste,,16249,25.91,25.81,-3.61,22.2,26.41,Flávio,Flávio,Flávio,-6430.9,-5456.9,-0.21,-0.53,-341.23
5105606,Matupá,MT,Centro-Oeste,Norte/Centro-Oeste,,15134,23.19,19.33,-3.61,15.72,19.98,Flávio,Flávio,Flávio,-7734.52,-6772.18,-0.21,-0.65,-317.81
5107008,Poxoréu,MT,Centro-Oeste,Norte/Centro-Oeste,S1#66,14509,25.56,41.26,-3.61,37.65,41.25,Flávio,Flávio,Flávio,-2543.86,-1802.6,-0.21,-0.23,-304.69
5106372,Pedra Preta,MT,Centro-Oeste,Norte/Centro-Oeste,,14477,23.77,37.38,-3.61,33.77,37.54,Flávio,Flávio,Flávio,-3407.83,-2615.72,-0.21,-0.31,-304.02
5103304,Comodoro,MT,Centro-Oeste,Norte/Centro-Oeste,,14317,26.67,28.07,-3.61,24.46,28.49,Flávio,Flávio,Flávio,-5139.87,-4328.66,-0.21,-0.49,-300.66
5108600,Vila Rica,MT,Centro-Oeste,Norte/Centro-Oeste,,13846,25.5,22.97,-3.61,19.36,23.52,Flávio,Flávio,Flávio,-6089.98,-5262.6,-0.21,-0.58,-290.77
5106109,Nossa Senhora Do Livramento,MT,Centro-Oeste,Norte/Centro-Oeste,,13537,17.79,63.59,-3.61,59.98,62.75,Lula,Lula,Lula,2128.97,2719.6,-0.21,0.19,-284.28
5107701,Rosário Oeste,MT,Centro-Oeste,Norte/Centro-Oeste,S1#51,13155,22.58,44.88,-3.61,41.27,44.76,Flávio,Flávio,Flávio,-1706.04,-1023.34,-0.21,-0.17,-276.26
5107107,São José Dos Quatro Marcos,MT,Centro-Oeste,Norte/Centro-Oeste,,13117,21.83,27.76,-3.61,24.15,28.14,Flávio,Flávio,Flávio,-5062.48,-4281.26,-0.21,-0.49,-275.46
5106232,Nova Olímpia,MT,Centro-Oeste,Norte/Centro-Oeste,S1#98,12967,21.49,46.58,-3.61,42.97,46.35,Flávio,Flávio,Flávio,-1355.58,-704.24,-0.21,-0.13,-272.31
5101902,Brasnorte,MT,Centro-Oeste,Norte/Centro-Oeste,,12659,27.28,24.28,-3.61,20.67,24.69,Flávio,Flávio,Flávio,-5223.41,-4506.62,-0.21,-0.56,-265.84
5105903,Nobres,MT,Centro-Oeste,Norte/Centro-Oeste,,12502,20.55,28.54,-3.61,24.93,28.95,Flávio,Flávio,Flávio,-4788.48,-4021.0,-0.21,-0.48,-262.54
5101258,Araputanga,MT,Centro-Oeste,Norte/Centro-Oeste,,11533,21.81,24.07,-3.61,20.46,24.67,Flávio,Flávio,Flávio,-5102.07,-4374.88,-0.21,-0.56,-242.19
5100300,Alto Araguaia,MT,Centro-Oeste,Norte/Centro-Oeste,,11527,23.48,31.44,-3.61,27.83,32.0,Flávio,Flávio,Flávio,-3709.1,-3012.08,-0.21,-0.42,-242.07
5102603,Campinápolis,MT,Centro-Oeste,Norte/Centro-Oeste,,11507,27.2,56.22,-3.61,52.61,55.84,Lula,Lula,Lula,424.06,950.02,-0.21,0.05,-241.65
5107305,São José Do Rio Claro,MT,Centro-Oeste,Norte/Centro-Oeste,,11217,21.17,20.95,-3.61,17.34,21.47,Flávio,Flávio,Flávio,-5574.27,-4868.9,-0.21,-0.62,-235.56
5105507,Vila Bela Da Santíssima Trindade,MT,Centro-Oeste,Norte/Centro-Oeste,,11198,25.72,35.94,-3.61,32.33,36.09,Flávio,Flávio,Flávio,-2831.54,-2228.1,-0.21,-0.34,-235.16
5106216,Nova Canaã Do Norte,MT,Centro-Oeste,Norte/Centro-Oeste,,10256,24.07,20.66,-3.61,17.05,21.24,Flávio,Flávio,Flávio,-4924.84,-4297.64,-0.21,-0.63,-215.38
5106158,Nova Bandeirantes,MT,Centro-Oeste,Norte/Centro-Oeste,,10127,25.26,15.59,-3.61,11.98,16.14,Flávio,Flávio,Flávio,-5579.15,-4970.0,-0.21,-0.72,-212.67
5108006,Tapurah,MT,Centro-Oeste,Norte/Centro-Oeste,,9694,21.17,18.67,-3.61,15.06,19.25,Flávio,Flávio,Flávio,-5193.23,-4570.58,-0.21,-0.66,-203.57
5105580,Marcelândia,MT,Centro-Oeste,Norte/Centro-Oeste,,9499,27.0,19.29,-3.61,15.68,19.68,Flávio,Flávio,Flávio,-4582.86,-4048.56,-0.21,-0.65,-199.48
5106299,Paranaíta,MT,Centro-Oeste,Norte/Centro-Oeste,,9406,22.94,24.04,-3.61,20.43,24.55,Flávio,Flávio,Flávio,-4132.68,-3557.38,-0.21,-0.56,-197.53
5104609,Itiquira,MT,Centro-Oeste,Norte/Centro-Oeste,,9345,25.35,33.24,-3.61,29.63,33.59,Flávio,Flávio,Flávio,-2710.84,-2183.32,-0.21,-0.39,-196.24
5108055,Terra Nova Do Norte,MT,Centro-Oeste,Norte/Centro-Oeste,,9125,23.61,28.98,-3.61,25.37,29.41,Flávio,Flávio,Flávio,-3303.45,-2761.26,-0.21,-0.47,-191.62
5100409,Alto Garças,MT,Centro-Oeste,Norte/Centro-Oeste,,8774,22.09,32.02,-3.61,28.41,32.35,Flávio,Flávio,Flávio,-2817.79,-2303.26,-0.21,-0.41,-184.25
5105200,Juscimeira,MT,Centro-Oeste,Norte/Centro-Oeste,,8751,17.91,36.36,-3.61,32.75,36.5,Flávio,Flávio,Flávio,-2386.02,-1866.34,-0.21,-0.33,-183.77
5103056,Cláudia,MT,Centro-Oeste,Norte/Centro-Oeste,,8579,20.06,20.95,-3.61,17.34,21.51,Flávio,Flávio,Flávio,-4331.27,-3778.9,-0.21,-0.62,-180.16
5107859,São Félix Do Araguaia,MT,Centro-Oeste,Norte/Centro-Oeste,,8490,30.18,34.79,-3.61,31.18,35.01,Flávio,Flávio,Flávio,-2150.41,-1713.72,-0.21,-0.36,-178.29
5102793,Carlinda,MT,Centro-Oeste,Norte/Centro-Oeste,,8400,25.35,35.77,-3.61,32.16,35.96,Flávio,Flávio,Flávio,-2140.68,-1683.74,-0.21,-0.34,-176.4
5104203,Guiratinga,MT,Centro-Oeste,Norte/Centro-Oeste,,8175,21.82,40.24,-3.61,36.63,40.28,Flávio,Flávio,Flávio,-1626.01,-1182.0,-0.21,-0.25,-171.68
5106828,Porto Esperidião,MT,Centro-Oeste,Norte/Centro-Oeste,,8053,26.19,37.07,-3.61,33.46,37.18,Flávio,Flávio,Flávio,-1883.77,-1460.44,-0.21,-0.31,-169.11
5107941,Tabaporã,MT,Centro-Oeste,Norte/Centro-Oeste,,8039,26.32,19.54,-3.61,15.93,20.13,Flávio,Flávio,Flávio,-3918.7,-3435.42,-0.21,-0.65,-168.82
5100607,Alto Taquari,MT,Centro-Oeste,Norte/Centro-Oeste,,7979,24.68,28.2,-3.61,24.59,28.76,Flávio,Flávio,Flávio,-2923.94,-2444.08,-0.21,-0.48,-167.56
5106778,Porto Alegre Do Norte,MT,Centro-Oeste,Norte/Centro-Oeste,,7904,23.52,31.53,-3.61,27.92,31.83,Flávio,Flávio,Flávio,-2572.29,-2116.9,-0.21,-0.42,-165.98
5101308,Arenápolis,MT,Centro-Oeste,Norte/Centro-Oeste,,7881,20.4,36.72,-3.61,33.11,36.9,Flávio,Flávio,Flávio,-2020.09,-1566.2,-0.21,-0.32,-165.5
5108501,Vera,MT,Centro-Oeste,Norte/Centro-Oeste,,7850,21.35,23.32,-3.61,19.71,23.93,Flávio,Flávio,Flávio,-3598.28,-3096.82,-0.21,-0.58,-164.85
5103379,Cotriguaçu,MT,Centro-Oeste,Norte/Centro-Oeste,,7706,22.51,25.5,-3.61,21.89,25.99,Flávio,Flávio,Flávio,-3230.97,-2759.62,-0.21,-0.53,-161.83
5105176,Juruena,MT,Centro-Oeste,Norte/Centro-Oeste,,7692,26.96,24.62,-3.61,21.01,25.09,Flávio,Flávio,Flávio,-3138.86,-2697.58,-0.21,-0.55,-161.53
5107180,Ribeirão Cascalheira,MT,Centro-Oeste,Norte/Centro-Oeste,,7618,23.63,27.24,-3.61,23.63,27.64,Flávio,Flávio,Flávio,-2956.21,-2506.98,-0.21,-0.5,-159.98
5106240,Nova Ubiratã,MT,Centro-Oeste,Norte/Centro-Oeste,,7592,25.61,22.35,-3.61,18.74,22.96,Flávio,Flávio,Flávio,-3430.33,-2967.2,-0.21,-0.59,-159.43
5104906,Jangada,MT,Centro-Oeste,Norte/Centro-Oeste,,7473,18.55,52.52,-3.61,48.91,52.12,Lula,Flávio,Lula,-127.35,247.9,-0.21,-0.02,-156.93
5100102,Acorizal,MT,Centro-Oeste,Norte/Centro-Oeste,,7353,17.24,49.22,-3.61,45.61,48.91,Flávio,Flávio,Flávio,-514.59,-127.62,-0.21,-0.08,-154.41
5103700,Feliz Natal,MT,Centro-Oeste,Norte/Centro-Oeste,,7181,24.76,28.28,-3.61,24.67,28.62,Flávio,Flávio,Flávio,-2666.69,-2251.06,-0.21,-0.48,-150.8
5105002,Jauru,MT,Centro-Oeste,Norte/Centro-Oeste,,7115,25.73,23.43,-3.61,19.82,23.95,Flávio,Flávio,Flávio,-3067.76,-2647.3,-0.21,-0.57,-149.42
5101605,Barão De Melgaço,MT,Centro-Oeste,Norte/Centro-Oeste,,6862,17.95,60.47,-3.61,56.86,59.74,Lula,Lula,Lula,745.03,1057.32,-0.21,0.13,-144.1
5103858,Gaúcha Do Norte,MT,Centro-Oeste,Norte/Centro-Oeste,,6795,25.75,31.57,-3.61,27.96,31.81,Flávio,Flávio,Flávio,-2162.82,-1784.68,-0.21,-0.42,-142.7
5102686,Campos De Júlio,MT,Centro-Oeste,Norte/Centro-Oeste,,6787,26.59,23.88,-3.61,20.27,24.4,Flávio,Flávio,Flávio,-2863.29,-2465.32,-0.21,-0.56,-142.53
5100805,Apiacás,MT,Centro-Oeste,Norte/Centro-Oeste,,6340,24.32,28.07,-3.61,24.46,28.42,Flávio,Flávio,Flávio,-2367.77,-2000.54,-0.21,-0.49,-133.14
5103601,Dom Aquino,MT,Centro-Oeste,Norte/Centro-Oeste,,6230,19.79,34.53,-3.61,30.92,34.81,Flávio,Flávio,Flávio,-1824.82,-1453.26,-0.21,-0.36,-130.83
5100508,Alto Paraguai,MT,Centro-Oeste,Norte/Centro-Oeste,,6195,23.12,55.37,-3.61,51.76,54.9,Lula,Lula,Lula,159.8,444.26,-0.21,0.03,-130.1
5106265,Novo Mundo,MT,Centro-Oeste,Norte/Centro-Oeste,,6075,24.95,24.05,-3.61,20.44,24.43,Flávio,Flávio,Flávio,-2623.16,-2268.92,-0.21,-0.56,-127.57
5108956,Nova Monte Verde,MT,Centro-Oeste,Norte/Centro-Oeste,,6036,21.8,23.77,-3.61,20.16,24.38,Flávio,Flávio,Flávio,-2711.07,-2327.12,-0.21,-0.57,-126.76
5102850,Castanheira,MT,Centro-Oeste,Norte/Centro-Oeste,,6035,24.28,27.79,-3.61,24.18,28.23,Flávio,Flávio,Flávio,-2254.67,-1901.62,-0.21,-0.49,-126.74
5104526,Ipiranga Do Norte,MT,Centro-Oeste,Norte/Centro-Oeste,,5997,20.39,23.19,-3.61,19.58,23.81,Flávio,Flávio,Flávio,-2833.43,-2439.84,-0.21,-0.58,-125.94
5103452,Denise,MT,Centro-Oeste,Norte/Centro-Oeste,,5710,18.65,41.05,-3.61,37.44,41.05,Flávio,Flávio,Flávio,-1111.46,-792.04,-0.21,-0.24,-119.91
5101852,Bom Jesus Do Araguaia,MT,Centro-Oeste,Norte/Centro-Oeste,,5661,26.51,30.56,-3.61,26.95,31.08,Flávio,Flávio,Flávio,-1842.62,-1512.56,-0.21,-0.44,-118.88
5106281,Novo São Joaquim,MT,Centro-Oeste,Norte/Centro-Oeste,,5505,24.6,27.02,-3.61,23.41,27.56,Flávio,Flávio,Flávio,-2120.16,-1788.86,-0.21,-0.51,-115.6
5103106,Cocalinho,MT,Centro-Oeste,Norte/Centro-Oeste,,5454,30.38,34.4,-3.61,30.79,34.81,Flávio,Flávio,Flávio,-1393.47,-1102.04,-0.21,-0.36,-114.53
5107776,Santa Terezinha,MT,Centro-Oeste,Norte/Centro-Oeste,,5358,26.86,47.0,-3.61,43.39,46.77,Flávio,Flávio,Flávio,-495.24,-242.04,-0.21,-0.13,-112.52
5106653,Pontal Do Araguaia,MT,Centro-Oeste,Norte/Centro-Oeste,,5354,18.96,36.07,-3.61,32.46,36.38,Flávio,Flávio,Flávio,-1457.43,-1132.36,-0.21,-0.33,-112.43
5107354,São José Do Xingu,MT,Centro-Oeste,Norte/Centro-Oeste,,5340,30.88,33.46,-3.61,29.85,33.69,Flávio,Flávio,Flávio,-1432.81,-1159.6,-0.21,-0.38,-112.14
5104542,Itanhangá,MT,Centro-Oeste,Norte/Centro-Oeste,,5239,20.84,15.48,-3.61,11.87,15.94,Flávio,Flávio,Flávio,-3097.87,-2767.88,-0.21,-0.72,-110.02
5106182,Nova Lacerda,MT,Centro-Oeste,Norte/Centro-Oeste,,4972,30.45,30.76,-3.61,27.15,31.19,Flávio,Flávio,Flávio,-1515.25,-1247.64,-0.21,-0.43,-104.41
5106000,Nortelândia,MT,Centro-Oeste,Norte/Centro-Oeste,,4871,20.22,48.05,-3.61,44.44,47.69,Flávio,Flávio,Flávio,-405.96,-169.02,-0.21,-0.11,-102.29
5103908,General Carneiro,MT,Centro-Oeste,Norte/Centro-Oeste,,4719,27.38,45.25,-3.61,41.64,45.09,Flávio,Flávio,Flávio,-552.73,-324.54,-0.21,-0.16,-99.1
5108907,Nova Maringá,MT,Centro-Oeste,Norte/Centro-Oeste,,4626,27.65,23.35,-3.61,19.74,23.71,Flávio,Flávio,Flávio,-1959.74,-1702.76,-0.21,-0.57,-97.15
5106802,Porto Dos Gaúchos,MT,Centro-Oeste,Norte/Centro-Oeste,,4455,22.99,19.86,-3.61,16.25,20.46,Flávio,Flávio,Flávio,-2239.41,-1959.94,-0.21,-0.64,-93.56
5103437,Curvelândia,MT,Centro-Oeste,Norte/Centro-Oeste,,4408,18.76,33.45,-3.61,29.84,33.7,Flávio,Flávio,Flávio,-1387.12,-1121.44,-0.21,-0.38,-92.57
5104559,Itaúba,MT,Centro-Oeste,Norte/Centro-Oeste,,4349,24.4,22.56,-3.61,18.95,23.07,Flávio,Flávio,Flávio,-1970.47,-1708.82,-0.21,-0.59,-91.33
5101837,Boa Esperança Do Norte,MT,Centro-Oeste,Norte/Centro-Oeste,,4326,24.99,25.41,-3.61,21.8,26.11,Flávio,Flávio,Flávio,-1776.18,-1504.48,-0.21,-0.54,-90.85
5105234,Lambari D'Oeste,MT,Centro-Oeste,Norte/Centro-Oeste,,4215,21.02,42.57,-3.61,38.96,42.5,Flávio,Flávio,Flávio,-699.92,-475.1,-0.21,-0.21,-88.52
5107248,Santa Carmem,MT,Centro-Oeste,Norte/Centro-Oeste,,4178,17.26,18.91,-3.61,15.3,19.63,Flávio,Flávio,Flávio,-2321.42,-2031.6,-0.21,-0.66,-87.74
5102694,Canabrava Do Norte,MT,Centro-Oeste,Norte/Centro-Oeste,,4167,27.62,26.38,-3.61,22.77,26.84,Flávio,Flávio,Flávio,-1595.67,-1357.38,-0.21,-0.52,-87.51
5100359,Alto Boa Vista,MT,Centro-Oeste,Norte/Centro-Oeste,,4151,22.04,22.48,-3.61,18.87,23.1,Flávio,Flávio,Flávio,-1952.34,-1686.9,-0.21,-0.59,-87.17
5108808,Nova Guarita,MT,Centro-Oeste,Norte/Centro-Oeste,,4119,22.72,30.25,-3.61,26.64,30.57,Flávio,Flávio,Flávio,-1432.06,-1191.24,-0.21,-0.44,-86.5
5107206,Rio Branco,MT,Centro-Oeste,Norte/Centro-Oeste,,3897,21.71,37.41,-3.61,33.8,37.57,Flávio,Flávio,Flávio,-939.5,-720.66,-0.21,-0.31,-81.84
5107404,São Pedro Da Cipa,MT,Centro-Oeste,Norte/Centro-Oeste,,3891,19.84,41.13,-3.61,37.52,41.13,Flávio,Flávio,Flávio,-755.38,-537.0,-0.21,-0.24,-81.71
5106208,Nova Brasilândia,MT,Centro-Oeste,Norte/Centro-Oeste,,3832,22.08,44.65,-3.61,41.04,44.47,Flávio,Flávio,Flávio,-510.96,-315.34,-0.21,-0.17,-80.47
5108204,Torixoréu,MT,Centro-Oeste,Norte/Centro-Oeste,,3727,19.72,38.86,-3.61,35.25,38.97,Flávio,Flávio,Flávio,-845.87,-632.46,-0.21,-0.28,-78.27
5108303,União Do Sul,MT,Centro-Oeste,Norte/Centro-Oeste,,3630,26.14,25.69,-3.61,22.08,25.96,Flávio,Flávio,Flávio,-1467.05,-1263.26,-0.21,-0.53,-76.23
5106174,Nova Nazaré,MT,Centro-Oeste,Norte/Centro-Oeste,,3521,31.7,45.91,-3.61,42.3,45.72,Flávio,Flávio,Flávio,-352.67,-195.96,-0.21,-0.15,-73.94
5103361,Conquista D'Oeste,MT,Centro-Oeste,Norte/Centro-Oeste,,3426,28.84,23.54,-3.61,19.93,24.05,Flávio,Flávio,Flávio,-1418.62,-1224.32,-0.21,-0.57,-71.95
5106190,Nova Santa Helena,MT,Centro-Oeste,Norte/Centro-Oeste,,3384,23.49,24.29,-3.61,20.68,24.8,Flávio,Flávio,Flávio,-1462.34,-1256.72,-0.21,-0.56,-71.06
5106851,Porto Estrela,MT,Centro-Oeste,Norte/Centro-Oeste,,3328,19.92,57.93,-3.61,54.32,57.48,Lula,Lula,Lula,221.01,382.82,-0.21,0.08,-69.89
5106273,Novo Horizonte Do Norte,MT,Centro-Oeste,Norte/Centro-Oeste,,3305,21.21,26.7,-3.61,23.09,27.23,Flávio,Flávio,Flávio,-1356.19,-1147.66,-0.21,-0.51,-69.4
5101001,Araguaiana,MT,Centro-Oeste,Norte/Centro-Oeste,,3259,25.01,39.6,-3.61,35.99,39.7,Flávio,Flávio,Flávio,-648.88,-476.8,-0.21,-0.27,-68.44
5106455,Planalto Da Serra,MT,Centro-Oeste,Norte/Centro-Oeste,,3110,24.24,44.41,-3.61,40.8,44.25,Flávio,Flávio,Flávio,-414.18,-258.76,-0.21,-0.17,-65.31
5107578,Rondolândia,MT,Centro-Oeste,Norte/Centro-Oeste,,3084,25.49,39.94,-3.61,36.33,39.96,Flávio,Flávio,Flávio,-606.09,-444.78,-0.21,-0.26,-64.76
5107750,Salto Do Céu,MT,Centro-Oeste,Norte/Centro-Oeste,,3076,21.72,30.28,-3.61,26.67,30.57,Flávio,Flávio,Flávio,-1077.28,-897.2,-0.21,-0.44,-64.6
5108857,Nova Marilândia,MT,Centro-Oeste,Norte/Centro-Oeste,,3030,23.66,35.26,-3.61,31.65,35.44,Flávio,Flávio,Flávio,-815.86,-647.02,-0.21,-0.35,-63.63
5107297,São José Do Povo,MT,Centro-Oeste,Norte/Centro-Oeste,,3000,20.8,39.46,-3.61,35.85,39.53,Flávio,Flávio,Flávio,-640.23,-473.62,-0.21,-0.27,-63.0
5103809,Figueirópolis D'Oeste,MT,Centro-Oeste,Norte/Centro-Oeste,,2866,18.88,19.14,-3.61,15.53,19.71,Flávio,Flávio,Flávio,-1539.3,-1352.5,-0.21,-0.66,-60.19
5108105,Tesouro,MT,Centro-Oeste,Norte/Centro-Oeste,,2759,23.85,46.19,-3.61,42.58,45.93,Flávio,Flávio,Flávio,-297.68,-163.48,-0.21,-0.14,-57.94
5107792,Santo Antônio Do Leste,MT,Centro-Oeste,Norte/Centro-Oeste,,2731,25.74,35.13,-3.61,31.52,35.33,Flávio,Flávio,Flávio,-720.04,-571.32,-0.21,-0.35,-57.35
5108352,Vale De São Domingos,MT,Centro-Oeste,Norte/Centro-Oeste,,2721,21.13,20.49,-3.61,16.88,20.98,Flávio,Flávio,Flávio,-1373.75,-1203.82,-0.21,-0.63,-57.14
5103957,Glória D'Oeste,MT,Centro-Oeste,Norte/Centro-Oeste,,2685,20.56,27.76,-3.61,24.15,28.13,Flávio,Flávio,Flávio,-1065.86,-901.5,-0.21,-0.49,-56.38
5107263,Santo Afonso,MT,Centro-Oeste,Norte/Centro-Oeste,,2661,22.1,34.26,-3.61,30.65,34.55,Flávio,Flávio,Flávio,-768.99,-614.12,-0.21,-0.37,-55.88
5107768,Santa Rita Do Trivelato,MT,Centro-Oeste,Norte/Centro-Oeste,,2606,22.22,25.82,-3.61,22.21,26.61,Flávio,Flávio,Flávio,-1084.99,-913.2,-0.21,-0.53,-54.73
5107198,Ribeirãozinho,MT,Centro-Oeste,Norte/Centro-Oeste,,2466,19.75,39.89,-3.61,36.28,39.96,Flávio,Flávio,Flávio,-519.19,-379.84,-0.21,-0.26,-51.79
5105309,Luciara,MT,Centro-Oeste,Norte/Centro-Oeste,,2406,21.53,42.38,-3.61,38.77,42.33,Flávio,Flávio,Flávio,-410.45,-280.2,-0.21,-0.21,-50.53
5107743,Santa Cruz Do Xingu,MT,Centro-Oeste,Norte/Centro-Oeste,,2268,27.2,23.95,-3.61,20.34,24.49,Flávio,Flávio,Flávio,-946.63,-814.1,-0.21,-0.56,-47.63
5106315,Novo Santo Antônio,MT,Centro-Oeste,Norte/Centro-Oeste,,2039,29.38,28.36,-3.61,24.75,28.9,Flávio,Flávio,Flávio,-699.68,-584.64,-0.21,-0.48,-42.82
5106703,Ponte Branca,MT,Centro-Oeste,Norte/Centro-Oeste,,2037,24.01,50.87,-3.61,47.26,50.34,Lula,Flávio,Lula,-80.2,10.0,-0.21,-0.05,-42.78
5104500,Indiavaí,MT,Centro-Oeste,Norte/Centro-Oeste,,2028,18.0,33.01,-3.61,29.4,33.29,Flávio,Flávio,Flávio,-657.58,-533.22,-0.21,-0.39,-42.59
5107156,Reserva Do Cabaçal,MT,Centro-Oeste,Norte/Centro-Oeste,,1838,20.29,39.22,-3.61,35.61,39.3,Flávio,Flávio,Flávio,-402.19,-299.06,-0.21,-0.27,-38.6
5107883,Serra Nova Dourada,MT,Centro-Oeste,Norte/Centro-Oeste,,1725,31.42,24.48,-3.61,20.87,25.03,Flávio,Flávio,Flávio,-667.19,-571.86,-0.21,-0.55,-36.22
5101209,Araguainha,MT,Centro-Oeste,Norte/Centro-Oeste,,1233,21.9,44.54,-3.61,40.93,44.43,Flávio,Flávio,Flávio,-168.21,-103.32,-0.21,-0.17,-25.89
1501402,Belém,PA,Norte,Norte/Centro-Oeste,,1048781,17.38,52.32,-3.61,48.71,51.58,Lula,Flávio,Lula,-20902.95,25635.06,-0.21,-0.02,-22024.4
1500800,Ananindeua,PA,Norte,Norte/Centro-Oeste,,358249,16.98,49.35,-3.61,45.74,48.76,Flávio,Flávio,Flávio,-23717.68,-6898.08,-0.21,-0.08,-7523.23
1506807,Santarém,PA,Norte,Norte/Centro-Oeste,,253605,18.81,42.04,-3.61,38.43,41.99,Flávio,Flávio,Flávio,-45360.46,-31403.58,-0.21,-0.22,-5325.7
1505536,Parauapebas,PA,Norte,Norte/Centro-Oeste,,201342,22.12,36.66,-3.61,33.05,36.9,Flávio,Flávio,Flávio,-50549.55,-39069.26,-0.21,-0.32,-4228.18
1504208,Marabá,PA,Norte,Norte/Centro-Oeste,,179940,19.04,42.46,-3.61,38.85,42.4,Flávio,Flávio,Flávio,-30907.17,-21068.28,-0.21,-0.21,-3778.74
1502400,Castanhal,PA,Norte,Norte/Centro-Oeste,,143934,16.37,45.84,-3.61,42.23,45.55,Flávio,Flávio,Flávio,-17693.57,-10132.52,-0.21,-0.15,-3022.61
1500107,Abaetetuba,PA,Norte,Norte/Centro-Oeste,,123890,14.18,74.93,-3.61,71.32,73.88,Lula,Lula,Lula,43492.55,48699.36,-0.21,0.41,-2601.69
1502103,Cametá,PA,Norte,Norte/Centro-Oeste,,106190,13.09,77.67,-3.61,74.06,76.85,Lula,Lula,Lula,42711.12,47663.14,-0.21,0.46,-2229.99
1501303,Barcarena,PA,Norte,Norte/Centro-Oeste,,102889,18.64,63.47,-3.61,59.86,62.2,Lula,Lula,Lula,15566.44,19257.8,-0.21,0.19,-2160.67
1501709,Bragança,PA,Norte,Norte/Centro-Oeste,,94963,19.46,61.09,-3.61,57.48,60.03,Lula,Lula,Lula,10834.41,14522.04,-0.21,0.14,-1994.22
1504422,Marituba,PA,Norte,Norte/Centro-Oeste,,90873,17.4,53.84,-3.61,50.23,53.03,Lula,Lula,Lula,320.57,4276.62,-0.21,0.0,-1908.33
1500602,Altamira,PA,Norte,Norte/Centro-Oeste,,86743,22.23,33.24,-3.61,29.63,33.56,Flávio,Flávio,Flávio,-26106.13,-21065.4,-0.21,-0.39,-1821.6
1503606,Itaituba,PA,Norte,Norte/Centro-Oeste,,85347,25.43,27.75,-3.61,24.14,28.21,Flávio,Flávio,Flávio,-31370.17,-26432.0,-0.21,-0.49,-1792.29
1501808,Breves,PA,Norte,Norte/Centro-Oeste,,77288,19.91,63.2,-3.61,59.59,62.44,Lula,Lula,Lula,11266.1,14616.64,-0.21,0.18,-1623.05
1505502,Paragominas,PA,Norte,Norte/Centro-Oeste,,76388,20.65,37.65,-3.61,34.04,37.78,Flávio,Flávio,Flávio,-18478.92,-14152.66,-0.21,-0.3,-1604.15
1502152,Canaã Dos Carajás,PA,Norte,Norte/Centro-Oeste,,73378,25.01,33.2,-3.61,29.59,33.57,Flávio,Flávio,Flávio,-21509.89,-17315.9,-0.21,-0.39,-1540.94
1508100,Tucuruí,PA,Norte,Norte/Centro-Oeste,,73025,23.33,52.68,-3.61,49.07,52.14,Lula,Flávio,Lula,-992.94,2280.2,-0.21,-0.02,-1533.52
1506138,Redenção,PA,Norte,Norte/Centro-Oeste,,62358,19.74,25.22,-3.61,21.61,25.77,Flávio,Flávio,Flávio,-27331.46,-23332.22,-0.21,-0.54,-1309.52
1504703,Moju,PA,Norte,Norte/Centro-Oeste,,56811,16.86,68.91,-3.61,65.3,67.91,Lula,Lula,Lula,13766.5,16118.04,-0.21,0.29,-1193.03
1507953,Tailândia,PA,Norte,Norte/Centro-Oeste,S1#8,55596,21.05,42.07,-3.61,38.46,42.03,Flávio,Flávio,Flávio,-9553.27,-6600.2,-0.21,-0.22,-1167.52
1502202,Capanema,PA,Norte,Norte/Centro-Oeste,,54759,17.7,58.18,-3.61,54.57,57.38,Lula,Lula,Lula,3885.75,6284.62,-0.21,0.09,-1149.94
1503309,Igarapé-Miri,PA,Norte,Norte/Centro-Oeste,,53657,14.35,65.07,-3.61,61.46,64.26,Lula,Lula,Lula,10041.64,12493.98,-0.21,0.22,-1126.8
1508001,Tomé-Açu,PA,Norte,Norte/Centro-Oeste,S2#26,52852,21.8,54.8,-3.61,51.19,54.27,Lula,Lula,Lula,928.83,3336.18,-0.21,0.02,-1109.89
1504802,Monte Alegre,PA,Norte,Norte/Centro-Oeste,,52563,18.27,46.43,-3.61,42.82,46.26,Flávio,Flávio,Flávio,-5927.18,-3082.98,-0.21,-0.14,-1103.82
1505304,Oriximiná,PA,Norte,Norte/Centro-Oeste,,50827,22.88,51.26,-3.61,47.65,50.93,Lula,Flávio,Lula,-1764.54,693.44,-0.21,-0.04,-1067.37
1501501,Benevides,PA,Norte,Norte/Centro-Oeste,,49269,16.06,53.76,-3.61,50.15,53.15,Lula,Lula,Lula,114.43,2452.38,-0.21,0.0,-1034.65
1506500,Santa Izabel Do Pará,PA,Norte,Norte/Centro-Oeste,,49185,15.59,52.78,-3.61,49.17,52.27,Lula,Flávio,Lula,-648.0,1778.78,-0.21,-0.02,-1032.88
1500206,Acará,PA,Norte,Norte/Centro-Oeste,,48817,16.3,68.21,-3.61,64.6,67.35,Lula,Lula,Lula,11346.95,13477.4,-0.21,0.28,-1025.16
1505064,Novo Repartimento,PA,Norte,Norte/Centro-Oeste,,45702,21.37,37.66,-3.61,34.05,37.76,Flávio,Flávio,Flávio,-10960.84,-8407.32,-0.21,-0.3,-959.74
1500404,Alenquer,PA,Norte,Norte/Centro-Oeste,S3#73,45624,18.85,46.78,-3.61,43.17,46.6,Flávio,Flávio,Flávio,-4850.38,-2414.04,-0.21,-0.13,-958.1
1508308,Viseu,PA,Norte,Norte/Centro-Oeste,,43477,19.64,78.7,-3.61,75.09,77.83,Lula,Lula,Lula,16661.44,18478.96,-0.21,0.48,-913.02
1507300,São Félix Do Xingu,PA,Norte,Norte/Centro-Oeste,,43015,23.43,24.57,-3.61,20.96,25.11,Flávio,Flávio,Flávio,-18365.47,-15741.78,-0.21,-0.55,-903.32
1502301,Capitão Poço,PA,Norte,Norte/Centro-Oeste,,42609,16.11,61.04,-3.61,57.43,60.34,Lula,Lula,Lula,5045.67,7023.06,-0.21,0.14,-894.79
1507607,São Miguel Do Guamá,PA,Norte,Norte/Centro-Oeste,,42257,16.53,64.24,-3.61,60.63,63.2,Lula,Lula,Lula,7116.11,8840.18,-0.21,0.2,-887.4
1505809,Portel,PA,Norte,Norte/Centro-Oeste,S2#38,41746,23.26,63.81,-3.61,60.2,63.26,Lula,Lula,Lula,6172.1,8019.42,-0.21,0.19,-876.67
1505106,Óbidos,PA,Norte,Norte/Centro-Oeste,,39920,18.7,67.27,-3.61,63.66,66.37,Lula,Lula,Lula,8490.55,10177.46,-0.21,0.26,-838.32
1508209,Vigia,PA,Norte,Norte/Centro-Oeste,,39656,19.79,67.62,-3.61,64.01,66.38,Lula,Lula,Lula,8432.53,9859.14,-0.21,0.27,-832.78
1500909,Augusto Corrêa,PA,Norte,Norte/Centro-Oeste,,39219,19.31,71.3,-3.61,67.69,70.09,Lula,Lula,Lula,10494.53,11915.36,-0.21,0.34,-823.6
1503903,Juruti,PA,Norte,Norte/Centro-Oeste,,39112,18.74,59.87,-3.61,56.26,59.32,Lula,Lula,Lula,3838.04,5714.98,-0.21,0.12,-821.35
1506203,Salinópolis,PA,Norte,Norte/Centro-Oeste,,38078,18.89,61.43,-3.61,57.82,60.53,Lula,Lula,Lula,4586.59,6175.6,-0.21,0.15,-799.64
1502905,Curuçá,PA,Norte,Norte/Centro-Oeste,,36832,20.54,72.35,-3.61,68.74,71.39,Lula,Lula,Lula,10371.37,11837.68,-0.21,0.36,-773.47
1508407,Xinguara,PA,Norte,Norte/Centro-Oeste,,35427,21.49,30.96,-3.61,27.35,31.35,Flávio,Flávio,Flávio,-12017.42,-9895.38,-0.21,-0.43,-743.97
1502707,Conceição Do Araguaia,PA,Norte,Norte/Centro-Oeste,,33537,25.19,39.3,-3.61,35.69,39.37,Flávio,Flávio,Flávio,-6775.87,-5031.58,-0.21,-0.27,-704.28
1503705,Itupiranga,PA,Norte,Norte/Centro-Oeste,S2#78,32730,22.1,52.92,-3.61,49.31,52.54,Lula,Flávio,Lula,-339.5,1240.12,-0.21,-0.01,-687.33
1501782,Breu Branco,PA,Norte,Norte/Centro-Oeste,S2#65,32173,24.29,53.09,-3.61,49.48,52.69,Lula,Flávio,Lula,-241.51,1242.8,-0.21,-0.01,-675.63
1508159,Uruará,PA,Norte,Norte/Centro-Oeste,,31993,21.13,20.21,-3.61,16.6,20.77,Flávio,Flávio,Flávio,-16124.07,-14109.32,-0.21,-0.63,-671.85
1503200,Igarapé-Açu,PA,Norte,Norte/Centro-Oeste,,31175,15.63,69.65,-3.61,66.04,68.71,Lula,Lula,Lula,7955.94,9279.84,-0.21,0.3,-654.67
1503804,Jacundá,PA,Norte,Norte/Centro-Oeste,S1#62,30585,19.83,48.57,-3.61,44.96,48.29,Flávio,Flávio,Flávio,-2334.17,-792.84,-0.21,-0.1,-642.28
1504901,Muaná,PA,Norte,Norte/Centro-Oeste,,30413,18.37,76.59,-3.61,72.98,75.69,Lula,Lula,Lula,10860.86,12142.9,-0.21,0.44,-638.67
1502939,Dom Eliseu,PA,Norte,Norte/Centro-Oeste,S1#44 S3#6,30137,19.96,44.8,-3.61,41.19,44.68,Flávio,Flávio,Flávio,-4077.44,-2462.28,-0.21,-0.17,-632.88
1500305,Afuá,PA,Norte,Norte/Centro-Oeste,,29760,21.7,66.8,-3.61,63.19,65.8,Lula,Lula,Lula,5805.44,6950.72,-0.21,0.25,-624.96
1505486,Pacajá,PA,Norte,Norte/Centro-Oeste,,29481,22.04,28.96,-3.61,25.35,29.29,Flávio,Flávio,Flávio,-10863.38,-9123.74,-0.21,-0.47,-619.1
1504604,Mocajuba,PA,Norte,Norte/Centro-Oeste,,29081,16.88,73.76,-3.61,70.15,72.8,Lula,Lula,Lula,9336.46,10563.92,-0.21,0.38,-610.7
1508084,Tucumã,PA,Norte,Norte/Centro-Oeste,,28014,25.45,26.16,-3.61,22.55,26.76,Flávio,Flávio,Flávio,-11026.59,-9337.92,-0.21,-0.52,-588.29
1504307,Maracanã,PA,Norte,Norte/Centro-Oeste,,27798,17.4,68.19,-3.61,64.58,67.33,Lula,Lula,Lula,6422.2,7633.84,-0.21,0.28,-583.76
1501204,Baião,PA,Norte,Norte/Centro-Oeste,,27595,16.77,72.02,-3.61,68.41,71.3,Lula,Lula,Lula,8090.11,9360.44,-0.21,0.35,-579.5
1506005,Prainha,PA,Norte,Norte/Centro-Oeste,,27386,19.58,51.81,-3.61,48.2,51.62,Lula,Flávio,Lula,-763.04,683.8,-0.21,-0.03,-575.11
1506187,Rondon Do Pará,PA,Norte,Norte/Centro-Oeste,,26999,22.18,39.96,-3.61,36.35,39.99,Flávio,Flávio,Flávio,-5449.7,-3996.98,-0.21,-0.26,-566.98
1503507,Irituia,PA,Norte,Norte/Centro-Oeste,,26388,16.34,71.83,-3.61,68.22,70.68,Lula,Lula,Lula,7684.63,8722.74,-0.21,0.35,-554.15
1507003,Santo Antônio Do Tauá,PA,Norte,Norte/Centro-Oeste,,26159,15.18,62.47,-3.61,58.86,61.57,Lula,Lula,Lula,3732.26,4873.52,-0.21,0.17,-549.34
1502806,Curralinho,PA,Norte,Norte/Centro-Oeste,,25964,17.37,79.07,-3.61,75.46,78.28,Lula,Lula,Lula,10454.3,11611.28,-0.21,0.48,-545.24
1505437,Ourilândia Do Norte,PA,Norte,Norte/Centro-Oeste,,25886,24.75,33.59,-3.61,29.98,33.85,Flávio,Flávio,Flávio,-7496.74,-6045.84,-0.21,-0.38,-543.61
1508035,Tracuateua,PA,Norte,Norte/Centro-Oeste,,25730,18.71,77.31,-3.61,73.7,76.39,Lula,Lula,Lula,9438.28,10508.0,-0.21,0.45,-540.33
1505205,Oeiras Do Pará,PA,Norte,Norte/Centro-Oeste,,25487,15.96,79.89,-3.61,76.28,79.05,Lula,Lula,Lula,10756.6,11893.18,-0.21,0.5,-535.23
1504059,Mãe Do Rio,PA,Norte,Norte/Centro-Oeste,,25345,17.63,50.82,-3.61,47.21,50.49,Lula,Flávio,Lula,-1103.52,193.58,-0.21,-0.05,-532.24
1504406,Marapanim,PA,Norte,Norte/Centro-Oeste,,25293,17.81,67.19,-3.61,63.58,66.38,Lula,Lula,Lula,5384.49,6497.66,-0.21,0.26,-531.15
1500859,Anapu,PA,Norte,Norte/Centro-Oeste,,25278,24.33,26.68,-3.61,23.07,27.02,Flávio,Flávio,Flávio,-9872.29,-8421.66,-0.21,-0.51,-530.84
1506708,Santana Do Araguaia,PA,Norte,Norte/Centro-Oeste,,25280,25.51,29.65,-3.61,26.04,29.96,Flávio,Flávio,Flávio,-8623.91,-7214.08,-0.21,-0.46,-530.88
1507201,São Domingos Do Capim,PA,Norte,Norte/Centro-Oeste,,25155,17.68,73.58,-3.61,69.97,72.54,Lula,Lula,Lula,7852.1,8862.3,-0.21,0.38,-528.26
1505031,Novo Progresso,PA,Norte,Norte/Centro-Oeste,,24783,27.01,13.74,-3.61,10.13,14.27,Flávio,Flávio,Flávio,-13949.53,-12501.76,-0.21,-0.76,-520.44
1503457,Ipixuna Do Pará,PA,Norte,Norte/Centro-Oeste,,24689,21.65,61.32,-3.61,57.71,60.72,Lula,Lula,Lula,2804.7,3900.54,-0.21,0.15,-518.47
1503101,Gurupá,PA,Norte,Norte/Centro-Oeste,,24520,15.76,70.09,-3.61,66.48,69.47,Lula,Lula,Lula,6542.18,7729.12,-0.21,0.31,-514.92
1504752,Mojuí Dos Campos,PA,Norte,Norte/Centro-Oeste,,24248,20.95,32.5,-3.61,28.89,32.78,Flávio,Flávio,Flávio,-7719.56,-6294.6,-0.21,-0.4,-509.21
1502756,Concórdia Do Pará,PA,Norte,Norte/Centro-Oeste,,24113,16.32,59.05,-3.61,55.44,58.66,Lula,Lula,Lula,2102.29,3345.96,-0.21,0.1,-506.37
1507706,São Sebastião Da Boa Vista,PA,Norte,Norte/Centro-Oeste,,23902,18.41,75.83,-3.61,72.22,74.91,Lula,Lula,Lula,8307.87,9315.8,-0.21,0.42,-501.94
1500503,Almeirim,PA,Norte,Norte/Centro-Oeste,,23890,25.17,66.71,-3.61,63.1,66.02,Lula,Lula,Lula,4474.36,5473.1,-0.21,0.25,-501.69
1505908,Porto De Moz,PA,Norte,Norte/Centro-Oeste,,23709,21.67,56.31,-3.61,52.7,55.89,Lula,Lula,Lula,963.86,2104.64,-0.21,0.05,-497.89
1505700,Ponta De Pedras,PA,Norte,Norte/Centro-Oeste,,23302,20.52,76.51,-3.61,72.9,75.46,Lula,Lula,Lula,8040.26,8938.76,-0.21,0.44,-489.34
1504000,Limoeiro Do Ajuru,PA,Norte,Norte/Centro-Oeste,,22959,14.76,75.97,-3.61,72.36,75.2,Lula,Lula,Lula,8371.43,9434.94,-0.21,0.42,-482.14
1507904,Soure,PA,Norte,Norte/Centro-Oeste,,22800,20.4,76.99,-3.61,73.38,75.97,Lula,Lula,Lula,8072.56,8968.5,-0.21,0.44,-478.8
1500701,Anajás,PA,Norte,Norte/Centro-Oeste,,22636,20.87,53.14,-3.61,49.53,52.45,Lula,Flávio,Lula,-157.84,821.36,-0.21,-0.01,-475.36
1503077,Garrafão Do Norte,PA,Norte,Norte/Centro-Oeste,,22326,18.74,65.44,-3.61,61.83,64.57,Lula,Lula,Lula,4020.88,4950.8,-0.21,0.22,-468.85
1506609,Santa Maria Do Pará,PA,Norte,Norte/Centro-Oeste,,22313,17.6,51.52,-3.61,47.91,51.1,Lula,Flávio,Lula,-723.19,379.74,-0.21,-0.04,-468.57
1501907,Bujaru,PA,Norte,Norte/Centro-Oeste,,21846,13.49,70.15,-3.61,66.54,69.33,Lula,Lula,Lula,5989.84,7000.44,-0.21,0.31,-458.77
1503093,Goianésia Do Pará,PA,Norte,Norte/Centro-Oeste,,21405,21.32,50.53,-3.61,46.92,50.21,Lula,Flávio,Lula,-989.22,65.98,-0.21,-0.06,-449.5
1504455,Medicilândia,PA,Norte,Norte/Centro-Oeste,,20484,20.03,25.17,-3.61,21.56,25.69,Flávio,Flávio,Flávio,-8897.71,-7604.68,-0.21,-0.54,-430.16
1506302,Salvaterra,PA,Norte,Norte/Centro-Oeste,,20320,18.3,73.31,-3.61,69.7,72.3,Lula,Lula,Lula,6172.35,6985.66,-0.21,0.37,-426.72
1502954,Eldorado Dos Carajás,PA,Norte,Norte/Centro-Oeste,,20306,19.95,45.99,-3.61,42.38,45.84,Flávio,Flávio,Flávio,-2358.2,-1289.2,-0.21,-0.14,-426.43
1506195,Rurópolis,PA,Norte,Norte/Centro-Oeste,,20247,21.19,26.71,-3.61,23.1,27.16,Flávio,Flávio,Flávio,-8203.33,-6965.68,-0.21,-0.51,-425.19
1508126,Ulianópolis,PA,Norte,Norte/Centro-Oeste,S1#72 S3#7,20159,20.23,43.49,-3.61,39.88,43.42,Flávio,Flávio,Flávio,-3120.32,-2029.74,-0.21,-0.19,-423.34
1504505,Melgaço,PA,Norte,Norte/Centro-Oeste,,19565,21.76,65.11,-3.61,61.5,64.52,Lula,Lula,Lula,3345.89,4225.3,-0.21,0.22,-410.86
1507458,São Geraldo Do Araguaia,PA,Norte,Norte/Centro-Oeste,,19494,19.9,38.98,-3.61,35.37,39.04,Flávio,Flávio,Flávio,-4368.23,-3270.96,-0.21,-0.28,-409.37
1502004,Cachoeira Do Arari,PA,Norte,Norte/Centro-Oeste,,18975,19.65,79.05,-3.61,75.44,78.29,Lula,Lula,Lula,7393.54,8220.64,-0.21,0.48,-398.48
1507474,São João De Pirabas,PA,Norte,Norte/Centro-Oeste,,18795,20.81,70.84,-3.61,67.23,69.92,Lula,Lula,Lula,4874.99,5635.6,-0.21,0.33,-394.7
1506559,Santa Luzia Do Pará,PA,Norte,Norte/Centro-Oeste,,18518,19.3,68.66,-3.61,65.05,67.9,Lula,Lula,Lula,4231.16,5032.56,-0.21,0.29,-388.88
1506351,Santa Bárbara Do Pará,PA,Norte,Norte/Centro-Oeste,,18358,18.06,57.67,-3.61,54.06,56.97,Lula,Lula,Lula,1156.07,1981.5,-0.21,0.08,-385.52
1500958,Aurora Do Pará,PA,Norte,Norte/Centro-Oeste,,18265,19.8,66.79,-3.61,63.18,66.06,Lula,Lula,Lula,3646.38,4443.72,-0.21,0.25,-383.56
1501451,Belterra,PA,Norte,Norte/Centro-Oeste,S1#90 S3#8,17778,19.27,45.64,-3.61,42.03,45.47,Flávio,Flávio,Flávio,-2183.89,-1240.9,-0.21,-0.15,-373.34
1502772,Curionópolis,PA,Norte,Norte/Centro-Oeste,,17009,23.11,39.78,-3.61,36.17,39.83,Flávio,Flávio,Flávio,-3431.87,-2524.98,-0.21,-0.26,-357.19
1501725,Brasil Novo,PA,Norte,Norte/Centro-Oeste,,16697,19.29,27.23,-3.61,23.62,27.59,Flávio,Flávio,Flávio,-6823.64,-5796.04,-0.21,-0.5,-350.64
1501105,Bagre,PA,Norte,Norte/Centro-Oeste,,16607,20.76,76.79,-3.61,73.18,76.02,Lula,Lula,Lula,5817.89,6529.14,-0.21,0.44,-348.75
1505403,Ourém,PA,Norte,Norte/Centro-Oeste,,16525,17.82,72.14,-3.61,68.53,71.09,Lula,Lula,Lula,4756.73,5414.44,-0.21,0.35,-347.02
1508357,Vitória Do Xingu,PA,Norte,Norte/Centro-Oeste,S1#87 S3#76,16489,20.27,42.22,-3.61,38.61,42.18,Flávio,Flávio,Flávio,-2865.37,-1967.18,-0.21,-0.22,-346.27
1502509,Chaves,PA,Norte,Norte/Centro-Oeste,,15966,28.05,68.23,-3.61,64.62,67.39,Lula,Lula,Lula,3138.38,3733.78,-0.21,0.28,-335.29
1507409,São Francisco Do Pará,PA,Norte,Norte/Centro-Oeste,,15923,14.28,59.87,-3.61,56.26,59.26,Lula,Lula,Lula,1621.73,2398.68,-0.21,0.12,-334.38
1507102,São Caetano De Odivelas,PA,Norte,Norte/Centro-Oeste,,15886,16.6,73.13,-3.61,69.52,71.72,Lula,Lula,Lula,4907.28,5462.44,-0.21,0.37,-333.61
1504950,Nova Esperança Do Piriá,PA,Norte,Norte/Centro-Oeste,S1#81,15528,19.65,49.8,-3.61,46.19,49.57,Flávio,Flávio,Flávio,-896.86,-100.44,-0.21,-0.07,-326.09
1507979,Terra Santa,PA,Norte,Norte/Centro-Oeste,,15511,20.79,50.4,-3.61,46.79,50.0,Lula,Flávio,Flávio,-755.52,-0.28,-0.21,-0.06,-325.73
1507151,São Domingos Do Araguaia,PA,Norte,Norte/Centro-Oeste,,15405,20.49,51.37,-3.61,47.76,51.09,Lula,Flávio,Lula,-522.51,255.72,-0.21,-0.04,-323.5
1507805,Senador José Porfírio,PA,Norte,Norte/Centro-Oeste,S1#3,14884,23.5,36.51,-3.61,32.9,36.63,Flávio,Flávio,Flávio,-3724.0,-2911.36,-0.21,-0.32,-312.56
1505650,Placas,PA,Norte,Norte/Centro-Oeste,,14807,19.41,24.94,-3.61,21.33,25.35,Flávio,Flávio,Flávio,-6547.37,-5630.52,-0.21,-0.54,-310.95
1501956,Cachoeira Do Piriá,PA,Norte,Norte/Centro-Oeste,,14421,18.93,66.7,-3.61,63.09,65.97,Lula,Lula,Lula,2905.52,3544.16,-0.21,0.25,-302.84
1506161,Rio Maria,PA,Norte,Norte/Centro-Oeste,,13846,22.58,34.32,-3.61,30.71,34.57,Flávio,Flávio,Flávio,-3944.49,-3154.44,-0.21,-0.37,-290.77
1503754,Jacareacanga,PA,Norte,Norte/Centro-Oeste,,13777,25.77,49.23,-3.61,45.62,49.11,Flávio,Flávio,Flávio,-847.25,-171.22,-0.21,-0.08,-289.32
1503044,Floresta Do Araguaia,PA,Norte,Norte/Centro-Oeste,,13756,21.21,40.8,-3.61,37.19,40.81,Flávio,Flávio,Flávio,-2646.06,-1898.98,-0.21,-0.24,-288.88
1506583,Santa Maria Das Barreiras,PA,Norte,Norte/Centro-Oeste,,13340,24.6,29.45,-3.61,25.84,29.8,Flávio,Flávio,Flávio,-4655.69,-3891.34,-0.21,-0.46,-280.14
1507508,São João Do Araguaia,PA,Norte,Norte/Centro-Oeste,,13212,22.42,55.97,-3.61,52.36,55.61,Lula,Lula,Lula,462.04,1096.02,-0.21,0.04,-277.45
1501600,Bonito,PA,Norte,Norte/Centro-Oeste,,12897,17.65,67.13,-3.61,63.52,66.17,Lula,Lula,Lula,2697.27,3226.2,-0.21,0.26,-270.84
1502608,Colares,PA,Norte,Norte/Centro-Oeste,,12702,17.78,74.32,-3.61,70.71,73.17,Lula,Lula,Lula,4114.56,4602.12,-0.21,0.39,-266.74
1507961,Terra Alta,PA,Norte,Norte/Centro-Oeste,,12581,21.22,64.65,-3.61,61.04,63.91,Lula,Lula,Lula,2086.52,2628.8,-0.21,0.21,-264.2
1501576,Bom Jesus Do Tocantins,PA,Norte,Norte/Centro-Oeste,,12477,22.81,49.09,-3.61,45.48,48.84,Flávio,Flávio,Flávio,-828.63,-213.5,-0.21,-0.09,-262.02
1508050,Trairão,PA,Norte,Norte/Centro-Oeste,,12441,26.16,21.63,-3.61,18.02,22.2,Flávio,Flávio,Flávio,-5633.09,-4895.9,-0.21,-0.61,-261.26
1505007,Nova Timboteua,PA,Norte,Norte/Centro-Oeste,,11967,17.45,69.04,-3.61,65.43,68.06,Lula,Lula,Lula,2852.72,3339.04,-0.21,0.29,-251.31
1501006,Aveiro,PA,Norte,Norte/Centro-Oeste,,11870,23.4,52.66,-3.61,49.05,52.38,Lula,Flávio,Lula,-165.72,416.5,-0.21,-0.02,-249.27
1504976,Nova Ipixuna,PA,Norte,Norte/Centro-Oeste,,11487,20.28,47.62,-3.61,44.01,47.35,Flávio,Flávio,Flávio,-1036.46,-457.46,-0.21,-0.11,-241.23
1502855,Curuá,PA,Norte,Norte/Centro-Oeste,,11427,16.05,74.42,-3.61,70.81,73.44,Lula,Lula,Lula,3842.06,4327.28,-0.21,0.4,-239.97
1506104,Primavera,PA,Norte,Norte/Centro-Oeste,,11339,23.16,73.08,-3.61,69.47,71.9,Lula,Lula,Lula,3207.0,3607.68,-0.21,0.37,-238.12
1500347,Água Azul Do Norte,PA,Norte,Norte/Centro-Oeste,,10878,23.12,31.4,-3.61,27.79,31.75,Flávio,Flávio,Flávio,-3572.77,-2935.64,-0.21,-0.42,-228.44
1506112,Quatipuru,PA,Norte,Norte/Centro-Oeste,,10484,25.75,73.96,-3.61,70.35,72.73,Lula,Lula,Lula,3018.71,3372.44,-0.21,0.39,-220.16
1505601,Peixe-Boi,PA,Norte,Norte/Centro-Oeste,,9487,17.08,66.32,-3.61,62.71,65.53,Lula,Lula,Lula,1892.38,2312.28,-0.21,0.24,-199.23
1505635,Piçarra,PA,Norte,Norte/Centro-Oeste,,9403,19.65,43.48,-3.61,39.87,43.42,Flávio,Flávio,Flávio,-1465.12,-952.16,-0.21,-0.19,-197.46
1503408,Inhangapi,PA,Norte,Norte/Centro-Oeste,,9354,14.53,60.77,-3.61,57.16,59.99,Lula,Lula,Lula,1086.65,1516.1,-0.21,0.14,-196.43
1504109,Magalhães Barata,PA,Norte,Norte/Centro-Oeste,,8796,18.49,68.56,-3.61,64.95,67.69,Lula,Lula,Lula,2061.84,2439.94,-0.21,0.28,-184.72
1505551,Pau D'Arco,PA,Norte,Norte/Centro-Oeste,,8655,22.76,38.81,-3.61,35.2,38.87,Flávio,Flávio,Flávio,-1896.62,-1425.58,-0.21,-0.28,-181.76
1502764,Cumaru Do Norte,PA,Norte,Norte/Centro-Oeste,,8216,25.75,33.3,-3.61,29.69,33.44,Flávio,Flávio,Flávio,-2396.66,-1954.18,-0.21,-0.39,-172.54
1503002,Faro,PA,Norte,Norte/Centro-Oeste,,7131,24.04,75.82,-3.61,72.21,75.07,Lula,Lula,Lula,2331.07,2631.84,-0.21,0.42,-149.75
1506401,Santa Cruz Do Arari,PA,Norte,Norte/Centro-Oeste,,7042,28.34,70.26,-3.61,66.65,69.88,Lula,Lula,Lula,1587.41,1896.08,-0.21,0.32,-147.88
1501758,Brejo Grande Do Araguaia,PA,Norte,Norte/Centro-Oeste,,6821,20.6,52.12,-3.61,48.51,51.86,Lula,Flávio,Lula,-155.37,193.86,-0.21,-0.03,-143.24
1506906,Santarém Novo,PA,Norte,Norte/Centro-Oeste,,6794,15.82,73.96,-3.61,70.35,73.14,Lula,Lula,Lula,2238.26,2545.5,-0.21,0.39,-142.67
1507466,São João Da Ponta,PA,Norte,Norte/Centro-Oeste,,6367,19.1,68.32,-3.61,64.71,67.26,Lula,Lula,Lula,1421.85,1668.26,-0.21,0.28,-133.71
1500131,Abel Figueiredo,PA,Norte,Norte/Centro-Oeste,,6010,23.44,51.18,-3.61,47.57,50.93,Lula,Flávio,Lula,-212.12,81.26,-0.21,-0.05,-126.21
1505494,Palestina Do Pará,PA,Norte,Norte/Centro-Oeste,,5862,21.14,51.41,-3.61,47.8,51.16,Lula,Flávio,Lula,-193.74,102.1,-0.21,-0.04,-123.1
1507755,Sapucaia,PA,Norte,Norte/Centro-Oeste,,5430,25.34,43.48,-3.61,39.87,43.41,Flávio,Flávio,Flávio,-775.69,-504.86,-0.21,-0.19,-114.03
1501253,Bannach,PA,Norte,Norte/Centro-Oeste,,3170,24.51,31.15,-3.61,27.54,31.51,Flávio,Flávio,Flávio,-1032.41,-849.98,-0.21,-0.43,-66.57
2507507,João Pessoa,PB,Nordeste,Nordeste,,591750,16.11,50.45,-3.85,46.6,49.87,Lula,Flávio,Flávio,-31442.51,-1223.54,0.26,-0.07,15385.5
2504009,Campina Grande,PB,Nordeste,Nordeste,,305258,13.71,52.15,-3.85,48.3,51.52,Lula,Flávio,Lula,-8215.13,7319.32,0.26,-0.03,7936.71
2513703,Santa Rita,PB,Nordeste,Nordeste,,103539,15.92,56.48,-3.85,52.63,55.73,Lula,Lula,Lula,4181.58,9105.9,0.26,0.05,2692.01
2501807,Bayeux,PB,Nordeste,Nordeste,,74369,15.13,50.47,-3.85,46.62,49.98,Lula,Flávio,Flávio,-3945.88,-22.86,0.26,-0.06,1933.59
2510808,Patos,PB,Nordeste,Nordeste,,67671,17.77,64.0,-3.85,60.15,62.88,Lula,Lula,Lula,10476.58,13300.6,0.26,0.19,1759.45
2503209,Cabedelo,PB,Nordeste,Nordeste,,54022,20.78,50.74,-3.85,46.89,50.18,Lula,Flávio,Lula,-2481.83,141.52,0.26,-0.06,1404.57
2516201,Sousa,PB,Nordeste,Nordeste,,48187,15.4,68.04,-3.85,64.19,66.79,Lula,Lula,Lula,10790.47,12768.3,0.26,0.27,1252.86
2503704,Cajazeiras,PB,Nordeste,Nordeste,,47827,16.64,79.01,-3.85,75.16,77.47,Lula,Lula,Lula,18749.56,20474.52,0.26,0.48,1243.5
2506301,Guarabira,PB,Nordeste,Nordeste,,43618,15.89,61.57,-3.85,57.72,60.52,Lula,Lula,Lula,5222.64,7118.18,0.26,0.15,1134.07
2515302,Sapé,PB,Nordeste,Nordeste,,38037,17.26,66.15,-3.85,62.3,65.24,Lula,Lula,Lula,7061.89,8748.96,0.26,0.24,988.96
2512507,Queimadas,PB,Nordeste,Nordeste,,36681,16.6,70.81,-3.85,66.96,69.66,Lula,Lula,Lula,9513.29,11028.82,0.26,0.33,953.71
2508901,Mamanguape,PB,Nordeste,Nordeste,,34604,18.34,62.39,-3.85,58.54,61.39,Lula,Lula,Lula,4395.25,5865.96,0.26,0.16,899.7
2513901,São Bento,PB,Nordeste,Nordeste,,29523,16.64,52.02,-3.85,48.17,51.42,Lula,Flávio,Lula,-837.77,647.9,0.26,-0.04,767.6
2504603,Conde,PB,Nordeste,Nordeste,,27248,20.47,59.76,-3.85,55.91,58.98,Lula,Lula,Lula,2361.19,3587.9,0.26,0.11,708.45
2509701,Monteiro,PB,Nordeste,Nordeste,,27191,17.81,76.74,-3.85,72.89,75.48,Lula,Lula,Lula,9476.25,10551.66,0.26,0.44,706.97
2506004,Esperança,PB,Nordeste,Nordeste,,26015,16.74,66.39,-3.85,62.54,65.18,Lula,Lula,Lula,4957.61,6000.46,0.26,0.24,676.39
2512101,Pombal,PB,Nordeste,Nordeste,,25859,18.62,65.47,-3.85,61.62,64.49,Lula,Lula,Lula,4565.53,5692.6,0.26,0.22,672.33
2511202,Pedras De Fogo,PB,Nordeste,Nordeste,,25239,17.94,65.65,-3.85,61.8,64.84,Lula,Lula,Lula,4526.29,5690.04,0.26,0.23,656.21
2500304,Alagoa Grande,PB,Nordeste,Nordeste,,23238,21.03,73.38,-3.85,69.53,72.35,Lula,Lula,Lula,6554.08,7498.68,0.26,0.38,604.19
2504306,Catolé Do Rocha,PB,Nordeste,Nordeste,,22557,16.57,73.6,-3.85,69.75,72.52,Lula,Lula,Lula,6992.01,7975.28,0.26,0.38,586.48
2516003,Solânea,PB,Nordeste,Nordeste,,22196,19.58,69.7,-3.85,65.85,68.5,Lula,Lula,Lula,5229.25,6101.54,0.26,0.3,577.1
2508307,Lagoa Seca,PB,Nordeste,Nordeste,,22056,14.95,61.95,-3.85,58.1,61.08,Lula,Lula,Lula,2747.21,3757.58,0.26,0.16,573.46
2500601,Alhandra,PB,Nordeste,Nordeste,,21079,18.68,57.55,-3.85,53.7,56.93,Lula,Lula,Lula,1165.57,2184.44,0.26,0.07,548.05
2506905,Itabaiana,PB,Nordeste,Nordeste,,19586,16.8,62.04,-3.85,58.19,61.22,Lula,Lula,Lula,2478.49,3397.86,0.26,0.16,509.24
2501500,Bananeiras,PB,Nordeste,Nordeste,,19361,20.39,73.74,-3.85,69.89,72.46,Lula,Lula,Lula,5619.96,6348.3,0.26,0.38,503.39
2501104,Areia,PB,Nordeste,Nordeste,,19068,18.59,78.8,-3.85,74.95,77.38,Lula,Lula,Lula,7053.13,7742.08,0.26,0.48,495.77
2512903,Rio Tinto,PB,Nordeste,Nordeste,,18838,15.09,67.16,-3.85,63.31,66.23,Lula,Lula,Lula,3941.13,4805.36,0.26,0.26,489.79
2509107,Mari,PB,Nordeste,Nordeste,,18460,15.55,70.31,-3.85,66.46,69.26,Lula,Lula,Lula,4725.04,5528.6,0.26,0.32,479.96
2507002,Itaporanga,PB,Nordeste,Nordeste,,17565,20.73,74.16,-3.85,70.31,72.8,Lula,Lula,Lula,5277.58,5925.52,0.26,0.39,456.69
2505105,Cuité,PB,Nordeste,Nordeste,,17388,19.94,79.34,-3.85,75.49,78.12,Lula,Lula,Lula,6573.56,7251.22,0.26,0.49,452.09
2503001,Caaporã,PB,Nordeste,Nordeste,,17081,17.05,66.72,-3.85,62.87,65.79,Lula,Lula,Lula,3380.89,4149.02,0.26,0.25,444.11
2512309,Princesa Isabel,PB,Nordeste,Nordeste,,16939,22.08,80.66,-3.85,76.81,79.26,Lula,Lula,Lula,6564.85,7163.02,0.26,0.51,440.41
2500403,Alagoa Nova,PB,Nordeste,Nordeste,,16592,19.76,75.72,-3.85,71.87,74.1,Lula,Lula,Lula,5261.16,5798.34,0.26,0.42,431.39
2504900,Cruz Do Espírito Santo,PB,Nordeste,Nordeste,,16431,15.51,68.93,-3.85,65.08,68.13,Lula,Lula,Lula,3787.73,4554.6,0.26,0.29,427.21
2501302,Aroeiras,PB,Nordeste,Nordeste,,16290,17.14,77.77,-3.85,73.92,76.37,Lula,Lula,Lula,5892.32,6497.0,0.26,0.46,423.54
2502508,Boqueirão,PB,Nordeste,Nordeste,,15970,15.65,66.85,-3.85,63.0,65.82,Lula,Lula,Lula,3253.45,3958.12,0.26,0.25,415.22
2506806,Ingá,PB,Nordeste,Nordeste,,15724,18.82,68.03,-3.85,64.18,67.25,Lula,Lula,Lula,3347.99,4072.68,0.26,0.27,408.82
2514503,São José De Piranhas,PB,Nordeste,Nordeste,,15561,19.1,81.75,-3.85,77.9,80.29,Lula,Lula,Lula,6554.79,7117.68,0.26,0.54,404.59
2512002,Pocinhos,PB,Nordeste,Nordeste,,15440,16.77,64.94,-3.85,61.09,63.9,Lula,Lula,Lula,2590.31,3245.58,0.26,0.21,401.44
2504405,Conceição,PB,Nordeste,Nordeste,,15357,21.17,75.76,-3.85,71.91,74.78,Lula,Lula,Lula,4915.96,5561.58,0.26,0.42,399.28
2512705,Remígio,PB,Nordeste,Nordeste,,15062,18.95,76.41,-3.85,72.56,75.11,Lula,Lula,Lula,5139.62,5720.96,0.26,0.43,391.61
2511400,Picuí,PB,Nordeste,Nordeste,,15036,16.68,70.26,-3.85,66.41,69.09,Lula,Lula,Lula,3803.1,4423.56,0.26,0.32,390.94
2501005,Araruna,PB,Nordeste,Nordeste,,14816,23.63,69.07,-3.85,65.22,68.2,Lula,Lula,Lula,3156.64,3775.46,0.26,0.29,385.22
2500700,São João Do Rio Do Peixe,PB,Nordeste,Nordeste,,14571,15.91,80.27,-3.85,76.42,78.98,Lula,Lula,Lula,5969.88,6547.08,0.26,0.51,378.85
2500809,Araçagi,PB,Nordeste,Nordeste,,14344,18.68,79.77,-3.85,75.92,78.57,Lula,Lula,Lula,5545.2,6113.92,0.26,0.5,372.94
2503506,Cacimba De Dentro,PB,Nordeste,Nordeste,,14334,22.56,71.71,-3.85,67.86,70.64,Lula,Lula,Lula,3601.27,4162.0,0.26,0.34,372.68
2507309,Jacaraú,PB,Nordeste,Nordeste,,14325,22.07,64.52,-3.85,60.67,63.46,Lula,Lula,Lula,2200.31,2775.42,0.26,0.2,372.45
2507101,Itapororoca,PB,Nordeste,Nordeste,,14182,16.39,72.3,-3.85,68.45,71.15,Lula,Lula,Lula,4057.33,4650.2,0.26,0.35,368.73
2516300,Sumé,PB,Nordeste,Nordeste,,14168,18.68,76.96,-3.85,73.11,75.93,Lula,Lula,Lula,5022.46,5635.0,0.26,0.44,368.37
2507705,Juazeirinho,PB,Nordeste,Nordeste,,14045,18.45,72.75,-3.85,68.9,71.95,Lula,Lula,Lula,3990.04,4632.98,0.26,0.36,365.17
2501906,Belém,PB,Nordeste,Nordeste,,13281,20.8,68.15,-3.85,64.3,67.28,Lula,Lula,Lula,2763.68,3337.86,0.26,0.27,345.31
2511905,Pitimbu,PB,Nordeste,Nordeste,,13151,20.54,67.43,-3.85,63.58,66.55,Lula,Lula,Lula,2664.49,3247.34,0.26,0.26,341.93
2516904,Uiraúna,PB,Nordeste,Nordeste,,13083,18.18,77.62,-3.85,73.77,76.2,Lula,Lula,Lula,4734.33,5218.7,0.26,0.46,340.16
2508604,Lucena,PB,Nordeste,Nordeste,,12879,18.2,65.37,-3.85,61.52,64.41,Lula,Lula,Lula,2249.59,2813.84,0.26,0.22,334.85
2512408,Puxinanã,PB,Nordeste,Nordeste,,12878,14.42,66.01,-3.85,62.16,64.72,Lula,Lula,Lula,2417.39,2925.6,0.26,0.23,334.83
2504801,Coremas,PB,Nordeste,Nordeste,,12873,21.61,70.49,-3.85,66.64,69.58,Lula,Lula,Lula,3109.14,3658.06,0.26,0.32,334.7
2511301,Piancó,PB,Nordeste,Nordeste,,12777,20.51,71.64,-3.85,67.79,70.51,Lula,Lula,Lula,3354.82,3868.84,0.26,0.34,332.2
2513406,Santa Luzia,PB,Nordeste,Nordeste,,12261,15.19,67.13,-3.85,63.28,65.94,Lula,Lula,Lula,2559.87,3072.04,0.26,0.26,318.79
2500502,Alagoinha,PB,Nordeste,Nordeste,,12228,18.44,79.85,-3.85,76.0,78.62,Lula,Lula,Lula,4805.51,5289.36,0.26,0.5,317.93
2509206,Massaranduba,PB,Nordeste,Nordeste,,12155,15.94,70.46,-3.85,66.61,69.4,Lula,Lula,Lula,3043.1,3554.92,0.26,0.32,316.03
2516706,Teixeira,PB,Nordeste,Nordeste,,12091,19.48,78.54,-3.85,74.69,77.59,Lula,Lula,Lula,4487.94,5014.56,0.26,0.47,314.37
2516607,Tavares,PB,Nordeste,Nordeste,,11897,23.93,85.82,-3.85,81.97,84.88,Lula,Lula,Lula,5395.95,5887.22,0.26,0.61,309.32
2516102,Soledade,PB,Nordeste,Nordeste,,11716,15.83,70.46,-3.85,66.61,69.37,Lula,Lula,Lula,3011.2,3511.8,0.26,0.32,304.62
2501609,Barra De Santa Rosa,PB,Nordeste,Nordeste,,11480,17.78,79.43,-3.85,75.58,78.27,Lula,Lula,Lula,4512.33,4987.26,0.26,0.49,298.48
2509404,Mogeiro,PB,Nordeste,Nordeste,,11482,17.26,67.6,-3.85,63.75,66.82,Lula,Lula,Lula,2405.04,2941.8,0.26,0.26,298.53
2506400,Gurinhém,PB,Nordeste,Nordeste,,11420,18.81,74.46,-3.85,70.61,73.41,Lula,Lula,Lula,3491.44,3966.4,0.26,0.4,296.92
2516508,Taperoá,PB,Nordeste,Nordeste,,11366,22.02,76.98,-3.85,73.13,75.97,Lula,Lula,Lula,3772.33,4235.98,0.26,0.44,295.52
2510907,Paulista,PB,Nordeste,Nordeste,,10996,17.67,68.73,-3.85,64.88,67.62,Lula,Lula,Lula,2514.51,2977.1,0.26,0.29,285.9
2515500,Serra Branca,PB,Nordeste,Nordeste,,10863,17.81,71.6,-3.85,67.75,70.59,Lula,Lula,Lula,2960.37,3434.72,0.26,0.34,282.44
2511509,Pilar,PB,Nordeste,Nordeste,,10756,15.19,67.02,-3.85,63.17,66.01,Lula,Lula,Lula,2209.84,2686.62,0.26,0.25,279.66
2502805,Brejo Do Cruz,PB,Nordeste,Nordeste,,10744,17.32,67.01,-3.85,63.16,66.04,Lula,Lula,Lula,2187.54,2666.28,0.26,0.25,279.34
2506103,Fagundes,PB,Nordeste,Nordeste,,10547,18.29,78.68,-3.85,74.83,77.31,Lula,Lula,Lula,3890.2,4278.9,0.26,0.48,274.22
2513109,Salgado De São Félix,PB,Nordeste,Nordeste,,10366,19.65,72.17,-3.85,68.32,71.1,Lula,Lula,Lula,2823.39,3251.4,0.26,0.35,269.52
2507903,Juripiranga,PB,Nordeste,Nordeste,,9829,17.57,68.56,-3.85,64.71,67.68,Lula,Lula,Lula,2179.15,2618.3,0.26,0.28,255.55
2500908,Arara,PB,Nordeste,Nordeste,,9325,21.5,75.56,-3.85,71.71,74.1,Lula,Lula,Lula,2910.94,3231.04,0.26,0.42,242.45
2505709,Dona Inês,PB,Nordeste,Nordeste,,9272,19.08,81.21,-3.85,77.36,80.06,Lula,Lula,Lula,3808.65,4185.44,0.26,0.53,241.07
2515401,São Vicente Do Seridó,PB,Nordeste,Nordeste,,9254,17.93,79.62,-3.85,75.77,78.15,Lula,Lula,Lula,3601.49,3934.26,0.26,0.49,240.6
2515104,São Sebastião De Lagoa De Roça,PB,Nordeste,Nordeste,,9171,18.09,69.49,-3.85,65.64,68.16,Lula,Lula,Lula,2111.4,2451.3,0.26,0.3,238.45
2507200,Itatuba,PB,Nordeste,Nordeste,,9118,16.18,70.52,-3.85,66.67,69.75,Lula,Lula,Lula,2335.56,2767.24,0.26,0.32,237.07
2506707,Imaculada,PB,Nordeste,Nordeste,,9116,21.74,82.19,-3.85,78.34,81.2,Lula,Lula,Lula,3783.94,4165.02,0.26,0.54,237.02
2509008,Manaíra,PB,Nordeste,Nordeste,,9110,21.13,85.66,-3.85,81.81,84.51,Lula,Lula,Lula,4197.65,4554.62,0.26,0.61,236.86
2509800,Mulungu,PB,Nordeste,Nordeste,,9094,15.08,74.31,-3.85,70.46,73.03,Lula,Lula,Lula,2917.2,3283.86,0.26,0.39,236.44
2509305,Mataraca,PB,Nordeste,Nordeste,,8714,21.77,67.51,-3.85,63.66,66.58,Lula,Lula,Lula,1712.4,2078.52,0.26,0.26,226.56
2512804,Riacho Dos Cavalos,PB,Nordeste,Nordeste,,8428,15.45,78.53,-3.85,74.68,77.61,Lula,Lula,Lula,3308.36,3700.32,0.26,0.47,219.13
2501401,Baía Da Traição,PB,Nordeste,Nordeste,,8424,19.28,79.35,-3.85,75.5,78.46,Lula,Lula,Lula,3272.78,3653.4,0.26,0.49,219.02
2500106,Água Branca,PB,Nordeste,Nordeste,,8397,20.42,81.42,-3.85,77.57,79.92,Lula,Lula,Lula,3428.4,3720.56,0.26,0.53,218.32
2510105,Nova Floresta,PB,Nordeste,Nordeste,,8307,19.83,73.52,-3.85,69.67,72.03,Lula,Lula,Lula,2416.48,2706.46,0.26,0.38,215.98
2511806,Pirpirituba,PB,Nordeste,Nordeste,,8201,17.02,72.97,-3.85,69.12,71.42,Lula,Lula,Lula,2409.2,2699.12,0.26,0.37,213.23
2508000,Juru,PB,Nordeste,Nordeste,,8201,22.3,82.09,-3.85,78.24,81.05,Lula,Lula,Lula,3363.51,3699.12,0.26,0.54,213.23
2516409,Tacima,PB,Nordeste,Nordeste,,8148,21.24,71.68,-3.85,67.83,70.69,Lula,Lula,Lula,2128.67,2469.14,0.26,0.34,211.85
2506251,Gado Bravo,PB,Nordeste,Nordeste,,8093,16.29,80.52,-3.85,76.67,79.14,Lula,Lula,Lula,3302.58,3608.08,0.26,0.51,210.42
2515971,Sobrado,PB,Nordeste,Nordeste,,8060,17.03,67.91,-3.85,64.06,67.1,Lula,Lula,Lula,1730.13,2103.54,0.26,0.27,209.56
2507606,Juarez Távora,PB,Nordeste,Nordeste,,7954,17.55,74.38,-3.85,70.53,73.48,Lula,Lula,Lula,2481.08,2837.74,0.26,0.39,206.8
2502409,Bonito De Santa Fé,PB,Nordeste,Nordeste,,7923,19.61,74.72,-3.85,70.87,73.77,Lula,Lula,Lula,2503.4,2851.76,0.26,0.4,206.0
2509057,Marcação,PB,Nordeste,Nordeste,,7913,18.53,79.6,-3.85,75.75,78.69,Lula,Lula,Lula,3088.36,3440.52,0.26,0.49,205.74
2503308,Cachoeira Dos Índios,PB,Nordeste,Nordeste,,7912,18.36,85.39,-3.85,81.54,83.78,Lula,Lula,Lula,3773.46,4040.94,0.26,0.61,205.71
2508208,Lagoa De Dentro,PB,Nordeste,Nordeste,,7869,24.07,71.52,-3.85,67.67,70.32,Lula,Lula,Lula,1961.53,2255.8,0.26,0.34,204.59
2501575,Barra De Santana,PB,Nordeste,Nordeste,,7793,16.34,72.73,-3.85,68.88,71.55,Lula,Lula,Lula,2255.19,2574.1,0.26,0.36,202.62
2517001,Umbuzeiro,PB,Nordeste,Nordeste,,7797,17.74,75.95,-3.85,72.1,74.66,Lula,Lula,Lula,2607.18,2908.8,0.26,0.42,202.72
2505402,Desterro,PB,Nordeste,Nordeste,,7716,20.1,75.19,-3.85,71.34,74.34,Lula,Lula,Lula,2471.01,2818.1,0.26,0.41,200.62
2505238,Cuité De Mamanguape,PB,Nordeste,Nordeste,,7662,20.31,75.51,-3.85,71.66,74.54,Lula,Lula,Lula,2410.59,2730.86,0.26,0.42,199.21
2516805,Triunfo,PB,Nordeste,Nordeste,,7597,18.49,85.49,-3.85,81.64,84.07,Lula,Lula,Lula,3706.29,3991.54,0.26,0.61,197.52
2510402,Olho D'Água,PB,Nordeste,Nordeste,,7440,22.93,75.02,-3.85,71.17,73.94,Lula,Lula,Lula,2216.44,2506.04,0.26,0.41,193.44
2504033,Capim,PB,Nordeste,Nordeste,,7251,21.73,71.27,-3.85,67.42,70.34,Lula,Lula,Lula,1782.49,2080.58,0.26,0.33,188.53
2500775,Aparecida,PB,Nordeste,Nordeste,,7247,17.47,74.53,-3.85,70.68,73.47,Lula,Lula,Lula,2307.89,2619.36,0.26,0.4,188.42
2514206,São José Da Lagoa Tapada,PB,Nordeste,Nordeste,,7125,17.91,79.91,-3.85,76.06,78.85,Lula,Lula,Lula,2791.77,3090.82,0.26,0.5,185.25
2511608,Pilões,PB,Nordeste,Nordeste,,7122,19.04,76.27,-3.85,72.42,75.05,Lula,Lula,Lula,2372.88,2651.1,0.26,0.43,185.17
2514909,São Mamede,PB,Nordeste,Nordeste,,7110,21.21,67.99,-3.85,64.14,66.94,Lula,Lula,Lula,1496.07,1791.9,0.26,0.27,184.86
2510006,Nazarezinho,PB,Nordeste,Nordeste,,7091,17.43,80.56,-3.85,76.71,79.5,Lula,Lula,Lula,2932.84,3239.68,0.26,0.51,184.37
2513158,Santa Cecília,PB,Nordeste,Nordeste,,7090,12.98,72.14,-3.85,68.29,71.0,Lula,Lula,Lula,2094.0,2404.34,0.26,0.35,184.34
2505006,Cubati,PB,Nordeste,Nordeste,,6956,18.75,72.41,-3.85,68.56,71.21,Lula,Lula,Lula,1925.48,2200.44,0.26,0.36,180.86
2507408,Jericó,PB,Nordeste,Nordeste,,6938,23.38,75.31,-3.85,71.46,74.49,Lula,Lula,Lula,2157.29,2462.58,0.26,0.41,180.39
2509909,Natuba,PB,Nordeste,Nordeste,,6840,18.76,73.79,-3.85,69.94,72.56,Lula,Lula,Lula,1994.77,2256.12,0.26,0.38,177.84
2502003,Belém Do Brejo Do Cruz,PB,Nordeste,Nordeste,,6644,21.33,71.78,-3.85,67.93,70.86,Lula,Lula,Lula,1765.28,2053.54,0.26,0.34,172.74
2503555,Cacimbas,PB,Nordeste,Nordeste,,6623,26.59,82.92,-3.85,79.07,81.61,Lula,Lula,Lula,2614.22,2842.8,0.26,0.56,172.2
2501203,Areial,PB,Nordeste,Nordeste,,6597,16.86,71.15,-3.85,67.3,69.72,Lula,Lula,Lula,1721.15,1962.86,0.26,0.33,171.52
2515005,São Miguel De Taipu,PB,Nordeste,Nordeste,,6576,16.79,58.25,-3.85,54.4,57.71,Lula,Lula,Lula,440.74,771.72,0.26,0.08,170.98
2503605,Caiçara,PB,Nordeste,Nordeste,,6526,20.64,67.46,-3.85,63.61,66.5,Lula,Lula,Lula,1288.18,1560.92,0.26,0.26,169.68
2515807,Serra Redonda,PB,Nordeste,Nordeste,,6492,14.8,75.54,-3.85,71.69,74.36,Lula,Lula,Lula,2213.42,2485.64,0.26,0.42,168.79
2504157,Casserengue,PB,Nordeste,Nordeste,,6406,21.79,79.23,-3.85,75.38,77.91,Lula,Lula,Lula,2330.95,2563.58,0.26,0.49,166.56
2513604,Santana Dos Garrotes,PB,Nordeste,Nordeste,,6318,21.64,76.2,-3.85,72.35,74.84,Lula,Lula,Lula,2030.62,2256.36,0.26,0.43,164.27
2509156,Marizópolis,PB,Nordeste,Nordeste,,6301,16.31,66.78,-3.85,62.93,65.5,Lula,Lula,Lula,1254.06,1503.88,0.26,0.25,163.83
2503902,Camalaú,PB,Nordeste,Nordeste,,6294,17.6,87.73,-3.85,83.88,86.89,Lula,Lula,Lula,3308.59,3602.18,0.26,0.65,163.64
2505279,Curral De Cima,PB,Nordeste,Nordeste,,6226,19.43,76.11,-3.85,72.26,74.72,Lula,Lula,Lula,2031.14,2255.52,0.26,0.43,161.88
2502151,Boa Vista,PB,Nordeste,Nordeste,,6123,12.31,67.44,-3.85,63.59,66.41,Lula,Lula,Lula,1359.69,1642.0,0.26,0.26,159.2
2505204,Cuitegi,PB,Nordeste,Nordeste,,6098,20.15,74.26,-3.85,70.41,73.27,Lula,Lula,Lula,1821.63,2077.2,0.26,0.39,158.55
2501708,Barra De São Miguel,PB,Nordeste,Nordeste,,6048,13.56,70.61,-3.85,66.76,69.67,Lula,Lula,Lula,1634.16,1918.28,0.26,0.32,157.25
2502904,Brejo Dos Santos,PB,Nordeste,Nordeste,,5994,16.05,73.25,-3.85,69.4,72.42,Lula,Lula,Lula,1839.01,2125.02,0.26,0.37,155.84
2507804,Junco Do Seridó,PB,Nordeste,Nordeste,,5990,17.16,72.66,-3.85,68.81,71.14,Lula,Lula,Lula,1714.89,1927.8,0.26,0.36,155.74
2513307,Santa Helena,PB,Nordeste,Nordeste,,5959,18.34,85.98,-3.85,82.13,84.6,Lula,Lula,Lula,2932.66,3157.8,0.26,0.62,154.93
2511103,Pedra Lavrada,PB,Nordeste,Nordeste,,5944,14.06,77.97,-3.85,74.12,76.44,Lula,Lula,Lula,2285.25,2504.72,0.26,0.46,154.54
2514453,São José Dos Ramos,PB,Nordeste,Nordeste,,5940,19.66,73.52,-3.85,69.67,72.56,Lula,Lula,Lula,1711.54,1962.9,0.26,0.38,154.44
2508505,Livramento,PB,Nordeste,Nordeste,,5930,20.39,75.37,-3.85,71.52,74.15,Lula,Lula,Lula,1873.22,2102.28,0.26,0.41,154.18
2505600,Diamante,PB,Nordeste,Nordeste,,5910,23.1,81.29,-3.85,77.44,80.08,Lula,Lula,Lula,2311.31,2533.18,0.26,0.53,153.66
2510204,Nova Olinda,PB,Nordeste,Nordeste,,5895,28.06,81.35,-3.85,77.5,80.21,Lula,Lula,Lula,2150.81,2363.26,0.26,0.53,153.27
2511707,Pilõezinhos,PB,Nordeste,Nordeste,,5890,18.2,76.76,-3.85,72.91,75.53,Lula,Lula,Lula,2032.7,2264.42,0.26,0.44,153.14
2502607,Igaracy,PB,Nordeste,Nordeste,,5888,23.23,74.78,-3.85,70.93,73.23,Lula,Lula,Lula,1777.29,1973.14,0.26,0.4,153.09
2509396,Maturéia,PB,Nordeste,Nordeste,,5807,18.93,81.03,-3.85,77.18,80.09,Lula,Lula,Lula,2358.79,2611.8,0.26,0.52,150.98
2504504,Condado,PB,Nordeste,Nordeste,,5803,20.59,79.27,-3.85,75.42,78.18,Lula,Lula,Lula,2182.61,2420.16,0.26,0.49,150.88
2513802,Santa Teresinha,PB,Nordeste,Nordeste,,5773,19.05,71.4,-3.85,67.55,70.3,Lula,Lula,Lula,1526.51,1765.72,0.26,0.34,150.1
2512721,Pedro Régis,PB,Nordeste,Nordeste,,5725,24.59,65.79,-3.85,61.94,64.73,Lula,Lula,Lula,928.15,1145.18,0.26,0.23,148.85
2514305,São José De Caiana,PB,Nordeste,Nordeste,,5643,27.64,79.18,-3.85,75.33,77.92,Lula,Lula,Lula,1956.73,2157.18,0.26,0.49,146.72
2506608,Ibiara,PB,Nordeste,Nordeste,,5580,21.36,81.53,-3.85,77.68,80.12,Lula,Lula,Lula,2283.43,2484.1,0.26,0.53,145.08
2513208,Santa Cruz,PB,Nordeste,Nordeste,,5529,15.3,82.08,-3.85,78.23,81.0,Lula,Lula,Lula,2523.39,2770.86,0.26,0.54,143.75
2504355,Caturité,PB,Nordeste,Nordeste,,5518,13.83,75.25,-3.85,71.4,73.7,Lula,Lula,Lula,1865.05,2065.58,0.26,0.41,143.47
2503803,Caldas Brandão,PB,Nordeste,Nordeste,,5445,15.21,72.74,-3.85,68.89,71.86,Lula,Lula,Lula,1604.18,1857.0,0.26,0.36,141.57
2517209,Vieirópolis,PB,Nordeste,Nordeste,,5431,17.34,78.43,-3.85,74.58,77.38,Lula,Lula,Lula,2056.82,2290.86,0.26,0.47,141.21
2504207,Catingueira,PB,Nordeste,Nordeste,,5416,23.58,72.6,-3.85,68.75,71.78,Lula,Lula,Lula,1453.61,1689.08,0.26,0.36,140.82
2504702,Congo,PB,Nordeste,Nordeste,,5388,15.29,79.57,-3.85,75.72,78.48,Lula,Lula,Lula,2200.58,2436.16,0.26,0.49,140.09
2509503,Montadas,PB,Nordeste,Nordeste,,5373,15.88,70.55,-3.85,66.7,69.23,Lula,Lula,Lula,1368.5,1576.24,0.26,0.32,139.7
2508802,Malta,PB,Nordeste,Nordeste,,5263,20.05,82.12,-3.85,78.27,80.96,Lula,Lula,Lula,2231.69,2443.98,0.26,0.54,136.84
2503100,Cabaceiras,PB,Nordeste,Nordeste,,5237,13.6,66.73,-3.85,62.88,65.6,Lula,Lula,Lula,1074.12,1301.1,0.26,0.25,136.16
2502102,Boa Ventura,PB,Nordeste,Nordeste,,5167,23.13,81.48,-3.85,77.63,80.18,Lula,Lula,Lula,2027.57,2214.86,0.26,0.53,134.34
2515930,Sertãozinho,PB,Nordeste,Nordeste,,5104,16.73,73.57,-3.85,69.72,72.12,Lula,Lula,Lula,1548.17,1736.64,0.26,0.38,132.7
2512754,Riachão Do Bacamarte,PB,Nordeste,Nordeste,,4999,16.12,70.67,-3.85,66.82,69.67,Lula,Lula,Lula,1269.37,1484.04,0.26,0.32,129.97
2500536,Alcantil,PB,Nordeste,Nordeste,,5001,13.4,60.73,-3.85,56.88,59.74,Lula,Lula,Lula,546.6,774.3,0.26,0.13,130.03
2502706,Borborema,PB,Nordeste,Nordeste,,4895,18.37,74.05,-3.85,70.2,72.97,Lula,Lula,Lula,1479.8,1682.44,0.26,0.39,127.27
2505352,Damião,PB,Nordeste,Nordeste,,4885,21.51,81.99,-3.85,78.14,80.45,Lula,Lula,Lula,1980.83,2143.2,0.26,0.54,127.01
2509339,Matinhas,PB,Nordeste,Nordeste,,4881,20.06,78.78,-3.85,74.93,77.64,Lula,Lula,Lula,1748.93,1938.96,0.26,0.48,126.91
2512762,Riachão Do Poço,PB,Nordeste,Nordeste,,4868,15.86,66.97,-3.85,63.12,66.13,Lula,Lula,Lula,993.84,1222.02,0.26,0.25,126.57
2502300,Bom Sucesso,PB,Nordeste,Nordeste,,4846,19.4,84.47,-3.85,80.62,83.63,Lula,Lula,Lula,2301.24,2526.84,0.26,0.59,126.0
2508554,Logradouro,PB,Nordeste,Nordeste,,4789,17.19,65.06,-3.85,61.21,64.18,Lula,Lula,Lula,829.07,1048.64,0.26,0.22,124.51
2500205,Aguiar,PB,Nordeste,Nordeste,,4779,19.5,79.92,-3.85,76.07,78.81,Lula,Lula,Lula,1922.17,2124.1,0.26,0.5,124.25
2508109,Lagoa,PB,Nordeste,Nordeste,,4698,19.54,82.35,-3.85,78.5,80.81,Lula,Lula,Lula,1997.06,2158.48,0.26,0.55,122.15
2501534,Baraúna,PB,Nordeste,Nordeste,,4663,16.08,77.89,-3.85,74.04,76.28,Lula,Lula,Lula,1730.72,1891.72,0.26,0.46,121.24
2515906,Serraria,PB,Nordeste,Nordeste,,4595,21.09,74.74,-3.85,70.89,73.22,Lula,Lula,Lula,1373.21,1526.4,0.26,0.4,119.47
2514008,São João Do Cariri,PB,Nordeste,Nordeste,,4578,14.92,79.16,-3.85,75.31,78.28,Lula,Lula,Lula,1869.22,2088.74,0.26,0.49,119.03
2513505,Santana De Mangueira,PB,Nordeste,Nordeste,,4562,21.94,86.13,-3.85,82.28,84.72,Lula,Lula,Lula,2132.99,2294.52,0.26,0.62,118.61
2504074,Caraúbas,PB,Nordeste,Nordeste,,4534,13.72,75.97,-3.85,72.12,74.86,Lula,Lula,Lula,1615.72,1816.28,0.26,0.42,117.88
2514602,São José Do Bonfim,PB,Nordeste,Nordeste,,4531,17.3,70.39,-3.85,66.54,69.43,Lula,Lula,Lula,1148.69,1349.7,0.26,0.32,117.81
2514404,São José De Espinharas,PB,Nordeste,Nordeste,,4450,15.8,77.48,-3.85,73.63,76.43,Lula,Lula,Lula,1670.96,1868.66,0.26,0.45,115.7
2512077,Poço De José De Moura,PB,Nordeste,Nordeste,,4432,16.27,83.24,-3.85,79.39,81.83,Lula,Lula,Lula,2035.13,2204.28,0.26,0.56,115.23
2508406,Lastro,PB,Nordeste,Nordeste,,4395,17.29,78.51,-3.85,74.66,77.4,Lula,Lula,Lula,1695.13,1883.8,0.26,0.47,114.27
2503407,Cacimba De Areia,PB,Nordeste,Nordeste,,4343,17.82,78.89,-3.85,75.04,77.9,Lula,Lula,Lula,1678.81,1870.18,0.26,0.48,112.92
2509602,Monte Horebe,PB,Nordeste,Nordeste,,4313,21.89,79.85,-3.85,76.0,78.41,Lula,Lula,Lula,1622.21,1772.14,0.26,0.5,112.14
2512200,Prata,PB,Nordeste,Nordeste,,4236,17.73,71.55,-3.85,67.7,70.81,Lula,Lula,Lula,1152.25,1354.86,0.26,0.34,110.14
2514701,São José Do Sabugi,PB,Nordeste,Nordeste,,4227,9.46,70.63,-3.85,66.78,69.67,Lula,Lula,Lula,1207.81,1416.14,0.26,0.32,109.9
2501351,Assunção,PB,Nordeste,Nordeste,,4201,20.45,70.64,-3.85,66.79,69.78,Lula,Lula,Lula,1046.73,1232.62,0.26,0.32,109.23
2513984,São Francisco,PB,Nordeste,Nordeste,,4138,15.25,74.0,-3.85,70.15,72.64,Lula,Lula,Lula,1309.2,1470.92,0.26,0.39,107.59
2512036,Poço Dantas,PB,Nordeste,Nordeste,,4135,21.52,87.41,-3.85,83.56,85.87,Lula,Lula,Lula,2057.44,2198.66,0.26,0.64,107.51
2511004,Pedra Branca,PB,Nordeste,Nordeste,,4075,21.67,71.03,-3.85,67.18,69.82,Lula,Lula,Lula,1020.47,1177.58,0.26,0.33,105.95
2510501,Olivedos,PB,Nordeste,Nordeste,,4073,16.5,70.15,-3.85,66.3,68.91,Lula,Lula,Lula,1020.63,1184.06,0.26,0.31,105.9
2514107,São João Do Tigre,PB,Nordeste,Nordeste,,3965,15.99,80.84,-3.85,76.99,79.94,Lula,Lula,Lula,1636.82,1815.68,0.26,0.52,103.09
2505808,Duas Estradas,PB,Nordeste,Nordeste,,3885,19.41,69.07,-3.85,65.22,68.13,Lula,Lula,Lula,881.32,1049.5,0.26,0.29,101.01
2508703,Mãe D'Água,PB,Nordeste,Nordeste,,3876,16.56,78.49,-3.85,74.64,77.24,Lula,Lula,Lula,1503.37,1661.66,0.26,0.47,100.78
2513356,Santa Inês,PB,Nordeste,Nordeste,,3848,21.34,87.12,-3.85,83.27,86.16,Lula,Lula,Lula,1903.69,2069.36,0.26,0.64,100.05
2505907,Emas,PB,Nordeste,Nordeste,,3824,23.74,71.05,-3.85,67.2,69.95,Lula,Lula,Lula,922.85,1070.36,0.26,0.33,99.42
2513927,São Bentinho,PB,Nordeste,Nordeste,,3802,20.96,81.77,-3.85,77.92,80.56,Lula,Lula,Lula,1559.5,1707.16,0.26,0.54,98.85
2514800,São José Dos Cordeiros,PB,Nordeste,Nordeste,,3778,17.87,80.48,-3.85,76.63,79.62,Lula,Lula,Lula,1554.31,1728.52,0.26,0.51,98.23
2503753,Cajazeirinhas,PB,Nordeste,Nordeste,,3758,19.61,77.06,-3.85,73.21,76.27,Lula,Lula,Lula,1316.45,1489.8,0.26,0.45,97.71
2510303,Nova Palmeira,PB,Nordeste,Nordeste,,3681,11.65,81.66,-3.85,77.81,79.96,Lula,Lula,Lula,1686.95,1817.18,0.26,0.53,95.71
2516151,Sossêgo,PB,Nordeste,Nordeste,,3672,13.56,81.46,-3.85,77.61,80.31,Lula,Lula,Lula,1638.12,1797.74,0.26,0.53,95.47
2512747,Riachão,PB,Nordeste,Nordeste,,3550,21.27,77.06,-3.85,73.21,76.26,Lula,Lula,Lula,1216.44,1376.64,0.26,0.45,92.3
2513000,Salgadinho,PB,Nordeste,Nordeste,,3477,22.26,69.03,-3.85,65.18,67.78,Lula,Lula,Lula,757.37,886.98,0.26,0.29,90.4
2505501,Vista Serrana,PB,Nordeste,Nordeste,,3470,22.39,78.78,-3.85,74.93,77.41,Lula,Lula,Lula,1269.85,1396.48,0.26,0.48,90.22
2502052,Bernardino Batista,PB,Nordeste,Nordeste,,3353,24.81,82.15,-3.85,78.3,81.24,Lula,Lula,Lula,1319.58,1456.76,0.26,0.54,87.18
2509370,Mato Grosso,PB,Nordeste,Nordeste,,3319,32.84,80.19,-3.85,76.34,79.28,Lula,Lula,Lula,1099.47,1222.32,0.26,0.51,86.29
2516755,Tenório,PB,Nordeste,Nordeste,,3314,16.99,75.23,-3.85,71.38,74.38,Lula,Lula,Lula,1101.0,1255.52,0.26,0.41,86.16
2515203,São Sebastião Do Umbuzeiro,PB,Nordeste,Nordeste,,3304,17.58,85.38,-3.85,81.53,84.34,Lula,Lula,Lula,1576.86,1717.5,0.26,0.61,85.9
2513968,São Domingos,PB,Nordeste,Nordeste,,3287,20.2,74.05,-3.85,70.2,73.27,Lula,Lula,Lula,982.52,1131.64,0.26,0.39,85.46
2514552,São José De Princesa,PB,Nordeste,Nordeste,,3236,19.96,86.26,-3.85,82.41,85.23,Lula,Lula,Lula,1530.25,1663.34,0.26,0.62,84.14
2506509,Gurjão,PB,Nordeste,Nordeste,,3193,14.16,82.13,-3.85,78.28,81.01,Lula,Lula,Lula,1447.53,1587.54,0.26,0.54,83.02
2515609,Serra Da Raiz,PB,Nordeste,Nordeste,,3167,18.06,68.22,-3.85,64.37,67.32,Lula,Lula,Lula,690.07,831.72,0.26,0.28,82.34
2500577,Algodão De Jandaíra,PB,Nordeste,Nordeste,,3119,18.69,85.79,-3.85,81.94,84.73,Lula,Lula,Lula,1500.74,1632.06,0.26,0.61,81.09
2515708,Serra Grande,PB,Nordeste,Nordeste,,3110,21.13,85.53,-3.85,81.68,84.05,Lula,Lula,Lula,1467.52,1577.14,0.26,0.61,80.86
2510600,Ouro Velho,PB,Nordeste,Nordeste,,3098,13.62,80.58,-3.85,76.73,79.65,Lula,Lula,Lula,1341.96,1488.36,0.26,0.51,80.55
2513943,São Domingos Do Cariri,PB,Nordeste,Nordeste,,3072,18.91,71.2,-3.85,67.35,70.0,Lula,Lula,Lula,808.03,931.34,0.26,0.33,79.87
2502201,Bom Jesus,PB,Nordeste,Nordeste,,3055,14.66,85.36,-3.85,81.51,83.85,Lula,Lula,Lula,1559.98,1675.88,0.26,0.61,79.43
2513851,Santo André,PB,Nordeste,Nordeste,,3035,18.62,75.56,-3.85,71.71,74.53,Lula,Lula,Lula,999.78,1129.68,0.26,0.42,78.91
2506202,Frei Martinho,PB,Nordeste,Nordeste,,2942,16.32,70.58,-3.85,66.73,69.08,Lula,Lula,Lula,759.69,866.28,0.26,0.32,76.49
2510709,Passagem,PB,Nordeste,Nordeste,,2846,19.82,71.09,-3.85,67.24,70.13,Lula,Lula,Lula,743.81,868.68,0.26,0.33,74.0
2517100,Várzea,PB,Nordeste,Nordeste,,2845,13.15,77.76,-3.85,73.91,76.37,Lula,Lula,Lula,1121.73,1237.04,0.26,0.46,73.97
2512788,Riacho De Santo Antônio,PB,Nordeste,Nordeste,,2834,14.96,63.48,-3.85,59.63,62.84,Lula,Lula,Lula,433.85,578.52,0.26,0.18,73.68
2517407,Zabelê,PB,Nordeste,Nordeste,,2666,18.98,83.56,-3.85,79.71,82.42,Lula,Lula,Lula,1180.6,1288.48,0.26,0.57,69.32
2500734,Amparo,PB,Nordeste,Nordeste,,2665,15.16,85.34,-3.85,81.49,84.39,Lula,Lula,Lula,1360.2,1485.74,0.26,0.6,69.29
2514651,São José Do Brejo Do Cruz,PB,Nordeste,Nordeste,,2613,19.14,67.59,-3.85,63.74,66.53,Lula,Lula,Lula,547.56,658.72,0.26,0.26,67.94
2513653,Joca Claudino,PB,Nordeste,Nordeste,,2516,20.55,83.44,-3.85,79.59,81.94,Lula,Lula,Lula,1099.71,1187.24,0.26,0.57,65.42
2501153,Areia De Baraúnas,PB,Nordeste,Nordeste,,2502,22.66,74.55,-3.85,70.7,73.45,Lula,Lula,Lula,743.8,842.36,0.26,0.4,65.05
2512606,Quixaba,PB,Nordeste,Nordeste,,2501,16.47,68.55,-3.85,64.7,67.64,Lula,Lula,Lula,570.35,684.52,0.26,0.28,65.03
2504108,Carrapateira,PB,Nordeste,Nordeste,,2444,19.27,84.79,-3.85,80.94,83.52,Lula,Lula,Lula,1144.09,1239.34,0.26,0.59,63.54
2510659,Parari,PB,Nordeste,Nordeste,,2403,14.61,77.22,-3.85,73.37,76.22,Lula,Lula,Lula,892.8,1001.48,0.26,0.45,62.48
2505303,Curral Velho,PB,Nordeste,Nordeste,,2327,20.76,76.87,-3.85,73.02,74.89,Lula,Lula,Lula,787.94,852.06,0.26,0.44,60.5
2504850,Coxixola,PB,Nordeste,Nordeste,,2047,16.07,78.32,-3.85,74.47,77.0,Lula,Lula,Lula,779.21,859.92,0.26,0.47,53.22
2611606,Recife,PE,Nordeste,Nordeste,,1230407,15.94,59.03,-3.85,55.18,58.13,Lula,Lula,Lula,100412.26,157554.92,0.26,0.1,31990.58
2607901,Jaboatão Dos Guararapes,PE,Nordeste,Nordeste,,498555,20.75,57.54,-3.85,53.69,56.68,Lula,Lula,Lula,27091.4,49001.24,0.26,0.07,12962.43
2609600,Olinda,PE,Nordeste,Nordeste,,301943,15.06,60.95,-3.85,57.1,59.99,Lula,Lula,Lula,34092.22,47954.54,0.26,0.14,7850.52
2604106,Caruaru,PE,Nordeste,Nordeste,,255270,14.94,57.0,-3.85,53.15,56.18,Lula,Lula,Lula,12759.8,25071.6,0.26,0.06,6637.02
2611101,Petrolina,PE,Nordeste,Nordeste,,249120,18.16,64.75,-3.85,60.9,63.42,Lula,Lula,Lula,41604.32,51242.66,0.26,0.21,6477.12
2610707,Paulista,PE,Nordeste,Nordeste,,237186,16.02,60.02,-3.85,56.17,59.03,Lula,Lula,Lula,23055.71,33741.88,0.26,0.12,6166.84
2602902,Cabo De Santo Agostinho,PE,Nordeste,Nordeste,,172140,16.71,70.13,-3.85,66.28,68.75,Lula,Lula,Lula,43062.92,49615.86,0.26,0.31,4475.64
2603454,Camaragibe,PE,Nordeste,Nordeste,,127152,15.13,57.69,-3.85,53.84,56.82,Lula,Lula,Lula,7711.63,13712.82,0.26,0.07,3305.95
2616407,Vitória De Santo Antão,PE,Nordeste,Nordeste,,103948,15.51,58.33,-3.85,54.48,57.55,Lula,Lula,Lula,7307.75,12307.82,0.26,0.09,2702.65
2606002,Garanhuns,PE,Nordeste,Nordeste,,99315,18.86,73.08,-3.85,69.23,71.73,Lula,Lula,Lula,29166.32,32953.72,0.26,0.37,2582.19
2606804,Igarassu,PE,Nordeste,Nordeste,,89866,16.62,65.27,-3.85,61.42,64.13,Lula,Lula,Lula,15924.79,19704.0,0.26,0.22,2336.52
2607208,Ipojuca,PE,Nordeste,Nordeste,,89076,18.37,72.67,-3.85,68.82,71.37,Lula,Lula,Lula,25739.27,29228.42,0.26,0.36,2315.98
2613701,São Lourenço Da Mata,PE,Nordeste,Nordeste,,83623,15.75,63.55,-3.85,59.7,62.47,Lula,Lula,Lula,12703.76,16329.64,0.26,0.19,2174.2
2600054,Abreu E Lima,PE,Nordeste,Nordeste,,79387,14.44,59.92,-3.85,56.07,59.09,Lula,Lula,Lula,7701.44,11534.46,0.26,0.12,2064.06
2606408,Gravatá,PE,Nordeste,Nordeste,,67863,17.78,62.62,-3.85,58.77,61.62,Lula,Lula,Lula,9042.61,11973.8,0.26,0.17,1764.44
2606200,Goiana,PE,Nordeste,Nordeste,,67037,15.35,64.47,-3.85,60.62,63.54,Lula,Lula,Lula,11318.18,14429.74,0.26,0.2,1742.96
2612505,Santa Cruz Do Capibaribe,PE,Nordeste,Nordeste,,66108,13.65,43.21,-3.85,39.36,43.09,Flávio,Flávio,Flávio,-11457.88,-7444.92,0.26,-0.2,1718.81
2613909,Serra Talhada,PE,Nordeste,Nordeste,,63665,18.41,74.67,-3.85,70.82,73.11,Lula,Lula,Lula,20344.27,22581.58,0.26,0.4,1655.29
2601706,Belo Jardim,PE,Nordeste,Nordeste,,60920,18.05,68.99,-3.85,65.14,67.66,Lula,Lula,Lula,13903.32,16217.28,0.26,0.29,1583.92
2601102,Araripina,PE,Nordeste,Nordeste,,60070,20.09,74.83,-3.85,70.98,73.47,Lula,Lula,Lula,18781.5,21018.7,0.26,0.4,1561.82
2604007,Carpina,PE,Nordeste,Nordeste,,59993,15.19,56.61,-3.85,52.76,55.92,Lula,Lula,Lula,2612.71,5612.08,0.26,0.05,1559.82
2610905,Pesqueira,PE,Nordeste,Nordeste,S2#21,52492,23.37,81.46,-3.85,77.61,80.21,Lula,Lula,Lula,21153.26,23147.9,0.26,0.53,1364.79
2601201,Arcoverde,PE,Nordeste,Nordeste,,51729,18.32,73.45,-3.85,69.6,72.19,Lula,Lula,Lula,15691.28,17762.28,0.26,0.38,1344.95
2609402,Moreno,PE,Nordeste,Nordeste,,48774,17.63,66.42,-3.85,62.57,65.3,Lula,Lula,Lula,9251.76,11261.38,0.26,0.24,1268.12
2609907,Ouricuri,PE,Nordeste,Nordeste,,48563,20.31,83.35,-3.85,79.5,81.92,Lula,Lula,Lula,21588.9,23365.08,0.26,0.57,1262.64
2614501,Surubim,PE,Nordeste,Nordeste,,48477,16.34,66.1,-3.85,62.25,65.04,Lula,Lula,Lula,9242.67,11351.82,0.26,0.24,1260.4
2601904,Bezerros,PE,Nordeste,Nordeste,,48313,16.95,70.79,-3.85,66.94,69.61,Lula,Lula,Lula,12714.13,14715.32,0.26,0.33,1256.14
2605202,Escada,PE,Nordeste,Nordeste,,48189,17.2,70.89,-3.85,67.04,69.63,Lula,Lula,Lula,12676.18,14602.32,0.26,0.33,1252.91
2610608,Paudalho,PE,Nordeste,Nordeste,,45812,15.5,61.04,-3.85,57.19,60.2,Lula,Lula,Lula,5148.28,7303.22,0.26,0.14,1191.11
2608909,Limoeiro,PE,Nordeste,Nordeste,,45789,15.7,71.87,-3.85,68.02,70.7,Lula,Lula,Lula,12972.63,14904.42,0.26,0.35,1190.51
2612208,Salgueiro,PE,Nordeste,Nordeste,,43388,19.02,78.01,-3.85,74.16,76.57,Lula,Lula,Lula,16153.52,17768.04,0.26,0.46,1128.09
2602803,Buíque,PE,Nordeste,Nordeste,S2#25,42576,27.68,85.24,-3.85,81.39,83.86,Lula,Lula,Lula,18085.71,19506.16,0.26,0.6,1106.98
2615300,Timbaúba,PE,Nordeste,Nordeste,,42020,19.16,67.49,-3.85,63.64,66.3,Lula,Lula,Lula,8647.83,10334.36,0.26,0.26,1092.52
2610004,Palmares,PE,Nordeste,Nordeste,S2#49,40845,21.02,71.01,-3.85,67.16,69.87,Lula,Lula,Lula,10451.46,12102.24,0.26,0.33,1061.97
2613008,São Bento Do Una,PE,Nordeste,Nordeste,S2#44,38192,24.06,74.08,-3.85,70.23,72.85,Lula,Lula,Lula,10988.83,12411.42,0.26,0.39,992.99
2602605,Brejo Da Madre De Deus,PE,Nordeste,Nordeste,S2#64,36268,21.63,65.46,-3.85,61.61,64.38,Lula,Lula,Lula,6150.86,7621.98,0.26,0.22,942.97
2600500,Águas Belas,PE,Nordeste,Nordeste,S2#39,35255,27.48,77.19,-3.85,73.34,75.73,Lula,Lula,Lula,11168.52,12315.38,0.26,0.45,916.63
2615409,Toritama,PE,Nordeste,Nordeste,,35207,14.28,52.84,-3.85,48.99,52.37,Lula,Flávio,Lula,-583.39,1365.72,0.26,-0.02,915.38
2602100,Bom Conselho,PE,Nordeste,Nordeste,S2#75,34189,21.32,78.96,-3.85,75.11,77.68,Lula,Lula,Lula,12738.01,14037.44,0.26,0.48,888.91
2608800,Lajedo,PE,Nordeste,Nordeste,,32462,19.44,67.65,-3.85,63.8,66.48,Lula,Lula,Lula,6749.47,8061.22,0.26,0.26,844.01
2613107,São Caitano,PE,Nordeste,Nordeste,,30888,15.26,76.86,-3.85,73.01,75.55,Lula,Lula,Lula,11141.09,12369.96,0.26,0.44,803.09
2602308,Bonito,PE,Nordeste,Nordeste,,30694,19.73,66.19,-3.85,62.34,65.17,Lula,Lula,Lula,5646.94,6938.42,0.26,0.24,798.04
2612604,Santa Maria Da Boa Vista,PE,Nordeste,Nordeste,,30641,17.14,79.95,-3.85,76.1,78.69,Lula,Lula,Lula,12618.48,13866.74,0.26,0.5,796.67
2602209,Bom Jardim,PE,Nordeste,Nordeste,,30623,19.1,76.07,-3.85,72.22,74.94,Lula,Lula,Lula,10256.58,11515.14,0.26,0.43,796.2
2601409,Barreiros,PE,Nordeste,Nordeste,S2#88,30474,22.68,66.02,-3.85,62.17,65.19,Lula,Lula,Lula,5329.98,6653.8,0.26,0.23,792.32
2600104,Afogados Da Ingazeira,PE,Nordeste,Nordeste,,30094,19.64,76.06,-3.85,72.21,74.95,Lula,Lula,Lula,10150.69,11405.64,0.26,0.43,782.44
2605103,Custódia,PE,Nordeste,Nordeste,S2#85,29588,23.66,84.41,-3.85,80.56,82.8,Lula,Lula,Lula,13043.0,13998.9,0.26,0.59,769.29
2600708,Aliança,PE,Nordeste,Nordeste,,29186,21.78,71.44,-3.85,67.59,70.28,Lula,Lula,Lula,7457.08,8599.38,0.26,0.34,758.84
2605301,Exu,PE,Nordeste,Nordeste,,29164,21.76,83.78,-3.85,79.93,82.37,Lula,Lula,Lula,12803.95,13851.0,0.26,0.57,758.26
2614204,Sirinhaém,PE,Nordeste,Nordeste,,28560,20.85,67.44,-3.85,63.59,66.45,Lula,Lula,Lula,5763.36,6975.2,0.26,0.26,742.56
2613503,São José Do Belmonte,PE,Nordeste,Nordeste,S2#99,28341,23.3,84.45,-3.85,80.6,83.19,Lula,Lula,Lula,12483.48,13542.16,0.26,0.59,736.87
2611804,Ribeirão,PE,Nordeste,Nordeste,,28323,21.63,70.71,-3.85,66.86,69.71,Lula,Lula,Lula,7041.86,8232.86,0.26,0.32,736.4
2602001,Bodocó,PE,Nordeste,Nordeste,,27831,19.04,86.03,-3.85,82.18,84.58,Lula,Lula,Lula,13708.63,14733.22,0.26,0.62,723.61
2614105,Sertânia,PE,Nordeste,Nordeste,,27423,23.66,84.12,-3.85,80.27,82.88,Lula,Lula,Lula,12060.11,13098.96,0.26,0.58,713.0
2611002,Petrolândia,PE,Nordeste,Nordeste,,26448,24.36,78.24,-3.85,74.39,76.98,Lula,Lula,Lula,9285.34,10272.64,0.26,0.47,687.65
2610509,Passira,PE,Nordeste,Nordeste,,26110,18.66,73.7,-3.85,69.85,72.62,Lula,Lula,Lula,7882.36,8980.84,0.26,0.38,678.86
2604205,Catende,PE,Nordeste,Nordeste,,25872,21.25,73.23,-3.85,69.38,72.13,Lula,Lula,Lula,7440.84,8494.84,0.26,0.37,672.67
2603009,Cabrobó,PE,Nordeste,Nordeste,,25723,18.33,81.55,-3.85,77.7,80.02,Lula,Lula,Lula,11045.1,11972.32,0.26,0.53,668.8
2609501,Nazaré Da Mata,PE,Nordeste,Nordeste,,25649,17.29,65.53,-3.85,61.68,64.58,Lula,Lula,Lula,4585.58,5724.36,0.26,0.22,666.87
2605707,Floresta,PE,Nordeste,Nordeste,,25254,21.74,84.3,-3.85,80.45,82.91,Lula,Lula,Lula,11444.05,12366.22,0.26,0.58,656.6
2615607,Trindade,PE,Nordeste,Nordeste,,25102,24.51,70.44,-3.85,66.59,69.33,Lula,Lula,Lula,5943.14,6924.76,0.26,0.32,652.65
2607307,Ipubi,PE,Nordeste,Nordeste,,24789,25.45,77.56,-3.85,73.71,75.77,Lula,Lula,Lula,8171.79,8883.94,0.26,0.46,644.51
2608107,João Alfredo,PE,Nordeste,Nordeste,,24726,21.57,76.65,-3.85,72.8,75.2,Lula,Lula,Lula,8234.92,9102.12,0.26,0.44,642.88
2607653,Itambé,PE,Nordeste,Nordeste,,24464,19.63,70.99,-3.85,67.14,69.95,Lula,Lula,Lula,6299.11,7330.06,0.26,0.33,636.06
2613602,São José Do Egito,PE,Nordeste,Nordeste,,24100,19.51,77.98,-3.85,74.13,76.72,Lula,Lula,Lula,8853.64,9803.72,0.26,0.46,626.6
2606101,Glória Do Goitá,PE,Nordeste,Nordeste,,23472,17.88,74.38,-3.85,70.53,73.23,Lula,Lula,Lula,7314.13,8275.68,0.26,0.39,610.27
2616308,Vicência,PE,Nordeste,Nordeste,,22237,20.75,67.85,-3.85,64.0,66.78,Lula,Lula,Lula,4578.96,5487.96,0.26,0.27,578.16
2615003,Taquaritinga Do Norte,PE,Nordeste,Nordeste,,22236,14.8,52.88,-3.85,49.03,52.44,Lula,Flávio,Lula,-347.71,874.6,0.26,-0.02,578.14
2606606,Ibimirim,PE,Nordeste,Nordeste,,21737,24.19,87.75,-3.85,83.9,86.51,Lula,Lula,Lula,10751.8,11580.68,0.26,0.65,565.16
2607752,Itapissuma,PE,Nordeste,Nordeste,,21440,14.75,71.1,-3.85,67.25,69.9,Lula,Lula,Lula,5894.22,6798.36,0.26,0.33,557.44
2614600,Tabira,PE,Nordeste,Nordeste,,21365,19.03,77.88,-3.85,74.03,76.59,Lula,Lula,Lula,7938.39,8785.54,0.26,0.46,555.49
2607505,Itaíba,PE,Nordeste,Nordeste,,21182,22.29,81.28,-3.85,77.43,79.53,Lula,Lula,Lula,8452.87,9098.46,0.26,0.53,550.73
2611705,Riacho Das Almas,PE,Nordeste,Nordeste,,20962,13.03,68.44,-3.85,64.59,67.42,Lula,Lula,Lula,4952.85,5912.18,0.26,0.28,545.01
2600302,Agrestina,PE,Nordeste,Nordeste,,20932,17.68,74.26,-3.85,70.41,73.07,Lula,Lula,Lula,6562.0,7419.1,0.26,0.39,544.23
2603207,Caetés,PE,Nordeste,Nordeste,,20683,25.23,89.61,-3.85,85.76,88.49,Lula,Lula,Lula,10369.97,11162.08,0.26,0.69,537.76
2608750,Lagoa Grande,PE,Nordeste,Nordeste,,20661,20.09,78.13,-3.85,74.28,76.45,Lula,Lula,Lula,7563.04,8239.58,0.26,0.47,537.19
2611309,Pombos,PE,Nordeste,Nordeste,,20453,15.01,63.95,-3.85,60.1,63.15,Lula,Lula,Lula,3236.1,4212.2,0.26,0.19,531.78
2614857,Tamandaré,PE,Nordeste,Nordeste,,20268,21.17,66.69,-3.85,62.84,65.96,Lula,Lula,Lula,3884.25,4827.58,0.26,0.25,526.97
2600401,Água Preta,PE,Nordeste,Nordeste,,20198,22.53,75.9,-3.85,72.05,74.9,Lula,Lula,Lula,6465.6,7300.26,0.26,0.42,525.15
2609006,Macaparana,PE,Nordeste,Nordeste,,20026,21.5,65.24,-3.85,61.39,64.18,Lula,Lula,Lula,3316.54,4131.32,0.26,0.22,520.68
2605004,Cupira,PE,Nordeste,Nordeste,,19864,17.99,65.23,-3.85,61.38,64.28,Lula,Lula,Lula,3464.81,4346.34,0.26,0.22,516.46
2604601,Condado,PE,Nordeste,Nordeste,,19764,17.94,69.93,-3.85,66.08,68.92,Lula,Lula,Lula,4858.32,5718.92,0.26,0.31,513.86
2610202,Panelas,PE,Nordeste,Nordeste,,19612,18.62,77.19,-3.85,73.34,75.81,Lula,Lula,Lula,6983.98,7724.94,0.26,0.45,509.91
2604502,Chã Grande,PE,Nordeste,Nordeste,,18860,16.11,66.54,-3.85,62.69,65.51,Lula,Lula,Lula,3743.38,4575.04,0.26,0.24,490.36
2610806,Pedra,PE,Nordeste,Nordeste,,18714,18.89,80.98,-3.85,77.13,80.0,Lula,Lula,Lula,7664.43,8475.98,0.26,0.52,486.56
2607604,Ilha De Itamaracá,PE,Nordeste,Nordeste,,18612,19.57,72.87,-3.85,69.02,71.67,Lula,Lula,Lula,5417.52,6171.4,0.26,0.37,483.91
2610400,Parnamirim,PE,Nordeste,Nordeste,,18517,20.01,88.43,-3.85,84.58,87.34,Lula,Lula,Lula,9904.45,10694.92,0.26,0.66,481.44
2608503,Lagoa De Itaenga,PE,Nordeste,Nordeste,,18474,16.53,69.66,-3.85,65.81,68.55,Lula,Lula,Lula,4515.55,5297.46,0.26,0.3,480.32
2609709,Orobó,PE,Nordeste,Nordeste,,18326,18.86,80.06,-3.85,76.21,78.72,Lula,Lula,Lula,7253.96,7948.74,0.26,0.5,476.48
2614808,Tacaratu,PE,Nordeste,Nordeste,,18225,20.99,85.61,-3.85,81.76,84.46,Lula,Lula,Lula,8740.49,9484.44,0.26,0.61,473.85
2613206,São João,PE,Nordeste,Nordeste,,18178,21.96,84.87,-3.85,81.02,83.42,Lula,Lula,Lula,8273.98,8913.76,0.26,0.6,472.63
2605400,Feira Nova,PE,Nordeste,Nordeste,,18025,16.58,65.79,-3.85,61.94,64.83,Lula,Lula,Lula,3330.62,4135.56,0.26,0.23,468.65
2613404,São José Da Coroa Grande,PE,Nordeste,Nordeste,,17746,24.66,60.11,-3.85,56.26,59.5,Lula,Lula,Lula,1571.81,2385.18,0.26,0.12,461.4
2613305,São Joaquim Do Monte,PE,Nordeste,Nordeste,,17631,18.04,74.15,-3.85,70.3,73.01,Lula,Lula,Lula,5439.27,6165.26,0.26,0.39,458.41
2600203,Afrânio,PE,Nordeste,Nordeste,,17488,20.51,69.01,-3.85,65.16,67.77,Lula,Lula,Lula,3861.65,4525.5,0.26,0.29,454.69
2601052,Araçoiaba,PE,Nordeste,Nordeste,,17404,17.75,71.19,-3.85,67.34,69.86,Lula,Lula,Lula,4632.75,5306.3,0.26,0.33,452.5
2600906,Amaraji,PE,Nordeste,Nordeste,,17368,20.15,69.13,-3.85,65.28,68.29,Lula,Lula,Lula,3980.61,4763.86,0.26,0.29,451.57
2600807,Altinho,PE,Nordeste,Nordeste,,17270,16.77,76.42,-3.85,72.57,75.15,Lula,Lula,Lula,6013.36,6700.04,0.26,0.43,449.02
2603702,Canhotinho,PE,Nordeste,Nordeste,,17167,20.35,72.19,-3.85,68.34,71.49,Lula,Lula,Lula,4704.88,5512.06,0.26,0.35,446.34
2614006,Serrita,PE,Nordeste,Nordeste,,17061,24.87,84.34,-3.85,80.49,82.96,Lula,Lula,Lula,7426.13,8027.28,0.26,0.59,443.59
2611903,Rio Formoso,PE,Nordeste,Nordeste,,16933,21.01,72.4,-3.85,68.55,71.43,Lula,Lula,Lula,4665.81,5390.28,0.26,0.36,440.26
2603900,Carnaíba,PE,Nordeste,Nordeste,,16879,22.24,84.23,-3.85,80.38,83.05,Lula,Lula,Lula,7509.51,8169.38,0.26,0.58,438.85
2616209,Vertentes,PE,Nordeste,Nordeste,,16698,13.71,67.04,-3.85,63.19,66.08,Lula,Lula,Lula,3591.43,4378.98,0.26,0.25,434.15
2615805,Tupanatinga,PE,Nordeste,Nordeste,,16635,22.33,79.91,-3.85,76.06,78.61,Lula,Lula,Lula,6253.51,6866.18,0.26,0.5,432.51
2603801,Capoeiras,PE,Nordeste,Nordeste,,16542,24.04,86.7,-3.85,82.85,85.15,Lula,Lula,Lula,7711.47,8252.74,0.26,0.63,430.09
2605608,Flores,PE,Nordeste,Nordeste,,16541,22.6,84.42,-3.85,80.57,83.04,Lula,Lula,Lula,7296.38,7887.1,0.26,0.59,430.07
2606507,Iati,PE,Nordeste,Nordeste,,16331,29.01,84.29,-3.85,80.44,82.97,Lula,Lula,Lula,6615.15,7165.64,0.26,0.58,424.61
2612406,Sanharó,PE,Nordeste,Nordeste,,16323,20.24,77.72,-3.85,73.87,76.59,Lula,Lula,Lula,5819.45,6483.94,0.26,0.46,424.4
2605152,Dormentes,PE,Nordeste,Nordeste,,16158,17.13,71.73,-3.85,67.88,70.13,Lula,Lula,Lula,4435.78,4995.36,0.26,0.34,420.11
2603108,Cachoeirinha,PE,Nordeste,Nordeste,,16068,17.23,74.62,-3.85,70.77,73.38,Lula,Lula,Lula,5157.23,5805.82,0.26,0.4,417.77
2607000,Inajá,PE,Nordeste,Nordeste,,15906,22.97,89.58,-3.85,85.73,88.7,Lula,Lula,Lula,8441.14,9142.5,0.26,0.69,413.56
2608008,Jataúba,PE,Nordeste,Nordeste,,15816,22.71,77.9,-3.85,74.05,76.55,Lula,Lula,Lula,5565.86,6146.4,0.26,0.46,411.22
2608453,Lagoa Do Carro,PE,Nordeste,Nordeste,,15710,14.75,69.58,-3.85,65.73,68.56,Lula,Lula,Lula,3953.45,4667.06,0.26,0.3,408.46
2603504,Camocim De São Félix,PE,Nordeste,Nordeste,,15623,17.85,70.64,-3.85,66.79,69.54,Lula,Lula,Lula,4019.85,4679.48,0.26,0.32,406.2
2601607,Belém Do São Francisco,PE,Nordeste,Nordeste,,15567,21.0,82.85,-3.85,79.0,81.3,Lula,Lula,Lula,6764.19,7301.58,0.26,0.56,404.74
2611507,Quipapá,PE,Nordeste,Nordeste,,15431,25.6,80.63,-3.85,76.78,79.38,Lula,Lula,Lula,5717.96,6272.38,0.26,0.51,401.21
2605905,Gameleira,PE,Nordeste,Nordeste,,14871,22.57,69.42,-3.85,65.57,68.44,Lula,Lula,Lula,3340.65,3956.64,0.26,0.3,386.65
2616001,Venturosa,PE,Nordeste,Nordeste,,14784,19.47,78.8,-3.85,74.95,77.48,Lula,Lula,Lula,5618.98,6188.3,0.26,0.48,384.38
2604700,Correntes,PE,Nordeste,Nordeste,,14583,29.18,80.78,-3.85,76.93,79.51,Lula,Lula,Lula,5236.16,5737.14,0.26,0.52,379.16
2613800,São Vicente Férrer,PE,Nordeste,Nordeste,,14551,19.53,73.35,-3.85,69.5,72.28,Lula,Lula,Lula,4266.65,4875.04,0.26,0.37,378.33
2604908,Cumaru,PE,Nordeste,Nordeste,,14479,16.17,76.13,-3.85,72.28,75.04,Lula,Lula,Lula,5058.21,5683.44,0.26,0.43,376.45
2609154,Manari,PE,Nordeste,Nordeste,,14245,25.41,88.5,-3.85,84.65,87.04,Lula,Lula,Lula,7030.99,7516.0,0.26,0.67,370.37
2608206,Joaquim Nabuco,PE,Nordeste,Nordeste,,14094,21.36,70.53,-3.85,66.68,69.56,Lula,Lula,Lula,3481.66,4083.68,0.26,0.32,366.44
2612307,Saloá,PE,Nordeste,Nordeste,,13660,29.02,85.96,-3.85,82.11,84.57,Lula,Lula,Lula,5841.98,6289.46,0.26,0.62,355.16
2608305,Jupi,PE,Nordeste,Nordeste,,13003,15.32,82.91,-3.85,79.06,81.21,Lula,Lula,Lula,6004.67,6448.68,0.26,0.56,338.08
2605806,Frei Miguelinho,PE,Nordeste,Nordeste,,12929,13.78,68.89,-3.85,65.04,67.82,Lula,Lula,Lula,3190.91,3780.92,0.26,0.29,336.15
2612455,Santa Cruz,PE,Nordeste,Nordeste,,12838,16.9,83.37,-3.85,79.52,81.78,Lula,Lula,Lula,6022.3,6481.98,0.26,0.57,333.79
2607802,Itaquitinga,PE,Nordeste,Nordeste,,12828,15.58,69.49,-3.85,65.64,68.49,Lula,Lula,Lula,3175.95,3755.02,0.26,0.3,333.53
2603926,Carnaubeira Da Penha,PE,Nordeste,Nordeste,,12559,20.17,91.04,-3.85,87.19,89.87,Lula,Lula,Lula,7133.91,7647.68,0.26,0.71,326.53
2609808,Orocó,PE,Nordeste,Nordeste,,12481,16.36,79.33,-3.85,75.48,77.81,Lula,Lula,Lula,5071.34,5535.16,0.26,0.49,324.51
2608404,Jurema,PE,Nordeste,Nordeste,,12362,21.83,79.43,-3.85,75.58,78.27,Lula,Lula,Lula,4639.32,5126.72,0.26,0.49,321.41
2615706,Triunfo,PE,Nordeste,Nordeste,,12186,17.34,81.94,-3.85,78.09,80.09,Lula,Lula,Lula,5329.1,5709.14,0.26,0.54,316.84
2612554,Santa Filomena,PE,Nordeste,Nordeste,,12092,18.77,82.56,-3.85,78.71,81.04,Lula,Lula,Lula,5380.85,5818.68,0.26,0.55,314.39
2604155,Casinhas,PE,Nordeste,Nordeste,,12078,19.47,79.56,-3.85,75.71,78.2,Lula,Lula,Lula,4602.48,5049.58,0.26,0.49,314.03
2600609,Alagoinha,PE,Nordeste,Nordeste,,12070,16.45,86.68,-3.85,82.83,85.32,Lula,Lula,Lula,6272.2,6747.9,0.26,0.63,313.82
2615508,Tracunhaém,PE,Nordeste,Nordeste,,12070,16.84,70.68,-3.85,66.83,69.67,Lula,Lula,Lula,3153.12,3684.6,0.26,0.32,313.82
2608602,Lagoa Do Ouro,PE,Nordeste,Nordeste,,12046,23.79,82.29,-3.85,78.44,80.85,Lula,Lula,Lula,4886.94,5299.96,0.26,0.55,313.2
2602704,Buenos Aires,PE,Nordeste,Nordeste,,11990,18.61,76.56,-3.85,72.71,75.68,Lula,Lula,Lula,4149.23,4692.54,0.26,0.44,311.74
2610301,Paranatama,PE,Nordeste,Nordeste,,11943,17.55,82.96,-3.85,79.11,81.4,Lula,Lula,Lula,5330.7,5749.82,0.26,0.56,310.52
2609303,Mirandiba,PE,Nordeste,Nordeste,,11941,23.98,79.99,-3.85,76.14,78.99,Lula,Lula,Lula,4490.9,4980.38,0.26,0.5,310.47
2607703,Itapetim,PE,Nordeste,Nordeste,,11940,19.41,80.57,-3.85,76.72,79.26,Lula,Lula,Lula,4810.61,5266.1,0.26,0.51,310.44
2608057,Jatobá,PE,Nordeste,Nordeste,,11616,23.67,85.85,-3.85,82.0,84.31,Lula,Lula,Lula,5415.78,5808.06,0.26,0.61,302.02
2604403,Chã De Alegria,PE,Nordeste,Nordeste,,11584,17.05,70.73,-3.85,66.88,69.94,Lula,Lula,Lula,3035.42,3586.16,0.26,0.32,301.18
2612703,Santa Maria Do Cambucá,PE,Nordeste,Nordeste,,11524,18.12,69.71,-3.85,65.86,68.64,Lula,Lula,Lula,2776.7,3263.34,0.26,0.3,299.62
2612000,Sairé,PE,Nordeste,Nordeste,,11278,14.73,68.02,-3.85,64.17,66.85,Lula,Lula,Lula,2506.65,2979.98,0.26,0.27,293.23
2604809,Cortês,PE,Nordeste,Nordeste,,11265,21.79,73.68,-3.85,69.83,72.35,Lula,Lula,Lula,3281.05,3697.38,0.26,0.38,292.89
2616506,Xexéu,PE,Nordeste,Nordeste,,11213,23.53,72.32,-3.85,68.47,71.24,Lula,Lula,Lula,2953.55,3396.44,0.26,0.35,291.54
2608701,Lagoa Dos Gatos,PE,Nordeste,Nordeste,,11190,17.43,78.35,-3.85,74.5,77.33,Lula,Lula,Lula,4297.43,4795.3,0.26,0.47,290.94
2609105,Machados,PE,Nordeste,Nordeste,,11111,18.64,76.09,-3.85,72.24,74.96,Lula,Lula,Lula,3757.47,4215.86,0.26,0.43,288.89
2614709,Tacaimbó,PE,Nordeste,Nordeste,,11013,17.52,74.36,-3.85,70.51,72.9,Lula,Lula,Lula,3426.57,3825.2,0.26,0.39,286.34
2611408,Primavera,PE,Nordeste,Nordeste,,11000,18.83,71.97,-3.85,68.12,70.85,Lula,Lula,Lula,3044.12,3503.68,0.26,0.35,286.0
2611200,Poção,PE,Nordeste,Nordeste,,10334,23.05,82.4,-3.85,78.55,80.96,Lula,Lula,Lula,4212.3,4567.94,0.26,0.55,268.68
2604304,Cedro,PE,Nordeste,Nordeste,,10190,24.59,83.0,-3.85,79.15,81.14,Lula,Lula,Lula,4234.83,4524.32,0.26,0.56,264.94
2608255,Jucati,PE,Nordeste,Nordeste,,10180,18.75,83.71,-3.85,79.86,82.58,Lula,Lula,Lula,4636.83,5060.32,0.26,0.57,264.68
2605509,Ferreiros,PE,Nordeste,Nordeste,,10137,17.7,71.71,-3.85,67.86,70.52,Lula,Lula,Lula,2752.27,3162.38,0.26,0.34,263.56
2601300,Barra De Guabiraba,PE,Nordeste,Nordeste,,10106,16.56,63.76,-3.85,59.91,63.16,Lula,Lula,Lula,1592.53,2115.06,0.26,0.19,262.76
2601805,Betânia,PE,Nordeste,Nordeste,,10088,20.82,87.94,-3.85,84.09,86.51,Lula,Lula,Lula,5093.28,5453.98,0.26,0.65,262.29
2614303,Moreilândia,PE,Nordeste,Nordeste,,9938,21.72,86.92,-3.85,83.07,85.59,Lula,Lula,Lula,4918.05,5292.22,0.26,0.64,258.39
2612471,Santa Cruz Da Baixa Verde,PE,Nordeste,Nordeste,,9916,18.14,81.54,-3.85,77.69,79.61,Lula,Lula,Lula,4222.59,4515.9,0.26,0.53,257.82
2602407,Brejão,PE,Nordeste,Nordeste,,9703,16.99,78.27,-3.85,74.42,76.97,Lula,Lula,Lula,3699.75,4085.4,0.26,0.47,252.28
2607950,Jaqueira,PE,Nordeste,Nordeste,,9225,22.98,73.15,-3.85,69.3,72.18,Lula,Lula,Lula,2596.1,2983.6,0.26,0.37,239.85
2601508,Belém De Maria,PE,Nordeste,Nordeste,,9176,16.36,73.28,-3.85,69.43,72.08,Lula,Lula,Lula,2817.27,3200.28,0.26,0.37,238.58
2601003,Angelim,PE,Nordeste,Nordeste,,9105,20.02,77.18,-3.85,73.33,76.09,Lula,Lula,Lula,3186.56,3562.9,0.26,0.45,236.73
2606903,Iguaracy,PE,Nordeste,Nordeste,,9100,20.51,83.32,-3.85,79.47,82.13,Lula,Lula,Lula,4033.98,4397.28,0.26,0.57,236.6
2615201,Terra Nova,PE,Nordeste,Nordeste,,8841,17.72,90.68,-3.85,86.83,89.19,Lula,Lula,Lula,5161.44,5493.48,0.26,0.71,229.87
2616100,Verdejante,PE,Nordeste,Nordeste,,8411,19.19,86.19,-3.85,82.34,84.76,Lula,Lula,Lula,4178.97,4491.18,0.26,0.62,218.69
2616183,Vertente Do Lério,PE,Nordeste,Nordeste,,8292,17.34,77.54,-3.85,73.69,76.22,Lula,Lula,Lula,3050.63,3376.14,0.26,0.45,215.59
2612802,Santa Terezinha,PE,Nordeste,Nordeste,,8044,20.69,80.39,-3.85,76.54,78.89,Lula,Lula,Lula,3189.76,3471.84,0.26,0.51,209.14
2609204,Maraial,PE,Nordeste,Nordeste,,8002,22.39,70.99,-3.85,67.14,70.18,Lula,Lula,Lula,2012.73,2369.44,0.26,0.33,208.05
2615904,Tuparetama,PE,Nordeste,Nordeste,,7990,18.89,84.45,-3.85,80.6,83.48,Lula,Lula,Lula,3833.46,4193.8,0.26,0.59,207.74
2603306,Calçado,PE,Nordeste,Nordeste,,7893,18.31,84.61,-3.85,80.76,83.0,Lula,Lula,Lula,3728.84,3999.68,0.26,0.59,205.22
2612901,São Benedito Do Sul,PE,Nordeste,Nordeste,,7832,24.21,78.18,-3.85,74.33,76.92,Lula,Lula,Lula,2677.38,2962.54,0.26,0.47,203.63
2602506,Brejinho,PE,Nordeste,Nordeste,,7811,23.72,81.17,-3.85,77.32,79.65,Lula,Lula,Lula,3043.86,3303.06,0.26,0.52,203.09
2603405,Calumbi,PE,Nordeste,Nordeste,,7378,19.17,86.78,-3.85,82.93,85.44,Lula,Lula,Lula,3771.4,4058.9,0.26,0.63,191.83
2603603,Camutanga,PE,Nordeste,Nordeste,,7337,20.44,69.79,-3.85,65.94,68.73,Lula,Lula,Lula,1733.91,2036.88,0.26,0.31,190.76
2612109,Salgadinho,PE,Nordeste,Nordeste,,7134,23.13,76.73,-3.85,72.88,75.52,Lula,Lula,Lula,2381.87,2656.22,0.26,0.44,185.48
2606309,Granito,PE,Nordeste,Nordeste,,6958,16.79,82.81,-3.85,78.96,81.39,Lula,Lula,Lula,3199.09,3467.26,0.26,0.56,180.91
2606705,Ibirajuba,PE,Nordeste,Nordeste,,6807,19.1,79.34,-3.85,75.49,78.13,Lula,Lula,Lula,2640.36,2913.6,0.26,0.49,176.98
2615102,Terezinha,PE,Nordeste,Nordeste,,6630,20.03,81.32,-3.85,77.47,79.97,Lula,Lula,Lula,2733.5,2982.04,0.26,0.53,172.38
2610103,Palmeirina,PE,Nordeste,Nordeste,,6511,28.94,81.5,-3.85,77.65,79.96,Lula,Lula,Lula,2361.4,2558.88,0.26,0.53,169.29
2611533,Quixaba,PE,Nordeste,Nordeste,,6216,17.13,87.79,-3.85,83.94,86.76,Lula,Lula,Lula,3375.59,3656.4,0.26,0.65,161.62
2614402,Solidão,PE,Nordeste,Nordeste,,5531,19.83,86.88,-3.85,83.03,85.9,Lula,Lula,Lula,2812.83,3057.76,0.26,0.63,143.81
2607406,Itacuruba,PE,Nordeste,Nordeste,,4741,19.93,85.87,-3.85,82.02,84.92,Lula,Lula,Lula,2347.67,2560.0,0.26,0.61,123.27
2607109,Ingazeira,PE,Nordeste,Nordeste,,4249,16.19,85.96,-3.85,82.11,84.87,Lula,Lula,Lula,2166.19,2352.3,0.26,0.62,110.47
2605459,Fernando De Noronha,PE,Nordeste,Nordeste,,3657,32.65,53.08,-3.85,49.23,52.34,Lula,Flávio,Lula,-35.42,108.52,0.26,-0.01,95.08
2211001,Teresina,PI,Nordeste,Nordeste,,592974,14.95,66.03,-3.85,62.18,64.57,Lula,Lula,Lula,116078.57,138849.0,0.26,0.23,15417.32
2207702,Parnaíba,PI,Nordeste,Nordeste,,118423,15.62,64.65,-3.85,60.8,63.53,Lula,Lula,Lula,20457.83,25629.14,0.26,0.21,3079.0
2208007,Picos,PI,Nordeste,Nordeste,,54212,12.74,72.45,-3.85,68.6,71.27,Lula,Lula,Lula,16713.6,19114.46,0.26,0.36,1409.51
2208403,Piripiri,PI,Nordeste,Nordeste,S2#20,53170,23.41,72.48,-3.85,68.63,71.27,Lula,Lula,Lula,14203.82,16219.36,0.26,0.36,1382.42
2203909,Floriano,PI,Nordeste,Nordeste,,44933,18.33,72.6,-3.85,68.75,71.24,Lula,Lula,Lula,13093.62,14830.52,0.26,0.36,1168.26
2211100,União,PI,Nordeste,Nordeste,,38750,15.55,77.05,-3.85,73.2,75.96,Lula,Lula,Lula,14378.99,16088.44,0.26,0.45,1007.5
2201200,Barras,PI,Nordeste,Nordeste,,38201,19.0,75.98,-3.85,72.13,74.77,Lula,Lula,Lula,12983.33,14535.42,0.26,0.42,993.23
2200400,Altos,PI,Nordeste,Nordeste,,37002,13.83,79.47,-3.85,75.62,77.94,Lula,Lula,Lula,15460.24,16860.4,0.26,0.49,962.05
2202208,Campo Maior,PI,Nordeste,Nordeste,,35864,15.22,74.72,-3.85,70.87,73.38,Lula,Lula,Lula,11994.11,13435.62,0.26,0.4,932.46
2205508,José De Freitas,PI,Nordeste,Nordeste,,35332,13.72,84.44,-3.85,80.59,83.04,Lula,Lula,Lula,17819.43,19246.3,0.26,0.59,918.63
2207900,Pedro Ii,PI,Nordeste,Nordeste,S2#57,35312,23.35,74.13,-3.85,70.28,72.95,Lula,Lula,Lula,10393.57,11763.34,0.26,0.39,918.11
2203701,Esperantina,PI,Nordeste,Nordeste,S2#89,32709,21.1,71.12,-3.85,67.27,70.24,Lula,Lula,Lula,8425.72,9874.9,0.26,0.33,850.43
2207009,Oeiras,PI,Nordeste,Nordeste,,31021,18.06,78.17,-3.85,74.32,77.2,Lula,Lula,Lula,11750.91,13141.6,0.26,0.47,806.55
2206209,Miguel Alves,PI,Nordeste,Nordeste,,27719,23.13,82.57,-3.85,78.72,81.4,Lula,Lula,Lula,11652.09,12740.66,0.26,0.55,720.69
2210607,São Raimundo Nonato,PI,Nordeste,Nordeste,,27458,15.0,80.31,-3.85,76.46,79.19,Lula,Lula,Lula,11830.94,13049.06,0.26,0.51,713.91
2205706,Luis Correia,PI,Nordeste,Nordeste,,27367,17.43,74.57,-3.85,70.72,73.31,Lula,Lula,Lula,8800.69,9902.06,0.26,0.4,711.54
2208304,Piracuruca,PI,Nordeste,Nordeste,,25821,18.59,72.56,-3.85,68.71,71.31,Lula,Lula,Lula,7405.7,8435.3,0.26,0.36,671.35
2202703,Cocal,PI,Nordeste,Nordeste,,23420,16.03,70.67,-3.85,66.82,69.72,Lula,Lula,Lula,6179.77,7246.72,0.26,0.32,608.92
2201507,Batalha,PI,Nordeste,Nordeste,,22539,24.11,74.08,-3.85,70.23,73.04,Lula,Lula,Lula,6499.64,7400.86,0.26,0.39,586.01
2202901,Corrente,PI,Nordeste,Nordeste,,21194,20.53,69.4,-3.85,65.55,68.27,Lula,Lula,Lula,4936.8,5800.74,0.26,0.3,551.04
2205805,Luzilândia,PI,Nordeste,Nordeste,,20147,19.8,75.12,-3.85,71.27,74.23,Lula,Lula,Lula,6508.41,7411.76,0.26,0.41,523.82
2201903,Bom Jesus,PI,Nordeste,Nordeste,,19900,15.63,60.82,-3.85,56.97,60.11,Lula,Lula,Lula,2222.26,3223.1,0.26,0.13,517.4
2211209,Uruçuí,PI,Nordeste,Nordeste,,18909,16.02,63.16,-3.85,59.31,62.29,Lula,Lula,Lula,2808.46,3706.04,0.26,0.18,491.63
2211308,Valença Do Piauí,PI,Nordeste,Nordeste,,17671,17.2,78.08,-3.85,74.23,76.97,Lula,Lula,Lula,6684.45,7439.66,0.26,0.47,459.45
2202000,Buriti Dos Lopes,PI,Nordeste,Nordeste,,17653,15.79,73.77,-3.85,69.92,72.61,Lula,Lula,Lula,5592.09,6347.82,0.26,0.38,458.98
2207801,Paulistana,PI,Nordeste,Nordeste,,17052,15.32,79.56,-3.85,75.71,78.03,Lula,Lula,Lula,6921.91,7544.68,0.26,0.49,443.35
2202604,Castelo Do Piauí,PI,Nordeste,Nordeste,,16956,23.43,72.64,-3.85,68.79,71.48,Lula,Lula,Lula,4601.8,5261.64,0.26,0.36,440.86
2202307,Canto Do Buriti,PI,Nordeste,Nordeste,,16253,22.07,75.71,-3.85,71.86,74.67,Lula,Lula,Lula,5204.17,5871.6,0.26,0.42,422.58
2200509,Amarante,PI,Nordeste,Nordeste,,16004,19.95,84.12,-3.85,80.27,83.18,Lula,Lula,Lula,7423.35,8136.98,0.26,0.58,416.1
2200202,Água Branca,PI,Nordeste,Nordeste,,15858,16.74,68.88,-3.85,65.03,68.07,Lula,Lula,Lula,3803.55,4570.22,0.26,0.29,412.31
2210409,São Miguel Do Tapuio,PI,Nordeste,Nordeste,,15612,24.79,81.99,-3.85,78.14,80.82,Lula,Lula,Lula,6241.09,6836.3,0.26,0.54,405.91
2208205,Pio Ix,PI,Nordeste,Nordeste,,15109,15.9,82.38,-3.85,78.53,81.15,Lula,Lula,Lula,6841.08,7468.88,0.26,0.55,392.83
2210003,São João Do Piauí,PI,Nordeste,Nordeste,,15077,16.93,78.39,-3.85,74.54,77.17,Lula,Lula,Lula,5808.93,6431.7,0.26,0.47,392.0
2208809,Regeneração,PI,Nordeste,Nordeste,,14520,21.93,84.49,-3.85,80.64,83.51,Lula,Lula,Lula,6610.81,7229.18,0.26,0.59,377.52
2205201,Jaicós,PI,Nordeste,Nordeste,,14188,22.67,79.31,-3.85,75.46,78.03,Lula,Lula,Lula,5182.25,5703.54,0.26,0.49,368.89
2203305,Demerval Lobão,PI,Nordeste,Nordeste,,13788,13.82,76.29,-3.85,72.44,75.12,Lula,Lula,Lula,5077.29,5684.94,0.26,0.43,358.49
2203503,Elesbão Veloso,PI,Nordeste,Nordeste,,13416,20.76,82.51,-3.85,78.66,81.27,Lula,Lula,Lula,5785.66,6311.68,0.26,0.55,348.82
2207504,Palmeirais,PI,Nordeste,Nordeste,,13336,17.73,84.19,-3.85,80.34,83.26,Lula,Lula,Lula,6429.89,7047.84,0.26,0.58,346.74
2204709,Inhuma,PI,Nordeste,Nordeste,,13109,18.87,81.82,-3.85,77.97,80.34,Lula,Lula,Lula,5611.07,6086.76,0.26,0.54,340.83
2200301,Alto Longá,PI,Nordeste,Nordeste,,12857,13.44,81.85,-3.85,78.0,80.59,Lula,Lula,Lula,5970.59,6522.92,0.26,0.54,334.28
2210706,Simões,PI,Nordeste,Nordeste,,12484,18.06,81.14,-3.85,77.29,79.85,Lula,Lula,Lula,5246.16,5738.56,0.26,0.52,324.58
2205409,Joaquim Pires,PI,Nordeste,Nordeste,,11817,20.09,73.44,-3.85,69.59,72.7,Lula,Lula,Lula,3494.93,4049.32,0.26,0.38,307.24
2206720,Nazária,PI,Nordeste,Nordeste,,11555,14.95,79.09,-3.85,75.24,77.96,Lula,Lula,Lula,4774.66,5289.74,0.26,0.48,300.43
2210508,São Pedro Do Piauí,PI,Nordeste,Nordeste,,11541,16.83,75.34,-3.85,71.49,74.3,Lula,Lula,Lula,3911.83,4423.58,0.26,0.41,300.07
2201150,Baixa Grande Do Ribeiro,PI,Nordeste,Nordeste,,11444,15.55,57.03,-3.85,53.18,56.32,Lula,Lula,Lula,583.39,1158.92,0.26,0.06,297.54
2202406,Capitão De Campos,PI,Nordeste,Nordeste,,10509,20.1,81.15,-3.85,77.3,79.43,Lula,Lula,Lula,4291.6,4627.8,0.26,0.52,273.23
2206407,Monsenhor Gil,PI,Nordeste,Nordeste,,10476,14.89,79.43,-3.85,75.58,78.13,Lula,Lula,Lula,4371.81,4806.92,0.26,0.49,272.38
2210805,Simplício Mendes,PI,Nordeste,Nordeste,,10329,14.93,80.79,-3.85,76.94,79.35,Lula,Lula,Lula,4490.28,4890.54,0.26,0.52,268.55
2208502,Porto,PI,Nordeste,Nordeste,,10000,21.75,71.95,-3.85,68.1,71.24,Lula,Lula,Lula,2706.64,3176.2,0.26,0.35,260.0
2202059,Cabeceiras Do Piauí,PI,Nordeste,Nordeste,,9837,21.5,85.01,-3.85,81.16,83.45,Lula,Lula,Lula,4567.46,4903.38,0.26,0.6,255.76
2201606,Beneditinos,PI,Nordeste,Nordeste,,9612,17.13,84.01,-3.85,80.16,82.55,Lula,Lula,Lula,4574.99,4937.8,0.26,0.58,249.91
2205003,Itainópolis,PI,Nordeste,Nordeste,,9605,16.61,80.54,-3.85,76.69,79.61,Lula,Lula,Lula,3996.32,4433.36,0.26,0.51,249.73
2201101,Avelino Lopes,PI,Nordeste,Nordeste,,9563,21.35,74.33,-3.85,70.48,72.93,Lula,Lula,Lula,2916.46,3265.24,0.26,0.39,248.64
2204303,Fronteiras,PI,Nordeste,Nordeste,,9541,17.9,77.17,-3.85,73.32,76.0,Lula,Lula,Lula,3481.59,3880.32,0.26,0.45,248.07
2206605,Monte Alegre Do Piauí,PI,Nordeste,Nordeste,,9415,21.33,79.97,-3.85,76.12,78.79,Lula,Lula,Lula,3726.69,4108.36,0.26,0.5,244.79
2203206,Curimatá,PI,Nordeste,Nordeste,,9386,18.39,71.92,-3.85,68.07,70.78,Lula,Lula,Lula,2629.06,3023.98,0.26,0.35,244.04
2208106,Pimenteiras,PI,Nordeste,Nordeste,,9384,19.62,80.13,-3.85,76.28,79.08,Lula,Lula,Lula,3741.9,4140.7,0.26,0.5,243.98
2204659,Ilha Grande,PI,Nordeste,Nordeste,,9354,15.76,79.55,-3.85,75.7,78.33,Lula,Lula,Lula,3826.41,4218.86,0.26,0.49,243.2
2205102,Itaueira,PI,Nordeste,Nordeste,,9279,22.25,76.06,-3.85,72.21,75.11,Lula,Lula,Lula,3018.29,3413.1,0.26,0.43,241.25
2210656,Sigefredo Pacheco,PI,Nordeste,Nordeste,,9278,13.54,81.3,-3.85,77.45,79.84,Lula,Lula,Lula,4208.47,4575.16,0.26,0.53,241.23
2206100,Matias Olímpio,PI,Nordeste,Nordeste,,9161,22.0,74.74,-3.85,70.89,73.85,Lula,Lula,Lula,2824.73,3224.94,0.26,0.4,238.19
2201960,Brasileira,PI,Nordeste,Nordeste,,8739,22.5,81.83,-3.85,77.98,80.54,Lula,Lula,Lula,3569.95,3895.6,0.26,0.54,227.21
2205953,Marcolândia,PI,Nordeste,Nordeste,,8736,14.25,67.95,-3.85,64.1,66.69,Lula,Lula,Lula,1975.25,2338.2,0.26,0.27,227.14
2204501,Guadalupe,PI,Nordeste,Nordeste,,8682,25.54,75.8,-3.85,71.95,74.55,Lula,Lula,Lula,2669.42,2985.8,0.26,0.42,225.73
2204402,Gilbués,PI,Nordeste,Nordeste,,8660,19.48,77.62,-3.85,73.78,76.31,Lula,Lula,Lula,3156.69,3493.16,0.26,0.46,225.16
2206803,Nossa Senhora Dos Remédios,PI,Nordeste,Nordeste,,8627,17.04,76.64,-3.85,72.79,75.71,Lula,Lula,Lula,3107.21,3504.94,0.26,0.44,224.3
2205557,Lagoa Alegre,PI,Nordeste,Nordeste,,8599,14.4,84.9,-3.85,81.05,83.48,Lula,Lula,Lula,4426.89,4772.42,0.26,0.6,223.57
2203107,Cristino Castro,PI,Nordeste,Nordeste,,8594,17.23,74.46,-3.85,70.61,73.44,Lula,Lula,Lula,2793.42,3178.18,0.26,0.4,223.44
2202505,Caracol,PI,Nordeste,Nordeste,,8414,17.79,83.04,-3.85,79.19,82.05,Lula,Lula,Lula,3834.44,4209.0,0.26,0.56,218.76
2204808,Ipiranga Do Piauí,PI,Nordeste,Nordeste,,7746,16.2,84.65,-3.85,80.8,83.38,Lula,Lula,Lula,3788.39,4104.66,0.26,0.59,201.4
2202083,Cajueiro Da Praia,PI,Nordeste,Nordeste,,7643,15.4,75.82,-3.85,71.97,74.85,Lula,Lula,Lula,2714.43,3071.34,0.26,0.42,198.72
2201051,Assunção Do Piauí,PI,Nordeste,Nordeste,,7632,28.83,85.35,-3.85,81.5,83.93,Lula,Lula,Lula,3222.55,3470.46,0.26,0.6,198.43
2209971,São João Do Arraial,PI,Nordeste,Nordeste,,7625,17.06,69.16,-3.85,65.31,68.8,Lula,Lula,Lula,1843.32,2264.42,0.26,0.29,198.25
2207603,Parnaguá,PI,Nordeste,Nordeste,,7624,21.51,79.37,-3.85,75.52,78.27,Lula,Lula,Lula,2921.88,3236.46,0.26,0.49,198.22
2203453,Dom Inocêncio,PI,Nordeste,Nordeste,,7564,14.53,85.77,-3.85,81.92,84.38,Lula,Lula,Lula,3945.92,4249.42,0.26,0.61,196.66
2206506,Monsenhor Hipólito,PI,Nordeste,Nordeste,,7493,15.15,83.15,-3.85,79.3,82.05,Lula,Lula,Lula,3554.49,3887.44,0.26,0.56,194.82
2208650,Queimada Nova,PI,Nordeste,Nordeste,,7227,17.03,78.02,-3.85,74.17,76.29,Lula,Lula,Lula,2572.66,2798.34,0.26,0.46,187.9
2200707,Anísio De Abreu,PI,Nordeste,Nordeste,,7166,15.42,86.63,-3.85,82.78,85.83,Lula,Lula,Lula,3818.4,4173.66,0.26,0.63,186.32
2204204,Francisco Santos,PI,Nordeste,Nordeste,,7087,17.06,81.97,-3.85,78.12,80.38,Lula,Lula,Lula,3137.56,3390.22,0.26,0.54,184.26
2206357,Milton Brandão,PI,Nordeste,Nordeste,,7087,24.98,67.93,-3.85,64.08,67.2,Lula,Lula,Lula,1416.91,1730.36,0.26,0.27,184.26
2208700,Redenção Do Gurguéia,PI,Nordeste,Nordeste,,7001,18.41,69.09,-3.85,65.24,68.26,Lula,Lula,Lula,1659.95,1989.16,0.26,0.29,182.03
2202026,Buriti Dos Montes,PI,Nordeste,Nordeste,,6972,13.63,83.82,-3.85,79.97,82.79,Lula,Lula,Lula,3478.93,3807.08,0.26,0.58,181.27
2209906,São João Da Serra,PI,Nordeste,Nordeste,,6905,17.45,78.72,-3.85,74.87,77.31,Lula,Lula,Lula,2699.54,2964.6,0.26,0.48,179.53
2205276,Jatobá Do Piauí,PI,Nordeste,Nordeste,,6898,14.98,82.86,-3.85,79.01,81.78,Lula,Lula,Lula,3275.59,3588.96,0.26,0.56,179.35
2201770,Boa Hora,PI,Nordeste,Nordeste,,6884,19.09,79.45,-3.85,75.6,78.22,Lula,Lula,Lula,2715.35,2993.62,0.26,0.49,178.98
2201919,Bom Princípio Do Piauí,PI,Nordeste,Nordeste,,6778,14.77,74.1,-3.85,70.25,73.15,Lula,Lula,Lula,2198.32,2513.0,0.26,0.39,176.23
2210938,Sussuapara,PI,Nordeste,Nordeste,,6735,12.59,81.52,-3.85,77.67,80.15,Lula,Lula,Lula,3082.52,3359.26,0.26,0.53,175.11
2205854,Madeiro,PI,Nordeste,Nordeste,,6714,22.06,81.06,-3.85,77.21,80.18,Lula,Lula,Lula,2707.23,3003.54,0.26,0.52,174.56
2206704,Nazaré Do Piauí,PI,Nordeste,Nordeste,,6697,19.4,87.59,-3.85,83.74,86.36,Lula,Lula,Lula,3480.5,3750.5,0.26,0.65,174.12
2203354,Dirceu Arcoverde,PI,Nordeste,Nordeste,,6674,17.26,87.5,-3.85,83.65,86.73,Lula,Lula,Lula,3610.28,3939.9,0.26,0.65,173.52
2200608,Angical Do Piauí,PI,Nordeste,Nordeste,,6640,18.01,80.0,-3.85,76.15,78.82,Lula,Lula,Lula,2714.03,2990.72,0.26,0.5,172.64
2203404,Dom Expedito Lopes,PI,Nordeste,Nordeste,,6542,11.91,78.66,-3.85,74.81,77.54,Lula,Lula,Lula,2722.4,3021.6,0.26,0.48,170.09
2204352,Geminiano,PI,Nordeste,Nordeste,,6469,12.07,82.71,-3.85,78.86,81.46,Lula,Lula,Lula,3114.62,3394.88,0.26,0.55,168.19
2204907,Isaías Coelho,PI,Nordeste,Nordeste,,6463,17.08,88.22,-3.85,84.37,87.16,Lula,Lula,Lula,3475.75,3757.56,0.26,0.66,168.04
2206050,Massapê Do Piauí,PI,Nordeste,Nordeste,,6452,21.79,86.62,-3.85,82.77,84.96,Lula,Lula,Lula,3002.85,3204.18,0.26,0.63,167.75
2201408,Barro Duro,PI,Nordeste,Nordeste,,6411,19.95,71.45,-3.85,67.6,70.5,Lula,Lula,Lula,1749.53,2038.28,0.26,0.34,166.69
2200053,Acauã,PI,Nordeste,Nordeste,,6390,10.06,84.48,-3.85,80.63,82.36,Lula,Lula,Lula,3288.73,3475.1,0.26,0.59,166.14
2209401,Santo Antônio De Lisboa,PI,Nordeste,Nordeste,,6371,14.13,76.29,-3.85,72.44,75.43,Lula,Lula,Lula,2331.04,2642.46,0.26,0.43,165.65
2203230,Currais,PI,Nordeste,Nordeste,,6287,14.2,75.43,-3.85,71.58,74.4,Lula,Lula,Lula,2233.54,2525.14,0.26,0.41,163.46
2203008,Cristalândia Do Piauí,PI,Nordeste,Nordeste,,6237,21.52,79.7,-3.85,75.85,78.47,Lula,Lula,Lula,2398.32,2641.54,0.26,0.5,162.16
2209708,São Francisco Do Piauí,PI,Nordeste,Nordeste,,6210,23.4,70.76,-3.85,66.91,69.94,Lula,Lula,Lula,1499.12,1768.16,0.26,0.32,161.46
2202778,Colônia Do Piauí,PI,Nordeste,Nordeste,,6180,22.28,85.23,-3.85,81.38,84.51,Lula,Lula,Lula,2890.19,3178.56,0.26,0.6,160.68
2200251,Alagoinha Do Piauí,PI,Nordeste,Nordeste,,6145,13.31,73.9,-3.85,70.05,72.63,Lula,Lula,Lula,1997.06,2253.28,0.26,0.39,159.77
2206753,Nossa Senhora De Nazaré,PI,Nordeste,Nordeste,,6117,14.11,86.4,-3.85,82.55,84.98,Lula,Lula,Lula,3305.82,3552.44,0.26,0.62,159.04
2201945,Boqueirão Do Piauí,PI,Nordeste,Nordeste,,6086,21.75,84.13,-3.85,80.28,82.72,Lula,Lula,Lula,2754.51,2976.26,0.26,0.58,158.24
2206696,Murici Dos Portelas,PI,Nordeste,Nordeste,,6070,18.93,80.14,-3.85,76.29,78.58,Lula,Lula,Lula,2418.35,2629.1,0.26,0.5,157.82
2205573,Lagoa De São Francisco,PI,Nordeste,Nordeste,,6040,22.15,78.28,-3.85,74.43,76.88,Lula,Lula,Lula,2175.53,2394.04,0.26,0.47,157.04
2207207,Padre Marcos,PI,Nordeste,Nordeste,,6038,17.52,81.62,-3.85,77.77,80.67,Lula,Lula,Lula,2612.86,2885.12,0.26,0.53,156.99
2210201,São José Do Piauí,PI,Nordeste,Nordeste,,6004,19.02,84.33,-3.85,80.48,83.4,Lula,Lula,Lula,2825.11,3096.22,0.26,0.59,156.1
2209104,Santa Cruz Do Piauí,PI,Nordeste,Nordeste,,5902,12.03,82.56,-3.85,78.71,81.64,Lula,Lula,Lula,2844.64,3135.4,0.26,0.55,153.45
2206670,Morro Do Chapéu Do Piauí,PI,Nordeste,Nordeste,,5871,19.64,81.16,-3.85,77.31,80.28,Lula,Lula,Lula,2445.5,2711.36,0.26,0.52,152.65
2201739,Betânia Do Piauí,PI,Nordeste,Nordeste,,5865,13.76,86.77,-3.85,82.92,84.66,Lula,Lula,Lula,3157.66,3324.24,0.26,0.63,152.49
2202174,Campo Largo Do Piauí,PI,Nordeste,Nordeste,,5863,19.85,76.88,-3.85,73.03,75.98,Lula,Lula,Lula,2058.33,2321.84,0.26,0.44,152.44
2202653,Caxingó,PI,Nordeste,Nordeste,,5777,13.76,80.43,-3.85,76.58,79.08,Lula,Lula,Lula,2484.84,2719.44,0.26,0.51,150.2
2202737,Coivaras,PI,Nordeste,Nordeste,,5672,11.0,78.66,-3.85,74.81,77.37,Lula,Lula,Lula,2384.75,2631.6,0.26,0.48,147.47
2210300,São Julião,PI,Nordeste,Nordeste,,5605,15.49,78.43,-3.85,74.58,77.33,Lula,Lula,Lula,2257.6,2510.92,0.26,0.47,145.73
2205458,Joca Marques,PI,Nordeste,Nordeste,,5603,17.31,78.2,-3.85,74.35,77.4,Lula,Lula,Lula,2153.24,2422.92,0.26,0.47,145.68
2202729,Cocal Dos Alves,PI,Nordeste,Nordeste,,5586,17.4,85.6,-3.85,81.75,84.03,Lula,Lula,Lula,2729.78,2925.84,0.26,0.61,145.24
2208908,Ribeiro Gonçalves,PI,Nordeste,Nordeste,,5577,17.37,69.5,-3.85,65.65,68.24,Lula,Lula,Lula,1371.15,1598.28,0.26,0.3,145.0
2200905,Aroazes,PI,Nordeste,Nordeste,,5575,19.52,82.42,-3.85,78.57,81.44,Lula,Lula,Lula,2446.07,2691.8,0.26,0.55,144.95
2201804,Bocaina,PI,Nordeste,Nordeste,,5573,14.09,79.91,-3.85,76.06,78.45,Lula,Lula,Lula,2400.49,2619.78,0.26,0.5,144.9
2202752,Colônia Do Gurguéia,PI,Nordeste,Nordeste,,5574,20.33,76.82,-3.85,72.97,75.89,Lula,Lula,Lula,1953.96,2202.12,0.26,0.44,144.92
2207777,Patos Do Piauí,PI,Nordeste,Nordeste,,5568,17.15,84.5,-3.85,80.65,83.09,Lula,Lula,Lula,2608.63,2816.22,0.26,0.59,144.77
2209203,Santa Filomena,PI,Nordeste,Nordeste,,5554,18.89,67.71,-3.85,63.86,66.61,Lula,Lula,Lula,1187.45,1423.36,0.26,0.27,144.4
2200103,Agricolândia,PI,Nordeste,Nordeste,,5547,19.36,80.98,-3.85,77.13,79.82,Lula,Lula,Lula,2328.02,2558.6,0.26,0.52,144.22
2205516,Juazeiro Do Piauí,PI,Nordeste,Nordeste,,5440,14.39,78.25,-3.85,74.4,76.54,Lula,Lula,Lula,2161.02,2350.46,0.26,0.47,141.44
2209005,Rio Grande Do Piauí,PI,Nordeste,Nordeste,,5426,18.91,82.86,-3.85,79.01,81.98,Lula,Lula,Lula,2436.05,2686.32,0.26,0.56,141.08
2203271,Curral Novo Do Piauí,PI,Nordeste,Nordeste,,5409,13.87,87.79,-3.85,83.94,86.39,Lula,Lula,Lula,3026.52,3245.06,0.26,0.65,140.63
2207793,Pau D'Arco Do Piauí,PI,Nordeste,Nordeste,,5401,12.78,81.13,-3.85,77.28,79.6,Lula,Lula,Lula,2447.45,2655.2,0.26,0.52,140.43
2202851,Coronel José Dias,PI,Nordeste,Nordeste,,5395,13.27,86.52,-3.85,82.67,85.21,Lula,Lula,Lula,2933.29,3161.9,0.26,0.63,140.27
2202109,Campinas Do Piauí,PI,Nordeste,Nordeste,,5376,21.19,89.14,-3.85,85.29,88.28,Lula,Lula,Lula,2840.9,3080.98,0.26,0.68,139.78
2209872,São João Da Fronteira,PI,Nordeste,Nordeste,,5375,17.88,75.85,-3.85,72.0,74.57,Lula,Lula,Lula,1810.43,2021.84,0.26,0.42,139.75
2202539,Caraúbas Do Piauí,PI,Nordeste,Nordeste,,5366,17.22,71.96,-3.85,68.11,70.82,Lula,Lula,Lula,1494.65,1718.84,0.26,0.35,139.52
2202133,Campo Grande Do Piauí,PI,Nordeste,Nordeste,,5304,15.82,85.9,-3.85,82.05,84.34,Lula,Lula,Lula,2688.72,2880.82,0.26,0.62,137.9
2203255,Curralinhos,PI,Nordeste,Nordeste,,5297,14.74,84.21,-3.85,80.36,83.16,Lula,Lula,Lula,2652.24,2896.96,0.26,0.58,137.72
2209302,Santa Luz,PI,Nordeste,Nordeste,,5273,14.38,68.71,-3.85,64.86,67.98,Lula,Lula,Lula,1276.51,1544.7,0.26,0.29,137.1
2205581,Lagoa Do Piauí,PI,Nordeste,Nordeste,,5239,12.58,76.19,-3.85,72.34,74.93,Lula,Lula,Lula,1962.39,2189.72,0.26,0.43,136.21
2205151,Jacobina Do Piauí,PI,Nordeste,Nordeste,,5231,8.93,78.6,-3.85,74.75,76.45,Lula,Lula,Lula,2179.56,2328.64,0.26,0.48,136.01
2205524,Júlio Borges,PI,Nordeste,Nordeste,,5222,23.67,86.05,-3.85,82.2,84.45,Lula,Lula,Lula,2466.56,2638.5,0.26,0.62,135.77
2205532,Jurema,PI,Nordeste,Nordeste,,5184,18.79,85.35,-3.85,81.5,84.29,Lula,Lula,Lula,2524.29,2747.78,0.26,0.6,134.78
2202091,Caldeirão Grande Do Piauí,PI,Nordeste,Nordeste,,5176,14.41,80.72,-3.85,76.87,79.02,Lula,Lula,Lula,2287.8,2471.38,0.26,0.52,134.58
2209807,São Gonçalo Do Piauí,PI,Nordeste,Nordeste,,5172,16.09,73.11,-3.85,69.26,72.11,Lula,Lula,Lula,1597.58,1833.76,0.26,0.37,134.47
2204105,Francisco Ayres,PI,Nordeste,Nordeste,,5168,22.47,81.77,-3.85,77.92,80.27,Lula,Lula,Lula,2133.03,2312.8,0.26,0.54,134.37
2206902,Novo Oriente Do Piauí,PI,Nordeste,Nordeste,,5158,18.86,86.02,-3.85,82.17,84.7,Lula,Lula,Lula,2554.94,2756.14,0.26,0.62,134.11
2205607,Landri Sales,PI,Nordeste,Nordeste,,5122,22.75,77.83,-3.85,73.98,76.93,Lula,Lula,Lula,1792.11,2012.62,0.26,0.46,133.17
2210052,São José Do Divino,PI,Nordeste,Nordeste,,5071,14.93,80.91,-3.85,77.06,78.99,Lula,Lula,Lula,2182.07,2338.28,0.26,0.52,131.85
2202554,Caridade Do Piauí,PI,Nordeste,Nordeste,,5023,15.41,83.98,-3.85,80.13,82.03,Lula,Lula,Lula,2431.86,2585.1,0.26,0.58,130.6
2202802,Conceição Do Canindé,PI,Nordeste,Nordeste,,5002,15.79,78.26,-3.85,74.41,76.79,Lula,Lula,Lula,1915.66,2102.14,0.26,0.47,130.05
2209377,Santa Rosa Do Piauí,PI,Nordeste,Nordeste,,4981,22.24,77.22,-3.85,73.37,76.27,Lula,Lula,Lula,1720.71,1934.78,0.26,0.45,129.51
2201705,Bertolínia,PI,Nordeste,Nordeste,,4969,16.42,72.06,-3.85,68.21,70.73,Lula,Lula,Lula,1434.91,1633.76,0.26,0.35,129.19
2201929,Bonfim Do Piauí,PI,Nordeste,Nordeste,,4967,16.11,91.16,-3.85,87.31,90.11,Lula,Lula,Lula,2967.52,3190.02,0.26,0.72,129.14
2207405,Palmeira Do Piauí,PI,Nordeste,Nordeste,,4922,16.07,66.9,-3.85,63.05,65.72,Lula,Lula,Lula,1018.59,1227.08,0.26,0.25,127.97
2205904,Manoel Emídio,PI,Nordeste,Nordeste,,4913,17.28,81.11,-3.85,77.26,79.98,Lula,Lula,Lula,2127.49,2339.12,0.26,0.52,127.74
2205599,Lagoa Do Sítio,PI,Nordeste,Nordeste,,4865,16.63,83.64,-3.85,79.79,82.75,Lula,Lula,Lula,2295.89,2523.44,0.26,0.57,126.49
2210359,São Lourenço Do Piauí,PI,Nordeste,Nordeste,,4860,15.16,87.33,-3.85,83.48,85.94,Lula,Lula,Lula,2615.59,2808.0,0.26,0.64,126.36
2205300,Jerumenha,PI,Nordeste,Nordeste,,4814,19.71,77.69,-3.85,73.84,76.77,Lula,Lula,Lula,1761.06,1977.34,0.26,0.46,125.16
2209658,São Francisco De Assis Do Piauí,PI,Nordeste,Nordeste,,4780,12.59,72.42,-3.85,68.57,69.95,Lula,Lula,Lula,1399.64,1503.8,0.26,0.36,124.28
2203750,Fartura Do Piauí,PI,Nordeste,Nordeste,,4753,17.17,90.41,-3.85,86.56,89.48,Lula,Lula,Lula,2805.21,3028.98,0.26,0.7,123.58
2206951,Novo Santo Antônio,PI,Nordeste,Nordeste,,4732,15.91,85.23,-3.85,81.38,83.81,Lula,Lula,Lula,2411.56,2597.74,0.26,0.6,123.03
2211357,Várzea Branca,PI,Nordeste,Nordeste,,4694,15.96,87.59,-3.85,83.74,86.5,Lula,Lula,Lula,2533.19,2740.18,0.26,0.65,122.04
2200459,Alvorada Do Gurguéia,PI,Nordeste,Nordeste,,4659,17.97,76.78,-3.85,72.93,75.69,Lula,Lula,Lula,1679.24,1880.84,0.26,0.44,121.13
2202711,Cocal De Telha,PI,Nordeste,Nordeste,,4645,22.73,84.95,-3.85,81.1,83.43,Lula,Lula,Lula,2075.7,2231.28,0.26,0.6,120.77
2205565,Lagoa Do Barro Do Piauí,PI,Nordeste,Nordeste,,4646,14.38,82.71,-3.85,78.86,81.49,Lula,Lula,Lula,2157.21,2353.26,0.26,0.55,120.8
2210623,Sebastião Barros,PI,Nordeste,Nordeste,,4633,17.61,73.22,-3.85,69.37,71.94,Lula,Lula,Lula,1407.33,1594.1,0.26,0.37,120.46
2204006,Francinópolis,PI,Nordeste,Nordeste,,4556,19.32,87.82,-3.85,83.97,86.87,Lula,Lula,Lula,2379.03,2582.26,0.26,0.65,118.46
2202117,Campo Alegre Do Fidalgo,PI,Nordeste,Nordeste,,4536,12.21,81.99,-3.85,78.14,80.63,Lula,Lula,Lula,2114.58,2301.6,0.26,0.54,117.94
2200277,Alegrete Do Piauí,PI,Nordeste,Nordeste,,4534,20.56,74.41,-3.85,70.56,73.4,Lula,Lula,Lula,1431.34,1629.1,0.26,0.39,117.88
2205250,Jardim Do Mulato,PI,Nordeste,Nordeste,,4530,15.54,77.15,-3.85,73.3,76.06,Lula,Lula,Lula,1714.32,1916.98,0.26,0.45,117.78
2209856,São João Da Canabrava,PI,Nordeste,Nordeste,,4502,17.7,86.66,-3.85,82.81,85.47,Lula,Lula,Lula,2352.02,2543.34,0.26,0.63,117.05
2207306,Paes Landim,PI,Nordeste,Nordeste,,4499,21.36,73.54,-3.85,69.69,72.84,Lula,Lula,Lula,1317.24,1528.12,0.26,0.38,116.97
2208858,Riacho Frio,PI,Nordeste,Nordeste,,4492,18.59,85.67,-3.85,81.82,84.5,Lula,Lula,Lula,2240.2,2428.34,0.26,0.61,116.79
2204550,Guaribas,PI,Nordeste,Nordeste,,4478,23.67,89.32,-3.85,85.47,88.59,Lula,Lula,Lula,2373.25,2581.9,0.26,0.68,116.43
2204600,Hugo Napoleão,PI,Nordeste,Nordeste,,4428,18.18,76.03,-3.85,72.18,75.05,Lula,Lula,Lula,1534.02,1732.64,0.26,0.43,115.13
2201002,Arraial,PI,Nordeste,Nordeste,,4367,16.19,84.26,-3.85,80.41,82.96,Lula,Lula,Lula,2126.38,2305.24,0.26,0.58,113.54
2200954,Aroeiras Do Itaim,PI,Nordeste,Nordeste,,4352,9.74,81.16,-3.85,77.31,79.8,Lula,Lula,Lula,2045.34,2232.32,0.26,0.52,113.15
2206001,Marcos Parente,PI,Nordeste,Nordeste,,4326,19.42,70.1,-3.85,66.25,69.23,Lula,Lula,Lula,1089.38,1288.94,0.26,0.31,112.48
2203800,Flores Do Piauí,PI,Nordeste,Nordeste,,4318,23.9,80.72,-3.85,76.87,79.72,Lula,Lula,Lula,1674.91,1853.0,0.26,0.52,112.27
2211704,Wall Ferraz,PI,Nordeste,Nordeste,,4305,11.08,79.52,-3.85,75.67,78.53,Lula,Lula,Lula,1881.57,2091.06,0.26,0.49,111.93
2210904,Socorro Do Piauí,PI,Nordeste,Nordeste,,4300,20.65,80.84,-3.85,76.99,79.57,Lula,Lula,Lula,1757.29,1925.38,0.26,0.52,111.8
2203420,Domingos Mourão,PI,Nordeste,Nordeste,,4268,19.45,84.3,-3.85,80.45,83.2,Lula,Lula,Lula,2007.06,2187.88,0.26,0.58,110.97
2210631,Sebastião Leal,PI,Nordeste,Nordeste,,4234,11.41,59.56,-3.85,55.71,59.15,Lula,Lula,Lula,409.89,656.72,0.26,0.11,110.08
2209351,Santana Do Piauí,PI,Nordeste,Nordeste,,4214,13.53,84.64,-3.85,80.79,83.46,Lula,Lula,Lula,2137.53,2323.2,0.26,0.59,109.56
2206654,Morro Cabeça No Tempo,PI,Nordeste,Nordeste,,4202,19.49,82.53,-3.85,78.68,81.33,Lula,Lula,Lula,1825.79,1994.48,0.26,0.55,109.25
2207553,Paquetá,PI,Nordeste,Nordeste,,4173,12.01,82.71,-3.85,78.86,81.72,Lula,Lula,Lula,2061.12,2265.88,0.26,0.55,108.5
2211407,Várzea Grande,PI,Nordeste,Nordeste,,4174,22.3,78.74,-3.85,74.89,77.56,Lula,Lula,Lula,1488.52,1648.2,0.26,0.48,108.52
2207751,Passagem Franca Do Piauí,PI,Nordeste,Nordeste,,4164,26.03,74.84,-3.85,70.99,73.96,Lula,Lula,Lula,1249.61,1426.0,0.26,0.4,108.26
2209559,São Braz Do Piauí,PI,Nordeste,Nordeste,,4155,16.49,90.19,-3.85,86.34,88.9,Lula,Lula,Lula,2418.93,2589.32,0.26,0.7,108.03
2207959,Nova Santa Rita,PI,Nordeste,Nordeste,,4142,14.8,87.04,-3.85,83.19,85.47,Lula,Lula,Lula,2247.76,2402.28,0.26,0.64,107.69
2209955,São João Da Varjota,PI,Nordeste,Nordeste,,4131,17.14,85.62,-3.85,81.77,84.92,Lula,Lula,Lula,2095.69,2303.76,0.26,0.61,107.41
2202455,Capitão Gervásio Oliveira,PI,Nordeste,Nordeste,,4054,13.62,86.97,-3.85,83.12,85.41,Lula,Lula,Lula,2188.61,2339.84,0.26,0.64,105.4
2203602,Eliseu Martins,PI,Nordeste,Nordeste,,4015,23.04,79.81,-3.85,75.96,78.7,Lula,Lula,Lula,1516.81,1677.02,0.26,0.5,104.39
2209153,Santa Cruz Dos Milagres,PI,Nordeste,Nordeste,,3971,17.96,80.48,-3.85,76.63,79.21,Lula,Lula,Lula,1685.15,1848.8,0.26,0.51,103.25
2209609,São Félix Do Piauí,PI,Nordeste,Nordeste,,3968,17.72,73.2,-3.85,69.35,72.05,Lula,Lula,Lula,1212.01,1380.84,0.26,0.37,103.17
2205359,João Costa,PI,Nordeste,Nordeste,,3918,17.61,82.5,-3.85,78.65,81.51,Lula,Lula,Lula,1757.47,1932.84,0.26,0.55,101.87
2207850,Pavussu,PI,Nordeste,Nordeste,,3909,20.75,86.52,-3.85,82.67,85.58,Lula,Lula,Lula,1944.81,2117.94,0.26,0.63,101.63
2201988,Brejo Do Piauí,PI,Nordeste,Nordeste,,3894,19.03,87.3,-3.85,83.45,86.69,Lula,Lula,Lula,2022.84,2218.86,0.26,0.64,101.24
2208874,Ribeira Do Piauí,PI,Nordeste,Nordeste,,3891,18.58,82.97,-3.85,79.12,81.8,Lula,Lula,Lula,1751.46,1913.02,0.26,0.56,101.17
2208601,Prata Do Piauí,PI,Nordeste,Nordeste,,3706,18.97,85.06,-3.85,81.21,84.07,Lula,Lula,Lula,1802.96,1968.38,0.26,0.6,96.36
2211506,Vera Mendes,PI,Nordeste,Nordeste,,3670,17.68,84.83,-3.85,80.98,83.21,Lula,Lula,Lula,1721.74,1845.52,0.26,0.59,95.42
2202075,Cajazeiras Do Piauí,PI,Nordeste,Nordeste,,3662,19.52,85.86,-3.85,82.01,85.11,Lula,Lula,Lula,1780.79,1953.74,0.26,0.61,95.21
2209500,Santo Inácio Do Piauí,PI,Nordeste,Nordeste,,3644,15.15,82.12,-3.85,78.27,81.27,Lula,Lula,Lula,1692.6,1871.8,0.26,0.54,94.74
2201309,Barreiras Do Piauí,PI,Nordeste,Nordeste,,3633,27.97,76.27,-3.85,72.42,74.59,Lula,Lula,Lula,1121.18,1229.58,0.26,0.43,94.46
2201176,Barra D'Alcântara,PI,Nordeste,Nordeste,,3576,19.49,82.27,-3.85,78.42,81.57,Lula,Lula,Lula,1526.88,1695.74,0.26,0.55,92.98
2210375,São Luis Do Piauí,PI,Nordeste,Nordeste,,3574,20.03,82.2,-3.85,78.35,80.73,Lula,Lula,Lula,1552.0,1682.5,0.26,0.54,92.92
2201556,Bela Vista Do Piauí,PI,Nordeste,Nordeste,,3462,7.31,81.03,-3.85,77.18,78.77,Lula,Lula,Lula,1560.59,1651.88,0.26,0.52,90.01
2202251,Canavieira,PI,Nordeste,Nordeste,,3447,20.97,76.76,-3.85,72.91,76.05,Lula,Lula,Lula,1198.16,1362.76,0.26,0.44,89.62
2207355,Pajeú Do Piauí,PI,Nordeste,Nordeste,,3407,21.57,80.29,-3.85,76.44,79.39,Lula,Lula,Lula,1342.9,1492.5,0.26,0.51,88.58
2210102,São José Do Peixe,PI,Nordeste,Nordeste,,3371,24.15,80.14,-3.85,76.29,79.31,Lula,Lula,Lula,1269.2,1414.76,0.26,0.5,87.65
2201572,Belém Do Piauí,PI,Nordeste,Nordeste,,3328,10.16,79.13,-3.85,75.28,77.89,Lula,Lula,Lula,1427.25,1574.48,0.26,0.49,86.53
2207934,Pedro Laurentino,PI,Nordeste,Nordeste,,3276,14.96,75.29,-3.85,71.44,74.47,Lula,Lula,Lula,1129.2,1288.66,0.26,0.41,85.18
2205540,Lagoinha Do Piauí,PI,Nordeste,Nordeste,,3244,21.12,79.05,-3.85,75.2,78.03,Lula,Lula,Lula,1233.61,1372.24,0.26,0.48,84.34
2200806,Antônio Almeida,PI,Nordeste,Nordeste,,3064,18.44,64.44,-3.85,60.59,63.92,Lula,Lula,Lula,510.14,670.34,0.26,0.2,79.66
2210391,São Miguel Do Fidalgo,PI,Nordeste,Nordeste,,3027,21.41,85.0,-3.85,81.15,84.41,Lula,Lula,Lula,1436.34,1586.4,0.26,0.6,78.7
2211605,Vila Nova Do Piauí,PI,Nordeste,Nordeste,,3001,10.23,78.19,-3.85,74.34,76.28,Lula,Lula,Lula,1238.07,1336.48,0.26,0.47,78.03
2210953,Tamboril Do Piauí,PI,Nordeste,Nordeste,,2989,17.56,80.46,-3.85,76.61,79.11,Lula,Lula,Lula,1235.71,1351.72,0.26,0.51,77.71
2209757,São Gonçalo Do Gurguéia,PI,Nordeste,Nordeste,,2882,21.24,75.15,-3.85,71.3,74.06,Lula,Lula,Lula,924.8,1044.54,0.26,0.41,74.93
2204154,Francisco Macedo,PI,Nordeste,Nordeste,,2841,14.33,80.99,-3.85,77.14,79.44,Lula,Lula,Lula,1251.14,1356.9,0.26,0.52,73.87
2210383,São Miguel Da Baixa Grande,PI,Nordeste,Nordeste,,2835,20.63,70.82,-3.85,66.97,69.65,Lula,Lula,Lula,734.69,850.74,0.26,0.33,73.71
2210979,Tanque Do Piauí,PI,Nordeste,Nordeste,,2725,15.6,81.85,-3.85,78.0,79.95,Lula,Lula,Lula,1193.93,1277.22,0.26,0.54,70.85
2207108,Olho D'Água Do Piauí,PI,Nordeste,Nordeste,,2708,17.87,81.21,-3.85,77.36,80.19,Lula,Lula,Lula,1182.63,1305.2,0.26,0.53,70.41
2203859,Floresta Do Piauí,PI,Nordeste,Nordeste,,2599,21.12,86.16,-3.85,82.31,84.63,Lula,Lula,Lula,1246.81,1336.24,0.26,0.62,67.57
2208551,Porto Alegre Do Piauí,PI,Nordeste,Nordeste,,2106,16.95,71.39,-3.85,67.54,70.63,Lula,Lula,Lula,573.77,674.58,0.26,0.34,54.76
2209450,Santo Antônio Dos Milagres,PI,Nordeste,Nordeste,,1955,16.78,80.63,-3.85,76.78,79.93,Lula,Lula,Lula,835.58,934.1,0.26,0.51,50.83
2206308,Miguel Leão,PI,Nordeste,Nordeste,,1890,13.76,66.07,-3.85,62.22,65.48,Lula,Lula,Lula,379.31,480.42,0.26,0.23,49.14
4106902,Curitiba,PR,Sul,Sul,,1415148,19.72,34.56,3.4,37.96,35.19,Flávio,Flávio,Flávio,-256185.8,-315187.96,-0.23,-0.22,-32548.4
4113700,Londrina,PR,Sul,Sul,,394978,20.9,27.08,3.4,30.48,28.27,Flávio,Flávio,Flávio,-114098.33,-127040.18,-0.23,-0.36,-9084.49
4115200,Maringá,PR,Sul,Sul,,302812,21.05,29.78,3.4,33.18,30.68,Flávio,Flávio,Flávio,-76363.74,-87695.16,-0.23,-0.31,-6964.68
4119905,Ponta Grossa,PR,Sul,Sul,,258390,19.75,32.27,3.4,35.67,33.13,Flávio,Flávio,Flávio,-55323.92,-65118.72,-0.23,-0.27,-5942.97
4104808,Cascavel,PR,Sul,Sul,,239954,19.01,29.63,3.4,33.03,30.41,Flávio,Flávio,Flávio,-62765.26,-72458.26,-0.23,-0.32,-5518.94
4125506,São José Dos Pinhais,PR,Sul,Sul,,227539,20.3,31.68,3.4,35.08,32.51,Flávio,Flávio,Flávio,-50564.98,-59304.8,-0.23,-0.28,-5233.4
4108304,Foz Do Iguaçu,PR,Sul,Sul,,209121,21.06,34.04,3.4,37.44,34.46,Flávio,Flávio,Flávio,-39545.05,-48930.46,-0.23,-0.23,-4809.78
4105805,Colombo,PR,Sul,Sul,,161954,20.27,36.21,3.4,39.61,36.63,Flávio,Flávio,Flávio,-24952.52,-32120.24,-0.23,-0.19,-3724.94
4109401,Guarapuava,PR,Sul,Sul,S3#72,133846,19.55,40.14,3.4,43.54,40.2,Flávio,Flávio,Flávio,-13120.49,-19907.78,-0.23,-0.12,-3078.46
4101804,Araucária,PR,Sul,Sul,,112066,20.22,40.89,3.4,44.29,40.9,Flávio,Flávio,Flávio,-9457.91,-15064.26,-0.23,-0.11,-2577.52
4118204,Paranaguá,PR,Sul,Sul,,108469,20.51,33.27,3.4,36.67,33.79,Flávio,Flávio,Flávio,-21781.37,-26496.56,-0.23,-0.25,-2494.79
4127700,Toledo,PR,Sul,Sul,,108119,18.43,28.3,3.4,31.7,29.09,Flávio,Flávio,Flávio,-30782.92,-35180.12,-0.23,-0.34,-2486.74
4119152,Pinhais,PR,Sul,Sul,,99265,19.9,35.27,3.4,38.67,35.79,Flávio,Flávio,Flávio,-16883.58,-21174.14,-0.23,-0.21,-2283.1
4104204,Campo Largo,PR,Sul,Sul,,94798,19.32,31.63,3.4,35.03,32.39,Flávio,Flávio,Flávio,-21383.87,-25155.88,-0.23,-0.28,-2180.35
4101408,Apucarana,PR,Sul,Sul,,94187,21.66,26.43,3.4,29.83,27.5,Flávio,Flávio,Flávio,-27850.6,-31063.98,-0.23,-0.38,-2166.3
4107652,Fazenda Rio Grande,PR,Sul,Sul,,94019,23.28,35.73,3.4,39.13,36.18,Flávio,Flávio,Flávio,-14567.6,-18513.94,-0.23,-0.2,-2162.44
4101507,Arapongas,PR,Sul,Sul,,84444,20.55,21.78,3.4,25.18,23.01,Flávio,Flávio,Flávio,-31380.04,-34117.44,-0.23,-0.46,-1942.21
4128104,Umuarama,PR,Sul,Sul,,82990,21.37,25.58,3.4,28.98,26.47,Flávio,Flávio,Flávio,-26264.42,-29399.66,-0.23,-0.39,-1908.77
4100400,Almirante Tamandaré,PR,Sul,Sul,,77677,22.93,38.64,3.4,42.04,38.84,Flávio,Flávio,Flávio,-8843.6,-12394.68,-0.23,-0.15,-1786.57
4103701,Cambé,PR,Sul,Sul,,76178,21.65,28.54,3.4,31.94,29.51,Flávio,Flávio,Flávio,-20139.68,-22856.8,-0.23,-0.34,-1752.09
4119509,Piraquara,PR,Sul,Sul,,73929,22.73,40.03,3.4,43.43,40.12,Flávio,Flávio,Flávio,-6978.51,-10503.12,-0.23,-0.12,-1700.37
4126256,Sarandi,PR,Sul,Sul,,72031,24.23,37.73,3.4,41.13,37.99,Flávio,Flávio,Flávio,-9048.14,-12257.06,-0.23,-0.16,-1656.71
4104303,Campo Mourão,PR,Sul,Sul,,70262,20.05,33.63,3.4,37.03,34.15,Flávio,Flávio,Flávio,-13803.23,-16870.46,-0.23,-0.24,-1616.03
4108403,Francisco Beltrão,PR,Sul,Sul,,66806,16.6,39.76,3.4,43.16,39.84,Flávio,Flávio,Flávio,-7260.83,-10788.02,-0.23,-0.13,-1536.54
4118501,Pato Branco,PR,Sul,Sul,,64406,18.66,32.71,3.4,36.11,33.25,Flávio,Flávio,Flávio,-13907.76,-16763.36,-0.23,-0.26,-1481.34
4118402,Paranavaí,PR,Sul,Sul,,63954,22.33,28.85,3.4,32.25,29.56,Flávio,Flávio,Flávio,-16743.53,-19278.02,-0.23,-0.33,-1470.94
4105508,Cianorte,PR,Sul,Sul,,58478,21.58,25.18,3.4,28.58,26.2,Flávio,Flávio,Flávio,-18685.15,-20767.06,-0.23,-0.4,-1344.99
4104907,Castro,PR,Sul,Sul,,55971,20.54,29.78,3.4,33.18,30.58,Flávio,Flávio,Flávio,-13951.4,-16110.38,-0.23,-0.31,-1287.33
4127106,Telêmaco Borba,PR,Sul,Sul,,51913,21.16,34.53,3.4,37.93,35.01,Flávio,Flávio,Flávio,-9272.19,-11513.88,-0.23,-0.22,-1194.0
4122404,Rolândia,PR,Sul,Sul,,49517,22.46,25.8,3.4,29.2,26.77,Flávio,Flávio,Flávio,-15017.03,-16769.12,-0.23,-0.39,-1138.89
4110706,Irati,PR,Sul,Sul,,45672,18.26,33.37,3.4,36.77,33.99,Flávio,Flávio,Flávio,-9167.55,-11096.34,-0.23,-0.25,-1050.46
4128203,União Da Vitória,PR,Sul,Sul,,40654,22.81,33.1,3.4,36.5,33.7,Flávio,Flávio,Flávio,-7928.51,-9573.44,-0.23,-0.25,-935.04
4114609,Marechal Cândido Rondon,PR,Sul,Sul,,40475,17.68,21.65,3.4,25.05,22.58,Flávio,Flávio,Flávio,-16049.78,-17637.48,-0.23,-0.46,-930.92
4109807,Ibiporã,PR,Sul,Sul,,39987,24.22,29.34,3.4,32.74,30.16,Flávio,Flávio,Flávio,-9802.03,-11267.86,-0.23,-0.32,-919.7
4120606,Prudentópolis,PR,Sul,Sul,,39039,18.46,22.34,3.4,25.74,23.54,Flávio,Flávio,Flávio,-14574.98,-15893.62,-0.23,-0.45,-897.9
4115804,Medianeira,PR,Sul,Sul,,37479,19.71,27.67,3.4,31.07,28.33,Flávio,Flávio,Flávio,-10927.87,-12510.64,-0.23,-0.35,-862.02
4113205,Lapa,PR,Sul,Sul,,36461,19.02,35.83,3.4,39.23,36.22,Flávio,Flávio,Flávio,-5898.55,-7545.58,-0.23,-0.2,-838.6
4104006,Campina Grande Do Sul,PR,Sul,Sul,,35488,21.68,34.23,3.4,37.63,34.73,Flávio,Flávio,Flávio,-6460.69,-7973.36,-0.23,-0.23,-816.22
4115705,Matinhos,PR,Sul,Sul,,35293,29.35,39.07,3.4,42.47,39.21,Flávio,Flávio,Flávio,-3539.49,-5072.84,-0.23,-0.14,-811.74
4106407,Cornélio Procópio,PR,Sul,Sul,,35102,23.23,32.54,3.4,35.94,33.1,Flávio,Flávio,Flávio,-7163.27,-8611.72,-0.23,-0.26,-807.35
4125605,São Mateus Do Sul,PR,Sul,Sul,,34022,18.8,37.54,3.4,40.94,37.82,Flávio,Flávio,Flávio,-4656.23,-6260.32,-0.23,-0.17,-782.51
4107207,Dois Vizinhos,PR,Sul,Sul,S1#42,33146,16.94,40.11,3.4,43.51,40.16,Flávio,Flávio,Flávio,-3422.11,-5191.92,-0.23,-0.12,-762.36
4109609,Guaratuba,PR,Sul,Sul,,32489,25.79,30.78,3.4,34.18,31.45,Flávio,Flávio,Flávio,-7260.07,-8515.54,-0.23,-0.29,-747.25
4117602,Palmas,PR,Sul,Sul,S1#69,32266,26.41,47.35,3.4,50.75,47.06,Flávio,Lula,Flávio,334.9,-1320.64,-0.23,0.01,-742.12
4124103,Santo Antônio Da Platina,PR,Sul,Sul,,32125,23.77,32.49,3.4,35.89,32.99,Flávio,Flávio,Flávio,-6505.98,-7844.5,-0.23,-0.26,-738.88
4117503,Paiçandu,PR,Sul,Sul,,30395,21.91,38.17,3.4,41.57,38.39,Flávio,Flávio,Flávio,-3748.92,-5164.38,-0.23,-0.16,-699.08
4114807,Marialva,PR,Sul,Sul,,30178,20.63,26.86,3.4,30.26,27.74,Flávio,Flávio,Flávio,-8976.93,-10124.56,-0.23,-0.37,-694.09
4111803,Jacarezinho,PR,Sul,Sul,,29711,23.42,45.63,3.4,49.03,45.38,Flávio,Flávio,Flávio,-416.99,-1979.7,-0.23,-0.02,-683.35
4114203,Mandaguari,PR,Sul,Sul,,27663,22.4,28.58,3.4,31.98,29.39,Flávio,Flávio,Flávio,-7282.23,-8327.74,-0.23,-0.34,-636.25
4122206,Rio Branco Do Sul,PR,Sul,Sul,S1#89 S3#74,27280,18.85,45.16,3.4,48.56,44.93,Flávio,Flávio,Flávio,-602.68,-2118.86,-0.23,-0.03,-627.44
4102000,Assis Chateaubriand,PR,Sul,Sul,,27256,20.27,30.19,3.4,33.59,30.73,Flávio,Flávio,Flávio,-6810.96,-8000.68,-0.23,-0.31,-626.89
4117701,Palmeira,PR,Sul,Sul,,26972,18.31,25.49,3.4,28.89,26.64,Flávio,Flávio,Flávio,-8715.29,-9644.12,-0.23,-0.39,-620.36
4112009,Jaguariaíva,PR,Sul,Sul,,25982,22.68,28.8,3.4,32.2,29.42,Flávio,Flávio,Flávio,-6800.06,-7860.14,-0.23,-0.33,-597.59
4119608,Pitanga,PR,Sul,Sul,S1#34,25677,21.19,43.1,3.4,46.5,42.96,Flávio,Flávio,Flávio,-1342.77,-2698.98,-0.23,-0.07,-590.57
4119954,Pontal Do Paraná,PR,Sul,Sul,,24938,26.09,39.67,3.4,43.07,39.76,Flávio,Flávio,Flávio,-2422.04,-3581.12,-0.23,-0.13,-573.57
4117909,Palotina,PR,Sul,Sul,,24632,17.62,22.4,3.4,25.8,23.32,Flávio,Flávio,Flávio,-9472.88,-10442.16,-0.23,-0.45,-566.54
4102406,Bandeirantes,PR,Sul,Sul,,24411,23.76,26.78,3.4,30.18,27.38,Flávio,Flávio,Flávio,-7081.53,-8082.68,-0.23,-0.37,-561.45
4113304,Laranjeiras Do Sul,PR,Sul,Sul,S1#46,24304,23.74,46.9,3.4,50.3,46.6,Flávio,Lula,Flávio,105.47,-1199.8,-0.23,0.01,-558.99
4122305,Rio Negro,PR,Sul,Sul,,24158,20.05,22.0,3.4,25.4,23.34,Flávio,Flávio,Flávio,-8949.16,-9698.74,-0.23,-0.46,-555.63
4111506,Ivaiporã,PR,Sul,Sul,,24012,18.85,37.76,3.4,41.16,37.97,Flávio,Flávio,Flávio,-3261.88,-4438.52,-0.23,-0.16,-552.28
4119301,Pinhão,PR,Sul,Sul,,23849,25.07,54.13,3.4,57.53,53.42,Lula,Lula,Lula,2533.05,1150.06,-0.23,0.14,-548.53
4108809,Guaíra,PR,Sul,Sul,,23809,22.94,28.76,3.4,32.16,29.29,Flávio,Flávio,Flávio,-6284.56,-7296.22,-0.23,-0.33,-547.61
4110102,Imbituva,PR,Sul,Sul,,23461,17.57,30.65,3.4,34.05,31.32,Flávio,Flávio,Flávio,-5804.5,-6797.4,-0.23,-0.3,-539.6
4120903,Quedas Do Iguaçu,PR,Sul,Sul,,23209,22.49,37.46,3.4,40.86,37.61,Flávio,Flávio,Flávio,-3155.46,-4277.9,-0.23,-0.17,-533.81
4125704,São Miguel Do Iguaçu,PR,Sul,Sul,,21857,19.4,32.47,3.4,35.87,32.8,Flávio,Flávio,Flávio,-4806.78,-5847.82,-0.23,-0.26,-502.71
4109708,Ibaiti,PR,Sul,Sul,,21627,24.12,34.36,3.4,37.76,34.71,Flávio,Flávio,Flávio,-3793.74,-4739.16,-0.23,-0.23,-497.42
4111258,Itaperuçu,PR,Sul,Sul,,21624,15.91,53.8,3.4,57.2,53.05,Lula,Lula,Lula,2472.25,1047.26,-0.23,0.13,-497.35
4104253,Campo Magro,PR,Sul,Sul,,21484,20.14,37.73,3.4,41.13,38.02,Flávio,Flávio,Flávio,-2834.25,-3828.6,-0.23,-0.16,-494.13
4108601,Goioerê,PR,Sul,Sul,,21161,21.11,32.59,3.4,35.99,32.97,Flávio,Flávio,Flávio,-4475.68,-5439.34,-0.23,-0.26,-486.7
4123501,Santa Helena,PR,Sul,Sul,,21071,19.15,33.19,3.4,36.59,33.51,Flávio,Flávio,Flávio,-4409.43,-5424.3,-0.23,-0.25,-484.63
4121703,Reserva,PR,Sul,Sul,,20369,24.91,37.55,3.4,40.95,37.72,Flávio,Flávio,Flávio,-2601.86,-3530.86,-0.23,-0.17,-468.49
4117305,Ortigueira,PR,Sul,Sul,,20079,26.0,50.53,3.4,53.93,50.07,Lula,Lula,Lula,1104.43,19.78,-0.23,0.07,-461.82
4114302,Mandirituba,PR,Sul,Sul,,19907,20.36,36.97,3.4,40.37,37.24,Flávio,Flávio,Flávio,-2864.57,-3796.68,-0.23,-0.18,-457.86
4114104,Mandaguaçu,PR,Sul,Sul,,19903,22.78,33.87,3.4,37.27,34.3,Flávio,Flávio,Flávio,-3683.1,-4543.56,-0.23,-0.24,-457.77
4102109,Astorga,PR,Sul,Sul,,19627,20.19,24.53,3.4,27.93,25.22,Flávio,Flávio,Flávio,-6632.52,-7446.12,-0.23,-0.41,-451.42
4116901,Nova Esperança,PR,Sul,Sul,,19494,20.76,32.49,3.4,35.89,32.98,Flávio,Flávio,Flávio,-4151.77,-5007.18,-0.23,-0.26,-448.36
4128005,Ubiratã,PR,Sul,Sul,,19130,20.23,30.59,3.4,33.99,31.08,Flávio,Flávio,Flávio,-4673.82,-5525.38,-0.23,-0.3,-439.99
4101606,Arapoti,PR,Sul,Sul,,19003,24.63,26.98,3.4,30.38,27.66,Flávio,Flávio,Flávio,-5323.5,-6061.16,-0.23,-0.36,-437.07
4124053,Santa Terezinha De Itaipu,PR,Sul,Sul,,18871,18.9,26.37,3.4,29.77,26.99,Flávio,Flávio,Flávio,-5963.66,-6783.0,-0.23,-0.38,-434.03
4119400,Piraí Do Sul,PR,Sul,Sul,,18800,21.09,32.17,3.4,35.57,32.81,Flávio,Flávio,Flávio,-3974.22,-4734.36,-0.23,-0.27,-432.4
4120804,Quatro Barras,PR,Sul,Sul,,18192,20.19,29.19,3.4,32.59,30.09,Flávio,Flávio,Flávio,-4745.23,-5427.36,-0.23,-0.32,-418.42
4103602,Cambará,PR,Sul,Sul,,17864,25.82,35.35,3.4,38.75,35.67,Flávio,Flávio,Flávio,-2780.44,-3543.94,-0.23,-0.21,-410.87
4106506,Coronel Vivida,PR,Sul,Sul,,17708,18.45,40.07,3.4,43.47,40.12,Flávio,Flávio,Flávio,-1797.1,-2719.84,-0.23,-0.12,-407.28
4105904,Colorado,PR,Sul,Sul,,17627,20.9,39.27,3.4,42.67,39.36,Flávio,Flávio,Flávio,-1927.27,-2796.12,-0.23,-0.14,-405.42
4104659,Carambeí,PR,Sul,Sul,,17446,17.95,25.68,3.4,29.08,26.79,Flávio,Flávio,Flávio,-5605.44,-6219.6,-0.23,-0.39,-401.26
4105409,Chopinzinho,PR,Sul,Sul,,16864,20.08,36.75,3.4,40.15,36.97,Flávio,Flávio,Flávio,-2529.86,-3347.76,-0.23,-0.18,-387.87
4112108,Jandaia Do Sul,PR,Sul,Sul,,16534,20.09,25.62,3.4,29.02,26.64,Flávio,Flávio,Flávio,-5253.19,-5848.82,-0.23,-0.39,-380.28
4106605,Cruzeiro Do Oeste,PR,Sul,Sul,,16510,23.79,35.66,3.4,39.06,35.92,Flávio,Flávio,Flávio,-2623.51,-3375.56,-0.23,-0.2,-379.73
4126603,Siqueira Campos,PR,Sul,Sul,S1#32,16432,22.56,39.64,3.4,43.04,39.74,Flávio,Flávio,Flávio,-1643.79,-2422.8,-0.23,-0.13,-377.94
4101101,Andirá,PR,Sul,Sul,,16359,23.83,37.99,3.4,41.39,38.15,Flávio,Flávio,Flávio,-2015.35,-2775.54,-0.23,-0.16,-376.26
4113502,Loanda,PR,Sul,Sul,,15869,20.39,31.52,3.4,34.92,31.94,Flávio,Flávio,Flávio,-3652.66,-4373.16,-0.23,-0.28,-364.99
4101200,Antonina,PR,Sul,Sul,,15653,25.73,34.31,3.4,37.71,34.63,Flávio,Flávio,Flávio,-2731.52,-3413.72,-0.23,-0.23,-360.02
4124400,Santo Antônio Do Sudoeste,PR,Sul,Sul,S1#63 S3#77,15509,17.74,43.22,3.4,46.62,43.14,Flávio,Flávio,Flávio,-828.51,-1682.06,-0.23,-0.06,-356.71
4104501,Capanema,PR,Sul,Sul,S1#65,15204,19.89,40.75,3.4,44.15,40.77,Flávio,Flávio,Flávio,-1361.55,-2149.38,-0.23,-0.11,-349.69
4127502,Tibagi,PR,Sul,Sul,S1#35,14864,24.28,41.41,3.4,44.81,41.39,Flávio,Flávio,Flávio,-1090.12,-1810.02,-0.23,-0.1,-341.87
4116208,Morretes,PR,Sul,Sul,,14680,23.43,38.74,3.4,42.14,38.87,Flávio,Flávio,Flávio,-1676.45,-2373.32,-0.23,-0.15,-337.64
4128500,Wenceslau Braz,PR,Sul,Sul,,14549,23.93,32.06,3.4,35.46,32.59,Flávio,Flávio,Flávio,-3049.48,-3652.46,-0.23,-0.27,-334.63
4101002,Ampére,PR,Sul,Sul,S1#41,14532,16.27,48.86,3.4,52.26,48.46,Flávio,Lula,Flávio,522.4,-357.12,-0.23,0.04,-334.24
4121406,Realeza,PR,Sul,Sul,,14524,19.84,36.49,3.4,39.89,36.68,Flávio,Flávio,Flávio,-2259.72,-2977.58,-0.23,-0.19,-334.05
4100509,Altônia,PR,Sul,Sul,,14510,22.08,28.35,3.4,31.75,29.04,Flávio,Flávio,Flávio,-3938.77,-4523.56,-0.23,-0.34,-333.73
4121208,Quitandinha,PR,Sul,Sul,,14118,16.06,26.5,3.4,29.9,27.27,Flávio,Flávio,Flávio,-4494.16,-5081.68,-0.23,-0.37,-324.71
4106308,Corbélia,PR,Sul,Sul,,13858,17.88,26.77,3.4,30.17,27.5,Flávio,Flávio,Flávio,-4333.1,-4916.38,-0.23,-0.37,-318.73
4114401,Mangueirinha,PR,Sul,Sul,S1#38,13764,21.52,45.35,3.4,48.75,45.16,Flávio,Flávio,Flávio,-257.98,-1002.14,-0.23,-0.02,-316.57
4126306,Sengés,PR,Sul,Sul,,13757,21.95,31.28,3.4,34.68,31.79,Flávio,Flávio,Flávio,-3096.49,-3680.78,-0.23,-0.28,-316.41
4115606,Matelândia,PR,Sul,Sul,,13751,18.98,21.38,3.4,24.78,22.16,Flávio,Flávio,Flávio,-5437.27,-6003.3,-0.23,-0.47,-316.27
4106803,Cruz Machado,PR,Sul,Sul,,13735,18.28,33.5,3.4,36.9,34.12,Flávio,Flávio,Flávio,-2728.21,-3308.02,-0.23,-0.24,-315.91
4106209,Contenda,PR,Sul,Sul,,13638,17.85,34.19,3.4,37.59,34.66,Flávio,Flávio,Flávio,-2592.62,-3204.94,-0.23,-0.23,-313.67
4105201,Cerro Azul,PR,Sul,Sul,,13491,22.21,50.02,3.4,53.42,49.57,Lula,Lula,Flávio,671.9,-84.48,-0.23,0.06,-310.29
4127205,Terra Boa,PR,Sul,Sul,,13355,22.65,29.13,3.4,32.53,29.79,Flávio,Flávio,Flávio,-3426.18,-3963.0,-0.23,-0.32,-307.17
4127403,Terra Roxa,PR,Sul,Sul,,13332,19.28,28.06,3.4,31.46,28.56,Flávio,Flávio,Flávio,-3840.99,-4442.4,-0.23,-0.34,-306.64
4126504,Sertanópolis,PR,Sul,Sul,,13311,21.34,24.38,3.4,27.78,25.14,Flávio,Flávio,Flávio,-4460.95,-4991.18,-0.23,-0.41,-306.15
4103453,Cafelândia,PR,Sul,Sul,,13247,17.42,28.02,3.4,31.42,28.76,Flávio,Flávio,Flávio,-3890.85,-4448.54,-0.23,-0.35,-304.68
4105706,Clevelândia,PR,Sul,Sul,S1#25,13247,23.69,40.85,3.4,44.25,40.86,Flávio,Flávio,Flávio,-1114.45,-1772.78,-0.23,-0.11,-304.68
4127601,Tijucas Do Sul,PR,Sul,Sul,,13059,17.78,38.52,3.4,41.92,38.69,Flávio,Flávio,Flávio,-1621.61,-2269.62,-0.23,-0.15,-300.36
4102901,Bituruna,PR,Sul,Sul,S1#14 S3#11,12808,18.91,46.28,3.4,49.68,46.05,Flávio,Flávio,Flávio,-62.76,-776.42,-0.23,-0.01,-294.58
4103909,Campina Da Lagoa,PR,Sul,Sul,,12371,22.71,36.15,3.4,39.55,36.4,Flávio,Flávio,Flávio,-1905.3,-2479.28,-0.23,-0.19,-284.53
4101903,Assaí,PR,Sul,Sul,,12321,24.76,26.64,3.4,30.04,27.37,Flávio,Flávio,Flávio,-3534.66,-4008.22,-0.23,-0.37,-283.38
4102802,Bela Vista Do Paraíso,PR,Sul,Sul,,12282,24.52,33.27,3.4,36.67,33.65,Flávio,Flávio,Flávio,-2341.58,-2872.14,-0.23,-0.25,-282.49
4107603,Faxinal,PR,Sul,Sul,,12177,20.5,26.49,3.4,29.89,27.22,Flávio,Flávio,Flávio,-3728.49,-4222.86,-0.23,-0.37,-280.07
4110607,Iporã,PR,Sul,Sul,,12170,23.83,32.12,3.4,35.52,32.54,Flávio,Flávio,Flávio,-2540.81,-3062.9,-0.23,-0.27,-279.91
4121505,Rebouças,PR,Sul,Sul,,12151,17.74,36.43,3.4,39.83,36.75,Flávio,Flávio,Flávio,-1896.03,-2472.26,-0.23,-0.19,-279.47
4104709,Carlópolis,PR,Sul,Sul,,12148,24.15,32.9,3.4,36.3,33.31,Flávio,Flávio,Flávio,-2387.92,-2908.96,-0.23,-0.25,-279.4
4102307,Balsa Nova,PR,Sul,Sul,,12129,18.1,32.68,3.4,36.08,33.23,Flávio,Flávio,Flávio,-2590.94,-3121.18,-0.23,-0.26,-278.97
4104428,Candói,PR,Sul,Sul,S1#15 S3#12,12050,19.16,45.92,3.4,49.32,45.66,Flávio,Flávio,Flávio,-125.81,-805.3,-0.23,-0.01,-277.15
4127965,Turvo,PR,Sul,Sul,S1#13,11863,19.12,49.54,3.4,52.94,49.05,Flávio,Lula,Flávio,536.14,-173.62,-0.23,0.05,-272.85
4104600,Capitão Leônidas Marques,PR,Sul,Sul,,11861,21.7,39.24,3.4,42.64,39.32,Flávio,Flávio,Flávio,-1309.7,-1900.68,-0.23,-0.14,-272.8
4127304,Terra Rica,PR,Sul,Sul,,11783,23.47,32.6,3.4,36.0,33.01,Flávio,Flávio,Flávio,-2405.29,-2919.48,-0.23,-0.26,-271.01
4115408,Marmeleiro,PR,Sul,Sul,S1#22 S3#13,11778,19.04,41.72,3.4,45.12,41.68,Flávio,Flávio,Flávio,-887.42,-1512.02,-0.23,-0.09,-270.89
4104402,Cândido De Abreu,PR,Sul,Sul,,11738,22.69,39.93,3.4,43.33,39.99,Flávio,Flávio,Flávio,-1144.28,-1717.48,-0.23,-0.12,-269.97
4126801,Tapejara,PR,Sul,Sul,,11635,22.97,34.19,3.4,37.59,34.48,Flávio,Flávio,Flávio,-2118.06,-2647.94,-0.23,-0.23,-267.6
4125100,São João Do Triunfo,PR,Sul,Sul,S1#1 S3#1,11623,17.34,42.28,3.4,45.68,42.18,Flávio,Flávio,Flávio,-760.07,-1377.7,-0.23,-0.08,-267.33
4122008,Rio Azul,PR,Sul,Sul,,11268,14.42,22.17,3.4,25.57,23.49,Flávio,Flávio,Flávio,-4418.69,-4794.68,-0.23,-0.45,-259.16
4110508,Ipiranga,PR,Sul,Sul,,11267,16.14,26.05,3.4,29.45,27.17,Flávio,Flávio,Flávio,-3631.3,-4033.14,-0.23,-0.38,-259.14
4123006,Salto Do Lontra,PR,Sul,Sul,,11161,19.05,51.99,3.4,55.39,51.45,Lula,Lula,Lula,928.78,249.42,-0.23,0.1,-256.7
4122156,Rio Bonito Do Iguaçu,PR,Sul,Sul,,11105,23.09,62.73,3.4,66.13,61.92,Lula,Lula,Lula,2642.64,1953.26,-0.23,0.3,-255.42
4109302,Guaraniaçu,PR,Sul,Sul,,11100,22.59,30.83,3.4,34.23,31.29,Flávio,Flávio,Flávio,-2607.84,-3095.08,-0.23,-0.29,-255.3
4111902,Jaguapitã,PR,Sul,Sul,,11056,25.77,31.14,3.4,34.54,31.69,Flávio,Flávio,Flávio,-2397.0,-2839.14,-0.23,-0.29,-254.29
4114500,Manoel Ribas,PR,Sul,Sul,,11018,19.58,27.61,3.4,31.01,28.22,Flávio,Flávio,Flávio,-3235.73,-3710.14,-0.23,-0.35,-253.41
4117800,Palmital,PR,Sul,Sul,S1#55,10879,21.24,47.07,3.4,50.47,46.79,Flávio,Lula,Flávio,76.76,-525.18,-0.23,0.01,-250.22
4101705,Araruna,PR,Sul,Sul,,10853,18.43,35.76,3.4,39.16,36.06,Flávio,Flávio,Flávio,-1817.23,-2337.12,-0.23,-0.2,-249.62
4119103,Piên,PR,Sul,Sul,,10850,13.47,20.32,3.4,23.72,21.57,Flávio,Flávio,Flávio,-4684.97,-5067.74,-0.23,-0.49,-249.55
4107009,Curiúva,PR,Sul,Sul,,10807,26.24,36.88,3.4,40.28,37.08,Flávio,Flávio,Flávio,-1449.79,-1926.52,-0.23,-0.18,-248.56
4111407,Ivaí,PR,Sul,Sul,,10656,15.98,30.58,3.4,33.98,31.18,Flávio,Flávio,Flávio,-2716.02,-3191.66,-0.23,-0.3,-245.09
4114005,Mamborê,PR,Sul,Sul,,10615,20.08,26.86,3.4,30.26,27.41,Flávio,Flávio,Flávio,-3218.33,-3682.84,-0.23,-0.37,-244.14
4113908,Mallet,PR,Sul,Sul,,10552,17.97,28.24,3.4,31.64,29.23,Flávio,Flávio,Flávio,-2960.17,-3348.86,-0.23,-0.34,-242.7
4100608,Alto Paraná,PR,Sul,Sul,,10406,23.95,37.76,3.4,41.16,37.92,Flávio,Flávio,Flávio,-1332.52,-1820.48,-0.23,-0.16,-239.34
4119806,Planalto,PR,Sul,Sul,S1#64 S3#17,10281,18.27,44.49,3.4,47.89,44.34,Flávio,Flávio,Flávio,-340.48,-912.04,-0.23,-0.04,-236.46
4124020,Santa Tereza Do Oeste,PR,Sul,Sul,,10278,19.63,35.14,3.4,38.54,35.48,Flávio,Flávio,Flávio,-1812.87,-2296.6,-0.23,-0.21,-236.39
4103107,Bocaiúva Do Sul,PR,Sul,Sul,,10205,25.05,34.88,3.4,38.28,35.3,Flávio,Flávio,Flávio,-1673.82,-2098.62,-0.23,-0.22,-234.72
4121901,Ribeirão Do Pinhal,PR,Sul,Sul,,10165,26.58,50.41,3.4,53.81,49.9,Lula,Lula,Flávio,535.81,-14.72,-0.23,0.07,-233.8
4107504,Engenheiro Beltrão,PR,Sul,Sul,,10063,21.55,34.89,3.4,38.29,35.2,Flávio,Flávio,Flávio,-1762.34,-2227.76,-0.23,-0.22,-231.45
4118808,Peabiru,PR,Sul,Sul,,9916,20.14,37.66,3.4,41.06,37.85,Flávio,Flávio,Flávio,-1336.47,-1816.16,-0.23,-0.17,-228.07
4110953,Itaipulândia,PR,Sul,Sul,,9902,16.79,34.5,3.4,37.9,34.78,Flávio,Flávio,Flávio,-1929.87,-2427.32,-0.23,-0.23,-227.75
4121802,Ribeirão Claro,PR,Sul,Sul,,9867,24.7,37.75,3.4,41.15,37.92,Flávio,Flávio,Flávio,-1236.91,-1687.64,-0.23,-0.16,-226.94
4117107,Nova Londrina,PR,Sul,Sul,,9738,24.76,39.53,3.4,42.93,39.61,Flávio,Flávio,Flávio,-992.92,-1459.22,-0.23,-0.13,-223.97
4116059,Missal,PR,Sul,Sul,,9671,16.16,28.13,3.4,31.53,28.75,Flávio,Flávio,Flávio,-2897.41,-3334.2,-0.23,-0.34,-222.43
4116703,Nova Aurora,PR,Sul,Sul,,9631,15.94,31.46,3.4,34.86,31.86,Flávio,Flávio,Flávio,-2347.94,-2813.68,-0.23,-0.28,-221.51
4120002,Porecatu,PR,Sul,Sul,,9608,23.41,47.59,3.4,50.99,47.23,Flávio,Lula,Flávio,139.59,-389.3,-0.23,0.02,-220.98
4118907,Pérola,PR,Sul,Sul,,9508,23.87,32.54,3.4,35.94,32.99,Flávio,Flávio,Flávio,-1937.8,-2344.52,-0.23,-0.26,-218.68
4118006,Paraíso Do Norte,PR,Sul,Sul,,9490,21.21,40.49,3.4,43.89,40.52,Flávio,Flávio,Flávio,-869.02,-1349.54,-0.23,-0.11,-218.27
4112702,Jataizinho,PR,Sul,Sul,,9482,22.37,35.8,3.4,39.2,36.1,Flávio,Flávio,Flávio,-1498.89,-1927.64,-0.23,-0.2,-218.09
4108007,Florestópolis,PR,Sul,Sul,,9394,18.58,50.08,3.4,53.48,49.59,Lula,Lula,Flávio,507.08,-60.26,-0.23,0.06,-216.06
4123907,Santa Mariana,PR,Sul,Sul,,9361,23.61,45.09,3.4,48.49,44.88,Flávio,Flávio,Flávio,-205.07,-696.98,-0.23,-0.03,-215.3
4112801,Joaquim Távora,PR,Sul,Sul,,9226,23.22,33.4,3.4,36.8,33.83,Flávio,Flávio,Flávio,-1769.66,-2167.76,-0.23,-0.25,-212.2
4124806,São João,PR,Sul,Sul,,9177,18.08,35.37,3.4,38.77,35.62,Flávio,Flávio,Flávio,-1617.03,-2069.52,-0.23,-0.21,-211.07
4116109,Moreira Sales,PR,Sul,Sul,,9161,19.46,38.11,3.4,41.51,38.21,Flávio,Flávio,Flávio,-1193.36,-1656.82,-0.23,-0.16,-210.7
4111209,Itapejara D'Oeste,PR,Sul,Sul,S3#19,9159,17.88,42.27,3.4,45.67,42.21,Flávio,Flávio,Flávio,-619.86,-1114.88,-0.23,-0.08,-210.66
4123402,Santa Fé,PR,Sul,Sul,,9149,21.32,34.38,3.4,37.78,34.65,Flávio,Flávio,Flávio,-1684.99,-2115.96,-0.23,-0.23,-210.43
4127858,Três Barras Do Paraná,PR,Sul,Sul,,9120,18.33,36.78,3.4,40.18,36.94,Flávio,Flávio,Flávio,-1396.24,-1857.46,-0.23,-0.18,-209.76
4104451,Cantagalo,PR,Sul,Sul,,9118,24.48,49.29,3.4,52.69,48.89,Flávio,Lula,Flávio,350.28,-144.56,-0.23,0.05,-209.71
4125001,São João Do Ivaí,PR,Sul,Sul,,9056,22.52,44.87,3.4,48.27,44.63,Flávio,Flávio,Flávio,-231.52,-716.52,-0.23,-0.03,-208.29
4126678,Tamarana,PR,Sul,Sul,,9024,25.03,41.07,3.4,44.47,41.07,Flávio,Flávio,Flávio,-713.43,-1152.34,-0.23,-0.1,-207.55
4112504,Jardim Alegre,PR,Sul,Sul,,9012,18.35,42.51,3.4,45.91,42.44,Flávio,Flávio,Flávio,-574.58,-1062.22,-0.23,-0.08,-207.28
4100301,Agudos Do Sul,PR,Sul,Sul,,8981,19.14,30.58,3.4,33.98,31.05,Flávio,Flávio,Flávio,-2194.57,-2596.74,-0.23,-0.3,-206.56
4122503,Roncador,PR,Sul,Sul,,8952,21.07,46.69,3.4,50.09,46.39,Flávio,Lula,Flávio,12.33,-485.1,-0.23,0.0,-205.9
4105607,Cidade Gaúcha,PR,Sul,Sul,,8899,23.41,41.04,3.4,44.44,41.04,Flávio,Flávio,Flávio,-725.62,-1169.64,-0.23,-0.1,-204.68
4110078,Imbaú,PR,Sul,Sul,,8865,20.03,46.04,3.4,49.44,45.79,Flávio,Flávio,Flávio,-73.83,-555.94,-0.23,-0.01,-203.9
4117255,Nova Prata Do Iguaçu,PR,Sul,Sul,S3#20,8864,18.36,45.62,3.4,49.02,45.44,Flávio,Flávio,Flávio,-137.0,-638.86,-0.23,-0.02,-203.87
4102505,Barbosa Ferraz,PR,Sul,Sul,,8859,24.78,41.53,3.4,44.93,41.51,Flávio,Flávio,Flávio,-635.85,-1066.26,-0.23,-0.09,-203.76
4105300,Céu Azul,PR,Sul,Sul,,8788,18.23,20.93,3.4,24.33,21.72,Flávio,Flávio,Flávio,-3546.5,-3906.86,-0.23,-0.48,-202.12
4123808,Santa Izabel Do Oeste,PR,Sul,Sul,,8780,19.34,40.74,3.4,44.14,40.75,Flávio,Flávio,Flávio,-797.95,-1259.16,-0.23,-0.11,-201.94
4108502,General Carneiro,PR,Sul,Sul,,8667,21.97,45.51,3.4,48.91,45.3,Flávio,Flávio,Flávio,-140.24,-602.5,-0.23,-0.02,-199.34
4117057,Nova Laranjeiras,PR,Sul,Sul,,8591,21.25,51.66,3.4,55.06,51.3,Lula,Lula,Lula,659.3,169.8,-0.23,0.09,-197.59
4128401,Uraí,PR,Sul,Sul,,8555,21.16,36.54,3.4,39.94,36.79,Flávio,Flávio,Flávio,-1288.27,-1691.54,-0.23,-0.19,-196.76
4105102,Centenário Do Sul,PR,Sul,Sul,,8551,23.59,53.11,3.4,56.51,52.63,Lula,Lula,Lula,810.31,327.62,-0.23,0.12,-196.67
4124707,São Jerônimo Da Serra,PR,Sul,Sul,,8538,26.31,53.06,3.4,56.46,52.51,Lula,Lula,Lula,769.86,298.72,-0.23,0.12,-196.37
4110201,Inácio Martins,PR,Sul,Sul,,8367,18.21,47.33,3.4,50.73,46.92,Flávio,Lula,Flávio,93.55,-396.76,-0.23,0.01,-192.44
4120507,Primeiro De Maio,PR,Sul,Sul,,8333,20.29,28.53,3.4,31.93,28.99,Flávio,Flávio,Flávio,-2298.15,-2672.0,-0.23,-0.34,-191.66
4127007,Teixeira Soares,PR,Sul,Sul,,8083,20.24,33.74,3.4,37.14,34.24,Flávio,Flávio,Flávio,-1557.8,-1909.34,-0.23,-0.24,-185.91
4107900,Floresta,PR,Sul,Sul,,8070,20.73,30.71,3.4,34.11,31.26,Flávio,Flávio,Flávio,-1945.44,-2293.94,-0.23,-0.3,-185.61
4123857,Santa Maria Do Oeste,PR,Sul,Sul,,8019,21.0,49.07,3.4,52.47,48.71,Flávio,Lula,Flávio,297.6,-155.16,-0.23,0.05,-184.44
4125209,São Jorge D'Oeste,PR,Sul,Sul,,8006,15.89,38.7,3.4,42.1,38.79,Flávio,Flávio,Flávio,-1024.78,-1453.48,-0.23,-0.15,-184.14
4121000,Querência Do Norte,PR,Sul,Sul,,7996,20.82,49.0,3.4,52.4,48.7,Flávio,Lula,Flávio,291.91,-158.3,-0.23,0.04,-183.91
4110805,Iretama,PR,Sul,Sul,,7961,25.1,46.15,3.4,49.55,45.88,Flávio,Flávio,Flávio,-50.36,-463.48,-0.23,-0.01,-183.1
4115754,Mauá Da Serra,PR,Sul,Sul,,7691,21.44,35.1,3.4,38.5,35.38,Flávio,Flávio,Flávio,-1326.63,-1686.28,-0.23,-0.21,-176.89
4118105,Paranacity,PR,Sul,Sul,,7616,24.61,47.97,3.4,51.37,47.66,Flávio,Lula,Flávio,149.16,-254.4,-0.23,0.03,-175.17
4102604,Barracão,PR,Sul,Sul,,7600,19.62,41.66,3.4,45.06,41.63,Flávio,Flávio,Flávio,-580.58,-983.4,-0.23,-0.09,-174.8
4115101,Mariluz,PR,Sul,Sul,,7588,21.55,45.95,3.4,49.35,45.73,Flávio,Flávio,Flávio,-73.28,-482.36,-0.23,-0.01,-174.52
4128534,Ventania,PR,Sul,Sul,S3#25,7525,18.11,43.78,3.4,47.18,43.63,Flávio,Flávio,Flávio,-325.4,-733.9,-0.23,-0.05,-173.08
4112405,Japurá,PR,Sul,Sul,,7452,18.95,27.07,3.4,30.47,27.84,Flávio,Flávio,Flávio,-2253.86,-2557.26,-0.23,-0.36,-171.4
4100806,Alvorada Do Sul,PR,Sul,Sul,,7430,21.53,35.72,3.4,39.12,35.9,Flávio,Flávio,Flávio,-1217.85,-1577.86,-0.23,-0.2,-170.89
4109500,Guaraqueçaba,PR,Sul,Sul,,7430,27.63,44.54,3.4,47.94,44.37,Flávio,Flávio,Flávio,-212.12,-579.66,-0.23,-0.04,-170.89
4100707,Alto Piquiri,PR,Sul,Sul,,7426,24.28,46.89,3.4,50.29,46.61,Flávio,Lula,Flávio,30.78,-362.8,-0.23,0.01,-170.8
4112751,Jesuítas,PR,Sul,Sul,,7384,18.08,34.04,3.4,37.44,34.38,Flávio,Flávio,Flávio,-1440.17,-1790.98,-0.23,-0.23,-169.83
4114906,Marilândia Do Sul,PR,Sul,Sul,,7142,22.11,29.51,3.4,32.91,30.19,Flávio,Flávio,Flávio,-1799.49,-2085.86,-0.23,-0.32,-164.27
4103057,Boa Vista Da Aparecida,PR,Sul,Sul,,7107,20.99,42.93,3.4,46.33,42.84,Flávio,Flávio,Flávio,-393.16,-767.2,-0.23,-0.07,-163.46
4105003,Catanduvas,PR,Sul,Sul,,7097,22.4,36.1,3.4,39.5,36.34,Flávio,Flávio,Flávio,-1100.2,-1431.06,-0.23,-0.2,-163.23
4109906,Icaraíma,PR,Sul,Sul,,7070,22.7,31.52,3.4,34.92,31.85,Flávio,Flávio,Flávio,-1586.99,-1910.48,-0.23,-0.28,-162.61
4117222,Nova Santa Rosa,PR,Sul,Sul,,7055,14.15,13.62,3.4,17.02,14.57,Flávio,Flávio,Flávio,-3905.29,-4194.96,-0.23,-0.61,-162.27
4123709,Santa Isabel Do Ivaí,PR,Sul,Sul,,7006,21.77,32.0,3.4,35.4,32.36,Flávio,Flávio,Flávio,-1536.2,-1856.38,-0.23,-0.27,-161.14
4122602,Rondon,PR,Sul,Sul,,6991,19.5,33.16,3.4,36.56,33.49,Flávio,Flávio,Flávio,-1443.53,-1773.32,-0.23,-0.25,-160.79
4107256,Douradina,PR,Sul,Sul,,6988,19.82,30.09,3.4,33.49,30.62,Flávio,Flávio,Flávio,-1780.12,-2090.34,-0.23,-0.31,-160.72
4125803,São Pedro Do Ivaí,PR,Sul,Sul,,6943,20.9,37.25,3.4,40.65,37.44,Flávio,Flávio,Flávio,-973.31,-1307.62,-0.23,-0.17,-159.69
4103503,Califórnia,PR,Sul,Sul,,6940,19.05,29.83,3.4,33.23,30.46,Flávio,Flávio,Flávio,-1772.48,-2064.76,-0.23,-0.31,-159.62
4101309,Antônio Olinto,PR,Sul,Sul,,6911,20.19,38.76,3.4,42.16,38.94,Flávio,Flávio,Flávio,-801.75,-1132.0,-0.23,-0.15,-158.95
4128609,Verê,PR,Sul,Sul,S3#27,6888,15.21,43.89,3.4,47.29,43.78,Flávio,Flávio,Flávio,-303.73,-695.96,-0.23,-0.05,-158.42
4123303,Santa Cruz De Monte Castelo,PR,Sul,Sul,,6773,20.24,37.49,3.4,40.89,37.61,Flávio,Flávio,Flávio,-947.39,-1287.9,-0.23,-0.17,-155.78
4122701,Sabáudia,PR,Sul,Sul,,6748,19.22,24.18,3.4,27.58,25.16,Flávio,Flávio,Flávio,-2329.71,-2581.9,-0.23,-0.42,-155.2
4127908,Tuneiras Do Oeste,PR,Sul,Sul,,6721,21.29,33.57,3.4,36.97,33.91,Flávio,Flávio,Flávio,-1325.79,-1637.88,-0.23,-0.24,-154.58
4127809,Tomazina,PR,Sul,Sul,,6647,20.31,37.56,3.4,40.96,37.76,Flávio,Flávio,Flávio,-906.8,-1227.94,-0.23,-0.17,-152.88
4120705,Quatiguá,PR,Sul,Sul,,6645,21.16,30.94,3.4,34.34,31.4,Flávio,Flávio,Flávio,-1555.2,-1847.46,-0.23,-0.29,-152.84
4106001,Congonhinhas,PR,Sul,Sul,,6609,25.34,52.76,3.4,56.16,52.27,Lula,Lula,Lula,579.8,213.58,-0.23,0.11,-152.01
4108957,Guamiranga,PR,Sul,Sul,,6603,15.33,31.82,3.4,35.22,32.3,Flávio,Flávio,Flávio,-1565.47,-1874.12,-0.23,-0.27,-151.87
4128559,Vera Cruz Do Oeste,PR,Sul,Sul,,6593,19.31,33.6,3.4,37.0,33.88,Flávio,Flávio,Flávio,-1324.95,-1643.16,-0.23,-0.24,-151.64
4126009,São Sebastião Da Amoreira,PR,Sul,Sul,,6561,22.59,47.58,3.4,50.98,47.21,Flávio,Lula,Flávio,94.27,-269.3,-0.23,0.02,-150.9
4103800,Cambira,PR,Sul,Sul,,6442,19.4,29.34,3.4,32.74,29.88,Flávio,Flávio,Flávio,-1698.25,-1979.16,-0.23,-0.32,-148.17
4104105,Campo Do Tenente,PR,Sul,Sul,,6393,18.08,32.36,3.4,35.76,32.88,Flávio,Flávio,Flávio,-1419.83,-1706.32,-0.23,-0.26,-147.04
4107751,Figueira,PR,Sul,Sul,,6360,24.98,52.13,3.4,55.53,51.66,Lula,Lula,Lula,499.29,149.7,-0.23,0.1,-146.28
4103305,Borrazópolis,PR,Sul,Sul,,6279,17.68,36.34,3.4,39.74,36.54,Flávio,Flávio,Flávio,-1014.53,-1330.94,-0.23,-0.19,-144.42
4127957,Tupãssi,PR,Sul,Sul,,6257,17.34,24.07,3.4,27.47,24.7,Flávio,Flávio,Flávio,-2242.6,-2518.9,-0.23,-0.42,-143.91
4112959,Juranda,PR,Sul,Sul,,6202,17.61,30.0,3.4,33.4,30.44,Flávio,Flávio,Flávio,-1628.97,-1918.7,-0.23,-0.31,-142.65
4108320,Francisco Alves,PR,Sul,Sul,,6100,24.92,32.42,3.4,35.82,32.75,Flávio,Flávio,Flávio,-1246.42,-1516.24,-0.23,-0.26,-140.3
4117008,Nova Fátima,PR,Sul,Sul,,6087,22.69,41.11,3.4,44.51,41.1,Flávio,Flávio,Flávio,-489.18,-792.32,-0.23,-0.1,-140.0
4108205,Formosa Do Oeste,PR,Sul,Sul,,6080,21.66,30.26,3.4,33.66,30.79,Flávio,Flávio,Flávio,-1469.36,-1727.62,-0.23,-0.3,-139.84
4117271,Nova Tebas,PR,Sul,Sul,,6025,19.39,56.84,3.4,60.24,55.79,Lula,Lula,Lula,941.29,532.12,-0.23,0.19,-138.58
4116802,Nova Cantu,PR,Sul,Sul,,6004,19.25,51.69,3.4,55.09,51.25,Lula,Lula,Lula,471.85,115.56,-0.23,0.09,-138.09
4115002,Marilena,PR,Sul,Sul,,5989,22.86,50.64,3.4,54.04,50.18,Lula,Lula,Lula,357.48,15.5,-0.23,0.08,-137.75
4100103,Abatiá,PR,Sul,Sul,,5976,25.5,35.4,3.4,38.8,35.63,Flávio,Flávio,Flávio,-953.29,-1222.78,-0.23,-0.21,-137.45
4113734,Luiziana,PR,Sul,Sul,,5953,21.52,44.83,3.4,48.23,44.65,Flávio,Flávio,Flávio,-156.9,-474.94,-0.23,-0.03,-136.92
4128708,Vitorino,PR,Sul,Sul,,5942,16.71,32.61,3.4,36.01,32.99,Flávio,Flávio,Flávio,-1336.95,-1625.64,-0.23,-0.26,-136.67
4119202,Pinhalão,PR,Sul,Sul,,5879,19.8,37.63,3.4,41.03,37.81,Flávio,Flávio,Flávio,-808.16,-1098.56,-0.23,-0.17,-135.22
4100202,Adrianópolis,PR,Sul,Sul,,5781,24.74,56.31,3.4,59.71,55.6,Lula,Lula,Lula,805.56,464.0,-0.23,0.18,-132.96
4118709,Paulo Frontin,PR,Sul,Sul,,5698,16.22,28.54,3.4,31.94,29.5,Flávio,Flávio,Flávio,-1610.72,-1828.46,-0.23,-0.34,-131.05
4118857,Perobal,PR,Sul,Sul,,5670,20.81,31.33,3.4,34.73,31.8,Flávio,Flávio,Flávio,-1313.42,-1565.96,-0.23,-0.28,-130.41
4107736,Fernandes Pinheiro,PR,Sul,Sul,,5554,18.91,43.07,3.4,46.47,42.96,Flávio,Flávio,Flávio,-299.68,-597.6,-0.23,-0.07,-127.74
4127882,Tunas Do Paraná,PR,Sul,Sul,,5500,22.38,40.3,3.4,43.7,40.34,Flávio,Flávio,Flávio,-511.0,-783.8,-0.23,-0.12,-126.5
4115309,Mariópolis,PR,Sul,Sul,,5494,18.97,32.63,3.4,36.03,32.99,Flávio,Flávio,Flávio,-1183.67,-1441.48,-0.23,-0.26,-126.36
4107405,Enéas Marques,PR,Sul,Sul,,5490,17.29,48.38,3.4,51.78,47.97,Flávio,Lula,Flávio,155.0,-176.26,-0.23,0.03,-126.27
4113007,Jussara,PR,Sul,Sul,,5485,20.73,37.22,3.4,40.62,37.45,Flávio,Flávio,Flávio,-769.98,-1029.94,-0.23,-0.17,-126.16
4126207,Sapopema,PR,Sul,Sul,,5485,22.72,45.31,3.4,48.71,45.07,Flávio,Flávio,Flávio,-102.73,-393.04,-0.23,-0.02,-126.16
4121752,Reserva Do Iguaçu,PR,Sul,Sul,,5460,23.77,51.52,3.4,54.92,51.0,Lula,Lula,Lula,388.57,79.28,-0.23,0.09,-125.58
4111555,Ivaté,PR,Sul,Sul,,5439,19.86,42.45,3.4,45.85,42.38,Flávio,Flávio,Flávio,-345.59,-634.94,-0.23,-0.08,-125.1
4108650,Goioxim,PR,Sul,Sul,,5428,22.22,53.53,3.4,56.93,52.94,Lula,Lula,Lula,558.56,236.84,-0.23,0.13,-124.84
4108908,Guairaçá,PR,Sul,Sul,,5399,23.19,34.99,3.4,38.39,35.26,Flávio,Flávio,Flávio,-918.38,-1165.92,-0.23,-0.22,-124.18
4128807,Xambrê,PR,Sul,Sul,,5375,22.98,37.45,3.4,40.85,37.61,Flávio,Flávio,Flávio,-729.45,-987.92,-0.23,-0.17,-123.62
4121604,Renascença,PR,Sul,Sul,S3#36,5351,18.82,42.35,3.4,45.75,42.3,Flávio,Flávio,Flávio,-352.86,-639.68,-0.23,-0.08,-123.07
4117453,Ouro Verde Do Oeste,PR,Sul,Sul,,5332,17.39,33.08,3.4,36.48,33.48,Flávio,Flávio,Flávio,-1135.99,-1388.52,-0.23,-0.25,-122.64
4103206,Bom Sucesso,PR,Sul,Sul,,5316,20.64,48.99,3.4,52.39,48.53,Flávio,Lula,Flávio,190.32,-117.02,-0.23,0.04,-122.27
4126272,Saudade Do Iguaçu,PR,Sul,Sul,,5302,23.75,48.79,3.4,52.19,48.38,Flávio,Lula,Flávio,169.67,-125.54,-0.23,0.04,-121.95
4119004,Pérola D'Oeste,PR,Sul,Sul,,5285,15.8,33.56,3.4,36.96,33.88,Flávio,Flávio,Flávio,-1121.8,-1386.46,-0.23,-0.24,-121.56
4106456,Coronel Domingos Soares,PR,Sul,Sul,,5280,23.26,50.17,3.4,53.57,49.82,Lula,Lula,Flávio,278.15,-14.02,-0.23,0.07,-121.44
4111001,Itambaracá,PR,Sul,Sul,,5267,24.72,33.79,3.4,37.19,34.1,Flávio,Flávio,Flávio,-967.23,-1200.26,-0.23,-0.24,-121.14
4125357,São Jorge Do Patrocínio,PR,Sul,Sul,,5235,20.63,35.13,3.4,38.53,35.34,Flávio,Flávio,Flávio,-917.47,-1172.62,-0.23,-0.21,-120.4
4128633,Doutor Ulysses,PR,Sul,Sul,,5209,21.5,49.25,3.4,52.65,48.84,Flávio,Lula,Flávio,202.99,-88.88,-0.23,0.05,-119.81
4115358,Maripá,PR,Sul,Sul,,5176,15.4,16.38,3.4,19.78,17.24,Flávio,Flávio,Flávio,-2575.81,-2792.6,-0.23,-0.56,-119.05
4107306,Doutor Camargo,PR,Sul,Sul,,5175,19.5,30.23,3.4,33.63,30.71,Flávio,Flávio,Flávio,-1305.83,-1538.78,-0.23,-0.3,-119.02
4116950,Nova Esperança Do Sudoeste,PR,Sul,Sul,,5165,16.07,49.82,3.4,53.22,49.39,Flávio,Lula,Flávio,268.23,-50.82,-0.23,0.06,-118.8
4113452,Lindoeste,PR,Sul,Sul,,5116,21.31,51.53,3.4,54.93,51.01,Lula,Lula,Lula,382.38,78.56,-0.23,0.09,-117.67
4109757,Ibema,PR,Sul,Sul,,5098,21.71,45.38,3.4,48.78,45.15,Flávio,Flávio,Flávio,-92.6,-367.7,-0.23,-0.02,-117.25
4103040,Boa Ventura De São Roque,PR,Sul,Sul,,5080,17.64,50.05,3.4,53.45,49.52,Lula,Lula,Flávio,275.19,-38.42,-0.23,0.06,-116.84
4124608,São Carlos Do Ivaí,PR,Sul,Sul,,5076,17.06,32.32,3.4,35.72,32.6,Flávio,Flávio,Flávio,-1142.76,-1392.24,-0.23,-0.27,-116.75
4111100,Itambé,PR,Sul,Sul,,5052,16.05,35.23,3.4,38.63,35.58,Flávio,Flávio,Flávio,-921.32,-1168.68,-0.23,-0.21,-116.2
4125753,São Pedro Do Iguaçu,PR,Sul,Sul,,5033,20.54,38.4,3.4,41.8,38.5,Flávio,Flávio,Flávio,-624.11,-875.18,-0.23,-0.15,-115.76
4112207,Janiópolis,PR,Sul,Sul,,4944,22.8,45.25,3.4,48.65,45.07,Flávio,Flávio,Flávio,-98.04,-357.44,-0.23,-0.03,-113.71
4115853,Mercedes,PR,Sul,Sul,,4929,13.61,14.56,3.4,17.96,15.7,Flávio,Flávio,Flávio,-2654.92,-2842.06,-0.23,-0.6,-113.37
4117206,Nova Olímpia,PR,Sul,Sul,,4854,21.01,32.73,3.4,36.13,33.07,Flávio,Flávio,Flávio,-1015.45,-1239.16,-0.23,-0.26,-111.64
4125308,São Jorge Do Ivaí,PR,Sul,Sul,,4820,16.1,26.93,3.4,30.33,27.4,Flávio,Flávio,Flávio,-1530.01,-1757.52,-0.23,-0.37,-110.86
4126405,Sertaneja,PR,Sul,Sul,,4818,18.76,35.03,3.4,38.43,35.32,Flávio,Flávio,Flávio,-866.16,-1098.76,-0.23,-0.22,-110.81
4126108,São Tomé,PR,Sul,Sul,,4816,22.03,33.26,3.4,36.66,33.69,Flávio,Flávio,Flávio,-943.48,-1153.86,-0.23,-0.25,-110.77
4124509,Santo Inácio,PR,Sul,Sul,,4802,21.89,44.09,3.4,47.49,43.94,Flávio,Flávio,Flávio,-180.57,-435.64,-0.23,-0.05,-110.45
4114708,Maria Helena,PR,Sul,Sul,,4789,20.82,42.82,3.4,46.22,42.75,Flávio,Flávio,Flávio,-276.52,-530.34,-0.23,-0.07,-110.15
4118600,Paula Freitas,PR,Sul,Sul,,4763,18.92,29.78,3.4,33.18,30.46,Flávio,Flávio,Flávio,-1228.62,-1427.48,-0.23,-0.31,-109.55
4108700,Grandes Rios,PR,Sul,Sul,,4758,21.63,32.62,3.4,36.02,33.07,Flávio,Flávio,Flávio,-991.15,-1200.16,-0.23,-0.26,-109.43
4125407,São José Da Boa Vista,PR,Sul,Sul,,4737,20.12,32.17,3.4,35.57,32.74,Flávio,Flávio,Flávio,-1032.41,-1234.58,-0.23,-0.27,-108.95
4122651,Rosário Do Ivaí,PR,Sul,Sul,,4714,18.14,40.86,3.4,44.26,40.87,Flávio,Flávio,Flávio,-422.05,-671.28,-0.23,-0.11,-108.42
4113254,Laranjal,PR,Sul,Sul,,4694,21.39,57.71,3.4,61.11,57.18,Lula,Lula,Lula,790.38,510.7,-0.23,0.21,-107.96
4126900,Tapira,PR,Sul,Sul,,4694,24.29,39.69,3.4,43.09,39.74,Flávio,Flávio,Flávio,-469.0,-696.7,-0.23,-0.13,-107.96
4124004,Santana Do Itararé,PR,Sul,Sul,,4659,21.64,41.68,3.4,45.08,41.65,Flávio,Flávio,Flávio,-336.19,-571.04,-0.23,-0.09,-107.16
4120358,Pranchita,PR,Sul,Sul,,4649,15.21,32.08,3.4,35.48,32.44,Flávio,Flávio,Flávio,-1108.43,-1340.0,-0.23,-0.27,-106.93
4122909,Salto Do Itararé,PR,Sul,Sul,,4614,21.11,44.63,3.4,48.03,44.44,Flávio,Flávio,Flávio,-134.12,-378.9,-0.23,-0.04,-106.12
4124905,São João Do Caiuá,PR,Sul,Sul,,4585,17.95,53.99,3.4,57.39,53.49,Lula,Lula,Lula,531.8,251.08,-0.23,0.14,-105.46
4111704,Jaboti,PR,Sul,Sul,,4523,19.19,35.22,3.4,38.62,35.55,Flávio,Flávio,Flávio,-785.29,-997.14,-0.23,-0.21,-104.03
4118451,Pato Bragado,PR,Sul,Sul,,4506,15.49,18.18,3.4,21.58,19.1,Flávio,Flávio,Flávio,-2099.21,-2281.88,-0.23,-0.53,-103.64
4107546,Espigão Alto Do Iguaçu,PR,Sul,Sul,,4416,22.44,39.01,3.4,42.41,39.09,Flávio,Flávio,Flávio,-500.62,-719.98,-0.23,-0.14,-101.57
4126355,Serranópolis Do Iguaçu,PR,Sul,Sul,,4396,15.15,22.16,3.4,25.56,22.9,Flávio,Flávio,Flávio,-1765.04,-1957.34,-0.23,-0.45,-101.11
4107850,Flor Da Serra Do Sul,PR,Sul,Sul,S3#41,4381,19.68,44.38,3.4,47.78,44.2,Flávio,Flávio,Flávio,-149.25,-389.36,-0.23,-0.04,-100.76
4107108,Diamante Do Norte,PR,Sul,Sul,,4379,23.32,38.09,3.4,41.49,38.22,Flávio,Flávio,Flávio,-547.41,-757.62,-0.23,-0.16,-100.72
4109658,Honório Serpa,PR,Sul,Sul,,4366,20.02,51.31,3.4,54.71,50.91,Lula,Lula,Lula,318.67,61.48,-0.23,0.09,-100.42
4108452,Foz Do Jordão,PR,Sul,Sul,,4360,23.92,57.7,3.4,61.1,56.95,Lula,Lula,Lula,703.46,440.38,-0.23,0.21,-100.28
4107801,Floraí,PR,Sul,Sul,,4346,15.46,35.69,3.4,39.09,35.95,Flávio,Flávio,Flávio,-760.7,-979.52,-0.23,-0.2,-99.96
4103354,Braganey,PR,Sul,Sul,,4330,19.28,38.55,3.4,41.95,38.66,Flávio,Flávio,Flávio,-536.77,-755.72,-0.23,-0.15,-99.59
4121109,Quinta Do Sol,PR,Sul,Sul,,4291,19.13,43.82,3.4,47.22,43.71,Flávio,Flávio,Flávio,-184.0,-417.34,-0.23,-0.05,-98.69
4113759,Lunardelli,PR,Sul,Sul,,4235,21.56,41.27,3.4,44.67,41.26,Flávio,Flávio,Flávio,-333.96,-547.84,-0.23,-0.1,-97.4
4109203,Guaraci,PR,Sul,Sul,,4224,20.38,35.22,3.4,38.62,35.49,Flávio,Flávio,Flávio,-737.65,-940.74,-0.23,-0.21,-97.15
4103479,Cafezal Do Sul,PR,Sul,Sul,,4161,21.22,34.11,3.4,37.51,34.46,Flávio,Flávio,Flávio,-786.61,-978.7,-0.23,-0.23,-95.7
4126702,Tamboara,PR,Sul,Sul,,4157,21.22,33.36,3.4,36.76,33.7,Flávio,Flávio,Flávio,-810.8,-997.78,-0.23,-0.25,-95.61
4120853,Quatro Pontes,PR,Sul,Sul,,4065,11.93,11.5,3.4,14.9,12.86,Flávio,Flávio,Flávio,-2455.8,-2598.84,-0.23,-0.65,-93.5
4109005,Guapirama,PR,Sul,Sul,,4064,23.11,41.21,3.4,44.61,41.2,Flávio,Flávio,Flávio,-316.14,-516.38,-0.23,-0.1,-93.47
4100905,Amaporã,PR,Sul,Sul,,4058,22.52,45.83,3.4,49.23,45.6,Flávio,Flávio,Flávio,-46.04,-264.32,-0.23,-0.01,-93.33
4110003,Iguaraçu,PR,Sul,Sul,,4057,19.99,32.76,3.4,36.16,33.18,Flávio,Flávio,Flávio,-861.53,-1046.7,-0.23,-0.26,-93.31
4113106,Kaloré,PR,Sul,Sul,,4004,16.23,36.26,3.4,39.66,36.46,Flávio,Flávio,Flávio,-665.57,-871.8,-0.23,-0.19,-92.09
4113809,Lupionópolis,PR,Sul,Sul,,4003,19.44,50.24,3.4,53.64,49.86,Lula,Lula,Flávio,223.27,-8.4,-0.23,0.07,-92.07
4103008,Boa Esperança,PR,Sul,Sul,,3974,18.92,24.93,3.4,28.33,25.5,Flávio,Flávio,Flávio,-1340.07,-1515.46,-0.23,-0.4,-91.4
4115507,Marumbi,PR,Sul,Sul,,3950,16.3,42.52,3.4,45.92,42.43,Flávio,Flávio,Flávio,-257.07,-476.76,-0.23,-0.08,-90.85
4112306,Japira,PR,Sul,Sul,,3943,22.7,42.38,3.4,45.78,42.3,Flávio,Flávio,Flávio,-244.0,-444.58,-0.23,-0.08,-90.69
4106704,Cruzeiro Do Sul,PR,Sul,Sul,,3922,22.95,52.75,3.4,56.15,52.22,Lula,Lula,Lula,353.72,127.76,-0.23,0.11,-90.21
4120408,Presidente Castelo Branco,PR,Sul,Sul,,3887,21.07,48.9,3.4,52.3,48.45,Flávio,Lula,Flávio,133.42,-89.82,-0.23,0.04,-89.4
4115457,Marquinho,PR,Sul,Sul,,3876,20.77,47.58,3.4,50.98,47.3,Flávio,Lula,Flávio,57.53,-158.4,-0.23,0.02,-89.15
4120101,Porto Amazonas,PR,Sul,Sul,,3870,21.55,31.88,3.4,35.28,32.64,Flávio,Flávio,Flávio,-833.28,-983.0,-0.23,-0.27,-89.01
4107702,Fênix,PR,Sul,Sul,,3851,20.93,47.3,3.4,50.7,46.95,Flávio,Lula,Flávio,40.09,-175.28,-0.23,0.01,-88.57
4113601,Lobato,PR,Sul,Sul,,3851,19.4,43.15,3.4,46.55,43.04,Flávio,Flávio,Flávio,-201.49,-406.3,-0.23,-0.06,-88.57
4110409,Indianópolis,PR,Sul,Sul,,3803,20.93,35.03,3.4,38.43,35.32,Flávio,Flávio,Flávio,-654.89,-830.78,-0.23,-0.22,-87.47
4107157,Diamante D'Oeste,PR,Sul,Sul,,3758,19.16,55.12,3.4,58.52,54.62,Lula,Lula,Lula,498.64,270.24,-0.23,0.16,-86.43
4117214,Nova Santa Bárbara,PR,Sul,Sul,,3758,21.23,46.54,3.4,49.94,46.21,Flávio,Flávio,Flávio,-3.48,-212.54,-0.23,-0.0,-86.43
4106555,Corumbataí Do Sul,PR,Sul,Sul,,3757,23.58,49.12,3.4,52.52,48.63,Flávio,Lula,Flávio,136.22,-74.12,-0.23,0.05,-86.41
4121257,Ramilândia,PR,Sul,Sul,,3754,22.35,49.22,3.4,52.62,48.85,Flávio,Lula,Flávio,148.03,-64.96,-0.23,0.05,-86.34
4103958,Campina Do Simão,PR,Sul,Sul,,3735,21.23,51.58,3.4,54.98,50.81,Lula,Lula,Lula,272.25,44.3,-0.23,0.09,-85.9
4107538,Entre Rios Do Oeste,PR,Sul,Sul,,3721,15.64,22.2,3.4,25.6,23.09,Flávio,Flávio,Flávio,-1485.77,-1638.76,-0.23,-0.45,-85.58
4103156,Bom Jesus Do Sul,PR,Sul,Sul,,3699,17.03,50.35,3.4,53.75,49.95,Lula,Lula,Flávio,221.77,-2.96,-0.23,0.07,-85.08
4104055,Campo Bonito,PR,Sul,Sul,,3695,21.84,42.83,3.4,46.23,42.75,Flávio,Flávio,Flávio,-209.33,-402.68,-0.23,-0.07,-84.98
4106571,Cruzeiro Do Iguaçu,PR,Sul,Sul,S3#50,3622,19.66,44.73,3.4,48.13,44.54,Flávio,Flávio,Flávio,-104.43,-305.74,-0.23,-0.03,-83.31
4122800,Salgado Filho,PR,Sul,Sul,,3590,14.54,40.32,3.4,43.72,40.36,Flávio,Flávio,Flávio,-366.3,-562.24,-0.23,-0.12,-82.57
4128658,Virmond,PR,Sul,Sul,,3584,18.69,37.61,3.4,41.01,37.8,Flávio,Flávio,Flávio,-502.99,-683.02,-0.23,-0.17,-82.43
4116307,Munhoz De Mello,PR,Sul,Sul,,3547,19.4,38.04,3.4,41.44,38.16,Flávio,Flávio,Flávio,-468.52,-648.02,-0.23,-0.16,-81.58
4122172,Rio Branco Do Ivaí,PR,Sul,Sul,,3520,23.95,45.31,3.4,48.71,45.1,Flávio,Flávio,Flávio,-65.36,-248.54,-0.23,-0.02,-80.96
4110904,Itaguajé,PR,Sul,Sul,,3512,19.62,46.51,3.4,49.91,46.28,Flávio,Flávio,Flávio,-4.86,-202.16,-0.23,-0.0,-80.78
4113403,Leópolis,PR,Sul,Sul,,3502,18.16,43.91,3.4,47.31,43.78,Flávio,Flávio,Flávio,-147.38,-341.38,-0.23,-0.05,-80.55
4102208,Atalaia,PR,Sul,Sul,,3479,17.99,35.59,3.4,38.99,35.83,Flávio,Flávio,Flávio,-604.4,-777.4,-0.23,-0.2,-80.02
4107124,Diamante Do Sul,PR,Sul,Sul,,3479,24.2,43.58,3.4,46.98,43.51,Flávio,Flávio,Flávio,-154.35,-331.46,-0.23,-0.06,-80.02
4120655,Quarto Centenário,PR,Sul,Sul,,3470,18.13,35.55,3.4,38.95,35.77,Flávio,Flávio,Flávio,-604.54,-778.16,-0.23,-0.21,-79.81
4125456,São José Das Palmeiras,PR,Sul,Sul,,3463,20.39,48.21,3.4,51.61,47.86,Flávio,Lula,Flávio,84.93,-112.96,-0.23,0.03,-79.65
4113429,Lidianópolis,PR,Sul,Sul,,3461,17.36,33.22,3.4,36.62,33.56,Flávio,Flávio,Flávio,-736.03,-904.42,-0.23,-0.25,-79.6
4100459,Altamira Do Paraná,PR,Sul,Sul,,3441,22.84,47.26,3.4,50.66,46.91,Flávio,Lula,Flávio,33.29,-156.06,-0.23,0.01,-79.14
4119707,Planaltina Do Paraná,PR,Sul,Sul,,3432,17.89,49.08,3.4,52.48,48.7,Flávio,Lula,Flávio,133.68,-70.1,-0.23,0.05,-78.94
4103370,Brasilândia Do Sul,PR,Sul,Sul,,3350,20.66,48.27,3.4,51.67,47.94,Flávio,Lula,Flávio,85.24,-104.72,-0.23,0.03,-77.05
4116604,Nova América Da Colina,PR,Sul,Sul,,3349,15.86,40.86,3.4,44.26,40.87,Flávio,Flávio,Flávio,-310.58,-494.3,-0.23,-0.11,-77.03
4123824,Santa Lúcia,PR,Sul,Sul,,3289,22.59,39.58,3.4,42.98,39.66,Flávio,Flávio,Flávio,-340.95,-502.54,-0.23,-0.13,-75.65
4120309,Porto Vitória,PR,Sul,Sul,,3274,18.75,36.46,3.4,39.86,36.76,Flávio,Flávio,Flávio,-506.35,-661.26,-0.23,-0.19,-75.3
4128625,Alto Paraíso,PR,Sul,Sul,,3269,28.54,38.59,3.4,41.99,38.7,Flávio,Flávio,Flávio,-360.86,-509.06,-0.23,-0.15,-75.19
4101655,Arapuã,PR,Sul,Sul,,3263,16.21,48.74,3.4,52.14,48.37,Flávio,Lula,Flávio,111.79,-85.12,-0.23,0.04,-75.05
4115739,Mato Rico,PR,Sul,Sul,,3238,20.72,50.58,3.4,53.98,50.09,Lula,Lula,Lula,194.69,4.46,-0.23,0.07,-74.47
4121307,Rancho Alegre,PR,Sul,Sul,,3224,20.44,34.91,3.4,38.31,35.21,Flávio,Flávio,Flávio,-574.59,-727.28,-0.23,-0.22,-74.15
4106100,Conselheiro Mairinck,PR,Sul,Sul,,3221,23.35,43.14,3.4,46.54,43.03,Flávio,Flávio,Flávio,-161.51,-325.28,-0.23,-0.06,-74.08
4120333,Prado Ferreira,PR,Sul,Sul,,3188,18.32,43.05,3.4,46.45,42.93,Flávio,Flávio,Flávio,-176.89,-351.64,-0.23,-0.07,-73.32
4116406,Nossa Senhora Das Graças,PR,Sul,Sul,,3173,20.23,52.77,3.4,56.17,52.09,Lula,Lula,Lula,295.35,100.08,-0.23,0.11,-72.98
4111605,Ivatuba,PR,Sul,Sul,,3152,25.25,32.51,3.4,35.91,33.14,Flávio,Flávio,Flávio,-630.05,-753.82,-0.23,-0.26,-72.5
4120150,Porto Barreiro,PR,Sul,Sul,,3139,21.6,40.38,3.4,43.78,40.42,Flávio,Flávio,Flávio,-295.06,-454.84,-0.23,-0.12,-72.2
4114351,Manfrinópolis,PR,Sul,Sul,,3122,18.16,58.78,3.4,62.18,58.01,Lula,Lula,Lula,598.84,393.96,-0.23,0.23,-71.81
4123204,Santa Cecília Do Pavão,PR,Sul,Sul,,3121,17.59,43.24,3.4,46.64,43.13,Flávio,Flávio,Flávio,-165.29,-337.7,-0.23,-0.06,-71.78
4123105,Santa Amélia,PR,Sul,Sul,,3048,20.34,39.82,3.4,43.22,39.86,Flávio,Flávio,Flávio,-314.54,-470.76,-0.23,-0.13,-70.1
4103222,Bom Sucesso Do Sul,PR,Sul,Sul,,3020,15.17,25.92,3.4,29.32,26.52,Flávio,Flávio,Flávio,-1028.26,-1167.64,-0.23,-0.38,-69.46
4122107,Rio Bom,PR,Sul,Sul,,3019,19.38,40.17,3.4,43.57,40.22,Flávio,Flávio,Flávio,-295.24,-448.74,-0.23,-0.12,-69.44
4120200,Porto Rico,PR,Sul,Sul,,3003,20.68,29.98,3.4,33.38,30.38,Flávio,Flávio,Flávio,-771.03,-910.12,-0.23,-0.31,-69.07
4117297,Novo Itacolomi,PR,Sul,Sul,,2996,17.76,31.78,3.4,35.18,32.35,Flávio,Flávio,Flávio,-691.62,-823.76,-0.23,-0.28,-68.91
4102752,Bela Vista Da Caroba,PR,Sul,Sul,,2988,16.9,53.56,3.4,56.96,52.95,Lula,Lula,Lula,330.69,140.28,-0.23,0.13,-68.72
4126652,Sulina,PR,Sul,Sul,S3#54,2942,18.32,40.82,3.4,44.22,40.84,Flávio,Flávio,Flávio,-262.79,-416.92,-0.23,-0.11,-67.67
4112900,Jundiaí Do Sul,PR,Sul,Sul,,2911,24.7,51.75,3.4,55.15,51.27,Lula,Lula,Lula,215.64,53.2,-0.23,0.1,-66.95
4108551,Godoy Moreira,PR,Sul,Sul,,2850,22.18,56.76,3.4,60.16,56.05,Lula,Lula,Lula,431.23,256.92,-0.23,0.19,-65.55
4107553,Farol,PR,Sul,Sul,,2837,20.83,43.67,3.4,47.07,43.56,Flávio,Flávio,Flávio,-125.72,-276.52,-0.23,-0.05,-65.25
4117404,Ourizona,PR,Sul,Sul,,2830,16.01,46.24,3.4,49.64,46.01,Flávio,Flávio,Flávio,-16.13,-180.48,-0.23,-0.01,-65.09
4101051,Anahy,PR,Sul,Sul,,2828,16.69,43.58,3.4,46.98,43.44,Flávio,Flávio,Flávio,-136.04,-295.82,-0.23,-0.06,-65.04
4101150,Ângulo,PR,Sul,Sul,,2817,17.61,28.93,3.4,32.33,29.61,Flávio,Flávio,Flávio,-779.6,-899.4,-0.23,-0.33,-64.79
4102703,Barra Do Jacaré,PR,Sul,Sul,,2805,20.18,43.5,3.4,46.9,43.37,Flávio,Flávio,Flávio,-131.39,-281.3,-0.23,-0.06,-64.52
4111308,Itaúna Do Sul,PR,Sul,Sul,,2788,24.35,56.48,3.4,59.88,55.64,Lula,Lula,Lula,398.28,227.26,-0.23,0.18,-64.12
4106852,Cruzmaltina,PR,Sul,Sul,,2730,20.44,37.24,3.4,40.64,37.45,Flávio,Flávio,Flávio,-387.38,-519.44,-0.23,-0.17,-62.79
4123956,Santa Mônica,PR,Sul,Sul,,2710,22.29,50.68,3.4,54.08,50.4,Lula,Lula,Lula,166.13,16.08,-0.23,0.08,-62.33
4125902,São Pedro Do Paraná,PR,Sul,Sul,,2695,20.56,28.48,3.4,31.88,28.95,Flávio,Flávio,Flávio,-747.36,-868.0,-0.23,-0.34,-61.98
4119657,Pitangueiras,PR,Sul,Sul,,2622,19.68,33.66,3.4,37.06,34.04,Flávio,Flávio,Flávio,-520.55,-642.34,-0.23,-0.24,-60.31
4119251,Pinhal De São Bento,PR,Sul,Sul,,2579,17.25,60.08,3.4,63.48,59.03,Lula,Lula,Lula,549.12,367.84,-0.23,0.25,-59.32
4110300,Inajá,PR,Sul,Sul,,2546,21.64,53.35,3.4,56.75,52.92,Lula,Lula,Lula,260.96,112.68,-0.23,0.13,-58.56
4101853,Ariranha Do Ivaí,PR,Sul,Sul,,2527,19.91,50.76,3.4,54.16,50.3,Lula,Lula,Lula,160.78,11.76,-0.23,0.08,-58.12
4110656,Iracema Do Oeste,PR,Sul,Sul,,2427,19.86,45.35,3.4,48.75,45.17,Flávio,Flávio,Flávio,-46.48,-179.86,-0.23,-0.02,-55.82
4108106,Flórida,PR,Sul,Sul,,2410,16.93,43.62,3.4,47.02,43.48,Flávio,Flávio,Flávio,-113.76,-248.36,-0.23,-0.06,-55.43
4124202,Santo Antônio Do Caiuá,PR,Sul,Sul,,2358,17.35,54.02,3.4,57.42,53.56,Lula,Lula,Lula,275.58,132.24,-0.23,0.14,-54.23
4121356,Rancho Alegre D'Oeste,PR,Sul,Sul,,2352,18.28,38.66,3.4,42.06,38.73,Flávio,Flávio,Flávio,-292.92,-415.5,-0.23,-0.15,-54.1
4103024,Boa Esperança Do Iguaçu,PR,Sul,Sul,,2309,15.89,51.17,3.4,54.57,50.55,Lula,Lula,Lula,170.42,20.42,-0.23,0.09,-53.11
4124301,Santo Antônio Do Paraíso,PR,Sul,Sul,,2247,21.98,45.7,3.4,49.1,45.51,Flávio,Flávio,Flávio,-30.29,-151.46,-0.23,-0.02,-51.68
4103404,Cafeara,PR,Sul,Sul,,2223,17.36,51.19,3.4,54.59,50.82,Lula,Lula,Lula,160.17,28.66,-0.23,0.09,-51.13
4115903,Mirador,PR,Sul,Sul,,2160,25.0,56.85,3.4,60.25,56.09,Lula,Lula,Lula,315.95,187.7,-0.23,0.19,-49.68
4128302,Uniflor,PR,Sul,Sul,,2155,17.12,47.04,3.4,50.44,46.83,Flávio,Lula,Flávio,15.3,-109.2,-0.23,0.01,-49.57
4110052,Iguatu,PR,Sul,Sul,,2131,17.27,48.49,3.4,51.89,48.17,Flávio,Lula,Flávio,64.11,-62.02,-0.23,0.04,-49.01
4107520,Esperança Nova,PR,Sul,Sul,,2112,24.34,28.93,3.4,32.33,29.47,Flávio,Flávio,Flávio,-546.17,-634.46,-0.23,-0.33,-48.58
4118303,Paranapoema,PR,Sul,Sul,,2106,16.86,55.5,3.4,58.9,54.85,Lula,Lula,Lula,299.88,163.42,-0.23,0.17,-48.44
4125555,São Manoel Do Paraná,PR,Sul,Sul,,2070,19.18,36.44,3.4,39.84,36.63,Flávio,Flávio,Flávio,-327.25,-430.76,-0.23,-0.19,-47.61
4109104,Guaporema,PR,Sul,Sul,,1979,23.29,37.25,3.4,40.65,37.46,Flávio,Flávio,Flávio,-271.07,-363.56,-0.23,-0.17,-45.52
4116000,Miraselva,PR,Sul,Sul,,1851,15.18,41.04,3.4,44.44,41.04,Flávio,Flávio,Flávio,-168.48,-271.52,-0.23,-0.1,-42.57
4123600,Santa Inês,PR,Sul,Sul,,1684,14.67,52.46,3.4,55.86,51.9,Lula,Lula,Lula,162.87,52.68,-0.23,0.11,-38.73
4116505,Nova Aliança Do Ivaí,PR,Sul,Sul,,1565,20.64,41.7,3.4,45.1,41.67,Flávio,Flávio,Flávio,-116.7,-198.62,-0.23,-0.09,-36.0
4112603,Jardim Olinda,PR,Sul,Sul,,1350,15.41,59.34,3.4,62.74,58.58,Lula,Lula,Lula,280.26,188.88,-0.23,0.24,-31.05
3304557,Rio De Janeiro,RJ,Sudeste,Sudeste,,4952612,26.12,47.84,2.07,49.91,47.39,Flávio,Flávio,Flávio,-6312.14,-177737.42,-0.08,-0.0,-39620.9
3304904,São Gonçalo,RJ,Sudeste,Sudeste,,653184,23.46,43.55,2.07,45.62,43.41,Flávio,Flávio,Flávio,-40721.8,-61324.46,-0.08,-0.08,-5225.47
3301702,Duque De Caxias,RJ,Sudeste,Sudeste,,634694,17.97,40.03,2.07,42.1,40.09,Flávio,Flávio,Flávio,-76418.59,-95928.48,-0.08,-0.15,-5077.55
3303500,Nova Iguaçu,RJ,Sudeste,Sudeste,,614931,22.41,36.17,2.07,38.24,36.43,Flávio,Flávio,Flávio,-104250.62,-120251.72,-0.08,-0.22,-4919.45
3303302,Niterói,RJ,Sudeste,Sudeste,,412252,19.6,52.52,2.07,54.59,51.8,Lula,Lula,Lula,28748.29,11245.88,-0.08,0.08,-3298.02
3301009,Campos Dos Goytacazes,RJ,Sudeste,Sudeste,,370466,21.6,36.16,2.07,38.23,36.44,Flávio,Flávio,Flávio,-63032.3,-72582.0,-0.08,-0.22,-2963.73
3300456,Belford Roxo,RJ,Sudeste,Sudeste,,346172,22.83,38.82,2.07,40.89,38.93,Flávio,Flávio,Flávio,-45410.4,-55164.36,-0.08,-0.17,-2769.38
3305109,São João De Meriti,RJ,Sudeste,Sudeste,,340128,18.63,39.42,2.07,41.49,39.51,Flávio,Flávio,Flávio,-43809.3,-54021.34,-0.08,-0.16,-2721.02
3303906,Petrópolis,RJ,Sudeste,Sudeste,,239569,24.17,37.54,2.07,39.61,37.83,Flávio,Flávio,Flávio,-34788.87,-40739.4,-0.08,-0.19,-1916.55
3306305,Volta Redonda,RJ,Sudeste,Sudeste,,221957,22.32,45.66,2.07,47.73,45.37,Flávio,Flávio,Flávio,-7372.26,-15021.46,-0.08,-0.04,-1775.66
3302502,Magé,RJ,Sudeste,Sudeste,,192902,19.52,37.74,2.07,39.81,37.92,Flávio,Flávio,Flávio,-29618.06,-35106.9,-0.08,-0.19,-1543.22
3302403,Macaé,RJ,Sudeste,Sudeste,,186241,22.44,43.68,2.07,45.75,43.52,Flávio,Flávio,Flávio,-11535.17,-17585.96,-0.08,-0.08,-1489.93
3302700,Maricá,RJ,Sudeste,Sudeste,,185609,22.14,46.43,2.07,48.5,46.13,Flávio,Flávio,Flávio,-4100.68,-10580.26,-0.08,-0.03,-1484.87
3300704,Cabo Frio,RJ,Sudeste,Sudeste,,179682,23.56,32.43,2.07,34.5,32.89,Flávio,Flávio,Flávio,-40301.78,-44503.38,-0.08,-0.29,-1437.46
3301900,Itaboraí,RJ,Sudeste,Sudeste,,177920,22.64,40.9,2.07,42.97,40.9,Flávio,Flávio,Flávio,-18111.74,-23423.74,-0.08,-0.13,-1423.36
3303401,Nova Friburgo,RJ,Sudeste,Sudeste,,155366,22.69,38.32,2.07,40.39,38.52,Flávio,Flávio,Flávio,-21352.62,-25514.86,-0.08,-0.18,-1242.93
3300100,Angra Dos Reis,RJ,Sudeste,Sudeste,,137071,23.14,33.66,2.07,35.73,34.02,Flávio,Flávio,Flávio,-28437.58,-31831.72,-0.08,-0.26,-1096.57
3302858,Mesquita,RJ,Sudeste,Sudeste,,136302,22.02,38.04,2.07,40.11,38.19,Flávio,Flávio,Flávio,-19788.43,-23620.6,-0.08,-0.18,-1090.42
3300407,Barra Mansa,RJ,Sudeste,Sudeste,,133855,21.4,43.19,2.07,45.26,43.06,Flávio,Flávio,Flávio,-9314.75,-13646.56,-0.08,-0.09,-1070.84
3305802,Teresópolis,RJ,Sudeste,Sudeste,,133712,22.75,31.34,2.07,33.41,32.0,Flávio,Flávio,Flávio,-31924.33,-34643.66,-0.08,-0.31,-1069.7
3303203,Nilópolis,RJ,Sudeste,Sudeste,,128648,21.84,39.5,2.07,41.57,39.58,Flávio,Flávio,Flávio,-15958.13,-19721.68,-0.08,-0.16,-1029.18
3300209,Araruama,RJ,Sudeste,Sudeste,,111370,22.75,30.51,2.07,32.58,31.05,Flávio,Flávio,Flávio,-28230.55,-30710.34,-0.08,-0.32,-890.96
3304524,Rio Das Ostras,RJ,Sudeste,Sudeste,,107737,23.02,34.47,2.07,36.54,34.85,Flávio,Flávio,Flávio,-21125.92,-23766.9,-0.08,-0.25,-861.9
3304144,Queimados,RJ,Sudeste,Sudeste,,104602,16.88,40.11,2.07,42.18,40.17,Flávio,Flávio,Flávio,-12724.74,-16005.06,-0.08,-0.14,-836.82
3302007,Itaguaí,RJ,Sudeste,Sudeste,,100542,21.59,35.47,2.07,37.54,35.8,Flávio,Flávio,Flávio,-18462.95,-21040.58,-0.08,-0.23,-804.34
3304201,Resende,RJ,Sudeste,Sudeste,,98020,22.94,34.27,2.07,36.34,34.75,Flávio,Flávio,Flávio,-19355.87,-21602.1,-0.08,-0.25,-784.16
3305505,Saquarema,RJ,Sudeste,Sudeste,,92059,21.81,31.47,2.07,33.54,31.93,Flávio,Flávio,Flávio,-22292.43,-24472.76,-0.08,-0.3,-736.47
3302270,Japeri,RJ,Sudeste,Sudeste,,76652,21.81,41.87,2.07,43.94,41.83,Flávio,Flávio,Flávio,-6774.4,-9138.62,-0.08,-0.11,-613.22
3302205,Itaperuna,RJ,Sudeste,Sudeste,,76037,23.52,32.14,2.07,34.21,32.56,Flávio,Flávio,Flávio,-17539.24,-19375.02,-0.08,-0.29,-608.3
3305208,São Pedro Da Aldeia,RJ,Sudeste,Sudeste,,74913,21.91,27.35,2.07,29.42,28.04,Flávio,Flávio,Flávio,-22848.55,-24384.94,-0.08,-0.38,-599.3
3300308,Barra Do Piraí,RJ,Sudeste,Sudeste,,69309,23.81,47.25,2.07,49.32,46.86,Flávio,Flávio,Flávio,-676.1,-3110.46,-0.08,-0.01,-554.47
3306008,Três Rios,RJ,Sudeste,Sudeste,,62480,21.75,49.54,2.07,51.61,48.95,Flávio,Lula,Flávio,1468.25,-953.74,-0.08,0.03,-499.84
3305554,Seropédica,RJ,Sudeste,Sudeste,,60965,22.19,37.22,2.07,39.29,37.42,Flávio,Flávio,Flávio,-9550.57,-11219.0,-0.08,-0.2,-487.72
3306107,Valença,RJ,Sudeste,Sudeste,S2#11,56821,26.22,55.8,2.07,57.87,54.86,Lula,Lula,Lula,6168.76,3806.18,-0.08,0.14,-454.57
3300803,Cachoeiras De Macacu,RJ,Sudeste,Sudeste,,46722,21.88,36.43,2.07,38.5,36.66,Flávio,Flávio,Flávio,-7907.78,-9176.82,-0.08,-0.21,-373.78
3302601,Mangaratiba,RJ,Sudeste,Sudeste,,46501,26.71,34.2,2.07,36.27,34.51,Flávio,Flávio,Flávio,-8929.16,-10072.26,-0.08,-0.25,-372.01
3304300,Rio Bonito,RJ,Sudeste,Sudeste,,45412,19.99,33.44,2.07,35.51,33.86,Flávio,Flávio,Flávio,-9932.56,-11066.98,-0.08,-0.27,-363.3
3301850,Guapimirim,RJ,Sudeste,Sudeste,,44941,21.68,36.93,2.07,39.0,37.16,Flávio,Flávio,Flávio,-7315.08,-8543.94,-0.08,-0.2,-359.53
3305000,São João Da Barra,RJ,Sudeste,Sudeste,,43094,19.04,35.0,2.07,37.07,35.37,Flávio,Flávio,Flávio,-8385.9,-9488.4,-0.08,-0.24,-344.75
3304755,São Francisco De Itabapoana,RJ,Sudeste,Sudeste,,39905,25.94,29.76,2.07,31.83,30.21,Flávio,Flávio,Flávio,-10176.7,-11083.32,-0.08,-0.33,-319.24
3300233,Armação Dos Búzios,RJ,Sudeste,Sudeste,,36236,22.26,32.23,2.07,34.3,32.69,Flávio,Flávio,Flávio,-8457.51,-9323.38,-0.08,-0.29,-289.89
3301306,Casimiro De Abreu,RJ,Sudeste,Sudeste,,35993,22.92,30.11,2.07,32.18,30.62,Flávio,Flávio,Flávio,-9410.06,-10234.34,-0.08,-0.33,-287.94
3303807,Paraty,RJ,Sudeste,Sudeste,,35461,23.93,35.37,2.07,37.44,35.65,Flávio,Flávio,Flávio,-6449.11,-7366.3,-0.08,-0.23,-283.69
3300258,Arraial Do Cabo,RJ,Sudeste,Sudeste,,35242,22.39,35.16,2.07,37.23,35.48,Flávio,Flávio,Flávio,-6651.61,-7562.36,-0.08,-0.24,-281.94
3303708,Paraíba Do Sul,RJ,Sudeste,Sudeste,,34304,22.18,42.69,2.07,44.76,42.59,Flávio,Flávio,Flávio,-2614.01,-3699.28,-0.08,-0.1,-274.43
3304706,Santo Antônio De Pádua,RJ,Sudeste,Sudeste,,33702,23.48,36.05,2.07,38.12,36.28,Flávio,Flávio,Flávio,-5788.92,-6683.66,-0.08,-0.22,-269.62
3303609,Paracambi,RJ,Sudeste,Sudeste,,33690,21.45,41.88,2.07,43.95,41.83,Flávio,Flávio,Flávio,-2999.74,-4048.82,-0.08,-0.11,-269.52
3301876,Iguaba Grande,RJ,Sudeste,Sudeste,,30569,19.08,30.39,2.07,32.46,30.94,Flávio,Flávio,Flávio,-8254.44,-8965.62,-0.08,-0.32,-244.55
3304805,São Fidélis,RJ,Sudeste,Sudeste,,30178,21.48,33.66,2.07,35.73,34.0,Flávio,Flávio,Flávio,-6425.05,-7204.64,-0.08,-0.26,-241.42
3306206,Vassouras,RJ,Sudeste,Sudeste,,29259,20.7,45.6,2.07,47.67,45.32,Flávio,Flávio,Flávio,-1012.4,-2035.68,-0.08,-0.04,-234.07
3300605,Bom Jesus Do Itabapoana,RJ,Sudeste,Sudeste,,28472,20.7,40.19,2.07,42.26,40.23,Flávio,Flávio,Flávio,-3330.76,-4203.26,-0.08,-0.14,-227.78
3302254,Itatiaia,RJ,Sudeste,Sudeste,,26584,21.89,38.86,2.07,40.93,39.0,Flávio,Flávio,Flávio,-3573.39,-4334.2,-0.08,-0.17,-212.67
3305752,Tanguá,RJ,Sudeste,Sudeste,,26468,19.81,39.55,2.07,41.62,39.62,Flávio,Flávio,Flávio,-3361.99,-4162.28,-0.08,-0.15,-211.74
3302908,Miguel Pereira,RJ,Sudeste,Sudeste,,24781,22.4,38.87,2.07,40.94,38.99,Flávio,Flávio,Flávio,-3295.1,-4004.32,-0.08,-0.17,-198.25
3303856,Paty Do Alferes,RJ,Sudeste,Sudeste,,24302,21.68,33.19,2.07,35.26,33.6,Flávio,Flávio,Flávio,-5362.81,-5965.34,-0.08,-0.27,-194.42
3304003,Piraí,RJ,Sudeste,Sudeste,,23699,22.6,46.45,2.07,48.52,46.13,Flávio,Flávio,Flávio,-509.99,-1333.14,-0.08,-0.03,-189.59
3300506,Bom Jardim,RJ,Sudeste,Sudeste,,22628,21.36,38.16,2.07,40.23,38.34,Flávio,Flávio,Flávio,-3223.78,-3846.72,-0.08,-0.18,-181.02
3303005,Miracema,RJ,Sudeste,Sudeste,,21056,18.65,51.73,2.07,53.8,51.22,Lula,Lula,Lula,1220.3,391.24,-0.08,0.07,-168.45
3302106,Itaocara,RJ,Sudeste,Sudeste,,19120,18.28,30.65,2.07,32.72,31.11,Flávio,Flávio,Flávio,-5095.88,-5567.7,-0.08,-0.32,-152.96
3304151,Quissamã,RJ,Sudeste,Sudeste,S1#68,19085,21.04,44.4,2.07,46.47,44.23,Flávio,Flávio,Flávio,-1009.5,-1648.0,-0.08,-0.07,-152.68
3303955,Pinheiral,RJ,Sudeste,Sudeste,,18820,21.5,50.54,2.07,52.61,49.96,Lula,Lula,Flávio,730.55,-11.72,-0.08,0.05,-150.56
3305604,Silva Jardim,RJ,Sudeste,Sudeste,,18674,20.16,33.25,2.07,35.32,33.64,Flávio,Flávio,Flávio,-4133.35,-4607.58,-0.08,-0.27,-149.39
3304110,Porto Real,RJ,Sudeste,Sudeste,,17925,17.28,38.29,2.07,40.36,38.45,Flávio,Flávio,Flávio,-2708.36,-3245.9,-0.08,-0.18,-143.4
3301504,Cordeiro,RJ,Sudeste,Sudeste,,16926,16.26,42.38,2.07,44.45,42.31,Flávio,Flávio,Flávio,-1472.44,-2042.78,-0.08,-0.1,-135.41
3301405,Conceição De Macabu,RJ,Sudeste,Sudeste,,16681,19.06,50.23,2.07,52.3,49.72,Lula,Lula,Flávio,581.58,-70.88,-0.08,0.04,-133.45
3305158,São José Do Vale Do Rio Preto,RJ,Sudeste,Sudeste,,16230,20.09,20.06,2.07,22.13,21.28,Flávio,Flávio,Flávio,-6821.81,-7031.98,-0.08,-0.51,-129.84
3305406,Sapucaia,RJ,Sudeste,Sudeste,,15786,20.38,39.75,2.07,41.82,39.81,Flávio,Flávio,Flávio,-1941.95,-2418.96,-0.08,-0.15,-126.29
3301108,Cantagalo,RJ,Sudeste,Sudeste,,15148,19.4,42.7,2.07,44.77,42.61,Flávio,Flávio,Flávio,-1197.13,-1691.3,-0.08,-0.1,-121.18
3302809,Mendes,RJ,Sudeste,Sudeste,,14878,20.16,47.32,2.07,49.39,46.96,Flávio,Flávio,Flávio,-136.32,-677.52,-0.08,-0.01,-119.02
3304409,Rio Claro,RJ,Sudeste,Sudeste,,14700,18.51,49.26,2.07,51.33,48.77,Flávio,Lula,Flávio,298.94,-276.14,-0.08,0.02,-117.6
3301207,Carmo,RJ,Sudeste,Sudeste,,14237,17.4,47.36,2.07,49.43,46.97,Flávio,Flávio,Flávio,-125.66,-670.08,-0.08,-0.01,-113.9
3305703,Sumidouro,RJ,Sudeste,Sudeste,,14193,16.66,31.23,2.07,33.3,31.67,Flávio,Flávio,Flávio,-3746.65,-4111.86,-0.08,-0.31,-113.54
3300936,Carapebus,RJ,Sudeste,Sudeste,,13468,18.53,38.88,2.07,40.95,38.97,Flávio,Flávio,Flávio,-1893.48,-2307.66,-0.08,-0.17,-107.74
3304102,Porciúncula,RJ,Sudeste,Sudeste,,13293,22.12,51.37,2.07,53.44,50.83,Lula,Lula,Lula,668.96,162.14,-0.08,0.06,-106.34
3301157,Cardoso Moreira,RJ,Sudeste,Sudeste,,12616,20.43,33.82,2.07,35.89,34.17,Flávio,Flávio,Flávio,-2697.33,-3025.28,-0.08,-0.26,-100.93
3303104,Natividade,RJ,Sudeste,Sudeste,,12453,22.03,45.34,2.07,47.41,45.08,Flávio,Flávio,Flávio,-468.7,-891.82,-0.08,-0.05,-99.62
3300902,Cambuci,RJ,Sudeste,Sudeste,,12296,19.19,46.28,2.07,48.35,46.09,Flávio,Flávio,Flávio,-314.2,-744.46,-0.08,-0.03,-98.37
3302056,Italva,RJ,Sudeste,Sudeste,,11648,21.32,29.27,2.07,31.34,29.75,Flávio,Flávio,Flávio,-3264.35,-3543.42,-0.08,-0.34,-93.18
3301801,Engenheiro Paulo De Frontin,RJ,Sudeste,Sudeste,,11116,17.21,44.79,2.07,46.86,44.56,Flávio,Flávio,Flávio,-544.73,-942.26,-0.08,-0.06,-88.93
3304128,Quatis,RJ,Sudeste,Sudeste,,10505,16.74,45.45,2.07,47.52,45.22,Flávio,Flávio,Flávio,-409.88,-792.22,-0.08,-0.05,-84.04
3301603,Duas Barras,RJ,Sudeste,Sudeste,S3#80,10314,20.22,45.33,2.07,47.4,45.05,Flávio,Flávio,Flávio,-399.32,-759.88,-0.08,-0.05,-82.51
3300225,Areal,RJ,Sudeste,Sudeste,,10270,19.85,36.89,2.07,38.96,37.16,Flávio,Flávio,Flávio,-1700.78,-1979.5,-0.08,-0.2,-82.16
3300159,Aperibé,RJ,Sudeste,Sudeste,,10135,18.33,34.99,2.07,37.06,35.23,Flávio,Flávio,Flávio,-2040.48,-2328.26,-0.08,-0.24,-81.08
3305901,Trajano De Moraes,RJ,Sudeste,Sudeste,,9269,19.46,46.72,2.07,48.79,46.45,Flávio,Flávio,Flávio,-170.41,-498.78,-0.08,-0.02,-74.15
3304607,Santa Maria Madalena,RJ,Sudeste,Sudeste,,8846,20.85,46.49,2.07,48.56,46.16,Flávio,Flávio,Flávio,-187.68,-499.86,-0.08,-0.03,-70.77
3306156,Varre-Sai,RJ,Sudeste,Sudeste,,8788,19.65,33.25,2.07,35.32,33.63,Flávio,Flávio,Flávio,-1950.32,-2175.1,-0.08,-0.27,-70.3
3304508,Rio Das Flores,RJ,Sudeste,Sudeste,,8711,20.81,60.43,2.07,62.5,59.58,Lula,Lula,Lula,1635.21,1253.9,-0.08,0.23,-69.69
3300951,Comendador Levy Gasparian,RJ,Sudeste,Sudeste,,8033,15.1,54.8,2.07,56.87,53.9,Lula,Lula,Lula,882.02,500.82,-0.08,0.13,-64.26
3305307,São Sebastião Do Alto,RJ,Sudeste,Sudeste,,7793,22.66,40.17,2.07,42.24,40.21,Flávio,Flávio,Flávio,-877.57,-1107.88,-0.08,-0.14,-62.34
3305133,São José De Ubá,RJ,Sudeste,Sudeste,,7636,20.31,33.72,2.07,35.79,34.0,Flávio,Flávio,Flávio,-1646.91,-1855.06,-0.08,-0.26,-61.09
3302452,Macuco,RJ,Sudeste,Sudeste,,7132,15.0,45.94,2.07,48.01,45.7,Flávio,Flávio,Flávio,-227.55,-492.54,-0.08,-0.04,-57.06
3302304,Laje Do Muriaé,RJ,Sudeste,Sudeste,,6944,19.46,56.26,2.07,58.33,55.59,Lula,Lula,Lula,881.33,590.86,-0.08,0.15,-55.55
2408102,Natal,RN,Nordeste,Nordeste,,573148,20.51,52.59,-3.85,48.74,51.96,Lula,Flávio,Lula,-10838.84,16872.28,0.26,-0.02,14901.85
2408003,Mossoró,RN,Nordeste,Nordeste,,188013,15.96,61.15,-3.85,57.3,60.05,Lula,Lula,Lula,21596.56,29738.96,0.26,0.14,4888.34
2403251,Parnamirim,RN,Nordeste,Nordeste,,147649,17.56,45.27,-3.85,41.42,45.03,Flávio,Flávio,Flávio,-19696.29,-11396.96,0.26,-0.16,3838.87
2412005,São Gonçalo Do Amarante,RN,Nordeste,Nordeste,,77509,16.19,57.52,-3.85,53.67,56.71,Lula,Lula,Lula,4487.63,8205.86,0.26,0.07,2015.23
2402600,Ceará-Mirim,RN,Nordeste,Nordeste,,60280,17.88,71.11,-3.85,67.26,69.97,Lula,Lula,Lula,16094.86,18620.62,0.26,0.33,1567.28
2407104,Macaíba,RN,Nordeste,Nordeste,,54350,17.01,63.32,-3.85,59.47,62.37,Lula,Lula,Lula,8002.18,10454.58,0.26,0.18,1413.1
2400208,Assú,RN,Nordeste,Nordeste,,45551,18.9,72.05,-3.85,68.2,70.81,Lula,Lula,Lula,12719.37,14541.84,0.26,0.35,1184.33
2402006,Caicó,RN,Nordeste,Nordeste,,45036,15.78,62.66,-3.85,58.81,61.64,Lula,Lula,Lula,6309.47,8334.2,0.26,0.17,1170.94
2403608,Extremoz,RN,Nordeste,Nordeste,,39504,17.25,53.55,-3.85,49.7,52.97,Lula,Flávio,Lula,-183.46,1835.44,0.26,-0.01,1027.1
2412203,São José De Mipibu,RN,Nordeste,Nordeste,,35789,19.26,60.34,-3.85,56.49,59.56,Lula,Lula,Lula,3511.81,5169.46,0.26,0.12,930.51
2403103,Currais Novos,RN,Nordeste,Nordeste,,32922,19.42,62.88,-3.85,59.03,61.89,Lula,Lula,Lula,4489.58,5910.56,0.26,0.17,855.97
2401008,Apodi,RN,Nordeste,Nordeste,,30219,14.55,74.77,-3.85,70.92,73.12,Lula,Lula,Lula,10177.17,11248.78,0.26,0.4,785.69
2414407,Touros,RN,Nordeste,Nordeste,,28142,16.89,61.89,-3.85,58.04,61.17,Lula,Lula,Lula,3553.41,4936.22,0.26,0.15,731.69
2408300,Nova Cruz,RN,Nordeste,Nordeste,,27948,19.61,64.53,-3.85,60.68,63.78,Lula,Lula,Lula,4503.02,5808.76,0.26,0.21,726.65
2405801,João Câmara,RN,Nordeste,Nordeste,,27705,16.95,70.7,-3.85,66.85,69.62,Lula,Lula,Lula,7348.11,8553.92,0.26,0.32,720.33
2411205,Santa Cruz,RN,Nordeste,Nordeste,,27658,17.71,67.06,-3.85,63.21,66.12,Lula,Lula,Lula,5682.69,6933.42,0.26,0.25,719.11
2402204,Canguaretama,RN,Nordeste,Nordeste,,24690,19.13,72.91,-3.85,69.06,71.85,Lula,Lula,Lula,7235.94,8296.02,0.26,0.37,641.94
2408201,Nísia Floresta,RN,Nordeste,Nordeste,,23401,16.5,57.36,-3.85,53.51,56.74,Lula,Lula,Lula,1294.37,2485.84,0.26,0.07,608.43
2407203,Macau,RN,Nordeste,Nordeste,,22534,21.49,77.95,-3.85,74.1,76.47,Lula,Lula,Lula,8089.64,8884.04,0.26,0.46,585.88
2404200,Goianinha,RN,Nordeste,Nordeste,,22264,17.59,61.76,-3.85,57.91,61.01,Lula,Lula,Lula,2715.77,3777.86,0.26,0.15,578.86
2401453,Baraúna,RN,Nordeste,Nordeste,,22038,17.64,64.69,-3.85,60.84,63.76,Lula,Lula,Lula,3730.56,4732.78,0.26,0.21,572.99
2401107,Areia Branca,RN,Nordeste,Nordeste,,22037,20.43,65.8,-3.85,61.95,64.63,Lula,Lula,Lula,3902.57,4777.68,0.26,0.23,572.96
2409407,Pau Dos Ferros,RN,Nordeste,Nordeste,,21145,16.96,72.33,-3.85,68.48,71.28,Lula,Lula,Lula,6170.69,7106.76,0.26,0.35,549.77
2412500,São Miguel,RN,Nordeste,Nordeste,,19466,21.71,76.5,-3.85,72.65,75.2,Lula,Lula,Lula,6389.49,7110.6,0.26,0.43,506.12
2411502,Santo Antônio,RN,Nordeste,Nordeste,,19114,19.56,71.1,-3.85,67.25,70.18,Lula,Lula,Lula,4985.58,5834.04,0.26,0.33,496.96
2402303,Caraúbas,RN,Nordeste,Nordeste,,18980,16.71,77.03,-3.85,73.18,75.65,Lula,Lula,Lula,6913.61,7650.38,0.26,0.45,493.48
2408904,Parelhas,RN,Nordeste,Nordeste,,17461,15.89,58.62,-3.85,54.77,57.41,Lula,Lula,Lula,1276.68,1984.08,0.26,0.09,453.99
2407807,Monte Alegre,RN,Nordeste,Nordeste,,17267,18.23,60.65,-3.85,56.8,59.97,Lula,Lula,Lula,1804.17,2647.24,0.26,0.13,448.94
2404507,Guamaré,RN,Nordeste,Nordeste,,15625,22.78,67.98,-3.85,64.13,66.7,Lula,Lula,Lula,3222.63,3808.7,0.26,0.27,406.25
2406106,Jucurutu,RN,Nordeste,Nordeste,,15421,16.14,72.47,-3.85,68.62,71.39,Lula,Lula,Lula,4568.44,5248.54,0.26,0.36,400.95
2412609,São Paulo Do Potengi,RN,Nordeste,Nordeste,,14677,18.46,53.86,-3.85,50.01,53.4,Lula,Lula,Lula,3.28,768.2,0.26,0.0,381.6
2414209,Tibau Do Sul,RN,Nordeste,Nordeste,,13651,19.0,60.47,-3.85,56.62,59.86,Lula,Lula,Lula,1385.44,2064.06,0.26,0.13,354.93
2413359,Serra Do Mel,RN,Nordeste,Nordeste,,13225,13.93,60.99,-3.85,57.14,60.05,Lula,Lula,Lula,1538.68,2166.0,0.26,0.14,343.85
2404705,Ipanguaçu,RN,Nordeste,Nordeste,,12911,19.33,76.37,-3.85,72.52,75.43,Lula,Lula,Lula,4506.33,5088.12,0.26,0.43,335.69
2406502,Lagoa Nova,RN,Nordeste,Nordeste,,12875,21.4,70.94,-3.85,67.09,69.87,Lula,Lula,Lula,3253.32,3781.68,0.26,0.33,334.75
2414001,Tangará,RN,Nordeste,Nordeste,,12583,23.0,63.54,-3.85,59.69,62.69,Lula,Lula,Lula,1753.57,2295.4,0.26,0.19,327.16
2414605,Upanema,RN,Nordeste,Nordeste,,12260,17.36,59.89,-3.85,56.04,59.21,Lula,Lula,Lula,1152.11,1757.4,0.26,0.12,318.76
2404309,Governador Dix-Sept Rosado,RN,Nordeste,Nordeste,,12132,17.24,76.36,-3.85,72.51,75.1,Lula,Lula,Lula,4211.59,4696.08,0.26,0.43,315.43
2400703,Alto Do Rodrigues,RN,Nordeste,Nordeste,,12062,20.59,79.21,-3.85,75.36,77.66,Lula,Lula,Lula,4603.1,5020.92,0.26,0.49,313.61
2409803,Pedro Velho,RN,Nordeste,Nordeste,,11914,18.37,71.33,-3.85,67.48,70.42,Lula,Lula,Lula,3205.9,3745.72,0.26,0.34,309.76
2400505,Alexandria,RN,Nordeste,Nordeste,,11804,19.93,81.0,-3.85,77.15,79.99,Lula,Lula,Lula,4902.4,5416.26,0.26,0.52,306.9
2410108,Poço Branco,RN,Nordeste,Nordeste,,11674,17.9,79.97,-3.85,76.12,78.75,Lula,Lula,Lula,4730.13,5206.04,0.26,0.5,303.52
2404606,Ielmo Marinho,RN,Nordeste,Nordeste,,11530,15.4,68.54,-3.85,64.69,67.42,Lula,Lula,Lula,2735.92,3245.24,0.26,0.28,299.78
2401206,Arez,RN,Nordeste,Nordeste,,11506,19.37,65.38,-3.85,61.53,64.63,Lula,Lula,Lula,1991.6,2527.26,0.26,0.22,299.16
2414803,Vera Cruz,RN,Nordeste,Nordeste,,11417,18.38,66.56,-3.85,62.71,65.61,Lula,Lula,Lula,2218.82,2726.04,0.26,0.24,296.84
2411403,Santana Do Matos,RN,Nordeste,Nordeste,,11151,19.26,77.57,-3.85,73.72,76.45,Lula,Lula,Lula,4032.57,4497.38,0.26,0.46,289.93
2405603,Jardim De Piranhas,RN,Nordeste,Nordeste,,11100,14.23,80.9,-3.85,77.05,79.59,Lula,Lula,Lula,4919.39,5381.38,0.26,0.52,288.6
2408953,Rio Do Fogo,RN,Nordeste,Nordeste,,10982,17.16,58.56,-3.85,54.71,57.96,Lula,Lula,Lula,816.52,1379.8,0.26,0.09,285.53
2409902,Pendências,RN,Nordeste,Nordeste,,10931,21.53,77.83,-3.85,73.98,76.64,Lula,Lula,Lula,3918.6,4352.4,0.26,0.46,284.21
2413904,Taipu,RN,Nordeste,Nordeste,,10547,16.21,77.15,-3.85,73.3,75.84,Lula,Lula,Lula,3872.6,4293.68,0.26,0.45,274.22
2412302,São José Do Campestre,RN,Nordeste,Nordeste,,10539,18.57,68.53,-3.85,64.68,67.8,Lula,Lula,Lula,2371.38,2875.64,0.26,0.28,274.01
2400307,Afonso Bezerra,RN,Nordeste,Nordeste,,10537,19.76,70.06,-3.85,66.21,69.02,Lula,Lula,Lula,2608.11,3060.34,0.26,0.31,273.96
2407500,Maxaranguape,RN,Nordeste,Nordeste,,10437,18.54,63.83,-3.85,59.98,62.99,Lula,Lula,Lula,1609.0,2094.8,0.26,0.19,271.36
2405702,Jardim Do Seridó,RN,Nordeste,Nordeste,,10316,15.23,65.84,-3.85,61.99,64.55,Lula,Lula,Lula,1925.39,2335.96,0.26,0.23,268.22
2400802,Angicos,RN,Nordeste,Nordeste,,10219,17.84,68.34,-3.85,64.49,67.36,Lula,Lula,Lula,2312.16,2769.48,0.26,0.28,265.69
2401800,Brejinho,RN,Nordeste,Nordeste,,10102,21.14,66.21,-3.85,62.36,65.28,Lula,Lula,Lula,1842.06,2276.3,0.26,0.24,262.65
2409100,Passa E Fica,RN,Nordeste,Nordeste,,10054,18.05,60.42,-3.85,56.57,59.66,Lula,Lula,Lula,1010.87,1487.1,0.26,0.13,261.4
2409308,Patu,RN,Nordeste,Nordeste,,9946,16.45,72.2,-3.85,68.35,71.09,Lula,Lula,Lula,2893.07,3324.46,0.26,0.35,258.6
2402709,Cerro Corá,RN,Nordeste,Nordeste,,9720,22.55,75.55,-3.85,71.7,74.23,Lula,Lula,Lula,3064.31,3421.56,0.26,0.42,252.72
2412559,São Miguel Do Gostoso,RN,Nordeste,Nordeste,,9651,17.01,63.65,-3.85,59.8,62.8,Lula,Lula,Lula,1481.23,1935.18,0.26,0.19,250.93
2407708,Montanhas,RN,Nordeste,Nordeste,,9623,19.9,74.37,-3.85,70.52,73.33,Lula,Lula,Lula,2971.24,3377.26,0.26,0.39,250.2
2406601,Lagoa Salgada,RN,Nordeste,Nordeste,,9613,19.63,67.43,-3.85,63.58,66.62,Lula,Lula,Lula,1940.81,2374.38,0.26,0.26,249.94
2412906,São Tomé,RN,Nordeste,Nordeste,,9587,22.31,54.97,-3.85,51.12,54.62,Lula,Lula,Lula,159.25,658.36,0.26,0.02,249.26
2404408,Grossos,RN,Nordeste,Nordeste,,9557,14.05,66.4,-3.85,62.55,65.4,Lula,Lula,Lula,1932.1,2370.4,0.26,0.24,248.48
2406700,Lajes,RN,Nordeste,Nordeste,,9481,19.99,72.13,-3.85,68.28,70.92,Lula,Lula,Lula,2641.05,3022.6,0.26,0.35,246.51
2400109,Acari,RN,Nordeste,Nordeste,,9368,19.63,63.58,-3.85,59.73,62.51,Lula,Lula,Lula,1367.22,1758.36,0.26,0.19,243.57
2411056,Tibau,RN,Nordeste,Nordeste,,9238,24.01,60.53,-3.85,56.68,59.75,Lula,Lula,Lula,886.11,1293.26,0.26,0.13,240.19
2401701,Bom Jesus,RN,Nordeste,Nordeste,,9083,17.67,63.84,-3.85,59.99,62.98,Lula,Lula,Lula,1416.17,1840.12,0.26,0.19,236.16
2410306,Serra Caiada,RN,Nordeste,Nordeste,,9065,19.17,69.24,-3.85,65.39,68.51,Lula,Lula,Lula,2138.36,2573.08,0.26,0.3,235.69
2414506,Umarizal,RN,Nordeste,Nordeste,,8842,16.82,78.23,-3.85,74.38,77.14,Lula,Lula,Lula,3381.43,3764.6,0.26,0.47,229.89
2401305,Campo Grande,RN,Nordeste,Nordeste,,8816,18.01,69.42,-3.85,65.57,68.49,Lula,Lula,Lula,2128.34,2527.96,0.26,0.3,229.22
2402501,Carnaubais,RN,Nordeste,Nordeste,,8684,18.26,74.53,-3.85,70.68,73.24,Lula,Lula,Lula,2766.17,3107.52,0.26,0.4,225.78
2402105,Campo Redondo,RN,Nordeste,Nordeste,,8619,18.64,79.48,-3.85,75.63,78.52,Lula,Lula,Lula,3405.79,3790.32,0.26,0.49,224.09
2410405,Pureza,RN,Nordeste,Nordeste,,8502,17.13,73.77,-3.85,69.92,72.88,Lula,Lula,Lula,2639.92,3031.52,0.26,0.38,221.05
2403806,Florânia,RN,Nordeste,Nordeste,,8397,18.21,72.4,-3.85,68.55,71.09,Lula,Lula,Lula,2415.59,2746.14,0.26,0.36,218.32
2414100,Tenente Ananias,RN,Nordeste,Nordeste,,8205,16.48,66.98,-3.85,63.13,66.39,Lula,Lula,Lula,1734.2,2165.12,0.26,0.25,213.33
2405306,Boa Saúde,RN,Nordeste,Nordeste,,8062,18.56,62.5,-3.85,58.65,61.64,Lula,Lula,Lula,1056.71,1422.18,0.26,0.17,209.61
2403509,Espírito Santo,RN,Nordeste,Nordeste,,7961,19.86,57.11,-3.85,53.26,56.59,Lula,Lula,Lula,389.75,788.56,0.26,0.06,206.99
2406304,Lagoa De Pedras,RN,Nordeste,Nordeste,,7693,17.11,72.3,-3.85,68.45,71.09,Lula,Lula,Lula,2202.75,2517.42,0.26,0.35,200.02
2407401,Martins,RN,Nordeste,Nordeste,,7611,18.54,74.97,-3.85,71.12,73.91,Lula,Lula,Lula,2499.74,2831.1,0.26,0.41,197.89
2412807,São Rafael,RN,Nordeste,Nordeste,,7520,18.27,70.7,-3.85,66.85,69.59,Lula,Lula,Lula,1946.46,2261.94,0.26,0.32,195.52
2401404,Baía Formosa,RN,Nordeste,Nordeste,,7404,20.23,61.96,-3.85,58.11,61.16,Lula,Lula,Lula,906.84,1247.5,0.26,0.16,192.5
2407005,Luís Gomes,RN,Nordeste,Nordeste,,7360,23.34,84.58,-3.85,80.73,83.84,Lula,Lula,Lula,3271.19,3602.9,0.26,0.59,191.36
2404853,Itajá,RN,Nordeste,Nordeste,,7286,18.01,69.51,-3.85,65.66,68.64,Lula,Lula,Lula,1792.96,2134.78,0.26,0.3,189.44
2403707,Felipe Guerra,RN,Nordeste,Nordeste,,7070,14.88,80.41,-3.85,76.56,79.3,Lula,Lula,Lula,3042.6,3357.16,0.26,0.51,183.82
2413508,Serrinha,RN,Nordeste,Nordeste,,7068,18.17,68.68,-3.85,64.83,67.66,Lula,Lula,Lula,1597.05,1902.58,0.26,0.28,183.77
2407302,Marcelino Vieira,RN,Nordeste,Nordeste,,7032,15.87,82.93,-3.85,79.08,82.1,Lula,Lula,Lula,3273.98,3613.98,0.26,0.56,182.83
2403004,Cruzeta,RN,Nordeste,Nordeste,,6955,17.84,71.19,-3.85,67.34,70.02,Lula,Lula,Lula,1851.43,2137.9,0.26,0.33,180.83
2410900,Riachuelo,RN,Nordeste,Nordeste,,6909,16.56,66.96,-3.85,63.11,66.31,Lula,Lula,Lula,1448.96,1803.36,0.26,0.25,179.63
2410207,Portalegre,RN,Nordeste,Nordeste,,6896,19.07,65.05,-3.85,61.2,64.23,Lula,Lula,Lula,1173.83,1490.66,0.26,0.22,179.3
2413607,Severiano Melo,RN,Nordeste,Nordeste,,6813,16.81,77.33,-3.85,73.48,76.18,Lula,Lula,Lula,2529.68,2820.34,0.26,0.45,177.14
2409704,Pedro Avelino,RN,Nordeste,Nordeste,,6554,24.26,71.01,-3.85,67.16,69.97,Lula,Lula,Lula,1609.19,1872.88,0.26,0.33,170.4
2412708,São Pedro,RN,Nordeste,Nordeste,,6475,17.48,69.09,-3.85,65.24,68.13,Lula,Lula,Lula,1541.39,1834.06,0.26,0.29,168.35
2405108,Jandaíra,RN,Nordeste,Nordeste,,6396,16.73,69.09,-3.85,65.24,68.2,Lula,Lula,Lula,1541.83,1841.16,0.26,0.29,166.3
2406205,Lagoa D'Anta,RN,Nordeste,Nordeste,,6393,20.01,75.56,-3.85,71.71,74.66,Lula,Lula,Lula,2115.42,2403.32,0.26,0.42,166.22
2402402,Carnaúba Dos Dantas,RN,Nordeste,Nordeste,,6324,16.4,53.61,-3.85,49.76,52.62,Lula,Flávio,Lula,-22.93,252.4,0.26,-0.0,164.42
2403202,Doutor Severiano,RN,Nordeste,Nordeste,,6326,17.55,84.22,-3.85,80.37,82.59,Lula,Lula,Lula,3032.28,3254.26,0.26,0.58,164.48
2405009,Jaçanã,RN,Nordeste,Nordeste,,6324,17.03,72.96,-3.85,69.11,71.89,Lula,Lula,Lula,1889.75,2165.46,0.26,0.37,164.42
2413409,Serra Negra Do Norte,RN,Nordeste,Nordeste,,6262,17.95,57.51,-3.85,53.66,57.0,Lula,Lula,Lula,353.74,675.98,0.26,0.07,162.81
2413300,Serra De São Bento,RN,Nordeste,Nordeste,,6185,18.42,66.59,-3.85,62.74,65.85,Lula,Lula,Lula,1215.23,1510.94,0.26,0.24,160.81
2400901,Antônio Martins,RN,Nordeste,Nordeste,,5912,14.97,82.71,-3.85,78.86,81.69,Lula,Lula,Lula,2723.19,2990.28,0.26,0.55,153.71
2413102,Senador Elói De Souza,RN,Nordeste,Nordeste,,5748,17.36,71.39,-3.85,67.54,70.61,Lula,Lula,Lula,1576.03,1852.42,0.26,0.34,149.45
2405405,Japi,RN,Nordeste,Nordeste,,5746,17.96,80.43,-3.85,76.58,79.48,Lula,Lula,Lula,2390.68,2651.54,0.26,0.51,149.4
2414704,Várzea,RN,Nordeste,Nordeste,,5584,15.28,63.38,-3.85,59.53,62.69,Lula,Lula,Lula,856.29,1140.08,0.26,0.18,145.18
2414159,Tenente Laurentino Cruz,RN,Nordeste,Nordeste,,5580,17.71,69.68,-3.85,65.83,68.56,Lula,Lula,Lula,1369.83,1605.48,0.26,0.3,145.08
2401859,Caiçara Do Norte,RN,Nordeste,Nordeste,,5551,20.68,63.31,-3.85,59.46,62.43,Lula,Lula,Lula,788.51,1036.6,0.26,0.18,144.33
2408805,Parazinho,RN,Nordeste,Nordeste,,5532,18.0,68.23,-3.85,64.38,67.52,Lula,Lula,Lula,1242.28,1513.84,0.26,0.28,143.83
2413003,São Vicente,RN,Nordeste,Nordeste,,5396,16.35,70.78,-3.85,66.93,69.62,Lula,Lula,Lula,1434.43,1662.32,0.26,0.32,140.3
2412104,São João Do Sabugi,RN,Nordeste,Nordeste,,5309,15.75,72.5,-3.85,68.65,71.29,Lula,Lula,Lula,1593.7,1819.6,0.26,0.36,138.03
2406007,José Da Penha,RN,Nordeste,Nordeste,,5251,18.8,84.15,-3.85,80.3,83.13,Lula,Lula,Lula,2455.53,2684.78,0.26,0.58,136.53
2406809,Lajes Pintadas,RN,Nordeste,Nordeste,,5230,16.58,66.94,-3.85,63.09,66.23,Lula,Lula,Lula,1083.81,1343.56,0.26,0.25,135.98
2404903,Itaú,RN,Nordeste,Nordeste,,5189,17.44,75.01,-3.85,71.16,73.74,Lula,Lula,Lula,1717.62,1926.7,0.26,0.41,134.91
2400604,Almino Afonso,RN,Nordeste,Nordeste,,5166,16.01,81.18,-3.85,77.33,80.15,Lula,Lula,Lula,2262.44,2495.96,0.26,0.52,134.32
2413706,Sítio Novo,RN,Nordeste,Nordeste,,5162,18.02,77.71,-3.85,73.86,76.6,Lula,Lula,Lula,1908.55,2128.44,0.26,0.46,134.21
2403301,Encanto,RN,Nordeste,Nordeste,,5141,18.46,80.52,-3.85,76.67,79.49,Lula,Lula,Lula,2133.34,2359.38,0.26,0.51,133.67
2409332,Santa Maria,RN,Nordeste,Nordeste,,5115,18.28,65.57,-3.85,61.72,64.67,Lula,Lula,Lula,927.98,1162.1,0.26,0.22,132.99
2410256,Porto Do Mangue,RN,Nordeste,Nordeste,,5103,18.24,78.36,-3.85,74.51,76.84,Lula,Lula,Lula,1943.31,2128.02,0.26,0.47,132.68
2410504,Rafael Fernandes,RN,Nordeste,Nordeste,,4933,16.93,80.3,-3.85,76.45,79.24,Lula,Lula,Lula,2052.53,2269.24,0.26,0.51,128.26
2401602,Bento Fernandes,RN,Nordeste,Nordeste,,4926,15.79,75.79,-3.85,71.94,74.69,Lula,Lula,Lula,1734.93,1952.6,0.26,0.42,128.08
2402808,Coronel Ezequiel,RN,Nordeste,Nordeste,,4902,17.95,72.04,-3.85,68.19,70.88,Lula,Lula,Lula,1379.22,1583.66,0.26,0.35,127.45
2406155,Jundiá,RN,Nordeste,Nordeste,,4775,17.8,63.71,-3.85,59.86,62.8,Lula,Lula,Lula,726.35,942.26,0.26,0.19,124.15
2403400,Equador,RN,Nordeste,Nordeste,,4769,16.57,69.25,-3.85,65.4,68.09,Lula,Lula,Lula,1145.42,1345.56,0.26,0.3,123.99
2407609,Messias Targino,RN,Nordeste,Nordeste,,4715,15.04,70.18,-3.85,66.33,69.29,Lula,Lula,Lula,1240.95,1466.28,0.26,0.31,122.59
2408409,Olho D'Água Do Borges,RN,Nordeste,Nordeste,,4689,19.04,75.38,-3.85,71.53,74.22,Lula,Lula,Lula,1539.94,1732.3,0.26,0.41,121.91
2401503,Barcelona,RN,Nordeste,Nordeste,,4679,17.14,59.69,-3.85,55.84,59.08,Lula,Lula,Lula,429.3,667.44,0.26,0.11,121.65
2411007,Rodolfo Fernandes,RN,Nordeste,Nordeste,,4641,16.66,69.44,-3.85,65.59,68.55,Lula,Lula,Lula,1153.1,1372.28,0.26,0.3,120.67
2408508,Ouro Branco,RN,Nordeste,Nordeste,,4580,17.95,71.16,-3.85,67.31,69.92,Lula,Lula,Lula,1221.17,1404.82,0.26,0.33,119.08
2409209,Passagem,RN,Nordeste,Nordeste,,4547,15.92,60.28,-3.85,56.43,59.56,Lula,Lula,Lula,463.4,688.78,0.26,0.12,118.22
2412401,São José Do Seridó,RN,Nordeste,Nordeste,,4515,14.06,72.33,-3.85,68.48,70.65,Lula,Lula,Lula,1339.97,1497.0,0.26,0.35,117.39
2405207,Janduís,RN,Nordeste,Nordeste,,4474,16.72,77.73,-3.85,73.88,76.92,Lula,Lula,Lula,1705.66,1922.86,0.26,0.46,116.32
2411700,São Bento Do Trairí,RN,Nordeste,Nordeste,,4458,20.86,72.45,-3.85,68.6,71.36,Lula,Lula,Lula,1230.25,1412.28,0.26,0.36,115.91
2409506,Pedra Grande,RN,Nordeste,Nordeste,,4340,21.94,73.37,-3.85,69.52,72.18,Lula,Lula,Lula,1265.73,1438.72,0.26,0.37,112.84
2408706,Paraú,RN,Nordeste,Nordeste,,4339,16.36,70.66,-3.85,66.81,69.59,Lula,Lula,Lula,1144.45,1334.02,0.26,0.32,112.81
2411601,São Bento Do Norte,RN,Nordeste,Nordeste,,4259,21.51,70.77,-3.85,66.92,69.43,Lula,Lula,Lula,1077.14,1237.38,0.26,0.32,110.73
2414456,Triunfo Potiguar,RN,Nordeste,Nordeste,,4239,15.0,66.26,-3.85,62.41,65.41,Lula,Lula,Lula,849.17,1054.28,0.26,0.24,110.21
2408607,Paraná,RN,Nordeste,Nordeste,,4235,20.68,85.42,-3.85,81.57,84.55,Lula,Lula,Lula,2035.49,2227.66,0.26,0.61,110.11
2413557,Serrinha Dos Pintos,RN,Nordeste,Nordeste,,4196,15.09,80.13,-3.85,76.28,79.09,Lula,Lula,Lula,1768.48,1958.04,0.26,0.5,109.1
2401909,Caiçara Do Rio Do Vento,RN,Nordeste,Nordeste,,4196,16.28,68.34,-3.85,64.49,67.38,Lula,Lula,Lula,970.11,1164.0,0.26,0.28,109.1
2411106,Ruy Barbosa,RN,Nordeste,Nordeste,,4188,19.48,52.13,-3.85,48.28,51.83,Lula,Flávio,Lula,-110.78,118.32,0.26,-0.03,108.89
2404002,Frutuoso Gomes,RN,Nordeste,Nordeste,,4173,15.79,81.49,-3.85,77.64,80.27,Lula,Lula,Lula,1872.54,2050.66,0.26,0.53,108.5
2411908,São Francisco Do Oeste,RN,Nordeste,Nordeste,,4098,19.77,76.28,-3.85,72.43,74.93,Lula,Lula,Lula,1396.07,1551.58,0.26,0.43,106.55
2402907,Coronel João Pessoa,RN,Nordeste,Nordeste,,4073,18.14,81.05,-3.85,77.2,79.45,Lula,Lula,Lula,1699.06,1839.6,0.26,0.52,105.9
2414753,Venha-Ver,RN,Nordeste,Nordeste,,3918,23.25,80.71,-3.85,76.86,79.41,Lula,Lula,Lula,1529.3,1674.2,0.26,0.52,101.87
2410801,Riacho De Santana,RN,Nordeste,Nordeste,,3843,17.64,83.83,-3.85,79.98,82.56,Lula,Lula,Lula,1795.55,1950.04,0.26,0.58,99.92
2401651,Bodó,RN,Nordeste,Nordeste,,3784,22.28,77.67,-3.85,73.82,76.55,Lula,Lula,Lula,1324.91,1476.74,0.26,0.46,98.38
2413201,Senador Georgino Avelino,RN,Nordeste,Nordeste,,3761,18.96,62.78,-3.85,58.93,61.97,Lula,Lula,Lula,507.21,680.1,0.26,0.17,97.79
2411809,São Fernando,RN,Nordeste,Nordeste,,3720,13.9,69.81,-3.85,65.96,68.6,Lula,Lula,Lula,964.67,1124.18,0.26,0.31,96.72
2410603,Rafael Godeiro,RN,Nordeste,Nordeste,,3667,17.73,55.7,-3.85,51.85,55.4,Lula,Lula,Lula,107.79,315.5,0.26,0.04,95.34
2410009,Pilões,RN,Nordeste,Nordeste,,3577,19.23,85.16,-3.85,81.31,84.22,Lula,Lula,Lula,1750.45,1913.36,0.26,0.6,93.0
2406908,Lucrécia,RN,Nordeste,Nordeste,,3467,13.35,79.89,-3.85,76.04,78.77,Lula,Lula,Lula,1511.4,1670.02,0.26,0.5,90.14
2403756,Fernando Pedroza,RN,Nordeste,Nordeste,,3409,16.13,66.93,-3.85,63.08,66.31,Lula,Lula,Lula,706.12,880.38,0.26,0.25,88.63
2406403,Lagoa De Velhos,RN,Nordeste,Nordeste,,3314,16.84,66.63,-3.85,62.78,65.58,Lula,Lula,Lula,665.88,811.82,0.26,0.25,86.16
2409605,Pedra Preta,RN,Nordeste,Nordeste,,3295,17.3,67.01,-3.85,63.16,66.16,Lula,Lula,Lula,686.95,843.74,0.26,0.25,85.67
2415008,Vila Flor,RN,Nordeste,Nordeste,,3254,16.78,71.41,-3.85,67.56,70.6,Lula,Lula,Lula,887.98,1041.96,0.26,0.34,84.6
2407252,Major Sales,RN,Nordeste,Nordeste,,3212,19.21,81.61,-3.85,77.76,80.28,Lula,Lula,Lula,1367.63,1491.44,0.26,0.53,83.51
2405504,Jardim De Angicos,RN,Nordeste,Nordeste,,3156,14.61,76.06,-3.85,72.21,74.47,Lula,Lula,Lula,1140.82,1257.14,0.26,0.43,82.06
2405900,João Dias,RN,Nordeste,Nordeste,,3082,22.62,77.37,-3.85,73.52,76.27,Lula,Lula,Lula,1058.83,1182.82,0.26,0.45,80.13
2407906,Monte Das Gameleiras,RN,Nordeste,Nordeste,,3052,15.56,62.85,-3.85,59.0,62.08,Lula,Lula,Lula,438.96,589.74,0.26,0.17,79.35
2400406,Água Nova,RN,Nordeste,Nordeste,,3009,15.89,82.09,-3.85,78.24,80.43,Lula,Lula,Lula,1340.78,1444.78,0.26,0.54,78.23
2403905,Francisco Dantas,RN,Nordeste,Nordeste,,2868,14.89,78.3,-3.85,74.45,76.93,Lula,Lula,Lula,1137.48,1252.6,0.26,0.47,74.57
2404101,Galinhos,RN,Nordeste,Nordeste,,2858,18.61,48.87,-3.85,45.02,48.54,Flávio,Flávio,Flávio,-221.56,-65.22,0.26,-0.1,74.31
2413805,Taboleiro Grande,RN,Nordeste,Nordeste,,2762,18.46,74.92,-3.85,71.07,73.61,Lula,Lula,Lula,904.83,1014.16,0.26,0.4,71.81
2410702,Riacho Da Cruz,RN,Nordeste,Nordeste,,2759,14.32,77.43,-3.85,73.58,76.59,Lula,Lula,Lula,1067.4,1203.62,0.26,0.45,71.73
2414308,Timbaúba Dos Batistas,RN,Nordeste,Nordeste,,2748,13.9,66.99,-3.85,63.14,66.07,Lula,Lula,Lula,592.43,724.72,0.26,0.25,71.45
2411429,Santana Do Seridó,RN,Nordeste,Nordeste,,2635,14.08,66.21,-3.85,62.36,64.29,Lula,Lula,Lula,510.96,590.72,0.26,0.24,68.51
2404804,Ipueira,RN,Nordeste,Nordeste,,2185,16.11,74.32,-3.85,70.47,73.25,Lula,Lula,Lula,726.1,824.78,0.26,0.39,56.81
2414902,Viçosa,RN,Nordeste,Nordeste,,1958,20.12,75.16,-3.85,71.31,74.24,Lula,Lula,Lula,629.3,715.86,0.26,0.41,50.91
1100205,Porto Velho,RO,Norte,Norte/Centro-Oeste,,367902,19.98,34.84,-3.61,31.23,35.28,Flávio,Flávio,Flávio,-105393.02,-82666.98,-0.21,-0.36,-7725.94
1100122,Ji-Paraná,RO,Norte,Norte/Centro-Oeste,,97939,22.8,24.02,-3.61,20.41,24.85,Flávio,Flávio,Flávio,-43256.2,-36768.68,-0.21,-0.56,-2056.72
1100023,Ariquemes,RO,Norte,Norte/Centro-Oeste,,72512,23.24,19.26,-3.61,15.65,20.21,Flávio,Flávio,Flávio,-37045.75,-32133.14,-0.21,-0.65,-1522.75
1100304,Vilhena,RO,Norte,Norte/Centro-Oeste,,71595,23.74,20.68,-3.61,17.07,21.68,Flávio,Flávio,Flávio,-34595.25,-29750.96,-0.21,-0.63,-1503.5
1100049,Cacoal,RO,Norte,Norte/Centro-Oeste,,69974,21.35,24.27,-3.61,20.66,25.25,Flávio,Flávio,Flávio,-31065.46,-26206.96,-0.21,-0.56,-1469.45
1100114,Jaru,RO,Norte,Norte/Centro-Oeste,,41260,23.16,21.26,-3.61,17.65,22.17,Flávio,Flávio,Flávio,-19778.31,-17017.44,-0.21,-0.61,-866.46
1100288,Rolim De Moura,RO,Norte,Norte/Centro-Oeste,,41088,23.67,24.56,-3.61,20.95,25.43,Flávio,Flávio,Flávio,-17474.07,-14783.08,-0.21,-0.55,-862.85
1100106,Guajará-Mirim,RO,Norte,Norte/Centro-Oeste,,28928,24.25,38.46,-3.61,34.85,38.56,Flávio,Flávio,Flávio,-6427.41,-4852.14,-0.21,-0.29,-607.49
1100155,Ouro Preto Do Oeste,RO,Norte,Norte/Centro-Oeste,,28282,22.82,25.58,-3.61,21.97,26.3,Flávio,Flávio,Flávio,-11813.32,-9989.56,-0.21,-0.53,-593.92
1100189,Pimenta Bueno,RO,Norte,Norte/Centro-Oeste,,27485,22.24,23.06,-3.61,19.45,23.87,Flávio,Flávio,Flávio,-12542.23,-10726.6,-0.21,-0.58,-577.18
1100130,Machadinho D'Oeste,RO,Norte,Norte/Centro-Oeste,,25008,25.96,25.25,-3.61,21.64,25.89,Flávio,Flávio,Flávio,-10214.33,-8683.32,-0.21,-0.54,-525.17
1100098,Espigão Do Oeste,RO,Norte,Norte/Centro-Oeste,,23348,21.14,20.79,-3.61,17.18,21.72,Flávio,Flávio,Flávio,-11677.66,-10062.58,-0.21,-0.62,-490.31
1100452,Buritis,RO,Norte,Norte/Centro-Oeste,,23318,23.72,17.32,-3.61,13.71,18.17,Flávio,Flávio,Flávio,-12559.1,-11015.44,-0.21,-0.69,-489.68
1100809,Candeias Do Jamari,RO,Norte,Norte/Centro-Oeste,,20465,24.16,34.32,-3.61,30.71,34.67,Flávio,Flávio,Flávio,-5776.97,-4589.08,-0.21,-0.37,-429.76
1100338,Nova Mamoré,RO,Norte,Norte/Centro-Oeste,,19455,21.67,19.16,-3.61,15.55,19.71,Flávio,Flávio,Flávio,-10254.63,-9016.92,-0.21,-0.65,-408.56
1100015,Alta Floresta D'Oeste,RO,Norte,Norte/Centro-Oeste,,18187,21.09,26.47,-3.61,22.86,27.01,Flávio,Flávio,Flávio,-7527.12,-6375.68,-0.21,-0.52,-381.93
1100320,São Miguel Do Guaporé,RO,Norte,Norte/Centro-Oeste,,17091,19.64,29.3,-3.61,25.69,29.84,Flávio,Flávio,Flávio,-6448.6,-5346.02,-0.21,-0.46,-358.91
1100254,Presidente Médici,RO,Norte,Norte/Centro-Oeste,,15677,22.78,25.29,-3.61,21.68,26.05,Flávio,Flávio,Flávio,-6606.85,-5587.22,-0.21,-0.54,-329.22
1100064,Colorado Do Oeste,RO,Norte,Norte/Centro-Oeste,,13478,24.71,24.01,-3.61,20.4,24.81,Flávio,Flávio,Flávio,-5762.43,-4904.04,-0.21,-0.56,-283.04
1100148,Nova Brasilândia D'Oeste,RO,Norte,Norte/Centro-Oeste,,13407,17.69,25.63,-3.61,22.02,26.31,Flávio,Flávio,Flávio,-5980.38,-5064.86,-0.21,-0.53,-281.55
1100056,Cerejeiras,RO,Norte,Norte/Centro-Oeste,,13278,21.59,18.51,-3.61,14.9,19.35,Flávio,Flávio,Flávio,-7109.5,-6207.9,-0.21,-0.67,-278.84
1101492,São Francisco Do Guaporé,RO,Norte,Norte/Centro-Oeste,,12702,20.49,23.54,-3.61,19.93,24.3,Flávio,Flávio,Flávio,-5904.59,-5046.58,-0.21,-0.57,-266.74
1100403,Alto Paraíso,RO,Norte,Norte/Centro-Oeste,,12087,22.04,19.72,-3.61,16.11,20.39,Flávio,Flávio,Flávio,-6199.04,-5415.8,-0.21,-0.64,-253.83
1100940,Cujubim,RO,Norte,Norte/Centro-Oeste,,11176,22.89,18.26,-3.61,14.65,18.98,Flávio,Flávio,Flávio,-5923.75,-5197.74,-0.21,-0.67,-234.7
1100346,Alvorada Do Oeste,RO,Norte,Norte/Centro-Oeste,,11029,21.32,33.16,-3.61,29.55,33.5,Flávio,Flávio,Flávio,-3427.11,-2765.1,-0.21,-0.39,-231.61
1101401,Monte Negro,RO,Norte,Norte/Centro-Oeste,,10191,23.22,22.85,-3.61,19.24,23.61,Flávio,Flávio,Flávio,-4672.55,-4008.26,-0.21,-0.58,-214.01
1101500,Seringueiras,RO,Norte,Norte/Centro-Oeste,,9666,18.44,30.52,-3.61,26.91,30.92,Flávio,Flávio,Flávio,-3532.93,-2920.38,-0.21,-0.44,-202.99
1101708,Urupá,RO,Norte,Norte/Centro-Oeste,,9186,20.48,29.84,-3.61,26.23,30.28,Flávio,Flávio,Flávio,-3358.15,-2787.0,-0.21,-0.45,-192.91
1100080,Costa Marques,RO,Norte,Norte/Centro-Oeste,,9103,22.61,33.43,-3.61,29.82,33.67,Flávio,Flávio,Flávio,-2762.51,-2235.64,-0.21,-0.38,-191.16
1100379,Alto Alegre Dos Parecis,RO,Norte,Norte/Centro-Oeste,,8837,20.07,29.44,-3.61,25.83,29.88,Flávio,Flávio,Flávio,-3293.89,-2742.2,-0.21,-0.46,-185.58
1101302,Mirante Da Serra,RO,Norte,Norte/Centro-Oeste,,8333,20.0,34.68,-3.61,31.07,34.96,Flávio,Flávio,Flávio,-2428.84,-1929.38,-0.21,-0.36,-174.99
1100924,Chupinguaia,RO,Norte,Norte/Centro-Oeste,,7696,28.55,27.54,-3.61,23.93,27.96,Flávio,Flávio,Flávio,-2787.7,-2356.24,-0.21,-0.5,-161.62
1101609,Theobroma,RO,Norte,Norte/Centro-Oeste,,7587,20.56,29.23,-3.61,25.62,29.71,Flávio,Flávio,Flávio,-2849.37,-2370.98,-0.21,-0.46,-159.33
1100700,Campo Novo De Rondônia,RO,Norte,Norte/Centro-Oeste,,7516,21.31,23.14,-3.61,19.53,23.96,Flávio,Flávio,Flávio,-3504.41,-2995.18,-0.21,-0.58,-157.84
1101104,Itapuã Do Oeste,RO,Norte,Norte/Centro-Oeste,,7204,24.44,30.03,-3.61,26.42,30.67,Flávio,Flávio,Flávio,-2475.86,-2029.74,-0.21,-0.45,-151.28
1101005,Governador Jorge Teixeira,RO,Norte,Norte/Centro-Oeste,,7203,20.03,25.32,-3.61,21.71,26.08,Flávio,Flávio,Flávio,-3144.04,-2658.3,-0.21,-0.54,-151.26
1100502,Novo Horizonte Do Oeste,RO,Norte,Norte/Centro-Oeste,,7035,17.06,32.31,-3.61,28.7,32.72,Flávio,Flávio,Flávio,-2402.79,-1949.46,-0.21,-0.4,-147.73
1100296,Santa Luzia D'Oeste,RO,Norte,Norte/Centro-Oeste,,6813,21.77,32.42,-3.61,28.81,32.82,Flávio,Flávio,Flávio,-2164.64,-1755.28,-0.21,-0.4,-143.07
1101757,Vale Do Anari,RO,Norte,Norte/Centro-Oeste,,6627,21.9,26.49,-3.61,22.88,27.15,Flávio,Flávio,Flávio,-2723.23,-2294.74,-0.21,-0.52,-139.17
1101203,Ministro Andreazza,RO,Norte,Norte/Centro-Oeste,,6153,19.86,32.23,-3.61,28.62,32.59,Flávio,Flávio,Flávio,-2034.23,-1656.72,-0.21,-0.41,-129.21
1100072,Corumbiara,RO,Norte,Norte/Centro-Oeste,,5751,20.26,30.91,-3.61,27.3,31.32,Flávio,Flávio,Flávio,-2017.51,-1659.76,-0.21,-0.43,-120.77
1101807,Vale Do Paraíso,RO,Norte,Norte/Centro-Oeste,,5538,20.31,32.98,-3.61,29.37,33.3,Flávio,Flávio,Flávio,-1764.03,-1428.68,-0.21,-0.39,-116.3
1101435,Nova União,RO,Norte,Norte/Centro-Oeste,,5350,18.67,40.27,-3.61,36.66,40.3,Flávio,Flávio,Flávio,-1127.95,-820.24,-0.21,-0.25,-112.35
1100031,Cabixi,RO,Norte,Norte/Centro-Oeste,,4950,20.16,28.33,-3.61,24.72,28.79,Flávio,Flávio,Flávio,-1936.76,-1624.92,-0.21,-0.48,-103.95
1101484,São Felipe D'Oeste,RO,Norte,Norte/Centro-Oeste,,4530,20.2,30.52,-3.61,26.91,31.01,Flávio,Flávio,Flávio,-1599.56,-1315.26,-0.21,-0.44,-95.13
1101559,Teixeirópolis,RO,Norte,Norte/Centro-Oeste,,3927,19.17,34.81,-3.61,31.2,35.02,Flávio,Flávio,Flávio,-1156.36,-921.48,-0.21,-0.36,-82.47
1100601,Cacaulândia,RO,Norte,Norte/Centro-Oeste,,3901,20.51,20.82,-3.61,17.21,21.64,Flávio,Flávio,Flávio,-1966.52,-1700.84,-0.21,-0.62,-81.92
1101450,Parecis,RO,Norte,Norte/Centro-Oeste,,3875,23.59,34.8,-3.61,31.19,35.13,Flávio,Flávio,Flávio,-1075.67,-850.3,-0.21,-0.36,-81.38
1100262,Rio Crespo,RO,Norte,Norte/Centro-Oeste,,3508,23.57,21.39,-3.61,17.78,22.03,Flávio,Flávio,Flávio,-1678.73,-1457.26,-0.21,-0.61,-73.67
1100908,Castanheiras,RO,Norte,Norte/Centro-Oeste,,3409,20.36,35.23,-3.61,31.62,35.5,Flávio,Flávio,Flávio,-962.73,-759.26,-0.21,-0.35,-71.59
1101476,Primavera De Rondônia,RO,Norte,Norte/Centro-Oeste,,3047,17.89,23.62,-3.61,20.01,24.47,Flávio,Flávio,Flávio,-1441.22,-1227.0,-0.21,-0.57,-63.99
1101468,Pimenteiras Do Oeste,RO,Norte,Norte/Centro-Oeste,,2286,23.1,29.04,-3.61,25.43,29.4,Flávio,Flávio,Flávio,-845.87,-709.24,-0.21,-0.47,-48.01
1400100,Boa Vista,RR,Norte,Norte/Centro-Oeste,,241509,17.36,20.77,-3.61,17.16,21.96,Flávio,Flávio,Flávio,-126118.11,-107697.08,-0.21,-0.62,-5071.69
1400472,Rorainópolis,RR,Norte,Norte/Centro-Oeste,,23761,19.81,23.68,-3.61,20.07,24.34,Flávio,Flávio,Flávio,-11012.55,-9440.28,-0.21,-0.57,-498.98
1400175,Cantá,RR,Norte,Norte/Centro-Oeste,,17613,16.91,26.76,-3.61,23.15,27.27,Flávio,Flávio,Flávio,-7634.63,-6461.98,-0.21,-0.51,-369.87
1400209,Caracaraí,RR,Norte,Norte/Centro-Oeste,,15259,18.4,25.78,-3.61,22.17,26.36,Flávio,Flávio,Flávio,-6701.38,-5692.9,-0.21,-0.53,-320.44
1400308,Mucajaí,RR,Norte,Norte/Centro-Oeste,,14383,16.55,17.99,-3.61,14.38,18.75,Flávio,Flávio,Flávio,-8282.04,-7265.16,-0.21,-0.68,-302.04
1400050,Alto Alegre,RR,Norte,Norte/Centro-Oeste,,13408,15.37,25.05,-3.61,21.44,25.61,Flávio,Flávio,Flávio,-6281.8,-5363.72,-0.21,-0.54,-281.57
1400159,Bonfim,RR,Norte,Norte/Centro-Oeste,,12329,18.15,31.63,-3.61,28.02,31.85,Flávio,Flávio,Flávio,-4319.96,-3567.74,-0.21,-0.42,-258.91
1400456,Pacaraima,RR,Norte,Norte/Centro-Oeste,,9762,17.19,39.89,-3.61,36.28,39.92,Flávio,Flávio,Flávio,-2163.8,-1589.98,-0.21,-0.26,-205.0
1400407,Normandia,RR,Norte,Norte/Centro-Oeste,,9686,13.62,44.49,-3.61,40.88,44.4,Flávio,Flávio,Flávio,-1494.9,-916.86,-0.21,-0.17,-203.41
1400704,Uiramutã,RR,Norte,Norte/Centro-Oeste,,9128,13.17,69.79,-3.61,66.18,69.52,Lula,Lula,Lula,2515.39,3034.98,-0.21,0.31,-191.69
1400233,Caroebe,RR,Norte,Norte/Centro-Oeste,,7649,13.56,19.4,-3.61,15.79,20.15,Flávio,Flávio,Flávio,-4385.94,-3827.62,-0.21,-0.65,-160.63
1400027,Amajari,RR,Norte,Norte/Centro-Oeste,,7631,14.56,23.53,-3.61,19.92,24.14,Flávio,Flávio,Flávio,-3778.94,-3248.48,-0.21,-0.57,-160.25
1400282,Iracema,RR,Norte,Norte/Centro-Oeste,,7593,18.96,22.8,-3.61,19.19,23.53,Flávio,Flávio,Flávio,-3645.12,-3131.56,-0.21,-0.59,-159.45
1400605,São Luiz,RR,Norte,Norte/Centro-Oeste,,6082,15.92,26.09,-3.61,22.48,26.63,Flávio,Flávio,Flávio,-2714.91,-2305.2,-0.21,-0.52,-127.72
1400506,São João Da Baliza,RR,Norte,Norte/Centro-Oeste,,5728,15.45,25.8,-3.61,22.19,26.45,Flávio,Flávio,Flávio,-2599.02,-2200.84,-0.21,-0.53,-120.29
4314902,Porto Alegre,RS,Sul,Sul,,1064200,23.99,53.71,3.4,57.11,52.74,Lula,Lula,Lula,108125.82,41698.96,-0.23,0.13,-24476.6
4305108,Caxias Do Sul,RS,Sul,Sul,,342998,18.74,30.0,3.4,33.4,30.92,Flávio,Flávio,Flávio,-86348.33,-99254.36,-0.23,-0.31,-7888.95
4304606,Canoas,RS,Sul,Sul,,253142,23.25,42.66,3.4,46.06,42.52,Flávio,Flávio,Flávio,-14283.13,-27105.1,-0.23,-0.07,-5822.27
4314407,Pelotas,RS,Sul,Sul,,244459,20.46,52.81,3.4,56.21,51.79,Lula,Lula,Lula,22297.98,6433.4,-0.23,0.12,-5622.56
4316907,Santa Maria,RS,Sul,Sul,,207115,23.69,45.83,3.4,49.23,45.49,Flávio,Flávio,Flávio,-2309.98,-13435.64,-0.23,-0.01,-4763.65
4309209,Gravataí,RS,Sul,Sul,,192077,23.02,37.53,3.4,40.93,37.82,Flávio,Flávio,Flávio,-24916.91,-33453.68,-0.23,-0.17,-4417.77
4313409,Novo Hamburgo,RS,Sul,Sul,,174486,21.34,30.09,3.4,33.49,30.84,Flávio,Flávio,Flávio,-42838.7,-49711.18,-0.23,-0.31,-4013.18
4318705,São Leopoldo,RS,Sul,Sul,,162766,23.52,42.02,3.4,45.42,41.95,Flávio,Flávio,Flávio,-10745.17,-18877.84,-0.23,-0.09,-3743.62
4323002,Viamão,RS,Sul,Sul,,161662,23.72,51.33,3.4,54.73,50.52,Lula,Lula,Lula,10756.34,1193.16,-0.23,0.09,-3718.23
4315602,Rio Grande,RS,Sul,Sul,S2#2,150202,27.3,61.87,3.4,65.27,60.34,Lula,Lula,Lula,30905.54,20929.48,-0.23,0.28,-3454.65
4314100,Passo Fundo,RS,Sul,Sul,,150021,20.23,38.1,3.4,41.5,38.3,Flávio,Flávio,Flávio,-19318.88,-26584.82,-0.23,-0.16,-3450.48
4300604,Alvorada,RS,Sul,Sul,,135997,23.91,47.95,3.4,51.35,47.43,Flávio,Lula,Flávio,2593.66,-4923.86,-0.23,0.03,-3127.93
4316808,Santa Cruz Do Sul,RS,Sul,Sul,,105305,19.28,34.0,3.4,37.4,34.56,Flávio,Flávio,Flávio,-20074.84,-24594.62,-0.23,-0.23,-2422.02
4303103,Cachoeirinha,RS,Sul,Sul,,102594,23.35,38.82,3.4,42.22,39.0,Flávio,Flávio,Flávio,-11465.51,-16204.32,-0.23,-0.14,-2359.66
4320008,Sapucaia Do Sul,RS,Sul,Sul,,102445,25.03,48.06,3.4,51.46,47.52,Flávio,Lula,Flávio,2098.94,-3559.7,-0.23,0.03,-2356.24
4302105,Bento Gonçalves,RS,Sul,Sul,,92061,18.35,21.26,3.4,24.66,22.44,Flávio,Flávio,Flávio,-36310.26,-39487.58,-0.23,-0.47,-2117.4
4301602,Bagé,RS,Sul,Sul,,87802,26.7,49.76,3.4,53.16,49.17,Flávio,Lula,Flávio,3767.13,-986.54,-0.23,0.06,-2019.45
4322400,Uruguaiana,RS,Sul,Sul,,84488,28.36,34.9,3.4,38.3,35.28,Flávio,Flávio,Flávio,-13500.05,-16980.92,-0.23,-0.22,-1943.22
4307005,Erechim,RS,Sul,Sul,,79130,18.19,27.48,3.4,30.88,28.35,Flávio,Flávio,Flávio,-23465.96,-26573.6,-0.23,-0.36,-1819.99
4309308,Guaíba,RS,Sul,Sul,,74475,22.25,46.94,3.4,50.34,46.45,Flávio,Lula,Flávio,362.66,-3811.78,-0.23,0.01,-1712.93
4317103,Sant'Ana Do Livramento,RS,Sul,Sul,,72220,29.53,54.14,3.4,57.54,53.14,Lula,Lula,Lula,7186.37,2994.14,-0.23,0.14,-1661.06
4307708,Esteio,RS,Sul,Sul,,65833,23.73,47.06,3.4,50.46,46.59,Flávio,Lula,Flávio,435.94,-3213.18,-0.23,0.01,-1514.16
4303004,Cachoeira Do Sul,RS,Sul,Sul,,64488,28.0,36.53,3.4,39.93,36.86,Flávio,Flávio,Flávio,-8750.47,-11421.38,-0.23,-0.19,-1483.22
4311403,Lajeado,RS,Sul,Sul,,64158,19.15,29.27,3.4,32.67,30.14,Flávio,Flávio,Flávio,-16996.5,-19483.36,-0.23,-0.32,-1475.63
4310207,Ijuí,RS,Sul,Sul,,63737,18.95,36.29,3.4,39.69,36.55,Flávio,Flávio,Flávio,-10140.61,-13229.4,-0.23,-0.19,-1465.95
4319901,Sapiranga,RS,Sul,Sul,,61250,17.88,32.52,3.4,35.92,32.99,Flávio,Flávio,Flávio,-13478.48,-16282.6,-0.23,-0.26,-1408.75
4317509,Santo Ângelo,RS,Sul,Sul,,58898,23.57,40.06,3.4,43.46,40.12,Flávio,Flávio,Flávio,-5579.45,-8428.92,-0.23,-0.12,-1354.65
4317202,Santa Rosa,RS,Sul,Sul,,57973,18.2,27.34,3.4,30.74,28.19,Flávio,Flávio,Flávio,-17485.69,-19799.38,-0.23,-0.36,-1333.38
4307906,Farroupilha,RS,Sul,Sul,,57062,17.32,22.49,3.4,25.89,23.76,Flávio,Flávio,Flávio,-21456.93,-23357.88,-0.23,-0.45,-1312.43
4300406,Alegrete,RS,Sul,Sul,,55756,26.97,48.01,3.4,51.41,47.54,Flávio,Lula,Flávio,1084.41,-1896.96,-0.23,0.03,-1282.39
4322608,Venâncio Aires,RS,Sul,Sul,,53327,19.31,30.01,3.4,33.41,30.83,Flávio,Flávio,Flávio,-13347.14,-15427.82,-0.23,-0.31,-1226.52
4303905,Campo Bom,RS,Sul,Sul,,51980,18.71,28.63,3.4,32.03,29.45,Flávio,Flávio,Flávio,-14377.99,-16442.44,-0.23,-0.33,-1195.54
4303509,Camaquã,RS,Sul,Sul,,49751,21.72,33.66,3.4,37.06,34.16,Flávio,Flávio,Flávio,-9465.14,-11589.54,-0.23,-0.24,-1144.27
4312401,Montenegro,RS,Sul,Sul,,47579,22.46,36.55,3.4,39.95,36.92,Flávio,Flávio,Flávio,-6934.5,-9027.36,-0.23,-0.19,-1094.32
4322509,Vacaria,RS,Sul,Sul,,47383,22.09,26.52,3.4,29.92,27.32,Flávio,Flávio,Flávio,-13999.49,-15808.2,-0.23,-0.37,-1089.81
4318002,São Borja,RS,Sul,Sul,S1#61,46604,25.73,49.17,3.4,52.57,48.78,Flávio,Lula,Flávio,1691.68,-801.84,-0.23,0.05,-1071.89
4304630,Capão Da Canoa,RS,Sul,Sul,,46049,24.79,30.99,3.4,34.39,31.66,Flávio,Flávio,Flávio,-10255.33,-12048.96,-0.23,-0.29,-1059.13
4306106,Cruz Alta,RS,Sul,Sul,,45724,22.93,40.65,3.4,44.05,40.67,Flávio,Flávio,Flávio,-3963.71,-6213.04,-0.23,-0.11,-1051.65
4304705,Carazinho,RS,Sul,Sul,,45685,20.45,32.86,3.4,36.26,33.32,Flávio,Flávio,Flávio,-9498.52,-11525.48,-0.23,-0.26,-1050.76
4318309,São Gabriel,RS,Sul,Sul,S1#88,43890,26.91,45.91,3.4,49.31,45.62,Flávio,Flávio,Flávio,-418.29,-2650.58,-0.23,-0.01,-1009.47
4304507,Canguçu,RS,Sul,Sul,,43549,20.93,32.28,3.4,35.68,32.91,Flávio,Flávio,Flávio,-9134.73,-10900.72,-0.23,-0.27,-1001.63
4321204,Taquara,RS,Sul,Sul,,41562,21.29,29.45,3.4,32.85,30.1,Flávio,Flávio,Flávio,-10625.04,-12330.22,-0.23,-0.32,-955.93
4317400,Santiago,RS,Sul,Sul,,39884,26.53,36.27,3.4,39.67,36.57,Flávio,Flávio,Flávio,-5650.85,-7345.96,-0.23,-0.19,-917.33
4321600,Tramandaí,RS,Sul,Sul,,39076,27.92,40.63,3.4,44.03,40.66,Flávio,Flávio,Flávio,-3156.83,-4940.9,-0.23,-0.11,-898.75
4314050,Parobé,RS,Sul,Sul,,39009,16.66,32.36,3.4,35.76,32.88,Flávio,Flávio,Flávio,-8702.39,-10464.46,-0.23,-0.26,-897.21
4313508,Osório,RS,Sul,Sul,,37247,22.14,44.21,3.4,47.61,43.96,Flávio,Flávio,Flávio,-1296.08,-3275.7,-0.23,-0.04,-856.68
4307609,Estância Velha,RS,Sul,Sul,,37229,18.45,25.81,3.4,29.21,26.88,Flávio,Flávio,Flávio,-11881.16,-13216.68,-0.23,-0.39,-856.27
4318804,São Lourenço Do Sul,RS,Sul,Sul,,35085,21.54,36.37,3.4,39.77,36.66,Flávio,Flávio,Flávio,-5308.08,-6923.58,-0.23,-0.19,-806.96
4304408,Canela,RS,Sul,Sul,,34975,23.77,28.27,3.4,31.67,29.15,Flávio,Flávio,Flávio,-9112.41,-10364.86,-0.23,-0.34,-804.42
4309100,Gramado,RS,Sul,Sul,,34790,21.83,21.34,3.4,24.74,22.56,Flávio,Flávio,Flávio,-13039.83,-14168.02,-0.23,-0.47,-800.17
4317608,Santo Antônio Da Patrulha,RS,Sul,Sul,,33692,21.71,36.48,3.4,39.88,36.8,Flávio,Flávio,Flávio,-4970.22,-6483.42,-0.23,-0.19,-774.92
4321501,Torres,RS,Sul,Sul,,33260,23.12,35.41,3.4,38.81,35.84,Flávio,Flávio,Flávio,-5354.79,-6779.96,-0.23,-0.21,-764.98
4313904,Panambi,RS,Sul,Sul,,32201,17.44,22.56,3.4,25.96,23.59,Flávio,Flávio,Flávio,-12216.65,-13419.22,-0.23,-0.45,-740.62
4311809,Marau,RS,Sul,Sul,,31646,15.68,23.58,3.4,26.98,24.64,Flávio,Flávio,Flávio,-11679.13,-12861.74,-0.23,-0.43,-727.86
4316402,Rosário Do Sul,RS,Sul,Sul,,31276,26.95,48.4,3.4,51.8,48.02,Flávio,Lula,Flávio,773.76,-853.78,-0.23,0.03,-719.35
4306601,Dom Pedrito,RS,Sul,Sul,S1#12,29233,27.25,44.88,3.4,48.28,44.66,Flávio,Flávio,Flávio,-689.7,-2138.8,-0.23,-0.03,-672.36
4315701,Rio Pardo,RS,Sul,Sul,,28673,24.33,52.74,3.4,56.14,52.0,Lula,Lula,Lula,2490.1,809.58,-0.23,0.11,-659.48
4306767,Eldorado Do Sul,RS,Sul,Sul,,26775,23.54,46.35,3.4,49.75,45.97,Flávio,Flávio,Flávio,-95.12,-1543.88,-0.23,-0.0,-615.83
4310108,Igrejinha,RS,Sul,Sul,,26693,15.3,27.37,3.4,30.77,28.19,Flávio,Flávio,Flávio,-8267.19,-9377.72,-0.23,-0.36,-613.94
4308607,Garibaldi,RS,Sul,Sul,,26403,14.4,20.22,3.4,23.62,21.55,Flávio,Flávio,Flávio,-11350.54,-12240.96,-0.23,-0.49,-607.27
4318903,São Luiz Gonzaga,RS,Sul,Sul,S1#27,26267,24.05,42.53,3.4,45.93,42.45,Flávio,Flávio,Flávio,-1530.85,-2838.28,-0.23,-0.08,-604.14
4310603,Itaqui,RS,Sul,Sul,,26152,28.57,41.01,3.4,44.41,41.01,Flávio,Flávio,Flávio,-1987.69,-3197.26,-0.23,-0.1,-601.5
4314803,Portão,RS,Sul,Sul,,25742,19.54,34.85,3.4,38.25,35.3,Flávio,Flávio,Flávio,-4554.43,-5694.9,-0.23,-0.22,-592.07
4321451,Teutônia,RS,Sul,Sul,,25631,17.01,29.61,3.4,33.01,30.6,Flávio,Flávio,Flávio,-6784.08,-7744.92,-0.23,-0.32,-589.51
4308201,Flores Da Cunha,RS,Sul,Sul,,25103,15.81,13.83,3.4,17.23,15.56,Flávio,Flávio,Flávio,-13193.91,-13865.16,-0.23,-0.61,-577.37
4308508,Frederico Westphalen,RS,Sul,Sul,,25048,19.66,30.2,3.4,33.6,30.77,Flávio,Flávio,Flávio,-6276.75,-7359.3,-0.23,-0.31,-576.1
4302808,Caçapava Do Sul,RS,Sul,Sul,,25010,23.02,56.35,3.4,59.75,55.14,Lula,Lula,Lula,3441.55,1812.84,-0.23,0.18,-575.23
4306403,Dois Irmãos,RS,Sul,Sul,,24787,15.24,27.82,3.4,31.22,28.78,Flávio,Flávio,Flávio,-7474.9,-8443.96,-0.23,-0.35,-570.1
4307807,Estrela,RS,Sul,Sul,,24675,17.98,24.42,3.4,27.82,25.63,Flávio,Flávio,Flávio,-8545.2,-9391.6,-0.23,-0.41,-567.52
4305355,Charqueadas,RS,Sul,Sul,,24424,19.1,51.71,3.4,55.11,50.88,Lula,Lula,Lula,1886.0,324.68,-0.23,0.1,-561.75
4310330,Imbé,RS,Sul,Sul,,24070,26.7,37.83,3.4,41.23,38.06,Flávio,Flávio,Flávio,-2927.7,-3985.6,-0.23,-0.16,-553.61
4313706,Palmeira Das Missões,RS,Sul,Sul,S1#45,24062,18.62,39.79,3.4,43.19,39.84,Flávio,Flávio,Flávio,-2536.75,-3783.86,-0.23,-0.13,-553.43
4304804,Carlos Barbosa,RS,Sul,Sul,,23696,13.8,21.16,3.4,24.56,22.82,Flávio,Flávio,Flávio,-9857.16,-10528.62,-0.23,-0.47,-545.01
4317301,Santa Vitória Do Palmar,RS,Sul,Sul,S2#93,23324,29.03,55.45,3.4,58.85,54.41,Lula,Lula,Lula,2710.11,1350.9,-0.23,0.16,-536.45
4304200,Candelária,RS,Sul,Sul,,22407,19.83,31.84,3.4,35.24,32.44,Flávio,Flávio,Flávio,-4923.08,-5858.46,-0.23,-0.27,-515.36
4322004,Triunfo,RS,Sul,Sul,,21936,22.18,36.26,3.4,39.66,36.58,Flávio,Flávio,Flávio,-3308.22,-4293.8,-0.23,-0.19,-504.53
4320800,Soledade,RS,Sul,Sul,S1#6,21730,19.12,38.85,3.4,42.25,38.95,Flávio,Flávio,Flávio,-2590.17,-3690.3,-0.23,-0.14,-499.79
4318507,São José Do Norte,RS,Sul,Sul,S1#21,20679,21.78,47.75,3.4,51.15,47.15,Flávio,Lula,Flávio,339.91,-839.74,-0.23,0.02,-475.62
4313375,Nova Santa Rita,RS,Sul,Sul,,20466,22.25,42.32,3.4,45.72,42.23,Flávio,Flávio,Flávio,-1289.51,-2341.08,-0.23,-0.08,-470.72
4311007,Jaguarão,RS,Sul,Sul,,20370,25.99,51.16,3.4,54.56,50.38,Lula,Lula,Lula,1266.61,104.1,-0.23,0.08,-468.51
4311304,Lagoa Vermelha,RS,Sul,Sul,,19900,19.33,33.49,3.4,36.89,33.88,Flávio,Flávio,Flávio,-3973.29,-4884.1,-0.23,-0.24,-457.7
4322707,Vera Cruz,RS,Sul,Sul,,19445,13.47,34.55,3.4,37.95,35.02,Flávio,Flávio,Flávio,-3782.3,-4704.02,-0.23,-0.22,-447.24
4321303,Taquari,RS,Sul,Sul,,19310,18.86,38.2,3.4,41.6,38.37,Flávio,Flávio,Flávio,-2467.07,-3417.1,-0.23,-0.16,-444.13
4313300,Nova Prata,RS,Sul,Sul,,18975,16.43,18.46,3.4,21.86,19.96,Flávio,Flávio,Flávio,-8507.58,-9082.32,-0.23,-0.52,-436.42
4309407,Guaporé,RS,Sul,Sul,,18948,16.11,18.57,3.4,21.97,19.94,Flávio,Flávio,Flávio,-8488.06,-9103.48,-0.23,-0.52,-435.8
4306908,Encruzilhada Do Sul,RS,Sul,Sul,,18702,22.89,50.53,3.4,53.93,49.95,Lula,Lula,Flávio,1036.42,-14.16,-0.23,0.07,-430.15
4322806,Veranópolis,RS,Sul,Sul,,18621,16.33,16.38,3.4,19.78,17.97,Flávio,Flávio,Flávio,-8931.15,-9466.08,-0.23,-0.56,-428.28
4304663,Capão Do Leão,RS,Sul,Sul,,18455,20.55,51.5,3.4,54.9,50.63,Lula,Lula,Lula,1315.91,169.36,-0.23,0.09,-424.46
4321907,Três Passos,RS,Sul,Sul,,18437,17.52,38.77,3.4,42.17,38.91,Flávio,Flávio,Flávio,-2249.94,-3187.62,-0.23,-0.15,-424.05
4321808,Três De Maio,RS,Sul,Sul,,18415,15.39,26.68,3.4,30.08,27.52,Flávio,Flávio,Flávio,-5936.92,-6702.26,-0.23,-0.37,-423.54
4313201,Nova Petrópolis,RS,Sul,Sul,,18127,15.63,20.95,3.4,24.35,22.76,Flávio,Flávio,Flávio,-7421.95,-7883.52,-0.23,-0.48,-416.92
4315305,Quaraí,RS,Sul,Sul,S1#83,17670,24.63,45.81,3.4,49.21,45.54,Flávio,Flávio,Flávio,-197.67,-1119.94,-0.23,-0.01,-406.41
4319505,São Sebastião Do Caí,RS,Sul,Sul,,17536,19.14,31.7,3.4,35.1,32.36,Flávio,Flávio,Flávio,-3979.97,-4711.24,-0.23,-0.28,-403.33
4320909,Tapejara,RS,Sul,Sul,,17490,15.24,19.31,3.4,22.71,20.5,Flávio,Flávio,Flávio,-7720.08,-8345.88,-0.23,-0.51,-402.27
4321709,Três Coroas,RS,Sul,Sul,,17414,15.87,27.82,3.4,31.22,28.72,Flávio,Flávio,Flávio,-5179.3,-5869.28,-0.23,-0.35,-400.52
4301008,Arroio Do Meio,RS,Sul,Sul,,17325,14.07,26.25,3.4,29.65,27.41,Flávio,Flávio,Flávio,-5725.72,-6358.12,-0.23,-0.38,-398.48
4320107,Sarandi,RS,Sul,Sul,,17132,15.58,29.81,3.4,33.21,30.34,Flávio,Flávio,Flávio,-4659.31,-5456.9,-0.23,-0.31,-394.04
4319604,São Sepé,RS,Sul,Sul,S1#29,17079,22.21,49.48,3.4,52.88,48.95,Flávio,Lula,Flávio,717.16,-260.7,-0.23,0.05,-392.82
4310801,Ivoti,RS,Sul,Sul,,17002,12.69,25.04,3.4,28.44,26.38,Flávio,Flávio,Flávio,-6063.06,-6641.82,-0.23,-0.4,-391.05
4319000,São Marcos,RS,Sul,Sul,,16687,15.55,18.33,3.4,21.73,19.86,Flávio,Flávio,Flávio,-7491.25,-7987.16,-0.23,-0.53,-383.8
4306809,Encantado,RS,Sul,Sul,,16617,16.06,25.79,3.4,29.19,26.72,Flávio,Flávio,Flávio,-5519.88,-6175.9,-0.23,-0.39,-382.19
4310009,Ibirubá,RS,Sul,Sul,,16439,15.55,23.35,3.4,26.75,24.36,Flávio,Flávio,Flávio,-6165.11,-6798.94,-0.23,-0.43,-378.1
4318200,São Francisco De Paula,RS,Sul,Sul,S1#23,16421,22.01,40.74,3.4,44.14,40.76,Flávio,Flávio,Flávio,-1390.64,-2194.1,-0.23,-0.11,-377.68
4316006,Rolante,RS,Sul,Sul,,16313,15.02,28.95,3.4,32.35,29.76,Flávio,Flávio,Flávio,-4619.55,-5298.66,-0.23,-0.33,-375.2
4322202,Tupanciretã,RS,Sul,Sul,S1#28,15943,22.54,41.34,3.4,44.74,41.33,Flávio,Flávio,Flávio,-1231.18,-2031.0,-0.23,-0.1,-366.69
4318408,São Jerônimo,RS,Sul,Sul,S1#95,15910,22.12,48.62,3.4,52.02,48.03,Flávio,Lula,Flávio,463.98,-453.58,-0.23,0.04,-365.93
4311205,Júlio De Castilhos,RS,Sul,Sul,S1#9,14988,21.43,46.23,3.4,49.63,45.93,Flávio,Flávio,Flávio,-82.6,-908.36,-0.23,-0.01,-344.72
4309605,Horizontina,RS,Sul,Sul,,14887,18.05,23.59,3.4,26.99,24.56,Flávio,Flávio,Flávio,-5392.09,-5961.18,-0.23,-0.43,-342.4
4302709,Butiá,RS,Sul,Sul,,14823,23.65,52.63,3.4,56.03,51.93,Lula,Lula,Lula,1266.2,406.3,-0.23,0.11,-340.93
4323804,Xangri-Lá,RS,Sul,Sul,,14765,20.6,27.25,3.4,30.65,28.08,Flávio,Flávio,Flávio,-4357.99,-4938.1,-0.23,-0.36,-339.6
4313060,Nova Hartz,RS,Sul,Sul,,14667,15.68,34.84,3.4,38.24,35.27,Flávio,Flávio,Flávio,-2739.83,-3432.92,-0.23,-0.22,-337.34
4314605,Piratini,RS,Sul,Sul,,14591,23.76,55.03,3.4,58.43,54.13,Lula,Lula,Lula,1710.18,838.52,-0.23,0.16,-335.59
4301305,Arroio Grande,RS,Sul,Sul,,14461,21.6,54.0,3.4,57.4,53.16,Lula,Lula,Lula,1564.71,668.64,-0.23,0.14,-332.6
4318101,São Francisco De Assis,RS,Sul,Sul,S1#5,14252,21.6,44.66,3.4,48.06,44.48,Flávio,Flávio,Flávio,-398.47,-1133.4,-0.23,-0.04,-327.8
4312658,Não-Me-Toque,RS,Sul,Sul,,13469,16.48,22.03,3.4,25.43,22.9,Flávio,Flávio,Flávio,-5331.14,-5878.74,-0.23,-0.46,-309.79
4316600,Sananduva,RS,Sul,Sul,,13017,15.38,25.2,3.4,28.6,25.81,Flávio,Flávio,Flávio,-4486.77,-5070.94,-0.23,-0.4,-299.39
4309001,Giruá,RS,Sul,Sul,,12735,17.91,29.28,3.4,32.68,29.83,Flávio,Flávio,Flávio,-3462.96,-4031.12,-0.23,-0.32,-292.91
4305454,Cidreira,RS,Sul,Sul,,12724,31.71,47.85,3.4,51.25,47.39,Flávio,Lula,Flávio,204.04,-427.84,-0.23,0.02,-292.65
4319406,São Pedro Do Sul,RS,Sul,Sul,,12686,21.7,39.11,3.4,42.51,39.25,Flávio,Flávio,Flávio,-1382.24,-1984.9,-0.23,-0.14,-291.78
4320404,Serafina Corrêa,RS,Sul,Sul,,12678,15.23,20.94,3.4,24.34,22.01,Flávio,Flávio,Flávio,-5237.91,-5712.14,-0.23,-0.48,-291.59
4317905,Santo Cristo,RS,Sul,Sul,,12562,12.82,35.44,3.4,38.84,35.82,Flávio,Flávio,Flávio,-2315.27,-2941.26,-0.23,-0.21,-288.93
4300109,Agudo,RS,Sul,Sul,,12534,14.66,30.97,3.4,34.37,31.68,Flávio,Flávio,Flávio,-3120.51,-3658.72,-0.23,-0.29,-288.28
4307500,Espumoso,RS,Sul,Sul,,12400,17.97,33.39,3.4,36.79,33.75,Flávio,Flávio,Flávio,-2572.03,-3164.62,-0.23,-0.25,-285.2
4315503,Restinga Sêca,RS,Sul,Sul,,12277,19.98,37.56,3.4,40.96,37.72,Flávio,Flávio,Flávio,-1670.75,-2267.64,-0.23,-0.17,-282.37
4308904,Getúlio Vargas,RS,Sul,Sul,,12197,15.15,23.66,3.4,27.06,24.73,Flávio,Flávio,Flávio,-4485.7,-4941.22,-0.23,-0.43,-280.53
4321105,Tapes,RS,Sul,Sul,,11792,22.95,44.74,3.4,48.14,44.55,Flávio,Flávio,Flávio,-318.46,-932.12,-0.23,-0.03,-271.22
4317806,Santo Augusto,RS,Sul,Sul,S1#56,11312,18.38,40.44,3.4,43.84,40.47,Flávio,Flávio,Flávio,-1080.21,-1671.28,-0.23,-0.11,-260.18
4308102,Feliz,RS,Sul,Sul,,11110,15.93,26.23,3.4,29.63,27.47,Flávio,Flávio,Flávio,-3585.9,-3967.6,-0.23,-0.38,-255.53
4301636,Balneário Pinhal,RS,Sul,Sul,,11040,30.27,44.8,3.4,48.2,44.56,Flávio,Flávio,Flávio,-259.45,-781.8,-0.23,-0.03,-253.92
4313656,Palmares Do Sul,RS,Sul,Sul,,10969,27.14,39.54,3.4,42.94,39.62,Flávio,Flávio,Flávio,-1065.51,-1566.02,-0.23,-0.13,-252.29
4300802,Antônio Prado,RS,Sul,Sul,,10712,14.59,15.6,3.4,19.0,16.96,Flávio,Flávio,Flávio,-5417.1,-5774.58,-0.23,-0.58,-246.38
4321402,Tenente Portela,RS,Sul,Sul,S1#26 S3#15,10706,19.0,45.65,3.4,49.05,45.4,Flávio,Flávio,Flávio,-156.66,-761.06,-0.23,-0.02,-246.24
4302352,Bom Princípio,RS,Sul,Sul,,10683,13.66,17.0,3.4,20.4,18.62,Flávio,Flávio,Flávio,-5215.83,-5528.82,-0.23,-0.55,-245.71
4320701,Sobradinho,RS,Sul,Sul,,10579,18.78,31.86,3.4,35.26,32.51,Flávio,Flávio,Flávio,-2378.4,-2823.5,-0.23,-0.27,-243.32
4306007,Crissiumal,RS,Sul,Sul,,10489,18.97,32.97,3.4,36.37,33.5,Flávio,Flávio,Flávio,-2177.47,-2636.66,-0.23,-0.25,-241.25
4306502,Dom Feliciano,RS,Sul,Sul,S1#2 S3#16,10375,19.73,38.49,3.4,41.89,38.66,Flávio,Flávio,Flávio,-1238.89,-1733.32,-0.23,-0.15,-238.62
4301107,Arroio Dos Ratos,RS,Sul,Sul,,10249,23.29,51.91,3.4,55.31,51.16,Lula,Lula,Lula,774.07,169.12,-0.23,0.1,-235.73
4301909,Barra Do Ribeiro,RS,Sul,Sul,S1#77,10239,24.39,41.24,3.4,44.64,41.22,Flávio,Flávio,Flávio,-772.59,-1264.84,-0.23,-0.1,-235.5
4305207,Cerro Largo,RS,Sul,Sul,S1#47 S3#18,10195,17.36,42.4,3.4,45.8,42.31,Flávio,Flávio,Flávio,-668.13,-1223.24,-0.23,-0.08,-234.48
4301206,Arroio Do Tigre,RS,Sul,Sul,,9941,15.5,29.65,3.4,33.05,30.28,Flávio,Flávio,Flávio,-2667.35,-3103.26,-0.23,-0.32,-228.64
4302402,Bom Retiro Do Sul,RS,Sul,Sul,,9902,17.59,29.85,3.4,33.25,30.59,Flávio,Flávio,Flávio,-2555.02,-2960.14,-0.23,-0.31,-227.75
4312708,Nonoai,RS,Sul,Sul,,9663,22.34,41.81,3.4,45.21,41.78,Flávio,Flávio,Flávio,-688.05,-1180.6,-0.23,-0.09,-222.25
4314506,Pinheiro Machado,RS,Sul,Sul,,9524,26.71,60.76,3.4,64.16,59.22,Lula,Lula,Lula,1782.88,1160.8,-0.23,0.26,-219.05
4301057,Arroio Do Sal,RS,Sul,Sul,,9495,22.97,33.98,3.4,37.38,34.53,Flávio,Flávio,Flávio,-1740.79,-2134.18,-0.23,-0.23,-218.39
4320206,Seberi,RS,Sul,Sul,,9356,16.5,35.05,3.4,38.45,35.34,Flávio,Flávio,Flávio,-1716.12,-2179.28,-0.23,-0.21,-215.19
4306205,Cruzeiro Do Sul,RS,Sul,Sul,,9328,18.17,29.89,3.4,33.29,30.6,Flávio,Flávio,Flávio,-2407.89,-2794.3,-0.23,-0.31,-214.54
4312500,Mostardas,RS,Sul,Sul,,9243,24.89,35.37,3.4,38.77,35.68,Flávio,Flávio,Flávio,-1450.64,-1849.7,-0.23,-0.21,-212.59
4311106,Jaguari,RS,Sul,Sul,,8702,19.49,35.02,3.4,38.42,35.38,Flávio,Flávio,Flávio,-1513.66,-1910.26,-0.23,-0.22,-200.15
4301404,Arvorezinha,RS,Sul,Sul,,8656,18.81,23.96,3.4,27.36,24.72,Flávio,Flávio,Flávio,-2984.12,-3331.78,-0.23,-0.42,-199.09
4302303,Bom Jesus,RS,Sul,Sul,,8592,23.75,39.32,3.4,42.72,39.41,Flávio,Flávio,Flávio,-885.39,-1287.84,-0.23,-0.14,-197.62
4302907,Cacequi,RS,Sul,Sul,,8495,25.25,47.03,3.4,50.43,46.75,Flávio,Lula,Flávio,51.68,-391.82,-0.23,0.01,-195.39
4313953,Pantano Grande,RS,Sul,Sul,,8416,21.49,51.6,3.4,55.0,50.89,Lula,Lula,Lula,616.42,110.36,-0.23,0.09,-193.57
4317707,Santo Antônio Das Missões,RS,Sul,Sul,,8347,23.19,53.48,3.4,56.88,52.87,Lula,Lula,Lula,831.22,347.36,-0.23,0.13,-191.98
4302006,Barros Cassal,RS,Sul,Sul,,8271,22.94,36.78,3.4,40.18,37.01,Flávio,Flávio,Flávio,-1175.63,-1555.24,-0.23,-0.18,-190.23
4308300,Fontoura Xavier,RS,Sul,Sul,,8245,22.45,47.65,3.4,51.05,47.28,Flávio,Lula,Flávio,125.27,-324.5,-0.23,0.02,-189.64
4321667,Três Cachoeiras,RS,Sul,Sul,,8189,14.98,22.29,3.4,25.69,23.23,Flávio,Flávio,Flávio,-3250.16,-3578.48,-0.23,-0.45,-188.35
4304358,Candiota,RS,Sul,Sul,,8121,22.71,61.73,3.4,65.13,60.68,Lula,Lula,Lula,1786.89,1261.24,-0.23,0.28,-186.78
4322533,Vale Do Sol,RS,Sul,Sul,,8086,17.03,32.53,3.4,35.93,33.18,Flávio,Flávio,Flávio,-1729.27,-2067.42,-0.23,-0.26,-185.98
4305801,Constantina,RS,Sul,Sul,,8077,18.51,34.76,3.4,38.16,35.07,Flávio,Flávio,Flávio,-1479.43,-1865.88,-0.23,-0.22,-185.77
4304689,Capela De Santana,RS,Sul,Sul,,8031,18.62,40.3,3.4,43.7,40.35,Flávio,Flávio,Flávio,-774.22,-1185.84,-0.23,-0.12,-184.71
4314704,Planalto,RS,Sul,Sul,,7977,22.25,35.67,3.4,39.07,35.88,Flávio,Flávio,Flávio,-1273.74,-1645.74,-0.23,-0.2,-183.47
4315107,Porto Xavier,RS,Sul,Sul,,7966,17.5,41.66,3.4,45.06,41.64,Flávio,Flávio,Flávio,-615.36,-1042.02,-0.23,-0.09,-183.22
4321006,Tapera,RS,Sul,Sul,,7887,16.7,33.18,3.4,36.58,33.56,Flávio,Flávio,Flávio,-1684.59,-2064.62,-0.23,-0.25,-181.4
4316451,Salto Do Jacuí,RS,Sul,Sul,S3#22,7867,19.79,45.02,3.4,48.42,44.8,Flávio,Flávio,Flávio,-188.92,-620.82,-0.23,-0.03,-180.94
4321436,Terra De Areia,RS,Sul,Sul,,7779,20.32,33.22,3.4,36.62,33.69,Flávio,Flávio,Flávio,-1555.64,-1895.56,-0.23,-0.25,-178.92
4305306,Chapada,RS,Sul,Sul,,7697,14.56,29.39,3.4,32.79,30.2,Flávio,Flávio,Flávio,-2116.96,-2435.72,-0.23,-0.32,-177.03
4315800,Roca Sales,RS,Sul,Sul,,7666,17.39,27.48,3.4,30.88,28.35,Flávio,Flávio,Flávio,-2283.33,-2584.44,-0.23,-0.36,-176.32
4304903,Casca,RS,Sul,Sul,,7527,15.23,19.92,3.4,23.32,21.09,Flávio,Flávio,Flávio,-3221.3,-3489.48,-0.23,-0.5,-173.12
4305009,Catuípe,RS,Sul,Sul,,7517,15.06,34.84,3.4,38.24,35.15,Flávio,Flávio,Flávio,-1420.94,-1793.88,-0.23,-0.22,-172.89
4306932,Entre-Ijuís,RS,Sul,Sul,,7421,18.74,38.25,3.4,41.65,38.4,Flávio,Flávio,Flávio,-951.84,-1322.14,-0.23,-0.16,-170.68
4316105,Ronda Alta,RS,Sul,Sul,S3#26,7415,16.2,45.56,3.4,48.96,45.37,Flávio,Flávio,Flávio,-123.27,-551.76,-0.23,-0.02,-170.54
4312906,Nova Bassano,RS,Sul,Sul,,7205,14.13,12.14,3.4,15.54,13.35,Flávio,Flávio,Flávio,-4093.49,-4353.66,-0.23,-0.64,-165.72
4305173,Cerro Grande Do Sul,RS,Sul,Sul,,7118,18.43,34.97,3.4,38.37,35.32,Flávio,Flávio,Flávio,-1257.15,-1587.44,-0.23,-0.22,-163.71
4322301,Tuparendi,RS,Sul,Sul,,7111,15.99,21.17,3.4,24.57,22.33,Flávio,Flávio,Flávio,-2907.26,-3163.78,-0.23,-0.47,-163.55
4314209,Pedro Osório,RS,Sul,Sul,,6862,24.5,59.11,3.4,62.51,58.0,Lula,Lula,Lula,1199.5,767.36,-0.23,0.23,-157.83
4320677,Sinimbu,RS,Sul,Sul,,6825,15.55,34.41,3.4,37.81,35.01,Flávio,Flávio,Flávio,-1312.3,-1614.08,-0.23,-0.23,-156.98
4309050,Glorinha,RS,Sul,Sul,,6780,21.46,27.23,3.4,30.63,28.17,Flávio,Flávio,Flávio,-1939.2,-2185.32,-0.23,-0.36,-155.94
4315404,Redentora,RS,Sul,Sul,,6768,21.65,59.9,3.4,63.3,59.42,Lula,Lula,Lula,1345.76,952.62,-0.23,0.25,-155.66
4319802,São Vicente Do Sul,RS,Sul,Sul,,6760,22.34,45.48,3.4,48.88,45.19,Flávio,Flávio,Flávio,-109.77,-471.98,-0.23,-0.02,-155.48
4316709,Santa Bárbara Do Sul,RS,Sul,Sul,,6723,16.96,30.14,3.4,33.54,30.6,Flávio,Flávio,Flávio,-1742.16,-2053.18,-0.23,-0.31,-154.63
4317004,Santana Da Boa Vista,RS,Sul,Sul,,6598,25.23,46.25,3.4,49.65,45.92,Flávio,Flávio,Flávio,-31.2,-365.1,-0.23,-0.01,-151.75
4304713,Caraá,RS,Sul,Sul,,6518,21.69,40.06,3.4,43.46,40.14,Flávio,Flávio,Flávio,-617.47,-931.66,-0.23,-0.12,-149.91
4306056,Cristal,RS,Sul,Sul,,6418,21.52,40.66,3.4,44.06,40.68,Flávio,Flávio,Flávio,-563.6,-884.08,-0.23,-0.11,-147.61
4300877,Araricá,RS,Sul,Sul,,6414,17.43,29.42,3.4,32.82,30.01,Flávio,Flávio,Flávio,-1734.3,-2018.06,-0.23,-0.32,-147.52
4312252,Minas Do Leão,RS,Sul,Sul,,6369,21.15,47.27,3.4,50.67,46.8,Flávio,Lula,Flávio,62.8,-298.84,-0.23,0.01,-146.49
4300505,Alpestre,RS,Sul,Sul,S3#89,6272,20.66,38.43,3.4,41.83,38.53,Flávio,Flávio,Flávio,-767.51,-1077.32,-0.23,-0.15,-144.26
4300901,Aratiba,RS,Sul,Sul,,6202,15.93,34.97,3.4,38.37,35.33,Flávio,Flávio,Flávio,-1151.3,-1451.62,-0.23,-0.22,-142.65
4311155,Jóia,RS,Sul,Sul,,6196,17.87,48.97,3.4,52.37,48.72,Flávio,Lula,Flávio,231.57,-125.0,-0.23,0.04,-142.51
4308805,General Câmara,RS,Sul,Sul,,6173,22.03,46.96,3.4,50.36,46.5,Flávio,Lula,Flávio,32.47,-315.28,-0.23,0.01,-141.98
4305702,Condor,RS,Sul,Sul,,6118,20.24,26.87,3.4,30.27,27.53,Flávio,Flávio,Flávio,-1838.12,-2093.78,-0.23,-0.37,-140.71
4300646,Ametista Do Sul,RS,Sul,Sul,,6067,14.01,33.48,3.4,36.88,33.7,Flávio,Flávio,Flávio,-1313.65,-1632.18,-0.23,-0.24,-139.54
4314159,Paverama,RS,Sul,Sul,,6036,16.55,34.4,3.4,37.8,34.82,Flávio,Flávio,Flávio,-1162.27,-1446.62,-0.23,-0.23,-138.83
4314001,Paraí,RS,Sul,Sul,,5977,12.92,16.85,3.4,20.25,18.29,Flávio,Flávio,Flávio,-2949.5,-3143.2,-0.23,-0.55,-137.47
4313805,Palmitinho,RS,Sul,Sul,S3#28,5953,16.8,43.49,3.4,46.89,43.33,Flávio,Flávio,Flávio,-289.88,-620.92,-0.23,-0.06,-136.92
4311775,Maquiné,RS,Sul,Sul,S3#91,5922,17.95,45.34,3.4,48.74,45.12,Flávio,Flávio,Flávio,-115.15,-445.72,-0.23,-0.02,-136.21
4319158,São Miguel Das Missões,RS,Sul,Sul,S3#29,5911,20.39,45.45,3.4,48.85,45.3,Flávio,Flávio,Flávio,-102.98,-419.46,-0.23,-0.02,-135.95
4321956,Trindade Do Sul,RS,Sul,Sul,S3#30,5879,19.68,43.19,3.4,46.59,43.09,Flávio,Flávio,Flávio,-305.07,-617.28,-0.23,-0.06,-135.22
4301503,Augusto Pestana,RS,Sul,Sul,,5869,14.94,23.26,3.4,26.66,24.06,Flávio,Flávio,Flávio,-2230.29,-2478.64,-0.23,-0.43,-134.99
4309506,Guarani Das Missões,RS,Sul,Sul,,5851,16.24,34.54,3.4,37.94,34.93,Flávio,Flávio,Flávio,-1121.08,-1400.98,-0.23,-0.22,-134.57
4310504,Iraí,RS,Sul,Sul,S3#92,5812,20.54,44.05,3.4,47.45,43.94,Flávio,Flávio,Flávio,-222.7,-529.84,-0.23,-0.05,-133.68
4305900,Coronel Bicaco,RS,Sul,Sul,,5810,22.31,45.23,3.4,48.63,45.08,Flávio,Flávio,Flávio,-117.74,-421.46,-0.23,-0.03,-133.63
4300208,Ajuricaba,RS,Sul,Sul,,5799,14.67,26.24,3.4,29.64,27.05,Flávio,Flávio,Flávio,-1935.1,-2180.9,-0.23,-0.38,-133.38
4308409,Formigueiro,RS,Sul,Sul,,5763,22.23,45.47,3.4,48.87,45.21,Flávio,Flávio,Flávio,-93.79,-397.96,-0.23,-0.02,-132.55
4318606,São José Do Ouro,RS,Sul,Sul,,5762,15.46,24.32,3.4,27.72,25.12,Flávio,Flávio,Flávio,-2051.31,-2290.62,-0.23,-0.41,-132.53
4316758,Santa Clara Do Sul,RS,Sul,Sul,,5711,14.69,21.72,3.4,25.12,23.19,Flávio,Flávio,Flávio,-2282.23,-2458.86,-0.23,-0.46,-131.35
4320263,Segredo,RS,Sul,Sul,,5695,18.12,34.72,3.4,38.12,35.11,Flávio,Flávio,Flávio,-1042.0,-1305.86,-0.23,-0.22,-130.99
4302204,Boa Vista Do Buricá,RS,Sul,Sul,,5645,13.59,24.62,3.4,28.02,25.82,Flávio,Flávio,Flávio,-2030.36,-2233.62,-0.23,-0.41,-129.84
4316501,Salvador Do Sul,RS,Sul,Sul,,5640,14.73,20.57,3.4,23.97,22.42,Flávio,Flávio,Flávio,-2338.75,-2478.66,-0.23,-0.48,-129.72
4308003,Faxinal Do Soturno,RS,Sul,Sul,,5638,20.38,33.63,3.4,37.03,34.07,Flávio,Flávio,Flávio,-1106.79,-1359.5,-0.23,-0.24,-129.67
4300307,Alecrim,RS,Sul,Sul,,5602,16.15,43.65,3.4,47.05,43.47,Flávio,Flávio,Flávio,-261.79,-580.16,-0.23,-0.05,-128.85
4304309,Cândido Godói,RS,Sul,Sul,,5545,11.56,22.59,3.4,25.99,23.63,Flávio,Flávio,Flávio,-2245.13,-2466.18,-0.23,-0.45,-127.54
4311759,Manoel Viana,RS,Sul,Sul,,5536,21.33,46.27,3.4,49.67,46.0,Flávio,Flávio,Flávio,-27.5,-330.8,-0.23,-0.01,-127.33
4310405,Independência,RS,Sul,Sul,,5501,16.31,30.24,3.4,33.64,30.88,Flávio,Flávio,Flávio,-1438.67,-1681.62,-0.23,-0.3,-126.52
4307302,Erval Seco,RS,Sul,Sul,S3#34,5497,18.01,45.78,3.4,49.18,45.6,Flávio,Flávio,Flávio,-70.11,-377.4,-0.23,-0.02,-126.43
4310439,Ipê,RS,Sul,Sul,,5497,16.39,18.24,3.4,21.64,19.47,Flávio,Flávio,Flávio,-2489.69,-2679.7,-0.23,-0.53,-126.43
4311502,Lavras Do Sul,RS,Sul,Sul,,5420,20.85,54.01,3.4,57.41,53.2,Lula,Lula,Lula,585.44,252.48,-0.23,0.14,-124.66
4309902,Ibiraiaras,RS,Sul,Sul,,5419,15.19,20.53,3.4,23.93,21.62,Flávio,Flávio,Flávio,-2256.39,-2456.3,-0.23,-0.48,-124.64
4316303,Roque Gonzales,RS,Sul,Sul,,5416,17.21,41.59,3.4,44.99,41.56,Flávio,Flávio,Flávio,-424.37,-714.82,-0.23,-0.09,-124.57
4312476,Morro Reuter,RS,Sul,Sul,,5415,12.89,18.38,3.4,21.78,20.02,Flávio,Flávio,Flávio,-2521.81,-2679.1,-0.23,-0.52,-124.54
4315909,Rodeio Bonito,RS,Sul,Sul,,5375,16.54,38.49,3.4,41.89,38.61,Flávio,Flávio,Flávio,-692.05,-972.28,-0.23,-0.15,-123.62
4314027,Paraíso Do Sul,RS,Sul,Sul,,5367,16.27,27.49,3.4,30.89,28.38,Flávio,Flávio,Flávio,-1609.89,-1821.56,-0.23,-0.36,-123.44
4301701,Barão De Cotegipe,RS,Sul,Sul,,5354,15.02,30.81,3.4,34.21,31.31,Flávio,Flávio,Flávio,-1353.99,-1602.08,-0.23,-0.29,-123.14
4302451,Boqueirão Do Leão,RS,Sul,Sul,,5325,16.13,32.63,3.4,36.03,33.16,Flávio,Flávio,Flávio,-1176.47,-1418.46,-0.23,-0.26,-122.48
4320552,Sertão Santana,RS,Sul,Sul,,5324,18.93,24.8,3.4,28.2,26.02,Flávio,Flávio,Flávio,-1779.01,-1957.02,-0.23,-0.41,-122.45
4305124,Cerrito,RS,Sul,Sul,,5309,22.38,51.49,3.4,54.89,50.74,Lula,Lula,Lula,364.14,55.4,-0.23,0.09,-122.11
4312450,Morro Redondo,RS,Sul,Sul,,5309,20.68,35.91,3.4,39.31,36.36,Flávio,Flávio,Flávio,-828.26,-1056.6,-0.23,-0.2,-122.11
4316956,Santa Maria Do Herval,RS,Sul,Sul,,5271,10.83,25.45,3.4,28.85,27.07,Flávio,Flávio,Flávio,-1845.09,-1999.76,-0.23,-0.39,-121.23
4314076,Passo Do Sobrado,RS,Sul,Sul,,5251,14.45,33.6,3.4,37.0,34.0,Flávio,Flávio,Flávio,-1111.19,-1368.46,-0.23,-0.24,-120.77
4307104,Herval,RS,Sul,Sul,,5214,24.03,62.99,3.4,66.39,61.59,Lula,Lula,Lula,1208.76,854.86,-0.23,0.3,-119.92
4319307,São Paulo Das Missões,RS,Sul,Sul,,5214,17.01,37.29,3.4,40.69,37.51,Flávio,Flávio,Flávio,-767.04,-1029.12,-0.23,-0.17,-119.92
4308706,Gaurama,RS,Sul,Sul,,5195,14.11,24.66,3.4,28.06,25.47,Flávio,Flávio,Flávio,-1862.69,-2082.66,-0.23,-0.41,-119.48
4303608,Cambará Do Sul,RS,Sul,Sul,,5136,19.55,25.9,3.4,29.3,26.69,Flávio,Flávio,Flávio,-1594.96,-1796.12,-0.23,-0.38,-118.13
4302501,Bossoroca,RS,Sul,Sul,,5117,24.55,50.44,3.4,53.84,50.06,Lula,Lula,Lula,275.05,3.96,-0.23,0.07,-117.69
4301651,Barão,RS,Sul,Sul,,5073,12.64,21.71,3.4,25.11,23.16,Flávio,Flávio,Flávio,-2080.67,-2243.42,-0.23,-0.46,-116.68
4313102,Nova Palma,RS,Sul,Sul,,5060,17.23,34.02,3.4,37.42,34.5,Flávio,Flávio,Flávio,-999.43,-1231.14,-0.23,-0.23,-116.38
4320503,Sertão,RS,Sul,Sul,,5015,14.62,28.36,3.4,31.76,28.98,Flávio,Flávio,Flávio,-1494.47,-1722.12,-0.23,-0.34,-115.34
4303707,Campina Das Missões,RS,Sul,Sul,,4989,15.55,34.26,3.4,37.66,34.72,Flávio,Flávio,Flávio,-982.72,-1216.72,-0.23,-0.23,-114.75
4315156,Progresso,RS,Sul,Sul,,4932,14.58,35.72,3.4,39.12,36.03,Flávio,Flávio,Flávio,-864.42,-1109.86,-0.23,-0.2,-113.44
4311254,Lagoão,RS,Sul,Sul,,4895,18.24,50.75,3.4,54.15,50.03,Lula,Lula,Lula,309.66,1.88,-0.23,0.08,-112.58
4305439,Chuí,RS,Sul,Sul,,4888,29.13,58.76,3.4,62.16,57.4,Lula,Lula,Lula,753.01,458.58,-0.23,0.23,-112.42
4309654,Hulha Negra,RS,Sul,Sul,,4884,22.13,56.07,3.4,59.47,55.33,Lula,Lula,Lula,682.38,384.22,-0.23,0.18,-112.33
4300703,Anta Gorda,RS,Sul,Sul,,4872,16.09,13.35,3.4,16.75,14.86,Flávio,Flávio,Flávio,-2577.0,-2723.08,-0.23,-0.62,-112.06
4322541,Vale Real,RS,Sul,Sul,,4872,14.72,28.08,3.4,31.48,29.18,Flávio,Flávio,Flávio,-1448.99,-1628.78,-0.23,-0.34,-112.06
4307559,Estação,RS,Sul,Sul,,4871,15.79,26.66,3.4,30.06,27.62,Flávio,Flávio,Flávio,-1549.49,-1738.76,-0.23,-0.37,-112.03
4311700,Machadinho,RS,Sul,Sul,,4842,16.29,33.85,3.4,37.25,34.18,Flávio,Flávio,Flávio,-976.27,-1211.5,-0.23,-0.24,-111.37
4319109,São Martinho,RS,Sul,Sul,,4808,15.0,26.78,3.4,30.18,27.51,Flávio,Flávio,Flávio,-1542.25,-1749.84,-0.23,-0.37,-110.58
4322103,Tucunduva,RS,Sul,Sul,,4755,15.21,25.49,3.4,28.89,26.21,Flávio,Flávio,Flávio,-1636.43,-1844.2,-0.23,-0.39,-109.36
4321477,Tiradentes Do Sul,RS,Sul,Sul,,4724,21.1,44.81,3.4,48.21,44.65,Flávio,Flávio,Flávio,-125.43,-374.18,-0.23,-0.03,-108.65
4311627,Lindolfo Collor,RS,Sul,Sul,,4683,14.95,34.85,3.4,38.25,35.29,Flávio,Flávio,Flávio,-877.97,-1099.02,-0.23,-0.22,-107.71
4301750,Barão Do Triunfo,RS,Sul,Sul,,4618,18.49,24.45,3.4,27.85,25.76,Flávio,Flávio,Flávio,-1557.4,-1704.7,-0.23,-0.41,-106.21
4303806,Campinas Do Sul,RS,Sul,Sul,,4618,13.73,19.56,3.4,22.96,20.28,Flávio,Flávio,Flávio,-2079.85,-2286.1,-0.23,-0.5,-106.21
4300638,Amaral Ferrador,RS,Sul,Sul,,4601,20.15,39.75,3.4,43.15,39.81,Flávio,Flávio,Flávio,-465.06,-691.54,-0.23,-0.13,-105.82
4314423,Picada Café,RS,Sul,Sul,,4533,14.71,20.8,3.4,24.2,22.75,Flávio,Flávio,Flávio,-1880.58,-1986.14,-0.23,-0.48,-104.26
4321352,Tavares,RS,Sul,Sul,,4533,23.08,42.28,3.4,45.68,42.21,Flávio,Flávio,Flávio,-280.49,-505.76,-0.23,-0.08,-104.26
4310538,Itaara,RS,Sul,Sul,,4530,19.87,40.65,3.4,44.05,40.67,Flávio,Flávio,Flávio,-414.64,-650.14,-0.23,-0.11,-104.19
4316204,Rondinha,RS,Sul,Sul,,4481,14.53,35.93,3.4,39.33,36.14,Flávio,Flávio,Flávio,-776.47,-1008.74,-0.23,-0.2,-103.06
4312302,Miraguaí,RS,Sul,Sul,,4473,18.04,50.08,3.4,53.48,49.6,Lula,Lula,Flávio,241.45,-28.04,-0.23,0.06,-102.88
4311601,Liberato Salzano,RS,Sul,Sul,,4425,22.19,44.49,3.4,47.89,44.34,Flávio,Flávio,Flávio,-135.6,-364.48,-0.23,-0.04,-101.78
4315750,Riozinho,RS,Sul,Sul,,4370,14.99,33.72,3.4,37.12,34.29,Flávio,Flávio,Flávio,-893.14,-1089.0,-0.23,-0.24,-100.51
4307203,Erval Grande,RS,Sul,Sul,S3#43,4359,17.05,45.05,3.4,48.45,44.88,Flávio,Flávio,Flávio,-105.47,-349.04,-0.23,-0.03,-100.26
4305447,Chuvisca,RS,Sul,Sul,,4354,13.99,20.93,3.4,24.33,22.48,Flávio,Flávio,Flávio,-1802.66,-1932.58,-0.23,-0.48,-100.14
4301800,Barracão,RS,Sul,Sul,,4352,20.82,40.4,3.4,43.8,40.43,Flávio,Flávio,Flávio,-391.4,-604.52,-0.23,-0.12,-100.1
4313037,Nova Esperança Do Sul,RS,Sul,Sul,,4338,18.51,37.18,3.4,40.58,37.43,Flávio,Flávio,Flávio,-611.22,-815.66,-0.23,-0.18,-99.77
4319208,São Nicolau,RS,Sul,Sul,,4337,22.09,55.87,3.4,59.27,55.31,Lula,Lula,Lula,587.36,336.86,-0.23,0.17,-99.75
4320305,Selbach,RS,Sul,Sul,,4334,15.34,21.86,3.4,25.26,22.79,Flávio,Flávio,Flávio,-1740.46,-1914.52,-0.23,-0.46,-99.68
4303400,Caiçara,RS,Sul,Sul,,4303,17.15,31.08,3.4,34.48,31.49,Flávio,Flávio,Flávio,-1062.34,-1266.62,-0.23,-0.29,-98.97
4322251,Tupandi,RS,Sul,Sul,,4296,13.08,15.11,3.4,18.51,16.95,Flávio,Flávio,Flávio,-2247.22,-2358.5,-0.23,-0.59,-98.81
4320354,Sentinela Do Sul,RS,Sul,Sul,S3#45,4237,20.44,40.44,3.4,43.84,40.49,Flávio,Flávio,Flávio,-381.86,-589.82,-0.23,-0.11,-97.45
4318424,São João Da Urtiga,RS,Sul,Sul,,4198,15.34,25.76,3.4,29.16,26.47,Flávio,Flávio,Flávio,-1373.59,-1551.3,-0.23,-0.39,-96.55
4312807,Nova Araçá,RS,Sul,Sul,,4136,16.88,17.35,3.4,20.75,18.53,Flávio,Flávio,Flávio,-1923.39,-2069.4,-0.23,-0.54,-95.13
4312153,Mato Leitão,RS,Sul,Sul,,4115,14.7,27.95,3.4,31.35,29.11,Flávio,Flávio,Flávio,-1224.24,-1370.64,-0.23,-0.35,-94.65
4309555,Harmonia,RS,Sul,Sul,,4102,12.19,22.71,3.4,26.11,24.32,Flávio,Flávio,Flávio,-1619.17,-1740.48,-0.23,-0.44,-94.35
4320859,Tabaí,RS,Sul,Sul,,4093,18.3,42.72,3.4,46.12,42.64,Flávio,Flávio,Flávio,-244.35,-463.74,-0.23,-0.07,-94.14
4306304,David Canabarro,RS,Sul,Sul,,4085,15.18,28.54,3.4,31.94,29.25,Flávio,Flávio,Flávio,-1177.38,-1352.46,-0.23,-0.34,-93.96
4321857,Três Palmeiras,RS,Sul,Sul,,4078,18.44,48.08,3.4,51.48,47.82,Flávio,Lula,Flávio,93.24,-137.0,-0.23,0.03,-93.79
4322905,Viadutos,RS,Sul,Sul,,4028,15.34,24.17,3.4,27.57,24.94,Flávio,Flávio,Flávio,-1455.03,-1625.6,-0.23,-0.42,-92.64
4309704,Humaitá,RS,Sul,Sul,,4020,14.4,34.41,3.4,37.81,34.71,Flávio,Flávio,Flávio,-800.28,-1003.74,-0.23,-0.23,-92.46
4303301,Caibaté,RS,Sul,Sul,S3#46,4013,18.02,44.78,3.4,48.18,44.6,Flávio,Flávio,Flávio,-112.31,-333.88,-0.23,-0.03,-92.3
4312104,Mata,RS,Sul,Sul,,4013,21.65,37.15,3.4,40.55,37.38,Flávio,Flávio,Flávio,-550.62,-735.52,-0.23,-0.18,-92.3
4309803,Ibiaçá,RS,Sul,Sul,,3988,14.87,24.92,3.4,28.32,25.97,Flávio,Flávio,Flávio,-1389.15,-1540.24,-0.23,-0.4,-91.72
4303202,Cacique Doble,RS,Sul,Sul,,3985,18.54,33.69,3.4,37.09,33.99,Flávio,Flávio,Flávio,-787.4,-976.4,-0.23,-0.24,-91.66
4300034,Aceguá,RS,Sul,Sul,,3982,23.78,34.2,3.4,37.6,34.6,Flávio,Flávio,Flávio,-714.31,-887.68,-0.23,-0.23,-91.59
4312609,Muçum,RS,Sul,Sul,,3973,17.64,21.93,3.4,25.33,23.19,Flávio,Flávio,Flávio,-1519.8,-1651.54,-0.23,-0.46,-91.38
4311718,Maçambará,RS,Sul,Sul,,3970,26.83,42.18,3.4,45.58,42.1,Flávio,Flávio,Flávio,-242.39,-433.18,-0.23,-0.08,-91.31
4304002,Campo Novo,RS,Sul,Sul,S3#47,3967,20.67,44.59,3.4,47.99,44.49,Flávio,Flávio,Flávio,-120.18,-329.68,-0.23,-0.04,-91.24
4302659,Brochier,RS,Sul,Sul,,3961,15.05,30.28,3.4,33.68,31.55,Flávio,Flávio,Flávio,-1003.01,-1134.1,-0.23,-0.3,-91.1
4312203,Maximiliano De Almeida,RS,Sul,Sul,,3954,19.2,26.9,3.4,30.3,27.49,Flávio,Flávio,Flávio,-1176.07,-1343.54,-0.23,-0.37,-90.94
4311908,Marcelino Ramos,RS,Sul,Sul,,3896,16.74,35.78,3.4,39.18,36.04,Flávio,Flávio,Flávio,-669.53,-863.28,-0.23,-0.2,-89.61
4315008,Porto Lucena,RS,Sul,Sul,,3887,21.3,38.28,3.4,41.68,38.42,Flávio,Flávio,Flávio,-483.38,-672.44,-0.23,-0.15,-89.4
4323101,Vicente Dutra,RS,Sul,Sul,,3837,20.75,34.65,3.4,38.05,34.86,Flávio,Flávio,Flávio,-692.01,-876.94,-0.23,-0.22,-88.25
4315354,Quinze De Novembro,RS,Sul,Sul,,3825,14.69,20.44,3.4,23.84,21.68,Flávio,Flávio,Flávio,-1637.79,-1772.88,-0.23,-0.49,-87.98
4306734,Doutor Maurício Cardoso,RS,Sul,Sul,,3822,16.09,27.62,3.4,31.02,28.27,Flávio,Flávio,Flávio,-1164.12,-1332.74,-0.23,-0.35,-87.91
4315206,Putinga,RS,Sul,Sul,,3807,22.98,15.18,3.4,18.58,16.54,Flávio,Flávio,Flávio,-1751.06,-1865.18,-0.23,-0.58,-87.56
4314498,Pinheirinho Do Vale,RS,Sul,Sul,S3#98,3806,17.0,40.61,3.4,44.01,40.63,Flávio,Flávio,Flávio,-360.0,-562.82,-0.23,-0.11,-87.54
4308078,Fazenda Vilanova,RS,Sul,Sul,,3798,18.35,36.55,3.4,39.95,36.84,Flávio,Flávio,Flávio,-586.61,-768.02,-0.23,-0.19,-87.35
4313490,Novo Barreiro,RS,Sul,Sul,S3#49,3794,15.55,43.25,3.4,46.65,43.17,Flávio,Flávio,Flávio,-202.64,-413.72,-0.23,-0.06,-87.26
4313391,Novo Cabrais,RS,Sul,Sul,,3764,18.01,33.67,3.4,37.07,34.09,Flávio,Flávio,Flávio,-755.15,-929.54,-0.23,-0.24,-86.57
4311122,Jaquirana,RS,Sul,Sul,,3757,24.62,36.3,3.4,39.7,36.51,Flávio,Flávio,Flávio,-541.27,-709.3,-0.23,-0.19,-86.41
4313607,Paim Filho,RS,Sul,Sul,,3753,17.75,40.88,3.4,44.28,40.88,Flávio,Flávio,Flávio,-331.96,-528.92,-0.23,-0.11,-86.32
4314068,Passa Sete,RS,Sul,Sul,,3747,17.96,30.14,3.4,33.54,30.81,Flávio,Flávio,Flávio,-945.09,-1101.78,-0.23,-0.31,-86.18
4323457,Vila Nova Do Sul,RS,Sul,Sul,,3746,22.32,51.33,3.4,54.73,50.78,Lula,Lula,Lula,255.65,42.24,-0.23,0.09,-86.16
4318481,São José Do Hortêncio,RS,Sul,Sul,,3728,12.71,18.0,3.4,21.4,19.38,Flávio,Flávio,Flávio,-1780.58,-1906.46,-0.23,-0.53,-85.74
4304671,Capivari Do Sul,RS,Sul,Sul,,3711,18.78,30.9,3.4,34.3,31.46,Flávio,Flávio,Flávio,-897.24,-1060.0,-0.23,-0.29,-85.35
4308458,Fortaleza Dos Valos,RS,Sul,Sul,,3686,14.22,32.58,3.4,35.98,33.0,Flávio,Flávio,Flávio,-850.01,-1030.88,-0.23,-0.26,-84.78
4300851,Arambaré,RS,Sul,Sul,,3684,24.54,39.93,3.4,43.33,39.99,Flávio,Flávio,Flávio,-350.13,-524.98,-0.23,-0.12,-84.73
4323408,Vila Maria,RS,Sul,Sul,,3675,15.13,23.98,3.4,27.38,24.62,Flávio,Flávio,Flávio,-1351.82,-1517.02,-0.23,-0.42,-84.52
4309753,Ibarama,RS,Sul,Sul,,3655,18.3,31.5,3.4,34.9,32.31,Flávio,Flávio,Flávio,-829.46,-971.86,-0.23,-0.28,-84.06
4305405,Chiapetta,RS,Sul,Sul,,3635,18.79,33.97,3.4,37.37,34.22,Flávio,Flávio,Flávio,-719.43,-898.48,-0.23,-0.24,-83.6
4310306,Ilópolis,RS,Sul,Sul,,3634,17.28,17.45,3.4,20.85,18.56,Flávio,Flávio,Flávio,-1661.07,-1791.94,-0.23,-0.54,-83.58
4305504,Ciríaco,RS,Sul,Sul,,3627,15.85,32.64,3.4,36.04,32.99,Flávio,Flávio,Flávio,-793.3,-966.42,-0.23,-0.26,-83.42
4311981,Mariana Pimentel,RS,Sul,Sul,,3608,21.59,33.89,3.4,37.29,34.39,Flávio,Flávio,Flávio,-675.84,-829.74,-0.23,-0.24,-82.98
4314472,Pinhal Grande,RS,Sul,Sul,,3602,20.96,41.79,3.4,45.19,41.74,Flávio,Flávio,Flávio,-256.87,-440.94,-0.23,-0.09,-82.85
4312054,Marques De Souza,RS,Sul,Sul,,3511,17.32,26.46,3.4,29.86,27.32,Flávio,Flávio,Flávio,-1102.78,-1241.98,-0.23,-0.37,-80.75
4305132,Cerro Branco,RS,Sul,Sul,,3490,18.42,31.38,3.4,34.78,31.99,Flávio,Flávio,Flávio,-810.14,-958.96,-0.23,-0.28,-80.27
4305959,Cotiporã,RS,Sul,Sul,,3488,16.17,17.43,3.4,20.83,19.2,Flávio,Flávio,Flávio,-1607.34,-1697.1,-0.23,-0.54,-80.22
4310652,Itati,RS,Sul,Sul,,3450,17.01,35.29,3.4,38.69,35.59,Flávio,Flávio,Flávio,-617.82,-787.34,-0.23,-0.21,-79.35
4322327,Turuçu,RS,Sul,Sul,,3449,18.27,26.4,3.4,29.8,27.14,Flávio,Flávio,Flávio,-1077.89,-1220.08,-0.23,-0.38,-79.33
4323754,Vitória Das Missões,RS,Sul,Sul,S3#51,3443,20.27,44.36,3.4,47.76,44.23,Flávio,Flávio,Flávio,-117.74,-303.34,-0.23,-0.04,-79.19
4314035,Pareci Novo,RS,Sul,Sul,,3442,16.12,19.62,3.4,23.02,21.26,Flávio,Flávio,Flávio,-1479.97,-1576.66,-0.23,-0.5,-79.17
4323309,Vila Flores,RS,Sul,Sul,,3442,13.74,17.14,3.4,20.54,18.63,Flávio,Flávio,Flávio,-1672.39,-1780.78,-0.23,-0.55,-79.17
4320602,Severiano De Almeida,RS,Sul,Sul,,3414,14.73,30.23,3.4,33.63,30.99,Flávio,Flávio,Flávio,-896.09,-1040.58,-0.23,-0.3,-78.52
4309951,Ibirapuitã,RS,Sul,Sul,,3410,19.27,35.05,3.4,38.45,35.28,Flávio,Flávio,Flávio,-607.34,-774.06,-0.23,-0.21,-78.43
4318622,São José Dos Ausentes,RS,Sul,Sul,,3387,23.5,28.14,3.4,31.54,28.59,Flávio,Flávio,Flávio,-918.62,-1065.54,-0.23,-0.34,-77.9
4314779,Pontão,RS,Sul,Sul,,3373,15.0,41.2,3.4,44.6,41.19,Flávio,Flávio,Flávio,-298.65,-486.98,-0.23,-0.1,-77.58
4310850,Jaboticaba,RS,Sul,Sul,S3#52,3370,18.64,42.27,3.4,45.67,42.22,Flávio,Flávio,Flávio,-224.81,-403.76,-0.23,-0.08,-77.51
4301875,Barra Do Quaraí,RS,Sul,Sul,,3355,26.47,49.59,3.4,52.99,49.11,Flávio,Lula,Flávio,140.03,-41.66,-0.23,0.06,-77.17
4312377,Monte Alegre Dos Campos,RS,Sul,Sul,,3352,22.61,29.9,3.4,33.3,30.41,Flávio,Flávio,Flávio,-818.8,-960.3,-0.23,-0.31,-77.1
4322152,Tunas,RS,Sul,Sul,,3346,17.57,49.7,3.4,53.1,49.36,Flávio,Lula,Flávio,161.63,-33.2,-0.23,0.06,-76.96
4310702,Itatiba Do Sul,RS,Sul,Sul,,3342,17.77,55.02,3.4,58.42,54.53,Lula,Lula,Lula,437.92,235.76,-0.23,0.16,-76.87
4307450,Esperança Do Sul,RS,Sul,Sul,,3315,16.95,47.28,3.4,50.68,47.0,Flávio,Lula,Flávio,35.45,-156.14,-0.23,0.01,-76.24
4300059,Água Santa,RS,Sul,Sul,,3300,15.48,26.23,3.4,29.63,26.78,Flávio,Flávio,Flávio,-1096.09,-1249.78,-0.23,-0.38,-75.9
4321832,Três Forquilhas,RS,Sul,Sul,,3297,19.35,36.82,3.4,40.22,37.04,Flávio,Flávio,Flávio,-494.07,-654.66,-0.23,-0.18,-75.83
4322525,Vale Verde,RS,Sul,Sul,,3292,22.24,36.38,3.4,39.78,36.69,Flávio,Flávio,Flávio,-484.73,-631.28,-0.23,-0.19,-75.72
4306379,Dilermando De Aguiar,RS,Sul,Sul,,3281,23.29,39.26,3.4,42.66,39.38,Flávio,Flávio,Flávio,-349.18,-505.58,-0.23,-0.14,-75.46
4312443,Morrinhos Do Sul,RS,Sul,Sul,,3216,15.39,24.86,3.4,28.26,26.1,Flávio,Flávio,Flávio,-1117.43,-1228.42,-0.23,-0.4,-73.97
4301552,Áurea,RS,Sul,Sul,,3213,12.36,25.99,3.4,29.39,26.83,Flávio,Flávio,Flávio,-1092.34,-1227.74,-0.23,-0.38,-73.9
4300455,Alegria,RS,Sul,Sul,,3209,17.23,40.99,3.4,44.39,40.99,Flávio,Flávio,Flávio,-283.3,-454.86,-0.23,-0.1,-73.81
4319356,São Pedro Da Serra,RS,Sul,Sul,,3188,12.01,19.89,3.4,23.29,21.44,Flávio,Flávio,Flávio,-1409.58,-1506.86,-0.23,-0.5,-73.32
4304101,Campos Borges,RS,Sul,Sul,,3183,19.23,35.69,3.4,39.09,36.01,Flávio,Flávio,Flávio,-522.15,-669.62,-0.23,-0.2,-73.21
4304952,Caseiros,RS,Sul,Sul,,3182,20.71,30.06,3.4,33.46,30.57,Flávio,Flávio,Flávio,-787.35,-924.88,-0.23,-0.31,-73.19
4313359,Nova Roma Do Sul,RS,Sul,Sul,,3182,14.05,15.88,3.4,19.28,17.25,Flávio,Flávio,Flávio,-1603.39,-1709.48,-0.23,-0.57,-73.19
4319125,São Martinho Da Serra,RS,Sul,Sul,,3157,22.3,32.38,3.4,35.78,32.91,Flávio,Flávio,Flávio,-654.79,-786.62,-0.23,-0.26,-72.61
4311734,Mampituba,RS,Sul,Sul,S3#53,3155,15.44,39.86,3.4,43.26,39.95,Flávio,Flávio,Flávio,-339.92,-507.18,-0.23,-0.13,-72.56
4306452,Dois Lajeados,RS,Sul,Sul,,3119,17.7,16.42,3.4,19.82,18.01,Flávio,Flávio,Flávio,-1461.13,-1549.0,-0.23,-0.56,-71.74
4304655,Capão Do Cipó,RS,Sul,Sul,,3105,24.09,47.59,3.4,50.99,47.26,Flávio,Lula,Flávio,43.78,-121.74,-0.23,0.02,-71.42
4314308,Pejuçara,RS,Sul,Sul,,3096,16.57,30.17,3.4,33.57,30.65,Flávio,Flávio,Flávio,-800.67,-943.18,-0.23,-0.31,-71.21
4313425,Novo Machado,RS,Sul,Sul,,3081,17.3,26.07,3.4,29.47,26.73,Flávio,Flávio,Flávio,-1005.08,-1139.32,-0.23,-0.38,-70.86
4319703,São Valentim,RS,Sul,Sul,,3073,17.15,28.84,3.4,32.24,29.29,Flávio,Flávio,Flávio,-864.47,-1008.1,-0.23,-0.33,-70.68
4306700,Dona Francisca,RS,Sul,Sul,,3059,18.86,36.94,3.4,40.34,37.14,Flávio,Flávio,Flávio,-454.25,-604.72,-0.23,-0.18,-70.36
4309159,Gramado Xavier,RS,Sul,Sul,,3049,19.29,38.1,3.4,41.5,38.28,Flávio,Flávio,Flávio,-397.06,-547.62,-0.23,-0.16,-70.13
4312385,Monte Belo Do Sul,RS,Sul,Sul,,3034,15.19,11.96,3.4,15.36,13.41,Flávio,Flávio,Flávio,-1706.65,-1802.98,-0.23,-0.64,-69.78
4312138,Mato Castelhano,RS,Sul,Sul,,3019,16.13,23.42,3.4,26.82,24.25,Flávio,Flávio,Flávio,-1130.56,-1255.72,-0.23,-0.43,-69.44
4305603,Colorado,RS,Sul,Sul,,2995,18.2,21.47,3.4,24.87,22.22,Flávio,Flávio,Flávio,-1180.47,-1305.1,-0.23,-0.47,-68.89
4310900,Jacutinga,RS,Sul,Sul,,2991,14.84,27.35,3.4,30.75,28.22,Flávio,Flávio,Flávio,-920.39,-1041.3,-0.23,-0.36,-68.79
4307815,Estrela Velha,RS,Sul,Sul,,2953,18.76,32.45,3.4,35.85,33.05,Flávio,Flávio,Flávio,-640.9,-767.56,-0.23,-0.26,-67.92
4307054,Ernestina,RS,Sul,Sul,,2930,17.0,34.06,3.4,37.46,34.33,Flávio,Flávio,Flávio,-583.18,-728.96,-0.23,-0.23,-67.39
4303673,Campestre Da Serra,RS,Sul,Sul,,2886,18.33,15.21,3.4,18.61,16.37,Flávio,Flávio,Flávio,-1408.44,-1509.06,-0.23,-0.58,-66.38
4307401,Esmeralda,RS,Sul,Sul,,2884,22.95,39.52,3.4,42.92,39.59,Flávio,Flávio,Flávio,-297.41,-437.68,-0.23,-0.13,-66.33
4304697,Capitão,RS,Sul,Sul,,2872,16.5,26.16,3.4,29.56,27.26,Flávio,Flávio,Flávio,-918.94,-1022.68,-0.23,-0.38,-66.06
4300570,Alto Feliz,RS,Sul,Sul,,2870,15.89,20.87,3.4,24.27,22.8,Flávio,Flávio,Flávio,-1167.13,-1233.92,-0.23,-0.48,-66.01
4305975,Coxilha,RS,Sul,Sul,,2867,17.2,31.44,3.4,34.84,31.93,Flávio,Flávio,Flávio,-690.61,-823.0,-0.23,-0.28,-65.94
4302600,Braga,RS,Sul,Sul,,2865,20.98,52.18,3.4,55.58,51.76,Lula,Lula,Lula,234.1,73.72,-0.23,0.1,-65.9
4312617,Muitos Capões,RS,Sul,Sul,,2854,22.28,22.97,3.4,26.37,23.65,Flávio,Flávio,Flávio,-1000.08,-1115.28,-0.23,-0.44,-65.64
4315552,Rio Dos Índios,RS,Sul,Sul,,2854,22.07,50.4,3.4,53.8,50.0,Lula,Lula,Lula,160.38,0.04,-0.23,0.07,-65.64
4316972,Santa Margarida Do Sul,RS,Sul,Sul,,2829,21.0,41.76,3.4,45.16,41.72,Flávio,Flávio,Flávio,-203.81,-349.08,-0.23,-0.09,-65.07
4321329,Taquaruçu Do Sul,RS,Sul,Sul,,2822,14.21,40.7,3.4,44.1,40.72,Flávio,Flávio,Flávio,-271.61,-427.68,-0.23,-0.11,-64.91
4312757,Nova Alvorada,RS,Sul,Sul,,2805,14.47,17.87,3.4,21.27,18.96,Flávio,Flávio,Flávio,-1291.78,-1395.9,-0.23,-0.53,-64.52
4313003,Nova Bréscia,RS,Sul,Sul,,2805,15.44,17.81,3.4,21.21,19.27,Flávio,Flávio,Flávio,-1300.79,-1388.48,-0.23,-0.54,-64.52
4310363,Imigrante,RS,Sul,Sul,,2800,17.82,25.75,3.4,29.15,27.29,Flávio,Flávio,Flávio,-891.06,-970.64,-0.23,-0.39,-64.4
4311130,Jari,RS,Sul,Sul,S3#2,2794,18.97,42.28,3.4,45.68,42.2,Flávio,Flávio,Flávio,-180.4,-326.18,-0.23,-0.08,-64.26
4301073,Arroio Do Padre,RS,Sul,Sul,,2775,12.04,11.51,3.4,14.91,13.08,Flávio,Flávio,Flávio,-1655.29,-1741.54,-0.23,-0.65,-63.82
4312427,Mormaço,RS,Sul,Sul,,2764,17.47,31.91,3.4,35.31,32.32,Flávio,Flávio,Flávio,-640.6,-770.78,-0.23,-0.27,-63.57
4316477,Salvador Das Missões,RS,Sul,Sul,,2746,14.75,28.46,3.4,31.86,29.18,Flávio,Flávio,Flávio,-807.76,-926.96,-0.23,-0.34,-63.16
4321493,Toropi,RS,Sul,Sul,,2745,18.47,31.62,3.4,35.02,32.18,Flávio,Flávio,Flávio,-627.42,-746.4,-0.23,-0.28,-63.14
4310553,Itacurubi,RS,Sul,Sul,,2718,21.93,47.21,3.4,50.61,46.93,Flávio,Lula,Flávio,24.61,-124.24,-0.23,0.01,-62.51
4301958,Barra Funda,RS,Sul,Sul,,2716,12.89,32.1,3.4,35.5,32.57,Flávio,Flávio,Flávio,-652.71,-784.42,-0.23,-0.27,-62.47
4321469,Tio Hugo,RS,Sul,Sul,,2707,15.48,32.96,3.4,36.36,33.42,Flávio,Flávio,Flávio,-595.75,-724.26,-0.23,-0.25,-62.26
4323770,Westfalia,RS,Sul,Sul,,2689,13.02,20.14,3.4,23.54,22.16,Flávio,Flávio,Flávio,-1169.37,-1230.36,-0.23,-0.49,-61.85
4322376,Unistalda,RS,Sul,Sul,,2687,23.19,39.81,3.4,43.21,39.86,Flávio,Flávio,Flávio,-266.16,-397.58,-0.23,-0.13,-61.8
4315149,Presidente Lucena,RS,Sul,Sul,,2670,12.13,17.84,3.4,21.24,19.63,Flávio,Flávio,Flávio,-1275.13,-1346.66,-0.23,-0.53,-61.41
4320321,Senador Salgado Filho,RS,Sul,Sul,,2669,13.86,24.36,3.4,27.76,24.96,Flávio,Flávio,Flávio,-993.85,-1119.28,-0.23,-0.41,-61.39
4305871,Coronel Barros,RS,Sul,Sul,,2668,14.06,26.3,3.4,29.7,27.21,Flávio,Flávio,Flávio,-892.28,-1001.5,-0.23,-0.38,-61.36
4319372,São Pedro Do Butiá,RS,Sul,Sul,,2665,16.7,30.82,3.4,34.22,31.47,Flávio,Flávio,Flávio,-661.07,-776.08,-0.23,-0.29,-61.3
4306072,Cristal Do Sul,RS,Sul,Sul,S3#56,2662,16.04,45.7,3.4,49.1,45.51,Flávio,Flávio,Flávio,-38.26,-189.98,-0.23,-0.02,-61.23
4306957,Entre Rios Do Sul,RS,Sul,Sul,,2654,21.55,42.44,3.4,45.84,42.39,Flávio,Flávio,Flávio,-165.87,-303.46,-0.23,-0.08,-61.04
4323705,Vista Gaúcha,RS,Sul,Sul,,2652,17.8,37.4,3.4,40.8,37.61,Flávio,Flávio,Flávio,-378.96,-510.42,-0.23,-0.17,-61.0
4305116,Centenário,RS,Sul,Sul,,2650,12.04,35.57,3.4,38.97,35.9,Flávio,Flávio,Flávio,-488.02,-623.5,-0.23,-0.21,-60.95
4306551,Dom Pedro De Alcântara,RS,Sul,Sul,,2646,14.93,30.73,3.4,34.13,31.48,Flávio,Flávio,Flávio,-679.29,-792.86,-0.23,-0.3,-60.86
4303558,Camargo,RS,Sul,Sul,,2637,14.71,27.7,3.4,31.1,28.26,Flávio,Flávio,Flávio,-807.71,-929.1,-0.23,-0.35,-60.65
4309126,Gramado Dos Loureiros,RS,Sul,Sul,,2631,19.38,55.77,3.4,59.17,55.34,Lula,Lula,Lula,371.63,216.36,-0.23,0.17,-60.51
4309571,Herveiras,RS,Sul,Sul,S3#57,2629,20.24,41.63,3.4,45.03,41.59,Flávio,Flávio,Flávio,-196.95,-333.14,-0.23,-0.09,-60.47
4302584,Bozano,RS,Sul,Sul,,2625,15.28,24.08,3.4,27.48,24.79,Flávio,Flávio,Flávio,-968.68,-1084.24,-0.23,-0.42,-60.38
4306320,Derrubadas,RS,Sul,Sul,,2624,18.03,35.24,3.4,38.64,35.62,Flávio,Flávio,Flávio,-462.02,-584.94,-0.23,-0.21,-60.35
4306973,Erebango,RS,Sul,Sul,,2616,19.5,36.25,3.4,39.65,36.43,Flávio,Flávio,Flávio,-412.78,-541.3,-0.23,-0.19,-60.17
4306353,Dezesseis De Novembro,RS,Sul,Sul,,2615,23.21,49.78,3.4,53.18,49.36,Flávio,Lula,Flávio,120.34,-24.38,-0.23,0.06,-60.14
4323507,Vista Alegre,RS,Sul,Sul,S3#58,2612,16.92,40.42,3.4,43.82,40.44,Flávio,Flávio,Flávio,-255.58,-394.94,-0.23,-0.12,-60.08
4302378,Bom Progresso,RS,Sul,Sul,,2604,18.86,46.95,3.4,50.35,46.75,Flávio,Lula,Flávio,14.17,-132.46,-0.23,0.01,-59.89
4301859,Barra Do Guarita,RS,Sul,Sul,,2600,21.35,48.01,3.4,51.41,47.78,Flávio,Lula,Flávio,54.69,-86.34,-0.23,0.03,-59.8
4318051,São Domingos Do Sul,RS,Sul,Sul,,2596,17.45,26.81,3.4,30.21,27.61,Flávio,Flávio,Flávio,-801.51,-906.58,-0.23,-0.37,-59.71
4308433,Forquetinha,RS,Sul,Sul,,2588,13.64,23.88,3.4,27.28,24.67,Flávio,Flávio,Flávio,-965.83,-1076.64,-0.23,-0.42,-59.52
4313011,Nova Candelária,RS,Sul,Sul,,2588,10.43,22.72,3.4,26.12,23.82,Flávio,Flávio,Flávio,-1048.6,-1149.66,-0.23,-0.44,-59.52
4314464,Pinhal Da Serra,RS,Sul,Sul,,2584,22.87,38.78,3.4,42.18,38.85,Flávio,Flávio,Flávio,-298.54,-425.64,-0.23,-0.15,-59.43
4318432,São João Do Polêsine,RS,Sul,Sul,,2578,19.36,31.24,3.4,34.64,31.81,Flávio,Flávio,Flávio,-608.09,-720.44,-0.23,-0.29,-59.29
4314456,Pinhal,RS,Sul,Sul,,2557,15.45,33.78,3.4,37.18,34.16,Flávio,Flávio,Flávio,-528.73,-653.32,-0.23,-0.24,-58.81
4307831,Eugênio De Castro,RS,Sul,Sul,,2554,18.87,34.47,3.4,37.87,34.7,Flávio,Flávio,Flávio,-478.85,-604.18,-0.23,-0.23,-58.74
4321634,Três Arroios,RS,Sul,Sul,,2549,16.24,23.92,3.4,27.32,24.93,Flávio,Flávio,Flávio,-916.44,-1013.28,-0.23,-0.42,-58.63
4323200,Victor Graeff,RS,Sul,Sul,,2531,15.96,22.92,3.4,26.32,23.9,Flávio,Flávio,Flávio,-968.02,-1066.88,-0.23,-0.44,-58.21
4316436,Saldanha Marinho,RS,Sul,Sul,,2529,14.55,26.25,3.4,29.65,26.83,Flávio,Flávio,Flávio,-847.02,-964.56,-0.23,-0.38,-58.17
4302253,Boa Vista Do Sul,RS,Sul,Sul,,2527,16.22,18.56,3.4,21.96,19.92,Flávio,Flávio,Flávio,-1135.34,-1217.98,-0.23,-0.52,-58.12
4308656,Garruchos,RS,Sul,Sul,,2516,25.64,58.4,3.4,61.8,57.46,Lula,Lula,Lula,418.94,264.64,-0.23,0.22,-57.87
4305371,Charrua,RS,Sul,Sul,,2510,16.93,43.5,3.4,46.9,43.44,Flávio,Flávio,Flávio,-123.65,-261.4,-0.23,-0.06,-57.73
4320230,Sede Nova,RS,Sul,Sul,,2508,15.63,40.13,3.4,43.53,40.18,Flávio,Flávio,Flávio,-259.44,-393.56,-0.23,-0.12,-57.68
4322855,Vespasiano Corrêa,RS,Sul,Sul,,2485,17.46,10.9,3.4,14.3,12.58,Flávio,Flávio,Flávio,-1407.9,-1475.74,-0.23,-0.66,-57.16
4305157,Cerro Grande,RS,Sul,Sul,,2482,22.52,50.7,3.4,54.1,50.13,Lula,Lula,Lula,149.18,4.82,-0.23,0.08,-57.09
4305850,Coqueiros Do Sul,RS,Sul,Sul,,2451,14.93,26.18,3.4,29.58,27.44,Flávio,Flávio,Flávio,-802.52,-886.82,-0.23,-0.38,-56.37
4318457,São José Das Missões,RS,Sul,Sul,,2443,19.93,48.72,3.4,52.12,48.49,Flávio,Lula,Flávio,78.61,-55.94,-0.23,0.04,-56.19
4307864,Fagundes Varela,RS,Sul,Sul,,2439,15.95,15.2,3.4,18.6,16.63,Flávio,Flávio,Flávio,-1232.94,-1310.46,-0.23,-0.58,-56.1
4314548,Pinto Bandeira,RS,Sul,Sul,,2438,15.38,11.3,3.4,14.7,12.87,Flávio,Flávio,Flávio,-1398.22,-1470.76,-0.23,-0.66,-56.07
4318440,São Jorge,RS,Sul,Sul,,2437,11.98,13.18,3.4,16.58,14.93,Flávio,Flávio,Flávio,-1369.47,-1437.1,-0.23,-0.62,-56.05
4311791,Maratá,RS,Sul,Sul,,2435,14.0,21.03,3.4,24.43,22.79,Flávio,Flávio,Flávio,-1016.55,-1081.5,-0.23,-0.48,-56.0
4308052,Faxinalzinho,RS,Sul,Sul,,2419,20.46,34.4,3.4,37.8,34.6,Flávio,Flávio,Flávio,-447.35,-564.8,-0.23,-0.23,-55.64
4313086,Nova Pádua,RS,Sul,Sul,,2410,14.61,7.82,3.4,11.22,9.29,Flávio,Flávio,Flávio,-1545.82,-1622.82,-0.23,-0.72,-55.43
4319752,São Vendelino,RS,Sul,Sul,,2409,13.95,24.77,3.4,28.17,26.05,Flávio,Flávio,Flávio,-857.77,-940.86,-0.23,-0.41,-55.41
4312674,Nicolau Vergueiro,RS,Sul,Sul,,2406,21.16,27.72,3.4,31.12,28.19,Flávio,Flávio,Flávio,-690.2,-797.48,-0.23,-0.35,-55.34
4315958,Rolador,RS,Sul,Sul,S3#62,2396,18.36,44.71,3.4,48.11,44.54,Flávio,Flávio,Flávio,-69.67,-201.26,-0.23,-0.04,-55.11
4315321,Quevedos,RS,Sul,Sul,,2385,25.49,47.42,3.4,50.82,47.08,Flávio,Lula,Flávio,27.3,-97.1,-0.23,0.02,-54.86
4305587,Colinas,RS,Sul,Sul,,2354,15.46,26.04,3.4,29.44,27.52,Flávio,Flávio,Flávio,-765.58,-837.04,-0.23,-0.38,-54.14
4319737,São Valério Do Sul,RS,Sul,Sul,,2348,18.02,54.85,3.4,58.25,54.63,Lula,Lula,Lula,307.74,172.68,-0.23,0.15,-54.0
4314555,Pirapó,RS,Sul,Sul,,2336,26.8,51.02,3.4,54.42,50.51,Lula,Lula,Lula,141.13,16.3,-0.23,0.08,-53.73
4311239,Lagoa Bonita Do Sul,RS,Sul,Sul,S3#63,2310,18.44,37.24,3.4,40.64,37.49,Flávio,Flávio,Flávio,-328.37,-438.86,-0.23,-0.17,-53.13
4314134,Paulo Bento,RS,Sul,Sul,,2280,13.77,24.84,3.4,28.24,25.93,Flávio,Flávio,Flávio,-813.12,-899.54,-0.23,-0.4,-52.44
4316428,Sagrada Família,RS,Sul,Sul,S3#64,2272,19.28,46.55,3.4,49.95,46.3,Flávio,Flávio,Flávio,-1.6,-128.42,-0.23,-0.0,-52.26
4315057,Porto Mauá,RS,Sul,Sul,,2251,18.08,28.19,3.4,31.59,28.76,Flávio,Flávio,Flávio,-651.66,-752.0,-0.23,-0.34,-51.77
4318499,São José Do Inhacorá,RS,Sul,Sul,,2244,13.19,24.99,3.4,28.39,26.31,Flávio,Flávio,Flávio,-794.17,-870.3,-0.23,-0.4,-51.61
4317954,Santo Expedito Do Sul,RS,Sul,Sul,,2242,17.48,30.8,3.4,34.2,31.27,Flávio,Flávio,Flávio,-549.57,-651.42,-0.23,-0.29,-51.57
4312625,Muliterno,RS,Sul,Sul,,2237,19.04,42.13,3.4,45.53,42.08,Flávio,Flávio,Flávio,-152.55,-270.28,-0.23,-0.08,-51.45
4318465,São José Do Herval,RS,Sul,Sul,,2231,26.76,45.12,3.4,48.52,44.91,Flávio,Flávio,Flávio,-45.34,-156.28,-0.23,-0.03,-51.31
4319711,São Valentim Do Sul,RS,Sul,Sul,,2224,18.26,19.53,3.4,22.93,20.82,Flávio,Flávio,Flávio,-937.45,-1010.62,-0.23,-0.5,-51.15
4312005,Mariano Moro,RS,Sul,Sul,,2211,17.28,38.22,3.4,41.62,38.39,Flávio,Flávio,Flávio,-284.86,-394.62,-0.23,-0.16,-50.85
4302238,Boa Vista Do Incra,RS,Sul,Sul,,2195,15.03,29.66,3.4,33.06,30.19,Flávio,Flávio,Flávio,-606.0,-708.84,-0.23,-0.32,-50.48
4323358,Vila Lângaro,RS,Sul,Sul,,2175,14.11,20.4,3.4,23.8,21.31,Flávio,Flávio,Flávio,-932.61,-1021.14,-0.23,-0.49,-50.03
4315453,Relvado,RS,Sul,Sul,,2167,21.27,23.8,3.4,27.2,24.79,Flávio,Flávio,Flávio,-744.1,-822.8,-0.23,-0.42,-49.84
4317756,Santo Antônio Do Planalto,RS,Sul,Sul,,2163,12.02,19.61,3.4,23.01,20.7,Flávio,Flávio,Flávio,-989.28,-1073.8,-0.23,-0.5,-49.75
4320651,Silveira Martins,RS,Sul,Sul,,2147,18.72,34.54,3.4,37.94,34.91,Flávio,Flávio,Flávio,-395.26,-494.66,-0.23,-0.22,-49.38
4302055,Benjamin Constant Do Sul,RS,Sul,Sul,,2125,21.27,56.03,3.4,59.43,55.64,Lula,Lula,Lula,301.89,180.44,-0.23,0.18,-48.88
4304622,Capão Bonito Do Sul,RS,Sul,Sul,,2112,18.18,40.32,3.4,43.72,40.35,Flávio,Flávio,Flávio,-206.65,-317.44,-0.23,-0.12,-48.58
4311429,Lajeado Do Bugre,RS,Sul,Sul,,2108,23.48,49.33,3.4,52.73,49.12,Flávio,Lula,Flávio,83.72,-27.0,-0.23,0.05,-48.48
4310462,Ipiranga Do Sul,RS,Sul,Sul,,2098,14.49,14.27,3.4,17.67,15.18,Flávio,Flávio,Flávio,-1116.4,-1202.5,-0.23,-0.6,-48.25
4306759,Doutor Ricardo,RS,Sul,Sul,,2080,19.04,21.19,3.4,24.59,22.32,Flávio,Flávio,Flávio,-806.25,-878.24,-0.23,-0.47,-47.84
4317558,Santo Antônio Do Palma,RS,Sul,Sul,,2077,15.21,31.94,3.4,35.34,32.63,Flávio,Flávio,Flávio,-485.15,-574.68,-0.23,-0.27,-47.77
4302154,Boa Vista Das Missões,RS,Sul,Sul,S3#65,2075,18.7,42.74,3.4,46.14,42.69,Flávio,Flávio,Flávio,-125.09,-236.96,-0.23,-0.07,-47.72
4320453,Sério,RS,Sul,Sul,,2072,17.23,32.6,3.4,36.0,33.37,Flávio,Flávio,Flávio,-445.59,-529.18,-0.23,-0.26,-47.66
4310413,Inhacorá,RS,Sul,Sul,,2071,21.54,41.93,3.4,45.33,41.89,Flávio,Flávio,Flávio,-144.92,-251.74,-0.23,-0.09,-47.63
4302220,Boa Vista Do Cadeado,RS,Sul,Sul,,2067,18.92,22.94,3.4,26.34,23.65,Flávio,Flávio,Flávio,-753.49,-839.2,-0.23,-0.44,-47.54
4306429,Dois Irmãos Das Missões,RS,Sul,Sul,S3#66,2066,19.51,44.56,3.4,47.96,44.44,Flávio,Flávio,Flávio,-64.82,-176.66,-0.23,-0.04,-47.52
4318614,São José Do Sul,RS,Sul,Sul,,2065,13.85,20.99,3.4,24.39,23.43,Flávio,Flávio,Flávio,-847.27,-879.12,-0.23,-0.48,-47.5
4310876,Jacuizinho,RS,Sul,Sul,S3#67,2056,16.59,44.24,3.4,47.64,44.06,Flávio,Flávio,Flávio,-77.17,-194.38,-0.23,-0.04,-47.29
4313334,Nova Ramada,RS,Sul,Sul,,2039,15.15,29.02,3.4,32.42,29.78,Flávio,Flávio,Flávio,-579.77,-666.76,-0.23,-0.33,-46.9
4312955,Nova Boa Vista,RS,Sul,Sul,,2028,11.39,22.19,3.4,25.59,23.91,Flávio,Flávio,Flávio,-826.27,-882.86,-0.23,-0.45,-46.64
4322558,Vanini,RS,Sul,Sul,,2018,16.4,24.02,3.4,27.42,24.9,Flávio,Flávio,Flávio,-715.78,-795.7,-0.23,-0.42,-46.41
4314753,Poço Das Antas,RS,Sul,Sul,,2014,14.25,23.38,3.4,26.78,24.97,Flávio,Flávio,Flávio,-748.62,-807.04,-0.23,-0.43,-46.32
4321626,Travesseiro,RS,Sul,Sul,,1983,12.0,35.43,3.4,38.83,35.92,Flávio,Flávio,Flávio,-365.36,-460.62,-0.23,-0.21,-45.61
4300471,Almirante Tamandaré Do Sul,RS,Sul,Sul,,1979,15.16,27.39,3.4,30.79,28.34,Flávio,Flávio,Flávio,-616.32,-695.02,-0.23,-0.36,-45.52
4314175,Pedras Altas,RS,Sul,Sul,,1976,24.9,57.84,3.4,61.24,56.99,Lula,Lula,Lula,318.6,198.12,-0.23,0.21,-45.45
4313441,Novo Tiradentes,RS,Sul,Sul,S3#70,1973,17.13,41.72,3.4,45.12,41.68,Flávio,Flávio,Flávio,-150.83,-257.36,-0.23,-0.09,-45.38
4304614,Canudos Do Vale,RS,Sul,Sul,S3#3,1944,13.32,39.58,3.4,42.98,39.72,Flávio,Flávio,Flávio,-222.11,-325.3,-0.23,-0.13,-44.71
4316733,Santa Cecília Do Sul,RS,Sul,Sul,,1940,16.19,19.7,3.4,23.1,20.86,Flávio,Flávio,Flávio,-837.22,-907.12,-0.23,-0.5,-44.62
4315172,Protásio Alves,RS,Sul,Sul,,1939,15.63,13.32,3.4,16.72,14.47,Flávio,Flávio,Flávio,-1032.98,-1102.62,-0.23,-0.62,-44.6
4306130,Cruzaltense,RS,Sul,Sul,,1928,14.37,21.77,3.4,25.17,22.83,Flávio,Flávio,Flávio,-780.09,-853.54,-0.23,-0.46,-44.34
4322343,Ubiretama,RS,Sul,Sul,,1894,12.88,25.2,3.4,28.6,26.23,Flávio,Flávio,Flávio,-669.84,-744.2,-0.23,-0.4,-43.56
4300554,Alto Alegre,RS,Sul,Sul,,1850,15.95,35.65,3.4,39.05,36.03,Flávio,Flávio,Flávio,-322.81,-411.76,-0.23,-0.2,-42.55
4314787,Ponte Preta,RS,Sul,Sul,,1828,11.16,22.02,3.4,25.42,23.04,Flávio,Flávio,Flávio,-759.22,-832.84,-0.23,-0.46,-42.04
4310579,Itapuca,RS,Sul,Sul,,1824,19.63,25.61,3.4,29.01,26.25,Flávio,Flávio,Flávio,-576.42,-652.22,-0.23,-0.39,-41.95
4308250,Floriano Peixoto,RS,Sul,Sul,,1811,18.28,34.77,3.4,38.17,35.11,Flávio,Flávio,Flávio,-330.14,-415.58,-0.23,-0.22,-41.65
4310751,Ivorá,RS,Sul,Sul,,1809,20.45,39.25,3.4,42.65,39.39,Flávio,Flávio,Flávio,-195.09,-281.62,-0.23,-0.14,-41.61
4320578,Sete De Setembro,RS,Sul,Sul,,1804,16.63,37.94,3.4,41.34,38.14,Flávio,Flávio,Flávio,-242.73,-332.38,-0.23,-0.16,-41.49
4315073,Porto Vera Cruz,RS,Sul,Sul,,1761,18.23,40.89,3.4,44.29,40.9,Flávio,Flávio,Flávio,-157.57,-251.16,-0.23,-0.11,-40.5
4301925,Barra Do Rio Azul,RS,Sul,Sul,,1751,10.39,35.95,3.4,39.35,36.37,Flávio,Flávio,Flávio,-314.16,-401.98,-0.23,-0.2,-40.27
4317251,Santa Tereza,RS,Sul,Sul,,1750,15.54,22.13,3.4,25.53,23.31,Flávio,Flávio,Flávio,-677.18,-738.54,-0.23,-0.46,-40.25
4315313,Quatro Irmãos,RS,Sul,Sul,,1733,18.93,29.2,3.4,32.6,29.84,Flávio,Flávio,Flávio,-471.68,-546.3,-0.23,-0.32,-39.86
4311270,Lagoa Dos Três Cantos,RS,Sul,Sul,,1717,13.86,18.62,3.4,22.02,20.14,Flávio,Flávio,Flávio,-799.55,-853.36,-0.23,-0.52,-39.49
4308854,Gentil,RS,Sul,Sul,,1673,15.0,23.42,3.4,26.82,24.23,Flávio,Flávio,Flávio,-630.66,-701.2,-0.23,-0.43,-38.48
4315131,Pouso Novo,RS,Sul,Sul,,1660,18.19,35.75,3.4,39.15,36.03,Flávio,Flávio,Flávio,-278.34,-358.32,-0.23,-0.2,-38.18
4323606,Vista Alegre Do Prata,RS,Sul,Sul,,1657,15.75,16.34,3.4,19.74,18.84,Flávio,Flávio,Flávio,-787.29,-810.66,-0.23,-0.56,-38.11
4319364,São Pedro Das Missões,RS,Sul,Sul,,1650,19.39,48.21,3.4,51.61,47.98,Flávio,Lula,Flávio,39.95,-50.14,-0.23,0.03,-37.95
4312179,Mato Queimado,RS,Sul,Sul,,1617,16.45,36.95,3.4,40.35,37.21,Flávio,Flávio,Flávio,-249.03,-329.98,-0.23,-0.18,-37.19
4313466,Novo Xingu,RS,Sul,Sul,,1591,15.71,42.08,3.4,45.48,42.02,Flávio,Flávio,Flávio,-113.74,-201.0,-0.23,-0.08,-36.59
4305934,Coronel Pilar,RS,Sul,Sul,,1569,14.53,18.07,3.4,21.47,19.35,Flávio,Flávio,Flávio,-732.53,-786.88,-0.23,-0.53,-36.09
4322350,União Da Serra,RS,Sul,Sul,,1523,16.22,19.95,3.4,23.35,21.27,Flávio,Flávio,Flávio,-650.02,-700.72,-0.23,-0.5,-35.03
4312351,Montauri,RS,Sul,Sul,,1514,15.26,16.67,3.4,20.07,18.4,Flávio,Flávio,Flávio,-723.07,-763.4,-0.23,-0.56,-34.82
4311643,Linha Nova,RS,Sul,Sul,,1511,16.48,28.74,3.4,32.14,29.7,Flávio,Flávio,Flávio,-424.63,-482.66,-0.23,-0.33,-34.75
4322186,Tupanci Do Sul,RS,Sul,Sul,,1474,20.56,27.28,3.4,30.68,27.95,Flávio,Flávio,Flávio,-418.15,-477.38,-0.23,-0.36,-33.9
4300661,André Da Rocha,RS,Sul,Sul,,1399,17.66,21.87,3.4,25.27,22.94,Flávio,Flávio,Flávio,-539.12,-589.92,-0.23,-0.46,-32.18
4304853,Carlos Gomes,RS,Sul,Sul,,1396,14.54,37.24,3.4,40.64,37.46,Flávio,Flávio,Flávio,-210.18,-281.62,-0.23,-0.17,-32.11
4309258,Guabiju,RS,Sul,Sul,,1395,16.56,15.8,3.4,19.2,17.23,Flávio,Flávio,Flávio,-677.85,-721.2,-0.23,-0.57,-32.08
4305835,Coqueiro Baixo,RS,Sul,Sul,,1351,18.95,17.05,3.4,20.45,18.78,Flávio,Flávio,Flávio,-616.9,-651.58,-0.23,-0.55,-31.07
4306924,Engenho Velho,RS,Sul,Sul,S3#71,1179,17.73,46.87,3.4,50.27,46.66,Flávio,Lula,Flávio,4.95,-61.02,-0.23,0.01,-27.12
4209102,Joinville,SC,Sul,Sul,,443225,17.85,22.84,3.4,26.24,24.22,Flávio,Flávio,Flávio,-164150.53,-178099.74,-0.23,-0.44,-10194.18
4205407,Florianópolis,SC,Sul,Sul,,423969,20.4,45.64,3.4,49.04,45.25,Flávio,Flávio,Flávio,-6144.99,-30331.9,-0.23,-0.02,-9751.29
4202404,Blumenau,SC,Sul,Sul,,269370,18.94,23.25,3.4,26.65,24.72,Flávio,Flávio,Flávio,-96187.56,-104165.42,-0.23,-0.43,-6195.51
4216602,São José,SC,Sul,Sul,,195574,19.34,34.41,3.4,37.81,34.95,Flávio,Flávio,Flávio,-36237.61,-44734.64,-0.23,-0.23,-4498.2
4208203,Itajaí,SC,Sul,Sul,,183857,19.21,25.2,3.4,28.6,26.24,Flávio,Flávio,Flávio,-60422.79,-67058.3,-0.23,-0.4,-4228.71
4204202,Chapecó,SC,Sul,Sul,,164327,18.17,32.67,3.4,36.07,33.22,Flávio,Flávio,Flávio,-35746.44,-43078.26,-0.23,-0.26,-3779.52
4211900,Palhoça,SC,Sul,Sul,,154633,19.59,30.79,3.4,34.19,31.6,Flávio,Flávio,Flávio,-36991.79,-43057.42,-0.23,-0.29,-3556.56
4204608,Criciúma,SC,Sul,Sul,,154435,20.63,25.8,3.4,29.2,26.94,Flávio,Flávio,Flávio,-48311.65,-53570.98,-0.23,-0.39,-3552.0
4208906,Jaraguá Do Sul,SC,Sul,Sul,,131454,15.17,20.64,3.4,24.04,22.0,Flávio,Flávio,Flávio,-55356.96,-59692.68,-0.23,-0.48,-3023.44
4209300,Lages,SC,Sul,Sul,,125222,20.99,29.28,3.4,32.68,29.99,Flávio,Flávio,Flávio,-32501.41,-37548.36,-0.23,-0.32,-2880.11
4202008,Balneário Camboriú,SC,Sul,Sul,,111138,22.68,22.89,3.4,26.29,24.04,Flávio,Flávio,Flávio,-39126.73,-42844.16,-0.23,-0.44,-2556.17
4202909,Brusque,SC,Sul,Sul,,101563,16.61,19.66,3.4,23.06,20.89,Flávio,Flávio,Flávio,-43581.96,-47085.46,-0.23,-0.5,-2335.95
4218707,Tubarão,SC,Sul,Sul,,82210,19.24,22.98,3.4,26.38,24.17,Flávio,Flávio,Flávio,-29815.22,-32615.42,-0.23,-0.44,-1890.83
4211306,Navegantes,SC,Sul,Sul,,66392,22.36,28.05,3.4,31.45,28.94,Flávio,Flávio,Flávio,-18131.78,-20592.38,-0.23,-0.34,-1527.02
4215802,São Bento Do Sul,SC,Sul,Sul,,63838,19.32,19.25,3.4,22.65,20.81,Flávio,Flávio,Flávio,-26705.76,-28505.78,-0.23,-0.51,-1468.27
4203204,Camboriú,SC,Sul,Sul,,62278,22.48,24.52,3.4,27.92,25.52,Flávio,Flávio,Flávio,-20273.97,-22484.74,-0.23,-0.41,-1432.39
4204301,Concórdia,SC,Sul,Sul,,60391,18.94,25.33,3.4,28.73,26.35,Flávio,Flávio,Flávio,-19854.18,-22072.0,-0.23,-0.4,-1388.99
4208302,Itapema,SC,Sul,Sul,,60041,22.0,20.46,3.4,23.86,21.52,Flávio,Flávio,Flávio,-23596.85,-25708.04,-0.23,-0.49,-1380.94
4202305,Biguaçu,SC,Sul,Sul,,57679,20.0,31.08,3.4,34.48,31.8,Flávio,Flávio,Flávio,-13454.77,-15779.52,-0.23,-0.29,-1326.62
4201406,Araranguá,SC,Sul,Sul,,55064,20.19,26.7,3.4,30.1,27.62,Flávio,Flávio,Flávio,-16692.78,-18768.22,-0.23,-0.37,-1266.47
4203006,Caçador,SC,Sul,Sul,,53297,22.94,34.22,3.4,37.62,34.67,Flávio,Flávio,Flávio,-9573.44,-11855.64,-0.23,-0.23,-1225.83
4205902,Gaspar,SC,Sul,Sul,,51557,18.8,22.51,3.4,25.91,23.71,Flávio,Flávio,Flávio,-19164.93,-20914.98,-0.23,-0.45,-1185.81
4214805,Rio Do Sul,SC,Sul,Sul,,51075,18.89,20.47,3.4,23.87,21.84,Flávio,Flávio,Flávio,-20672.97,-22277.9,-0.23,-0.49,-1174.73
4207502,Indaial,SC,Sul,Sul,,50898,19.44,19.5,3.4,22.9,21.02,Flávio,Flávio,Flávio,-21044.15,-22501.08,-0.23,-0.5,-1170.65
4207007,Içara,SC,Sul,Sul,,43842,19.25,22.83,3.4,26.23,23.93,Flávio,Flávio,Flávio,-16072.09,-17627.8,-0.23,-0.44,-1008.37
4203808,Canoinhas,SC,Sul,Sul,,42693,20.82,26.34,3.4,29.74,27.3,Flávio,Flávio,Flávio,-12952.53,-14514.66,-0.23,-0.38,-981.94
4216206,São Francisco Do Sul,SC,Sul,Sul,,42667,24.69,28.59,3.4,31.99,29.35,Flávio,Flávio,Flávio,-11007.3,-12617.26,-0.23,-0.34,-981.34
4210100,Mafra,SC,Sul,Sul,,42431,18.41,21.07,3.4,24.47,22.4,Flávio,Flávio,Flávio,-16649.74,-18005.66,-0.23,-0.47,-975.91
4207304,Imbituba,SC,Sul,Sul,,42184,23.84,37.69,3.4,41.09,37.92,Flávio,Flávio,Flávio,-5399.74,-7323.48,-0.23,-0.17,-970.23
4219309,Videira,SC,Sul,Sul,,39175,20.9,23.94,3.4,27.34,24.88,Flávio,Flávio,Flávio,-13381.43,-14835.2,-0.23,-0.42,-901.03
4218004,Tijucas,SC,Sul,Sul,,36911,21.93,23.52,3.4,26.92,24.56,Flávio,Flávio,Flávio,-12662.2,-13952.56,-0.23,-0.43,-848.95
4209409,Laguna,SC,Sul,Sul,,36422,20.97,37.39,3.4,40.79,37.63,Flávio,Flávio,Flávio,-5007.83,-6728.06,-0.23,-0.17,-837.71
4218202,Timbó,SC,Sul,Sul,,35846,17.39,16.92,3.4,20.32,18.63,Flávio,Flávio,Flávio,-16687.51,-17633.38,-0.23,-0.55,-824.46
4219507,Xanxerê,SC,Sul,Sul,,34911,16.71,33.14,3.4,36.54,33.61,Flávio,Flávio,Flávio,-7480.95,-9111.54,-0.23,-0.25,-802.95
4206504,Guaramirim,SC,Sul,Sul,,33628,18.9,21.26,3.4,24.66,22.43,Flávio,Flávio,Flávio,-13246.61,-14414.64,-0.23,-0.47,-773.44
4217204,São Miguel Do Oeste,SC,Sul,Sul,,32021,20.35,28.41,3.4,31.81,29.39,Flávio,Flávio,Flávio,-8865.27,-10044.5,-0.23,-0.34,-736.48
4215000,Rio Negrinho,SC,Sul,Sul,,31740,21.38,21.29,3.4,24.69,22.47,Flávio,Flávio,Flávio,-12011.72,-13068.4,-0.23,-0.47,-730.02
4204806,Curitibanos,SC,Sul,Sul,,31343,23.43,31.35,3.4,34.75,31.9,Flávio,Flávio,Flávio,-6866.46,-8148.88,-0.23,-0.28,-720.89
4202107,Barra Velha,SC,Sul,Sul,,29651,22.47,23.41,3.4,26.81,24.29,Flávio,Flávio,Flávio,-10196.56,-11307.0,-0.23,-0.43,-681.97
4201307,Araquari,SC,Sul,Sul,,28342,21.51,27.23,3.4,30.63,27.99,Flávio,Flávio,Flávio,-8232.62,-9355.58,-0.23,-0.36,-651.87
4213203,Pomerode,SC,Sul,Sul,,27227,19.41,17.67,3.4,21.07,19.35,Flávio,Flávio,Flávio,-12026.0,-12739.8,-0.23,-0.54,-626.22
4203600,Campos Novos,SC,Sul,Sul,,26900,22.05,27.92,3.4,31.32,28.53,Flávio,Flávio,Flávio,-7472.16,-8585.7,-0.23,-0.35,-618.7
4212502,Penha,SC,Sul,Sul,,26267,21.91,23.52,3.4,26.92,24.67,Flávio,Flávio,Flávio,-9009.49,-9887.3,-0.23,-0.43,-604.14
4205506,Fraiburgo,SC,Sul,Sul,,26265,19.93,28.42,3.4,31.82,29.12,Flávio,Flávio,Flávio,-7252.51,-8327.78,-0.23,-0.34,-604.1
4213609,Porto União,SC,Sul,Sul,,25684,23.01,27.87,3.4,31.27,28.77,Flávio,Flávio,Flávio,-7001.83,-7934.58,-0.23,-0.35,-590.73
4202800,Braço Do Norte,SC,Sul,Sul,,25562,16.37,16.8,3.4,20.2,18.29,Flávio,Flávio,Flávio,-12205.82,-12988.1,-0.23,-0.55,-587.93
4205704,Garopaba,SC,Sul,Sul,,24086,19.97,35.73,3.4,39.13,36.07,Flávio,Flávio,Flávio,-3980.67,-5102.14,-0.23,-0.2,-553.98
4212809,Balneário Piçarras,SC,Sul,Sul,,23277,23.95,24.52,3.4,27.92,25.42,Flávio,Flávio,Flávio,-7484.12,-8329.74,-0.23,-0.41,-535.37
4216305,São João Batista,SC,Sul,Sul,,23144,18.91,18.63,3.4,22.03,19.81,Flávio,Flávio,Flávio,-10040.23,-10836.82,-0.23,-0.52,-532.31
4219705,Xaxim,SC,Sul,Sul,,22987,17.23,28.53,3.4,31.93,29.15,Flávio,Flávio,Flávio,-6581.95,-7594.26,-0.23,-0.34,-528.7
4205456,Forquilhinha,SC,Sul,Sul,,22444,17.04,24.79,3.4,28.19,25.67,Flávio,Flávio,Flávio,-7791.3,-8691.6,-0.23,-0.41,-516.21
4209003,Joaçaba,SC,Sul,Sul,,22370,19.43,23.87,3.4,27.27,24.93,Flávio,Flávio,Flávio,-7839.94,-8647.24,-0.23,-0.42,-514.51
4217709,Sombrio,SC,Sul,Sul,,22226,16.9,24.66,3.4,28.06,25.66,Flávio,Flávio,Flávio,-7739.29,-8585.48,-0.23,-0.41,-511.2
4208450,Itapoá,SC,Sul,Sul,,21623,24.41,27.92,3.4,31.32,28.69,Flávio,Flávio,Flávio,-5793.48,-6606.92,-0.23,-0.35,-497.33
4210506,Maravilha,SC,Sul,Sul,,20395,16.06,24.04,3.4,27.44,25.16,Flávio,Flávio,Flávio,-7400.77,-8149.04,-0.23,-0.42,-469.08
4215703,Santo Amaro Da Imperatriz,SC,Sul,Sul,,20294,14.81,26.8,3.4,30.2,27.83,Flávio,Flávio,Flávio,-6494.01,-7268.62,-0.23,-0.37,-466.76
4213500,Porto Belo,SC,Sul,Sul,,20041,22.83,21.69,3.4,25.09,22.78,Flávio,Flávio,Flávio,-7370.69,-8054.52,-0.23,-0.46,-460.94
4208500,Ituporanga,SC,Sul,Sul,,19872,15.71,16.12,3.4,19.52,17.36,Flávio,Flávio,Flávio,-9839.19,-10537.06,-0.23,-0.57,-457.06
4216503,São Joaquim,SC,Sul,Sul,,19522,23.75,29.49,3.4,32.89,30.28,Flávio,Flávio,Flávio,-4795.13,-5525.9,-0.23,-0.32,-449.01
4211702,Orleans,SC,Sul,Sul,,19333,18.4,16.4,3.4,19.8,17.62,Flávio,Flávio,Flávio,-9127.31,-9788.56,-0.23,-0.56,-444.66
4202453,Bombinhas,SC,Sul,Sul,,19110,21.19,25.93,3.4,29.33,26.85,Flávio,Flávio,Flávio,-5905.74,-6613.66,-0.23,-0.38,-439.53
4216909,São Lourenço Do Oeste,SC,Sul,Sul,,19026,19.48,30.75,3.4,34.15,31.34,Flávio,Flávio,Flávio,-4639.05,-5461.78,-0.23,-0.29,-437.6
4203956,Capivari De Baixo,SC,Sul,Sul,,18207,17.75,30.7,3.4,34.1,31.34,Flávio,Flávio,Flávio,-4517.16,-5301.2,-0.23,-0.3,-418.76
4219002,Urussanga,SC,Sul,Sul,,17330,24.99,20.18,3.4,23.58,21.61,Flávio,Flávio,Flávio,-6530.29,-7015.02,-0.23,-0.49,-398.59
4203907,Capinzal,SC,Sul,Sul,,17174,18.65,31.13,3.4,34.53,31.7,Flávio,Flávio,Flávio,-4116.23,-4868.18,-0.23,-0.29,-395.0
4206306,Guabiruba,SC,Sul,Sul,,17162,13.17,18.12,3.4,21.52,19.43,Flávio,Flávio,Flávio,-8058.89,-8650.18,-0.23,-0.53,-394.73
4206009,Governador Celso Ramos,SC,Sul,Sul,,16835,17.04,20.3,3.4,23.7,21.43,Flávio,Flávio,Flávio,-7028.26,-7634.76,-0.23,-0.49,-387.21
4206702,Herval D'Oeste,SC,Sul,Sul,,16804,19.79,29.07,3.4,32.47,29.75,Flávio,Flávio,Flávio,-4519.01,-5219.3,-0.23,-0.33,-386.49
4208104,Itaiópolis,SC,Sul,Sul,,16680,18.14,18.07,3.4,21.47,19.07,Flávio,Flávio,Flávio,-7428.97,-8053.06,-0.23,-0.53,-383.64
4208807,Jaguaruna,SC,Sul,Sul,,16425,18.33,24.29,3.4,27.69,25.16,Flávio,Flávio,Flávio,-5715.95,-6363.7,-0.23,-0.42,-377.78
4212908,Pinhalzinho,SC,Sul,Sul,,15631,15.9,32.38,3.4,35.78,33.01,Flávio,Flávio,Flávio,-3550.33,-4242.1,-0.23,-0.26,-359.51
4206900,Ibirama,SC,Sul,Sul,,15466,21.69,19.76,3.4,23.16,21.27,Flávio,Flávio,Flávio,-6164.96,-6598.58,-0.23,-0.5,-355.72
4218301,Três Barras,SC,Sul,Sul,,15074,22.36,32.57,3.4,35.97,33.12,Flávio,Flávio,Flávio,-3073.34,-3696.22,-0.23,-0.26,-346.7
4204251,Cocal Do Sul,SC,Sul,Sul,,14810,20.7,21.37,3.4,24.77,22.82,Flávio,Flávio,Flávio,-5621.78,-6056.42,-0.23,-0.47,-340.63
4217808,Taió,SC,Sul,Sul,,14737,19.62,14.59,3.4,17.99,15.79,Flávio,Flávio,Flávio,-7301.59,-7803.82,-0.23,-0.6,-338.95
4212205,Papanduva,SC,Sul,Sul,,14658,17.21,31.89,3.4,35.29,32.34,Flávio,Flávio,Flávio,-3354.3,-4027.96,-0.23,-0.27,-337.13
4214003,Presidente Getúlio,SC,Sul,Sul,,14268,17.34,17.39,3.4,20.79,18.59,Flávio,Flávio,Flávio,-6602.82,-7100.76,-0.23,-0.54,-328.16
4211207,Morro Da Fumaça,SC,Sul,Sul,,14207,17.84,16.85,3.4,20.25,18.06,Flávio,Flávio,Flávio,-6682.42,-7176.24,-0.23,-0.55,-326.76
4217402,Schroeder,SC,Sul,Sul,,14004,13.61,20.25,3.4,23.65,21.46,Flávio,Flávio,Flávio,-6114.53,-6622.38,-0.23,-0.49,-322.09
4217501,Seara,SC,Sul,Sul,,13942,17.46,36.62,3.4,40.02,36.95,Flávio,Flávio,Flávio,-2165.34,-2832.48,-0.23,-0.19,-320.67
4220000,Balneário Rincão,SC,Sul,Sul,,13698,22.92,31.45,3.4,34.85,31.91,Flávio,Flávio,Flávio,-3053.84,-3647.24,-0.23,-0.28,-315.05
4210605,Massaranduba,SC,Sul,Sul,,13335,15.48,14.1,3.4,17.5,15.65,Flávio,Flávio,Flávio,-7013.5,-7413.3,-0.23,-0.6,-306.71
4201950,Balneário Arroio Do Silva,SC,Sul,Sul,,13141,22.25,34.3,3.4,37.7,34.67,Flávio,Flávio,Flávio,-2388.91,-2977.04,-0.23,-0.23,-302.24
4202073,Balneário Gaivota,SC,Sul,Sul,,12988,23.62,31.31,3.4,34.71,31.89,Flávio,Flávio,Flávio,-2895.68,-3429.64,-0.23,-0.28,-298.72
4211751,Otacílio Costa,SC,Sul,Sul,,12683,15.64,28.29,3.4,31.69,28.98,Flávio,Flávio,Flávio,-3737.25,-4289.1,-0.23,-0.34,-291.71
4200101,Abelardo Luz,SC,Sul,Sul,,12625,24.08,36.34,3.4,39.74,36.54,Flávio,Flávio,Flávio,-1895.09,-2484.8,-0.23,-0.19,-290.38
4207106,Ilhota,SC,Sul,Sul,,12431,19.32,19.57,3.4,22.97,20.69,Flávio,Flávio,Flávio,-5166.95,-5603.32,-0.23,-0.5,-285.91
4211603,Nova Veneza,SC,Sul,Sul,,12429,15.65,18.78,3.4,22.18,19.84,Flávio,Flávio,Flávio,-5620.53,-6093.38,-0.23,-0.52,-285.87
4209607,Lauro Müller,SC,Sul,Sul,,12330,18.3,29.51,3.4,32.91,30.28,Flávio,Flávio,Flávio,-3233.98,-3732.26,-0.23,-0.32,-283.59
4212106,Palmitos,SC,Sul,Sul,,12297,17.66,22.87,3.4,26.27,23.84,Flávio,Flávio,Flávio,-4606.08,-5077.24,-0.23,-0.44,-282.83
4213708,Pouso Redondo,SC,Sul,Sul,,12260,18.11,18.07,3.4,21.47,19.08,Flávio,Flávio,Flávio,-5518.31,-5981.16,-0.23,-0.53,-281.98
4215505,Santa Cecília,SC,Sul,Sul,,12255,24.58,33.15,3.4,36.55,33.46,Flávio,Flávio,Flávio,-2346.1,-2885.46,-0.23,-0.25,-281.86
4205803,Garuva,SC,Sul,Sul,,12187,18.52,23.14,3.4,26.54,24.03,Flávio,Flávio,Flávio,-4449.68,-4925.7,-0.23,-0.44,-280.3
4208401,Itapiranga,SC,Sul,Sul,,12187,18.4,22.15,3.4,25.55,23.62,Flávio,Flávio,Flávio,-4644.21,-5012.16,-0.23,-0.45,-280.3
4204558,Correia Pinto,SC,Sul,Sul,,12108,17.1,37.94,3.4,41.34,38.09,Flávio,Flávio,Flávio,-1650.75,-2271.2,-0.23,-0.16,-278.48
4205001,Dionísio Cerqueira,SC,Sul,Sul,,12090,24.85,38.58,3.4,41.98,38.68,Flávio,Flávio,Flávio,-1399.76,-1974.78,-0.23,-0.15,-278.07
4204509,Corupá,SC,Sul,Sul,,11990,13.59,18.39,3.4,21.79,19.68,Flávio,Flávio,Flávio,-5557.58,-5973.66,-0.23,-0.52,-275.77
4217600,Siderópolis,SC,Sul,Sul,,11784,21.43,27.98,3.4,31.38,28.94,Flávio,Flávio,Flávio,-3268.9,-3697.06,-0.23,-0.35,-271.03
4202057,Balneário Barra Do Sul,SC,Sul,Sul,,11418,23.0,26.77,3.4,30.17,27.48,Flávio,Flávio,Flávio,-3352.43,-3808.04,-0.23,-0.37,-262.61
4211504,Nova Trento,SC,Sul,Sul,,11343,15.82,18.53,3.4,21.93,19.76,Flávio,Flávio,Flávio,-5088.87,-5482.76,-0.23,-0.52,-260.89
4216701,São José Do Cedro,SC,Sul,Sul,,10947,14.96,22.77,3.4,26.17,23.78,Flávio,Flávio,Flávio,-4228.38,-4652.2,-0.23,-0.44,-251.78
4218806,Turvo,SC,Sul,Sul,,10409,14.08,15.55,3.4,18.95,16.68,Flávio,Flávio,Flávio,-5367.75,-5759.16,-0.23,-0.58,-239.41
4210001,Luiz Alves,SC,Sul,Sul,,10211,12.57,15.53,3.4,18.93,16.8,Flávio,Flávio,Flávio,-5350.4,-5716.28,-0.23,-0.58,-234.85
4207205,Imaruí,SC,Sul,Sul,,10187,21.17,41.63,3.4,45.03,41.6,Flávio,Flávio,Flávio,-752.86,-1273.02,-0.23,-0.09,-234.3
4203303,Campo Alegre,SC,Sul,Sul,,10133,18.11,15.57,3.4,18.97,16.81,Flávio,Flávio,Flávio,-4943.27,-5287.58,-0.23,-0.58,-233.06
4203709,Canelinha,SC,Sul,Sul,,10123,18.17,21.22,3.4,24.62,22.08,Flávio,Flávio,Flávio,-3994.6,-4394.32,-0.23,-0.47,-232.83
4217006,São Ludgero,SC,Sul,Sul,,9949,14.22,17.71,3.4,21.11,19.07,Flávio,Flávio,Flávio,-4738.07,-5072.82,-0.23,-0.54,-228.83
4215109,Rodeio,SC,Sul,Sul,,9464,13.81,18.02,3.4,21.42,19.51,Flávio,Flávio,Flávio,-4403.84,-4699.18,-0.23,-0.53,-217.67
4206207,Gravatal,SC,Sul,Sul,,9437,15.02,20.42,3.4,23.82,21.64,Flávio,Flávio,Flávio,-4040.13,-4376.9,-0.23,-0.49,-217.05
4201208,Antônio Carlos,SC,Sul,Sul,,9356,13.25,16.49,3.4,19.89,18.14,Flávio,Flávio,Flávio,-4672.48,-4944.52,-0.23,-0.56,-215.19
4209904,Lontras,SC,Sul,Sul,,9347,17.44,18.69,3.4,22.09,19.82,Flávio,Flávio,Flávio,-4111.16,-4445.78,-0.23,-0.52,-214.98
4208708,Jacinto Machado,SC,Sul,Sul,,9165,16.49,18.84,3.4,22.24,20.01,Flávio,Flávio,Flávio,-4059.93,-4384.72,-0.23,-0.52,-210.8
4212254,Passo De Torres,SC,Sul,Sul,,9128,20.62,30.62,3.4,34.02,31.26,Flávio,Flávio,Flávio,-2202.63,-2583.02,-0.23,-0.3,-209.94
4214706,Rio Dos Cedros,SC,Sul,Sul,,8999,14.29,17.68,3.4,21.08,19.0,Flávio,Flávio,Flávio,-4245.99,-4552.2,-0.23,-0.54,-206.98
4206405,Guaraciaba,SC,Sul,Sul,,8880,13.12,31.7,3.4,35.1,32.32,Flávio,Flávio,Flávio,-2196.27,-2605.48,-0.23,-0.28,-204.24
4215455,Sangão,SC,Sul,Sul,,8877,17.06,18.02,3.4,21.42,18.85,Flávio,Flávio,Flávio,-4072.71,-4438.34,-0.23,-0.53,-204.17
4204707,Cunha Porã,SC,Sul,Sul,,8864,13.23,13.47,3.4,16.87,14.72,Flávio,Flávio,Flávio,-4871.06,-5186.92,-0.23,-0.62,-203.87
4209706,Lebon Régis,SC,Sul,Sul,,8737,20.88,47.18,3.4,50.58,46.85,Flávio,Lula,Flávio,75.95,-409.84,-0.23,0.01,-200.95
4205308,Faxinal Dos Guedes,SC,Sul,Sul,S3#84,8705,15.73,43.99,3.4,47.39,43.83,Flávio,Flávio,Flávio,-363.16,-857.8,-0.23,-0.05,-200.22
4212650,Pescaria Brava,SC,Sul,Sul,,8428,12.4,33.42,3.4,36.82,33.92,Flávio,Flávio,Flávio,-1847.09,-2254.04,-0.23,-0.25,-193.84
4201257,Apiúna,SC,Sul,Sul,,8375,16.6,21.19,3.4,24.59,22.33,Flávio,Flávio,Flávio,-3382.7,-3683.6,-0.23,-0.47,-192.62
4202206,Benedito Novo,SC,Sul,Sul,,8293,15.76,14.11,3.4,17.51,15.63,Flávio,Flávio,Flávio,-4325.78,-4575.62,-0.23,-0.6,-190.74
4207908,Irineópolis,SC,Sul,Sul,,8228,16.82,25.05,3.4,28.45,25.95,Flávio,Flávio,Flávio,-2807.32,-3132.94,-0.23,-0.4,-189.24
4216008,São Carlos,SC,Sul,Sul,,8222,15.22,31.04,3.4,34.44,31.67,Flávio,Flávio,Flávio,-2069.35,-2437.46,-0.23,-0.29,-189.11
4200200,Agrolândia,SC,Sul,Sul,,8211,15.15,16.92,3.4,20.32,17.84,Flávio,Flávio,Flávio,-3979.87,-4312.06,-0.23,-0.55,-188.85
4213401,Ponte Serrada,SC,Sul,Sul,,8142,21.52,40.73,3.4,44.13,40.74,Flávio,Flávio,Flávio,-718.12,-1132.54,-0.23,-0.11,-187.27
4200705,Alfredo Wagner,SC,Sul,Sul,,8139,13.91,18.65,3.4,22.05,19.66,Flávio,Flávio,Flávio,-3772.27,-4094.74,-0.23,-0.52,-187.2
4218905,Urubici,SC,Sul,Sul,,8139,16.88,21.58,3.4,24.98,22.67,Flávio,Flávio,Flávio,-3258.75,-3560.24,-0.23,-0.47,-187.2
4204004,Catanduvas,SC,Sul,Sul,,8118,14.73,29.7,3.4,33.1,30.31,Flávio,Flávio,Flávio,-2239.88,-2609.84,-0.23,-0.31,-186.71
4204400,Coronel Freitas,SC,Sul,Sul,,8081,16.09,33.14,3.4,36.54,33.45,Flávio,Flávio,Flávio,-1751.31,-2153.06,-0.23,-0.25,-185.86
4214201,Quilombo,SC,Sul,Sul,,8066,16.77,38.34,3.4,41.74,38.46,Flávio,Flávio,Flávio,-1058.44,-1477.76,-0.23,-0.15,-185.52
4215653,Santa Rosa Do Sul,SC,Sul,Sul,,7760,18.49,24.49,3.4,27.89,25.4,Flávio,Flávio,Flávio,-2681.82,-2983.92,-0.23,-0.41,-178.48
4207809,Irani,SC,Sul,Sul,,7724,16.7,31.75,3.4,35.15,32.37,Flávio,Flávio,Flávio,-1810.37,-2149.22,-0.23,-0.28,-177.65
4216800,São José Do Cerrito,SC,Sul,Sul,S3#23,7722,14.71,44.54,3.4,47.94,44.37,Flávio,Flávio,Flávio,-258.58,-707.18,-0.23,-0.04,-177.61
4207650,Iporã Do Oeste,SC,Sul,Sul,,7715,15.26,23.4,3.4,26.8,24.81,Flávio,Flávio,Flávio,-2870.73,-3116.18,-0.23,-0.43,-177.45
4217303,Saudades,SC,Sul,Sul,,7589,12.06,29.83,3.4,33.23,30.7,Flávio,Flávio,Flávio,-2135.49,-2457.18,-0.23,-0.31,-174.55
4203501,Campo Erê,SC,Sul,Sul,S3#24,7540,20.23,46.76,3.4,50.16,46.52,Flávio,Lula,Flávio,18.25,-400.54,-0.23,0.0,-173.42
4211009,Mondaí,SC,Sul,Sul,,7441,13.92,33.92,3.4,37.32,34.47,Flávio,Flávio,Flávio,-1547.18,-1895.28,-0.23,-0.24,-171.14
4212304,Paulo Lopes,SC,Sul,Sul,,7411,15.65,28.56,3.4,31.96,29.16,Flávio,Flávio,Flávio,-2146.49,-2480.1,-0.23,-0.34,-170.45
4216404,São João Do Sul,SC,Sul,Sul,,7398,15.61,21.44,3.4,24.84,22.7,Flávio,Flávio,Flávio,-2997.3,-3252.6,-0.23,-0.47,-170.15
4216107,São Domingos,SC,Sul,Sul,,7343,16.98,34.02,3.4,37.42,34.28,Flávio,Flávio,Flávio,-1464.17,-1829.64,-0.23,-0.23,-168.89
4204905,Descanso,SC,Sul,Sul,,7241,15.44,29.91,3.4,33.31,30.71,Flávio,Flávio,Flávio,-1953.89,-2258.46,-0.23,-0.31,-166.54
4201505,Armazém,SC,Sul,Sul,,7195,14.65,22.01,3.4,25.41,22.98,Flávio,Flávio,Flávio,-2908.47,-3196.76,-0.23,-0.46,-165.48
4211058,Monte Carlo,SC,Sul,Sul,,6989,20.99,41.79,3.4,45.19,41.75,Flávio,Flávio,Flávio,-496.94,-851.8,-0.23,-0.09,-160.75
4211108,Monte Castelo,SC,Sul,Sul,,6982,17.43,32.37,3.4,35.77,32.82,Flávio,Flávio,Flávio,-1552.98,-1875.98,-0.23,-0.26,-160.59
4201000,Anita Garibaldi,SC,Sul,Sul,,6943,19.23,42.16,3.4,45.56,42.1,Flávio,Flávio,Flávio,-467.94,-833.2,-0.23,-0.08,-159.69
4213807,Praia Grande,SC,Sul,Sul,,6688,16.97,31.11,3.4,34.51,31.78,Flávio,Flávio,Flávio,-1634.49,-1922.26,-0.23,-0.29,-153.82
4217907,Tangará,SC,Sul,Sul,,6620,17.69,22.36,3.4,25.76,23.36,Flávio,Flávio,Flávio,-2519.49,-2768.26,-0.23,-0.45,-152.26
4202602,Bom Retiro,SC,Sul,Sul,,6588,19.0,27.49,3.4,30.89,28.22,Flávio,Flávio,Flávio,-1947.3,-2218.7,-0.23,-0.36,-151.52
4201703,Ascurra,SC,Sul,Sul,,6551,17.49,15.2,3.4,18.6,16.56,Flávio,Flávio,Flávio,-3229.33,-3438.72,-0.23,-0.58,-150.67
4215679,Santa Terezinha,SC,Sul,Sul,,6527,16.44,20.91,3.4,24.31,21.84,Flávio,Flávio,Flávio,-2672.97,-2929.4,-0.23,-0.48,-150.12
4218400,Treze De Maio,SC,Sul,Sul,,6518,13.03,14.36,3.4,17.76,15.58,Flávio,Flávio,Flávio,-3515.71,-3752.94,-0.23,-0.6,-149.91
4200606,Águas Mornas,SC,Sul,Sul,,6493,12.92,22.49,3.4,25.89,23.78,Flávio,Flávio,Flávio,-2552.91,-2776.22,-0.23,-0.45,-149.34
4210407,Maracajá,SC,Sul,Sul,,6447,14.5,26.55,3.4,29.95,27.53,Flávio,Flávio,Flávio,-2098.45,-2352.28,-0.23,-0.37,-148.28
4218509,Treze Tílias,SC,Sul,Sul,,6439,15.14,17.74,3.4,21.14,19.08,Flávio,Flávio,Flávio,-3028.05,-3244.18,-0.23,-0.54,-148.1
4215307,Salete,SC,Sul,Sul,,6344,15.72,19.7,3.4,23.1,20.97,Flávio,Flávio,Flávio,-2743.18,-2959.74,-0.23,-0.5,-145.91
4206652,Guatambú,SC,Sul,Sul,,6236,15.12,46.52,3.4,49.92,46.23,Flávio,Flávio,Flávio,-7.76,-381.16,-0.23,-0.0,-143.43
4210308,Major Vieira,SC,Sul,Sul,,6050,17.8,27.19,3.4,30.59,28.09,Flávio,Flávio,Flávio,-1809.74,-2042.6,-0.23,-0.36,-139.15
4214607,Rio Do Oeste,SC,Sul,Sul,,6043,14.69,20.84,3.4,24.24,22.29,Flávio,Flávio,Flávio,-2534.51,-2725.7,-0.23,-0.48,-138.99
4207700,Ipumirim,SC,Sul,Sul,,6026,19.78,38.04,3.4,41.44,38.26,Flávio,Flávio,Flávio,-775.83,-1064.22,-0.23,-0.16,-138.6
4209508,Laurentino,SC,Sul,Sul,,6020,11.51,18.61,3.4,22.01,19.8,Flávio,Flávio,Flávio,-2847.54,-3071.72,-0.23,-0.52,-138.46
4203402,Campo Belo Do Sul,SC,Sul,Sul,,5981,19.56,39.32,3.4,42.72,39.39,Flávio,Flávio,Flávio,-662.99,-966.78,-0.23,-0.14,-137.56
4218251,Timbó Grande,SC,Sul,Sul,,5898,24.62,40.36,3.4,43.76,40.4,Flávio,Flávio,Flávio,-526.5,-810.82,-0.23,-0.12,-135.65
4208005,Itá,SC,Sul,Sul,,5888,15.85,37.33,3.4,40.73,37.66,Flávio,Flávio,Flávio,-867.4,-1154.16,-0.23,-0.17,-135.42
4210803,Meleiro,SC,Sul,Sul,,5868,12.3,16.74,3.4,20.14,17.87,Flávio,Flávio,Flávio,-2962.22,-3187.44,-0.23,-0.56,-134.96
4207684,Ipuaçu,SC,Sul,Sul,,5697,20.31,57.88,3.4,61.28,57.29,Lula,Lula,Lula,986.56,637.42,-0.23,0.21,-131.03
4211801,Ouro,SC,Sul,Sul,,5678,16.26,22.99,3.4,26.39,24.01,Flávio,Flávio,Flávio,-2135.65,-2350.92,-0.23,-0.44,-130.59
4206108,Grão-Pará,SC,Sul,Sul,,5610,12.03,16.84,3.4,20.24,18.18,Flávio,Flávio,Flávio,-2795.88,-2988.9,-0.23,-0.55,-129.03
4201901,Aurora,SC,Sul,Sul,,5541,11.91,13.76,3.4,17.16,15.09,Flávio,Flávio,Flávio,-3104.31,-3300.3,-0.23,-0.61,-127.44
4212700,Petrolândia,SC,Sul,Sul,,5523,11.99,17.49,3.4,20.89,18.48,Flávio,Flávio,Flávio,-2731.3,-2957.42,-0.23,-0.54,-127.03
4218608,Trombudo Central,SC,Sul,Sul,,5524,16.26,18.56,3.4,21.96,19.57,Flávio,Flávio,Flávio,-2500.39,-2713.12,-0.23,-0.52,-127.05
4200408,Água Doce,SC,Sul,Sul,,5464,19.14,23.2,3.4,26.6,24.04,Flávio,Flávio,Flávio,-1989.92,-2207.84,-0.23,-0.44,-125.67
4214508,Rio Do Campo,SC,Sul,Sul,,5436,13.93,18.87,3.4,22.27,20.07,Flávio,Flávio,Flávio,-2500.88,-2699.68,-0.23,-0.52,-125.03
4212007,Palma Sola,SC,Sul,Sul,S3#35,5410,16.97,42.27,3.4,45.67,42.2,Flávio,Flávio,Flávio,-370.7,-668.22,-0.23,-0.08,-124.43
4214409,Rio Das Antas,SC,Sul,Sul,,5383,16.05,25.67,3.4,29.07,26.39,Flávio,Flávio,Flávio,-1811.05,-2043.26,-0.23,-0.39,-123.81
4202131,Bela Vista Do Toldo,SC,Sul,Sul,,5321,17.4,25.55,3.4,28.95,26.36,Flávio,Flávio,Flávio,-1759.6,-1976.2,-0.23,-0.39,-122.38
4219200,Vidal Ramos,SC,Sul,Sul,,5308,13.43,19.76,3.4,23.16,20.74,Flávio,Flávio,Flávio,-2354.86,-2567.26,-0.23,-0.5,-122.08
4203105,Caibi,SC,Sul,Sul,,5294,16.87,23.01,3.4,26.41,23.73,Flávio,Flávio,Flávio,-2007.81,-2235.66,-0.23,-0.44,-121.76
4213104,Piratuba,SC,Sul,Sul,,5246,15.25,26.45,3.4,29.85,27.37,Flávio,Flávio,Flávio,-1704.08,-1913.88,-0.23,-0.37,-120.66
4207403,Imbuia,SC,Sul,Sul,,5201,12.48,17.14,3.4,20.54,18.34,Flávio,Flávio,Flávio,-2561.05,-2751.48,-0.23,-0.55,-119.62
4216255,São João Do Oeste,SC,Sul,Sul,,5102,11.92,18.26,3.4,21.66,20.23,Flávio,Flávio,Flávio,-2423.03,-2545.36,-0.23,-0.53,-117.35
4200903,Angelina,SC,Sul,Sul,,5017,12.5,32.02,3.4,35.42,32.69,Flávio,Flávio,Flávio,-1207.27,-1433.3,-0.23,-0.27,-115.39
4200804,Anchieta,SC,Sul,Sul,,4991,16.35,37.58,3.4,40.98,37.79,Flávio,Flávio,Flávio,-716.48,-970.12,-0.23,-0.17,-114.79
4202701,Botuverá,SC,Sul,Sul,,4908,13.71,18.15,3.4,21.55,19.21,Flávio,Flávio,Flávio,-2272.7,-2459.32,-0.23,-0.53,-112.88
4210035,Luzerna,SC,Sul,Sul,,4829,11.64,17.58,3.4,20.98,19.07,Flávio,Flávio,Flávio,-2378.69,-2535.62,-0.23,-0.54,-111.07
4217253,São Pedro De Alcântara,SC,Sul,Sul,,4795,13.7,24.48,3.4,27.88,25.55,Flávio,Flávio,Flávio,-1742.99,-1927.36,-0.23,-0.41,-110.29
4200507,Águas De Chapecó,SC,Sul,Sul,S3#38,4732,18.17,43.71,3.4,47.11,43.58,Flávio,Flávio,Flávio,-214.11,-475.08,-0.23,-0.05,-108.84
4200309,Agronômica,SC,Sul,Sul,,4554,11.75,14.05,3.4,17.45,15.19,Flávio,Flávio,Flávio,-2525.01,-2700.4,-0.23,-0.61,-104.74
4218103,Timbé Do Sul,SC,Sul,Sul,,4542,13.94,23.71,3.4,27.11,24.56,Flávio,Flávio,Flávio,-1714.2,-1905.04,-0.23,-0.43,-104.47
4209151,José Boiteux,SC,Sul,Sul,,4540,18.33,34.74,3.4,38.14,35.04,Flávio,Flávio,Flávio,-847.78,-1069.52,-0.23,-0.22,-104.42
4219358,Vitor Meireles,SC,Sul,Sul,,4377,15.56,24.65,3.4,28.05,25.61,Flávio,Flávio,Flávio,-1550.13,-1722.24,-0.23,-0.41,-100.67
4204103,Caxambu Do Sul,SC,Sul,Sul,S3#42,4374,14.75,43.74,3.4,47.14,43.62,Flávio,Flávio,Flávio,-204.98,-456.18,-0.23,-0.05,-100.6
4214904,Rio Fortuna,SC,Sul,Sul,,4372,8.87,12.19,3.4,15.59,14.03,Flávio,Flávio,Flávio,-2629.25,-2748.68,-0.23,-0.64,-100.56
4216354,São João Do Itaperiú,SC,Sul,Sul,,4277,15.83,17.05,3.4,20.45,17.9,Flávio,Flávio,Flávio,-2062.4,-2240.26,-0.23,-0.55,-98.37
4212403,Pedras Grandes,SC,Sul,Sul,,4152,17.05,19.36,3.4,22.76,20.6,Flávio,Flávio,Flávio,-1780.05,-1920.74,-0.23,-0.51,-95.5
4204350,Cordilheira Alta,SC,Sul,Sul,,4131,13.12,28.96,3.4,32.36,29.56,Flávio,Flávio,Flávio,-1217.21,-1410.66,-0.23,-0.33,-95.01
4215208,Romelândia,SC,Sul,Sul,,4125,16.78,36.1,3.4,39.5,36.39,Flávio,Flávio,Flávio,-683.79,-886.3,-0.23,-0.2,-94.88
4218756,Tunápolis,SC,Sul,Sul,,4043,11.06,19.36,3.4,22.76,21.14,Flávio,Flávio,Flávio,-1860.36,-1971.26,-0.23,-0.51,-92.99
4211405,Nova Erechim,SC,Sul,Sul,,4037,15.36,32.88,3.4,36.28,33.38,Flávio,Flávio,Flávio,-895.8,-1084.54,-0.23,-0.26,-92.85
4213302,Ponte Alta,SC,Sul,Sul,,4025,17.39,36.31,3.4,39.71,36.47,Flávio,Flávio,Flávio,-649.83,-854.76,-0.23,-0.19,-92.58
4206603,Guarujá Do Sul,SC,Sul,Sul,,3992,18.91,32.59,3.4,35.99,33.13,Flávio,Flávio,Flávio,-860.57,-1036.28,-0.23,-0.26,-91.82
4215075,Riqueza,SC,Sul,Sul,,3992,14.93,34.96,3.4,38.36,35.3,Flávio,Flávio,Flávio,-757.85,-957.34,-0.23,-0.22,-91.82
4219176,Vargem Bonita,SC,Sul,Sul,,3962,16.58,35.05,3.4,38.45,35.37,Flávio,Flávio,Flávio,-730.76,-925.52,-0.23,-0.21,-91.13
4218350,Treviso,SC,Sul,Sul,,3946,16.98,29.02,3.4,32.42,30.02,Flávio,Flávio,Flávio,-1088.7,-1237.34,-0.23,-0.33,-90.76
4211454,Nova Itaberaba,SC,Sul,Sul,S3#97,3921,12.22,41.26,3.4,44.66,41.24,Flávio,Flávio,Flávio,-352.55,-577.76,-0.23,-0.1,-90.18
4201273,Arabutã,SC,Sul,Sul,,3907,13.16,26.37,3.4,29.77,27.29,Flávio,Flávio,Flávio,-1305.65,-1466.12,-0.23,-0.38,-89.86
4207601,Ipira,SC,Sul,Sul,,3857,13.09,32.92,3.4,36.32,33.39,Flávio,Flávio,Flávio,-870.49,-1057.04,-0.23,-0.25,-88.71
4202503,Bom Jardim Da Serra,SC,Sul,Sul,,3852,21.03,34.93,3.4,38.33,35.19,Flávio,Flávio,Flávio,-681.93,-865.4,-0.23,-0.22,-88.6
4205209,Erval Velho,SC,Sul,Sul,,3844,16.36,24.08,3.4,27.48,24.89,Flávio,Flávio,Flávio,-1385.65,-1544.6,-0.23,-0.42,-88.41
4208609,Jaborá,SC,Sul,Sul,,3843,13.04,23.22,3.4,26.62,24.25,Flávio,Flávio,Flávio,-1503.64,-1655.6,-0.23,-0.43,-88.39
4209854,Lindóia Do Sul,SC,Sul,Sul,,3810,19.58,28.4,3.4,31.8,29.26,Flávio,Flávio,Flávio,-1063.88,-1211.98,-0.23,-0.34,-87.63
4214300,Rancho Queimado,SC,Sul,Sul,,3744,15.14,21.18,3.4,24.58,22.41,Flávio,Flávio,Flávio,-1538.2,-1669.6,-0.23,-0.47,-86.11
4207759,Iraceminha,SC,Sul,Sul,,3717,12.99,24.05,3.4,27.45,25.0,Flávio,Flávio,Flávio,-1403.16,-1555.36,-0.23,-0.42,-85.49
4212239,Paraíso,SC,Sul,Sul,,3609,18.07,40.24,3.4,43.64,40.29,Flávio,Flávio,Flávio,-356.8,-544.64,-0.23,-0.12,-83.01
4216057,São Cristóvão Do Sul,SC,Sul,Sul,,3557,23.5,35.09,3.4,38.49,35.37,Flávio,Flávio,Flávio,-598.07,-760.56,-0.23,-0.21,-81.81
4212270,Passos Maia,SC,Sul,Sul,,3505,21.23,45.72,3.4,49.12,45.52,Flávio,Flávio,Flávio,-46.62,-237.44,-0.23,-0.02,-80.62
4219408,Witmarsum,SC,Sul,Sul,,3494,14.05,20.43,3.4,23.83,21.79,Flávio,Flávio,Flávio,-1481.25,-1596.6,-0.23,-0.49,-80.36
4210902,Modelo,SC,Sul,Sul,,3479,12.73,29.7,3.4,33.1,30.65,Flávio,Flávio,Flávio,-978.58,-1120.54,-0.23,-0.31,-80.02
4215406,Salto Veloso,SC,Sul,Sul,,3446,16.89,25.88,3.4,29.28,26.74,Flávio,Flávio,Flávio,-1129.9,-1268.0,-0.23,-0.39,-79.26
4205100,Dona Emma,SC,Sul,Sul,,3429,16.59,21.25,3.4,24.65,22.9,Flávio,Flávio,Flávio,-1368.58,-1463.32,-0.23,-0.47,-78.87
4219606,Xavantina,SC,Sul,Sul,,3388,13.61,35.21,3.4,38.61,35.52,Flávio,Flávio,Flávio,-634.27,-806.9,-0.23,-0.21,-77.92
4201109,Anitápolis,SC,Sul,Sul,,3343,15.29,28.36,3.4,31.76,29.16,Flávio,Flávio,Flávio,-981.6,-1121.52,-0.23,-0.34,-76.89
4212056,Palmeira,SC,Sul,Sul,,3317,18.33,29.32,3.4,32.72,29.96,Flávio,Flávio,Flávio,-895.53,-1038.48,-0.23,-0.32,-76.29
4202859,Braço Do Trombudo,SC,Sul,Sul,,3307,13.94,15.83,3.4,19.23,17.02,Flávio,Flávio,Flávio,-1692.44,-1814.24,-0.23,-0.57,-76.06
4210209,Major Gercino,SC,Sul,Sul,,3305,20.85,24.23,3.4,27.63,25.18,Flávio,Flávio,Flávio,-1107.97,-1229.2,-0.23,-0.42,-76.02
4209805,Leoberto Leal,SC,Sul,Sul,,3293,13.94,21.59,3.4,24.99,22.82,Flávio,Flávio,Flávio,-1339.58,-1456.24,-0.23,-0.47,-75.74
4215356,Saltinho,SC,Sul,Sul,,3274,17.81,50.15,3.4,53.55,49.6,Lula,Lula,Flávio,179.78,-20.16,-0.23,0.07,-75.3
4217105,São Martinho,SC,Sul,Sul,,3230,11.11,15.67,3.4,19.07,17.22,Flávio,Flávio,Flávio,-1707.52,-1809.38,-0.23,-0.58,-74.29
4219853,Zortéa,SC,Sul,Sul,,3214,15.12,34.81,3.4,38.21,35.08,Flávio,Flávio,Flávio,-616.53,-780.3,-0.23,-0.22,-73.92
4204178,Cerro Negro,SC,Sul,Sul,,3206,16.78,50.59,3.4,53.99,50.21,Lula,Lula,Lula,203.83,10.66,-0.23,0.07,-73.74
4203154,Calmon,SC,Sul,Sul,,3186,23.67,59.26,3.4,62.66,58.46,Lula,Lula,Lula,589.11,393.66,-0.23,0.24,-73.28
4202438,Bocaina Do Sul,SC,Sul,Sul,,3180,14.84,31.32,3.4,34.72,31.74,Flávio,Flávio,Flávio,-793.41,-948.16,-0.23,-0.28,-73.14
4201604,Arroio Trinta,SC,Sul,Sul,,3124,16.36,18.5,3.4,21.9,20.07,Flávio,Flávio,Flávio,-1410.41,-1502.36,-0.23,-0.52,-71.85
4203253,Capão Alto,SC,Sul,Sul,,3120,17.44,29.63,3.4,33.03,30.47,Flávio,Flávio,Flávio,-831.44,-957.2,-0.23,-0.32,-71.76
4205175,Entre Rios,SC,Sul,Sul,,3097,16.31,57.25,3.4,60.65,56.81,Lula,Lula,Lula,532.9,340.82,-0.23,0.2,-71.23
4205159,Doutor Pedrinho,SC,Sul,Sul,,3081,17.04,16.12,3.4,19.52,17.81,Flávio,Flávio,Flávio,-1485.39,-1568.68,-0.23,-0.57,-70.86
4206801,Ibicaré,SC,Sul,Sul,,3018,16.0,21.18,3.4,24.58,22.05,Flávio,Flávio,Flávio,-1235.36,-1358.18,-0.23,-0.47,-69.41
4213005,Pinheiro Preto,SC,Sul,Sul,,3010,18.94,28.32,3.4,31.72,29.1,Flávio,Flávio,Flávio,-851.83,-973.76,-0.23,-0.34,-69.23
4219101,Vargeão,SC,Sul,Sul,,2999,18.41,37.75,3.4,41.15,37.96,Flávio,Flávio,Flávio,-410.02,-557.74,-0.23,-0.16,-68.98
4202081,Bandeirante,SC,Sul,Sul,,2976,16.87,39.53,3.4,42.93,39.63,Flávio,Flávio,Flávio,-332.64,-487.7,-0.23,-0.13,-68.45
4215901,São Bonifácio,SC,Sul,Sul,,2932,15.28,16.0,3.4,19.4,17.46,Flávio,Flávio,Flávio,-1438.54,-1529.64,-0.23,-0.57,-67.44
4201802,Atalanta,SC,Sul,Sul,,2919,12.64,14.44,3.4,17.84,15.65,Flávio,Flávio,Flávio,-1586.16,-1694.16,-0.23,-0.6,-67.14
4202875,Brunópolis,SC,Sul,Sul,,2907,17.54,34.51,3.4,37.91,34.69,Flávio,Flávio,Flávio,-558.51,-706.9,-0.23,-0.22,-66.86
4213153,Planalto Alegre,SC,Sul,Sul,S3#55,2907,14.41,45.71,3.4,49.11,45.45,Flávio,Flávio,Flávio,-42.02,-214.38,-0.23,-0.02,-66.86
4207577,Iomerê,SC,Sul,Sul,,2888,13.64,19.76,3.4,23.16,21.12,Flávio,Flávio,Flávio,-1282.95,-1380.44,-0.23,-0.5,-66.42
4212601,Peritiba,SC,Sul,Sul,,2879,11.29,20.2,3.4,23.6,21.42,Flávio,Flávio,Flávio,-1290.83,-1397.62,-0.23,-0.49,-66.22
4217550,Serra Alta,SC,Sul,Sul,,2818,11.92,27.93,3.4,31.33,28.59,Flávio,Flávio,Flávio,-887.65,-1018.28,-0.23,-0.35,-64.81
4204152,Celso Ramos,SC,Sul,Sul,,2766,17.14,37.36,3.4,40.76,37.59,Flávio,Flávio,Flávio,-400.76,-538.36,-0.23,-0.17,-63.62
4205605,Galvão,SC,Sul,Sul,,2750,15.75,33.77,3.4,37.17,34.04,Flávio,Flávio,Flávio,-566.64,-704.84,-0.23,-0.24,-63.25
4211256,Morro Grande,SC,Sul,Sul,,2721,13.01,17.95,3.4,21.35,19.1,Flávio,Flávio,Flávio,-1304.25,-1406.44,-0.23,-0.53,-62.58
4205191,Ermo,SC,Sul,Sul,,2711,12.65,19.85,3.4,23.25,20.87,Flávio,Flávio,Flávio,-1225.52,-1334.74,-0.23,-0.5,-62.35
4204194,Chapadão Do Lageado,SC,Sul,Sul,,2708,11.48,21.86,3.4,25.26,23.17,Flávio,Flávio,Flávio,-1132.61,-1228.14,-0.23,-0.46,-62.28
4200051,Abdon Batista,SC,Sul,Sul,,2681,16.41,31.39,3.4,34.79,31.81,Flávio,Flávio,Flávio,-658.89,-787.94,-0.23,-0.28,-61.66
4213351,Ponte Alta Do Norte,SC,Sul,Sul,,2635,23.3,37.35,3.4,40.75,37.49,Flávio,Flávio,Flávio,-350.82,-474.6,-0.23,-0.17,-60.6
4219150,Vargem,SC,Sul,Sul,,2628,17.54,39.42,3.4,42.82,39.49,Flávio,Flávio,Flávio,-295.96,-433.24,-0.23,-0.13,-60.44
4205431,Formosa Do Sul,SC,Sul,Sul,,2622,18.38,40.94,3.4,44.34,40.94,Flávio,Flávio,Flávio,-232.13,-371.32,-0.23,-0.11,-60.31
4201653,Arvoredo,SC,Sul,Sul,,2620,14.27,35.48,3.4,38.88,35.95,Flávio,Flávio,Flávio,-478.45,-604.62,-0.23,-0.21,-60.26
4211892,Painel,SC,Sul,Sul,,2599,18.24,35.52,3.4,38.92,35.86,Flávio,Flávio,Flávio,-451.37,-575.82,-0.23,-0.21,-59.78
4202537,Bom Jesus,SC,Sul,Sul,,2593,16.04,41.71,3.4,45.11,41.68,Flávio,Flávio,Flávio,-205.69,-350.08,-0.23,-0.09,-59.64
4215752,São Bernardino,SC,Sul,Sul,S3#59,2576,16.42,43.59,3.4,46.99,43.45,Flávio,Flávio,Flávio,-123.3,-268.3,-0.23,-0.06,-59.25
4211652,Novo Horizonte,SC,Sul,Sul,,2570,15.18,33.2,3.4,36.6,33.55,Flávio,Flávio,Flávio,-560.08,-687.66,-0.23,-0.25,-59.11
4200556,Águas Frias,SC,Sul,Sul,,2566,11.96,34.93,3.4,38.33,35.38,Flávio,Flávio,Flávio,-504.06,-631.56,-0.23,-0.22,-59.02
4214151,Princesa,SC,Sul,Sul,,2564,13.88,26.82,3.4,30.22,27.83,Flávio,Flávio,Flávio,-832.38,-932.88,-0.23,-0.37,-58.97
4218954,Urupema,SC,Sul,Sul,,2525,19.09,30.86,3.4,34.26,31.59,Flávio,Flávio,Flávio,-608.15,-711.64,-0.23,-0.29,-58.08
4210704,Matos Costa,SC,Sul,Sul,,2463,22.78,46.29,3.4,49.69,46.0,Flávio,Flávio,Flávio,-11.3,-143.78,-0.23,-0.01,-56.65
4218855,União Do Oeste,SC,Sul,Sul,,2463,16.08,32.74,3.4,36.14,33.15,Flávio,Flávio,Flávio,-553.9,-673.06,-0.23,-0.26,-56.65
4215687,Santa Terezinha Do Progresso,SC,Sul,Sul,,2456,18.69,48.22,3.4,51.62,47.79,Flávio,Lula,Flávio,61.29,-83.58,-0.23,0.03,-56.49
4215059,Rio Rufino,SC,Sul,Sul,,2423,15.72,31.71,3.4,35.11,32.26,Flávio,Flávio,Flávio,-585.18,-697.0,-0.23,-0.28,-55.73
4217758,Sul Brasil,SC,Sul,Sul,,2414,11.39,40.87,3.4,44.27,40.88,Flávio,Flávio,Flávio,-233.46,-371.72,-0.23,-0.11,-55.52
4202156,Belmonte,SC,Sul,Sul,,2400,15.04,30.65,3.4,34.05,31.17,Flávio,Flávio,Flávio,-622.09,-734.5,-0.23,-0.3,-55.2
4210050,Macieira,SC,Sul,Sul,,2360,18.56,36.85,3.4,40.25,37.06,Flávio,Flávio,Flávio,-359.44,-477.24,-0.23,-0.18,-54.28
4210852,Mirim Doce,SC,Sul,Sul,,2265,13.86,22.35,3.4,25.75,23.05,Flávio,Flávio,Flávio,-913.21,-1014.74,-0.23,-0.45,-52.1
4209177,Jupiá,SC,Sul,Sul,,2255,15.03,36.27,3.4,39.67,36.53,Flávio,Flávio,Flávio,-378.71,-493.92,-0.23,-0.19,-51.86
4205555,Frei Rogério,SC,Sul,Sul,,2251,14.93,26.24,3.4,29.64,27.0,Flávio,Flávio,Flávio,-746.57,-843.08,-0.23,-0.38,-51.77
4214102,Presidente Nereu,SC,Sul,Sul,,2237,16.58,21.69,3.4,25.09,22.59,Flávio,Flávio,Flávio,-887.19,-975.98,-0.23,-0.46,-51.45
4210555,Marema,SC,Sul,Sul,,2215,15.12,28.74,3.4,32.14,29.31,Flávio,Flávio,Flávio,-644.2,-746.12,-0.23,-0.33,-50.94
4215554,Santa Helena,SC,Sul,Sul,,2208,12.45,33.12,3.4,36.52,33.66,Flávio,Flávio,Flávio,-488.66,-592.26,-0.23,-0.25,-50.78
4217956,Tigrinhos,SC,Sul,Sul,,2043,16.15,37.58,3.4,40.98,37.78,Flávio,Flávio,Flávio,-294.58,-399.08,-0.23,-0.17,-46.99
4211850,Ouro Verde,SC,Sul,Sul,,2040,15.78,29.09,3.4,32.49,29.55,Flávio,Flávio,Flávio,-577.9,-674.62,-0.23,-0.33,-46.92
4207858,Irati,SC,Sul,Sul,S3#68,2036,17.39,41.1,3.4,44.5,41.1,Flávio,Flávio,Flávio,-176.98,-286.48,-0.23,-0.1,-46.83
4215604,Santa Rosa De Lima,SC,Sul,Sul,,2019,12.13,24.74,3.4,28.14,26.14,Flávio,Flávio,Flávio,-730.85,-797.76,-0.23,-0.41,-46.44
4204459,Coronel Martins,SC,Sul,Sul,,2010,15.92,37.99,3.4,41.39,38.16,Flávio,Flávio,Flávio,-276.35,-380.1,-0.23,-0.16,-46.23
4211876,Paial,SC,Sul,Sul,S3#69,1999,16.16,45.03,3.4,48.43,44.79,Flávio,Flávio,Flávio,-50.48,-167.22,-0.23,-0.03,-45.98
4206751,Ibiam,SC,Sul,Sul,,1985,16.57,27.81,3.4,31.21,28.49,Flávio,Flávio,Flávio,-602.64,-689.84,-0.23,-0.35,-45.66
4209201,Lacerdópolis,SC,Sul,Sul,,1979,12.18,19.6,3.4,23.0,20.58,Flávio,Flávio,Flávio,-901.02,-981.72,-0.23,-0.5,-45.52
4202578,Bom Jesus Do Oeste,SC,Sul,Sul,,1876,12.47,27.99,3.4,31.39,28.69,Flávio,Flávio,Flávio,-584.01,-668.98,-0.23,-0.35,-43.15
4204756,Cunhataí,SC,Sul,Sul,,1868,11.56,22.92,3.4,26.32,24.1,Flávio,Flávio,Flávio,-749.19,-819.48,-0.23,-0.44,-42.96
4202099,Barra Bonita,SC,Sul,Sul,,1855,15.26,38.12,3.4,41.52,38.36,Flávio,Flávio,Flávio,-251.88,-345.84,-0.23,-0.16,-42.66
4205357,Flor Do Sertão,SC,Sul,Sul,,1772,15.8,36.77,3.4,40.17,37.13,Flávio,Flávio,Flávio,-276.34,-362.0,-0.23,-0.18,-40.76
4200754,Alto Bela Vista,SC,Sul,Sul,,1764,15.19,29.31,3.4,32.71,30.45,Flávio,Flávio,Flávio,-485.63,-549.36,-0.23,-0.32,-40.57
4217154,São Miguel Da Boa Vista,SC,Sul,Sul,S3#4,1757,17.3,41.87,3.4,45.27,41.79,Flávio,Flávio,Flávio,-130.69,-226.68,-0.23,-0.09,-40.41
4208955,Jardinópolis,SC,Sul,Sul,,1699,12.3,33.43,3.4,36.83,33.95,Flávio,Flávio,Flávio,-374.57,-456.5,-0.23,-0.24,-39.08
4213906,Presidente Castello Branco,SC,Sul,Sul,,1670,11.62,17.94,3.4,21.34,19.05,Flávio,Flávio,Flávio,-818.86,-884.32,-0.23,-0.53,-38.41
4209458,Lajeado Grande,SC,Sul,Sul,,1593,13.94,28.84,3.4,32.24,29.44,Flávio,Flávio,Flávio,-468.65,-542.62,-0.23,-0.33,-36.64
4215695,Santiago Do Sul,SC,Sul,Sul,,1538,17.82,42.24,3.4,45.64,42.17,Flávio,Flávio,Flávio,-105.39,-189.32,-0.23,-0.08,-35.37
2800308,Aracaju,SE,Nordeste,Nordeste,,422179,16.58,59.17,-3.85,55.32,57.92,Lula,Lula,Lula,35010.28,52177.68,0.26,0.1,10976.65
2804805,Nossa Senhora Do Socorro,SE,Nordeste,Nordeste,,123924,15.35,60.17,-3.85,56.32,58.93,Lula,Lula,Lula,12297.4,17381.36,0.26,0.12,3222.02
2803500,Lagarto,SE,Nordeste,Nordeste,,82331,15.02,69.75,-3.85,65.9,68.3,Lula,Lula,Lula,20669.84,23782.06,0.26,0.31,2140.61
2802908,Itabaiana,SE,Nordeste,Nordeste,,76645,13.8,60.15,-3.85,56.3,59.03,Lula,Lula,Lula,7597.63,10894.36,0.26,0.12,1992.77
2806701,São Cristóvão,SE,Nordeste,Nordeste,,61859,15.51,65.98,-3.85,62.13,64.57,Lula,Lula,Lula,11755.53,14118.9,0.26,0.23,1608.33
2802106,Estância,SE,Nordeste,Nordeste,,50966,19.62,74.08,-3.85,70.23,72.41,Lula,Lula,Lula,15496.7,17166.52,0.26,0.39,1325.12
2807402,Tobias Barreto,SE,Nordeste,Nordeste,,42750,16.41,67.29,-3.85,63.44,66.1,Lula,Lula,Lula,9077.35,10870.34,0.26,0.26,1111.5
2807105,Simão Dias,SE,Nordeste,Nordeste,,37093,17.01,72.24,-3.85,68.39,70.7,Lula,Lula,Lula,10424.23,11732.7,0.26,0.35,964.42
2803005,Itabaianinha,SE,Nordeste,Nordeste,,32189,15.87,61.45,-3.85,57.6,60.64,Lula,Lula,Lula,3868.32,5414.7,0.26,0.15,836.91
2800605,Barra Dos Coqueiros,SE,Nordeste,Nordeste,,31707,17.6,62.65,-3.85,58.8,61.44,Lula,Lula,Lula,4331.91,5630.62,0.26,0.17,824.38
2804508,Nossa Senhora Da Glória,SE,Nordeste,Nordeste,,30467,14.9,74.58,-3.85,70.73,72.97,Lula,Lula,Lula,10172.64,11270.46,0.26,0.4,792.14
2803203,Itaporanga D'Ajuda,SE,Nordeste,Nordeste,,29786,19.2,71.66,-3.85,67.81,70.04,Lula,Lula,Lula,7912.79,8903.02,0.26,0.34,774.44
2801306,Capela,SE,Nordeste,Nordeste,,27103,22.08,69.91,-3.85,66.06,68.58,Lula,Lula,Lula,6259.92,7241.72,0.26,0.31,704.68
2805604,Porto Da Folha,SE,Nordeste,Nordeste,,25098,16.62,76.78,-3.85,72.93,75.22,Lula,Lula,Lula,9076.69,9982.88,0.26,0.44,652.55
2801207,Canindé De São Francisco,SE,Nordeste,Nordeste,,24727,23.62,74.55,-3.85,70.7,73.16,Lula,Lula,Lula,7373.99,8247.86,0.26,0.4,642.9
2805406,Poço Redondo,SE,Nordeste,Nordeste,,22765,20.57,72.89,-3.85,69.04,71.7,Lula,Lula,Lula,6513.7,7425.9,0.26,0.37,591.89
2803609,Laranjeiras,SE,Nordeste,Nordeste,,22132,17.82,69.61,-3.85,65.76,68.32,Lula,Lula,Lula,5339.4,6208.22,0.26,0.3,575.43
2800670,Boquim,SE,Nordeste,Nordeste,,22028,19.03,70.3,-3.85,66.45,68.98,Lula,Lula,Lula,5490.35,6337.74,0.26,0.32,572.73
2804607,Nossa Senhora Das Dores,SE,Nordeste,Nordeste,,21460,15.8,65.38,-3.85,61.53,64.25,Lula,Lula,Lula,3848.19,4757.54,0.26,0.22,557.96
2805703,Propriá,SE,Nordeste,Nordeste,,20113,17.56,62.34,-3.85,58.49,61.55,Lula,Lula,Lula,2671.09,3631.72,0.26,0.16,522.94
2807600,Umbaúba,SE,Nordeste,Nordeste,,19761,18.24,67.8,-3.85,63.95,66.59,Lula,Lula,Lula,4222.16,5021.36,0.26,0.27,513.79
2805505,Poço Verde,SE,Nordeste,Nordeste,,19505,18.83,76.03,-3.85,72.18,74.3,Lula,Lula,Lula,6597.65,7227.98,0.26,0.43,507.13
2806206,Salgado,SE,Nordeste,Nordeste,,17916,16.15,76.4,-3.85,72.55,74.81,Lula,Lula,Lula,6351.42,6987.18,0.26,0.43,465.82
2805802,Riachão Do Dantas,SE,Nordeste,Nordeste,,17768,16.16,81.46,-3.85,77.61,79.9,Lula,Lula,Lula,7744.72,8388.12,0.26,0.53,461.97
2800209,Aquidabã,SE,Nordeste,Nordeste,,17283,17.18,73.64,-3.85,69.79,72.2,Lula,Lula,Lula,5342.98,5995.46,0.26,0.38,449.36
2801405,Carira,SE,Nordeste,Nordeste,,17134,18.57,71.11,-3.85,67.26,69.69,Lula,Lula,Lula,4482.09,5114.24,0.26,0.33,445.48
2801009,Campo Do Brito,SE,Nordeste,Nordeste,,15710,18.15,73.11,-3.85,69.26,71.66,Lula,Lula,Lula,4609.01,5184.12,0.26,0.37,408.46
2800506,Areia Branca,SE,Nordeste,Nordeste,,15286,14.88,71.21,-3.85,67.36,69.79,Lula,Lula,Lula,4163.91,4745.36,0.26,0.33,397.44
2803302,Japaratuba,SE,Nordeste,Nordeste,,14930,21.09,75.47,-3.85,71.62,74.0,Lula,Lula,Lula,4784.21,5310.02,0.26,0.42,388.18
2806008,Ribeirópolis,SE,Nordeste,Nordeste,,14762,17.53,65.84,-3.85,61.99,64.76,Lula,Lula,Lula,2680.91,3300.92,0.26,0.23,383.81
2801702,Cristinápolis,SE,Nordeste,Nordeste,,14633,22.81,76.87,-3.85,73.02,75.52,Lula,Lula,Lula,4942.08,5479.62,0.26,0.44,380.46
2804409,Neópolis,SE,Nordeste,Nordeste,,14406,20.23,75.24,-3.85,71.39,74.15,Lula,Lula,Lula,4679.31,5282.28,0.26,0.41,374.56
2802809,Indiaroba,SE,Nordeste,Nordeste,,13697,21.63,81.12,-3.85,77.27,79.49,Lula,Lula,Lula,5518.15,5967.08,0.26,0.52,356.12
2802304,Frei Paulo,SE,Nordeste,Nordeste,,13549,16.71,59.82,-3.85,55.97,59.0,Lula,Lula,Lula,1247.59,1880.1,0.26,0.11,352.27
2804003,Maruim,SE,Nordeste,Nordeste,,13208,20.62,78.9,-3.85,75.05,77.44,Lula,Lula,Lula,4945.8,5417.68,0.26,0.48,343.41
2804201,Monte Alegre De Sergipe,SE,Nordeste,Nordeste,,12763,18.69,69.52,-3.85,65.67,68.58,Lula,Lula,Lula,3079.02,3649.48,0.26,0.3,331.84
2801504,Carmópolis,SE,Nordeste,Nordeste,,12534,23.62,68.2,-3.85,64.35,67.06,Lula,Lula,Lula,2562.62,3046.8,0.26,0.28,325.88
2806305,Santa Luzia Do Itanhy,SE,Nordeste,Nordeste,,12169,21.97,79.4,-3.85,75.55,77.88,Lula,Lula,Lula,4508.24,4919.28,0.26,0.49,316.39
2804904,Pacatuba,SE,Nordeste,Nordeste,,11850,20.96,82.72,-3.85,78.87,81.0,Lula,Lula,Lula,5080.0,5453.62,0.26,0.55,308.1
2803401,Japoatã,SE,Nordeste,Nordeste,,11510,18.71,75.68,-3.85,71.83,74.53,Lula,Lula,Lula,3850.11,4326.5,0.26,0.42,299.26
2807501,Tomar Do Geru,SE,Nordeste,Nordeste,,10522,20.49,70.64,-3.85,66.79,69.51,Lula,Lula,Lula,2626.26,3052.66,0.26,0.32,273.57
2806602,Santo Amaro Das Brotas,SE,Nordeste,Nordeste,,10453,25.28,83.4,-3.85,79.55,81.94,Lula,Lula,Lula,4372.65,4726.22,0.26,0.57,271.78
2803906,Malhador,SE,Nordeste,Nordeste,,10440,16.23,72.98,-3.85,69.13,71.66,Lula,Lula,Lula,3106.98,3517.8,0.26,0.37,271.44
2804102,Moita Bonita,SE,Nordeste,Nordeste,,9837,16.54,63.9,-3.85,60.05,62.69,Lula,Lula,Lula,1489.82,1881.72,0.26,0.19,255.76
2800407,Arauá,SE,Nordeste,Nordeste,,9692,18.35,77.73,-3.85,73.88,76.34,Lula,Lula,Lula,3569.98,3938.32,0.26,0.46,251.99
2802403,Gararu,SE,Nordeste,Nordeste,,9619,18.3,81.92,-3.85,78.07,80.74,Lula,Lula,Lula,4187.05,4585.36,0.26,0.54,250.09
2806107,Rosário Do Catete,SE,Nordeste,Nordeste,,8984,21.06,76.73,-3.85,72.88,75.38,Lula,Lula,Lula,3068.64,3403.36,0.26,0.44,233.58
2806800,São Domingos,SE,Nordeste,Nordeste,,8598,21.27,65.51,-3.85,61.66,64.69,Lula,Lula,Lula,1446.46,1821.48,0.26,0.22,223.55
2805307,Pirambu,SE,Nordeste,Nordeste,,8575,22.6,74.39,-3.85,70.54,72.67,Lula,Lula,Lula,2560.69,2825.04,0.26,0.39,222.95
2805901,Riachuelo,SE,Nordeste,Nordeste,,8232,20.58,74.92,-3.85,71.07,73.67,Lula,Lula,Lula,2593.79,2914.4,0.26,0.4,214.03
2800704,Brejo Grande,SE,Nordeste,Nordeste,,8118,22.14,77.06,-3.85,73.21,75.91,Lula,Lula,Lula,2768.27,3089.7,0.26,0.45,211.07
2805109,Pedrinhas,SE,Nordeste,Nordeste,,7917,19.35,72.31,-3.85,68.46,71.19,Lula,Lula,Lula,2226.26,2556.5,0.26,0.35,205.84
2802700,Ilha Das Flores,SE,Nordeste,Nordeste,,7753,20.97,76.6,-3.85,72.75,75.58,Lula,Lula,Lula,2635.84,2963.04,0.26,0.44,201.58
2804458,Nossa Senhora Aparecida,SE,Nordeste,Nordeste,,7652,16.57,64.17,-3.85,60.32,63.39,Lula,Lula,Lula,1220.15,1583.3,0.26,0.2,198.95
2804300,Muribeca,SE,Nordeste,Nordeste,,7511,16.9,71.53,-3.85,67.68,70.26,Lula,Lula,Lula,2086.72,2390.76,0.26,0.34,195.29
2803708,Macambira,SE,Nordeste,Nordeste,,6860,16.3,71.08,-3.85,67.23,69.93,Lula,Lula,Lula,1842.27,2130.04,0.26,0.33,178.36
2807204,Siriri,SE,Nordeste,Nordeste,,6787,17.25,76.38,-3.85,72.53,74.93,Lula,Lula,Lula,2391.21,2645.94,0.26,0.43,176.46
2802601,Graccho Cardoso,SE,Nordeste,Nordeste,,6449,14.81,78.16,-3.85,74.31,76.96,Lula,Lula,Lula,2545.67,2823.76,0.26,0.47,167.67
2806404,Santana Do São Francisco,SE,Nordeste,Nordeste,,6340,19.97,71.39,-3.85,67.54,70.5,Lula,Lula,Lula,1678.31,1961.94,0.26,0.34,164.84
2802205,Feira Nova,SE,Nordeste,Nordeste,,6299,13.16,75.04,-3.85,71.19,73.9,Lula,Lula,Lula,2197.37,2477.64,0.26,0.41,163.77
2804706,Nossa Senhora De Lourdes,SE,Nordeste,Nordeste,,6277,15.02,78.77,-3.85,74.92,77.54,Lula,Lula,Lula,2529.79,2796.46,0.26,0.48,163.2
2805208,Pinhão,SE,Nordeste,Nordeste,,5635,17.11,76.11,-3.85,72.26,74.57,Lula,Lula,Lula,1936.74,2137.7,0.26,0.43,146.51
2801603,Cedro De São João,SE,Nordeste,Nordeste,,5345,14.82,67.52,-3.85,63.67,66.52,Lula,Lula,Lula,1184.01,1430.6,0.26,0.26,138.97
2803104,Itabi,SE,Nordeste,Nordeste,,4734,17.17,69.86,-3.85,66.01,68.59,Lula,Lula,Lula,1174.15,1362.88,0.26,0.31,123.08
2801108,Canhoba,SE,Nordeste,Nordeste,,4709,15.27,79.67,-3.85,75.82,78.02,Lula,Lula,Lula,1949.61,2116.16,0.26,0.5,122.43
2806503,Santa Rosa De Lima,SE,Nordeste,Nordeste,,4659,16.44,71.58,-3.85,67.73,70.25,Lula,Lula,Lula,1288.21,1471.72,0.26,0.34,121.13
2801900,Cumbe,SE,Nordeste,Nordeste,,4501,14.57,62.35,-3.85,58.5,61.18,Lula,Lula,Lula,605.82,797.0,0.26,0.16,117.03
2802007,Divina Pastora,SE,Nordeste,Nordeste,,4411,17.84,78.16,-3.85,74.31,76.75,Lula,Lula,Lula,1660.84,1827.76,0.26,0.47,114.69
2803807,Malhada Dos Bois,SE,Nordeste,Nordeste,,4297,20.18,75.85,-3.85,72.0,74.63,Lula,Lula,Lula,1436.82,1608.42,0.26,0.42,111.72
2807006,São Miguel Do Aleixo,SE,Nordeste,Nordeste,,3982,15.92,74.0,-3.85,70.15,72.55,Lula,Lula,Lula,1255.1,1404.36,0.26,0.39,103.53
2806909,São Francisco,SE,Nordeste,Nordeste,,3798,15.69,72.28,-3.85,68.43,71.16,Lula,Lula,Lula,1123.4,1289.26,0.26,0.35,98.75
2807303,Telha,SE,Nordeste,Nordeste,,3641,15.33,67.68,-3.85,63.83,66.88,Lula,Lula,Lula,815.45,995.04,0.26,0.27,94.67
2805000,Pedra Mole,SE,Nordeste,Nordeste,,3372,16.13,70.41,-3.85,66.56,69.2,Lula,Lula,Lula,873.26,1012.54,0.26,0.32,87.67
2802502,General Maynard,SE,Nordeste,Nordeste,,3345,17.01,75.44,-3.85,71.59,73.61,Lula,Lula,Lula,1133.03,1238.94,0.26,0.41,86.97
2800100,Amparo De São Francisco,SE,Nordeste,Nordeste,,3095,17.58,69.23,-3.85,65.38,68.1,Lula,Lula,Lula,749.29,881.36,0.26,0.3,80.47
3550308,São Paulo,SP,Sudeste,Sudeste,,9145124,23.39,52.51,2.07,54.58,51.47,Lula,Lula,Lula,585094.59,188040.64,-0.08,0.08,-73160.99
3518800,Guarulhos,SP,Sudeste,Sudeste,,948908,19.25,44.96,2.07,47.03,44.63,Flávio,Flávio,Flávio,-41353.25,-74835.02,-0.08,-0.05,-7591.26
3509502,Campinas,SP,Sudeste,Sudeste,,873613,23.57,42.32,2.07,44.39,42.22,Flávio,Flávio,Flávio,-69471.52,-96373.1,-0.08,-0.1,-6988.9
3548708,São Bernardo Do Campo,SP,Sudeste,Sudeste,,626647,21.78,52.79,2.07,54.86,51.72,Lula,Lula,Lula,43609.44,15412.26,-0.08,0.09,-5013.18
3534401,Osasco,SP,Sudeste,Sudeste,,583991,23.29,48.81,2.07,50.88,48.11,Flávio,Lula,Flávio,7201.73,-15563.42,-0.08,0.02,-4671.93
3547809,Santo André,SP,Sudeste,Sudeste,,573503,23.34,46.6,2.07,48.67,46.09,Flávio,Flávio,Flávio,-10689.21,-31522.22,-0.08,-0.02,-4588.02
3549904,São José Dos Campos,SP,Sudeste,Sudeste,,540217,18.75,36.18,2.07,38.25,36.57,Flávio,Flávio,Flávio,-96455.31,-110226.3,-0.08,-0.22,-4321.74
3552205,Sorocaba,SP,Sudeste,Sudeste,,531342,20.89,36.76,2.07,38.83,37.12,Flávio,Flávio,Flávio,-86063.95,-99222.84,-0.08,-0.21,-4250.74
3543402,Ribeirão Preto,SP,Sudeste,Sudeste,,473134,23.75,38.09,2.07,40.16,38.34,Flávio,Flávio,Flávio,-65669.01,-77792.24,-0.08,-0.18,-3785.07
3548500,Santos,SP,Sudeste,Sudeste,,348832,24.34,43.97,2.07,46.04,43.71,Flávio,Flávio,Flávio,-19486.5,-30969.74,-0.08,-0.07,-2790.66
3549805,São José Do Rio Preto,SP,Sudeste,Sudeste,,344760,23.73,31.25,2.07,33.32,31.96,Flávio,Flávio,Flávio,-82065.96,-88747.52,-0.08,-0.31,-2758.08
3525904,Jundiaí,SP,Sudeste,Sudeste,,337851,21.17,34.42,2.07,36.49,35.04,Flávio,Flávio,Flávio,-66300.77,-73430.32,-0.08,-0.25,-2702.81
3530607,Mogi Das Cruzes,SP,Sudeste,Sudeste,,334039,23.2,41.56,2.07,43.63,41.51,Flávio,Flávio,Flávio,-29820.4,-39731.02,-0.08,-0.12,-2672.31
3513801,Diadema,SP,Sudeste,Sudeste,S2#1,331016,22.61,58.3,2.07,60.37,56.91,Lula,Lula,Lula,48585.76,32382.54,-0.08,0.19,-2648.13
3538709,Piracicaba,SP,Sudeste,Sudeste,,311212,23.12,30.34,2.07,32.41,31.11,Flávio,Flávio,Flávio,-78254.88,-84035.68,-0.08,-0.32,-2489.7
3529401,Mauá,SP,Sudeste,Sudeste,,310407,22.68,51.56,2.07,53.63,50.63,Lula,Lula,Lula,15782.25,2727.86,-0.08,0.07,-2483.26
3505708,Barueri,SP,Sudeste,Sudeste,,298024,22.51,45.63,2.07,47.7,45.24,Flávio,Flávio,Flávio,-9862.03,-20374.26,-0.08,-0.04,-2384.19
3510609,Carapicuíba,SP,Sudeste,Sudeste,,290495,25.14,51.66,2.07,53.73,50.78,Lula,Lula,Lula,14833.1,3096.9,-0.08,0.07,-2323.96
3506003,Bauru,SP,Sudeste,Sudeste,,278336,25.11,36.66,2.07,38.73,37.0,Flávio,Flávio,Flávio,-43323.29,-49969.46,-0.08,-0.21,-2226.69
3541000,Praia Grande,SP,Sudeste,Sudeste,,265311,27.18,40.17,2.07,42.24,40.24,Flávio,Flávio,Flávio,-27749.83,-34926.48,-0.08,-0.14,-2122.49
3523107,Itaquaquecetuba,SP,Sudeste,Sudeste,,258019,24.02,51.1,2.07,53.17,50.31,Lula,Lula,Lula,11260.46,1092.86,-0.08,0.06,-2064.15
3551009,São Vicente,SP,Sudeste,Sudeste,,256025,26.18,45.75,2.07,47.82,45.39,Flávio,Flávio,Flávio,-7595.35,-16077.06,-0.08,-0.04,-2048.2
3516200,Franca,SP,Sudeste,Sudeste,,241902,21.49,33.32,2.07,35.39,33.93,Flávio,Flávio,Flávio,-51582.49,-56753.04,-0.08,-0.27,-1935.22
3554102,Taubaté,SP,Sudeste,Sudeste,,239956,23.14,32.34,2.07,34.41,33.12,Flávio,Flávio,Flávio,-53023.04,-57432.78,-0.08,-0.29,-1919.65
3518701,Guarujá,SP,Sudeste,Sudeste,,238913,23.22,42.44,2.07,44.51,42.33,Flávio,Flávio,Flávio,-18514.37,-25873.18,-0.08,-0.1,-1911.3
3552502,Suzano,SP,Sudeste,Sudeste,,235588,22.79,45.03,2.07,47.1,44.7,Flávio,Flávio,Flávio,-9578.26,-17536.44,-0.08,-0.05,-1884.7
3526902,Limeira,SP,Sudeste,Sudeste,,219483,17.97,24.77,2.07,26.84,25.79,Flávio,Flávio,Flávio,-78049.37,-81582.38,-0.08,-0.43,-1755.86
3552809,Taboão Da Serra,SP,Sudeste,Sudeste,,212014,19.57,55.91,2.07,57.98,54.57,Lula,Lula,Lula,24899.36,14267.18,-0.08,0.15,-1696.11
3515004,Embu Das Artes,SP,Sudeste,Sudeste,,206389,21.81,54.66,2.07,56.73,53.55,Lula,Lula,Lula,19781.43,10428.2,-0.08,0.12,-1651.11
3552403,Sumaré,SP,Sudeste,Sudeste,,199975,22.65,39.44,2.07,41.51,39.55,Flávio,Flávio,Flávio,-24433.74,-30091.84,-0.08,-0.16,-1599.8
3548906,São Carlos,SP,Sudeste,Sudeste,,196964,23.65,45.38,2.07,47.45,45.06,Flávio,Flávio,Flávio,-7000.42,-13594.46,-0.08,-0.05,-1575.71
3513009,Cotia,SP,Sudeste,Sudeste,,194159,22.7,47.49,2.07,49.56,46.87,Flávio,Flávio,Flávio,-1212.78,-8621.54,-0.08,-0.01,-1553.27
3520509,Indaiatuba,SP,Sudeste,Sudeste,,192534,18.64,32.65,2.07,34.72,33.35,Flávio,Flávio,Flávio,-44323.06,-48295.4,-0.08,-0.28,-1540.27
3501608,Americana,SP,Sudeste,Sudeste,,181216,21.01,30.31,2.07,32.38,31.05,Flávio,Flávio,Flávio,-47216.78,-50761.38,-0.08,-0.32,-1449.73
3529005,Marília,SP,Sudeste,Sudeste,,172936,23.43,28.06,2.07,30.13,28.86,Flávio,Flávio,Flávio,-48967.55,-52099.62,-0.08,-0.37,-1383.49
3524402,Jacareí,SP,Sudeste,Sudeste,,171394,20.11,35.61,2.07,37.68,36.02,Flávio,Flávio,Flávio,-31372.25,-35597.94,-0.08,-0.23,-1371.15
3503208,Araraquara,SP,Sudeste,Sudeste,,170310,21.79,49.45,2.07,51.52,48.82,Flávio,Lula,Flávio,3730.12,-2890.26,-0.08,0.03,-1362.48
3522505,Itapevi,SP,Sudeste,Sudeste,,168609,24.41,53.01,2.07,55.08,51.97,Lula,Lula,Lula,11790.77,4563.16,-0.08,0.09,-1348.87
3541406,Presidente Prudente,SP,Sudeste,Sudeste,,165528,22.21,29.68,2.07,31.75,30.35,Flávio,Flávio,Flávio,-44371.31,-47766.3,-0.08,-0.34,-1324.22
3519071,Hortolândia,SP,Sudeste,Sudeste,,164481,19.29,41.97,2.07,44.04,41.9,Flávio,Flávio,Flávio,-14697.12,-19970.5,-0.08,-0.11,-1315.85
3543907,Rio Claro,SP,Sudeste,Sudeste,,151298,21.19,30.59,2.07,32.66,31.31,Flávio,Flávio,Flávio,-38128.02,-41093.3,-0.08,-0.32,-1210.38
3548807,São Caetano Do Sul,SP,Sudeste,Sudeste,,147744,17.14,38.36,2.07,40.43,38.62,Flávio,Flávio,Flávio,-21884.41,-26006.0,-0.08,-0.18,-1181.95
3502804,Araçatuba,SP,Sudeste,Sudeste,,145128,22.41,28.91,2.07,30.98,29.69,Flávio,Flávio,Flávio,-40346.57,-43081.54,-0.08,-0.35,-1161.02
3545803,Santa Bárbara D'Oeste,SP,Sudeste,Sudeste,,138487,18.38,30.46,2.07,32.53,31.2,Flávio,Flávio,Flávio,-36724.84,-39515.1,-0.08,-0.32,-1107.9
3507605,Bragança Paulista,SP,Sudeste,Sudeste,,131308,20.0,30.43,2.07,32.5,31.29,Flávio,Flávio,Flávio,-33816.64,-36145.86,-0.08,-0.32,-1050.46
3515707,Ferraz De Vasconcelos,SP,Sudeste,Sudeste,,128931,19.6,54.1,2.07,56.17,53.03,Lula,Lula,Lula,11619.43,5707.24,-0.08,0.11,-1031.45
3523909,Itu,SP,Sudeste,Sudeste,,128825,24.25,32.57,2.07,34.64,33.25,Flávio,Flávio,Flávio,-27623.22,-30119.62,-0.08,-0.28,-1030.6
3516309,Francisco Morato,SP,Sudeste,Sudeste,S2#4,126796,24.8,57.63,2.07,59.7,56.39,Lula,Lula,Lula,16748.99,11043.36,-0.08,0.18,-1014.37
3522208,Itapecerica Da Serra,SP,Sudeste,Sudeste,,124081,21.74,54.58,2.07,56.65,53.48,Lula,Lula,Lula,11807.28,6180.5,-0.08,0.12,-992.65
3538006,Pindamonhangaba,SP,Sudeste,Sudeste,,119275,20.66,34.44,2.07,36.51,34.97,Flávio,Flávio,Flávio,-23458.19,-26134.46,-0.08,-0.25,-954.2
3504107,Atibaia,SP,Sudeste,Sudeste,,119210,20.93,32.47,2.07,34.54,33.21,Flávio,Flávio,Flávio,-26870.96,-29180.42,-0.08,-0.28,-953.68
3522307,Itapetininga,SP,Sudeste,Sudeste,,114451,21.59,28.61,2.07,30.68,29.42,Flávio,Flávio,Flávio,-32001.83,-34091.4,-0.08,-0.36,-915.61
3530706,Mogi Guaçu,SP,Sudeste,Sudeste,,114358,19.73,27.46,2.07,29.53,28.37,Flávio,Flávio,Flávio,-34774.68,-36732.98,-0.08,-0.38,-914.86
3547304,Santana De Parnaíba,SP,Sudeste,Sudeste,,111635,22.59,40.6,2.07,42.67,40.64,Flávio,Flávio,Flávio,-11732.07,-14983.48,-0.08,-0.13,-893.08
3507506,Botucatu,SP,Sudeste,Sudeste,,111048,22.8,39.18,2.07,41.25,39.34,Flávio,Flávio,Flávio,-13693.42,-16680.32,-0.08,-0.16,-888.38
3516408,Franco Da Rocha,SP,Sudeste,Sudeste,,107865,25.92,52.36,2.07,54.43,51.47,Lula,Lula,Lula,6382.4,2113.8,-0.08,0.08,-862.92
3510500,Caraguatatuba,SP,Sudeste,Sudeste,,106446,22.69,38.55,2.07,40.62,38.73,Flávio,Flávio,Flávio,-14285.95,-17167.06,-0.08,-0.17,-851.57
3525300,Jaú,SP,Sudeste,Sudeste,,98725,19.22,25.44,2.07,27.51,26.39,Flávio,Flávio,Flávio,-33313.08,-34979.54,-0.08,-0.41,-789.8
3503307,Araras,SP,Sudeste,Sudeste,,96612,19.61,28.77,2.07,30.84,29.68,Flávio,Flávio,Flávio,-27355.87,-29006.22,-0.08,-0.35,-772.9
3545209,Salto,SP,Sudeste,Sudeste,,95308,20.21,35.44,2.07,37.51,35.91,Flávio,Flávio,Flávio,-17527.43,-19773.12,-0.08,-0.23,-762.46
3556206,Valinhos,SP,Sudeste,Sudeste,,94676,18.9,32.76,2.07,34.83,33.45,Flávio,Flávio,Flávio,-21682.92,-23650.32,-0.08,-0.28,-757.41
3551702,Sertãozinho,SP,Sudeste,Sudeste,,93301,19.88,39.13,2.07,41.2,39.27,Flávio,Flávio,Flávio,-12078.01,-14730.7,-0.08,-0.16,-746.41
3557006,Votorantim,SP,Sudeste,Sudeste,,92608,22.97,36.38,2.07,38.45,36.75,Flávio,Flávio,Flávio,-15181.98,-17415.98,-0.08,-0.21,-740.86
3518404,Guaratinguetá,SP,Sudeste,Sudeste,,90805,20.14,33.49,2.07,35.56,34.09,Flávio,Flávio,Flávio,-19552.8,-21540.34,-0.08,-0.27,-726.44
3513504,Cubatão,SP,Sudeste,Sudeste,,90311,20.32,51.03,2.07,53.1,50.29,Lula,Lula,Lula,4155.57,385.52,-0.08,0.06,-722.49
3536505,Paulínia,SP,Sudeste,Sudeste,,89901,19.17,37.52,2.07,39.59,37.79,Flávio,Flávio,Flávio,-14213.08,-16659.06,-0.08,-0.19,-719.21
3539806,Poá,SP,Sudeste,Sudeste,,89811,18.88,48.13,2.07,50.2,47.51,Flávio,Lula,Flávio,264.56,-3330.22,-0.08,0.0,-718.49
3554003,Tatuí,SP,Sudeste,Sudeste,,88765,24.44,28.85,2.07,30.92,29.66,Flávio,Flávio,Flávio,-23332.79,-24873.24,-0.08,-0.35,-710.12
3511102,Catanduva,SP,Sudeste,Sudeste,,86119,22.98,27.59,2.07,29.66,28.4,Flávio,Flávio,Flávio,-25129.65,-26686.78,-0.08,-0.37,-688.95
3543303,Ribeirão Pires,SP,Sudeste,Sudeste,,85765,19.77,46.62,2.07,48.69,46.1,Flávio,Flávio,Flávio,-1643.44,-4891.72,-0.08,-0.02,-686.12
3505500,Barretos,SP,Sudeste,Sudeste,,85200,23.57,34.69,2.07,36.76,35.11,Flávio,Flávio,Flávio,-16146.64,-18159.2,-0.08,-0.24,-681.6
3523404,Itatiba,SP,Sudeste,Sudeste,,85162,19.54,31.0,2.07,33.07,31.82,Flávio,Flávio,Flávio,-21525.42,-23121.92,-0.08,-0.31,-681.3
3522109,Itanhaém,SP,Sudeste,Sudeste,,85052,28.0,44.2,2.07,46.27,43.97,Flávio,Flávio,Flávio,-4214.76,-6809.38,-0.08,-0.07,-680.42
3556503,Várzea Paulista,SP,Sudeste,Sudeste,,84729,21.39,37.72,2.07,39.79,37.97,Flávio,Flávio,Flávio,-12482.75,-14698.9,-0.08,-0.19,-677.83
3506508,Birigui,SP,Sudeste,Sudeste,,84471,21.93,24.79,2.07,26.86,25.64,Flávio,Flávio,Flávio,-28355.15,-29849.24,-0.08,-0.43,-675.77
3555406,Ubatuba,SP,Sudeste,Sudeste,,77900,24.69,35.84,2.07,37.91,36.14,Flávio,Flávio,Flávio,-13326.27,-15267.74,-0.08,-0.22,-623.2
3534708,Ourinhos,SP,Sudeste,Sudeste,,76480,23.27,33.59,2.07,35.66,34.08,Flávio,Flávio,Flávio,-15656.04,-17375.7,-0.08,-0.26,-611.84
3525003,Jandira,SP,Sudeste,Sudeste,,76022,21.15,49.03,2.07,51.1,48.33,Flávio,Lula,Flávio,1208.3,-1831.7,-0.08,0.02,-608.18
3526704,Leme,SP,Sudeste,Sudeste,,72901,21.2,31.58,2.07,33.65,32.11,Flávio,Flávio,Flávio,-17307.36,-18931.3,-0.08,-0.3,-583.21
3508504,Caçapava,SP,Sudeste,Sudeste,,72595,19.98,32.75,2.07,34.82,33.41,Flávio,Flávio,Flávio,-16240.63,-17754.48,-0.08,-0.28,-580.76
3509007,Caieiras,SP,Sudeste,Sudeste,,72229,22.79,45.57,2.07,47.64,45.2,Flávio,Flávio,Flávio,-2411.15,-4907.94,-0.08,-0.04,-577.83
3503901,Arujá,SP,Sudeste,Sudeste,,71347,20.0,40.3,2.07,42.37,40.36,Flávio,Flávio,Flávio,-8018.52,-10126.38,-0.08,-0.14,-570.78
3509205,Cajamar,SP,Sudeste,Sudeste,,70021,20.52,44.0,2.07,46.07,43.73,Flávio,Flávio,Flávio,-4008.56,-6385.22,-0.08,-0.07,-560.17
3504008,Assis,SP,Sudeste,Sudeste,,69743,23.29,33.66,2.07,35.73,34.12,Flávio,Flávio,Flávio,-14355.39,-15979.88,-0.08,-0.26,-557.94
3557105,Votuporanga,SP,Sudeste,Sudeste,,68927,21.04,28.86,2.07,30.93,29.56,Flávio,Flávio,Flávio,-19446.25,-20847.6,-0.08,-0.35,-551.42
3522406,Itapeva,SP,Sudeste,Sudeste,,68478,23.78,33.26,2.07,35.33,33.69,Flávio,Flávio,Flávio,-14238.59,-15827.08,-0.08,-0.27,-547.82
3550704,São Sebastião,SP,Sudeste,Sudeste,,68037,22.54,45.63,2.07,47.7,45.33,Flávio,Flávio,Flávio,-2265.49,-4604.54,-0.08,-0.04,-544.3
3530805,Mogi Mirim,SP,Sudeste,Sudeste,,67646,20.09,27.17,2.07,29.24,28.12,Flávio,Flávio,Flávio,-20763.11,-21875.92,-0.08,-0.38,-541.17
3549102,São João Da Boa Vista,SP,Sudeste,Sudeste,,67128,21.35,31.51,2.07,33.58,32.22,Flávio,Flávio,Flávio,-16038.15,-17363.88,-0.08,-0.3,-537.02
3528502,Mairiporã,SP,Sudeste,Sudeste,,65733,22.11,36.82,2.07,38.89,37.13,Flávio,Flávio,Flávio,-10478.52,-12143.02,-0.08,-0.2,-525.86
3556701,Vinhedo,SP,Sudeste,Sudeste,,65669,21.48,30.52,2.07,32.59,31.4,Flávio,Flávio,Flávio,-16772.83,-17926.48,-0.08,-0.32,-525.35
3504503,Avaré,SP,Sudeste,Sudeste,,64380,23.34,31.99,2.07,34.06,32.62,Flávio,Flávio,Flávio,-14458.65,-15760.92,-0.08,-0.29,-515.04
3529302,Matão,SP,Sudeste,Sudeste,,63725,21.07,34.93,2.07,37.0,35.3,Flávio,Flávio,Flávio,-12095.22,-13674.74,-0.08,-0.24,-509.8
3519709,Ibiúna,SP,Sudeste,Sudeste,,61951,23.06,30.62,2.07,32.69,31.38,Flávio,Flávio,Flávio,-15092.5,-16237.52,-0.08,-0.32,-495.61
3527207,Lorena,SP,Sudeste,Sudeste,,61172,19.43,33.92,2.07,35.99,34.44,Flávio,Flávio,Flávio,-12907.1,-14334.52,-0.08,-0.26,-489.38
3550605,São Roque,SP,Sudeste,Sudeste,,60260,22.39,39.73,2.07,41.8,39.85,Flávio,Flávio,Flávio,-6991.42,-8660.6,-0.08,-0.15,-482.08
3537602,Peruíbe,SP,Sudeste,Sudeste,,59840,27.85,41.52,2.07,43.59,41.48,Flávio,Flávio,Flávio,-5157.52,-6849.6,-0.08,-0.12,-478.72
3509601,Campo Limpo Paulista,SP,Sudeste,Sudeste,,59440,21.36,39.93,2.07,42.0,40.02,Flávio,Flávio,Flávio,-6838.96,-8529.22,-0.08,-0.15,-475.52
3506102,Bebedouro,SP,Sudeste,Sudeste,,56372,22.81,28.12,2.07,30.19,28.95,Flávio,Flávio,Flávio,-16152.41,-17160.36,-0.08,-0.36,-450.98
3513405,Cruzeiro,SP,Sudeste,Sudeste,,56188,20.87,37.13,2.07,39.2,37.46,Flávio,Flávio,Flávio,-8816.53,-10235.68,-0.08,-0.2,-449.5
3539301,Pirassununga,SP,Sudeste,Sudeste,,55163,22.14,28.24,2.07,30.31,29.17,Flávio,Flávio,Flávio,-15637.77,-16536.62,-0.08,-0.36,-441.3
3527108,Lins,SP,Sudeste,Sudeste,,53771,24.87,26.32,2.07,28.39,27.23,Flávio,Flávio,Flávio,-16294.42,-17166.42,-0.08,-0.4,-430.17
3501905,Amparo,SP,Sudeste,Sudeste,,53743,21.81,28.51,2.07,30.58,29.38,Flávio,Flávio,Flávio,-15006.9,-15939.52,-0.08,-0.36,-429.94
3515103,Embu-Guaçu,SP,Sudeste,Sudeste,,53717,25.28,47.52,2.07,49.59,46.92,Flávio,Flávio,Flávio,-300.8,-2236.42,-0.08,-0.01,-429.74
3522604,Itapira,SP,Sudeste,Sudeste,,53362,19.89,28.29,2.07,30.36,29.16,Flávio,Flávio,Flávio,-15217.51,-16147.74,-0.08,-0.36,-426.9
3506359,Bertioga,SP,Sudeste,Sudeste,,52928,26.54,40.87,2.07,42.94,40.88,Flávio,Flávio,Flávio,-5161.03,-6666.06,-0.08,-0.13,-423.42
3524303,Jaboticabal,SP,Sudeste,Sudeste,,50931,23.0,32.73,2.07,34.8,33.33,Flávio,Flávio,Flávio,-11155.2,-12234.28,-0.08,-0.28,-407.45
3526803,Lençóis Paulista,SP,Sudeste,Sudeste,,50784,21.05,22.93,2.07,25.0,24.08,Flávio,Flávio,Flávio,-18667.0,-19353.74,-0.08,-0.46,-406.27
3531100,Mongaguá,SP,Sudeste,Sudeste,,50491,30.7,47.51,2.07,49.58,47.04,Flávio,Flávio,Flávio,-268.52,-1909.22,-0.08,-0.01,-403.93
3515509,Fernandópolis,SP,Sudeste,Sudeste,,50193,23.73,32.8,2.07,34.87,33.27,Flávio,Flávio,Flávio,-10912.89,-12063.38,-0.08,-0.28,-401.54
3530508,Mococa,SP,Sudeste,Sudeste,,49126,24.01,31.28,2.07,33.35,31.93,Flávio,Flávio,Flávio,-11347.11,-12313.22,-0.08,-0.31,-393.01
3524006,Itupeva,SP,Sudeste,Sudeste,,48390,22.35,33.14,2.07,35.21,33.75,Flávio,Flávio,Flávio,-10285.97,-11303.62,-0.08,-0.27,-387.12
3507001,Boituva,SP,Sudeste,Sudeste,,47624,22.68,31.65,2.07,33.72,32.26,Flávio,Flávio,Flávio,-11089.34,-12084.6,-0.08,-0.3,-380.99
3533403,Nova Odessa,SP,Sudeste,Sudeste,,47408,17.78,34.24,2.07,36.31,34.73,Flávio,Flávio,Flávio,-9969.85,-11118.16,-0.08,-0.25,-379.26
3531803,Monte Mor,SP,Sudeste,Sudeste,,47316,22.09,41.85,2.07,43.92,41.79,Flávio,Flávio,Flávio,-4112.03,-5553.34,-0.08,-0.11,-378.53
3555000,Tupã,SP,Sudeste,Sudeste,,47261,23.83,25.92,2.07,27.99,26.82,Flávio,Flávio,Flávio,-14876.47,-15672.54,-0.08,-0.4,-378.09
3542602,Registro,SP,Sudeste,Sudeste,,45214,24.36,35.96,2.07,38.03,36.27,Flávio,Flávio,Flávio,-7694.26,-8825.94,-0.08,-0.22,-361.71
3524709,Jaguariúna,SP,Sudeste,Sudeste,,45186,20.65,30.87,2.07,32.94,31.67,Flávio,Flávio,Flávio,-11346.66,-12193.44,-0.08,-0.31,-361.49
3512803,Cosmópolis,SP,Sudeste,Sudeste,,44573,21.71,40.44,2.07,42.51,40.48,Flávio,Flávio,Flávio,-4832.26,-6144.26,-0.08,-0.14,-356.58
3537305,Penápolis,SP,Sudeste,Sudeste,,43746,21.38,30.55,2.07,32.62,31.12,Flávio,Flávio,Flávio,-11207.2,-12173.56,-0.08,-0.32,-349.97
3530300,Mirassol,SP,Sudeste,Sudeste,,43661,21.01,29.59,2.07,31.66,30.33,Flávio,Flávio,Flávio,-11800.54,-12654.64,-0.08,-0.34,-349.29
3556453,Vargem Grande Paulista,SP,Sudeste,Sudeste,,42997,22.47,41.43,2.07,43.5,41.39,Flávio,Flávio,Flávio,-3991.1,-5284.32,-0.08,-0.12,-343.98
3502101,Andradina,SP,Sudeste,Sudeste,,42476,22.79,33.39,2.07,35.46,33.81,Flávio,Flávio,Flávio,-8923.07,-9940.2,-0.08,-0.27,-339.81
3505906,Batatais,SP,Sudeste,Sudeste,,42270,19.84,38.83,2.07,40.9,39.0,Flávio,Flávio,Flávio,-5675.78,-6859.62,-0.08,-0.17,-338.16
3537800,Piedade,SP,Sudeste,Sudeste,,42011,24.98,33.48,2.07,35.55,34.01,Flávio,Flávio,Flávio,-8371.29,-9262.38,-0.08,-0.27,-336.09
3533908,Olímpia,SP,Sudeste,Sudeste,,41874,22.22,30.25,2.07,32.32,30.94,Flávio,Flávio,Flávio,-10741.85,-11582.04,-0.08,-0.33,-334.99
3546801,Santa Isabel,SP,Sudeste,Sudeste,,41696,20.16,35.58,2.07,37.65,35.97,Flávio,Flávio,Flávio,-7568.93,-8596.76,-0.08,-0.23,-333.57
3519600,Ibitinga,SP,Sudeste,Sudeste,,41272,21.15,30.53,2.07,32.6,31.11,Flávio,Flávio,Flávio,-10505.71,-11400.38,-0.08,-0.32,-330.18
3540606,Porto Feliz,SP,Sudeste,Sudeste,,41162,20.52,28.6,2.07,30.67,29.41,Flávio,Flávio,Flávio,-11745.16,-12511.04,-0.08,-0.36,-329.3
3540705,Porto Ferreira,SP,Sudeste,Sudeste,,39960,22.9,27.9,2.07,29.97,28.86,Flávio,Flávio,Flávio,-11327.81,-11951.08,-0.08,-0.37,-319.68
3527306,Louveira,SP,Sudeste,Sudeste,,39253,20.98,32.85,2.07,34.92,33.45,Flávio,Flávio,Flávio,-8773.97,-9629.62,-0.08,-0.28,-314.02
3549706,São José Do Rio Pardo,SP,Sudeste,Sudeste,,39191,23.78,31.61,2.07,33.68,32.31,Flávio,Flávio,Flávio,-8975.06,-9727.5,-0.08,-0.3,-313.53
3553708,Taquaritinga,SP,Sudeste,Sudeste,,38620,24.15,34.3,2.07,36.37,34.75,Flávio,Flávio,Flávio,-7365.15,-8238.9,-0.08,-0.25,-308.96
3503802,Artur Nogueira,SP,Sudeste,Sudeste,,38528,18.3,32.02,2.07,34.09,32.54,Flávio,Flávio,Flávio,-9312.42,-10220.1,-0.08,-0.29,-308.22
3528403,Mairinque,SP,Sudeste,Sudeste,,38466,21.43,41.07,2.07,43.14,41.07,Flávio,Flávio,Flávio,-3766.96,-4905.9,-0.08,-0.13,-307.73
3509700,Campos Do Jordão,SP,Sudeste,Sudeste,,38107,23.23,33.3,2.07,35.37,33.98,Flávio,Flávio,Flávio,-7819.16,-8562.24,-0.08,-0.27,-304.86
3510401,Capivari,SP,Sudeste,Sudeste,,37609,19.64,29.13,2.07,31.2,29.91,Flávio,Flávio,Flávio,-10551.06,-11274.68,-0.08,-0.35,-300.87
3508405,Cabreúva,SP,Sudeste,Sudeste,,36426,22.29,33.09,2.07,35.16,33.65,Flávio,Flávio,Flávio,-7768.5,-8557.78,-0.08,-0.27,-291.41
3524808,Jales,SP,Sudeste,Sudeste,,36025,20.94,28.05,2.07,30.12,28.73,Flávio,Flávio,Flávio,-10560.24,-11299.48,-0.08,-0.37,-288.2
3531308,Monte Alto,SP,Sudeste,Sudeste,,36025,22.62,26.79,2.07,28.86,27.84,Flávio,Flávio,Flávio,-10906.14,-11431.3,-0.08,-0.39,-288.2
3511508,Cerquilho,SP,Sudeste,Sudeste,,36003,21.45,24.38,2.07,26.45,25.48,Flávio,Flávio,Flávio,-12312.09,-12818.38,-0.08,-0.43,-288.02
3549409,São Joaquim Da Barra,SP,Sudeste,Sudeste,,35828,22.99,41.37,2.07,43.44,41.35,Flávio,Flávio,Flávio,-3357.85,-4429.9,-0.08,-0.12,-286.62
3510203,Capão Bonito,SP,Sudeste,Sudeste,,34293,21.36,34.91,2.07,36.98,35.29,Flávio,Flávio,Flávio,-6521.85,-7365.36,-0.08,-0.24,-274.34
3546405,Santa Cruz Do Rio Pardo,SP,Sudeste,Sudeste,,34041,23.66,23.98,2.07,26.05,24.9,Flávio,Flávio,Flávio,-11693.03,-12252.44,-0.08,-0.44,-272.33
3523206,Itararé,SP,Sudeste,Sudeste,,33780,24.9,31.98,2.07,34.05,32.53,Flávio,Flávio,Flávio,-7533.33,-8251.16,-0.08,-0.29,-270.24
3544103,Rio Grande Da Serra,SP,Sudeste,Sudeste,,33722,20.31,54.41,2.07,56.48,53.33,Lula,Lula,Lula,3142.78,1613.9,-0.08,0.12,-269.78
3514403,Dracena,SP,Sudeste,Sudeste,,33614,24.48,23.9,2.07,25.97,24.78,Flávio,Flávio,Flávio,-11572.86,-12144.02,-0.08,-0.44,-268.91
3551504,Serrana,SP,Sudeste,Sudeste,,33570,21.26,41.48,2.07,43.55,41.45,Flávio,Flávio,Flávio,-3161.67,-4191.8,-0.08,-0.12,-268.56
3537107,Pedreira,SP,Sudeste,Sudeste,,33383,19.77,24.86,2.07,26.93,25.81,Flávio,Flávio,Flávio,-11405.12,-11956.08,-0.08,-0.42,-267.06
3536703,Pederneiras,SP,Sudeste,Sudeste,,32588,19.64,27.89,2.07,29.96,28.64,Flávio,Flávio,Flávio,-9774.05,-10414.86,-0.08,-0.37,-260.7
3516705,Garça,SP,Sudeste,Sudeste,,32368,23.1,29.94,2.07,32.01,30.63,Flávio,Flávio,Flávio,-8187.97,-8813.78,-0.08,-0.33,-258.94
3545308,Salto De Pirapora,SP,Sudeste,Sudeste,,31402,23.95,36.5,2.07,38.57,36.81,Flávio,Flávio,Flávio,-4938.73,-5699.14,-0.08,-0.21,-251.22
3520400,Ilhabela,SP,Sudeste,Sudeste,,31086,24.36,41.13,2.07,43.2,41.12,Flávio,Flávio,Flávio,-2988.39,-3901.6,-0.08,-0.13,-248.69
3515186,Espírito Santo Do Pinhal,SP,Sudeste,Sudeste,,30946,23.69,33.55,2.07,35.62,34.21,Flávio,Flávio,Flávio,-6213.74,-6824.62,-0.08,-0.26,-247.57
3552106,Socorro,SP,Sudeste,Sudeste,,30482,19.03,22.54,2.07,24.61,23.79,Flávio,Flávio,Flávio,-11682.33,-12058.72,-0.08,-0.47,-243.86
3556404,Vargem Grande Do Sul,SP,Sudeste,Sudeste,,30430,23.26,30.13,2.07,32.2,30.92,Flávio,Flávio,Flávio,-7638.84,-8191.64,-0.08,-0.33,-243.44
3535507,Paraguaçu Paulista,SP,Sudeste,Sudeste,,29958,24.77,37.06,2.07,39.13,37.26,Flávio,Flávio,Flávio,-4598.63,-5390.42,-0.08,-0.2,-239.66
3541307,Presidente Epitácio,SP,Sudeste,Sudeste,,29804,26.2,39.32,2.07,41.39,39.4,Flávio,Flávio,Flávio,-3559.93,-4381.46,-0.08,-0.16,-238.43
3525102,Jardinópolis,SP,Sudeste,Sudeste,,29784,23.98,31.64,2.07,33.71,32.27,Flávio,Flávio,Flávio,-6771.17,-7371.78,-0.08,-0.3,-238.27
3554805,Tremembé,SP,Sudeste,Sudeste,,29627,20.11,33.13,2.07,35.2,33.76,Flávio,Flávio,Flávio,-6498.75,-7128.82,-0.08,-0.27,-237.02
3534302,Orlândia,SP,Sudeste,Sudeste,,29493,20.97,34.93,2.07,37.0,35.34,Flávio,Flávio,Flávio,-5587.02,-6297.34,-0.08,-0.24,-235.94
3550100,São Manuel,SP,Sudeste,Sudeste,,29305,21.04,33.28,2.07,35.35,33.75,Flávio,Flávio,Flávio,-6162.85,-6832.1,-0.08,-0.27,-234.44
3554508,Tietê,SP,Sudeste,Sudeste,,29070,20.34,27.21,2.07,29.28,28.18,Flávio,Flávio,Flávio,-8941.71,-9417.9,-0.08,-0.38,-232.56
3522703,Itápolis,SP,Sudeste,Sudeste,,28904,21.74,25.79,2.07,27.86,26.58,Flávio,Flávio,Flávio,-9387.86,-9929.82,-0.08,-0.41,-231.23
3500709,Agudos,SP,Sudeste,Sudeste,,28853,22.39,29.49,2.07,31.56,30.13,Flávio,Flávio,Flávio,-7624.1,-8212.76,-0.08,-0.34,-230.82
3533502,Novo Horizonte,SP,Sudeste,Sudeste,,28606,24.19,26.73,2.07,28.8,27.41,Flávio,Flávio,Flávio,-8691.35,-9260.42,-0.08,-0.39,-228.85
3517406,Guaíra,SP,Sudeste,Sudeste,,28555,26.3,31.6,2.07,33.67,32.15,Flávio,Flávio,Flávio,-6400.95,-6995.5,-0.08,-0.3,-228.44
3550407,São Pedro,SP,Sudeste,Sudeste,,28554,25.36,26.59,2.07,28.66,27.38,Flávio,Flávio,Flávio,-8548.62,-9060.4,-0.08,-0.39,-228.43
3518602,Guariba,SP,Sudeste,Sudeste,,28368,20.5,41.49,2.07,43.56,41.46,Flávio,Flávio,Flávio,-2699.69,-3580.82,-0.08,-0.12,-226.94
3505302,Barra Bonita,SP,Sudeste,Sudeste,,28333,20.19,30.26,2.07,32.33,30.98,Flávio,Flávio,Flávio,-7401.92,-7966.72,-0.08,-0.33,-226.66
3540200,Pontal,SP,Sudeste,Sudeste,,28287,18.54,41.55,2.07,43.62,41.52,Flávio,Flávio,Flávio,-2666.92,-3546.64,-0.08,-0.12,-226.3
3524105,Ituverava,SP,Sudeste,Sudeste,,27366,23.77,35.82,2.07,37.89,36.11,Flávio,Flávio,Flávio,-4733.22,-5429.3,-0.08,-0.22,-218.93
3501707,Américo Brasiliense,SP,Sudeste,Sudeste,,27310,20.39,51.5,2.07,53.57,50.84,Lula,Lula,Lula,1423.62,336.98,-0.08,0.07,-218.48
3525706,José Bonifácio,SP,Sudeste,Sudeste,,27281,22.11,29.2,2.07,31.27,29.93,Flávio,Flávio,Flávio,-7462.65,-7997.36,-0.08,-0.34,-218.25
3513108,Cravinhos,SP,Sudeste,Sudeste,,27124,24.73,30.62,2.07,32.69,31.4,Flávio,Flávio,Flávio,-6472.19,-6957.34,-0.08,-0.32,-216.99
3502507,Aparecida,SP,Sudeste,Sudeste,,26836,17.92,35.52,2.07,37.59,35.94,Flávio,Flávio,Flávio,-5155.06,-5840.48,-0.08,-0.23,-214.69
3525201,Jarinu,SP,Sudeste,Sudeste,,26768,24.66,33.62,2.07,35.69,34.16,Flávio,Flávio,Flávio,-5326.84,-5896.16,-0.08,-0.26,-214.14
3541604,Promissão,SP,Sudeste,Sudeste,,26512,27.3,35.99,2.07,38.06,36.26,Flávio,Flávio,Flávio,-4286.68,-4932.02,-0.08,-0.22,-212.1
3502903,Araçoiaba Da Serra,SP,Sudeste,Sudeste,,26408,22.57,30.15,2.07,32.22,30.83,Flávio,Flávio,Flávio,-6752.83,-7279.34,-0.08,-0.33,-211.26
3541505,Presidente Venceslau,SP,Sudeste,Sudeste,,26379,23.78,28.04,2.07,30.11,28.71,Flávio,Flávio,Flávio,-7503.1,-8029.7,-0.08,-0.37,-211.03
3518305,Guararema,SP,Sudeste,Sudeste,,26373,21.8,31.78,2.07,33.85,32.3,Flávio,Flávio,Flávio,-6196.13,-6789.74,-0.08,-0.3,-210.98
3519303,Ibaté,SP,Sudeste,Sudeste,,26265,23.14,40.2,2.07,42.27,40.26,Flávio,Flávio,Flávio,-2836.49,-3577.46,-0.08,-0.14,-210.12
3546603,Santa Fé Do Sul,SP,Sudeste,Sudeste,,25810,24.33,27.27,2.07,29.34,28.01,Flávio,Flávio,Flávio,-7548.98,-8037.72,-0.08,-0.38,-206.48
3500105,Adamantina,SP,Sudeste,Sudeste,,25494,22.42,22.53,2.07,24.6,23.54,Flávio,Flávio,Flávio,-9441.93,-9834.7,-0.08,-0.47,-203.95
3544004,Rio Das Pedras,SP,Sudeste,Sudeste,,25297,20.93,29.68,2.07,31.75,30.37,Flávio,Flávio,Flávio,-6801.06,-7317.16,-0.08,-0.34,-202.38
3539509,Pitangueiras,SP,Sudeste,Sudeste,,24981,20.75,40.81,2.07,42.88,40.82,Flávio,Flávio,Flávio,-2603.45,-3355.94,-0.08,-0.13,-199.85
3513702,Descalvado,SP,Sudeste,Sudeste,,24907,25.93,26.97,2.07,29.04,28.04,Flávio,Flávio,Flávio,-7028.42,-7363.9,-0.08,-0.39,-199.26
3550209,São Miguel Arcanjo,SP,Sudeste,Sudeste,,24440,22.53,33.33,2.07,35.4,33.76,Flávio,Flávio,Flávio,-5100.54,-5672.7,-0.08,-0.27,-195.52
3500303,Aguaí,SP,Sudeste,Sudeste,,24235,25.13,36.32,2.07,38.39,36.63,Flávio,Flávio,Flávio,-3826.81,-4407.16,-0.08,-0.21,-193.88
3506607,Biritiba Mirim,SP,Sudeste,Sudeste,,24212,24.04,36.72,2.07,38.79,37.04,Flávio,Flávio,Flávio,-3758.75,-4345.0,-0.08,-0.21,-193.7
3508603,Cachoeira Paulista,SP,Sudeste,Sudeste,,23891,21.63,38.04,2.07,40.11,38.25,Flávio,Flávio,Flávio,-3470.48,-4123.8,-0.08,-0.18,-191.13
3505609,Barrinha,SP,Sudeste,Sudeste,,23638,18.41,47.13,2.07,49.2,46.77,Flávio,Flávio,Flávio,-285.22,-1155.68,-0.08,-0.01,-189.1
3518206,Guararapes,SP,Sudeste,Sudeste,,23595,24.9,29.39,2.07,31.46,30.01,Flávio,Flávio,Flávio,-6174.22,-6657.18,-0.08,-0.34,-188.76
3505203,Bariri,SP,Sudeste,Sudeste,,23149,22.87,26.47,2.07,28.54,27.37,Flávio,Flávio,Flávio,-7029.58,-7410.84,-0.08,-0.39,-185.19
3510005,Cândido Mota,SP,Sudeste,Sudeste,,22894,21.17,27.21,2.07,29.28,27.94,Flávio,Flávio,Flávio,-6975.21,-7427.18,-0.08,-0.38,-183.15
3542206,Rancharia,SP,Sudeste,Sudeste,,22888,24.07,37.94,2.07,40.01,38.13,Flávio,Flávio,Flávio,-3268.34,-3883.44,-0.08,-0.18,-183.1
3526209,Juquitiba,SP,Sudeste,Sudeste,,22815,21.53,45.52,2.07,47.59,45.2,Flávio,Flávio,Flávio,-795.38,-1586.06,-0.08,-0.04,-182.52
3534609,Osvaldo Cruz,SP,Sudeste,Sudeste,,22809,24.25,24.81,2.07,26.88,25.62,Flávio,Flávio,Flávio,-7511.03,-7920.6,-0.08,-0.43,-182.47
3537909,Pilar Do Sul,SP,Sudeste,Sudeste,,22434,24.02,29.8,2.07,31.87,30.42,Flávio,Flávio,Flávio,-5739.31,-6199.24,-0.08,-0.33,-179.47
3551603,Serra Negra,SP,Sudeste,Sudeste,,22277,22.44,29.23,2.07,31.3,29.97,Flávio,Flávio,Flávio,-6029.16,-6458.88,-0.08,-0.34,-178.22
3520301,Iguape,SP,Sudeste,Sudeste,,22106,25.13,40.58,2.07,42.65,40.6,Flávio,Flávio,Flávio,-2283.48,-2920.24,-0.08,-0.14,-176.85
3509254,Cajati,SP,Sudeste,Sudeste,,22016,23.47,29.09,2.07,31.16,29.66,Flávio,Flávio,Flávio,-5981.05,-6456.5,-0.08,-0.35,-176.13
3538808,Piraju,SP,Sudeste,Sudeste,,21986,25.04,36.2,2.07,38.27,36.56,Flávio,Flávio,Flávio,-3555.75,-4075.92,-0.08,-0.22,-175.89
3521002,Iperó,SP,Sudeste,Sudeste,,21605,24.26,42.76,2.07,44.83,42.64,Flávio,Flávio,Flávio,-1541.0,-2194.24,-0.08,-0.1,-172.84
3538600,Piracaia,SP,Sudeste,Sudeste,,21552,20.41,29.11,2.07,31.18,30.0,Flávio,Flávio,Flávio,-5979.51,-6355.96,-0.08,-0.35,-172.42
3546306,Santa Cruz Das Palmeiras,SP,Sudeste,Sudeste,,21443,23.82,34.15,2.07,36.22,34.63,Flávio,Flávio,Flávio,-4122.32,-4599.2,-0.08,-0.25,-171.54
3512209,Conchal,SP,Sudeste,Sudeste,,20926,17.03,24.97,2.07,27.04,25.63,Flávio,Flávio,Flávio,-7471.06,-7931.28,-0.08,-0.42,-167.41
3526407,Laranjal Paulista,SP,Sudeste,Sudeste,,20780,23.19,22.63,2.07,24.7,23.65,Flávio,Flávio,Flávio,-7555.61,-7868.82,-0.08,-0.47,-166.24
3520442,Ilha Solteira,SP,Sudeste,Sudeste,,20245,29.87,41.02,2.07,43.09,41.02,Flávio,Flávio,Flávio,-1823.08,-2369.32,-0.08,-0.13,-161.96
3531902,Morro Agudo,SP,Sudeste,Sudeste,,20181,21.33,37.76,2.07,39.83,37.94,Flávio,Flávio,Flávio,-2988.36,-3542.86,-0.08,-0.19,-161.45
3547502,Santa Rita Do Passa Quatro,SP,Sudeste,Sudeste,,19993,24.67,26.22,2.07,28.29,27.22,Flávio,Flávio,Flávio,-6120.57,-6421.94,-0.08,-0.4,-159.94
3553401,Tanabi,SP,Sudeste,Sudeste,,19937,21.56,31.55,2.07,33.62,32.1,Flávio,Flávio,Flávio,-4829.92,-5275.68,-0.08,-0.3,-159.5
3520103,Igarapava,SP,Sudeste,Sudeste,S1#99,19718,24.8,43.95,2.07,46.02,43.75,Flávio,Flávio,Flávio,-1104.68,-1733.72,-0.08,-0.07,-157.74
3512407,Cordeirópolis,SP,Sudeste,Sudeste,,19567,19.12,29.0,2.07,31.07,29.79,Flávio,Flávio,Flávio,-5586.8,-5966.62,-0.08,-0.35,-156.54
3510807,Casa Branca,SP,Sudeste,Sudeste,,19558,25.25,30.65,2.07,32.72,31.36,Flávio,Flávio,Flávio,-4643.88,-5009.64,-0.08,-0.32,-156.46
3539202,Pirapozinho,SP,Sudeste,Sudeste,,19385,21.72,36.14,2.07,38.21,36.44,Flávio,Flávio,Flávio,-3369.03,-3876.26,-0.08,-0.22,-155.08
3546702,Santa Gertrudes,SP,Sudeste,Sudeste,,19153,19.76,29.72,2.07,31.79,30.39,Flávio,Flávio,Flávio,-5243.99,-5648.9,-0.08,-0.34,-153.22
3537404,Pereira Barreto,SP,Sudeste,Sudeste,,19125,27.52,39.37,2.07,41.44,39.45,Flávio,Flávio,Flávio,-2229.47,-2746.76,-0.08,-0.16,-153.0
3502705,Apiaí,SP,Sudeste,Sudeste,,18737,24.55,42.43,2.07,44.5,42.35,Flávio,Flávio,Flávio,-1429.66,-1987.9,-0.08,-0.1,-149.9
3514106,Dois Córregos,SP,Sudeste,Sudeste,,18565,24.53,29.84,2.07,31.91,30.4,Flávio,Flávio,Flávio,-4708.82,-5101.9,-0.08,-0.33,-148.52
3507100,Bom Jesus Dos Perdões,SP,Sudeste,Sudeste,,18368,20.54,33.19,2.07,35.26,33.81,Flávio,Flávio,Flávio,-3966.05,-4356.54,-0.08,-0.27,-146.94
3509403,Cajuru,SP,Sudeste,Sudeste,,18240,21.85,42.31,2.07,44.38,42.23,Flávio,Flávio,Flávio,-1485.27,-2052.04,-0.08,-0.1,-145.92
3513603,Cunha,SP,Sudeste,Sudeste,,18135,21.94,38.89,2.07,40.96,39.0,Flávio,Flávio,Flávio,-2374.14,-2889.58,-0.08,-0.17,-145.08
3553807,Taquarituba,SP,Sudeste,Sudeste,,18080,20.94,37.19,2.07,39.26,37.4,Flávio,Flávio,Flávio,-2844.42,-3339.3,-0.08,-0.2,-144.64
3529203,Martinópolis,SP,Sudeste,Sudeste,,18046,23.37,34.29,2.07,36.36,34.64,Flávio,Flávio,Flávio,-3542.13,-3989.4,-0.08,-0.25,-144.37
3547601,Santa Rosa De Viterbo,SP,Sudeste,Sudeste,,18030,22.47,39.62,2.07,41.69,39.73,Flávio,Flávio,Flávio,-2104.56,-2602.04,-0.08,-0.15,-144.24
3530102,Mirandópolis,SP,Sudeste,Sudeste,,17999,25.98,27.51,2.07,29.58,28.23,Flávio,Flávio,Flávio,-5043.55,-5377.02,-0.08,-0.38,-143.99
3501301,Álvares Machado,SP,Sudeste,Sudeste,,17955,20.22,34.84,2.07,36.91,35.17,Flávio,Flávio,Flávio,-3507.19,-3974.12,-0.08,-0.24,-143.64
3502200,Angatuba,SP,Sudeste,Sudeste,,17865,24.63,39.89,2.07,41.96,39.96,Flávio,Flávio,Flávio,-1990.3,-2484.04,-0.08,-0.15,-142.92
3502754,Araçariguama,SP,Sudeste,Sudeste,,17829,25.9,38.41,2.07,40.48,38.58,Flávio,Flávio,Flávio,-2352.17,-2821.62,-0.08,-0.18,-142.63
3507902,Brotas,SP,Sudeste,Sudeste,,17821,24.5,26.75,2.07,28.82,27.61,Flávio,Flávio,Flávio,-5266.07,-5567.26,-0.08,-0.39,-142.57
3521408,Iracemápolis,SP,Sudeste,Sudeste,,17617,16.64,28.35,2.07,30.42,29.07,Flávio,Flávio,Flávio,-5399.33,-5772.14,-0.08,-0.36,-140.94
3520004,Igaraçu Do Tietê,SP,Sudeste,Sudeste,,17539,19.61,36.06,2.07,38.13,36.35,Flávio,Flávio,Flávio,-3012.51,-3466.06,-0.08,-0.22,-140.31
3507803,Brodowski,SP,Sudeste,Sudeste,,17196,17.28,26.87,2.07,28.94,27.75,Flávio,Flávio,Flávio,-5587.52,-5903.12,-0.08,-0.39,-137.57
3554300,Teodoro Sampaio,SP,Sudeste,Sudeste,,17020,26.75,50.66,2.07,52.73,50.34,Lula,Lula,Lula,648.55,81.02,-0.08,0.05,-136.16
3531407,Monte Aprazível,SP,Sudeste,Sudeste,,16980,22.57,33.15,2.07,35.22,33.61,Flávio,Flávio,Flávio,-3628.39,-4023.08,-0.08,-0.27,-135.84
3505807,Bastos,SP,Sudeste,Sudeste,,16975,24.78,23.76,2.07,25.83,24.6,Flávio,Flávio,Flávio,-5797.38,-6093.3,-0.08,-0.44,-135.8
3504602,Bady Bassitt,SP,Sudeste,Sudeste,,16956,22.51,28.31,2.07,30.38,29.13,Flávio,Flávio,Flávio,-4845.4,-5154.66,-0.08,-0.36,-135.65
3521804,Itaí,SP,Sudeste,Sudeste,S1#50,16732,22.42,43.06,2.07,45.13,42.95,Flávio,Flávio,Flávio,-1176.87,-1701.22,-0.08,-0.09,-133.86
3548005,Santo Antônio De Posse,SP,Sudeste,Sudeste,,16288,19.12,29.21,2.07,31.28,29.84,Flávio,Flávio,Flávio,-4598.42,-4951.16,-0.08,-0.34,-130.3
3540002,Pompéia,SP,Sudeste,Sudeste,,16138,20.78,22.21,2.07,24.28,23.13,Flávio,Flávio,Flávio,-6211.16,-6487.54,-0.08,-0.47,-129.1
3535309,Palmital,SP,Sudeste,Sudeste,,16108,22.18,29.45,2.07,31.52,30.05,Flávio,Flávio,Flávio,-4352.38,-4699.2,-0.08,-0.34,-128.86
3556305,Valparaíso,SP,Sudeste,Sudeste,,15952,29.54,33.72,2.07,35.79,34.03,Flávio,Flávio,Flávio,-3028.18,-3405.1,-0.08,-0.26,-127.62
3517505,Guapiaçu,SP,Sudeste,Sudeste,,15943,22.78,32.5,2.07,34.57,32.99,Flávio,Flávio,Flávio,-3537.15,-3899.3,-0.08,-0.28,-127.54
3553302,Tambaú,SP,Sudeste,Sudeste,,15898,22.1,39.94,2.07,42.01,40.03,Flávio,Flávio,Flávio,-1820.2,-2272.1,-0.08,-0.15,-127.18
3542404,Regente Feijó,SP,Sudeste,Sudeste,,15711,21.21,33.13,2.07,35.2,33.53,Flávio,Flávio,Flávio,-3453.06,-3842.84,-0.08,-0.27,-125.69
3511003,Castilho,SP,Sudeste,Sudeste,,15377,23.65,51.12,2.07,53.19,50.68,Lula,Lula,Lula,707.96,150.08,-0.08,0.06,-123.02
3529906,Miracatu,SP,Sudeste,Sudeste,,15311,26.97,37.38,2.07,39.45,37.54,Flávio,Flávio,Flávio,-2215.75,-2617.78,-0.08,-0.19,-122.49
3526100,Juquiá,SP,Sudeste,Sudeste,,15229,27.93,36.64,2.07,38.71,36.85,Flávio,Flávio,Flávio,-2324.05,-2705.72,-0.08,-0.21,-121.83
3529708,Miguelópolis,SP,Sudeste,Sudeste,S1#84,15123,23.26,42.04,2.07,44.11,41.99,Flávio,Flávio,Flávio,-1299.13,-1764.48,-0.08,-0.11,-120.98
3547700,Santo Anastácio,SP,Sudeste,Sudeste,,15054,25.18,35.69,2.07,37.76,35.95,Flávio,Flávio,Flávio,-2576.24,-2955.94,-0.08,-0.23,-120.43
3515152,Engenheiro Coelho,SP,Sudeste,Sudeste,,14967,21.49,31.56,2.07,33.63,32.1,Flávio,Flávio,Flávio,-3619.45,-3956.38,-0.08,-0.3,-119.74
3511409,Cerqueira César,SP,Sudeste,Sudeste,,14958,26.87,32.63,2.07,34.7,33.23,Flávio,Flávio,Flávio,-3083.26,-3378.92,-0.08,-0.28,-119.66
3508009,Buri,SP,Sudeste,Sudeste,,14878,22.68,32.5,2.07,34.57,32.81,Flávio,Flávio,Flávio,-3329.21,-3708.12,-0.08,-0.28,-119.02
3538907,Pirajuí,SP,Sudeste,Sudeste,,14814,23.5,32.44,2.07,34.51,32.94,Flávio,Flávio,Flávio,-3261.84,-3591.74,-0.08,-0.29,-118.51
3533007,Nova Granada,SP,Sudeste,Sudeste,,14794,23.91,40.26,2.07,42.33,40.3,Flávio,Flávio,Flávio,-1612.83,-2039.78,-0.08,-0.14,-118.35
3545001,Salesópolis,SP,Sudeste,Sudeste,,14725,19.09,35.71,2.07,37.78,36.15,Flávio,Flávio,Flávio,-2678.61,-3037.14,-0.08,-0.22,-117.8
3510302,Capela Do Alto,SP,Sudeste,Sudeste,,14543,20.41,27.78,2.07,29.85,28.44,Flávio,Flávio,Flávio,-4331.88,-4633.88,-0.08,-0.37,-116.34
3532405,Nazaré Paulista,SP,Sudeste,Sudeste,,14473,21.27,32.28,2.07,34.35,32.94,Flávio,Flávio,Flávio,-3265.33,-3559.98,-0.08,-0.29,-115.78
3543006,Ribeirão Branco,SP,Sudeste,Sudeste,S1#36,14335,22.83,43.21,2.07,45.28,43.14,Flávio,Flávio,Flávio,-980.03,-1425.44,-0.08,-0.09,-114.68
3536208,Pariquera-Açu,SP,Sudeste,Sudeste,,14302,21.55,29.16,2.07,31.23,29.74,Flávio,Flávio,Flávio,-3920.95,-4230.68,-0.08,-0.35,-114.42
3544251,Rosana,SP,Sudeste,Sudeste,,14263,31.37,52.48,2.07,54.55,52.03,Lula,Lula,Lula,844.29,377.18,-0.08,0.08,-114.1
3531506,Monte Azul Paulista,SP,Sudeste,Sudeste,,14242,21.39,28.1,2.07,30.17,28.85,Flávio,Flávio,Flávio,-4139.29,-4414.78,-0.08,-0.36,-113.94
3517703,Guará,SP,Sudeste,Sudeste,S1#85 S3#78,14159,20.51,44.31,2.07,46.38,44.13,Flávio,Flávio,Flávio,-765.51,-1240.2,-0.08,-0.07,-113.27
3539103,Pirapora Do Bom Jesus,SP,Sudeste,Sudeste,,14158,24.68,49.96,2.07,52.03,49.34,Flávio,Lula,Flávio,403.25,-131.48,-0.08,0.04,-113.26
3526001,Junqueirópolis,SP,Sudeste,Sudeste,,14112,24.16,28.31,2.07,30.38,29.01,Flávio,Flávio,Flávio,-3930.54,-4204.4,-0.08,-0.36,-112.9
3523503,Itatinga,SP,Sudeste,Sudeste,,14071,23.91,34.98,2.07,37.05,35.38,Flávio,Flávio,Flávio,-2538.38,-2866.36,-0.08,-0.24,-112.57
3500501,Águas De Lindóia,SP,Sudeste,Sudeste,,14061,18.16,25.86,2.07,27.93,26.72,Flávio,Flávio,Flávio,-4728.69,-4988.64,-0.08,-0.41,-112.49
3512001,Colina,SP,Sudeste,Sudeste,,14048,22.91,39.2,2.07,41.27,39.49,Flávio,Flávio,Flávio,-1721.62,-2071.3,-0.08,-0.16,-112.38
3501152,Alumínio,SP,Sudeste,Sudeste,,14040,20.49,43.23,2.07,45.3,43.03,Flávio,Flávio,Flávio,-972.25,-1442.24,-0.08,-0.09,-112.32
3540804,Potirendaba,SP,Sudeste,Sudeste,,13860,21.15,31.19,2.07,33.26,31.68,Flávio,Flávio,Flávio,-3421.3,-3744.86,-0.08,-0.31,-110.88
3535606,Paraibuna,SP,Sudeste,Sudeste,,13836,20.69,43.07,2.07,45.14,42.96,Flávio,Flávio,Flávio,-1007.54,-1461.52,-0.08,-0.09,-110.69
3511607,Cesário Lange,SP,Sudeste,Sudeste,,13804,22.79,26.03,2.07,28.1,26.75,Flávio,Flávio,Flávio,-4220.45,-4482.18,-0.08,-0.4,-110.43
3517604,Guapiara,SP,Sudeste,Sudeste,,13629,23.52,52.07,2.07,54.14,51.6,Lula,Lula,Lula,801.61,309.66,-0.08,0.08,-109.03
3540903,Pradópolis,SP,Sudeste,Sudeste,,13603,17.31,37.33,2.07,39.4,37.59,Flávio,Flávio,Flávio,-2201.29,-2577.32,-0.08,-0.19,-108.82
3535804,Paranapanema,SP,Sudeste,Sudeste,,13591,19.62,35.86,2.07,37.93,36.08,Flávio,Flávio,Flávio,-2481.45,-2861.98,-0.08,-0.22,-108.73
3527405,Lucélia,SP,Sudeste,Sudeste,,13549,26.3,31.16,2.07,33.23,31.69,Flávio,Flávio,Flávio,-3139.21,-3428.46,-0.08,-0.31,-108.39
3514908,Elias Fausto,SP,Sudeste,Sudeste,,13526,18.71,28.4,2.07,30.47,29.08,Flávio,Flávio,Flávio,-3947.93,-4228.14,-0.08,-0.36,-108.21
3521705,Itaberá,SP,Sudeste,Sudeste,,13507,20.38,38.7,2.07,40.77,38.8,Flávio,Flávio,Flávio,-1868.12,-2266.38,-0.08,-0.17,-108.06
3508702,Caconde,SP,Sudeste,Sudeste,,13333,23.47,39.29,2.07,41.36,39.4,Flávio,Flávio,Flávio,-1628.86,-1999.48,-0.08,-0.16,-106.66
3520426,Ilha Comprida,SP,Sudeste,Sudeste,,13297,32.75,42.55,2.07,44.62,42.47,Flávio,Flávio,Flávio,-893.66,-1252.52,-0.08,-0.1,-106.38
3511706,Charqueada,SP,Sudeste,Sudeste,,13212,21.68,27.35,2.07,29.42,28.03,Flávio,Flávio,Flávio,-4000.47,-4270.08,-0.08,-0.38,-105.7
3508108,Buritama,SP,Sudeste,Sudeste,,13143,23.94,31.99,2.07,34.06,32.38,Flávio,Flávio,Flávio,-3005.94,-3323.96,-0.08,-0.29,-105.14
3556800,Viradouro,SP,Sudeste,Sudeste,,13103,18.21,28.39,2.07,30.46,29.06,Flávio,Flávio,Flávio,-3924.54,-4206.2,-0.08,-0.36,-104.82
3530201,Mirante Do Paranapanema,SP,Sudeste,Sudeste,,12713,27.62,53.34,2.07,55.41,52.89,Lula,Lula,Lula,946.96,505.46,-0.08,0.1,-101.7
3501004,Altinópolis,SP,Sudeste,Sudeste,,12706,22.0,41.2,2.07,43.27,41.18,Flávio,Flávio,Flávio,-1219.77,-1596.92,-0.08,-0.12,-101.65
3512308,Conchas,SP,Sudeste,Sudeste,,12626,28.08,27.14,2.07,29.21,27.93,Flávio,Flávio,Flávio,-3546.93,-3765.8,-0.08,-0.38,-101.01
3519055,Holambra,SP,Sudeste,Sudeste,,12570,18.97,26.32,2.07,28.39,27.32,Flávio,Flávio,Flávio,-4115.52,-4319.2,-0.08,-0.4,-100.56
3540754,Potim,SP,Sudeste,Sudeste,,12546,18.14,38.08,2.07,40.15,38.29,Flávio,Flávio,Flávio,-1902.44,-2261.76,-0.08,-0.18,-100.37
3515400,Fartura,SP,Sudeste,Sudeste,,12518,23.32,39.87,2.07,41.94,39.95,Flávio,Flávio,Flávio,-1442.62,-1799.7,-0.08,-0.15,-100.14
3528007,Macatuba,SP,Sudeste,Sudeste,,12402,18.88,29.33,2.07,31.4,29.98,Flávio,Flávio,Flávio,-3476.54,-3740.36,-0.08,-0.34,-99.22
3524600,Jacupiranga,SP,Sudeste,Sudeste,,12334,24.58,28.99,2.07,31.06,29.66,Flávio,Flávio,Flávio,-3328.12,-3573.34,-0.08,-0.35,-98.67
3521903,Itajobi,SP,Sudeste,Sudeste,,12328,19.33,22.78,2.07,24.85,23.53,Flávio,Flávio,Flávio,-4707.34,-4954.16,-0.08,-0.46,-98.62
3537008,Pedregulho,SP,Sudeste,Sudeste,S1#80,12296,22.67,47.49,2.07,49.56,47.18,Flávio,Flávio,Flávio,-79.04,-500.62,-0.08,-0.01,-98.37
3508801,Cafelândia,SP,Sudeste,Sudeste,,12245,23.79,34.08,2.07,36.15,34.48,Flávio,Flávio,Flávio,-2404.5,-2695.48,-0.08,-0.25,-97.96
3549953,São Lourenço Da Serra,SP,Sudeste,Sudeste,,11946,21.8,44.8,2.07,46.87,44.52,Flávio,Flávio,Flávio,-536.13,-938.66,-0.08,-0.06,-95.57
3546009,Santa Branca,SP,Sudeste,Sudeste,,11889,23.07,34.7,2.07,36.77,35.13,Flávio,Flávio,Flávio,-2262.53,-2544.04,-0.08,-0.24,-95.11
3551900,Severínia,SP,Sudeste,Sudeste,,11642,17.46,36.54,2.07,38.61,36.74,Flávio,Flávio,Flávio,-2064.91,-2403.8,-0.08,-0.21,-93.14
3553955,Tarumã,SP,Sudeste,Sudeste,,11526,20.89,34.35,2.07,36.42,34.67,Flávio,Flávio,Flávio,-2351.76,-2653.74,-0.08,-0.25,-92.21
3538204,Pinhalzinho,SP,Sudeste,Sudeste,,11384,21.64,29.54,2.07,31.61,30.19,Flávio,Flávio,Flávio,-3005.0,-3237.02,-0.08,-0.34,-91.07
3521309,Ipuã,SP,Sudeste,Sudeste,S1#75,11207,21.58,46.91,2.07,48.98,46.57,Flávio,Flávio,Flávio,-167.89,-565.1,-0.08,-0.02,-89.66
3550902,São Simão,SP,Sudeste,Sudeste,,11158,23.27,37.35,2.07,39.42,37.65,Flávio,Flávio,Flávio,-1675.39,-1956.08,-0.08,-0.19,-89.26
3504206,Auriflama,SP,Sudeste,Sudeste,,11053,21.79,28.94,2.07,31.01,29.37,Flávio,Flávio,Flávio,-3117.11,-3385.2,-0.08,-0.35,-88.42
3522802,Itaporanga,SP,Sudeste,Sudeste,,11006,24.3,35.16,2.07,37.23,35.42,Flávio,Flávio,Flávio,-2005.26,-2289.0,-0.08,-0.24,-88.05
3555109,Tupi Paulista,SP,Sudeste,Sudeste,,10833,22.57,30.21,2.07,32.28,30.81,Flávio,Flávio,Flávio,-2807.58,-3041.84,-0.08,-0.33,-86.66
3545605,Santa Adélia,SP,Sudeste,Sudeste,,10828,23.37,33.19,2.07,35.26,33.69,Flávio,Flávio,Flávio,-2273.58,-2515.48,-0.08,-0.27,-86.62
3514809,Eldorado,SP,Sudeste,Sudeste,,10787,28.08,43.66,2.07,45.73,43.56,Flávio,Flávio,Flávio,-622.99,-939.96,-0.08,-0.08,-86.3
3507407,Borborema,SP,Sudeste,Sudeste,,10738,21.56,27.22,2.07,29.29,27.93,Flávio,Flávio,Flávio,-3272.06,-3486.94,-0.08,-0.38,-85.9
3552700,Tabatinga,SP,Sudeste,Sudeste,,10716,20.99,34.95,2.07,37.02,35.22,Flávio,Flávio,Flávio,-2037.48,-2320.74,-0.08,-0.24,-85.73
3556008,Urupês,SP,Sudeste,Sudeste,,10624,21.49,25.61,2.07,27.68,26.24,Flávio,Flávio,Flávio,-3512.46,-3738.82,-0.08,-0.41,-84.99
3532009,Morungaba,SP,Sudeste,Sudeste,,10613,18.72,27.51,2.07,29.58,28.31,Flávio,Flávio,Flávio,-3270.08,-3473.84,-0.08,-0.38,-84.9
3536307,Patrocínio Paulista,SP,Sudeste,Sudeste,,10549,22.53,34.84,2.07,36.91,35.28,Flávio,Flávio,Flávio,-2005.42,-2253.68,-0.08,-0.24,-84.39
3538105,Pindorama,SP,Sudeste,Sudeste,,10497,18.98,29.4,2.07,31.47,30.02,Flávio,Flávio,Flávio,-2933.16,-3163.32,-0.08,-0.34,-83.98
3509908,Cananéia,SP,Sudeste,Sudeste,,10410,26.45,41.6,2.07,43.67,41.57,Flávio,Flávio,Flávio,-914.66,-1218.18,-0.08,-0.12,-83.28
3528809,Maracaí,SP,Sudeste,Sudeste,,10406,19.58,32.47,2.07,34.54,32.88,Flávio,Flávio,Flávio,-2448.87,-2712.48,-0.08,-0.28,-83.25
3523602,Itirapina,SP,Sudeste,Sudeste,,10400,24.8,37.73,2.07,39.8,37.92,Flávio,Flávio,Flávio,-1473.89,-1746.22,-0.08,-0.19,-83.2
3551801,Sete Barras,SP,Sudeste,Sudeste,,10260,25.87,35.82,2.07,37.89,36.04,Flávio,Flávio,Flávio,-1730.11,-1995.5,-0.08,-0.22,-82.08
3541208,Presidente Bernardes,SP,Sudeste,Sudeste,,10209,25.62,34.22,2.07,36.29,34.51,Flávio,Flávio,Flávio,-1975.87,-2232.74,-0.08,-0.25,-81.67
3550001,São Luís Do Paraitinga,SP,Sudeste,Sudeste,,10204,21.0,44.33,2.07,46.4,44.12,Flávio,Flávio,Flávio,-538.72,-880.52,-0.08,-0.07,-81.63
3556107,Valentim Gentil,SP,Sudeste,Sudeste,,10146,19.32,32.02,2.07,34.09,32.45,Flávio,Flávio,Flávio,-2452.18,-2704.5,-0.08,-0.29,-81.17
3539400,Piratininga,SP,Sudeste,Sudeste,,10141,21.53,27.61,2.07,29.68,28.47,Flávio,Flávio,Flávio,-3038.48,-3219.82,-0.08,-0.37,-81.13
3541703,Quatá,SP,Sudeste,Sudeste,,10121,23.2,31.19,2.07,33.26,31.66,Flávio,Flávio,Flávio,-2460.93,-2695.56,-0.08,-0.31,-80.97
3527603,Luís Antônio,SP,Sudeste,Sudeste,,10065,24.65,41.22,2.07,43.29,41.21,Flávio,Flávio,Flávio,-944.55,-1237.7,-0.08,-0.12,-80.52
3538501,Piquete,SP,Sudeste,Sudeste,,10045,24.74,33.55,2.07,35.62,34.08,Flávio,Flávio,Flávio,-2018.68,-2235.04,-0.08,-0.26,-80.36
3520905,Ipaussu,SP,Sudeste,Sudeste,,9987,20.26,31.23,2.07,33.3,31.88,Flávio,Flávio,Flávio,-2476.39,-2687.2,-0.08,-0.31,-79.9
3535408,Panorama,SP,Sudeste,Sudeste,,9923,20.87,35.74,2.07,37.81,35.93,Flávio,Flávio,Flávio,-1792.8,-2068.58,-0.08,-0.22,-79.38
3514502,Duartina,SP,Sudeste,Sudeste,,9858,23.7,35.89,2.07,37.96,36.2,Flávio,Flávio,Flávio,-1685.4,-1932.18,-0.08,-0.22,-78.86
3523305,Itariri,SP,Sudeste,Sudeste,,9789,26.82,37.02,2.07,39.09,37.2,Flávio,Flávio,Flávio,-1471.64,-1725.86,-0.08,-0.2,-78.31
3506706,Boa Esperança Do Sul,SP,Sudeste,Sudeste,,9706,22.13,48.02,2.07,50.09,47.65,Flávio,Lula,Flávio,12.07,-322.82,-0.08,0.0,-77.65
3510708,Cardoso,SP,Sudeste,Sudeste,,9593,28.74,42.03,2.07,44.1,41.99,Flávio,Flávio,Flávio,-761.25,-1033.62,-0.08,-0.11,-76.74
3513900,Divinolândia,SP,Sudeste,Sudeste,,9543,20.67,26.81,2.07,28.88,27.55,Flávio,Flávio,Flávio,-2931.95,-3116.1,-0.08,-0.39,-76.34
3557303,Estiva Gerbi,SP,Sudeste,Sudeste,,9490,19.73,29.51,2.07,31.58,30.1,Flávio,Flávio,Flávio,-2616.87,-2827.82,-0.08,-0.34,-75.92
3522901,Itapuí,SP,Sudeste,Sudeste,,9473,19.54,34.16,2.07,36.23,34.55,Flávio,Flávio,Flávio,-1931.29,-2165.8,-0.08,-0.25,-75.78
3525508,Joanópolis,SP,Sudeste,Sudeste,,9451,18.98,28.19,2.07,30.26,29.0,Flávio,Flávio,Flávio,-2788.25,-2966.08,-0.08,-0.36,-75.61
3520202,Igaratá,SP,Sudeste,Sudeste,,9443,22.13,32.88,2.07,34.95,33.47,Flávio,Flávio,Flávio,-2048.32,-2250.64,-0.08,-0.28,-75.54
3553005,Taguaí,SP,Sudeste,Sudeste,,9253,19.55,34.15,2.07,36.22,34.49,Flávio,Flávio,Flávio,-1934.94,-2178.02,-0.08,-0.25,-74.02
3553609,Tapiratiba,SP,Sudeste,Sudeste,S3#83,9228,19.46,42.74,2.07,44.81,42.63,Flávio,Flávio,Flávio,-703.81,-1000.34,-0.08,-0.1,-73.82
3519402,Ibirá,SP,Sudeste,Sudeste,,9094,18.62,27.3,2.07,29.37,27.89,Flávio,Flávio,Flávio,-2886.69,-3093.9,-0.08,-0.38,-72.75
3548609,São Bento Do Sapucaí,SP,Sudeste,Sudeste,,9073,20.26,34.06,2.07,36.13,34.6,Flávio,Flávio,Flávio,-1851.0,-2055.54,-0.08,-0.26,-72.58
3535002,Palestina,SP,Sudeste,Sudeste,,8996,23.83,36.15,2.07,38.22,36.38,Flávio,Flávio,Flávio,-1516.22,-1753.18,-0.08,-0.22,-71.97
3506904,Bofete,SP,Sudeste,Sudeste,,8935,27.03,36.16,2.07,38.23,36.4,Flávio,Flávio,Flávio,-1418.54,-1638.46,-0.08,-0.22,-71.48
3518503,Guareí,SP,Sudeste,Sudeste,,8903,19.16,28.38,2.07,30.45,29.03,Flávio,Flávio,Flávio,-2514.49,-2697.22,-0.08,-0.36,-71.22
3552601,Tabapuã,SP,Sudeste,Sudeste,,8762,18.88,27.67,2.07,29.74,28.22,Flávio,Flávio,Flávio,-2671.07,-2871.0,-0.08,-0.37,-70.1
3529807,Mineiros Do Tietê,SP,Sudeste,Sudeste,,8683,21.64,27.08,2.07,29.15,27.84,Flávio,Flávio,Flávio,-2592.11,-2754.9,-0.08,-0.38,-69.46
3557204,Chavantes,SP,Sudeste,Sudeste,,8675,20.92,35.34,2.07,37.41,35.67,Flávio,Flávio,Flávio,-1615.38,-1838.64,-0.08,-0.23,-69.4
3542909,Ribeirão Bonito,SP,Sudeste,Sudeste,,8616,26.79,42.13,2.07,44.2,42.06,Flávio,Flávio,Flávio,-673.94,-921.64,-0.08,-0.11,-68.93
3511300,Cedral,SP,Sudeste,Sudeste,,8582,21.1,26.46,2.07,28.53,27.4,Flávio,Flávio,Flávio,-2739.96,-2884.64,-0.08,-0.4,-68.66
3506805,Bocaina,SP,Sudeste,Sudeste,,8535,20.52,27.07,2.07,29.14,27.9,Flávio,Flávio,Flávio,-2592.83,-2747.22,-0.08,-0.38,-68.28
3544905,Sales Oliveira,SP,Sudeste,Sudeste,,8527,19.9,30.14,2.07,32.21,30.93,Flávio,Flávio,Flávio,-2243.49,-2405.62,-0.08,-0.33,-68.22
3550803,São Sebastião Da Grama,SP,Sudeste,Sudeste,,8398,23.2,34.04,2.07,36.11,34.52,Flávio,Flávio,Flávio,-1633.97,-1820.8,-0.08,-0.26,-67.18
3544301,Roseira,SP,Sudeste,Sudeste,,8328,17.9,34.5,2.07,36.57,34.97,Flávio,Flávio,Flávio,-1718.89,-1924.62,-0.08,-0.25,-66.62
3555604,Uchoa,SP,Sudeste,Sudeste,,8307,22.58,34.89,2.07,36.96,35.3,Flávio,Flávio,Flávio,-1546.27,-1743.56,-0.08,-0.24,-66.46
3519105,Iacanga,SP,Sudeste,Sudeste,,8269,21.01,28.39,2.07,30.46,29.01,Flávio,Flávio,Flávio,-2403.89,-2582.18,-0.08,-0.36,-66.15
3504909,Bananal,SP,Sudeste,Sudeste,,8233,20.21,50.99,2.07,53.06,50.45,Lula,Lula,Lula,373.02,54.64,-0.08,0.06,-65.86
3503604,Areiópolis,SP,Sudeste,Sudeste,,8193,18.76,42.23,2.07,44.3,42.16,Flávio,Flávio,Flávio,-697.04,-958.06,-0.08,-0.1,-65.54
3517208,Guaiçara,SP,Sudeste,Sudeste,,8162,25.45,34.38,2.07,36.45,34.74,Flávio,Flávio,Flávio,-1527.41,-1720.9,-0.08,-0.25,-65.3
3517901,Guaraci,SP,Sudeste,Sudeste,,8095,21.4,46.09,2.07,48.16,45.85,Flávio,Flávio,Flávio,-219.16,-495.24,-0.08,-0.03,-64.76
3534757,Ouroeste,SP,Sudeste,Sudeste,,7997,23.41,35.61,2.07,37.68,35.86,Flávio,Flávio,Flávio,-1422.67,-1633.62,-0.08,-0.23,-63.98
3516903,General Salgado,SP,Sudeste,Sudeste,,7966,24.67,31.59,2.07,33.66,31.98,Flávio,Flávio,Flávio,-1860.93,-2051.7,-0.08,-0.3,-63.73
3539004,Pirangi,SP,Sudeste,Sudeste,,7897,20.89,24.52,2.07,26.59,25.41,Flávio,Flávio,Flávio,-2732.2,-2870.28,-0.08,-0.43,-63.18
3537206,Pedro De Toledo,SP,Sudeste,Sudeste,,7891,29.77,42.24,2.07,44.31,42.17,Flávio,Flávio,Flávio,-591.76,-814.44,-0.08,-0.1,-63.13
3556602,Vera Cruz,SP,Sudeste,Sudeste,,7886,21.71,32.73,2.07,34.8,33.13,Flávio,Flávio,Flávio,-1747.56,-1940.14,-0.08,-0.28,-63.09
3532603,Nhandeara,SP,Sudeste,Sudeste,,7745,23.67,26.05,2.07,28.12,26.79,Flávio,Flávio,Flávio,-2444.89,-2593.56,-0.08,-0.4,-61.96
3506300,Bernardino De Campos,SP,Sudeste,Sudeste,,7724,22.06,33.1,2.07,35.17,33.54,Flávio,Flávio,Flávio,-1661.12,-1843.28,-0.08,-0.27,-61.79
3536000,Parapuã,SP,Sudeste,Sudeste,,7605,21.59,30.5,2.07,32.57,30.98,Flávio,Flávio,Flávio,-1918.11,-2093.08,-0.08,-0.32,-60.84
3534906,Pacaembu,SP,Sudeste,Sudeste,,7523,23.39,30.77,2.07,32.84,31.21,Flávio,Flávio,Flávio,-1861.44,-2038.0,-0.08,-0.32,-60.18
3540507,Porangaba,SP,Sudeste,Sudeste,,7483,24.42,36.81,2.07,38.88,37.02,Flávio,Flávio,Flávio,-1169.81,-1366.36,-0.08,-0.2,-59.86
3543808,Rinópolis,SP,Sudeste,Sudeste,,7452,26.57,25.9,2.07,27.97,26.51,Flávio,Flávio,Flávio,-2260.95,-2410.38,-0.08,-0.41,-59.62
3504404,Avanhandava,SP,Sudeste,Sudeste,,7452,22.18,42.29,2.07,44.36,42.22,Flávio,Flávio,Flávio,-609.11,-839.56,-0.08,-0.1,-59.62
3509304,Cajobi,SP,Sudeste,Sudeste,,7437,15.18,33.25,2.07,35.32,33.61,Flávio,Flávio,Flávio,-1737.03,-1939.28,-0.08,-0.27,-59.5
3535200,Palmeira D'Oeste,SP,Sudeste,Sudeste,,7437,23.81,34.74,2.07,36.81,35.05,Flávio,Flávio,Flávio,-1401.32,-1588.18,-0.08,-0.24,-59.5
3516002,Flórida Paulista,SP,Sudeste,Sudeste,,7407,23.03,31.73,2.07,33.8,32.06,Flávio,Flávio,Flávio,-1747.76,-1935.44,-0.08,-0.3,-59.26
3551108,Sarapuí,SP,Sudeste,Sudeste,,7398,19.28,39.55,2.07,41.62,39.62,Flávio,Flávio,Flávio,-926.75,-1147.9,-0.08,-0.15,-59.18
3504800,Bálsamo,SP,Sudeste,Sudeste,,7397,20.85,26.23,2.07,28.3,27.09,Flávio,Flávio,Flávio,-2382.94,-2516.12,-0.08,-0.4,-59.18
3551405,Serra Azul,SP,Sudeste,Sudeste,,7366,22.36,46.57,2.07,48.64,46.26,Flávio,Flávio,Flávio,-145.35,-399.9,-0.08,-0.03,-58.93
3535101,Palmares Paulista,SP,Sudeste,Sudeste,,7352,16.31,40.96,2.07,43.03,40.97,Flávio,Flávio,Flávio,-784.4,-1017.08,-0.08,-0.13,-58.82
3514601,Dumont,SP,Sudeste,Sudeste,,7337,19.49,29.64,2.07,31.71,30.39,Flávio,Flávio,Flávio,-2011.38,-2156.82,-0.08,-0.34,-58.7
3513207,Cristais Paulista,SP,Sudeste,Sudeste,,7311,22.99,36.57,2.07,38.64,36.87,Flávio,Flávio,Flávio,-1195.48,-1382.44,-0.08,-0.21,-58.49
3548054,Santo Antônio Do Aracanguá,SP,Sudeste,Sudeste,,7290,21.03,38.04,2.07,40.11,38.18,Flávio,Flávio,Flávio,-1090.36,-1303.2,-0.08,-0.18,-58.32
3542107,Rafard,SP,Sudeste,Sudeste,,7253,16.63,27.1,2.07,29.17,27.91,Flávio,Flávio,Flávio,-2360.87,-2503.36,-0.08,-0.38,-58.02
3532900,Nova Europa,SP,Sudeste,Sudeste,,7172,21.29,48.94,2.07,51.01,48.44,Flávio,Lula,Flávio,105.22,-162.64,-0.08,0.02,-57.38
3543709,Rincão,SP,Sudeste,Sudeste,,7171,23.33,48.53,2.07,50.6,48.17,Flávio,Lula,Flávio,60.73,-183.4,-0.08,0.01,-57.37
3545159,Saltinho,SP,Sudeste,Sudeste,,7141,17.94,16.23,2.07,18.3,17.41,Flávio,Flávio,Flávio,-3548.96,-3648.02,-0.08,-0.58,-57.13
3515202,Estrela D'Oeste,SP,Sudeste,Sudeste,,7128,22.03,27.35,2.07,29.42,28.04,Flávio,Flávio,Flávio,-2144.49,-2287.6,-0.08,-0.38,-57.02
3541901,Queluz,SP,Sudeste,Sudeste,,7112,23.03,49.37,2.07,51.44,48.84,Flávio,Lula,Flávio,148.41,-119.66,-0.08,0.03,-56.9
3544202,Riolândia,SP,Sudeste,Sudeste,,7103,22.38,46.29,2.07,48.36,46.13,Flávio,Flávio,Flávio,-171.41,-404.14,-0.08,-0.03,-56.82
3528601,Manduri,SP,Sudeste,Sudeste,,7096,21.18,33.8,2.07,35.87,34.34,Flávio,Flávio,Flávio,-1448.89,-1605.74,-0.08,-0.26,-56.77
3532504,Neves Paulista,SP,Sudeste,Sudeste,,7059,20.1,34.96,2.07,37.03,35.31,Flávio,Flávio,Flávio,-1346.72,-1525.04,-0.08,-0.24,-56.47
3517000,Getulina,SP,Sudeste,Sudeste,,7043,28.84,38.89,2.07,40.96,39.0,Flávio,Flávio,Flávio,-837.19,-1018.7,-0.08,-0.17,-56.34
3512902,Cosmorama,SP,Sudeste,Sudeste,,7030,20.73,34.63,2.07,36.7,34.86,Flávio,Flávio,Flávio,-1409.4,-1604.74,-0.08,-0.24,-56.24
3532827,Nova Campina,SP,Sudeste,Sudeste,,6959,21.54,38.72,2.07,40.79,38.82,Flávio,Flávio,Flávio,-951.33,-1155.06,-0.08,-0.17,-55.67
3519006,Herculândia,SP,Sudeste,Sudeste,,6937,24.59,30.68,2.07,32.75,31.03,Flávio,Flávio,Flávio,-1690.65,-1858.96,-0.08,-0.32,-55.5
3549508,São José Da Bela Vista,SP,Sudeste,Sudeste,,6916,28.5,46.86,2.07,48.93,46.6,Flávio,Flávio,Flávio,-98.12,-311.96,-0.08,-0.02,-55.33
3555802,Urânia,SP,Sudeste,Sudeste,,6898,18.98,31.7,2.07,33.77,32.08,Flávio,Flávio,Flávio,-1695.97,-1872.94,-0.08,-0.3,-55.18
3542701,Restinga,SP,Sudeste,Sudeste,,6817,24.31,42.12,2.07,44.19,42.06,Flávio,Flávio,Flávio,-564.64,-772.12,-0.08,-0.11,-54.54
3514304,Dourado,SP,Sudeste,Sudeste,,6798,20.3,34.72,2.07,36.79,35.12,Flávio,Flávio,Flávio,-1282.03,-1444.16,-0.08,-0.24,-54.38
3514007,Dobrada,SP,Sudeste,Sudeste,,6727,22.27,49.39,2.07,51.46,48.94,Flávio,Lula,Flávio,142.14,-102.76,-0.08,0.03,-53.82
3554706,Torrinha,SP,Sudeste,Sudeste,,6691,20.24,24.31,2.07,26.38,25.07,Flávio,Flávio,Flávio,-2341.64,-2471.46,-0.08,-0.43,-53.53
3556354,Vargem,SP,Sudeste,Sudeste,,6582,22.01,29.68,2.07,31.75,30.5,Flávio,Flávio,Flávio,-1715.06,-1832.76,-0.08,-0.34,-52.66
3545407,Salto Grande,SP,Sudeste,Sudeste,,6580,22.22,34.44,2.07,36.51,34.83,Flávio,Flávio,Flávio,-1280.67,-1440.26,-0.08,-0.25,-52.64
3537503,Pereiras,SP,Sudeste,Sudeste,,6469,23.13,33.39,2.07,35.46,33.81,Flávio,Flávio,Flávio,-1346.87,-1500.22,-0.08,-0.27,-51.75
3503703,Ariranha,SP,Sudeste,Sudeste,,6455,20.71,32.02,2.07,34.09,32.42,Flávio,Flávio,Flávio,-1511.39,-1669.94,-0.08,-0.29,-51.64
3543253,Ribeirão Grande,SP,Sudeste,Sudeste,,6413,19.4,49.67,2.07,51.74,49.11,Flávio,Lula,Flávio,165.4,-84.58,-0.08,0.03,-51.3
3554409,Terra Roxa,SP,Sudeste,Sudeste,,6363,19.82,36.9,2.07,38.97,37.13,Flávio,Flávio,Flávio,-1041.05,-1213.86,-0.08,-0.2,-50.9
3506409,Bilac,SP,Sudeste,Sudeste,,6346,22.61,28.37,2.07,30.44,28.87,Flávio,Flávio,Flávio,-1832.97,-1980.18,-0.08,-0.36,-50.77
3503406,Arealva,SP,Sudeste,Sudeste,,6343,24.47,28.82,2.07,30.89,29.38,Flávio,Flávio,Flávio,-1703.43,-1837.82,-0.08,-0.35,-50.74
3515350,Euclides Da Cunha Paulista,SP,Sudeste,Sudeste,,6336,28.58,61.53,2.07,63.6,60.89,Lula,Lula,Lula,1177.36,942.78,-0.08,0.25,-50.69
3531209,Monte Alegre Do Sul,SP,Sudeste,Sudeste,,6336,19.21,29.09,2.07,31.16,29.88,Flávio,Flávio,Flávio,-1762.23,-1881.72,-0.08,-0.35,-50.69
3546900,Santa Lúcia,SP,Sudeste,Sudeste,,6326,21.06,52.79,2.07,54.86,52.0,Lula,Lula,Lula,434.96,178.96,-0.08,0.09,-50.61
3505401,Barra Do Turvo,SP,Sudeste,Sudeste,,6314,31.56,47.24,2.07,49.31,47.0,Flávio,Flávio,Flávio,-56.32,-245.0,-0.08,-0.01,-50.51
3553500,Tapiraí,SP,Sudeste,Sudeste,,6269,26.19,38.43,2.07,40.5,38.57,Flávio,Flávio,Flávio,-822.45,-989.42,-0.08,-0.17,-50.15
3517802,Guaraçaí,SP,Sudeste,Sudeste,,6153,24.31,31.44,2.07,33.51,31.87,Flávio,Flávio,Flávio,-1445.08,-1587.98,-0.08,-0.3,-49.22
3536109,Pardinho,SP,Sudeste,Sudeste,,6139,26.13,31.6,2.07,33.67,32.18,Flávio,Flávio,Flávio,-1379.52,-1506.06,-0.08,-0.3,-49.11
3548203,Santo Antônio Do Pinhal,SP,Sudeste,Sudeste,,6113,18.44,35.93,2.07,38.0,36.3,Flávio,Flávio,Flávio,-1100.18,-1255.92,-0.08,-0.22,-48.9
3536604,Paulo De Faria,SP,Sudeste,Sudeste,,6111,26.94,46.24,2.07,48.31,45.98,Flávio,Flávio,Flávio,-141.02,-335.38,-0.08,-0.03,-48.89
3526605,Lavrinhas,SP,Sudeste,Sudeste,S3#90,6102,17.63,42.85,2.07,44.92,42.71,Flávio,Flávio,Flávio,-467.71,-671.14,-0.08,-0.09,-48.82
3534807,Ouro Verde,SP,Sudeste,Sudeste,,6097,25.39,43.17,2.07,45.24,43.1,Flávio,Flávio,Flávio,-410.25,-595.3,-0.08,-0.09,-48.78
3519808,Icém,SP,Sudeste,Sudeste,,6049,21.66,43.08,2.07,45.15,42.98,Flávio,Flávio,Flávio,-435.92,-630.92,-0.08,-0.09,-48.39
3552304,Sud Mennucci,SP,Sudeste,Sudeste,,6041,23.77,43.96,2.07,46.03,43.88,Flávio,Flávio,Flávio,-345.34,-533.1,-0.08,-0.07,-48.33
3533601,Nuporanga,SP,Sudeste,Sudeste,,6023,21.87,31.69,2.07,33.76,32.22,Flávio,Flávio,Flávio,-1418.33,-1552.66,-0.08,-0.3,-48.18
3523800,Itobi,SP,Sudeste,Sudeste,,6007,21.16,36.78,2.07,38.85,37.02,Flávio,Flávio,Flávio,-975.89,-1135.5,-0.08,-0.21,-48.06
3556909,Vista Alegre Do Alto,SP,Sudeste,Sudeste,,5990,21.7,33.82,2.07,35.89,34.17,Flávio,Flávio,Flávio,-1229.69,-1380.24,-0.08,-0.26,-47.92
3519907,Iepê,SP,Sudeste,Sudeste,,5971,20.31,34.61,2.07,36.68,34.89,Flávio,Flávio,Flávio,-1204.1,-1365.26,-0.08,-0.25,-47.77
3536406,Paulicéia,SP,Sudeste,Sudeste,,5955,24.58,32.61,2.07,34.68,32.91,Flávio,Flávio,Flávio,-1306.6,-1457.44,-0.08,-0.28,-47.64
3528106,Macaubal,SP,Sudeste,Sudeste,,5924,17.78,26.77,2.07,28.84,27.45,Flávio,Flávio,Flávio,-1926.89,-2053.78,-0.08,-0.39,-47.39
3500402,Águas Da Prata,SP,Sudeste,Sudeste,,5911,20.01,33.58,2.07,35.65,34.07,Flávio,Flávio,Flávio,-1267.6,-1407.66,-0.08,-0.26,-47.29
3527009,Lindóia,SP,Sudeste,Sudeste,,5869,19.63,26.08,2.07,28.15,26.84,Flávio,Flávio,Flávio,-1932.35,-2048.32,-0.08,-0.4,-46.95
3521101,Ipeúna,SP,Sudeste,Sudeste,,5852,23.63,26.08,2.07,28.15,26.79,Flávio,Flávio,Flávio,-1840.38,-1955.56,-0.08,-0.4,-46.82
3524501,Jaci,SP,Sudeste,Sudeste,,5828,22.34,36.05,2.07,38.12,36.32,Flávio,Flávio,Flávio,-1004.71,-1156.28,-0.08,-0.22,-46.62
3512100,Colômbia,SP,Sudeste,Sudeste,,5800,25.24,44.79,2.07,46.86,44.62,Flávio,Flávio,Flávio,-257.19,-440.06,-0.08,-0.06,-46.4
3518859,Guatapará,SP,Sudeste,Sudeste,,5765,25.69,45.77,2.07,47.84,45.51,Flávio,Flávio,Flávio,-170.31,-354.62,-0.08,-0.04,-46.12
3547908,Santo Antônio Da Alegria,SP,Sudeste,Sudeste,,5700,20.74,40.29,2.07,42.36,40.33,Flávio,Flávio,Flávio,-640.84,-811.36,-0.08,-0.14,-45.6
3511201,Catiguá,SP,Sudeste,Sudeste,,5688,18.2,31.21,2.07,33.28,31.6,Flávio,Flávio,Flávio,-1428.51,-1572.82,-0.08,-0.31,-45.5
3550506,São Pedro Do Turvo,SP,Sudeste,Sudeste,,5673,21.4,36.14,2.07,38.21,36.31,Flávio,Flávio,Flávio,-1000.0,-1160.88,-0.08,-0.22,-45.38
3532306,Natividade Da Serra,SP,Sudeste,Sudeste,,5669,22.21,34.84,2.07,36.91,35.22,Flávio,Flávio,Flávio,-1074.42,-1212.78,-0.08,-0.24,-45.35
3554953,Tuiuti,SP,Sudeste,Sudeste,,5542,21.09,27.08,2.07,29.15,27.81,Flávio,Flávio,Flávio,-1690.67,-1799.8,-0.08,-0.38,-44.34
3503109,Arandu,SP,Sudeste,Sudeste,,5528,21.31,31.53,2.07,33.6,31.94,Flávio,Flávio,Flávio,-1336.7,-1471.78,-0.08,-0.3,-44.22
3521507,Irapuã,SP,Sudeste,Sudeste,,5489,23.17,25.55,2.07,27.62,25.95,Flávio,Flávio,Flávio,-1781.01,-1913.62,-0.08,-0.41,-43.91
3526308,Lagoinha,SP,Sudeste,Sudeste,,5475,21.79,37.72,2.07,39.79,37.96,Flávio,Flávio,Flávio,-811.19,-956.96,-0.08,-0.19,-43.8
3502309,Anhembi,SP,Sudeste,Sudeste,,5471,29.94,33.56,2.07,35.63,33.86,Flávio,Flávio,Flávio,-1029.9,-1156.32,-0.08,-0.26,-43.77
3532801,Nova Aliança,SP,Sudeste,Sudeste,,5431,22.68,30.96,2.07,33.03,31.45,Flávio,Flávio,Flávio,-1332.01,-1456.16,-0.08,-0.31,-43.45
3552007,Silveiras,SP,Sudeste,Sudeste,S3#94,5404,19.99,40.65,2.07,42.72,40.67,Flávio,Flávio,Flávio,-583.92,-747.64,-0.08,-0.13,-43.23
3500550,Águas De Santa Bárbara,SP,Sudeste,Sudeste,,5392,25.61,28.69,2.07,30.76,29.3,Flávio,Flávio,Flávio,-1444.67,-1554.32,-0.08,-0.35,-43.14
3544806,Sales,SP,Sudeste,Sudeste,,5354,22.26,25.33,2.07,27.4,25.91,Flávio,Flávio,Flávio,-1785.23,-1902.46,-0.08,-0.42,-42.83
3511904,Clementina,SP,Sudeste,Sudeste,,5273,19.25,31.27,2.07,33.34,31.66,Flávio,Flávio,Flávio,-1350.41,-1486.84,-0.08,-0.31,-42.18
3529500,Mendonça,SP,Sudeste,Sudeste,,5260,22.21,35.09,2.07,37.16,35.31,Flávio,Flávio,Flávio,-989.15,-1131.62,-0.08,-0.24,-42.08
3554904,Três Fronteiras,SP,Sudeste,Sudeste,,5256,23.12,35.73,2.07,37.8,35.98,Flávio,Flávio,Flávio,-914.34,-1050.34,-0.08,-0.22,-42.05
3542008,Quintana,SP,Sudeste,Sudeste,,5214,21.88,30.01,2.07,32.08,30.44,Flávio,Flávio,Flávio,-1369.06,-1494.02,-0.08,-0.33,-41.71
3553906,Tarabai,SP,Sudeste,Sudeste,,5176,20.6,47.35,2.07,49.42,47.02,Flávio,Flávio,Flávio,-45.02,-230.98,-0.08,-0.01,-41.41
3548104,Santo Antônio Do Jardim,SP,Sudeste,Sudeste,,5173,22.04,31.05,2.07,33.12,31.69,Flávio,Flávio,Flávio,-1253.19,-1359.56,-0.08,-0.31,-41.38
3534104,Oriente,SP,Sudeste,Sudeste,,5159,22.68,31.77,2.07,33.84,32.14,Flávio,Flávio,Flávio,-1203.74,-1330.02,-0.08,-0.3,-41.27
3523701,Itirapuã,SP,Sudeste,Sudeste,,5150,26.27,49.65,2.07,51.72,49.19,Flávio,Lula,Flávio,123.07,-58.3,-0.08,0.03,-41.2
3500758,Alambari,SP,Sudeste,Sudeste,,5139,20.57,29.51,2.07,31.58,30.05,Flávio,Flávio,Flávio,-1407.99,-1525.06,-0.08,-0.34,-41.11
3543600,Rifaina,SP,Sudeste,Sudeste,,5127,26.1,36.26,2.07,38.33,36.49,Flávio,Flávio,Flávio,-846.33,-980.38,-0.08,-0.21,-41.02
3553856,Taquarivaí,SP,Sudeste,Sudeste,,5121,22.12,39.64,2.07,41.71,39.71,Flávio,Flávio,Flávio,-617.8,-767.2,-0.08,-0.15,-40.97
3545704,Santa Albertina,SP,Sudeste,Sudeste,,5093,19.56,32.63,2.07,34.7,32.92,Flávio,Flávio,Flávio,-1188.52,-1326.94,-0.08,-0.28,-40.74
3515608,Fernando Prestes,SP,Sudeste,Sudeste,,5086,22.12,28.76,2.07,30.83,29.42,Flávio,Flávio,Flávio,-1402.13,-1505.28,-0.08,-0.35,-40.69
3514700,Echaporã,SP,Sudeste,Sudeste,,5070,23.94,31.42,2.07,33.49,31.78,Flávio,Flávio,Flávio,-1208.83,-1334.36,-0.08,-0.3,-40.56
3519501,Ibirarema,SP,Sudeste,Sudeste,,5070,20.75,27.36,2.07,29.43,27.92,Flávio,Flávio,Flávio,-1538.77,-1651.58,-0.08,-0.38,-40.56
3552908,Taciba,SP,Sudeste,Sudeste,S3#95,5069,19.04,44.16,2.07,46.23,44.02,Flávio,Flávio,Flávio,-296.17,-469.24,-0.08,-0.07,-40.55
3546504,Santa Ernestina,SP,Sudeste,Sudeste,,5040,19.21,39.29,2.07,41.36,39.38,Flávio,Flávio,Flávio,-656.3,-806.08,-0.08,-0.16,-40.32
3524204,Jaborandi,SP,Sudeste,Sudeste,,5006,19.6,41.92,2.07,43.99,41.87,Flávio,Flávio,Flávio,-447.64,-605.9,-0.08,-0.11,-40.05
3534203,Orindiúva,SP,Sudeste,Sudeste,,5003,21.97,41.99,2.07,44.06,41.94,Flávio,Flávio,Flávio,-433.36,-588.52,-0.08,-0.11,-40.02
3524907,Jambeiro,SP,Sudeste,Sudeste,,4996,20.92,34.56,2.07,36.63,35.0,Flávio,Flávio,Flávio,-988.07,-1108.8,-0.08,-0.25,-39.97
3505104,Barbosa,SP,Sudeste,Sudeste,,4970,23.82,38.17,2.07,40.24,38.28,Flávio,Flávio,Flávio,-698.1,-838.66,-0.08,-0.18,-39.76
3521150,Ipiguá,SP,Sudeste,Sudeste,,4916,24.84,27.34,2.07,29.41,27.95,Flávio,Flávio,Flávio,-1443.32,-1545.28,-0.08,-0.38,-39.33
3545506,Sandovalina,SP,Sudeste,Sudeste,,4876,29.84,62.12,2.07,64.19,61.38,Lula,Lula,Lula,930.56,746.42,-0.08,0.26,-39.01
3509452,Campina Do Monte Alegre,SP,Sudeste,Sudeste,,4857,21.31,35.18,2.07,37.25,35.48,Flávio,Flávio,Flávio,-917.21,-1044.76,-0.08,-0.23,-38.86
3536802,Pedra Bela,SP,Sudeste,Sudeste,,4810,20.46,33.95,2.07,36.02,34.39,Flávio,Flávio,Flávio,-988.75,-1103.76,-0.08,-0.26,-38.48
3501806,Américo De Campos,SP,Sudeste,Sudeste,,4769,17.61,30.96,2.07,33.03,31.45,Flávio,Flávio,Flávio,-1258.47,-1376.06,-0.08,-0.31,-38.15
3519204,Iacri,SP,Sudeste,Sudeste,,4766,25.43,27.62,2.07,29.69,28.11,Flávio,Flávio,Flávio,-1362.66,-1468.26,-0.08,-0.37,-38.13
3518107,Guarantã,SP,Sudeste,Sudeste,,4765,23.92,34.0,2.07,36.07,34.35,Flávio,Flávio,Flávio,-944.82,-1061.38,-0.08,-0.26,-38.12
3542503,Reginópolis,SP,Sudeste,Sudeste,,4734,21.88,25.53,2.07,27.6,26.37,Flávio,Flávio,Flávio,-1546.13,-1630.74,-0.08,-0.41,-37.87
3541059,Pratânia,SP,Sudeste,Sudeste,,4725,23.79,36.71,2.07,38.78,36.92,Flávio,Flávio,Flávio,-749.26,-873.4,-0.08,-0.21,-37.8
3502002,Analândia,SP,Sudeste,Sudeste,,4681,29.82,28.75,2.07,30.82,29.43,Flávio,Flávio,Flávio,-1184.15,-1269.8,-0.08,-0.35,-37.45
3505351,Barra Do Chapéu,SP,Sudeste,Sudeste,,4672,24.14,38.67,2.07,40.74,38.78,Flávio,Flávio,Flávio,-608.64,-737.28,-0.08,-0.17,-37.38
3516606,Gália,SP,Sudeste,Sudeste,,4626,22.61,45.55,2.07,47.62,45.31,Flávio,Flávio,Flávio,-157.07,-310.06,-0.08,-0.04,-37.01
3543501,Riversul,SP,Sudeste,Sudeste,,4559,21.25,41.59,2.07,43.66,41.56,Flávio,Flávio,Flávio,-426.89,-568.0,-0.08,-0.12,-36.47
3521606,Irapuru,SP,Sudeste,Sudeste,,4556,23.86,35.42,2.07,37.49,35.66,Flávio,Flávio,Flávio,-804.15,-921.34,-0.08,-0.23,-36.45
3535705,Paraíso,SP,Sudeste,Sudeste,,4547,17.51,28.89,2.07,30.96,29.55,Flávio,Flávio,Flávio,-1310.58,-1407.6,-0.08,-0.35,-36.38
3503000,Aramina,SP,Sudeste,Sudeste,,4523,21.98,43.35,2.07,45.42,43.24,Flávio,Flávio,Flávio,-305.88,-451.96,-0.08,-0.08,-36.18
3539905,Poloni,SP,Sudeste,Sudeste,,4510,19.93,34.27,2.07,36.34,34.53,Flávio,Flávio,Flávio,-925.07,-1047.08,-0.08,-0.25,-36.08
3553104,Taiaçu,SP,Sudeste,Sudeste,,4509,20.36,40.96,2.07,43.03,40.97,Flávio,Flávio,Flávio,-466.73,-605.24,-0.08,-0.13,-36.07
3555356,Ubarana,SP,Sudeste,Sudeste,,4496,23.49,41.01,2.07,43.08,41.01,Flávio,Flávio,Flávio,-448.18,-582.18,-0.08,-0.13,-35.97
3537701,Piacatu,SP,Sudeste,Sudeste,,4487,21.44,33.51,2.07,35.58,33.76,Flávio,Flávio,Flávio,-964.79,-1086.74,-0.08,-0.27,-35.9
3517307,Guaimbê,SP,Sudeste,Sudeste,,4479,24.56,41.61,2.07,43.68,41.58,Flávio,Flávio,Flávio,-396.77,-528.34,-0.08,-0.12,-35.83
3532207,Narandiba,SP,Sudeste,Sudeste,S3#96,4458,19.87,45.48,2.07,47.55,45.25,Flávio,Flávio,Flávio,-165.94,-322.06,-0.08,-0.05,-35.66
3519253,Iaras,SP,Sudeste,Sudeste,,4414,30.09,48.69,2.07,50.76,48.3,Flávio,Lula,Flávio,43.73,-98.18,-0.08,0.01,-35.31
3553203,Taiúva,SP,Sudeste,Sudeste,,4396,20.63,28.56,2.07,30.63,29.22,Flávio,Flávio,Flávio,-1279.54,-1372.5,-0.08,-0.36,-35.17
3534005,Onda Verde,SP,Sudeste,Sudeste,,4387,23.09,38.99,2.07,41.06,39.11,Flávio,Flávio,Flávio,-567.02,-691.06,-0.08,-0.16,-35.1
3543105,Ribeirão Corrente,SP,Sudeste,Sudeste,,4387,24.87,43.14,2.07,45.21,43.04,Flávio,Flávio,Flávio,-297.41,-431.64,-0.08,-0.09,-35.1
3544608,Sabino,SP,Sudeste,Sudeste,,4352,27.16,36.35,2.07,38.42,36.55,Flávio,Flávio,Flávio,-682.04,-792.7,-0.08,-0.21,-34.82
3510153,Canitar,SP,Sudeste,Sudeste,,4337,23.01,41.54,2.07,43.61,41.51,Flávio,Flávio,Flávio,-393.84,-523.1,-0.08,-0.12,-34.7
3500600,Águas De São Pedro,SP,Sudeste,Sudeste,,4335,23.02,30.74,2.07,32.81,31.43,Flávio,Flávio,Flávio,-1084.73,-1171.36,-0.08,-0.32,-34.68
3542305,Redenção Da Serra,SP,Sudeste,Sudeste,,4304,24.05,40.61,2.07,42.68,40.64,Flávio,Flávio,Flávio,-446.63,-571.24,-0.08,-0.13,-34.43
3507704,Braúna,SP,Sudeste,Sudeste,,4231,19.45,28.64,2.07,30.71,29.0,Flávio,Flávio,Flávio,-1253.18,-1364.08,-0.08,-0.35,-33.85
3547007,Santa Maria Da Serra,SP,Sudeste,Sudeste,,4225,24.17,30.33,2.07,32.4,30.72,Flávio,Flávio,Flávio,-1053.13,-1153.6,-0.08,-0.32,-33.8
3504305,Avaí,SP,Sudeste,Sudeste,,4189,25.42,46.01,2.07,48.08,45.8,Flávio,Flávio,Flávio,-113.18,-247.4,-0.08,-0.04,-33.51
3516853,Gavião Peixoto,SP,Sudeste,Sudeste,,4165,21.8,51.05,2.07,53.12,50.5,Lula,Lula,Lula,188.41,30.04,-0.08,0.06,-33.32
3546207,Santa Cruz Da Conceição,SP,Sudeste,Sudeste,,4140,21.64,24.96,2.07,27.03,25.8,Flávio,Flávio,Flávio,-1393.53,-1467.7,-0.08,-0.42,-33.12
3530409,Mirassolândia,SP,Sudeste,Sudeste,,4130,22.3,34.26,2.07,36.33,34.58,Flávio,Flávio,Flávio,-825.88,-931.62,-0.08,-0.25,-33.04
3508207,Buritizal,SP,Sudeste,Sudeste,,4125,21.24,27.66,2.07,29.73,28.2,Flávio,Flávio,Flávio,-1263.44,-1358.68,-0.08,-0.37,-33.0
3528205,Macedônia,SP,Sudeste,Sudeste,,4105,25.48,32.95,2.07,35.02,33.39,Flávio,Flávio,Flávio,-862.44,-956.72,-0.08,-0.28,-32.84
3520608,Indiana,SP,Sudeste,Sudeste,,4063,18.9,31.5,2.07,33.57,31.88,Flávio,Flávio,Flávio,-1020.85,-1125.54,-0.08,-0.3,-32.5
3541653,Quadra,SP,Sudeste,Sudeste,,4032,27.13,33.92,2.07,35.99,34.29,Flávio,Flávio,Flávio,-773.83,-867.76,-0.08,-0.26,-32.26
3512506,Coroados,SP,Sudeste,Sudeste,,4020,19.55,28.4,2.07,30.47,28.86,Flávio,Flávio,Flávio,-1199.42,-1298.16,-0.08,-0.36,-32.16
3555505,Ubirajara,SP,Sudeste,Sudeste,,3995,24.98,37.27,2.07,39.34,37.42,Flávio,Flávio,Flávio,-607.92,-717.74,-0.08,-0.2,-31.96
3517109,Glicério,SP,Sudeste,Sudeste,,3987,22.82,34.77,2.07,36.84,35.03,Flávio,Flávio,Flávio,-765.44,-870.7,-0.08,-0.24,-31.9
3500204,Adolfo,SP,Sudeste,Sudeste,,3977,21.93,30.47,2.07,32.54,30.84,Flávio,Flávio,Flávio,-1027.69,-1127.62,-0.08,-0.32,-31.82
3500808,Alfredo Marcondes,SP,Sudeste,Sudeste,,3964,20.21,34.06,2.07,36.13,34.3,Flávio,Flávio,Flávio,-829.96,-939.48,-0.08,-0.26,-31.71
3539608,Planalto,SP,Sudeste,Sudeste,,3962,23.09,42.49,2.07,44.56,42.44,Flávio,Flávio,Flávio,-313.18,-435.08,-0.08,-0.1,-31.7
3509957,Canas,SP,Sudeste,Sudeste,,3959,18.74,37.91,2.07,39.98,38.1,Flávio,Flávio,Flávio,-603.24,-716.32,-0.08,-0.18,-31.67
3543204,Ribeirão Do Sul,SP,Sudeste,Sudeste,,3926,18.85,41.73,2.07,43.8,41.7,Flávio,Flávio,Flávio,-374.51,-501.38,-0.08,-0.11,-31.41
3533254,Novais,SP,Sudeste,Sudeste,,3922,20.32,35.87,2.07,37.94,36.06,Flávio,Flávio,Flávio,-696.38,-804.6,-0.08,-0.22,-31.38
3544509,Rubinéia,SP,Sudeste,Sudeste,,3917,24.02,33.46,2.07,35.53,33.82,Flávio,Flávio,Flávio,-812.21,-908.08,-0.08,-0.27,-31.34
3507308,Boracéia,SP,Sudeste,Sudeste,,3884,20.62,34.2,2.07,36.27,34.55,Flávio,Flávio,Flávio,-790.2,-889.32,-0.08,-0.25,-31.07
3526506,Lavínia,SP,Sudeste,Sudeste,,3884,22.5,39.83,2.07,41.9,39.89,Flávio,Flávio,Flávio,-453.47,-566.22,-0.08,-0.15,-31.07
3532702,Nipoã,SP,Sudeste,Sudeste,,3881,22.31,36.86,2.07,38.93,37.07,Flávio,Flávio,Flávio,-629.3,-734.9,-0.08,-0.2,-31.05
3545100,Salmourão,SP,Sudeste,Sudeste,,3874,24.34,34.43,2.07,36.5,34.61,Flávio,Flávio,Flávio,-740.93,-844.58,-0.08,-0.25,-30.99
3531704,Monteiro Lobato,SP,Sudeste,Sudeste,,3833,19.57,43.03,2.07,45.1,42.93,Flávio,Flávio,Flávio,-283.09,-408.6,-0.08,-0.09,-30.66
3509809,Campos Novos Paulista,SP,Sudeste,Sudeste,,3805,22.84,32.89,2.07,34.96,33.16,Flávio,Flávio,Flávio,-847.14,-948.66,-0.08,-0.28,-30.44
3512605,Coronel Macedo,SP,Sudeste,Sudeste,,3793,19.8,55.26,2.07,57.33,54.76,Lula,Lula,Lula,421.68,273.94,-0.08,0.13,-30.34
3527702,Luiziânia,SP,Sudeste,Sudeste,,3792,20.23,37.92,2.07,39.99,38.03,Flávio,Flávio,Flávio,-574.35,-686.92,-0.08,-0.18,-30.34
3502606,Aparecida D'Oeste,SP,Sudeste,Sudeste,,3777,21.79,42.52,2.07,44.59,42.46,Flávio,Flávio,Flávio,-306.51,-427.02,-0.08,-0.1,-30.22
3529609,Meridiano,SP,Sudeste,Sudeste,,3765,20.98,36.27,2.07,38.34,36.54,Flávio,Flávio,Flávio,-651.67,-752.72,-0.08,-0.21,-30.12
3509106,Caiuá,SP,Sudeste,Sudeste,,3755,27.27,50.36,2.07,52.43,49.99,Lula,Lula,Flávio,126.42,-0.76,-0.08,0.04,-30.04
3508306,Cabrália Paulista,SP,Sudeste,Sudeste,,3698,24.04,39.96,2.07,42.03,40.02,Flávio,Flávio,Flávio,-420.32,-526.14,-0.08,-0.15,-29.58
3525805,Júlio Mesquita,SP,Sudeste,Sudeste,,3690,24.36,48.12,2.07,50.19,47.81,Flávio,Lula,Flávio,9.63,-112.88,-0.08,0.0,-29.52
3540408,Populina,SP,Sudeste,Sudeste,,3679,21.8,50.71,2.07,52.78,50.35,Lula,Lula,Lula,150.12,18.94,-0.08,0.05,-29.43
3501103,Alto Alegre,SP,Sudeste,Sudeste,,3662,20.84,27.42,2.07,29.49,27.89,Flávio,Flávio,Flávio,-1127.8,-1215.94,-0.08,-0.38,-29.3
3523008,Itapura,SP,Sudeste,Sudeste,,3647,27.2,66.62,2.07,68.69,65.39,Lula,Lula,Lula,933.28,768.44,-0.08,0.34,-29.18
3501202,Álvares Florence,SP,Sudeste,Sudeste,,3612,20.4,30.55,2.07,32.62,30.91,Flávio,Flávio,Flávio,-943.12,-1035.8,-0.08,-0.32,-28.9
3549607,São José Do Barreiro,SP,Sudeste,Sudeste,,3579,21.15,51.1,2.07,53.17,50.57,Lula,Lula,Lula,167.5,30.08,-0.08,0.06,-28.63
3518909,Guzolândia,SP,Sudeste,Sudeste,,3558,25.01,46.57,2.07,48.64,46.36,Flávio,Flávio,Flávio,-68.0,-182.5,-0.08,-0.02,-28.46
3515194,Espírito Santo Do Turvo,SP,Sudeste,Sudeste,,3546,26.06,40.36,2.07,42.43,40.4,Flávio,Flávio,Flávio,-374.72,-475.72,-0.08,-0.14,-28.37
3512704,Corumbataí,SP,Sudeste,Sudeste,,3523,23.64,25.28,2.07,27.35,26.29,Flávio,Flávio,Flávio,-1123.6,-1176.42,-0.08,-0.42,-28.18
3525607,João Ramalho,SP,Sudeste,Sudeste,,3518,25.92,40.94,2.07,43.01,40.94,Flávio,Flávio,Flávio,-337.12,-436.8,-0.08,-0.13,-28.14
3533205,Nova Independência,SP,Sudeste,Sudeste,,3505,24.76,39.44,2.07,41.51,39.5,Flávio,Flávio,Flávio,-421.77,-521.82,-0.08,-0.16,-28.04
3503505,Areias,SP,Sudeste,Sudeste,,3463,20.65,57.49,2.07,59.56,56.48,Lula,Lula,Lula,496.16,336.58,-0.08,0.18,-27.7
3554201,Tejupá,SP,Sudeste,Sudeste,,3456,21.61,45.89,2.07,47.96,45.72,Flávio,Flávio,Flávio,-104.51,-219.38,-0.08,-0.04,-27.65
3533700,Ocauçu,SP,Sudeste,Sudeste,,3441,23.68,37.66,2.07,39.73,37.81,Flávio,Flávio,Flávio,-510.47,-605.88,-0.08,-0.19,-27.53
3535903,Paranapuã,SP,Sudeste,Sudeste,,3392,17.6,36.94,2.07,39.01,37.06,Flávio,Flávio,Flávio,-578.97,-681.42,-0.08,-0.2,-27.14
3541109,Presidente Alves,SP,Sudeste,Sudeste,,3391,23.95,39.31,2.07,41.38,39.39,Flávio,Flávio,Flávio,-418.83,-515.12,-0.08,-0.16,-27.13
3532058,Motuca,SP,Sudeste,Sudeste,,3384,21.42,46.88,2.07,48.95,46.59,Flávio,Flávio,Flávio,-51.61,-167.98,-0.08,-0.02,-27.07
3525409,Jeriquara,SP,Sudeste,Sudeste,,3344,20.66,45.49,2.07,47.56,45.19,Flávio,Flávio,Flávio,-121.86,-240.66,-0.08,-0.04,-26.75
3532108,Murutinga Do Sul,SP,Sudeste,Sudeste,,3341,22.84,32.2,2.07,34.27,32.5,Flávio,Flávio,Flávio,-764.18,-849.98,-0.08,-0.29,-26.73
3508900,Caiabu,SP,Sudeste,Sudeste,,3330,19.73,42.53,2.07,44.6,42.46,Flávio,Flávio,Flávio,-270.77,-377.88,-0.08,-0.1,-26.64
3531605,Monte Castelo,SP,Sudeste,Sudeste,,3327,20.92,40.29,2.07,42.36,40.31,Flávio,Flávio,Flávio,-381.65,-483.84,-0.08,-0.14,-26.62
3527801,Lupércio,SP,Sudeste,Sudeste,,3317,23.76,43.69,2.07,45.76,43.58,Flávio,Flávio,Flávio,-201.17,-304.5,-0.08,-0.08,-26.54
3502408,Anhumas,SP,Sudeste,Sudeste,,3315,20.54,35.01,2.07,37.08,35.26,Flávio,Flávio,Flávio,-648.44,-739.76,-0.08,-0.24,-26.52
3522653,Itapirapuã Paulista,SP,Sudeste,Sudeste,,3305,22.42,42.95,2.07,45.02,42.89,Flávio,Flávio,Flávio,-237.26,-338.86,-0.08,-0.09,-26.44
3521200,Iporanga,SP,Sudeste,Sudeste,,3303,23.86,57.56,2.07,59.63,56.84,Lula,Lula,Lula,454.04,322.66,-0.08,0.18,-26.42
3541802,Queiroz,SP,Sudeste,Sudeste,,3299,25.43,38.13,2.07,40.2,38.2,Flávio,Flávio,Flávio,-457.81,-551.22,-0.08,-0.18,-26.39
3507159,Bom Sucesso De Itararé,SP,Sudeste,Sudeste,,3289,22.62,45.84,2.07,47.91,45.61,Flávio,Flávio,Flávio,-101.27,-212.3,-0.08,-0.04,-26.31
3548401,Santópolis Do Aguapeí,SP,Sudeste,Sudeste,,3231,17.08,34.23,2.07,36.3,34.46,Flávio,Flávio,Flávio,-697.43,-790.82,-0.08,-0.25,-25.85
3551207,Sarutaiá,SP,Sudeste,Sudeste,,3202,25.73,49.58,2.07,51.65,49.22,Flávio,Lula,Flávio,73.74,-34.66,-0.08,0.03,-25.62
3528700,Marabá Paulista,SP,Sudeste,Sudeste,,3188,29.49,51.76,2.07,53.83,51.38,Lula,Lula,Lula,164.58,59.14,-0.08,0.07,-25.5
3522000,Itaju,SP,Sudeste,Sudeste,,3176,23.24,35.5,2.07,37.57,35.78,Flávio,Flávio,Flávio,-570.63,-652.86,-0.08,-0.23,-25.41
3520707,Indiaporã,SP,Sudeste,Sudeste,,3164,22.5,44.99,2.07,47.06,44.8,Flávio,Flávio,Flávio,-136.86,-242.16,-0.08,-0.05,-25.31
3520806,Inúbia Paulista,SP,Sudeste,Sudeste,,3159,19.25,23.95,2.07,26.02,24.57,Flávio,Flávio,Flávio,-1145.27,-1214.54,-0.08,-0.44,-25.27
3540259,Pontalinda,SP,Sudeste,Sudeste,,3157,21.51,45.71,2.07,47.78,45.53,Flávio,Flávio,Flávio,-103.86,-209.38,-0.08,-0.04,-25.26
3530904,Mombuca,SP,Sudeste,Sudeste,,3151,20.72,26.35,2.07,28.42,27.11,Flávio,Flávio,Flávio,-997.18,-1057.56,-0.08,-0.4,-25.21
3538303,Piquerobi,SP,Sudeste,Sudeste,,3115,24.62,44.03,2.07,46.1,43.95,Flávio,Flávio,Flávio,-171.39,-266.2,-0.08,-0.07,-24.92
3536257,Parisi,SP,Sudeste,Sudeste,,3085,25.06,32.18,2.07,34.25,32.52,Flávio,Flávio,Flávio,-689.05,-764.4,-0.08,-0.29,-24.68
3522158,Itaoca,SP,Sudeste,Sudeste,,3039,24.78,54.27,2.07,56.34,53.85,Lula,Lula,Lula,276.07,167.54,-0.08,0.12,-24.31
3551306,Sebastianópolis Do Sul,SP,Sudeste,Sudeste,,3007,19.06,29.82,2.07,31.89,30.48,Flávio,Flávio,Flávio,-821.87,-885.94,-0.08,-0.33,-24.06
3552551,Suzanápolis,SP,Sudeste,Sudeste,,2988,22.26,46.3,2.07,48.37,46.1,Flávio,Flávio,Flávio,-70.95,-169.28,-0.08,-0.03,-23.9
3500907,Altair,SP,Sudeste,Sudeste,,2954,18.58,37.27,2.07,39.34,37.38,Flávio,Flávio,Flávio,-482.6,-571.18,-0.08,-0.2,-23.63
3540101,Pongaí,SP,Sudeste,Sudeste,,2952,21.54,28.11,2.07,30.18,28.69,Flávio,Flávio,Flávio,-865.65,-930.64,-0.08,-0.36,-23.62
3505005,Barão De Antonina,SP,Sudeste,Sudeste,,2926,25.84,42.03,2.07,44.1,41.98,Flávio,Flávio,Flávio,-237.31,-322.5,-0.08,-0.11,-23.41
3530003,Mira Estrela,SP,Sudeste,Sudeste,,2892,23.37,38.82,2.07,40.89,38.91,Flávio,Flávio,Flávio,-382.92,-466.42,-0.08,-0.17,-23.14
3542800,Ribeira,SP,Sudeste,Sudeste,,2889,23.43,53.16,2.07,55.23,52.77,Lula,Lula,Lula,220.6,116.68,-0.08,0.1,-23.11
3507753,Brejo Alegre,SP,Sudeste,Sudeste,,2875,25.98,46.65,2.07,48.72,46.43,Flávio,Flávio,Flávio,-51.32,-143.14,-0.08,-0.02,-23.0
3528908,Mariápolis,SP,Sudeste,Sudeste,,2872,18.66,38.11,2.07,40.18,38.27,Flávio,Flávio,Flávio,-426.96,-510.14,-0.08,-0.18,-22.98
3516804,Gastão Vidigal,SP,Sudeste,Sudeste,,2869,20.25,52.18,2.07,54.25,51.63,Lula,Lula,Lula,184.6,70.68,-0.08,0.08,-22.95
3510104,Cândido Rodrigues,SP,Sudeste,Sudeste,,2853,24.11,26.82,2.07,28.89,27.38,Flávio,Flávio,Flávio,-861.4,-923.28,-0.08,-0.39,-22.82
3528858,Marapoama,SP,Sudeste,Sudeste,,2797,18.38,21.09,2.07,23.16,21.92,Flávio,Flávio,Flávio,-1168.2,-1222.24,-0.08,-0.49,-22.38
3528304,Magda,SP,Sudeste,Sudeste,,2793,20.69,39.18,2.07,41.25,39.25,Flávio,Flávio,Flávio,-366.69,-450.42,-0.08,-0.16,-22.34
3539707,Platina,SP,Sudeste,Sudeste,,2775,23.68,29.2,2.07,31.27,29.68,Flávio,Flávio,Flávio,-752.57,-816.56,-0.08,-0.34,-22.2
3501400,Álvaro De Carvalho,SP,Sudeste,Sudeste,,2756,24.93,42.67,2.07,44.74,42.59,Flávio,Flávio,Flávio,-196.68,-276.7,-0.08,-0.1,-22.05
3514924,Elisiário,SP,Sudeste,Sudeste,,2737,20.17,27.93,2.07,30.0,28.54,Flávio,Flávio,Flávio,-823.15,-883.22,-0.08,-0.37,-21.9
3537156,Pedrinhas Paulista,SP,Sudeste,Sudeste,,2726,20.21,26.31,2.07,28.38,27.07,Flávio,Flávio,Flávio,-897.69,-952.18,-0.08,-0.4,-21.81
3515129,Emilianópolis,SP,Sudeste,Sudeste,,2716,24.26,41.62,2.07,43.69,41.61,Flávio,Flávio,Flávio,-246.41,-327.94,-0.08,-0.12,-21.73
3516507,Gabriel Monteiro,SP,Sudeste,Sudeste,,2682,18.61,24.39,2.07,26.46,25.04,Flávio,Flávio,Flávio,-969.48,-1028.28,-0.08,-0.43,-21.46
3536901,Pedranópolis,SP,Sudeste,Sudeste,,2682,23.04,37.81,2.07,39.88,37.96,Flávio,Flávio,Flávio,-395.54,-470.52,-0.08,-0.19,-21.46
3548302,Santo Expedito,SP,Sudeste,Sudeste,,2682,23.97,42.34,2.07,44.41,42.29,Flávio,Flávio,Flávio,-215.44,-297.16,-0.08,-0.1,-21.46
3547106,Santa Mercedes,SP,Sudeste,Sudeste,,2679,24.41,40.58,2.07,42.65,40.6,Flávio,Flávio,Flávio,-282.36,-361.34,-0.08,-0.14,-21.43
3516101,Florínea,SP,Sudeste,Sudeste,,2673,22.33,45.32,2.07,47.39,45.07,Flávio,Flávio,Flávio,-102.93,-194.44,-0.08,-0.05,-21.38
3515905,Floreal,SP,Sudeste,Sudeste,,2670,23.45,39.02,2.07,41.09,39.12,Flávio,Flávio,Flávio,-340.92,-416.06,-0.08,-0.16,-21.36
3510906,Cássia Dos Coqueiros,SP,Sudeste,Sudeste,,2667,21.67,42.27,2.07,44.34,42.2,Flávio,Flávio,Flávio,-217.08,-299.04,-0.08,-0.1,-21.34
3533304,Nova Luzitânia,SP,Sudeste,Sudeste,,2635,20.27,47.7,2.07,49.77,47.3,Flávio,Flávio,Flávio,-8.99,-106.28,-0.08,-0.0,-21.08
3501509,Alvinlândia,SP,Sudeste,Sudeste,,2634,20.16,43.89,2.07,45.96,43.8,Flávio,Flávio,Flávio,-159.84,-245.48,-0.08,-0.07,-21.07
3557154,Zacarias,SP,Sudeste,Sudeste,,2570,23.85,34.93,2.07,37.0,35.14,Flávio,Flávio,Flávio,-479.02,-547.48,-0.08,-0.24,-20.56
3554656,Torre De Pedra,SP,Sudeste,Sudeste,,2545,21.89,29.99,2.07,32.06,30.49,Flávio,Flávio,Flávio,-667.06,-725.26,-0.08,-0.33,-20.36
3503158,Arapeí,SP,Sudeste,Sudeste,,2505,20.6,47.6,2.07,49.67,47.32,Flávio,Flávio,Flávio,-12.2,-99.0,-0.08,-0.01,-20.04
3549003,São Francisco,SP,Sudeste,Sudeste,,2505,20.96,39.68,2.07,41.75,39.73,Flávio,Flávio,Flávio,-308.94,-384.28,-0.08,-0.15,-20.04
3547403,Santa Rita D'Oeste,SP,Sudeste,Sudeste,,2471,20.68,39.06,2.07,41.13,39.16,Flávio,Flávio,Flávio,-329.58,-402.8,-0.08,-0.16,-19.77
3515301,Estrela Do Norte,SP,Sudeste,Sudeste,,2464,22.4,49.66,2.07,51.73,49.29,Flávio,Lula,Flávio,63.17,-26.14,-0.08,0.03,-19.71
3525854,Jumirim,SP,Sudeste,Sudeste,,2457,21.33,28.73,2.07,30.8,29.43,Flávio,Flávio,Flávio,-695.78,-745.48,-0.08,-0.35,-19.66
3534500,Oscar Bressane,SP,Sudeste,Sudeste,,2450,23.8,25.01,2.07,27.08,25.63,Flávio,Flávio,Flávio,-822.96,-875.32,-0.08,-0.42,-19.6
3514957,Embaúba,SP,Sudeste,Sudeste,,2448,17.73,35.89,2.07,37.96,36.07,Flávio,Flávio,Flávio,-455.41,-526.9,-0.08,-0.22,-19.58
3546108,Santa Clara D'Oeste,SP,Sudeste,Sudeste,,2441,23.8,36.69,2.07,38.76,36.86,Flávio,Flávio,Flávio,-397.31,-464.46,-0.08,-0.21,-19.53
3554607,Timburi,SP,Sudeste,Sudeste,,2427,22.17,38.9,2.07,40.97,39.01,Flávio,Flávio,Flávio,-318.22,-387.08,-0.08,-0.17,-19.42
3533809,Óleo,SP,Sudeste,Sudeste,,2420,20.29,33.39,2.07,35.46,33.87,Flávio,Flávio,Flávio,-525.48,-583.16,-0.08,-0.27,-19.36
3507456,Borebi,SP,Sudeste,Sudeste,,2400,21.25,35.11,2.07,37.18,35.39,Flávio,Flávio,Flávio,-454.48,-517.98,-0.08,-0.24,-19.2
3544400,Rubiácea,SP,Sudeste,Sudeste,,2390,24.14,32.75,2.07,34.82,33.05,Flávio,Flávio,Flávio,-522.07,-583.06,-0.08,-0.28,-19.12
3527900,Lutécia,SP,Sudeste,Sudeste,,2380,21.34,43.56,2.07,45.63,43.46,Flávio,Flávio,Flávio,-156.07,-233.46,-0.08,-0.08,-19.04
3540309,Pontes Gestal,SP,Sudeste,Sudeste,,2368,23.52,36.73,2.07,38.8,36.89,Flávio,Flávio,Flávio,-386.03,-451.76,-0.08,-0.21,-18.94
3514205,Dolcinópolis,SP,Sudeste,Sudeste,,2355,19.24,56.91,2.07,58.98,56.23,Lula,Lula,Lula,320.44,222.28,-0.08,0.17,-18.84
3546256,Santa Cruz Da Esperança,SP,Sudeste,Sudeste,,2342,23.78,37.56,2.07,39.63,37.74,Flávio,Flávio,Flávio,-343.76,-406.4,-0.08,-0.19,-18.74
3503356,Arco-Íris,SP,Sudeste,Sudeste,,2331,26.13,27.78,2.07,29.85,28.26,Flávio,Flávio,Flávio,-662.63,-714.78,-0.08,-0.37,-18.65
3532843,Nova Canaã Paulista,SP,Sudeste,Sudeste,,2275,26.73,44.15,2.07,46.22,43.96,Flávio,Flávio,Flávio,-117.48,-187.52,-0.08,-0.07,-18.2
3553658,Taquaral,SP,Sudeste,Sudeste,,2275,18.51,36.4,2.07,38.47,36.57,Flávio,Flávio,Flávio,-405.21,-472.2,-0.08,-0.21,-18.2
3549201,São João Das Duas Pontes,SP,Sudeste,Sudeste,,2242,18.87,48.76,2.07,50.83,48.48,Flávio,Lula,Flávio,28.72,-52.2,-0.08,0.02,-17.94
3532157,Nantes,SP,Sudeste,Sudeste,,2206,23.84,43.27,2.07,45.34,43.19,Flávio,Flávio,Flávio,-150.23,-219.64,-0.08,-0.09,-17.65
3506201,Bento De Abreu,SP,Sudeste,Sudeste,,2146,24.98,38.54,2.07,40.61,38.6,Flávio,Flávio,Flávio,-289.87,-351.86,-0.08,-0.17,-17.17
3527504,Lucianópolis,SP,Sudeste,Sudeste,,2146,23.25,43.8,2.07,45.87,43.69,Flávio,Flávio,Flávio,-129.05,-197.2,-0.08,-0.08,-17.17
3531001,Monções,SP,Sudeste,Sudeste,,2121,18.76,35.83,2.07,37.9,36.12,Flávio,Flávio,Flávio,-392.97,-450.96,-0.08,-0.22,-16.97
3544707,Sagres,SP,Sudeste,Sudeste,,2091,25.39,43.14,2.07,45.21,43.05,Flávio,Flávio,Flávio,-139.53,-202.62,-0.08,-0.09,-16.73
3533106,Nova Guataporanga,SP,Sudeste,Sudeste,,2019,23.92,43.31,2.07,45.38,43.24,Flávio,Flávio,Flávio,-133.06,-194.56,-0.08,-0.09,-16.15
3536570,Paulistânia,SP,Sudeste,Sudeste,,1993,24.79,33.78,2.07,35.85,34.11,Flávio,Flávio,Flávio,-401.31,-450.62,-0.08,-0.26,-15.94
3513306,Cruzália,SP,Sudeste,Sudeste,,1966,16.53,29.79,2.07,31.86,30.22,Flávio,Flávio,Flávio,-564.24,-615.5,-0.08,-0.33,-15.73
3555307,Turmalina,SP,Sudeste,Sudeste,,1955,23.27,48.42,2.07,50.49,47.9,Flávio,Lula,Flávio,13.56,-58.36,-0.08,0.01,-15.64
3547205,Santana Da Ponte Pensa,SP,Sudeste,Sudeste,,1925,25.19,35.21,2.07,37.28,35.52,Flávio,Flávio,Flávio,-343.54,-391.02,-0.08,-0.23,-15.4
3543238,Ribeirão Dos Índios,SP,Sudeste,Sudeste,,1918,22.58,46.23,2.07,48.3,46.07,Flávio,Flávio,Flávio,-46.96,-108.84,-0.08,-0.03,-15.34
3549300,São João Do Pau D'Alho,SP,Sudeste,Sudeste,,1906,20.3,46.55,2.07,48.62,46.26,Flávio,Flávio,Flávio,-40.13,-108.3,-0.08,-0.03,-15.25
3529658,Mesópolis,SP,Sudeste,Sudeste,,1887,23.69,38.54,2.07,40.61,38.63,Flávio,Flávio,Flávio,-258.68,-313.4,-0.08,-0.17,-15.1
3527256,Lourdes,SP,Sudeste,Sudeste,,1877,21.26,34.01,2.07,36.08,34.56,Flávio,Flávio,Flávio,-389.52,-431.88,-0.08,-0.26,-15.02
3503950,Aspásia,SP,Sudeste,Sudeste,,1875,20.43,40.36,2.07,42.43,40.39,Flávio,Flávio,Flávio,-217.64,-276.34,-0.08,-0.14,-15.0
3547650,Santa Salete,SP,Sudeste,Sudeste,,1836,16.34,26.04,2.07,28.11,26.64,Flávio,Flávio,Flávio,-644.11,-687.5,-0.08,-0.4,-14.69
3549250,São João De Iracema,SP,Sudeste,Sudeste,,1809,24.54,51.5,2.07,53.57,50.97,Lula,Lula,Lula,92.88,25.24,-0.08,0.07,-14.47
3518008,Guarani D'Oeste,SP,Sudeste,Sudeste,,1783,23.39,49.19,2.07,51.26,48.8,Flávio,Lula,Flávio,32.45,-30.92,-0.08,0.02,-14.26
3529104,Marinópolis,SP,Sudeste,Sudeste,,1754,17.62,42.87,2.07,44.94,42.8,Flávio,Flávio,Flávio,-137.94,-196.24,-0.08,-0.09,-14.03
3555703,União Paulista,SP,Sudeste,Sudeste,,1703,21.73,40.92,2.07,42.99,40.92,Flávio,Flávio,Flávio,-179.86,-232.86,-0.08,-0.13,-13.62
3513850,Dirce Reis,SP,Sudeste,Sudeste,,1702,20.45,42.93,2.07,45.0,42.83,Flávio,Flávio,Flávio,-128.29,-183.9,-0.08,-0.09,-13.62
3515657,Fernão,SP,Sudeste,Sudeste,,1689,21.91,28.17,2.07,30.24,28.72,Flávio,Flávio,Flávio,-490.73,-528.52,-0.08,-0.36,-13.51
3556958,Vitória Brasil,SP,Sudeste,Sudeste,,1673,14.35,37.75,2.07,39.82,37.85,Flávio,Flávio,Flávio,-274.03,-327.14,-0.08,-0.19,-13.38
3555208,Turiúba,SP,Sudeste,Sudeste,,1661,22.64,29.83,2.07,31.9,30.36,Flávio,Flávio,Flávio,-444.46,-482.36,-0.08,-0.33,-13.29
3554755,Trabiju,SP,Sudeste,Sudeste,,1649,20.86,50.0,2.07,52.07,49.46,empate,Lula,Flávio,50.59,-13.3,-0.08,0.04,-13.19
3555901,Uru,SP,Sudeste,Sudeste,,1622,23.86,28.96,2.07,31.03,29.54,Flávio,Flávio,Flávio,-440.26,-474.94,-0.08,-0.35,-12.98
3540853,Pracinha,SP,Sudeste,Sudeste,,1476,23.31,39.4,2.07,41.47,39.46,Flávio,Flávio,Flávio,-184.08,-227.42,-0.08,-0.16,-11.81
3515806,Flora Rica,SP,Sudeste,Sudeste,,1428,25.91,44.25,2.07,46.32,44.15,Flávio,Flávio,Flávio,-73.97,-117.6,-0.08,-0.07,-11.42
3504701,Balbinos,SP,Sudeste,Sudeste,,1423,26.21,38.12,2.07,40.19,38.26,Flávio,Flávio,Flávio,-193.13,-230.96,-0.08,-0.18,-11.38
3532868,Nova Castilho,SP,Sudeste,Sudeste,,1375,21.67,32.96,2.07,35.03,33.34,Flávio,Flávio,Flávio,-309.02,-343.82,-0.08,-0.28,-11.0
3507209,Borá,SP,Sudeste,Sudeste,,1094,21.21,31.51,2.07,33.58,31.85,Flávio,Flávio,Flávio,-267.28,-295.32,-0.08,-0.3,-8.75
1721000,Palmas,TO,Norte,Norte/Centro-Oeste,,219783,16.63,36.48,-3.61,32.87,36.78,Flávio,Flávio,Flávio,-59851.29,-46193.0,-0.21,-0.33,-4615.44
1702109,Araguaína,TO,Norte,Norte/Centro-Oeste,,124170,16.71,38.07,-3.61,34.46,38.24,Flávio,Flávio,Flávio,-30442.9,-23045.32,-0.21,-0.3,-2607.57
1709500,Gurupi,TO,Norte,Norte/Centro-Oeste,,61239,19.76,34.81,-3.61,31.2,35.15,Flávio,Flávio,Flávio,-17558.19,-13872.62,-0.21,-0.36,-1286.02
1718204,Porto Nacional,TO,Norte,Norte/Centro-Oeste,S1#94,47070,17.88,46.55,-3.61,42.94,46.25,Flávio,Flávio,Flávio,-5190.97,-2754.78,-0.21,-0.13,-988.47
1716109,Paraíso Do Tocantins,TO,Norte,Norte/Centro-Oeste,,36056,18.97,27.66,-3.61,24.05,28.28,Flávio,Flávio,Flávio,-14435.25,-12082.42,-0.21,-0.49,-757.18
1705508,Colinas Do Tocantins,TO,Norte,Norte/Centro-Oeste,,25353,20.23,37.1,-3.61,33.49,37.26,Flávio,Flávio,Flávio,-6371.03,-4914.76,-0.21,-0.31,-532.41
1702208,Araguatins,TO,Norte,Norte/Centro-Oeste,,22359,20.85,54.89,-3.61,51.28,54.2,Lula,Lula,Lula,427.6,1406.88,-0.21,0.02,-469.54
1709302,Guaraí,TO,Norte,Norte/Centro-Oeste,,17602,17.03,40.6,-3.61,36.99,40.62,Flávio,Flávio,Flávio,-3612.22,-2603.98,-0.21,-0.25,-369.64
1721208,Tocantinópolis,TO,Norte,Norte/Centro-Oeste,,16077,16.9,64.66,-3.61,61.05,63.74,Lula,Lula,Lula,2815.21,3502.66,-0.21,0.21,-337.62
1713205,Miracema Do Tocantins,TO,Norte,Norte/Centro-Oeste,,14418,19.33,55.8,-3.61,52.19,55.02,Lula,Lula,Lula,480.45,1103.26,-0.21,0.04,-302.78
1708205,Formoso Do Araguaia,TO,Norte,Norte/Centro-Oeste,,14141,21.03,38.85,-3.61,35.24,38.92,Flávio,Flávio,Flávio,-3159.75,-2371.08,-0.21,-0.28,-296.96
1702554,Augustinópolis,TO,Norte,Norte/Centro-Oeste,,13639,19.78,55.84,-3.61,52.23,55.26,Lula,Lula,Lula,462.16,1089.2,-0.21,0.04,-286.42
1707009,Dianópolis,TO,Norte,Norte/Centro-Oeste,,13191,20.28,57.7,-3.61,54.09,56.77,Lula,Lula,Lula,806.39,1334.16,-0.21,0.08,-277.01
1720903,Taguatinga,TO,Norte,Norte/Centro-Oeste,,11231,21.5,57.43,-3.61,53.82,56.7,Lula,Lula,Lula,630.31,1105.2,-0.21,0.07,-235.85
1716505,Pedro Afonso,TO,Norte,Norte/Centro-Oeste,S1#57 S3#14,10799,18.91,42.68,-3.61,39.07,42.61,Flávio,Flávio,Flávio,-1824.02,-1232.88,-0.21,-0.21,-226.78
1711902,Lagoa Da Confusão,TO,Norte,Norte/Centro-Oeste,S1#33 S3#81,10221,19.43,41.32,-3.61,37.71,41.31,Flávio,Flávio,Flávio,-1965.73,-1389.72,-0.21,-0.23,-214.64
1713304,Miranorte,TO,Norte,Norte/Centro-Oeste,S1#53 S3#82,10079,18.57,42.18,-3.61,38.57,42.13,Flávio,Flávio,Flávio,-1779.06,-1225.04,-0.21,-0.22,-211.66
1720200,São Miguel Do Tocantins,TO,Norte,Norte/Centro-Oeste,,9833,14.41,57.63,-3.61,54.02,56.87,Lula,Lula,Lula,648.78,1107.08,-0.21,0.08,-206.49
1702901,Axixá Do Tocantins,TO,Norte,Norte/Centro-Oeste,,9184,18.34,57.16,-3.61,53.55,56.76,Lula,Lula,Lula,506.94,965.36,-0.21,0.07,-192.86
1709005,Goiatins,TO,Norte,Norte/Centro-Oeste,,8809,16.98,67.72,-3.61,64.11,66.85,Lula,Lula,Lula,1953.64,2333.68,-0.21,0.27,-184.99
1722107,Xambioá,TO,Norte,Norte/Centro-Oeste,,8639,18.1,45.73,-3.61,42.12,45.57,Flávio,Flávio,Flávio,-1071.94,-602.18,-0.21,-0.15,-181.42
1716208,Paranã,TO,Norte,Norte/Centro-Oeste,,8577,24.95,72.7,-3.61,69.09,71.31,Lula,Lula,Lula,2285.24,2550.82,-0.21,0.36,-180.12
1702406,Arraias,TO,Norte,Norte/Centro-Oeste,,8201,24.13,70.42,-3.61,66.81,69.13,Lula,Lula,Lula,1961.02,2232.22,-0.21,0.32,-172.22
1714880,Nova Olinda,TO,Norte,Norte/Centro-Oeste,,8132,17.27,50.32,-3.61,46.71,50.0,Lula,Flávio,Flávio,-420.09,-0.32,-0.21,-0.06,-170.77
1720804,Sítio Novo Do Tocantins,TO,Norte,Norte/Centro-Oeste,,8078,16.69,64.61,-3.61,61.0,63.68,Lula,Lula,Lula,1414.63,1759.5,-0.21,0.21,-169.64
1700707,Alvorada,TO,Norte,Norte/Centro-Oeste,,8052,22.88,37.13,-3.61,33.52,37.3,Flávio,Flávio,Flávio,-1945.99,-1500.38,-0.21,-0.31,-169.09
1701002,Ananás,TO,Norte,Norte/Centro-Oeste,,7593,16.48,57.24,-3.61,53.63,56.64,Lula,Lula,Lula,439.38,803.68,-0.21,0.07,-159.45
1722081,Wanderlândia,TO,Norte,Norte/Centro-Oeste,,7391,19.0,53.8,-3.61,50.19,53.33,Lula,Lula,Lula,21.13,377.04,-0.21,0.0,-155.21
1716604,Peixe,TO,Norte,Norte/Centro-Oeste,,7284,21.1,61.12,-3.61,57.51,60.21,Lula,Lula,Lula,820.14,1115.9,-0.21,0.14,-152.96
1703842,Campos Lindos,TO,Norte,Norte/Centro-Oeste,,6887,17.09,52.7,-3.61,49.09,52.12,Lula,Flávio,Lula,-98.48,229.28,-0.21,-0.02,-144.63
1714203,Natividade,TO,Norte,Norte/Centro-Oeste,,6806,21.33,53.56,-3.61,49.95,52.82,Lula,Flávio,Lula,-5.3,281.94,-0.21,-0.0,-142.93
1703800,Buriti Do Tocantins,TO,Norte,Norte/Centro-Oeste,,6689,17.37,54.88,-3.61,51.27,54.42,Lula,Lula,Lula,134.04,465.5,-0.21,0.02,-140.47
1703008,Babaçulândia,TO,Norte,Norte/Centro-Oeste,,6651,15.11,63.04,-3.61,59.43,62.37,Lula,Lula,Lula,1008.61,1322.6,-0.21,0.18,-139.67
1702000,Araguaçu,TO,Norte,Norte/Centro-Oeste,,6645,21.16,24.72,-3.61,21.11,25.46,Flávio,Flávio,Flávio,-2882.53,-2448.6,-0.21,-0.55,-139.54
1707405,Esperantina,TO,Norte,Norte/Centro-Oeste,,6625,21.22,68.38,-3.61,64.77,67.46,Lula,Lula,Lula,1470.25,1737.9,-0.21,0.28,-139.12
1716703,Colméia,TO,Norte,Norte/Centro-Oeste,,6526,16.96,36.27,-3.61,32.66,36.43,Flávio,Flávio,Flávio,-1785.04,-1396.64,-0.21,-0.33,-137.05
1707702,Filadélfia,TO,Norte,Norte/Centro-Oeste,,6244,19.47,57.41,-3.61,53.8,56.83,Lula,Lula,Lula,363.86,653.34,-0.21,0.07,-131.12
1715754,Palmeirópolis,TO,Norte,Norte/Centro-Oeste,,6163,19.1,38.19,-3.61,34.58,38.33,Flávio,Flávio,Flávio,-1457.31,-1102.86,-0.21,-0.29,-129.42
1717503,Pium,TO,Norte,Norte/Centro-Oeste,,5965,21.11,42.01,-3.61,38.4,41.97,Flávio,Flávio,Flávio,-1047.44,-724.8,-0.21,-0.22,-125.26
1718303,Praia Norte,TO,Norte,Norte/Centro-Oeste,,5873,20.93,65.22,-3.61,61.61,64.32,Lula,Lula,Lula,1022.84,1261.6,-0.21,0.22,-123.33
1707108,Divinópolis Do Tocantins,TO,Norte,Norte/Centro-Oeste,,5779,19.1,49.21,-3.61,45.6,48.88,Flávio,Flávio,Flávio,-388.57,-98.64,-0.21,-0.08,-121.36
1717909,Ponte Alta Do Tocantins,TO,Norte,Norte/Centro-Oeste,S3#32,5628,19.55,45.47,-3.61,41.86,45.26,Flávio,Flávio,Flávio,-695.2,-404.42,-0.21,-0.15,-118.19
1700400,Almas,TO,Norte,Norte/Centro-Oeste,,5592,19.38,60.6,-3.61,56.99,59.65,Lula,Lula,Lula,593.41,819.04,-0.21,0.13,-117.43
1706100,Cristalândia,TO,Norte,Norte/Centro-Oeste,S3#33,5530,18.34,44.08,-3.61,40.47,43.95,Flávio,Flávio,Flávio,-828.67,-526.18,-0.21,-0.18,-116.13
1718865,Santa Fé Do Araguaia,TO,Norte,Norte/Centro-Oeste,,5526,18.08,51.5,-3.61,47.89,51.2,Lula,Flávio,Lula,-182.69,103.46,-0.21,-0.04,-116.05
1720101,São Bento Do Tocantins,TO,Norte,Norte/Centro-Oeste,,5456,19.78,63.04,-3.61,59.43,62.08,Lula,Lula,Lula,788.22,1009.1,-0.21,0.18,-114.58
1721109,Tocantínia,TO,Norte,Norte/Centro-Oeste,,5453,13.88,72.21,-3.61,68.6,71.55,Lula,Lula,Lula,1687.12,1954.78,-0.21,0.35,-114.51
1710508,Itacajá,TO,Norte,Norte/Centro-Oeste,,5446,15.31,59.41,-3.61,55.8,58.85,Lula,Lula,Lula,511.61,780.92,-0.21,0.11,-114.37
1701903,Araguacema,TO,Norte,Norte/Centro-Oeste,,5135,20.76,55.86,-3.61,52.25,55.32,Lula,Lula,Lula,173.86,412.08,-0.21,0.04,-107.84
1713601,Monte Do Carmo,TO,Norte,Norte/Centro-Oeste,,5125,20.7,53.64,-3.61,50.03,53.04,Lula,Lula,Lula,1.96,235.24,-0.21,0.0,-107.62
1707207,Dois Irmãos Do Tocantins,TO,Norte,Norte/Centro-Oeste,,5082,19.32,53.7,-3.61,50.09,53.11,Lula,Lula,Lula,7.35,241.1,-0.21,0.0,-106.72
1703107,Barrolândia,TO,Norte,Norte/Centro-Oeste,S3#37,4903,16.72,46.04,-3.61,42.43,45.82,Flávio,Flávio,Flávio,-587.65,-324.24,-0.21,-0.14,-102.96
1720655,Silvanópolis,TO,Norte,Norte/Centro-Oeste,,4865,17.27,50.1,-3.61,46.49,49.68,Lula,Flávio,Flávio,-269.66,-24.5,-0.21,-0.07,-102.16
1706001,Couto Magalhães,TO,Norte,Norte/Centro-Oeste,,4816,20.2,55.05,-3.61,51.44,54.71,Lula,Lula,Lula,106.73,348.9,-0.21,0.03,-101.14
1706506,Darcinópolis,TO,Norte,Norte/Centro-Oeste,,4743,19.29,54.66,-3.61,51.05,54.16,Lula,Lula,Lula,77.06,304.64,-0.21,0.02,-99.6
1710706,Itaguatins,TO,Norte,Norte/Centro-Oeste,,4717,17.53,62.87,-3.61,59.26,62.13,Lula,Lula,Lula,686.64,899.46,-0.21,0.18,-99.06
1707652,Figueirópolis,TO,Norte,Norte/Centro-Oeste,,4679,20.43,40.12,-3.61,36.51,40.16,Flávio,Flávio,Flávio,-961.39,-701.12,-0.21,-0.26,-98.26
1701101,Aparecida Do Rio Negro,TO,Norte,Norte/Centro-Oeste,S3#39,4670,14.22,45.73,-3.61,42.12,45.55,Flávio,Flávio,Flávio,-603.04,-340.6,-0.21,-0.15,-98.07
1702307,Arapoema,TO,Norte,Norte/Centro-Oeste,,4628,21.93,49.7,-3.61,46.09,49.37,Flávio,Flávio,Flávio,-268.04,-43.1,-0.21,-0.07,-97.19
1708304,Goianorte,TO,Norte,Norte/Centro-Oeste,S3#40,4496,16.66,44.47,-3.61,40.86,44.3,Flávio,Flávio,Flávio,-656.06,-409.34,-0.21,-0.17,-94.42
1701309,Aragominas,TO,Norte,Norte/Centro-Oeste,,4450,18.07,55.91,-3.61,52.3,55.4,Lula,Lula,Lula,160.47,376.58,-0.21,0.04,-93.45
1716653,Pequizeiro,TO,Norte,Norte/Centro-Oeste,,4371,16.84,52.5,-3.61,48.89,52.18,Lula,Flávio,Lula,-77.81,152.36,-0.21,-0.02,-91.79
1715705,Palmeirante,TO,Norte,Norte/Centro-Oeste,,4317,17.58,57.98,-3.61,54.37,57.33,Lula,Lula,Lula,295.44,495.76,-0.21,0.08,-90.66
1700350,Aliança Do Tocantins,TO,Norte,Norte/Centro-Oeste,S3#44,4304,20.54,43.92,-3.61,40.31,43.78,Flávio,Flávio,Flávio,-629.93,-404.02,-0.21,-0.18,-90.38
1718758,Rio Sono,TO,Norte,Norte/Centro-Oeste,,4294,13.81,51.34,-3.61,47.73,51.02,Lula,Flávio,Lula,-162.85,72.84,-0.21,-0.04,-90.17
1718907,Santa Rosa Do Tocantins,TO,Norte,Norte/Centro-Oeste,,4257,18.28,60.55,-3.61,56.94,59.8,Lula,Lula,Lula,458.23,647.32,-0.21,0.13,-89.4
1713809,Palmeiras Do Tocantins,TO,Norte,Norte/Centro-Oeste,,4232,18.76,57.95,-3.61,54.34,57.38,Lula,Lula,Lula,285.23,485.12,-0.21,0.08,-88.87
1703701,Brejinho De Nazaré,TO,Norte,Norte/Centro-Oeste,,4228,17.15,50.79,-3.61,47.18,50.37,Lula,Flávio,Lula,-187.26,24.24,-0.21,-0.05,-88.79
1718808,Sampaio,TO,Norte,Norte/Centro-Oeste,,4157,24.49,66.61,-3.61,63.0,65.96,Lula,Lula,Lula,771.59,947.56,-0.21,0.25,-87.3
1714302,Nazaré,TO,Norte,Norte/Centro-Oeste,,4125,15.76,68.95,-3.61,65.34,67.49,Lula,Lula,Lula,1009.78,1151.06,-0.21,0.29,-86.62
1715101,Novo Acordo,TO,Norte,Norte/Centro-Oeste,,4119,17.33,48.53,-3.61,44.92,48.25,Flávio,Flávio,Flávio,-327.45,-112.7,-0.21,-0.1,-86.5
1720499,São Valério,TO,Norte,Norte/Centro-Oeste,,4075,22.11,62.24,-3.61,58.63,61.26,Lula,Lula,Lula,521.25,679.94,-0.21,0.16,-85.58
1703073,Barra Do Ouro,TO,Norte,Norte/Centro-Oeste,,4021,18.8,58.19,-3.61,54.58,57.78,Lula,Lula,Lula,283.68,481.7,-0.21,0.09,-84.44
1700301,Aguiarnópolis,TO,Norte,Norte/Centro-Oeste,,3952,19.99,57.62,-3.61,54.01,56.9,Lula,Lula,Lula,241.44,415.62,-0.21,0.08,-82.99
1703909,Caseara,TO,Norte,Norte/Centro-Oeste,,3951,17.82,49.2,-3.61,45.59,48.89,Flávio,Flávio,Flávio,-273.92,-68.72,-0.21,-0.08,-82.97
1705557,Combinado,TO,Norte,Norte/Centro-Oeste,,3892,16.16,46.38,-3.61,42.77,46.06,Flávio,Flávio,Flávio,-444.28,-242.32,-0.21,-0.14,-81.73
1712504,Marianópolis Do Tocantins,TO,Norte,Norte/Centro-Oeste,S3#48,3803,19.91,45.29,-3.61,41.68,45.14,Flávio,Flávio,Flávio,-481.78,-281.48,-0.21,-0.16,-79.86
1703867,Cariri Do Tocantins,TO,Norte,Norte/Centro-Oeste,S3#99,3798,19.77,42.21,-3.61,38.6,42.16,Flávio,Flávio,Flávio,-665.31,-457.3,-0.21,-0.22,-79.76
1717008,Pindorama Do Tocantins,TO,Norte,Norte/Centro-Oeste,,3710,19.08,53.28,-3.61,49.67,52.84,Lula,Flávio,Lula,-18.94,161.8,-0.21,-0.01,-77.91
1703305,Bom Jesus Do Tocantins,TO,Norte,Norte/Centro-Oeste,,3672,14.98,48.38,-3.61,44.77,48.14,Flávio,Flávio,Flávio,-310.54,-110.36,-0.21,-0.1,-77.11
1707306,Dueré,TO,Norte,Norte/Centro-Oeste,,3669,19.16,50.85,-3.61,47.24,50.29,Lula,Flávio,Lula,-155.86,16.16,-0.21,-0.05,-77.05
1705607,Conceição Do Tocantins,TO,Norte,Norte/Centro-Oeste,,3643,25.47,67.69,-3.61,64.08,66.45,Lula,Lula,Lula,713.65,833.86,-0.21,0.27,-76.5
1717800,Ponte Alta Do Bom Jesus,TO,Norte,Norte/Centro-Oeste,,3642,19.77,61.34,-3.61,57.73,60.34,Lula,Lula,Lula,426.73,570.5,-0.21,0.15,-76.48
1703206,Bernardo Sayão,TO,Norte,Norte/Centro-Oeste,,3604,16.7,41.89,-3.61,38.28,41.86,Flávio,Flávio,Flávio,-670.73,-465.9,-0.21,-0.22,-75.68
1712801,Maurilândia Do Tocantins,TO,Norte,Norte/Centro-Oeste,,3586,18.93,70.4,-3.61,66.79,69.37,Lula,Lula,Lula,923.52,1065.78,-0.21,0.32,-75.31
1703891,Carrasco Bonito,TO,Norte,Norte/Centro-Oeste,,3567,21.31,60.44,-3.61,56.83,60.04,Lula,Lula,Lula,363.3,534.2,-0.21,0.13,-74.91
1718840,Sandolândia,TO,Norte,Norte/Centro-Oeste,,3566,22.35,39.68,-3.61,36.07,39.74,Flávio,Flávio,Flávio,-735.24,-541.58,-0.21,-0.26,-74.89
1702158,Araguanã,TO,Norte,Norte/Centro-Oeste,,3552,17.82,48.6,-3.61,44.99,48.35,Flávio,Flávio,Flávio,-281.54,-92.66,-0.21,-0.1,-74.59
1716307,Pau D'Arco,TO,Norte,Norte/Centro-Oeste,,3551,18.42,50.04,-3.61,46.43,49.68,Lula,Flávio,Flávio,-198.31,-18.02,-0.21,-0.07,-74.57
1712009,Lajeado,TO,Norte,Norte/Centro-Oeste,,3504,18.86,45.32,-3.61,41.71,45.13,Flávio,Flávio,Flávio,-454.0,-266.56,-0.21,-0.16,-73.58
1718550,Riachinho,TO,Norte,Norte/Centro-Oeste,,3503,16.39,55.72,-3.61,52.11,55.31,Lula,Lula,Lula,119.41,300.86,-0.21,0.04,-73.56
1710904,Itapiratins,TO,Norte,Norte/Centro-Oeste,,3403,15.57,56.54,-3.61,52.93,55.63,Lula,Lula,Lula,158.58,304.44,-0.21,0.06,-71.46
1707553,Fátima,TO,Norte,Norte/Centro-Oeste,,3389,19.8,40.53,-3.61,36.92,40.55,Flávio,Flávio,Flávio,-677.84,-489.78,-0.21,-0.25,-71.17
1720309,São Sebastião Do Tocantins,TO,Norte,Norte/Centro-Oeste,,3364,18.88,67.83,-3.61,64.22,67.03,Lula,Lula,Lula,739.95,886.0,-0.21,0.27,-70.64
1702703,Aurora Do Tocantins,TO,Norte,Norte/Centro-Oeste,,3314,21.58,56.54,-3.61,52.93,55.75,Lula,Lula,Lula,140.71,276.02,-0.21,0.06,-69.59
1711951,Lagoa Do Tocantins,TO,Norte,Norte/Centro-Oeste,,3307,16.12,57.65,-3.61,54.04,56.92,Lula,Lula,Lula,211.61,362.28,-0.21,0.08,-69.45
1705102,Chapada Da Natividade,TO,Norte,Norte/Centro-Oeste,,3103,20.05,69.26,-3.61,65.65,68.14,Lula,Lula,Lula,729.22,845.48,-0.21,0.3,-65.16
1712405,Lizarda,TO,Norte,Norte/Centro-Oeste,,3099,23.14,66.01,-3.61,62.4,65.09,Lula,Lula,Lula,550.88,670.3,-0.21,0.24,-65.08
1711506,Jaú Do Tocantins,TO,Norte,Norte/Centro-Oeste,,3092,21.28,48.18,-3.61,44.57,47.95,Flávio,Flávio,Flávio,-252.36,-95.3,-0.21,-0.1,-64.93
1708254,Tabocão,TO,Norte,Norte/Centro-Oeste,,3073,19.2,49.62,-3.61,46.01,49.23,Flávio,Flávio,Flávio,-187.61,-36.18,-0.21,-0.08,-64.53
1719004,Santa Tereza Do Tocantins,TO,Norte,Norte/Centro-Oeste,,3061,15.13,44.73,-3.61,41.12,44.56,Flávio,Flávio,Flávio,-436.66,-267.58,-0.21,-0.17,-64.28
1718501,Recursolândia,TO,Norte,Norte/Centro-Oeste,,2936,15.36,67.67,-3.61,64.06,67.01,Lula,Lula,Lula,678.15,820.22,-0.21,0.27,-61.66
1715002,Nova Rosalândia,TO,Norte,Norte/Centro-Oeste,,2880,16.22,40.71,-3.61,37.1,40.73,Flávio,Flávio,Flávio,-594.92,-427.8,-0.21,-0.25,-60.48
1713957,Muricilândia,TO,Norte,Norte/Centro-Oeste,,2874,17.71,57.18,-3.61,53.57,56.63,Lula,Lula,Lula,162.18,301.14,-0.21,0.07,-60.35
1718402,Presidente Kennedy,TO,Norte,Norte/Centro-Oeste,,2825,16.71,49.62,-3.61,46.01,49.24,Flávio,Flávio,Flávio,-176.7,-33.5,-0.21,-0.08,-59.32
1701051,Angico,TO,Norte,Norte/Centro-Oeste,,2806,18.92,52.78,-3.61,49.17,52.25,Lula,Flávio,Lula,-36.24,98.36,-0.21,-0.02,-58.93
1703057,Bandeirantes Do Tocantins,TO,Norte,Norte/Centro-Oeste,,2799,14.65,40.92,-3.61,37.31,40.93,Flávio,Flávio,Flávio,-584.61,-418.1,-0.21,-0.24,-58.78
1711100,Itaporã Do Tocantins,TO,Norte,Norte/Centro-Oeste,,2703,17.35,49.21,-3.61,45.6,48.92,Flávio,Flávio,Flávio,-189.62,-46.58,-0.21,-0.08,-56.76
1720259,São Salvador Do Tocantins,TO,Norte,Norte/Centro-Oeste,,2701,27.4,66.34,-3.61,62.73,64.83,Lula,Lula,Lula,471.5,549.12,-0.21,0.24,-56.72
1718709,Rio Dos Bois,TO,Norte,Norte/Centro-Oeste,,2668,18.89,57.62,-3.61,54.01,57.03,Lula,Lula,Lula,164.72,288.98,-0.21,0.08,-56.03
1718006,Porto Alegre Do Tocantins,TO,Norte,Norte/Centro-Oeste,,2639,21.6,61.79,-3.61,58.18,60.69,Lula,Lula,Lula,318.63,416.52,-0.21,0.16,-55.42
1712454,Luzinópolis,TO,Norte,Norte/Centro-Oeste,,2601,15.57,56.04,-3.61,52.43,55.39,Lula,Lula,Lula,100.43,223.04,-0.21,0.05,-54.62
1720978,Talismã,TO,Norte,Norte/Centro-Oeste,,2560,24.41,43.08,-3.61,39.47,43.0,Flávio,Flávio,Flávio,-388.96,-258.72,-0.21,-0.2,-53.76
1713700,Monte Santo Do Tocantins,TO,Norte,Norte/Centro-Oeste,,2559,19.27,36.93,-3.61,33.32,37.07,Flávio,Flávio,Flávio,-657.15,-509.32,-0.21,-0.32,-53.74
1718881,Santa Maria Do Tocantins,TO,Norte,Norte/Centro-Oeste,S3#60,2546,17.91,46.07,-3.61,42.46,45.9,Flávio,Flávio,Flávio,-304.04,-165.46,-0.21,-0.14,-53.47
1704600,Chapada De Areia,TO,Norte,Norte/Centro-Oeste,,2545,20.94,41.91,-3.61,38.3,41.86,Flávio,Flávio,Flávio,-452.4,-314.62,-0.21,-0.22,-53.44
1700251,Abreulândia,TO,Norte,Norte/Centro-Oeste,S3#61,2525,19.33,46.6,-3.61,42.99,46.43,Flávio,Flávio,Flávio,-274.17,-139.5,-0.21,-0.13,-53.02
1703883,Carmolândia,TO,Norte,Norte/Centro-Oeste,,2413,18.23,55.23,-3.61,51.62,54.69,Lula,Lula,Lula,60.86,176.12,-0.21,0.03,-50.67
1717206,Piraquê,TO,Norte,Norte/Centro-Oeste,,2394,18.3,54.34,-3.61,50.73,53.8,Lula,Lula,Lula,27.49,143.42,-0.21,0.01,-50.27
1715259,Novo Jardim,TO,Norte,Norte/Centro-Oeste,,2344,22.4,62.74,-3.61,59.13,61.79,Lula,Lula,Lula,314.83,406.42,-0.21,0.17,-49.22
1718451,Pugmil,TO,Norte,Norte/Centro-Oeste,,2328,17.4,41.72,-3.61,38.11,41.69,Flávio,Flávio,Flávio,-440.1,-307.46,-0.21,-0.23,-48.89
1711803,Juarina,TO,Norte,Norte/Centro-Oeste,,2277,17.92,52.6,-3.61,48.99,52.12,Lula,Flávio,Lula,-36.18,75.7,-0.21,-0.02,-47.82
1718659,Rio Da Conceição,TO,Norte,Norte/Centro-Oeste,,2139,26.13,62.91,-3.61,59.3,61.8,Lula,Lula,Lula,278.63,353.28,-0.21,0.18,-44.92
1718899,Santa Rita Do Tocantins,TO,Norte,Norte/Centro-Oeste,,2126,21.17,41.73,-3.61,38.12,41.69,Flávio,Flávio,Flávio,-383.87,-268.3,-0.21,-0.23,-44.65
1720002,Santa Terezinha Do Tocantins,TO,Norte,Norte/Centro-Oeste,,2106,18.8,60.3,-3.61,56.69,59.14,Lula,Lula,Lula,215.74,294.5,-0.21,0.13,-44.23
1715150,Novo Alegre,TO,Norte,Norte/Centro-Oeste,,2099,22.39,58.91,-3.61,55.3,57.61,Lula,Lula,Lula,159.07,228.4,-0.21,0.1,-44.08
1720937,Taipas Do Tocantins,TO,Norte,Norte/Centro-Oeste,,2033,26.81,72.67,-3.61,69.06,71.49,Lula,Lula,Lula,529.94,597.76,-0.21,0.36,-42.69
1703826,Cachoeirinha,TO,Norte,Norte/Centro-Oeste,,2029,18.14,63.64,-3.61,60.03,62.57,Lula,Lula,Lula,320.36,401.42,-0.21,0.19,-42.61
1712157,Lavandeira,TO,Norte,Norte/Centro-Oeste,,2002,17.38,56.16,-3.61,52.55,55.09,Lula,Lula,Lula,78.81,157.4,-0.21,0.05,-42.04
1712702,Mateiros,TO,Norte,Norte/Centro-Oeste,,2000,20.6,66.58,-3.61,62.97,65.98,Lula,Lula,Lula,392.39,483.7,-0.21,0.25,-42.0
1709807,Ipueiras,TO,Norte,Norte/Centro-Oeste,,1997,19.73,64.68,-3.61,61.07,63.9,Lula,Lula,Lula,341.5,428.9,-0.21,0.21,-41.94
1703602,Brasilândia Do Tocantins,TO,Norte,Norte/Centro-Oeste,,1994,16.45,49.67,-3.61,46.06,49.32,Flávio,Flávio,Flávio,-124.41,-21.62,-0.21,-0.07,-41.87
1704105,Centenário,TO,Norte,Norte/Centro-Oeste,,1930,17.51,58.89,-3.61,55.28,58.23,Lula,Lula,Lula,159.65,249.06,-0.21,0.1,-40.53
1720150,São Félix Do Tocantins,TO,Norte,Norte/Centro-Oeste,,1852,15.77,63.26,-3.61,59.65,61.97,Lula,Lula,Lula,284.19,352.74,-0.21,0.18,-38.89
1721257,Tupirama,TO,Norte,Norte/Centro-Oeste,,1851,18.37,55.44,-3.61,51.83,54.97,Lula,Lula,Lula,52.42,142.6,-0.21,0.03,-38.87
1706258,Crixás Do Tocantins,TO,Norte,Norte/Centro-Oeste,,1827,19.76,50.0,-3.61,46.39,49.68,empate,Flávio,Flávio,-101.65,-8.96,-0.21,-0.07,-38.37
1721307,Tupiratins,TO,Norte,Norte/Centro-Oeste,,1797,18.92,60.27,-3.61,56.66,59.53,Lula,Lula,Lula,183.47,262.48,-0.21,0.13,-37.74
1720853,Sucupira,TO,Norte,Norte/Centro-Oeste,,1762,16.29,45.61,-3.61,42.0,45.41,Flávio,Flávio,Flávio,-223.1,-128.06,-0.21,-0.15,-37.0
1715507,Oliveira De Fátima,TO,Norte,Norte/Centro-Oeste,,1692,18.26,49.03,-3.61,45.42,48.76,Flávio,Flávio,Flávio,-122.14,-32.98,-0.21,-0.09,-35.53
