alvo,escopo,nivel,grupo,coef_por_10pp,efeito_1dp,dp_do_grupo_pp,erro_padrao,p_valor,n_zonas,r2,aviso
swing,Brasil,Brasil,16–24 anos,1.73,0.49,2.8,1.34,0.1976,5847,0.607,"Associação entre territórios (zonas eleitorais), não comportamento individual (falácia ecológica)."
swing,Brasil,Brasil,25–34 anos,-2.32,-0.54,2.3,1.29,0.0718,5847,0.607,"Associação entre territórios (zonas eleitorais), não comportamento individual (falácia ecológica)."
swing,Brasil,Brasil,45–59 anos,1.23,0.21,1.7,1.37,0.3709,5847,0.607,"Associação entre territórios (zonas eleitorais), não comportamento individual (falácia ecológica)."
swing,Brasil,Brasil,60–69 anos,-0.21,-0.04,2.1,1.04,0.843,5847,0.607,"Associação entre territórios (zonas eleitorais), não comportamento individual (falácia ecológica)."
swing,Brasil,Brasil,70+ anos,2.46,0.84,3.4,1.0,0.0135,5847,0.607,"Associação entre territórios (zonas eleitorais), não comportamento individual (falácia ecológica)."
swing,Brasil,Brasil,sem fundamental completo,-1.3,-1.64,12.6,0.25,0.0,5847,0.607,"Associação entre territórios (zonas eleitorais), não comportamento individual (falácia ecológica)."
swing,Brasil,Brasil,fundamental (até médio incompleto),-0.51,-0.23,4.4,0.36,0.1622,5847,0.607,"Associação entre territórios (zonas eleitorais), não comportamento individual (falácia ecológica)."
swing,Brasil,Brasil,superior completo,-0.35,-0.29,8.3,0.26,0.1788,5847,0.607,"Associação entre territórios (zonas eleitorais), não comportamento individual (falácia ecológica)."
swing,Brasil,Brasil,mulheres,3.53,0.65,1.8,0.76,0.0,5847,0.607,"Associação entre territórios (zonas eleitorais), não comportamento individual (falácia ecológica)."
swing,Centro-Oeste,região,16–24 anos,8.49,1.57,1.9,5.05,0.0924,458,0.763,"Associação entre territórios (zonas eleitorais), não comportamento individual (falácia ecológica)."
swing,Centro-Oeste,região,25–34 anos,11.77,2.37,2.0,5.56,0.0344,458,0.763,"Associação entre territórios (zonas eleitorais), não comportamento individual (falácia ecológica)."
swing,Centro-Oeste,região,45–59 anos,7.86,1.1,1.4,4.8,0.1014,458,0.763,"Associação entre territórios (zonas eleitorais), não comportamento individual (falácia ecológica)."
swing,Centro-Oeste,região,60–69 anos,7.31,1.23,1.7,4.46,0.1015,458,0.763,"Associação entre territórios (zonas eleitorais), não comportamento individual (falácia ecológica)."
swing,Centro-Oeste,região,70+ anos,7.57,1.9,2.5,3.47,0.0293,458,0.763,"Associação entre territórios (zonas eleitorais), não comportamento individual (falácia ecológica)."
swing,Centro-Oeste,região,sem fundamental completo,-1.25,-1.38,11.0,0.59,0.0342,458,0.763,"Associação entre territórios (zonas eleitorais), não comportamento individual (falácia ecológica)."
swing,Centro-Oeste,região,fundamental (até médio incompleto),3.12,1.23,4.0,1.54,0.0424,458,0.763,"Associação entre territórios (zonas eleitorais), não comportamento individual (falácia ecológica)."
swing,Centro-Oeste,região,superior completo,2.47,2.57,10.4,0.68,0.0003,458,0.763,"Associação entre territórios (zonas eleitorais), não comportamento individual (falácia ecológica)."
swing,Centro-Oeste,região,mulheres,3.32,0.64,1.9,2.19,0.129,458,0.763,"Associação entre territórios (zonas eleitorais), não comportamento individual (falácia ecológica)."
swing,Nordeste,região,16–24 anos,2.25,0.55,2.5,1.48,0.1282,1850,0.532,"Associação entre territórios (zonas eleitorais), não comportamento individual (falácia ecológica)."
swing,Nordeste,região,25–34 anos,1.13,0.2,1.8,1.92,0.5571,1850,0.532,"Associação entre territórios (zonas eleitorais), não comportamento individual (falácia ecológica)."
swing,Nordeste,região,45–59 anos,5.23,1.0,1.9,1.7,0.0022,1850,0.532,"Associação entre territórios (zonas eleitorais), não comportamento individual (falácia ecológica)."
swing,Nordeste,região,60–69 anos,10.01,1.49,1.5,1.72,0.0,1850,0.532,"Associação entre territórios (zonas eleitorais), não comportamento individual (falácia ecológica)."
swing,Nordeste,região,70+ anos,-0.04,-0.01,2.1,1.47,0.9809,1850,0.532,"Associação entre territórios (zonas eleitorais), não comportamento individual (falácia ecológica)."
swing,Nordeste,região,sem fundamental completo,-0.55,-0.72,13.1,0.27,0.0411,1850,0.532,"Associação entre territórios (zonas eleitorais), não comportamento individual (falácia ecológica)."
swing,Nordeste,região,fundamental (até médio incompleto),0.31,0.1,3.1,0.63,0.6208,1850,0.532,"Associação entre territórios (zonas eleitorais), não comportamento individual (falácia ecológica)."
swing,Nordeste,região,superior completo,0.11,0.08,6.8,0.38,0.7729,1850,0.532,"Associação entre territórios (zonas eleitorais), não comportamento individual (falácia ecológica)."
swing,Nordeste,região,mulheres,0.75,0.15,2.0,1.19,0.5261,1850,0.532,"Associação entre territórios (zonas eleitorais), não comportamento individual (falácia ecológica)."
swing,Norte,região,16–24 anos,9.74,3.1,3.2,3.19,0.0023,437,0.551,"Associação entre territórios (zonas eleitorais), não comportamento individual (falácia ecológica)."
swing,Norte,região,25–34 anos,17.22,3.91,2.3,5.17,0.0009,437,0.551,"Associação entre territórios (zonas eleitorais), não comportamento individual (falácia ecológica)."
swing,Norte,região,45–59 anos,16.48,3.77,2.3,4.63,0.0004,437,0.551,"Associação entre territórios (zonas eleitorais), não comportamento individual (falácia ecológica)."
swing,Norte,região,60–69 anos,-11.29,-2.15,1.9,6.4,0.0775,437,0.551,"Associação entre territórios (zonas eleitorais), não comportamento individual (falácia ecológica)."
swing,Norte,região,70+ anos,28.76,6.03,2.1,4.61,0.0,437,0.551,"Associação entre territórios (zonas eleitorais), não comportamento individual (falácia ecológica)."
swing,Norte,região,sem fundamental completo,-3.01,-4.06,13.5,0.98,0.002,437,0.551,"Associação entre territórios (zonas eleitorais), não comportamento individual (falácia ecológica)."
swing,Norte,região,fundamental (até médio incompleto),-3.44,-1.09,3.2,1.65,0.0366,437,0.551,"Associação entre territórios (zonas eleitorais), não comportamento individual (falácia ecológica)."
swing,Norte,região,superior completo,-2.29,-1.36,6.0,1.22,0.0603,437,0.551,"Associação entre territórios (zonas eleitorais), não comportamento individual (falácia ecológica)."
swing,Norte,região,mulheres,-0.16,-0.03,2.1,2.68,0.9536,437,0.551,"Associação entre territórios (zonas eleitorais), não comportamento individual (falácia ecológica)."
swing,Sudeste,região,16–24 anos,0.01,0.0,1.6,2.7,0.9959,1875,0.679,"Associação entre territórios (zonas eleitorais), não comportamento individual (falácia ecológica)."
swing,Sudeste,região,25–34 anos,-1.66,-0.36,2.1,1.71,0.3323,1875,0.679,"Associação entre territórios (zonas eleitorais), não comportamento individual (falácia ecológica)."
swing,Sudeste,região,45–59 anos,0.44,0.05,1.1,2.14,0.8368,1875,0.679,"Associação entre territórios (zonas eleitorais), não comportamento individual (falácia ecológica)."
swing,Sudeste,região,60–69 anos,0.09,0.01,1.6,1.49,0.9504,1875,0.679,"Associação entre territórios (zonas eleitorais), não comportamento individual (falácia ecológica)."
swing,Sudeste,região,70+ anos,2.44,0.9,3.7,1.42,0.0851,1875,0.679,"Associação entre territórios (zonas eleitorais), não comportamento individual (falácia ecológica)."
swing,Sudeste,região,sem fundamental completo,-1.16,-1.2,10.3,0.39,0.0028,1875,0.679,"Associação entre territórios (zonas eleitorais), não comportamento individual (falácia ecológica)."
swing,Sudeste,região,fundamental (até médio incompleto),-0.85,-0.44,5.2,0.41,0.0414,1875,0.679,"Associação entre territórios (zonas eleitorais), não comportamento individual (falácia ecológica)."
swing,Sudeste,região,superior completo,-0.45,-0.39,8.5,0.32,0.1529,1875,0.679,"Associação entre territórios (zonas eleitorais), não comportamento individual (falácia ecológica)."
swing,Sudeste,região,mulheres,4.61,0.7,1.5,1.21,0.0001,1875,0.679,"Associação entre territórios (zonas eleitorais), não comportamento individual (falácia ecológica)."
swing,Sul,região,16–24 anos,-9.98,-1.53,1.5,2.48,0.0001,1227,0.691,"Associação entre territórios (zonas eleitorais), não comportamento individual (falácia ecológica)."
swing,Sul,região,25–34 anos,-4.78,-0.89,1.9,2.89,0.0979,1227,0.691,"Associação entre territórios (zonas eleitorais), não comportamento individual (falácia ecológica)."
swing,Sul,região,45–59 anos,2.57,0.29,1.1,2.73,0.347,1227,0.691,"Associação entre territórios (zonas eleitorais), não comportamento individual (falácia ecológica)."
swing,Sul,região,60–69 anos,1.13,0.18,1.6,2.43,0.6428,1227,0.691,"Associação entre territórios (zonas eleitorais), não comportamento individual (falácia ecológica)."
swing,Sul,região,70+ anos,-2.01,-0.65,3.2,2.1,0.3374,1227,0.691,"Associação entre territórios (zonas eleitorais), não comportamento individual (falácia ecológica)."
swing,Sul,região,sem fundamental completo,-3.33,-3.43,10.3,0.5,0.0,1227,0.691,"Associação entre territórios (zonas eleitorais), não comportamento individual (falácia ecológica)."
swing,Sul,região,fundamental (até médio incompleto),1.9,0.84,4.4,0.91,0.036,1227,0.691,"Associação entre territórios (zonas eleitorais), não comportamento individual (falácia ecológica)."
swing,Sul,região,superior completo,-1.45,-1.15,7.9,0.87,0.096,1227,0.691,"Associação entre territórios (zonas eleitorais), não comportamento individual (falácia ecológica)."
swing,Sul,região,mulheres,4.68,0.76,1.6,1.64,0.0043,1227,0.691,"Associação entre territórios (zonas eleitorais), não comportamento individual (falácia ecológica)."
swing,AL,UF,16–24 anos,11.5,2.68,2.3,5.15,0.0257,99,0.586,"Associação entre territórios (zonas eleitorais), não comportamento individual (falácia ecológica)."
swing,AL,UF,25–34 anos,9.21,1.39,1.5,6.8,0.1755,99,0.586,"Associação entre territórios (zonas eleitorais), não comportamento individual (falácia ecológica)."
swing,AL,UF,45–59 anos,8.82,1.57,1.8,7.07,0.2123,99,0.586,"Associação entre territórios (zonas eleitorais), não comportamento individual (falácia ecológica)."
swing,AL,UF,60–69 anos,13.75,1.63,1.2,7.81,0.0783,99,0.586,"Associação entre territórios (zonas eleitorais), não comportamento individual (falácia ecológica)."
swing,AL,UF,70+ anos,9.24,1.35,1.5,6.0,0.1237,99,0.586,"Associação entre territórios (zonas eleitorais), não comportamento individual (falácia ecológica)."
swing,AL,UF,sem fundamental completo,-1.56,-1.94,12.4,1.13,0.1686,99,0.586,"Associação entre territórios (zonas eleitorais), não comportamento individual (falácia ecológica)."
swing,AL,UF,fundamental (até médio incompleto),0.89,0.25,2.8,2.01,0.6565,99,0.586,"Associação entre territórios (zonas eleitorais), não comportamento individual (falácia ecológica)."
swing,AL,UF,superior completo,0.3,0.19,6.1,1.53,0.8426,99,0.586,"Associação entre territórios (zonas eleitorais), não comportamento individual (falácia ecológica)."
swing,AL,UF,mulheres,-2.99,-0.53,1.8,4.07,0.4632,99,0.586,"Associação entre territórios (zonas eleitorais), não comportamento individual (falácia ecológica)."
swing,AM,UF,16–24 anos,13.48,4.92,3.6,9.89,0.1727,66,0.673,"Associação entre territórios (zonas eleitorais), não comportamento individual (falácia ecológica)."
swing,AM,UF,25–34 anos,2.68,0.56,2.1,9.03,0.7664,66,0.673,"Associação entre territórios (zonas eleitorais), não comportamento individual (falácia ecológica)."
swing,AM,UF,45–59 anos,9.39,2.69,2.9,11.25,0.404,66,0.673,"Associação entre territórios (zonas eleitorais), não comportamento individual (falácia ecológica)."
swing,AM,UF,60–69 anos,-3.51,-0.58,1.7,9.88,0.7226,66,0.673,"Associação entre territórios (zonas eleitorais), não comportamento individual (falácia ecológica)."
swing,AM,UF,70+ anos,23.35,3.74,1.6,13.75,0.0896,66,0.673,"Associação entre territórios (zonas eleitorais), não comportamento individual (falácia ecológica)."
swing,AM,UF,sem fundamental completo,-5.69,-7.14,12.5,1.48,0.0001,66,0.673,"Associação entre territórios (zonas eleitorais), não comportamento individual (falácia ecológica)."
swing,AM,UF,fundamental (até médio incompleto),-0.74,-0.29,3.8,3.08,0.8094,66,0.673,"Associação entre territórios (zonas eleitorais), não comportamento individual (falácia ecológica)."
swing,AM,UF,superior completo,-3.84,-2.6,6.8,2.57,0.1352,66,0.673,"Associação entre territórios (zonas eleitorais), não comportamento individual (falácia ecológica)."
swing,AM,UF,mulheres,-7.5,-1.46,2.0,9.04,0.4068,66,0.673,"Associação entre territórios (zonas eleitorais), não comportamento individual (falácia ecológica)."
swing,BA,UF,16–24 anos,6.47,1.32,2.0,3.38,0.0557,448,0.318,"Associação entre territórios (zonas eleitorais), não comportamento individual (falácia ecológica)."
swing,BA,UF,25–34 anos,13.71,2.14,1.6,4.47,0.0022,448,0.318,"Associação entre territórios (zonas eleitorais), não comportamento individual (falácia ecológica)."
swing,BA,UF,45–59 anos,14.84,2.68,1.8,3.49,0.0,448,0.318,"Associação entre territórios (zonas eleitorais), não comportamento individual (falácia ecológica)."
swing,BA,UF,60–69 anos,15.16,2.15,1.4,3.49,0.0,448,0.318,"Associação entre territórios (zonas eleitorais), não comportamento individual (falácia ecológica)."
swing,BA,UF,70+ anos,6.04,1.27,2.1,2.95,0.0408,448,0.318,"Associação entre territórios (zonas eleitorais), não comportamento individual (falácia ecológica)."
swing,BA,UF,sem fundamental completo,0.12,0.16,13.4,0.67,0.8561,448,0.318,"Associação entre territórios (zonas eleitorais), não comportamento individual (falácia ecológica)."
swing,BA,UF,fundamental (até médio incompleto),0.27,0.07,2.7,1.5,0.8576,448,0.318,"Associação entre territórios (zonas eleitorais), não comportamento individual (falácia ecológica)."
swing,BA,UF,superior completo,1.0,0.7,7.0,0.86,0.2458,448,0.318,"Associação entre territórios (zonas eleitorais), não comportamento individual (falácia ecológica)."
swing,BA,UF,mulheres,5.29,1.11,2.1,2.12,0.0128,448,0.318,"Associação entre territórios (zonas eleitorais), não comportamento individual (falácia ecológica)."
swing,CE,UF,16–24 anos,4.69,0.87,1.9,4.64,0.3124,201,0.614,"Associação entre territórios (zonas eleitorais), não comportamento individual (falácia ecológica)."
swing,CE,UF,25–34 anos,-1.76,-0.34,1.9,4.89,0.7184,201,0.614,"Associação entre territórios (zonas eleitorais), não comportamento individual (falácia ecológica)."
swing,CE,UF,45–59 anos,6.84,0.9,1.3,5.79,0.2374,201,0.614,"Associação entre territórios (zonas eleitorais), não comportamento individual (falácia ecológica)."
swing,CE,UF,60–69 anos,9.68,1.43,1.5,4.33,0.0255,201,0.614,"Associação entre territórios (zonas eleitorais), não comportamento individual (falácia ecológica)."
swing,CE,UF,70+ anos,-0.57,-0.13,2.4,4.74,0.905,201,0.614,"Associação entre territórios (zonas eleitorais), não comportamento individual (falácia ecológica)."
swing,CE,UF,sem fundamental completo,-1.7,-1.89,11.1,0.73,0.0193,201,0.614,"Associação entre territórios (zonas eleitorais), não comportamento individual (falácia ecológica)."
swing,CE,UF,fundamental (até médio incompleto),1.07,0.32,3.0,1.87,0.5687,201,0.614,"Associação entre territórios (zonas eleitorais), não comportamento individual (falácia ecológica)."
swing,CE,UF,superior completo,0.52,0.37,7.1,0.79,0.5144,201,0.614,"Associação entre territórios (zonas eleitorais), não comportamento individual (falácia ecológica)."
swing,CE,UF,mulheres,-5.42,-0.95,1.8,2.69,0.0442,201,0.614,"Associação entre territórios (zonas eleitorais), não comportamento individual (falácia ecológica)."
swing,ES,UF,16–24 anos,8.6,1.06,1.2,4.68,0.0663,85,0.699,"Associação entre territórios (zonas eleitorais), não comportamento individual (falácia ecológica)."
swing,ES,UF,25–34 anos,-3.16,-0.42,1.3,6.4,0.6216,85,0.699,"Associação entre territórios (zonas eleitorais), não comportamento individual (falácia ecológica)."
swing,ES,UF,45–59 anos,-3.85,-0.24,0.6,7.75,0.6194,85,0.699,"Associação entre territórios (zonas eleitorais), não comportamento individual (falácia ecológica)."
swing,ES,UF,60–69 anos,3.84,0.52,1.3,4.7,0.4141,85,0.699,"Associação entre territórios (zonas eleitorais), não comportamento individual (falácia ecológica)."
swing,ES,UF,70+ anos,4.08,0.8,2.0,4.37,0.3501,85,0.699,"Associação entre territórios (zonas eleitorais), não comportamento individual (falácia ecológica)."
swing,ES,UF,sem fundamental completo,-0.49,-0.57,11.7,0.65,0.4524,85,0.699,"Associação entre territórios (zonas eleitorais), não comportamento individual (falácia ecológica)."
swing,ES,UF,fundamental (até médio incompleto),-1.62,-0.9,5.5,1.23,0.1884,85,0.699,"Associação entre territórios (zonas eleitorais), não comportamento individual (falácia ecológica)."
swing,ES,UF,superior completo,-1.0,-0.99,9.9,0.91,0.2729,85,0.699,"Associação entre territórios (zonas eleitorais), não comportamento individual (falácia ecológica)."
swing,ES,UF,mulheres,7.22,1.08,1.5,3.67,0.0491,85,0.699,"Associação entre territórios (zonas eleitorais), não comportamento individual (falácia ecológica)."
swing,GO,UF,16–24 anos,17.27,3.5,2.0,6.06,0.0044,226,0.609,"Associação entre territórios (zonas eleitorais), não comportamento individual (falácia ecológica)."
swing,GO,UF,25–34 anos,28.65,5.68,2.0,7.85,0.0003,226,0.609,"Associação entre territórios (zonas eleitorais), não comportamento individual (falácia ecológica)."
swing,GO,UF,45–59 anos,19.63,1.85,0.9,6.89,0.0044,226,0.609,"Associação entre territórios (zonas eleitorais), não comportamento individual (falácia ecológica)."
swing,GO,UF,60–69 anos,25.19,4.72,1.9,6.85,0.0002,226,0.609,"Associação entre territórios (zonas eleitorais), não comportamento individual (falácia ecológica)."
swing,GO,UF,70+ anos,10.21,2.77,2.7,5.01,0.0418,226,0.609,"Associação entre territórios (zonas eleitorais), não comportamento individual (falácia ecológica)."
swing,GO,UF,sem fundamental completo,-3.81,-3.52,9.2,1.05,0.0003,226,0.609,"Associação entre territórios (zonas eleitorais), não comportamento individual (falácia ecológica)."
swing,GO,UF,fundamental (até médio incompleto),6.48,2.14,3.3,2.22,0.0034,226,0.609,"Associação entre territórios (zonas eleitorais), não comportamento individual (falácia ecológica)."
swing,GO,UF,superior completo,3.72,2.67,7.2,1.45,0.0101,226,0.609,"Associação entre territórios (zonas eleitorais), não comportamento individual (falácia ecológica)."
swing,GO,UF,mulheres,-0.13,-0.02,1.8,3.45,0.9699,226,0.609,"Associação entre territórios (zonas eleitorais), não comportamento individual (falácia ecológica)."
swing,MA,UF,16–24 anos,-1.65,-0.44,2.7,6.74,0.8068,212,0.363,"Associação entre territórios (zonas eleitorais), não comportamento individual (falácia ecológica)."
swing,MA,UF,25–34 anos,-18.78,-2.71,1.4,5.96,0.0016,212,0.363,"Associação entre territórios (zonas eleitorais), não comportamento individual (falácia ecológica)."
swing,MA,UF,45–59 anos,-3.56,-0.65,1.8,6.98,0.6102,212,0.363,"Associação entre territórios (zonas eleitorais), não comportamento individual (falácia ecológica)."
swing,MA,UF,60–69 anos,-10.04,-1.05,1.0,7.7,0.1924,212,0.363,"Associação entre territórios (zonas eleitorais), não comportamento individual (falácia ecológica)."
swing,MA,UF,70+ anos,-1.66,-0.24,1.4,5.11,0.7446,212,0.363,"Associação entre territórios (zonas eleitorais), não comportamento individual (falácia ecológica)."
swing,MA,UF,sem fundamental completo,-1.88,-2.47,13.1,0.99,0.0574,212,0.363,"Associação entre territórios (zonas eleitorais), não comportamento individual (falácia ecológica)."
swing,MA,UF,fundamental (até médio incompleto),-3.61,-0.97,2.7,1.97,0.0678,212,0.363,"Associação entre territórios (zonas eleitorais), não comportamento individual (falácia ecológica)."
swing,MA,UF,superior completo,-4.62,-2.19,4.7,1.88,0.014,212,0.363,"Associação entre territórios (zonas eleitorais), não comportamento individual (falácia ecológica)."
swing,MA,UF,mulheres,3.14,0.64,2.0,3.1,0.3109,212,0.363,"Associação entre territórios (zonas eleitorais), não comportamento individual (falácia ecológica)."
swing,MG,UF,16–24 anos,5.63,0.91,1.6,2.46,0.0219,881,0.554,"Associação entre territórios (zonas eleitorais), não comportamento individual (falácia ecológica)."
swing,MG,UF,25–34 anos,2.75,0.47,1.7,2.7,0.3082,881,0.554,"Associação entre territórios (zonas eleitorais), não comportamento individual (falácia ecológica)."
swing,MG,UF,45–59 anos,3.22,0.41,1.3,2.41,0.1806,881,0.554,"Associação entre territórios (zonas eleitorais), não comportamento individual (falácia ecológica)."
swing,MG,UF,60–69 anos,0.53,0.08,1.5,2.3,0.8195,881,0.554,"Associação entre territórios (zonas eleitorais), não comportamento individual (falácia ecológica)."
swing,MG,UF,70+ anos,8.64,2.55,2.9,1.89,0.0,881,0.554,"Associação entre territórios (zonas eleitorais), não comportamento individual (falácia ecológica)."
swing,MG,UF,sem fundamental completo,-1.25,-1.42,11.4,0.44,0.0042,881,0.554,"Associação entre territórios (zonas eleitorais), não comportamento individual (falácia ecológica)."
swing,MG,UF,fundamental (até médio incompleto),-1.01,-0.37,3.6,0.69,0.1453,881,0.554,"Associação entre territórios (zonas eleitorais), não comportamento individual (falácia ecológica)."
swing,MG,UF,superior completo,-0.93,-0.63,6.8,0.57,0.1005,881,0.554,"Associação entre territórios (zonas eleitorais), não comportamento individual (falácia ecológica)."
swing,MG,UF,mulheres,7.12,1.29,1.8,1.68,0.0,881,0.554,"Associação entre territórios (zonas eleitorais), não comportamento individual (falácia ecológica)."
swing,MS,UF,16–24 anos,18.18,3.01,1.7,4.56,0.0001,87,0.717,"Associação entre territórios (zonas eleitorais), não comportamento individual (falácia ecológica)."
swing,MS,UF,25–34 anos,5.89,0.95,1.6,6.2,0.3419,87,0.717,"Associação entre territórios (zonas eleitorais), não comportamento individual (falácia ecológica)."
swing,MS,UF,45–59 anos,8.39,1.01,1.2,6.84,0.2203,87,0.717,"Associação entre territórios (zonas eleitorais), não comportamento individual (falácia ecológica)."
swing,MS,UF,60–69 anos,10.97,1.4,1.3,4.95,0.0267,87,0.717,"Associação entre territórios (zonas eleitorais), não comportamento individual (falácia ecológica)."
swing,MS,UF,70+ anos,7.29,1.41,1.9,4.03,0.0703,87,0.717,"Associação entre territórios (zonas eleitorais), não comportamento individual (falácia ecológica)."
swing,MS,UF,sem fundamental completo,-0.98,-1.14,11.7,1.1,0.3709,87,0.717,"Associação entre territórios (zonas eleitorais), não comportamento individual (falácia ecológica)."
swing,MS,UF,fundamental (até médio incompleto),-1.41,-0.41,2.9,2.4,0.5575,87,0.717,"Associação entre territórios (zonas eleitorais), não comportamento individual (falácia ecológica)."
swing,MS,UF,superior completo,0.06,0.04,7.4,1.18,0.9603,87,0.717,"Associação entre territórios (zonas eleitorais), não comportamento individual (falácia ecológica)."
swing,MS,UF,mulheres,1.97,0.33,1.7,4.23,0.642,87,0.717,"Associação entre territórios (zonas eleitorais), não comportamento individual (falácia ecológica)."
swing,MT,UF,16–24 anos,-4.4,-0.54,1.2,4.56,0.3342,126,0.591,"Associação entre territórios (zonas eleitorais), não comportamento individual (falácia ecológica)."
swing,MT,UF,25–34 anos,-2.34,-0.43,1.8,5.43,0.6662,126,0.591,"Associação entre territórios (zonas eleitorais), não comportamento individual (falácia ecológica)."
swing,MT,UF,45–59 anos,0.29,0.03,1.2,4.63,0.9505,126,0.591,"Associação entre territórios (zonas eleitorais), não comportamento individual (falácia ecológica)."
swing,MT,UF,60–69 anos,-4.42,-0.71,1.6,4.82,0.3598,126,0.591,"Associação entre territórios (zonas eleitorais), não comportamento individual (falácia ecológica)."
swing,MT,UF,70+ anos,-2.27,-0.53,2.3,4.16,0.5855,126,0.591,"Associação entre territórios (zonas eleitorais), não comportamento individual (falácia ecológica)."
swing,MT,UF,sem fundamental completo,1.71,1.68,9.8,1.1,0.1207,126,0.591,"Associação entre territórios (zonas eleitorais), não comportamento individual (falácia ecológica)."
swing,MT,UF,fundamental (até médio incompleto),0.57,0.15,2.7,1.81,0.7536,126,0.591,"Associação entre territórios (zonas eleitorais), não comportamento individual (falácia ecológica)."
swing,MT,UF,superior completo,3.12,2.03,6.5,1.34,0.0201,126,0.591,"Associação entre territórios (zonas eleitorais), não comportamento individual (falácia ecológica)."
swing,MT,UF,mulheres,7.16,1.65,2.3,2.6,0.006,126,0.591,"Associação entre territórios (zonas eleitorais), não comportamento individual (falácia ecológica)."
swing,PA,UF,16–24 anos,8.34,2.55,3.1,5.52,0.131,151,0.49,"Associação entre territórios (zonas eleitorais), não comportamento individual (falácia ecológica)."
swing,PA,UF,25–34 anos,17.04,3.81,2.2,9.02,0.0588,151,0.49,"Associação entre territórios (zonas eleitorais), não comportamento individual (falácia ecológica)."
swing,PA,UF,45–59 anos,14.02,3.0,2.1,9.78,0.1517,151,0.49,"Associação entre territórios (zonas eleitorais), não comportamento individual (falácia ecológica)."
swing,PA,UF,60–69 anos,-18.07,-3.59,2.0,12.8,0.1582,151,0.49,"Associação entre territórios (zonas eleitorais), não comportamento individual (falácia ecológica)."
swing,PA,UF,70+ anos,34.37,7.3,2.1,7.13,0.0,151,0.49,"Associação entre territórios (zonas eleitorais), não comportamento individual (falácia ecológica)."
swing,PA,UF,sem fundamental completo,-2.8,-3.8,13.6,1.57,0.0746,151,0.49,"Associação entre territórios (zonas eleitorais), não comportamento individual (falácia ecológica)."
swing,PA,UF,fundamental (até médio incompleto),-4.66,-1.45,3.1,3.0,0.1202,151,0.49,"Associação entre territórios (zonas eleitorais), não comportamento individual (falácia ecológica)."
swing,PA,UF,superior completo,-3.38,-2.05,6.1,2.42,0.1613,151,0.49,"Associação entre territórios (zonas eleitorais), não comportamento individual (falácia ecológica)."
swing,PA,UF,mulheres,2.89,0.59,2.0,4.72,0.5397,151,0.49,"Associação entre territórios (zonas eleitorais), não comportamento individual (falácia ecológica)."
swing,PB,UF,16–24 anos,-2.54,-0.43,1.7,3.17,0.4229,224,0.519,"Associação entre territórios (zonas eleitorais), não comportamento individual (falácia ecológica)."
swing,PB,UF,25–34 anos,-4.79,-0.67,1.4,4.44,0.2804,224,0.519,"Associação entre territórios (zonas eleitorais), não comportamento individual (falácia ecológica)."
swing,PB,UF,45–59 anos,-4.94,-0.67,1.3,3.25,0.1282,224,0.519,"Associação entre territórios (zonas eleitorais), não comportamento individual (falácia ecológica)."
swing,PB,UF,60–69 anos,-2.27,-0.26,1.1,4.76,0.6344,224,0.519,"Associação entre territórios (zonas eleitorais), não comportamento individual (falácia ecológica)."
swing,PB,UF,70+ anos,-0.24,-0.04,1.8,3.13,0.939,224,0.519,"Associação entre territórios (zonas eleitorais), não comportamento individual (falácia ecológica)."
swing,PB,UF,sem fundamental completo,-0.98,-1.37,14.0,0.73,0.1773,224,0.519,"Associação entre territórios (zonas eleitorais), não comportamento individual (falácia ecológica)."
swing,PB,UF,fundamental (até médio incompleto),0.32,0.1,3.0,1.42,0.8197,224,0.519,"Associação entre territórios (zonas eleitorais), não comportamento individual (falácia ecológica)."
swing,PB,UF,superior completo,-0.06,-0.05,8.5,0.79,0.9406,224,0.519,"Associação entre territórios (zonas eleitorais), não comportamento individual (falácia ecológica)."
swing,PB,UF,mulheres,-4.28,-0.82,1.9,2.79,0.1253,224,0.519,"Associação entre territórios (zonas eleitorais), não comportamento individual (falácia ecológica)."
swing,PE,UF,16–24 anos,4.08,0.9,2.2,2.89,0.1588,209,0.664,"Associação entre territórios (zonas eleitorais), não comportamento individual (falácia ecológica)."
swing,PE,UF,25–34 anos,0.82,0.13,1.6,4.36,0.8509,209,0.664,"Associação entre territórios (zonas eleitorais), não comportamento individual (falácia ecológica)."
swing,PE,UF,45–59 anos,7.46,1.36,1.8,2.75,0.0066,209,0.664,"Associação entre territórios (zonas eleitorais), não comportamento individual (falácia ecológica)."
swing,PE,UF,60–69 anos,16.32,2.66,1.6,4.01,0.0,209,0.664,"Associação entre territórios (zonas eleitorais), não comportamento individual (falácia ecológica)."
swing,PE,UF,70+ anos,-1.43,-0.31,2.1,2.59,0.58,209,0.664,"Associação entre territórios (zonas eleitorais), não comportamento individual (falácia ecológica)."
swing,PE,UF,sem fundamental completo,-0.05,-0.06,12.9,0.55,0.9335,209,0.664,"Associação entre territórios (zonas eleitorais), não comportamento individual (falácia ecológica)."
swing,PE,UF,fundamental (até médio incompleto),0.09,0.02,2.8,1.13,0.9399,209,0.664,"Associação entre territórios (zonas eleitorais), não comportamento individual (falácia ecológica)."
swing,PE,UF,superior completo,-0.28,-0.19,6.8,0.6,0.6449,209,0.664,"Associação entre territórios (zonas eleitorais), não comportamento individual (falácia ecológica)."
swing,PE,UF,mulheres,-3.69,-0.56,1.5,2.19,0.0913,209,0.664,"Associação entre territórios (zonas eleitorais), não comportamento individual (falácia ecológica)."
swing,PI,UF,16–24 anos,-3.55,-0.65,1.8,3.71,0.3378,215,0.379,"Associação entre territórios (zonas eleitorais), não comportamento individual (falácia ecológica)."
swing,PI,UF,25–34 anos,-6.96,-0.85,1.2,4.02,0.0834,215,0.379,"Associação entre territórios (zonas eleitorais), não comportamento individual (falácia ecológica)."
swing,PI,UF,45–59 anos,-1.09,-0.16,1.5,3.24,0.7361,215,0.379,"Associação entre territórios (zonas eleitorais), não comportamento individual (falácia ecológica)."
swing,PI,UF,60–69 anos,-1.73,-0.18,1.0,5.23,0.7405,215,0.379,"Associação entre territórios (zonas eleitorais), não comportamento individual (falácia ecológica)."
swing,PI,UF,70+ anos,2.86,0.44,1.5,3.34,0.3927,215,0.379,"Associação entre territórios (zonas eleitorais), não comportamento individual (falácia ecológica)."
swing,PI,UF,sem fundamental completo,-0.89,-1.18,13.2,0.7,0.2029,215,0.379,"Associação entre territórios (zonas eleitorais), não comportamento individual (falácia ecológica)."
swing,PI,UF,fundamental (até médio incompleto),-1.64,-0.31,1.9,1.97,0.4043,215,0.379,"Associação entre territórios (zonas eleitorais), não comportamento individual (falácia ecológica)."
swing,PI,UF,superior completo,-1.6,-0.65,4.1,1.61,0.32,215,0.379,"Associação entre territórios (zonas eleitorais), não comportamento individual (falácia ecológica)."
swing,PI,UF,mulheres,0.99,0.22,2.2,2.72,0.7166,215,0.379,"Associação entre territórios (zonas eleitorais), não comportamento individual (falácia ecológica)."
swing,PR,UF,16–24 anos,3.73,0.57,1.5,5.29,0.4806,412,0.689,"Associação entre territórios (zonas eleitorais), não comportamento individual (falácia ecológica)."
swing,PR,UF,25–34 anos,2.68,0.49,1.8,4.79,0.5762,412,0.689,"Associação entre territórios (zonas eleitorais), não comportamento individual (falácia ecológica)."
swing,PR,UF,45–59 anos,14.68,1.32,0.9,5.72,0.0103,412,0.689,"Associação entre territórios (zonas eleitorais), não comportamento individual (falácia ecológica)."
swing,PR,UF,60–69 anos,0.68,0.1,1.4,4.99,0.8918,412,0.689,"Associação entre territórios (zonas eleitorais), não comportamento individual (falácia ecológica)."
swing,PR,UF,70+ anos,9.37,2.32,2.5,4.03,0.0202,412,0.689,"Associação entre territórios (zonas eleitorais), não comportamento individual (falácia ecológica)."
swing,PR,UF,sem fundamental completo,-3.15,-3.26,10.3,0.83,0.0002,412,0.689,"Associação entre territórios (zonas eleitorais), não comportamento individual (falácia ecológica)."
swing,PR,UF,fundamental (até médio incompleto),-0.81,-0.29,3.5,1.71,0.6356,412,0.689,"Associação entre territórios (zonas eleitorais), não comportamento individual (falácia ecológica)."
swing,PR,UF,superior completo,-1.26,-1.12,8.8,0.78,0.1054,412,0.689,"Associação entre territórios (zonas eleitorais), não comportamento individual (falácia ecológica)."
swing,PR,UF,mulheres,9.39,1.41,1.5,2.59,0.0003,412,0.689,"Associação entre territórios (zonas eleitorais), não comportamento individual (falácia ecológica)."
swing,RJ,UF,16–24 anos,-11.27,-1.95,1.7,3.04,0.0002,178,0.655,"Associação entre territórios (zonas eleitorais), não comportamento individual (falácia ecológica)."
swing,RJ,UF,25–34 anos,3.65,0.93,2.6,4.01,0.3632,178,0.655,"Associação entre territórios (zonas eleitorais), não comportamento individual (falácia ecológica)."
swing,RJ,UF,45–59 anos,-3.71,-0.39,1.1,4.16,0.373,178,0.655,"Associação entre territórios (zonas eleitorais), não comportamento individual (falácia ecológica)."
swing,RJ,UF,60–69 anos,-7.23,-1.02,1.4,2.35,0.0021,178,0.655,"Associação entre territórios (zonas eleitorais), não comportamento individual (falácia ecológica)."
swing,RJ,UF,70+ anos,1.88,0.86,4.6,2.41,0.4343,178,0.655,"Associação entre territórios (zonas eleitorais), não comportamento individual (falácia ecológica)."
swing,RJ,UF,sem fundamental completo,-0.65,-0.62,9.5,0.5,0.1918,178,0.655,"Associação entre territórios (zonas eleitorais), não comportamento individual (falácia ecológica)."
swing,RJ,UF,fundamental (até médio incompleto),-1.29,-0.62,4.8,1.11,0.2477,178,0.655,"Associação entre territórios (zonas eleitorais), não comportamento individual (falácia ecológica)."
swing,RJ,UF,superior completo,-0.03,-0.03,9.0,0.71,0.9634,178,0.655,"Associação entre territórios (zonas eleitorais), não comportamento individual (falácia ecológica)."
swing,RJ,UF,mulheres,0.7,0.09,1.2,2.79,0.8023,178,0.655,"Associação entre territórios (zonas eleitorais), não comportamento individual (falácia ecológica)."
swing,RN,UF,16–24 anos,0.31,0.06,2.0,3.31,0.926,167,0.459,"Associação entre territórios (zonas eleitorais), não comportamento individual (falácia ecológica)."
swing,RN,UF,25–34 anos,9.76,1.9,1.9,4.46,0.0288,167,0.459,"Associação entre territórios (zonas eleitorais), não comportamento individual (falácia ecológica)."
swing,RN,UF,45–59 anos,3.18,0.38,1.2,3.94,0.4194,167,0.459,"Associação entre territórios (zonas eleitorais), não comportamento individual (falácia ecológica)."
swing,RN,UF,60–69 anos,6.81,1.0,1.5,4.3,0.1131,167,0.459,"Associação entre territórios (zonas eleitorais), não comportamento individual (falácia ecológica)."
swing,RN,UF,70+ anos,4.18,0.94,2.3,3.26,0.2,167,0.459,"Associação entre territórios (zonas eleitorais), não comportamento individual (falácia ecológica)."
swing,RN,UF,sem fundamental completo,-0.18,-0.22,12.7,0.82,0.829,167,0.459,"Associação entre territórios (zonas eleitorais), não comportamento individual (falácia ecológica)."
swing,RN,UF,fundamental (até médio incompleto),1.65,0.52,3.2,1.92,0.3893,167,0.459,"Associação entre territórios (zonas eleitorais), não comportamento individual (falácia ecológica)."
swing,RN,UF,superior completo,2.14,1.72,8.0,1.18,0.0705,167,0.459,"Associação entre territórios (zonas eleitorais), não comportamento individual (falácia ecológica)."
swing,RN,UF,mulheres,-4.88,-0.88,1.8,3.61,0.1757,167,0.459,"Associação entre territórios (zonas eleitorais), não comportamento individual (falácia ecológica)."
swing,RS,UF,16–24 anos,-16.57,-2.04,1.2,4.15,0.0001,518,0.717,"Associação entre territórios (zonas eleitorais), não comportamento individual (falácia ecológica)."
swing,RS,UF,25–34 anos,-0.04,-0.01,1.7,4.7,0.9934,518,0.717,"Associação entre territórios (zonas eleitorais), não comportamento individual (falácia ecológica)."
swing,RS,UF,45–59 anos,-0.92,-0.09,1.0,4.01,0.8188,518,0.717,"Associação entre territórios (zonas eleitorais), não comportamento individual (falácia ecológica)."
swing,RS,UF,60–69 anos,5.19,0.68,1.3,3.28,0.1135,518,0.717,"Associação entre territórios (zonas eleitorais), não comportamento individual (falácia ecológica)."
swing,RS,UF,70+ anos,-2.95,-0.89,3.0,2.8,0.292,518,0.717,"Associação entre territórios (zonas eleitorais), não comportamento individual (falácia ecológica)."
swing,RS,UF,sem fundamental completo,-3.98,-3.87,9.7,0.65,0.0,518,0.717,"Associação entre territórios (zonas eleitorais), não comportamento individual (falácia ecológica)."
swing,RS,UF,fundamental (até médio incompleto),1.8,0.72,4.0,1.17,0.1236,518,0.717,"Associação entre territórios (zonas eleitorais), não comportamento individual (falácia ecológica)."
swing,RS,UF,superior completo,-2.58,-1.61,6.2,1.42,0.0691,518,0.717,"Associação entre territórios (zonas eleitorais), não comportamento individual (falácia ecológica)."
swing,RS,UF,mulheres,0.79,0.14,1.7,3.49,0.8211,518,0.717,"Associação entre territórios (zonas eleitorais), não comportamento individual (falácia ecológica)."
swing,SC,UF,16–24 anos,-12.39,-1.42,1.2,3.87,0.0014,297,0.672,"Associação entre territórios (zonas eleitorais), não comportamento individual (falácia ecológica)."
swing,SC,UF,25–34 anos,-12.77,-2.07,1.6,3.9,0.001,297,0.672,"Associação entre territórios (zonas eleitorais), não comportamento individual (falácia ecológica)."
swing,SC,UF,45–59 anos,-6.5,-0.67,1.0,3.66,0.0753,297,0.672,"Associação entre territórios (zonas eleitorais), não comportamento individual (falácia ecológica)."
swing,SC,UF,60–69 anos,-4.6,-0.68,1.5,4.06,0.257,297,0.672,"Associação entre territórios (zonas eleitorais), não comportamento individual (falácia ecológica)."
swing,SC,UF,70+ anos,-8.38,-1.94,2.3,3.13,0.0074,297,0.672,"Associação entre territórios (zonas eleitorais), não comportamento individual (falácia ecológica)."
swing,SC,UF,sem fundamental completo,-5.1,-5.11,10.0,1.05,0.0,297,0.672,"Associação entre territórios (zonas eleitorais), não comportamento individual (falácia ecológica)."
swing,SC,UF,fundamental (até médio incompleto),1.7,0.74,4.4,1.77,0.3356,297,0.672,"Associação entre territórios (zonas eleitorais), não comportamento individual (falácia ecológica)."
swing,SC,UF,superior completo,-2.09,-1.7,8.1,1.49,0.1615,297,0.672,"Associação entre territórios (zonas eleitorais), não comportamento individual (falácia ecológica)."
swing,SC,UF,mulheres,-2.21,-0.33,1.5,4.01,0.5828,297,0.672,"Associação entre territórios (zonas eleitorais), não comportamento individual (falácia ecológica)."
swing,SE,UF,16–24 anos,-1.28,-0.26,2.0,6.63,0.8475,75,0.729,"Associação entre territórios (zonas eleitorais), não comportamento individual (falácia ecológica)."
swing,SE,UF,25–34 anos,-6.94,-1.24,1.8,8.62,0.421,75,0.729,"Associação entre territórios (zonas eleitorais), não comportamento individual (falácia ecológica)."
swing,SE,UF,45–59 anos,8.12,1.09,1.3,7.44,0.2748,75,0.729,"Associação entre territórios (zonas eleitorais), não comportamento individual (falácia ecológica)."
swing,SE,UF,60–69 anos,3.47,0.42,1.2,10.06,0.7306,75,0.729,"Associação entre territórios (zonas eleitorais), não comportamento individual (falácia ecológica)."
swing,SE,UF,70+ anos,-8.31,-1.73,2.1,4.48,0.0636,75,0.729,"Associação entre territórios (zonas eleitorais), não comportamento individual (falácia ecológica)."
swing,SE,UF,sem fundamental completo,-1.86,-2.73,14.7,1.08,0.0869,75,0.729,"Associação entre territórios (zonas eleitorais), não comportamento individual (falácia ecológica)."
swing,SE,UF,fundamental (até médio incompleto),-0.13,-0.05,3.4,3.62,0.9703,75,0.729,"Associação entre territórios (zonas eleitorais), não comportamento individual (falácia ecológica)."
swing,SE,UF,superior completo,-1.39,-1.13,8.1,2.32,0.5486,75,0.729,"Associação entre territórios (zonas eleitorais), não comportamento individual (falácia ecológica)."
swing,SE,UF,mulheres,-3.19,-0.54,1.7,4.46,0.4753,75,0.729,"Associação entre territórios (zonas eleitorais), não comportamento individual (falácia ecológica)."
swing,SP,UF,16–24 anos,-2.67,-0.42,1.6,3.93,0.4959,731,0.654,"Associação entre territórios (zonas eleitorais), não comportamento individual (falácia ecológica)."
swing,SP,UF,25–34 anos,0.13,0.03,2.2,2.08,0.9497,731,0.654,"Associação entre territórios (zonas eleitorais), não comportamento individual (falácia ecológica)."
swing,SP,UF,45–59 anos,2.6,0.22,0.8,2.72,0.3387,731,0.654,"Associação entre territórios (zonas eleitorais), não comportamento individual (falácia ecológica)."
swing,SP,UF,60–69 anos,4.2,0.71,1.7,1.81,0.02,731,0.654,"Associação entre territórios (zonas eleitorais), não comportamento individual (falácia ecológica)."
swing,SP,UF,70+ anos,1.94,0.64,3.3,1.99,0.3295,731,0.654,"Associação entre territórios (zonas eleitorais), não comportamento individual (falácia ecológica)."
swing,SP,UF,sem fundamental completo,-3.57,-2.27,6.4,0.48,0.0,731,0.654,"Associação entre territórios (zonas eleitorais), não comportamento individual (falácia ecológica)."
swing,SP,UF,fundamental (até médio incompleto),1.21,0.48,4.0,0.66,0.0661,731,0.654,"Associação entre territórios (zonas eleitorais), não comportamento individual (falácia ecológica)."
swing,SP,UF,superior completo,-0.89,-0.75,8.4,0.38,0.0181,731,0.654,"Associação entre territórios (zonas eleitorais), não comportamento individual (falácia ecológica)."
swing,SP,UF,mulheres,-1.04,-0.13,1.3,1.38,0.4528,731,0.654,"Associação entre territórios (zonas eleitorais), não comportamento individual (falácia ecológica)."
swing,TO,UF,16–24 anos,16.46,2.64,1.6,5.82,0.0046,128,0.525,"Associação entre territórios (zonas eleitorais), não comportamento individual (falácia ecológica)."
swing,TO,UF,25–34 anos,14.03,2.69,1.9,7.14,0.0494,128,0.525,"Associação entre territórios (zonas eleitorais), não comportamento individual (falácia ecológica)."
swing,TO,UF,45–59 anos,8.32,1.28,1.5,5.4,0.1236,128,0.525,"Associação entre territórios (zonas eleitorais), não comportamento individual (falácia ecológica)."
swing,TO,UF,60–69 anos,11.42,1.77,1.6,8.28,0.1679,128,0.525,"Associação entre territórios (zonas eleitorais), não comportamento individual (falácia ecológica)."
swing,TO,UF,70+ anos,1.95,0.49,2.5,4.05,0.6302,128,0.525,"Associação entre territórios (zonas eleitorais), não comportamento individual (falácia ecológica)."
swing,TO,UF,sem fundamental completo,-2.15,-2.58,12.0,1.79,0.2307,128,0.525,"Associação entre territórios (zonas eleitorais), não comportamento individual (falácia ecológica)."
swing,TO,UF,fundamental (até médio incompleto),-10.5,-1.71,1.6,3.13,0.0008,128,0.525,"Associação entre territórios (zonas eleitorais), não comportamento individual (falácia ecológica)."
swing,TO,UF,superior completo,-1.95,-0.94,4.8,3.02,0.5176,128,0.525,"Associação entre territórios (zonas eleitorais), não comportamento individual (falácia ecológica)."
swing,TO,UF,mulheres,8.13,2.2,2.7,2.98,0.0064,128,0.525,"Associação entre territórios (zonas eleitorais), não comportamento individual (falácia ecológica)."
flavio_menos_jair,Brasil,Brasil,16–24 anos,-0.52,-0.15,2.8,0.65,0.4242,5847,0.575,"Associação entre territórios (zonas eleitorais), não comportamento individual (falácia ecológica)."
flavio_menos_jair,Brasil,Brasil,25–34 anos,1.91,0.45,2.3,0.66,0.004,5847,0.575,"Associação entre territórios (zonas eleitorais), não comportamento individual (falácia ecológica)."
flavio_menos_jair,Brasil,Brasil,45–59 anos,-0.16,-0.03,1.7,0.71,0.823,5847,0.575,"Associação entre territórios (zonas eleitorais), não comportamento individual (falácia ecológica)."
flavio_menos_jair,Brasil,Brasil,60–69 anos,0.4,0.08,2.1,0.52,0.443,5847,0.575,"Associação entre territórios (zonas eleitorais), não comportamento individual (falácia ecológica)."
flavio_menos_jair,Brasil,Brasil,70+ anos,-0.16,-0.05,3.4,0.53,0.7639,5847,0.575,"Associação entre territórios (zonas eleitorais), não comportamento individual (falácia ecológica)."
flavio_menos_jair,Brasil,Brasil,sem fundamental completo,0.78,0.98,12.6,0.16,0.0,5847,0.575,"Associação entre territórios (zonas eleitorais), não comportamento individual (falácia ecológica)."
flavio_menos_jair,Brasil,Brasil,fundamental (até médio incompleto),0.32,0.14,4.4,0.22,0.1416,5847,0.575,"Associação entre territórios (zonas eleitorais), não comportamento individual (falácia ecológica)."
flavio_menos_jair,Brasil,Brasil,superior completo,0.62,0.52,8.3,0.18,0.0005,5847,0.575,"Associação entre territórios (zonas eleitorais), não comportamento individual (falácia ecológica)."
flavio_menos_jair,Brasil,Brasil,mulheres,-2.34,-0.43,1.8,0.36,0.0,5847,0.575,"Associação entre territórios (zonas eleitorais), não comportamento individual (falácia ecológica)."
flavio_menos_jair,Centro-Oeste,região,16–24 anos,-4.22,-0.78,1.9,2.8,0.1311,458,0.687,"Associação entre territórios (zonas eleitorais), não comportamento individual (falácia ecológica)."
flavio_menos_jair,Centro-Oeste,região,25–34 anos,-5.87,-1.18,2.0,3.45,0.0889,458,0.687,"Associação entre territórios (zonas eleitorais), não comportamento individual (falácia ecológica)."
flavio_menos_jair,Centro-Oeste,região,45–59 anos,-4.74,-0.66,1.4,3.02,0.1164,458,0.687,"Associação entre territórios (zonas eleitorais), não comportamento individual (falácia ecológica)."
flavio_menos_jair,Centro-Oeste,região,60–69 anos,-4.35,-0.73,1.7,2.74,0.1127,458,0.687,"Associação entre territórios (zonas eleitorais), não comportamento individual (falácia ecológica)."
flavio_menos_jair,Centro-Oeste,região,70+ anos,-3.02,-0.76,2.5,2.13,0.1566,458,0.687,"Associação entre territórios (zonas eleitorais), não comportamento individual (falácia ecológica)."
flavio_menos_jair,Centro-Oeste,região,sem fundamental completo,0.59,0.65,11.0,0.3,0.0498,458,0.687,"Associação entre territórios (zonas eleitorais), não comportamento individual (falácia ecológica)."
flavio_menos_jair,Centro-Oeste,região,fundamental (até médio incompleto),-2.56,-1.01,4.0,0.99,0.0101,458,0.687,"Associação entre territórios (zonas eleitorais), não comportamento individual (falácia ecológica)."
flavio_menos_jair,Centro-Oeste,região,superior completo,-1.26,-1.31,10.4,0.41,0.0023,458,0.687,"Associação entre territórios (zonas eleitorais), não comportamento individual (falácia ecológica)."
flavio_menos_jair,Centro-Oeste,região,mulheres,-2.09,-0.4,1.9,1.18,0.076,458,0.687,"Associação entre territórios (zonas eleitorais), não comportamento individual (falácia ecológica)."
flavio_menos_jair,Nordeste,região,16–24 anos,-1.39,-0.34,2.5,0.71,0.0496,1850,0.602,"Associação entre territórios (zonas eleitorais), não comportamento individual (falácia ecológica)."
flavio_menos_jair,Nordeste,região,25–34 anos,-0.15,-0.03,1.8,0.91,0.87,1850,0.602,"Associação entre territórios (zonas eleitorais), não comportamento individual (falácia ecológica)."
flavio_menos_jair,Nordeste,região,45–59 anos,-2.9,-0.56,1.9,0.81,0.0004,1850,0.602,"Associação entre territórios (zonas eleitorais), não comportamento individual (falácia ecológica)."
flavio_menos_jair,Nordeste,região,60–69 anos,-3.95,-0.59,1.5,0.8,0.0,1850,0.602,"Associação entre territórios (zonas eleitorais), não comportamento individual (falácia ecológica)."
flavio_menos_jair,Nordeste,região,70+ anos,-0.12,-0.02,2.1,0.67,0.8627,1850,0.602,"Associação entre territórios (zonas eleitorais), não comportamento individual (falácia ecológica)."
flavio_menos_jair,Nordeste,região,sem fundamental completo,0.39,0.51,13.1,0.12,0.0016,1850,0.602,"Associação entre territórios (zonas eleitorais), não comportamento individual (falácia ecológica)."
flavio_menos_jair,Nordeste,região,fundamental (até médio incompleto),0.01,0.0,3.1,0.31,0.9782,1850,0.602,"Associação entre territórios (zonas eleitorais), não comportamento individual (falácia ecológica)."
flavio_menos_jair,Nordeste,região,superior completo,0.34,0.23,6.8,0.19,0.0783,1850,0.602,"Associação entre territórios (zonas eleitorais), não comportamento individual (falácia ecológica)."
flavio_menos_jair,Nordeste,região,mulheres,-0.75,-0.15,2.0,0.56,0.1799,1850,0.602,"Associação entre territórios (zonas eleitorais), não comportamento individual (falácia ecológica)."
flavio_menos_jair,Norte,região,16–24 anos,-2.82,-0.9,3.2,1.57,0.0724,437,0.539,"Associação entre territórios (zonas eleitorais), não comportamento individual (falácia ecológica)."
flavio_menos_jair,Norte,região,25–34 anos,-6.16,-1.4,2.3,2.49,0.0132,437,0.539,"Associação entre territórios (zonas eleitorais), não comportamento individual (falácia ecológica)."
flavio_menos_jair,Norte,região,45–59 anos,-5.93,-1.36,2.3,2.25,0.0084,437,0.539,"Associação entre territórios (zonas eleitorais), não comportamento individual (falácia ecológica)."
flavio_menos_jair,Norte,região,60–69 anos,6.63,1.26,1.9,3.06,0.0301,437,0.539,"Associação entre territórios (zonas eleitorais), não comportamento individual (falácia ecológica)."
flavio_menos_jair,Norte,região,70+ anos,-11.53,-2.42,2.1,2.26,0.0,437,0.539,"Associação entre territórios (zonas eleitorais), não comportamento individual (falácia ecológica)."
flavio_menos_jair,Norte,região,sem fundamental completo,1.5,2.02,13.5,0.49,0.0021,437,0.539,"Associação entre territórios (zonas eleitorais), não comportamento individual (falácia ecológica)."
flavio_menos_jair,Norte,região,fundamental (até médio incompleto),1.45,0.46,3.2,0.8,0.0691,437,0.539,"Associação entre territórios (zonas eleitorais), não comportamento individual (falácia ecológica)."
flavio_menos_jair,Norte,região,superior completo,1.25,0.74,6.0,0.6,0.037,437,0.539,"Associação entre territórios (zonas eleitorais), não comportamento individual (falácia ecológica)."
flavio_menos_jair,Norte,região,mulheres,0.17,0.03,2.1,1.29,0.8966,437,0.539,"Associação entre territórios (zonas eleitorais), não comportamento individual (falácia ecológica)."
flavio_menos_jair,Sudeste,região,16–24 anos,0.25,0.04,1.6,1.21,0.8371,1875,0.574,"Associação entre territórios (zonas eleitorais), não comportamento individual (falácia ecológica)."
flavio_menos_jair,Sudeste,região,25–34 anos,1.51,0.32,2.1,0.88,0.0853,1875,0.574,"Associação entre territórios (zonas eleitorais), não comportamento individual (falácia ecológica)."
flavio_menos_jair,Sudeste,região,45–59 anos,0.53,0.06,1.1,1.02,0.6005,1875,0.574,"Associação entre territórios (zonas eleitorais), não comportamento individual (falácia ecológica)."
flavio_menos_jair,Sudeste,região,60–69 anos,-0.03,-0.01,1.6,0.81,0.9684,1875,0.574,"Associação entre territórios (zonas eleitorais), não comportamento individual (falácia ecológica)."
flavio_menos_jair,Sudeste,região,70+ anos,-0.12,-0.04,3.7,0.68,0.8612,1875,0.574,"Associação entre territórios (zonas eleitorais), não comportamento individual (falácia ecológica)."
flavio_menos_jair,Sudeste,região,sem fundamental completo,0.83,0.86,10.3,0.27,0.002,1875,0.574,"Associação entre territórios (zonas eleitorais), não comportamento individual (falácia ecológica)."
flavio_menos_jair,Sudeste,região,fundamental (até médio incompleto),0.5,0.26,5.2,0.24,0.034,1875,0.574,"Associação entre territórios (zonas eleitorais), não comportamento individual (falácia ecológica)."
flavio_menos_jair,Sudeste,região,superior completo,0.82,0.7,8.5,0.23,0.0003,1875,0.574,"Associação entre territórios (zonas eleitorais), não comportamento individual (falácia ecológica)."
flavio_menos_jair,Sudeste,região,mulheres,-2.9,-0.44,1.5,0.63,0.0,1875,0.574,"Associação entre territórios (zonas eleitorais), não comportamento individual (falácia ecológica)."
flavio_menos_jair,Sul,região,16–24 anos,5.78,0.89,1.5,1.25,0.0,1227,0.667,"Associação entre territórios (zonas eleitorais), não comportamento individual (falácia ecológica)."
flavio_menos_jair,Sul,região,25–34 anos,3.44,0.64,1.9,1.42,0.0152,1227,0.667,"Associação entre territórios (zonas eleitorais), não comportamento individual (falácia ecológica)."
flavio_menos_jair,Sul,região,45–59 anos,-0.58,-0.06,1.1,1.38,0.6736,1227,0.667,"Associação entre territórios (zonas eleitorais), não comportamento individual (falácia ecológica)."
flavio_menos_jair,Sul,região,60–69 anos,0.3,0.05,1.6,1.22,0.8069,1227,0.667,"Associação entre territórios (zonas eleitorais), não comportamento individual (falácia ecológica)."
flavio_menos_jair,Sul,região,70+ anos,2.32,0.74,3.2,1.0,0.0199,1227,0.667,"Associação entre territórios (zonas eleitorais), não comportamento individual (falácia ecológica)."
flavio_menos_jair,Sul,região,sem fundamental completo,1.66,1.72,10.3,0.24,0.0,1227,0.667,"Associação entre territórios (zonas eleitorais), não comportamento individual (falácia ecológica)."
flavio_menos_jair,Sul,região,fundamental (até médio incompleto),-0.98,-0.43,4.4,0.44,0.0279,1227,0.667,"Associação entre territórios (zonas eleitorais), não comportamento individual (falácia ecológica)."
flavio_menos_jair,Sul,região,superior completo,1.06,0.84,7.9,0.4,0.0088,1227,0.667,"Associação entre territórios (zonas eleitorais), não comportamento individual (falácia ecológica)."
flavio_menos_jair,Sul,região,mulheres,-3.3,-0.53,1.6,0.82,0.0001,1227,0.667,"Associação entre territórios (zonas eleitorais), não comportamento individual (falácia ecológica)."
flavio_menos_jair,AL,UF,16–24 anos,-3.93,-0.92,2.3,2.44,0.1066,99,0.537,"Associação entre territórios (zonas eleitorais), não comportamento individual (falácia ecológica)."
flavio_menos_jair,AL,UF,25–34 anos,-2.23,-0.34,1.5,3.41,0.5137,99,0.537,"Associação entre territórios (zonas eleitorais), não comportamento individual (falácia ecológica)."
flavio_menos_jair,AL,UF,45–59 anos,-2.09,-0.37,1.8,3.25,0.5205,99,0.537,"Associação entre territórios (zonas eleitorais), não comportamento individual (falácia ecológica)."
flavio_menos_jair,AL,UF,60–69 anos,-3.97,-0.47,1.2,3.96,0.3159,99,0.537,"Associação entre territórios (zonas eleitorais), não comportamento individual (falácia ecológica)."
flavio_menos_jair,AL,UF,70+ anos,-3.25,-0.47,1.5,2.83,0.2498,99,0.537,"Associação entre territórios (zonas eleitorais), não comportamento individual (falácia ecológica)."
flavio_menos_jair,AL,UF,sem fundamental completo,0.97,1.21,12.4,0.5,0.0526,99,0.537,"Associação entre territórios (zonas eleitorais), não comportamento individual (falácia ecológica)."
flavio_menos_jair,AL,UF,fundamental (até médio incompleto),-0.42,-0.12,2.8,0.98,0.6719,99,0.537,"Associação entre territórios (zonas eleitorais), não comportamento individual (falácia ecológica)."
flavio_menos_jair,AL,UF,superior completo,0.32,0.2,6.1,0.72,0.6553,99,0.537,"Associação entre territórios (zonas eleitorais), não comportamento individual (falácia ecológica)."
flavio_menos_jair,AL,UF,mulheres,1.49,0.26,1.8,1.91,0.4359,99,0.537,"Associação entre territórios (zonas eleitorais), não comportamento individual (falácia ecológica)."
flavio_menos_jair,AM,UF,16–24 anos,-6.12,-2.23,3.6,4.73,0.1964,66,0.666,"Associação entre territórios (zonas eleitorais), não comportamento individual (falácia ecológica)."
flavio_menos_jair,AM,UF,25–34 anos,-0.14,-0.03,2.1,4.27,0.9742,66,0.666,"Associação entre territórios (zonas eleitorais), não comportamento individual (falácia ecológica)."
flavio_menos_jair,AM,UF,45–59 anos,-3.67,-1.05,2.9,5.01,0.4638,66,0.666,"Associação entre territórios (zonas eleitorais), não comportamento individual (falácia ecológica)."
flavio_menos_jair,AM,UF,60–69 anos,1.97,0.33,1.7,4.9,0.6872,66,0.666,"Associação entre territórios (zonas eleitorais), não comportamento individual (falácia ecológica)."
flavio_menos_jair,AM,UF,70+ anos,-10.62,-1.7,1.6,6.61,0.1083,66,0.666,"Associação entre territórios (zonas eleitorais), não comportamento individual (falácia ecológica)."
flavio_menos_jair,AM,UF,sem fundamental completo,2.8,3.51,12.5,0.77,0.0003,66,0.666,"Associação entre territórios (zonas eleitorais), não comportamento individual (falácia ecológica)."
flavio_menos_jair,AM,UF,fundamental (até médio incompleto),0.35,0.13,3.8,1.58,0.8265,66,0.666,"Associação entre territórios (zonas eleitorais), não comportamento individual (falácia ecológica)."
flavio_menos_jair,AM,UF,superior completo,2.29,1.55,6.8,1.46,0.1159,66,0.666,"Associação entre territórios (zonas eleitorais), não comportamento individual (falácia ecológica)."
flavio_menos_jair,AM,UF,mulheres,4.74,0.92,2.0,4.46,0.2886,66,0.666,"Associação entre territórios (zonas eleitorais), não comportamento individual (falácia ecológica)."
flavio_menos_jair,BA,UF,16–24 anos,-2.25,-0.46,2.0,1.57,0.1518,448,0.299,"Associação entre territórios (zonas eleitorais), não comportamento individual (falácia ecológica)."
flavio_menos_jair,BA,UF,25–34 anos,-5.94,-0.93,1.6,2.04,0.0036,448,0.299,"Associação entre territórios (zonas eleitorais), não comportamento individual (falácia ecológica)."
flavio_menos_jair,BA,UF,45–59 anos,-6.48,-1.17,1.8,1.64,0.0001,448,0.299,"Associação entre territórios (zonas eleitorais), não comportamento individual (falácia ecológica)."
flavio_menos_jair,BA,UF,60–69 anos,-5.64,-0.8,1.4,1.55,0.0003,448,0.299,"Associação entre territórios (zonas eleitorais), não comportamento individual (falácia ecológica)."
flavio_menos_jair,BA,UF,70+ anos,-2.62,-0.55,2.1,1.36,0.0533,448,0.299,"Associação entre territórios (zonas eleitorais), não comportamento individual (falácia ecológica)."
flavio_menos_jair,BA,UF,sem fundamental completo,0.13,0.17,13.4,0.29,0.6694,448,0.299,"Associação entre territórios (zonas eleitorais), não comportamento individual (falácia ecológica)."
flavio_menos_jair,BA,UF,fundamental (até médio incompleto),-0.19,-0.05,2.7,0.67,0.7718,448,0.299,"Associação entre territórios (zonas eleitorais), não comportamento individual (falácia ecológica)."
flavio_menos_jair,BA,UF,superior completo,-0.18,-0.13,7.0,0.37,0.6158,448,0.299,"Associação entre territórios (zonas eleitorais), não comportamento individual (falácia ecológica)."
flavio_menos_jair,BA,UF,mulheres,-2.45,-0.52,2.1,0.98,0.0119,448,0.299,"Associação entre territórios (zonas eleitorais), não comportamento individual (falácia ecológica)."
flavio_menos_jair,CE,UF,16–24 anos,-5.83,-1.08,1.9,2.63,0.0263,201,0.481,"Associação entre territórios (zonas eleitorais), não comportamento individual (falácia ecológica)."
flavio_menos_jair,CE,UF,25–34 anos,0.16,0.03,1.9,2.94,0.9577,201,0.481,"Associação entre territórios (zonas eleitorais), não comportamento individual (falácia ecológica)."
flavio_menos_jair,CE,UF,45–59 anos,-6.54,-0.86,1.3,3.14,0.0373,201,0.481,"Associação entre territórios (zonas eleitorais), não comportamento individual (falácia ecológica)."
flavio_menos_jair,CE,UF,60–69 anos,-5.37,-0.79,1.5,2.38,0.0241,201,0.481,"Associação entre territórios (zonas eleitorais), não comportamento individual (falácia ecológica)."
flavio_menos_jair,CE,UF,70+ anos,-0.51,-0.12,2.4,2.17,0.8144,201,0.481,"Associação entre territórios (zonas eleitorais), não comportamento individual (falácia ecológica)."
flavio_menos_jair,CE,UF,sem fundamental completo,1.28,1.42,11.1,0.35,0.0003,201,0.481,"Associação entre territórios (zonas eleitorais), não comportamento individual (falácia ecológica)."
flavio_menos_jair,CE,UF,fundamental (até médio incompleto),1.5,0.46,3.0,1.06,0.1567,201,0.481,"Associação entre territórios (zonas eleitorais), não comportamento individual (falácia ecológica)."
flavio_menos_jair,CE,UF,superior completo,0.74,0.52,7.1,0.39,0.0611,201,0.481,"Associação entre territórios (zonas eleitorais), não comportamento individual (falácia ecológica)."
flavio_menos_jair,CE,UF,mulheres,1.89,0.33,1.8,1.35,0.1616,201,0.481,"Associação entre territórios (zonas eleitorais), não comportamento individual (falácia ecológica)."
flavio_menos_jair,ES,UF,16–24 anos,-3.53,-0.44,1.2,2.24,0.1156,85,0.708,"Associação entre territórios (zonas eleitorais), não comportamento individual (falácia ecológica)."
flavio_menos_jair,ES,UF,25–34 anos,2.37,0.32,1.3,3.18,0.4571,85,0.708,"Associação entre territórios (zonas eleitorais), não comportamento individual (falácia ecológica)."
flavio_menos_jair,ES,UF,45–59 anos,2.3,0.15,0.6,3.83,0.5482,85,0.708,"Associação entre territórios (zonas eleitorais), não comportamento individual (falácia ecológica)."
flavio_menos_jair,ES,UF,60–69 anos,-1.09,-0.15,1.3,2.28,0.6331,85,0.708,"Associação entre territórios (zonas eleitorais), não comportamento individual (falácia ecológica)."
flavio_menos_jair,ES,UF,70+ anos,-1.12,-0.22,2.0,2.16,0.6032,85,0.708,"Associação entre territórios (zonas eleitorais), não comportamento individual (falácia ecológica)."
flavio_menos_jair,ES,UF,sem fundamental completo,0.38,0.45,11.7,0.33,0.2513,85,0.708,"Associação entre territórios (zonas eleitorais), não comportamento individual (falácia ecológica)."
flavio_menos_jair,ES,UF,fundamental (até médio incompleto),0.97,0.54,5.5,0.63,0.1207,85,0.708,"Associação entre territórios (zonas eleitorais), não comportamento individual (falácia ecológica)."
flavio_menos_jair,ES,UF,superior completo,0.9,0.89,9.9,0.45,0.047,85,0.708,"Associação entre territórios (zonas eleitorais), não comportamento individual (falácia ecológica)."
flavio_menos_jair,ES,UF,mulheres,-3.66,-0.55,1.5,1.81,0.0439,85,0.708,"Associação entre territórios (zonas eleitorais), não comportamento individual (falácia ecológica)."
flavio_menos_jair,GO,UF,16–24 anos,-8.6,-1.74,2.0,4.32,0.0466,226,0.481,"Associação entre territórios (zonas eleitorais), não comportamento individual (falácia ecológica)."
flavio_menos_jair,GO,UF,25–34 anos,-14.06,-2.79,2.0,5.5,0.0106,226,0.481,"Associação entre territórios (zonas eleitorais), não comportamento individual (falácia ecológica)."
flavio_menos_jair,GO,UF,45–59 anos,-10.68,-1.0,0.9,5.14,0.0378,226,0.481,"Associação entre territórios (zonas eleitorais), não comportamento individual (falácia ecológica)."
flavio_menos_jair,GO,UF,60–69 anos,-14.07,-2.64,1.9,4.65,0.0025,226,0.481,"Associação entre territórios (zonas eleitorais), não comportamento individual (falácia ecológica)."
flavio_menos_jair,GO,UF,70+ anos,-4.43,-1.2,2.7,3.67,0.2276,226,0.481,"Associação entre territórios (zonas eleitorais), não comportamento individual (falácia ecológica)."
flavio_menos_jair,GO,UF,sem fundamental completo,1.72,1.59,9.2,0.57,0.0028,226,0.481,"Associação entre territórios (zonas eleitorais), não comportamento individual (falácia ecológica)."
flavio_menos_jair,GO,UF,fundamental (até médio incompleto),-4.82,-1.59,3.3,1.55,0.0019,226,0.481,"Associação entre territórios (zonas eleitorais), não comportamento individual (falácia ecológica)."
flavio_menos_jair,GO,UF,superior completo,-1.8,-1.29,7.2,0.85,0.0354,226,0.481,"Associação entre territórios (zonas eleitorais), não comportamento individual (falácia ecológica)."
flavio_menos_jair,GO,UF,mulheres,-0.41,-0.07,1.8,2.28,0.8562,226,0.481,"Associação entre territórios (zonas eleitorais), não comportamento individual (falácia ecológica)."
flavio_menos_jair,MA,UF,16–24 anos,0.78,0.21,2.7,3.14,0.8046,212,0.37,"Associação entre territórios (zonas eleitorais), não comportamento individual (falácia ecológica)."
flavio_menos_jair,MA,UF,25–34 anos,8.93,1.29,1.4,2.76,0.0012,212,0.37,"Associação entre territórios (zonas eleitorais), não comportamento individual (falácia ecológica)."
flavio_menos_jair,MA,UF,45–59 anos,1.96,0.36,1.8,3.24,0.546,212,0.37,"Associação entre territórios (zonas eleitorais), não comportamento individual (falácia ecológica)."
flavio_menos_jair,MA,UF,60–69 anos,4.96,0.52,1.0,3.53,0.1592,212,0.37,"Associação entre territórios (zonas eleitorais), não comportamento individual (falácia ecológica)."
flavio_menos_jair,MA,UF,70+ anos,0.51,0.07,1.4,2.36,0.83,212,0.37,"Associação entre territórios (zonas eleitorais), não comportamento individual (falácia ecológica)."
flavio_menos_jair,MA,UF,sem fundamental completo,1.07,1.41,13.1,0.46,0.0197,212,0.37,"Associação entre territórios (zonas eleitorais), não comportamento individual (falácia ecológica)."
flavio_menos_jair,MA,UF,fundamental (até médio incompleto),1.69,0.45,2.7,0.93,0.0683,212,0.37,"Associação entre territórios (zonas eleitorais), não comportamento individual (falácia ecológica)."
flavio_menos_jair,MA,UF,superior completo,2.64,1.25,4.7,0.88,0.0028,212,0.37,"Associação entre territórios (zonas eleitorais), não comportamento individual (falácia ecológica)."
flavio_menos_jair,MA,UF,mulheres,-1.82,-0.37,2.0,1.47,0.2142,212,0.37,"Associação entre territórios (zonas eleitorais), não comportamento individual (falácia ecológica)."
flavio_menos_jair,MG,UF,16–24 anos,-2.75,-0.44,1.6,1.15,0.0163,881,0.544,"Associação entre territórios (zonas eleitorais), não comportamento individual (falácia ecológica)."
flavio_menos_jair,MG,UF,25–34 anos,-1.25,-0.22,1.7,1.25,0.3182,881,0.544,"Associação entre territórios (zonas eleitorais), não comportamento individual (falácia ecológica)."
flavio_menos_jair,MG,UF,45–59 anos,-1.74,-0.22,1.3,1.08,0.1071,881,0.544,"Associação entre territórios (zonas eleitorais), não comportamento individual (falácia ecológica)."
flavio_menos_jair,MG,UF,60–69 anos,0.1,0.01,1.5,1.12,0.9302,881,0.544,"Associação entre territórios (zonas eleitorais), não comportamento individual (falácia ecológica)."
flavio_menos_jair,MG,UF,70+ anos,-3.82,-1.13,2.9,0.86,0.0,881,0.544,"Associação entre territórios (zonas eleitorais), não comportamento individual (falácia ecológica)."
flavio_menos_jair,MG,UF,sem fundamental completo,0.75,0.86,11.4,0.21,0.0003,881,0.544,"Associação entre territórios (zonas eleitorais), não comportamento individual (falácia ecológica)."
flavio_menos_jair,MG,UF,fundamental (até médio incompleto),0.49,0.18,3.6,0.33,0.1311,881,0.544,"Associação entre territórios (zonas eleitorais), não comportamento individual (falácia ecológica)."
flavio_menos_jair,MG,UF,superior completo,0.79,0.53,6.8,0.27,0.0038,881,0.544,"Associação entre territórios (zonas eleitorais), não comportamento individual (falácia ecológica)."
flavio_menos_jair,MG,UF,mulheres,-3.94,-0.71,1.8,0.77,0.0,881,0.544,"Associação entre territórios (zonas eleitorais), não comportamento individual (falácia ecológica)."
flavio_menos_jair,MS,UF,16–24 anos,-7.73,-1.28,1.7,2.37,0.0011,87,0.645,"Associação entre territórios (zonas eleitorais), não comportamento individual (falácia ecológica)."
flavio_menos_jair,MS,UF,25–34 anos,-1.16,-0.19,1.6,3.2,0.7163,87,0.645,"Associação entre territórios (zonas eleitorais), não comportamento individual (falácia ecológica)."
flavio_menos_jair,MS,UF,45–59 anos,-3.41,-0.41,1.2,3.58,0.3401,87,0.645,"Associação entre territórios (zonas eleitorais), não comportamento individual (falácia ecológica)."
flavio_menos_jair,MS,UF,60–69 anos,-2.8,-0.36,1.3,2.6,0.2829,87,0.645,"Associação entre territórios (zonas eleitorais), não comportamento individual (falácia ecológica)."
flavio_menos_jair,MS,UF,70+ anos,-2.47,-0.48,1.9,2.24,0.2701,87,0.645,"Associação entre territórios (zonas eleitorais), não comportamento individual (falácia ecológica)."
flavio_menos_jair,MS,UF,sem fundamental completo,0.33,0.38,11.7,0.54,0.5463,87,0.645,"Associação entre territórios (zonas eleitorais), não comportamento individual (falácia ecológica)."
flavio_menos_jair,MS,UF,fundamental (até médio incompleto),0.44,0.13,2.9,1.33,0.7377,87,0.645,"Associação entre territórios (zonas eleitorais), não comportamento individual (falácia ecológica)."
flavio_menos_jair,MS,UF,superior completo,-0.07,-0.05,7.4,0.62,0.9094,87,0.645,"Associação entre territórios (zonas eleitorais), não comportamento individual (falácia ecológica)."
flavio_menos_jair,MS,UF,mulheres,-2.0,-0.34,1.7,2.33,0.3888,87,0.645,"Associação entre territórios (zonas eleitorais), não comportamento individual (falácia ecológica)."
flavio_menos_jair,MT,UF,16–24 anos,2.18,0.27,1.2,2.18,0.3181,126,0.632,"Associação entre territórios (zonas eleitorais), não comportamento individual (falácia ecológica)."
flavio_menos_jair,MT,UF,25–34 anos,1.11,0.2,1.8,2.59,0.6674,126,0.632,"Associação entre territórios (zonas eleitorais), não comportamento individual (falácia ecológica)."
flavio_menos_jair,MT,UF,45–59 anos,-0.34,-0.04,1.2,2.1,0.8713,126,0.632,"Associação entre territórios (zonas eleitorais), não comportamento individual (falácia ecológica)."
flavio_menos_jair,MT,UF,60–69 anos,3.3,0.53,1.6,2.25,0.1426,126,0.632,"Associação entre territórios (zonas eleitorais), não comportamento individual (falácia ecológica)."
flavio_menos_jair,MT,UF,70+ anos,0.98,0.23,2.3,2.03,0.628,126,0.632,"Associação entre territórios (zonas eleitorais), não comportamento individual (falácia ecológica)."
flavio_menos_jair,MT,UF,sem fundamental completo,-0.64,-0.63,9.8,0.54,0.237,126,0.632,"Associação entre territórios (zonas eleitorais), não comportamento individual (falácia ecológica)."
flavio_menos_jair,MT,UF,fundamental (até médio incompleto),-0.59,-0.16,2.7,0.88,0.5059,126,0.632,"Associação entre territórios (zonas eleitorais), não comportamento individual (falácia ecológica)."
flavio_menos_jair,MT,UF,superior completo,-1.46,-0.95,6.5,0.65,0.026,126,0.632,"Associação entre territórios (zonas eleitorais), não comportamento individual (falácia ecológica)."
flavio_menos_jair,MT,UF,mulheres,-3.68,-0.85,2.3,1.23,0.0028,126,0.632,"Associação entre territórios (zonas eleitorais), não comportamento individual (falácia ecológica)."
flavio_menos_jair,PA,UF,16–24 anos,-1.95,-0.6,3.1,2.67,0.4657,151,0.46,"Associação entre territórios (zonas eleitorais), não comportamento individual (falácia ecológica)."
flavio_menos_jair,PA,UF,25–34 anos,-5.64,-1.26,2.2,4.28,0.1884,151,0.46,"Associação entre territórios (zonas eleitorais), não comportamento individual (falácia ecológica)."
flavio_menos_jair,PA,UF,45–59 anos,-4.95,-1.06,2.1,4.68,0.2901,151,0.46,"Associação entre territórios (zonas eleitorais), não comportamento individual (falácia ecológica)."
flavio_menos_jair,PA,UF,60–69 anos,10.55,2.09,2.0,6.03,0.0804,151,0.46,"Associação entre territórios (zonas eleitorais), não comportamento individual (falácia ecológica)."
flavio_menos_jair,PA,UF,70+ anos,-13.6,-2.89,2.1,3.45,0.0001,151,0.46,"Associação entre territórios (zonas eleitorais), não comportamento individual (falácia ecológica)."
flavio_menos_jair,PA,UF,sem fundamental completo,1.34,1.82,13.6,0.76,0.0778,151,0.46,"Associação entre territórios (zonas eleitorais), não comportamento individual (falácia ecológica)."
flavio_menos_jair,PA,UF,fundamental (até médio incompleto),2.09,0.65,3.1,1.41,0.137,151,0.46,"Associação entre territórios (zonas eleitorais), não comportamento individual (falácia ecológica)."
flavio_menos_jair,PA,UF,superior completo,1.44,0.88,6.1,1.13,0.2016,151,0.46,"Associação entre territórios (zonas eleitorais), não comportamento individual (falácia ecológica)."
flavio_menos_jair,PA,UF,mulheres,-0.78,-0.16,2.0,2.17,0.7199,151,0.46,"Associação entre territórios (zonas eleitorais), não comportamento individual (falácia ecológica)."
flavio_menos_jair,PB,UF,16–24 anos,0.93,0.16,1.7,1.56,0.553,224,0.534,"Associação entre territórios (zonas eleitorais), não comportamento individual (falácia ecológica)."
flavio_menos_jair,PB,UF,25–34 anos,3.35,0.47,1.4,2.06,0.1039,224,0.534,"Associação entre territórios (zonas eleitorais), não comportamento individual (falácia ecológica)."
flavio_menos_jair,PB,UF,45–59 anos,2.41,0.32,1.3,1.6,0.133,224,0.534,"Associação entre territórios (zonas eleitorais), não comportamento individual (falácia ecológica)."
flavio_menos_jair,PB,UF,60–69 anos,1.63,0.18,1.1,2.33,0.4837,224,0.534,"Associação entre territórios (zonas eleitorais), não comportamento individual (falácia ecológica)."
flavio_menos_jair,PB,UF,70+ anos,0.81,0.14,1.8,1.45,0.5755,224,0.534,"Associação entre territórios (zonas eleitorais), não comportamento individual (falácia ecológica)."
flavio_menos_jair,PB,UF,sem fundamental completo,0.59,0.82,14.0,0.33,0.0799,224,0.534,"Associação entre territórios (zonas eleitorais), não comportamento individual (falácia ecológica)."
flavio_menos_jair,PB,UF,fundamental (até médio incompleto),0.14,0.04,3.0,0.68,0.8417,224,0.534,"Associação entre territórios (zonas eleitorais), não comportamento individual (falácia ecológica)."
flavio_menos_jair,PB,UF,superior completo,0.34,0.29,8.5,0.37,0.3632,224,0.534,"Associação entre territórios (zonas eleitorais), não comportamento individual (falácia ecológica)."
flavio_menos_jair,PB,UF,mulheres,2.15,0.41,1.9,1.38,0.1191,224,0.534,"Associação entre territórios (zonas eleitorais), não comportamento individual (falácia ecológica)."
flavio_menos_jair,PE,UF,16–24 anos,-1.79,-0.39,2.2,1.42,0.2102,209,0.629,"Associação entre territórios (zonas eleitorais), não comportamento individual (falácia ecológica)."
flavio_menos_jair,PE,UF,25–34 anos,0.52,0.08,1.6,2.12,0.8077,209,0.629,"Associação entre territórios (zonas eleitorais), não comportamento individual (falácia ecológica)."
flavio_menos_jair,PE,UF,45–59 anos,-3.68,-0.67,1.8,1.37,0.007,209,0.629,"Associação entre territórios (zonas eleitorais), não comportamento individual (falácia ecológica)."
flavio_menos_jair,PE,UF,60–69 anos,-6.5,-1.06,1.6,1.96,0.0009,209,0.629,"Associação entre territórios (zonas eleitorais), não comportamento individual (falácia ecológica)."
flavio_menos_jair,PE,UF,70+ anos,0.71,0.15,2.1,1.31,0.5897,209,0.629,"Associação entre territórios (zonas eleitorais), não comportamento individual (falácia ecológica)."
flavio_menos_jair,PE,UF,sem fundamental completo,0.13,0.16,12.9,0.27,0.6479,209,0.629,"Associação entre territórios (zonas eleitorais), não comportamento individual (falácia ecológica)."
flavio_menos_jair,PE,UF,fundamental (até médio incompleto),0.05,0.01,2.8,0.56,0.9244,209,0.629,"Associação entre territórios (zonas eleitorais), não comportamento individual (falácia ecológica)."
flavio_menos_jair,PE,UF,superior completo,0.69,0.47,6.8,0.3,0.02,209,0.629,"Associação entre territórios (zonas eleitorais), não comportamento individual (falácia ecológica)."
flavio_menos_jair,PE,UF,mulheres,1.36,0.21,1.5,1.1,0.2153,209,0.629,"Associação entre territórios (zonas eleitorais), não comportamento individual (falácia ecológica)."
flavio_menos_jair,PI,UF,16–24 anos,1.97,0.36,1.8,1.77,0.2644,215,0.325,"Associação entre territórios (zonas eleitorais), não comportamento individual (falácia ecológica)."
flavio_menos_jair,PI,UF,25–34 anos,3.3,0.4,1.2,1.9,0.0817,215,0.325,"Associação entre territórios (zonas eleitorais), não comportamento individual (falácia ecológica)."
flavio_menos_jair,PI,UF,45–59 anos,0.1,0.01,1.5,1.52,0.9493,215,0.325,"Associação entre territórios (zonas eleitorais), não comportamento individual (falácia ecológica)."
flavio_menos_jair,PI,UF,60–69 anos,0.87,0.09,1.0,2.49,0.7272,215,0.325,"Associação entre territórios (zonas eleitorais), não comportamento individual (falácia ecológica)."
flavio_menos_jair,PI,UF,70+ anos,-0.66,-0.1,1.5,1.55,0.6705,215,0.325,"Associação entre territórios (zonas eleitorais), não comportamento individual (falácia ecológica)."
flavio_menos_jair,PI,UF,sem fundamental completo,0.25,0.33,13.2,0.34,0.4577,215,0.325,"Associação entre territórios (zonas eleitorais), não comportamento individual (falácia ecológica)."
flavio_menos_jair,PI,UF,fundamental (até médio incompleto),0.26,0.05,1.9,0.9,0.7703,215,0.325,"Associação entre territórios (zonas eleitorais), não comportamento individual (falácia ecológica)."
flavio_menos_jair,PI,UF,superior completo,0.63,0.26,4.1,0.84,0.4511,215,0.325,"Associação entre territórios (zonas eleitorais), não comportamento individual (falácia ecológica)."
flavio_menos_jair,PI,UF,mulheres,-0.87,-0.2,2.2,1.25,0.4865,215,0.325,"Associação entre territórios (zonas eleitorais), não comportamento individual (falácia ecológica)."
flavio_menos_jair,PR,UF,16–24 anos,-1.32,-0.2,1.5,2.59,0.6094,412,0.634,"Associação entre territórios (zonas eleitorais), não comportamento individual (falácia ecológica)."
flavio_menos_jair,PR,UF,25–34 anos,-1.17,-0.21,1.8,2.36,0.6216,412,0.634,"Associação entre territórios (zonas eleitorais), não comportamento individual (falácia ecológica)."
flavio_menos_jair,PR,UF,45–59 anos,-6.86,-0.61,0.9,2.87,0.0168,412,0.634,"Associação entre territórios (zonas eleitorais), não comportamento individual (falácia ecológica)."
flavio_menos_jair,PR,UF,60–69 anos,-0.49,-0.07,1.4,2.43,0.8394,412,0.634,"Associação entre territórios (zonas eleitorais), não comportamento individual (falácia ecológica)."
flavio_menos_jair,PR,UF,70+ anos,-3.47,-0.86,2.5,2.0,0.0829,412,0.634,"Associação entre territórios (zonas eleitorais), não comportamento individual (falácia ecológica)."
flavio_menos_jair,PR,UF,sem fundamental completo,1.5,1.55,10.3,0.39,0.0001,412,0.634,"Associação entre territórios (zonas eleitorais), não comportamento individual (falácia ecológica)."
flavio_menos_jair,PR,UF,fundamental (até médio incompleto),0.19,0.07,3.5,0.85,0.8211,412,0.634,"Associação entre territórios (zonas eleitorais), não comportamento individual (falácia ecológica)."
flavio_menos_jair,PR,UF,superior completo,0.82,0.73,8.8,0.39,0.0356,412,0.634,"Associação entre territórios (zonas eleitorais), não comportamento individual (falácia ecológica)."
flavio_menos_jair,PR,UF,mulheres,-5.54,-0.83,1.5,1.24,0.0,412,0.634,"Associação entre territórios (zonas eleitorais), não comportamento individual (falácia ecológica)."
flavio_menos_jair,RJ,UF,16–24 anos,4.77,0.83,1.7,1.43,0.0008,178,0.483,"Associação entre territórios (zonas eleitorais), não comportamento individual (falácia ecológica)."
flavio_menos_jair,RJ,UF,25–34 anos,-1.46,-0.37,2.6,1.95,0.4527,178,0.483,"Associação entre territórios (zonas eleitorais), não comportamento individual (falácia ecológica)."
flavio_menos_jair,RJ,UF,45–59 anos,1.4,0.15,1.1,2.04,0.4932,178,0.483,"Associação entre territórios (zonas eleitorais), não comportamento individual (falácia ecológica)."
flavio_menos_jair,RJ,UF,60–69 anos,3.3,0.47,1.4,1.22,0.0069,178,0.483,"Associação entre territórios (zonas eleitorais), não comportamento individual (falácia ecológica)."
flavio_menos_jair,RJ,UF,70+ anos,-0.48,-0.22,4.6,1.15,0.6806,178,0.483,"Associação entre territórios (zonas eleitorais), não comportamento individual (falácia ecológica)."
flavio_menos_jair,RJ,UF,sem fundamental completo,0.38,0.36,9.5,0.25,0.1272,178,0.483,"Associação entre territórios (zonas eleitorais), não comportamento individual (falácia ecológica)."
flavio_menos_jair,RJ,UF,fundamental (até médio incompleto),0.7,0.34,4.8,0.52,0.1775,178,0.483,"Associação entre territórios (zonas eleitorais), não comportamento individual (falácia ecológica)."
flavio_menos_jair,RJ,UF,superior completo,0.51,0.46,9.0,0.39,0.1918,178,0.483,"Associação entre territórios (zonas eleitorais), não comportamento individual (falácia ecológica)."
flavio_menos_jair,RJ,UF,mulheres,-0.34,-0.04,1.2,1.34,0.7975,178,0.483,"Associação entre territórios (zonas eleitorais), não comportamento individual (falácia ecológica)."
flavio_menos_jair,RN,UF,16–24 anos,-0.0,-0.0,2.0,1.57,0.9997,167,0.414,"Associação entre territórios (zonas eleitorais), não comportamento individual (falácia ecológica)."
flavio_menos_jair,RN,UF,25–34 anos,-3.98,-0.77,1.9,2.09,0.0574,167,0.414,"Associação entre territórios (zonas eleitorais), não comportamento individual (falácia ecológica)."
flavio_menos_jair,RN,UF,45–59 anos,-1.71,-0.2,1.2,1.99,0.3899,167,0.414,"Associação entre territórios (zonas eleitorais), não comportamento individual (falácia ecológica)."
flavio_menos_jair,RN,UF,60–69 anos,-2.51,-0.37,1.5,2.0,0.2094,167,0.414,"Associação entre territórios (zonas eleitorais), não comportamento individual (falácia ecológica)."
flavio_menos_jair,RN,UF,70+ anos,-1.67,-0.38,2.3,1.66,0.3165,167,0.414,"Associação entre territórios (zonas eleitorais), não comportamento individual (falácia ecológica)."
flavio_menos_jair,RN,UF,sem fundamental completo,0.22,0.28,12.7,0.39,0.5692,167,0.414,"Associação entre territórios (zonas eleitorais), não comportamento individual (falácia ecológica)."
flavio_menos_jair,RN,UF,fundamental (até médio incompleto),-1.14,-0.36,3.2,0.92,0.2161,167,0.414,"Associação entre territórios (zonas eleitorais), não comportamento individual (falácia ecológica)."
flavio_menos_jair,RN,UF,superior completo,-0.84,-0.67,8.0,0.55,0.1261,167,0.414,"Associação entre territórios (zonas eleitorais), não comportamento individual (falácia ecológica)."
flavio_menos_jair,RN,UF,mulheres,2.22,0.4,1.8,1.72,0.1973,167,0.414,"Associação entre territórios (zonas eleitorais), não comportamento individual (falácia ecológica)."
flavio_menos_jair,RS,UF,16–24 anos,9.14,1.13,1.2,2.04,0.0,518,0.707,"Associação entre territórios (zonas eleitorais), não comportamento individual (falácia ecológica)."
flavio_menos_jair,RS,UF,25–34 anos,1.09,0.19,1.7,2.34,0.6407,518,0.707,"Associação entre territórios (zonas eleitorais), não comportamento individual (falácia ecológica)."
flavio_menos_jair,RS,UF,45–59 anos,0.19,0.02,1.0,1.87,0.9199,518,0.707,"Associação entre territórios (zonas eleitorais), não comportamento individual (falácia ecológica)."
flavio_menos_jair,RS,UF,60–69 anos,-1.27,-0.17,1.3,1.6,0.4263,518,0.707,"Associação entre territórios (zonas eleitorais), não comportamento individual (falácia ecológica)."
flavio_menos_jair,RS,UF,70+ anos,2.31,0.69,3.0,1.31,0.0772,518,0.707,"Associação entre territórios (zonas eleitorais), não comportamento individual (falácia ecológica)."
flavio_menos_jair,RS,UF,sem fundamental completo,2.12,2.06,9.7,0.31,0.0,518,0.707,"Associação entre territórios (zonas eleitorais), não comportamento individual (falácia ecológica)."
flavio_menos_jair,RS,UF,fundamental (até médio incompleto),-0.67,-0.27,4.0,0.54,0.2187,518,0.707,"Associação entre territórios (zonas eleitorais), não comportamento individual (falácia ecológica)."
flavio_menos_jair,RS,UF,superior completo,1.99,1.25,6.2,0.69,0.0039,518,0.707,"Associação entre territórios (zonas eleitorais), não comportamento individual (falácia ecológica)."
flavio_menos_jair,RS,UF,mulheres,-1.66,-0.29,1.7,1.66,0.3166,518,0.707,"Associação entre territórios (zonas eleitorais), não comportamento individual (falácia ecológica)."
flavio_menos_jair,SC,UF,16–24 anos,6.5,0.75,1.2,1.99,0.0011,297,0.646,"Associação entre territórios (zonas eleitorais), não comportamento individual (falácia ecológica)."
flavio_menos_jair,SC,UF,25–34 anos,8.44,1.37,1.6,1.98,0.0,297,0.646,"Associação entre territórios (zonas eleitorais), não comportamento individual (falácia ecológica)."
flavio_menos_jair,SC,UF,45–59 anos,5.53,0.57,1.0,1.8,0.0021,297,0.646,"Associação entre territórios (zonas eleitorais), não comportamento individual (falácia ecológica)."
flavio_menos_jair,SC,UF,60–69 anos,3.33,0.49,1.5,1.98,0.0926,297,0.646,"Associação entre territórios (zonas eleitorais), não comportamento individual (falácia ecológica)."
flavio_menos_jair,SC,UF,70+ anos,5.81,1.34,2.3,1.69,0.0006,297,0.646,"Associação entre territórios (zonas eleitorais), não comportamento individual (falácia ecológica)."
flavio_menos_jair,SC,UF,sem fundamental completo,2.69,2.69,10.0,0.52,0.0,297,0.646,"Associação entre territórios (zonas eleitorais), não comportamento individual (falácia ecológica)."
flavio_menos_jair,SC,UF,fundamental (até médio incompleto),-0.95,-0.41,4.4,0.93,0.3048,297,0.646,"Associação entre territórios (zonas eleitorais), não comportamento individual (falácia ecológica)."
flavio_menos_jair,SC,UF,superior completo,1.32,1.07,8.1,0.8,0.0978,297,0.646,"Associação entre territórios (zonas eleitorais), não comportamento individual (falácia ecológica)."
flavio_menos_jair,SC,UF,mulheres,0.8,0.12,1.5,2.08,0.7022,297,0.646,"Associação entre territórios (zonas eleitorais), não comportamento individual (falácia ecológica)."
flavio_menos_jair,SE,UF,16–24 anos,1.4,0.28,2.0,3.21,0.6638,75,0.659,"Associação entre territórios (zonas eleitorais), não comportamento individual (falácia ecológica)."
flavio_menos_jair,SE,UF,25–34 anos,4.39,0.79,1.8,3.93,0.2645,75,0.659,"Associação entre territórios (zonas eleitorais), não comportamento individual (falácia ecológica)."
flavio_menos_jair,SE,UF,45–59 anos,-3.01,-0.41,1.3,3.39,0.3739,75,0.659,"Associação entre territórios (zonas eleitorais), não comportamento individual (falácia ecológica)."
flavio_menos_jair,SE,UF,60–69 anos,-1.46,-0.18,1.2,4.56,0.7494,75,0.659,"Associação entre territórios (zonas eleitorais), não comportamento individual (falácia ecológica)."
flavio_menos_jair,SE,UF,70+ anos,5.21,1.09,2.1,2.13,0.0145,75,0.659,"Associação entre territórios (zonas eleitorais), não comportamento individual (falácia ecológica)."
flavio_menos_jair,SE,UF,sem fundamental completo,0.56,0.83,14.7,0.49,0.2489,75,0.659,"Associação entre territórios (zonas eleitorais), não comportamento individual (falácia ecológica)."
flavio_menos_jair,SE,UF,fundamental (até médio incompleto),-0.12,-0.04,3.4,1.63,0.9423,75,0.659,"Associação entre territórios (zonas eleitorais), não comportamento individual (falácia ecológica)."
flavio_menos_jair,SE,UF,superior completo,0.67,0.55,8.1,1.04,0.518,75,0.659,"Associação entre territórios (zonas eleitorais), não comportamento individual (falácia ecológica)."
flavio_menos_jair,SE,UF,mulheres,1.57,0.27,1.7,2.07,0.4486,75,0.659,"Associação entre territórios (zonas eleitorais), não comportamento individual (falácia ecológica)."
flavio_menos_jair,SP,UF,16–24 anos,2.19,0.35,1.6,1.95,0.2602,731,0.394,"Associação entre territórios (zonas eleitorais), não comportamento individual (falácia ecológica)."
flavio_menos_jair,SP,UF,25–34 anos,1.39,0.31,2.2,1.23,0.2579,731,0.394,"Associação entre territórios (zonas eleitorais), não comportamento individual (falácia ecológica)."
flavio_menos_jair,SP,UF,45–59 anos,0.55,0.05,0.8,1.27,0.664,731,0.394,"Associação entre territórios (zonas eleitorais), não comportamento individual (falácia ecológica)."
flavio_menos_jair,SP,UF,60–69 anos,-1.79,-0.3,1.7,1.01,0.0763,731,0.394,"Associação entre territórios (zonas eleitorais), não comportamento individual (falácia ecológica)."
flavio_menos_jair,SP,UF,70+ anos,0.84,0.28,3.3,1.01,0.4038,731,0.394,"Associação entre territórios (zonas eleitorais), não comportamento individual (falácia ecológica)."
flavio_menos_jair,SP,UF,sem fundamental completo,1.97,1.25,6.4,0.28,0.0,731,0.394,"Associação entre territórios (zonas eleitorais), não comportamento individual (falácia ecológica)."
flavio_menos_jair,SP,UF,fundamental (até médio incompleto),-0.42,-0.17,4.0,0.39,0.2866,731,0.394,"Associação entre territórios (zonas eleitorais), não comportamento individual (falácia ecológica)."
flavio_menos_jair,SP,UF,superior completo,1.1,0.92,8.4,0.24,0.0,731,0.394,"Associação entre territórios (zonas eleitorais), não comportamento individual (falácia ecológica)."
flavio_menos_jair,SP,UF,mulheres,-0.82,-0.1,1.3,0.95,0.3903,731,0.394,"Associação entre territórios (zonas eleitorais), não comportamento individual (falácia ecológica)."
flavio_menos_jair,TO,UF,16–24 anos,-8.01,-1.28,1.6,2.94,0.0065,128,0.558,"Associação entre territórios (zonas eleitorais), não comportamento individual (falácia ecológica)."
flavio_menos_jair,TO,UF,25–34 anos,-6.74,-1.29,1.9,3.77,0.0737,128,0.558,"Associação entre territórios (zonas eleitorais), não comportamento individual (falácia ecológica)."
flavio_menos_jair,TO,UF,45–59 anos,-4.63,-0.71,1.5,2.8,0.0974,128,0.558,"Associação entre territórios (zonas eleitorais), não comportamento individual (falácia ecológica)."
flavio_menos_jair,TO,UF,60–69 anos,-3.95,-0.61,1.6,4.33,0.3613,128,0.558,"Associação entre territórios (zonas eleitorais), não comportamento individual (falácia ecológica)."
flavio_menos_jair,TO,UF,70+ anos,-1.34,-0.34,2.5,2.06,0.5146,128,0.558,"Associação entre territórios (zonas eleitorais), não comportamento individual (falácia ecológica)."
flavio_menos_jair,TO,UF,sem fundamental completo,0.91,1.09,12.0,0.9,0.3125,128,0.558,"Associação entre territórios (zonas eleitorais), não comportamento individual (falácia ecológica)."
flavio_menos_jair,TO,UF,fundamental (até médio incompleto),5.28,0.86,1.6,1.55,0.0007,128,0.558,"Associação entre territórios (zonas eleitorais), não comportamento individual (falácia ecológica)."
flavio_menos_jair,TO,UF,superior completo,0.21,0.1,4.8,1.57,0.8927,128,0.558,"Associação entre territórios (zonas eleitorais), não comportamento individual (falácia ecológica)."
flavio_menos_jair,TO,UF,mulheres,-4.29,-1.16,2.7,1.49,0.0039,128,0.558,"Associação entre territórios (zonas eleitorais), não comportamento individual (falácia ecológica)."
d_abst,Brasil,Brasil,16–24 anos,-2.22,-0.63,2.8,0.69,0.0013,5847,0.412,"Associação entre territórios (zonas eleitorais), não comportamento individual (falácia ecológica)."
d_abst,Brasil,Brasil,25–34 anos,2.11,0.49,2.3,0.88,0.0166,5847,0.412,"Associação entre territórios (zonas eleitorais), não comportamento individual (falácia ecológica)."
d_abst,Brasil,Brasil,45–59 anos,1.91,0.32,1.7,0.77,0.0126,5847,0.412,"Associação entre territórios (zonas eleitorais), não comportamento individual (falácia ecológica)."
d_abst,Brasil,Brasil,60–69 anos,-3.46,-0.73,2.1,0.96,0.0003,5847,0.412,"Associação entre territórios (zonas eleitorais), não comportamento individual (falácia ecológica)."
d_abst,Brasil,Brasil,70+ anos,2.25,0.77,3.4,0.73,0.0021,5847,0.412,"Associação entre territórios (zonas eleitorais), não comportamento individual (falácia ecológica)."
d_abst,Brasil,Brasil,sem fundamental completo,-0.67,-0.84,12.6,0.13,0.0,5847,0.412,"Associação entre territórios (zonas eleitorais), não comportamento individual (falácia ecológica)."
d_abst,Brasil,Brasil,fundamental (até médio incompleto),1.31,0.58,4.4,0.25,0.0,5847,0.412,"Associação entre territórios (zonas eleitorais), não comportamento individual (falácia ecológica)."
d_abst,Brasil,Brasil,superior completo,-0.25,-0.21,8.3,0.21,0.2401,5847,0.412,"Associação entre territórios (zonas eleitorais), não comportamento individual (falácia ecológica)."
d_abst,Brasil,Brasil,mulheres,-0.02,-0.0,1.8,0.47,0.9678,5847,0.412,"Associação entre territórios (zonas eleitorais), não comportamento individual (falácia ecológica)."
d_abst,Centro-Oeste,região,16–24 anos,1.6,0.3,1.9,1.19,0.1793,458,0.353,"Associação entre territórios (zonas eleitorais), não comportamento individual (falácia ecológica)."
d_abst,Centro-Oeste,região,25–34 anos,-4.31,-0.87,2.0,1.63,0.008,458,0.353,"Associação entre territórios (zonas eleitorais), não comportamento individual (falácia ecológica)."
d_abst,Centro-Oeste,região,45–59 anos,-1.2,-0.17,1.4,1.08,0.264,458,0.353,"Associação entre territórios (zonas eleitorais), não comportamento individual (falácia ecológica)."
d_abst,Centro-Oeste,região,60–69 anos,-0.17,-0.03,1.7,1.38,0.9037,458,0.353,"Associação entre territórios (zonas eleitorais), não comportamento individual (falácia ecológica)."
d_abst,Centro-Oeste,região,70+ anos,-1.49,-0.37,2.5,0.95,0.1151,458,0.353,"Associação entre territórios (zonas eleitorais), não comportamento individual (falácia ecológica)."
d_abst,Centro-Oeste,região,sem fundamental completo,0.0,0.0,11.0,0.28,0.9988,458,0.353,"Associação entre territórios (zonas eleitorais), não comportamento individual (falácia ecológica)."
d_abst,Centro-Oeste,região,fundamental (até médio incompleto),1.85,0.73,4.0,0.57,0.0012,458,0.353,"Associação entre territórios (zonas eleitorais), não comportamento individual (falácia ecológica)."
d_abst,Centro-Oeste,região,superior completo,0.52,0.54,10.4,0.35,0.1387,458,0.353,"Associação entre territórios (zonas eleitorais), não comportamento individual (falácia ecológica)."
d_abst,Centro-Oeste,região,mulheres,1.88,0.36,1.9,1.33,0.1578,458,0.353,"Associação entre territórios (zonas eleitorais), não comportamento individual (falácia ecológica)."
d_abst,Nordeste,região,16–24 anos,-3.98,-0.98,2.5,1.19,0.0008,1850,0.35,"Associação entre territórios (zonas eleitorais), não comportamento individual (falácia ecológica)."
d_abst,Nordeste,região,25–34 anos,0.67,0.12,1.8,1.69,0.6941,1850,0.35,"Associação entre territórios (zonas eleitorais), não comportamento individual (falácia ecológica)."
d_abst,Nordeste,região,45–59 anos,1.25,0.24,1.9,1.62,0.4404,1850,0.35,"Associação entre territórios (zonas eleitorais), não comportamento individual (falácia ecológica)."
d_abst,Nordeste,região,60–69 anos,-6.33,-0.94,1.5,1.5,0.0,1850,0.35,"Associação entre territórios (zonas eleitorais), não comportamento individual (falácia ecológica)."
d_abst,Nordeste,região,70+ anos,1.82,0.38,2.1,1.7,0.2838,1850,0.35,"Associação entre territórios (zonas eleitorais), não comportamento individual (falácia ecológica)."
d_abst,Nordeste,região,sem fundamental completo,-0.73,-0.96,13.1,0.27,0.0071,1850,0.35,"Associação entre territórios (zonas eleitorais), não comportamento individual (falácia ecológica)."
d_abst,Nordeste,região,fundamental (até médio incompleto),1.61,0.5,3.1,0.47,0.0006,1850,0.35,"Associação entre territórios (zonas eleitorais), não comportamento individual (falácia ecológica)."
d_abst,Nordeste,região,superior completo,-0.09,-0.06,6.8,0.38,0.8182,1850,0.35,"Associação entre territórios (zonas eleitorais), não comportamento individual (falácia ecológica)."
d_abst,Nordeste,região,mulheres,1.09,0.21,2.0,0.84,0.192,1850,0.35,"Associação entre territórios (zonas eleitorais), não comportamento individual (falácia ecológica)."
d_abst,Norte,região,16–24 anos,-2.14,-0.68,3.2,1.24,0.0838,437,0.543,"Associação entre territórios (zonas eleitorais), não comportamento individual (falácia ecológica)."
d_abst,Norte,região,25–34 anos,0.36,0.08,2.3,2.07,0.863,437,0.543,"Associação entre territórios (zonas eleitorais), não comportamento individual (falácia ecológica)."
d_abst,Norte,região,45–59 anos,1.75,0.4,2.3,2.05,0.3929,437,0.543,"Associação entre territórios (zonas eleitorais), não comportamento individual (falácia ecológica)."
d_abst,Norte,região,60–69 anos,-5.39,-1.03,1.9,2.03,0.0078,437,0.543,"Associação entre territórios (zonas eleitorais), não comportamento individual (falácia ecológica)."
d_abst,Norte,região,70+ anos,5.14,1.08,2.1,1.74,0.0031,437,0.543,"Associação entre territórios (zonas eleitorais), não comportamento individual (falácia ecológica)."
d_abst,Norte,região,sem fundamental completo,-0.64,-0.87,13.5,0.34,0.058,437,0.543,"Associação entre territórios (zonas eleitorais), não comportamento individual (falácia ecológica)."
d_abst,Norte,região,fundamental (até médio incompleto),1.88,0.59,3.2,0.71,0.0087,437,0.543,"Associação entre territórios (zonas eleitorais), não comportamento individual (falácia ecológica)."
d_abst,Norte,região,superior completo,0.46,0.27,6.0,0.64,0.4714,437,0.543,"Associação entre territórios (zonas eleitorais), não comportamento individual (falácia ecológica)."
d_abst,Norte,região,mulheres,-6.3,-1.31,2.1,1.16,0.0,437,0.543,"Associação entre territórios (zonas eleitorais), não comportamento individual (falácia ecológica)."
d_abst,Sudeste,região,16–24 anos,-0.86,-0.14,1.6,1.43,0.5472,1875,0.376,"Associação entre territórios (zonas eleitorais), não comportamento individual (falácia ecológica)."
d_abst,Sudeste,região,25–34 anos,1.79,0.38,2.1,1.49,0.2303,1875,0.376,"Associação entre territórios (zonas eleitorais), não comportamento individual (falácia ecológica)."
d_abst,Sudeste,região,45–59 anos,0.77,0.09,1.1,1.21,0.5257,1875,0.376,"Associação entre territórios (zonas eleitorais), não comportamento individual (falácia ecológica)."
d_abst,Sudeste,região,60–69 anos,-4.97,-0.79,1.6,1.43,0.0005,1875,0.376,"Associação entre territórios (zonas eleitorais), não comportamento individual (falácia ecológica)."
d_abst,Sudeste,região,70+ anos,2.81,1.04,3.7,1.02,0.0061,1875,0.376,"Associação entre territórios (zonas eleitorais), não comportamento individual (falácia ecológica)."
d_abst,Sudeste,região,sem fundamental completo,-0.78,-0.8,10.3,0.24,0.0012,1875,0.376,"Associação entre territórios (zonas eleitorais), não comportamento individual (falácia ecológica)."
d_abst,Sudeste,região,fundamental (até médio incompleto),1.54,0.8,5.2,0.4,0.0001,1875,0.376,"Associação entre territórios (zonas eleitorais), não comportamento individual (falácia ecológica)."
d_abst,Sudeste,região,superior completo,-0.34,-0.29,8.5,0.37,0.3559,1875,0.376,"Associação entre territórios (zonas eleitorais), não comportamento individual (falácia ecológica)."
d_abst,Sudeste,região,mulheres,0.49,0.08,1.5,0.79,0.5347,1875,0.376,"Associação entre territórios (zonas eleitorais), não comportamento individual (falácia ecológica)."
d_abst,Sul,região,16–24 anos,0.62,0.1,1.5,0.88,0.4784,1227,0.156,"Associação entre territórios (zonas eleitorais), não comportamento individual (falácia ecológica)."
d_abst,Sul,região,25–34 anos,2.64,0.49,1.9,1.06,0.0126,1227,0.156,"Associação entre territórios (zonas eleitorais), não comportamento individual (falácia ecológica)."
d_abst,Sul,região,45–59 anos,-0.15,-0.02,1.1,0.93,0.8729,1227,0.156,"Associação entre territórios (zonas eleitorais), não comportamento individual (falácia ecológica)."
d_abst,Sul,região,60–69 anos,0.03,0.0,1.6,0.9,0.9761,1227,0.156,"Associação entre territórios (zonas eleitorais), não comportamento individual (falácia ecológica)."
d_abst,Sul,região,70+ anos,1.03,0.33,3.2,0.79,0.1888,1227,0.156,"Associação entre territórios (zonas eleitorais), não comportamento individual (falácia ecológica)."
d_abst,Sul,região,sem fundamental completo,-0.2,-0.2,10.3,0.18,0.2799,1227,0.156,"Associação entre territórios (zonas eleitorais), não comportamento individual (falácia ecológica)."
d_abst,Sul,região,fundamental (até médio incompleto),-0.72,-0.32,4.4,0.3,0.0158,1227,0.156,"Associação entre territórios (zonas eleitorais), não comportamento individual (falácia ecológica)."
d_abst,Sul,região,superior completo,-0.29,-0.23,7.9,0.32,0.3741,1227,0.156,"Associação entre territórios (zonas eleitorais), não comportamento individual (falácia ecológica)."
d_abst,Sul,região,mulheres,-0.63,-0.1,1.6,0.61,0.2982,1227,0.156,"Associação entre territórios (zonas eleitorais), não comportamento individual (falácia ecológica)."
d_abst,AL,UF,16–24 anos,-2.38,-0.56,2.3,2.13,0.262,99,0.5,"Associação entre territórios (zonas eleitorais), não comportamento individual (falácia ecológica)."
d_abst,AL,UF,25–34 anos,-6.72,-1.02,1.5,2.7,0.013,99,0.5,"Associação entre territórios (zonas eleitorais), não comportamento individual (falácia ecológica)."
d_abst,AL,UF,45–59 anos,-3.68,-0.66,1.8,2.67,0.1678,99,0.5,"Associação entre territórios (zonas eleitorais), não comportamento individual (falácia ecológica)."
d_abst,AL,UF,60–69 anos,-5.52,-0.66,1.2,3.71,0.1366,99,0.5,"Associação entre territórios (zonas eleitorais), não comportamento individual (falácia ecológica)."
d_abst,AL,UF,70+ anos,-4.28,-0.62,1.5,2.33,0.0657,99,0.5,"Associação entre territórios (zonas eleitorais), não comportamento individual (falácia ecológica)."
d_abst,AL,UF,sem fundamental completo,-0.17,-0.21,12.4,0.52,0.747,99,0.5,"Associação entre territórios (zonas eleitorais), não comportamento individual (falácia ecológica)."
d_abst,AL,UF,fundamental (até médio incompleto),-0.6,-0.17,2.8,0.96,0.5296,99,0.5,"Associação entre territórios (zonas eleitorais), não comportamento individual (falácia ecológica)."
d_abst,AL,UF,superior completo,0.61,0.38,6.1,0.62,0.321,99,0.5,"Associação entre territórios (zonas eleitorais), não comportamento individual (falácia ecológica)."
d_abst,AL,UF,mulheres,-0.36,-0.06,1.8,1.77,0.8388,99,0.5,"Associação entre territórios (zonas eleitorais), não comportamento individual (falácia ecológica)."
d_abst,AM,UF,16–24 anos,5.32,1.94,3.6,3.86,0.1681,66,0.717,"Associação entre territórios (zonas eleitorais), não comportamento individual (falácia ecológica)."
d_abst,AM,UF,25–34 anos,2.99,0.62,2.1,3.11,0.3355,66,0.717,"Associação entre territórios (zonas eleitorais), não comportamento individual (falácia ecológica)."
d_abst,AM,UF,45–59 anos,9.38,2.69,2.9,4.31,0.0295,66,0.717,"Associação entre territórios (zonas eleitorais), não comportamento individual (falácia ecológica)."
d_abst,AM,UF,60–69 anos,5.24,0.87,1.7,4.13,0.2042,66,0.717,"Associação entre territórios (zonas eleitorais), não comportamento individual (falácia ecológica)."
d_abst,AM,UF,70+ anos,2.95,0.47,1.6,5.75,0.6076,66,0.717,"Associação entre territórios (zonas eleitorais), não comportamento individual (falácia ecológica)."
d_abst,AM,UF,sem fundamental completo,-0.37,-0.46,12.5,0.61,0.549,66,0.717,"Associação entre territórios (zonas eleitorais), não comportamento individual (falácia ecológica)."
d_abst,AM,UF,fundamental (até médio incompleto),1.52,0.58,3.8,1.39,0.2752,66,0.717,"Associação entre territórios (zonas eleitorais), não comportamento individual (falácia ecológica)."
d_abst,AM,UF,superior completo,0.51,0.34,6.8,0.99,0.6083,66,0.717,"Associação entre territórios (zonas eleitorais), não comportamento individual (falácia ecológica)."
d_abst,AM,UF,mulheres,-4.86,-0.95,2.0,2.86,0.0893,66,0.717,"Associação entre territórios (zonas eleitorais), não comportamento individual (falácia ecológica)."
d_abst,BA,UF,16–24 anos,-10.43,-2.12,2.0,1.73,0.0,448,0.588,"Associação entre territórios (zonas eleitorais), não comportamento individual (falácia ecológica)."
d_abst,BA,UF,25–34 anos,-4.35,-0.68,1.6,2.55,0.0875,448,0.588,"Associação entre territórios (zonas eleitorais), não comportamento individual (falácia ecológica)."
d_abst,BA,UF,45–59 anos,-3.67,-0.66,1.8,2.13,0.0849,448,0.588,"Associação entre territórios (zonas eleitorais), não comportamento individual (falácia ecológica)."
d_abst,BA,UF,60–69 anos,-12.35,-1.76,1.4,2.46,0.0,448,0.588,"Associação entre territórios (zonas eleitorais), não comportamento individual (falácia ecológica)."
d_abst,BA,UF,70+ anos,0.66,0.14,2.1,1.91,0.7289,448,0.588,"Associação entre territórios (zonas eleitorais), não comportamento individual (falácia ecológica)."
d_abst,BA,UF,sem fundamental completo,-1.18,-1.59,13.4,0.39,0.0024,448,0.588,"Associação entre territórios (zonas eleitorais), não comportamento individual (falácia ecológica)."
d_abst,BA,UF,fundamental (até médio incompleto),1.12,0.3,2.7,0.95,0.2369,448,0.588,"Associação entre territórios (zonas eleitorais), não comportamento individual (falácia ecológica)."
d_abst,BA,UF,superior completo,-0.8,-0.56,7.0,0.48,0.0982,448,0.588,"Associação entre territórios (zonas eleitorais), não comportamento individual (falácia ecológica)."
d_abst,BA,UF,mulheres,1.4,0.29,2.1,1.46,0.3369,448,0.588,"Associação entre territórios (zonas eleitorais), não comportamento individual (falácia ecológica)."
d_abst,CE,UF,16–24 anos,-6.86,-1.27,1.9,3.48,0.0485,201,0.437,"Associação entre territórios (zonas eleitorais), não comportamento individual (falácia ecológica)."
d_abst,CE,UF,25–34 anos,1.57,0.3,1.9,3.38,0.6429,201,0.437,"Associação entre territórios (zonas eleitorais), não comportamento individual (falácia ecológica)."
d_abst,CE,UF,45–59 anos,1.33,0.18,1.3,3.34,0.6903,201,0.437,"Associação entre territórios (zonas eleitorais), não comportamento individual (falácia ecológica)."
d_abst,CE,UF,60–69 anos,-11.32,-1.67,1.5,2.73,0.0,201,0.437,"Associação entre territórios (zonas eleitorais), não comportamento individual (falácia ecológica)."
d_abst,CE,UF,70+ anos,1.53,0.36,2.4,2.51,0.5412,201,0.437,"Associação entre territórios (zonas eleitorais), não comportamento individual (falácia ecológica)."
d_abst,CE,UF,sem fundamental completo,-0.81,-0.9,11.1,0.42,0.0559,201,0.437,"Associação entre territórios (zonas eleitorais), não comportamento individual (falácia ecológica)."
d_abst,CE,UF,fundamental (até médio incompleto),1.67,0.51,3.0,1.11,0.1306,201,0.437,"Associação entre territórios (zonas eleitorais), não comportamento individual (falácia ecológica)."
d_abst,CE,UF,superior completo,-0.16,-0.11,7.1,0.76,0.832,201,0.437,"Associação entre territórios (zonas eleitorais), não comportamento individual (falácia ecológica)."
d_abst,CE,UF,mulheres,2.52,0.44,1.8,1.94,0.1937,201,0.437,"Associação entre territórios (zonas eleitorais), não comportamento individual (falácia ecológica)."
d_abst,ES,UF,16–24 anos,-3.88,-0.48,1.2,3.92,0.3221,85,0.388,"Associação entre territórios (zonas eleitorais), não comportamento individual (falácia ecológica)."
d_abst,ES,UF,25–34 anos,-1.34,-0.18,1.3,4.84,0.781,85,0.388,"Associação entre territórios (zonas eleitorais), não comportamento individual (falácia ecológica)."
d_abst,ES,UF,45–59 anos,-5.45,-0.35,0.6,6.72,0.4169,85,0.388,"Associação entre territórios (zonas eleitorais), não comportamento individual (falácia ecológica)."
d_abst,ES,UF,60–69 anos,-7.16,-0.96,1.3,3.94,0.0694,85,0.388,"Associação entre territórios (zonas eleitorais), não comportamento individual (falácia ecológica)."
d_abst,ES,UF,70+ anos,2.01,0.39,2.0,4.11,0.6257,85,0.388,"Associação entre territórios (zonas eleitorais), não comportamento individual (falácia ecológica)."
d_abst,ES,UF,sem fundamental completo,-1.79,-2.09,11.7,0.72,0.0125,85,0.388,"Associação entre territórios (zonas eleitorais), não comportamento individual (falácia ecológica)."
d_abst,ES,UF,fundamental (até médio incompleto),-0.15,-0.08,5.5,1.09,0.8902,85,0.388,"Associação entre territórios (zonas eleitorais), não comportamento individual (falácia ecológica)."
d_abst,ES,UF,superior completo,-0.9,-0.89,9.9,0.72,0.2112,85,0.388,"Associação entre territórios (zonas eleitorais), não comportamento individual (falácia ecológica)."
d_abst,ES,UF,mulheres,-8.42,-1.26,1.5,3.03,0.0054,85,0.388,"Associação entre territórios (zonas eleitorais), não comportamento individual (falácia ecológica)."
d_abst,GO,UF,16–24 anos,3.53,0.72,2.0,1.11,0.0014,226,0.249,"Associação entre territórios (zonas eleitorais), não comportamento individual (falácia ecológica)."
d_abst,GO,UF,25–34 anos,2.21,0.44,2.0,1.8,0.2187,226,0.249,"Associação entre territórios (zonas eleitorais), não comportamento individual (falácia ecológica)."
d_abst,GO,UF,45–59 anos,-0.18,-0.02,0.9,1.13,0.8711,226,0.249,"Associação entre territórios (zonas eleitorais), não comportamento individual (falácia ecológica)."
d_abst,GO,UF,60–69 anos,3.15,0.59,1.9,1.67,0.059,226,0.249,"Associação entre territórios (zonas eleitorais), não comportamento individual (falácia ecológica)."
d_abst,GO,UF,70+ anos,0.28,0.08,2.7,1.34,0.833,226,0.249,"Associação entre territórios (zonas eleitorais), não comportamento individual (falácia ecológica)."
d_abst,GO,UF,sem fundamental completo,-0.69,-0.64,9.2,0.34,0.0408,226,0.249,"Associação entre territórios (zonas eleitorais), não comportamento individual (falácia ecológica)."
d_abst,GO,UF,fundamental (até médio incompleto),-0.61,-0.2,3.3,0.61,0.3113,226,0.249,"Associação entre territórios (zonas eleitorais), não comportamento individual (falácia ecológica)."
d_abst,GO,UF,superior completo,-0.08,-0.06,7.2,0.45,0.8529,226,0.249,"Associação entre territórios (zonas eleitorais), não comportamento individual (falácia ecológica)."
d_abst,GO,UF,mulheres,-0.54,-0.1,1.8,1.06,0.6091,226,0.249,"Associação entre territórios (zonas eleitorais), não comportamento individual (falácia ecológica)."
d_abst,MA,UF,16–24 anos,-6.78,-1.8,2.7,3.21,0.0345,212,0.384,"Associação entre territórios (zonas eleitorais), não comportamento individual (falácia ecológica)."
d_abst,MA,UF,25–34 anos,2.87,0.41,1.4,4.15,0.489,212,0.384,"Associação entre territórios (zonas eleitorais), não comportamento individual (falácia ecológica)."
d_abst,MA,UF,45–59 anos,-9.22,-1.67,1.8,4.41,0.0367,212,0.384,"Associação entre territórios (zonas eleitorais), não comportamento individual (falácia ecológica)."
d_abst,MA,UF,60–69 anos,-4.19,-0.44,1.0,4.46,0.3476,212,0.384,"Associação entre territórios (zonas eleitorais), não comportamento individual (falácia ecológica)."
d_abst,MA,UF,70+ anos,4.31,0.62,1.4,3.12,0.1676,212,0.384,"Associação entre territórios (zonas eleitorais), não comportamento individual (falácia ecológica)."
d_abst,MA,UF,sem fundamental completo,0.94,1.24,13.1,0.52,0.0709,212,0.384,"Associação entre territórios (zonas eleitorais), não comportamento individual (falácia ecológica)."
d_abst,MA,UF,fundamental (até médio incompleto),5.04,1.36,2.7,1.3,0.0001,212,0.384,"Associação entre territórios (zonas eleitorais), não comportamento individual (falácia ecológica)."
d_abst,MA,UF,superior completo,2.2,1.04,4.7,0.98,0.0242,212,0.384,"Associação entre territórios (zonas eleitorais), não comportamento individual (falácia ecológica)."
d_abst,MA,UF,mulheres,3.18,0.65,2.0,1.86,0.0874,212,0.384,"Associação entre territórios (zonas eleitorais), não comportamento individual (falácia ecológica)."
d_abst,MG,UF,16–24 anos,-6.1,-0.98,1.6,2.1,0.0036,881,0.34,"Associação entre territórios (zonas eleitorais), não comportamento individual (falácia ecológica)."
d_abst,MG,UF,25–34 anos,-1.51,-0.26,1.7,1.69,0.3729,881,0.34,"Associação entre territórios (zonas eleitorais), não comportamento individual (falácia ecológica)."
d_abst,MG,UF,45–59 anos,-1.51,-0.19,1.3,1.77,0.3921,881,0.34,"Associação entre territórios (zonas eleitorais), não comportamento individual (falácia ecológica)."
d_abst,MG,UF,60–69 anos,-4.18,-0.64,1.5,2.1,0.0468,881,0.34,"Associação entre territórios (zonas eleitorais), não comportamento individual (falácia ecológica)."
d_abst,MG,UF,70+ anos,-0.34,-0.1,2.9,1.33,0.8015,881,0.34,"Associação entre territórios (zonas eleitorais), não comportamento individual (falácia ecológica)."
d_abst,MG,UF,sem fundamental completo,-1.3,-1.48,11.4,0.34,0.0001,881,0.34,"Associação entre territórios (zonas eleitorais), não comportamento individual (falácia ecológica)."
d_abst,MG,UF,fundamental (até médio incompleto),2.05,0.74,3.6,0.36,0.0,881,0.34,"Associação entre territórios (zonas eleitorais), não comportamento individual (falácia ecológica)."
d_abst,MG,UF,superior completo,-0.9,-0.61,6.8,0.52,0.0845,881,0.34,"Associação entre territórios (zonas eleitorais), não comportamento individual (falácia ecológica)."
d_abst,MG,UF,mulheres,-2.98,-0.54,1.8,1.29,0.0209,881,0.34,"Associação entre territórios (zonas eleitorais), não comportamento individual (falácia ecológica)."
d_abst,MS,UF,16–24 anos,-3.46,-0.57,1.7,3.6,0.3361,87,0.238,"Associação entre territórios (zonas eleitorais), não comportamento individual (falácia ecológica)."
d_abst,MS,UF,25–34 anos,-8.67,-1.4,1.6,4.7,0.0652,87,0.238,"Associação entre territórios (zonas eleitorais), não comportamento individual (falácia ecológica)."
d_abst,MS,UF,45–59 anos,-5.96,-0.72,1.2,5.01,0.2348,87,0.238,"Associação entre territórios (zonas eleitorais), não comportamento individual (falácia ecológica)."
d_abst,MS,UF,60–69 anos,-6.38,-0.81,1.3,4.85,0.1888,87,0.238,"Associação entre territórios (zonas eleitorais), não comportamento individual (falácia ecológica)."
d_abst,MS,UF,70+ anos,-1.53,-0.3,1.9,3.48,0.6598,87,0.238,"Associação entre territórios (zonas eleitorais), não comportamento individual (falácia ecológica)."
d_abst,MS,UF,sem fundamental completo,2.04,2.38,11.7,0.62,0.001,87,0.238,"Associação entre territórios (zonas eleitorais), não comportamento individual (falácia ecológica)."
d_abst,MS,UF,fundamental (até médio incompleto),3.05,0.89,2.9,1.82,0.0929,87,0.238,"Associação entre territórios (zonas eleitorais), não comportamento individual (falácia ecológica)."
d_abst,MS,UF,superior completo,1.35,1.0,7.4,0.79,0.087,87,0.238,"Associação entre territórios (zonas eleitorais), não comportamento individual (falácia ecológica)."
d_abst,MS,UF,mulheres,-2.62,-0.44,1.7,2.58,0.3103,87,0.238,"Associação entre territórios (zonas eleitorais), não comportamento individual (falácia ecológica)."
d_abst,MT,UF,16–24 anos,3.09,0.38,1.2,3.05,0.3109,126,0.661,"Associação entre territórios (zonas eleitorais), não comportamento individual (falácia ecológica)."
d_abst,MT,UF,25–34 anos,-4.77,-0.88,1.8,3.5,0.1735,126,0.661,"Associação entre territórios (zonas eleitorais), não comportamento individual (falácia ecológica)."
d_abst,MT,UF,45–59 anos,-1.83,-0.21,1.2,2.87,0.5232,126,0.661,"Associação entre territórios (zonas eleitorais), não comportamento individual (falácia ecológica)."
d_abst,MT,UF,60–69 anos,-2.5,-0.4,1.6,2.57,0.332,126,0.661,"Associação entre territórios (zonas eleitorais), não comportamento individual (falácia ecológica)."
d_abst,MT,UF,70+ anos,2.88,0.67,2.3,2.58,0.2638,126,0.661,"Associação entre territórios (zonas eleitorais), não comportamento individual (falácia ecológica)."
d_abst,MT,UF,sem fundamental completo,-1.35,-1.33,9.8,0.71,0.056,126,0.661,"Associação entre territórios (zonas eleitorais), não comportamento individual (falácia ecológica)."
d_abst,MT,UF,fundamental (até médio incompleto),2.22,0.59,2.7,1.32,0.0926,126,0.661,"Associação entre territórios (zonas eleitorais), não comportamento individual (falácia ecológica)."
d_abst,MT,UF,superior completo,-0.41,-0.27,6.5,1.08,0.7014,126,0.661,"Associação entre territórios (zonas eleitorais), não comportamento individual (falácia ecológica)."
d_abst,MT,UF,mulheres,-5.75,-1.32,2.3,1.89,0.0023,126,0.661,"Associação entre territórios (zonas eleitorais), não comportamento individual (falácia ecológica)."
d_abst,PA,UF,16–24 anos,-2.87,-0.88,3.1,1.84,0.1177,151,0.451,"Associação entre territórios (zonas eleitorais), não comportamento individual (falácia ecológica)."
d_abst,PA,UF,25–34 anos,4.45,1.0,2.2,3.23,0.1686,151,0.451,"Associação entre territórios (zonas eleitorais), não comportamento individual (falácia ecológica)."
d_abst,PA,UF,45–59 anos,3.58,0.77,2.1,2.91,0.2179,151,0.451,"Associação entre territórios (zonas eleitorais), não comportamento individual (falácia ecológica)."
d_abst,PA,UF,60–69 anos,-8.94,-1.77,2.0,3.67,0.0148,151,0.451,"Associação entre territórios (zonas eleitorais), não comportamento individual (falácia ecológica)."
d_abst,PA,UF,70+ anos,10.22,2.17,2.1,2.28,0.0,151,0.451,"Associação entre territórios (zonas eleitorais), não comportamento individual (falácia ecológica)."
d_abst,PA,UF,sem fundamental completo,-0.72,-0.97,13.6,0.48,0.1352,151,0.451,"Associação entre territórios (zonas eleitorais), não comportamento individual (falácia ecológica)."
d_abst,PA,UF,fundamental (até médio incompleto),2.67,0.83,3.1,1.07,0.0127,151,0.451,"Associação entre territórios (zonas eleitorais), não comportamento individual (falácia ecológica)."
d_abst,PA,UF,superior completo,1.02,0.62,6.1,0.81,0.2042,151,0.451,"Associação entre territórios (zonas eleitorais), não comportamento individual (falácia ecológica)."
d_abst,PA,UF,mulheres,-6.76,-1.37,2.0,2.1,0.0013,151,0.451,"Associação entre territórios (zonas eleitorais), não comportamento individual (falácia ecológica)."
d_abst,PB,UF,16–24 anos,-1.53,-0.26,1.7,1.24,0.2172,224,0.391,"Associação entre territórios (zonas eleitorais), não comportamento individual (falácia ecológica)."
d_abst,PB,UF,25–34 anos,-0.05,-0.01,1.4,1.57,0.9724,224,0.391,"Associação entre territórios (zonas eleitorais), não comportamento individual (falácia ecológica)."
d_abst,PB,UF,45–59 anos,1.03,0.14,1.3,1.26,0.4125,224,0.391,"Associação entre territórios (zonas eleitorais), não comportamento individual (falácia ecológica)."
d_abst,PB,UF,60–69 anos,2.25,0.25,1.1,1.69,0.1827,224,0.391,"Associação entre territórios (zonas eleitorais), não comportamento individual (falácia ecológica)."
d_abst,PB,UF,70+ anos,-2.89,-0.51,1.8,1.16,0.0128,224,0.391,"Associação entre territórios (zonas eleitorais), não comportamento individual (falácia ecológica)."
d_abst,PB,UF,sem fundamental completo,-0.11,-0.15,14.0,0.19,0.571,224,0.391,"Associação entre territórios (zonas eleitorais), não comportamento individual (falácia ecológica)."
d_abst,PB,UF,fundamental (até médio incompleto),-0.77,-0.23,3.0,0.48,0.1082,224,0.391,"Associação entre territórios (zonas eleitorais), não comportamento individual (falácia ecológica)."
d_abst,PB,UF,superior completo,0.12,0.1,8.5,0.22,0.5773,224,0.391,"Associação entre territórios (zonas eleitorais), não comportamento individual (falácia ecológica)."
d_abst,PB,UF,mulheres,-0.23,-0.04,1.9,0.89,0.7994,224,0.391,"Associação entre territórios (zonas eleitorais), não comportamento individual (falácia ecológica)."
d_abst,PE,UF,16–24 anos,-5.57,-1.23,2.2,2.29,0.015,209,0.445,"Associação entre territórios (zonas eleitorais), não comportamento individual (falácia ecológica)."
d_abst,PE,UF,25–34 anos,0.12,0.02,1.6,2.71,0.966,209,0.445,"Associação entre territórios (zonas eleitorais), não comportamento individual (falácia ecológica)."
d_abst,PE,UF,45–59 anos,0.75,0.14,1.8,2.05,0.7131,209,0.445,"Associação entre territórios (zonas eleitorais), não comportamento individual (falácia ecológica)."
d_abst,PE,UF,60–69 anos,-7.41,-1.21,1.6,2.44,0.0024,209,0.445,"Associação entre territórios (zonas eleitorais), não comportamento individual (falácia ecológica)."
d_abst,PE,UF,70+ anos,2.17,0.47,2.1,1.69,0.2003,209,0.445,"Associação entre territórios (zonas eleitorais), não comportamento individual (falácia ecológica)."
d_abst,PE,UF,sem fundamental completo,-1.15,-1.48,12.9,0.28,0.0,209,0.445,"Associação entre territórios (zonas eleitorais), não comportamento individual (falácia ecológica)."
d_abst,PE,UF,fundamental (até médio incompleto),1.69,0.47,2.8,0.69,0.0147,209,0.445,"Associação entre territórios (zonas eleitorais), não comportamento individual (falácia ecológica)."
d_abst,PE,UF,superior completo,-0.36,-0.24,6.8,0.34,0.2936,209,0.445,"Associação entre territórios (zonas eleitorais), não comportamento individual (falácia ecológica)."
d_abst,PE,UF,mulheres,-1.22,-0.19,1.5,1.59,0.4429,209,0.445,"Associação entre territórios (zonas eleitorais), não comportamento individual (falácia ecológica)."
d_abst,PI,UF,16–24 anos,2.09,0.38,1.8,1.26,0.0967,215,0.145,"Associação entre territórios (zonas eleitorais), não comportamento individual (falácia ecológica)."
d_abst,PI,UF,25–34 anos,1.08,0.13,1.2,1.4,0.4405,215,0.145,"Associação entre territórios (zonas eleitorais), não comportamento individual (falácia ecológica)."
d_abst,PI,UF,45–59 anos,2.29,0.34,1.5,1.2,0.0561,215,0.145,"Associação entre territórios (zonas eleitorais), não comportamento individual (falácia ecológica)."
d_abst,PI,UF,60–69 anos,1.06,0.11,1.0,1.61,0.5099,215,0.145,"Associação entre territórios (zonas eleitorais), não comportamento individual (falácia ecológica)."
d_abst,PI,UF,70+ anos,1.12,0.17,1.5,1.01,0.2669,215,0.145,"Associação entre territórios (zonas eleitorais), não comportamento individual (falácia ecológica)."
d_abst,PI,UF,sem fundamental completo,-0.41,-0.54,13.2,0.21,0.0522,215,0.145,"Associação entre territórios (zonas eleitorais), não comportamento individual (falácia ecológica)."
d_abst,PI,UF,fundamental (até médio incompleto),-1.29,-0.25,1.9,0.57,0.0248,215,0.145,"Associação entre territórios (zonas eleitorais), não comportamento individual (falácia ecológica)."
d_abst,PI,UF,superior completo,0.14,0.06,4.1,0.35,0.6928,215,0.145,"Associação entre territórios (zonas eleitorais), não comportamento individual (falácia ecológica)."
d_abst,PI,UF,mulheres,-3.48,-0.78,2.2,0.82,0.0,215,0.145,"Associação entre territórios (zonas eleitorais), não comportamento individual (falácia ecológica)."
d_abst,PR,UF,16–24 anos,0.25,0.04,1.5,1.63,0.8788,412,0.124,"Associação entre territórios (zonas eleitorais), não comportamento individual (falácia ecológica)."
d_abst,PR,UF,25–34 anos,-0.87,-0.16,1.8,1.77,0.6236,412,0.124,"Associação entre territórios (zonas eleitorais), não comportamento individual (falácia ecológica)."
d_abst,PR,UF,45–59 anos,-1.64,-0.15,0.9,1.73,0.3406,412,0.124,"Associação entre territórios (zonas eleitorais), não comportamento individual (falácia ecológica)."
d_abst,PR,UF,60–69 anos,-6.58,-0.95,1.4,1.88,0.0005,412,0.124,"Associação entre territórios (zonas eleitorais), não comportamento individual (falácia ecológica)."
d_abst,PR,UF,70+ anos,3.45,0.85,2.5,1.69,0.0409,412,0.124,"Associação entre territórios (zonas eleitorais), não comportamento individual (falácia ecológica)."
d_abst,PR,UF,sem fundamental completo,-0.66,-0.69,10.3,0.23,0.0046,412,0.124,"Associação entre territórios (zonas eleitorais), não comportamento individual (falácia ecológica)."
d_abst,PR,UF,fundamental (até médio incompleto),0.4,0.14,3.5,0.62,0.5194,412,0.124,"Associação entre territórios (zonas eleitorais), não comportamento individual (falácia ecológica)."
d_abst,PR,UF,superior completo,-0.51,-0.45,8.8,0.4,0.1961,412,0.124,"Associação entre territórios (zonas eleitorais), não comportamento individual (falácia ecológica)."
d_abst,PR,UF,mulheres,-1.85,-0.28,1.5,0.82,0.0251,412,0.124,"Associação entre territórios (zonas eleitorais), não comportamento individual (falácia ecológica)."
d_abst,RJ,UF,16–24 anos,6.68,1.16,1.7,3.11,0.0317,178,0.479,"Associação entre territórios (zonas eleitorais), não comportamento individual (falácia ecológica)."
d_abst,RJ,UF,25–34 anos,-2.72,-0.69,2.6,4.03,0.5003,178,0.479,"Associação entre territórios (zonas eleitorais), não comportamento individual (falácia ecológica)."
d_abst,RJ,UF,45–59 anos,0.51,0.05,1.1,2.6,0.8454,178,0.479,"Associação entre territórios (zonas eleitorais), não comportamento individual (falácia ecológica)."
d_abst,RJ,UF,60–69 anos,-2.29,-0.32,1.4,3.93,0.5602,178,0.479,"Associação entre territórios (zonas eleitorais), não comportamento individual (falácia ecológica)."
d_abst,RJ,UF,70+ anos,1.94,0.89,4.6,2.64,0.462,178,0.479,"Associação entre territórios (zonas eleitorais), não comportamento individual (falácia ecológica)."
d_abst,RJ,UF,sem fundamental completo,0.62,0.59,9.5,0.45,0.168,178,0.479,"Associação entre territórios (zonas eleitorais), não comportamento individual (falácia ecológica)."
d_abst,RJ,UF,fundamental (até médio incompleto),2.61,1.25,4.8,1.02,0.0107,178,0.479,"Associação entre territórios (zonas eleitorais), não comportamento individual (falácia ecológica)."
d_abst,RJ,UF,superior completo,1.16,1.04,9.0,0.7,0.1002,178,0.479,"Associação entre territórios (zonas eleitorais), não comportamento individual (falácia ecológica)."
d_abst,RJ,UF,mulheres,2.9,0.36,1.2,1.59,0.0683,178,0.479,"Associação entre territórios (zonas eleitorais), não comportamento individual (falácia ecológica)."
d_abst,RN,UF,16–24 anos,0.12,0.02,2.0,1.37,0.9326,167,0.093,"Associação entre territórios (zonas eleitorais), não comportamento individual (falácia ecológica)."
d_abst,RN,UF,25–34 anos,0.8,0.16,1.9,3.23,0.8038,167,0.093,"Associação entre territórios (zonas eleitorais), não comportamento individual (falácia ecológica)."
d_abst,RN,UF,45–59 anos,-1.74,-0.21,1.2,1.69,0.3012,167,0.093,"Associação entre territórios (zonas eleitorais), não comportamento individual (falácia ecológica)."
d_abst,RN,UF,60–69 anos,1.83,0.27,1.5,2.28,0.424,167,0.093,"Associação entre territórios (zonas eleitorais), não comportamento individual (falácia ecológica)."
d_abst,RN,UF,70+ anos,-0.84,-0.19,2.3,1.53,0.5855,167,0.093,"Associação entre territórios (zonas eleitorais), não comportamento individual (falácia ecológica)."
d_abst,RN,UF,sem fundamental completo,-0.39,-0.5,12.7,0.41,0.3436,167,0.093,"Associação entre territórios (zonas eleitorais), não comportamento individual (falácia ecológica)."
d_abst,RN,UF,fundamental (até médio incompleto),0.36,0.11,3.2,1.05,0.7282,167,0.093,"Associação entre territórios (zonas eleitorais), não comportamento individual (falácia ecológica)."
d_abst,RN,UF,superior completo,0.2,0.16,8.0,0.85,0.8179,167,0.093,"Associação entre territórios (zonas eleitorais), não comportamento individual (falácia ecológica)."
d_abst,RN,UF,mulheres,1.15,0.21,1.8,2.03,0.57,167,0.093,"Associação entre territórios (zonas eleitorais), não comportamento individual (falácia ecológica)."
d_abst,RS,UF,16–24 anos,2.83,0.35,1.2,1.34,0.0349,518,0.206,"Associação entre territórios (zonas eleitorais), não comportamento individual (falácia ecológica)."
d_abst,RS,UF,25–34 anos,4.18,0.71,1.7,1.18,0.0004,518,0.206,"Associação entre territórios (zonas eleitorais), não comportamento individual (falácia ecológica)."
d_abst,RS,UF,45–59 anos,0.3,0.03,1.0,1.3,0.8178,518,0.206,"Associação entre territórios (zonas eleitorais), não comportamento individual (falácia ecológica)."
d_abst,RS,UF,60–69 anos,4.15,0.54,1.3,1.11,0.0002,518,0.206,"Associação entre territórios (zonas eleitorais), não comportamento individual (falácia ecológica)."
d_abst,RS,UF,70+ anos,1.7,0.51,3.0,0.87,0.0498,518,0.206,"Associação entre territórios (zonas eleitorais), não comportamento individual (falácia ecológica)."
d_abst,RS,UF,sem fundamental completo,-0.36,-0.35,9.7,0.27,0.1753,518,0.206,"Associação entre territórios (zonas eleitorais), não comportamento individual (falácia ecológica)."
d_abst,RS,UF,fundamental (até médio incompleto),-0.61,-0.24,4.0,0.44,0.1702,518,0.206,"Associação entre territórios (zonas eleitorais), não comportamento individual (falácia ecológica)."
d_abst,RS,UF,superior completo,-0.98,-0.61,6.2,0.47,0.0379,518,0.206,"Associação entre territórios (zonas eleitorais), não comportamento individual (falácia ecológica)."
d_abst,RS,UF,mulheres,-0.96,-0.17,1.7,1.15,0.4066,518,0.206,"Associação entre territórios (zonas eleitorais), não comportamento individual (falácia ecológica)."
d_abst,SC,UF,16–24 anos,-4.03,-0.46,1.2,1.54,0.009,297,0.383,"Associação entre territórios (zonas eleitorais), não comportamento individual (falácia ecológica)."
d_abst,SC,UF,25–34 anos,0.86,0.14,1.6,1.56,0.5783,297,0.383,"Associação entre territórios (zonas eleitorais), não comportamento individual (falácia ecológica)."
d_abst,SC,UF,45–59 anos,0.03,0.0,1.0,1.61,0.9873,297,0.383,"Associação entre territórios (zonas eleitorais), não comportamento individual (falácia ecológica)."
d_abst,SC,UF,60–69 anos,-3.92,-0.58,1.5,1.56,0.0118,297,0.383,"Associação entre territórios (zonas eleitorais), não comportamento individual (falácia ecológica)."
d_abst,SC,UF,70+ anos,1.69,0.39,2.3,1.01,0.0963,297,0.383,"Associação entre territórios (zonas eleitorais), não comportamento individual (falácia ecológica)."
d_abst,SC,UF,sem fundamental completo,0.23,0.23,10.0,0.28,0.4219,297,0.383,"Associação entre territórios (zonas eleitorais), não comportamento individual (falácia ecológica)."
d_abst,SC,UF,fundamental (até médio incompleto),-0.97,-0.42,4.4,0.45,0.0308,297,0.383,"Associação entre territórios (zonas eleitorais), não comportamento individual (falácia ecológica)."
d_abst,SC,UF,superior completo,-0.05,-0.04,8.1,0.32,0.8635,297,0.383,"Associação entre territórios (zonas eleitorais), não comportamento individual (falácia ecológica)."
d_abst,SC,UF,mulheres,-1.45,-0.22,1.5,1.11,0.1905,297,0.383,"Associação entre territórios (zonas eleitorais), não comportamento individual (falácia ecológica)."
d_abst,SE,UF,16–24 anos,0.96,0.2,2.0,2.62,0.7147,75,0.387,"Associação entre territórios (zonas eleitorais), não comportamento individual (falácia ecológica)."
d_abst,SE,UF,25–34 anos,3.61,0.65,1.8,3.89,0.3535,75,0.387,"Associação entre territórios (zonas eleitorais), não comportamento individual (falácia ecológica)."
d_abst,SE,UF,45–59 anos,4.8,0.65,1.3,3.08,0.1186,75,0.387,"Associação entre territórios (zonas eleitorais), não comportamento individual (falácia ecológica)."
d_abst,SE,UF,60–69 anos,0.38,0.05,1.2,3.47,0.9128,75,0.387,"Associação entre territórios (zonas eleitorais), não comportamento individual (falácia ecológica)."
d_abst,SE,UF,70+ anos,1.81,0.38,2.1,2.25,0.4209,75,0.387,"Associação entre territórios (zonas eleitorais), não comportamento individual (falácia ecológica)."
d_abst,SE,UF,sem fundamental completo,-0.23,-0.34,14.7,0.36,0.5241,75,0.387,"Associação entre territórios (zonas eleitorais), não comportamento individual (falácia ecológica)."
d_abst,SE,UF,fundamental (até médio incompleto),0.26,0.09,3.4,1.1,0.8114,75,0.387,"Associação entre territórios (zonas eleitorais), não comportamento individual (falácia ecológica)."
d_abst,SE,UF,superior completo,0.21,0.17,8.1,0.8,0.7927,75,0.387,"Associação entre territórios (zonas eleitorais), não comportamento individual (falácia ecológica)."
d_abst,SE,UF,mulheres,-0.14,-0.02,1.7,1.66,0.9329,75,0.387,"Associação entre territórios (zonas eleitorais), não comportamento individual (falácia ecológica)."
d_abst,SP,UF,16–24 anos,2.41,0.38,1.6,1.5,0.109,731,0.575,"Associação entre territórios (zonas eleitorais), não comportamento individual (falácia ecológica)."
d_abst,SP,UF,25–34 anos,0.88,0.2,2.2,2.06,0.6675,731,0.575,"Associação entre territórios (zonas eleitorais), não comportamento individual (falácia ecológica)."
d_abst,SP,UF,45–59 anos,-1.64,-0.14,0.8,1.87,0.382,731,0.575,"Associação entre territórios (zonas eleitorais), não comportamento individual (falácia ecológica)."
d_abst,SP,UF,60–69 anos,-8.48,-1.43,1.7,1.35,0.0,731,0.575,"Associação entre territórios (zonas eleitorais), não comportamento individual (falácia ecológica)."
d_abst,SP,UF,70+ anos,4.95,1.65,3.3,1.22,0.0001,731,0.575,"Associação entre territórios (zonas eleitorais), não comportamento individual (falácia ecológica)."
d_abst,SP,UF,sem fundamental completo,-1.0,-0.64,6.4,0.29,0.0005,731,0.575,"Associação entre territórios (zonas eleitorais), não comportamento individual (falácia ecológica)."
d_abst,SP,UF,fundamental (até médio incompleto),0.08,0.03,4.0,0.65,0.9025,731,0.575,"Associação entre territórios (zonas eleitorais), não comportamento individual (falácia ecológica)."
d_abst,SP,UF,superior completo,-1.14,-0.96,8.4,0.38,0.0027,731,0.575,"Associação entre territórios (zonas eleitorais), não comportamento individual (falácia ecológica)."
d_abst,SP,UF,mulheres,3.1,0.39,1.3,1.02,0.0025,731,0.575,"Associação entre territórios (zonas eleitorais), não comportamento individual (falácia ecológica)."
d_abst,TO,UF,16–24 anos,-2.7,-0.43,1.6,1.72,0.1159,128,0.071,"Associação entre territórios (zonas eleitorais), não comportamento individual (falácia ecológica)."
d_abst,TO,UF,25–34 anos,-1.93,-0.37,1.9,1.93,0.3188,128,0.071,"Associação entre territórios (zonas eleitorais), não comportamento individual (falácia ecológica)."
d_abst,TO,UF,45–59 anos,-0.91,-0.14,1.5,1.61,0.5709,128,0.071,"Associação entre territórios (zonas eleitorais), não comportamento individual (falácia ecológica)."
d_abst,TO,UF,60–69 anos,-3.33,-0.52,1.6,2.46,0.1761,128,0.071,"Associação entre territórios (zonas eleitorais), não comportamento individual (falácia ecológica)."
d_abst,TO,UF,70+ anos,-0.99,-0.25,2.5,1.34,0.4621,128,0.071,"Associação entre territórios (zonas eleitorais), não comportamento individual (falácia ecológica)."
d_abst,TO,UF,sem fundamental completo,0.41,0.49,12.0,0.49,0.4087,128,0.071,"Associação entre territórios (zonas eleitorais), não comportamento individual (falácia ecológica)."
d_abst,TO,UF,fundamental (até médio incompleto),-0.18,-0.03,1.6,0.82,0.8307,128,0.071,"Associação entre territórios (zonas eleitorais), não comportamento individual (falácia ecológica)."
d_abst,TO,UF,superior completo,0.63,0.31,4.8,0.89,0.4758,128,0.071,"Associação entre territórios (zonas eleitorais), não comportamento individual (falácia ecológica)."
d_abst,TO,UF,mulheres,-0.2,-0.05,2.7,0.82,0.8075,128,0.071,"Associação entre territórios (zonas eleitorais), não comportamento individual (falácia ecológica)."
terceiros26,Brasil,Brasil,16–24 anos,-0.92,-0.26,2.8,0.41,0.0249,5847,0.831,"Associação entre territórios (zonas eleitorais), não comportamento individual (falácia ecológica)."
terceiros26,Brasil,Brasil,25–34 anos,-1.46,-0.34,2.3,0.51,0.0041,5847,0.831,"Associação entre territórios (zonas eleitorais), não comportamento individual (falácia ecológica)."
terceiros26,Brasil,Brasil,45–59 anos,0.83,0.14,1.7,0.54,0.1228,5847,0.831,"Associação entre territórios (zonas eleitorais), não comportamento individual (falácia ecológica)."
terceiros26,Brasil,Brasil,60–69 anos,-1.76,-0.37,2.1,0.47,0.0002,5847,0.831,"Associação entre territórios (zonas eleitorais), não comportamento individual (falácia ecológica)."
terceiros26,Brasil,Brasil,70+ anos,-0.78,-0.27,3.4,0.37,0.0349,5847,0.831,"Associação entre territórios (zonas eleitorais), não comportamento individual (falácia ecológica)."
terceiros26,Brasil,Brasil,sem fundamental completo,-0.46,-0.58,12.6,0.07,0.0,5847,0.831,"Associação entre territórios (zonas eleitorais), não comportamento individual (falácia ecológica)."
terceiros26,Brasil,Brasil,fundamental (até médio incompleto),0.15,0.07,4.4,0.16,0.3472,5847,0.831,"Associação entre territórios (zonas eleitorais), não comportamento individual (falácia ecológica)."
terceiros26,Brasil,Brasil,superior completo,0.06,0.05,8.3,0.15,0.6891,5847,0.831,"Associação entre territórios (zonas eleitorais), não comportamento individual (falácia ecológica)."
terceiros26,Brasil,Brasil,mulheres,-0.31,-0.06,1.8,0.32,0.3288,5847,0.831,"Associação entre territórios (zonas eleitorais), não comportamento individual (falácia ecológica)."
terceiros26,Centro-Oeste,região,16–24 anos,0.83,0.15,1.9,2.12,0.6957,458,0.869,"Associação entre territórios (zonas eleitorais), não comportamento individual (falácia ecológica)."
terceiros26,Centro-Oeste,região,25–34 anos,-0.62,-0.13,2.0,2.79,0.8241,458,0.869,"Associação entre territórios (zonas eleitorais), não comportamento individual (falácia ecológica)."
terceiros26,Centro-Oeste,região,45–59 anos,2.39,0.33,1.4,2.49,0.3378,458,0.869,"Associação entre territórios (zonas eleitorais), não comportamento individual (falácia ecológica)."
terceiros26,Centro-Oeste,região,60–69 anos,3.47,0.59,1.7,2.22,0.1176,458,0.869,"Associação entre territórios (zonas eleitorais), não comportamento individual (falácia ecológica)."
terceiros26,Centro-Oeste,região,70+ anos,-0.96,-0.24,2.5,1.86,0.6074,458,0.869,"Associação entre territórios (zonas eleitorais), não comportamento individual (falácia ecológica)."
terceiros26,Centro-Oeste,região,sem fundamental completo,-0.43,-0.48,11.0,0.22,0.0543,458,0.869,"Associação entre territórios (zonas eleitorais), não comportamento individual (falácia ecológica)."
terceiros26,Centro-Oeste,região,fundamental (até médio incompleto),2.68,1.06,4.0,0.98,0.0061,458,0.869,"Associação entre territórios (zonas eleitorais), não comportamento individual (falácia ecológica)."
terceiros26,Centro-Oeste,região,superior completo,0.42,0.44,10.4,0.36,0.2394,458,0.869,"Associação entre territórios (zonas eleitorais), não comportamento individual (falácia ecológica)."
terceiros26,Centro-Oeste,região,mulheres,-0.24,-0.05,1.9,1.0,0.8075,458,0.869,"Associação entre territórios (zonas eleitorais), não comportamento individual (falácia ecológica)."
terceiros26,Nordeste,região,16–24 anos,-2.05,-0.51,2.5,0.42,0.0,1850,0.789,"Associação entre territórios (zonas eleitorais), não comportamento individual (falácia ecológica)."
terceiros26,Nordeste,região,25–34 anos,-1.0,-0.17,1.8,0.44,0.0221,1850,0.789,"Associação entre territórios (zonas eleitorais), não comportamento individual (falácia ecológica)."
terceiros26,Nordeste,região,45–59 anos,-0.41,-0.08,1.9,0.43,0.35,1850,0.789,"Associação entre territórios (zonas eleitorais), não comportamento individual (falácia ecológica)."
terceiros26,Nordeste,região,60–69 anos,-2.79,-0.42,1.5,0.58,0.0,1850,0.789,"Associação entre territórios (zonas eleitorais), não comportamento individual (falácia ecológica)."
terceiros26,Nordeste,região,70+ anos,-1.08,-0.22,2.1,0.3,0.0004,1850,0.789,"Associação entre territórios (zonas eleitorais), não comportamento individual (falácia ecológica)."
terceiros26,Nordeste,região,sem fundamental completo,-0.4,-0.53,13.1,0.08,0.0,1850,0.789,"Associação entre territórios (zonas eleitorais), não comportamento individual (falácia ecológica)."
terceiros26,Nordeste,região,fundamental (até médio incompleto),-0.32,-0.1,3.1,0.21,0.1204,1850,0.789,"Associação entre territórios (zonas eleitorais), não comportamento individual (falácia ecológica)."
terceiros26,Nordeste,região,superior completo,-0.08,-0.05,6.8,0.15,0.6002,1850,0.789,"Associação entre territórios (zonas eleitorais), não comportamento individual (falácia ecológica)."
terceiros26,Nordeste,região,mulheres,0.92,0.18,2.0,0.3,0.002,1850,0.789,"Associação entre territórios (zonas eleitorais), não comportamento individual (falácia ecológica)."
terceiros26,Norte,região,16–24 anos,-1.05,-0.34,3.2,0.75,0.16,437,0.826,"Associação entre territórios (zonas eleitorais), não comportamento individual (falácia ecológica)."
terceiros26,Norte,região,25–34 anos,-2.02,-0.46,2.3,0.98,0.0389,437,0.826,"Associação entre territórios (zonas eleitorais), não comportamento individual (falácia ecológica)."
terceiros26,Norte,região,45–59 anos,0.62,0.14,2.3,1.07,0.563,437,0.826,"Associação entre territórios (zonas eleitorais), não comportamento individual (falácia ecológica)."
terceiros26,Norte,região,60–69 anos,-2.12,-0.4,1.9,1.16,0.0677,437,0.826,"Associação entre territórios (zonas eleitorais), não comportamento individual (falácia ecológica)."
terceiros26,Norte,região,70+ anos,-0.41,-0.09,2.1,0.85,0.6332,437,0.826,"Associação entre territórios (zonas eleitorais), não comportamento individual (falácia ecológica)."
terceiros26,Norte,região,sem fundamental completo,-0.18,-0.25,13.5,0.19,0.3195,437,0.826,"Associação entre territórios (zonas eleitorais), não comportamento individual (falácia ecológica)."
terceiros26,Norte,região,fundamental (até médio incompleto),0.66,0.21,3.2,0.48,0.1664,437,0.826,"Associação entre territórios (zonas eleitorais), não comportamento individual (falácia ecológica)."
terceiros26,Norte,região,superior completo,0.17,0.1,6.0,0.34,0.6222,437,0.826,"Associação entre territórios (zonas eleitorais), não comportamento individual (falácia ecológica)."
terceiros26,Norte,região,mulheres,0.29,0.06,2.1,0.61,0.6262,437,0.826,"Associação entre territórios (zonas eleitorais), não comportamento individual (falácia ecológica)."
terceiros26,Sudeste,região,16–24 anos,-1.61,-0.26,1.6,0.71,0.0236,1875,0.616,"Associação entre territórios (zonas eleitorais), não comportamento individual (falácia ecológica)."
terceiros26,Sudeste,região,25–34 anos,-1.11,-0.24,2.1,0.86,0.1966,1875,0.616,"Associação entre territórios (zonas eleitorais), não comportamento individual (falácia ecológica)."
terceiros26,Sudeste,região,45–59 anos,1.95,0.22,1.1,0.74,0.0085,1875,0.616,"Associação entre territórios (zonas eleitorais), não comportamento individual (falácia ecológica)."
terceiros26,Sudeste,região,60–69 anos,-2.11,-0.33,1.6,0.66,0.0014,1875,0.616,"Associação entre territórios (zonas eleitorais), não comportamento individual (falácia ecológica)."
terceiros26,Sudeste,região,70+ anos,-0.92,-0.34,3.7,0.54,0.0885,1875,0.616,"Associação entre territórios (zonas eleitorais), não comportamento individual (falácia ecológica)."
terceiros26,Sudeste,região,sem fundamental completo,-0.49,-0.5,10.3,0.15,0.0016,1875,0.616,"Associação entre territórios (zonas eleitorais), não comportamento individual (falácia ecológica)."
terceiros26,Sudeste,região,fundamental (até médio incompleto),0.85,0.44,5.2,0.23,0.0002,1875,0.616,"Associação entre territórios (zonas eleitorais), não comportamento individual (falácia ecológica)."
terceiros26,Sudeste,região,superior completo,0.55,0.47,8.5,0.21,0.0093,1875,0.616,"Associação entre territórios (zonas eleitorais), não comportamento individual (falácia ecológica)."
terceiros26,Sudeste,região,mulheres,0.23,0.04,1.5,0.58,0.688,1875,0.616,"Associação entre territórios (zonas eleitorais), não comportamento individual (falácia ecológica)."
terceiros26,Sul,região,16–24 anos,-0.57,-0.09,1.5,0.78,0.4677,1227,0.644,"Associação entre territórios (zonas eleitorais), não comportamento individual (falácia ecológica)."
terceiros26,Sul,região,25–34 anos,-2.44,-0.46,1.9,1.1,0.0268,1227,0.644,"Associação entre territórios (zonas eleitorais), não comportamento individual (falácia ecológica)."
terceiros26,Sul,região,45–59 anos,-0.4,-0.04,1.1,0.9,0.6543,1227,0.644,"Associação entre territórios (zonas eleitorais), não comportamento individual (falácia ecológica)."
terceiros26,Sul,região,60–69 anos,-0.85,-0.13,1.6,0.82,0.2977,1227,0.644,"Associação entre territórios (zonas eleitorais), não comportamento individual (falácia ecológica)."
terceiros26,Sul,região,70+ anos,-1.22,-0.39,3.2,0.82,0.1369,1227,0.644,"Associação entre territórios (zonas eleitorais), não comportamento individual (falácia ecológica)."
terceiros26,Sul,região,sem fundamental completo,-0.8,-0.83,10.3,0.2,0.0001,1227,0.644,"Associação entre territórios (zonas eleitorais), não comportamento individual (falácia ecológica)."
terceiros26,Sul,região,fundamental (até médio incompleto),-1.19,-0.52,4.4,0.35,0.0008,1227,0.644,"Associação entre territórios (zonas eleitorais), não comportamento individual (falácia ecológica)."
terceiros26,Sul,região,superior completo,-0.96,-0.76,7.9,0.34,0.0043,1227,0.644,"Associação entre territórios (zonas eleitorais), não comportamento individual (falácia ecológica)."
terceiros26,Sul,região,mulheres,-3.56,-0.58,1.6,0.67,0.0,1227,0.644,"Associação entre territórios (zonas eleitorais), não comportamento individual (falácia ecológica)."
terceiros26,AL,UF,16–24 anos,-1.33,-0.31,2.3,1.06,0.2089,99,0.875,"Associação entre territórios (zonas eleitorais), não comportamento individual (falácia ecológica)."
terceiros26,AL,UF,25–34 anos,-0.89,-0.13,1.5,1.4,0.5282,99,0.875,"Associação entre territórios (zonas eleitorais), não comportamento individual (falácia ecológica)."
terceiros26,AL,UF,45–59 anos,-1.84,-0.33,1.8,1.3,0.155,99,0.875,"Associação entre territórios (zonas eleitorais), não comportamento individual (falácia ecológica)."
terceiros26,AL,UF,60–69 anos,-0.26,-0.03,1.2,1.66,0.8753,99,0.875,"Associação entre territórios (zonas eleitorais), não comportamento individual (falácia ecológica)."
terceiros26,AL,UF,70+ anos,-2.0,-0.29,1.5,1.07,0.0614,99,0.875,"Associação entre territórios (zonas eleitorais), não comportamento individual (falácia ecológica)."
terceiros26,AL,UF,sem fundamental completo,-0.94,-1.16,12.4,0.17,0.0,99,0.875,"Associação entre territórios (zonas eleitorais), não comportamento individual (falácia ecológica)."
terceiros26,AL,UF,fundamental (até médio incompleto),-0.89,-0.25,2.8,0.39,0.0241,99,0.875,"Associação entre territórios (zonas eleitorais), não comportamento individual (falácia ecológica)."
terceiros26,AL,UF,superior completo,-0.77,-0.48,6.1,0.28,0.0066,99,0.875,"Associação entre territórios (zonas eleitorais), não comportamento individual (falácia ecológica)."
terceiros26,AL,UF,mulheres,0.5,0.09,1.8,0.82,0.5441,99,0.875,"Associação entre territórios (zonas eleitorais), não comportamento individual (falácia ecológica)."
terceiros26,AM,UF,16–24 anos,-0.85,-0.31,3.6,1.51,0.5723,66,0.911,"Associação entre territórios (zonas eleitorais), não comportamento individual (falácia ecológica)."
terceiros26,AM,UF,25–34 anos,-1.1,-0.23,2.1,2.02,0.5853,66,0.911,"Associação entre territórios (zonas eleitorais), não comportamento individual (falácia ecológica)."
terceiros26,AM,UF,45–59 anos,1.07,0.31,2.9,2.38,0.6535,66,0.911,"Associação entre territórios (zonas eleitorais), não comportamento individual (falácia ecológica)."
terceiros26,AM,UF,60–69 anos,2.4,0.4,1.7,1.68,0.153,66,0.911,"Associação entre territórios (zonas eleitorais), não comportamento individual (falácia ecológica)."
terceiros26,AM,UF,70+ anos,-6.0,-0.96,1.6,1.67,0.0003,66,0.911,"Associação entre territórios (zonas eleitorais), não comportamento individual (falácia ecológica)."
terceiros26,AM,UF,sem fundamental completo,0.46,0.58,12.5,0.21,0.0282,66,0.911,"Associação entre territórios (zonas eleitorais), não comportamento individual (falácia ecológica)."
terceiros26,AM,UF,fundamental (até médio incompleto),-0.35,-0.13,3.8,0.39,0.3724,66,0.911,"Associação entre territórios (zonas eleitorais), não comportamento individual (falácia ecológica)."
terceiros26,AM,UF,superior completo,0.63,0.42,6.8,0.22,0.0036,66,0.911,"Associação entre territórios (zonas eleitorais), não comportamento individual (falácia ecológica)."
terceiros26,AM,UF,mulheres,0.52,0.1,2.0,1.38,0.7042,66,0.911,"Associação entre territórios (zonas eleitorais), não comportamento individual (falácia ecológica)."
terceiros26,BA,UF,16–24 anos,-2.6,-0.53,2.0,0.7,0.0002,448,0.826,"Associação entre territórios (zonas eleitorais), não comportamento individual (falácia ecológica)."
terceiros26,BA,UF,25–34 anos,-4.67,-0.73,1.6,0.78,0.0,448,0.826,"Associação entre territórios (zonas eleitorais), não comportamento individual (falácia ecológica)."
terceiros26,BA,UF,45–59 anos,-2.26,-0.41,1.8,0.86,0.0082,448,0.826,"Associação entre territórios (zonas eleitorais), não comportamento individual (falácia ecológica)."
terceiros26,BA,UF,60–69 anos,-3.39,-0.48,1.4,0.65,0.0,448,0.826,"Associação entre territórios (zonas eleitorais), não comportamento individual (falácia ecológica)."
terceiros26,BA,UF,70+ anos,-2.37,-0.5,2.1,0.53,0.0,448,0.826,"Associação entre territórios (zonas eleitorais), não comportamento individual (falácia ecológica)."
terceiros26,BA,UF,sem fundamental completo,-0.11,-0.15,13.4,0.1,0.2716,448,0.826,"Associação entre territórios (zonas eleitorais), não comportamento individual (falácia ecológica)."
terceiros26,BA,UF,fundamental (até médio incompleto),0.28,0.08,2.7,0.29,0.3385,448,0.826,"Associação entre territórios (zonas eleitorais), não comportamento individual (falácia ecológica)."
terceiros26,BA,UF,superior completo,0.15,0.11,7.0,0.15,0.2924,448,0.826,"Associação entre territórios (zonas eleitorais), não comportamento individual (falácia ecológica)."
terceiros26,BA,UF,mulheres,1.8,0.38,2.1,0.36,0.0,448,0.826,"Associação entre territórios (zonas eleitorais), não comportamento individual (falácia ecológica)."
terceiros26,CE,UF,16–24 anos,-2.61,-0.48,1.9,1.46,0.0743,201,0.778,"Associação entre territórios (zonas eleitorais), não comportamento individual (falácia ecológica)."
terceiros26,CE,UF,25–34 anos,-0.57,-0.11,1.9,1.31,0.6633,201,0.778,"Associação entre territórios (zonas eleitorais), não comportamento individual (falácia ecológica)."
terceiros26,CE,UF,45–59 anos,-0.05,-0.01,1.3,1.41,0.9712,201,0.778,"Associação entre territórios (zonas eleitorais), não comportamento individual (falácia ecológica)."
terceiros26,CE,UF,60–69 anos,-2.35,-0.35,1.5,1.26,0.0629,201,0.778,"Associação entre territórios (zonas eleitorais), não comportamento individual (falácia ecológica)."
terceiros26,CE,UF,70+ anos,-1.84,-0.43,2.4,1.16,0.1132,201,0.778,"Associação entre territórios (zonas eleitorais), não comportamento individual (falácia ecológica)."
terceiros26,CE,UF,sem fundamental completo,-0.07,-0.08,11.1,0.21,0.7423,201,0.778,"Associação entre territórios (zonas eleitorais), não comportamento individual (falácia ecológica)."
terceiros26,CE,UF,fundamental (até médio incompleto),0.27,0.08,3.0,0.49,0.5817,201,0.778,"Associação entre territórios (zonas eleitorais), não comportamento individual (falácia ecológica)."
terceiros26,CE,UF,superior completo,0.55,0.39,7.1,0.29,0.0617,201,0.778,"Associação entre territórios (zonas eleitorais), não comportamento individual (falácia ecológica)."
terceiros26,CE,UF,mulheres,1.07,0.19,1.8,1.05,0.31,201,0.778,"Associação entre territórios (zonas eleitorais), não comportamento individual (falácia ecológica)."
terceiros26,ES,UF,16–24 anos,-5.35,-0.66,1.2,1.67,0.0013,85,0.837,"Associação entre territórios (zonas eleitorais), não comportamento individual (falácia ecológica)."
terceiros26,ES,UF,25–34 anos,-3.45,-0.46,1.3,2.01,0.0853,85,0.837,"Associação entre territórios (zonas eleitorais), não comportamento individual (falácia ecológica)."
terceiros26,ES,UF,45–59 anos,-1.68,-0.11,0.6,2.43,0.4891,85,0.837,"Associação entre territórios (zonas eleitorais), não comportamento individual (falácia ecológica)."
terceiros26,ES,UF,60–69 anos,-2.17,-0.29,1.3,1.63,0.1839,85,0.837,"Associação entre territórios (zonas eleitorais), não comportamento individual (falácia ecológica)."
terceiros26,ES,UF,70+ anos,-2.81,-0.55,2.0,1.55,0.0689,85,0.837,"Associação entre territórios (zonas eleitorais), não comportamento individual (falácia ecológica)."
terceiros26,ES,UF,sem fundamental completo,-0.7,-0.82,11.7,0.23,0.0022,85,0.837,"Associação entre territórios (zonas eleitorais), não comportamento individual (falácia ecológica)."
terceiros26,ES,UF,fundamental (até médio incompleto),0.57,0.32,5.5,0.41,0.1624,85,0.837,"Associação entre territórios (zonas eleitorais), não comportamento individual (falácia ecológica)."
terceiros26,ES,UF,superior completo,-0.1,-0.1,9.9,0.3,0.7377,85,0.837,"Associação entre territórios (zonas eleitorais), não comportamento individual (falácia ecológica)."
terceiros26,ES,UF,mulheres,-1.11,-0.17,1.5,1.03,0.2808,85,0.837,"Associação entre territórios (zonas eleitorais), não comportamento individual (falácia ecológica)."
terceiros26,GO,UF,16–24 anos,0.46,0.09,2.0,5.04,0.9271,226,0.28,"Associação entre territórios (zonas eleitorais), não comportamento individual (falácia ecológica)."
terceiros26,GO,UF,25–34 anos,2.25,0.45,2.0,5.58,0.6868,226,0.28,"Associação entre territórios (zonas eleitorais), não comportamento individual (falácia ecológica)."
terceiros26,GO,UF,45–59 anos,2.91,0.27,0.9,5.48,0.5957,226,0.28,"Associação entre territórios (zonas eleitorais), não comportamento individual (falácia ecológica)."
terceiros26,GO,UF,60–69 anos,5.91,1.11,1.9,4.77,0.2153,226,0.28,"Associação entre territórios (zonas eleitorais), não comportamento individual (falácia ecológica)."
terceiros26,GO,UF,70+ anos,-0.29,-0.08,2.7,4.44,0.9479,226,0.28,"Associação entre territórios (zonas eleitorais), não comportamento individual (falácia ecológica)."
terceiros26,GO,UF,sem fundamental completo,-0.44,-0.41,9.2,0.53,0.4034,226,0.28,"Associação entre territórios (zonas eleitorais), não comportamento individual (falácia ecológica)."
terceiros26,GO,UF,fundamental (até médio incompleto),4.21,1.39,3.3,1.82,0.0203,226,0.28,"Associação entre territórios (zonas eleitorais), não comportamento individual (falácia ecológica)."
terceiros26,GO,UF,superior completo,0.49,0.35,7.2,1.02,0.6309,226,0.28,"Associação entre territórios (zonas eleitorais), não comportamento individual (falácia ecológica)."
terceiros26,GO,UF,mulheres,0.07,0.01,1.8,2.41,0.9754,226,0.28,"Associação entre territórios (zonas eleitorais), não comportamento individual (falácia ecológica)."
terceiros26,MA,UF,16–24 anos,-1.03,-0.27,2.7,0.75,0.1709,212,0.888,"Associação entre territórios (zonas eleitorais), não comportamento individual (falácia ecológica)."
terceiros26,MA,UF,25–34 anos,1.55,0.22,1.4,1.01,0.1228,212,0.888,"Associação entre territórios (zonas eleitorais), não comportamento individual (falácia ecológica)."
terceiros26,MA,UF,45–59 anos,0.6,0.11,1.8,1.01,0.5523,212,0.888,"Associação entre territórios (zonas eleitorais), não comportamento individual (falácia ecológica)."
terceiros26,MA,UF,60–69 anos,1.32,0.14,1.0,1.16,0.2555,212,0.888,"Associação entre territórios (zonas eleitorais), não comportamento individual (falácia ecológica)."
terceiros26,MA,UF,70+ anos,-1.26,-0.18,1.4,0.91,0.1662,212,0.888,"Associação entre territórios (zonas eleitorais), não comportamento individual (falácia ecológica)."
terceiros26,MA,UF,sem fundamental completo,-0.78,-1.02,13.1,0.13,0.0,212,0.888,"Associação entre territórios (zonas eleitorais), não comportamento individual (falácia ecológica)."
terceiros26,MA,UF,fundamental (até médio incompleto),-0.41,-0.11,2.7,0.31,0.1868,212,0.888,"Associação entre territórios (zonas eleitorais), não comportamento individual (falácia ecológica)."
terceiros26,MA,UF,superior completo,0.08,0.04,4.7,0.27,0.76,212,0.888,"Associação entre territórios (zonas eleitorais), não comportamento individual (falácia ecológica)."
terceiros26,MA,UF,mulheres,-0.74,-0.15,2.0,0.48,0.1203,212,0.888,"Associação entre territórios (zonas eleitorais), não comportamento individual (falácia ecológica)."
terceiros26,MG,UF,16–24 anos,-4.06,-0.65,1.6,1.33,0.0023,881,0.564,"Associação entre territórios (zonas eleitorais), não comportamento individual (falácia ecológica)."
terceiros26,MG,UF,25–34 anos,0.98,0.17,1.7,1.36,0.4731,881,0.564,"Associação entre territórios (zonas eleitorais), não comportamento individual (falácia ecológica)."
terceiros26,MG,UF,45–59 anos,1.5,0.19,1.3,1.24,0.2258,881,0.564,"Associação entre territórios (zonas eleitorais), não comportamento individual (falácia ecológica)."
terceiros26,MG,UF,60–69 anos,-0.09,-0.01,1.5,1.3,0.9434,881,0.564,"Associação entre territórios (zonas eleitorais), não comportamento individual (falácia ecológica)."
terceiros26,MG,UF,70+ anos,-0.87,-0.26,2.9,0.91,0.3402,881,0.564,"Associação entre territórios (zonas eleitorais), não comportamento individual (falácia ecológica)."
terceiros26,MG,UF,sem fundamental completo,-1.3,-1.48,11.4,0.22,0.0,881,0.564,"Associação entre territórios (zonas eleitorais), não comportamento individual (falácia ecológica)."
terceiros26,MG,UF,fundamental (até médio incompleto),0.58,0.21,3.6,0.33,0.0761,881,0.564,"Associação entre territórios (zonas eleitorais), não comportamento individual (falácia ecológica)."
terceiros26,MG,UF,superior completo,-0.39,-0.26,6.8,0.35,0.2722,881,0.564,"Associação entre territórios (zonas eleitorais), não comportamento individual (falácia ecológica)."
terceiros26,MG,UF,mulheres,-2.27,-0.41,1.8,0.78,0.0034,881,0.564,"Associação entre territórios (zonas eleitorais), não comportamento individual (falácia ecológica)."
terceiros26,MS,UF,16–24 anos,-0.55,-0.09,1.7,1.16,0.6379,87,0.907,"Associação entre territórios (zonas eleitorais), não comportamento individual (falácia ecológica)."
terceiros26,MS,UF,25–34 anos,0.51,0.08,1.6,1.48,0.7293,87,0.907,"Associação entre territórios (zonas eleitorais), não comportamento individual (falácia ecológica)."
terceiros26,MS,UF,45–59 anos,4.25,0.51,1.2,1.57,0.0067,87,0.907,"Associação entre territórios (zonas eleitorais), não comportamento individual (falácia ecológica)."
terceiros26,MS,UF,60–69 anos,-0.02,-0.0,1.3,1.42,0.9907,87,0.907,"Associação entre territórios (zonas eleitorais), não comportamento individual (falácia ecológica)."
terceiros26,MS,UF,70+ anos,0.52,0.1,1.9,1.0,0.6027,87,0.907,"Associação entre territórios (zonas eleitorais), não comportamento individual (falácia ecológica)."
terceiros26,MS,UF,sem fundamental completo,-0.8,-0.93,11.7,0.24,0.0009,87,0.907,"Associação entre territórios (zonas eleitorais), não comportamento individual (falácia ecológica)."
terceiros26,MS,UF,fundamental (até médio incompleto),-0.62,-0.18,2.9,0.59,0.2988,87,0.907,"Associação entre territórios (zonas eleitorais), não comportamento individual (falácia ecológica)."
terceiros26,MS,UF,superior completo,-0.67,-0.5,7.4,0.3,0.0254,87,0.907,"Associação entre territórios (zonas eleitorais), não comportamento individual (falácia ecológica)."
terceiros26,MS,UF,mulheres,0.4,0.07,1.7,0.82,0.6281,87,0.907,"Associação entre territórios (zonas eleitorais), não comportamento individual (falácia ecológica)."
terceiros26,MT,UF,16–24 anos,2.83,0.35,1.2,1.07,0.0081,126,0.821,"Associação entre territórios (zonas eleitorais), não comportamento individual (falácia ecológica)."
terceiros26,MT,UF,25–34 anos,-1.36,-0.25,1.8,1.4,0.3328,126,0.821,"Associação entre territórios (zonas eleitorais), não comportamento individual (falácia ecológica)."
terceiros26,MT,UF,45–59 anos,2.53,0.29,1.2,1.29,0.0494,126,0.821,"Associação entre territórios (zonas eleitorais), não comportamento individual (falácia ecológica)."
terceiros26,MT,UF,60–69 anos,0.11,0.02,1.6,0.96,0.9116,126,0.821,"Associação entre territórios (zonas eleitorais), não comportamento individual (falácia ecológica)."
terceiros26,MT,UF,70+ anos,1.84,0.43,2.3,0.87,0.0345,126,0.821,"Associação entre territórios (zonas eleitorais), não comportamento individual (falácia ecológica)."
terceiros26,MT,UF,sem fundamental completo,-1.23,-1.21,9.8,0.27,0.0,126,0.821,"Associação entre territórios (zonas eleitorais), não comportamento individual (falácia ecológica)."
terceiros26,MT,UF,fundamental (até médio incompleto),0.06,0.02,2.7,0.57,0.9166,126,0.821,"Associação entre territórios (zonas eleitorais), não comportamento individual (falácia ecológica)."
terceiros26,MT,UF,superior completo,-0.42,-0.28,6.5,0.41,0.299,126,0.821,"Associação entre territórios (zonas eleitorais), não comportamento individual (falácia ecológica)."
terceiros26,MT,UF,mulheres,-0.28,-0.06,2.3,0.73,0.7018,126,0.821,"Associação entre territórios (zonas eleitorais), não comportamento individual (falácia ecológica)."
terceiros26,PA,UF,16–24 anos,-0.15,-0.05,3.1,0.97,0.8777,151,0.822,"Associação entre territórios (zonas eleitorais), não comportamento individual (falácia ecológica)."
terceiros26,PA,UF,25–34 anos,-1.99,-0.45,2.2,1.37,0.1444,151,0.822,"Associação entre territórios (zonas eleitorais), não comportamento individual (falácia ecológica)."
terceiros26,PA,UF,45–59 anos,2.97,0.64,2.1,1.33,0.0257,151,0.822,"Associação entre territórios (zonas eleitorais), não comportamento individual (falácia ecológica)."
terceiros26,PA,UF,60–69 anos,-4.63,-0.92,2.0,1.44,0.0013,151,0.822,"Associação entre territórios (zonas eleitorais), não comportamento individual (falácia ecológica)."
terceiros26,PA,UF,70+ anos,1.03,0.22,2.1,1.08,0.3378,151,0.822,"Associação entre territórios (zonas eleitorais), não comportamento individual (falácia ecológica)."
terceiros26,PA,UF,sem fundamental completo,0.06,0.08,13.6,0.26,0.8201,151,0.822,"Associação entre territórios (zonas eleitorais), não comportamento individual (falácia ecológica)."
terceiros26,PA,UF,fundamental (até médio incompleto),1.45,0.45,3.1,0.75,0.0528,151,0.822,"Associação entre territórios (zonas eleitorais), não comportamento individual (falácia ecológica)."
terceiros26,PA,UF,superior completo,0.59,0.36,6.1,0.49,0.2309,151,0.822,"Associação entre territórios (zonas eleitorais), não comportamento individual (falácia ecológica)."
terceiros26,PA,UF,mulheres,1.15,0.23,2.0,0.84,0.1696,151,0.822,"Associação entre territórios (zonas eleitorais), não comportamento individual (falácia ecológica)."
terceiros26,PB,UF,16–24 anos,-0.86,-0.15,1.7,0.85,0.3072,224,0.829,"Associação entre territórios (zonas eleitorais), não comportamento individual (falácia ecológica)."
terceiros26,PB,UF,25–34 anos,-0.51,-0.07,1.4,1.25,0.6858,224,0.829,"Associação entre territórios (zonas eleitorais), não comportamento individual (falácia ecológica)."
terceiros26,PB,UF,45–59 anos,-0.07,-0.01,1.3,0.79,0.9308,224,0.829,"Associação entre territórios (zonas eleitorais), não comportamento individual (falácia ecológica)."
terceiros26,PB,UF,60–69 anos,-1.03,-0.12,1.1,1.22,0.397,224,0.829,"Associação entre territórios (zonas eleitorais), não comportamento individual (falácia ecológica)."
terceiros26,PB,UF,70+ anos,-0.74,-0.13,1.8,0.99,0.4591,224,0.829,"Associação entre territórios (zonas eleitorais), não comportamento individual (falácia ecológica)."
terceiros26,PB,UF,sem fundamental completo,-0.29,-0.41,14.0,0.21,0.1584,224,0.829,"Associação entre territórios (zonas eleitorais), não comportamento individual (falácia ecológica)."
terceiros26,PB,UF,fundamental (até médio incompleto),0.63,0.19,3.0,0.35,0.0698,224,0.829,"Associação entre territórios (zonas eleitorais), não comportamento individual (falácia ecológica)."
terceiros26,PB,UF,superior completo,0.19,0.16,8.5,0.2,0.3555,224,0.829,"Associação entre territórios (zonas eleitorais), não comportamento individual (falácia ecológica)."
terceiros26,PB,UF,mulheres,1.07,0.2,1.9,0.59,0.0714,224,0.829,"Associação entre territórios (zonas eleitorais), não comportamento individual (falácia ecológica)."
terceiros26,PE,UF,16–24 anos,-1.92,-0.42,2.2,0.79,0.0157,209,0.729,"Associação entre territórios (zonas eleitorais), não comportamento individual (falácia ecológica)."
terceiros26,PE,UF,25–34 anos,-0.85,-0.14,1.6,0.92,0.3513,209,0.729,"Associação entre territórios (zonas eleitorais), não comportamento individual (falácia ecológica)."
terceiros26,PE,UF,45–59 anos,0.52,0.09,1.8,0.89,0.5575,209,0.729,"Associação entre territórios (zonas eleitorais), não comportamento individual (falácia ecológica)."
terceiros26,PE,UF,60–69 anos,-4.71,-0.77,1.6,1.19,0.0001,209,0.729,"Associação entre territórios (zonas eleitorais), não comportamento individual (falácia ecológica)."
terceiros26,PE,UF,70+ anos,-0.26,-0.06,2.1,0.67,0.6933,209,0.729,"Associação entre territórios (zonas eleitorais), não comportamento individual (falácia ecológica)."
terceiros26,PE,UF,sem fundamental completo,-0.27,-0.35,12.9,0.13,0.033,209,0.729,"Associação entre territórios (zonas eleitorais), não comportamento individual (falácia ecológica)."
terceiros26,PE,UF,fundamental (até médio incompleto),-0.36,-0.1,2.8,0.27,0.1889,209,0.729,"Associação entre territórios (zonas eleitorais), não comportamento individual (falácia ecológica)."
terceiros26,PE,UF,superior completo,0.01,0.01,6.8,0.15,0.9315,209,0.729,"Associação entre territórios (zonas eleitorais), não comportamento individual (falácia ecológica)."
terceiros26,PE,UF,mulheres,1.39,0.21,1.5,0.53,0.0088,209,0.729,"Associação entre territórios (zonas eleitorais), não comportamento individual (falácia ecológica)."
terceiros26,PI,UF,16–24 anos,-0.13,-0.02,1.8,0.87,0.8859,215,0.787,"Associação entre territórios (zonas eleitorais), não comportamento individual (falácia ecológica)."
terceiros26,PI,UF,25–34 anos,2.28,0.28,1.2,0.87,0.0092,215,0.787,"Associação entre territórios (zonas eleitorais), não comportamento individual (falácia ecológica)."
terceiros26,PI,UF,45–59 anos,2.01,0.3,1.5,0.8,0.0122,215,0.787,"Associação entre territórios (zonas eleitorais), não comportamento individual (falácia ecológica)."
terceiros26,PI,UF,60–69 anos,1.26,0.13,1.0,0.97,0.1937,215,0.787,"Associação entre territórios (zonas eleitorais), não comportamento individual (falácia ecológica)."
terceiros26,PI,UF,70+ anos,-0.68,-0.1,1.5,0.77,0.3741,215,0.787,"Associação entre territórios (zonas eleitorais), não comportamento individual (falácia ecológica)."
terceiros26,PI,UF,sem fundamental completo,-0.47,-0.61,13.2,0.15,0.0016,215,0.787,"Associação entre territórios (zonas eleitorais), não comportamento individual (falácia ecológica)."
terceiros26,PI,UF,fundamental (até médio incompleto),-0.84,-0.16,1.9,0.4,0.0368,215,0.787,"Associação entre territórios (zonas eleitorais), não comportamento individual (falácia ecológica)."
terceiros26,PI,UF,superior completo,-0.14,-0.06,4.1,0.26,0.6072,215,0.787,"Associação entre territórios (zonas eleitorais), não comportamento individual (falácia ecológica)."
terceiros26,PI,UF,mulheres,-0.65,-0.15,2.2,0.52,0.205,215,0.787,"Associação entre territórios (zonas eleitorais), não comportamento individual (falácia ecológica)."
terceiros26,PR,UF,16–24 anos,0.81,0.12,1.5,1.91,0.673,412,0.816,"Associação entre territórios (zonas eleitorais), não comportamento individual (falácia ecológica)."
terceiros26,PR,UF,25–34 anos,-0.49,-0.09,1.8,2.22,0.8262,412,0.816,"Associação entre territórios (zonas eleitorais), não comportamento individual (falácia ecológica)."
terceiros26,PR,UF,45–59 anos,1.54,0.14,0.9,1.14,0.1749,412,0.816,"Associação entre territórios (zonas eleitorais), não comportamento individual (falácia ecológica)."
terceiros26,PR,UF,60–69 anos,-3.03,-0.44,1.4,1.65,0.0659,412,0.816,"Associação entre territórios (zonas eleitorais), não comportamento individual (falácia ecológica)."
terceiros26,PR,UF,70+ anos,1.15,0.28,2.5,1.47,0.4358,412,0.816,"Associação entre territórios (zonas eleitorais), não comportamento individual (falácia ecológica)."
terceiros26,PR,UF,sem fundamental completo,-1.24,-1.29,10.3,0.35,0.0004,412,0.816,"Associação entre territórios (zonas eleitorais), não comportamento individual (falácia ecológica)."
terceiros26,PR,UF,fundamental (até médio incompleto),-0.59,-0.21,3.5,0.76,0.4407,412,0.816,"Associação entre territórios (zonas eleitorais), não comportamento individual (falácia ecológica)."
terceiros26,PR,UF,superior completo,-0.75,-0.66,8.8,0.53,0.1574,412,0.816,"Associação entre territórios (zonas eleitorais), não comportamento individual (falácia ecológica)."
terceiros26,PR,UF,mulheres,-4.07,-0.61,1.5,0.8,0.0,412,0.816,"Associação entre territórios (zonas eleitorais), não comportamento individual (falácia ecológica)."
terceiros26,RJ,UF,16–24 anos,2.98,0.52,1.7,1.5,0.0475,178,0.465,"Associação entre territórios (zonas eleitorais), não comportamento individual (falácia ecológica)."
terceiros26,RJ,UF,25–34 anos,-2.96,-0.76,2.6,1.19,0.0129,178,0.465,"Associação entre territórios (zonas eleitorais), não comportamento individual (falácia ecológica)."
terceiros26,RJ,UF,45–59 anos,1.13,0.12,1.1,1.37,0.409,178,0.465,"Associação entre territórios (zonas eleitorais), não comportamento individual (falácia ecológica)."
terceiros26,RJ,UF,60–69 anos,1.49,0.21,1.4,1.0,0.1334,178,0.465,"Associação entre territórios (zonas eleitorais), não comportamento individual (falácia ecológica)."
terceiros26,RJ,UF,70+ anos,-0.72,-0.33,4.6,0.89,0.4212,178,0.465,"Associação entre territórios (zonas eleitorais), não comportamento individual (falácia ecológica)."
terceiros26,RJ,UF,sem fundamental completo,0.39,0.37,9.5,0.24,0.1125,178,0.465,"Associação entre territórios (zonas eleitorais), não comportamento individual (falácia ecológica)."
terceiros26,RJ,UF,fundamental (até médio incompleto),1.15,0.55,4.8,0.4,0.0039,178,0.465,"Associação entre territórios (zonas eleitorais), não comportamento individual (falácia ecológica)."
terceiros26,RJ,UF,superior completo,0.9,0.81,9.0,0.27,0.0008,178,0.465,"Associação entre territórios (zonas eleitorais), não comportamento individual (falácia ecológica)."
terceiros26,RJ,UF,mulheres,2.34,0.29,1.2,1.44,0.1034,178,0.465,"Associação entre territórios (zonas eleitorais), não comportamento individual (falácia ecológica)."
terceiros26,RN,UF,16–24 anos,-0.91,-0.19,2.0,1.24,0.4665,167,0.759,"Associação entre territórios (zonas eleitorais), não comportamento individual (falácia ecológica)."
terceiros26,RN,UF,25–34 anos,-1.01,-0.2,1.9,1.37,0.4581,167,0.759,"Associação entre territórios (zonas eleitorais), não comportamento individual (falácia ecológica)."
terceiros26,RN,UF,45–59 anos,-0.36,-0.04,1.2,1.37,0.7922,167,0.759,"Associação entre territórios (zonas eleitorais), não comportamento individual (falácia ecológica)."
terceiros26,RN,UF,60–69 anos,0.61,0.09,1.5,1.28,0.6328,167,0.759,"Associação entre territórios (zonas eleitorais), não comportamento individual (falácia ecológica)."
terceiros26,RN,UF,70+ anos,-1.97,-0.44,2.3,1.09,0.071,167,0.759,"Associação entre territórios (zonas eleitorais), não comportamento individual (falácia ecológica)."
terceiros26,RN,UF,sem fundamental completo,-0.86,-1.09,12.7,0.18,0.0,167,0.759,"Associação entre territórios (zonas eleitorais), não comportamento individual (falácia ecológica)."
terceiros26,RN,UF,fundamental (até médio incompleto),-0.06,-0.02,3.2,0.46,0.8966,167,0.759,"Associação entre territórios (zonas eleitorais), não comportamento individual (falácia ecológica)."
terceiros26,RN,UF,superior completo,-0.57,-0.45,8.0,0.26,0.0276,167,0.759,"Associação entre territórios (zonas eleitorais), não comportamento individual (falácia ecológica)."
terceiros26,RN,UF,mulheres,-1.17,-0.21,1.8,0.78,0.1327,167,0.759,"Associação entre territórios (zonas eleitorais), não comportamento individual (falácia ecológica)."
terceiros26,RS,UF,16–24 anos,-1.3,-0.16,1.2,1.36,0.34,518,0.518,"Associação entre territórios (zonas eleitorais), não comportamento individual (falácia ecológica)."
terceiros26,RS,UF,25–34 anos,-4.27,-0.73,1.7,1.16,0.0002,518,0.518,"Associação entre territórios (zonas eleitorais), não comportamento individual (falácia ecológica)."
terceiros26,RS,UF,45–59 anos,-0.0,-0.0,1.0,1.3,0.9976,518,0.518,"Associação entre territórios (zonas eleitorais), não comportamento individual (falácia ecológica)."
terceiros26,RS,UF,60–69 anos,-1.85,-0.24,1.3,0.94,0.0496,518,0.518,"Associação entre territórios (zonas eleitorais), não comportamento individual (falácia ecológica)."
terceiros26,RS,UF,70+ anos,-1.3,-0.39,3.0,0.85,0.1261,518,0.518,"Associação entre territórios (zonas eleitorais), não comportamento individual (falácia ecológica)."
terceiros26,RS,UF,sem fundamental completo,-0.97,-0.95,9.7,0.23,0.0,518,0.518,"Associação entre territórios (zonas eleitorais), não comportamento individual (falácia ecológica)."
terceiros26,RS,UF,fundamental (até médio incompleto),-1.83,-0.73,4.0,0.42,0.0,518,0.518,"Associação entre territórios (zonas eleitorais), não comportamento individual (falácia ecológica)."
terceiros26,RS,UF,superior completo,-2.23,-1.39,6.2,0.29,0.0,518,0.518,"Associação entre territórios (zonas eleitorais), não comportamento individual (falácia ecológica)."
terceiros26,RS,UF,mulheres,-0.58,-0.1,1.7,0.9,0.5168,518,0.518,"Associação entre territórios (zonas eleitorais), não comportamento individual (falácia ecológica)."
terceiros26,SC,UF,16–24 anos,-1.58,-0.18,1.2,0.99,0.1113,297,0.624,"Associação entre territórios (zonas eleitorais), não comportamento individual (falácia ecológica)."
terceiros26,SC,UF,25–34 anos,-1.29,-0.21,1.6,1.43,0.3664,297,0.624,"Associação entre territórios (zonas eleitorais), não comportamento individual (falácia ecológica)."
terceiros26,SC,UF,45–59 anos,-0.89,-0.09,1.0,1.27,0.4811,297,0.624,"Associação entre territórios (zonas eleitorais), não comportamento individual (falácia ecológica)."
terceiros26,SC,UF,60–69 anos,-0.32,-0.05,1.5,1.33,0.8117,297,0.624,"Associação entre territórios (zonas eleitorais), não comportamento individual (falácia ecológica)."
terceiros26,SC,UF,70+ anos,0.21,0.05,2.3,1.09,0.8471,297,0.624,"Associação entre territórios (zonas eleitorais), não comportamento individual (falácia ecológica)."
terceiros26,SC,UF,sem fundamental completo,-0.75,-0.75,10.0,0.29,0.0089,297,0.624,"Associação entre territórios (zonas eleitorais), não comportamento individual (falácia ecológica)."
terceiros26,SC,UF,fundamental (até médio incompleto),-0.02,-0.01,4.4,0.57,0.9706,297,0.624,"Associação entre territórios (zonas eleitorais), não comportamento individual (falácia ecológica)."
terceiros26,SC,UF,superior completo,-0.03,-0.02,8.1,0.49,0.9588,297,0.624,"Associação entre territórios (zonas eleitorais), não comportamento individual (falácia ecológica)."
terceiros26,SC,UF,mulheres,-3.21,-0.48,1.5,1.15,0.0055,297,0.624,"Associação entre territórios (zonas eleitorais), não comportamento individual (falácia ecológica)."
terceiros26,SE,UF,16–24 anos,-1.43,-0.29,2.0,1.8,0.4259,75,0.895,"Associação entre territórios (zonas eleitorais), não comportamento individual (falácia ecológica)."
terceiros26,SE,UF,25–34 anos,1.47,0.26,1.8,2.11,0.4851,75,0.895,"Associação entre territórios (zonas eleitorais), não comportamento individual (falácia ecológica)."
terceiros26,SE,UF,45–59 anos,2.1,0.28,1.3,1.66,0.2037,75,0.895,"Associação entre territórios (zonas eleitorais), não comportamento individual (falácia ecológica)."
terceiros26,SE,UF,60–69 anos,1.94,0.24,1.2,2.61,0.4583,75,0.895,"Associação entre territórios (zonas eleitorais), não comportamento individual (falácia ecológica)."
terceiros26,SE,UF,70+ anos,-1.56,-0.32,2.1,1.3,0.2298,75,0.895,"Associação entre territórios (zonas eleitorais), não comportamento individual (falácia ecológica)."
terceiros26,SE,UF,sem fundamental completo,0.08,0.12,14.7,0.26,0.743,75,0.895,"Associação entre territórios (zonas eleitorais), não comportamento individual (falácia ecológica)."
terceiros26,SE,UF,fundamental (até médio incompleto),-0.06,-0.02,3.4,0.78,0.9403,75,0.895,"Associação entre territórios (zonas eleitorais), não comportamento individual (falácia ecológica)."
terceiros26,SE,UF,superior completo,0.15,0.12,8.1,0.47,0.7422,75,0.895,"Associação entre territórios (zonas eleitorais), não comportamento individual (falácia ecológica)."
terceiros26,SE,UF,mulheres,1.16,0.2,1.7,1.14,0.3091,75,0.895,"Associação entre territórios (zonas eleitorais), não comportamento individual (falácia ecológica)."
terceiros26,SP,UF,16–24 anos,1.23,0.2,1.6,0.93,0.1861,731,0.686,"Associação entre territórios (zonas eleitorais), não comportamento individual (falácia ecológica)."
terceiros26,SP,UF,25–34 anos,-2.87,-0.64,2.2,1.51,0.0572,731,0.686,"Associação entre territórios (zonas eleitorais), não comportamento individual (falácia ecológica)."
terceiros26,SP,UF,45–59 anos,-0.38,-0.03,0.8,0.94,0.6865,731,0.686,"Associação entre territórios (zonas eleitorais), não comportamento individual (falácia ecológica)."
terceiros26,SP,UF,60–69 anos,-4.12,-0.69,1.7,0.82,0.0,731,0.686,"Associação entre territórios (zonas eleitorais), não comportamento individual (falácia ecológica)."
terceiros26,SP,UF,70+ anos,-0.21,-0.07,3.3,0.68,0.7617,731,0.686,"Associação entre territórios (zonas eleitorais), não comportamento individual (falácia ecológica)."
terceiros26,SP,UF,sem fundamental completo,-1.16,-0.74,6.4,0.18,0.0,731,0.686,"Associação entre territórios (zonas eleitorais), não comportamento individual (falácia ecológica)."
terceiros26,SP,UF,fundamental (até médio incompleto),0.94,0.37,4.0,0.32,0.0032,731,0.686,"Associação entre territórios (zonas eleitorais), não comportamento individual (falácia ecológica)."
terceiros26,SP,UF,superior completo,0.4,0.33,8.4,0.19,0.037,731,0.686,"Associação entre territórios (zonas eleitorais), não comportamento individual (falácia ecológica)."
terceiros26,SP,UF,mulheres,0.38,0.05,1.3,0.9,0.6745,731,0.686,"Associação entre territórios (zonas eleitorais), não comportamento individual (falácia ecológica)."
terceiros26,TO,UF,16–24 anos,-3.46,-0.55,1.6,1.14,0.0024,128,0.785,"Associação entre territórios (zonas eleitorais), não comportamento individual (falácia ecológica)."
terceiros26,TO,UF,25–34 anos,-1.18,-0.23,1.9,1.37,0.3885,128,0.785,"Associação entre territórios (zonas eleitorais), não comportamento individual (falácia ecológica)."
terceiros26,TO,UF,45–59 anos,-0.67,-0.1,1.5,1.19,0.5767,128,0.785,"Associação entre territórios (zonas eleitorais), não comportamento individual (falácia ecológica)."
terceiros26,TO,UF,60–69 anos,-4.42,-0.69,1.6,1.49,0.003,128,0.785,"Associação entre territórios (zonas eleitorais), não comportamento individual (falácia ecológica)."
terceiros26,TO,UF,70+ anos,-0.28,-0.07,2.5,1.09,0.7949,128,0.785,"Associação entre territórios (zonas eleitorais), não comportamento individual (falácia ecológica)."
terceiros26,TO,UF,sem fundamental completo,-0.14,-0.17,12.0,0.33,0.6607,128,0.785,"Associação entre territórios (zonas eleitorais), não comportamento individual (falácia ecológica)."
terceiros26,TO,UF,fundamental (até médio incompleto),-0.99,-0.16,1.6,0.62,0.1131,128,0.785,"Associação entre territórios (zonas eleitorais), não comportamento individual (falácia ecológica)."
terceiros26,TO,UF,superior completo,1.57,0.76,4.8,0.69,0.023,128,0.785,"Associação entre territórios (zonas eleitorais), não comportamento individual (falácia ecológica)."
terceiros26,TO,UF,mulheres,-0.72,-0.19,2.7,0.68,0.2893,128,0.785,"Associação entre territórios (zonas eleitorais), não comportamento individual (falácia ecológica)."
renan26,Brasil,Brasil,16–24 anos,0.12,0.03,2.8,0.1,0.2263,5847,0.845,"Associação entre territórios (zonas eleitorais), não comportamento individual (falácia ecológica)."
renan26,Brasil,Brasil,25–34 anos,-0.78,-0.18,2.3,0.15,0.0,5847,0.845,"Associação entre territórios (zonas eleitorais), não comportamento individual (falácia ecológica)."
renan26,Brasil,Brasil,45–59 anos,0.13,0.02,1.7,0.14,0.3454,5847,0.845,"Associação entre territórios (zonas eleitorais), não comportamento individual (falácia ecológica)."
renan26,Brasil,Brasil,60–69 anos,-0.85,-0.18,2.1,0.14,0.0,5847,0.845,"Associação entre territórios (zonas eleitorais), não comportamento individual (falácia ecológica)."
renan26,Brasil,Brasil,70+ anos,-0.41,-0.14,3.4,0.11,0.0001,5847,0.845,"Associação entre territórios (zonas eleitorais), não comportamento individual (falácia ecológica)."
renan26,Brasil,Brasil,sem fundamental completo,-0.15,-0.18,12.6,0.02,0.0,5847,0.845,"Associação entre territórios (zonas eleitorais), não comportamento individual (falácia ecológica)."
renan26,Brasil,Brasil,fundamental (até médio incompleto),0.11,0.05,4.4,0.05,0.0241,5847,0.845,"Associação entre territórios (zonas eleitorais), não comportamento individual (falácia ecológica)."
renan26,Brasil,Brasil,superior completo,0.09,0.07,8.3,0.03,0.0099,5847,0.845,"Associação entre territórios (zonas eleitorais), não comportamento individual (falácia ecológica)."
renan26,Brasil,Brasil,mulheres,0.19,0.03,1.8,0.1,0.0595,5847,0.845,"Associação entre territórios (zonas eleitorais), não comportamento individual (falácia ecológica)."
renan26,Centro-Oeste,região,16–24 anos,0.43,0.08,1.9,0.22,0.0474,458,0.894,"Associação entre territórios (zonas eleitorais), não comportamento individual (falácia ecológica)."
renan26,Centro-Oeste,região,25–34 anos,-0.1,-0.02,2.0,0.25,0.6969,458,0.894,"Associação entre territórios (zonas eleitorais), não comportamento individual (falácia ecológica)."
renan26,Centro-Oeste,região,45–59 anos,0.07,0.01,1.4,0.2,0.7245,458,0.894,"Associação entre territórios (zonas eleitorais), não comportamento individual (falácia ecológica)."
renan26,Centro-Oeste,região,60–69 anos,0.28,0.05,1.7,0.2,0.1566,458,0.894,"Associação entre territórios (zonas eleitorais), não comportamento individual (falácia ecológica)."
renan26,Centro-Oeste,região,70+ anos,-0.4,-0.1,2.5,0.15,0.0062,458,0.894,"Associação entre territórios (zonas eleitorais), não comportamento individual (falácia ecológica)."
renan26,Centro-Oeste,região,sem fundamental completo,-0.29,-0.32,11.0,0.05,0.0,458,0.894,"Associação entre territórios (zonas eleitorais), não comportamento individual (falácia ecológica)."
renan26,Centro-Oeste,região,fundamental (até médio incompleto),0.04,0.02,4.0,0.08,0.6333,458,0.894,"Associação entre territórios (zonas eleitorais), não comportamento individual (falácia ecológica)."
renan26,Centro-Oeste,região,superior completo,0.03,0.03,10.4,0.04,0.5272,458,0.894,"Associação entre territórios (zonas eleitorais), não comportamento individual (falácia ecológica)."
renan26,Centro-Oeste,região,mulheres,0.23,0.04,1.9,0.16,0.1478,458,0.894,"Associação entre territórios (zonas eleitorais), não comportamento individual (falácia ecológica)."
renan26,Nordeste,região,16–24 anos,-0.06,-0.01,2.5,0.13,0.6426,1850,0.77,"Associação entre territórios (zonas eleitorais), não comportamento individual (falácia ecológica)."
renan26,Nordeste,região,25–34 anos,-0.26,-0.04,1.8,0.17,0.123,1850,0.77,"Associação entre territórios (zonas eleitorais), não comportamento individual (falácia ecológica)."
renan26,Nordeste,região,45–59 anos,-0.09,-0.02,1.9,0.13,0.4751,1850,0.77,"Associação entre territórios (zonas eleitorais), não comportamento individual (falácia ecológica)."
renan26,Nordeste,região,60–69 anos,-0.71,-0.11,1.5,0.21,0.0005,1850,0.77,"Associação entre territórios (zonas eleitorais), não comportamento individual (falácia ecológica)."
renan26,Nordeste,região,70+ anos,-0.13,-0.03,2.1,0.11,0.2107,1850,0.77,"Associação entre territórios (zonas eleitorais), não comportamento individual (falácia ecológica)."
renan26,Nordeste,região,sem fundamental completo,-0.14,-0.18,13.1,0.02,0.0,1850,0.77,"Associação entre territórios (zonas eleitorais), não comportamento individual (falácia ecológica)."
renan26,Nordeste,região,fundamental (até médio incompleto),-0.02,-0.01,3.1,0.07,0.7541,1850,0.77,"Associação entre territórios (zonas eleitorais), não comportamento individual (falácia ecológica)."
renan26,Nordeste,região,superior completo,0.02,0.01,6.8,0.04,0.6183,1850,0.77,"Associação entre territórios (zonas eleitorais), não comportamento individual (falácia ecológica)."
renan26,Nordeste,região,mulheres,0.65,0.13,2.0,0.1,0.0,1850,0.77,"Associação entre territórios (zonas eleitorais), não comportamento individual (falácia ecológica)."
renan26,Norte,região,16–24 anos,-0.01,-0.0,3.2,0.25,0.9517,437,0.866,"Associação entre territórios (zonas eleitorais), não comportamento individual (falácia ecológica)."
renan26,Norte,região,25–34 anos,-0.34,-0.08,2.3,0.28,0.2235,437,0.866,"Associação entre territórios (zonas eleitorais), não comportamento individual (falácia ecológica)."
renan26,Norte,região,45–59 anos,0.04,0.01,2.3,0.31,0.884,437,0.866,"Associação entre territórios (zonas eleitorais), não comportamento individual (falácia ecológica)."
renan26,Norte,região,60–69 anos,-0.27,-0.05,1.9,0.36,0.4591,437,0.866,"Associação entre territórios (zonas eleitorais), não comportamento individual (falácia ecológica)."
renan26,Norte,região,70+ anos,-0.3,-0.06,2.1,0.23,0.1943,437,0.866,"Associação entre territórios (zonas eleitorais), não comportamento individual (falácia ecológica)."
renan26,Norte,região,sem fundamental completo,-0.13,-0.17,13.5,0.06,0.0279,437,0.866,"Associação entre territórios (zonas eleitorais), não comportamento individual (falácia ecológica)."
renan26,Norte,região,fundamental (até médio incompleto),0.24,0.08,3.2,0.13,0.07,437,0.866,"Associação entre territórios (zonas eleitorais), não comportamento individual (falácia ecológica)."
renan26,Norte,região,superior completo,0.07,0.04,6.0,0.1,0.4707,437,0.866,"Associação entre territórios (zonas eleitorais), não comportamento individual (falácia ecológica)."
renan26,Norte,região,mulheres,0.65,0.14,2.1,0.16,0.0001,437,0.866,"Associação entre territórios (zonas eleitorais), não comportamento individual (falácia ecológica)."
renan26,Sudeste,região,16–24 anos,0.25,0.04,1.6,0.22,0.245,1875,0.787,"Associação entre territórios (zonas eleitorais), não comportamento individual (falácia ecológica)."
renan26,Sudeste,região,25–34 anos,-0.46,-0.1,2.1,0.28,0.1018,1875,0.787,"Associação entre territórios (zonas eleitorais), não comportamento individual (falácia ecológica)."
renan26,Sudeste,região,45–59 anos,0.88,0.1,1.1,0.22,0.0001,1875,0.787,"Associação entre territórios (zonas eleitorais), não comportamento individual (falácia ecológica)."
renan26,Sudeste,região,60–69 anos,-0.81,-0.13,1.6,0.23,0.0005,1875,0.787,"Associação entre territórios (zonas eleitorais), não comportamento individual (falácia ecológica)."
renan26,Sudeste,região,70+ anos,-0.18,-0.07,3.7,0.18,0.3191,1875,0.787,"Associação entre territórios (zonas eleitorais), não comportamento individual (falácia ecológica)."
renan26,Sudeste,região,sem fundamental completo,-0.19,-0.2,10.3,0.05,0.0,1875,0.787,"Associação entre territórios (zonas eleitorais), não comportamento individual (falácia ecológica)."
renan26,Sudeste,região,fundamental (até médio incompleto),0.3,0.15,5.2,0.07,0.0,1875,0.787,"Associação entre territórios (zonas eleitorais), não comportamento individual (falácia ecológica)."
renan26,Sudeste,região,superior completo,0.17,0.14,8.5,0.06,0.0028,1875,0.787,"Associação entre territórios (zonas eleitorais), não comportamento individual (falácia ecológica)."
renan26,Sudeste,região,mulheres,0.36,0.06,1.5,0.16,0.0257,1875,0.787,"Associação entre territórios (zonas eleitorais), não comportamento individual (falácia ecológica)."
renan26,Sul,região,16–24 anos,-0.66,-0.1,1.5,0.26,0.0105,1227,0.777,"Associação entre territórios (zonas eleitorais), não comportamento individual (falácia ecológica)."
renan26,Sul,região,25–34 anos,-1.4,-0.26,1.9,0.36,0.0001,1227,0.777,"Associação entre territórios (zonas eleitorais), não comportamento individual (falácia ecológica)."
renan26,Sul,região,45–59 anos,-0.53,-0.06,1.1,0.33,0.1044,1227,0.777,"Associação entre territórios (zonas eleitorais), não comportamento individual (falácia ecológica)."
renan26,Sul,região,60–69 anos,-0.53,-0.08,1.6,0.29,0.0646,1227,0.777,"Associação entre territórios (zonas eleitorais), não comportamento individual (falácia ecológica)."
renan26,Sul,região,70+ anos,-1.33,-0.43,3.2,0.27,0.0,1227,0.777,"Associação entre territórios (zonas eleitorais), não comportamento individual (falácia ecológica)."
renan26,Sul,região,sem fundamental completo,-0.26,-0.27,10.3,0.06,0.0,1227,0.777,"Associação entre territórios (zonas eleitorais), não comportamento individual (falácia ecológica)."
renan26,Sul,região,fundamental (até médio incompleto),-0.19,-0.08,4.4,0.1,0.0558,1227,0.777,"Associação entre territórios (zonas eleitorais), não comportamento individual (falácia ecológica)."
renan26,Sul,região,superior completo,-0.22,-0.18,7.9,0.11,0.0398,1227,0.777,"Associação entre territórios (zonas eleitorais), não comportamento individual (falácia ecológica)."
renan26,Sul,região,mulheres,-0.7,-0.11,1.6,0.24,0.0032,1227,0.777,"Associação entre territórios (zonas eleitorais), não comportamento individual (falácia ecológica)."
renan26,AL,UF,16–24 anos,-0.16,-0.04,2.3,0.41,0.7016,99,0.858,"Associação entre territórios (zonas eleitorais), não comportamento individual (falácia ecológica)."
renan26,AL,UF,25–34 anos,-0.7,-0.11,1.5,0.56,0.2104,99,0.858,"Associação entre territórios (zonas eleitorais), não comportamento individual (falácia ecológica)."
renan26,AL,UF,45–59 anos,-0.7,-0.12,1.8,0.6,0.25,99,0.858,"Associação entre territórios (zonas eleitorais), não comportamento individual (falácia ecológica)."
renan26,AL,UF,60–69 anos,-0.5,-0.06,1.2,0.64,0.4384,99,0.858,"Associação entre territórios (zonas eleitorais), não comportamento individual (falácia ecológica)."
renan26,AL,UF,70+ anos,-0.84,-0.12,1.5,0.46,0.0703,99,0.858,"Associação entre territórios (zonas eleitorais), não comportamento individual (falácia ecológica)."
renan26,AL,UF,sem fundamental completo,-0.26,-0.32,12.4,0.1,0.0122,99,0.858,"Associação entre territórios (zonas eleitorais), não comportamento individual (falácia ecológica)."
renan26,AL,UF,fundamental (até médio incompleto),-0.3,-0.09,2.8,0.16,0.063,99,0.858,"Associação entre territórios (zonas eleitorais), não comportamento individual (falácia ecológica)."
renan26,AL,UF,superior completo,-0.23,-0.14,6.1,0.11,0.0436,99,0.858,"Associação entre territórios (zonas eleitorais), não comportamento individual (falácia ecológica)."
renan26,AL,UF,mulheres,0.57,0.1,1.8,0.27,0.0344,99,0.858,"Associação entre territórios (zonas eleitorais), não comportamento individual (falácia ecológica)."
renan26,AM,UF,16–24 anos,0.29,0.1,3.6,0.22,0.1877,66,0.939,"Associação entre territórios (zonas eleitorais), não comportamento individual (falácia ecológica)."
renan26,AM,UF,25–34 anos,-0.2,-0.04,2.1,0.35,0.5638,66,0.939,"Associação entre territórios (zonas eleitorais), não comportamento individual (falácia ecológica)."
renan26,AM,UF,45–59 anos,0.13,0.04,2.9,0.36,0.7185,66,0.939,"Associação entre territórios (zonas eleitorais), não comportamento individual (falácia ecológica)."
renan26,AM,UF,60–69 anos,0.93,0.15,1.7,0.36,0.0095,66,0.939,"Associação entre territórios (zonas eleitorais), não comportamento individual (falácia ecológica)."
renan26,AM,UF,70+ anos,-1.2,-0.19,1.6,0.51,0.0193,66,0.939,"Associação entre territórios (zonas eleitorais), não comportamento individual (falácia ecológica)."
renan26,AM,UF,sem fundamental completo,-0.01,-0.01,12.5,0.04,0.8939,66,0.939,"Associação entre territórios (zonas eleitorais), não comportamento individual (falácia ecológica)."
renan26,AM,UF,fundamental (até médio incompleto),0.15,0.06,3.8,0.11,0.1513,66,0.939,"Associação entre territórios (zonas eleitorais), não comportamento individual (falácia ecológica)."
renan26,AM,UF,superior completo,0.18,0.12,6.8,0.08,0.0281,66,0.939,"Associação entre territórios (zonas eleitorais), não comportamento individual (falácia ecológica)."
renan26,AM,UF,mulheres,0.38,0.07,2.0,0.34,0.2592,66,0.939,"Associação entre territórios (zonas eleitorais), não comportamento individual (falácia ecológica)."
renan26,BA,UF,16–24 anos,-0.23,-0.05,2.0,0.21,0.2627,448,0.773,"Associação entre territórios (zonas eleitorais), não comportamento individual (falácia ecológica)."
renan26,BA,UF,25–34 anos,-0.99,-0.15,1.6,0.3,0.0008,448,0.773,"Associação entre territórios (zonas eleitorais), não comportamento individual (falácia ecológica)."
renan26,BA,UF,45–59 anos,-0.32,-0.06,1.8,0.23,0.168,448,0.773,"Associação entre territórios (zonas eleitorais), não comportamento individual (falácia ecológica)."
renan26,BA,UF,60–69 anos,-0.98,-0.14,1.4,0.21,0.0,448,0.773,"Associação entre territórios (zonas eleitorais), não comportamento individual (falácia ecológica)."
renan26,BA,UF,70+ anos,-0.31,-0.07,2.1,0.2,0.1141,448,0.773,"Associação entre territórios (zonas eleitorais), não comportamento individual (falácia ecológica)."
renan26,BA,UF,sem fundamental completo,-0.07,-0.09,13.4,0.03,0.0375,448,0.773,"Associação entre territórios (zonas eleitorais), não comportamento individual (falácia ecológica)."
renan26,BA,UF,fundamental (até médio incompleto),0.21,0.06,2.7,0.1,0.0391,448,0.773,"Associação entre territórios (zonas eleitorais), não comportamento individual (falácia ecológica)."
renan26,BA,UF,superior completo,0.15,0.11,7.0,0.06,0.0068,448,0.773,"Associação entre territórios (zonas eleitorais), não comportamento individual (falácia ecológica)."
renan26,BA,UF,mulheres,0.29,0.06,2.1,0.16,0.0737,448,0.773,"Associação entre territórios (zonas eleitorais), não comportamento individual (falácia ecológica)."
renan26,CE,UF,16–24 anos,0.15,0.03,1.9,0.54,0.7889,201,0.786,"Associação entre territórios (zonas eleitorais), não comportamento individual (falácia ecológica)."
renan26,CE,UF,25–34 anos,0.07,0.01,1.9,0.44,0.8649,201,0.786,"Associação entre territórios (zonas eleitorais), não comportamento individual (falácia ecológica)."
renan26,CE,UF,45–59 anos,0.45,0.06,1.3,0.52,0.3824,201,0.786,"Associação entre territórios (zonas eleitorais), não comportamento individual (falácia ecológica)."
renan26,CE,UF,60–69 anos,-0.27,-0.04,1.5,0.49,0.5857,201,0.786,"Associação entre territórios (zonas eleitorais), não comportamento individual (falácia ecológica)."
renan26,CE,UF,70+ anos,-0.23,-0.05,2.4,0.42,0.5877,201,0.786,"Associação entre territórios (zonas eleitorais), não comportamento individual (falácia ecológica)."
renan26,CE,UF,sem fundamental completo,-0.1,-0.11,11.1,0.07,0.1801,201,0.786,"Associação entre territórios (zonas eleitorais), não comportamento individual (falácia ecológica)."
renan26,CE,UF,fundamental (até médio incompleto),0.37,0.11,3.0,0.19,0.0508,201,0.786,"Associação entre territórios (zonas eleitorais), não comportamento individual (falácia ecológica)."
renan26,CE,UF,superior completo,0.24,0.17,7.1,0.11,0.0344,201,0.786,"Associação entre territórios (zonas eleitorais), não comportamento individual (falácia ecológica)."
renan26,CE,UF,mulheres,0.92,0.16,1.8,0.32,0.0047,201,0.786,"Associação entre territórios (zonas eleitorais), não comportamento individual (falácia ecológica)."
renan26,ES,UF,16–24 anos,-0.65,-0.08,1.2,0.63,0.3022,85,0.89,"Associação entre territórios (zonas eleitorais), não comportamento individual (falácia ecológica)."
renan26,ES,UF,25–34 anos,-1.09,-0.15,1.3,0.7,0.1167,85,0.89,"Associação entre territórios (zonas eleitorais), não comportamento individual (falácia ecológica)."
renan26,ES,UF,45–59 anos,-0.29,-0.02,0.6,0.92,0.7517,85,0.89,"Associação entre territórios (zonas eleitorais), não comportamento individual (falácia ecológica)."
renan26,ES,UF,60–69 anos,-0.48,-0.06,1.3,0.58,0.4119,85,0.89,"Associação entre territórios (zonas eleitorais), não comportamento individual (falácia ecológica)."
renan26,ES,UF,70+ anos,-0.83,-0.16,2.0,0.56,0.1402,85,0.89,"Associação entre territórios (zonas eleitorais), não comportamento individual (falácia ecológica)."
renan26,ES,UF,sem fundamental completo,-0.23,-0.27,11.7,0.08,0.0059,85,0.89,"Associação entre territórios (zonas eleitorais), não comportamento individual (falácia ecológica)."
renan26,ES,UF,fundamental (até médio incompleto),0.28,0.15,5.5,0.13,0.0311,85,0.89,"Associação entre territórios (zonas eleitorais), não comportamento individual (falácia ecológica)."
renan26,ES,UF,superior completo,0.07,0.06,9.9,0.09,0.4814,85,0.89,"Associação entre territórios (zonas eleitorais), não comportamento individual (falácia ecológica)."
renan26,ES,UF,mulheres,-0.16,-0.02,1.5,0.4,0.6892,85,0.89,"Associação entre territórios (zonas eleitorais), não comportamento individual (falácia ecológica)."
renan26,GO,UF,16–24 anos,0.54,0.11,2.0,0.37,0.1401,226,0.749,"Associação entre territórios (zonas eleitorais), não comportamento individual (falácia ecológica)."
renan26,GO,UF,25–34 anos,0.03,0.01,2.0,0.48,0.9475,226,0.749,"Associação entre territórios (zonas eleitorais), não comportamento individual (falácia ecológica)."
renan26,GO,UF,45–59 anos,-0.01,-0.0,0.9,0.41,0.982,226,0.749,"Associação entre territórios (zonas eleitorais), não comportamento individual (falácia ecológica)."
renan26,GO,UF,60–69 anos,-0.42,-0.08,1.9,0.39,0.2789,226,0.749,"Associação entre territórios (zonas eleitorais), não comportamento individual (falácia ecológica)."
renan26,GO,UF,70+ anos,0.3,0.08,2.7,0.3,0.3082,226,0.749,"Associação entre territórios (zonas eleitorais), não comportamento individual (falácia ecológica)."
renan26,GO,UF,sem fundamental completo,-0.27,-0.25,9.2,0.05,0.0,226,0.749,"Associação entre territórios (zonas eleitorais), não comportamento individual (falácia ecológica)."
renan26,GO,UF,fundamental (até médio incompleto),0.04,0.01,3.3,0.14,0.7974,226,0.749,"Associação entre territórios (zonas eleitorais), não comportamento individual (falácia ecológica)."
renan26,GO,UF,superior completo,-0.05,-0.03,7.2,0.07,0.513,226,0.749,"Associação entre territórios (zonas eleitorais), não comportamento individual (falácia ecológica)."
renan26,GO,UF,mulheres,0.28,0.05,1.8,0.2,0.1736,226,0.749,"Associação entre territórios (zonas eleitorais), não comportamento individual (falácia ecológica)."
renan26,MA,UF,16–24 anos,0.62,0.17,2.7,0.31,0.0452,212,0.811,"Associação entre territórios (zonas eleitorais), não comportamento individual (falácia ecológica)."
renan26,MA,UF,25–34 anos,0.9,0.13,1.4,0.4,0.0242,212,0.811,"Associação entre territórios (zonas eleitorais), não comportamento individual (falácia ecológica)."
renan26,MA,UF,45–59 anos,1.15,0.21,1.8,0.4,0.0044,212,0.811,"Associação entre territórios (zonas eleitorais), não comportamento individual (falácia ecológica)."
renan26,MA,UF,60–69 anos,0.61,0.06,1.0,0.46,0.1826,212,0.811,"Associação entre territórios (zonas eleitorais), não comportamento individual (falácia ecológica)."
renan26,MA,UF,70+ anos,-0.17,-0.03,1.4,0.43,0.6863,212,0.811,"Associação entre territórios (zonas eleitorais), não comportamento individual (falácia ecológica)."
renan26,MA,UF,sem fundamental completo,-0.16,-0.21,13.1,0.05,0.0012,212,0.811,"Associação entre territórios (zonas eleitorais), não comportamento individual (falácia ecológica)."
renan26,MA,UF,fundamental (até médio incompleto),-0.09,-0.02,2.7,0.13,0.4944,212,0.811,"Associação entre territórios (zonas eleitorais), não comportamento individual (falácia ecológica)."
renan26,MA,UF,superior completo,0.07,0.03,4.7,0.09,0.4088,212,0.811,"Associação entre territórios (zonas eleitorais), não comportamento individual (falácia ecológica)."
renan26,MA,UF,mulheres,0.89,0.18,2.0,0.21,0.0,212,0.811,"Associação entre territórios (zonas eleitorais), não comportamento individual (falácia ecológica)."
renan26,MG,UF,16–24 anos,-0.35,-0.06,1.6,0.21,0.1004,881,0.713,"Associação entre territórios (zonas eleitorais), não comportamento individual (falácia ecológica)."
renan26,MG,UF,25–34 anos,0.27,0.05,1.7,0.29,0.3491,881,0.713,"Associação entre territórios (zonas eleitorais), não comportamento individual (falácia ecológica)."
renan26,MG,UF,45–59 anos,0.45,0.06,1.3,0.24,0.0625,881,0.713,"Associação entre territórios (zonas eleitorais), não comportamento individual (falácia ecológica)."
renan26,MG,UF,60–69 anos,0.44,0.07,1.5,0.24,0.0654,881,0.713,"Associação entre territórios (zonas eleitorais), não comportamento individual (falácia ecológica)."
renan26,MG,UF,70+ anos,-0.33,-0.1,2.9,0.18,0.06,881,0.713,"Associação entre territórios (zonas eleitorais), não comportamento individual (falácia ecológica)."
renan26,MG,UF,sem fundamental completo,-0.23,-0.26,11.4,0.05,0.0,881,0.713,"Associação entre territórios (zonas eleitorais), não comportamento individual (falácia ecológica)."
renan26,MG,UF,fundamental (até médio incompleto),0.23,0.09,3.6,0.09,0.0063,881,0.713,"Associação entre territórios (zonas eleitorais), não comportamento individual (falácia ecológica)."
renan26,MG,UF,superior completo,0.02,0.01,6.8,0.08,0.7934,881,0.713,"Associação entre territórios (zonas eleitorais), não comportamento individual (falácia ecológica)."
renan26,MG,UF,mulheres,0.2,0.04,1.8,0.17,0.2471,881,0.713,"Associação entre territórios (zonas eleitorais), não comportamento individual (falácia ecológica)."
renan26,MS,UF,16–24 anos,0.05,0.01,1.7,0.35,0.8826,87,0.911,"Associação entre territórios (zonas eleitorais), não comportamento individual (falácia ecológica)."
renan26,MS,UF,25–34 anos,-0.13,-0.02,1.6,0.48,0.7963,87,0.911,"Associação entre territórios (zonas eleitorais), não comportamento individual (falácia ecológica)."
renan26,MS,UF,45–59 anos,0.41,0.05,1.2,0.52,0.439,87,0.911,"Associação entre territórios (zonas eleitorais), não comportamento individual (falácia ecológica)."
renan26,MS,UF,60–69 anos,0.43,0.06,1.3,0.38,0.2593,87,0.911,"Associação entre territórios (zonas eleitorais), não comportamento individual (falácia ecológica)."
renan26,MS,UF,70+ anos,-0.43,-0.08,1.9,0.43,0.3193,87,0.911,"Associação entre territórios (zonas eleitorais), não comportamento individual (falácia ecológica)."
renan26,MS,UF,sem fundamental completo,-0.28,-0.33,11.7,0.1,0.0075,87,0.911,"Associação entre territórios (zonas eleitorais), não comportamento individual (falácia ecológica)."
renan26,MS,UF,fundamental (até médio incompleto),0.08,0.02,2.9,0.2,0.693,87,0.911,"Associação entre territórios (zonas eleitorais), não comportamento individual (falácia ecológica)."
renan26,MS,UF,superior completo,-0.04,-0.03,7.4,0.11,0.6862,87,0.911,"Associação entre territórios (zonas eleitorais), não comportamento individual (falácia ecológica)."
renan26,MS,UF,mulheres,0.55,0.09,1.7,0.27,0.046,87,0.911,"Associação entre territórios (zonas eleitorais), não comportamento individual (falácia ecológica)."
renan26,MT,UF,16–24 anos,-0.09,-0.01,1.2,0.31,0.7837,126,0.854,"Associação entre territórios (zonas eleitorais), não comportamento individual (falácia ecológica)."
renan26,MT,UF,25–34 anos,0.25,0.05,1.8,0.41,0.5439,126,0.854,"Associação entre territórios (zonas eleitorais), não comportamento individual (falácia ecológica)."
renan26,MT,UF,45–59 anos,0.22,0.03,1.2,0.36,0.5354,126,0.854,"Associação entre territórios (zonas eleitorais), não comportamento individual (falácia ecológica)."
renan26,MT,UF,60–69 anos,0.06,0.01,1.6,0.29,0.8395,126,0.854,"Associação entre territórios (zonas eleitorais), não comportamento individual (falácia ecológica)."
renan26,MT,UF,70+ anos,-0.45,-0.1,2.3,0.24,0.0634,126,0.854,"Associação entre territórios (zonas eleitorais), não comportamento individual (falácia ecológica)."
renan26,MT,UF,sem fundamental completo,-0.12,-0.12,9.8,0.06,0.061,126,0.854,"Associação entre territórios (zonas eleitorais), não comportamento individual (falácia ecológica)."
renan26,MT,UF,fundamental (até médio incompleto),0.08,0.02,2.7,0.15,0.6175,126,0.854,"Associação entre territórios (zonas eleitorais), não comportamento individual (falácia ecológica)."
renan26,MT,UF,superior completo,0.13,0.09,6.5,0.09,0.1395,126,0.854,"Associação entre territórios (zonas eleitorais), não comportamento individual (falácia ecológica)."
renan26,MT,UF,mulheres,0.34,0.08,2.3,0.17,0.0471,126,0.854,"Associação entre territórios (zonas eleitorais), não comportamento individual (falácia ecológica)."
renan26,PA,UF,16–24 anos,0.12,0.04,3.1,0.27,0.6497,151,0.849,"Associação entre territórios (zonas eleitorais), não comportamento individual (falácia ecológica)."
renan26,PA,UF,25–34 anos,-0.58,-0.13,2.2,0.4,0.1442,151,0.849,"Associação entre territórios (zonas eleitorais), não comportamento individual (falácia ecológica)."
renan26,PA,UF,45–59 anos,0.8,0.17,2.1,0.44,0.0656,151,0.849,"Associação entre territórios (zonas eleitorais), não comportamento individual (falácia ecológica)."
renan26,PA,UF,60–69 anos,-1.22,-0.24,2.0,0.43,0.0049,151,0.849,"Associação entre territórios (zonas eleitorais), não comportamento individual (falácia ecológica)."
renan26,PA,UF,70+ anos,-0.16,-0.03,2.1,0.34,0.6445,151,0.849,"Associação entre territórios (zonas eleitorais), não comportamento individual (falácia ecológica)."
renan26,PA,UF,sem fundamental completo,-0.05,-0.07,13.6,0.07,0.4711,151,0.849,"Associação entre territórios (zonas eleitorais), não comportamento individual (falácia ecológica)."
renan26,PA,UF,fundamental (até médio incompleto),0.3,0.09,3.1,0.21,0.1542,151,0.849,"Associação entre territórios (zonas eleitorais), não comportamento individual (falácia ecológica)."
renan26,PA,UF,superior completo,0.16,0.1,6.1,0.14,0.2458,151,0.849,"Associação entre territórios (zonas eleitorais), não comportamento individual (falácia ecológica)."
renan26,PA,UF,mulheres,0.75,0.15,2.0,0.25,0.0026,151,0.849,"Associação entre territórios (zonas eleitorais), não comportamento individual (falácia ecológica)."
renan26,PB,UF,16–24 anos,-0.09,-0.01,1.7,0.29,0.7685,224,0.773,"Associação entre territórios (zonas eleitorais), não comportamento individual (falácia ecológica)."
renan26,PB,UF,25–34 anos,-0.42,-0.06,1.4,0.38,0.272,224,0.773,"Associação entre territórios (zonas eleitorais), não comportamento individual (falácia ecológica)."
renan26,PB,UF,45–59 anos,-0.42,-0.06,1.3,0.29,0.1448,224,0.773,"Associação entre territórios (zonas eleitorais), não comportamento individual (falácia ecológica)."
renan26,PB,UF,60–69 anos,-0.81,-0.09,1.1,0.42,0.053,224,0.773,"Associação entre territórios (zonas eleitorais), não comportamento individual (falácia ecológica)."
renan26,PB,UF,70+ anos,0.12,0.02,1.8,0.29,0.6702,224,0.773,"Associação entre territórios (zonas eleitorais), não comportamento individual (falácia ecológica)."
renan26,PB,UF,sem fundamental completo,-0.14,-0.2,14.0,0.06,0.0202,224,0.773,"Associação entre territórios (zonas eleitorais), não comportamento individual (falácia ecológica)."
renan26,PB,UF,fundamental (até médio incompleto),0.06,0.02,3.0,0.13,0.6646,224,0.773,"Associação entre territórios (zonas eleitorais), não comportamento individual (falácia ecológica)."
renan26,PB,UF,superior completo,0.02,0.01,8.5,0.07,0.8112,224,0.773,"Associação entre territórios (zonas eleitorais), não comportamento individual (falácia ecológica)."
renan26,PB,UF,mulheres,0.26,0.05,1.9,0.25,0.3048,224,0.773,"Associação entre territórios (zonas eleitorais), não comportamento individual (falácia ecológica)."
renan26,PE,UF,16–24 anos,-0.33,-0.07,2.2,0.23,0.1452,209,0.755,"Associação entre territórios (zonas eleitorais), não comportamento individual (falácia ecológica)."
renan26,PE,UF,25–34 anos,-0.27,-0.04,1.6,0.3,0.3645,209,0.755,"Associação entre territórios (zonas eleitorais), não comportamento individual (falácia ecológica)."
renan26,PE,UF,45–59 anos,-0.17,-0.03,1.8,0.31,0.5798,209,0.755,"Associação entre territórios (zonas eleitorais), não comportamento individual (falácia ecológica)."
renan26,PE,UF,60–69 anos,-1.71,-0.28,1.6,0.36,0.0,209,0.755,"Associação entre territórios (zonas eleitorais), não comportamento individual (falácia ecológica)."
renan26,PE,UF,70+ anos,0.27,0.06,2.1,0.25,0.2812,209,0.755,"Associação entre territórios (zonas eleitorais), não comportamento individual (falácia ecológica)."
renan26,PE,UF,sem fundamental completo,-0.19,-0.24,12.9,0.04,0.0,209,0.755,"Associação entre territórios (zonas eleitorais), não comportamento individual (falácia ecológica)."
renan26,PE,UF,fundamental (até médio incompleto),-0.04,-0.01,2.8,0.09,0.6147,209,0.755,"Associação entre territórios (zonas eleitorais), não comportamento individual (falácia ecológica)."
renan26,PE,UF,superior completo,-0.04,-0.03,6.8,0.04,0.319,209,0.755,"Associação entre territórios (zonas eleitorais), não comportamento individual (falácia ecológica)."
renan26,PE,UF,mulheres,0.94,0.14,1.5,0.16,0.0,209,0.755,"Associação entre territórios (zonas eleitorais), não comportamento individual (falácia ecológica)."
renan26,PI,UF,16–24 anos,-0.24,-0.04,1.8,0.37,0.5142,215,0.828,"Associação entre territórios (zonas eleitorais), não comportamento individual (falácia ecológica)."
renan26,PI,UF,25–34 anos,0.85,0.1,1.2,0.3,0.0045,215,0.828,"Associação entre territórios (zonas eleitorais), não comportamento individual (falácia ecológica)."
renan26,PI,UF,45–59 anos,0.88,0.13,1.5,0.3,0.0035,215,0.828,"Associação entre territórios (zonas eleitorais), não comportamento individual (falácia ecológica)."
renan26,PI,UF,60–69 anos,0.28,0.03,1.0,0.33,0.3955,215,0.828,"Associação entre territórios (zonas eleitorais), não comportamento individual (falácia ecológica)."
renan26,PI,UF,70+ anos,0.04,0.01,1.5,0.29,0.8945,215,0.828,"Associação entre territórios (zonas eleitorais), não comportamento individual (falácia ecológica)."
renan26,PI,UF,sem fundamental completo,-0.01,-0.01,13.2,0.05,0.8946,215,0.828,"Associação entre territórios (zonas eleitorais), não comportamento individual (falácia ecológica)."
renan26,PI,UF,fundamental (até médio incompleto),0.19,0.04,1.9,0.15,0.2052,215,0.828,"Associação entre territórios (zonas eleitorais), não comportamento individual (falácia ecológica)."
renan26,PI,UF,superior completo,0.18,0.07,4.1,0.08,0.0168,215,0.828,"Associação entre territórios (zonas eleitorais), não comportamento individual (falácia ecológica)."
renan26,PI,UF,mulheres,0.71,0.16,2.2,0.18,0.0001,215,0.828,"Associação entre territórios (zonas eleitorais), não comportamento individual (falácia ecológica)."
renan26,PR,UF,16–24 anos,-0.03,-0.0,1.5,0.42,0.9431,412,0.888,"Associação entre territórios (zonas eleitorais), não comportamento individual (falácia ecológica)."
renan26,PR,UF,25–34 anos,-0.28,-0.05,1.8,0.54,0.6003,412,0.888,"Associação entre territórios (zonas eleitorais), não comportamento individual (falácia ecológica)."
renan26,PR,UF,45–59 anos,0.27,0.02,0.9,0.45,0.5538,412,0.888,"Associação entre territórios (zonas eleitorais), não comportamento individual (falácia ecológica)."
renan26,PR,UF,60–69 anos,-1.16,-0.17,1.4,0.42,0.0061,412,0.888,"Associação entre territórios (zonas eleitorais), não comportamento individual (falácia ecológica)."
renan26,PR,UF,70+ anos,-0.32,-0.08,2.5,0.33,0.3382,412,0.888,"Associação entre territórios (zonas eleitorais), não comportamento individual (falácia ecológica)."
renan26,PR,UF,sem fundamental completo,-0.48,-0.5,10.3,0.08,0.0,412,0.888,"Associação entre territórios (zonas eleitorais), não comportamento individual (falácia ecológica)."
renan26,PR,UF,fundamental (até médio incompleto),-0.24,-0.08,3.5,0.16,0.1319,412,0.888,"Associação entre territórios (zonas eleitorais), não comportamento individual (falácia ecológica)."
renan26,PR,UF,superior completo,-0.18,-0.16,8.8,0.11,0.115,412,0.888,"Associação entre territórios (zonas eleitorais), não comportamento individual (falácia ecológica)."
renan26,PR,UF,mulheres,-0.94,-0.14,1.5,0.24,0.0001,412,0.888,"Associação entre territórios (zonas eleitorais), não comportamento individual (falácia ecológica)."
renan26,RJ,UF,16–24 anos,1.51,0.26,1.7,0.41,0.0002,178,0.662,"Associação entre territórios (zonas eleitorais), não comportamento individual (falácia ecológica)."
renan26,RJ,UF,25–34 anos,-0.67,-0.17,2.6,0.38,0.0773,178,0.662,"Associação entre territórios (zonas eleitorais), não comportamento individual (falácia ecológica)."
renan26,RJ,UF,45–59 anos,1.19,0.13,1.1,0.42,0.005,178,0.662,"Associação entre territórios (zonas eleitorais), não comportamento individual (falácia ecológica)."
renan26,RJ,UF,60–69 anos,0.88,0.12,1.4,0.29,0.0025,178,0.662,"Associação entre territórios (zonas eleitorais), não comportamento individual (falácia ecológica)."
renan26,RJ,UF,70+ anos,-0.16,-0.07,4.6,0.25,0.5407,178,0.662,"Associação entre territórios (zonas eleitorais), não comportamento individual (falácia ecológica)."
renan26,RJ,UF,sem fundamental completo,0.04,0.04,9.5,0.09,0.6245,178,0.662,"Associação entre territórios (zonas eleitorais), não comportamento individual (falácia ecológica)."
renan26,RJ,UF,fundamental (até médio incompleto),0.52,0.25,4.8,0.14,0.0003,178,0.662,"Associação entre territórios (zonas eleitorais), não comportamento individual (falácia ecológica)."
renan26,RJ,UF,superior completo,0.38,0.34,9.0,0.11,0.0008,178,0.662,"Associação entre territórios (zonas eleitorais), não comportamento individual (falácia ecológica)."
renan26,RJ,UF,mulheres,0.81,0.1,1.2,0.36,0.0246,178,0.662,"Associação entre territórios (zonas eleitorais), não comportamento individual (falácia ecológica)."
renan26,RN,UF,16–24 anos,1.25,0.26,2.0,0.35,0.0003,167,0.786,"Associação entre territórios (zonas eleitorais), não comportamento individual (falácia ecológica)."
renan26,RN,UF,25–34 anos,-0.84,-0.16,1.9,0.62,0.1764,167,0.786,"Associação entre territórios (zonas eleitorais), não comportamento individual (falácia ecológica)."
renan26,RN,UF,45–59 anos,0.32,0.04,1.2,0.32,0.3089,167,0.786,"Associação entre territórios (zonas eleitorais), não comportamento individual (falácia ecológica)."
renan26,RN,UF,60–69 anos,1.27,0.19,1.5,0.63,0.0436,167,0.786,"Associação entre territórios (zonas eleitorais), não comportamento individual (falácia ecológica)."
renan26,RN,UF,70+ anos,-0.75,-0.17,2.3,0.32,0.0195,167,0.786,"Associação entre territórios (zonas eleitorais), não comportamento individual (falácia ecológica)."
renan26,RN,UF,sem fundamental completo,-0.29,-0.36,12.7,0.09,0.0017,167,0.786,"Associação entre territórios (zonas eleitorais), não comportamento individual (falácia ecológica)."
renan26,RN,UF,fundamental (até médio incompleto),-0.08,-0.03,3.2,0.21,0.6933,167,0.786,"Associação entre territórios (zonas eleitorais), não comportamento individual (falácia ecológica)."
renan26,RN,UF,superior completo,-0.18,-0.15,8.0,0.16,0.242,167,0.786,"Associação entre territórios (zonas eleitorais), não comportamento individual (falácia ecológica)."
renan26,RN,UF,mulheres,-0.66,-0.12,1.8,0.46,0.1499,167,0.786,"Associação entre territórios (zonas eleitorais), não comportamento individual (falácia ecológica)."
renan26,RS,UF,16–24 anos,-0.8,-0.1,1.2,0.48,0.0929,518,0.76,"Associação entre territórios (zonas eleitorais), não comportamento individual (falácia ecológica)."
renan26,RS,UF,25–34 anos,-1.82,-0.31,1.7,0.32,0.0,518,0.76,"Associação entre territórios (zonas eleitorais), não comportamento individual (falácia ecológica)."
renan26,RS,UF,45–59 anos,-0.33,-0.03,1.0,0.41,0.4172,518,0.76,"Associação entre territórios (zonas eleitorais), não comportamento individual (falácia ecológica)."
renan26,RS,UF,60–69 anos,-0.95,-0.12,1.3,0.29,0.0012,518,0.76,"Associação entre territórios (zonas eleitorais), não comportamento individual (falácia ecológica)."
renan26,RS,UF,70+ anos,-1.19,-0.36,3.0,0.25,0.0,518,0.76,"Associação entre territórios (zonas eleitorais), não comportamento individual (falácia ecológica)."
renan26,RS,UF,sem fundamental completo,-0.34,-0.33,9.7,0.07,0.0,518,0.76,"Associação entre territórios (zonas eleitorais), não comportamento individual (falácia ecológica)."
renan26,RS,UF,fundamental (até médio incompleto),-0.51,-0.2,4.0,0.12,0.0,518,0.76,"Associação entre territórios (zonas eleitorais), não comportamento individual (falácia ecológica)."
renan26,RS,UF,superior completo,-0.78,-0.49,6.2,0.1,0.0,518,0.76,"Associação entre territórios (zonas eleitorais), não comportamento individual (falácia ecológica)."
renan26,RS,UF,mulheres,0.16,0.03,1.7,0.33,0.6266,518,0.76,"Associação entre territórios (zonas eleitorais), não comportamento individual (falácia ecológica)."
renan26,SC,UF,16–24 anos,-0.72,-0.08,1.2,0.42,0.0829,297,0.732,"Associação entre territórios (zonas eleitorais), não comportamento individual (falácia ecológica)."
renan26,SC,UF,25–34 anos,-1.58,-0.26,1.6,0.62,0.0113,297,0.732,"Associação entre territórios (zonas eleitorais), não comportamento individual (falácia ecológica)."
renan26,SC,UF,45–59 anos,-0.7,-0.07,1.0,0.56,0.2072,297,0.732,"Associação entre territórios (zonas eleitorais), não comportamento individual (falácia ecológica)."
renan26,SC,UF,60–69 anos,-0.35,-0.05,1.5,0.57,0.5406,297,0.732,"Associação entre territórios (zonas eleitorais), não comportamento individual (falácia ecológica)."
renan26,SC,UF,70+ anos,-0.85,-0.2,2.3,0.5,0.0901,297,0.732,"Associação entre territórios (zonas eleitorais), não comportamento individual (falácia ecológica)."
renan26,SC,UF,sem fundamental completo,-0.32,-0.32,10.0,0.11,0.0037,297,0.732,"Associação entre territórios (zonas eleitorais), não comportamento individual (falácia ecológica)."
renan26,SC,UF,fundamental (até médio incompleto),0.14,0.06,4.4,0.21,0.5119,297,0.732,"Associação entre territórios (zonas eleitorais), não comportamento individual (falácia ecológica)."
renan26,SC,UF,superior completo,-0.07,-0.06,8.1,0.18,0.675,297,0.732,"Associação entre territórios (zonas eleitorais), não comportamento individual (falácia ecológica)."
renan26,SC,UF,mulheres,-0.58,-0.09,1.5,0.42,0.1713,297,0.732,"Associação entre territórios (zonas eleitorais), não comportamento individual (falácia ecológica)."
renan26,SE,UF,16–24 anos,-0.31,-0.06,2.0,0.68,0.6494,75,0.892,"Associação entre territórios (zonas eleitorais), não comportamento individual (falácia ecológica)."
renan26,SE,UF,25–34 anos,0.76,0.14,1.8,0.82,0.3504,75,0.892,"Associação entre territórios (zonas eleitorais), não comportamento individual (falácia ecológica)."
renan26,SE,UF,45–59 anos,0.2,0.03,1.3,0.8,0.8004,75,0.892,"Associação entre territórios (zonas eleitorais), não comportamento individual (falácia ecológica)."
renan26,SE,UF,60–69 anos,1.33,0.16,1.2,0.77,0.0822,75,0.892,"Associação entre territórios (zonas eleitorais), não comportamento individual (falácia ecológica)."
renan26,SE,UF,70+ anos,-0.53,-0.11,2.1,0.71,0.4491,75,0.892,"Associação entre territórios (zonas eleitorais), não comportamento individual (falácia ecológica)."
renan26,SE,UF,sem fundamental completo,-0.02,-0.03,14.7,0.08,0.7765,75,0.892,"Associação entre territórios (zonas eleitorais), não comportamento individual (falácia ecológica)."
renan26,SE,UF,fundamental (até médio incompleto),-0.2,-0.07,3.4,0.31,0.5197,75,0.892,"Associação entre territórios (zonas eleitorais), não comportamento individual (falácia ecológica)."
renan26,SE,UF,superior completo,-0.04,-0.03,8.1,0.15,0.7773,75,0.892,"Associação entre territórios (zonas eleitorais), não comportamento individual (falácia ecológica)."
renan26,SE,UF,mulheres,0.39,0.07,1.7,0.35,0.2711,75,0.892,"Associação entre territórios (zonas eleitorais), não comportamento individual (falácia ecológica)."
renan26,SP,UF,16–24 anos,0.84,0.13,1.6,0.32,0.009,731,0.772,"Associação entre territórios (zonas eleitorais), não comportamento individual (falácia ecológica)."
renan26,SP,UF,25–34 anos,-0.85,-0.19,2.2,0.54,0.1184,731,0.772,"Associação entre territórios (zonas eleitorais), não comportamento individual (falácia ecológica)."
renan26,SP,UF,45–59 anos,0.52,0.04,0.8,0.35,0.1366,731,0.772,"Associação entre territórios (zonas eleitorais), não comportamento individual (falácia ecológica)."
renan26,SP,UF,60–69 anos,-1.56,-0.26,1.7,0.31,0.0,731,0.772,"Associação entre territórios (zonas eleitorais), não comportamento individual (falácia ecológica)."
renan26,SP,UF,70+ anos,0.11,0.04,3.3,0.29,0.7083,731,0.772,"Associação entre territórios (zonas eleitorais), não comportamento individual (falácia ecológica)."
renan26,SP,UF,sem fundamental completo,-0.61,-0.39,6.4,0.06,0.0,731,0.772,"Associação entre territórios (zonas eleitorais), não comportamento individual (falácia ecológica)."
renan26,SP,UF,fundamental (até médio incompleto),0.44,0.18,4.0,0.13,0.0006,731,0.772,"Associação entre territórios (zonas eleitorais), não comportamento individual (falácia ecológica)."
renan26,SP,UF,superior completo,0.04,0.03,8.4,0.08,0.6458,731,0.772,"Associação entre territórios (zonas eleitorais), não comportamento individual (falácia ecológica)."
renan26,SP,UF,mulheres,-0.05,-0.01,1.3,0.29,0.8705,731,0.772,"Associação entre territórios (zonas eleitorais), não comportamento individual (falácia ecológica)."
renan26,TO,UF,16–24 anos,0.43,0.07,1.6,0.52,0.4097,128,0.862,"Associação entre territórios (zonas eleitorais), não comportamento individual (falácia ecológica)."
renan26,TO,UF,25–34 anos,0.1,0.02,1.9,0.64,0.8729,128,0.862,"Associação entre territórios (zonas eleitorais), não comportamento individual (falácia ecológica)."
renan26,TO,UF,45–59 anos,0.55,0.08,1.5,0.52,0.2875,128,0.862,"Associação entre territórios (zonas eleitorais), não comportamento individual (falácia ecológica)."
renan26,TO,UF,60–69 anos,-0.55,-0.08,1.6,0.71,0.443,128,0.862,"Associação entre territórios (zonas eleitorais), não comportamento individual (falácia ecológica)."
renan26,TO,UF,70+ anos,-0.31,-0.08,2.5,0.38,0.4075,128,0.862,"Associação entre territórios (zonas eleitorais), não comportamento individual (falácia ecológica)."
renan26,TO,UF,sem fundamental completo,-0.29,-0.35,12.0,0.14,0.0369,128,0.862,"Associação entre territórios (zonas eleitorais), não comportamento individual (falácia ecológica)."
renan26,TO,UF,fundamental (até médio incompleto),-0.66,-0.11,1.6,0.28,0.02,128,0.862,"Associação entre territórios (zonas eleitorais), não comportamento individual (falácia ecológica)."
renan26,TO,UF,superior completo,-0.18,-0.09,4.8,0.32,0.571,128,0.862,"Associação entre territórios (zonas eleitorais), não comportamento individual (falácia ecológica)."
renan26,TO,UF,mulheres,0.14,0.04,2.7,0.24,0.5478,128,0.862,"Associação entre territórios (zonas eleitorais), não comportamento individual (falácia ecológica)."
caiado26,Brasil,Brasil,16–24 anos,-0.01,-0.0,2.8,0.33,0.9738,5847,0.898,"Associação entre territórios (zonas eleitorais), não comportamento individual (falácia ecológica)."
caiado26,Brasil,Brasil,25–34 anos,0.5,0.12,2.3,0.36,0.159,5847,0.898,"Associação entre territórios (zonas eleitorais), não comportamento individual (falácia ecológica)."
caiado26,Brasil,Brasil,45–59 anos,0.84,0.14,1.7,0.42,0.0435,5847,0.898,"Associação entre territórios (zonas eleitorais), não comportamento individual (falácia ecológica)."
caiado26,Brasil,Brasil,60–69 anos,0.59,0.12,2.1,0.32,0.0695,5847,0.898,"Associação entre territórios (zonas eleitorais), não comportamento individual (falácia ecológica)."
caiado26,Brasil,Brasil,70+ anos,0.47,0.16,3.4,0.27,0.0839,5847,0.898,"Associação entre territórios (zonas eleitorais), não comportamento individual (falácia ecológica)."
caiado26,Brasil,Brasil,sem fundamental completo,-0.07,-0.08,12.6,0.04,0.0676,5847,0.898,"Associação entre territórios (zonas eleitorais), não comportamento individual (falácia ecológica)."
caiado26,Brasil,Brasil,fundamental (até médio incompleto),0.07,0.03,4.4,0.09,0.4566,5847,0.898,"Associação entre territórios (zonas eleitorais), não comportamento individual (falácia ecológica)."
caiado26,Brasil,Brasil,superior completo,0.05,0.05,8.3,0.11,0.6273,5847,0.898,"Associação entre territórios (zonas eleitorais), não comportamento individual (falácia ecológica)."
caiado26,Brasil,Brasil,mulheres,-0.45,-0.08,1.8,0.14,0.001,5847,0.898,"Associação entre territórios (zonas eleitorais), não comportamento individual (falácia ecológica)."
caiado26,Centro-Oeste,região,16–24 anos,0.86,0.16,1.9,2.44,0.7259,458,0.885,"Associação entre territórios (zonas eleitorais), não comportamento individual (falácia ecológica)."
caiado26,Centro-Oeste,região,25–34 anos,1.2,0.24,2.0,3.13,0.7022,458,0.885,"Associação entre territórios (zonas eleitorais), não comportamento individual (falácia ecológica)."
caiado26,Centro-Oeste,região,45–59 anos,2.81,0.39,1.4,2.71,0.3011,458,0.885,"Associação entre territórios (zonas eleitorais), não comportamento individual (falácia ecológica)."
caiado26,Centro-Oeste,região,60–69 anos,3.4,0.57,1.7,2.57,0.1865,458,0.885,"Associação entre territórios (zonas eleitorais), não comportamento individual (falácia ecológica)."
caiado26,Centro-Oeste,região,70+ anos,0.66,0.16,2.5,2.06,0.7496,458,0.885,"Associação entre territórios (zonas eleitorais), não comportamento individual (falácia ecológica)."
caiado26,Centro-Oeste,região,sem fundamental completo,-0.01,-0.01,11.0,0.23,0.9551,458,0.885,"Associação entre territórios (zonas eleitorais), não comportamento individual (falácia ecológica)."
caiado26,Centro-Oeste,região,fundamental (até médio incompleto),2.58,1.02,4.0,1.08,0.017,458,0.885,"Associação entre territórios (zonas eleitorais), não comportamento individual (falácia ecológica)."
caiado26,Centro-Oeste,região,superior completo,0.43,0.44,10.4,0.4,0.2817,458,0.885,"Associação entre territórios (zonas eleitorais), não comportamento individual (falácia ecológica)."
caiado26,Centro-Oeste,região,mulheres,-1.11,-0.21,1.9,1.07,0.2977,458,0.885,"Associação entre territórios (zonas eleitorais), não comportamento individual (falácia ecológica)."
caiado26,Nordeste,região,16–24 anos,-0.59,-0.15,2.5,0.17,0.0007,1850,0.729,"Associação entre territórios (zonas eleitorais), não comportamento individual (falácia ecológica)."
caiado26,Nordeste,região,25–34 anos,-0.07,-0.01,1.8,0.22,0.7645,1850,0.729,"Associação entre territórios (zonas eleitorais), não comportamento individual (falácia ecológica)."
caiado26,Nordeste,região,45–59 anos,0.16,0.03,1.9,0.24,0.5239,1850,0.729,"Associação entre territórios (zonas eleitorais), não comportamento individual (falácia ecológica)."
caiado26,Nordeste,região,60–69 anos,-0.23,-0.03,1.5,0.24,0.3483,1850,0.729,"Associação entre territórios (zonas eleitorais), não comportamento individual (falácia ecológica)."
caiado26,Nordeste,região,70+ anos,-0.07,-0.01,2.1,0.18,0.692,1850,0.729,"Associação entre territórios (zonas eleitorais), não comportamento individual (falácia ecológica)."
caiado26,Nordeste,região,sem fundamental completo,-0.04,-0.05,13.1,0.03,0.2182,1850,0.729,"Associação entre territórios (zonas eleitorais), não comportamento individual (falácia ecológica)."
caiado26,Nordeste,região,fundamental (até médio incompleto),-0.02,-0.01,3.1,0.08,0.8179,1850,0.729,"Associação entre territórios (zonas eleitorais), não comportamento individual (falácia ecológica)."
caiado26,Nordeste,região,superior completo,0.08,0.06,6.8,0.06,0.1737,1850,0.729,"Associação entre territórios (zonas eleitorais), não comportamento individual (falácia ecológica)."
caiado26,Nordeste,região,mulheres,-0.02,-0.0,2.0,0.15,0.9066,1850,0.729,"Associação entre territórios (zonas eleitorais), não comportamento individual (falácia ecológica)."
caiado26,Norte,região,16–24 anos,0.01,0.0,3.2,0.3,0.979,437,0.71,"Associação entre territórios (zonas eleitorais), não comportamento individual (falácia ecológica)."
caiado26,Norte,região,25–34 anos,-0.05,-0.01,2.3,0.35,0.8806,437,0.71,"Associação entre territórios (zonas eleitorais), não comportamento individual (falácia ecológica)."
caiado26,Norte,região,45–59 anos,0.53,0.12,2.3,0.42,0.2069,437,0.71,"Associação entre territórios (zonas eleitorais), não comportamento individual (falácia ecológica)."
caiado26,Norte,região,60–69 anos,0.61,0.12,1.9,0.38,0.1094,437,0.71,"Associação entre territórios (zonas eleitorais), não comportamento individual (falácia ecológica)."
caiado26,Norte,região,70+ anos,-0.03,-0.01,2.1,0.27,0.9092,437,0.71,"Associação entre territórios (zonas eleitorais), não comportamento individual (falácia ecológica)."
caiado26,Norte,região,sem fundamental completo,0.05,0.07,13.5,0.06,0.4178,437,0.71,"Associação entre territórios (zonas eleitorais), não comportamento individual (falácia ecológica)."
caiado26,Norte,região,fundamental (até médio incompleto),0.18,0.06,3.2,0.14,0.2212,437,0.71,"Associação entre territórios (zonas eleitorais), não comportamento individual (falácia ecológica)."
caiado26,Norte,região,superior completo,0.13,0.07,6.0,0.14,0.3622,437,0.71,"Associação entre territórios (zonas eleitorais), não comportamento individual (falácia ecológica)."
caiado26,Norte,região,mulheres,0.23,0.05,2.1,0.22,0.3007,437,0.71,"Associação entre territórios (zonas eleitorais), não comportamento individual (falácia ecológica)."
caiado26,Sudeste,região,16–24 anos,-0.11,-0.02,1.6,0.21,0.6091,1875,0.424,"Associação entre territórios (zonas eleitorais), não comportamento individual (falácia ecológica)."
caiado26,Sudeste,região,25–34 anos,0.67,0.14,2.1,0.27,0.0118,1875,0.424,"Associação entre territórios (zonas eleitorais), não comportamento individual (falácia ecológica)."
caiado26,Sudeste,região,45–59 anos,0.96,0.11,1.1,0.25,0.0001,1875,0.424,"Associação entre territórios (zonas eleitorais), não comportamento individual (falácia ecológica)."
caiado26,Sudeste,região,60–69 anos,0.57,0.09,1.6,0.23,0.0123,1875,0.424,"Associação entre territórios (zonas eleitorais), não comportamento individual (falácia ecológica)."
caiado26,Sudeste,região,70+ anos,0.39,0.15,3.7,0.19,0.0429,1875,0.424,"Associação entre territórios (zonas eleitorais), não comportamento individual (falácia ecológica)."
caiado26,Sudeste,região,sem fundamental completo,0.04,0.04,10.3,0.06,0.4862,1875,0.424,"Associação entre territórios (zonas eleitorais), não comportamento individual (falácia ecológica)."
caiado26,Sudeste,região,fundamental (até médio incompleto),0.29,0.15,5.2,0.1,0.004,1875,0.424,"Associação entre territórios (zonas eleitorais), não comportamento individual (falácia ecológica)."
caiado26,Sudeste,região,superior completo,0.38,0.33,8.5,0.13,0.004,1875,0.424,"Associação entre territórios (zonas eleitorais), não comportamento individual (falácia ecológica)."
caiado26,Sudeste,região,mulheres,-0.43,-0.07,1.5,0.17,0.0123,1875,0.424,"Associação entre territórios (zonas eleitorais), não comportamento individual (falácia ecológica)."
caiado26,Sul,região,16–24 anos,0.3,0.05,1.5,0.39,0.4366,1227,0.385,"Associação entre territórios (zonas eleitorais), não comportamento individual (falácia ecológica)."
caiado26,Sul,região,25–34 anos,0.09,0.02,1.9,0.47,0.8474,1227,0.385,"Associação entre territórios (zonas eleitorais), não comportamento individual (falácia ecológica)."
caiado26,Sul,região,45–59 anos,0.39,0.04,1.1,0.41,0.3432,1227,0.385,"Associação entre territórios (zonas eleitorais), não comportamento individual (falácia ecológica)."
caiado26,Sul,região,60–69 anos,0.19,0.03,1.6,0.38,0.6122,1227,0.385,"Associação entre territórios (zonas eleitorais), não comportamento individual (falácia ecológica)."
caiado26,Sul,região,70+ anos,0.8,0.26,3.2,0.34,0.0191,1227,0.385,"Associação entre territórios (zonas eleitorais), não comportamento individual (falácia ecológica)."
caiado26,Sul,região,sem fundamental completo,-0.16,-0.17,10.3,0.09,0.0757,1227,0.385,"Associação entre territórios (zonas eleitorais), não comportamento individual (falácia ecológica)."
caiado26,Sul,região,fundamental (até médio incompleto),-0.49,-0.22,4.4,0.15,0.0007,1227,0.385,"Associação entre territórios (zonas eleitorais), não comportamento individual (falácia ecológica)."
caiado26,Sul,região,superior completo,-0.41,-0.32,7.9,0.13,0.0018,1227,0.385,"Associação entre territórios (zonas eleitorais), não comportamento individual (falácia ecológica)."
caiado26,Sul,região,mulheres,-1.9,-0.31,1.6,0.26,0.0,1227,0.385,"Associação entre territórios (zonas eleitorais), não comportamento individual (falácia ecológica)."
caiado26,AL,UF,16–24 anos,0.15,0.03,2.3,0.28,0.5958,99,0.905,"Associação entre territórios (zonas eleitorais), não comportamento individual (falácia ecológica)."
caiado26,AL,UF,25–34 anos,0.16,0.02,1.5,0.38,0.6707,99,0.905,"Associação entre territórios (zonas eleitorais), não comportamento individual (falácia ecológica)."
caiado26,AL,UF,45–59 anos,0.71,0.13,1.8,0.39,0.0724,99,0.905,"Associação entre territórios (zonas eleitorais), não comportamento individual (falácia ecológica)."
caiado26,AL,UF,60–69 anos,0.55,0.06,1.2,0.44,0.2167,99,0.905,"Associação entre territórios (zonas eleitorais), não comportamento individual (falácia ecológica)."
caiado26,AL,UF,70+ anos,-0.0,-0.0,1.5,0.27,0.9929,99,0.905,"Associação entre territórios (zonas eleitorais), não comportamento individual (falácia ecológica)."
caiado26,AL,UF,sem fundamental completo,-0.08,-0.1,12.4,0.07,0.2477,99,0.905,"Associação entre territórios (zonas eleitorais), não comportamento individual (falácia ecológica)."
caiado26,AL,UF,fundamental (até médio incompleto),-0.11,-0.03,2.8,0.13,0.3969,99,0.905,"Associação entre territórios (zonas eleitorais), não comportamento individual (falácia ecológica)."
caiado26,AL,UF,superior completo,0.03,0.02,6.1,0.07,0.731,99,0.905,"Associação entre territórios (zonas eleitorais), não comportamento individual (falácia ecológica)."
caiado26,AL,UF,mulheres,-0.23,-0.04,1.8,0.19,0.2341,99,0.905,"Associação entre territórios (zonas eleitorais), não comportamento individual (falácia ecológica)."
caiado26,AM,UF,16–24 anos,0.09,0.03,3.6,0.35,0.7926,66,0.756,"Associação entre territórios (zonas eleitorais), não comportamento individual (falácia ecológica)."
caiado26,AM,UF,25–34 anos,0.06,0.01,2.1,0.38,0.8783,66,0.756,"Associação entre territórios (zonas eleitorais), não comportamento individual (falácia ecológica)."
caiado26,AM,UF,45–59 anos,0.49,0.14,2.9,0.46,0.2842,66,0.756,"Associação entre territórios (zonas eleitorais), não comportamento individual (falácia ecológica)."
caiado26,AM,UF,60–69 anos,0.9,0.15,1.7,0.42,0.0315,66,0.756,"Associação entre territórios (zonas eleitorais), não comportamento individual (falácia ecológica)."
caiado26,AM,UF,70+ anos,-0.94,-0.15,1.6,0.56,0.0916,66,0.756,"Associação entre territórios (zonas eleitorais), não comportamento individual (falácia ecológica)."
caiado26,AM,UF,sem fundamental completo,0.31,0.38,12.5,0.07,0.0,66,0.756,"Associação entre territórios (zonas eleitorais), não comportamento individual (falácia ecológica)."
caiado26,AM,UF,fundamental (até médio incompleto),-0.34,-0.13,3.8,0.14,0.0143,66,0.756,"Associação entre territórios (zonas eleitorais), não comportamento individual (falácia ecológica)."
caiado26,AM,UF,superior completo,0.16,0.11,6.8,0.09,0.0715,66,0.756,"Associação entre territórios (zonas eleitorais), não comportamento individual (falácia ecológica)."
caiado26,AM,UF,mulheres,0.7,0.14,2.0,0.4,0.0809,66,0.756,"Associação entre territórios (zonas eleitorais), não comportamento individual (falácia ecológica)."
caiado26,BA,UF,16–24 anos,-0.79,-0.16,2.0,0.38,0.0347,448,0.727,"Associação entre territórios (zonas eleitorais), não comportamento individual (falácia ecológica)."
caiado26,BA,UF,25–34 anos,-1.11,-0.17,1.6,0.52,0.0335,448,0.727,"Associação entre territórios (zonas eleitorais), não comportamento individual (falácia ecológica)."
caiado26,BA,UF,45–59 anos,-0.67,-0.12,1.8,0.49,0.1671,448,0.727,"Associação entre territórios (zonas eleitorais), não comportamento individual (falácia ecológica)."
caiado26,BA,UF,60–69 anos,0.2,0.03,1.4,0.37,0.5948,448,0.727,"Associação entre territórios (zonas eleitorais), não comportamento individual (falácia ecológica)."
caiado26,BA,UF,70+ anos,-0.77,-0.16,2.1,0.43,0.0723,448,0.727,"Associação entre territórios (zonas eleitorais), não comportamento individual (falácia ecológica)."
caiado26,BA,UF,sem fundamental completo,-0.04,-0.05,13.4,0.07,0.6012,448,0.727,"Associação entre territórios (zonas eleitorais), não comportamento individual (falácia ecológica)."
caiado26,BA,UF,fundamental (até médio incompleto),-0.02,-0.01,2.7,0.18,0.9201,448,0.727,"Associação entre territórios (zonas eleitorais), não comportamento individual (falácia ecológica)."
caiado26,BA,UF,superior completo,0.04,0.03,7.0,0.11,0.7264,448,0.727,"Associação entre territórios (zonas eleitorais), não comportamento individual (falácia ecológica)."
caiado26,BA,UF,mulheres,0.47,0.1,2.1,0.26,0.0698,448,0.727,"Associação entre territórios (zonas eleitorais), não comportamento individual (falácia ecológica)."
caiado26,CE,UF,16–24 anos,-0.26,-0.05,1.9,0.27,0.3325,201,0.787,"Associação entre territórios (zonas eleitorais), não comportamento individual (falácia ecológica)."
caiado26,CE,UF,25–34 anos,0.05,0.01,1.9,0.29,0.8648,201,0.787,"Associação entre territórios (zonas eleitorais), não comportamento individual (falácia ecológica)."
caiado26,CE,UF,45–59 anos,-0.04,-0.0,1.3,0.34,0.9134,201,0.787,"Associação entre territórios (zonas eleitorais), não comportamento individual (falácia ecológica)."
caiado26,CE,UF,60–69 anos,0.32,0.05,1.5,0.23,0.1602,201,0.787,"Associação entre territórios (zonas eleitorais), não comportamento individual (falácia ecológica)."
caiado26,CE,UF,70+ anos,-0.14,-0.03,2.4,0.26,0.5969,201,0.787,"Associação entre territórios (zonas eleitorais), não comportamento individual (falácia ecológica)."
caiado26,CE,UF,sem fundamental completo,-0.01,-0.01,11.1,0.05,0.8631,201,0.787,"Associação entre territórios (zonas eleitorais), não comportamento individual (falácia ecológica)."
caiado26,CE,UF,fundamental (até médio incompleto),0.07,0.02,3.0,0.11,0.5531,201,0.787,"Associação entre territórios (zonas eleitorais), não comportamento individual (falácia ecológica)."
caiado26,CE,UF,superior completo,0.18,0.12,7.1,0.07,0.0182,201,0.787,"Associação entre territórios (zonas eleitorais), não comportamento individual (falácia ecológica)."
caiado26,CE,UF,mulheres,-0.27,-0.05,1.8,0.2,0.1663,201,0.787,"Associação entre territórios (zonas eleitorais), não comportamento individual (falácia ecológica)."
caiado26,ES,UF,16–24 anos,-2.97,-0.37,1.2,0.57,0.0,85,0.632,"Associação entre territórios (zonas eleitorais), não comportamento individual (falácia ecológica)."
caiado26,ES,UF,25–34 anos,-0.75,-0.1,1.3,0.76,0.3193,85,0.632,"Associação entre territórios (zonas eleitorais), não comportamento individual (falácia ecológica)."
caiado26,ES,UF,45–59 anos,-0.9,-0.06,0.6,0.81,0.2659,85,0.632,"Associação entre territórios (zonas eleitorais), não comportamento individual (falácia ecológica)."
caiado26,ES,UF,60–69 anos,0.57,0.08,1.3,0.62,0.3597,85,0.632,"Associação entre territórios (zonas eleitorais), não comportamento individual (falácia ecológica)."
caiado26,ES,UF,70+ anos,-1.21,-0.24,2.0,0.51,0.0183,85,0.632,"Associação entre territórios (zonas eleitorais), não comportamento individual (falácia ecológica)."
caiado26,ES,UF,sem fundamental completo,0.02,0.02,11.7,0.08,0.8378,85,0.632,"Associação entre territórios (zonas eleitorais), não comportamento individual (falácia ecológica)."
caiado26,ES,UF,fundamental (até médio incompleto),0.1,0.06,5.5,0.16,0.5217,85,0.632,"Associação entre territórios (zonas eleitorais), não comportamento individual (falácia ecológica)."
caiado26,ES,UF,superior completo,-0.02,-0.02,9.9,0.12,0.8483,85,0.632,"Associação entre territórios (zonas eleitorais), não comportamento individual (falácia ecológica)."
caiado26,ES,UF,mulheres,-0.63,-0.1,1.5,0.57,0.2632,85,0.632,"Associação entre territórios (zonas eleitorais), não comportamento individual (falácia ecológica)."
caiado26,GO,UF,16–24 anos,1.19,0.24,2.0,5.69,0.8347,226,0.187,"Associação entre territórios (zonas eleitorais), não comportamento individual (falácia ecológica)."
caiado26,GO,UF,25–34 anos,2.95,0.58,2.0,6.44,0.6469,226,0.187,"Associação entre territórios (zonas eleitorais), não comportamento individual (falácia ecológica)."
caiado26,GO,UF,45–59 anos,4.49,0.42,0.9,6.3,0.4757,226,0.187,"Associação entre territórios (zonas eleitorais), não comportamento individual (falácia ecológica)."
caiado26,GO,UF,60–69 anos,7.51,1.41,1.9,5.43,0.1669,226,0.187,"Associação entre territórios (zonas eleitorais), não comportamento individual (falácia ecológica)."
caiado26,GO,UF,70+ anos,-0.03,-0.01,2.7,4.95,0.9949,226,0.187,"Associação entre territórios (zonas eleitorais), não comportamento individual (falácia ecológica)."
caiado26,GO,UF,sem fundamental completo,-0.07,-0.06,9.2,0.57,0.9062,226,0.187,"Associação entre territórios (zonas eleitorais), não comportamento individual (falácia ecológica)."
caiado26,GO,UF,fundamental (até médio incompleto),4.32,1.42,3.3,2.0,0.0308,226,0.187,"Associação entre territórios (zonas eleitorais), não comportamento individual (falácia ecológica)."
caiado26,GO,UF,superior completo,0.63,0.45,7.2,1.07,0.5531,226,0.187,"Associação entre territórios (zonas eleitorais), não comportamento individual (falácia ecológica)."
caiado26,GO,UF,mulheres,-0.53,-0.1,1.8,2.6,0.8378,226,0.187,"Associação entre territórios (zonas eleitorais), não comportamento individual (falácia ecológica)."
caiado26,MA,UF,16–24 anos,-0.59,-0.16,2.7,0.26,0.0243,212,0.803,"Associação entre territórios (zonas eleitorais), não comportamento individual (falácia ecológica)."
caiado26,MA,UF,25–34 anos,0.17,0.02,1.4,0.38,0.6564,212,0.803,"Associação entre territórios (zonas eleitorais), não comportamento individual (falácia ecológica)."
caiado26,MA,UF,45–59 anos,-0.1,-0.02,1.8,0.4,0.8079,212,0.803,"Associação entre territórios (zonas eleitorais), não comportamento individual (falácia ecológica)."
caiado26,MA,UF,60–69 anos,0.14,0.01,1.0,0.38,0.7196,212,0.803,"Associação entre territórios (zonas eleitorais), não comportamento individual (falácia ecológica)."
caiado26,MA,UF,70+ anos,0.08,0.01,1.4,0.34,0.8097,212,0.803,"Associação entre territórios (zonas eleitorais), não comportamento individual (falácia ecológica)."
caiado26,MA,UF,sem fundamental completo,-0.22,-0.29,13.1,0.05,0.0,212,0.803,"Associação entre territórios (zonas eleitorais), não comportamento individual (falácia ecológica)."
caiado26,MA,UF,fundamental (até médio incompleto),-0.05,-0.01,2.7,0.11,0.6491,212,0.803,"Associação entre territórios (zonas eleitorais), não comportamento individual (falácia ecológica)."
caiado26,MA,UF,superior completo,-0.02,-0.01,4.7,0.08,0.82,212,0.803,"Associação entre territórios (zonas eleitorais), não comportamento individual (falácia ecológica)."
caiado26,MA,UF,mulheres,-1.0,-0.2,2.0,0.19,0.0,212,0.803,"Associação entre territórios (zonas eleitorais), não comportamento individual (falácia ecológica)."
caiado26,MG,UF,16–24 anos,-0.97,-0.16,1.6,0.45,0.0302,881,0.335,"Associação entre territórios (zonas eleitorais), não comportamento individual (falácia ecológica)."
caiado26,MG,UF,25–34 anos,0.3,0.05,1.7,0.52,0.5676,881,0.335,"Associação entre territórios (zonas eleitorais), não comportamento individual (falácia ecológica)."
caiado26,MG,UF,45–59 anos,0.7,0.09,1.3,0.46,0.1289,881,0.335,"Associação entre territórios (zonas eleitorais), não comportamento individual (falácia ecológica)."
caiado26,MG,UF,60–69 anos,0.54,0.08,1.5,0.55,0.3247,881,0.335,"Associação entre territórios (zonas eleitorais), não comportamento individual (falácia ecológica)."
caiado26,MG,UF,70+ anos,-0.11,-0.03,2.9,0.4,0.792,881,0.335,"Associação entre territórios (zonas eleitorais), não comportamento individual (falácia ecológica)."
caiado26,MG,UF,sem fundamental completo,-0.23,-0.26,11.4,0.09,0.0097,881,0.335,"Associação entre territórios (zonas eleitorais), não comportamento individual (falácia ecológica)."
caiado26,MG,UF,fundamental (até médio incompleto),0.2,0.07,3.6,0.12,0.1063,881,0.335,"Associação entre territórios (zonas eleitorais), não comportamento individual (falácia ecológica)."
caiado26,MG,UF,superior completo,0.07,0.05,6.8,0.11,0.5057,881,0.335,"Associação entre territórios (zonas eleitorais), não comportamento individual (falácia ecológica)."
caiado26,MG,UF,mulheres,-1.46,-0.26,1.8,0.32,0.0,881,0.335,"Associação entre territórios (zonas eleitorais), não comportamento individual (falácia ecológica)."
caiado26,MS,UF,16–24 anos,-0.16,-0.03,1.7,0.59,0.7925,87,0.684,"Associação entre territórios (zonas eleitorais), não comportamento individual (falácia ecológica)."
caiado26,MS,UF,25–34 anos,1.45,0.23,1.6,0.7,0.0391,87,0.684,"Associação entre territórios (zonas eleitorais), não comportamento individual (falácia ecológica)."
caiado26,MS,UF,45–59 anos,2.67,0.32,1.2,0.87,0.0022,87,0.684,"Associação entre territórios (zonas eleitorais), não comportamento individual (falácia ecológica)."
caiado26,MS,UF,60–69 anos,-0.44,-0.06,1.3,0.83,0.5972,87,0.684,"Associação entre territórios (zonas eleitorais), não comportamento individual (falácia ecológica)."
caiado26,MS,UF,70+ anos,1.68,0.32,1.9,0.78,0.0323,87,0.684,"Associação entre territórios (zonas eleitorais), não comportamento individual (falácia ecológica)."
caiado26,MS,UF,sem fundamental completo,-0.41,-0.48,11.7,0.17,0.0174,87,0.684,"Associação entre territórios (zonas eleitorais), não comportamento individual (falácia ecológica)."
caiado26,MS,UF,fundamental (até médio incompleto),-0.55,-0.16,2.9,0.34,0.1055,87,0.684,"Associação entre territórios (zonas eleitorais), não comportamento individual (falácia ecológica)."
caiado26,MS,UF,superior completo,-0.42,-0.31,7.4,0.17,0.0167,87,0.684,"Associação entre territórios (zonas eleitorais), não comportamento individual (falácia ecológica)."
caiado26,MS,UF,mulheres,-0.81,-0.14,1.7,0.48,0.0875,87,0.684,"Associação entre territórios (zonas eleitorais), não comportamento individual (falácia ecológica)."
caiado26,MT,UF,16–24 anos,1.96,0.24,1.2,0.79,0.0132,126,0.532,"Associação entre territórios (zonas eleitorais), não comportamento individual (falácia ecológica)."
caiado26,MT,UF,25–34 anos,0.08,0.01,1.8,0.88,0.9269,126,0.532,"Associação entre territórios (zonas eleitorais), não comportamento individual (falácia ecológica)."
caiado26,MT,UF,45–59 anos,2.47,0.29,1.2,0.86,0.0041,126,0.532,"Associação entre territórios (zonas eleitorais), não comportamento individual (falácia ecológica)."
caiado26,MT,UF,60–69 anos,-0.18,-0.03,1.6,0.59,0.7569,126,0.532,"Associação entre territórios (zonas eleitorais), não comportamento individual (falácia ecológica)."
caiado26,MT,UF,70+ anos,2.39,0.55,2.3,0.62,0.0001,126,0.532,"Associação entre territórios (zonas eleitorais), não comportamento individual (falácia ecológica)."
caiado26,MT,UF,sem fundamental completo,-0.6,-0.59,9.8,0.18,0.0009,126,0.532,"Associação entre territórios (zonas eleitorais), não comportamento individual (falácia ecológica)."
caiado26,MT,UF,fundamental (até médio incompleto),0.23,0.06,2.7,0.36,0.527,126,0.532,"Associação entre territórios (zonas eleitorais), não comportamento individual (falácia ecológica)."
caiado26,MT,UF,superior completo,-0.31,-0.2,6.5,0.29,0.2751,126,0.532,"Associação entre territórios (zonas eleitorais), não comportamento individual (falácia ecológica)."
caiado26,MT,UF,mulheres,-0.43,-0.1,2.3,0.6,0.4804,126,0.532,"Associação entre territórios (zonas eleitorais), não comportamento individual (falácia ecológica)."
caiado26,PA,UF,16–24 anos,0.3,0.09,3.1,0.25,0.2184,151,0.801,"Associação entre territórios (zonas eleitorais), não comportamento individual (falácia ecológica)."
caiado26,PA,UF,25–34 anos,0.18,0.04,2.2,0.33,0.5723,151,0.801,"Associação entre territórios (zonas eleitorais), não comportamento individual (falácia ecológica)."
caiado26,PA,UF,45–59 anos,1.69,0.36,2.1,0.32,0.0,151,0.801,"Associação entre territórios (zonas eleitorais), não comportamento individual (falácia ecológica)."
caiado26,PA,UF,60–69 anos,0.2,0.04,2.0,0.39,0.611,151,0.801,"Associação entre territórios (zonas eleitorais), não comportamento individual (falácia ecológica)."
caiado26,PA,UF,70+ anos,0.19,0.04,2.1,0.27,0.4893,151,0.801,"Associação entre territórios (zonas eleitorais), não comportamento individual (falácia ecológica)."
caiado26,PA,UF,sem fundamental completo,0.18,0.24,13.6,0.06,0.0031,151,0.801,"Associação entre territórios (zonas eleitorais), não comportamento individual (falácia ecológica)."
caiado26,PA,UF,fundamental (até médio incompleto),0.49,0.15,3.1,0.16,0.0018,151,0.801,"Associação entre territórios (zonas eleitorais), não comportamento individual (falácia ecológica)."
caiado26,PA,UF,superior completo,0.31,0.19,6.1,0.11,0.0039,151,0.801,"Associação entre territórios (zonas eleitorais), não comportamento individual (falácia ecológica)."
caiado26,PA,UF,mulheres,-0.15,-0.03,2.0,0.24,0.5149,151,0.801,"Associação entre territórios (zonas eleitorais), não comportamento individual (falácia ecológica)."
caiado26,PB,UF,16–24 anos,-0.3,-0.05,1.7,0.17,0.0712,224,0.851,"Associação entre territórios (zonas eleitorais), não comportamento individual (falácia ecológica)."
caiado26,PB,UF,25–34 anos,0.07,0.01,1.4,0.24,0.777,224,0.851,"Associação entre territórios (zonas eleitorais), não comportamento individual (falácia ecológica)."
caiado26,PB,UF,45–59 anos,0.05,0.01,1.3,0.17,0.757,224,0.851,"Associação entre territórios (zonas eleitorais), não comportamento individual (falácia ecológica)."
caiado26,PB,UF,60–69 anos,-0.04,-0.0,1.1,0.26,0.877,224,0.851,"Associação entre territórios (zonas eleitorais), não comportamento individual (falácia ecológica)."
caiado26,PB,UF,70+ anos,0.05,0.01,1.8,0.17,0.7955,224,0.851,"Associação entre territórios (zonas eleitorais), não comportamento individual (falácia ecológica)."
caiado26,PB,UF,sem fundamental completo,-0.07,-0.09,14.0,0.03,0.0319,224,0.851,"Associação entre territórios (zonas eleitorais), não comportamento individual (falácia ecológica)."
caiado26,PB,UF,fundamental (até médio incompleto),0.17,0.05,3.0,0.08,0.0244,224,0.851,"Associação entre territórios (zonas eleitorais), não comportamento individual (falácia ecológica)."
caiado26,PB,UF,superior completo,0.14,0.12,8.5,0.04,0.0002,224,0.851,"Associação entre territórios (zonas eleitorais), não comportamento individual (falácia ecológica)."
caiado26,PB,UF,mulheres,-0.29,-0.06,1.9,0.14,0.0447,224,0.851,"Associação entre territórios (zonas eleitorais), não comportamento individual (falácia ecológica)."
caiado26,PE,UF,16–24 anos,-0.04,-0.01,2.2,0.25,0.8822,209,0.502,"Associação entre territórios (zonas eleitorais), não comportamento individual (falácia ecológica)."
caiado26,PE,UF,25–34 anos,0.01,0.0,1.6,0.26,0.9798,209,0.502,"Associação entre territórios (zonas eleitorais), não comportamento individual (falácia ecológica)."
caiado26,PE,UF,45–59 anos,0.72,0.13,1.8,0.21,0.0007,209,0.502,"Associação entre territórios (zonas eleitorais), não comportamento individual (falácia ecológica)."
caiado26,PE,UF,60–69 anos,0.39,0.06,1.6,0.28,0.163,209,0.502,"Associação entre territórios (zonas eleitorais), não comportamento individual (falácia ecológica)."
caiado26,PE,UF,70+ anos,-0.01,-0.0,2.1,0.16,0.9505,209,0.502,"Associação entre territórios (zonas eleitorais), não comportamento individual (falácia ecológica)."
caiado26,PE,UF,sem fundamental completo,0.14,0.18,12.9,0.03,0.0001,209,0.502,"Associação entre territórios (zonas eleitorais), não comportamento individual (falácia ecológica)."
caiado26,PE,UF,fundamental (até médio incompleto),0.03,0.01,2.8,0.08,0.726,209,0.502,"Associação entre territórios (zonas eleitorais), não comportamento individual (falácia ecológica)."
caiado26,PE,UF,superior completo,0.19,0.13,6.8,0.04,0.0,209,0.502,"Associação entre territórios (zonas eleitorais), não comportamento individual (falácia ecológica)."
caiado26,PE,UF,mulheres,0.0,0.0,1.5,0.22,0.9937,209,0.502,"Associação entre territórios (zonas eleitorais), não comportamento individual (falácia ecológica)."
caiado26,PI,UF,16–24 anos,0.44,0.08,1.8,0.32,0.1675,215,0.485,"Associação entre territórios (zonas eleitorais), não comportamento individual (falácia ecológica)."
caiado26,PI,UF,25–34 anos,-0.1,-0.01,1.2,0.33,0.7535,215,0.485,"Associação entre territórios (zonas eleitorais), não comportamento individual (falácia ecológica)."
caiado26,PI,UF,45–59 anos,0.2,0.03,1.5,0.29,0.4921,215,0.485,"Associação entre territórios (zonas eleitorais), não comportamento individual (falácia ecológica)."
caiado26,PI,UF,60–69 anos,0.5,0.05,1.0,0.35,0.154,215,0.485,"Associação entre territórios (zonas eleitorais), não comportamento individual (falácia ecológica)."
caiado26,PI,UF,70+ anos,-0.06,-0.01,1.5,0.24,0.8031,215,0.485,"Associação entre territórios (zonas eleitorais), não comportamento individual (falácia ecológica)."
caiado26,PI,UF,sem fundamental completo,-0.18,-0.24,13.2,0.07,0.0147,215,0.485,"Associação entre territórios (zonas eleitorais), não comportamento individual (falácia ecológica)."
caiado26,PI,UF,fundamental (até médio incompleto),-0.29,-0.06,1.9,0.2,0.1338,215,0.485,"Associação entre territórios (zonas eleitorais), não comportamento individual (falácia ecológica)."
caiado26,PI,UF,superior completo,0.06,0.03,4.1,0.13,0.6295,215,0.485,"Associação entre territórios (zonas eleitorais), não comportamento individual (falácia ecológica)."
caiado26,PI,UF,mulheres,-0.92,-0.21,2.2,0.24,0.0001,215,0.485,"Associação entre territórios (zonas eleitorais), não comportamento individual (falácia ecológica)."
caiado26,PR,UF,16–24 anos,0.53,0.08,1.5,1.09,0.6292,412,0.455,"Associação entre territórios (zonas eleitorais), não comportamento individual (falácia ecológica)."
caiado26,PR,UF,25–34 anos,0.31,0.06,1.8,1.24,0.8001,412,0.455,"Associação entre territórios (zonas eleitorais), não comportamento individual (falácia ecológica)."
caiado26,PR,UF,45–59 anos,1.39,0.12,0.9,0.59,0.0185,412,0.455,"Associação entre territórios (zonas eleitorais), não comportamento individual (falácia ecológica)."
caiado26,PR,UF,60–69 anos,-0.7,-0.1,1.4,0.86,0.4164,412,0.455,"Associação entre territórios (zonas eleitorais), não comportamento individual (falácia ecológica)."
caiado26,PR,UF,70+ anos,1.11,0.27,2.5,0.87,0.203,412,0.455,"Associação entre territórios (zonas eleitorais), não comportamento individual (falácia ecológica)."
caiado26,PR,UF,sem fundamental completo,-0.27,-0.28,10.3,0.19,0.1598,412,0.455,"Associação entre territórios (zonas eleitorais), não comportamento individual (falácia ecológica)."
caiado26,PR,UF,fundamental (até médio incompleto),-0.41,-0.15,3.5,0.45,0.3588,412,0.455,"Associação entre territórios (zonas eleitorais), não comportamento individual (falácia ecológica)."
caiado26,PR,UF,superior completo,-0.39,-0.34,8.8,0.29,0.1736,412,0.455,"Associação entre territórios (zonas eleitorais), não comportamento individual (falácia ecológica)."
caiado26,PR,UF,mulheres,-2.02,-0.3,1.5,0.43,0.0,412,0.455,"Associação entre territórios (zonas eleitorais), não comportamento individual (falácia ecológica)."
caiado26,RJ,UF,16–24 anos,1.67,0.29,1.7,0.58,0.0038,178,0.458,"Associação entre territórios (zonas eleitorais), não comportamento individual (falácia ecológica)."
caiado26,RJ,UF,25–34 anos,0.09,0.02,2.6,0.57,0.8809,178,0.458,"Associação entre territórios (zonas eleitorais), não comportamento individual (falácia ecológica)."
caiado26,RJ,UF,45–59 anos,0.58,0.06,1.1,0.49,0.2388,178,0.458,"Associação entre territórios (zonas eleitorais), não comportamento individual (falácia ecológica)."
caiado26,RJ,UF,60–69 anos,0.89,0.13,1.4,0.39,0.0214,178,0.458,"Associação entre territórios (zonas eleitorais), não comportamento individual (falácia ecológica)."
caiado26,RJ,UF,70+ anos,0.77,0.35,4.6,0.4,0.0535,178,0.458,"Associação entre territórios (zonas eleitorais), não comportamento individual (falácia ecológica)."
caiado26,RJ,UF,sem fundamental completo,0.25,0.23,9.5,0.06,0.0,178,0.458,"Associação entre territórios (zonas eleitorais), não comportamento individual (falácia ecológica)."
caiado26,RJ,UF,fundamental (até médio incompleto),0.19,0.09,4.8,0.14,0.1543,178,0.458,"Associação entre territórios (zonas eleitorais), não comportamento individual (falácia ecológica)."
caiado26,RJ,UF,superior completo,0.33,0.3,9.0,0.09,0.0003,178,0.458,"Associação entre territórios (zonas eleitorais), não comportamento individual (falácia ecológica)."
caiado26,RJ,UF,mulheres,0.14,0.02,1.2,0.41,0.7302,178,0.458,"Associação entre territórios (zonas eleitorais), não comportamento individual (falácia ecológica)."
caiado26,RN,UF,16–24 anos,-0.58,-0.12,2.0,0.18,0.0018,167,0.762,"Associação entre territórios (zonas eleitorais), não comportamento individual (falácia ecológica)."
caiado26,RN,UF,25–34 anos,0.63,0.12,1.9,0.36,0.0762,167,0.762,"Associação entre territórios (zonas eleitorais), não comportamento individual (falácia ecológica)."
caiado26,RN,UF,45–59 anos,0.08,0.01,1.2,0.21,0.695,167,0.762,"Associação entre territórios (zonas eleitorais), não comportamento individual (falácia ecológica)."
caiado26,RN,UF,60–69 anos,-0.17,-0.03,1.5,0.32,0.5829,167,0.762,"Associação entre territórios (zonas eleitorais), não comportamento individual (falácia ecológica)."
caiado26,RN,UF,70+ anos,0.24,0.05,2.3,0.2,0.2214,167,0.762,"Associação entre territórios (zonas eleitorais), não comportamento individual (falácia ecológica)."
caiado26,RN,UF,sem fundamental completo,-0.08,-0.1,12.7,0.05,0.1331,167,0.762,"Associação entre territórios (zonas eleitorais), não comportamento individual (falácia ecológica)."
caiado26,RN,UF,fundamental (até médio incompleto),-0.01,-0.0,3.2,0.12,0.9244,167,0.762,"Associação entre territórios (zonas eleitorais), não comportamento individual (falácia ecológica)."
caiado26,RN,UF,superior completo,0.07,0.06,8.0,0.09,0.4139,167,0.762,"Associação entre territórios (zonas eleitorais), não comportamento individual (falácia ecológica)."
caiado26,RN,UF,mulheres,0.17,0.03,1.8,0.24,0.4869,167,0.762,"Associação entre territórios (zonas eleitorais), não comportamento individual (falácia ecológica)."
caiado26,RS,UF,16–24 anos,0.01,0.0,1.2,0.62,0.9807,518,0.148,"Associação entre territórios (zonas eleitorais), não comportamento individual (falácia ecológica)."
caiado26,RS,UF,25–34 anos,0.18,0.03,1.7,0.62,0.7718,518,0.148,"Associação entre territórios (zonas eleitorais), não comportamento individual (falácia ecológica)."
caiado26,RS,UF,45–59 anos,0.75,0.08,1.0,0.6,0.2177,518,0.148,"Associação entre territórios (zonas eleitorais), não comportamento individual (falácia ecológica)."
caiado26,RS,UF,60–69 anos,0.29,0.04,1.3,0.53,0.585,518,0.148,"Associação entre territórios (zonas eleitorais), não comportamento individual (falácia ecológica)."
caiado26,RS,UF,70+ anos,0.86,0.26,3.0,0.49,0.0791,518,0.148,"Associação entre territórios (zonas eleitorais), não comportamento individual (falácia ecológica)."
caiado26,RS,UF,sem fundamental completo,-0.17,-0.16,9.7,0.12,0.1707,518,0.148,"Associação entre territórios (zonas eleitorais), não comportamento individual (falácia ecológica)."
caiado26,RS,UF,fundamental (até médio incompleto),-0.56,-0.23,4.0,0.19,0.0032,518,0.148,"Associação entre territórios (zonas eleitorais), não comportamento individual (falácia ecológica)."
caiado26,RS,UF,superior completo,-0.51,-0.32,6.2,0.19,0.0082,518,0.148,"Associação entre territórios (zonas eleitorais), não comportamento individual (falácia ecológica)."
caiado26,RS,UF,mulheres,-0.84,-0.15,1.7,0.35,0.0156,518,0.148,"Associação entre territórios (zonas eleitorais), não comportamento individual (falácia ecológica)."
caiado26,SC,UF,16–24 anos,-0.4,-0.05,1.2,0.37,0.2767,297,0.272,"Associação entre territórios (zonas eleitorais), não comportamento individual (falácia ecológica)."
caiado26,SC,UF,25–34 anos,-0.13,-0.02,1.6,0.48,0.7907,297,0.272,"Associação entre territórios (zonas eleitorais), não comportamento individual (falácia ecológica)."
caiado26,SC,UF,45–59 anos,-0.69,-0.07,1.0,0.51,0.1693,297,0.272,"Associação entre territórios (zonas eleitorais), não comportamento individual (falácia ecológica)."
caiado26,SC,UF,60–69 anos,0.17,0.03,1.5,0.47,0.7136,297,0.272,"Associação entre territórios (zonas eleitorais), não comportamento individual (falácia ecológica)."
caiado26,SC,UF,70+ anos,0.57,0.13,2.3,0.36,0.1115,297,0.272,"Associação entre territórios (zonas eleitorais), não comportamento individual (falácia ecológica)."
caiado26,SC,UF,sem fundamental completo,-0.03,-0.03,10.0,0.11,0.8149,297,0.272,"Associação entre territórios (zonas eleitorais), não comportamento individual (falácia ecológica)."
caiado26,SC,UF,fundamental (até médio incompleto),0.02,0.01,4.4,0.19,0.9129,297,0.272,"Associação entre territórios (zonas eleitorais), não comportamento individual (falácia ecológica)."
caiado26,SC,UF,superior completo,0.04,0.03,8.1,0.14,0.7742,297,0.272,"Associação entre territórios (zonas eleitorais), não comportamento individual (falácia ecológica)."
caiado26,SC,UF,mulheres,-1.9,-0.29,1.5,0.36,0.0,297,0.272,"Associação entre territórios (zonas eleitorais), não comportamento individual (falácia ecológica)."
caiado26,SE,UF,16–24 anos,-0.28,-0.06,2.0,0.97,0.7746,75,0.5,"Associação entre territórios (zonas eleitorais), não comportamento individual (falácia ecológica)."
caiado26,SE,UF,25–34 anos,0.07,0.01,1.8,1.08,0.9509,75,0.5,"Associação entre territórios (zonas eleitorais), não comportamento individual (falácia ecológica)."
caiado26,SE,UF,45–59 anos,1.01,0.14,1.3,1.03,0.3225,75,0.5,"Associação entre territórios (zonas eleitorais), não comportamento individual (falácia ecológica)."
caiado26,SE,UF,60–69 anos,-0.23,-0.03,1.2,1.29,0.8593,75,0.5,"Associação entre territórios (zonas eleitorais), não comportamento individual (falácia ecológica)."
caiado26,SE,UF,70+ anos,-0.04,-0.01,2.1,0.69,0.9498,75,0.5,"Associação entre territórios (zonas eleitorais), não comportamento individual (falácia ecológica)."
caiado26,SE,UF,sem fundamental completo,0.03,0.04,14.7,0.11,0.7996,75,0.5,"Associação entre territórios (zonas eleitorais), não comportamento individual (falácia ecológica)."
caiado26,SE,UF,fundamental (até médio incompleto),-0.08,-0.03,3.4,0.45,0.8603,75,0.5,"Associação entre territórios (zonas eleitorais), não comportamento individual (falácia ecológica)."
caiado26,SE,UF,superior completo,0.09,0.07,8.1,0.25,0.7247,75,0.5,"Associação entre territórios (zonas eleitorais), não comportamento individual (falácia ecológica)."
caiado26,SE,UF,mulheres,0.09,0.02,1.7,0.57,0.8708,75,0.5,"Associação entre territórios (zonas eleitorais), não comportamento individual (falácia ecológica)."
caiado26,SP,UF,16–24 anos,0.94,0.15,1.6,0.33,0.0041,731,0.541,"Associação entre territórios (zonas eleitorais), não comportamento individual (falácia ecológica)."
caiado26,SP,UF,25–34 anos,0.44,0.1,2.2,0.38,0.2359,731,0.541,"Associação entre territórios (zonas eleitorais), não comportamento individual (falácia ecológica)."
caiado26,SP,UF,45–59 anos,0.28,0.02,0.8,0.3,0.3515,731,0.541,"Associação entre territórios (zonas eleitorais), não comportamento individual (falácia ecológica)."
caiado26,SP,UF,60–69 anos,0.01,0.0,1.7,0.35,0.987,731,0.541,"Associação entre territórios (zonas eleitorais), não comportamento individual (falácia ecológica)."
caiado26,SP,UF,70+ anos,0.93,0.31,3.3,0.26,0.0003,731,0.541,"Associação entre territórios (zonas eleitorais), não comportamento individual (falácia ecológica)."
caiado26,SP,UF,sem fundamental completo,0.05,0.03,6.4,0.06,0.3757,731,0.541,"Associação entre territórios (zonas eleitorais), não comportamento individual (falácia ecológica)."
caiado26,SP,UF,fundamental (até médio incompleto),0.14,0.05,4.0,0.1,0.1548,731,0.541,"Associação entre territórios (zonas eleitorais), não comportamento individual (falácia ecológica)."
caiado26,SP,UF,superior completo,0.41,0.34,8.4,0.1,0.0001,731,0.541,"Associação entre territórios (zonas eleitorais), não comportamento individual (falácia ecológica)."
caiado26,SP,UF,mulheres,-0.01,-0.0,1.3,0.26,0.9744,731,0.541,"Associação entre territórios (zonas eleitorais), não comportamento individual (falácia ecológica)."
caiado26,TO,UF,16–24 anos,-2.77,-0.44,1.6,0.94,0.0031,128,0.354,"Associação entre territórios (zonas eleitorais), não comportamento individual (falácia ecológica)."
caiado26,TO,UF,25–34 anos,-1.43,-0.27,1.9,1.12,0.2011,128,0.354,"Associação entre territórios (zonas eleitorais), não comportamento individual (falácia ecológica)."
caiado26,TO,UF,45–59 anos,-0.64,-0.1,1.5,0.92,0.4873,128,0.354,"Associação entre territórios (zonas eleitorais), não comportamento individual (falácia ecológica)."
caiado26,TO,UF,60–69 anos,-1.7,-0.26,1.6,1.31,0.1955,128,0.354,"Associação entre territórios (zonas eleitorais), não comportamento individual (falácia ecológica)."
caiado26,TO,UF,70+ anos,-0.13,-0.03,2.5,0.85,0.8806,128,0.354,"Associação entre territórios (zonas eleitorais), não comportamento individual (falácia ecológica)."
caiado26,TO,UF,sem fundamental completo,0.22,0.26,12.0,0.26,0.391,128,0.354,"Associação entre territórios (zonas eleitorais), não comportamento individual (falácia ecológica)."
caiado26,TO,UF,fundamental (até médio incompleto),-0.06,-0.01,1.6,0.53,0.9069,128,0.354,"Associação entre territórios (zonas eleitorais), não comportamento individual (falácia ecológica)."
caiado26,TO,UF,superior completo,1.29,0.62,4.8,0.37,0.0004,128,0.354,"Associação entre territórios (zonas eleitorais), não comportamento individual (falácia ecológica)."
caiado26,TO,UF,mulheres,-0.12,-0.03,2.7,0.49,0.8058,128,0.354,"Associação entre territórios (zonas eleitorais), não comportamento individual (falácia ecológica)."
cury26,Brasil,Brasil,16–24 anos,-1.04,-0.29,2.8,0.17,0.0,5847,0.618,"Associação entre territórios (zonas eleitorais), não comportamento individual (falácia ecológica)."
cury26,Brasil,Brasil,25–34 anos,-1.03,-0.24,2.3,0.21,0.0,5847,0.618,"Associação entre territórios (zonas eleitorais), não comportamento individual (falácia ecológica)."
cury26,Brasil,Brasil,45–59 anos,-0.18,-0.03,1.7,0.18,0.3175,5847,0.618,"Associação entre territórios (zonas eleitorais), não comportamento individual (falácia ecológica)."
cury26,Brasil,Brasil,60–69 anos,-1.3,-0.28,2.1,0.19,0.0,5847,0.618,"Associação entre territórios (zonas eleitorais), não comportamento individual (falácia ecológica)."
cury26,Brasil,Brasil,70+ anos,-0.86,-0.29,3.4,0.14,0.0,5847,0.618,"Associação entre territórios (zonas eleitorais), não comportamento individual (falácia ecológica)."
cury26,Brasil,Brasil,sem fundamental completo,-0.23,-0.3,12.6,0.02,0.0,5847,0.618,"Associação entre territórios (zonas eleitorais), não comportamento individual (falácia ecológica)."
cury26,Brasil,Brasil,fundamental (até médio incompleto),-0.13,-0.06,4.4,0.06,0.0404,5847,0.618,"Associação entre territórios (zonas eleitorais), não comportamento individual (falácia ecológica)."
cury26,Brasil,Brasil,superior completo,-0.26,-0.22,8.3,0.04,0.0,5847,0.618,"Associação entre territórios (zonas eleitorais), não comportamento individual (falácia ecológica)."
cury26,Brasil,Brasil,mulheres,0.1,0.02,1.8,0.14,0.473,5847,0.618,"Associação entre territórios (zonas eleitorais), não comportamento individual (falácia ecológica)."
cury26,Centro-Oeste,região,16–24 anos,-0.54,-0.1,1.9,0.33,0.1038,458,0.781,"Associação entre territórios (zonas eleitorais), não comportamento individual (falácia ecológica)."
cury26,Centro-Oeste,região,25–34 anos,-1.47,-0.3,2.0,0.41,0.0004,458,0.781,"Associação entre territórios (zonas eleitorais), não comportamento individual (falácia ecológica)."
cury26,Centro-Oeste,região,45–59 anos,-0.52,-0.07,1.4,0.32,0.1006,458,0.781,"Associação entre territórios (zonas eleitorais), não comportamento individual (falácia ecológica)."
cury26,Centro-Oeste,região,60–69 anos,-0.32,-0.05,1.7,0.39,0.4125,458,0.781,"Associação entre territórios (zonas eleitorais), não comportamento individual (falácia ecológica)."
cury26,Centro-Oeste,região,70+ anos,-1.04,-0.26,2.5,0.25,0.0,458,0.781,"Associação entre territórios (zonas eleitorais), não comportamento individual (falácia ecológica)."
cury26,Centro-Oeste,região,sem fundamental completo,-0.14,-0.16,11.0,0.06,0.0198,458,0.781,"Associação entre territórios (zonas eleitorais), não comportamento individual (falácia ecológica)."
cury26,Centro-Oeste,região,fundamental (até médio incompleto),-0.1,-0.04,4.0,0.13,0.4694,458,0.781,"Associação entre territórios (zonas eleitorais), não comportamento individual (falácia ecológica)."
cury26,Centro-Oeste,região,superior completo,-0.18,-0.19,10.4,0.07,0.0064,458,0.781,"Associação entre territórios (zonas eleitorais), não comportamento individual (falácia ecológica)."
cury26,Centro-Oeste,região,mulheres,0.48,0.09,1.9,0.24,0.0484,458,0.781,"Associação entre territórios (zonas eleitorais), não comportamento individual (falácia ecológica)."
cury26,Nordeste,região,16–24 anos,-1.33,-0.33,2.5,0.22,0.0,1850,0.587,"Associação entre territórios (zonas eleitorais), não comportamento individual (falácia ecológica)."
cury26,Nordeste,região,25–34 anos,-0.66,-0.12,1.8,0.26,0.0098,1850,0.587,"Associação entre territórios (zonas eleitorais), não comportamento individual (falácia ecológica)."
cury26,Nordeste,região,45–59 anos,-0.45,-0.09,1.9,0.23,0.0481,1850,0.587,"Associação entre territórios (zonas eleitorais), não comportamento individual (falácia ecológica)."
cury26,Nordeste,região,60–69 anos,-1.84,-0.27,1.5,0.28,0.0,1850,0.587,"Associação entre territórios (zonas eleitorais), não comportamento individual (falácia ecológica)."
cury26,Nordeste,região,70+ anos,-0.85,-0.18,2.1,0.19,0.0,1850,0.587,"Associação entre territórios (zonas eleitorais), não comportamento individual (falácia ecológica)."
cury26,Nordeste,região,sem fundamental completo,-0.21,-0.27,13.1,0.04,0.0,1850,0.587,"Associação entre territórios (zonas eleitorais), não comportamento individual (falácia ecológica)."
cury26,Nordeste,região,fundamental (até médio incompleto),-0.27,-0.08,3.1,0.1,0.0082,1850,0.587,"Associação entre territórios (zonas eleitorais), não comportamento individual (falácia ecológica)."
cury26,Nordeste,região,superior completo,-0.25,-0.17,6.8,0.07,0.0001,1850,0.587,"Associação entre territórios (zonas eleitorais), não comportamento individual (falácia ecológica)."
cury26,Nordeste,região,mulheres,0.29,0.06,2.0,0.16,0.0587,1850,0.587,"Associação entre territórios (zonas eleitorais), não comportamento individual (falácia ecológica)."
cury26,Norte,região,16–24 anos,-1.12,-0.36,3.2,0.37,0.0025,437,0.727,"Associação entre territórios (zonas eleitorais), não comportamento individual (falácia ecológica)."
cury26,Norte,região,25–34 anos,-1.58,-0.36,2.3,0.53,0.0029,437,0.727,"Associação entre territórios (zonas eleitorais), não comportamento individual (falácia ecológica)."
cury26,Norte,região,45–59 anos,-0.06,-0.01,2.3,0.5,0.9032,437,0.727,"Associação entre territórios (zonas eleitorais), não comportamento individual (falácia ecológica)."
cury26,Norte,região,60–69 anos,-2.57,-0.49,1.9,0.65,0.0001,437,0.727,"Associação entre territórios (zonas eleitorais), não comportamento individual (falácia ecológica)."
cury26,Norte,região,70+ anos,-0.09,-0.02,2.1,0.52,0.8622,437,0.727,"Associação entre territórios (zonas eleitorais), não comportamento individual (falácia ecológica)."
cury26,Norte,região,sem fundamental completo,-0.09,-0.12,13.5,0.11,0.3868,437,0.727,"Associação entre territórios (zonas eleitorais), não comportamento individual (falácia ecológica)."
cury26,Norte,região,fundamental (até médio incompleto),0.24,0.08,3.2,0.28,0.39,437,0.727,"Associação entre territórios (zonas eleitorais), não comportamento individual (falácia ecológica)."
cury26,Norte,região,superior completo,-0.07,-0.04,6.0,0.17,0.6911,437,0.727,"Associação entre territórios (zonas eleitorais), não comportamento individual (falácia ecológica)."
cury26,Norte,região,mulheres,-0.55,-0.11,2.1,0.4,0.1659,437,0.727,"Associação entre territórios (zonas eleitorais), não comportamento individual (falácia ecológica)."
cury26,Sudeste,região,16–24 anos,-1.14,-0.19,1.6,0.36,0.0014,1875,0.384,"Associação entre territórios (zonas eleitorais), não comportamento individual (falácia ecológica)."
cury26,Sudeste,região,25–34 anos,-1.23,-0.27,2.1,0.43,0.0039,1875,0.384,"Associação entre territórios (zonas eleitorais), não comportamento individual (falácia ecológica)."
cury26,Sudeste,região,45–59 anos,-0.03,-0.0,1.1,0.4,0.9358,1875,0.384,"Associação entre territórios (zonas eleitorais), não comportamento individual (falácia ecológica)."
cury26,Sudeste,região,60–69 anos,-1.5,-0.24,1.6,0.31,0.0,1875,0.384,"Associação entre territórios (zonas eleitorais), não comportamento individual (falácia ecológica)."
cury26,Sudeste,região,70+ anos,-0.95,-0.35,3.7,0.27,0.0003,1875,0.384,"Associação entre territórios (zonas eleitorais), não comportamento individual (falácia ecológica)."
cury26,Sudeste,região,sem fundamental completo,-0.27,-0.28,10.3,0.05,0.0,1875,0.384,"Associação entre territórios (zonas eleitorais), não comportamento individual (falácia ecológica)."
cury26,Sudeste,região,fundamental (até médio incompleto),0.06,0.03,5.2,0.1,0.5153,1875,0.384,"Associação entre territórios (zonas eleitorais), não comportamento individual (falácia ecológica)."
cury26,Sudeste,região,superior completo,-0.24,-0.2,8.5,0.07,0.0003,1875,0.384,"Associação entre territórios (zonas eleitorais), não comportamento individual (falácia ecológica)."
cury26,Sudeste,região,mulheres,0.28,0.04,1.5,0.28,0.3196,1875,0.384,"Associação entre territórios (zonas eleitorais), não comportamento individual (falácia ecológica)."
cury26,Sul,região,16–24 anos,-0.05,-0.01,1.5,0.33,0.8785,1227,0.436,"Associação entre territórios (zonas eleitorais), não comportamento individual (falácia ecológica)."
cury26,Sul,região,25–34 anos,-1.08,-0.2,1.9,0.46,0.0185,1227,0.436,"Associação entre territórios (zonas eleitorais), não comportamento individual (falácia ecológica)."
cury26,Sul,região,45–59 anos,-0.44,-0.05,1.1,0.37,0.2332,1227,0.436,"Associação entre territórios (zonas eleitorais), não comportamento individual (falácia ecológica)."
cury26,Sul,região,60–69 anos,-0.44,-0.07,1.6,0.36,0.2145,1227,0.436,"Associação entre territórios (zonas eleitorais), não comportamento individual (falácia ecológica)."
cury26,Sul,região,70+ anos,-0.69,-0.22,3.2,0.36,0.054,1227,0.436,"Associação entre territórios (zonas eleitorais), não comportamento individual (falácia ecológica)."
cury26,Sul,região,sem fundamental completo,-0.3,-0.31,10.3,0.08,0.0001,1227,0.436,"Associação entre territórios (zonas eleitorais), não comportamento individual (falácia ecológica)."
cury26,Sul,região,fundamental (até médio incompleto),-0.47,-0.21,4.4,0.17,0.0054,1227,0.436,"Associação entre territórios (zonas eleitorais), não comportamento individual (falácia ecológica)."
cury26,Sul,região,superior completo,-0.4,-0.32,7.9,0.11,0.0004,1227,0.436,"Associação entre territórios (zonas eleitorais), não comportamento individual (falácia ecológica)."
cury26,Sul,região,mulheres,-0.61,-0.1,1.6,0.29,0.0319,1227,0.436,"Associação entre territórios (zonas eleitorais), não comportamento individual (falácia ecológica)."
cury26,AL,UF,16–24 anos,-1.56,-0.36,2.3,0.71,0.0282,99,0.571,"Associação entre territórios (zonas eleitorais), não comportamento individual (falácia ecológica)."
cury26,AL,UF,25–34 anos,-0.65,-0.1,1.5,0.94,0.4891,99,0.571,"Associação entre territórios (zonas eleitorais), não comportamento individual (falácia ecológica)."
cury26,AL,UF,45–59 anos,-2.22,-0.4,1.8,0.86,0.01,99,0.571,"Associação entre territórios (zonas eleitorais), não comportamento individual (falácia ecológica)."
cury26,AL,UF,60–69 anos,-0.65,-0.08,1.2,1.14,0.5646,99,0.571,"Associação entre territórios (zonas eleitorais), não comportamento individual (falácia ecológica)."
cury26,AL,UF,70+ anos,-1.27,-0.19,1.5,0.76,0.0924,99,0.571,"Associação entre territórios (zonas eleitorais), não comportamento individual (falácia ecológica)."
cury26,AL,UF,sem fundamental completo,-0.58,-0.72,12.4,0.14,0.0,99,0.571,"Associação entre territórios (zonas eleitorais), não comportamento individual (falácia ecológica)."
cury26,AL,UF,fundamental (até médio incompleto),-0.42,-0.12,2.8,0.29,0.1398,99,0.571,"Associação entre territórios (zonas eleitorais), não comportamento individual (falácia ecológica)."
cury26,AL,UF,superior completo,-0.61,-0.38,6.1,0.21,0.0039,99,0.571,"Associação entre territórios (zonas eleitorais), não comportamento individual (falácia ecológica)."
cury26,AL,UF,mulheres,0.16,0.03,1.8,0.59,0.7904,99,0.571,"Associação entre territórios (zonas eleitorais), não comportamento individual (falácia ecológica)."
cury26,AM,UF,16–24 anos,-1.16,-0.42,3.6,1.25,0.3555,66,0.831,"Associação entre territórios (zonas eleitorais), não comportamento individual (falácia ecológica)."
cury26,AM,UF,25–34 anos,-1.05,-0.22,2.1,1.52,0.4874,66,0.831,"Associação entre territórios (zonas eleitorais), não comportamento individual (falácia ecológica)."
cury26,AM,UF,45–59 anos,0.3,0.08,2.9,1.8,0.8697,66,0.831,"Associação entre territórios (zonas eleitorais), não comportamento individual (falácia ecológica)."
cury26,AM,UF,60–69 anos,0.54,0.09,1.7,1.45,0.7101,66,0.831,"Associação entre territórios (zonas eleitorais), não comportamento individual (falácia ecológica)."
cury26,AM,UF,70+ anos,-3.69,-0.59,1.6,1.26,0.0034,66,0.831,"Associação entre territórios (zonas eleitorais), não comportamento individual (falácia ecológica)."
cury26,AM,UF,sem fundamental completo,0.14,0.18,12.5,0.16,0.3801,66,0.831,"Associação entre territórios (zonas eleitorais), não comportamento individual (falácia ecológica)."
cury26,AM,UF,fundamental (até médio incompleto),-0.15,-0.06,3.8,0.26,0.5606,66,0.831,"Associação entre territórios (zonas eleitorais), não comportamento individual (falácia ecológica)."
cury26,AM,UF,superior completo,0.19,0.13,6.8,0.19,0.3295,66,0.831,"Associação entre territórios (zonas eleitorais), não comportamento individual (falácia ecológica)."
cury26,AM,UF,mulheres,-0.57,-0.11,2.0,1.28,0.6536,66,0.831,"Associação entre territórios (zonas eleitorais), não comportamento individual (falácia ecológica)."
cury26,BA,UF,16–24 anos,-1.46,-0.3,2.0,0.39,0.0002,448,0.556,"Associação entre territórios (zonas eleitorais), não comportamento individual (falácia ecológica)."
cury26,BA,UF,25–34 anos,-2.43,-0.38,1.6,0.42,0.0,448,0.556,"Associação entre territórios (zonas eleitorais), não comportamento individual (falácia ecológica)."
cury26,BA,UF,45–59 anos,-1.18,-0.21,1.8,0.41,0.0039,448,0.556,"Associação entre territórios (zonas eleitorais), não comportamento individual (falácia ecológica)."
cury26,BA,UF,60–69 anos,-2.56,-0.36,1.4,0.37,0.0,448,0.556,"Associação entre territórios (zonas eleitorais), não comportamento individual (falácia ecológica)."
cury26,BA,UF,70+ anos,-1.23,-0.26,2.1,0.3,0.0,448,0.556,"Associação entre territórios (zonas eleitorais), não comportamento individual (falácia ecológica)."
cury26,BA,UF,sem fundamental completo,-0.02,-0.03,13.4,0.05,0.685,448,0.556,"Associação entre territórios (zonas eleitorais), não comportamento individual (falácia ecológica)."
cury26,BA,UF,fundamental (até médio incompleto),0.03,0.01,2.7,0.18,0.8612,448,0.556,"Associação entre territórios (zonas eleitorais), não comportamento individual (falácia ecológica)."
cury26,BA,UF,superior completo,-0.14,-0.1,7.0,0.08,0.0935,448,0.556,"Associação entre territórios (zonas eleitorais), não comportamento individual (falácia ecológica)."
cury26,BA,UF,mulheres,0.95,0.2,2.1,0.21,0.0,448,0.556,"Associação entre territórios (zonas eleitorais), não comportamento individual (falácia ecológica)."
cury26,CE,UF,16–24 anos,-2.43,-0.45,1.9,0.81,0.0028,201,0.569,"Associação entre territórios (zonas eleitorais), não comportamento individual (falácia ecológica)."
cury26,CE,UF,25–34 anos,-0.67,-0.13,1.9,0.77,0.3791,201,0.569,"Associação entre territórios (zonas eleitorais), não comportamento individual (falácia ecológica)."
cury26,CE,UF,45–59 anos,-0.45,-0.06,1.3,0.76,0.554,201,0.569,"Associação entre territórios (zonas eleitorais), não comportamento individual (falácia ecológica)."
cury26,CE,UF,60–69 anos,-2.39,-0.35,1.5,0.78,0.0023,201,0.569,"Associação entre territórios (zonas eleitorais), não comportamento individual (falácia ecológica)."
cury26,CE,UF,70+ anos,-1.44,-0.34,2.4,0.73,0.0489,201,0.569,"Associação entre territórios (zonas eleitorais), não comportamento individual (falácia ecológica)."
cury26,CE,UF,sem fundamental completo,0.04,0.05,11.1,0.12,0.72,201,0.569,"Associação entre territórios (zonas eleitorais), não comportamento individual (falácia ecológica)."
cury26,CE,UF,fundamental (até médio incompleto),-0.19,-0.06,3.0,0.28,0.5077,201,0.569,"Associação entre territórios (zonas eleitorais), não comportamento individual (falácia ecológica)."
cury26,CE,UF,superior completo,0.04,0.03,7.1,0.15,0.7973,201,0.569,"Associação entre territórios (zonas eleitorais), não comportamento individual (falácia ecológica)."
cury26,CE,UF,mulheres,0.4,0.07,1.8,0.6,0.5026,201,0.569,"Associação entre territórios (zonas eleitorais), não comportamento individual (falácia ecológica)."
cury26,ES,UF,16–24 anos,-1.4,-0.17,1.2,0.92,0.127,85,0.634,"Associação entre territórios (zonas eleitorais), não comportamento individual (falácia ecológica)."
cury26,ES,UF,25–34 anos,-0.89,-0.12,1.3,1.13,0.4289,85,0.634,"Associação entre territórios (zonas eleitorais), não comportamento individual (falácia ecológica)."
cury26,ES,UF,45–59 anos,-0.04,-0.0,0.6,1.19,0.9748,85,0.634,"Associação entre territórios (zonas eleitorais), não comportamento individual (falácia ecológica)."
cury26,ES,UF,60–69 anos,-1.7,-0.23,1.3,0.8,0.0349,85,0.634,"Associação entre territórios (zonas eleitorais), não comportamento individual (falácia ecológica)."
cury26,ES,UF,70+ anos,-0.54,-0.11,2.0,0.79,0.4922,85,0.634,"Associação entre territórios (zonas eleitorais), não comportamento individual (falácia ecológica)."
cury26,ES,UF,sem fundamental completo,-0.46,-0.54,11.7,0.11,0.0,85,0.634,"Associação entre territórios (zonas eleitorais), não comportamento individual (falácia ecológica)."
cury26,ES,UF,fundamental (até médio incompleto),0.2,0.11,5.5,0.19,0.2879,85,0.634,"Associação entre territórios (zonas eleitorais), não comportamento individual (falácia ecológica)."
cury26,ES,UF,superior completo,-0.23,-0.23,9.9,0.15,0.1213,85,0.634,"Associação entre territórios (zonas eleitorais), não comportamento individual (falácia ecológica)."
cury26,ES,UF,mulheres,-0.35,-0.05,1.5,0.56,0.5311,85,0.634,"Associação entre territórios (zonas eleitorais), não comportamento individual (falácia ecológica)."
cury26,GO,UF,16–24 anos,-1.29,-0.26,2.0,0.47,0.006,226,0.475,"Associação entre territórios (zonas eleitorais), não comportamento individual (falácia ecológica)."
cury26,GO,UF,25–34 anos,-0.77,-0.15,2.0,0.6,0.1965,226,0.475,"Associação entre territórios (zonas eleitorais), não comportamento individual (falácia ecológica)."
cury26,GO,UF,45–59 anos,-1.52,-0.14,0.9,0.55,0.0061,226,0.475,"Associação entre territórios (zonas eleitorais), não comportamento individual (falácia ecológica)."
cury26,GO,UF,60–69 anos,-1.18,-0.22,1.9,0.49,0.017,226,0.475,"Associação entre territórios (zonas eleitorais), não comportamento individual (falácia ecológica)."
cury26,GO,UF,70+ anos,-0.61,-0.16,2.7,0.36,0.0899,226,0.475,"Associação entre territórios (zonas eleitorais), não comportamento individual (falácia ecológica)."
cury26,GO,UF,sem fundamental completo,-0.06,-0.06,9.2,0.07,0.3365,226,0.475,"Associação entre territórios (zonas eleitorais), não comportamento individual (falácia ecológica)."
cury26,GO,UF,fundamental (até médio incompleto),-0.15,-0.05,3.3,0.16,0.378,226,0.475,"Associação entre territórios (zonas eleitorais), não comportamento individual (falácia ecológica)."
cury26,GO,UF,superior completo,-0.13,-0.09,7.2,0.09,0.1424,226,0.475,"Associação entre territórios (zonas eleitorais), não comportamento individual (falácia ecológica)."
cury26,GO,UF,mulheres,0.37,0.07,1.8,0.25,0.1371,226,0.475,"Associação entre territórios (zonas eleitorais), não comportamento individual (falácia ecológica)."
cury26,MA,UF,16–24 anos,-1.13,-0.3,2.7,0.4,0.0048,212,0.801,"Associação entre territórios (zonas eleitorais), não comportamento individual (falácia ecológica)."
cury26,MA,UF,25–34 anos,0.4,0.06,1.4,0.59,0.4989,212,0.801,"Associação entre territórios (zonas eleitorais), não comportamento individual (falácia ecológica)."
cury26,MA,UF,45–59 anos,-0.59,-0.11,1.8,0.54,0.2756,212,0.801,"Associação entre territórios (zonas eleitorais), não comportamento individual (falácia ecológica)."
cury26,MA,UF,60–69 anos,0.38,0.04,1.0,0.69,0.5813,212,0.801,"Associação entre territórios (zonas eleitorais), não comportamento individual (falácia ecológica)."
cury26,MA,UF,70+ anos,-1.2,-0.17,1.4,0.44,0.007,212,0.801,"Associação entre territórios (zonas eleitorais), não comportamento individual (falácia ecológica)."
cury26,MA,UF,sem fundamental completo,-0.35,-0.46,13.1,0.07,0.0,212,0.801,"Associação entre territórios (zonas eleitorais), não comportamento individual (falácia ecológica)."
cury26,MA,UF,fundamental (até médio incompleto),-0.21,-0.06,2.7,0.15,0.1806,212,0.801,"Associação entre territórios (zonas eleitorais), não comportamento individual (falácia ecológica)."
cury26,MA,UF,superior completo,-0.01,-0.01,4.7,0.14,0.9296,212,0.801,"Associação entre territórios (zonas eleitorais), não comportamento individual (falácia ecológica)."
cury26,MA,UF,mulheres,-0.42,-0.08,2.0,0.26,0.1078,212,0.801,"Associação entre territórios (zonas eleitorais), não comportamento individual (falácia ecológica)."
cury26,MG,UF,16–24 anos,-1.85,-0.3,1.6,0.71,0.0088,881,0.247,"Associação entre territórios (zonas eleitorais), não comportamento individual (falácia ecológica)."
cury26,MG,UF,25–34 anos,0.79,0.14,1.7,0.7,0.2603,881,0.247,"Associação entre territórios (zonas eleitorais), não comportamento individual (falácia ecológica)."
cury26,MG,UF,45–59 anos,0.37,0.05,1.3,0.71,0.6082,881,0.247,"Associação entre territórios (zonas eleitorais), não comportamento individual (falácia ecológica)."
cury26,MG,UF,60–69 anos,-0.55,-0.08,1.5,0.59,0.3468,881,0.247,"Associação entre territórios (zonas eleitorais), não comportamento individual (falácia ecológica)."
cury26,MG,UF,70+ anos,-0.2,-0.06,2.9,0.52,0.7012,881,0.247,"Associação entre territórios (zonas eleitorais), não comportamento individual (falácia ecológica)."
cury26,MG,UF,sem fundamental completo,-0.63,-0.72,11.4,0.11,0.0,881,0.247,"Associação entre territórios (zonas eleitorais), não comportamento individual (falácia ecológica)."
cury26,MG,UF,fundamental (até médio incompleto),-0.07,-0.03,3.6,0.17,0.6742,881,0.247,"Associação entre territórios (zonas eleitorais), não comportamento individual (falácia ecológica)."
cury26,MG,UF,superior completo,-0.65,-0.44,6.8,0.16,0.0001,881,0.247,"Associação entre territórios (zonas eleitorais), não comportamento individual (falácia ecológica)."
cury26,MG,UF,mulheres,-0.89,-0.16,1.8,0.42,0.0354,881,0.247,"Associação entre territórios (zonas eleitorais), não comportamento individual (falácia ecológica)."
cury26,MS,UF,16–24 anos,-0.45,-0.07,1.7,0.73,0.5404,87,0.757,"Associação entre territórios (zonas eleitorais), não comportamento individual (falácia ecológica)."
cury26,MS,UF,25–34 anos,-0.95,-0.15,1.6,0.96,0.324,87,0.757,"Associação entre territórios (zonas eleitorais), não comportamento individual (falácia ecológica)."
cury26,MS,UF,45–59 anos,1.06,0.13,1.2,0.94,0.2628,87,0.757,"Associação entre territórios (zonas eleitorais), não comportamento individual (falácia ecológica)."
cury26,MS,UF,60–69 anos,-0.19,-0.02,1.3,0.89,0.834,87,0.757,"Associação entre territórios (zonas eleitorais), não comportamento individual (falácia ecológica)."
cury26,MS,UF,70+ anos,-0.73,-0.14,1.9,0.55,0.1883,87,0.757,"Associação entre territórios (zonas eleitorais), não comportamento individual (falácia ecológica)."
cury26,MS,UF,sem fundamental completo,-0.06,-0.07,11.7,0.16,0.7152,87,0.757,"Associação entre territórios (zonas eleitorais), não comportamento individual (falácia ecológica)."
cury26,MS,UF,fundamental (até médio incompleto),-0.12,-0.04,2.9,0.32,0.7042,87,0.757,"Associação entre territórios (zonas eleitorais), não comportamento individual (falácia ecológica)."
cury26,MS,UF,superior completo,-0.2,-0.15,7.4,0.18,0.2573,87,0.757,"Associação entre territórios (zonas eleitorais), não comportamento individual (falácia ecológica)."
cury26,MS,UF,mulheres,0.52,0.09,1.7,0.46,0.2543,87,0.757,"Associação entre territórios (zonas eleitorais), não comportamento individual (falácia ecológica)."
cury26,MT,UF,16–24 anos,0.52,0.06,1.2,0.46,0.2633,126,0.679,"Associação entre territórios (zonas eleitorais), não comportamento individual (falácia ecológica)."
cury26,MT,UF,25–34 anos,-1.55,-0.28,1.8,0.73,0.0333,126,0.679,"Associação entre territórios (zonas eleitorais), não comportamento individual (falácia ecológica)."
cury26,MT,UF,45–59 anos,-0.45,-0.05,1.2,0.63,0.4715,126,0.679,"Associação entre territórios (zonas eleitorais), não comportamento individual (falácia ecológica)."
cury26,MT,UF,60–69 anos,0.05,0.01,1.6,0.44,0.9052,126,0.679,"Associação entre territórios (zonas eleitorais), não comportamento individual (falácia ecológica)."
cury26,MT,UF,70+ anos,-0.25,-0.06,2.3,0.45,0.5755,126,0.679,"Associação entre territórios (zonas eleitorais), não comportamento individual (falácia ecológica)."
cury26,MT,UF,sem fundamental completo,-0.38,-0.38,9.8,0.11,0.0007,126,0.679,"Associação entre territórios (zonas eleitorais), não comportamento individual (falácia ecológica)."
cury26,MT,UF,fundamental (até médio incompleto),-0.18,-0.05,2.7,0.28,0.5237,126,0.679,"Associação entre territórios (zonas eleitorais), não comportamento individual (falácia ecológica)."
cury26,MT,UF,superior completo,-0.2,-0.13,6.5,0.16,0.2234,126,0.679,"Associação entre territórios (zonas eleitorais), não comportamento individual (falácia ecológica)."
cury26,MT,UF,mulheres,-0.12,-0.03,2.3,0.32,0.7194,126,0.679,"Associação entre territórios (zonas eleitorais), não comportamento individual (falácia ecológica)."
cury26,PA,UF,16–24 anos,-0.66,-0.2,3.1,0.58,0.2537,151,0.62,"Associação entre territórios (zonas eleitorais), não comportamento individual (falácia ecológica)."
cury26,PA,UF,25–34 anos,-1.53,-0.34,2.2,0.87,0.0762,151,0.62,"Associação entre territórios (zonas eleitorais), não comportamento individual (falácia ecológica)."
cury26,PA,UF,45–59 anos,0.27,0.06,2.1,0.77,0.7229,151,0.62,"Associação entre territórios (zonas eleitorais), não comportamento individual (falácia ecológica)."
cury26,PA,UF,60–69 anos,-3.56,-0.71,2.0,0.87,0.0,151,0.62,"Associação entre territórios (zonas eleitorais), não comportamento individual (falácia ecológica)."
cury26,PA,UF,70+ anos,0.94,0.2,2.1,0.63,0.1354,151,0.62,"Associação entre territórios (zonas eleitorais), não comportamento individual (falácia ecológica)."
cury26,PA,UF,sem fundamental completo,-0.05,-0.07,13.6,0.17,0.7671,151,0.62,"Associação entre territórios (zonas eleitorais), não comportamento individual (falácia ecológica)."
cury26,PA,UF,fundamental (até médio incompleto),0.65,0.2,3.1,0.46,0.1532,151,0.62,"Associação entre territórios (zonas eleitorais), não comportamento individual (falácia ecológica)."
cury26,PA,UF,superior completo,0.07,0.04,6.1,0.31,0.8265,151,0.62,"Associação entre territórios (zonas eleitorais), não comportamento individual (falácia ecológica)."
cury26,PA,UF,mulheres,0.54,0.11,2.0,0.55,0.3335,151,0.62,"Associação entre territórios (zonas eleitorais), não comportamento individual (falácia ecológica)."
cury26,PB,UF,16–24 anos,-0.46,-0.08,1.7,0.67,0.4936,224,0.599,"Associação entre territórios (zonas eleitorais), não comportamento individual (falácia ecológica)."
cury26,PB,UF,25–34 anos,-0.14,-0.02,1.4,0.98,0.8861,224,0.599,"Associação entre territórios (zonas eleitorais), não comportamento individual (falácia ecológica)."
cury26,PB,UF,45–59 anos,0.36,0.05,1.3,0.59,0.5434,224,0.599,"Associação entre territórios (zonas eleitorais), não comportamento individual (falácia ecológica)."
cury26,PB,UF,60–69 anos,-0.16,-0.02,1.1,0.95,0.8679,224,0.599,"Associação entre territórios (zonas eleitorais), não comportamento individual (falácia ecológica)."
cury26,PB,UF,70+ anos,-0.87,-0.15,1.8,0.79,0.2697,224,0.599,"Associação entre territórios (zonas eleitorais), não comportamento individual (falácia ecológica)."
cury26,PB,UF,sem fundamental completo,-0.06,-0.08,14.0,0.17,0.748,224,0.599,"Associação entre territórios (zonas eleitorais), não comportamento individual (falácia ecológica)."
cury26,PB,UF,fundamental (até médio incompleto),0.39,0.12,3.0,0.27,0.1508,224,0.599,"Associação entre territórios (zonas eleitorais), não comportamento individual (falácia ecológica)."
cury26,PB,UF,superior completo,-0.02,-0.02,8.5,0.17,0.9026,224,0.599,"Associação entre territórios (zonas eleitorais), não comportamento individual (falácia ecológica)."
cury26,PB,UF,mulheres,1.17,0.22,1.9,0.45,0.0088,224,0.599,"Associação entre territórios (zonas eleitorais), não comportamento individual (falácia ecológica)."
cury26,PE,UF,16–24 anos,-1.47,-0.32,2.2,0.56,0.0082,209,0.56,"Associação entre territórios (zonas eleitorais), não comportamento individual (falácia ecológica)."
cury26,PE,UF,25–34 anos,-0.46,-0.08,1.6,0.61,0.4469,209,0.56,"Associação entre territórios (zonas eleitorais), não comportamento individual (falácia ecológica)."
cury26,PE,UF,45–59 anos,-0.05,-0.01,1.8,0.56,0.936,209,0.56,"Associação entre territórios (zonas eleitorais), não comportamento individual (falácia ecológica)."
cury26,PE,UF,60–69 anos,-3.32,-0.54,1.6,0.73,0.0,209,0.56,"Associação entre territórios (zonas eleitorais), não comportamento individual (falácia ecológica)."
cury26,PE,UF,70+ anos,-0.47,-0.1,2.1,0.42,0.2586,209,0.56,"Associação entre territórios (zonas eleitorais), não comportamento individual (falácia ecológica)."
cury26,PE,UF,sem fundamental completo,-0.23,-0.3,12.9,0.08,0.0036,209,0.56,"Associação entre territórios (zonas eleitorais), não comportamento individual (falácia ecológica)."
cury26,PE,UF,fundamental (até médio incompleto),-0.36,-0.1,2.8,0.19,0.0597,209,0.56,"Associação entre territórios (zonas eleitorais), não comportamento individual (falácia ecológica)."
cury26,PE,UF,superior completo,-0.24,-0.16,6.8,0.1,0.0156,209,0.56,"Associação entre territórios (zonas eleitorais), não comportamento individual (falácia ecológica)."
cury26,PE,UF,mulheres,0.44,0.07,1.5,0.35,0.2151,209,0.56,"Associação entre territórios (zonas eleitorais), não comportamento individual (falácia ecológica)."
cury26,PI,UF,16–24 anos,-0.21,-0.04,1.8,0.59,0.7214,215,0.519,"Associação entre territórios (zonas eleitorais), não comportamento individual (falácia ecológica)."
cury26,PI,UF,25–34 anos,1.58,0.19,1.2,0.61,0.009,215,0.519,"Associação entre territórios (zonas eleitorais), não comportamento individual (falácia ecológica)."
cury26,PI,UF,45–59 anos,0.92,0.14,1.5,0.53,0.0822,215,0.519,"Associação entre territórios (zonas eleitorais), não comportamento individual (falácia ecológica)."
cury26,PI,UF,60–69 anos,0.58,0.06,1.0,0.74,0.4341,215,0.519,"Associação entre territórios (zonas eleitorais), não comportamento individual (falácia ecológica)."
cury26,PI,UF,70+ anos,-0.6,-0.09,1.5,0.52,0.2519,215,0.519,"Associação entre territórios (zonas eleitorais), não comportamento individual (falácia ecológica)."
cury26,PI,UF,sem fundamental completo,-0.27,-0.35,13.2,0.09,0.0048,215,0.519,"Associação entre territórios (zonas eleitorais), não comportamento individual (falácia ecológica)."
cury26,PI,UF,fundamental (até médio incompleto),-0.67,-0.13,1.9,0.27,0.0123,215,0.519,"Associação entre territórios (zonas eleitorais), não comportamento individual (falácia ecológica)."
cury26,PI,UF,superior completo,-0.45,-0.18,4.1,0.16,0.0041,215,0.519,"Associação entre territórios (zonas eleitorais), não comportamento individual (falácia ecológica)."
cury26,PI,UF,mulheres,-0.39,-0.09,2.2,0.37,0.2915,215,0.519,"Associação entre territórios (zonas eleitorais), não comportamento individual (falácia ecológica)."
cury26,PR,UF,16–24 anos,0.35,0.05,1.5,0.76,0.6476,412,0.693,"Associação entre territórios (zonas eleitorais), não comportamento individual (falácia ecológica)."
cury26,PR,UF,25–34 anos,-0.32,-0.06,1.8,0.85,0.7087,412,0.693,"Associação entre territórios (zonas eleitorais), não comportamento individual (falácia ecológica)."
cury26,PR,UF,45–59 anos,-0.13,-0.01,0.9,0.43,0.763,412,0.693,"Associação entre territórios (zonas eleitorais), não comportamento individual (falácia ecológica)."
cury26,PR,UF,60–69 anos,-0.85,-0.12,1.4,0.65,0.194,412,0.693,"Associação entre territórios (zonas eleitorais), não comportamento individual (falácia ecológica)."
cury26,PR,UF,70+ anos,0.23,0.06,2.5,0.56,0.6725,412,0.693,"Associação entre territórios (zonas eleitorais), não comportamento individual (falácia ecológica)."
cury26,PR,UF,sem fundamental completo,-0.42,-0.44,10.3,0.12,0.0004,412,0.693,"Associação entre territórios (zonas eleitorais), não comportamento individual (falácia ecológica)."
cury26,PR,UF,fundamental (até médio incompleto),0.01,0.0,3.5,0.29,0.9643,412,0.693,"Associação entre territórios (zonas eleitorais), não comportamento individual (falácia ecológica)."
cury26,PR,UF,superior completo,-0.26,-0.23,8.8,0.16,0.1037,412,0.693,"Associação entre territórios (zonas eleitorais), não comportamento individual (falácia ecológica)."
cury26,PR,UF,mulheres,-0.81,-0.12,1.5,0.34,0.0158,412,0.693,"Associação entre territórios (zonas eleitorais), não comportamento individual (falácia ecológica)."
cury26,RJ,UF,16–24 anos,-0.09,-0.02,1.7,0.63,0.8903,178,0.189,"Associação entre territórios (zonas eleitorais), não comportamento individual (falácia ecológica)."
cury26,RJ,UF,25–34 anos,-2.36,-0.6,2.6,0.76,0.0019,178,0.189,"Associação entre territórios (zonas eleitorais), não comportamento individual (falácia ecológica)."
cury26,RJ,UF,45–59 anos,-0.59,-0.06,1.1,0.74,0.4207,178,0.189,"Associação entre territórios (zonas eleitorais), não comportamento individual (falácia ecológica)."
cury26,RJ,UF,60–69 anos,-0.21,-0.03,1.4,0.58,0.7251,178,0.189,"Associação entre territórios (zonas eleitorais), não comportamento individual (falácia ecológica)."
cury26,RJ,UF,70+ anos,-1.35,-0.61,4.6,0.49,0.0062,178,0.189,"Associação entre territórios (zonas eleitorais), não comportamento individual (falácia ecológica)."
cury26,RJ,UF,sem fundamental completo,0.06,0.06,9.5,0.11,0.5699,178,0.189,"Associação entre territórios (zonas eleitorais), não comportamento individual (falácia ecológica)."
cury26,RJ,UF,fundamental (até médio incompleto),0.27,0.13,4.8,0.18,0.1326,178,0.189,"Associação entre territórios (zonas eleitorais), não comportamento individual (falácia ecológica)."
cury26,RJ,UF,superior completo,-0.05,-0.04,9.0,0.13,0.7147,178,0.189,"Associação entre territórios (zonas eleitorais), não comportamento individual (falácia ecológica)."
cury26,RJ,UF,mulheres,1.33,0.16,1.2,0.6,0.0258,178,0.189,"Associação entre territórios (zonas eleitorais), não comportamento individual (falácia ecológica)."
cury26,RN,UF,16–24 anos,-1.45,-0.3,2.0,0.99,0.144,167,0.376,"Associação entre territórios (zonas eleitorais), não comportamento individual (falácia ecológica)."
cury26,RN,UF,25–34 anos,-0.92,-0.18,1.9,1.17,0.4314,167,0.376,"Associação entre territórios (zonas eleitorais), não comportamento individual (falácia ecológica)."
cury26,RN,UF,45–59 anos,-0.75,-0.09,1.2,1.22,0.5376,167,0.376,"Associação entre territórios (zonas eleitorais), não comportamento individual (falácia ecológica)."
cury26,RN,UF,60–69 anos,-0.45,-0.07,1.5,0.92,0.626,167,0.376,"Associação entre territórios (zonas eleitorais), não comportamento individual (falácia ecológica)."
cury26,RN,UF,70+ anos,-1.47,-0.33,2.3,0.96,0.1269,167,0.376,"Associação entre territórios (zonas eleitorais), não comportamento individual (falácia ecológica)."
cury26,RN,UF,sem fundamental completo,-0.45,-0.57,12.7,0.15,0.003,167,0.376,"Associação entre territórios (zonas eleitorais), não comportamento individual (falácia ecológica)."
cury26,RN,UF,fundamental (até médio incompleto),0.05,0.01,3.2,0.39,0.9088,167,0.376,"Associação entre territórios (zonas eleitorais), não comportamento individual (falácia ecológica)."
cury26,RN,UF,superior completo,-0.52,-0.41,8.0,0.2,0.0108,167,0.376,"Associação entre territórios (zonas eleitorais), não comportamento individual (falácia ecológica)."
cury26,RN,UF,mulheres,-0.75,-0.13,1.8,0.65,0.2473,167,0.376,"Associação entre territórios (zonas eleitorais), não comportamento individual (falácia ecológica)."
cury26,RS,UF,16–24 anos,-0.28,-0.03,1.2,0.56,0.6171,518,0.327,"Associação entre territórios (zonas eleitorais), não comportamento individual (falácia ecológica)."
cury26,RS,UF,25–34 anos,-2.55,-0.43,1.7,0.62,0.0,518,0.327,"Associação entre territórios (zonas eleitorais), não comportamento individual (falácia ecológica)."
cury26,RS,UF,45–59 anos,-0.61,-0.06,1.0,0.63,0.3356,518,0.327,"Associação entre territórios (zonas eleitorais), não comportamento individual (falácia ecológica)."
cury26,RS,UF,60–69 anos,-1.32,-0.17,1.3,0.49,0.0075,518,0.327,"Associação entre territórios (zonas eleitorais), não comportamento individual (falácia ecológica)."
cury26,RS,UF,70+ anos,-0.99,-0.3,3.0,0.39,0.0112,518,0.327,"Associação entre territórios (zonas eleitorais), não comportamento individual (falácia ecológica)."
cury26,RS,UF,sem fundamental completo,-0.36,-0.35,9.7,0.13,0.0036,518,0.327,"Associação entre territórios (zonas eleitorais), não comportamento individual (falácia ecológica)."
cury26,RS,UF,fundamental (até médio incompleto),-0.71,-0.28,4.0,0.25,0.0048,518,0.327,"Associação entre territórios (zonas eleitorais), não comportamento individual (falácia ecológica)."
cury26,RS,UF,superior completo,-0.93,-0.58,6.2,0.15,0.0,518,0.327,"Associação entre territórios (zonas eleitorais), não comportamento individual (falácia ecológica)."
cury26,RS,UF,mulheres,0.41,0.07,1.7,0.46,0.3696,518,0.327,"Associação entre territórios (zonas eleitorais), não comportamento individual (falácia ecológica)."
cury26,SC,UF,16–24 anos,-0.06,-0.01,1.2,0.55,0.9156,297,0.354,"Associação entre territórios (zonas eleitorais), não comportamento individual (falácia ecológica)."
cury26,SC,UF,25–34 anos,0.52,0.08,1.6,0.56,0.3583,297,0.354,"Associação entre territórios (zonas eleitorais), não comportamento individual (falácia ecológica)."
cury26,SC,UF,45–59 anos,0.31,0.03,1.0,0.51,0.5385,297,0.354,"Associação entre territórios (zonas eleitorais), não comportamento individual (falácia ecológica)."
cury26,SC,UF,60–69 anos,0.04,0.01,1.5,0.49,0.9426,297,0.354,"Associação entre territórios (zonas eleitorais), não comportamento individual (falácia ecológica)."
cury26,SC,UF,70+ anos,0.52,0.12,2.3,0.37,0.1544,297,0.354,"Associação entre territórios (zonas eleitorais), não comportamento individual (falácia ecológica)."
cury26,SC,UF,sem fundamental completo,-0.32,-0.32,10.0,0.13,0.0148,297,0.354,"Associação entre territórios (zonas eleitorais), não comportamento individual (falácia ecológica)."
cury26,SC,UF,fundamental (até médio incompleto),-0.2,-0.09,4.4,0.23,0.3965,297,0.354,"Associação entre territórios (zonas eleitorais), não comportamento individual (falácia ecológica)."
cury26,SC,UF,superior completo,-0.17,-0.14,8.1,0.23,0.4522,297,0.354,"Associação entre territórios (zonas eleitorais), não comportamento individual (falácia ecológica)."
cury26,SC,UF,mulheres,-0.01,-0.0,1.5,0.56,0.9888,297,0.354,"Associação entre territórios (zonas eleitorais), não comportamento individual (falácia ecológica)."
cury26,SE,UF,16–24 anos,-1.05,-0.22,2.0,1.12,0.3476,75,0.807,"Associação entre territórios (zonas eleitorais), não comportamento individual (falácia ecológica)."
cury26,SE,UF,25–34 anos,0.23,0.04,1.8,1.4,0.8703,75,0.807,"Associação entre territórios (zonas eleitorais), não comportamento individual (falácia ecológica)."
cury26,SE,UF,45–59 anos,0.38,0.05,1.3,1.12,0.7383,75,0.807,"Associação entre territórios (zonas eleitorais), não comportamento individual (falácia ecológica)."
cury26,SE,UF,60–69 anos,0.28,0.03,1.2,1.48,0.8505,75,0.807,"Associação entre territórios (zonas eleitorais), não comportamento individual (falácia ecológica)."
cury26,SE,UF,70+ anos,-0.95,-0.2,2.1,0.88,0.2768,75,0.807,"Associação entre territórios (zonas eleitorais), não comportamento individual (falácia ecológica)."
cury26,SE,UF,sem fundamental completo,0.12,0.17,14.7,0.18,0.52,75,0.807,"Associação entre territórios (zonas eleitorais), não comportamento individual (falácia ecológica)."
cury26,SE,UF,fundamental (até médio incompleto),0.35,0.12,3.4,0.55,0.5244,75,0.807,"Associação entre territórios (zonas eleitorais), não comportamento individual (falácia ecológica)."
cury26,SE,UF,superior completo,0.08,0.07,8.1,0.33,0.8071,75,0.807,"Associação entre territórios (zonas eleitorais), não comportamento individual (falácia ecológica)."
cury26,SE,UF,mulheres,0.8,0.14,1.7,0.7,0.2522,75,0.807,"Associação entre territórios (zonas eleitorais), não comportamento individual (falácia ecológica)."
cury26,SP,UF,16–24 anos,-0.54,-0.09,1.6,0.41,0.192,731,0.419,"Associação entre territórios (zonas eleitorais), não comportamento individual (falácia ecológica)."
cury26,SP,UF,25–34 anos,-2.27,-0.51,2.2,0.66,0.0006,731,0.419,"Associação entre territórios (zonas eleitorais), não comportamento individual (falácia ecológica)."
cury26,SP,UF,45–59 anos,-1.08,-0.09,0.8,0.51,0.0342,731,0.419,"Associação entre territórios (zonas eleitorais), não comportamento individual (falácia ecológica)."
cury26,SP,UF,60–69 anos,-2.0,-0.34,1.7,0.43,0.0,731,0.419,"Associação entre territórios (zonas eleitorais), não comportamento individual (falácia ecológica)."
cury26,SP,UF,70+ anos,-1.31,-0.44,3.3,0.36,0.0003,731,0.419,"Associação entre territórios (zonas eleitorais), não comportamento individual (falácia ecológica)."
cury26,SP,UF,sem fundamental completo,-0.51,-0.33,6.4,0.1,0.0,731,0.419,"Associação entre territórios (zonas eleitorais), não comportamento individual (falácia ecológica)."
cury26,SP,UF,fundamental (até médio incompleto),0.18,0.07,4.0,0.16,0.2696,731,0.419,"Associação entre territórios (zonas eleitorais), não comportamento individual (falácia ecológica)."
cury26,SP,UF,superior completo,-0.28,-0.24,8.4,0.15,0.0576,731,0.419,"Associação entre territórios (zonas eleitorais), não comportamento individual (falácia ecológica)."
cury26,SP,UF,mulheres,0.71,0.09,1.3,0.39,0.0726,731,0.419,"Associação entre territórios (zonas eleitorais), não comportamento individual (falácia ecológica)."
cury26,TO,UF,16–24 anos,-1.03,-0.17,1.6,0.84,0.2191,128,0.558,"Associação entre territórios (zonas eleitorais), não comportamento individual (falácia ecológica)."
cury26,TO,UF,25–34 anos,0.1,0.02,1.9,0.99,0.9163,128,0.558,"Associação entre territórios (zonas eleitorais), não comportamento individual (falácia ecológica)."
cury26,TO,UF,45–59 anos,-0.62,-0.09,1.5,0.83,0.4563,128,0.558,"Associação entre territórios (zonas eleitorais), não comportamento individual (falácia ecológica)."
cury26,TO,UF,60–69 anos,-2.04,-0.32,1.6,1.26,0.1048,128,0.558,"Associação entre territórios (zonas eleitorais), não comportamento individual (falácia ecológica)."
cury26,TO,UF,70+ anos,0.06,0.02,2.5,0.8,0.9371,128,0.558,"Associação entre territórios (zonas eleitorais), não comportamento individual (falácia ecológica)."
cury26,TO,UF,sem fundamental completo,-0.06,-0.07,12.0,0.2,0.7729,128,0.558,"Associação entre territórios (zonas eleitorais), não comportamento individual (falácia ecológica)."
cury26,TO,UF,fundamental (até médio incompleto),-0.26,-0.04,1.6,0.35,0.4654,128,0.558,"Associação entre territórios (zonas eleitorais), não comportamento individual (falácia ecológica)."
cury26,TO,UF,superior completo,0.4,0.19,4.8,0.45,0.3756,128,0.558,"Associação entre territórios (zonas eleitorais), não comportamento individual (falácia ecológica)."
cury26,TO,UF,mulheres,-0.66,-0.18,2.7,0.47,0.1577,128,0.558,"Associação entre territórios (zonas eleitorais), não comportamento individual (falácia ecológica)."
