ibge,urb,cat,evg,sem,renda_media,renda_mediana,outras_fontes
1100015,60.4,50.3,35.7,10.4,1210.6,920,25.5
1100023,86.7,34.2,42.3,18.4,1458.6,1066.7,17
1100031,53.2,56.8,36.4,4.3,1323.8,1033.3,26.3
1100049,82.8,38.6,43.2,12.5,1625.9,1200,20.9
1100056,88.8,49.9,39.7,8.4,1554.3,1200,20
1100064,74.8,55.5,35.9,7,1666.5,1200,23.6
1100072,37,58,34.5,6.9,1234.6,981,21.3
1100080,52.8,48.7,40,9.4,1088.1,775,25
1100098,72.9,34.7,49.1,12.6,1371.7,1080,22.6
1100106,80.6,44.7,40.3,10.7,1035.9,583.3,24.9
1100114,78.7,42.7,45.6,8.6,1406.3,1053,24.6
1100122,90.9,33.4,45.7,14.9,1437.6,1062.4,17.8
1100130,54.2,30.7,47.4,18.9,1047.4,819.3,27.7
1100148,46.6,49.5,38.3,9.8,981.8,750,34.7
1100155,79.1,42.2,37.9,16.9,1389,1000,24.6
1100189,81.8,44.1,41.3,11.6,1389.7,1066.7,25.5
1100205,92.6,40.4,38.7,13.1,1459.8,866.7,18.8
1100254,64.1,51,39.3,6.5,1164.6,875,27.5
1100262,41.4,40.4,44.2,12.4,1244.4,909,21.7
1100288,83.8,37.7,41,18.6,1446.9,1125,19.4
1100296,43.9,51.3,37.3,9.7,1110.6,906,37.7
1100304,94.2,39.7,41.7,10.9,1650.5,1212,19.5
1100320,55.3,45,40.6,12,1303.1,990,24.7
1100338,57.9,40.7,42.4,12.8,1152.2,866.7,20.7
1100346,59.1,55.3,35.3,7.2,1223.2,850,25.9
1100379,43.4,48.1,40.9,10,1173.3,840,24.7
1100403,50,50.2,37.7,9,1185.3,875,25.3
1100452,69.4,37.1,45.5,15,1219.5,1000,20.4
1100502,43.2,50,43.6,5.4,1102.3,808,31.9
1100601,46.6,49.3,35.7,13.1,1187.1,900,35.9
1100700,30.9,41.2,46.9,8.7,1004.6,731,23.8
1100809,76.5,34.2,45.9,15.4,927.1,680,27.1
1100908,23.7,50.3,36.4,10.7,1163.5,998.5,35.1
1100924,56.9,46.1,37.1,15.3,1275.3,1000,12.6
1100940,65.4,34.4,40.6,22.1,1152.4,800,19.9
1101005,31.8,54.2,34.5,7.9,944,704,33.5
1101104,69.2,33,40.5,23.6,1014.4,775,23.5
1101203,45.9,49.3,41.7,7.7,1209.5,925,32.1
1101302,54,41.3,44,11.6,1199.7,857.5,41.9
1101401,45.6,43.1,42.3,12.8,1241.8,906,28.9
1101435,27.2,51,38.2,9.9,920.2,700,35.4
1101450,35.3,46,42.6,4.8,1014.4,800,26.7
1101468,56.7,61.4,27.9,8.7,911.6,666.7,31.3
1101476,45.2,56.1,33.6,7,919.3,725,42.3
1101484,41.2,57,34.1,8.2,1362.8,1102.4,32.2
1101492,56.9,42.9,44.2,11,1172,980,22.4
1101500,45.5,49.7,40.2,8.9,1027.6,742.4,32
1101559,38.6,44.4,42.6,10.6,1179.1,904,34
1101609,30.7,44.4,39,14.1,1102.8,800,32.1
1101708,51.3,45.3,44.4,7,1121.2,875,27.2
1101757,45.1,44.6,46,6.9,1095.4,808,30.2
1101807,39.4,49.6,34.4,15.3,1219,906,36.3
1200013,55.4,37,48.3,10.8,880.5,650,30
1200054,59.5,41.1,41.8,13.9,775.9,492.7,31.8
1200104,64.4,43,38.4,13.7,914.2,606,28.8
1200138,46,29.2,53.5,13.6,709.7,453,39.7
1200179,40.7,32.5,45.8,17.5,806.7,600,38.1
1200203,74.2,46.3,44.9,6,905.2,600,26.8
1200252,68.9,43.9,38.1,12.6,1026.8,670.7,25.2
1200302,51.1,46.3,39.4,6.7,610.9,400,35.9
1200328,39.8,65.2,23.8,5.3,542,300,26.9
1200336,66,49.7,44.3,3.5,695.9,453,37.7
1200344,56.1,30.1,52.2,16.4,622.4,433.3,38.5
1200351,34.5,55.3,41.2,0.9,516.9,337.5,36.9
1200385,64.9,40.6,45.1,10.8,992.5,633.3,33.9
1200393,46.1,67.1,31.6,1.2,603.3,400,34.1
1200401,93.5,30.5,47.1,14.8,1436,833.3,22.1
1200427,38.1,44.2,49.7,3.9,633.3,400,37.3
1200435,49,31.1,47.7,4.3,449.8,266.7,28.6
1200450,62.3,37.9,47.8,10,974.2,681,33.9
1200500,65.2,52.9,36.9,8.3,794.4,500,31.5
1200609,56.2,54.8,32.8,7,604.4,303,36.3
1200708,56.5,48.3,41.5,8.3,898.7,606,36
1200807,56.7,35.6,50.4,10.3,733.2,533.3,42.6
1300029,55,55,41,3,494.9,385.7,35.9
1300060,71.8,41,41.3,1,556.4,330.3,33.5
1300086,48.3,56.3,39.2,3.3,559.8,402.4,33
1300102,63.1,47.5,48.6,2.4,624.9,442.4,39.8
1300144,53,50.6,38,9.2,1009,685.7,26.1
1300201,51.8,25.8,24,26.2,556.2,285,28.9
1300300,44.7,37.8,48.7,9.7,649,450,40.6
1300409,55.5,49.6,26.5,1.4,595.6,379.1,37.1
1300508,54.7,72.2,24.4,1.4,521.2,364,38.5
1300607,76.5,46.6,37,3.2,576.2,320,29
1300631,58.3,41.2,51.7,4,608.6,347.7,34.7
1300680,49.9,74.6,22.9,1.5,497.4,382.4,34.2
1300706,62.4,41.6,44.4,9.9,669.7,444.4,33.4
1300805,61.7,58.2,37.4,2.4,567.3,381.8,38.2
1300839,51.7,39.1,48.8,9.8,488.7,314.3,38.5
1300904,59.8,56.1,38.5,3.8,601.5,416,44.1
1301001,78.9,45.5,46.8,6.4,579.8,400,30.9
1301100,42,38.9,50,7.8,698.2,500,35.2
1301159,15.1,49.1,43.8,6.4,638.5,450,43.3
1301209,74.9,51.1,43.5,3.8,580.5,375,30.2
1301308,75.7,48.5,47.8,2.9,587,400,35.3
1301407,78.1,61.5,31.5,4,588.5,400,33.8
1301506,74.5,58.2,32.6,4.8,579.2,403,36.3
1301605,69.8,60.3,36.4,2.5,638.8,465.4,35.4
1301654,67,55.6,37.3,6.2,596.2,450,37.4
1301704,73.5,65.8,25.9,3.9,871.3,566.7,24.6
1301803,67.9,69.6,20.3,7.9,509,333.8,38.4
1301852,76.3,36.1,47.5,8.2,805.8,600,28.9
1301902,70.5,47.2,41.2,8.9,734.3,487.5,31.7
1301951,67.7,46.8,39.8,3.3,525.4,320,31.9
1302009,78.3,43.2,49.8,6.4,688,473.1,36.8
1302108,56.4,41.8,45.8,11,823.6,532,16.7
1302207,67.2,34.2,49.4,11.4,516.6,356.9,35.7
1302306,64.2,38.9,43.3,9.1,566.7,372.4,30.6
1302405,60.9,55,34.1,8.2,618,407.5,34.7
1302504,65.1,36.9,51.8,7.5,680.4,460,34.7
1302553,38.6,42.8,47.4,7.3,568.4,350,43.8
1302603,99,44.4,39.5,8.8,1284.7,686,18.8
1302702,56.9,63.4,30.3,5.1,701.5,433.3,28.2
1302801,51,47.1,46.9,5.2,518.1,328.6,30.4
1302900,47.7,66.2,30.7,1.9,488.5,325,44.1
1303007,37.2,82.3,17.1,0.1,539.6,400,50.3
1303106,60.8,55,41,1.9,537.7,416.7,36.2
1303205,75.1,38.5,42.9,12.8,700.9,452,32.6
1303304,75.2,56.5,35.7,6.3,630.5,450,29.8
1303403,82.7,73.6,22.4,2.5,796.7,500,29.5
1303502,61.4,55.9,36,3.8,454.6,300,36.1
1303536,54.7,34.2,49.5,8.5,976.4,666.7,22.2
1303569,56.7,34.2,50.8,11.6,801.1,563.6,29.5
1303601,48.7,68.1,16.8,0.3,448.9,320,42.1
1303700,77.6,27.6,50.7,7.8,489.4,310,31.1
1303809,51.4,64.1,29,2.1,577.8,327.3,34.3
1303908,73.2,37.2,52.3,2.4,397,266.7,46
1303957,81.6,37,48.4,12.2,657.8,462.4,31.2
1304005,44.5,61.2,34.2,3.6,559.9,400,41.1
1304062,83.4,40.6,43.5,5.7,669.6,411.1,21.9
1304104,57.9,30.4,60.7,4.5,541.2,362.4,29.3
1304203,80.9,42.2,49.2,5.9,767.1,475,24.8
1304237,59,57.4,30.9,0.8,432,311.1,49.2
1304260,67.7,43.2,47.1,8.6,516.1,375,30.1
1304302,66.2,62.9,33,2.1,690.5,504.8,35.9
1304401,65,63.7,27.2,8.4,629.4,450,39.3
1400027,15.9,31.5,26.3,14,493.7,278,27.2
1400050,22.6,29.3,20.7,23.5,467.6,160,31
1400100,97.3,36.4,34.4,18,1399,800,16.7
1400159,36.4,51.5,32.8,4,583.7,380,36.9
1400175,24.8,47.8,35,12.8,788,500,31.4
1400209,53,41,39.1,14.4,714.4,482.4,34.7
1400233,46.4,25.5,49.5,21.2,917.6,606,27.1
1400282,42.6,39.1,33.7,15.2,781.7,600,22.7
1400308,55.9,44.7,31,20.1,809.6,600,33.1
1400407,23.1,53.2,35,3.9,486.6,300,34.3
1400456,47.9,35.5,40.5,10.6,578,318.2,22.6
1400472,74.4,38.1,38.8,19.1,831.4,600,22.7
1400506,71,29.4,41.8,24.4,895.8,610,23.6
1400605,59.6,45,32.9,17.1,827.3,537.3,30.4
1400704,7.7,66.6,21,0.3,288.7,171.4,48.1
1500107,62.2,59.8,32.9,4.6,771.3,537.3,32.5
1500131,87.5,51.3,36.4,10.2,923.2,628,26.3
1500206,22.2,45.9,45.3,7.9,505.3,375,44.5
1500305,31.4,71.9,24,3.7,476.1,333.3,35.5
1500347,51.5,64.5,31.9,1.8,936.7,756,24.4
1500404,50.7,69.3,25.6,4.1,562.3,400,40
1500503,65.6,61.5,32,4.3,773,487.5,32.7
1500602,82.5,44.3,38.4,11.6,1245.3,808,17
1500701,43.9,51.2,45.4,2.7,524.3,305,34.4
1500800,99.7,49.6,37.5,7.2,1219.9,806,22.3
1500859,49.7,39.2,43.6,14.2,765,500,24.1
1500909,51.5,69.9,24.6,3.3,479.9,300,50.6
1500958,42.6,69.1,28.1,2.2,574.3,403,41.8
1501006,24.2,59.7,33,2.7,477.9,303,50
1501105,40.8,39.7,53.4,5.6,358.7,233.3,33.7
1501204,52.9,78.4,18.9,2.3,460.7,316,47.7
1501253,40,47.9,42.9,6.5,995.2,666.7,17
1501303,82.5,43.1,43.9,8.7,975.5,666.7,21.4
1501402,99.5,55.2,33.4,5.7,1668.5,842.4,25.1
1501451,48.5,58.4,35.1,4.7,741.2,500,39.7
1501501,94.9,43.7,45.2,7.7,819,606,28
1501576,57.4,44.1,38,15.9,948,684.8,23.7
1501600,54.9,77.1,21.2,1,739.3,550,38.6
1501709,71.2,65.3,30,3.2,810.5,529.5,31.8
1501725,54.2,49.3,39.6,10.1,763.3,546.3,30.5
1501758,55.9,56.2,36.4,4.4,766.2,575,35.3
1501782,62.4,40.2,42.2,15.9,725.3,533.3,33.1
1501808,51.9,56.7,36,6,606.1,375,31.8
1501907,35.5,56.1,37.8,4.6,526.1,387.5,49.6
1501956,36.4,60.3,33.6,5.5,564.2,400,36.4
1502004,47.4,53.7,38.7,4.5,488.5,349,56.3
1502103,50.8,69.9,24.8,4.4,597.9,400,40.3
1502152,90,39.6,46.1,9.1,1364.4,940,10.1
1502202,84.8,68.2,26.1,3.7,966.5,670.7,30.1
1502301,55.2,75.1,21,3,704.6,525,34.2
1502400,92.5,55.8,36,5,1055.1,670.7,23
1502509,22.6,62,33,3.4,584.3,366.7,46.4
1502608,39.6,65.2,28.3,5.1,655.9,404,48.8
1502707,74.3,55.4,34.6,8.1,1032.8,714.3,27.8
1502756,61.4,50.9,42.2,6.1,700,516.7,31.4
1502764,35.6,36.3,41.9,19,1007.7,680,15.2
1502772,89.8,45.7,39.3,13.4,1036.4,750,21.5
1502806,39.9,57.6,39.4,1.4,473,262.5,45.9
1502855,52.1,73,24.2,1.5,556,394.2,44.1
1502905,59.9,63.8,29.7,3.1,614.5,400,53.7
1502939,84.3,48.7,32.3,16.9,782.3,604,25.9
1502954,61.2,39.3,38.3,12.3,880,600,22.2
1503002,82.5,76,20.2,2.8,594.9,450,41.5
1503044,58.4,54.8,40,3.5,831.9,592.4,35.8
1503077,57.4,79,18.5,0.9,620.5,425,38.1
1503093,63.7,48,42,6.6,829,600,24
1503101,41.6,72.7,24.9,1.2,634.9,420.4,32.4
1503200,69.5,68.9,26.4,3.5,718.3,500,38.4
1503309,44.6,42.1,45.1,11.3,617.3,433.3,38
1503408,35.4,61.9,30.3,6.2,631.7,500,39.6
1503457,51.2,60.1,33.1,6,594.3,403,39.8
1503507,28.9,61.6,32.2,4.2,616.6,450,49.2
1503606,87,48.3,33.2,16,1074.4,800,18.7
1503705,57.4,63.3,29.7,5.4,636.3,489,37.6
1503754,42.2,49.6,38.5,7.3,787.9,470,17.3
1503804,89.4,52.6,35.3,10.1,905.2,650,28
1503903,58.6,59.3,36.2,2.1,713.1,414.3,27
1504000,29.5,48.8,41.5,6.9,463.9,300,43.7
1504059,81,66.5,27.4,5.1,786.6,550,27.9
1504109,47.5,63.4,32.5,3.7,619,404,51.8
1504208,89.9,46.5,36.8,12.7,1137.5,737.3,18
1504307,41.6,56.1,36.8,6.4,634.8,440,46.2
1504406,57.4,64.8,29.9,3.4,576.7,400,59.4
1504422,99.7,49,40.8,6.9,883.7,625,27.8
1504455,39.7,47.7,43.3,7.4,763.1,538,38.2
1504505,34.6,44.8,45.9,8.8,476.9,250,37.2
1504604,71.4,55.4,40,3.9,694.5,450,37.3
1504703,39.5,38.2,43,17,626.3,468.7,35.1
1504752,36,62.4,31.8,4.1,705.9,568.7,33.3
1504802,54.4,60.3,34.1,3.6,687,450,41.1
1504901,43.1,63.7,31.8,1,505.3,350,46.4
1504950,62.2,55.3,42.9,1.8,535.3,350,36.2
1504976,50.5,57.3,36,5.2,824.9,575,26.3
1505007,71.1,77.3,19.6,2,710,466.7,45.5
1505031,80.1,61.2,27.7,7.6,1274.4,1000,18.1
1505064,53.8,45.8,41.7,9,721.3,525,29.7
1505106,60.7,67.7,25.7,3.9,652.6,404,39.1
1505205,46.3,61.7,34.9,2.5,460.5,301.1,43.3
1505304,69.3,58.6,31.5,7.6,727.7,453,29.5
1505403,61,74.6,22,2.8,694.9,433.3,40.8
1505437,84.7,38.3,46.1,9.2,935.7,625,17.4
1505486,46.1,48.9,42.3,6,689.6,483.3,35.3
1505494,68.6,54.6,30.2,14.2,856.1,606,36.3
1505502,91.1,42.9,40.5,13.2,992.1,672.5,17.8
1505536,96.4,38.7,43.5,12.5,1321.9,875,12.8
1505551,61.2,52.1,37,8.9,882.1,680,39.6
1505601,60.2,77,20.4,1.7,756.6,537.3,39.1
1505635,41.4,62.4,26.7,7.5,864.3,660,22
1505650,43.2,47.3,38.2,12.8,793,500,33
1505700,52,50.3,43.3,4.7,574.2,362.4,42.8
1505809,48.4,52.3,40.2,6.9,508.3,316,35.1
1505908,48.9,67.6,27.3,1.4,485,316,37.6
1506005,52.1,63.6,33,1.8,451.7,302,45.8
1506104,66.4,76.2,20.4,1.7,716.9,450,43.4
1506112,83.8,68.6,23.6,4.4,649.3,471.8,49.3
1506138,95.4,44.4,40.8,11.2,1295.2,896,16
1506161,76,53.7,36.5,7.2,1039,700,25.6
1506187,63.7,41.1,46.6,9.2,946.1,650,19.4
1506195,60.5,51.7,32.6,12.8,732,561.2,36.6
1506203,91.9,62.1,28.2,3.7,875.1,606,29.1
1506302,73.8,59.5,31.6,6.2,723.4,403,45.7
1506351,65.3,39.3,48.1,10.1,762.5,600,35.8
1506401,84.2,59.1,35.8,4.6,520.4,406.8,46.9
1506500,80.4,43.9,41.4,11.3,914,616.7,29.2
1506559,53.8,80.3,18.1,0.9,685.1,470.7,38.1
1506583,49.4,51.7,39.1,6.3,1175.4,804,18.1
1506609,69.4,70.3,26.9,2.1,793.6,597.3,34.4
1506708,79.7,48.5,42,7.7,1138,800,18.7
1506807,79.7,61.4,30.3,4.8,1024.3,633.3,23.1
1506906,31.2,66.9,27.1,5.2,743.7,537.3,42
1507003,66.7,46.6,44.8,7.3,697.7,500,39.8
1507102,55.4,69.8,25.4,3.4,611.2,400,45.1
1507151,70.6,58.8,31.6,8.1,922.6,600,27.4
1507201,30.4,71.3,25.9,2.2,520.4,362.4,49.4
1507300,59.8,47.3,38.3,10.8,980.7,740,18.7
1507409,50,57.2,35.3,6.1,682,501.5,42.3
1507458,69.9,53.4,39.9,5.5,852.6,606,25.1
1507466,19.8,57.5,33.5,7.7,566.1,403,60.9
1507474,63.5,64.2,26.9,4.9,624.1,428,45
1507508,39.7,51.6,39.5,7.9,684.9,480,45.9
1507607,71.6,68.1,28.6,2.4,739.5,520,33.9
1507706,43.9,49.1,45.2,3.2,541.5,366.7,43.1
1507755,81.5,53.8,32.3,13.3,781,600,19.5
1507805,39.7,52.4,41.2,5,627.7,428.6,36.4
1507904,93.1,61.7,27.7,1.7,728.1,487.4,39.3
1507953,86.7,45.3,39.1,13.9,829.7,600,19.2
1507961,56.8,54,38,6.5,729,487.5,43.8
1507979,86.6,65.8,31,2.2,692.2,516.7,34.8
1508001,63.3,43.6,44.1,10.3,710,516.7,24.9
1508035,35.6,72.1,23.8,2.8,536.7,395,56.2
1508050,61.7,51.6,36.5,9.6,964.7,718.7,21.7
1508084,86.3,46.6,41.8,8,1121,800,18.3
1508100,93.7,47,40.9,8.7,1124.6,704,23
1508126,69.8,47.4,41,10.4,718.6,562.4,22
1508159,59,49,39.2,10.3,840.1,606,30.3
1508209,77.9,69.5,26.4,2.6,699.6,542.4,40.5
1508308,51,71.9,26,1.6,515.8,341.7,49.5
1508357,55.7,55.6,35.7,6.7,838.4,606,26.2
1508407,87.7,45.8,42.2,9.2,1187.2,808,16.9
1600055,58.2,42,45.4,11.2,1097,810.3,20
1600105,83.5,67.4,27.1,3.2,841.5,537.3,29.3
1600154,67,34.4,39.5,15,885.6,633.3,22.3
1600204,83.1,50.1,33.3,14.6,827.7,562.5,23.3
1600212,63.5,48.5,50,1,642.8,425,35.4
1600238,70.9,44.5,49,3,758.6,475,22.9
1600253,48.4,47.9,38.2,6.7,628.2,450,33.5
1600279,91.9,48.2,36.9,10.9,867.4,560,24.6
1600303,94.6,52.9,33.9,7.1,1313.2,744.8,18.2
1600402,50.9,58.3,37,2.6,650.6,400,30.4
1600501,67.9,34.5,46,15.4,846.4,544.6,15.4
1600535,67.7,42.9,40,15.4,889.1,566.3,23.9
1600550,45.2,37,56.7,5.2,639.2,403,36.8
1600600,95.9,51.9,40.2,5.4,1029.1,687.5,21.5
1600709,56,41,45.9,9.9,669,400,29.1
1600808,80,48.8,39.3,9.5,656.4,447.5,31.5
1700251,58.2,66.5,28.6,3.1,1103.9,800,23.4
1700301,83.3,63.9,34.3,1.3,969.5,720.5,29.6
1700350,84.5,67.7,20.9,9.4,962.8,753,33.2
1700400,81.5,58.4,28.2,11.6,901.2,720,36.3
1700707,94.5,67.5,27.4,2.9,1420.7,1028,23.2
1701002,75.2,71,26.6,1.4,905.9,666.5,32.7
1701051,69.4,71.5,23.7,4.2,864.5,666.7,35.2
1701101,73.7,57.8,29.4,11.3,1086.8,800,31.8
1701309,48,61,30.8,5.5,948.9,678,38.2
1701903,47.6,55.8,39.7,2.7,1126.5,765.5,30.8
1702000,68,53.1,40.6,3.7,1309.8,928,27.6
1702109,97.2,54,34,7.5,1450.2,956,16.5
1702158,67.1,61.9,34.9,2.9,883,675,29.9
1702208,71.1,58.9,30.6,7.5,968,606,30.2
1702307,78.5,63.3,26.7,6,1063.8,803,26.9
1702406,69.2,79.7,15.8,2.4,1165.1,785.3,40.9
1702554,86.4,66.9,24,6.3,995.2,606,26.9
1702703,68,69.6,22,6.2,988.1,696,38.1
1702901,82.6,70,25.2,3.5,729.1,535.3,36.4
1703008,52.1,69.5,22.8,5,877.1,628,40.4
1703057,61.2,65.8,28.1,5,1113.7,875.3,18.2
1703073,74.4,64,26.5,7.3,750.9,600,34
1703107,84.1,61.2,29.8,5.1,1073.1,828,43.2
1703206,51.6,56.7,32.1,10.9,1113.4,806,26.2
1703305,80,68.2,22.9,7.3,1047.8,733.3,36.1
1703602,64.9,58.9,33,5.9,945.3,724.8,31
1703701,79.5,57.1,38.1,3.2,889.7,737.3,40.3
1703800,76.7,73,21.5,4.4,665.2,542.4,43.8
1703826,77.3,61.7,36.4,0,763.8,606,43.1
1703842,71.8,67.2,18.6,4.6,912.3,607,23.8
1703867,62.2,60.5,34.4,4,1174.2,969.6,31.3
1703883,83.5,66.6,26.8,6.2,982.1,733.3,24.7
1703891,45.6,75.7,17.5,6.8,590.1,453,38.9
1703909,63.3,53.3,33.3,4.4,1047.9,803,27.6
1704105,64.8,79.2,19.1,1,860.5,606,39.7
1704600,63.7,56.9,31.7,3.3,927.7,808,40
1705102,57.8,78.4,18.7,2.3,809.8,604,51.9
1705508,96.5,55.5,33.7,8.1,1378.7,942.4,18
1705557,85.7,67.3,26.1,4.7,1157,804,27.4
1705607,72.8,77.8,19.7,1.9,966.5,702.4,35
1706001,51.3,63.8,30.8,3.3,878.4,606,44.1
1706100,81.6,72.1,20.3,5.2,1299.2,950,30.7
1706258,67.7,67.6,27.3,4.5,1034.6,866.7,26.5
1706506,73.2,68,28.4,3.4,865.8,700,31.1
1707009,87.4,73.6,22.1,1.5,1143.3,762.5,21.1
1707108,74.6,60.3,27.3,9.4,1231.1,875,21.8
1707207,48.1,71.9,21.8,5.2,1097.6,875,36.8
1707306,67.9,64.5,26.1,8.1,1188.8,1000,30.9
1707405,77.3,58.5,28.9,11.2,723.6,503,38
1707553,84.5,63,33.6,2.2,1181.4,700,28.8
1707652,79.5,65.1,25.5,7.6,1201.3,893,26.3
1707702,65.2,75,19.1,4.8,922.8,660,43.4
1708205,71.2,51.5,33.2,12.8,1174.5,808,24.7
1708254,78.4,56.8,34.7,6.5,1092.3,858,26.9
1708304,60.7,60.4,32.3,4.6,1104.5,808,28.6
1709005,55.1,50.2,24.3,13.2,804,500,36.3
1709302,91.7,56,32.5,6.8,1407,900,18.2
1709500,97.7,54.5,35.4,6.5,1665.2,1166.7,17.7
1709807,53.1,74.2,20.9,3.1,1060.8,718,37.9
1710508,59.9,62.3,18.3,5.4,952,653,37
1710706,56,72.7,22.2,3.9,850.6,606,45.7
1710904,66.1,72.8,23.2,3.3,933.5,680,36.9
1711100,65.5,61.8,33.5,3.6,1076.9,833.3,27.2
1711506,40.3,64.9,27.9,4.5,1033.9,850,30.9
1711803,54,67,31.2,1.6,791.6,606,37.7
1711902,75.3,54.9,34.2,5.3,1229.3,802,15.3
1711951,71.4,76.8,18.1,4.5,777.8,604,34.3
1712009,72.5,57.4,35.2,4.6,1306.3,800,27.6
1712157,65.7,69.6,20.8,7.1,904.2,670.7,36.6
1712405,72.8,89,9.9,0,912.5,502.4,48.9
1712454,73.6,65.2,28.8,4.7,658.4,500,38
1712504,55.9,69.3,25.3,4.6,1221.5,950,21.5
1712702,56.5,69.4,23.5,5.6,775.8,583.3,22.6
1712801,59.3,61.7,25.6,6.1,810.4,600,44.1
1713205,82.8,58.1,28.1,9.2,1345.9,900,25.5
1713304,89.7,62.3,28.4,7.5,1172.2,900,26.5
1713601,49.4,69.4,24.6,3.8,1018.5,666.7,40.5
1713700,55.1,60.3,27.7,8.3,969.7,733.3,35
1713809,59.4,71,26.7,0.9,813,606,34.8
1713957,54.2,64.8,28.1,5.2,925.8,727.2,39.1
1714203,83.1,79.4,15.2,3.6,1184.3,808,30.9
1714302,44.4,78.7,18.5,2.6,810.7,646,44.5
1714880,74.6,69.7,26.9,1.5,916.3,728,31.2
1715002,82.7,62.2,30.7,4.5,1068.6,800,37.9
1715101,82.3,79.3,18.6,0.5,1024.1,606,32
1715150,74.7,70.8,21.1,6.4,1123.6,770.7,41.3
1715259,75,79.3,12.8,0.5,876.2,737.3,30.5
1715507,84.5,59.8,32.4,5.4,925.7,760,30.4
1715705,40.5,71,24.6,1.7,862.1,633.3,37
1715754,84,59.6,32.3,5.6,1242.9,909,25.7
1716109,96.7,48.7,38.1,7.1,1526.3,1056.9,17
1716208,59.1,80.1,18.5,0.4,977.6,666.7,41.8
1716307,69.4,67.7,28.1,4,933.9,644.8,32.4
1716505,91.8,62.3,27.4,7.7,1441.4,982,23.6
1716604,48.9,71,23.8,1.2,1080.3,800,33.9
1716653,51.9,61.7,34.2,3.4,1002.5,766.7,31.4
1716703,72,51.7,36.3,7.3,1172.5,883.3,33
1717008,64.7,75.4,21.4,2.2,787.8,606,39.9
1717206,48.1,64.3,30.5,3.7,857.5,719.4,41
1717503,53.4,57.8,25.3,8.1,1037.5,800,24.7
1717800,55.1,81.1,17,1.1,817.9,550,56.1
1717909,68.1,72.9,25.3,0.7,906.9,606,30.7
1718006,73.9,68.4,23.3,5.4,881.2,644.8,31.7
1718204,89.8,55.4,34.2,6.7,1350,909,21.4
1718303,60.2,60.8,30.2,7.9,721.4,566.7,33.4
1718402,84.9,64.8,25.2,8.8,1017.6,833.3,38.4
1718451,80.2,52.2,36.2,10.3,912.8,806,28.3
1718501,52.9,75.1,24.1,0.4,723.1,484.8,53.3
1718550,45.1,65.9,30.7,2.5,708.1,600,45.9
1718659,90.7,60.1,30.8,8.3,913.4,700,35.7
1718709,58.7,63.1,28.9,7.1,916.2,680,34
1718758,41.8,69,28.8,1.9,988,675,42.7
1718808,83.5,60.4,30.7,4.7,832.9,600,32.5
1718840,56.1,49.7,41.7,7,1043.9,760.2,26.4
1718865,66.5,56,33.5,8.3,1011.9,756,23.6
1718881,68.7,70.3,24.2,4.9,915.7,757.5,30.9
1718899,45.2,65.8,29.3,4.2,1145.4,906,21.8
1718907,71.5,78.4,18,0.8,848.4,670.4,44.2
1719004,65.9,69.6,25.9,2.9,942.4,689.3,29.6
1720002,62,76.4,21.8,1.8,793.1,600,34.1
1720101,57.1,72.8,25,2.2,750.1,606,29.5
1720150,71.4,71.9,26.3,1,1195.8,850,18.9
1720200,69.4,54.8,32,12,820.6,625,30.5
1720259,50.8,81.6,15.1,2.6,815.4,606,43.3
1720309,76.4,65.1,26.9,7.2,868.8,606,39
1720499,67.5,82.1,15.4,0.9,1074.5,808,36.1
1720655,83.6,77.1,16.9,1.4,1231.5,752,32.3
1720804,51.4,69.3,24.4,5.6,803.3,604,40.2
1720853,72.2,68.2,26.2,4.5,1087.5,818,24.3
1720903,73.8,71.8,22.9,3.7,1004.3,700,34.9
1720937,78.9,62.1,27.1,10.1,1041.5,742.4,27.9
1720978,59.3,56.7,35.1,6.4,1136.6,887.5,26.4
1721000,97.9,48.9,36.9,7.9,2260.1,1266.7,12.9
1721109,35.2,37.5,22.9,22.3,755.4,514.3,32.5
1721208,77.3,60.8,29.4,5.3,1055.6,625,27.6
1721257,67.7,70.5,17.7,9.2,1308.7,1000,25.8
1721307,58.5,74.1,23.6,1.4,1052,750,37.3
1722081,84,62.9,27.9,7.2,870.9,640,34.7
1722107,80.4,70.1,24.5,3.7,1051.1,753,24.7
2100055,88.8,51.3,35.4,10.1,1007.4,722.4,21.5
2100105,49.4,82.8,15.8,1,605.6,404,43.4
2100154,24.8,76.9,18.3,2.9,597.9,440,45.3
2100204,27,66.3,28.8,3.3,681.5,533.3,53.1
2100303,67.5,81.5,11.9,2.1,533.5,400,43.8
2100402,46,62.1,25.7,11.5,798.2,592.4,43.1
2100436,80.5,61.1,23.1,14,671.1,500,36.3
2100477,54.8,72.4,21.3,5.6,616.6,466.7,44.4
2100501,75.3,85,12.6,1,803.5,576.6,30.5
2100550,75.7,66.6,29.9,2.6,546.8,400,49.3
2100600,42.6,57.7,27.9,7.5,602.6,400,44.4
2100709,32.7,71.9,15.9,10.7,647.6,500,53.6
2100808,55.9,74.5,19.5,4.9,647.3,400,40.9
2100832,66.2,55.5,33.4,10.5,595,432,45.5
2100873,45.8,52.6,35.3,11.1,601.3,433.3,44.5
2100907,28.7,77.2,16.7,4.7,495.6,324,59.3
2100956,41.4,68.8,26.7,3.2,570.8,400,40
2101004,59.4,72.3,23,3.2,723.4,550,42.8
2101103,41.3,68.4,25.8,4.5,692,500,47.5
2101202,80.1,66.2,24.8,6.2,894.9,626.2,30
2101251,69.6,58.7,26.1,7.1,704.3,516.7,32.2
2101301,51.2,70.1,24.7,4.6,639.7,404,46.4
2101350,27.4,83.8,11.5,4.3,624.9,500,55.3
2101400,88,72.5,21.8,4.2,1166.6,800,17.1
2101509,65.8,82.3,9.9,4.9,815.9,606,39.6
2101608,68.9,69.6,22.6,4.8,817.6,600,37
2101707,43.8,62.3,29.5,7.3,612.9,442.4,38.8
2101731,52.6,77.5,20,1.2,388.5,242.4,54.5
2101772,59.8,61.8,28.6,8.6,670.4,520.7,42.2
2101806,61.8,83.5,14.6,1.5,716,566.7,48.3
2101905,30.7,65.1,23.7,9.9,679.1,502.4,52.3
2101939,44.2,78.6,17.8,3.1,728.3,600,54
2101970,81.2,44.6,40.2,13.2,570.3,366.7,46.7
2102002,49.1,65.8,25.2,6.2,545.7,400,48.8
2102036,63.3,59.5,29.9,8.1,698.7,500,32.3
2102077,31.7,82.6,14.3,2.5,638.8,487.5,45.8
2102101,46.9,85.5,11,2.3,615,403,47.8
2102150,32.4,78.8,15.4,5.8,516.1,400,48.1
2102200,33.3,89.5,9.1,0.9,489.5,300,59.4
2102309,75.9,74.9,15,8.7,593.6,425,48.9
2102325,71.9,52.7,34.8,11.2,667.1,453,34
2102358,30.9,58.6,37.8,3.4,696.9,537.3,45.5
2102374,44.6,59,26.3,8.2,389.5,300,57.9
2102408,35.8,84.3,12.4,1.7,507.3,322.4,63.3
2102507,22.7,73.8,22.4,2.6,552.6,400,59.4
2102556,79.4,63.6,28.5,6.5,833.5,650,32.4
2102606,67.6,62,31.9,4.8,587,450,42.6
2102705,68,76.3,18.5,4.4,737.4,467.7,34
2102754,52.6,70.3,23.8,3.5,780.8,600,42.4
2102804,69.5,67.8,23.8,5,936.5,700,35.6
2102903,73.8,68.6,25.2,3.5,676.4,500,38
2103000,77.3,75.8,17.4,4.6,853.1,570.7,32.1
2103109,23.7,61.6,25.6,10.2,616.3,453,53.2
2103125,58,66.3,15.9,13.5,580.8,400,50.5
2103158,57.9,57.2,32.1,6,735.3,600,38.8
2103174,45.3,58.7,34.1,5,705.6,440,30.9
2103208,75.4,74.4,20.1,3.5,741.3,484.8,40.1
2103257,54.9,65.3,27.6,6.3,832,606,33.2
2103307,72.8,74.4,17.3,6.1,725.3,502.4,39.6
2103406,82.8,77.3,16.3,3.1,671,484.8,43.4
2103505,68.7,74.6,13.1,9.6,711.7,484.8,42.1
2103554,47.5,54.1,33.9,11.3,542.2,385,44.6
2103604,70.8,73.9,20.5,4,625.4,450,49.4
2103703,71.4,65.6,20.3,11.4,699.1,502,47.8
2103752,88.3,47,38.5,10,823.3,692.2,26
2103802,71.3,77.2,17.5,3.4,863.6,628.6,33.4
2103901,54.9,87.6,7.5,4,535.6,399.4,53.2
2104008,54.7,77.2,20.5,1.6,641.8,461.3,43.5
2104057,77.4,60.6,32.2,5.1,1045.9,702.4,22.2
2104073,35.2,72.5,26.5,0.3,680,500,41.1
2104081,19.4,52.4,21.1,17.1,584.5,422.4,38.8
2104099,36.8,68,28.2,2.3,658.6,480,42.4
2104107,64.3,72.6,23.2,3.6,922.3,642.9,29.8
2104206,59.3,71.2,14.7,12.1,663.5,403,48.9
2104305,86.6,60.6,31.8,5.3,799.7,600,27.3
2104404,47.8,68.6,22,7.8,761.9,571.7,45.4
2104503,72.3,81.9,15.1,2.6,708.8,525.7,44.9
2104552,83.7,48.6,35.4,12.8,790.9,606,32.1
2104602,35.7,73.3,19.2,6.9,734.7,550,43.2
2104628,69.4,75.4,18.5,5.5,710.6,500,44.6
2104651,53.9,81.5,11.2,5.2,619.1,450,39.9
2104677,68,50,34.3,9.5,678.5,470.7,36.8
2104701,47.2,74.5,18.1,6.2,681.2,537.3,59.6
2104800,64.8,64.8,26.8,4.7,821.5,537.3,28.6
2104909,54.2,73,14.6,7.9,740.8,472.4,58
2105005,45,73.1,20.7,4.2,415.7,228.6,52.1
2105104,38.7,61.6,28.1,9,439.3,302,59.1
2105153,50.9,66.2,26,6.6,646,533.3,38.9
2105203,65.1,73.3,22.9,3.6,800.7,600,43.5
2105302,95.9,50.3,37.2,8.4,1324.2,840.2,17.5
2105351,43.1,69.3,23.3,5.5,553.5,403,49.1
2105401,60.8,67.5,22.6,5.2,658.2,442.4,43.8
2105427,75.2,61.8,29.5,7.1,882.1,675,25.7
2105450,47.1,80.1,15.1,4.6,559.8,403,52.6
2105476,16.5,58.3,35,4.6,466,248,48
2105500,68.7,59.4,27.9,10.5,850,620.7,30.4
2105609,48.3,68.7,23.6,6.6,670,428.6,48
2105658,58.6,59.6,30.4,9.4,569.7,441.3,48.1
2105708,69.8,61.3,29.7,7.4,819.5,606,34.3
2105807,44.2,80.3,14.8,3.7,780.6,600,42.6
2105906,35.7,66.5,26.7,6.1,665.2,475,48.5
2105922,47.2,84.8,10.4,4.6,568.2,404,54.3
2105948,56.9,78.3,17.1,3.8,774.3,606,43.3
2105963,66.4,73.3,23.7,2,589.8,438.7,42.7
2105989,51.1,69.6,27.2,2,765.6,573.1,39.3
2106003,61.4,65.7,23.5,4.1,831.6,600,37.3
2106102,59.9,89.5,8.7,0.9,747.5,567.7,37.7
2106201,86.6,61.8,36.1,1.2,592,414.3,45.9
2106300,55.1,76.2,17.3,5.7,660.2,484.8,45
2106326,83.3,51.3,41.4,5.8,546.4,400,46.4
2106359,21.3,67.6,22.5,9.2,425.9,300,49
2106375,57,59.2,22.1,6.6,468,316,45.2
2106409,51.5,76.9,19.9,2,625,442.4,50.7
2106508,38.6,64.9,28.3,5.8,630.7,466.7,50.5
2106607,50.5,78,14.6,5.1,597.8,415,47.6
2106631,47.9,80.5,13.6,4.8,446.1,320,43.8
2106672,17.9,87.3,11.6,0.6,433.3,302,67.1
2106706,52,81.7,12.3,5,584.9,403,51.9
2106755,83.2,66.7,22.4,9.5,629.1,500,37.8
2106805,64.1,68.6,24.6,2.8,750.3,537.3,42.4
2106904,45.7,66,26.1,6.6,555.9,400,51.1
2107001,53.4,64.1,20.8,8.4,775.5,537.3,40.5
2107100,40.7,71.7,19,4.9,509.3,342.9,51.3
2107209,40.4,81.5,14.9,2.6,535.2,400,41.9
2107258,46.1,85.8,12.8,0.7,765,533.3,39.3
2107308,67.3,81.8,16.4,0.8,727.1,604,54.5
2107357,66.5,60.1,33.2,5.7,627.9,500,47.4
2107407,56.8,80.4,14.7,2.6,786.9,603,42.9
2107456,46.7,52.8,32,14,566.6,437.5,54.9
2107506,99.4,51.4,33.3,9.3,1055.1,733.3,22.5
2107605,19.3,76.9,16,6.3,522.2,404,60.9
2107704,78.2,81.8,14.5,3.2,735.7,537.3,46.5
2107803,42.5,75.6,13,8.2,609.4,441.7,49.2
2107902,66.1,70.9,13.6,14.4,634.8,470.7,49.9
2108009,72.1,82.5,11.4,5.4,759,503,38.6
2108058,37.8,55.7,32.8,11.2,560.2,404,44.7
2108108,56.6,69.6,22.2,7.7,668.8,463,44.1
2108207,83.2,66.9,25.4,5.4,1102.8,727.2,30.6
2108256,32.3,65.6,25.7,7.6,507.8,400,50.7
2108306,46.9,62.5,22.6,13.6,565.3,400,48.8
2108405,29.4,70.2,22.7,6.6,665.6,468.7,55.5
2108454,61.6,72.2,22,1.8,710,544.6,39.5
2108504,70.5,70.6,21.7,6.6,786.2,544.8,35.5
2108603,67,63.3,26.2,9,833.8,600,35.1
2108702,56.8,76.5,19.7,2.9,726.7,523.4,35.5
2108801,67.4,71.2,14.8,12.4,629.7,392.4,43.8
2108900,47.4,73,22.4,3.4,810.2,554,49.2
2109007,80.7,63.6,26.7,8.6,1084.2,672.7,25.1
2109056,41.6,61.8,27.3,8.5,671.1,537.3,56.5
2109106,72.3,70.1,20.5,7.2,1062.6,700,28.3
2109205,39,68.3,22.6,8.6,539.2,386,47.3
2109239,78,69.8,25,5,663.3,503,42.3
2109270,51.3,63.9,29.7,5.3,516.2,400,50.9
2109304,46,77.2,15.9,6,549.3,366.7,46.5
2109403,29.4,74.7,15.8,9,413,300,64.1
2109452,99.2,44.1,40.3,10.1,873,604,29.1
2109502,52.7,77.8,20.2,1.2,751.1,600,42.5
2109551,51.1,70.9,25.4,0.9,725.5,575.3,36.7
2109601,66.5,57,27.2,13,675.2,502,36.9
2109700,52.5,85.3,13.5,0.4,703.1,522.4,52.5
2109759,33.8,77.9,16.4,5.3,602.7,450,47.1
2109809,50.4,62.9,23.1,12.8,599.7,450,48.1
2109908,89.6,55.9,31.7,9.3,979.6,666.7,26.6
2110005,47.1,73.7,22.2,3.1,712.9,484.8,37
2110039,76,58.4,30.7,10.1,793.9,600,37.5
2110104,56.1,85.9,12.9,0.9,509.6,327.3,48.6
2110203,47.3,60.1,24,12.8,667.4,504,36.8
2110237,22.4,74.4,22.1,3.3,552.6,380,52.8
2110278,39.8,70.6,21.6,7.3,520.1,364,42.5
2110302,49.2,70.5,20.5,7.3,717.7,600,39
2110401,65.3,74.4,22.1,0.8,445.3,266.7,58.2
2110500,59.6,75.6,17.7,5.9,536.7,400,55.3
2110609,49.4,72,18.2,6.8,648.5,450,44.1
2110658,70.1,65.8,15,10.9,763,600,34.1
2110708,54.3,70.9,21.4,6.5,758.8,500,38.4
2110807,38.9,82.6,16.7,0.7,674,550,63.5
2110856,52.1,62.1,29.9,5,766.3,606,31.4
2110906,36,82.2,10.8,6.4,595,425.5,56.5
2111003,32.7,73.8,20.4,4.9,591.4,402.4,59.4
2111029,54.6,63.1,29.4,5.8,554.8,400,46.5
2111052,56.3,63.9,29.5,5.8,773.1,535.3,54.2
2111078,43.7,76.1,16.5,5.4,537.3,400,52.1
2111102,86.5,79.1,10.6,8.3,851.7,600,42.4
2111201,98.5,50.5,32.6,10.3,1134.3,733.3,20.5
2111250,40.2,79.5,17.7,2.7,543.8,403,57.7
2111300,99.2,53.7,30.4,9.3,1595.5,866.7,21.2
2111409,42.1,77.9,16.7,4.4,635.4,450,49.7
2111508,74.1,65.9,23.3,7.2,753.4,516.7,40.2
2111532,83.1,66.2,25.7,6.5,728.3,535.7,31.3
2111573,54.4,35.8,58.9,4.9,726.5,550.7,40.6
2111607,73.7,78.2,17.3,2.2,850.4,602.4,37.3
2111631,33.9,79,19.7,1.1,589.9,420,49.3
2111672,54.3,75.4,22.3,1.4,545.4,362.4,52
2111706,28.4,59,24.3,14.5,605.1,433.3,59.8
2111722,43.6,79.3,14.2,5.8,634.7,482,39.7
2111748,61,75.8,19.7,4.2,661.5,456,45.4
2111763,68.7,62.2,28.5,8.4,797.1,606,35.8
2111789,43.4,69.2,18.6,9.4,642.9,500,53.5
2111805,34.4,60.2,23.2,2.9,668.7,450,40.4
2111904,55.7,80.4,15.6,3.7,694.8,480,49.1
2111953,54,79.2,11.6,7.3,658,484.8,54.1
2112001,69.6,75.8,21.2,2.6,889.2,606,30.8
2112100,70.7,79.3,16.4,3.3,538.9,403,49.8
2112209,89.2,64.1,23.3,8.5,937.6,633.3,27
2112233,84.8,73.1,21,4.4,801.9,606,34.2
2112274,54.4,75.1,19.2,4.1,622.3,510.3,44.2
2112308,47.8,74.9,16.3,7.3,648.8,500,41.9
2112407,34.4,64.8,29.4,4.4,548.2,391,47.9
2112456,43,50.9,37.5,8.7,469.2,350,53.5
2112506,54.8,67,23.5,7.8,594.4,400,43.3
2112605,60.1,73.8,22.5,2.6,552.5,360,45
2112704,66.5,78.4,17.4,3,616.4,385.1,47.3
2112803,57.6,58.4,30.7,7.3,717.6,500,43.1
2112852,65.1,67.3,28,2.5,727.7,562.3,33
2112902,58.8,58.9,35.4,4,642,454,42.6
2113009,56.7,68.7,22.1,8,754.9,602,39.8
2114007,67.3,64.3,29.5,3.9,760.1,553,37.1
2200053,23.9,88.4,9.4,1.4,611.2,466.7,63.1
2200103,81.2,73.6,12.7,12,728.5,537.3,59.8
2200202,89.2,72.4,16,9.7,838.9,619,42.2
2200251,56,90.1,6.8,1.4,640.9,450,67.2
2200277,65.6,52.1,14.3,2.7,652.3,412.5,60.2
2200301,49.9,84,11.4,2.6,754.4,600,54.7
2200400,72.1,79.6,10.8,5.8,836.6,606,37.2
2200459,39.6,68.5,27.3,3.9,644.3,466.7,56.8
2200509,53.3,84.2,10.7,3.7,765.1,540,52.3
2200608,78.2,81.4,10.9,6.6,869,694.8,55.5
2200707,50.7,74.7,12.3,11.7,740.3,490,50
2200806,80,81.4,16.5,0.8,906.7,737.5,39.9
2200905,64.8,83.1,5.9,2.1,732.8,604,61.4
2200954,13.4,92,6.4,1.4,705.5,604,63.3
2201002,56.9,93.1,5.9,0.9,683.7,514,58.2
2201051,42.1,80.6,11.3,7.6,499.3,333.3,58.5
2201101,64.6,50.4,42.9,3.8,678.3,475,56.5
2201150,63,68.1,27.9,3.2,816.2,600,28.5
2201176,55.2,84.2,9.7,5,661.3,537.3,63.5
2201200,50.7,83.9,12,2.4,741.6,540.3,45
2201309,59.5,85.9,10.5,2.9,660.5,470.7,51
2201408,73.8,68,22.7,8.5,740.1,600,51.8
2201507,44.2,85.4,11.4,1.7,649.6,500,53.8
2201556,43.1,93.4,4.6,1.9,691.6,448.4,48.6
2201572,59.5,67.3,25.7,4.8,843.9,606,47.9
2201606,62.3,89.7,7.7,1.4,652.9,484.8,59.6
2201705,79.3,82.8,13.5,2.5,945.8,706,38.9
2201739,35.1,92,6.3,0.9,574.1,404,55.9
2201770,48.1,81,16.7,1.4,616.4,466.7,58
2201804,43.8,94.2,5.2,0.1,900.4,606,59.1
2201903,82,76.6,18.1,3,1130.2,706,23.8
2201919,34,76.5,17.8,3.2,544.4,403,57.5
2201929,30.3,87.6,7.8,4,637.4,453,58.1
2201945,48,76.4,19.8,2.2,672.5,503.4,54.2
2201960,46.9,86.7,10.1,2.9,799.4,604.8,43.9
2201988,38.7,77.8,18.7,3,662.9,537.3,64.4
2202000,64.4,77.1,16.6,5.2,655,484.8,48.2
2202026,36.5,88.1,8.3,2.8,666.9,500,54.3
2202059,23.6,87.6,10.8,1.4,623.4,483.3,58
2202075,37.8,92.5,5.9,1.2,630.5,500,67.1
2202083,71.5,75.7,16.5,5.3,834,575.3,35.1
2202091,39.1,81.9,15.9,2,710.2,517.7,51.4
2202109,34,87.1,12,0.7,685.6,533.3,61.7
2202117,29.3,86.4,11.3,1.2,636.4,503,55.8
2202133,39.2,76.8,21.1,1.7,686.7,520,52.8
2202174,22.9,91,7.9,0.9,525.9,400,58.2
2202208,75.4,85.2,8.9,2.9,1038.9,706,35.7
2202251,49.7,85.9,11.7,1.5,755.3,604,50
2202307,60.8,79.7,15.1,2,913.4,633.3,38
2202406,59.5,69.5,14.7,13.8,618.7,516.7,55.3
2202455,37.4,82.7,13.5,2.7,677.5,560.6,56.8
2202505,39.2,80.8,15.2,2.2,643.5,404,50.8
2202539,18,87.9,7.4,4.6,554.6,404,63
2202554,46.2,85.4,11.6,0.8,633.1,515.4,52.3
2202604,59.2,80.4,11.4,6.5,711.6,537.3,54.1
2202653,18.4,87.1,8.2,4.1,577.3,404,55.3
2202703,44.8,81.3,14.5,3.4,594.1,400,51.9
2202711,54.8,73.9,18.8,5.6,716.9,600,52.9
2202729,49,82.1,13.2,4.3,567.2,403,59.7
2202737,40.4,83.8,12.8,3,658.2,537.3,57
2202752,79.4,71.2,22.3,3.5,843.9,628,47.4
2202778,40.7,79,13.7,2.5,716.4,600,57.8
2202802,52.5,89.5,9.5,0.9,776.2,600,56.9
2202851,34.7,88,9,2,724.9,466.7,51.3
2202901,63.7,61.7,31.6,5.1,946.4,620,32.9
2203008,45.6,82,13.5,3.3,684.4,426,54
2203107,72.5,77.2,17.2,3.9,857.1,560,40
2203206,70.6,73.7,19.9,3.9,693.1,485.7,53.6
2203230,30.4,87,11.2,0.5,665,537.3,60.1
2203255,41.4,82.3,13.6,2.4,745,574,50.1
2203271,46.6,90.6,8,1,567.1,435.5,53.5
2203305,84.2,79.5,15.9,2.7,862.3,644.8,39.8
2203354,39.5,87.5,9,3.4,799.6,600,45.9
2203404,59.4,84,11.5,3.6,918.1,706,44.2
2203420,22.8,89.4,10.1,0.3,591,404,60
2203453,32.5,88.7,10.3,0.8,748.7,606,53.4
2203503,71.7,86,7.5,4.9,794,612,49.3
2203602,78.8,77.2,16.2,5.6,886.5,606,42.8
2203701,61.3,81.9,13.3,2.9,827,606,39.3
2203750,26.1,81.9,15.7,1.8,575.6,400,68.2
2203800,44.1,75.3,19.5,3.6,630,478,63.3
2203859,42.5,77.7,18.8,2.5,727.1,537.3,67.4
2203909,90.2,75,16.7,5.8,1223,808,26
2204006,62.8,83.3,6.6,8.8,679.3,454,64.8
2204105,48.4,87.4,9.6,2.6,701.6,500,63.9
2204154,45.8,84.6,11.9,3.4,693.5,606,55.3
2204204,59.7,90.4,7.2,2,882.7,637.3,43.6
2204303,70.1,75.4,19.8,2.7,790.7,554,44.9
2204352,27.1,78.3,17,3.8,667.9,584.8,54.4
2204402,69.6,81.2,16.5,1.2,747.3,589,43.1
2204501,94.3,81.6,15.9,1.2,1003,762.4,35
2204550,32.4,62,29.5,7.1,511.1,375,55.6
2204600,82,78.2,12.5,7,795.1,600,50.8
2204659,84.7,77.9,13.8,4,675.7,533.3,47.7
2204709,50.8,81.1,11.5,5.6,822.1,606,50.8
2204808,66.6,79.3,16.4,3.3,708.7,504,51.7
2204907,29,82.7,10.4,2.6,606.9,440,62.1
2205003,27.3,77.3,19.3,2.3,783.4,604,62.4
2205102,61.7,78.3,17.1,2.4,828.9,604,48
2205151,39.4,80,15.9,4,800.2,633.3,47
2205201,51.5,76.6,18.2,4.1,728.5,520,50.2
2205250,31.2,75.2,17.6,7.1,698.1,537.3,61.5
2205276,21.3,87.9,8.9,1.9,724.4,606,56.2
2205300,54.9,80.8,15.4,2.4,958.5,753,44.6
2205359,28.5,90.7,7.8,0.8,613.3,485.7,59.9
2205409,32.7,82.2,14.8,2.1,613.2,442.4,53.3
2205458,36.7,90.7,8.6,0,545.9,400,65
2205508,64.3,85,9.7,3.5,709.9,568.7,42.4
2205516,34.3,80.5,13.6,5.5,798.2,644.8,52.4
2205524,35.5,76.5,21.6,1.1,611.8,414,59.2
2205532,16.4,93.5,6.4,0,570.6,400,75.2
2205540,61.5,65.6,22.3,11.1,646.6,480,56.7
2205557,41.2,88.8,10,0.7,735.1,537.3,49.2
2205565,30.3,76.1,21.6,1.9,791.5,600,46
2205573,32.1,86,10.6,2.8,610,404,53.8
2205581,57.2,84.2,12.4,1.6,781.9,604,41.8
2205599,39.9,81.3,11.5,6.6,692.8,483.3,65.3
2205607,73.9,86,11.4,0.3,766.2,564,49.8
2205706,46.5,78.2,15.4,3.4,694.7,537.3,46.1
2205805,56,80.7,10.8,2.4,648.3,502.4,53
2205854,43.8,81.3,16.8,1.1,617.4,482.4,49.1
2205904,70.1,87.6,11.5,0.5,790.7,606,51.9
2205953,86.8,78.8,16,3.6,723.9,533.3,38.4
2206001,85.6,78.7,19.2,1.2,822.4,702.4,48.9
2206050,18,85,11.2,3,569.1,450,65.6
2206100,49.4,82.2,14.1,2.8,625.8,453,55.5
2206209,33.2,87.5,8.8,2.1,561,404,56.9
2206308,68.5,69.1,30.2,0.6,694.7,500,45
2206357,29.8,91.9,5.2,1.9,548.5,404,66.2
2206407,55.3,78.6,16.2,3.4,799.7,604,46.9
2206506,49.3,87.8,9.1,1.9,748.5,520,53.2
2206605,29.5,81.4,13,4.9,587.2,403,55.6
2206654,38.2,75.9,20.9,1.9,579.6,400,59.3
2206670,37.8,89.7,6.6,2.5,591.6,420.7,55.2
2206696,21.4,82,12.2,4.9,586.5,437.5,54.4
2206704,56.6,86.9,9.6,1.2,722,564.8,61.7
2206720,32.4,78.5,17.3,2.5,634.8,516,55.1
2206753,34.1,83.6,12.5,2.4,759,606,57.5
2206803,46.2,82.8,9.7,7,607.6,433.3,55.7
2206902,55.1,84.5,10.6,4.2,724.3,550,63.9
2206951,42.1,89.3,8.6,1.2,665,537.2,63
2207009,69.6,79.8,12.8,4.9,986.3,670.7,37.8
2207108,53.5,79.4,11.7,7.9,688.4,537.3,50.5
2207207,56.3,75.2,18,5.9,711.2,550,58.8
2207306,59.3,78.7,19.7,0.7,709.6,537.3,50.3
2207355,52.2,75.5,21.4,2.2,907.3,706,49
2207405,38.8,86.2,10.7,2.6,749.8,604,47.1
2207504,42,84.7,10.5,3.7,746.1,504,56.6
2207553,15.5,86.8,8.8,0.5,640.9,580,67.8
2207603,52.4,80.7,17.5,1.1,668.5,474.9,54.3
2207702,95.4,66.4,20.9,7,1121.7,728,29.7
2207751,64.1,64.6,22.3,13,776.5,680,45
2207777,46.1,90.8,8.7,0.1,610.9,420,67.8
2207793,22.5,89.1,9.1,0.4,539.5,400,73.1
2207801,59.6,82.6,14.3,1.9,853.6,597.3,43.1
2207850,51.9,85.3,12.9,1.6,612.3,473.3,66.7
2207900,62.6,83.4,12,2.7,726.9,500,49.2
2207934,44.2,83.5,13.8,0.7,630.7,475,61.1
2207959,21.6,91.3,7.3,1.2,581.7,403,60.9
2208007,79.5,79.3,14.8,3.4,1207.8,826.7,28.6
2208106,41.4,79.9,17.2,2.3,696.3,487.5,56.6
2208205,33.1,81.6,15,2.7,696.7,522.4,51.2
2208304,74.6,79,13.9,2.3,817.8,540,44.5
2208403,76.2,81.5,12.8,3.6,943.1,625,36.1
2208502,65.3,88.8,8,2.3,562.7,404,50.6
2208551,70.6,82.1,10.3,7.7,768.4,533.3,45.1
2208601,82.4,82,9.9,5.8,756.3,604,58.6
2208650,24.8,89.8,8.6,1.5,692,604,53.2
2208700,64.3,61.5,25.2,12,697.3,542.4,48.7
2208809,80,86,9.3,2.9,691.1,512.5,55
2208858,62,84.6,11.2,3.3,613,404,58.3
2208874,26.5,81.5,17.5,0.5,710.2,604,56.1
2208908,71.9,71.8,20.4,6.1,822.2,606,34.5
2209005,72.1,84.4,13.5,1.3,770.9,600,64.5
2209104,70.4,86.1,9.3,2.4,778.5,605,48.6
2209153,77.4,90,8.8,0.8,636,537.3,56.2
2209203,67.1,88.4,10,1.2,791.2,600,39.4
2209302,61.7,79.7,17.4,2.4,703.9,564.8,53.9
2209351,46.5,89.2,8.9,1.8,756.7,650,53.9
2209377,72.6,86.8,10.5,1.9,716.1,554,56.9
2209401,65.7,84.1,10,4.4,764.2,600,59.6
2209450,53.9,73.7,18.3,7,593.4,403,58.3
2209500,65.9,88.6,8.3,1.5,761.5,630,59
2209559,21.6,81.3,15.7,2.3,707.4,600,56.2
2209609,58.4,88.7,5.2,1.9,899.6,704,54.5
2209658,33.4,89.6,6.7,2.1,564.6,400,65.8
2209708,31.7,88.4,10.5,0.9,677.7,524,74.2
2209757,51.1,76.3,20.9,2.3,669.9,461.9,46.1
2209807,75,69.2,10.5,19.3,761.6,537.3,48.3
2209856,29.4,88.7,10.3,0.4,801.8,702.4,59.5
2209872,48,88.5,10,0.7,592.2,400,57
2209906,63.8,83,12.9,2.8,704.3,500,58.3
2209955,32.6,89.6,7.8,2.4,606.4,470.7,66.2
2209971,59,81.1,10.6,7.1,562.8,400,56.1
2210003,71.9,78.6,15.9,4,938.5,606,35.6
2210052,55.3,88.1,9.1,2.1,675.5,553,51
2210102,65.4,84.2,9.5,1.9,840.2,606,53.5
2210201,52.8,75.2,20.8,3.7,717.8,602.4,59.6
2210300,68.2,76.1,13.9,8.9,845,620,49.2
2210359,31.1,89.9,8.6,0.7,792.5,606,55.1
2210375,35.4,94.2,5,0.8,627.4,484.8,66.8
2210383,59.3,87.6,10.3,1.9,668.8,600,59.4
2210391,41.1,85.7,13.1,1.1,686.1,537.3,57.3
2210409,43.6,82.1,10.7,5.5,649.5,470.7,58.3
2210508,65.4,82.7,10.1,5.9,706.2,478,54.6
2210607,68.5,75.7,15.9,5.9,1068.2,685.7,28.1
2210623,44,80.3,13.7,6.1,634.5,452,56.7
2210631,53.4,78.2,20,0.7,814.2,600,40.6
2210656,36,79.9,14.2,4.1,659.9,504,62
2210706,49,87.9,9.8,1.6,698.6,484.8,43.3
2210805,62.6,80.4,13.1,4.8,856.7,606,43.4
2210904,38.7,80.8,16.8,2.4,569,400,65.4
2210938,51.8,88.1,10.6,0.4,798.9,604.8,47
2210953,53.1,69.2,26.7,2.5,671.9,460.6,51.4
2210979,44.3,83.6,11.6,2.6,955.2,709,63.8
2211001,94.8,70.2,19.4,5.8,1559.9,868,24.1
2211100,51.9,84.9,10.4,3,727.7,537.3,42.4
2211209,85.3,75.9,19.1,3.3,1041.2,737.3,26.4
2211308,81.1,78,15.3,5.1,1059.6,731,40.4
2211357,28.8,80.4,12.2,7.1,610.5,404,58.9
2211407,64.1,88.2,4.1,6.3,839.8,606,57.1
2211506,40.5,71.8,26.9,1.3,599.1,460,77
2211605,42.7,78.8,18.6,2,738,600,55.1
2211704,31.5,82.2,15.8,1.3,601.1,500,72.1
2300101,55.5,86.5,11,2.2,677.3,525,50.5
2300150,62.4,60.2,31.4,5.5,674.5,500,38.3
2300200,44.3,71.9,21.4,5.5,694.7,500,39.3
2300309,54.6,83.5,11.7,3.5,758.5,600,51.7
2300408,40.3,85.5,10.9,2,659.9,458.4,57.1
2300507,35.6,89.6,6.8,2.2,753.8,600,39.3
2300606,73.2,84,12.1,2.1,699.4,519.4,55.7
2300705,50,78.7,14.3,5,803.6,666.7,44.3
2300754,40,70.7,25.6,2.5,582.2,403,44.7
2300804,75.8,87.7,8.7,2.1,793,633.3,50.1
2300903,51.8,85.7,12.4,1.2,627.9,432,53.2
2301000,79.4,62.4,26.7,6.7,930.6,666.7,34
2301109,63.3,66.5,23.8,7.2,904.1,606,33.5
2301208,66,80.2,17.6,1.3,718.7,603,45.8
2301257,47.3,84.4,11,1.5,623.4,460.6,58.5
2301307,61.3,85.1,11.2,3.2,545.5,337.5,56.4
2301406,33.5,76.7,21.2,0.5,733,560.3,48.8
2301505,57.7,83.2,10.8,4.5,732.7,587.3,54.3
2301604,59.1,81.8,14.9,1.4,720.4,528,54.8
2301703,53.4,87,10.7,1.4,714.6,525,57.4
2301802,51.9,85.7,12.1,0.2,660.2,470.7,59.2
2301851,55.5,79,15.8,2.6,740.5,570.7,44.8
2301901,71.8,86.8,9.3,1.8,1005.6,606,27.9
2301950,47.3,58.6,36,4.5,713.9,533.3,41.4
2302008,62.8,86.2,10.4,1.4,729.7,566.7,51.8
2302057,65.4,76.6,16.1,6.8,509.2,333.3,53.5
2302107,74.5,78,15.2,4.5,773.1,600,39.9
2302206,41.8,67.4,24.3,5.9,759.2,578,45.6
2302305,37.8,88.6,9.3,1.9,621.7,400,47.2
2302404,56.8,82.4,15.3,1.6,714.7,564.8,57.1
2302503,63.7,88.4,9,1.7,873.1,641.4,35.6
2302602,74.3,70.3,18.3,6.5,731.3,550,35.2
2302701,72.5,85.1,11.6,2.3,748.6,503,43.6
2302800,68.6,83.9,12.6,1.9,816.4,575,40.3
2302909,46.9,79.2,17.8,2.2,612.3,421.2,55.5
2303006,64,85.7,11.2,2.2,655.3,533.3,47.9
2303105,49.2,82.9,13.9,2.7,608.1,438,55.4
2303204,56.3,90.3,6.2,2.7,627.5,453,51.9
2303303,51,75.1,15.7,4,681.2,533.3,57.8
2303402,57.5,85.2,8.6,3.7,654.7,454.5,47.3
2303501,70.7,69.4,23.3,4.6,873.8,606,35.4
2303600,56.6,82,14.5,2.1,715.3,466.7,54.3
2303659,60.8,85.9,9.4,3.3,659.3,475,56
2303709,89.6,54.5,32.6,8.3,948,666.7,25.7
2303808,62.6,81.1,15.3,2.6,857.1,564.8,52.8
2303907,70.1,80.6,14.7,3.3,672.5,462.5,45.4
2303931,36,81,17,1,549.5,404,62
2303956,60.9,63.9,27,5.4,723.2,600,41.7
2304004,66.1,89.7,8.1,1.3,657,484.8,48.3
2304103,73.2,73.4,14.9,5.6,920.1,606,37.1
2304202,83.7,81.3,11.1,4.1,1060.1,656.7,32.1
2304236,57.7,88.8,8.7,1.5,576,404,57.4
2304251,39.8,80,16.1,2.7,834.3,600,34.7
2304269,46.2,88,10.4,1.4,606.5,500,66.6
2304277,55.1,88.6,9,1.2,705.3,603,51.2
2304285,99,59.7,26.5,7.5,2512.7,1212,11.7
2304301,46.8,85.4,11,2.1,691.4,533.3,54.3
2304350,75.3,70.6,22.4,5.2,727.4,600,39.7
2304400,100,60,26.3,7.6,1669,900,24.8
2304459,71.6,61.8,29.5,5.4,900.2,700,36.2
2304509,69.8,81.4,14.3,3.6,822.3,606,31.3
2304608,56.9,85.7,11.7,1.4,634.4,440,52.1
2304657,45.3,82.2,10,6.4,574.8,416.7,55.4
2304707,49.7,79.3,8.9,3.8,564.8,382.4,50.8
2304806,53.9,94.6,4.1,1.1,693.4,564.8,48.2
2304905,70.3,70.5,16.4,9.1,753.8,582.4,46.4
2304954,79.2,73.4,21.6,3.5,601.4,480,42.4
2305001,49.1,84.3,11.9,2.6,716.5,486.4,40.5
2305100,27.8,79.6,11.9,5.7,748.4,606,43
2305209,65.3,76.9,16.3,5.6,659.4,484.8,55.2
2305233,95.2,57.3,27.3,12.9,762.2,606,28.4
2305266,38.1,80.9,16.4,2.1,624.2,450,59.3
2305308,45.5,85.4,11.7,1.4,693,466.7,46
2305332,53.8,77,18.9,3.2,627.5,504,50.5
2305357,56.1,55,29.9,9.9,824.1,625,40.3
2305407,51.3,81.5,14.1,2.7,706.4,535.3,52
2305506,76.3,75.4,16.1,5.8,1009.7,742.4,33
2305605,48.9,87.3,9,3.1,705.5,533.3,56.1
2305654,52.2,83.5,13.5,1.9,648.1,453,65.3
2305704,55.1,83.9,11.9,3.2,744.8,566.7,52.4
2305803,61.1,87.9,8.5,1.8,735.8,553,47.2
2305902,50.6,83.1,11.4,3.7,625.8,428.6,59.3
2306009,79.8,84.3,8.9,4.8,850.8,606,47
2306108,64.4,75.9,19.4,4.1,584.9,404,46.6
2306207,63.3,78,18.5,2.9,772,606,45.2
2306256,81.5,55.8,30.9,9.2,1008.7,800,18.3
2306306,75.4,67.7,26.1,4.3,687.4,500,38.3
2306405,58.5,72.1,23.4,2.6,720.4,512.4,37
2306504,51.7,75.7,18.5,4.7,597.6,425,60.8
2306553,35.8,70.7,22.1,3.6,642.6,450,36.2
2306603,49.4,82.4,15,1.5,602.5,407,55.5
2306702,51.8,87.3,8.9,1.3,744.7,550,48.1
2306801,57.3,83.7,12.5,2.8,892.8,724.8,41.4
2306900,69,77.8,14.4,6.3,882.9,620,38.8
2307007,60.9,84.2,12.1,2.1,789.7,587.3,38.9
2307106,37.2,90.8,6.9,1.1,726.4,537.3,48.7
2307205,62.3,76.8,18.8,3.6,727.1,584.8,48.3
2307254,52,69.8,19.8,8.3,968.3,678,21.9
2307304,96.7,81.1,11.5,3.9,1021.9,666.7,23.5
2307403,62,79.1,18.1,2.3,694.2,550,51.5
2307502,61.2,85.4,11.3,2.3,678,533.3,56
2307601,73.1,71.9,19.2,4.8,1128.2,808,33
2307635,59.7,81.6,16.2,1.9,656.4,482.4,48.3
2307650,98.5,53.8,32.8,7.7,910.7,670.7,23.7
2307700,84,64.1,26.2,5.1,833,607.1,30.8
2307809,65,92.5,6.8,0.4,584.7,433.3,37.5
2307908,74,83.8,10.9,4.3,622.8,404,45.4
2308005,68.3,81,14.8,2.4,652.2,470,41.9
2308104,54.3,87.3,10,1.4,668,500,49.1
2308203,52.4,87.3,9.9,2.1,752.7,562.4,37.1
2308302,52.9,86.5,10.7,1.4,741,560,45.7
2308351,49.3,89.1,9.7,0.8,827.5,606,51.5
2308377,57.9,82.7,15.1,1.1,453.2,303,58.2
2308401,44.7,85.9,11.1,2.2,629.9,453,49
2308500,54.6,81.1,15,2.9,765.2,580,50.6
2308609,53.8,81.3,15.5,1.6,705.3,600,52.1
2308708,63.3,73,19.2,5.8,842.2,662.4,41.9
2308807,55.2,85.6,9.8,2.5,763.4,537.3,45.2
2308906,51.2,81.6,16.5,1.4,667.2,433.3,36.9
2309003,65.7,80.3,13.6,5.7,730.4,565,48.5
2309102,63.5,75.9,17.8,2.6,768.5,600,43.8
2309201,68.8,80.9,15.1,3.2,675,484.8,44.6
2309300,76.7,75.6,15.7,5.4,744.8,553,48
2309409,54.5,78.1,17.9,3.3,771.7,600,47.6
2309458,42.2,76.4,19.1,3.2,714.1,500,49.4
2309508,75.4,77.4,18.2,3.8,673.9,537.3,60.6
2309607,89.7,63.3,28.2,4.4,835.9,625,28.3
2309706,96.6,52.1,34,9.6,862.3,610,25
2309805,41.5,86.2,11.3,1.2,720.8,537.3,41.7
2309904,65,84.9,10.6,3.1,723.3,546.4,51.7
2310001,63.2,80.9,16.7,0.9,838.3,606,46.5
2310100,46.8,77.9,18.1,2.8,690,533.3,54.2
2310209,70.6,63,27.1,6.4,871.2,604,33.8
2310258,59.8,59.9,32.4,4.7,813.3,600,34.4
2310308,53,70.6,23.7,3.2,643,433.3,55.6
2310407,58.6,89.4,9.4,0.3,569.9,403,62.5
2310506,63.7,86.5,10.6,1.5,667.7,520.7,54.7
2310605,70.8,76.7,20.2,2,712.9,537.3,39.7
2310704,64.9,75.6,20.1,2,733.4,537.3,41.2
2310803,43.5,88.8,5.6,2.5,719.3,558.9,55.5
2310852,78.1,71.8,23.2,2.4,794,606,37.4
2310902,59.2,83.6,11.3,4.2,704.4,484.8,54.5
2310951,39.2,88,8.1,2.7,651.7,455,51.1
2311009,65.4,82.2,12.7,2.6,654,404,52
2311108,44,83.7,13,1.9,829.8,603,40.5
2311207,57.6,85.7,9.3,3,604.4,400,56.8
2311231,43.9,85.5,10.5,2,756.9,587.3,51.9
2311264,35.6,82.3,15,1.6,677.7,520,55.1
2311306,74.7,71.6,21.9,4.5,888.1,604,37.5
2311355,33.4,83,11.7,4.5,693.3,550,58.3
2311405,66.9,76.2,17.2,4.6,853.7,606,38.4
2311504,70.3,78.7,14,5.9,900.1,666.7,37.1
2311603,62.4,69.2,24.1,4.8,670,530,48.5
2311702,59,86.9,8.9,2.6,724.5,500,47.7
2311801,68.8,75.4,18.9,3.6,867.5,640,37.4
2311900,54.8,73.5,18,6.9,665.5,500,57.8
2311959,46.1,80.5,15.4,2.7,544.5,400,53.8
2312007,48.1,87.1,11.1,1.2,587.8,400,51.9
2312106,43.6,88.3,8.9,1.9,597.2,412.4,53.9
2312205,64.7,85.6,9.9,2.7,770.5,604,44.2
2312304,52.5,86.5,9.6,2.4,718.5,500,40.2
2312403,74.3,60.6,27,7.4,834.4,606,28.7
2312502,43,77.3,17.5,3.1,939.8,800,55.7
2312601,70.9,67.6,27,4.1,622.9,404,45.4
2312700,61.5,84.7,11.6,2.4,781.3,606,48.2
2312809,74.7,85.9,10.8,2.2,623.4,404,48.4
2312908,87.6,74.8,16.4,5,1013.7,621,23.2
2313005,49.4,88.7,8.9,1.3,788.8,606,48.9
2313104,65.3,72,19.4,6.2,895.8,682.4,43.8
2313203,56.9,82.9,11.6,3.7,688.2,490.5,55.2
2313252,41.6,79,16.2,2.8,767.5,606,55.7
2313302,64.3,69.1,23,4.2,831.5,602,41.3
2313351,37.8,82.6,15.7,0.7,554.9,400,57.5
2313401,67.2,78.5,16.1,2.4,844.1,600,29.9
2313500,44.7,67.9,26.6,4.2,662.2,475,43.5
2313559,62.7,65.5,28.9,1.5,565.1,404,50.4
2313609,47.2,79.1,16.7,2.3,785,584.8,34.8
2313708,56.5,80.9,15,3,629.1,460,65.7
2313757,59.4,68.2,25.9,4.6,558.7,404,54.7
2313807,75.2,70.8,23.7,4,661.3,524,36.1
2313906,58.2,76.8,17.5,4.6,611.5,408.5,47.2
2313955,75.1,76.7,15.5,5.1,702.3,501,42.7
2314003,61.4,86.4,10.3,2.2,768.8,600,53.7
2314102,31.5,82.4,13.6,2.7,548.2,400,52.2
2400109,87.1,87.6,8.9,2.7,1023.9,800,37.5
2400208,75.8,70.8,20.2,6.4,1026.9,637.3,36.9
2400307,53.3,75.7,18.8,3.9,792.3,604,44.9
2400406,65.3,80.8,10.1,4.8,773.5,606,45.3
2400505,72.9,83.5,12.9,2.7,767.8,542.4,53.6
2400604,71.7,80.1,12.1,6.5,918.7,606,52.1
2400703,72.7,72.9,21,4.9,885.3,678,29.7
2400802,88.3,73.1,16.1,8.5,913.6,625,40.4
2400901,55.3,78.9,15.7,4.6,702.3,550,61.1
2401008,59.6,73.5,19,5.2,923.7,653,43.7
2401107,82,67.1,23.1,6.8,1004.8,720.7,35
2401206,64.9,66.1,22.6,8.1,714.1,503,41.1
2401305,54,88.1,8.9,1.2,716.3,564.8,58.8
2401404,79.6,46.4,34.3,7.1,917.5,606,30.5
2401453,69.3,60.7,24.6,12,816.9,604,29.9
2401503,50.1,83.3,11.9,3.3,727.1,604,51.9
2401602,41.4,73.2,17.5,8.5,702.6,537.3,47.5
2401651,59.3,85.6,10.5,3.7,748.5,603,42.6
2401701,79.3,78,16.3,4.3,760.7,604,44.1
2401800,78.8,70.9,19.3,7.3,714.7,550,44.3
2401859,89.9,75.2,20.8,3,765.5,553,42.8
2401909,80.8,79.2,12.8,7.1,744.9,606,46.7
2402006,93.6,82.5,9,5.3,1387.4,941.3,28.6
2402105,57.2,76.2,15.6,6.1,737.7,533.3,57.6
2402204,88.3,62.9,25.1,9.7,678.7,484.8,38.7
2402303,70.3,71.3,17.6,9.5,863.2,637.5,45.6
2402402,82.5,82.8,11.2,4.6,1016.4,804,35.6
2402501,52,73.1,17.9,6.9,770.7,604.8,40.6
2402600,67.5,71.3,21.3,5,749.6,537.3,34.3
2402709,47.7,86.4,8.7,2.7,795.9,606,46.9
2402808,57,71.1,19.5,8,623.8,408,59.3
2402907,42.1,82.5,14.9,2.1,777.3,606,61.7
2403004,84.7,86.8,7.4,4.2,984.8,750,40.4
2403103,87.2,76.8,15.7,4.8,1156.2,804,33.9
2403202,38.6,85.2,12.2,2.1,730.2,606,60.6
2403251,100,54,28.8,8.6,1846.6,1150,25.2
2403301,56.9,84.3,11.6,3.8,784,604,50.5
2403400,84.5,73.7,18.5,5.7,867,666.7,43.6
2403509,50.7,70.6,21.6,5.1,705.5,546.7,54.1
2403608,87.5,55.9,28.8,8.9,910.3,625,24.5
2403707,73,45.7,21.1,23.1,860.1,630,50.4
2403756,86.7,74.4,20.1,4.5,821,604,41.5
2403806,71.1,87.6,9.9,1.7,884.8,612.5,43.4
2403905,63.2,86.3,11.2,2.1,823.8,666.7,54.3
2404002,69.7,76.7,19.2,3.9,795,600,60.6
2404101,60.6,65,28.8,1.8,993.7,850,14.9
2404200,81.1,54.7,30.3,9.7,825.5,600,31.2
2404309,56,71.3,18.9,6.5,792.1,606,48.8
2404408,72.9,52.1,27.9,16.1,875.5,678,41.7
2404507,81.4,59.4,27.7,10.7,841,610,24.1
2404606,13.2,71.5,22.5,4.6,602.9,453,53.8
2404705,49.5,75,17,5.3,767.7,550,43.9
2404804,92.6,90.3,5.8,3.5,929.9,720,47.9
2404853,85.5,75.3,15.4,6.4,820.7,606,37.5
2404903,82.5,74.8,18.2,4.5,705.3,520,63
2405009,82.4,77,16.7,5.6,714.4,546,50.6
2405108,60,71.5,19.1,7.9,762.7,600,35.3
2405207,77.1,85,9.7,4.4,823,606,54
2405306,45.4,66.5,23.9,8.7,683.2,504,50
2405405,80.2,78.4,19.5,1.8,600.2,428,65
2405504,37,79,14.9,2.4,735.1,564.8,49.3
2405603,83.1,88.5,6.9,3.6,822.7,606,35.5
2405702,84.2,89.3,6.9,2.8,1184.5,866.7,37
2405801,67.8,79.4,15.5,3.5,758,484.8,34
2405900,63.3,76.5,20.6,2.6,669.9,500,56.6
2406007,53.2,78.5,17.3,2.7,869.8,606,59.5
2406106,66.2,83,10.5,4.6,812.4,604.8,45.5
2406155,22.5,70.6,18.9,8.8,716.6,551.5,49.4
2406205,70.3,75.8,19,4.7,691.8,489.1,47.5
2406304,29.3,81.6,13.3,3.4,552.7,400,59.1
2406403,69.9,79.9,12.1,5.5,815.4,606,43.3
2406502,48.4,84.3,11.3,2.3,787.3,600,43.6
2406601,68,75.2,17.3,5.8,692.9,537.3,47.9
2406700,80.5,76.2,19.1,3.7,860.3,606,37.2
2406809,51.3,83.3,13.1,1.8,785.1,600,58
2406908,66,81.3,15.9,1.9,780.4,604,58.4
2407005,71.7,80.8,15.1,2.8,751.1,522.5,58.7
2407104,77.5,62.8,25.9,7.6,850.5,606,34.8
2407203,80.2,61.4,25.8,9.2,974.6,740,37.5
2407252,84.4,86.5,11.7,1,774.5,604,50.2
2407302,62.9,84,11,4,714.9,525,56.2
2407401,74,73.3,19.2,5.2,888.1,670.7,51.9
2407500,70.6,64.7,22.3,9.9,770.3,550,41.5
2407609,90.2,89.8,6.5,2.1,907.3,612,44.2
2407708,81.4,77.6,14.6,6.8,708.4,528,49
2407807,55.8,67.5,22.8,6.9,743.4,564.8,41.1
2407906,65.9,86.1,10.6,1.7,652.7,453,55.2
2408003,92.7,59.7,25.7,9.9,1397.7,866.7,26.8
2408102,100,58.6,24.6,9.9,2049.4,969.6,30.2
2408201,84.5,64.3,22.9,8.1,849.2,600,30.7
2408300,67.4,80.4,15.3,2.5,796.1,525,44.5
2408409,80.3,81.6,10.2,7.5,779.5,604,62.9
2408508,74.1,88.3,8.5,1.5,1010.8,756,48
2408607,61,88.8,8.8,1.7,792.6,605.1,55.3
2408706,88.5,75.2,20.1,4.1,867.9,637.3,41.9
2408805,66.6,68.5,23.7,5.7,692.9,484.8,36.4
2408904,84.7,78.2,13.6,6.5,1039.2,681,33.2
2408953,60.4,79.4,16.9,2.9,688.3,500,37.4
2409100,68.2,84.2,11.7,3.5,741.3,540.3,44.8
2409209,58.5,73.5,21,4,744.6,604,43.6
2409308,87.2,81.2,14.7,2.5,832.7,600,49.5
2409332,68,77.8,16,5.6,757,606,41.7
2409407,91.9,76.1,14.9,5.1,1255,808,29.6
2409506,36.8,76.3,16.2,5.4,865,600,33.7
2409605,43.2,76.5,18.5,4.4,756.3,606,47.8
2409704,58.5,74.6,13.7,10.3,764.9,600,48.4
2409803,55,72,19.2,6.2,697.6,503,48.1
2409902,81.6,78.3,16.3,3.9,903.4,670.7,36.9
2410009,72.1,79.3,16,3.4,753.4,600,58.8
2410108,57.4,84.1,11.6,3,657.7,450,45.2
2410207,59.3,81.5,13.8,2.9,910.6,610,53.1
2410256,54.9,63.9,25.4,8.4,666.8,500,42.9
2410306,56.1,72.1,17,9.3,632.6,410.6,50.7
2410405,39.6,75.9,20,3.1,619.4,453.4,45.5
2410504,61.1,80.5,13.3,4.8,890.5,606,50.4
2410603,68.5,83.5,14.2,2.2,762.2,604,57.1
2410702,88.5,86.9,8.4,4.4,662.2,452,53.8
2410801,43.9,87.1,9.6,2.4,708.3,537.3,62.7
2410900,63.8,79.9,14.4,5.5,761.7,556,45.8
2411007,85.6,89.1,8.7,1,589.3,404,65.8
2411056,87.5,67.5,18,13.4,965.4,753,33.9
2411106,55.9,82.3,15,2.1,690.9,600,52.2
2411205,85.8,74.1,17.8,6.1,962.2,604.8,36.3
2411403,50.4,86.3,8.8,3,707.3,582.4,59.4
2411429,72.1,79.3,16.9,2.9,1041,733.3,43.5
2411502,64.1,74,21.4,2.1,756.3,540,43.4
2411601,36.6,77.1,20,1.4,775.9,606,38.9
2411700,62.8,80.8,14.5,4.1,715.3,600,55.6
2411809,75.8,85.4,5.9,5.3,1045.7,759,42
2411908,83.8,80.9,12.2,5.8,913.1,755,47.3
2412005,91.4,57.8,29.1,8.6,946.9,733.3,26
2412104,85.3,83.2,10.1,5.1,1017.1,706,49.1
2412203,65.2,61.9,27.2,8.5,824.7,606,32.2
2412302,89.2,79.3,13.8,5.6,797.9,606,45.7
2412401,81.7,88.3,8.9,1.7,1033.9,808,35
2412500,68.2,89.1,6.5,2.9,778.6,603,48.7
2412559,54.1,73.6,18.3,7.1,892.2,620,38.9
2412609,71.5,82.7,12.4,3.1,907.1,606,39.8
2412708,61.7,85.6,9.8,2.9,766.6,555,46
2412807,77.5,82.5,11.8,4.2,766.6,600,60.8
2412906,55.9,85.5,11.5,1.6,779.3,604,49.8
2413003,68.5,89.4,7.2,1.4,795.8,606,51.6
2413102,46.5,79.4,18.3,0.7,685.4,600,52.7
2413201,99,76.2,18.3,4.7,676.6,557,44.3
2413300,66.3,86.1,10.5,2.5,664.3,500,55.8
2413359,41.7,48.6,32.6,17,697.8,576.5,47.1
2413409,70,82.6,12.9,3.5,966.2,750,38.1
2413508,42.3,70.5,21.8,6.6,684.7,537.3,55.6
2413557,56.7,74.4,21.1,2.1,795.2,606,56.8
2413607,39.3,88.4,7.4,2.4,852.8,666.7,48.1
2413706,58.1,88.6,9.4,1.6,664.2,460,59.8
2413805,85.9,75.7,18.2,4.2,845.3,519.4,37.6
2413904,28.9,78.6,17,3.9,669.7,503,49.7
2414001,75.1,72.2,19.4,6.4,716.7,484.8,46.6
2414100,72.3,87.5,8.5,2.6,689.7,503,53
2414159,68.8,82.3,11.8,3.9,789.2,582.4,37
2414209,67.5,49,23.3,17.3,1286.4,800,27
2414308,86,84,10.8,4.6,1082.6,874.7,41.9
2414407,45.2,72.1,19.8,4.8,701.2,504.5,42.2
2414456,68.3,71.5,20,8.1,736.8,560,47
2414506,86.8,77.5,14.4,5.3,836.2,606,48.3
2414605,56.4,64.3,27,6.9,825.8,606,47
2414704,77.6,72.6,20,5.6,723.5,504,55.1
2414753,39.5,87.4,7.2,2.3,592.1,425,75.2
2414803,75.9,75.9,18.7,4.9,662.2,450.5,46
2414902,98,75.1,17.8,4.9,860,681,46.1
2415008,92.7,63.1,18.1,16.6,758.9,606,30.5
2500106,48.1,91.2,6.8,1.9,772,510,54.3
2500205,57,88.4,10.3,0.5,737.4,550,54.8
2500304,64.2,78.4,15.7,4.2,725.4,535.3,46.9
2500403,55.1,84,10.8,2.9,726.1,600,44.2
2500502,69.7,77.5,17.3,3.9,687.5,537.3,50.7
2500536,47,83.3,14.4,1.8,723.6,604,41.8
2500577,59,85.9,10.3,3.5,556.6,403,60.1
2500601,82.7,55.1,33,10.2,764.6,603,33.2
2500700,43.6,84.2,11.1,2.6,847,606,52.5
2500734,57.6,88.9,6.8,2.9,642.4,455.5,52
2500775,54.9,85.5,10.6,3.3,735.4,600,50.3
2500809,44.3,83.9,12.3,2.4,644.9,537.3,58.7
2500908,78.8,83.6,13.5,1.8,763.7,600,56.5
2501005,55.7,81,15.1,2.2,657.1,500,51.2
2501104,64.9,76.6,16.7,4.6,782.9,533.3,46.5
2501153,52.7,88.7,9.4,1.5,611.8,454,59.8
2501203,78,86.8,10,2.4,763.7,537.3,54.8
2501302,52,83.1,14.3,0.9,639.9,472.4,60
2501351,79.6,71.1,19.6,3.7,687.7,537.3,46.9
2501401,29.6,59.6,17.4,4.7,660.4,451.5,43.5
2501500,58.8,84.6,11.3,3,803.8,500,46.2
2501534,82.2,77.5,16.6,4.2,689.6,484.8,54.2
2501575,13,85.7,11.7,2.3,596.4,400,57.1
2501609,61.6,82.4,13.8,3,686.8,500,55.3
2501708,45,84.5,12.1,2,692.1,600,50.6
2501807,99.5,44.5,33.4,14.5,854.8,633.7,33.1
2501906,85.6,77.1,15.8,4.8,772.5,546.7,47
2502003,81.3,81.7,9.2,8.9,798,607,51.9
2502052,40.3,83.8,14.9,1,774.5,537.3,45.4
2502102,74,74.1,19.4,4.4,693.7,537.3,51.1
2502151,59.2,73.5,16.8,7.6,959,722.4,38.4
2502201,50.5,81.6,13.8,3.2,755.4,606,55.9
2502300,49.8,86.7,9.7,3.6,782.4,644.8,62.4
2502409,73.2,81.9,13.8,3,666,425,51
2502508,73.6,75.5,19.2,3.9,769.1,550,43.2
2502607,79.7,85.3,12.3,1,702.7,537.3,54
2502706,82.3,87.6,6.6,3,691.1,433.3,45.1
2502805,82.2,83.6,10.4,5.3,732.5,582.4,49.1
2502904,84.7,48.3,40.8,9.4,910,633.3,46.3
2503001,85.2,37.1,40.9,18.1,673.2,550,34.2
2503100,51.7,73,20.5,5.6,834,606,44.2
2503209,100,55.2,29.4,8.5,1835,900,28.9
2503308,45.3,89.3,8.1,1.3,695.2,560,57.6
2503407,53.3,83.5,10.2,4.7,672.5,550,49.1
2503506,70.5,85.8,10.1,2.8,686.2,433.3,54.5
2503555,46.8,80.9,13.4,5.1,559,400,60.6
2503605,74.4,82.7,14.1,2.3,617.3,480,55.7
2503704,83.2,79.9,12,5,1119.8,750,31.6
2503753,48.4,91.2,7.7,0.8,624.2,516.7,59.4
2503803,59,74.6,16.9,7.3,668.8,537.3,48
2503902,59.5,84.9,9.9,3.8,687.7,533.3,57
2504009,96.9,56.4,28.5,8.6,1373.4,808,25.4
2504033,96.2,73.6,14.4,11.2,624.3,503,44
2504074,45.8,89.4,5.9,2.7,790.9,646.3,48.8
2504108,71.2,90.7,8,0.7,697.4,500,47
2504157,58.2,92.3,5.7,1.7,581.9,404,66.1
2504207,66.8,88,9.4,1.8,663.1,500,50.7
2504306,78.2,78.1,18.1,3,1018.3,756,38.6
2504355,24.5,80.1,16.2,3.3,674.2,480,48.9
2504405,68.1,88.6,8.8,1.2,749.7,503,50.5
2504504,74.3,87.8,8.5,2,770.6,604,53.7
2504603,74.3,57.2,29.5,7.6,880.4,604,34
2504702,70,85.2,9.1,4.2,763.7,604,50
2504801,83.8,82.3,15.1,1.2,772.3,564.3,50.6
2504850,48.3,86.2,9.6,3.4,882.3,606,50.2
2504900,51.5,61.1,26.8,9.5,671.7,584.8,46.9
2505006,69.1,80.1,11.1,7.4,693.2,537.3,49.2
2505105,72.6,77.4,12.1,7.2,864.9,600.6,46.5
2505204,83.7,81.4,13.9,4,625.7,500,46.8
2505238,33.8,70.9,8.9,4.8,661.5,533.3,54.5
2505279,11.8,87.8,9.8,0.7,653.6,500,66.5
2505303,60.6,80.9,10.9,7.2,745.8,604,40.3
2505352,61.3,85.1,11,0.7,566.1,400,63.8
2505402,65.3,86.6,8.5,3,696.7,537.3,57.1
2505501,49.5,85.4,12.8,1.4,649.3,502,51.4
2505600,65.2,87.1,9.8,1.2,720.9,537.3,52.5
2505709,51.4,85.9,10.8,2.4,658,404,51.8
2505808,81.1,86.1,11.6,1.1,696.7,495.3,54.5
2505907,74,86.2,12.4,1.2,759.3,625,48.3
2506004,71.7,80.8,13.2,3.4,809.8,600,39.1
2506103,55.6,75.8,15.7,5.6,651.8,480,51.8
2506202,69,81.4,14.7,2.1,854.9,701.5,54.7
2506251,17.4,82.2,12.3,3.7,554.2,404,62.2
2506301,88.8,72.2,20.8,4.5,1027.7,681,29.4
2506400,45.5,80.6,15.3,2.8,684.7,537.3,46.9
2506509,70.5,89.7,8,0.9,777.7,614.8,51.5
2506608,67.8,89.4,6.9,1.8,719.7,550,61.4
2506707,52.9,91.4,6.8,1.1,599.6,419.7,56.5
2506806,69,73.9,19.3,5,841.6,622.4,45.4
2506905,84.5,74.8,19.4,2.7,811.3,606,48.9
2507002,78.7,81.7,12.7,2.9,875.2,650,37.7
2507101,68.2,75.4,18.3,4.5,653,482.4,47.1
2507200,60.1,75.3,19.2,3.3,675.2,528,54.1
2507309,62.7,73.2,17.8,7.3,721.9,522.4,49.7
2507408,71.6,80,14.7,4.6,811.2,637.3,53.8
2507507,99.9,55.4,29.1,8.1,1879,1000,27.7
2507606,77.3,77.7,16.6,4.4,753.8,606,47
2507705,54.9,79.9,15.4,3.7,673.6,446.7,44
2507804,67.2,83.9,11.4,2.7,836.8,620,43.6
2507903,93,75.4,13.3,8.1,659.6,537.3,44.7
2508000,50.3,92.1,5.8,1.4,626.1,450,58.3
2508109,63.7,78.5,15.5,3.9,737.4,537.3,55.6
2508208,64.2,85.3,11,2.9,738.8,537.3,53.9
2508307,54.1,77.9,18,1.8,927.2,606,34.5
2508406,45.2,85.3,10.4,3.6,607.6,514.8,64.1
2508505,55.1,86.7,12.1,0.7,620,453,59.9
2508554,73.6,75.9,19,4.5,713.7,533.3,42.9
2508604,87.2,57,24.7,13.3,759.7,580,37.7
2508703,45.5,80.4,14.1,3.5,740.5,537.3,55.7
2508802,89.8,86.6,9,2.2,879.9,680,47.2
2508901,82.7,62.5,24.9,10.1,772.1,600,37.4
2509008,65.3,86.6,9.9,2.7,617.9,400,60.3
2509057,35.3,72.1,16.9,6.7,547.1,425,51.2
2509107,83.2,75.9,14.6,6.2,675.9,560,51.9
2509156,85.1,73.7,19.7,4.8,737.2,557.8,47.6
2509206,60.5,74.3,19.7,4.1,759.5,600,42.5
2509305,86.9,55.8,23.5,13.8,761.2,535.3,31.6
2509339,23.5,83.6,10.5,5.1,557.7,400,61
2509370,50.2,85.4,8.6,2.5,812.1,653,49
2509396,73.8,84.9,12.3,2.3,653,447.3,51.6
2509404,44.5,76.4,19.1,3,685.6,537.3,49.8
2509503,70.3,81.5,13.1,4,711.2,537.3,48.3
2509602,62.6,86.9,9.9,2.4,588.5,404,57.6
2509701,67.6,79.9,13,4.1,855.1,604,45
2509800,49.8,83,12.3,3.9,701.7,600,54.5
2509909,42.6,78.7,16.9,3.4,597.2,403,54
2510006,50.4,90.6,7.9,1,710.8,466.7,64.5
2510105,92.2,75.6,17,6.4,745.2,533.3,49.8
2510204,56.7,85.6,12.3,1.9,669.7,500,56.5
2510303,68.4,89.8,6.9,2.6,859.4,606,46.2
2510402,61.8,94.6,4,1.1,506.1,303,68
2510501,57.9,90.2,7.3,2.2,705.9,520.7,53.1
2510600,69.3,85.3,10.9,3.3,789.7,606,52.4
2510659,52.2,91.6,7.2,0.5,810.9,606,57
2510709,49.5,86.7,10.5,1.5,746.7,606,47.4
2510808,97.1,76.4,14.4,4.6,1142.7,750,27.3
2510907,55.6,89.2,8.9,1.5,838.4,625,46.8
2511004,70.2,88.5,7.7,1.4,804,553,48.8
2511103,45.5,82.9,12.2,3.5,756.5,600,50.4
2511202,59.5,62.7,25.1,10.3,753.1,600,40
2511301,72.9,88.2,8.4,1.8,818.7,602.4,48
2511400,69.7,78.4,13.7,5.3,812,564.8,45
2511509,70.7,72.3,19.2,6.9,684.5,500,45.9
2511608,57.7,84.4,10.6,3.7,631.4,442.4,53.3
2511707,65.3,95.1,3.4,1.2,698.4,555,46.9
2511806,80.3,84.1,10.6,3.2,705.6,537.3,47.4
2511905,63.2,43,37.1,18.1,792.2,604,38.6
2512002,64.6,79.9,14.3,4.4,675.3,516.7,46.2
2512036,36.4,84.7,13.6,1.4,624.8,433.3,54.5
2512077,35.9,86.6,10.8,1.7,838,606,54.1
2512101,84.3,83.5,13,1.8,933.3,653,38.9
2512200,66.9,76.1,15.7,5.9,839.7,604,51.4
2512309,74.6,88.7,8.9,1.5,878.3,570.7,38
2512408,56.9,77.9,16.5,4.1,699.3,537.3,44
2512507,59.8,70.3,21.7,5,731.3,600,40.8
2512606,53.3,85.5,11.4,1.2,661.1,484.8,49.8
2512705,80,82.7,12.1,2.4,855.5,580,43.5
2512721,43.2,79,11.4,8.1,566.4,404,59.2
2512747,61.1,88.5,10,0.9,576.4,404,54.8
2512754,64.6,76.3,15.6,5.1,669.4,600,58.9
2512762,36.2,81.8,15.8,1.1,516.3,404,61.5
2512788,76.9,81.6,12.2,3.1,751,590.5,37.3
2512804,55.6,78.7,13.5,2.1,677.3,537.3,49.7
2512903,63.3,67.4,23,5.3,898.4,606,38.4
2513000,39.1,84.2,13.2,1.8,704.7,468.4,54
2513109,44.6,82.9,14,2.3,636.4,500,57
2513158,36.4,87,10,2.2,619.2,450,47.4
2513208,50.8,93.3,5.8,0.5,784.4,606,61
2513307,48.4,86,12.5,0.9,806.7,678,57.2
2513356,44.9,92.4,6.6,0.5,715.4,524.8,48.1
2513406,91.9,82.7,10.5,3.5,1091.1,800,41
2513505,48.4,85.6,11.8,2,646.5,404,51.2
2513604,58.9,89.6,8.9,1.2,712.8,564.8,62.6
2513653,37.7,87,11.4,1.4,642.8,480,55.5
2513703,88.9,43.6,34.3,15.1,798.6,622.4,30.6
2513802,58.2,90.5,6.8,1.7,755.3,604,47.8
2513851,46.1,93.6,4.8,0.6,760.7,590,54.6
2513901,84.4,76.5,14.9,3.7,768.8,600,31.6
2513927,74.7,88.8,9.9,0.2,710.2,558.4,53.2
2513943,56.1,88.2,10.5,1.1,736.9,606,51.5
2513968,45.6,88.7,7.5,1.4,612.7,553,67.2
2513984,40.3,90.2,7.9,1,799.3,606,60
2514008,60,82.2,11.6,5.7,945.1,800,51
2514107,34.4,88.7,6,4.2,646.3,482.4,60.1
2514206,44.6,86.4,11.8,0.8,704.8,537.3,59.8
2514305,58.8,82.9,16,0.9,647,450,54.2
2514404,41.6,86.5,10.8,1,728.8,537.3,51.1
2514453,44.1,82.2,12.9,4.1,555.8,404,53.8
2514503,65.8,80.5,13.6,3.1,820.5,624,48.5
2514552,19.2,91.4,7.5,0,600.8,420,66.5
2514602,54,81.5,15.8,1.8,706.3,553,47.5
2514651,80.6,73.2,15.2,11.2,631.9,537.3,49.5
2514701,71.7,78.4,13.1,5.6,857.7,606,41.9
2514800,52.3,90.4,8.7,0.7,703,606,63.8
2514909,80.4,83.3,13.8,1.9,964.2,729.1,47.2
2515005,43.9,68.5,23.4,6.3,666.1,450,52.3
2515104,48.2,80.6,13.9,2.2,790.6,606,44.2
2515203,70.5,89.6,7.6,2.4,649.4,500,59.4
2515302,76.1,71.7,18,7.1,745.5,600,44
2515401,51.8,80.5,15.8,2.4,565.5,425,58.2
2515500,72.3,84.9,11,1.6,799.8,606,52.6
2515609,81.4,83.5,11,2.8,775.8,537.3,49.2
2515708,77.3,77.2,19.7,2.5,808.7,600,55.7
2515807,54.1,86.2,10.8,2,753.3,606,52.8
2515906,72.5,88.6,7.2,3.7,675.4,478,55.3
2515930,79.3,84.3,13,1.7,740.4,600,45.2
2515971,12.2,81.4,15.5,2.1,652.5,533.3,51.1
2516003,79.5,81.8,13.1,2.8,839.7,600,41.4
2516102,76.6,82.1,12.3,3.3,706.3,484.8,46.1
2516151,63.1,71.7,20.3,7.4,616.5,425,56.3
2516201,79.5,79,15.2,3.2,981.3,700,34.4
2516300,79.7,84.9,10.5,2.4,880.5,606,45.6
2516409,46.3,80.4,15.6,3.5,650.9,416,52.7
2516508,67.7,89,7.9,1.8,700.2,550,56.9
2516607,59.2,92,5.8,1.6,663.5,453,56.1
2516706,72.1,80,14.5,4.5,702.9,500,51.8
2516755,65.3,85.5,13.8,0.3,702.8,537.3,40.3
2516805,51.7,86,10.1,2.4,789.1,601.9,48.1
2516904,73.1,84.8,10.7,3.4,952.6,730,42
2517001,45.4,87.7,10.3,0.9,654.3,466.7,51.5
2517100,77.7,79.9,15.3,3.1,1170.4,906,44.3
2517209,24.8,88.2,9.9,1.4,640,553,70.8
2517407,67,84.3,13.1,1.5,663.2,533.3,52.8
2600054,97.8,33.5,44,14.7,846.6,625,33.6
2600104,79.9,79.4,13.1,4.9,919.3,606,39.4
2600203,32.2,87.7,9.8,1.5,691.8,558.3,49.2
2600302,79.2,73,20,4.4,705.8,550,41.1
2600401,65.2,42.7,35,20.5,648.9,466.7,42.1
2600500,64.9,80,9.6,2,665,462.4,50.1
2600609,60.5,82,11.1,4.2,874.6,600,47.4
2600708,80.5,61.7,29.2,7.7,690.2,500,44.6
2600807,66.7,86.7,9.8,2,750.6,537.3,52.5
2600906,81.3,42.3,38.9,13.6,660.2,520,45.3
2601003,64.2,77.2,17.7,3.5,715.4,537.3,51.6
2601052,91.9,37.2,36.8,20.3,654.4,480,33.9
2601102,59.8,82.9,12.9,2.5,739.7,500,37.8
2601201,93.4,73.2,16,6.3,1070.7,606,30.9
2601300,88.2,68.3,23.2,6.6,637,503,46.5
2601409,87.5,31.7,47.2,18.6,716.4,537.3,37.5
2601508,71.6,71.7,21.6,5.4,699.1,514.3,49.4
2601607,66.1,85,9.9,3.4,788,537.3,43.3
2601706,85.1,71.6,18.4,7.3,892,606,32.1
2601805,36.5,81.5,14.8,2.1,640.1,450,61.6
2601904,85.9,76.1,13.7,6.5,924.1,700,40.9
2602001,42.9,86.9,8.3,3.9,682.2,460,49.1
2602100,68.8,83.2,11.4,3.2,770.5,487.3,44.6
2602209,47.2,87.1,10.1,1.7,690.7,533.3,52.6
2602308,76.1,70.3,20.6,5.6,709.6,500,45.3
2602407,41,79.8,15.7,3.6,636,480.5,49.1
2602506,50.9,83.2,10.8,3.6,773,587.3,52.6
2602605,79.8,73.8,17.4,6.1,675.8,575,37.4
2602704,72,74.2,16.4,7.4,708.2,564.8,47.4
2602803,42.9,81.9,13.1,3.5,568.2,400,55
2602902,93.8,28.2,43.7,22,946,621.5,30.8
2603009,66.1,73.4,17.7,3.5,696.2,473.8,42.7
2603108,83.6,86.2,8.5,4.2,751.8,504,47.2
2603207,30.4,90.2,6.2,3,638,466.7,48.1
2603306,33.9,92.4,5.3,1.8,649.9,478,52
2603405,40.4,78.2,19.2,1.4,735,533.3,54.2
2603454,100,43.2,34.6,15.1,1097.4,706,25.7
2603504,84.9,78.6,15.5,3.5,756.2,600,44.2
2603603,85.6,71.1,22.7,4.7,704.3,537.3,42
2603702,67.6,76.3,17.2,4.1,705.8,500,47.7
2603801,36.7,87,9.6,1.6,632,480,50.8
2603900,47.7,83.8,12.2,3.1,701.4,500,53.2
2603926,17,84.9,10.3,2.7,646.7,440,48.3
2604007,95,52,33.7,9.6,1015,678,34
2604106,92.2,58.2,25.3,9.7,1147.4,731,23.1
2604155,17.6,87.9,10.1,0.9,604.5,453,57.3
2604205,78.5,56.5,28.2,12.3,751.9,537.3,50.5
2604304,64.4,88,8.1,2.8,684.1,470.7,45.1
2604403,82,64,23.6,8.9,658.4,525,43.9
2604502,61.5,74.5,16,6.7,751.1,600,40.7
2604601,92.1,64.5,24.5,9.3,767.8,562.4,35.9
2604700,60.5,87.3,10,1.3,619.9,448.7,53.8
2604809,78.2,50.7,33.5,15.2,678.1,533.3,42.7
2604908,48.9,86.2,10.8,2,750.9,553.5,57.3
2605004,94.3,66.1,24.9,4.8,712.8,525,37.4
2605103,67.3,83.7,11.3,3.1,857.5,625,45.4
2605152,45.4,87.1,10.9,1.6,775.8,600,44.5
2605202,88.1,37.9,41.9,14.4,822,606,35.6
2605301,49.2,83.7,10.3,4.6,647.8,404,51.4
2605400,81.2,63.1,30.4,4.9,738.8,600,47
2605459,97.4,44.7,26.3,20.9,2566.1,1833.3,10.9
2605509,88.3,78.3,16.4,3.1,803.4,604,39.8
2605608,45.3,82.1,12.7,4.3,666,466.7,64
2605707,73.3,77.8,12.4,4.5,843.7,600,39.9
2605806,31.1,90.4,7.6,1.1,794.4,606,51.2
2605905,81.4,39,46.2,12.3,707.3,537.3,42.1
2606002,90.9,69.3,21,5.4,1128.2,666.7,29.3
2606101,70.8,77.7,16.5,3.7,691.9,525,42.9
2606200,94.1,48.1,36,11.6,839,606,31.8
2606309,55.2,90.1,7.9,2,697.4,560,55.7
2606408,85.7,68.7,18.4,6.6,1029.7,720.7,34.9
2606507,47,85.3,11.1,1.7,670.1,480,49.8
2606606,55.9,82,11.4,4.3,646.1,453,47.4
2606705,45.9,86.5,10.2,2,704.5,533.3,56.9
2606804,95.7,40.5,42.9,11.8,880.7,606,30
2606903,53.2,82.6,13.1,2.3,691.4,484.8,61.7
2607000,45.5,85.2,8.2,3,506.9,350,55.4
2607109,52.6,91.1,5.8,2.4,728.5,575,53.2
2607208,85.7,34.7,44.1,14.1,829.7,604.8,24.8
2607307,65.1,77,13.1,3.2,677.2,459,43.2
2607406,73.4,74.2,13.3,5.8,663,533.3,43.8
2607505,34.1,90.6,6.4,1.4,603.5,440,55.5
2607604,85.9,49.6,28.5,13.5,871.1,537.3,47.1
2607653,92,64.8,22.9,6.5,728.4,532,38.1
2607703,62.8,82.4,11,4.8,874.8,600,49.3
2607752,98.6,31.6,33.4,21.9,745.5,600,35
2607802,80.9,42.2,33.4,20.5,625.2,453,41.1
2607901,99.3,40.2,36.3,14.9,1141.1,700,27.8
2607950,66,67.8,25,5.1,544.7,403,51.3
2608008,64.1,82.6,13.2,1.9,627.2,466.7,54.9
2608057,59.7,70.8,13.9,5.6,826.6,600,42.5
2608107,58.8,90,6.9,1.7,727.5,566.7,49.1
2608206,80.4,46.6,39.4,11.8,690,537.3,45.9
2608255,45.6,83.1,14.6,1.9,651.6,430,48.5
2608305,65.4,85,10.7,2.6,802.9,533.3,39.4
2608404,79.6,83.7,12.6,1.7,613.2,422.4,58.5
2608453,76.1,62.8,25.4,8.3,736.7,580.7,39.2
2608503,83.3,72.9,19.4,5.3,702.6,566.7,40.5
2608602,57.1,81.7,14.6,2.1,631.4,404,57.5
2608701,66.6,80.1,16.1,3.3,619,453,54.1
2608750,70.6,67,23.2,8.4,740.9,600,35.5
2608800,80.6,83.7,13.4,1.8,731.1,500,41
2608909,81,71.1,16.9,5.2,937.1,610,35.6
2609006,75.9,79,17,2.8,730,503,43.4
2609105,75.4,81.7,12.6,3.7,730.1,533.3,46.9
2609154,23.1,93.4,4.2,1.8,359.1,237.5,71.9
2609204,73.9,63.9,23.1,11.6,663.7,500,45.6
2609303,51.4,75,13.2,9.5,719.6,500,50.1
2609402,90.5,38.1,41.4,14.3,783.5,604,37.8
2609501,92.3,60.7,28.8,7,908.9,606,37.9
2609600,100,46.6,28.6,15.3,1277.7,800,31.6
2609709,45.4,86.4,11.2,0.8,686,525,50.9
2609808,37.8,81.3,14.3,2.6,578.2,430,47.1
2609907,51.9,80.9,12,4.9,725.6,500,42.2
2610004,78.5,45,38.2,13.1,872.6,602.4,34.4
2610103,64.8,83.9,12.6,1.9,744.6,537.3,52.9
2610202,62.3,88.6,8.4,2.1,609.7,404,51.7
2610301,20.8,82.6,13.7,3.1,567.5,400,66.6
2610400,42.8,88.3,8,2.5,704.8,517.7,49.4
2610509,51.8,76.3,18,3.9,698.5,537.3,48.8
2610608,82.9,46.5,34.6,15,1129.5,604,28.9
2610707,100,41.5,33.2,15.1,1197.2,808,28.3
2610806,55.3,83.7,11.7,3.2,567,400,55.9
2610905,72.6,83.9,9.4,3.4,863.7,600,43.8
2611002,72.5,74.2,15.2,8.3,745.9,533.3,38.4
2611101,90.4,61.7,22.2,10.7,1290.2,766.7,20.2
2611200,64.4,88.8,6.9,2.5,654,450,54
2611309,65,61.8,29.8,6.1,774.1,600,43.2
2611408,62.5,47.2,33.8,16.9,660.6,537.3,40
2611507,70.4,82.2,13,3,633.8,404,47.4
2611533,51.5,81.5,16.8,1.4,551.9,320,62.2
2611606,100,47.5,27.8,14.9,2284.8,970.7,23.4
2611705,51.1,84,11.2,2.6,744.6,600,46.5
2611804,83.5,37.9,46.2,13.3,833.7,595,37.6
2611903,72.5,22.6,52.9,20.7,729.2,550,34.9
2612000,60.3,79.1,15.4,3.9,838.6,604.8,49.3
2612109,35.9,84.5,12.1,2.9,771.7,537.3,52.8
2612208,80.5,79.4,13.6,4.3,952.4,606,32.4
2612307,58.6,82.9,14,2.4,658.8,500,52.7
2612406,76.3,80.5,11.3,7,656,478,48
2612455,38.1,89.7,8.5,1.2,661.9,466.7,54.1
2612471,54.9,85.2,9.6,3.1,629.4,450,57.3
2612505,97.5,56.9,26.7,10.9,965.7,750,20.7
2612554,36.7,86,12,1.8,600.1,483.5,61.3
2612604,36.8,76.2,18.6,3.9,699,525,47.6
2612703,28.2,84.8,12.4,1.9,698.8,550,51.5
2612802,65.9,80.2,17.1,1.8,710.2,537.3,51.9
2612901,61.9,76.7,18.6,3,606.6,470.7,58
2613008,60.5,84.5,9.7,2.7,679,500,44.4
2613107,79.2,78,12.4,7.3,698.8,566.7,46
2613206,54.2,81.8,15,2.4,739.3,529.5,43.3
2613305,73.7,76.4,17,5.6,646,466.7,54.3
2613404,76.9,35.3,50.6,12,953.3,603,33.8
2613503,56.8,83.5,12.9,2.8,780.4,588,46.2
2613602,66.7,86,9.9,2.4,818.4,606,43.7
2613701,95.1,42.5,34.5,16.4,850.8,606,30.5
2613800,73.4,74.1,18.9,5.9,623.2,466.7,46.6
2613909,80.1,69,17.3,8.6,992.1,666.7,30.3
2614006,35.9,90.1,8.2,1.2,632.6,453,57.7
2614105,57.3,84.2,10.1,3.1,787.1,600,45.8
2614204,80.8,23.3,51.1,23.1,728.5,532.4,32
2614303,63.7,87.2,9.7,2.6,640.2,485.3,61.1
2614402,37,90.5,7.3,1.5,650.1,450,55.9
2614501,79,79,15.6,3.2,868.1,602,34.5
2614600,75.7,85.4,9.8,3.2,837,578,42.5
2614709,56.7,83.9,11.3,3.3,667.8,540,50.7
2614808,47.9,83.1,10.2,3.8,581.9,416,52.1
2614857,79.9,32.7,44.2,20.7,807.3,537.3,31.2
2615003,70.7,77.9,15,5,869.6,666.7,31.8
2615102,50.3,83.1,12.9,2.8,627,450,56
2615201,68.1,80.4,10.5,5.3,676.6,533.3,54.8
2615300,85.9,69.7,18.7,8.3,824.3,600,42.2
2615409,98.1,57.9,25.4,14,775.7,600,21.2
2615508,83.1,49.7,30.8,16.8,697.5,537.3,36.9
2615607,79.6,78.4,14.7,4.8,700.4,500,35.4
2615706,58.6,86.1,8.7,3.2,988.8,675,43.6
2615805,39.3,85.9,8.6,3.5,507.7,394.4,55.9
2615904,81.1,77.4,15.7,4.7,802.7,578,48.9
2616001,65.4,77.6,15.9,4.9,812.7,537.3,39.8
2616100,30.2,84.2,11.5,2.9,697.9,500,49.4
2616183,25.8,86.1,11.2,1.5,693.9,600,53.8
2616209,74.7,80.2,14.6,2.8,820.8,606,36.1
2616308,58.8,68.8,24.6,5.9,752.6,600,39.5
2616407,90.5,56.5,28.6,10.8,945.4,625,33.3
2616506,90.6,45.1,39.3,14.7,639.1,500,43.2
2700102,32.2,92.2,5.8,1.6,625.1,433,52.8
2700201,66.1,83.2,12.8,2.2,686.2,484.8,50.9
2700300,92.2,68.9,22.1,5.6,1080.3,703,25.6
2700409,71.4,59.7,21.9,16.6,711.5,553,40.5
2700508,95.5,39.5,34,22.6,823.5,604.8,42.1
2700607,94.6,60.4,26.1,10,1090.2,700,25.7
2700706,74.2,79.5,13.9,5.5,782,537.3,37.4
2700805,51.5,81.5,14.7,2.1,785.4,606,51.9
2700904,19.6,89,9.3,1.5,553,400,53
2701001,90.7,68.3,21,6.7,747.1,564.8,48.1
2701100,64.7,67,18.1,14.4,590.5,442.4,55.6
2701209,54.3,86.7,10.6,2.1,674.6,500,54.6
2701308,90.4,66.8,16.1,13.4,735.6,480,42
2701357,90.4,44,41.2,14.3,700.8,475,45.2
2701407,95.4,55.7,27.9,14.4,751.2,600,37.3
2701506,50.5,82.7,13.7,2.5,550.5,400,58.6
2701605,35.1,84.3,8.4,3.8,628.2,450,52.4
2701704,79.6,63.6,20,14.2,743.8,570.7,41.7
2701803,65.2,91.4,5.6,2.6,607.7,410,47.9
2701902,72.1,87.6,11.1,1,675,533.3,55
2702009,47.5,69.7,7.4,1.2,649.1,466.7,50.5
2702108,83.3,62.6,25.7,10.2,704.1,520,45.7
2702207,89.6,67.9,21.1,9.7,846.4,606,40.2
2702306,89.1,61.2,26,9.7,849.8,606,32.1
2702355,50.6,86,8.6,5.2,558.4,403,52.2
2702405,79.9,74.2,17,5.8,920,633.3,35
2702504,57,89.4,7.9,2,614.9,422.4,51.8
2702553,27.3,91.5,6.8,0.9,603.8,404,65.6
2702603,35.9,86.8,9.8,1.5,543.5,403,56
2702702,80.4,76.9,13.2,6,731.5,571,42.4
2702801,70,58.4,22.9,16,656.2,520,43.8
2702900,34,86.1,9.5,2.7,607.4,437.5,51.7
2703007,83,71.4,20,7.4,666,533.3,42
2703106,25.2,88.9,8.7,1.4,646.1,440,60.2
2703205,21,82.7,10.3,6,525.8,404,58.3
2703304,43.4,90.1,7.4,0.9,599.9,400,50.2
2703403,62.2,89.2,8.3,2.1,724.9,533.3,46.6
2703502,74.4,54.4,34.2,10.8,677.8,546.3,44.2
2703601,62.4,48.2,33.8,14.1,827.2,633.3,33.6
2703700,50.9,78.9,15.2,5.5,637.8,500,52
2703759,44.8,58.2,27.6,11.1,778.9,606,46.1
2703809,66.7,54.1,27.3,13.6,618.2,475.3,46.9
2703908,77.4,56.5,29.4,13.3,714,537.3,37.9
2704005,49,75.3,18.5,4.3,749.3,537.5,42.5
2704104,53.1,79.1,15.3,4.6,633.4,482.4,48.8
2704203,35.4,78.3,16.6,4.5,652.1,500,48.2
2704302,100,51.9,29.9,12.3,1605.6,837.3,24.8
2704401,55.8,81.1,12.8,4.8,744.1,553,46.3
2704500,79,33.2,42.8,21.7,833.6,600,32.3
2704609,53.6,81.8,10.5,6.3,713.1,553,53.5
2704708,98,58.1,23.1,11.9,1208.2,716.7,28.8
2704807,74,84.7,8.9,4.8,783.5,604.8,43.4
2704906,48.3,92.7,5.2,1.7,904.7,707,44.6
2705002,26.5,90.4,7,1.5,528.9,365.5,60.8
2705101,91.6,36.9,40.5,20.7,681.6,578,41
2705200,87.1,52.2,29.6,17,644,520,38.6
2705309,46.2,88.9,10.6,0.4,646.6,466.7,53.8
2705408,40,95.6,2.9,0.9,635.1,475,48
2705507,91.1,58.8,23.3,15.3,749.7,558.9,38.6
2705606,72.5,54.3,38.9,4,705.7,528,39.3
2705705,68.7,87.6,7.8,3.2,697.4,500,40.9
2705804,53.2,82,12.1,3.8,576.6,404,50.2
2705903,30.3,88.9,10.8,0.2,436.5,300,68.2
2706000,42.2,90.5,7.9,1,521.1,320.4,62.8
2706109,66,83.3,13,3.2,758.1,535.7,52.4
2706208,72.4,84.6,12.2,3,726.2,503,49.5
2706307,74.1,78.7,13.7,4,878.6,606,42.3
2706406,47.1,80.8,13.8,4.4,738.3,516.7,46
2706422,31.5,89.6,5,4.5,606.6,425,52.2
2706448,94.9,46.5,31.7,17,1071.9,725,38
2706505,70.1,43.9,34.5,21.1,722,576.6,37
2706604,79.5,85.2,9.9,2.7,731.2,564.8,55.8
2706703,80.4,76,17.4,3.9,911.9,600,36.5
2706802,83.2,77.3,13.2,7.3,689.7,462.5,50.2
2706901,97.9,64.2,19.4,12.7,819.8,606,37.1
2707008,58.1,81.2,12,6.6,674.2,576.6,54
2707107,75.3,80.4,9.7,5.9,826.3,500,34.2
2707206,18.1,89.1,8.3,2.3,509.6,375,61.4
2707305,83.5,41.8,42.2,15.1,796.6,600,32.4
2707404,76.5,56.7,29,13.4,731.5,600,34.6
2707503,46.5,77.7,9.2,2.6,571.3,403.3,53.1
2707602,64.8,83.1,13.4,2.5,699.1,466.7,50.1
2707701,97.9,46.2,36.6,13.1,778.7,606,34.4
2707800,91.1,28.4,37.8,32.2,665.3,603,42.9
2707909,98.6,56.1,27.3,11.8,692.9,600,38.4
2708006,66.8,88,7.7,2.8,721.1,500,39.7
2708105,61.6,85.3,8.4,4.8,642.2,503,51.6
2708204,60.2,75.3,15.3,8.5,557.6,346.3,57.3
2708303,78.4,68.2,20.4,8.1,702.3,566.7,42.4
2708402,44.1,88.7,8,2.2,603.1,403,49.8
2708501,75.5,50.9,31.1,15.9,750.7,600,34.4
2708600,95.9,49.2,33.8,13.5,912.8,700,33.8
2708709,93.8,52.7,29.8,13.4,959.3,706,24.9
2708808,43.9,76.3,16.6,4.3,672.4,484.8,50.1
2708907,96.2,50.9,32.9,12.7,970.2,784.8,22
2708956,31.8,93.8,5.1,0.6,560.7,404,54.1
2709004,37,86.4,8.3,3.7,687.9,504,59.1
2709103,49.6,79.2,13.5,5.6,618,432.4,52.3
2709152,84.5,61.1,24.3,12.5,740.4,600,39.1
2709202,30.9,84,12,3.2,599.7,404,54
2709301,83.3,66.9,20,10.4,769,600,40.4
2709400,77.1,80.9,12.7,4.6,742.7,543.6,47.5
2800100,78.4,79.2,14.6,3.2,773.5,550.3,46.9
2800209,58.9,78,12.3,5.5,782,538,44.1
2800308,100,60.4,20.4,10.7,2087.7,1070.7,26.1
2800407,42.4,75,13.2,7.5,749.8,500,44.2
2800506,77.4,69.3,14.8,13.3,794.4,587.3,34.5
2800605,99.1,58.6,23.4,9.1,1589.8,953,22.1
2800670,72.2,76.2,16.7,5.6,880.4,606,42.1
2800704,50.2,76.2,12.3,9.9,554.3,360,49.3
2801009,63.8,77.8,10.9,8.1,921.7,650,36.3
2801108,41,76.7,11.3,10.6,689.2,466.7,54.3
2801207,66.7,69.1,21,7.9,707.4,480,31.2
2801306,69.4,69.3,16.3,11.3,698.6,504,37.2
2801405,63.1,81,14.3,3.8,712.8,537.3,47.1
2801504,96.7,63.1,20.6,12.6,766.4,594.8,30.4
2801603,86.8,72.1,21,5.6,764.2,500,47.1
2801702,77.7,73.3,16.4,7.6,661.2,466.7,41.9
2801900,58,61.2,18.7,13.9,711.4,537.3,52.9
2802007,50,67.3,15.1,16.1,789.2,606,35.6
2802106,87.9,61.2,23,11,896.6,606,33.7
2802205,66.6,73.4,17,8.9,640,478,47.8
2802304,81.5,82.8,12.5,3,851.1,625,36
2802403,28.2,87,8.9,3.5,700.4,416.7,57.7
2802502,68,69.8,18.4,9.6,765.3,587.4,36.1
2802601,49.8,80.7,11.3,7.5,665.1,500,55.6
2802700,90.6,69.2,17.6,11.4,522.3,400,59.3
2802809,33.2,69,21.6,7.9,611.8,403,43.5
2802908,83.7,80.7,10.3,6.2,1080.7,778,25.8
2803005,59.3,74.3,15.6,7.1,682.4,500,41.8
2803104,56.7,79.6,9.5,7.8,772.3,600,50.1
2803203,47.8,60.1,24.3,12,663.1,500,41.9
2803302,64.7,71.3,15.1,9.3,816.7,600,40.5
2803401,34.1,66.8,18.1,12.7,715.3,503,44.8
2803500,74.3,75.7,15.1,6.8,928.8,650,36.7
2803609,93,57,25.1,15.1,752.5,587.3,38.2
2803708,54.9,83.4,7.9,7.2,859.1,681,46.2
2803807,40.1,61.5,22.9,13.8,747.7,570.7,35
2803906,52.2,66.3,16.8,13.7,779.9,604,40.6
2804003,88.6,62.3,21,11.7,770.8,583.3,35.3
2804102,47.7,89.7,5.5,3.2,796.8,600,44.7
2804201,64,70.1,18.3,10,727.6,500,40.7
2804300,46.5,66.6,19,11.8,740.7,537.3,42.4
2804409,52.7,75.9,16.7,5.2,761.4,528,45.6
2804458,50.1,83,13.5,2.2,812.9,600,43.7
2804508,69.8,81.9,10.5,5.9,879.2,604,29
2804607,76.1,73.8,14.8,8.6,760.1,537.3,42.6
2804706,55.8,84.4,8,5.6,814.6,575,43.4
2804805,98.6,55,27.4,11.8,822.6,606,28
2804904,40,79,14.3,5.4,588.4,404,48
2805000,45.5,59.2,11.1,23.6,631.4,459.4,55.1
2805109,76.7,75.7,15.2,5.7,746,546.7,50.1
2805208,64.8,76.3,12.5,9.3,677.9,533.3,52.3
2805307,58.7,75.2,16.7,3.9,750.4,560,43.5
2805406,44.3,84.8,11.5,3.1,632.7,430,45.2
2805505,59.9,85.7,7.8,5.1,757,590.9,47.5
2805604,48.2,89.9,6.9,1.4,616.7,404,56.6
2805703,85.1,65.3,19.8,8.2,941.6,604,33.4
2805802,40.1,89.7,7.2,2.4,671.7,500,52.6
2805901,84.1,61.7,19.9,14.3,688.6,528,37
2806008,74,86.1,7,4.7,883.1,606,38
2806107,87.4,67.3,19.7,9.8,753.6,537.3,38.9
2806206,49.7,77.3,16,3.9,799,600.5,42.3
2806305,23.7,67.9,17.1,11.9,571.9,425,49.8
2806404,61.7,60.5,21.4,15.5,717.5,537.3,41.5
2806503,56.1,68.1,13.5,16.9,578.9,413.3,40
2806602,71.5,65.5,18.5,9.9,767.2,593.3,46.9
2806701,88.3,58.3,25.2,10.5,1124.9,755,25.6
2806800,55.4,82.2,10.1,6.4,729.3,570,44.6
2806909,72.9,62.7,22.6,11.6,776.9,604,41.5
2807006,54.1,81.4,11.4,6.4,734,600,55
2807105,54,79.4,13,5.1,850.4,606,42.4
2807204,48.9,70.9,15.6,11.7,759.7,600,42.5
2807303,58.9,73.3,15.9,3.8,692.3,537.3,41.9
2807402,74.6,72.9,15.5,9.2,881.2,606,37.2
2807501,53.3,66.8,19.4,10.7,552.1,400,59.8
2807600,81.8,67.7,18.8,8.5,743.6,600,35.7
2900108,48.7,73.5,18.6,4.7,901.5,750,56.6
2900207,55.9,73.8,15.9,7.3,600.8,458.9,48.7
2900306,75,69.2,16.3,10.6,706.6,537.3,46.3
2900355,50.5,88.2,5.1,5.1,739.3,552.4,49.4
2900405,41,63.9,19.2,12.8,700.8,533.3,57.8
2900504,21.5,84.4,10.9,2.1,765.9,606,45.1
2900603,58.4,56.6,25.7,13.8,756.7,606,37.9
2900702,87.7,46.5,27.3,17.6,1073,693.3,32.8
2900801,52.4,63.3,26.7,6.4,747.7,600,42.9
2900900,84.9,53.1,25.9,16.6,912.4,700,49
2901007,76.8,64.5,19.6,10.7,839.3,604,37.2
2901106,82.6,52,24.9,15.2,840.7,606,39
2901155,77.5,71.3,16.3,9.8,674.1,525,45.2
2901205,25.7,85.9,10,2.9,718.6,604,56.1
2901304,61.9,64.3,17.7,14.3,758.2,557.3,48.5
2901353,44.4,81.8,10.9,4.9,796.3,606,48.6
2901403,46.8,80.5,15.5,2.8,824,606,47.2
2901502,43.1,69.7,22.2,5.8,720.4,608.7,48.1
2901601,60.3,86.5,8,3.4,832,600,47
2901700,34.5,79.1,16.1,3.1,702.9,604,44.6
2901809,51.4,60.8,19.2,17.2,750,606,46.1
2901908,56.2,74.1,14.6,8.5,710.5,537.3,50.4
2901957,74.6,54.5,31.3,11,836.8,628.3,43.3
2902005,32.9,82.9,12.9,2.2,757.7,606,50.7
2902054,52.9,60.5,18.6,16.1,725.6,600,36.9
2902104,48.5,71.3,12,12.1,691.8,482.4,47.8
2902203,56.7,62.5,19.3,12.3,803,606,43.3
2902252,53.2,40.7,21.8,28.4,691.8,522.4,42.5
2902302,63,48.6,22.7,21.9,639.6,453,57.3
2902401,86.2,51,28.2,16.3,745.6,600,38.3
2902500,28.4,77.5,19,2.5,700.2,583.3,49
2902609,44.4,75.7,16.7,4.9,708.9,542.4,56.9
2902658,36.9,67.5,8.4,10.1,707.6,509.6,47.1
2902708,48.2,78.4,16.6,3.8,621.1,402.4,50.1
2902807,54.2,74.7,15.7,7.1,796.1,600,35.5
2902906,68.4,65.9,20.9,10.7,784.5,604.8,38.2
2903003,56.6,68.4,11.3,12.9,879.6,608.3,49.8
2903102,67.6,50.5,27.4,20.2,810.4,606,43.9
2903201,90.1,58.7,25.7,9.9,1340,850,17.9
2903235,55.9,79.3,14.3,4.5,709,503,50.1
2903276,46.9,80.4,15.7,2.5,762.9,606,40.5
2903300,82.2,50.6,20.5,24.2,860.7,700,39.9
2903409,82,46.2,30.2,19,837.5,606,32.5
2903508,56,73.9,18.3,5.6,746.6,550.5,49
2903607,27.4,74.6,12.8,8.4,680.5,537.3,57.9
2903706,53.6,77.9,14.9,5,705,537.3,51.6
2903805,46,73.4,16.3,7.9,618.2,466.7,57.6
2903904,73.1,70.8,21.9,4.7,916.7,606,29.9
2903953,35.3,83.3,13.2,1.5,655.1,537.3,56.7
2904001,47.1,67.7,21.7,9.3,761.4,600,49.3
2904050,50.9,69.4,17,10.6,704.8,552.4,38
2904100,36.6,90.8,7.2,0.8,675.7,553,56.2
2904209,43.7,93.8,5.4,0.3,709,533.3,52
2904308,68.2,67.6,18.4,11.8,709,518.7,43.6
2904407,21.3,80.8,15.6,2.7,739.1,554.5,56.9
2904506,32.2,85.2,8.2,4.3,729.3,600,63.1
2904605,74.1,71.7,17.6,4.9,1024,738,29.3
2904704,88.5,56,22.9,15.3,880.8,630,42.4
2904753,41.8,74.3,21.5,2.9,511.7,400,62.7
2904803,70.4,59.9,23,8.8,779.6,606,40.2
2904852,32,77.7,13.4,7.3,631.1,453,50.4
2904902,68.4,46,29.9,15.8,913.5,604,40.1
2905008,67.4,81.2,10.2,1.8,1019.3,780,32
2905107,48.6,71.5,16.7,8.8,806.6,556,50.7
2905156,32.7,84.4,11.9,2.2,696.7,575,56.6
2905206,63.4,82.6,12.3,2.6,989.1,727.2,36.2
2905305,69,55.7,26.7,14.9,661.7,470.7,42.1
2905404,84.3,45.9,23.5,23.9,996,731,24.3
2905503,58,53.6,14.7,29.5,620.2,500,53.2
2905602,88.5,45.5,31.7,18.2,956.9,687.3,33.4
2905701,97.9,33.3,32.1,21.9,1177.9,750,22.7
2905800,53.2,41.7,34.8,19,760.3,500,36.4
2905909,31.1,77.5,19.5,1.9,658.1,450,49.7
2906006,57.1,72.3,19.4,5.4,749.4,503,40
2906105,38.5,86.2,9.8,3.1,628.5,500,51.6
2906204,59.8,68.3,20.6,9.6,634.9,466.7,50.2
2906303,76.8,44.7,29.6,21.2,832.5,600,38.4
2906402,44.1,71.4,18.8,7.7,735.1,600,56.6
2906501,91.5,43.5,32.7,16.1,845.2,606,36.3
2906600,59.6,75.8,19.8,3.4,751.7,604,55.4
2906709,75.2,62.2,27.6,7.6,733.7,550,42.1
2906808,39.1,56.9,21.1,11.7,669.1,484.8,51.6
2906824,63.7,72.7,18.7,6.9,711.4,533.3,49.1
2906857,52.2,65,18.8,11.1,809.2,606,49.4
2906873,85.1,58.7,23.6,13.8,850.2,606,34.8
2906899,29.5,86.3,10.3,2.4,737.4,600,55.9
2906907,74.2,47.7,29.5,12.9,896.5,606,34.8
2907004,74.9,62.2,16.4,15.2,629.8,475,46.2
2907103,61.2,71.4,19.8,7.1,671.3,465,48.2
2907202,63.7,72.3,19.9,4.6,685.1,592,40.6
2907301,63.9,62.4,18.8,9.9,819.3,605.5,43.9
2907400,32.8,85.1,13.5,0.1,750.9,606,51.2
2907509,85.6,32.2,32.3,26.5,952.6,650,33.4
2907558,31.9,91,7.5,0.9,653.6,482.4,64.1
2907608,50.1,61.4,19,15.3,735.4,525,50.5
2907707,54.6,86.9,9.3,2.9,660.5,502.5,58.5
2907806,67.2,82.3,11.6,4.4,845.5,606,44.6
2907905,70.8,54,29,11.5,831.8,567,39.5
2908002,92.3,50.1,26.5,18.4,846.5,606,46.6
2908101,53.6,72.1,22,4.2,722.5,537.3,44.7
2908200,66.6,53.8,28.1,13.1,770.8,606,36.5
2908309,47.4,73.5,15.6,7.4,864.4,666.7,40.8
2908408,65.9,61.4,23.8,11.5,855,606,35.4
2908507,93.6,58.9,23.6,11.5,1009.8,800,27.2
2908606,60.8,58.4,20,16.4,674.8,462.3,43.2
2908705,47.5,80.2,15.7,2.2,801.3,606,49
2908804,60.5,69.3,16.2,11.3,781.3,606,45
2908903,44.5,75.3,14,7.1,850.8,700,44.2
2909000,34.7,77.7,19.9,2.3,816.3,703,51.6
2909109,62.6,77.5,14.5,6.5,757.5,500,57.2
2909208,51.8,85.7,5.5,5.7,704,537.3,46.4
2909307,52.7,77,18.2,3,930.6,616.7,34.9
2909406,51.9,84.5,13.7,1,621.9,484.8,51.5
2909505,67.7,62.3,23.7,10.9,723.2,537.3,52.1
2909604,56.7,81.6,12.2,4.2,673.5,453,51.6
2909703,40.6,79.7,17.7,1.6,778,600,48.2
2909802,78.3,55.7,26.6,11,1167.9,780,29.3
2909901,52.1,73.3,18.3,6,646.1,494,47.5
2910008,61,52.9,21.8,21.8,730.3,566.7,41.7
2910057,97.6,32.2,33.9,22,901.3,650,26.8
2910107,22,93.2,4.6,1.6,760,600,43.2
2910206,50.5,60.8,19.3,11.1,764.8,606,47.7
2910305,44.5,70.3,20.1,7.1,744.9,600,54.8
2910404,59.9,64.9,22.4,6.2,611.2,470.7,51.2
2910503,74.4,47.6,23.2,20.8,828.1,600,34.5
2910602,69.8,55.3,18,18,760.8,554,34.4
2910701,52.5,74,14.4,8.4,819.6,600,46
2910727,94,40.3,34.8,18.5,1253.6,833.3,19.6
2910750,44.7,89.3,6.5,2.9,718.9,537.3,52
2910776,64.9,67,29.4,3.1,731.2,583.3,48.3
2910800,93.8,46.7,31.7,13.3,1209.7,775,23.2
2910859,56.5,67.6,25.6,4.7,690.2,525,49.4
2910909,86,62,22.7,12,829.9,703,41.5
2911006,75.5,60.1,18.2,19.5,818,606,49.4
2911105,66.2,81.9,11.8,2.6,860.5,600,39.4
2911204,83.6,37.5,32.5,27.5,910.6,606,36.5
2911253,68.8,71.8,15.8,11.1,878.2,750,49
2911303,53.4,83.4,10.7,5.3,715,575,52.2
2911402,31,77.9,11.7,5.9,722.4,525,46.4
2911501,71.4,64.4,20.2,10.1,733.3,604,44.3
2911600,45.6,70.9,15.6,8.7,814.4,606,37.4
2911659,30.2,88.5,9.7,1.2,804,625,56
2911709,83.6,63.9,24.8,6.1,1201.2,806,26.1
2911808,62.1,57.4,28.9,8.4,822.2,625,45.7
2911857,49.8,88.6,7,3.7,748.5,566.7,49.8
2911907,79.3,66.5,16.5,12.7,765.5,600,43.3
2912004,49.5,89.9,6.9,0.9,917.1,804,48.1
2912103,92.8,64.4,21.1,9.9,1006.7,666.7,39.1
2912202,65.7,55.9,25.9,13.5,808.8,606,24.6
2912301,82,60.9,22.2,14.4,914.5,670.7,39.4
2912400,67.2,66.4,16.9,13.6,713.1,550,50
2912509,44.5,79,17.3,0.9,783.3,600,49.6
2912608,68.6,86,10.3,1.1,655.5,500,55.6
2912707,55.2,40.2,29.4,26.6,671.2,484.8,35.9
2912806,64.9,58.4,31.2,7.3,1036.4,808,29.7
2912905,83.5,41.3,33.7,21.1,784.2,606,43.6
2913002,27.6,84.3,11.8,3.2,771.6,600,56.6
2913101,50.1,72.6,18.6,5.1,699.3,550,51.5
2913200,81.5,73.6,16.6,6,804.4,585.7,34.9
2913309,59.9,86.9,8.9,2.6,889.4,620,47.1
2913408,56.1,81.4,13.1,2.8,811.6,650,42.3
2913457,34.1,50.2,29.3,17.6,726.4,568.7,38
2913507,64.5,62.1,25.7,9.8,794.9,600,44.1
2913606,90.6,40.6,28.7,20.6,1298.6,800,29.4
2913705,48.7,68,17,11,739.7,600,39.5
2913804,26.2,68.6,24.7,5.1,518.6,400,64.1
2913903,92.2,48.8,28.5,15.8,970.3,635.3,33.1
2914000,59,74.6,14.3,7.9,765.6,578.5,40.2
2914109,64.8,74.7,16.1,6.4,779.2,606,50.5
2914208,55.5,73.4,21.2,2.5,772.3,611.7,48.2
2914307,46.9,76.9,14.2,6.5,668.6,503,47
2914406,33,82.4,12.2,3.6,681.8,466.7,46.7
2914505,45.3,65.1,18.3,9.6,858.5,639.7,47.5
2914604,95.2,54.7,22.1,17,1188.1,800,22.6
2914653,85.3,50,30.4,15.1,910.4,606,28.8
2914703,82.2,58.9,21.4,14.1,1013.2,706,29.6
2914802,98.4,43.1,31.1,17.1,1293,805.5,29.2
2914901,63.6,50.7,25.1,16.4,1013.9,687.4,25.6
2915007,63.5,65.8,20.3,10.8,688.1,540,52
2915106,76.6,60.7,21.7,13.2,682.9,488.9,45.9
2915205,72.5,42.9,33.7,20.9,934.7,700,36.4
2915304,78.9,46.5,29.3,19.7,888,625,33.9
2915353,31.2,75.2,14.7,6.6,658.6,537.3,49.8
2915403,82.6,53,21.4,22.7,793.3,604,42.9
2915502,82.9,58.6,23.2,12.3,829.4,606,38.5
2915601,81.1,46.9,34.1,14.7,997.3,725,27.8
2915700,76.5,45,30.9,20.3,782.5,600,44.2
2915809,84.2,71.9,21.1,5,812.8,606,35.9
2915908,60.7,52,19,23.2,658.8,537.3,39.1
2916005,70.5,59.4,30.1,7.9,951.1,737.3,38.6
2916104,100,36.1,27,18.8,857.6,603,48.2
2916203,80.2,59.7,17.9,17.7,833.8,606,34.2
2916302,79.3,45.8,25.4,26.1,812,606,37.3
2916401,97,40.9,37.4,16.4,982.6,700,28.5
2916500,40,73.6,14.1,11,662.5,466.7,47.6
2916609,62.1,52.1,22.5,22.7,655.6,519.4,42.5
2916708,62.1,72.7,18.6,5.9,636.5,433.3,53.4
2916807,86.1,55.7,31,9.8,824,606,31.4
2916856,76.1,65.2,21.6,7.6,715.3,550,35.1
2916906,79.3,65.1,24.4,7.5,833.9,606,43.7
2917003,38.5,72.8,17.6,7,702.6,466.7,55.4
2917102,92.6,59.4,24.5,11.5,900.1,606,39
2917201,42.3,83.1,13,1.9,774.6,558.4,44.5
2917300,73.9,46.2,33.1,15.5,826.2,604,40.7
2917334,71,79,14.9,1.4,634.8,500,46.7
2917359,38.6,83,10.9,4,648.5,453,66.2
2917409,37.8,83.9,13.6,0.6,842.6,630,54.6
2917508,85.2,60.4,22.5,12,1083,733.3,32
2917607,82.3,49.3,34.9,11.3,791.8,602,35.1
2917706,72,74.5,16.3,3,883,620,35.5
2917805,40.8,48.1,22.6,21.7,627.5,404,55
2917904,63.6,69.4,17.4,9.2,657.5,484.8,44.9
2918001,92.6,43.1,36.4,14.9,1013.7,650,29.4
2918100,52.4,79.9,11,7.2,764.1,541.3,44.2
2918209,46.9,70.5,20.6,6.7,750.2,551.5,48.2
2918308,71.3,57.4,22.2,15.9,770.2,603,40.3
2918357,76.7,56,34.2,8.5,751.7,550,37.6
2918407,85.2,52.7,28,13.9,1048,670,24.9
2918456,46.8,65.8,28,5.8,827.4,606,46
2918506,61.7,74.6,8.1,12.3,656.5,500,51.7
2918555,73.6,44.2,17.6,34.6,788.3,640,43.9
2918605,43.1,83.2,10.8,4.1,757.6,606,56.2
2918704,59.1,66.9,18,2.9,794.6,700,47.3
2918753,26.6,89.1,9.8,0.6,635.7,502,56.4
2918803,35,67.1,20.6,6.7,672.3,500,47.2
2918902,63,67.3,24.1,3.8,939.4,725,37.9
2919009,37.2,68.1,15.1,15.7,672.4,600,57.6
2919058,64.3,73.6,16.1,6.3,772.8,606,48.2
2919108,24.9,78.8,11.1,7.4,697.7,570.7,58.3
2919157,63.9,67.3,22.8,6.3,703.2,533.3,43.2
2919207,100,39.4,26.2,19.9,1879.7,1000.5,21
2919306,79.7,54.1,14.2,20.9,1042.7,660,30.7
2919405,53.9,81.3,14.7,2.3,846.4,606,47.9
2919504,54.2,83.3,11.4,3.1,884.9,606,39.9
2919553,97.2,52.6,32.7,10.3,1644.9,1025,11.5
2919603,63.4,80.4,11.4,5.2,673.3,525,56.7
2919702,75.7,54.6,21.6,21.4,667.7,553,43.9
2919801,46.7,91.9,5.6,1.3,799.5,575,47.9
2919900,37,85.6,12.4,1.2,659.2,533.3,55.5
2919926,100,49.3,28.3,14,1046.6,700,31
2919959,48.1,79.3,13,5.8,748.5,606,54.2
2920007,80.4,47,30,18.8,859.9,666.7,33
2920106,64.7,75.9,13.5,8,708.6,553,54.3
2920205,55.1,72.7,20.9,5.5,586.1,453,51.2
2920304,40.8,78.1,20.9,0.5,744,606,49.4
2920403,55.1,79.2,14.9,4.2,672.3,503,52.4
2920452,41.9,86.8,12.5,0.4,611.9,475,61.4
2920502,78.9,64.7,16.1,10,858.3,606,37.7
2920601,59.5,64.8,15.3,12.1,649.7,500,52.8
2920700,49.4,55.5,25.8,14.1,1030,700,37.2
2920809,55.9,77.1,17,3.9,762.8,566,47.1
2920908,82.3,47.4,26.1,21.9,677.4,542.4,44.6
2921005,81.9,37.6,28.9,22.8,894.5,640,29.6
2921054,38.5,83.1,13.3,1.2,731.9,564.8,48.2
2921104,78.8,62,25.3,7.2,928.6,625,37.3
2921203,60.4,64.9,25.4,6.4,738.6,533.3,50.7
2921302,81.6,65.7,21.8,10.6,752.9,600,40
2921401,47.9,63.6,18.5,16.6,610.9,432,58.6
2921450,21.3,90,8.4,0.8,627.6,500,57.6
2921500,26.3,78.8,13.3,6.7,644.1,475,60.8
2921609,66.7,75,12.3,11.5,615.4,450,64
2921708,65.3,64.9,20,9.3,858.2,600,38
2921807,53.4,88.1,10,0.8,704.8,566.7,49.7
2921906,42.6,53.7,25.6,15.9,1009.8,681,38
2922003,81.2,42.8,39.6,12.9,1134.5,785.7,25.6
2922052,47.1,79.3,12.4,6.4,619,462.4,47.3
2922102,71.3,76.8,14.4,4.4,748,550,49.9
2922201,53.6,60.4,21.8,14.9,816.8,633.3,48.7
2922250,40,79.3,14.7,3.2,658.8,500,50
2922300,66.7,63.4,17,9.9,936.1,727.2,42.8
2922409,50.6,69.3,19,8.9,713,550,44.1
2922508,80.6,57.3,23.6,11.3,829.8,604,41.7
2922607,45.1,53.5,26.9,13,700.5,525,46.3
2922656,35.3,83.6,12.4,2.8,571.7,465.5,52.6
2922706,49.3,66.5,23.2,7.6,828.8,633.3,48.1
2922730,72.9,69,20.6,8.2,865.9,700,42.2
2922755,48.8,35.5,37.4,25.5,776.2,604,42.3
2922805,79.3,83.3,9.9,5.5,639.6,489.1,49.9
2922854,65.5,76,20.3,2.9,678.6,556,51.4
2922904,45.8,80.2,9.7,6.6,676.6,450,53.2
2923001,89.4,49.1,37.4,10,905.7,606,29.9
2923035,39.8,67.6,22.8,8.3,637.1,500,54.8
2923050,62.7,76.4,9.3,9.2,657.3,454,51
2923100,50.7,69.6,15.9,12.1,659.4,500,50.4
2923209,40.1,77.4,13.6,3.5,719.1,533.3,52.6
2923308,45.2,73.5,15.3,8.3,722,566.7,52.9
2923357,60.5,63.1,21.3,12.6,583.1,466.7,44.8
2923407,49.9,79.4,14.6,3.9,776.3,604,47.8
2923506,65.7,58.1,16.5,18,932.2,600,37.5
2923605,62.1,82.2,13.7,1.1,985.1,704,39.2
2923704,41.9,82.2,12.4,3.4,652.6,518.7,57.9
2923803,40.9,88.6,7.5,2.8,777,504,48.8
2923902,67.6,41.9,32.6,19.3,791.7,600,41.2
2924009,87.4,65.1,20.2,10.7,1059.8,700,31.6
2924058,52.8,77,15.4,5.1,757.9,600,48.4
2924108,32.1,79.2,9.3,5.6,706.8,564.8,56.5
2924207,35.6,85.4,8.5,4.7,609.5,440,54
2924306,53.8,72.1,19.5,4.1,790.8,600,49.5
2924405,36.9,73.3,22.4,3.1,514.7,346.3,59.9
2924504,30.2,81,15.5,0.9,780.6,606,53.2
2924603,72.8,55.2,30.1,13.5,693.4,537.3,51.9
2924652,63.2,80.6,13.3,5.6,819.4,622.4,47.5
2924678,39.9,63.3,25.9,7.3,576.8,400,43
2924702,55.7,86.5,12,1,716.9,600,60.1
2924801,68.8,65.7,20.8,10,741.2,533.3,52
2924900,47.3,80.3,11.3,5.5,696.6,600,53.2
2925006,67.2,76.1,15.9,6.1,768.9,602.4,40.8
2925105,77.4,70.9,17.5,8,793.1,600,41.7
2925204,88.9,42.5,28.5,18,982,666.7,28.4
2925253,70.2,70.2,19.2,9.1,629.6,475,49.7
2925303,90,35.7,31.9,22.4,1293.1,840,17.6
2925402,91.8,45.7,33.8,18.5,857.4,674.9,35.7
2925501,66.4,48.2,31,16.3,985.7,670.7,31.2
2925600,61.7,68,16.9,12.3,752.5,580,47.4
2925709,40.6,80.5,17.2,1.6,670.5,582.7,62.2
2925758,56.1,67.9,21.2,9.4,813.2,590,40
2925808,52.8,74.4,14.9,6.8,662.1,450,54
2925907,35.2,72.9,16.1,10.1,699,533.3,52.5
2925931,51.8,62.4,21.5,15.3,666.9,500,56
2925956,34.8,81.1,14.6,2.6,562.9,450,63.3
2926004,66.1,73.8,20.7,3,803,600,42.9
2926103,52.8,65.1,21.8,11.4,765.4,600,44.9
2926202,50.9,73.5,17.3,7.3,697,583.3,46.7
2926301,74.8,74.6,12.6,5.2,934.2,644,37.8
2926400,44.2,87.6,10.1,1.3,720.9,537.3,46.9
2926509,40.9,79.4,13.7,5.4,643.6,482.4,56.2
2926608,63.6,66.4,14.8,14.1,869.5,606,37.2
2926657,44,62.5,23.4,12.4,677.5,550,52.6
2926707,50.3,79.5,12.2,3.3,889,637.5,52.1
2926806,45.9,86.6,11.7,0.5,723.8,570.7,54.8
2926905,51.7,86.4,10.9,1.8,739,584.8,56.3
2927002,69.8,71.5,18.6,6.2,749.6,550,39.7
2927101,79.2,65.3,15.7,15.3,697.6,500,37.2
2927200,78.3,71,13.8,7.8,819.1,604.8,39.1
2927309,96.8,37.3,27.3,23.5,675.3,453,54.6
2927408,100,44,24.3,18.5,1770.4,887.5,26.5
2927507,46,69.4,19.1,7.8,722.3,544.8,46.5
2927606,34.6,83.8,8.4,6,578.6,444,52.5
2927705,79.5,38.5,32.7,19.5,1012.3,700,28.6
2927804,88.3,56.1,19.4,21.1,739.8,606,48.3
2927903,88.1,60.9,20.9,13.3,883.2,616.7,42.7
2928000,64.1,65.5,18.1,12.1,750.5,570.7,38.9
2928059,60.2,57,27,11.3,770,600,36.7
2928109,64,69.3,18.5,8.3,954.9,606,36.4
2928208,56.3,84,11.8,3,777.8,550,49.6
2928307,23.5,70.2,18.3,8.3,741.4,566.7,52.6
2928406,64.3,79,15.5,2.9,771.1,537.3,49.7
2928505,28.6,75.6,13.6,5,708.9,550,49.1
2928604,77,52,21.8,15.5,787.7,580,41.9
2928703,89.5,50,28.3,15.4,1214.8,803,22.2
2928802,66,66.6,21.4,8.5,816.5,606,34.8
2928901,52.1,66.9,23.4,7.6,921.7,642.4,25.9
2928950,71.6,66.2,16.3,13.6,842.9,725,45.8
2929008,64.5,56,23.9,11.1,759.7,600,48
2929057,75.5,66.1,23.4,6.9,965.8,650,34
2929107,55.1,76,14.2,5.5,792.5,600,47.3
2929206,93.4,46.9,27.5,18.2,794.4,553,35.2
2929255,63,72.1,13.5,11,689.5,533.3,45.7
2929305,72.9,64.6,23.5,8.7,898.4,633.3,34
2929354,85.4,43.6,28.8,24.8,764.6,604,45.7
2929370,71.4,58.9,23,13.6,711,562.3,49.9
2929404,39.3,78,14.7,5.5,871.1,700,39.4
2929503,82.4,59.4,21.6,13.5,884.6,606,33.4
2929602,55.7,70.8,18.7,7.4,796.6,606,41.2
2929701,34.2,76.3,13.1,8.7,665.7,500,47.3
2929750,97.7,44.9,24.5,17.9,728.1,570.7,51.3
2929800,57.4,67.8,15.9,12.3,828.2,606,49.8
2929909,54.1,73.5,15.1,7.7,893,606,36.6
2930006,43.3,69.5,28.8,1.1,723.6,560,55.4
2930105,83.5,65.2,20.8,7.8,1035.9,606,32.8
2930154,53.5,61.7,29.4,7.6,748.4,533.3,41.5
2930204,65.9,64.7,21.7,11.8,604.6,433.3,44.6
2930303,37.9,84.9,13,0.9,736.1,550,53.1
2930402,46.9,79.5,14.6,4.2,726.8,600,51.9
2930501,66.4,68.5,15.9,8.1,924.5,624.8,34.7
2930600,70.1,55.2,26.5,16.5,815,614,48.4
2930709,98,29,37.4,23.5,884.1,633.3,28.6
2930758,55.5,68.2,21.5,7.6,626.5,500,47.8
2930766,53.6,81.5,6.8,10.4,655,478,52.3
2930774,90.2,54.5,25.4,18.2,846.2,600,31.5
2930808,39,89.5,6.9,2.4,634,484.8,54.5
2930907,36.1,87.1,10.2,2.5,655.9,484.8,49.6
2931004,44.2,80.1,8.5,1.7,716.2,533.3,47.9
2931053,53.3,93.8,5.4,0.4,672.3,482.4,54.6
2931103,75.5,74.9,13,7.7,790,600,45.4
2931202,46.8,62,25,8.6,725.7,566.7,43.1
2931301,74.4,72.8,13.5,10,638.2,434,46.3
2931350,97.1,43.7,36.4,13.8,1204.7,806,23.6
2931400,82.2,54.2,18.8,21.6,773.1,606,45.2
2931509,41.9,76.6,13.1,7.1,794.2,569.5,44
2931608,33.9,72.6,17,7.6,818.8,600,33.7
2931707,89.6,52.4,21.9,18.7,797.7,606,47
2931806,26.4,78.4,16.9,3.4,667.3,533.3,62
2931905,53.6,64.6,14.4,18,798.2,600,47.6
2932002,47.7,80,14.7,4.1,702,537.3,57.4
2932101,49.4,63.1,24.8,9.2,759.9,575,47.3
2932200,89.7,43.7,31.1,20,979.4,606,36.4
2932309,89.2,41.7,31.6,21.4,768.4,537.3,39.1
2932408,65.9,58.7,11.4,23.4,871.4,637.3,44.7
2932457,61.5,58,30.1,9.2,641,483.3,44.1
2932507,67.4,42.5,30.9,21.5,926.3,637.3,39.5
2932606,41.9,73.7,22.6,2.3,970.2,710,41.5
2932705,77,43.1,27.5,23.4,975.7,675,33.1
2932804,72.9,67.3,16.1,13.1,743.5,550,45.2
2932903,73,47.3,27,15.7,935.6,646.3,34.3
2933000,66.1,66,18.8,11.2,868.3,700,41
2933059,54.2,69,16.4,12.1,635.3,500,58.4
2933109,67.8,70.3,22.1,6.9,759.5,566.7,51.1
2933158,70.4,57.1,24.3,15.2,676.1,575,49.7
2933174,43.2,77.9,12.5,5.1,679.7,533.3,48.6
2933208,97.4,44.6,26.8,17.8,953.8,606,45.3
2933257,49.9,70.9,23.1,4.5,798.6,606,42.3
2933307,90.2,50.9,29.7,11.8,1310.9,808,22.7
2933406,71.6,61.4,22.8,12.2,680.6,525,42
2933455,51.7,81.7,11.6,4.4,804,600,43.7
2933505,47.8,41.2,28.8,28.3,602.2,475,42.5
2933604,77.6,67.5,17.1,10.5,761.5,537.3,40.6
3100104,70,75.3,18.2,4.2,1435,1200,26.6
3100203,89.4,73,16.5,3.4,1439.1,1200,26
3100302,61,86.1,10.7,1,1100.7,808,32.9
3100401,72.5,73.9,21,2.4,1142.1,974.7,36
3100500,50.6,62.1,32.2,4.3,890.7,650,44.2
3100609,53.6,71.4,25.8,1.5,872.4,675,37.5
3100708,78.3,74.1,16.6,4.8,1631.9,1212,27.5
3100807,78.2,69.1,25.4,1.9,1383.4,1050,32.1
3100906,78.6,65.2,27.8,4.3,991.2,750,38.6
3101003,73.7,63.9,28.3,5.7,783.8,610,39.4
3101102,81.6,40.8,46.2,9.4,1341.4,942.4,32.2
3101201,50.2,81.7,8.4,4.4,1650.8,1212,30.6
3101300,52.5,69.4,23,5.8,1327,1106,32.4
3101409,71.4,68.1,25.1,4.3,1222.9,1000,29.1
3101508,94.8,50.2,33.5,5.7,1372.3,956,33.2
3101607,94.9,70.2,19.1,4.7,1745.4,1212,22.8
3101631,70.2,90,6.2,1.5,1133.9,904,28.3
3101706,84.9,64.7,24.7,6.8,1088.4,756,33.6
3101805,82,52.7,36.6,7.8,1077.7,900,33.5
3101904,82.8,85.5,11.8,1.7,1427.8,1130.3,27.8
3102001,75.5,84.5,12.7,1.1,1244.8,1000,27.5
3102050,80.4,25.4,63,9.4,1118.1,937.3,27.5
3102100,52.6,92.1,5.6,1.4,945.9,762.4,51.1
3102209,53.2,67.8,28,3.4,961.7,803,43.3
3102308,76.7,84,13.2,1.1,1234.1,1000,36.2
3102407,44.8,80.9,17.6,0.5,798.2,606,30.6
3102506,56.1,77.2,18.3,3.4,1119.8,881,46.5
3102605,78.1,69.2,23.7,3.3,1827.8,1296.7,21.5
3102704,64.7,82.5,13.7,2.9,704.8,571.4,55.4
3102803,83.5,83.2,14.2,1.3,1272.1,884.8,35.8
3102852,58.6,62.5,34.8,1.7,978.9,736,30
3102902,75.2,83.8,10.8,1.7,1252.2,1000,32.1
3103009,51.4,57.6,34.1,6.9,1006.5,808,29.6
3103108,69.6,73.8,17.1,3.2,1266.3,1150,43.6
3103207,78.4,78,13.6,3,1095.1,866.7,32.7
3103306,83.3,87.3,11.1,1.4,1076.4,937.5,52
3103405,74.3,80.9,15.2,1.9,1140.9,800,34.8
3103504,94.4,59.6,29,4.5,1693.4,1212,24
3103603,91.9,80.7,12.9,3.6,1178,950,38.5
3103702,42.5,79.7,17.5,1.8,835.2,670.7,38.2
3103751,96,59.5,24.8,8.5,1606.4,1212,17.7
3103801,78.9,84.5,13.5,1.3,1770.7,1266.7,25
3103900,85.8,85.6,10.9,1.3,1656,1212,24.7
3104007,98.3,61.5,19.4,7.4,1896.3,1300,22.7
3104106,89.3,60.6,25,4.8,1387.1,1200,28.8
3104205,95.4,71.8,21.2,3.8,1485.3,1200,25.2
3104304,87.9,77.3,18.6,1.6,1355.3,1004,29.9
3104403,80,71.2,20.3,4.3,1184.3,850,42.6
3104452,50.2,72.2,21.8,2.8,936.9,737.3,40.1
3104502,66.4,74.7,22.1,1.6,1080,800,34.4
3104601,89.7,66.4,23,3.6,1207,1006,31.5
3104700,58.9,66.4,30,2.2,850.7,650,45.1
3104809,63.7,73.9,22.7,1.4,992.2,806,40.3
3104908,79.3,63.4,30.2,3.2,1269,980,33.5
3105004,75.9,69.7,15.2,2.5,1121.9,906,41.2
3105103,87.8,80.4,13,3.1,1499.5,1200,28.7
3105202,54.4,78.9,13.4,3.3,903.6,705,48.9
3105301,91.1,78.5,16.7,2.2,1440.3,1204,22.2
3105400,95.3,72.8,20.1,2.9,1539.8,1160.7,22.6
3105509,80.6,75,16.1,5.6,1031.6,808,44.6
3105608,92.1,81,10.5,3.2,1598.8,1106,33.9
3105707,64.1,84.5,13.1,1.4,1180.3,942.4,41.5
3105905,97.2,77.3,17.4,2.9,1232.1,870.7,32.8
3106002,97,63.8,31.2,2.6,1242.6,956,31.7
3106101,58.2,75.3,15.7,3.5,1338.5,937.3,41.1
3106200,100,53.1,27.3,9.8,2748.9,1441,23.4
3106309,85.4,44.7,40.1,12.3,958.7,750,30.4
3106408,50,77.5,16.4,4.3,1300.7,1000,33.2
3106507,46.4,78.5,18,1.9,907.5,742.4,47.2
3106606,59.1,61.6,23,2.3,697.8,600,43.3
3106655,80,76.7,19.6,3,764.9,606,43.7
3106705,99.5,43.3,38.9,9.9,1399.7,1070.7,20.4
3106804,46.3,85.4,11.7,1.4,1000.6,793.5,41.9
3106903,95.3,57.1,28.8,5.5,1467.7,1061.2,36.9
3107000,72.2,82.6,15.5,0.6,1325.9,1070.7,41
3107109,87,78,15.1,2.2,1439.6,1000,26.2
3107208,49.2,77.2,11.2,6.8,1391.5,1033.3,31.7
3107307,86.5,73.1,21.9,2.3,1035.3,800,30.9
3107406,94.4,77.7,16,3.6,1786,1213,27.2
3107505,89.7,82.1,14.5,1.5,1164.2,928,32.8
3107604,77.4,78.4,14.6,4.4,1448.7,1154,27.3
3107703,59.9,77.1,19.1,1.9,1079.9,870.7,34.6
3107802,70.9,68.5,23.3,5.9,1035.4,808,43.2
3107901,55.4,86.6,10.7,2,1274.2,1000,21.6
3108008,87.5,83.4,13.1,1.4,1366.3,981,31
3108107,52.7,84.5,12.5,1.4,1304.8,1053,39.6
3108206,69.6,74.4,16.8,4.8,1492.6,1173,29.3
3108255,37.7,83.7,14.8,0.8,706.4,540.5,47.6
3108305,81.8,78.1,17.9,1.7,1531.5,1212,27.8
3108404,77.3,74.7,21.9,1.3,1402.3,1166.7,27.8
3108503,60.8,68.2,26.9,2.8,760.1,604,48.1
3108552,90.7,69.6,24.8,1.6,1225.7,928.6,24.9
3108602,71.7,80.7,16,2.2,922.5,650,38
3108701,62.4,91.2,8,0.4,926.2,808,51.6
3108800,37,68.1,26.9,2.7,847,606,52.3
3108909,62.5,88.3,7.2,1.8,1252.1,943.8,36.2
3109006,85.4,66.8,20.7,6.1,2128.2,1333.3,29.4
3109105,49.5,81.6,11.6,4,1501.7,1202,27.5
3109204,81.1,80.9,11,4.1,1087.4,805,37.1
3109253,46.4,66.3,29.5,1.3,847.7,606,50.9
3109303,77.1,68.9,23.1,5.2,1128.1,808,28.4
3109402,91.2,61.5,27.5,8.1,923.8,727.2,27.9
3109451,80.4,69,24.2,3.1,1418.6,1056,28.8
3109501,62.8,74.9,22.8,1,1264,1076,29.2
3109600,93.5,75.7,18.7,0.9,1394.9,1170.7,37.1
3109709,67.5,83.8,12,2.3,1210.2,1070.7,33.7
3109808,87.5,63.5,24.4,7.1,1536.1,1212,32
3109907,76.7,70.7,19.9,4.7,1269.5,1000,31.5
3110004,89.8,75.5,17.4,3.7,1288.6,969.6,26.8
3110103,54,55,33,9,932.5,765.5,38.4
3110202,55.9,74.1,21.6,2.8,1007.8,806,36.8
3110301,63.2,74.5,16.7,2.9,1496.5,1200,28.8
3110400,56.2,93.3,4.3,1.2,989.8,928,40.6
3110509,71.9,66.1,23.4,4.5,1544.5,1200,18.4
3110608,85.1,68.7,22.4,5,1743.8,1250,24.2
3110707,82.8,77.7,14,4.5,1375.2,1003,33.3
3110806,85,77.9,18.2,2.9,957.6,792.6,36.8
3110905,87.4,75.7,19.5,2.4,1448.9,1100,28.3
3111002,61,73,23.5,1.7,1278.7,1104,23.6
3111101,77.3,81.4,10.3,3.4,1558.2,1212,28.5
3111150,58.2,78.5,19.8,1.3,831.7,640,47.4
3111200,96.1,62.7,31.6,2.4,1379.8,1104,28.3
3111309,84.1,73,19.2,3.8,1167.5,900,34.4
3111408,83.1,55.3,16.3,10.1,1420.6,1067.3,18.2
3111507,90.8,64.6,26.2,5.8,1463.9,1009.8,22.5
3111606,73.8,81.5,14.5,1.6,1282.6,904,26.4
3111705,46.9,88.5,9.5,0.7,999.3,808,41.9
3111804,91.3,73.6,18.3,2.5,1330.4,1075,27.8
3111903,85.6,64.3,33.3,1.5,1163,909,37.2
3112000,77.8,82,13.5,1.5,1219.1,1056,33
3112059,65.1,72.4,23.2,2.6,940.2,700,35
3112109,49.1,53.1,38.8,6.9,986.3,808,29.8
3112208,55,92.4,5.4,1.2,1032.9,808,51.2
3112307,82.2,71.1,22.6,4.7,1211.2,853,23.6
3112406,87.2,80.4,14.3,2.3,1133.5,1000,26.4
3112505,95.5,60.4,31.6,4.5,1306.8,1000,29
3112604,95.1,60.3,24,8.3,1337.5,1100,25.9
3112653,76.1,61.8,28.8,7.7,1030.2,875,42.5
3112703,86.3,75.2,20.9,2.5,885.3,682.4,30
3112802,77.6,70.4,22.4,3.1,1679.3,1225,20.8
3112901,56.2,66.9,26.6,5.1,1119.8,808,29.6
3113008,50.6,73.8,22.6,2.4,710.9,503,56.6
3113107,43.2,82,14.6,1.2,1026.5,820,44.5
3113206,80,77,17.4,2.1,1152.8,864,29.8
3113305,83.7,58.2,26.6,8.3,1342.7,1000,34.5
3113404,83.9,62.6,29.7,4.8,1369.6,1004,28
3113503,88.1,82.2,13.9,2.3,1075.9,906,36.7
3113602,75.5,66.9,27.2,1.1,1366.6,1100,26.2
3113701,68.8,71.6,20.2,2,1052.3,800,33.2
3113800,48.5,63.3,29.3,3,1123.4,903,36.2
3113909,77.4,77.7,16.1,2.1,1219.4,933.3,25.4
3114006,84.7,85.6,10.2,1.8,1422.5,1200,32.2
3114105,78.6,71.1,21.8,3.5,1189.7,844.8,32.4
3114204,90.8,81.3,10.9,2.3,1484.9,1212,24.2
3114303,88.8,79.7,15.2,2.4,1498.4,1200,24.6
3114402,76,82.8,13.4,1.2,1360.1,1100,29
3114501,85,81.6,14.4,1.8,1381.3,1141.3,24
3114550,79.8,65,21.2,6.9,1588.8,1212,21.8
3114600,71.7,77.9,10.6,7.4,1610.2,1120,35.1
3114709,74.3,69.7,24.3,2.9,1425.3,1212,32.2
3114808,64.2,83.9,11.3,2.4,1190.3,900,35.3
3114907,54.1,85.6,12.9,0.4,1418,974.7,27.5
3115003,68.7,73.2,23.5,1.7,1254.7,1104,36.7
3115102,86.8,73.6,17.9,2.2,1332.1,1100,31
3115201,72.4,89.1,9.3,1.1,1325.5,956.8,36.9
3115300,96.1,61.3,26,3.9,1422.5,1053,32.7
3115359,88.6,66.2,26.9,3.9,1448.8,1142.4,26.3
3115409,48.7,92,6.6,1,911.8,756,41.4
3115458,45.6,76.6,19,2.6,827.4,606,40.9
3115474,60.1,84.2,12.8,1.8,743.4,604,53.3
3115508,98.2,61.6,28.3,4.1,1615.7,1075,36.3
3115607,88.5,76.1,20.6,2,1156.1,1100,44.5
3115706,85.1,43.4,45.7,7.7,1098.1,804,45.4
3115805,95.7,63.4,22.4,4.7,1367.5,927,27.7
3115904,74.3,69.5,22,3.1,1295.5,1000,38.2
3116001,61.1,48.3,45.1,5.8,950.6,800,39.7
3116100,43.6,80,18,1,981.7,822.7,42.1
3116159,69.1,77.3,20.5,1.1,1117.6,750,23
3116209,75,60.3,37.1,0.6,1156.1,933.3,42
3116308,60.8,92.3,6.2,0.8,824,625,53.6
3116407,53.7,74.2,17.9,3.6,1209.5,1116.7,29.2
3116506,73.3,76.6,16.9,4.7,861.3,700,48.8
3116605,88.3,84.7,10.4,1.6,1520.1,1212,19.8
3116704,77,78.5,15.7,3.4,1226.6,1027.3,37.9
3116803,49.3,77.1,17.9,3.2,955.2,706,39.9
3116902,63.3,72.5,19,1.5,1482.7,1208.8,20.3
3117009,47.1,85.7,11.3,2.2,761.4,600,62.6
3117108,68.1,79.1,17.2,1.8,1278.5,1000,26.1
3117207,58,87.9,10.7,0.7,1103.4,1000,29.7
3117306,95.1,56.4,20.5,11.1,1299.7,925,20
3117405,34.9,63,33.4,2,1040.3,906,40
3117504,77.6,74.5,18.9,4.4,1246.6,920,21.8
3117603,39.8,77.6,15.8,3.3,1380.9,1087.2,32.4
3117702,89.9,76.1,19.7,1.8,1256.4,808,34.1
3117801,82.9,77.7,15.3,3.6,1293.5,1008,22.8
3117836,50.1,82.2,16,0.6,703.4,600,55.6
3117876,96.8,61.9,26.5,2.7,1569.7,1166.7,22.5
3117900,75.3,80.1,16.7,1.4,1442.8,1183.3,23.5
3118007,96.7,70,24.2,3.8,1419.4,1100,21.6
3118106,74.8,79.4,15.8,3,958.6,766.7,41.7
3118205,89.8,64.7,14,3.8,1504.9,1200,26
3118304,96.6,73.8,18.3,3.1,1650.1,1212,25.9
3118403,81.8,50.7,41.2,6.5,1260.7,904,34.3
3118502,63,82.2,14,1.5,1271.9,1087.4,39.2
3118601,99.9,48.6,35.8,8.2,1662.9,1212,21
3118700,75.1,83.8,13.4,0.9,1178,859,35.6
3118809,60.9,75.4,20.9,1.3,893.7,662.4,43.2
3118908,61.2,79.8,15.9,1.7,1109.5,904,40.8
3119005,85,80,17.3,2.4,1028.8,808,36.4
3119104,90.9,71.2,23.7,3.1,1046.6,753,40.2
3119203,57.1,73.3,20.2,5.1,1144.8,808,34.7
3119302,83,78.1,15.1,1.9,1675.4,1212,22
3119401,98.2,46.5,41,8.7,1409.3,1059,29.2
3119500,78.9,78.1,18,3.2,801.2,606,47.5
3119609,66.4,73.7,19.3,2.4,1116.3,825,41.5
3119708,56.2,81.3,12.1,4.1,1530.2,1050,32.4
3119807,64.5,74.8,20.9,3.4,1524.2,1212,38.7
3119906,54.5,71.9,19,3.8,1580.1,1212,34.9
3119955,88.6,88.7,8.7,1.3,1374.2,1200,20.7
3120003,67.3,76.4,21.7,0.8,864.1,720,44.4
3120102,91.7,71.7,16.3,8,989.8,806,40.4
3120151,61.4,69.1,25.7,3.4,796.1,600,46.5
3120201,83.4,75.3,21.4,1.1,1226.5,1025,24.8
3120300,59.9,44.4,42,8.3,740.3,537.3,43.2
3120409,81.7,75.4,18.9,3.6,1022.9,775,30.4
3120508,68,78.3,16.7,1.9,1226.3,933.3,26
3120607,67.6,79.5,13.9,2.2,1229,1009,33.6
3120706,82.9,90.5,7.2,1.6,1557.3,1133.3,25.4
3120805,92.7,90.5,6.8,0.7,1260,927.2,29.3
3120839,86.5,34,50.3,12.2,1173,970.7,34.2
3120870,88.4,71.3,22.6,5.6,810.3,633.3,36.3
3120904,92.1,77.1,16.3,3.2,1429.4,1015.5,26
3121001,77.5,74.9,21.5,2.3,862.3,644.8,40.2
3121100,38.6,81.1,14.3,1.7,1261.4,908,33.3
3121209,72.5,69.3,21.1,4.2,1458.4,1066.7,24.7
3121258,96.3,52.2,26.4,14.3,1022,804,22.8
3121308,84.3,76.4,17.8,2.2,1143.4,950,35.9
3121407,57.4,80.4,16.7,1.3,1120.9,1000,37.8
3121506,50.4,95.1,2.7,0.2,928.7,766.7,45
3121605,90.8,71.9,17.3,5.2,1544.4,940.5,29.6
3121704,35.5,82.4,13.8,1.3,920.1,737.3,57.6
3121803,85.6,57.4,30.4,7.1,1053.5,808,41.7
3121902,72.6,80.7,13.3,0.8,1282.6,978,31
3122009,62.8,62.8,27.6,7.5,1200.9,806,32.4
3122108,85.7,46.6,42.6,8.6,1015.3,856,45.7
3122207,85.9,74.2,20.4,4.1,913.3,670.7,34.8
3122306,97.6,73.8,15.4,4.2,1835.1,1250,22.7
3122355,98,56.4,29.2,9.7,847,606,29.5
3122405,83.8,68.8,24.5,3.7,1160.9,927.5,31.7
3122454,81,56.9,30.2,6.5,721.8,600,45
3122470,67.7,74.1,20.5,4.1,1136.6,900,37.1
3122504,89.1,62,28.7,7,1192.5,1000,36.5
3122603,75.2,70.7,25.8,2.2,1029.4,808,33.8
3122702,82.2,85.4,10.4,2.5,1266.4,1043.6,35.9
3122801,40.7,86.7,10.5,0.5,1209.2,938,36.3
3122900,86.4,66.7,26.5,3.1,1113.4,909,29.4
3123007,93.1,87.9,8.2,1.8,1188.9,1004,28.4
3123106,39.3,69.5,28.1,2.2,860.1,725,38.3
3123205,94.4,76.5,16.8,2.8,1495.2,1175,37.1
3123304,56.5,90.2,7.1,0.9,1239.1,870.7,36.7
3123403,80.4,81.6,16.5,0.4,1181.2,1106,27.3
3123502,78,72.5,17.2,2.3,1368.1,1212,31
3123528,48.1,74.9,22.8,1.4,1202.4,875,25.4
3123601,85.2,81.9,14.1,2.6,1354.1,1050,22.7
3123700,75.3,69.9,26.4,1.3,968.6,800,30
3123809,77.9,71.6,20.5,5.2,907.2,727.2,41.9
3123858,78,63.8,26.4,8.1,953,808,43.4
3123908,81,83.8,10.9,3,1410.1,1066.7,27.1
3124005,57.1,85.5,9.7,3.5,1238.5,1003,31.2
3124104,94.9,48.1,37,6.4,1207.1,900,24.2
3124203,65.4,56.6,31.2,6.3,1138.4,900,27.5
3124302,60.9,84.2,12.9,0.9,886.7,670.3,39.9
3124401,48.8,85.3,9.7,3.1,1278.5,1070.7,24.6
3124500,53.4,84,12,1.7,1161.1,1100,27.2
3124609,89.1,68.1,19.4,10.7,988.2,804,44.3
3124708,87.3,85.6,11,2,1428,1212,39.6
3124807,83,66.4,26.5,3.8,1511.4,1212,24
3124906,76,55,36.4,5,1160.5,908,40.8
3125002,95.2,63.1,32,1.6,991.7,825,33.8
3125101,87,58.2,25.3,7.8,1657.5,1333.3,19.1
3125200,70.9,75.2,16.6,1.6,1435.9,1100,40.7
3125309,74.8,60.4,27.8,8.7,1089.6,836,38.7
3125408,53.1,80.9,15,2.3,879.1,719.5,45.9
3125507,66.8,86.1,8,4.2,1029.7,753,42.5
3125606,79.6,73.6,24.1,1.2,906.3,627.3,48.8
3125705,81.9,80.2,12.9,3.7,1319.2,1008,35.6
3125804,71.9,62.8,27.4,3.2,1036.9,775,41.3
3125903,49.5,79.3,17.7,2.4,1059.6,750,45.9
3125952,50,64.3,30.6,3.5,944.8,737.3,36.9
3126000,86.6,70.6,19,5.4,1858.1,1337.3,26.6
3126109,93,73,20.3,2.9,1636.4,1212,25.1
3126208,67.3,75.2,14.3,4.8,959.3,680,38
3126307,72.6,81.5,13.6,2,1390.3,1166.7,33.4
3126406,71.2,73.6,15.8,4.9,1481.3,1004,32.2
3126505,45.9,94.6,4.8,0.5,945.4,662.4,50.4
3126604,77.8,60.9,30.7,3.3,895.8,668.7,35
3126703,66.3,73.7,21,3.9,904.5,642.4,39.3
3126752,49.6,74,21.1,2.2,746,600,44.3
3126802,56.3,65,24.5,5.6,814.4,654,47.2
3126901,78.8,57,36.9,2.4,913.6,766.7,39.2
3126950,27.4,78.7,18.8,2,894.8,724.8,42.2
3127008,94.1,47.5,28.9,18.6,1354.6,1006,26.9
3127057,61.8,81.2,16.8,1.6,831.8,644.8,49.2
3127073,52.7,80.6,16.4,0.8,672.4,537.3,53
3127107,94.5,51.5,27,8.8,1600.2,1200,20.9
3127206,71.6,65.9,26.8,2.8,1229.5,933.3,36.5
3127305,82,46.8,45.1,7.3,1147.4,868.7,35.9
3127339,34.4,81.3,18.1,0.5,723.3,542.4,53.6
3127354,45.8,77.8,20,1.3,894.8,700,45.5
3127370,84.7,53.6,41.4,3.2,1272.2,944.8,29.9
3127388,77.8,69.1,23.3,2.7,1384.5,1120,43.4
3127404,31.3,78.4,8.8,6.5,1786.5,1212,30
3127503,59.5,69.1,26.9,2.7,866.2,650,39.3
3127602,83.2,80,16.9,1.6,1051.1,808,32.2
3127701,96.8,48.5,39.6,6.8,1605.1,1133.3,27.2
3127800,52.8,72.2,24.6,2.1,905,633.3,40.1
3127909,86.6,59,32.6,5.2,1419.3,1212,30.7
3128006,84.3,71.6,20.4,4.4,1379.6,1006,25.3
3128105,68.5,83.8,11.2,2.8,1354.2,1085.7,27.2
3128204,39.5,92,7.4,0.4,939.3,756,43.2
3128253,65.4,80.6,16.2,1.8,925,753,42.7
3128303,91.1,71.3,20.2,4.4,1386.8,1200,25.2
3128402,75,75.7,16.6,2.7,1345.5,1006,34.4
3128501,93,54.7,31.8,6.7,1219.4,970.7,35.7
3128600,59.5,73.3,21.3,3.6,1829.3,1212,16.3
3128709,95.1,68.7,21.6,3,1699.1,1212,25.1
3128808,75.3,66.7,24.1,5.8,1330.9,1166.7,36.5
3128907,82.5,80.7,12.6,5,1410.7,1040.5,23.5
3129004,59.5,79.1,17.1,2.6,1232.2,1070.7,38.3
3129103,49.4,70.2,19.3,2.1,1863.3,1212,27.4
3129202,74.7,84.2,10,1.6,1086.9,850,35.3
3129301,61.6,65.8,21.1,11.2,1057.6,840,40.3
3129400,73.3,89.4,7.4,1.3,1060.9,808,39.7
3129509,83.5,69,20.2,4.5,1577.5,1200,26.1
3129608,82.4,76.5,17.9,0.6,774.2,666.7,41.3
3129657,58,80.8,18.1,1.1,702.5,542.4,56.2
3129707,73.4,80.3,13.2,1.5,1255.1,940,27
3129806,99.7,42.5,42,8.1,1185.5,969.6,19.7
3129905,69.1,66.3,29.9,3.2,1530.8,1212,27.6
3130002,90.1,83.3,13.6,0.4,1286.2,969.6,24.6
3130051,31.1,81.3,15.7,1.5,664.7,404,52
3130101,97.2,45.3,38.2,9.6,1435,1066.7,18.9
3130200,87.9,77.1,18.6,1.8,1150.9,1004,17.8
3130309,86.5,77.8,18,2.7,1573.9,1212,32.1
3130408,88.1,68.2,19.2,6.4,1167.7,950,26.9
3130507,77.5,84.6,12.8,1.3,1201.5,1000,27.3
3130556,38.2,76.7,20.4,2.1,854.2,725,42.4
3130606,56,83.4,13.1,1.6,1353.7,1106,28.8
3130655,43.5,75.4,20.6,3.2,751.5,606,53
3130705,68.4,71.4,17.5,5.6,1534.4,1175,22.4
3130804,65.9,87.4,8.9,0.6,1349.4,1000,26.3
3130903,60.1,80.2,16.4,2.4,1150,875,36.2
3131000,68,72.5,21.1,3.8,1288.3,933.3,28.8
3131109,76.7,79.5,17.2,2,989.4,876.6,37.2
3131158,91.6,38.2,45,14,994.2,824,33.6
3131208,84.4,59.7,31.4,6.2,1163.7,900,34.8
3131307,99.7,43.4,43.3,7.9,1763.6,1212,27.3
3131406,91.9,71.4,19.5,4.8,1429.3,1200,32.1
3131505,74.9,76.4,19.5,1.5,1406.1,1200,22.4
3131604,87.2,72.1,23.2,2.5,1468.5,1125,20.4
3131703,93.5,70.9,22.4,3.1,1619,1166.7,27.5
3131802,80.8,50.8,38.5,8.3,1040.9,800,33.4
3131901,97,72.9,18.8,4.2,1629.7,1233.3,21.3
3132008,36.8,84.2,15.3,0.3,831.2,666.7,48.1
3132107,77.8,59.6,27.1,8.9,765.9,606,37.7
3132206,80.1,76.3,17.2,2.3,1429.5,1212,24.2
3132305,47.3,76,21,2.2,757.2,526.7,41.2
3132404,89.6,64.9,27.1,4.4,1765.1,1200,25.7
3132503,78.2,74.1,22,2.3,1041.1,778,28.8
3132602,84.1,62.3,27.8,5.8,1027.9,808,39.4
3132701,72,76,19.3,2.4,1048.7,737.3,41.5
3132800,56.4,85.2,12.2,1.8,1014,803.3,46.4
3132909,79.3,75.9,17.7,2.5,1412.1,1181,30.6
3133006,75.8,71.4,21.1,4.9,1160.7,939.5,34.8
3133105,84,78.2,16.3,2.6,1483.6,1175,30.6
3133204,77.9,69.3,26.8,2.3,1161.1,866.7,38.6
3133303,78.3,69.9,23.4,4.8,1044.5,800,33.3
3133402,80.5,71.1,17.1,6,1635.2,1200,26.6
3133501,83.5,87.9,8.7,1.1,1320.8,1100,35.1
3133600,70.4,60.8,29.4,4.6,1207.1,1000,28.1
3133709,78.7,70.2,21.8,4.5,1307.9,1070.7,25.6
3133758,97.5,65.3,27.7,2.3,1532.9,1212,28.5
3133808,95.4,74.5,19.2,3,1859.5,1312,19.8
3133907,50.6,88.4,9,0.8,1084.3,825,37.1
3134004,62.2,81.6,14.5,2.8,685,533.3,56.6
3134103,61.6,45.5,44.1,5.8,1287.3,1000,31.2
3134202,96.3,65.7,20,6.1,1700.4,1212,25.7
3134301,86.5,89.6,8.1,0.6,1162.5,870.7,37.5
3134400,96,68.9,20.4,5,1765.1,1212,23.6
3134509,76.5,80.4,13.9,2.4,1471.5,1053,32
3134608,67.9,66.6,25.9,4.2,1322.4,937.3,35.1
3134707,77.4,68.3,22.7,6,903.9,630.3,42.7
3134806,61.7,84,12.3,1.4,1128,908,36.4
3134905,87.4,60.6,33.5,2.8,1537.1,1212,19.9
3135001,76.5,53.6,34.9,6.9,1331.5,1100,37.5
3135050,57.1,66.8,28.4,2.7,865.1,625,23.4
3135076,60.5,66.6,29.6,3.3,912.3,720,41.9
3135100,91.4,74.2,19.1,3.3,1240,847.7,25.8
3135209,67.4,76.2,18.2,1.9,974,656,39.9
3135308,80.9,88.5,10.1,0.3,1480.3,1212,24.8
3135357,45.3,85.2,13.1,1.1,741.5,587.5,51.6
3135407,64.4,84.8,12.9,0.9,1320.6,1175,28.7
3135456,54.1,84.4,12.4,1.4,748,600,47.1
3135506,64.7,80,17.4,1.3,904.7,670.7,43.9
3135605,77.4,69.6,20.6,6.3,954.7,800,42.5
3135704,45.2,71,22.1,2.6,1110.2,906,35.5
3135803,74.5,71.7,21.3,4.8,877.2,606,43.2
3135902,65.2,76.3,20.2,2.3,1172.1,909,35.4
3136009,71.7,67.3,26.3,4.7,767.8,604,45.7
3136108,41.4,65.8,27.9,2.6,1038,928,47
3136207,99.9,65.4,26.9,4.1,1607.1,1212,27.6
3136306,83.7,79.1,18.3,1,1319.2,1000,24
3136405,65.2,68.2,23.5,3.8,982.1,800,40.4
3136504,75.9,59.5,29.2,6,916,680,35.7
3136520,34.9,83.6,14.4,1.3,935.5,750,36.3
3136553,48.4,74.6,21.5,2.9,839.6,737.3,40.7
3136579,67.5,78,19.1,2,729.2,600,49.5
3136603,57.8,68.5,28.1,1,1219,1032.3,31.7
3136652,98.1,53.9,33.7,6.4,1183,944.6,26.5
3136702,98.9,56.8,25.3,7.7,1983.6,1212,31.6
3136801,60.4,75.1,20.4,0.7,885.8,656,43.2
3136900,56.9,72.3,24.5,1.7,1434,1203,20.9
3136959,75.9,69.5,23,6.7,678.5,514.8,46.6
3137007,32.4,75.7,18.7,3.1,759,600,45.4
3137106,70.5,77,20.3,2,1507.2,1200,31.6
3137205,98.5,73.9,21.1,2.6,1462.4,1142,18.4
3137304,78.9,77.7,16.7,4,841,706,40.7
3137403,57.7,90.8,6.9,1.3,1077.4,820,28.8
3137502,80,83.5,11.6,2.2,1516.9,1200,27.6
3137536,80.7,82.9,12.7,1.9,1274.2,1010,26.1
3137601,98.6,54.5,31.4,5.8,2311.4,1404,21.1
3137700,63.6,55.1,36.9,6.5,1298.1,909,28.3
3137809,77.8,65.1,24.6,4,1264.2,906,35.1
3137908,48.2,94.6,4.6,0,991.2,710.4,44.6
3138005,77.4,82.8,12.1,3.4,1210.4,1000,38.9
3138104,59.9,72,18.2,7.4,973.8,806,36.1
3138203,95.6,67.6,19.7,5.8,1886.7,1204,25.5
3138302,71,82.4,11.5,4,1435.8,1200,25.2
3138351,58.4,77.8,19.6,1.8,956.2,800,39
3138401,91.4,60.8,24.5,6.5,1401.7,938.4,32.5
3138500,73.4,84.8,12.5,1,1231.8,874.9,40.9
3138609,84.4,76.7,15.7,4.3,1266.3,920,34.9
3138625,83.8,72.3,20.6,4.1,1567.1,1233.3,19.9
3138658,70.8,75.8,19.6,3,846.8,606,40
3138674,34,64,28.9,5.4,974.3,766.7,29.8
3138682,50.8,86,11.9,1.4,592.9,471,50.3
3138708,76.8,81.3,8,3.2,1304.1,1056,26.5
3138807,92,82.1,14.5,1.3,1754.4,1212,26
3138906,79.6,71.6,24.7,2.4,941.7,744.8,41.8
3139003,83.5,71.2,22.9,2.1,1431.7,1125,23
3139102,80.1,90.2,7.4,0.8,1570.3,1110.9,27.3
3139201,71,77.1,16.1,4.6,972.9,700,37.6
3139250,58.3,90.8,8.2,0.7,796,650,57.3
3139300,69.9,74.2,20.1,3,833.5,606,38.7
3139409,81.6,58.3,32.5,4.2,1343.7,1000,21.9
3139508,80.2,63.1,29.1,4.7,1249.2,950,28.1
3139607,83.5,39.9,46.1,11.3,1387.4,974.7,30.7
3139706,69.8,87.4,10.4,0.8,1202,909,24.8
3139805,95,62.8,26.2,6.1,1304.1,1100,30
3139904,66.8,86.1,11.4,0.9,1275.1,950,28.9
3140001,92.5,70.1,20.5,5.7,1553.4,1089.6,22.2
3140100,83.2,73.4,20,1.9,976.1,800,33.9
3140159,97.1,44.9,42.1,5.2,1367.3,1002.4,19.4
3140209,83.9,64.1,25.8,3.5,1385.3,1114.8,33.8
3140308,69,49.1,37.8,9.9,1319.1,1006,39.6
3140407,52.8,75.4,19.4,3.4,1119.4,704.8,38.3
3140506,86.5,73.3,18.9,4.4,1396.6,1212,24.9
3140530,55.3,59.3,34,5.9,910.7,743.3,30.8
3140555,82.2,57.1,28.1,10.6,860.9,601.3,44.9
3140605,44.6,82.3,15.4,0.9,949.4,772.5,45.4
3140704,93.7,55.5,33.5,4,1176.1,908,26
3140803,94.3,62.7,21.4,5.3,1435.5,1053,35.6
3140852,58.3,72,24.6,1.3,743,603,38.5
3140902,82.4,61.3,29.8,6.7,906.8,670.7,32.7
3141009,74.8,83.4,12.9,1.7,970.1,744.8,38.8
3141108,98.6,59.8,29.9,4.6,1233.5,1000,21.1
3141207,73.8,84.8,11.4,2.1,1804.5,1320.7,27.6
3141306,58.4,84.3,10,2.3,1685.4,1237.3,17.5
3141405,73,77.2,17.6,3,825.3,604,44.3
3141504,60,57,37.5,4.2,1068.8,853,44.3
3141603,75.6,88.3,6.1,1.3,1172.2,908,37.4
3141702,67.3,66.1,27.4,4.9,1148.5,1000,45.1
3141801,50.7,76.1,17.6,2.3,977,784.8,38.8
3141900,92.3,68.3,27,2.3,1349.7,1100,35.5
3142007,81.9,64,31.1,2.9,881.6,628,39.9
3142106,69.4,78.2,19.6,0.8,1079.4,808,39.5
3142205,86.8,60.9,34.5,2.7,1161.7,856,35.1
3142254,47.6,79.6,19.2,0.9,775.3,564.8,48.2
3142304,43.1,73.2,17.6,5.4,1551.8,1170.7,34.1
3142403,92.1,81.5,11.5,2.6,1289.5,1120,27
3142502,68.3,77.7,15.9,5.3,1008.1,803,38.8
3142601,78.9,78,17.6,0.8,1350.5,1000,29.3
3142700,65.4,84.3,12.7,2.3,803.1,575,43.5
3142809,81.4,59.1,21.9,9,1418.6,1040.5,33.5
3142908,62.5,78.5,19.5,1.3,951.1,706,42.5
3143005,73.2,83.3,14.3,1.2,1358.2,1200,29.4
3143104,92.6,63.7,26.9,4,1490.7,1200,22.2
3143153,38.9,71.4,23.8,4.6,590.2,475,51.2
3143203,82.7,71.4,17.8,3.6,1325.9,1050,30.7
3143302,95.9,62.5,28.8,4.5,1517.6,1000,22.4
3143401,84.3,73.2,21.7,2.2,1480.8,1212,18.1
3143450,48.3,82.1,14.7,1.5,840.4,606,40.4
3143500,78.8,67.6,19.6,6.9,1429.8,1204,23.3
3143609,65.9,81.6,12.7,4.9,1035.1,808,35.9
3143708,83.5,90.7,8,0.1,866.3,675,45.6
3143807,52.2,67.2,26.5,3.4,1281,1026.7,26.1
3143906,94,53.3,35.6,6.6,1569.1,1150,26.1
3144003,54,54.2,34.5,9.3,1238.2,909,29.7
3144102,77.4,75.8,15.4,3,1798,1212,24.5
3144201,67.9,66.7,27.1,5.7,889.6,606,49.2
3144300,95.3,50.6,34.6,9.8,1211.1,822.4,29.1
3144359,95,40.7,33.8,15.5,923.2,722.4,30.3
3144375,74.7,73.6,20.8,3.8,1143.4,990,23.7
3144409,68.6,88.2,7.9,2.1,1484.3,1200,33.2
3144508,80.3,84.4,12.9,0.9,1296.3,906,29.1
3144607,83.4,79.6,16.6,2.1,1284.4,960,27.1
3144656,34.3,76.3,19.8,2.5,854.3,644.6,40.9
3144672,47.1,52.9,37.7,8.1,924.7,756,39.8
3144706,91.3,65,28.6,3.7,1342.8,1006,33.4
3144805,99.5,62.3,22.3,7.6,4299.9,1650,15.5
3144904,66.5,65.7,28,5.3,1067.6,802,34.6
3145000,92.7,55.5,28.2,11,1505.8,1178,17.5
3145059,55.5,81.3,15.8,1.5,867.3,737.3,32.9
3145109,58.2,79.4,17.3,1,1312.4,1070.7,23.8
3145208,98,58.3,31.1,6.4,1430.9,1212,9.9
3145307,44.8,79.7,16.8,1.8,783.6,560,45.5
3145356,59.7,66.6,28.9,3.8,834.1,604,45.8
3145372,67.6,76.1,21.8,2,807.5,625,49.8
3145406,58.6,85.3,11.1,1.8,960.8,808,42.7
3145455,65.9,54.2,23.7,4.1,939.6,720,32.4
3145505,90.1,81.6,14.2,1.2,1089.9,850,41.1
3145604,92.4,82.7,12,2.4,1428.7,1070.7,30.7
3145703,60.2,89.1,7.9,2,1134.4,866.7,41.3
3145802,57.1,81.6,15.3,1.2,1216.4,974.7,26.5
3145851,73.1,67.1,27.1,4.7,1169.9,916.7,30.1
3145877,36.5,63.4,32.4,3,923.6,740,35.7
3145901,91.3,66.4,23.1,5,1833.1,1250,24.4
3146008,79.1,67.9,25.7,3.1,1461.2,1200,31.4
3146107,90.6,77.7,12.7,6.1,1611.5,1100,23.5
3146206,65.4,56.4,32,7.2,835.9,604,45
3146255,62.1,82.4,16.6,0.2,707.5,565.2,43
3146305,70,65.4,29.9,2.9,829.1,606,40.5
3146404,81.9,72,20.5,3,1322.8,1053,41.1
3146503,88,85.1,12.9,0.7,1405.9,1212,25.9
3146552,37.3,77.9,18.5,3.2,752.7,606,48.3
3146602,79.6,87.3,8,3.2,1334.3,1093.3,41
3146701,83.5,74.7,18.2,5.2,1296.8,918.5,42.3
3146750,74.6,74.1,21.6,1.9,795.8,606,42.3
3146909,86.1,87.8,8.9,1.5,1141.6,909,21
3147006,89.4,63.9,26.2,4.9,1559.8,1102.8,18.3
3147105,95,77,16.2,2.7,1716.6,1212,20.4
3147204,84.2,82.4,13.6,1.5,1407.2,1200,25.3
3147303,84.7,83.8,8.8,3.5,1498.2,1180,28.5
3147402,86.5,73.7,20.1,3,1220.6,967.2,30.5
3147501,58.6,84.2,15,0.3,1171.7,950,46
3147600,89.5,78.2,13.4,5.5,1257.2,926.7,29
3147709,82,88.2,9.2,0.7,1242.1,1004,31.1
3147808,67,78.6,18.2,1.7,1285.9,904,36.2
3147907,96,70.4,21.4,3,1683.4,1204,26.1
3147956,51.4,70.2,27.1,2.7,744.9,579,46
3148004,93.8,71.2,18.9,3.4,2004.6,1356.3,21.7
3148103,90.4,68.3,23.7,3.8,1660.5,1212,18.4
3148202,83.1,71.1,22,3.1,1451.7,1099,36.3
3148301,58.2,81.4,14.3,2.5,1095.6,822.7,42.4
3148400,57.3,84.7,12.6,1.5,1000.9,732.5,37.2
3148509,62.3,71.1,16.3,9.6,804.5,646.3,52
3148608,57.9,79.8,17.9,1.5,982,700,36.4
3148707,90.3,72.3,19.9,3.7,900.2,603,35.9
3148756,31.6,54.3,36.9,8.3,802.1,604.8,36
3148806,67.9,76.8,18.6,3.3,1138.3,850,51.7
3148905,53.1,88.5,9.8,1.3,1187,1000,30.3
3149002,74,60.3,27.9,8.2,1010,856,41.9
3149101,49,89.9,6.7,1.8,1200.5,904,35.2
3149150,59.7,72.1,23.5,3.6,777.7,600,48.3
3149200,87.2,79.2,14.8,3.3,1741.6,1237.3,25.4
3149309,97.3,57.2,28.6,3.8,1581.3,1184.5,24
3149408,69.7,80.1,13.9,4.3,1111.6,903.2,40.9
3149507,95.2,58.6,30.2,8,1306.6,1070.7,60.1
3149606,74.1,74.8,20.3,2.8,1495.7,1212,30.7
3149705,88.2,70.9,23.8,3.7,1374.9,1212,19
3149804,78.5,66.4,16.5,4.3,1572.1,1210,15.3
3149903,90.1,70.4,25.5,1.6,1430.6,1200,26.3
3149952,73.5,36.2,45.3,17.5,873.9,722.7,34.9
3150000,82.6,77.7,18.7,2.9,965.5,642.9,49.2
3150109,59.3,80.1,13.1,1.9,1225.9,965.3,39.1
3150158,65.7,58.7,33.8,6.5,1075.9,834.3,29.3
3150208,84.3,72.8,24.8,1.7,1126.6,904,33.2
3150307,80.5,89.7,7.9,1.7,1286,1000,38.6
3150406,53.9,83.3,12.5,2.1,1087.1,927.2,41.7
3150505,85.8,84.2,9.1,3.5,1514.5,1212,27
3150539,88.2,53.4,34.8,11.1,929.1,706,35.8
3150570,45.9,86.6,11.3,1.1,795.9,620,43.9
3150604,53.9,80.5,15.8,1.4,1357.4,1093.3,31.4
3150703,97.1,68,18.8,4.5,1418.8,1115,21.7
3150802,42.5,89.1,9.4,1,970.7,731,44.4
3150901,34.3,86.4,11,1.8,1241.2,904,36.2
3151008,65.3,79.4,15.2,1.3,1409.4,1106,23.9
3151107,89.9,52.4,36.6,8.3,1353,1000,24.3
3151206,98.1,59.5,30.7,5.6,1339,906,25.4
3151305,83.6,74.2,18,3.5,1245.5,975,36.5
3151404,89.3,76.2,20.3,1.9,1309.3,1025,25.5
3151503,93.6,69.7,21.5,2.5,1708.8,1212,22.2
3151602,97.2,49.2,33.8,10.9,1330.6,1050,26.2
3151701,59.7,86.7,9.8,1.7,1458.5,1200,30
3151800,97.8,60.1,26.4,5.8,1994.5,1374.7,23.4
3151909,66.1,60.7,32.8,5.3,1001,803,41.9
3152006,89.6,74.5,15.4,5.9,1419,1037.3,23.1
3152105,91.5,69.8,21.2,2.8,1524.5,1075,25.9
3152131,73.2,76.9,18.1,3,788.6,606,35.2
3152170,45.8,75.3,21.7,2.4,685.3,529.5,51.2
3152204,56.3,77.4,17.9,2.7,948.3,678.3,37.8
3152303,57.1,85.3,10.5,3.3,950.4,800,40.2
3152402,63.5,69.3,22.8,4.8,840.8,604,45.8
3152501,91.7,64.8,23,5.2,1875.3,1250,18.9
3152600,54.8,76.5,19.5,1.3,1248,1000,41.4
3152709,72.2,89.5,6.3,2.9,1246.4,969.6,28.5
3152808,81.5,65.3,16.9,7.8,1557.7,1200,18.1
3152907,86.6,77.5,15.2,3.7,1441.2,1200,36.2
3153004,58.5,61.3,16.1,1.3,1414.6,1007.3,25
3153103,38.6,92.7,6.4,0.7,1065.4,808,48.1
3153202,50.8,83.3,13.4,1.4,1096.8,808,35.9
3153301,74,78.7,18.7,1.7,842.7,606,28.4
3153400,77.3,71.4,10.9,4.5,1444.2,1212,29.9
3153509,59.4,46.5,45.8,5.4,1163.6,904,35.5
3153608,95.4,56.6,28.6,6,1218.8,931.8,25.2
3153707,84.9,79.3,16.2,2.8,1266,969.6,37.2
3153806,54,86.9,10.8,1.1,1421,1074.7,35.2
3153905,98.4,59.4,32.8,4.2,1370.1,1100,23.8
3154002,68.6,77.8,17.1,3.3,1124,900,41.6
3154101,92.2,66.5,23.4,5.6,1221.3,1008,41.4
3154150,59.6,63.9,29,5.6,1143.4,900,25.6
3154200,82.3,83.8,9.8,2.1,1361,969.6,31.3
3154309,75.8,41.4,38.6,15,1045.7,800,37
3154408,70.4,92.4,5.9,0.6,1235.8,925,31.7
3154457,61.3,81.7,14.5,1.7,1056.9,870.7,38.2
3154507,55.8,72.5,22.2,3.8,858.8,706,36.8
3154606,99.1,40.8,40.6,11.1,1127,906,21.1
3154705,92.5,77.4,19,1.5,1337.9,1125,34.9
3154804,93,57.1,31.6,5.8,1428.1,1100.8,22.6
3154903,87.4,78.8,17.7,2,1235,904,32.4
3155009,66.3,80.9,15.8,2.3,1332.9,1022.5,29.5
3155108,71.6,74.8,21.9,2,839,622.4,48.8
3155207,46.1,90.3,8.1,0.9,959.9,800,47.8
3155306,70.5,74.4,18.2,3.2,1284.4,1150,35.1
3155405,86.1,76.3,16.9,2.5,1292.5,969.6,38
3155504,77,82.4,11.7,3,1446.3,1042.4,24.8
3155603,42.5,78.5,18.5,2.1,805,604,40.9
3155702,84.5,72.7,22.9,2.1,1311.8,1000,32.6
3155801,87.6,77.8,12.6,5,1509.6,1012.5,34.9
3155900,81.2,77.3,15.5,4.3,1203,900,39.6
3156007,49.6,78.7,17.4,2.4,904.3,664.8,44.8
3156106,72.1,85.6,7.9,3,1335.2,974.7,36.9
3156205,93.5,65.9,26.6,3.3,1125.9,937.5,34.5
3156304,93.4,64.3,24.7,5.1,1186.6,981,23.7
3156403,76.1,84.3,12.6,2.4,1291.7,1095,25.4
3156452,56.1,75.9,17.6,4.6,1075.9,969.6,32.3
3156502,58.2,90.5,8.4,0.8,829,606,58.2
3156601,80.8,71.3,19.2,6.5,812.9,605.5,43.4
3156700,98.8,48.5,36.6,8.3,1462.1,1125,24.4
3156809,68.6,76.3,20.9,1.2,984.7,779.3,39.1
3156908,87,64.8,9.7,6.1,1829.5,1212,19.5
3157005,84.1,78.3,17.2,2.7,1106.5,747.2,34.7
3157104,84.1,55.1,25.6,16.4,810.4,606,37.5
3157203,93.7,72.3,21,4.3,1324.2,973,20.9
3157252,53.5,67.8,25.1,5.5,1083.7,909,31.5
3157278,64.6,75.9,19.2,2.3,953.4,750,37.4
3157302,53.5,90.7,7.7,1,1035.7,875,35.5
3157336,100,71,19.9,5.3,1112.3,909,27.3
3157377,50.1,90.7,6.8,1.6,783.4,606,54.3
3157401,37.9,80.4,17,2,912,779.5,50.8
3157500,73.3,65.3,23.8,10.1,915.1,760,42.3
3157609,61.1,78.9,17.7,1.1,924,727.2,40.9
3157658,60.4,60.1,20.4,2.5,673.3,478,50.4
3157708,92.9,70.8,16.4,8.1,1600.9,1212,14.4
3157807,98.8,44.2,38.5,9.7,1305.7,981,24
3157906,55,61.3,34,3.4,933.1,684.8,32.8
3158003,64.3,79.3,19,1.2,1194.3,904,33.4
3158102,70.6,60.7,26.8,8.7,791.9,606,52.6
3158201,79.1,83.6,14.3,0.9,1032.7,780,37.4
3158300,84.3,80.4,16.4,1.2,1385.2,1212,26.6
3158409,86.2,67.2,23.6,5.7,1005.3,909,41
3158508,44,88,10.4,0.5,910.4,706,44.8
3158607,70,61,29.2,6.7,1164.4,924.8,33.7
3158706,78.1,91.1,7.9,0.4,1087.4,866.7,38.9
3158805,98.2,78.9,18.5,1.5,1217.3,1066.7,34.8
3158904,47.3,72.5,20.6,5.1,829.2,606,39.1
3158953,97.4,45.7,41.8,5.1,1389.4,1053,23.3
3159001,65.5,67.2,19.3,9.7,1345.6,1000,28.3
3159100,63.7,84.6,11.7,0.6,938.1,768.7,44.6
3159209,63.8,83.4,11.4,2.3,1494.5,1200,30.3
3159308,78.9,85.2,11.4,1.1,1178.7,904,41.9
3159357,71.5,60.9,33,4.1,1018.2,808,34.5
3159407,68.3,92.8,6.6,0.5,965.3,746,39.2
3159506,46.6,58.8,31.1,8.5,1088.9,870.7,33.8
3159605,89.6,72.2,17.9,3.7,1701.7,1212,20.5
3159704,86.6,63.5,26.1,8.6,1205.4,944.3,27.4
3159803,85.9,65.7,22.4,5.1,1529.6,1200,23.9
3159902,90.9,83.3,13.6,0.9,1176.1,937.5,31.3
3160009,81.3,75,15.7,6.5,1154.4,1008,36.6
3160108,87.1,83.2,12.9,2.8,1170.3,928,36.7
3160207,33.8,80.7,16.6,1.7,719.2,500,49.9
3160306,64,66,26.3,6,721.8,600,49.6
3160405,89.1,83.8,13.3,1.2,1404.2,1125,19.7
3160454,30,78.2,19.5,2.1,763.1,606,50.8
3160504,58.7,89.1,8.9,1.2,1420.4,909,33.6
3160603,76.2,74.8,16.8,5,1070.6,756,52.5
3160702,93.4,70.1,22.1,3,1222.9,903.4,38.5
3160801,92.1,71.7,23.7,3.1,1108.1,875,24.6
3160900,92.3,78.1,14.4,3.1,1526.2,1210,21.9
3160959,49.3,84.1,13,2.6,1159.9,844.8,30
3161007,69.4,78,16.7,2.2,1153.1,875,38.9
3161056,73.4,39.7,52.1,7.2,1061.2,807.2,36.4
3161106,70,81.1,15.6,1.4,813,570.7,40.7
3161205,79.7,84,14.2,0.5,1205.1,1000,32.2
3161304,79.5,77.1,16.3,2.3,1313.8,1050,21.2
3161403,65.7,79,17.7,2.4,1258.5,1004,33.7
3161502,81.8,71.3,22.3,3.6,1086.6,904.8,36.2
3161601,45.8,69.7,23.8,4.6,918.9,800,46.3
3161650,74.6,47.3,39.4,12.7,951.7,800,45.6
3161700,84.5,67.9,26.9,4.6,1212.6,900,25.5
3161809,87.4,76.9,17,3.2,1395,1180,22.9
3161908,70.5,72.6,21.8,2.5,1260.2,1000,22.4
3162005,87.6,78.9,17.1,1.7,1245,933.3,23.8
3162104,93.7,72.2,18.7,6.8,1594.9,1212,16.6
3162203,84.7,75.8,18.4,2.4,1378.9,1200,26.5
3162252,58.5,89.7,9,0.6,949.3,703,46
3162302,60.9,70.2,26.4,2.4,1052,856,31.7
3162401,38.6,83.6,14.3,0.7,816.1,606,45.7
3162450,39.4,73.3,19,4.3,657,524.8,36.3
3162500,95.1,78.6,11.5,4.5,1691,1212,29.8
3162559,53.1,44.9,45,7.4,930.4,666,29.4
3162575,88.3,47.5,36.7,14.6,1096.8,928,32.6
3162609,83.9,51.5,35.3,8.5,1045.1,850,39.9
3162658,52,73.3,22.3,1.3,772.2,564.8,53.4
3162708,62.7,78.4,16.8,3.5,807,700,37.8
3162807,75.7,79.9,15.2,2.5,1109.2,704,32.8
3162906,96.4,67.3,23.6,4.1,1374.1,1057.5,31.2
3162922,91.5,38,39.3,12.8,1067.5,875,24.4
3162948,77.2,71.5,20.6,3.2,1391.6,1070.7,31.9
3162955,98.2,48.9,33.2,10.2,1319.2,1070.7,21.3
3163003,73.6,61.3,28.1,9.8,854.9,650,33.4
3163102,73,77.8,18.9,1.8,1189.7,1000,23.6
3163201,73.6,77.5,19.3,1.2,910.9,622.7,33.5
3163300,76,61.9,28.2,6.8,1016.2,750,35
3163409,77.4,73.7,22.2,1.1,1115.9,953,35.1
3163508,35.3,81.1,15.5,2.2,819.8,606,43.9
3163607,59.9,65.5,30.9,1.8,1087.6,933.3,36.9
3163706,98.8,64,21.2,4.9,1781.2,1212,32
3163805,56.4,85.8,10.5,2.5,1126.4,850,38.5
3163904,64.6,79.8,15.2,1.5,1414.9,1210,28.4
3164001,86.1,80.1,15.6,1.8,1097,820.7,36.5
3164100,54,67,27.8,3.8,993.6,804,46.7
3164209,72.1,84.4,13.7,0.7,726.6,553,38
3164308,66.6,75.4,14.8,3.9,2002.7,1250,15.8
3164407,74.9,59.2,33.9,4.7,1300.2,1000,27.3
3164431,62.7,66.5,29.5,2.5,1261,1000,32
3164472,75.4,72.6,22,2.1,921.4,781,35.3
3164506,37.4,75.1,23.5,0.9,756.6,600,51.6
3164605,74,78.6,15.7,3.7,1322,1133.3,19.5
3164704,92.9,67.4,21.5,4.1,1629.1,1204,24.1
3164803,64.4,83.6,13.6,2.1,1044,900,43
3164902,69.9,84.3,11.9,1.8,1208.9,983.3,43.8
3165008,82.4,87.6,9,1.6,1406.5,1136.3,28.6
3165107,80.2,84,11.8,1.9,1243.4,1038.5,29.9
3165206,58,73.1,7.8,11.8,1341.7,1022.4,23
3165305,88.6,80.1,10.3,2.6,1395.1,1000,31.5
3165404,67.9,75.7,17.4,3.9,1269.6,1000,25.1
3165503,44,57.7,21.6,3.5,845.6,625,48.4
3165537,99,41.7,40.9,9.3,1461.8,1101,18.3
3165552,34.9,75.4,22.1,2.1,825.6,606,41.3
3165560,59.8,84.8,14.1,0.8,1066.4,969.6,46.4
3165578,63.4,77.3,15.7,4.2,1195.4,1000,17.5
3165602,82.5,65.5,24.7,7.1,1126.3,909,38.3
3165701,80,89.8,6.7,2.1,1234,1000,39.5
3165800,35.1,79.4,16.6,3.4,1282.2,1133.3,39
3165909,47.9,86.4,10.2,2.1,935.4,799.2,46.5
3166006,66.9,89.8,8.4,1.2,885.6,666.7,49.8
3166105,52.2,76.2,19.5,3.7,961,733.3,41
3166204,51.8,91.5,6.3,1.1,990.5,783.1,42.8
3166303,55,69.3,27,2.9,996.3,803,36.4
3166402,86,77.3,15.7,1.5,1450.7,969.6,28.3
3166501,52.1,76,17.9,1.5,738.7,600,39.1
3166600,65.1,89.2,10.5,0.1,1412,1212,32.9
3166709,85,57.1,27,7.1,1016.6,750,36.2
3166808,77.8,72.8,22.3,3.2,1573.9,1204,15.8
3166907,90.6,62.2,33.9,1.2,1155.3,969.6,30.5
3166956,45.5,87.6,10.8,1.4,811.3,650,47.5
3167004,80.2,88.7,10.3,0.1,1182.6,909,36.9
3167103,65.1,83.1,13,2.8,923.2,613,32.1
3167202,96.7,67.6,21,5,1668.6,1200,22.8
3167301,71.5,87.7,6.7,4.1,1213.4,976.7,41.2
3167400,61.9,80,16.9,1.1,1597.4,1200,31.6
3167509,62,65.9,26.2,1.2,1350.4,870.7,43.8
3167608,48.3,72.7,22.2,3.4,1037.3,790.9,29.9
3167707,72.6,61.5,29.4,6.1,1139.2,870.7,37.9
3167806,66.8,67.3,24.6,2.7,1255.3,1000,35.4
3167905,73.1,86.8,9.5,2.2,1166.2,856,40
3168002,86.9,76.9,17.5,2.8,1079.8,800,27.1
3168051,72.8,51.9,36.7,8.6,949.5,750,41.7
3168101,63.2,75.3,20,2.5,1554.2,1133.3,18.4
3168200,58.5,82.4,14.3,0,1331.3,1150,31.7
3168309,51.7,70.3,24.9,2,1209.1,825,36.6
3168408,67.8,73.3,23.2,2.2,993.4,808,39.9
3168507,71.7,81.8,14.1,2.3,1233.7,969.6,37.3
3168606,85.1,55.2,32.5,6.8,1338.5,848.4,28.6
3168705,99.8,42.8,42.9,7.6,1630.4,1212,29
3168804,80.5,71.8,13.9,7.7,1872.4,1204.8,26.9
3168903,76.2,86.8,11.3,0.5,1633.9,1212,23
3169000,84.9,82.2,13,2.1,1244.2,1000,31.5
3169059,54.1,91.9,5.9,0.6,1301.3,1200,34.6
3169109,57.3,72.8,20.2,3.1,1257.1,1033.3,26
3169208,85.6,70.3,20.5,4.6,1491.5,1000,40.1
3169307,91.8,68.8,23.6,3.6,1370,1000,27.7
3169356,93.1,66.9,25.5,3.5,1333.2,1004,27.1
3169406,91.8,78.9,16.9,1.6,1459.1,1083.3,24.7
3169505,71.9,51.1,36.8,8.8,895.7,750,35.4
3169604,92,57.3,23,8.9,1424.5,1166.7,25.7
3169703,81.9,66.5,21.7,5.8,1093.3,808,31.3
3169802,66.1,68.6,27.4,1.6,1172.1,900,28.8
3169901,95.9,69.6,20.8,3.7,1507.3,1150,23.4
3170008,52.2,85.2,12.8,1.6,803.4,550,40.6
3170057,48.8,74.2,20.8,3.2,1089,906,35.5
3170107,97.8,52.2,17,8.2,1939.6,1300,21.5
3170206,98.6,48.5,28.5,9.8,2079.7,1333.3,18
3170305,81.9,52.3,33.7,12.6,927.6,700,38.1
3170404,84.1,71.3,22.4,3.4,1760.5,1212,19.5
3170438,61.8,74.2,20.5,3.9,1279.1,1062.4,27.4
3170479,71.6,69.5,22.1,5.1,1092,833.3,37.5
3170503,82.4,65.9,30.6,1.7,1080.2,906,25.3
3170529,52.2,79.8,18.3,0.6,727.9,575,37.2
3170578,86.6,52.9,35.9,6.8,1037.6,808,45.5
3170602,72.6,61.5,29,4.3,1496.8,1212,25.4
3170651,58.5,86.7,12.3,0.5,881.5,750,35.2
3170701,97.3,71.7,19.2,3.6,1874.5,1240,21.7
3170750,84.5,79,19.9,0.8,1349.1,1125,18.4
3170800,89.4,78.7,16.3,1.4,1062.1,808,30.5
3170909,53.3,75.4,20.3,2.2,738.7,583.3,44.8
3171006,85.2,76.7,18.5,1.4,1572.3,1212,23.4
3171030,59.7,80.4,16.1,2.8,764.7,606,32.6
3171071,74.4,86.3,11.2,0.9,898.7,737.3,43.2
3171105,63.7,60.3,17.6,0.8,1352.4,1000,31.6
3171154,40.4,89.4,8.3,1.2,859.6,700,43.6
3171204,99.3,44.3,37.6,9.5,1291.7,1000,18
3171303,93.1,74.1,14.3,6.7,1864.4,1130,29.4
3171402,57.9,82.6,13.1,1.6,1216.7,974.7,35.6
3171501,88,53.2,30.3,13.6,907.3,708,34.8
3171600,64,78.4,17.3,1.9,959.9,756,44.7
3171709,55.2,88.2,9.2,1.5,987.9,828,34.4
3171808,62.6,79.5,16.8,2.1,1116.8,823.3,38.9
3171907,63.2,79,17.2,2.9,927.5,666.7,46.4
3172004,88.9,69.3,20.7,4.4,1493,1106,25.7
3172103,82.3,62,27.8,4.7,1153.2,828,39.4
3172202,56.8,77.5,19,2,1240.5,928.4,34.2
3200102,54,53.4,39.2,6.2,1191.3,900,32.2
3200136,34.6,75.6,18.4,4.7,1242.6,890,30.8
3200169,61.8,39.9,47,10.8,965.1,775,40.9
3200201,76.8,50.5,30.9,8.2,1336.3,900,31.6
3200300,50.6,81.6,15.9,1.3,1469.8,1212,28.6
3200359,57.5,36.6,46.6,15.6,1248,922.4,33
3200409,80.3,56.3,29.8,8.4,1257.9,1000,25.1
3200508,74.2,60.2,29.3,7.2,1138.8,808,41.5
3200607,86.9,46.5,35.2,12.5,1507.1,1070.7,19.8
3200706,70,56.5,36.5,6.1,1103.7,900,30.8
3200805,84.1,47.2,40.9,10.1,1257.1,981,28.4
3200904,69.3,37.9,47.9,12.2,1262.5,931,29
3201001,76.8,62,28.9,7.5,1151.5,906,28.9
3201100,94.4,56.8,30.6,7.9,1133,904,29.3
3201159,32.4,43.5,35.4,18.4,1016.3,800,25.9
3201209,93.5,55.3,34,7.7,1516.3,1170.7,23.5
3201308,98.9,37.3,41.4,15.8,1244.2,978,23.4
3201407,72.4,79.9,14,3.4,1634.1,1212,26.8
3201506,89.3,63.5,27.9,6,1603.3,1212,21.5
3201605,83.7,42.8,37.3,14.5,1122.4,770.7,31.6
3201704,56.5,75.5,19,3.3,1352.3,1100,28.8
3201803,42.4,42,37.8,12.1,1119.7,808,37.1
3201902,38.1,52.9,41.2,4.3,1477.2,1166.7,25.2
3202009,58.1,55.7,28.1,10.2,1182.1,900,32
3202108,67.1,59.3,34.2,4.8,1062,808,35.3
3202207,86.3,57.8,29.6,8.4,1406.8,1040,35.5
3202256,46.4,85.8,13.4,0.4,1407.8,1100,23.4
3202306,82.6,48.3,36.2,9,1302,891.3,27.3
3202405,94.8,46.9,34.1,13.1,1656.5,1070.7,31
3202454,64.1,40.1,41,16.3,1074.4,845,24.6
3202504,79.9,62.7,23.6,10.4,1466.2,1100,26.1
3202553,46.4,39,51.2,4.9,941.8,700,30.6
3202603,64.2,78.3,17.2,2.8,1398.6,1200,24.2
3202652,42.5,38.5,43.7,14,1269.8,1000,21.3
3202702,58.8,57.9,37.5,3.3,1255.6,1070.7,34
3202801,66.4,29.4,51.6,15.1,1072.1,778,31.6
3202900,52.7,57.6,38.2,2.7,1524.8,1200,34.8
3203007,61.4,40.4,38.9,17.1,1187.1,866.7,25.3
3203056,71.5,64.2,25.9,8.6,1288.1,933.3,19.4
3203106,78.5,53.5,31.4,10.7,1357.2,953,32.5
3203130,82.5,67.6,24.9,5.9,1585.9,1200,29.4
3203163,34.5,24.8,72.9,1.9,1256.5,1053,34.3
3203205,88.6,50.8,32.6,12.5,1472.5,1066.7,17.8
3203304,70.2,41.4,42.2,14.1,1100,837.3,33.7
3203320,82.3,26.3,53.9,16,1247.3,856,29.5
3203346,50.5,61.5,30.7,5.5,1433.7,1167.5,23
3203353,66.8,80.1,16.7,2.4,1480.4,1212,24.4
3203403,62.4,71.3,19.9,6.7,1139,852,34.5
3203502,81.5,61.7,27.4,6.5,1129.1,833.3,26.3
3203601,76.8,65.2,23.5,9.1,1025.3,726,32.3
3203700,48.7,67.3,25.5,4.7,1075.2,800,33.2
3203809,69.6,70,22.1,5,1360,1070.7,34.2
3203908,73.7,64.6,26.5,5.9,1462.1,1100,23.9
3204005,49.9,40.6,48.9,8.5,1188.2,822.4,33.2
3204054,91.9,44.2,38.1,14,1091.4,807.2,23.9
3204104,79,58.4,27.5,9.7,1123.5,842.4,23.4
3204203,97.6,49.6,36.6,10.3,1248,904,28.7
3204252,83.6,62.6,29.2,6.6,900.2,637.3,39.6
3204302,34.6,29.6,46.4,20.8,1101.9,806,27.1
3204351,44.3,77.4,16.5,5,1231.1,933.3,27.4
3204401,62.8,59.3,34.4,4.7,1277.9,982.4,31.3
3204500,21.6,55.7,36,5.4,1155.2,909,33
3204559,43.1,21.3,73.5,3.5,1374.4,1075,21.3
3204609,62.2,69.8,21.2,6.1,1744.6,1227.2,26.6
3204658,45.5,64.6,24.1,10.5,1228.2,1000,30
3204708,78,65.1,28,5.6,1370.7,1098.3,24.4
3204807,84,52.4,37.4,7.7,1293.7,933.3,34.9
3204906,80.9,49.5,33.1,11.2,1400.6,975,21.7
3204955,56.5,77.6,18.8,1.8,1243.7,1127.2,30.3
3205002,99.5,35.7,40.1,15.8,1541,1100,18.5
3205010,83.7,44.4,35.2,16,1154.3,908,17.4
3205036,54.7,71.6,23.3,3,1316.7,1080,27.7
3205069,80.1,73.5,21.4,3.2,1683.9,1212,21.6
3205101,95,37.1,41,18.3,1186.7,960,20.6
3205150,45.6,43.2,49.7,6,1069.9,808,30.8
3205176,36.1,60,34.5,4.6,1199.1,1000,25.4
3205200,98,44.8,36.5,11.2,2232.3,1306,22.3
3205309,100,49,28,14.8,3351.6,1750,25.1
3300100,97.7,35.1,38.8,17.7,1463.1,1000,24.4
3300159,91.8,42,42.9,12.3,1360.1,1166.7,28.1
3300209,96,33.2,38.3,18.6,1311.8,904,37.4
3300225,92,57.3,25.9,8.3,1352.9,941.3,28.2
3300233,100,25.6,33.3,21.8,1619.6,1166.7,21.4
3300258,100,35.7,35.1,18.2,1466.1,1066.7,32.1
3300308,97.3,44.6,34.3,8.6,1422.6,1103,34.7
3300407,98.9,48.5,35.7,8.3,1407.8,1034,29.4
3300456,100,26.7,36.3,27,915,700,31.3
3300506,77.5,61.7,26.7,8.1,1392.1,1007.2,27.9
3300605,89.2,62,29.8,4.9,1537.4,1050,32.2
3300704,99.5,29,41.8,16.4,1549.3,1000,31.1
3300803,84.3,24.8,45.1,23.1,1212.7,813.8,32
3300902,82.1,52.6,33.7,10.8,1315.3,942.4,34.6
3300936,81.8,39.4,42,12.8,1132.9,833.3,24.4
3300951,96.9,53.1,31.1,8.9,1127.6,933.3,30.3
3301009,93.6,43.5,36.6,13.5,1385.8,824.8,29.1
3301108,85.5,58.1,32.1,5.4,1207.3,808,28.8
3301157,71.3,37.4,43.8,15.6,1077.5,833.3,38
3301207,90.3,57.2,28.1,6,1309.8,909,35.8
3301306,94.8,26.2,45,17.9,1378.4,1000,28.3
3301405,90.1,35.9,46.5,12.6,1267,900,29.1
3301504,97.4,52.9,31,12,1414.4,1000,31.9
3301603,71.9,63.9,27.1,5,1155.3,850,28.5
3301702,99.8,29.6,40.4,19.2,1100.3,806,26.9
3301801,82.6,36.8,39.9,13.4,1284.4,950,34.7
3301850,96.9,32.1,36.7,20.8,1197.4,818.7,29.2
3301876,99.7,36.8,37.5,11.7,1527,1066.7,40.9
3301900,99,26.8,44.2,19.9,1101.6,833.3,30.3
3302007,97.9,24.5,42.3,20.2,1199.6,840,26.7
3302056,77.7,46.3,37.6,13.8,1227.1,925,33.9
3302106,81.5,52.5,37.5,7.2,1421.5,1100,30.7
3302205,94.3,52,38.8,5,1520.5,1128,28.4
3302254,98.4,49,32.3,10.4,1527.7,1050,29
3302270,98.9,19,41.5,31,786.3,606,32.6
3302304,76.9,72.3,23.8,2.7,1145.6,849.6,37.4
3302403,97.3,30.3,38.9,20.2,1876.4,1100,18.9
3302452,91,60.9,33,4.7,1289.9,903,31.8
3302502,98.8,29.8,39.1,20.2,1036.3,792.9,32.7
3302601,94.6,41.5,33.4,12.5,1501,1016.7,33
3302700,99.1,35.6,31.9,18.1,1708,1200,30.3
3302809,98,47.5,31.1,12,1399.3,1008,38.4
3302858,100,30.2,38.3,18.7,1115.9,803,32.1
3302908,90.4,33.9,37.5,14.9,1784,1212,35.4
3303005,94,66.2,26.2,4.1,1414.6,920,36.3
3303104,88.4,62.2,30.7,2.6,1393.7,1019.7,37.6
3303203,100,32.1,32.9,22.2,1298.9,980,33.5
3303302,100,44.9,22.2,17,3577.3,2000,29.6
3303401,89.9,45.8,29.4,14.4,1757.7,1212,28.2
3303500,99.6,27.2,40.2,19.8,1102.5,760,29.6
3303609,94.9,27.5,46.8,18.2,1349.1,1000,33.3
3303708,91.8,52.7,30.5,9.1,1216.6,870.7,32.3
3303807,80.1,34,35,20.6,1639.1,1100,18.3
3303856,76.9,28.6,48,17.4,1210.3,860,30.4
3303906,96.9,48.1,29.1,12.7,1822.8,1206,27.3
3303955,94.1,41.1,35.3,12.3,1366.9,1000,29.9
3304003,84.8,43.2,34.9,12.3,1462.2,1050,32.8
3304102,80.2,59,27.7,8.8,1404.5,956,34.7
3304110,99.3,49.8,38.6,5.8,1237.9,935,23.1
3304128,93.8,58,27.8,6.1,1274.7,944.6,27.3
3304144,100,23.1,44.6,21.1,959,700,28.5
3304151,81.1,45.5,34.1,12.6,1108.1,780,30.5
3304201,97.2,55.6,28.7,7.4,1881.1,1212,23.8
3304300,87.5,31.8,43.9,18.3,1407.8,1025,28.5
3304409,82.2,62.8,29.8,3.7,1232.3,975,36.1
3304508,82.1,62.1,22.1,6.2,1181.3,862.4,33.9
3304524,99.7,30.3,40,16.9,1840.1,1212,24.7
3304557,100,43.6,25.5,16.1,2515.3,1212,28.4
3304607,71.4,59.8,25.7,9.6,1337.5,951,37
3304706,91.5,48.7,37.7,10.5,1308.2,942.4,28.5
3304755,61.9,34.7,42.6,19.1,939.5,666.7,35.6
3304805,82.9,37.1,38.2,20,1296.1,900,38
3304904,100,35.2,35.6,18.3,1209.5,909,28.6
3305000,79.8,67.2,22.3,6.4,985.7,733.3,37.7
3305109,100,27.8,33.4,25.1,1042.9,820,28.5
3305133,48.6,55.7,33,10.3,1150.7,940.5,33.8
3305158,57.4,39.2,47.1,9.1,1203,909,25.8
3305208,97.2,28.8,42.5,18.8,1462.4,1000,34.9
3305307,57.4,65,28.9,3.4,1123.8,856,34.1
3305406,79.4,52.9,36.5,7.4,1246.5,984,30
3305505,97.2,34.8,33,18.4,1491,1000,39.2
3305554,97.5,19.7,46.3,22.4,1181.5,800,30.2
3305604,81.4,20.6,46.7,24.8,1042.7,806,28.7
3305703,40.4,42.4,45.5,10.3,1223,1004,27.3
3305752,91.3,25.9,43.4,26.6,960,750,31.7
3305802,88.4,39.1,34,17.8,1860.5,1166.7,28.6
3305901,60.5,47.7,32.5,14.6,1120.8,808,35.9
3306008,97.6,50.9,33.6,7.2,1438.6,1000,29
3306107,94.3,59.1,20.6,8.5,1444,1003.3,35.9
3306156,64.5,75.3,20.3,2.1,1108.6,800,37
3306206,86.9,50.7,28.3,9.5,1519.1,1000.5,31.2
3306305,99.8,43.4,34.7,10.6,1787.9,1222.2,31.4
3500105,96.7,69.3,17.4,3.4,1868.3,1337.3,26.5
3500204,92.1,55.2,36.3,3.5,1514.8,1212,27.2
3500303,93.2,62.8,25.8,5.6,1321.7,1016.7,25.4
3500402,87.7,65.7,20.1,6.6,1685,1300,37.7
3500501,87.2,64.1,22.2,7.4,1742.5,1356,23.9
3500550,88,60.6,23.8,7.7,1946.7,1337.3,31.6
3500600,100,52,17.1,12.1,2932.7,2040,37.9
3500709,95.7,42.1,41.8,8.5,1590.8,1212,25
3500758,74.2,54.3,36.4,3.3,1317.2,1050,24.6
3500808,84.2,74.8,20.6,2.8,1485.4,1212,31.5
3500907,85.9,69.1,25.8,2.4,1313.7,1200,21.6
3501004,90.6,67.5,23.3,4.3,1391.3,1166.7,25.1
3501103,80.7,69.2,25.9,0.9,1349.6,1210,36.8
3501152,96.3,59.3,30.3,5.8,1523.4,1225,23
3501202,67,69.9,23.5,3.1,1429.3,1200,34.2
3501301,92.5,61.9,28.8,5.7,1462.1,1150,23.7
3501400,60.4,46.8,26.3,20.6,1137,950,33.4
3501509,91.6,44.3,45.6,4,1203.5,916.5,30.6
3501608,99.8,54,29.4,7,2358.3,1666.7,19.5
3501707,99.2,58,26.6,8.7,1233.1,1064.3,21.4
3501806,88,70.2,23.8,2.9,1580.7,1212,27.7
3501905,92.2,67.5,17.2,7.1,1986.8,1462.5,24.5
3502002,84.9,50.8,33.5,10.7,1677.5,1210,23.2
3502101,91.6,51.7,32.8,6.5,1774,1258.3,26.4
3502200,70.8,68.6,24.2,3.6,1526.2,1176,25.7
3502309,81.5,62.5,30.3,3.1,1188.7,962.5,28.4
3502408,84.4,76.2,19.8,1.7,1409.4,1078,26.9
3502507,98,77,18,2,1468.8,1106.5,25.1
3502606,79.1,63.1,25.2,4.5,1418.9,1200,33
3502705,78.5,53.3,35.8,7.5,1148.2,900,27.8
3502754,87.8,45.7,36.1,11.6,1464.8,1100,16.2
3502804,98.3,47.3,35.4,7.3,2088.7,1350,24.6
3502903,88.9,53.2,31,6.5,1993.4,1300,28.5
3503000,95,63.9,21.2,2.9,1628.7,1212,29.9
3503109,81,59.1,30.8,4.2,1251.8,1050,26.5
3503158,67.7,60.7,29.4,6.4,1149.8,857,36.4
3503208,98.5,55.2,23.4,8.6,2128.1,1356,22.7
3503307,97,54.1,30.4,7.9,1910.5,1350,25.1
3503356,63.9,57,39.3,2,1178.3,1040,31.9
3503406,78.6,62.1,29.3,5.2,1731.5,1237.3,33.2
3503505,77.5,72.8,21.3,1.5,1093.3,866.7,31.6
3503604,97.8,50.3,39,8.3,1346,1120,24.3
3503703,96.8,66.9,24.2,3.9,1546.6,1250,30.5
3503802,93.6,53.5,30.6,8.9,1649.8,1237.3,17.6
3503901,97,45.4,31,10.1,1982.8,1206,16.6
3503950,78.5,67.7,28.3,2.1,1361.7,1212,31.8
3504008,96.3,57.6,32.3,5.5,1997.7,1407.2,23.9
3504107,89.7,52,24.4,9.7,2283.8,1470,18.2
3504206,90.3,52.6,38.1,3.3,1494.6,1212,26.4
3504305,66.2,43.4,46.5,6.4,1349.5,1032.4,27.9
3504404,85.6,53.4,34.8,6.6,1246.9,1000,23.5
3504503,95,59,27.2,6.5,1769.9,1212,24.3
3504602,95.7,53.5,30.8,6,1809,1400,15.4
3504701,97.4,39.8,27,29.5,1703.8,1228,27.3
3504800,92.7,60.7,31,3.2,1568.8,1212,22.4
3504909,80.7,58.1,27.2,10.6,1341,933.3,38.5
3505005,66.8,70.3,25.7,1.7,1066.9,808,53.1
3505104,91.7,44.3,40.9,10.4,1080.4,906,34.6
3505203,96.6,70.2,24,3.3,1755.7,1314.7,23.9
3505302,98.7,65.3,20.7,5.2,1854,1380,24.9
3505351,36.8,36.2,47.8,10.3,888.5,700,35.3
3505401,45,45.5,40.7,11.1,1094.2,806,37.4
3505500,97,60.7,25.4,5.7,1844.4,1328,22
3505609,99.4,46.5,35.2,13.7,1385.5,1133.3,21.3
3505708,100,46.3,32.7,11.4,2412.4,1302.4,15.5
3505807,87,57.4,32.2,6.6,1449.4,1178,24.6
3505906,97.1,64.7,21.5,5.3,1826.4,1296,24.2
3506003,97.6,43.9,35.9,8.2,2210.1,1400,23.3
3506102,96.5,56.8,30.2,6.3,1734.1,1250,21.3
3506201,92.4,57.1,35.3,6.2,1550.4,1212,28.8
3506300,82.9,64.4,26.1,5,1515.1,1133.3,29.9
3506359,99,45.2,28.8,14,1512,1000,23.5
3506409,94,64.7,25.1,4.6,1639.5,1300,27.6
3506508,97.8,50.9,32.8,7.2,1733,1256,23.2
3506607,81.5,49,32.1,10.6,1243.6,1000,27.9
3506706,94,58.1,24.6,11.6,1261.9,1044.8,25.1
3506805,95,66.1,27.5,1.9,1595.8,1250,23.5
3506904,71.4,55.6,32.2,8.3,1480.7,1176,32.3
3507001,96.2,54.2,29.3,8.4,1819,1266.7,25.7
3507100,92.4,57.3,24.7,9.7,1604.1,1206,18.5
3507159,69.7,63.5,28.9,6.1,1141.4,866.7,20.1
3507209,81.4,60.8,32.7,3.2,1323.4,1200,23.8
3507308,94.3,62.3,29.6,3.8,1269.4,1125,22.6
3507407,92.2,73.5,20.9,3.3,1614.9,1200,30.9
3507456,86.7,38,48.3,4.5,1282.4,1060,29.2
3507506,96.9,50.5,32.4,8,1991.3,1333.3,26
3507605,93,55.1,27.2,7.5,1941.5,1337.3,18.6
3507704,90.7,58.2,25.6,8.1,1369.9,1150,32.1
3507753,84.5,44.5,37.8,12,1329.4,1165.7,32.9
3507803,97.5,62.9,22.6,7.9,1711.4,1273.3,19
3507902,92.1,63.4,27.3,3.9,1482.9,1100,32.1
3508009,82.8,49.2,37.8,7.9,996.9,720,20.3
3508108,94.5,53.7,29.9,8.9,1627.9,1200,29.6
3508207,86.6,56.3,25.8,8.4,1764,1250,24.9
3508306,82.8,46.6,31.1,13.3,1242.8,1050,25
3508405,92.3,46.8,34.7,13.6,1480.5,1212,16.2
3508504,96.6,61.8,26,5.8,1632.6,1141.3,26.6
3508603,92.7,71,21,3.6,1383.5,928,33.8
3508702,69.2,78.9,15,2,1386.1,1025,32.5
3508801,92,57,31.6,5.7,1524.1,1200,29.2
3508900,80.5,75.5,20.6,2.9,1359.7,1200,29.7
3509007,99,47.8,32.4,10.7,1668.5,1200,19.6
3509106,42.7,57.8,31.2,5.3,1214.3,1000,42.3
3509205,99.1,44.8,32.9,13.3,1728.4,1212,13.8
3509254,76.9,19.9,53.3,18,1206.3,873.9,22.7
3509304,94.9,67.5,24.5,4.1,1564.4,1212,25.1
3509403,89.2,66,26.4,4,1447,1093.3,26.2
3509452,82.9,60.8,28.6,5.9,1336.8,1070.7,30.1
3509502,99.5,50.4,27.8,11.2,2678.6,1500,21
3509601,98.1,45.6,34.3,10.4,1564.9,1200,21
3509700,91.7,62.2,27.3,4.9,1627,1212,16.9
3509809,79.9,61.7,30.5,4.5,1334.5,1025,28.5
3509908,88.2,33.6,36,21.1,1281.3,981,30.1
3509957,90.7,59.4,34.1,3.1,1174.3,853,28
3510005,94.6,64.8,28.4,2.7,1531.5,1208,27
3510104,84.9,70.6,22.4,2.6,1528.1,1212,26.8
3510153,97.5,42.8,45.8,7.4,1266.2,1040,19.4
3510203,85.1,53.8,36.5,4.8,1240.5,906,26.5
3510302,79,61.3,29.9,5.3,1062.7,808,27.1
3510401,96.3,58.3,30.8,5.8,1570.2,1175,22.7
3510500,98.6,41.9,31.7,14.5,1578.4,1050,28.2
3510609,100,46.9,31.6,14.1,1433,1068.3,19.4
3510708,92.1,61,29.9,4.7,1515.6,1212,34.4
3510807,85.1,62.1,27.3,5.2,1546,1200,27.6
3510906,67.7,73.7,17.1,5,1539.7,1200,31.6
3511003,76.5,60.9,29.5,6.2,1419.3,1125,26.3
3511102,99.1,55.3,29.5,4.6,1898.8,1400,23.1
3511201,95.7,58,32.4,4.1,1398.9,1212,28.2
3511300,91.2,57.4,28,6.8,1811,1356,19.8
3511409,85.3,60,26.7,7.5,1459.9,1150,23.2
3511508,94.7,63.1,23.1,6.6,1839.1,1375,21.1
3511607,77.1,54.3,28.5,4.1,1256,1067.3,24.8
3511706,93.1,56.1,33.4,7.3,1454.1,1200,24.3
3511904,96.5,60.4,30.5,4.1,1390.2,1133.3,20.4
3512001,95.2,61,20.6,9.2,1572.3,1212,23.1
3512100,70.7,56.3,30.2,9.5,1282.7,1070.7,22.7
3512209,95.3,53.4,30.4,12.1,1349.5,1075,19
3512308,78.3,66.3,23.9,4.7,1601.1,1200,28.9
3512407,95.6,63.7,27.1,6,1684.4,1346.8,19.2
3512506,85.3,57,37.3,1.9,1464.7,1210,28.6
3512605,82.7,75.1,20.1,3,1281.7,1000.7,29.8
3512704,64.7,57.9,28,6.8,1543.1,1236,24.8
3512803,97.5,41.3,38.9,11.7,1614.7,1250,24.6
3512902,78,70.2,20.9,5.1,1404.7,1202.4,30.1
3513009,97.2,48.9,28.6,12,2275.7,1308,12.6
3513108,98.4,61.7,22.9,7.9,1576.8,1212,20.6
3513207,82.3,63.2,18.5,5.7,1581.7,1200,22.8
3513306,67.3,69.3,29.6,0.2,1505.4,1200,24.8
3513405,97.6,63.2,26.6,4.8,1498.5,1084.8,31.2
3513504,99.9,46.2,34,13.2,1246.8,960,27.5
3513603,59,67.3,25.6,4.4,1243.8,900,33.6
3513702,90.7,69.9,18.8,5.5,1726.2,1333.3,24.8
3513801,100,48.9,29.1,11.8,1522,1180,18.5
3513850,81.5,62.9,28.2,5.4,1358.2,1212,29.9
3513900,68.7,81.5,12,2.9,1682.6,1227.2,26
3514007,97.7,57.9,30.3,8.7,1362,1100,21.3
3514106,96,71.2,20.6,4.2,1357.5,1025,25.7
3514205,89.4,75.1,20.8,1.7,1359.2,1200,29.8
3514304,93.9,73.3,16,5.2,1694.6,1315,30.3
3514403,92.5,66.6,24.3,4.1,1886.7,1356,27.5
3514502,90.1,58,30.4,6.1,1624.7,1212,27.1
3514601,97.7,64.9,24,6.6,1673.5,1266.7,17.3
3514700,84.3,65.3,27.4,3.8,1387.8,1100,30.4
3514809,52.6,32.2,43.6,17.6,1096.7,800,34.5
3514908,86.9,52.1,29.9,13.8,1295,1100,19.6
3514924,93.3,61.9,31.6,3.1,1535.7,1212,28.9
3514957,88.3,66.2,25.6,4.8,1354.9,1212,32.6
3515004,99.4,49.2,28.1,14.5,1249.7,970.7,17
3515103,89.6,45.1,32.4,14.3,1386.5,1000,21.8
3515129,88.6,73.6,24.3,1.5,1334.2,1166.7,34.9
3515152,94.1,42.6,47.3,7.9,1609.3,1175,16.8
3515186,90.9,67.2,21.6,3.7,1838.2,1360.4,27.3
3515194,85.8,59.6,31.6,7.1,1193.6,966.7,21.9
3515202,83.9,59.6,27.4,8.6,1667.1,1300,25.6
3515301,82.3,78.4,19.1,1.6,1405.9,1088,26.8
3515350,62.3,61.4,28.3,8.2,1077.6,882.4,34.5
3515400,80.9,76.8,17.2,2.5,1482.1,1166.7,29.2
3515509,96.8,54.9,30.6,5.7,1853.8,1325,26.2
3515608,90,68.8,23.1,4.3,1600.1,1257,23.6
3515657,60.5,54.8,33.6,9.1,1270.7,1050,29.8
3515707,99.2,36.1,38.6,13.5,1201.7,968,19.5
3515806,81.8,61.9,30.6,6,1376,1200,38
3515905,83.7,68.8,22.3,5,1699.6,1212,34.6
3516002,80.7,63.3,29.7,3.8,1313.5,1020,31.2
3516101,65.8,51.9,35.7,3.4,1361.3,1125,29
3516200,98.5,59.9,22.1,6.6,1734.8,1250,19.7
3516309,99.5,41.5,34.1,16.4,1035.3,833.3,23.9
3516408,96,43.7,30.6,16,1397.6,1076,20.5
3516507,89,80,11.3,4.9,1710.4,1356,31.1
3516606,80.8,53.2,32.5,8.4,1433.7,1180,29.5
3516705,94.8,56.1,31.2,7.2,1612.6,1212,25
3516804,90.5,75.5,18.6,2.3,1377.9,1165,26.9
3516853,89.9,58.3,34.9,2.7,1489.8,1200,21.2
3516903,89.4,58.9,30.9,5,1735.1,1212,29.8
3517000,76.6,65.2,25.8,5.8,1290.2,1000,31.5
3517109,82.9,59.6,27.5,8.9,1412.8,1066.7,33.4
3517208,92.9,49.5,42.2,3.9,1305.6,1033.3,25
3517307,88.5,49.9,40.6,3.1,1236,1000,28.5
3517406,96.8,71.5,18,5.5,1685.9,1250,21
3517505,93.4,59.9,29.1,4.9,1671.6,1325,17.7
3517604,40.5,65.3,25.2,6.9,1033,750,38.8
3517703,97.5,52.7,29.8,10.7,1332.3,1053,26.3
3517802,79.1,73.3,19.7,4.3,1542.8,1212,31.7
3517901,93.1,63.9,18.5,10.7,1492.7,1153,26
3518008,87,68.5,22.7,2.8,1226.4,1066.7,38.7
3518107,81.9,51.6,39,6.2,1310.9,1014.3,27
3518206,95,52.9,32.9,6.9,1575.6,1200,31
3518305,82.4,45.3,32.8,8.3,1602,1137.3,23.3
3518404,95.9,65.6,23.1,4.3,1872.4,1212,26.6
3518503,54.2,48.6,34.8,8.5,1385.9,1141.3,24.5
3518602,96.9,52,31.5,11.7,1320.1,1040.2,23.8
3518701,99.7,47.1,28.7,13.3,1416.7,1000.3,24.1
3518800,100,43.4,30.1,15.3,1643.7,1133.3,18.2
3518859,83.5,50.1,29,13.9,1428.1,1112.5,26.6
3518909,87.9,48.5,36.6,7.8,1208.8,1000,29.8
3519006,89.5,50,41.8,4.7,1172.7,1000,24.1
3519055,79.2,63.9,19.4,12,2545.6,1633.3,12.7
3519071,99.7,40.6,39.6,11.6,1619.3,1233.3,14.6
3519105,93.5,58.4,35.7,3,1415.7,1100.3,26.4
3519204,84,64,30.8,3.3,1368.5,1058.4,28.8
3519253,39.9,51.3,39.8,6.1,1285,1000,24.5
3519303,98.6,50.2,35.2,10.9,1285,1000,22
3519402,95,64.5,22.3,6.1,1718,1306,23.5
3519501,94.4,61.4,27.5,6.9,1429.8,1131,29.4
3519600,97,59.7,29.2,4.9,1438,1200,22.9
3519709,69.7,52.3,30.8,9.8,1325,1000,22.1
3519808,83.9,68.7,19.9,4.5,1574.2,1200,26.6
3519907,88.3,66.4,29.4,1.8,1401.7,1133.3,28.4
3520004,98.7,62.4,27.9,4.6,1348.7,1133.3,27
3520103,97.2,61.3,19.8,9.5,1501.5,1200,32.3
3520202,74.1,64.8,26.3,4.6,1478.9,1033.3,25.1
3520301,77.2,41.2,38,13.3,1336.3,1000,32.2
3520400,96.9,47.5,27.1,13,1970.6,1350,16.2
3520426,97.9,48.7,26.9,8.1,1392.2,1000,43.1
3520442,88.7,48.2,32.5,10.5,2147.5,1480,30.6
3520509,98.3,54.9,23.2,11,2601.9,1666.7,15
3520608,87.8,67.7,26.7,3.2,1627.1,1246,26.3
3520707,82.7,63.1,26.5,7.3,1550.8,1200,33.2
3520806,92.1,65,26.2,5,1419.6,1212,31.2
3520905,97.1,63.1,28.9,4.1,1441,1100,25.4
3521002,83,40.4,43.5,9.5,1304,1000.8,23.8
3521101,92.1,53.2,35.5,4.8,1722.5,1303,25.7
3521150,85.8,54.7,29.7,6.9,1353.7,1106,20.4
3521200,46.8,43.2,42.7,10.7,1125,742.4,31.4
3521309,97.5,67.6,16.5,8.3,1452.7,1178,25.4
3521408,99.4,61.6,28.3,5.9,1866.4,1450,19.7
3521507,90.7,67.8,23.3,6.8,1334.1,1200,23
3521606,73.8,61.2,29.9,3.7,1356.2,1125,37.6
3521705,68.5,64.3,26.1,5.9,1205.1,948,27.1
3521804,82.9,62.4,26,6.6,1400.9,1033.3,22.9
3521903,88.2,72.1,22.2,2.5,1572.7,1212,21.6
3522000,80.9,56.2,23.9,4,1371.9,1122.5,27.9
3522109,98.9,42.5,27.5,16.4,1374.2,950,38.1
3522158,46.9,49,32.8,2.2,1008,706,36.1
3522208,94.5,48.6,30.4,13.3,1248.7,935,17.7
3522307,90.3,53.2,35,6.2,1671.4,1200,25.2
3522406,85.2,44.5,40.4,7.9,1443.1,1000,27.1
3522505,98.5,39.5,34.6,15.9,1138.5,875,17
3522604,94.6,63.8,21.8,8.2,1823.3,1340,21.9
3522653,45.2,48.7,43.2,7.6,1084,830,26
3522703,92.9,75.5,16.8,4.3,1675.4,1300,24.2
3522802,74.7,76.5,17.5,1.8,1283.9,980.8,28.2
3522901,97.5,67.5,25.1,3.6,1421.1,1200,24.9
3523008,84.2,50.5,29.5,16.6,1300,1000,33.8
3523107,100,36.3,37.5,16.2,1101.2,900,18.1
3523206,94.5,49.1,39.7,6.4,1297.4,970.7,26.8
3523305,77,34.5,43.4,14.7,1027.5,750,32.2
3523404,96.3,58.8,22.2,8.8,2282.1,1550,18.8
3523503,86,56.3,36.6,3.6,1388.8,1100,21.6
3523602,92,49.8,31,11,1659,1200,23.1
3523701,86.9,70.9,22.6,2.1,1202.1,1037.3,27
3523800,87.1,70.9,22.6,3.3,1439.3,1200,25.5
3523909,95.6,58,26.5,9,1874.1,1300,22.1
3524006,94.7,52.1,27.7,7,2035.5,1400,14.4
3524105,97.2,58.6,29.2,5.3,1788.4,1233.3,26.2
3524204,94.9,66.7,24,4.7,1585,1237.3,24.6
3524303,97.9,55.2,25.6,8.5,1948.4,1333.3,26.1
3524402,97.8,53.7,30.2,7.3,1799.5,1233.3,22.3
3524501,91,67.3,20.9,6.7,1443.9,1200,16.7
3524600,65.7,29,47.5,17.2,1257,900,28.2
3524709,96.9,57.6,27,8,2045,1433.3,23.4
3524808,94.5,55.6,32,4.2,2077.2,1500,23.7
3524907,70.9,62.6,26.3,6.1,1751.8,1178,27.3
3525003,100,40.9,37,12.9,1628.8,1175,14.8
3525102,93.2,55.3,29.4,7.6,1536.2,1200,21.3
3525201,87.5,61.1,25.2,5,1368.8,1031,23.2
3525300,98.2,65.5,25.6,3.7,1751.6,1300,22.9
3525409,88.3,46.8,29.5,7.4,1491.1,1186.7,17.5
3525508,72.6,65.4,24.3,4.6,1780.7,1250,24.4
3525607,88.4,58.9,34,2.1,1261.5,1000,28.8
3525706,92.8,67.5,26.9,2.2,1697.3,1302.4,20.7
3525805,93.5,54.9,34.2,7.2,1240.6,1025,30.3
3525854,65.7,66.7,30.4,0.5,1366.8,1140,20.2
3525904,96.9,59.1,22.1,8.3,2774.4,1810,18.5
3526001,92.7,63.2,28.9,3.3,1638.7,1237.3,27.7
3526100,67,33,49.1,11.6,1160.5,845,31.8
3526209,57.3,48.3,34,11.2,1076.4,800,30.5
3526308,62.4,85.6,11.1,1.6,1368.1,1100,36.5
3526407,88.6,69.2,20.6,6.6,1556.5,1200,26.1
3526506,43.1,48,31.6,11.4,1527.8,1212,30
3526605,92.7,70.6,23.4,3.3,1164.5,880,24.7
3526704,98.2,59.9,26.2,7.7,1577.9,1200,22
3526803,97.5,54.1,35.5,5.2,1795.6,1375,20.3
3526902,97,53.3,33.8,7,1932.4,1333.3,22.9
3527009,86,66.6,19.8,6.8,1690.3,1250,22.5
3527108,98.8,50.7,35.5,4.7,1864.1,1333.3,24.4
3527207,97.3,64.4,27.1,3.6,1673.5,1166.7,30.3
3527256,86.3,58.9,26.4,5,1400.6,1212,28.5
3527306,95.8,57.7,26.5,9.3,2026,1400,13.2
3527405,83,61.8,29.4,4.7,1571.2,1226,30.4
3527504,81.1,52.8,37.5,6.5,1464,1212,31.6
3527603,98,52.8,33.3,8.6,1381.4,1066.7,21.5
3527702,91.1,67.1,25.5,3.7,1314.9,1075,25.7
3527801,90.5,61.6,28.5,7.4,1073.9,866.7,30.2
3527900,79.3,67.8,23.7,5.7,1451.1,1212,29.2
3528007,97.1,58.3,31.8,6.7,1555.4,1244.8,23.4
3528106,89.5,75.7,18.8,2.8,1516.9,1212,31.4
3528205,73.8,61.6,30.8,3.7,1428.6,1200,30.9
3528304,83.7,65.5,27.8,4.2,1547.6,1212,33.5
3528403,92.9,52.9,31.9,8,1607.4,1240,23.9
3528502,90.2,50.6,27.2,11.5,1825.7,1200,19.8
3528601,87.5,69.9,22.5,5.2,1661.8,1212,25.3
3528700,37.7,62.1,26,8.6,1197.9,885,34.8
3528809,91.2,63.2,31,2.7,1465.3,1200,26.5
3528858,89.1,52,40.6,2.4,1526.5,1250,23.2
3528908,86.1,72.6,20.8,5.3,1361.4,1200,34
3529005,98.9,53.3,31.3,6.5,2024.3,1375,22.5
3529104,80.7,65.7,23.3,2.7,1442,1200,31.1
3529203,85.7,62.8,28.7,4.5,1439.6,1133.3,29.5
3529302,98.2,63.5,22.4,6.4,1700.5,1307.7,22.4
3529401,99.7,45.8,33.5,10.9,1478.7,1200,20.7
3529500,88.9,65.2,25.6,4.1,1756.3,1366.7,23
3529609,81.1,62.9,25.7,8.8,1579.6,1212,27.4
3529658,83,63.1,26.2,9.6,1278.9,1066.7,29.5
3529708,95.3,67.5,23.5,4,1416.7,1066.7,25.8
3529807,96.1,63.7,27.7,5,1304.7,1066.7,28.7
3529906,64.6,40.2,44,8.5,1125.4,813,34
3530003,80.3,66.3,24.9,2.1,1291.7,1212,35.2
3530102,88.9,55.7,30.4,5.4,1683.9,1212,29.6
3530201,60.1,67.1,27,3.1,1182.4,900,34.3
3530300,97.4,59.9,24.7,4.2,2049.6,1433.3,16.5
3530409,86.4,59.4,33.7,3.7,1322.1,1066.7,26.1
3530508,94.9,70.1,22.7,3.2,1693.2,1212,27.3
3530607,93.9,42.8,32.3,10.9,1851.4,1200,21.4
3530706,97.1,57,31.6,5.5,1747.3,1300,22.7
3530805,94.3,61.1,24.8,6.1,2026.2,1375,23
3530904,85.1,57.5,32.4,8,1274,1000,26.7
3531001,90.5,68.9,20.6,8.5,1338.8,1100,37
3531100,98.9,41.2,25.3,13.4,1287.8,1000,40.7
3531209,70.3,71,15.7,4.6,1992.6,1380,28.5
3531308,96.5,63,25.2,5.3,1861.2,1466.7,23.1
3531407,93.2,64.9,25.8,3.1,1691.5,1290,25
3531506,94.1,60.4,28.3,6.4,1800,1250,22.9
3531605,84.5,62.4,31.5,4.4,1402.2,1200,32.6
3531704,37.4,68.7,15.5,10.8,1471.1,1031.4,28.8
3531803,97,43.3,39.7,9.7,1367.6,1062.8,19.3
3531902,96.2,60.6,31,4,1397,1120,23.1
3532009,85,64.2,23.7,7,1680.6,1250,21.6
3532058,73.1,54.4,29,12,1479.7,1212,23.3
3532108,73.4,67.1,20.7,7.2,1503,1212,36.8
3532157,91.7,67.1,30.3,1.6,1361.3,1000,24.5
3532207,89.7,69.6,25,2.9,1397.2,1150,19.1
3532306,41.7,64.8,27.3,5,1183.6,828.6,37.3
3532405,50.1,58.3,26.3,8.5,1356.6,1066.7,25.5
3532504,89.8,69.3,18.6,4.5,1828.9,1350,26.2
3532603,83.2,68.8,20.6,3.5,1669,1212,29.9
3532702,91.1,65.8,29.5,1.7,1346.4,1150,23.9
3532801,89.6,64.1,25.2,6.3,1565.9,1266.7,22.2
3532827,71,32.8,56.3,6.2,926.1,775,24.8
3532843,66.5,73.5,20.7,3.3,1499.5,1212,40.7
3532868,73,67.6,28.7,1.1,1681.3,1250,19.8
3532900,96.2,62.3,29.4,3.8,1301.9,1002.6,22.4
3533007,92,64.3,24.5,4.1,1455.8,1212,23.2
3533106,90.6,69.2,21.8,3.4,1356.9,1166.7,39.6
3533205,76,48.4,34.7,13.2,1422.3,1133.3,19.2
3533254,93.8,55,33.7,7.9,1145.2,1000,17.9
3533304,87.9,64.8,22.5,7.8,1254.6,1033.3,30.6
3533403,99.2,50.7,36.2,6.1,1934.3,1500,19
3533502,95.5,65.1,27.4,2.7,1694,1212,25.1
3533601,93.7,71.2,20.5,4.7,1765.4,1333.3,25
3533700,85.6,80.7,15.3,2.5,1349.6,1050,30.5
3533809,76.5,72.9,23,1.9,1376.5,1200,31.7
3533908,96.9,59.5,24.9,9.5,1674.8,1250,22.6
3534005,91.4,55,33.7,6.2,1480.9,1200,21
3534104,95,68.8,22.6,2.4,1590.5,1230,27.5
3534203,93.2,69.5,22.9,2.3,1567.6,1212,20.2
3534302,97.9,68.2,19.3,5.7,1737.1,1266.7,23.6
3534401,100,49.4,29,13,1951.1,1250.3,18
3534500,83,79.8,17.6,1.1,1469.9,1212,34.8
3534609,92.6,66.2,25.5,4.8,1773.3,1212,28.7
3534708,98.2,57.5,31.4,5.6,1834.8,1250,22.9
3534757,91.4,60.5,29.7,4.8,1715.5,1212,23.2
3534807,94.6,63.3,28.6,5.6,1167.8,950,28.9
3534906,60.1,55.3,26.9,11.9,1561.6,1212,34.9
3535002,86.7,65.8,24.5,4.9,1569.6,1212,27.8
3535101,98,60.2,29.9,5.6,1390.3,1103,23.5
3535200,82.4,67.9,20.6,5.8,1515.3,1212,33
3535309,94.8,71.9,19.4,5.4,1582.7,1200,23.5
3535408,97.2,49.6,37.1,10.2,1347.7,1066.7,29.3
3535507,91.7,53.2,36.4,4.1,1546,1166.7,28
3535606,61.2,74.7,17.9,4.3,1390.5,1033.3,33.3
3535705,87.2,65.4,23,4.1,1744.5,1333.3,26.1
3535804,81.7,58.3,33.3,4.8,1580,1100,18.8
3535903,91.7,56.2,32.7,8,1515.7,1200,24.3
3536000,87,65.9,22.4,7.3,1490.2,1200,28.7
3536109,86.8,52.5,32.8,8.1,1633.4,1230,22.1
3536208,74.2,34.2,42.2,17.5,1435.1,1013.3,25.5
3536257,86.5,64.6,21.9,7.6,1359.3,1212,33.5
3536307,85.6,69.9,21.1,5.2,1342.6,1100,23
3536406,90.4,49.9,36.8,8.8,1196.6,955,24.6
3536505,99.1,53.9,27,9.3,2680.1,1750,16.1
3536570,75.4,59.8,30.3,9.6,1337,1075,30.3
3536604,88.2,62.6,22.6,6.4,1373.9,1100,28.2
3536703,93.6,53.5,35,6.3,1528.3,1200,22.7
3536802,27,72,21,4.8,1372,1200,27.6
3536901,62.3,62.3,27.7,4.6,1530.8,1250,31.3
3537008,79.6,56.9,17.6,9.9,1428.3,1164.8,26.5
3537107,98.3,68.3,20.2,7,1769.5,1366.7,19.1
3537156,90.4,71.4,22.2,4.7,1839.3,1350,21.1
3537206,65.8,44.7,35.6,13.9,1125.3,875,39.6
3537305,96.1,58.5,27,6.2,1737.7,1250,24.6
3537404,93.7,52.8,35.8,6.5,1619.1,1200,28.6
3537503,71.4,65.6,25.7,2,1397.5,1166.7,25.5
3537602,97.6,42.5,31,9.4,1407.1,950,36.7
3537701,92.4,64.8,28.1,4.5,1450.9,1212,26.3
3537800,57.1,56.1,31.4,8,1446.3,1190.7,25.6
3537909,79.4,55.6,31.1,7.2,1571.2,1200,22
3538006,96.3,57.7,28.7,6.2,1611,1125,26.7
3538105,94.9,64.3,25.1,3.3,1694.7,1300,25.2
3538204,60,68.7,22.1,2.7,1382.5,1150,32.2
3538303,81.3,68.8,22.5,6.1,1304.3,1137.3,34.3
3538501,91.8,75.2,19.9,1.4,1322,1005,37.5
3538600,82.3,66.5,22.2,6.6,1603.7,1243.5,22.8
3538709,97.9,52.2,30.9,9.4,2145.7,1450,21.5
3538808,93.7,74.3,17.4,3.3,1659.9,1212,27.4
3538907,81.5,54.5,30,10.3,1707.8,1200,32.1
3539004,92.4,70.3,21.7,3.9,1696,1306,22.9
3539103,96.5,40.1,37.8,16.7,1199.2,975,17.3
3539202,94.9,62.4,31,3.4,1547,1250,25.6
3539301,95.9,59.5,23.4,6.9,2014.5,1356,30.1
3539400,87.2,47.7,36.5,7.7,2157.6,1457.3,22.9
3539509,96.2,53.4,29.4,11.5,1363.5,1102.4,24.1
3539608,88.4,59.3,28,9.5,1363.8,1166.7,22.8
3539707,83.6,50,40.5,3,1317.5,1070.7,30.1
3539806,99.8,38.4,38.1,12.5,1476.6,1150,21.9
3539905,91.7,67,22.4,4.5,1589.5,1212,29.9
3540002,94.5,61.1,25.7,6.9,1904.1,1482,24.1
3540101,84.7,63.9,25,4.8,1724.9,1212,25.1
3540200,97.7,55.3,28.4,9.8,1384.1,1100,21.7
3540259,83.7,69.6,24.5,2.9,1217.5,1103,26.3
3540309,89.7,54.7,34.2,6.8,1493.4,1206,31.5
3540408,82.9,51.5,29.3,10,1340,1078,34.3
3540507,57.6,57.4,30.5,5.2,1451.2,1025,35.2
3540606,84.7,49.4,36.4,7.8,1626,1212,20.9
3540705,98.6,57.3,26.9,8.7,1719.4,1300,23.9
3540754,85.2,62.7,26.6,2.9,1092.8,866.7,19.6
3540804,91.5,64.3,26.7,4.4,1696.3,1275,21.2
3540853,50.9,62.4,28.4,3.3,1252.9,1100,35.2
3540903,92.9,59.2,25,13,1538.4,1200,25
3541000,99.7,46.4,26.7,12.8,1795.6,1200,27.2
3541059,80.8,44.3,36.9,10.6,1368.5,1166.7,19.7
3541109,87.1,44.9,45.9,5.5,1520.6,1200,31.5
3541208,68.2,71.3,20.3,5.5,1619,1240,35.2
3541307,92.6,57.7,30.7,6.6,1428.4,1056,33.3
3541406,97.6,60.5,28.7,5,2104.2,1365,23.2
3541505,94.5,64.5,26.8,3.9,1954.9,1356,30.5
3541604,85.7,49,40.8,5.5,1506.7,1150,26
3541653,44.5,61.8,30.6,3.6,1517,1166.7,28.5
3541703,95,56,33.1,8.3,1377.3,1050,27.5
3541802,91.5,59.1,32.7,5.4,1374.7,1120.7,20.8
3541901,90.3,69.4,22.9,3.5,1157.1,875,28.4
3542008,92.6,61.4,29.3,5.9,1452.5,1212,24.4
3542107,89.3,50.5,32.8,8.6,1616.6,1225,24.5
3542206,90.3,56.9,34.4,5.1,1424,1100,31.5
3542305,53.7,79.9,15.6,2.1,1108.7,800,39.7
3542404,92.6,72.1,20.9,4.6,1607.1,1212,25.3
3542503,68.2,55.1,29.5,8.5,1654.6,1300,25.7
3542602,87.3,33.9,39.1,17.8,1533.1,1066.7,23.8
3542701,82.6,57.1,30.6,6.4,1215,1000.5,19.7
3542800,53.2,44.4,41.3,12.6,1092.4,804,39
3542909,92.7,57.9,28.4,11,1436.3,1116.7,35.4
3543006,53.5,54.3,36.4,6.7,1023.3,793.5,23.8
3543105,82.6,66.7,24.2,4.8,1222.8,1008,22.9
3543204,79.5,82.7,14.5,1.8,1402.3,1120,28.7
3543238,86.7,77.7,18.9,1.1,1309.4,1150,34.8
3543253,40.3,78.1,19,2,1110.8,962.4,31.6
3543303,98.4,48.4,29.7,10.9,1660.3,1220,24.5
3543402,99.6,53.1,22.9,11,2507.3,1500,22.6
3543501,75,73.9,19.4,4.4,1032.7,808,39.3
3543600,88.5,49.5,27.2,12.7,1599.1,1233.3,24.4
3543709,83.1,63.4,23,3.6,1396.8,1166.7,29.2
3543808,83.5,69,21,7.5,1359.9,1080,29.7
3543907,98.6,50.5,32.1,8.2,2056.7,1466.7,22.3
3544004,96.2,50.8,40.1,4.2,1563.7,1250,19.5
3544103,93.7,45.2,34,11.1,1233.7,1000,23.6
3544202,71.5,73,20.6,2.1,1152.4,898.3,29.3
3544251,79.3,54.8,30.4,8.4,1598.7,1200,31.3
3544301,93.3,72.3,17.3,3.3,1393.1,1028.8,24.3
3544400,88.7,49.8,43.9,3.6,1214.4,1000,28.7
3544509,89.4,58.3,32,4.4,1417.4,1212,40.1
3544608,90,62.2,30.5,2.7,1431.5,1200,34.4
3544707,79.4,63,30.1,5.7,1184.8,1041.3,34.1
3544806,92.8,61.7,30.8,3.2,1449.6,1200,32
3544905,94.8,70.7,17.3,5.5,1668,1333.3,23.7
3545001,64.1,72.5,16,4.8,1326.1,1000,28
3545100,91.9,75.4,19.8,2.7,1280.7,1010,37.1
3545159,89.6,67.6,25.1,3.2,1814.9,1450,20.6
3545209,98.8,58.5,24.8,9.1,1902.9,1400,19.7
3545308,92.8,36.4,43.3,12.5,1536.7,1200,26.3
3545407,93.8,61.6,29.6,4,1320.5,1016.7,33.7
3545506,69.4,71.1,24.1,4,1322.6,1000,25.1
3545605,95.6,69.3,23.3,3.1,1450.2,1184.8,26
3545704,87.6,62,24.8,8.2,1489.3,1200,28.4
3545803,99.5,56,32,5.3,1877.3,1500,21.6
3546009,84.9,63.6,27.7,4.4,1448.8,1093.3,29.8
3546108,78.3,62.8,26.2,6.6,1467.8,1206,28.8
3546207,81.3,65.8,20.7,5.7,1761.7,1325,28
3546256,76,62.2,29.2,2.5,1486.5,1067.2,31.1
3546306,97.7,70.4,22.3,4.9,1607,1212,23.4
3546405,93.3,73.4,21.2,2.2,1738.8,1333.3,21.6
3546504,96.3,60.3,28,8,1533.3,1212,25.8
3546603,96.9,53.8,30.5,6.4,1938.3,1404,26.3
3546702,98.9,54.8,34.9,5.7,1593,1266.7,14.1
3546801,79.6,49.4,34.2,7.4,1412.6,1066.7,25.6
3546900,97.4,62.1,26.7,8.3,1388.3,1175,23.7
3547007,92.7,59.8,28.9,9.1,1491.6,1200,26.8
3547106,90.4,57.4,33.2,8.3,1549.9,1103,29.2
3547205,73.7,59.4,27.2,7.5,1574.5,1212,34.7
3547304,99.1,46.1,30.3,13.6,3465.1,1500,12.9
3547403,77.2,75.4,17.1,2.5,1350.3,1200,32.5
3547502,92.5,61.4,25.7,4,1753,1300,31.3
3547601,96.7,61.3,25.8,8,1588.1,1200,27.3
3547650,71.4,62,32,2.2,1589.3,1333.3,30.7
3547700,93.5,64.3,26.5,3.5,1557.9,1200,38.5
3547809,99.9,51.2,26.2,10.2,2460.9,1625,19.2
3547908,80.9,73.9,18.5,3.9,1366.5,1150,32.9
3548005,93.4,56.2,22.6,17.4,1423.4,1200,17.4
3548054,80.3,56.9,35.8,2.8,1499.8,1213.3,28.4
3548104,64.9,75.1,16.2,3.2,1487.8,1212,24.8
3548203,49.1,70.2,15.7,8.5,1728.6,1212,26.4
3548302,89.3,66.8,25.1,4.4,1258.5,1114.8,36.1
3548401,96.5,61.2,30.6,4.5,1254.5,1156,27
3548500,99.9,59,14.4,10.5,3237.5,2000,30.5
3548609,53.9,80.2,12.4,3.2,1710.3,1166.7,28.3
3548708,99.5,51.2,26.2,11,2229.4,1500,19.3
3548807,100,57,18.7,9.2,3884.6,2500,19
3548906,97.9,54.9,23.8,10.8,2281.3,1475,21.5
3549003,77.1,66.7,22.7,4.5,1574.4,1212,30.8
3549102,95,61.8,22.6,5.6,1961.8,1350,25
3549201,77.4,77,19,2.9,1560.4,1212,28.9
3549250,82.8,55.9,32.8,4.2,1454.4,1182.4,29.6
3549300,87.8,77.6,16.6,1.6,1578.4,1212,35.3
3549409,98.6,63.5,23.4,6,1577.2,1233.3,26.3
3549508,91.6,63.4,24.9,7.3,1171.9,1000,26
3549607,71,76.5,15.9,4.7,1251.8,799.8,35.7
3549706,90.7,79.1,14.2,2.7,1547.4,1200,30.5
3549805,99.2,51,28.6,7.9,2410.1,1500,19.9
3549904,98.7,58.6,25.4,7.8,2276.8,1333.3,22.3
3549953,52,55,27,10.4,1374.6,1000,21.5
3550001,55.6,77.9,15.7,3.4,1465.9,1085,35.6
3550100,95.6,62.2,28.1,4.9,1448.7,1175,27.1
3550209,68.1,59.6,28.8,5.8,1302.8,1000,24.2
3550308,99.9,50.7,23.2,13.5,2713.4,1340,18.4
3550407,96.2,48.1,32.5,9.2,1747,1350,27.2
3550506,76.1,65.1,27.8,4.4,1416,1106,24.6
3550605,90.2,55.1,26.1,9.1,2014.7,1313.5,23.2
3550704,98.4,45.3,28.8,14.4,1607.6,1133.3,20.9
3550803,77.6,73.8,20,3.7,1428.6,1200,26.4
3550902,91.2,63.1,23.7,7.4,1642.7,1212,27.5
3551009,99.9,45.7,27.9,13.8,1451.9,1073.3,30.1
3551108,72.6,61.9,26.4,3.8,1495.2,1142.4,27.1
3551207,88.7,59.9,33.1,4.3,1165.1,980,30.9
3551306,83.3,75,19.8,2.7,1667.4,1300,24.9
3551405,93.9,53.6,30,8.3,1340,1033.3,24.8
3551504,99.3,62.3,22.5,9.9,1283.5,1075,20.9
3551603,84,62.9,21.8,5.4,1836.4,1337,27.4
3551702,99.1,50.9,29.7,9.7,1797.6,1333.3,20.4
3551801,56.9,38.5,42.7,14.2,1004.1,800,30
3551900,95.3,62.5,26.1,7.4,1360.3,1150,21.6
3552007,52.2,80.9,15.3,1.7,1153.4,802.8,32.5
3552106,61.4,65.1,21.7,6.6,1787.7,1325,25.6
3552205,99.3,47.9,32.6,9.7,2165.3,1433.3,20.8
3552304,87.5,64.5,28.4,4,1361.7,1100,26.8
3552403,99.6,44.4,34.2,12.1,1586.3,1200,16.6
3552502,98.7,39.4,36.1,12.6,1407.5,1000,20
3552551,77.6,54.8,33.3,7.8,1343.1,1212,27
3552601,92.7,68.7,20.6,4.1,1674,1250,25.8
3552700,90.8,64.1,23.8,6.6,1493.4,1200,24.3
3552809,100,52.5,24.5,12.1,1740.2,1250,15.9
3552908,83.3,72,24.9,2.5,1391.1,1133.3,26.8
3553005,90.7,66.4,23.7,3.7,1290.2,1093,20.5
3553104,93.2,66.7,24.6,6.6,1340.5,1133.3,27.3
3553203,79.2,70.8,21.6,3.8,1644.9,1212,29.1
3553302,91.4,65.1,20.7,5.5,1702.6,1250,26.5
3553401,91.1,63.9,26.9,3.7,1480.4,1212,25.6
3553500,70.7,32.4,44.4,16.2,1156.4,904,31.1
3553609,87.3,75.1,17.6,3,1422.4,1200,33.7
3553658,95.6,72.2,19.6,7.5,1606.6,1200,23.3
3553708,95.7,61,24.9,7.4,1620.2,1212,28.9
3553807,83.9,66.4,24.6,5.1,1515.3,1102,19.7
3553856,50.3,66.1,26.7,5.3,1253.5,935.3,23.3
3553906,92.3,67.7,25.2,4.2,1266.7,1018,25.7
3553955,96.5,55.3,38.9,2,1308,1100,20.6
3554003,96.9,43.5,40.8,7.5,1558.1,1200,23.9
3554102,98.3,60.5,24.4,6.3,1941.5,1275,24.7
3554201,71.2,72.7,21.3,4.2,1042.1,870.7,30.5
3554300,84.5,61.2,33.2,2.6,1337.3,1050,25.2
3554409,96.5,66.8,25.3,3.7,1605.5,1212,27.3
3554508,90.8,69,21.1,5.8,2011.6,1400,26.1
3554607,76.5,70.6,20.8,5.3,1241.6,972,34.9
3554656,82.7,25,59.4,10.6,1344.7,1175,39
3554706,86.4,77.8,16.9,2.8,1525.2,1200,25.1
3554755,92.4,64.6,22,7,1217.8,1000,26.4
3554805,82.9,55.1,24.5,7.7,1946.4,1200,25.6
3554904,90.5,56.4,33,5.2,1569.2,1212,29
3554953,47.3,68.2,24,0.8,1438,1181,30.5
3555000,94.9,55.3,32.1,6.2,1848.9,1250.8,27.7
3555109,78,64.8,22.9,7.5,1947.5,1328,30
3555208,82.6,72.6,19,3.3,1691.1,1228,34.5
3555307,75.6,74.9,16.9,3.9,1793.1,1387.3,33.8
3555356,94.4,60.3,29.4,7,1156.1,1004,22.4
3555406,93.6,40.8,32.5,14.8,1615.6,1125,22.7
3555505,79.3,55.6,39.5,3.1,1339.2,1050,23
3555604,93.2,66.9,21.1,3.9,1576,1212,26.6
3555703,80.9,75.6,21,1.8,1330,1175,20.7
3555802,87.5,68.4,24.6,3.2,1502.8,1212,27.9
3555901,84,55.9,33.9,9,1490,1106.3,30.7
3556008,93.1,70.3,22.7,3.6,1630.4,1263,23.3
3556107,91.8,60.8,26,4.5,1475.2,1212,21.5
3556206,96.5,56,23.9,8.6,3127.3,1975,16.5
3556305,96.9,49.2,41.1,6.5,1439.3,1160,22.7
3556354,64.4,61.8,27.6,5,1452.8,1200,22.5
3556404,95.6,63.7,27.3,3.6,1350.1,1066.7,23.2
3556453,98.9,50.9,25.8,13.9,1929.6,1242.4,17.9
3556503,99.7,52.6,31.2,10.9,1446.6,1200,18.5
3556602,88.3,71.5,20.3,3.9,1513.7,1178,30.1
3556701,98.7,58,24.2,7.3,3247.8,1856,15.8
3556800,97.2,54.9,34.4,5.1,1399.3,1178,22
3556909,94.5,62.6,27.5,7.5,1473.3,1200,18.2
3556958,84.3,68.6,28.8,0.9,1415.5,1212,21.9
3557006,97.7,44.8,38.8,9,1837.4,1284.8,22
3557105,97.2,54.6,28.8,5.9,1789.4,1276.7,25.2
3557154,81.4,65.6,25.5,4.8,1437.8,1200,30.6
3557204,97,55.8,35.6,5,1348.5,1100,32.2
3557303,92.7,59.8,30.4,4.5,1645.5,1225,22
4100103,75.6,81.9,14.3,1.9,1096.8,920,38.4
4100202,33.1,38.9,47.6,9.4,1182.1,808,33
4100301,41.4,66.6,26.4,4.3,1296.4,1000,28.6
4100400,95.6,53,33.1,7.4,1352.6,1066.7,16.1
4100459,54.2,81.7,16.4,1.7,1382.2,978,27.8
4100509,79,74.3,21.8,2.7,1363,1204,29.9
4100608,86.4,76.5,18,2.8,1448.9,1133.3,25.6
4100707,87.6,79.2,15.6,3.6,1180.6,904,39.4
4100806,88,78.7,17.3,2.5,1538.6,1200,28.4
4100905,85.1,73.7,19.9,1.7,1067.5,933.3,28.1
4101002,80.7,84.6,12.9,1,1815.1,1250,20
4101051,81.1,83.4,12.3,3.5,1370.3,1212,27.5
4101101,95.6,70.6,21.9,4.8,1578.2,1212,28.6
4101150,83.4,68.1,26.2,3.3,1394.7,1103,22.7
4101200,86.7,41.3,41.7,10.2,1211.8,900,38.7
4101309,17.3,86,11,1,1190.3,903,35.8
4101408,96.8,63.4,27.6,4.7,1770.3,1311,20.9
4101507,98.1,65,26.9,4,1778.1,1333.3,19.1
4101606,87.1,66.7,29.1,3.1,1526,1070.7,20.5
4101655,58.5,83.4,14.2,1.9,1226.8,933.3,31.8
4101705,84.9,77.4,20.2,1.2,1513.6,1212,25.6
4101804,92.1,55,31.6,7,1601,1250,16.7
4101853,44.9,82.4,16,1.4,1383.1,1119.3,34.1
4101903,90.3,64.6,25,5,1275.4,1040,30.3
4102000,90.3,78,17,3,1672.2,1212,23
4102109,92.6,67.2,27.1,2.3,1554.9,1212,23.2
4102208,84.5,78.9,15.5,1.8,1709.4,1237.3,23.7
4102307,54.9,67.7,26.9,2.7,1606.3,1300,22.8
4102406,92,70.9,24.1,2.5,1502.1,1066.7,26.7
4102505,81.1,75.3,20.8,3,1309.8,1041.3,34.8
4102604,75,71.5,22.8,3.5,1469.9,1100,35.3
4102703,74.8,82.1,16.1,1,1473.1,1206,33.5
4102752,38.1,75.3,23.5,1.2,1750.4,1212,26.2
4102802,95.4,74.6,20.8,2.6,1399.3,1075,27.5
4102901,65.7,77.4,19.4,1.9,1382.6,1125,21.2
4103008,87.8,82.8,14.9,1,1556.1,1212,26.2
4103024,44,89.6,9.9,0.4,2185.3,1212,17.8
4103040,31.4,85.6,12.8,1,1567.9,1070.7,20.1
4103057,69.3,81.7,15.9,1.3,1272.2,1072,26.4
4103107,57.7,57.1,36.6,3.3,1328.2,1050,25.5
4103156,37.6,77.7,19.7,1.7,1545.1,1212,30.6
4103206,87.9,74,18.8,5.4,1387.3,1170.7,26.4
4103222,54.3,91,8.2,0.3,1788.3,1237.3,21.7
4103305,85.2,82,15,2.1,1549.5,1187.5,31.1
4103354,68,87.2,12.3,0.5,1317.3,1182.4,25.7
4103370,87.6,80.9,16.1,2.6,1443.7,1202,25
4103404,82.9,82.3,17.5,0.2,1490,1200,26.5
4103453,90.3,81.7,14,2.6,1712.3,1375,16.5
4103479,82.4,73.8,21.4,4.5,1393.3,1200,26
4103503,85.4,80.1,16.7,2.2,1415.6,1200,23.9
4103602,95.1,75.6,19,3.1,1436.1,1123.8,25.9
4103701,97.7,61.6,29,5.1,1753.9,1280,22.3
4103800,86.7,72.1,19.6,5.7,1625,1212,20.5
4103909,87.6,75.2,21.5,2.8,1619.9,1200,25.8
4103958,39.3,86.9,9.2,0.3,1316.2,842.9,22.9
4104006,87.1,50.1,36,8.6,1514.1,1212,17.5
4104055,61.6,82.6,15.3,1.4,1444.6,1141.3,29.2
4104105,64.6,71.2,26.4,1.7,1119.4,904,22.5
4104204,89.2,68.3,21.5,5.5,1755.1,1304,20.1
4104253,85.1,61.7,26.8,6.4,1402.4,1166.7,16
4104303,96.8,62.8,28.2,5.6,2064.3,1400,18.8
4104402,36.4,78.3,18.9,1.7,1245.4,833.3,30.6
4104428,55.6,83.1,15,0.7,1389.2,1000,22
4104451,75.3,80.5,15.9,2.1,1380.1,981,24.6
4104501,71.4,76.8,19.7,2.5,1827.3,1275,26.1
4104600,81.5,81.2,16.1,1,1698.4,1250,23
4104659,80.1,60,34.2,1.7,1600.6,1200,15.8
4104709,72.7,73.5,19.8,4,1441.3,1100,28.2
4104808,96,64.2,24.9,6.1,2217.3,1500,16.1
4104907,78.1,60.8,31.7,4.3,1568.4,1110,17.3
4105003,61,84.2,14.2,0.9,1376.5,1035.3,22.5
4105102,85.7,70.5,23,4.5,1244.5,1053,33
4105201,39.3,48.9,43.9,5.4,935,630,38.7
4105300,81.1,71.5,25.4,1.8,1771.2,1306.7,20.4
4105409,70.3,82.6,14.1,2,1839,1250,20.1
4105508,91.6,65.3,26.1,5,1868.1,1366.7,19.1
4105607,95.1,74.9,20,3.5,1589.3,1200,22.8
4105706,89.7,72.2,21.6,2.8,1590.9,1070.7,25.3
4105805,95.3,50.1,33.7,10.3,1526.6,1212,15.8
4105904,93,70.5,23.4,3.8,1845.2,1332.3,23.5
4106001,62.5,74.3,21.4,2,1207.3,850,34.8
4106100,69.5,57,24.8,15.9,1357.6,1067.2,34.2
4106209,64.6,72.6,21.4,3.5,1234.2,1000,24
4106308,87.8,79.6,16.3,2.4,1707.2,1251.3,22.2
4106407,96.2,67.6,25.6,2.4,1920,1366.7,26.6
4106456,35.9,71.4,23.5,2.2,1162.7,800,25.1
4106506,76.1,72.9,21.8,3.3,1923.4,1356,20.3
4106555,66.2,72.4,21.6,4.7,1220,1000,34.8
4106571,66,85.1,12.1,1.5,1665.8,1224,28.2
4106605,89.6,60.6,34.1,3.2,1571.3,1200,25
4106704,80.9,73.9,21,2.9,1407.9,1066.7,27.7
4106803,35.8,84.8,12.1,1.4,1245.4,950,29.5
4106852,59,79.1,18.6,1.7,1308.8,1212,31.4
4106902,100,55.5,25.5,10,3137.9,1850,21.6
4107009,76,68.5,25.8,4.1,1174.7,925,33.9
4107108,82.9,62.7,33,2.4,1508.1,1212,33.8
4107124,44.7,73.5,22,2.4,1190.7,933.3,32.3
4107157,53,65.1,21.9,6.7,1469.3,1200,26.7
4107207,80.9,79.9,15,3.6,2032.6,1500,18.3
4107256,80.2,79.7,17.7,0.6,1609.1,1212,18
4107306,90.4,73.9,21.8,2.5,1607.3,1262,30.9
4107405,36.7,91.1,7.5,1,2212,1308,20.8
4107504,90.9,75,21.3,1,1697.4,1212,26
4107520,64.4,78.7,16.6,4.4,1417.1,1212,30
4107538,73.5,71.5,26,1.8,2240.1,1660,21.9
4107546,47.4,75.9,16.5,2,1363.5,1000,27.3
4107553,70,85.3,13.4,1.3,1519.7,1100,25.7
4107603,88.9,62.2,30.4,5,1453,1003,23.2
4107652,98.5,48.3,35.5,9.8,1448.4,1200,11.7
4107702,88.3,70.9,21.3,5,1434.1,1128,31.4
4107736,45.7,78.5,18.3,2,1162.7,906,33.1
4107751,85,63.2,28.8,6.2,1371.3,1050,36.1
4107801,94.3,83.5,14.4,0.6,1468.8,1212,29.1
4107850,47.3,74.5,23.5,1.3,1957.6,1212,29.2
4107900,97.5,61,30.6,4.9,1457.4,1200,17.8
4108007,93.8,72.5,25.1,1,1226.3,1000,28.1
4108106,91.9,72.3,25.8,1.1,903.9,800,43.9
4108205,73,85.3,12.1,1,1600.3,1212,30.8
4108304,99.4,51.7,29.4,8.6,1910.8,1250,18
4108320,83.5,68.2,25.1,3.7,1363.9,1164.8,24.3
4108403,87.5,73.2,19.1,4.9,2277.7,1566.7,17.6
4108452,75.4,67.6,28.3,2,1270.6,1000,26.5
4108502,76.8,78.1,18.7,2.4,1246.3,1000,27.3
4108551,53.7,80.4,17.2,2,1320.6,1018,40.7
4108601,92.7,71.2,24.2,2.7,1577.2,1200,23.7
4108650,37.7,85.6,12.3,1.3,1183.1,803,33.4
4108700,60.6,76.2,22.3,1.2,1258.2,931,31.2
4108809,89.4,50,37.4,6.2,1631.7,1206,22.2
4108908,84.9,70.5,24.7,3,1274.8,1064.8,23.9
4108957,31.5,76.7,21.7,0.4,1305.1,1025,26
4109005,77.7,70.4,20.4,7.5,1337.6,964.8,24.3
4109104,80.7,71.8,18.5,9.4,1850.3,1314.3,24.6
4109203,82.3,68.2,27.9,2.5,1709.3,1341.3,23.3
4109302,58.9,80.6,15.1,2.5,1490.3,1150,26.4
4109401,93.1,72.6,20.8,3.4,1703.8,1200,17.8
4109500,36.9,33.2,52.8,12.3,974.1,692.4,39.5
4109609,91.7,49.8,33.2,6.9,1685.4,1166.7,31.9
4109658,46.2,86.1,11.8,0.6,1708.9,1212,22.4
4109708,81.6,60.9,31.7,4.2,1437.9,1150,28.2
4109757,83.8,78.4,19.1,1.2,1329.3,1003,25.8
4109807,98.1,61.9,30.7,4.3,1651.7,1212,22.7
4109906,79.2,74.1,20.5,2.5,1338.6,1150,28.2
4110003,91,54,38.7,4.8,1388.7,1150,21.8
4110052,71.9,82.8,14.5,1.6,1480.2,1200,30.1
4110078,67,61.1,31.4,3.4,1176.6,925,25.2
4110102,72.9,63.6,34,1.2,1254.1,1000,19.1
4110201,63.6,72.7,22.3,2.8,1124.1,800,28.7
4110300,94.4,62.2,29,7.1,1139.9,900,34.9
4110409,82.2,80.1,17.2,1,1380.2,1200,24.3
4110508,36.7,86.1,11.9,0.5,1507.4,1100,20.7
4110607,85.4,71.4,24.2,2.8,1543.1,1206,25.9
4110656,82.9,84.4,14.5,0.3,1353.3,1170.7,27.6
4110706,82.4,79.8,14.1,2.6,1765.5,1220,22.1
4110805,64.4,80.8,15.6,1.9,1310.7,1030.6,27.8
4110904,78.2,76.4,20.4,1.4,1391.9,1159,28.1
4110953,70.7,67.9,26.2,4.5,1555.6,1212,16.6
4111001,84.9,70.4,23.2,4.5,1287.6,962.4,37.6
4111100,95.2,78.3,17.2,2.3,1537,1284,23.3
4111209,73.9,84.7,12.5,1,1613.1,1212,22.7
4111258,83,54.8,33.4,8.1,1035.2,900,16.3
4111308,81.8,68.2,23,5.4,1251.4,1102.4,32.5
4111407,49.5,82.3,14.1,0.9,1289.2,931,22.2
4111506,90.4,68.7,24.3,4.4,1764.6,1212,26.2
4111555,83.1,79.2,17.3,2.3,1318.3,1132.5,27.4
4111605,85.9,58.2,38.2,2.5,1780.2,1241.7,27.3
4111704,64.9,71.3,23.8,3.7,1482.4,1071.5,35
4111803,93.3,67.5,25,4.8,1591.9,1189.3,27.8
4111902,92.2,60.7,30.9,4.1,1517.3,1218,19.8
4112009,89.1,49.5,40.4,7.4,1418.4,1047.5,22
4112108,92.4,76.6,19.4,1,1763.4,1308,24.3
4112207,68.1,84.3,11.6,3,1208.6,1004,34
4112306,60.2,72,22.5,4.3,1339.9,1100,32.8
4112405,93.4,80.9,14.5,3.9,1684.6,1275,25.5
4112504,67.7,77.7,19.5,1.9,1312.6,1133.3,31.8
4112603,69.3,69.4,26.3,3.2,1120.7,920,30
4112702,93.7,62,27.2,7.2,1263.4,1000,26.9
4112751,80.6,80.9,14.9,1.9,1610.6,1212,26.7
4112801,79,75.3,19.5,3.5,1481.8,1200,25.1
4112900,62.9,78.7,19.2,1.7,1278.7,960,33.8
4112959,83.7,76.8,19.8,2.6,1524.8,1200,23.1
4113007,92,64.1,26.6,7.4,1489.4,1225,23.9
4113106,76.8,90.1,8.4,0.4,1400.1,1192.4,32.1
4113205,61,80.4,13.6,2.6,1508.1,1147.3,27.1
4113254,41.7,83.7,14.4,0.5,1001.7,800,30.9
4113304,84.4,79.4,14.2,3.4,1801.7,1200,21.1
4113403,66,80,15.6,2.6,1313.8,1100,34.3
4113429,69.7,75.6,20.2,1.2,1256.6,1070.7,34.7
4113452,62,76.5,20.6,1.8,1258.4,1120,30.5
4113502,92.8,66.4,27.6,2.4,1760.1,1250,19.9
4113601,92.3,67.9,25.4,4.5,1604.4,1212,36.8
4113700,97.2,54.2,32.4,6.8,2332.5,1500,20.8
4113734,74.5,72.6,23.3,2.3,1271.3,942.4,24.7
4113759,78.5,74.2,21.6,3.4,1265.3,1006,36.9
4113809,93.4,66.3,27.4,4.3,1332,1133.3,30.8
4113908,60.8,91.6,7.4,0.5,1481.2,1150,24
4114005,80.8,72.2,22.8,3.7,1688.6,1203,19.8
4114104,95.9,58.5,32.3,5.7,1651,1256,17.7
4114203,95.4,62.6,30,4,1604.9,1233.3,23.9
4114302,45.3,69.5,23.8,3.2,1269.6,1000,25.4
4114351,29,87,11.6,0.9,1680,1212,26.3
4114401,60,72.6,23.4,1.7,1500.5,1141.3,21.2
4114500,58.6,84.8,11.8,0.8,1828.4,1242.4,18.1
4114609,86.1,53.4,40.2,4.3,2069.1,1500,17.1
4114708,73.5,73.8,22,2.3,1434.2,1200,27.4
4114807,87,69.4,24.5,3.1,1696.2,1300,19.2
4114906,79.6,74.2,20.1,3.8,1533.2,1187.5,26.6
4115002,79.6,68.6,24.2,4.7,1287.3,1163,27.5
4115101,85.9,69.9,25.8,3.3,1300.3,1046.7,26.7
4115200,99.4,59.3,27.9,6.9,2647,1766.7,18.8
4115309,73.4,82,16.2,0.6,2076.6,1250,19.2
4115358,66.5,58.5,39.1,1.7,1580.5,1212,22.7
4115408,70.9,81.5,15.1,1.8,2013.8,1250,19.8
4115457,32.8,91.3,6.6,1.8,1563.7,1100,23.6
4115507,90,81.3,14.2,2.7,1424.6,1204,26.6
4115606,77.3,71.1,25.1,2.6,1633.1,1300,15.7
4115705,99.1,50.3,29.9,11.2,1729.3,1200,28.6
4115739,28.1,87.9,11.1,0.2,1179.6,900,30
4115754,87.6,56,35.5,6.1,1055.6,820,22.4
4115804,91.6,68.7,23.4,5.8,2049.1,1500,18.2
4115853,58.2,53.4,43.4,2.3,1778.1,1278.7,19
4115903,66.8,69.9,25.9,3.9,1214,975,26
4116000,84.9,79.8,19.3,0,1212.4,1125,25.3
4116059,61.3,81.9,13.8,2.9,1858.6,1433.3,23.6
4116109,85.8,74.4,23.6,0.9,1204.3,970.7,39.9
4116208,56.3,42.7,40.3,12.6,1394.1,1000,28.1
4116307,84.5,76.3,19.7,1.5,1704.2,1212,22.8
4116406,84.4,69.7,23.7,5,1612.6,1250,37.6
4116505,73.1,78,17.4,3.2,1455.9,1071,27.7
4116604,81,66.8,26.6,2.3,1149,950,29.4
4116703,81.3,81.6,15.5,1.4,1730.4,1269.6,20.5
4116802,66.3,84.8,12.3,2,1355.9,1000,25.9
4116901,93,64,30.4,3.2,1663,1250,21.4
4116950,39.5,89,9.7,0.3,2953.3,1496,14.2
4117008,89.3,69,26.8,3,1230.3,928,36.1
4117057,25.3,82,11.5,0.8,1149.5,700,29.2
4117107,92.3,71.4,24.8,2.1,1559.2,1212,21.9
4117206,91.1,71.6,23.5,4.4,1374,1133.3,30.4
4117214,88.3,66.7,30.3,1.1,1183.3,900,31.5
4117222,77.4,38.5,58.3,1.7,1713.6,1261,22.5
4117255,65.9,90.8,7.8,0.8,2106.7,1300,17.9
4117271,44.1,80.1,18.5,1,1473.6,1000,28.8
4117297,67.6,84.2,10.3,3.6,1568.1,1212,29.5
4117305,54,58.8,33.5,5.6,1156.6,833.3,26.6
4117404,94.8,71,21.1,5.6,1624.6,1200,28.6
4117453,74.4,78.6,15,5.2,1323.9,1112,22
4117503,98.8,62.6,30.9,3.2,1423.9,1212,16.5
4117602,90.1,75.1,20.3,1.6,1515.4,1050,16.9
4117701,64.5,62.6,29.6,4.9,1563.7,1212,24.1
4117800,56.9,78.4,18.1,1.4,1265.4,808,31.1
4117909,91.4,72,22.7,2.3,2272.9,1525,16.5
4118006,92.4,75.6,21.3,1.7,1575.8,1250,20.3
4118105,94.3,71.1,22.5,3.3,1362,1083.3,24.9
4118204,95.7,38,40.2,12.9,1570.8,1125,22.3
4118303,91.8,61.7,34.4,1.9,1089.8,887.4,25.9
4118402,96.6,64.5,26.1,5.3,1810.9,1300,20.5
4118451,71.1,67.5,30.5,0.9,1801.4,1450,20.6
4118501,95.1,72.6,19.8,4.4,2309.9,1604,16.3
4118600,46.9,82.5,14.8,1.4,1665.2,1212,22.8
4118709,35.3,87,11.7,1,1462.1,1125,28.3
4118808,89,72.2,21.5,3.4,1549.5,1200,26.4
4118857,80.5,69.2,25.6,3.9,1393.3,1185.7,23.7
4118907,88.6,71.1,22.4,3.5,1485.9,1200,24.8
4119004,57.5,80.4,18.1,1.6,2376.5,1500,23.6
4119103,44.4,80.1,16.9,1.9,1421.4,1200,24.2
4119152,100,50.2,29.6,11.6,2122.8,1404,17.8
4119202,65.8,75.6,21.5,1.7,1351.4,1021.5,31.1
4119251,45.9,88.7,9.6,1.6,1639.1,1200,39.7
4119301,62.5,76.7,18.8,2,1121.8,800,26.4
4119400,74.8,72.7,22.6,3,1409,1000,21.1
4119509,91.5,39.2,36.2,13.3,1420,1100,18.2
4119608,68.5,86,10.6,1.6,1584.1,1100,20.9
4119657,86.4,70.3,27.8,0.9,1609.5,1212,23.8
4119707,70.5,79.4,18.8,1.2,1178.6,960.6,30.6
4119806,54.1,77.3,20.1,1.7,2090.8,1400,23.9
4119905,98.2,59.9,28,5.5,1891.7,1250,20.8
4119954,98.5,52.6,28.7,9.9,1644.8,1212,32.7
4120002,95,63.7,30.9,3.1,1614.5,1200,31.2
4120101,86.5,62.8,32.2,3.3,1567.7,1200,25.6
4120150,30.3,87.1,11.8,0.4,1915.7,1266.7,19.6
4120200,79.7,64,29.1,5.3,2008.5,1474.7,17.1
4120309,56.1,74,23.1,0.9,1212.7,953,38.3
4120333,94.3,53.5,27.5,7.3,1321.8,1030,23.2
4120358,73.3,78.6,16.2,2.1,2502.7,1500,17.4
4120408,93.3,68.2,26.7,3.1,1492.2,1212,19.7
4120507,90.9,72.5,22.3,3.7,1561.9,1212,31.1
4120606,54.7,88.2,9.4,1.2,1411.2,1095,25.6
4120655,67.6,84.4,13.8,0.7,1287.6,1070.7,21.8
4120705,93.3,77.9,18.8,1.4,1506.5,1200,27.9
4120804,89.9,44.7,36.2,9.3,2002.9,1375,16
4120853,68.4,76.2,21.4,1.9,2437.1,1833.3,19.7
4120903,70.6,82,14,2.2,1425,1075,23.9
4121000,68.3,73.8,22.8,1.8,1373.7,1080,29.2
4121109,75.1,66.7,29.5,2.3,1463.1,1200,27.9
4121208,29.1,74.3,21.1,2.8,1211.3,980,28.6
4121257,59.1,70.8,23.2,4.8,1123,960,22.6
4121307,89.7,65.5,30.4,1.8,1381.1,1100,37
4121356,87.2,81.8,16,0.3,1077.1,866.7,39.2
4121406,79.9,83.3,12.3,2.7,2238.9,1440,19.7
4121505,59.8,80.6,17.3,1,1322.8,933.3,28.5
4121604,59.7,81.6,15.2,1.9,1626.9,1200,28.2
4121703,65.2,79.5,17.5,1.8,1228.7,900,22.9
4121752,61.2,64.5,31.5,3.5,1098.2,808,26.4
4121802,72.1,72.2,21.5,3.8,1565.8,1212,29.8
4121901,88.9,75.7,19,2.2,1275.6,900,31.9
4122008,42.3,89.6,8.4,0.8,1310.3,875,27.4
4122107,71.5,74,21.6,2,1418.2,1187.3,33.8
4122156,36.6,81.8,16.9,0.2,1218.7,866.7,27.1
4122172,53.5,71.9,26.4,1,1163.3,933.3,29
4122206,72.3,49.5,32.5,7.9,1030.5,825,19.9
4122305,82.2,77.3,16.2,3.6,1799.2,1333.3,23.1
4122404,96.5,59,30.5,6,1663.4,1250,20.7
4122503,69.7,84.3,14.2,0.6,1350,1100,25
4122602,85.6,78.7,14.9,5.3,1514.9,1212,23
4122651,50.1,76.8,18.7,3.3,1324.5,1033.3,32.6
4122701,90.3,62.9,30.1,3.8,1580.5,1300,20.3
4122800,62.9,76.9,22.3,0.5,1866,1325,23
4122909,77,79,16.2,3.4,1385.5,1082.4,31
4123006,63.3,90.8,7.7,0.7,1938,1212,24.3
4123105,75.3,74.8,22.4,1.1,1219.4,904,38.3
4123204,88.9,57.3,32.3,7.1,1194,1000,28.9
4123303,76.5,72.7,21.9,2.8,1566.9,1205,24.7
4123402,91.3,72,23.6,2.8,1458.5,1200,23.7
4123501,70.9,71.6,23.9,2.9,2128.3,1400,15.9
4123600,62.9,84.2,11.3,0.4,1333.8,1050,28.5
4123709,86.8,77.5,18.3,2.3,1425.9,1200,36.6
4123808,64.7,88.5,9.6,0.9,1908.6,1250,22.5
4123824,68.6,79.8,18.8,1.2,1305.2,1207.2,29
4123857,30.6,82.9,15.6,0.3,1045.4,770.7,32.3
4123907,86.2,74.5,20.5,2.9,1464.3,1133.3,38.1
4123956,75.4,73.4,21.2,4.3,1158.6,983.3,28.4
4124004,71.8,85,13.2,0.9,1360.9,1066.7,27.2
4124020,90.2,74.6,19.1,3,1489.9,1160,17
4124053,90.7,65.7,27.5,3.7,1690.2,1270.7,19.8
4124103,89.6,65.7,27.1,4.2,1439.7,1053,23.3
4124202,82.6,86.6,9.5,1.8,1309.1,1106,33.3
4124301,83.5,75.6,21.3,1,1340.4,1070.7,37.3
4124400,74.7,67.6,19.9,3.8,1734.9,1212,22.2
4124509,88.4,72.4,25,0.9,1660.5,1212,24.7
4124608,96.7,73.8,21.1,3.6,1514.8,1212,24.1
4124707,56.8,56.5,33.8,6.1,1168.9,844.8,33.3
4124806,74.6,83,15.3,1.4,1693.1,1233.3,36.7
4124905,88.6,71,22.1,4.2,1220.4,941.3,39.2
4125001,85.3,70.2,23.4,4.4,1435.3,1208,33.3
4125100,30.6,80.3,15.5,2.5,1474.3,1053,25.2
4125209,66.3,82.7,14.5,1.6,1829,1200,22.1
4125308,89.5,80.2,16.4,2.5,1785.3,1308,25.8
4125357,75.7,79,17.4,2.1,1373.7,1200,42.3
4125407,63.1,78.4,18.8,2.2,1395.2,965,28.6
4125456,64.6,72.1,24,2.2,1557.1,1212,27.6
4125506,93.8,53.1,30.2,9.3,1823.7,1333.3,15
4125555,76.4,80.3,17.3,1,1301.9,1212,30.7
4125605,61.3,80.9,15.1,2,1568.4,1180,22.9
4125704,74.5,73,20.4,3,1733.8,1225,18.4
4125753,68.6,77.4,18.3,3.1,1479,1200,24.6
4125803,90,81.7,14.8,1.8,1588.6,1212,28.6
4125902,68,71.4,25.3,1.4,1682.3,1333.3,26.6
4126009,90.5,66.4,25.3,5.7,1305.3,920,35.7
4126108,90.7,70.7,24.3,3.7,1352,1180,30.9
4126207,61.6,75.8,19.6,3.6,1074.2,808,35.2
4126256,99.5,53,36,6.6,1461.6,1212,15.4
4126272,64.6,78.5,17.4,2.7,1875.4,1212,15.9
4126306,83.4,45.9,41.9,8.6,1316,1025,24.6
4126355,62,79.9,15.6,0.9,1991,1500,19.2
4126405,90.6,64.8,26.7,5.1,1730,1212,28.5
4126504,94.1,66.9,27.5,2.7,1843.3,1333.3,25.4
4126603,82.1,75.9,17,3.8,1562.9,1212,22.7
4126652,47.8,84.4,14.4,0.7,2594,1500,16
4126678,60.5,50.3,36.5,5.8,1129.1,850,28
4126702,87.9,73.8,21.4,2.1,1407.4,1100,29.5
4126801,90,60.7,34.4,3.2,1355.4,1165.5,24.6
4126900,64,75.1,17.2,6.8,1376.1,1200,32
4127007,53.2,67.6,26.9,3.9,1413,1040,27.5
4127106,98.2,50,39.1,7.9,1683.2,1233.3,20.6
4127205,92.4,74.7,20.1,4,1465.4,1212,24.3
4127304,84.8,66.1,26.3,4.8,1486.8,1135.5,26
4127403,78.3,70.7,21.3,4.9,1587.8,1212,25.2
4127502,62.9,72.4,22.2,4.3,1248.9,900,24.5
4127601,52.5,72.4,20.6,3.9,1318.5,1072.7,25.7
4127700,91.7,67.2,24.6,4.7,2165.2,1600,18.1
4127809,50.8,84.9,11.9,1.7,1530.7,1166.7,31.8
4127858,60.7,84.5,13.1,1,1602.6,1166.7,24.1
4127882,69.7,31.2,52.7,13.9,1119.9,808,19.8
4127908,76.2,65.7,32.1,1.4,1190.4,1000,24.3
4127957,83.8,77,19.6,2.5,1663.5,1212,23.4
4127965,48,80.5,17.7,0.9,1318,1000,22.8
4128005,90.1,78.4,17.8,2.4,1637.5,1226,20.3
4128104,94.9,67.1,25.4,3.9,1959.1,1333.3,18.6
4128203,94.3,72.7,19.5,4.1,1628.9,1212,24.9
4128302,86,80.8,17.4,1.3,1318.4,1178,27.1
4128401,87.5,73.5,20.9,2.9,1578.7,1212,33.2
4128500,82.2,72.6,21.1,4.6,1431.2,1071.7,24.1
4128534,73.6,72.4,22.7,1.8,1263.4,1000,22.8
4128559,76.8,75.3,22.7,0.5,1368.3,1133.8,23.3
4128609,52.8,90.7,7.8,1.2,1887.7,1240.8,24.8
4128625,63.6,77.6,19.7,1.5,1217.3,1030,24.6
4128633,28.9,38.1,56.2,5.5,893.2,658.3,36.4
4128658,60,89.3,9.4,0.4,1641.9,1150,20
4128708,77.2,77.7,18.8,2.2,1800.1,1333.3,20.9
4128807,73,79.9,16.1,2.5,1278.6,1145,34
4200051,45.2,92.7,6.4,0.7,2127.4,1212,26.8
4200101,65.4,70.1,25.4,3,1685.8,1200,20.2
4200200,75.2,60.8,36.9,0.6,1683,1333.3,19.7
4200309,59.3,81.1,14.9,1.3,2206.9,1625,16.5
4200408,54,82.3,16,0.8,2200.7,1250,21.8
4200507,59.4,72.9,24.4,1.9,1626.8,1212,26
4200556,46,91.7,8,0.2,2175.5,1600,21.4
4200606,54.4,75.8,18.4,2.5,1876.7,1459,23.8
4200705,38.4,71.9,24.6,1,1625.2,1212,28
4200754,35.7,44.5,55,0.1,2513,1806,23.9
4200804,58,82.6,12.6,3.4,2515,1456,17.9
4200903,20.4,66,32.9,0.4,1380.1,1212,31.4
4201000,57.4,85.7,11.8,1.1,1468.3,1162.4,34.4
4201109,40,81.2,13.4,2.7,1642.8,1250,31.8
4201208,56.9,83,11,3.1,1801,1366.7,19.8
4201257,47.7,82.1,14.1,1.6,1835.2,1365.3,23.6
4201273,42.1,22.8,76.5,0.7,2056.9,1537.3,24.5
4201307,93.6,45.5,40.9,7.1,1494.5,1200,14.5
4201406,92.3,62.7,26.5,5.3,1922.8,1400,20.4
4201505,64.6,84.3,12.6,2.5,2061.1,1415.5,20.9
4201604,70.8,86.5,12.4,0.5,2168.6,1666.7,24.7
4201653,36,82.4,16,0.4,2237.4,1500,20.6
4201703,93.3,75.9,18.5,1.8,1713.6,1400,23.3
4201802,49.1,72.9,24.1,0.1,2095.5,1456,23.9
4201901,43.3,70,26.7,2.2,2233.4,1666.7,19
4201950,99.2,57.8,26.9,6.1,1530.6,1212,39.3
4202008,100,54.4,23.6,12.1,3583.9,2250,21.9
4202057,94.5,48.9,38.4,5.8,1709.6,1250,40.1
4202073,91.6,62.6,22.2,6.8,1743.6,1237.3,34.3
4202081,47,79.1,15.9,1.2,1849.3,1312,24
4202099,23.3,85.4,14.2,0.1,2909.7,1666.7,17.7
4202107,95.2,58,30.2,5.2,1670.4,1212,25.9
4202131,21.8,86.2,12.5,0.4,1195.6,1000,26.7
4202156,57.7,84.6,13.3,1.2,1798.7,1366.7,24.6
4202206,55.5,40.9,54.9,2.8,1654.2,1400,27.9
4202305,92.2,60,22.8,10.2,1899.6,1428,18.9
4202404,97.3,60.9,26.3,6.8,2633.7,1855,18.6
4202438,36.5,86.7,9.8,1.2,1561.3,1206,31.6
4202453,100,48.7,28.3,11.7,1964,1466.7,19.1
4202503,56,81.1,16.4,0.7,1591.9,1200,25.5
4202537,64.8,70.3,26.9,1.7,1603,1250,22.3
4202578,37.3,71.6,27.2,0.2,2347.8,1666.7,18.2
4202602,73.9,81.6,13.4,2.6,1710.2,1212,25.9
4202701,37,86.9,9.1,1.3,1804,1500,23.5
4202800,82.3,84.5,9.5,2,1873.2,1400,22.1
4202859,61.4,48.6,48.9,1,1932.6,1549.3,21.2
4202875,39.3,80,17.5,1.9,1449.8,1010,28.6
4202909,98.3,66.6,24.8,4.4,2235.2,1666.7,16.4
4203006,91.5,71.4,21.3,4.5,1873.8,1365.5,19.7
4203105,66.2,82.4,14.9,2.2,2564.4,1500,17.7
4203154,66.7,44.5,32.7,7,1031.9,837.3,27.9
4203204,96.7,48.9,33,11.6,1838.2,1500,11.6
4203253,42.8,81.4,16.1,1.6,1339,1140,33.6
4203303,58.2,79.9,16.7,1.3,1633.9,1250,27.1
4203402,65.1,88.3,10,0.4,1293.2,1000,36.1
4203501,79.8,74.4,21.1,2,1921.1,1212,19.1
4203600,83.9,82,14.7,1.3,1809.2,1275,22.2
4203709,74,68,23.7,6.7,1639.8,1315,19.2
4203808,79.6,73.8,20.2,2.3,1821.8,1250,21.7
4203907,87.2,76.5,17.6,2.3,1812.7,1406,22.2
4203956,98.1,65.5,26.4,3.2,1711.3,1400,28.1
4204004,89,75.5,20.7,2.9,1900.8,1425,17.6
4204103,56.8,73.9,25.4,0.2,2494.4,1350,19.2
4204152,44,91.3,8.4,0.2,1552.7,1170,32.3
4204178,30.5,90.2,8.8,0.2,1203.2,933.3,38.2
4204194,20.6,90.6,8.3,0.7,1770.3,1350,21
4204202,95.1,62.2,24.7,7.2,2385.9,1666.7,14.9
4204251,89.4,74.3,19.9,2.3,2094,1750,22.6
4204301,84.7,74.3,20.1,2.5,2277.9,1700,21
4204350,47.8,84,14.8,0.1,2130.1,1700,17.7
4204400,66.3,83.2,12.8,3.1,2249.8,1598,27.8
4204459,46.1,84.7,13,1.5,2083.1,1353,23.9
4204509,78.6,67.3,27.3,2,1989.4,1600,19.6
4204558,86.2,68.9,27.3,1.9,1531.4,1212,28.3
4204608,97.7,60.7,27.7,5.8,2235.8,1633.3,18.9
4204707,66.4,52.8,43.8,1.4,2191.1,1534,18.5
4204756,47.4,90.6,9.2,0,2169.2,1502,21.3
4204806,92.9,76.4,17.2,3.4,1806.2,1225,23.7
4204905,53.4,87.9,9.9,1.2,2412.5,1675,22.1
4205001,76.7,63.9,30.7,3.5,2292.4,1212,18.4
4205100,54.6,70.4,26.2,2.3,1899.4,1452.4,20.9
4205159,65.5,64.9,30.6,2.5,1771.6,1456,28.5
4205175,32,59.1,37,2.7,1241.7,990,40.4
4205191,55,73.7,21,3.1,1847.6,1337.3,20.6
4205209,70.9,84,14.6,0.8,1649.6,1212,31.3
4205308,83,71.6,25.5,1.4,1884.8,1374,20.2
4205357,27,76.5,18.4,2.9,2168.7,1456.3,23
4205407,99.6,53.2,14.5,18.4,3636.1,2087.5,22.5
4205431,53.7,78.1,18,3.2,2102.4,1335,22.2
4205456,91.5,57.4,33.1,5.9,1664.1,1400,20.8
4205506,87.9,68.5,24.6,3.9,1714.5,1220,25.3
4205555,38,81.3,15.6,1.6,1788.6,1250,26.9
4205605,70.4,82.7,12.8,0.8,2170.5,1358,23.6
4205704,97,63.5,13,11.6,2120.7,1500,25.1
4205803,76.4,55.4,37,3.7,1603.4,1212,17.2
4205902,92.2,69.3,22.9,3.2,2016.7,1625,17.1
4206009,97,62.6,25.1,6.2,1823.6,1400,26
4206108,50.9,89.2,6.3,3,2306.6,1502.4,18.5
4206207,44.6,77.2,16.2,3.1,1841.8,1466.7,24
4206306,93.8,76.3,19.5,3.1,1934,1650,17.4
4206405,57.5,89,9.9,0.8,2834,1754,16.3
4206504,94,66.3,26.3,4.4,1850.7,1500,14
4206603,72.2,83.8,14.2,1.6,2492.2,1616,21.8
4206652,54.5,66.9,27.4,3,1858.2,1404,17.1
4206702,89.3,78.2,17.6,2.8,1922.4,1515,21.9
4206751,36.1,90.4,6.9,2,2299.3,1628,18
4206801,46.5,81.7,17.1,0.7,1917.7,1333.3,30.5
4206900,89.2,64.7,30.1,2.4,2075,1666.7,21.2
4207007,89,65.5,26.7,4.2,1976,1550,18.8
4207106,67.7,58,31.3,5.6,1724.1,1440,17.7
4207205,33.1,75.5,17.3,4,1397.3,1212,40.2
4207304,97.7,62.8,18.6,10.6,1867.1,1333.3,29.6
4207403,43,79.2,19,0.3,1900.6,1500,20.6
4207502,96.7,64.2,27.7,3.7,1941.7,1550,17.5
4207577,41.3,90.8,8.6,0,2700.4,1722.4,18.2
4207601,60.8,57.5,41.3,0.2,2074.9,1500,25.9
4207650,57.3,82.6,15.8,1,2584.8,1666.7,17.2
4207684,27.7,63.9,30.2,3.5,1290.5,837.3,22.8
4207700,53.6,77.5,20.1,1,2372.8,1533.3,19.6
4207759,39.8,82.8,16.1,1,2149.3,1500,21.8
4207809,76.3,72.2,22.2,4.2,1801.7,1416.7,20.2
4207858,41.1,86.5,12.1,0,2193.2,1666.7,20.1
4207908,38.9,77.4,17.9,1.6,1443.5,1042.4,23.1
4208005,68.8,75,21,2.1,2845.2,1706,16.7
4208104,59.2,83.6,11.9,1.3,1585.8,1212,23.7
4208203,96.8,52.1,31,8.7,2365.7,1600,14.1
4208302,98.6,57.7,25.9,7.4,2579.5,1700,21.2
4208401,57,87.2,8.6,1.8,2635,1733.3,19.2
4208450,96.6,58.1,26.6,6.9,1795.9,1300,28.7
4208500,70.3,78.1,19.6,1,2112.9,1625,17.1
4208609,51.7,85.4,12.4,0.4,2085.6,1300,22.2
4208708,59,80.8,15.2,2.2,1613.3,1281,26.3
4208807,82.8,69.6,21.7,4.7,1851.8,1400,30.6
4208906,93.9,61.8,29.1,4.7,2341.6,1772.9,16.6
4208955,60.1,83.2,15.4,0.4,2584.2,1700,17.7
4209003,93.4,75.3,17,4.9,2837.1,2000,23.2
4209102,96.9,56.1,31.6,6.2,2260.9,1600,18
4209151,38.7,57.2,40.9,0.7,1488.4,1200,20.9
4209177,58.4,88.3,9.6,1.6,2527.6,1533.3,16.7
4209201,55,88.8,9.1,0.6,2588.1,1750,20.3
4209300,97.7,67.7,21.6,4.9,2029.4,1348.6,23.8
4209409,95.4,71,15.9,6.1,1700.2,1214,35.7
4209458,50.4,86.4,11.9,0,2948.1,1704,17.4
4209508,77.5,81.5,13.3,1.8,2054.6,1600,14.4
4209607,80.9,80.8,16.3,1.5,1957.2,1525,27.5
4209706,68.4,68.9,27.3,2.8,1253,975,27.3
4209805,29.2,83.5,15.1,0.1,1675.1,1304,32.2
4209854,54.2,88.6,8.6,2.2,1702.9,1333.3,26.8
4209904,77.5,72.3,22.8,2.6,1800,1490,20.2
4210001,47.7,81.9,12.7,2.8,1830.6,1500,14.8
4210035,71.9,71.1,25.4,1.4,2502.3,1808,22.2
4210050,40.9,91.9,7.6,0.4,1809.5,1266.7,23.9
4210100,80.6,78.3,15.1,2.5,1806.4,1333.3,21.9
4210209,34.3,75.5,18.1,1.2,1622.6,1214,27.9
4210308,42.2,86.7,11.6,0.7,1244.8,1000,30.6
4210407,81.9,73.2,20.9,2.9,1861.6,1466.7,19.3
4210506,83.8,71,23.8,2.4,2146,1587.5,18.2
4210555,40.3,89.8,10,0.2,3440.5,2020,13.8
4210605,55.2,44.4,25.2,5.7,1903.6,1625,18.9
4210704,54.1,68.2,25.5,3.7,1198.1,962.4,43.2
4210803,61.7,79.8,16.1,2.2,1822,1406,27.5
4210852,46.4,78.5,20.2,0.6,1380.5,1200,24
4210902,67.9,79.4,19.5,0.4,2525.5,1644.8,16.9
4211009,68.6,51.2,46,1.5,2163,1477.5,31
4211058,92.6,74.3,23.4,0.7,1158,929.7,25.7
4211108,58.3,72.5,23.2,2.9,1235.9,1010,23.9
4211207,87.9,67.7,25.6,3.9,1720.7,1358.5,18.9
4211256,45.4,82.1,14.7,1.2,1647.4,1237.3,24.4
4211306,95.9,50.8,31,8.9,1738.9,1275,19.6
4211405,76,63.7,19.5,2.2,2799,1670.7,13.5
4211454,42.2,80.2,18.6,1,2406.9,1610,17.3
4211504,76.2,80.4,12.9,3.5,2047.7,1666.7,20.5
4211603,79.8,86.8,10.2,1.4,1877.9,1518.6,24.5
4211652,49.4,88.6,10.6,0.7,2185.3,1428,21.1
4211702,79.6,83.6,13.5,1,2065.3,1525.3,23.2
4211751,92.3,76,20.4,1.7,1792.8,1433.3,21.1
4211801,69.8,86.8,9.1,2.1,2446.4,1657,20.6
4211850,48.5,70.2,21.4,2.2,1508,1212,25.4
4211876,26.6,60,37.9,0.7,1673.4,1250,26.2
4211892,47,81.6,15.5,2.5,1156.4,850,41.6
4211900,98.8,57.3,20.6,11.3,2029.4,1500,17.8
4212007,76.1,77.7,19.5,1.9,2139.9,1371.4,16.6
4212056,46.9,75.2,21.3,1.7,1502,1212,29.3
4212106,68.4,69.8,27.5,1.3,1913,1333.3,22.8
4212205,68,82.2,15.8,0.4,1568.6,1200,21.3
4212239,42.9,78.9,18.5,1.7,2750.5,1666.7,16.9
4212254,95.1,64.3,20,7.2,1750.7,1212,28.8
4212270,38.2,86.6,11.9,0.8,1587.7,1137.3,22.3
4212304,81.4,62,26.6,7,1513.7,1212,26.7
4212403,29.7,79.6,15.5,2.2,1875.2,1410,26.9
4212502,99.8,55.1,30.2,4.6,1753.2,1333.3,26.3
4212601,57.4,78,21.3,0,2454.1,1750,23.6
4212650,81.4,76,21,1.6,1490.3,1250,31.4
4212700,42.3,62.4,36.4,0.1,3308.4,1333.3,12
4212809,91.8,52.5,29.2,7.6,2255.1,1517,22.6
4212908,87.9,78.7,14.9,3.9,2286,1700,14.4
4213005,63.7,87.6,9.9,1.4,2022.4,1666.7,17.9
4213104,65.7,69.5,25.1,2.7,1775.5,1425,29.1
4213153,58.1,73.8,24.7,1,1901.3,1500,25.5
4213203,87.3,36.4,57.1,2.9,2135.6,1666.7,20.4
4213302,76.5,73.6,22.1,2.2,1329.5,1000,31.4
4213351,88.8,75.1,22.8,0.1,1197.1,1000,25.2
4213401,87.1,72,24.1,2.1,1564.5,1212,22.7
4213500,93.9,55.5,25.1,8.8,2069.1,1500,17.6
4213609,86.9,73.9,18.2,4.5,1898.3,1333.3,25.9
4213708,65,74.4,22.5,1.2,1720.9,1300,17.6
4213807,72.9,74.6,16.7,4,1478.7,1212,24.6
4213906,39.2,79.6,19.8,0,1872,1400,26.6
4214003,78,72.4,23.8,1.8,1966.1,1500,15.9
4214102,46.9,89.7,8.2,1.4,1951.2,1400,27.6
4214151,42.1,81.9,17.3,0.2,2349.9,1481,16.9
4214201,67.7,77.2,19.7,1.7,1806.7,1350,24.3
4214300,41.6,47.6,45,4.1,2011.6,1306,32.1
4214409,50.1,72.9,22.8,2.8,1809.1,1300,23.4
4214508,48.5,85,12.2,2.3,2059,1366.7,22.8
4214607,59.8,84.8,13.1,0.9,2489.7,1666.7,11.6
4214706,58.6,69.1,27.2,1.9,1654.2,1456,27.6
4214805,93.2,69.8,21.6,3.9,2416.9,1750,17.3
4214904,46.2,95.5,3.5,0.4,1801.2,1500,21.8
4215000,89.4,75.6,19.5,1.5,1592.7,1300,20.3
4215059,43.1,88.3,10,0.8,1770.9,1212,25.2
4215075,55.8,75.5,23.2,0.7,1853.5,1350,27.4
4215109,82.2,72.7,20.9,2.4,1885.1,1625,26.5
4215208,43.2,80.1,17.4,1.6,2356.3,1500,23.4
4215307,67.5,83.5,12.8,1.6,1842.2,1506,23.3
4215356,46.9,79.8,17,2.4,1583.4,1212,29.5
4215406,82.5,87.9,9.1,1.5,1953.7,1490,20.1
4215455,56.7,71.5,24,2.1,1365.5,1203,13.9
4215505,88.4,73.2,20.4,1.3,1544.1,1175,17.5
4215554,53.2,95.5,3.6,0.4,2133.4,1428,19.1
4215604,27.7,86.2,11.5,1.5,1903.2,1625,18.4
4215653,53.7,68.9,22.3,2.7,1531.4,1250,25.1
4215679,23.8,89.5,8.4,0.1,1685.3,1333.3,40.1
4215687,32.9,78.6,20.3,0.7,1861.9,1212,27.4
4215695,57,83.4,14,0.5,1422.6,1212,33.2
4215703,90,79.3,10.5,4.3,1906.5,1450,24.4
4215752,44.2,85,13.4,1.2,2364.3,1450,18.6
4215802,94.4,72.9,20.8,3.1,1941.7,1500,19.8
4215901,22.3,74,22.9,1.8,1564.5,1228,35.8
4216008,71.4,83.2,13.5,2.1,2123.6,1537.3,22.1
4216057,61.8,62.5,26.6,5.8,1488.6,1170,21.9
4216107,72.1,83.4,13,0.7,2247.8,1466.7,20.5
4216206,93.2,52.3,31.8,8.2,1869.8,1350,27.9
4216255,44.1,96.2,3,0.5,3215.7,2000,17.2
4216305,92.3,65.4,24.4,5.8,1715.9,1440,14.6
4216354,55.2,75.9,18.9,2.5,1695.7,1266.7,21.3
4216404,38.7,76.1,17.3,2.4,1535,1212,23.3
4216503,71.4,85,11.1,1.2,1604.9,1212,23.8
4216602,99.7,57,19.9,11.2,2396.7,1667.3,19.9
4216701,68.7,86.4,10.5,1.3,2548.4,1640,19.4
4216800,33.8,87.7,9.4,1.2,1223.9,975,45.6
4216909,82.1,80.6,14.5,2,2140,1515,18.8
4217006,81.9,82.7,11.5,3.6,2064.3,1666.7,16
4217105,37.9,85.2,14.3,0.5,2224.4,1666.7,17.5
4217154,31.4,80.1,17.4,0.3,2281.1,1343.3,23.1
4217204,89.4,75.4,17.4,3.7,2515.1,1860,20.2
4217253,73.2,70.1,11.9,14,2168,1650,31.7
4217303,63.6,84.1,12.8,1.6,2154.7,1530,21.3
4217402,90.9,53.3,41.2,3.5,1978.6,1625,16.5
4217501,75.2,74.3,21.9,1.7,2097.3,1566.7,17.7
4217550,64.8,87.1,12.1,0.3,1823.3,1475,58.9
4217600,79.4,77.1,18.1,1.3,1838.2,1500,26.5
4217709,86.3,59.3,24.8,5.8,1688,1266.7,19.6
4217758,42.6,86.7,12.5,0.5,3151.9,1700,14.9
4217808,66,68.1,28.8,1.3,2065.3,1537.3,19.9
4217907,62.4,87.3,10.1,1.7,1861.2,1408,22.4
4217956,41.9,72.5,27.1,0,1442.9,1233.3,27.3
4218004,92,58.4,25.9,8.1,1989.1,1500,16.5
4218103,49.7,75.4,15.5,7.3,1777.6,1356,23.2
4218202,93.2,53.5,37.4,5,2129.7,1680,20.6
4218251,60.4,56.7,38.7,1.9,1221.9,900,26.3
4218301,85.9,66,29.3,2.1,1287.6,1006,21.6
4218350,54.1,84.4,14.2,0.2,1977.7,1675,31.5
4218400,54.1,78.6,18.6,1.4,1556.8,1212,22.5
4218509,79.4,80.4,14,2.3,2521,1833.3,14.3
4218608,69.4,63.7,31.6,2.6,2025.7,1700,18.6
4218707,94.3,71.8,19.2,4.3,2160.1,1600,24.4
4218756,35.1,93.3,5,0.8,3288.2,1625,13.3
4218806,71.6,79.4,15.8,2.5,2009.4,1528,20.8
4218855,53,86.2,12.6,0.8,2224.1,1600,20
4218905,73.1,77.6,16,3.2,2017.8,1360,22.3
4218954,48.6,84.8,11.2,1.2,1649.7,1162.8,30.7
4219002,72,79.8,15.2,2.9,1838.9,1500,28.3
4219101,61.8,76.5,20.1,1.5,2062.2,1425,16.9
4219150,39.7,91.8,7.4,0.6,1330.1,1129.8,31.4
4219176,58,70.8,24.8,1.8,1899.8,1300,19.5
4219200,42.5,90.2,7.9,1.4,1633.5,1220,25.1
4219309,92.3,75.8,18.8,1.9,2199.3,1666.7,18.6
4219358,31.9,75.4,22.5,1.7,1613.4,1300,21.7
4219408,40.3,74.4,22.1,1.4,2324.3,1675,18.4
4219507,94.1,68.2,25.4,2.6,2120.3,1550,18.2
4219606,33.2,76.7,8.5,0,2639.3,1832.5,18
4219705,87.4,73.4,22.4,1.6,1900.1,1553,35.2
4219853,89.1,78.6,15.8,2.9,1456.3,1212,23.3
4220000,98.5,55.3,31.3,5.2,1651.7,1220,31.7
4300034,36.7,49.8,35.8,10.5,1644.8,1000,14.4
4300059,43.5,81.9,14.9,1.9,2262.1,1212,17.8
4300109,51.1,52,44.8,1.5,1720.1,1260,32.8
4300208,64.2,53.9,40.2,1.5,2357.6,1500,23.1
4300307,41.2,84.7,14.1,0.4,1732.3,1212,44.7
4300406,90.6,55.6,25.2,9.7,1653.2,1183.3,33.4
4300455,46.6,75.7,22.9,1.3,2205.9,1400,27.7
4300471,51.7,84.8,13.5,0.9,2128.8,1600,22.1
4300505,36.2,89.3,9.5,0.4,2094.4,1400,27.5
4300554,48.7,92.1,7.3,0.1,1652.5,1233.3,47
4300570,36.1,81.9,16.1,0.9,1815,1586.7,31.4
4300604,100,49.2,20.9,14.3,1332.8,1070.7,23.7
4300638,32.3,84.8,13.5,0.8,1018.3,800,42.4
4300646,62.9,84,13.4,1.4,1500.4,1212,25.3
4300661,50.3,83.7,14.6,0.5,1705.6,1369.6,30
4300703,49,92.2,6.4,0.4,2683,1808,19.7
4300802,73.4,87.7,8.5,1.6,2153.4,1725,27.9
4300851,79.6,68.6,17.2,8.9,1556.4,1200,48.7
4300877,80.4,57.5,37.4,2.3,1362.4,1212,23.5
4300901,59.6,91.8,6.7,0.1,2353.8,1818,26.2
4301008,82.5,72.8,23.2,1.2,2120.9,1714,27.2
4301057,96.1,65.1,18.2,7.4,1638.6,1250,45.6
4301073,26.6,2.8,88.7,7.2,1613.5,1200,31.3
4301107,91.6,60.6,24.6,7.4,1504.3,1212,34.6
4301206,51.4,81.6,17.8,0.1,1519.1,1212,33.3
4301305,88,48.5,15,26.9,1360.2,1068.5,33
4301404,66.8,92.6,6.3,0.4,1561.9,1212,28.6
4301503,57.1,65.1,33.1,1.1,2387.1,1356,25.1
4301552,52.2,93.1,6.3,0,1517.6,1268,33.6
4301602,97.4,41.4,22.8,18.2,1662.2,1150,31.4
4301636,99.1,53.6,19.2,10.8,1475.9,1120,51.1
4301651,64.5,77.1,18.6,2.2,2268.9,1808,24
4301701,73.7,88,9.7,0.8,2069,1540.5,24.9
4301750,14.1,78.1,18.9,1.7,1185.4,931,34
4301800,64,78.6,19.3,0.6,1797.6,1212,31.1
4301859,63.6,71.7,21.6,5.2,1418.4,1200,27.9
4301875,75.2,40,32.7,19.9,1229.3,900,20.3
4301909,76.7,55.9,21.9,9.9,1523.4,1175,32.1
4301925,27.4,96.4,3.4,0,2481.8,1625,24.9
4301958,72.1,87,10.5,1,1991.5,1500,26.8
4302006,44.3,81,13.8,0.4,1364.7,1050,52.6
4302055,22.6,73.8,24.7,1,1631.9,1033.3,29.2
4302105,95.1,73.5,16.7,4.9,2516.9,1900,20.2
4302154,62.6,77.4,21.4,0.5,1653.6,1212,26.2
4302204,70.8,88.9,9.6,0.9,1976.8,1408,27
4302220,28.4,78.3,20.7,0.4,2133.2,1212,23.3
4302238,41.4,63,36,0.5,1302.8,1125,33.4
4302253,16.7,94.2,4.6,0.7,2314.5,1837.3,24.8
4302303,78.9,73.4,21,2.1,1183.2,875,33.8
4302352,83.8,87.5,8.7,2,2002.5,1693,22.6
4302378,59.8,47.3,42.1,4.4,1621.1,1170.7,35.6
4302402,80.4,64.9,30,2.3,1774.8,1400,28.8
4302451,26.8,93.6,5.6,0.7,1647.7,1212,31.1
4302501,58.3,60.3,28.2,1.6,1390.7,1100,41.9
4302584,37.1,80.6,16.8,1.8,1638.1,1212,37.5
4302600,70.4,69.4,26.7,2.8,1343.6,1025,43.3
4302659,49.7,61.7,34.7,2.4,1992.9,1500,29.3
4302709,96.4,57.6,26.6,10.4,1374.6,1033.3,35
4302808,77.5,66.6,17.3,9.2,1519.5,1133.3,35.9
4302907,80.3,60.6,22.8,6.1,1367.3,1066,38.1
4303004,86.4,71.1,18,4,1758,1212,35.1
4303103,100,49.7,24,14,1884.1,1350,20.8
4303202,37.2,79.9,11.4,8.3,1246.4,903,44.1
4303301,65.9,78.3,17,3.8,1857,1333.3,41.5
4303400,44,89.6,9.4,0.9,2241.8,1341.3,24.6
4303509,81.3,55.8,33.6,4.8,1605.2,1200,26.9
4303558,61.7,90.9,6.6,1.6,2309.5,1460.6,19.3
4303608,72.9,61.7,26.7,8.7,1511.6,1212,22
4303673,41.9,85.9,10.5,1.2,1371.2,1200,40.2
4303707,45.1,91.8,5.6,1.2,2385,1474.7,28.1
4303806,81.6,83.6,15.1,0.8,1877.2,1375,31.6
4303905,96.2,62,28.9,4.8,1991.2,1450,21.5
4304002,80.5,63.1,28.8,3.9,1441.2,1200,31.4
4304101,61.2,86.8,11.5,0.5,1859.4,1212,28.4
4304200,56.5,57.9,36.8,1.5,1375.4,1200,33.7
4304309,35.7,71.5,26.4,0.8,2260.6,1500,28.9
4304358,77.9,49.8,25.5,16.1,1372.5,1100,30.4
4304408,97,64,20.5,8.5,2181.9,1500,17.6
4304507,41.9,39.4,47.8,7.6,1501.9,1150,35.7
4304606,100,54.6,20.1,11.9,2066.8,1380,23.3
4304614,26.2,84.4,15.3,0,1812.7,1333.3,33.1
4304622,23.7,82.6,12.2,3.7,1683.3,1212,26.9
4304630,98.9,58.7,19.9,8.4,1932.3,1250,28.7
4304655,31.4,73.5,23.5,2.3,1746.8,1212,22.7
4304663,94.1,24.1,36.3,25,1171.2,933.3,33.8
4304671,87.3,66.5,19.5,3.3,1622.4,1212,19.9
4304689,69.7,63.4,25,6.4,1406.1,1200,28.1
4304697,44.9,88.1,10.5,0.5,1761.5,1378,36.2
4304705,97.7,67.3,25.9,2.5,2049.1,1423,26.8
4304713,27.8,72.7,19.4,3,1436.5,1212,40.1
4304804,80.4,84.6,11.7,2,2626.7,2066.7,22.2
4304853,31.6,95.8,3.7,0.2,1475.2,1212,57.1
4304903,69,92,5.9,1,2626.2,1941.3,24.7
4304952,52.8,85.1,13.6,0.2,1774.1,1212,28.2
4305009,70.5,74.8,21.1,2.5,1787.1,1250,36.6
4305108,96.5,68.4,17.1,5.9,2330.6,1666.7,22.2
4305116,43.7,97.8,2.2,0,1378.3,1212,39.7
4305124,62,32.3,29.6,28,1230,1000,43.8
4305132,31.1,51.4,47,1,1507.3,1212,40.9
4305157,48.7,72.8,24.5,2.6,1824.6,1266.7,27.5
4305173,30.6,69.2,27.1,1.8,1300.9,1053,32.5
4305207,81.8,78.5,14.8,4.1,1996.1,1403,35.5
4305306,67.2,79.1,18.9,1,1849.2,1333.3,27.3
4305355,97.2,47.7,23.5,15.5,1785.2,1333.3,34.4
4305371,23.1,70.2,29.3,0.2,1739.8,1175,24.5
4305405,72.3,67.4,30.7,1.6,1954.8,1212,35.5
4305439,97.2,35.6,7.4,37.8,1448.2,1166.7,24
4305447,7.3,43.8,53.3,1.7,1608.2,1212,22.3
4305454,97.9,54,18.7,6.3,1526.6,1200,50.9
4305504,61.5,86.5,12.1,0.6,1730.4,1220,42.6
4305587,45.1,40.7,54,3.7,2243.8,1712,30.3
4305603,59.9,89.4,7.9,1.1,2130.4,1600,48.6
4305702,71.9,44.3,50.4,3.6,1895.8,1266.7,25
4305801,77.7,79.7,17.5,2,2063.4,1339.3,22.7
4305835,20,96.4,2.9,0.3,2430.8,1712,28.9
4305850,43.9,53.7,43.8,1.1,2555.6,1500,22
4305871,55.9,30.9,65.4,2.2,2178.6,1500,26.3
4305900,73.5,74.4,21.9,1,1313.4,1000,34.9
4305934,12.3,91.9,6.8,0.5,2882.4,2380,24.6
4305959,54.9,92.5,5.9,0.7,2003.5,1625,30.2
4305975,66.4,78.3,20.8,0.1,1655.8,1212,26.6
4306007,52.8,62,36.1,1,1903,1266.7,42.2
4306056,69.8,50.7,39,7.5,1456.9,1125,32.4
4306072,47.1,77.5,22,0.4,1402.3,1200,35
4306106,97.1,61.3,21.5,5.5,1995.7,1300,28
4306130,29.5,89.8,9.9,0.3,1965.1,1400,28.4
4306205,63.9,80.1,16.9,0.9,1693.6,1380,33.9
4306304,55.9,93.3,5.3,0.2,1785.6,1359,27.7
4306320,43.1,67.1,30,2.8,1783,1212,24
4306353,27.3,61.2,24.7,1.6,1659.8,1212,41.4
4306379,38.1,70.3,18.8,4,1705.9,1215,35.9
4306403,98.6,73.9,17.7,4.4,2188,1737.3,21.6
4306429,54.1,55.6,36.6,7.5,1288.2,1000,46.5
4306452,53.5,93,4.7,1,1823.9,1212,32.1
4306502,27.3,81,14.4,3.2,1327.6,1000,34.8
4306551,42.7,84.8,12.4,1.9,1374.7,1212,38.5
4306601,91,55,25.4,10.2,1515,1066.7,30
4306700,66.5,77.7,20.6,0.5,1460.4,1212,37.5
4306734,59.7,62.4,36.2,0.8,2041.2,1300,42.3
4306759,52.4,92.1,6.6,1,2045.4,1533.3,30.5
4306767,93.9,47.8,26.5,12.7,1573.6,1106,22.9
4306809,89.4,78.6,17.6,2.1,2213.2,1650,26.6
4306908,74,72.9,10.7,8.7,1425,1100,39.7
4306924,44.9,81.1,16.6,2,1746.9,1212,27.5
4306932,61.1,58.6,36.1,1.1,1554.2,1212,34.1
4306957,73.8,85,12.6,1,1596.6,1212,38.3
4306973,65.1,68.4,26,2.9,1452.1,1000,28.3
4307005,96.4,73.5,18.7,3.4,2385.7,1700,21.7
4307054,58.8,74,24.2,0.3,1833,1380,29.4
4307104,70,51.8,21.3,18.9,1225.8,970.7,42.8
4307203,64.8,84.3,15.4,0,1448.5,1212,31
4307302,51.5,58.3,37.8,3.1,1414.4,1150,34.8
4307401,65.3,75.1,21,1,1412.8,1066.7,33.5
4307450,29.3,46.1,52.2,0.8,1449.9,1212,45.3
4307500,77.5,88.3,9.3,1.2,1984,1349,23.5
4307559,87,83.3,14.3,1.3,1792.4,1400,31.5
4307609,97.1,61,28.4,4.5,1975.5,1450,19.9
4307708,100,57.8,20.4,9.7,1899.8,1350,27.4
4307807,85.7,65.6,26.3,4.1,2031.9,1625,28.6
4307815,43.5,80.2,18.6,0.1,1666.3,1284,28.5
4307831,63.8,58.7,36.1,1.3,1771.7,1212,32.9
4307864,55.3,94.4,4.6,0.1,2086.7,1624.8,27.9
4307906,86.4,77,14.3,4.2,2099.9,1737.3,23
4308003,73.7,76.3,19.1,2.4,1987.8,1355.5,31.4
4308052,58,77.4,21.2,1.3,1922.2,1212,28.3
4308078,57.3,69,27,2.2,1500.2,1212,26.7
4308102,79.4,75.8,18.5,2.9,2300.1,1750,26.4
4308201,79.1,81.7,12.6,2.3,2303.6,1766.7,21.5
4308250,26.4,86,14,0,1586,1250,39
4308300,51.7,88,7.9,0.7,1460.3,1190,37.8
4308409,42.7,74.4,21,1.8,1437,1200,49
4308433,30.7,44.3,54.9,0,1608.6,1212,39.1
4308458,72.7,72.8,25.1,0.6,2095.8,1350,20.7
4308508,83.6,83.8,12.4,1.3,2257.7,1525,22.2
4308607,90,84.2,10.9,2,2487.5,1950,24.8
4308656,34.2,63,28.7,4.6,1367.7,1004,33.5
4308706,66.4,89.2,9.2,0.5,2655.6,1633.3,36.5
4308805,58.7,71.4,20.1,1.3,1484.8,1150,47.7
4308854,55,83,16,0.3,2888.7,1687.5,17.6
4308904,89.1,77.1,18.8,1,2249.9,1583.3,27.3
4309001,80.9,64.6,33.1,0.8,1632.7,1212,32.6
4309050,54.6,68.2,18.4,5.3,1564.6,1200,36
4309100,86.4,63.3,19.7,9.2,2622.7,1750,17.6
4309126,30.8,82.9,13.7,2,1252.5,1106,37.9
4309159,15.4,92.3,7.1,0.3,1202.1,966.7,33.1
4309209,96.1,56.4,21.2,11,1696.7,1250,25.2
4309258,52.5,93.9,5.3,0,1705.3,1212,34.7
4309308,97.5,52.5,22.3,11.4,1668.3,1212,27.2
4309407,91.6,82.4,11.6,3.5,2065.9,1666.7,22
4309506,66.1,84.3,13.2,1.9,1956.2,1400,34.5
4309555,68.6,89.4,7.5,0.8,2119.5,1700,23.2
4309571,22,73.4,25.2,0.9,1484.1,1210,29.4
4309605,84.9,59.1,36.2,3.2,2203.7,1700,27.8
4309654,42.8,48.8,38.3,9,1219.7,866.7,32.5
4309704,63.2,80.1,18.1,0.9,1799.6,1212,42.5
4309753,32.5,90.8,8,0.1,1515.9,1200,34.5
4309803,69.6,73.5,8.6,17.4,1840.9,1212,26.9
4309902,56.5,84.6,11.1,3.5,2287.3,1606,22.7
4309951,68.6,73.8,24.1,1.1,1762.2,1212,30.5
4310009,83.3,56.1,36.2,2.5,2923.7,1800,15.5
4310108,93.7,54.5,34.4,7.6,1769.2,1350,22.7
4310207,91.4,56,36.6,4.4,2280.4,1503,24.9
4310306,56.1,90.2,8.8,0.8,2139.4,1503,23.2
4310330,100,52.6,16.4,18.2,1774.3,1212,38.3
4310363,57.2,56.5,41.1,1.4,2396.7,1912,27.8
4310405,69.8,74,24.6,1.1,1910.3,1284,29.9
4310413,64.7,62,36.6,0.8,1245.2,1070.7,41.3
4310439,59.3,89.1,7.8,1.3,1802,1500,26.8
4310462,42.9,93.1,5.3,0.8,2773.2,1659,26.3
4310504,57.6,75.4,19.7,1.8,1572.9,1178.7,36.5
4310538,80.5,65.5,20.2,4.4,2136.3,1273.3,37.2
4310553,45.8,49.2,42.4,5.4,1298.1,1141.3,42
4310579,28.1,96.1,3.6,0.1,2035.5,1350,24.8
4310603,89.2,49.5,30.7,10.6,1442.8,1033.3,29.2
4310652,32.5,63.2,32.7,1,1327.1,1200,36.5
4310702,54.2,87.6,10.5,1.2,1459.7,1212,44.8
4310751,37.8,91.6,7.3,0.7,1960.1,1375,35.3
4310801,92,65.2,26.4,4.3,2380,1720.7,23.7
4310850,51.8,70.3,27.5,0.4,1329.8,1066.7,40.8
4310876,29.5,77.7,20,1,1148,952.3,43.9
4310900,72.7,91.5,7.7,0.1,1979.3,1450,30.1
4311007,92.9,50.7,8.4,22.8,1581.3,1200,32.2
4311106,60.5,85.5,9,2.5,1871.3,1212,35.3
4311122,65.4,76.4,20.4,2,1058.8,860,40.4
4311130,27.3,79.3,16.7,1.7,1331.6,1066.7,46.4
4311155,30.8,66.7,27.4,2,1881.4,1200,29.5
4311205,84.8,79.9,13.1,2.9,1699.5,1200,31.1
4311239,20.6,89.1,10.3,0.4,1502.1,1212,36.2
4311254,35.4,90.6,7.4,0.6,1280,1000,36.2
4311270,64.8,55.2,42.5,1.2,2326.3,1700,22.3
4311304,88.9,75.5,19.7,1.1,1855.4,1256,27.7
4311403,99.7,66,24.7,4.8,2490.9,1760,20.6
4311429,32.5,30.3,53.2,15.8,1182.6,808,35.4
4311502,81.8,67.9,17.2,6.2,1521.7,1066.7,35.4
4311601,34.1,89.1,10.7,0.1,1705.1,1212,34.5
4311627,84,52.2,41.8,3.3,1516.5,1300,20.5
4311643,26.1,25.6,59.2,2.2,1864.5,1450,32.1
4311700,67.7,86.4,12,0.9,1501.1,1175,33.1
4311718,26.9,58.2,35.2,3.4,1297,933.3,27.3
4311734,26.3,83,11.1,5,1297.7,1200,34.1
4311759,76,65.7,19.7,7.4,1491.5,1133.3,33.9
4311775,34.7,75.2,14.1,5.3,1494.9,1200,37
4311791,35.6,74.8,23.5,0.8,2028,1612,28.1
4311809,90.6,78.1,14.7,2.5,2257,1650,19
4311908,54.1,77.1,21.4,1,2070.9,1428,33.9
4311981,16.7,74.5,18,2.7,1441,1212,44.8
4312005,60.9,93.9,4.8,1.1,2243.7,1500,26.2
4312054,43.1,40.9,56.5,0.9,1825.9,1356,40.5
4312104,59.3,76,18.3,4.3,1543.6,1204,34.8
4312138,28.8,83.8,13.8,1.7,1605.6,1212,28.6
4312153,42.7,76.8,20.1,0.2,1637.8,1303,34.1
4312179,38.8,89.9,8,2,1352.7,1204,47.4
4312203,69.8,87.1,11.6,0.9,1564.2,1212,35.6
4312252,96.6,57.4,27.9,7.8,1237.3,1009.7,29.4
4312302,52.7,53.4,43.5,2.5,1413.6,1050,31.5
4312351,53,98.3,1.3,0.4,2821.5,2080.7,21.7
4312377,22.7,85.1,13.7,0.7,1166.6,960,35.9
4312385,31.4,94.8,3.8,0.4,1921.9,1600,34.4
4312401,81.9,66,22.1,4.9,1897.8,1325,29.6
4312427,26,85.5,14.1,0.2,1549.1,1212,30.7
4312443,47.8,91.2,7,0.8,1608.5,1212,48.4
4312450,48.2,31.9,47.8,14.2,1503.2,1200,44.2
4312476,72.8,80.3,14.4,2.5,1806.6,1533.3,27.5
4312500,68.9,67.3,23.8,4.5,1246.8,1006,30.9
4312609,85.7,82.5,14.7,1.2,2114.9,1606,32.5
4312617,28,74.6,9,0.9,1419,1166.7,26.1
4312625,39.4,81.2,14.3,3.4,2360.9,1308,20.1
4312658,89.5,71.1,26.6,1.2,2175.3,1737.3,22.6
4312674,49,84.3,14.7,0.5,2530.7,1556,21.8
4312708,75.1,65.4,31.1,1,1582.1,1150,31.9
4312757,56.2,96.6,3.1,0.1,2575.7,1912,20
4312807,81.3,81,7.5,8.3,2136.6,1600,21.6
4312906,69.7,90.8,7.2,1.2,2046.8,1650,26.1
4312955,47.3,84.6,14.7,0.5,2487.6,1818,30
4313003,50.3,92.6,6.2,0.8,2582.4,1808,36.2
4313011,42.9,86.3,13.3,0.3,2547.6,1800,20.5
4313037,81.5,80.7,15.3,2.4,1628.4,1212,27.7
4313060,90.4,54.7,38.1,4.5,1487.5,1250,21.7
4313086,34.5,94.1,3.7,0.2,2241.7,1962,24.1
4313102,62.1,90.4,7.5,1,1829.4,1300,31.4
4313201,76.7,52.7,38.1,5.1,2219.3,1712.5,32.5
4313300,84.3,80.2,15.3,1.9,2089.3,1600,27.4
4313334,32.8,58.9,39.9,1,3024.4,1616,21.3
4313359,48.9,94.5,4.9,0.4,2294.8,1666.7,22.8
4313375,89.6,49.3,26.5,8.6,1533.6,1200,23.6
4313391,16.1,62.3,36.6,0.7,1644.1,1212,32
4313409,97.6,55.1,32.6,6.6,2138.5,1380,23.5
4313425,50.3,32.8,66.1,1,1276.4,1200,52.8
4313441,40.9,81.6,16.2,1.2,1617,1200,30.1
4313466,47.8,45,53.9,0.6,2118.7,1500,27.6
4313490,47.4,63.2,35,0.9,1322.9,1100,41.6
4313508,92.4,55.2,16.5,13.4,2065.3,1416,30.2
4313607,58.6,87.6,11.4,0.7,1670.9,1212,34.2
4313656,92.9,64.6,18.3,6.2,1325.8,1040,43.2
4313706,89.6,60.1,32.4,4.3,1578.9,1183.3,24.8
4313805,56,79.9,16.6,0.5,1562.6,1212,29.7
4313904,92.6,39.6,54.4,3.2,2086.2,1642.4,18.8
4313953,86.1,69.7,16,7.8,1438.6,1053,29.7
4314001,64.9,90,8.5,0.4,2303.2,1778,28.4
4314027,45.7,42.1,55.4,0.6,1115.8,1000,38.1
4314035,30,81.5,14.4,2.4,1816.6,1356,28.2
4314050,95.9,60.9,29.9,5.3,1535.4,1225,22.6
4314068,13.9,90.8,5.2,0.1,1266.8,960,36.5
4314076,27.5,87.1,10.4,1,1493.1,1212,36.7
4314100,98.3,69.6,19.2,4.1,2343.4,1500,22.5
4314134,37.6,75.7,22.4,0.8,2959.5,2000,18.5
4314159,57.8,67.7,28.1,1.2,1447.1,1212,35.3
4314175,35.3,58.1,19.7,18,1529.4,1200,24.7
4314209,94.2,29.9,25.4,30.5,1254.1,906,41.7
4314308,70.3,75.5,20.7,1.9,1691.3,1228,22.5
4314407,93.9,33.6,22.7,23.8,1959.9,1212,28.5
4314423,69.5,63.9,32.5,1.7,2056.9,1666.7,27.9
4314456,51.3,82.8,16.5,0.3,1426.2,1200,26.4
4314464,31.2,69.8,26.6,1.5,1382.3,1133.3,40.3
4314472,56.4,90.6,8.7,0.6,2173.7,1312,22.8
4314498,21.5,79.6,16.4,2,1757.3,1212,26
4314506,79.8,54.9,19.1,16.3,1417,1050,37.2
4314548,30.4,90,7.2,0.6,2510.7,1975,22.2
4314555,36.2,83.1,14.9,1,1342,1056,53.1
4314605,64.6,52.5,19.1,15.9,1241,1000,42.8
4314704,61.5,84.6,12,2.6,1342.2,1000,33
4314753,55.1,78.6,19.9,0.2,1915.3,1496.5,29.9
4314779,51.2,81,17.5,0.6,1695.8,1212,23.8
4314787,35.8,92.8,6.3,0.3,2431.3,1553,22.1
4314803,87.7,63.4,24.9,6.1,1627.6,1300,24.7
4314902,99.8,54.5,13.2,15.6,3203.3,1700,27.7
4315008,49.2,76.9,21.7,0.6,1673.3,1212,48
4315057,40.3,80.6,17.5,0.9,1374,1212,47.1
4315073,25.5,85.4,11.9,0.8,1544.8,1212,46.1
4315107,62.4,65.4,30.8,2.8,1572.3,1212,34
4315131,43.1,94.8,4.7,0.2,1783.8,1250,51.4
4315149,66.6,75.6,20.7,0.7,1582,1350,26.7
4315156,37.8,96.3,2.8,0.2,1524.5,1212,34.5
4315172,26.6,92,7.3,0.3,2219,1715,25.5
4315206,45.5,95.3,4.4,0.2,1838.1,1462,28.6
4315305,92.6,49,32.5,9.3,1391.8,1028.6,26.8
4315313,58.9,65.9,32.5,0.9,1947.2,1212,23.7
4315321,39,73.9,23.2,1.1,1417.5,1087.5,34.2
4315354,61.2,28.8,68.5,0.6,2866.6,1684,16.4
4315404,33.9,44.4,46.3,6.9,851.7,606,37.1
4315453,46.9,95.9,3.4,0.4,1810.5,1606,39.8
4315503,61.3,70.6,22.3,2.8,1471,1200,34
4315552,32.3,86.5,12.7,0.5,1646.7,1212,33.7
4315602,95.6,35,17.2,25.6,1671,1200,30.9
4315701,70.1,77.8,12.9,2.9,1477,1100,35.8
4315750,64.5,84.5,13.4,0.8,1519.7,1226.7,30.7
4315800,71.3,74,23.4,1.6,1866.1,1456,29.2
4315909,68,80.6,18.1,0.7,1960.1,1380,26.9
4315958,32.3,70.7,25.7,2.3,1225.1,1050,47.4
4316006,78,67.7,29.3,1.4,1643.7,1287.3,30.2
4316105,75.3,80.7,17.4,1,2330.2,1350,22.6
4316204,51.6,96.1,3.5,0.1,2559.5,1333.3,25.7
4316303,49.3,66.3,30.3,1,1796.1,1222.4,32.2
4316402,89.2,53.9,23.1,9.8,1627.1,1150,35.4
4316428,44.3,50.2,45.9,3.5,1376.3,1212,42.6
4316436,73.4,84.6,14,0.9,1873.1,1300,31.2
4316451,86.1,72.5,22.1,1.1,1561.7,1180,31.9
4316477,57.6,94,5.4,0.3,1696.8,1237.3,33.7
4316501,63.3,80.6,16.2,1.9,1967.6,1650,25.7
4316600,75.5,89,9.3,0.5,1943.3,1370.7,55.5
4316709,82,61.5,32.5,2.2,1887.2,1300,25.8
4316733,40.5,80.9,15.7,2.2,2248.5,1356,19.9
4316758,70.3,78.2,17.9,2.8,1832.2,1474.7,27.8
4316808,90,68.3,21.4,3.9,2192.3,1500,24.6
4316907,96.2,56.5,18.1,11.6,2365.6,1450,30.2
4316956,47.2,83.1,14,1,1764.7,1475,30.8
4316972,22.7,69.5,23.5,3.6,1610.7,1166.7,43.7
4317004,56.6,78.3,17.5,2.8,1182.5,900,49.3
4317103,91.1,40.1,26.6,18.7,1600.2,1084.8,31.2
4317202,92,60.4,33.1,3.5,2122.6,1575,27
4317251,37.5,93,5.5,1.4,2366.7,2000,32.4
4317301,87.1,48.7,13.4,24.4,1518.8,1106,29
4317400,92.1,61,23.9,8.2,2097,1342.4,32.5
4317509,94.7,57,31,4.2,2046.8,1333.3,29.4
4317558,41.7,94.9,3.4,1.2,2000.8,1401,28.5
4317608,76.9,74.5,17.4,3.9,1614.1,1212,28.9
4317707,68.4,61.7,26.9,7.3,1526.4,1104,33.3
4317756,75.3,69.8,29.4,0.3,1912.8,1462,30.6
4317806,86.6,64.2,31.3,2.5,1895.9,1212,24.4
4317905,61.5,88.9,7.8,1.2,2116.1,1404,27.1
4317954,48,87.2,12.5,0.1,2108.7,1400,47
4318002,89.9,56.1,23.2,9.7,1568.6,1100,27.1
4318051,73.3,91.8,6.2,1.4,2785.6,1866.7,24.2
4318101,74.7,74.9,13.7,8,1663.9,1212,36.3
4318200,71.7,74.1,17.9,4.2,1572.3,1200,26.4
4318309,90.2,55.6,25.2,8.9,1526.7,1051,35.8
4318408,78.3,62.7,21,8.6,1635.4,1100,37
4318424,59.9,95.8,3.8,0.2,2185.9,1378,27.3
4318432,61.7,87.2,10.1,1.5,2028.2,1400,37.5
4318440,54.2,92.9,5.8,0.2,1677.2,1415,49.5
4318457,41.1,62.7,36.4,0.4,1309.3,1125,43.4
4318465,43.5,88.3,10.9,0,1379.4,1066.7,41.2
4318481,59.8,78.5,19.9,0.4,1834.5,1608,29.5
4318499,58.8,79.4,19.1,1.1,1809.6,1470.7,36.5
4318507,75.9,49,24.4,20.3,1183.5,958.9,39.6
4318606,64.9,90,8.4,0.7,2185.4,1375,27.4
4318614,39.1,89,9.1,0.7,1685,1250,31.3
4318622,59.4,79.8,16.2,2,1066.1,808,36.7
4318705,99.5,57.1,25.5,8.4,1922.9,1300,24.1
4318804,59.9,38.5,48.9,7.4,1750.7,1212,30.5
4318903,91.7,62.8,26.5,4.9,1901.5,1212,28.4
4319000,86.4,83.1,12.3,1,1695.7,1462,25.7
4319109,69.2,86.7,11.7,0.5,1810.5,1384,31.7
4319125,38.8,80.6,12.5,3.1,1776.6,1212,40.4
4319158,59,66.1,27.4,2.2,1484.9,1200,43.8
4319208,72.2,55.4,33.3,9.6,1350.3,1053,40.5
4319307,40.2,70.2,27.8,1.4,1792.4,1250,36.1
4319356,65.3,83.1,13.2,2,1942.5,1633.3,23.8
4319364,31.8,50.6,43.8,5.2,1178.4,974.7,35.9
4319372,51.4,85.9,11.6,1.7,2153.1,1506,25.9
4319406,75.5,66,24,3.4,1606.4,1212,37.4
4319505,85.4,70.1,21,4,1718.4,1300,25.2
4319604,83.1,79.2,11,3.3,1613.7,1212,33.6
4319703,57.7,92.6,6.7,0.5,1963.7,1378,32.9
4319711,43.8,94.9,4.6,0.3,1652.8,1212,34
4319737,20.4,69.3,25.3,3.6,1050.5,620.3,35.3
4319752,67.1,68.5,27.2,2.4,2313.2,1928,25.6
4319802,73,69.8,22.7,3.3,1507.1,1053,38.6
4319901,96.5,54.2,37.8,5.1,1641.3,1256,20.4
4320008,99.7,59.1,21.3,8.8,1571.6,1250,27
4320107,91.1,71.4,24.3,2.3,1850.6,1306,28.9
4320206,59.1,81.4,16.4,1.1,1567.9,1212,34.1
4320230,57.9,75.6,18,2,1991.3,1212,25.3
4320263,31.6,89.4,9.5,0.2,1663.3,1212,30.9
4320305,76.3,84.9,14.5,0.1,2458.2,1733.3,42
4320321,39.3,24.1,71.9,3.2,1464.6,1200,37.6
4320354,26,81,11.6,5,1250.2,1000,41.8
4320404,88.8,81.9,12.9,1.5,2126.5,1625,23
4320453,32.4,87.9,11.9,0,1799.1,1400,33.7
4320503,59.4,88.3,9.7,0.4,1227,1000,47.4
4320552,26.1,64,30.8,3,1517.5,1212,33.8
4320578,31.1,89.3,10,0.3,1435.3,1200,47.1
4320602,46.4,90.6,8.7,0.4,2745.4,1700,20.2
4320651,48.2,80,14.2,4.1,2041.9,1387.3,39.5
4320677,15.6,59.3,39.5,0.6,1313.3,1200,39
4320701,82.6,81.9,11.9,3.3,1838.8,1250,28.2
4320800,87.2,74.2,17.5,3.4,1773.1,1278,28
4320859,34.9,65.3,25.6,2.8,1576.8,1266.7,29.7
4320909,92.4,77,15.7,4.4,1867.4,1425,19
4321006,86.9,80.9,16.1,1.6,2018.4,1450,25.5
4321105,91.7,62.3,20.2,9.6,1449.8,1050,38.9
4321204,82.4,58.6,30.5,4.8,1711.5,1250,27.8
4321303,87.3,61.4,29,3.1,1630.8,1250,32.8
4321329,49,92.4,5.4,0.4,2333,1366.7,25.1
4321352,68.2,62.7,25.6,7.2,1361.7,1204,39.6
4321402,67.7,66.7,28.1,3.8,1735.1,1212,28.8
4321436,83.6,71.3,22.7,1.1,1502.1,1212,32.1
4321451,89.9,50.9,42.9,2.2,1891.5,1500,26.4
4321469,55.1,67.7,31.5,0.5,1671.9,1366.7,25.6
4321477,39.6,70.6,28.5,0.3,2310.2,1212,26.3
4321493,32.7,59.8,37.3,0.6,1452.7,1212,46.7
4321501,96.9,61.3,18,9.1,2080.1,1416.7,31.1
4321600,99.5,57.8,20.4,9.8,1871.6,1212.5,33.7
4321626,41.4,65.2,32.9,0.8,1637.1,1251,39.4
4321634,46.7,94,5.5,0.1,2492.2,1803,30.1
4321667,74.6,86.3,11.5,1.1,1632.5,1300,26.2
4321709,87.9,55,36.9,4.4,1619,1296,25.7
4321808,84.1,66.6,30.7,1.1,2038.2,1474.7,27.7
4321832,17.8,59.5,38.3,0.4,1413.7,1212,34.7
4321857,56.1,55.8,32.1,1,1177,920,34.7
4321907,82.3,49.3,44.2,2.8,1970.5,1333.3,28.4
4321956,63.1,79.6,17.4,1.6,2079.2,1436.7,21.9
4322004,64.6,59.4,27.1,5.7,1481.5,1200,28.3
4322103,74.3,78.2,20.2,0.7,1823.7,1356,45.9
4322152,35.4,86.8,12.3,0.7,1340.5,1008,32.9
4322186,40.3,89.8,10,0.1,1414.8,1200,54.5
4322202,83.8,64.2,19.6,8,1606.7,1056,27.7
4322251,73,88.6,9.7,1.2,1897.9,1500.3,19.3
4322301,69,65.2,31.9,1.4,2155.4,1533.3,35.9
4322327,46.7,30,62.4,5.4,1599.2,1212,27.8
4322343,26.8,44.2,53.6,1.6,1986.7,1290,58.3
4322350,26.8,96.7,2.7,0.5,2893.5,1725,30.3
4322376,43.9,63.9,26.2,5.9,1306.7,1070.7,44.3
4322400,94.9,49.2,31.4,8.5,1566.2,1073.1,23.9
4322509,92.9,70.5,21.3,3.6,1790.2,1237.3,25.5
4322525,30.8,70.8,26,0.4,1263.8,1166.7,40.6
4322533,14.1,45.6,51.9,1.7,1538.7,1212,32.6
4322541,90.3,82.7,13.4,2,1927.1,1666.7,24.6
4322558,65.5,92.3,7.4,0.2,1773.9,1356,31.9
4322608,67.5,72.3,20.7,4.2,1739.5,1300,30.4
4322707,59.4,61.4,30.5,2.6,1596.1,1278,27.6
4322806,86.7,85.1,10.3,1.9,2257.2,1600,26.1
4322855,28.7,96.7,3.1,0.1,3279.1,2271.7,18.3
4322905,60.6,85.2,13.1,0.6,1777.6,1290,38.8
4323002,95.5,50.1,16.1,15.8,1489.8,1100,29.3
4323101,51.5,71.8,22,4.2,1497.7,1137.3,33.4
4323200,56.9,52.7,46.1,0.4,2384.3,1666.7,27.6
4323309,64,84.3,13.1,1.4,1903.3,1409,28.4
4323358,30.4,93.4,6.2,0,1454.4,1212,32.1
4323408,63.3,90.5,8.3,0.3,2679.6,1849.3,17.9
4323457,60.3,69.3,22.3,6.1,1344.1,1106,41.2
4323507,49.6,92.1,7.2,0.5,2168.2,1375,51.9
4323606,34.2,87.4,8.1,0.9,2249.7,1600,24.9
4323705,41.5,82.6,15.5,0.5,2018.2,1375,26
4323754,32,67.3,25.5,2.2,1414.1,1212,49.4
4323770,55,26.5,70,1.4,2322,1950,21.9
4323804,99.8,64.5,21.1,7.1,2134.1,1400,30.8
5000203,82.1,50.9,37.1,9.4,1627.3,1200,11.2
5000252,65.1,72.8,21.2,3.8,1395.3,1066.7,14.2
5000609,64.7,44.3,37.2,12.1,1281.4,844.8,20.9
5000708,86.5,43.7,39.2,11.8,1196.2,828,25.3
5000807,59.3,73.9,21.5,3.1,1265.5,1017.5,25.5
5000856,79.2,64.2,28,4.6,1272.5,950,25.2
5000906,77.2,46.8,34.3,15,980.8,650,20.4
5001003,90.3,57.5,31.2,5.8,1465.5,1100,22.8
5001102,78.8,40.1,45.7,6.8,1307.1,850,29.6
5001243,55.1,58.5,26.7,13.2,1083.7,733.3,17.6
5001508,71.1,57.2,31.1,6.1,1797.1,1212,18.4
5001904,89.3,59,31.1,7.8,1453.7,1050,20.3
5002001,79.3,65.9,28.8,2.5,1366.3,1075,26.1
5002100,81.4,69.6,21.3,5.7,1166.6,833.3,25.8
5002159,72.6,53.5,34.8,8.8,1334.7,1000,19.1
5002209,82.4,54,31.1,10.3,1796.8,1200,15.9
5002308,70,51.9,38,7.7,1328.4,1066.7,19.8
5002407,76.6,48.9,31.6,15.3,1227.9,1000,18.5
5002605,78.2,68.5,25,4.5,1710.1,1212,15.5
5002704,98.7,45.6,34.3,10.3,2088.3,1237.3,21.5
5002803,66.1,69,25.1,4.5,1175.5,866.7,21.5
5002902,90.2,53.6,31.2,8.5,1522.2,1200,28.1
5002951,92.7,52,35,6.8,2090.9,1408,7.3
5003108,39.1,52.9,29.9,11.7,1190.4,908,32.9
5003157,68.5,38.3,30.3,23.2,700,488.9,28.3
5003207,92.4,55.8,27.5,8,1432.6,875,24.5
5003256,90,52.6,30.5,9.8,1508.1,1125.3,16.7
5003306,90.9,60.4,29.5,6.3,1501.3,1100,21.8
5003454,88.3,64.7,30.2,3,1317.7,1000,25.2
5003488,50.6,58.4,32.1,5.5,1232.9,833.3,26
5003504,65.2,53.8,34.1,2.4,1196,909,25.1
5003702,93.9,50.8,32.2,10.7,2015.2,1266.7,16.3
5003751,84.2,68.6,24.2,4.9,1275.1,972.7,23.3
5003801,93.3,63.7,26.7,6.1,1514.6,1106,25.9
5003900,53.3,70.5,22.5,3.6,1711.9,1212,13.3
5004007,80.9,69.3,23,3.1,1559.9,1204,27.1
5004106,86.7,61.8,31,3.8,1147.3,886.7,34.9
5004304,75.5,63.4,27.9,7,1475.2,1050,20.9
5004403,68.3,68.2,25,3.8,1686.7,1212,16.6
5004502,63.7,60.5,26.5,9.7,1258,910,21.9
5004601,52.8,64.6,29,4.9,1255.3,903,20.6
5004700,84.8,74,21.8,2.8,1420,1116.7,18.7
5004809,23.6,63.1,26.1,7,757.4,500,32.1
5004908,35.5,58.6,30,5.7,1392.5,1025,29.5
5005004,93.9,53,34,7.1,1572.7,1012,23.7
5005103,54.9,66.6,27.5,4.6,1424.5,1004,21.9
5005152,73.1,51.7,37.7,8.3,1202.3,903,25.1
5005202,97.2,55.8,29,7.6,1172.2,800,24.1
5005251,49.8,54.6,27.7,15.5,1295.6,940,19.3
5005400,91.1,54.4,26.7,8.1,1785.8,1237.3,10.7
5005608,56.6,44.1,37.2,14.5,924.1,633.3,25.6
5005681,88,56.4,33.8,7.9,1531.1,1140,22.6
5005707,94,59.1,30.5,7.3,1744,1206,17.6
5005806,54.8,53.4,37.6,6.1,1269.4,920,27.2
5006002,84.1,60.3,31.8,5.8,1245,950,13.9
5006200,87.5,62.7,28.9,5.2,1656.2,1200,20.1
5006259,67.3,63.5,30.4,5.9,1347.2,1166.7,27
5006275,54.3,68.8,25.7,3.5,1692.4,1250,12.1
5006309,90.6,53.7,30.8,8.8,1719.7,1212,23.1
5006358,47.6,43,28.7,27,764,450,25.4
5006408,77.3,74,22.2,2.8,1271.3,909,26.5
5006606,86.6,59.7,29.2,6.1,1484.7,900,18.9
5006903,65.8,61.4,26.7,9.7,1166.4,833.3,19.2
5007109,78.4,50.4,35.7,7.7,1580.8,1162,12.8
5007208,89.2,51.3,37.4,8.2,1528.9,1091.2,15.5
5007307,72.9,62.2,27.2,6.2,1501.8,1212,23.8
5007406,85.2,53.3,35.8,7.3,1598.3,1166.7,18.9
5007505,69.1,52.7,27.2,16,1212,950,25.1
5007554,51.8,62.4,31.8,4.1,1223.6,925,16.9
5007695,91.5,63.5,26.8,7,2084.7,1350,12.8
5007703,80.5,66.3,25.9,5,1282.6,940,20.2
5007802,76.6,48.4,38.3,8.5,1247.4,1000.5,21.9
5007901,68.8,48.5,38.2,8,1236.6,925,20
5007935,91.5,53,38.6,5.5,1487.6,1125,14.2
5007950,35.4,55.9,30.4,11.4,727.9,488.9,40.3
5007976,75.6,76.3,21.2,1.7,1326.4,1184.5,25.8
5008008,55.4,52.3,36.1,7.3,1302.9,932,27.4
5008305,96.4,47,35.8,9.3,1674.7,1203.4,20.4
5008404,77.7,74.8,20.7,3.6,1429.4,1175,31.6
5100102,59.6,69.1,28.6,1.1,1231.1,1000,39.4
5100201,83.9,49.3,35,11.8,2215.9,1500,11.8
5100250,87.7,61.8,27.7,7.5,1840.6,1266.7,13.5
5100300,87.7,59.2,30.1,6.4,1828.8,1237.3,20.5
5100359,67.2,46.1,33.3,6.9,1237.7,840,14.3
5100409,92.6,65.8,23.3,5.3,1518,1084.8,16
5100508,66.9,62.3,26,9.8,1030.4,826.7,30.8
5100607,94.4,51.4,35.9,9.3,1946.8,1250,8.5
5100805,72.8,58.5,22.7,15.6,1635.2,1150,13.2
5101001,66.9,67.4,26.6,2.1,1425.5,1040,23.2
5101209,85.4,65.9,23.5,8.6,1664,1212,30.7
5101258,84.8,58.1,29.5,9.2,1379.8,1100,21.2
5101308,93.4,64.7,28.5,2.6,1649.7,1212,19.2
5101407,73.9,46.9,34.5,17.4,1863.4,1403,9.9
5101605,45.7,76,16.9,1.7,985.4,768,41.1
5101704,86,58.3,28.5,10.9,1466.4,1000,21.2
5101803,90,52.3,32.1,8.5,1779,1200,20.4
5101852,52.9,48.1,38.5,9.8,1533.8,1100,12.8
5101902,60.7,68.1,23.5,5.4,1603.2,1200,10.3
5102504,88.5,62.9,26.1,5.7,1459.1,966.7,26.3
5102603,37.2,42,38.2,9.1,861.2,366.3,19.4
5102637,93.5,56.1,29.9,9.4,1827.5,1271.4,7.2
5102678,87.2,54.9,31.1,10.3,1712.1,1212,10.1
5102686,79.8,50.8,43,3.4,1850.4,1282.4,8.3
5102694,62,57.3,33.8,6,1615.6,1200,24.4
5102702,78.3,49.6,33.8,12.3,2136.4,1375,9.7
5102793,59.2,66.5,26.8,5.7,1460.3,1204,23.1
5102850,49.2,61,29.1,6.1,1335,1100,26.8
5103007,68.5,62.2,28.6,4.3,1863.3,1106,28.2
5103056,74.2,68.2,26.2,2.3,1473.4,1200,16.5
5103106,64,46.7,35.8,10.2,1466.1,1150,16.5
5103205,83.5,67.1,24.1,5,1796.8,1300,15.3
5103254,59.9,40.2,44.8,12.9,1262.6,900,16.4
5103304,70.2,50.2,32.6,10,1444.1,1133,19.9
5103353,77,45.7,40.1,10.4,1500.8,1075,20.3
5103361,65.3,48.7,33.7,9.2,1523.4,1200,19.1
5103379,46.4,46.9,34.8,15.5,1520.4,1033.3,12.3
5103403,98.3,52.6,31.3,7.6,2428.2,1300,16.9
5103437,62.9,62,32.5,4.1,1300.7,1000,30
5103452,88.7,61.1,28.2,7.3,1436.5,1100,20.3
5103502,79.9,61.3,27.1,7.9,1634.5,1212,17.5
5103601,79.4,70,25.8,1.9,1456.3,1125,26.8
5103700,70.7,50.9,29.6,17.5,1520.2,1021.3,12.4
5103809,61.3,68.1,25.2,2.8,1457.4,1100,18.7
5103858,45.9,47.9,21.4,12.2,1347.3,985.3,12.8
5103908,44.2,73.7,19.4,2.9,1051.8,733.3,26.1
5103957,69.8,76.6,17.6,3.1,1190.2,902,29.6
5104104,84.7,59.7,29.3,8.5,1740.2,1180,16.6
5104203,82.8,69.5,23.7,2.9,1502.9,1200,29.6
5104500,73.3,58,33.4,7.7,1281.7,1071,28.8
5104526,75,68.1,25.4,4.5,1872.1,1400,9.6
5104542,61.7,62.6,30,5.3,1587.4,1212,12.1
5104559,81.6,67.3,23.9,6.1,1489.3,1200,15.6
5104609,69.5,63.7,28.3,4.6,1638.7,1200,13.2
5104807,91,57.8,33.3,3.8,1638.8,1141.3,23.1
5104906,49.8,66.2,25.9,7.3,1095.6,833.3,31.9
5105002,66.5,62.2,30.2,6.4,1721.2,1212,19
5105101,80.4,67.7,25,4.5,1605.6,1200,15.7
5105150,80.3,58.8,28,8,1597.7,1200,17
5105176,73.2,52.1,30.1,16,1627.8,1200,11.8
5105200,68.4,69,26.6,2.7,1222.8,1000,32.5
5105234,61.9,55.1,26.5,16.3,1165.1,985.3,22
5105259,96.2,55.2,31.9,9,2202.8,1500,8.8
5105309,74.1,55.2,30.1,8.3,1051.6,778.3,25.5
5105507,38.1,62.4,27.3,7.5,1260.1,906,15.7
5105580,71.2,63.1,28.8,4.8,1570.7,1100,14
5105606,80.3,56.2,26.9,15.1,1880.9,1333.3,10.5
5105622,84.6,62.7,29.8,4.3,1480.3,1106,21.7
5105903,86.8,62.4,31.9,2.7,1484.3,1073.1,20.4
5106000,84.2,69,22.1,5.9,1454.1,1057,24.1
5106109,41.2,78.9,18,0.9,1107.4,808,38.1
5106158,48,63.6,28.6,6.1,1419.8,1100,17.9
5106174,35.5,42.1,33.8,23.7,1290.6,800,18.2
5106182,51.3,43.7,32.9,17.6,1411.8,1120,15.1
5106190,63,62.5,28.1,7.6,1673.6,1212,17.5
5106208,71.2,52.6,37.2,9.1,1187.8,892.9,37.9
5106216,63.3,71.2,23.8,3.8,1532.5,1200,15.6
5106224,88.6,59.8,26.9,9.5,2222.8,1525,9.5
5106232,90,55,33.3,8.4,1378.3,1060,17.6
5106240,68.8,56.8,30.3,9.9,1588.7,1200,9.7
5106257,82.3,55.4,32,10.3,1674.3,1200.4,17.3
5106265,40.6,69.9,19.6,8.6,1395.5,1000,17.9
5106273,58.8,78.5,18.9,2.3,1535.9,1250,23
5106281,60.5,59.1,27.3,8.5,1521.5,1204,17.5
5106299,62.5,65,26,7.4,1616.7,1212,16.9
5106307,72.1,59.3,24,9.5,1493,1081,13.1
5106315,67.4,60.9,30.5,7.1,1343.5,1004.8,18.9
5106372,77.1,60.5,30.5,5.3,1510.7,1166.7,19.8
5106422,80.7,59.5,25.3,10.6,1089.9,808,21
5106455,77.8,54.6,32.9,7.9,1477,1203,24.5
5106505,75,83.4,14.5,1.2,1066.7,857.1,32.9
5106653,85.1,53.6,32.1,9.4,1748.6,1212,18.3
5106703,86.7,75,20.1,2.2,1511.5,1212,31.5
5106752,86.1,46.4,36.3,12.7,1576.6,1176.3,13.2
5106778,69.6,49,31.4,17,1438.6,1075,14.7
5106802,60.6,60.4,30.8,6.9,1773.9,1266.7,14.4
5106828,52.3,68.4,24.9,5.3,1172.7,850,21.3
5106851,50.5,73.2,24.1,2.7,1006.1,750,37.1
5107008,69.8,59.8,27.5,7.3,1126.3,845.3,28.7
5107040,95.8,55.7,26.9,13.7,2064.2,1460,7.1
5107065,78.4,50.2,31.5,9.9,1861.7,1250,6.3
5107107,79.9,62,29.5,4.2,1355.4,1050,25.8
5107156,72.1,55.9,33.3,10.7,1328.5,1100,32.3
5107180,60.2,55.8,30.1,5.6,1455.5,1200,16.1
5107198,82.7,67.5,22.9,2.6,1593.4,1212,18.8
5107206,83.3,55.7,27.2,15.2,1472.2,1166.7,22.2
5107248,80.1,68.7,26.9,3,1739.4,1212,15
5107263,57.2,67.1,26.7,6,1498.5,1210,17.8
5107297,47.5,67.3,27.9,0.9,1417.5,1212,38
5107305,83.4,60.2,29.4,8,1335.7,1000,18.4
5107354,77.9,51.6,32.5,8.4,1336.9,1037.3,10.1
5107404,86.4,51,41.5,6.4,1339.5,1000,27.9
5107578,29.9,42.2,45.8,9.7,920.1,606,19.2
5107602,96.6,52.8,33.6,8,1960.4,1212.5,13.8
5107701,63.7,77,19.4,1.5,1250,937.3,33.1
5107743,65.8,51.4,32,13.8,2108.1,1181.8,7.9
5107750,56.2,43.1,41.9,14.3,1383.6,1100,27.3
5107768,55.5,52.7,33.9,12.6,1598.2,1185.7,9.1
5107776,39.4,59.8,21.2,4.9,1003,606,25.9
5107792,62.2,53.6,28.5,3.1,1168.5,903,12.4
5107800,59.1,69.4,19.9,8,1215,850,32
5107859,58.9,56.3,33.4,5.6,1502.3,1142.4,15.4
5107875,88,51.1,31.3,12.4,1957.4,1462.5,6.5
5107883,47.7,55.4,40,1.8,1552.1,1250,13.9
5107909,97,58,27.7,11.1,2146.8,1500,9.8
5107925,94.6,61,27.5,6.8,2175.1,1500,7.4
5107941,51.1,59.9,29.4,7.9,1631.7,1200,12.7
5107958,92,54.6,30.9,9.5,1846.1,1250,13.9
5108006,77.5,66.4,29.1,2.5,1743.6,1300,9.3
5108055,58.8,67.1,25.6,4,1545.6,1200,21.9
5108105,73.4,70.4,24.6,0.8,1370.1,1000,27
5108204,73.3,64.7,22.5,9.7,1390.3,1204,25.3
5108303,79.3,61.4,26.4,3.8,1589.3,1125,13.4
5108352,26.3,63.5,35.7,0.2,1348.2,1133.3,47
5108402,98.8,54.6,31.6,7.1,1453.9,1075,18.1
5108501,82.6,65.5,23.1,7.7,1618.3,1212,11.7
5108600,71.9,47.7,41.2,5.3,1632.9,1206,13.1
5108808,63.8,80.9,14.9,3.4,1130.9,987.4,19.7
5108857,70.4,59.4,32,6.6,1504.5,1141.8,20.9
5108907,63.2,54.2,28.3,9.5,1721.5,1227,9.8
5108956,60.5,66,24.6,8.4,1604.8,1200,14
5200050,96.5,45.8,41.9,7.9,1180.2,825,19.1
5200100,75.8,70,24.2,3.5,1120.3,856,25.7
5200134,94.4,55,33.8,7.2,1489.5,1066.7,16.1
5200159,86.2,41.7,46.8,10.9,1490.2,1150,36
5200175,61.8,77.4,19.4,1.4,1067.4,842.4,29.3
5200209,78.4,41.2,23.2,13.6,1517.1,1212,26.7
5200258,99.8,44.7,35.9,12.5,1027.3,800,16
5200308,92.2,60.3,30.9,6.3,1299.2,909,28.7
5200506,88.1,45.9,32.9,19,1654.8,1250,29.4
5200555,88.6,59.3,32.4,5.3,1527.4,1166.7,12
5200605,75,39.2,24.3,21.5,1767.9,1178.8,18.8
5200803,86.6,68,23.9,5.3,1143.5,777.2,23.8
5200829,46.6,66.9,30.9,1.8,1185,909,31.3
5200852,91.7,70.2,27,1.2,914.6,700,45.2
5200902,67,51,39.6,6,1484.2,1212,28.7
5201108,98.2,50.3,38.7,5.7,1723,1200,18.1
5201207,94.6,53.1,30.8,9.4,1518.8,1300,34.4
5201306,85.7,57.1,28.8,2.8,1473.2,1142.4,26.4
5201405,99.9,42.7,38.5,9.1,1417.3,1066.7,16.3
5201454,80.6,50.6,27.4,8.7,1436.8,1071,17.3
5201504,76.1,52.7,37.3,6.6,1507.6,1212,20.8
5201603,89.4,63.5,29.1,1.4,1369,1112,29.7
5201702,95.8,44.2,38,14,1333.4,1025,25.5
5201801,93,43.7,39.8,6.5,1165.1,800,26.5
5202155,70.5,60.5,34.8,2.4,1306.1,1000,27
5202353,57.5,60.7,33.9,3.5,1335.2,1204.5,25.5
5202502,85,54.3,34.3,6.2,1469.3,1133.3,22.9
5202601,79.4,73.6,15.1,8,1491.5,1106,37.3
5202809,72,71.1,20.8,0.7,1395.4,1093.3,37.9
5203104,36.4,69.9,24.6,2.5,1183.7,875,33.3
5203203,90.4,55,35.1,6.4,1311.6,1000,15.5
5203302,78.2,53.5,27.2,8.4,1637.7,1133.3,19.4
5203401,79.9,64.9,30.1,1.3,1367.3,1067.3,32.9
5203500,95.1,66,21.5,10,1447.5,1115.5,16.8
5203559,92.8,49.9,37,9.5,1337.5,1030,21.8
5203575,62.3,58.2,35.9,3.1,1200.7,969.6,30.1
5203609,75.1,51.2,40.3,5.5,1266.1,1070.7,24.6
5203807,83.1,60.8,31.4,4.5,1469.6,1100,23.3
5203906,94.2,67,21.5,5.4,1464,1200,21.7
5203939,84.9,37.7,50.3,8.7,1419.5,1200,27.1
5203962,59.8,72.1,25,1.6,883.7,728,40.5
5204003,77.4,77.3,16.6,4.1,1170.2,900,25.2
5204102,84.6,57.2,25.9,10.8,1562.2,1050,19.2
5204201,81.1,54.4,31.7,12.2,1196.6,1000,31.9
5204250,93,66.9,16.9,7.5,1531.7,1200,28.2
5204300,84.8,58.9,26.3,8.4,1796.8,1212,15.5
5204409,75,53.1,33.1,8.6,1652.4,1212,25
5204508,97.5,43.1,35.3,11.3,1596.1,1133.8,20.9
5204557,65,63.1,25.8,6.8,1384.3,1078,26.8
5204607,74.9,47.9,40.4,9.7,1348.8,1000,24.8
5204656,63.7,58.6,36.6,1.1,1225.9,1000,30.7
5204706,86.8,65.5,30.9,1.9,1364.1,1000,18.6
5204805,77.3,53.7,20.1,5.2,1503.2,1166.7,15.5
5204854,87.2,59.5,36.7,2.6,1141.6,900,19.3
5204904,89,62.9,30.7,3.2,1105.2,808,22.1
5204953,89.9,65.4,29.6,3.8,1092.3,808,32
5205000,83.1,53.9,40.8,3.7,1138.2,1000,32.6
5205059,92.8,77.1,21.2,0,1363,1053,25.8
5205109,96.1,54,29,8.1,1979,1320,15.3
5205208,83.5,55.4,28.2,5.5,1173.8,906,29.3
5205307,55.1,67.8,18.4,7,992.5,666.7,33.3
5205406,95.4,57.1,35.1,4.4,1905.9,1237.3,26.5
5205455,74.3,51.1,39.2,3.9,1470.5,1133.3,32.2
5205471,92.2,50.5,36.9,8,2014.5,1489.5,7.7
5205497,99,47.2,32.3,12.8,1257.4,870.7,17.4
5205513,75.5,58.8,28.3,8.1,1125,833.3,25.8
5205521,69.8,65.3,25.9,7.3,1094.2,825,40.5
5205703,63.1,47,44.4,7.1,1696.1,1212,28.2
5205802,66.6,75.8,18.8,2.6,1267,906,28.7
5205901,83.3,62.8,24.2,2.6,1501.2,1212,20.3
5206206,87,61.5,25.8,8.8,1347.2,900,15.1
5206305,84.6,33.6,47.6,7.6,1545.3,1106,26.5
5206404,78.8,61.9,32.1,5.1,1438.2,1106,21.4
5206503,75.8,55.8,28.9,11.6,1625.5,1204,31.4
5206602,80.2,59.9,23.9,9.9,1392.6,1050,33.5
5206701,71.4,71.2,16.5,2.8,914.2,700,35.5
5206800,83.4,81.2,15.2,2.1,1029.5,808,44.6
5206909,80.1,68.2,16.1,7.2,1201.3,1042.4,24.9
5207105,68.9,64.8,27.6,5,1362.3,1212,37.2
5207253,70.6,61.8,27.1,8.7,1501.9,1200,21
5207352,77.8,62.8,29.7,3.7,1467.4,1212,27.8
5207402,88.6,61.4,28.6,6.6,1592.1,1160,20.8
5207501,91.5,70.2,22.7,6.8,1317.6,1012,27.1
5207535,55.7,63.2,28.9,6,1212.3,1000,31.8
5207600,68.8,55.8,34.7,6.7,1503.8,1212,34.1
5207808,84.5,65.7,30.9,1.9,1777.1,1212,30.4
5207907,35,61.1,33.4,2.8,911.1,642,31.5
5208004,92.8,66.1,23.9,4.6,1553.5,1042.4,18.6
5208103,80.8,65.5,28.9,4.5,1442.8,1074.7,31.3
5208152,39.1,67.7,27.7,2.5,1420.8,1006,22.6
5208301,73.5,70.7,24.6,2,988.8,800,40.2
5208400,94.7,49.8,38.3,6.1,1280.3,966.7,18.4
5208509,88.7,50.6,23.2,3.9,1519.4,1212,31.2
5208608,94.9,60,32.4,5.5,1539.5,1200,17
5208707,99.9,46.8,33.9,9.2,2668.8,1450,18.1
5208806,99.1,40.2,39.6,12.7,1135.6,900,15.9
5208905,76.3,61.5,25.4,5,1718.8,1200,36.5
5209101,94,58.3,24.9,10.7,1689.6,1212,16.9
5209150,87.7,63,20.6,14,1288.3,1100,20.8
5209200,91.9,46,30.6,16.8,1227.1,937.3,23.2
5209291,66.9,32.7,60.2,4.4,1292.4,1100,42
5209408,42.1,79.3,19,1.5,916.7,723,39.5
5209457,55.7,79.4,15.4,4.3,1100.8,900,33.9
5209606,75.1,49.8,40.7,7.2,1315.7,1066.7,33.8
5209705,82.5,52.6,32.9,7.2,1626.3,1109.7,23.6
5209804,75.8,86.7,12.4,0.4,1353.3,1084.8,28.5
5209903,78.1,77.2,18.7,2.6,919.3,700,29.1
5209937,89.8,63.4,18.5,13,1250,1008,23.2
5209952,88.5,52.5,34.5,9.4,1441.1,1100,20.2
5210000,94.1,57.6,30.7,4.8,1498.4,1140,20.3
5210109,87.3,62.3,24.9,7.3,1527.1,1181,26.4
5210158,53.2,60.7,34.3,3.8,1315.8,1206,33.3
5210208,92.5,54.2,35.2,6.9,1748.6,1212,24.9
5210307,79,61.7,27.1,8,1254.5,1010,36.1
5210406,86.8,53.8,32.7,6.2,1421.5,1069.6,17.7
5210562,91.9,59.9,33.2,4.8,1331.5,1133.3,24.5
5210604,86.1,57.2,36.6,4.1,1127.4,973.1,47.5
5210802,76.9,52.7,30,11.7,1582,1200,26.1
5210901,92.5,67,26.5,4.5,1335.7,1000,19.4
5211008,74.1,56.7,34.1,5.7,1503.4,1151.3,25.9
5211206,82.7,43.7,46.4,7.1,1371.3,1031,31.2
5211305,65.9,67.4,23.1,3.6,1776.1,1170.7,17.8
5211404,78.8,65.9,28.1,3.3,1451.5,1200,27.9
5211503,96.8,53.9,20.1,13.8,1838.9,1212,17.4
5211602,57.7,71.3,26.1,1.5,1548.5,1112,25.9
5211701,67.1,50.2,34.8,11.7,1620.9,1212,26.3
5211800,86.9,65.7,30.4,2.5,1313.5,1000,22.4
5211909,94.3,43.5,30.6,14.1,1818.9,1212,14.4
5212006,75.8,49.9,35.2,13.8,994.1,808,34.8
5212055,86.5,82,14.1,1.8,1290,850,33.5
5212105,92.2,58.1,28.6,9.2,1785.5,1212,17.1
5212204,82.1,54.8,32.5,8.2,1661.8,1204,19.7
5212253,76.8,41.6,37.7,17.6,1386,1100,21
5212303,59.7,61.1,27.4,5.6,1248.9,902.4,25.8
5212501,96.2,53.7,32.4,8.9,1154.3,833.3,20.2
5212600,66.9,61.2,23.1,10.4,1624,1212,34.2
5212709,75.5,58.1,36.5,4.3,1009.5,813.3,23.5
5212808,77.5,65.4,27.7,4.9,1531.6,1200,22.7
5212907,88.9,46.7,34.9,14,1499.4,1150,25.4
5212956,73.9,60.6,31.5,5.8,1160,975,30.2
5213004,96.7,57.2,27.2,13.2,1294.8,1025,23.7
5213053,47.7,47.7,34.9,9.7,1104.6,808,36.6
5213087,87,55.5,37.1,4.6,1290.2,966.7,30.9
5213103,93.7,62.1,24.7,8.2,1576.3,1100,14.4
5213400,63.6,59.9,35.6,3.4,1576.6,1212,34.6
5213509,45,72.9,22.8,2.3,817,600,52.1
5213707,76.4,59.4,31.9,5.6,1724.7,1212,19.6
5213756,84.4,54.5,31.4,11.3,1765.2,1250,13.1
5213772,49.5,64.7,34.6,0.3,1049.7,800,38.7
5213806,90,58,26.2,7.3,1637.6,1212,18.3
5213855,77.2,60,34.1,4.7,1081.8,880,38.4
5213905,68.1,67.6,26.7,2.8,1488.2,1100,25.5
5214002,92.4,56.6,33,6.1,1506.2,1212,17.9
5214051,59.3,58.9,30.7,9.5,1347.9,1033.3,27
5214101,70.8,59.5,32.5,6.2,1101.7,700,26.5
5214408,80.7,57.1,35,5,1255.1,1054,24.8
5214507,96.9,57.1,29.7,7.1,1390.6,975,18.3
5214606,78.1,59.1,33.8,4.3,1385.5,1000,28.6
5214705,71.7,71.3,26.6,0.9,1100.1,909,32.8
5214804,89.4,64.3,15.6,10,1465.6,1200,31
5214838,73.7,54.6,34.4,9.2,1606.5,1212,17.9
5214861,69.4,49.8,41.8,4.5,1215.4,969.6,38.7
5214879,75.7,63.6,31.7,3.5,1397.8,1055,21
5214903,45.5,79.3,16.4,1.8,1060.5,808,44.2
5215009,87,74.6,20.2,2.4,1427.2,1133.3,25.5
5215207,68.1,58.7,31.7,4.4,1369.2,1200,48.4
5215231,99.5,43.8,37.7,11.9,1000.4,784.8,19.8
5215256,73.2,47.4,25.1,14,1129.2,933.3,28.8
5215306,67.6,77.6,16.9,4.1,1855.2,1212,18.2
5215405,70.2,79.3,16.6,1.8,1332.1,1000,30.4
5215504,91.7,60.9,25.6,4.8,1528.1,1150,23.4
5215603,86.2,54,35.8,6.8,984.9,685.3,30.6
5215652,66.1,34.9,55.8,7.3,1405.7,1056,33.1
5215702,88.7,42.2,42.2,9.9,1337.7,1000,18
5215801,92.9,21.5,26.9,5,1688.9,1212,35.3
5215900,74.8,40,49.2,6.6,1410.9,1200,25.5
5216007,79.1,73.5,15.2,5.9,1380.7,1066.7,33
5216304,91.7,63.5,20.4,6.7,1222.1,1000,27.2
5216403,80,54.4,31.6,10.8,1539.7,1166.7,18.2
5216452,76.3,48.8,32.1,11.8,1469.1,1125,16.9
5216809,70.9,76.9,16.3,1.4,1336,1028,31
5216908,45.8,80.9,16.7,1.6,1090.5,889.3,26
5217104,79.8,60.6,27,6.5,1876.5,1212,26.8
5217203,83.5,62,31.9,3.4,1598.1,1212,22.2
5217302,67.8,70.5,20.5,4.5,1492.8,1075,25.6
5217401,93.7,52.2,33,10.3,1745.7,1212,21.5
5217609,94.4,48,34.4,11.8,996.1,766.7,20.5
5217708,84.8,67.5,20.8,4.4,1693,1212,24.1
5218003,88.2,64.6,29.1,4,1524.5,1100,23.3
5218052,93.2,59.7,29.8,8.5,1696.9,1213,15.5
5218102,86.8,74.4,19.6,3.7,1369,1100,22.2
5218300,82.4,75.6,18.9,3,1333.8,904,21.9
5218391,70.4,45,28.3,10.4,1453.1,1084.8,27.2
5218508,92.7,63.9,21.8,9.3,1722.8,1212,17
5218607,94.6,53.8,33.8,7.4,1469.2,1144.8,21.9
5218706,89.5,70.4,24.6,3.3,1482.6,1212,24.7
5218789,87.1,60.9,23.6,9.7,1613.6,1200,17.2
5218805,94.2,56,27.7,8.7,1822.7,1212,12
5218904,88.6,66.8,28,3.3,1478.6,1200,22.7
5219001,85.7,50.6,41.7,5.8,1561.9,1212,28.3
5219100,91.5,48.1,32,11.7,1408.8,1050,25
5219209,32.3,72.4,17.8,3.9,1776.3,1212,25.1
5219258,81,54.7,35.8,7,1531,1184.5,22.6
5219308,95.9,59.2,26.8,8.5,1538.3,1150,19.8
5219357,73.1,59.5,33.4,6.8,1333.1,1200,34.5
5219407,91.6,66.4,22.5,7.2,1156.2,775,34.5
5219456,57.5,64.7,29.8,3.8,961.7,750,41.4
5219506,76.6,87.1,11.1,1.1,1247.3,1042.4,34.6
5219605,87.5,63.7,28.7,6,1239.4,1000,35.4
5219704,74.2,69.2,28.1,1.1,1239.6,1003,37.5
5219712,83,57.6,25.3,14.8,1280,1000,20.8
5219738,92.8,48.3,36.1,10.3,1735.6,1150,19.5
5219753,95.5,46.7,36.7,10.3,1046.5,762.4,23.1
5219803,60.7,75.5,19.5,3.7,952.6,678,41.1
5219902,78.9,70.1,25.8,2.5,1112.8,847.2,28.8
5220009,64.9,57.8,30.8,4.8,915,650,22.8
5220058,78.1,59.1,20.6,16.5,1629.3,1150,29.4
5220108,91.8,50.4,39,6.5,1873.6,1212,23.1
5220157,87.6,63.9,32.7,1.6,1233.5,1000,25.2
5220207,86.2,54.5,36.2,6.2,1608.3,1200,22.5
5220264,65.7,61.8,29.9,4.3,1824.8,1200,18.6
5220280,66.5,64.2,30,2.4,1243,1033.3,30.3
5220405,98.6,57.2,26.5,10.6,1403.3,1025,22.2
5220454,99.3,39.4,38.3,12,1346.1,1000,14.3
5220504,81.4,39.8,37.7,17.9,1440.7,1100,18.2
5220603,72,68.7,20.2,4.3,1585.2,1150,23
5220686,85.4,79.4,17.8,1.9,955.3,703,28.7
5220702,33.6,77.3,18.2,2.2,1224.2,909,19.1
5221007,83.4,62.7,32.5,0.8,1406.2,1050,23.6
5221080,69.5,69.3,22.9,1.6,1007.1,705.6,31.6
5221197,93.3,49.9,32.6,10.1,1205.2,833.7,31.2
5221304,88.7,50.6,22,16.7,1577.5,1212,31.3
5221403,97.9,47.7,36.9,7.7,1355.4,1000,18.9
5221452,67.9,67.5,30.7,0.8,1118.1,830,39.4
5221502,83.3,53.6,37.8,6.3,1413.9,1026.7,29.7
5221551,78.9,59.1,31.5,7.5,1307.4,975,24.4
5221577,66,62.6,31.8,4.1,1187.6,906,29.7
5221601,92.7,64.8,26.4,4.8,1578.5,1166.7,17.9
5221700,85.3,54.7,40.4,2.6,1422.2,1141.3,27.6
5221809,67.1,61.6,25,7.7,1587,1200,27.3
5221858,100,46.1,34.6,10.6,1444.9,1033.3,15.9
5221908,59.3,51.6,33.5,13.5,1544.2,1145.3,29.8
5222005,79.1,64.2,25.5,6.7,1763.1,1200,16.5
5222054,90.9,59.5,33.6,5.7,1340.3,1053,15.6
5222203,78.8,62.8,20.7,12.3,884.9,700,23.8
5222302,60.7,58.4,35.1,5.5,1212.4,909,28
5300108,96.5,49.7,29.2,11.3,2999.2,1495,22.3
