ibge,regiao_imediata_codigo,regiao_imediata,regiao_intermediaria_codigo,regiao_intermediaria
1100015,110005,Cacoal,1102,Ji-Paraná
1100023,110002,Ariquemes,1101,Porto Velho
1100031,110006,Vilhena,1102,Ji-Paraná
1100049,110005,Cacoal,1102,Ji-Paraná
1100056,110006,Vilhena,1102,Ji-Paraná
1100064,110006,Vilhena,1102,Ji-Paraná
1100072,110006,Vilhena,1102,Ji-Paraná
1100080,110004,Ji-Paraná,1102,Ji-Paraná
1100098,110005,Cacoal,1102,Ji-Paraná
1100106,110001,Porto Velho,1101,Porto Velho
1100114,110003,Jaru,1101,Porto Velho
1100122,110004,Ji-Paraná,1102,Ji-Paraná
1100130,110003,Jaru,1101,Porto Velho
1100148,110005,Cacoal,1102,Ji-Paraná
1100155,110004,Ji-Paraná,1102,Ji-Paraná
1100189,110005,Cacoal,1102,Ji-Paraná
1100205,110001,Porto Velho,1101,Porto Velho
1100254,110004,Ji-Paraná,1102,Ji-Paraná
1100262,110002,Ariquemes,1101,Porto Velho
1100288,110005,Cacoal,1102,Ji-Paraná
1100296,110005,Cacoal,1102,Ji-Paraná
1100304,110006,Vilhena,1102,Ji-Paraná
1100320,110004,Ji-Paraná,1102,Ji-Paraná
1100338,110001,Porto Velho,1101,Porto Velho
1100346,110004,Ji-Paraná,1102,Ji-Paraná
1100379,110005,Cacoal,1102,Ji-Paraná
1100403,110002,Ariquemes,1101,Porto Velho
1100452,110002,Ariquemes,1101,Porto Velho
1100502,110005,Cacoal,1102,Ji-Paraná
1100601,110002,Ariquemes,1101,Porto Velho
1100700,110002,Ariquemes,1101,Porto Velho
1100809,110001,Porto Velho,1101,Porto Velho
1100908,110005,Cacoal,1102,Ji-Paraná
1100924,110006,Vilhena,1102,Ji-Paraná
1100940,110002,Ariquemes,1101,Porto Velho
1101005,110003,Jaru,1101,Porto Velho
1101104,110001,Porto Velho,1101,Porto Velho
1101203,110005,Cacoal,1102,Ji-Paraná
1101302,110004,Ji-Paraná,1102,Ji-Paraná
1101401,110002,Ariquemes,1101,Porto Velho
1101435,110004,Ji-Paraná,1102,Ji-Paraná
1101450,110005,Cacoal,1102,Ji-Paraná
1101468,110006,Vilhena,1102,Ji-Paraná
1101476,110005,Cacoal,1102,Ji-Paraná
1101484,110005,Cacoal,1102,Ji-Paraná
1101492,110004,Ji-Paraná,1102,Ji-Paraná
1101500,110004,Ji-Paraná,1102,Ji-Paraná
1101559,110004,Ji-Paraná,1102,Ji-Paraná
1101609,110003,Jaru,1101,Porto Velho
1101708,110004,Ji-Paraná,1102,Ji-Paraná
1101757,110003,Jaru,1101,Porto Velho
1101807,110004,Ji-Paraná,1102,Ji-Paraná
1200013,120001,Rio Branco,1201,Rio Branco
1200054,120002,Brasiléia,1201,Rio Branco
1200104,120002,Brasiléia,1201,Rio Branco
1200138,120001,Rio Branco,1201,Rio Branco
1200179,120001,Rio Branco,1201,Rio Branco
1200203,120004,Cruzeiro do Sul,1202,Cruzeiro do Sul
1200252,120002,Brasiléia,1201,Rio Branco
1200302,120005,Tarauacá,1202,Cruzeiro do Sul
1200328,120005,Tarauacá,1202,Cruzeiro do Sul
1200336,120004,Cruzeiro do Sul,1202,Cruzeiro do Sul
1200344,120003,Sena Madureira,1201,Rio Branco
1200351,120004,Cruzeiro do Sul,1202,Cruzeiro do Sul
1200385,120001,Rio Branco,1201,Rio Branco
1200393,120004,Cruzeiro do Sul,1202,Cruzeiro do Sul
1200401,120001,Rio Branco,1201,Rio Branco
1200427,120004,Cruzeiro do Sul,1202,Cruzeiro do Sul
1200435,120003,Sena Madureira,1201,Rio Branco
1200450,120001,Rio Branco,1201,Rio Branco
1200500,120003,Sena Madureira,1201,Rio Branco
1200609,120005,Tarauacá,1202,Cruzeiro do Sul
1200708,120002,Brasiléia,1201,Rio Branco
1200807,120001,Rio Branco,1201,Rio Branco
1300029,130005,Tefé,1302,Tefé
1300060,130006,Tabatinga,1302,Tefé
1300086,130004,Manacapuru,1301,Manaus
1300102,130003,Coari,1301,Manaus
1300144,130009,Manicoré,1303,Lábrea
1300201,130006,Tabatinga,1302,Tefé
1300300,130001,Manaus,1301,Manaus
1300409,130002,São Gabriel da Cachoeira,1301,Manaus
1300508,130010,Parintins,1304,Parintins
1300607,130006,Tabatinga,1302,Tefé
1300631,130003,Coari,1301,Manaus
1300680,130010,Parintins,1304,Parintins
1300706,130008,Lábrea,1303,Lábrea
1300805,130001,Manaus,1301,Manaus
1300839,130004,Manacapuru,1301,Manaus
1300904,130008,Lábrea,1303,Lábrea
1301001,130005,Tefé,1302,Tefé
1301100,130001,Manaus,1301,Manaus
1301159,130001,Manaus,1301,Manaus
1301209,130003,Coari,1301,Manaus
1301308,130003,Coari,1301,Manaus
1301407,130007,Eirunepé,1302,Tefé
1301506,130007,Eirunepé,1302,Tefé
1301605,130005,Tefé,1302,Tefé
1301654,130007,Eirunepé,1302,Tefé
1301704,130009,Manicoré,1303,Lábrea
1301803,130007,Eirunepé,1302,Tefé
1301852,130001,Manaus,1301,Manaus
1301902,130011,Itacoatiara,1304,Parintins
1301951,130007,Eirunepé,1302,Tefé
1302009,130011,Itacoatiara,1304,Parintins
1302108,130005,Tefé,1302,Tefé
1302207,130005,Tefé,1302,Tefé
1302306,130005,Tefé,1302,Tefé
1302405,130008,Lábrea,1303,Lábrea
1302504,130004,Manacapuru,1301,Manaus
1302553,130001,Manaus,1301,Manaus
1302603,130001,Manaus,1301,Manaus
1302702,130009,Manicoré,1303,Lábrea
1302801,130005,Tefé,1302,Tefé
1302900,130010,Parintins,1304,Parintins
1303007,130010,Parintins,1304,Parintins
1303106,130001,Manaus,1301,Manaus
1303205,130004,Manacapuru,1301,Manaus
1303304,130009,Manicoré,1303,Lábrea
1303403,130010,Parintins,1304,Parintins
1303502,130008,Lábrea,1303,Lábrea
1303536,130001,Manaus,1301,Manaus
1303569,130001,Manaus,1301,Manaus
1303601,130002,São Gabriel da Cachoeira,1301,Manaus
1303700,130006,Tabatinga,1302,Tefé
1303809,130002,São Gabriel da Cachoeira,1301,Manaus
1303908,130006,Tabatinga,1302,Tefé
1303957,130011,Itacoatiara,1304,Parintins
1304005,130011,Itacoatiara,1304,Parintins
1304062,130006,Tabatinga,1302,Tefé
1304104,130008,Lábrea,1303,Lábrea
1304203,130005,Tefé,1302,Tefé
1304237,130006,Tabatinga,1302,Tefé
1304260,130005,Tefé,1302,Tefé
1304302,130011,Itacoatiara,1304,Parintins
1304401,130011,Itacoatiara,1304,Parintins
1400027,140002,Pacaraima,1401,Boa Vista
1400050,140001,Boa Vista,1401,Boa Vista
1400100,140001,Boa Vista,1401,Boa Vista
1400159,140001,Boa Vista,1401,Boa Vista
1400175,140001,Boa Vista,1401,Boa Vista
1400209,140004,Caracaraí,1402,Rorainópolis - Caracaraí
1400233,140003,Rorainópolis,1402,Rorainópolis - Caracaraí
1400282,140004,Caracaraí,1402,Rorainópolis - Caracaraí
1400308,140001,Boa Vista,1401,Boa Vista
1400407,140002,Pacaraima,1401,Boa Vista
1400456,140002,Pacaraima,1401,Boa Vista
1400472,140003,Rorainópolis,1402,Rorainópolis - Caracaraí
1400506,140003,Rorainópolis,1402,Rorainópolis - Caracaraí
1400605,140003,Rorainópolis,1402,Rorainópolis - Caracaraí
1400704,140002,Pacaraima,1401,Boa Vista
1500107,150003,Abaetetuba,1501,Belém
1500131,150009,Marabá,1503,Marabá
1500206,150001,Belém,1501,Belém
1500305,150020,Breves,1507,Breves
1500347,150014,Xinguara,1504,Redenção
1500404,150015,Santarém,1505,Santarém
1500503,150019,Almeirim - Porto de Moz,1506,Altamira
1500602,150018,Altamira,1506,Altamira
1500701,150020,Breves,1507,Breves
1500800,150001,Belém,1501,Belém
1500859,150018,Altamira,1506,Altamira
1500909,150005,Bragança,1502,Castanhal
1500958,150007,Paragominas,1502,Castanhal
1501006,150016,Itaituba,1505,Santarém
1501105,150020,Breves,1507,Breves
1501204,150011,Tucuruí,1503,Marabá
1501253,150012,Redenção,1504,Redenção
1501303,150001,Belém,1501,Belém
1501402,150001,Belém,1501,Belém
1501451,150015,Santarém,1505,Santarém
1501501,150001,Belém,1501,Belém
1501576,150009,Marabá,1503,Marabá
1501600,150006,Capanema,1502,Castanhal
1501709,150005,Bragança,1502,Castanhal
1501725,150018,Altamira,1506,Altamira
1501758,150009,Marabá,1503,Marabá
1501782,150011,Tucuruí,1503,Marabá
1501808,150020,Breves,1507,Breves
1501907,150001,Belém,1501,Belém
1501956,150005,Bragança,1502,Castanhal
1502004,150021,Soure-Salvaterra,1507,Breves
1502103,150002,Cametá,1501,Belém
1502152,150010,Parauapebas,1503,Marabá
1502202,150006,Capanema,1502,Castanhal
1502301,150008,Capitão Poço,1502,Castanhal
1502400,150004,Castanhal,1502,Castanhal
1502509,150020,Breves,1507,Breves
1502608,150001,Belém,1501,Belém
1502707,150012,Redenção,1504,Redenção
1502756,150001,Belém,1501,Belém
1502764,150012,Redenção,1504,Redenção
1502772,150010,Parauapebas,1503,Marabá
1502806,150020,Breves,1507,Breves
1502855,150017,Oriximiná,1505,Santarém
1502905,150004,Castanhal,1502,Castanhal
1502939,150007,Paragominas,1502,Castanhal
1502954,150010,Parauapebas,1503,Marabá
1503002,150017,Oriximiná,1505,Santarém
1503044,150012,Redenção,1504,Redenção
1503077,150008,Capitão Poço,1502,Castanhal
1503093,150011,Tucuruí,1503,Marabá
1503101,150020,Breves,1507,Breves
1503200,150004,Castanhal,1502,Castanhal
1503309,150003,Abaetetuba,1501,Belém
1503408,150004,Castanhal,1502,Castanhal
1503457,150007,Paragominas,1502,Castanhal
1503507,150004,Castanhal,1502,Castanhal
1503606,150016,Itaituba,1505,Santarém
1503705,150009,Marabá,1503,Marabá
1503754,150016,Itaituba,1505,Santarém
1503804,150009,Marabá,1503,Marabá
1503903,150017,Oriximiná,1505,Santarém
1504000,150002,Cametá,1501,Belém
1504059,150007,Paragominas,1502,Castanhal
1504109,150004,Castanhal,1502,Castanhal
1504208,150009,Marabá,1503,Marabá
1504307,150004,Castanhal,1502,Castanhal
1504406,150004,Castanhal,1502,Castanhal
1504422,150001,Belém,1501,Belém
1504455,150018,Altamira,1506,Altamira
1504505,150020,Breves,1507,Breves
1504604,150002,Cametá,1501,Belém
1504703,150003,Abaetetuba,1501,Belém
1504752,150015,Santarém,1505,Santarém
1504802,150015,Santarém,1505,Santarém
1504901,150021,Soure-Salvaterra,1507,Breves
1504950,150008,Capitão Poço,1502,Castanhal
1504976,150009,Marabá,1503,Marabá
1505007,150006,Capanema,1502,Castanhal
1505031,150016,Itaituba,1505,Santarém
1505064,150011,Tucuruí,1503,Marabá
1505106,150017,Oriximiná,1505,Santarém
1505205,150002,Cametá,1501,Belém
1505304,150017,Oriximiná,1505,Santarém
1505403,150008,Capitão Poço,1502,Castanhal
1505437,150013,Tucumã - São Félix do Xingu,1504,Redenção
1505486,150011,Tucuruí,1503,Marabá
1505494,150009,Marabá,1503,Marabá
1505502,150007,Paragominas,1502,Castanhal
1505536,150010,Parauapebas,1503,Marabá
1505551,150012,Redenção,1504,Redenção
1505601,150006,Capanema,1502,Castanhal
1505635,150009,Marabá,1503,Marabá
1505650,150016,Itaituba,1505,Santarém
1505700,150021,Soure-Salvaterra,1507,Breves
1505809,150020,Breves,1507,Breves
1505908,150019,Almeirim - Porto de Moz,1506,Altamira
1506005,150015,Santarém,1505,Santarém
1506104,150006,Capanema,1502,Castanhal
1506112,150006,Capanema,1502,Castanhal
1506138,150012,Redenção,1504,Redenção
1506161,150014,Xinguara,1504,Redenção
1506187,150009,Marabá,1503,Marabá
1506195,150016,Itaituba,1505,Santarém
1506203,150006,Capanema,1502,Castanhal
1506302,150021,Soure-Salvaterra,1507,Breves
1506351,150001,Belém,1501,Belém
1506401,150021,Soure-Salvaterra,1507,Breves
1506500,150001,Belém,1501,Belém
1506559,150005,Bragança,1502,Castanhal
1506583,150012,Redenção,1504,Redenção
1506609,150004,Castanhal,1502,Castanhal
1506708,150012,Redenção,1504,Redenção
1506807,150015,Santarém,1505,Santarém
1506906,150006,Capanema,1502,Castanhal
1507003,150001,Belém,1501,Belém
1507102,150001,Belém,1501,Belém
1507151,150009,Marabá,1503,Marabá
1507201,150004,Castanhal,1502,Castanhal
1507300,150013,Tucumã - São Félix do Xingu,1504,Redenção
1507409,150004,Castanhal,1502,Castanhal
1507458,150009,Marabá,1503,Marabá
1507466,150004,Castanhal,1502,Castanhal
1507474,150006,Capanema,1502,Castanhal
1507508,150009,Marabá,1503,Marabá
1507607,150004,Castanhal,1502,Castanhal
1507706,150020,Breves,1507,Breves
1507755,150014,Xinguara,1504,Redenção
1507805,150018,Altamira,1506,Altamira
1507904,150021,Soure-Salvaterra,1507,Breves
1507953,150003,Abaetetuba,1501,Belém
1507961,150004,Castanhal,1502,Castanhal
1507979,150017,Oriximiná,1505,Santarém
1508001,150001,Belém,1501,Belém
1508035,150005,Bragança,1502,Castanhal
1508050,150016,Itaituba,1505,Santarém
1508084,150013,Tucumã - São Félix do Xingu,1504,Redenção
1508100,150011,Tucuruí,1503,Marabá
1508126,150007,Paragominas,1502,Castanhal
1508159,150018,Altamira,1506,Altamira
1508209,150001,Belém,1501,Belém
1508308,150005,Bragança,1502,Castanhal
1508357,150018,Altamira,1506,Altamira
1508407,150014,Xinguara,1504,Redenção
1600055,160004,Porto Grande,1602,Oiapoque - Porto Grande
1600105,160003,Oiapoque,1602,Oiapoque - Porto Grande
1600154,160004,Porto Grande,1602,Oiapoque - Porto Grande
1600204,160003,Oiapoque,1602,Oiapoque - Porto Grande
1600212,160003,Oiapoque,1602,Oiapoque - Porto Grande
1600238,160004,Porto Grande,1602,Oiapoque - Porto Grande
1600253,160001,Macapá,1601,Macapá
1600279,160002,Laranjal do Jari,1601,Macapá
1600303,160001,Macapá,1601,Macapá
1600402,160001,Macapá,1601,Macapá
1600501,160003,Oiapoque,1602,Oiapoque - Porto Grande
1600535,160004,Porto Grande,1602,Oiapoque - Porto Grande
1600550,160003,Oiapoque,1602,Oiapoque - Porto Grande
1600600,160001,Macapá,1601,Macapá
1600709,160003,Oiapoque,1602,Oiapoque - Porto Grande
1600808,160002,Laranjal do Jari,1601,Macapá
1700251,170003,Paraíso do Tocantins,1701,Palmas
1700301,170008,Tocantinópolis,1702,Araguaína
1700350,170010,Gurupi,1703,Gurupi
1700400,170011,Dianópolis,1703,Gurupi
1700707,170010,Gurupi,1703,Gurupi
1701002,170005,Araguaína,1702,Araguaína
1701051,170005,Araguaína,1702,Araguaína
1701101,170001,Palmas,1701,Palmas
1701309,170005,Araguaína,1702,Araguaína
1701903,170003,Paraíso do Tocantins,1701,Palmas
1702000,170010,Gurupi,1703,Gurupi
1702109,170005,Araguaína,1702,Araguaína
1702158,170005,Araguaína,1702,Araguaína
1702208,170009,Araguatins,1702,Araguaína
1702307,170005,Araguaína,1702,Araguaína
1702406,170011,Dianópolis,1703,Gurupi
1702554,170009,Araguatins,1702,Araguaína
1702703,170011,Dianópolis,1703,Gurupi
1702901,170009,Araguatins,1702,Araguaína
1703008,170005,Araguaína,1702,Araguaína
1703057,170007,Colinas do Tocantins,1702,Araguaína
1703073,170005,Araguaína,1702,Araguaína
1703107,170003,Paraíso do Tocantins,1701,Palmas
1703206,170007,Colinas do Tocantins,1702,Araguaína
1703305,170006,Guaraí,1702,Araguaína
1703602,170007,Colinas do Tocantins,1702,Araguaína
1703701,170002,Porto Nacional,1701,Palmas
1703800,170009,Araguatins,1702,Araguaína
1703826,170008,Tocantinópolis,1702,Araguaína
1703842,170005,Araguaína,1702,Araguaína
1703867,170010,Gurupi,1703,Gurupi
1703883,170005,Araguaína,1702,Araguaína
1703891,170009,Araguatins,1702,Araguaína
1703909,170003,Paraíso do Tocantins,1701,Palmas
1704105,170006,Guaraí,1702,Araguaína
1704600,170003,Paraíso do Tocantins,1701,Palmas
1705102,170002,Porto Nacional,1701,Palmas
1705508,170007,Colinas do Tocantins,1702,Araguaína
1705557,170011,Dianópolis,1703,Gurupi
1705607,170011,Dianópolis,1703,Gurupi
1706001,170006,Guaraí,1702,Araguaína
1706100,170003,Paraíso do Tocantins,1701,Palmas
1706258,170010,Gurupi,1703,Gurupi
1706506,170005,Araguaína,1702,Araguaína
1707009,170011,Dianópolis,1703,Gurupi
1707108,170003,Paraíso do Tocantins,1701,Palmas
1707207,170004,Miracema do Tocantins,1701,Palmas
1707306,170010,Gurupi,1703,Gurupi
1707405,170009,Araguatins,1702,Araguaína
1707553,170002,Porto Nacional,1701,Palmas
1707652,170010,Gurupi,1703,Gurupi
1707702,170005,Araguaína,1702,Araguaína
1708205,170010,Gurupi,1703,Gurupi
1708254,170006,Guaraí,1702,Araguaína
1708304,170006,Guaraí,1702,Araguaína
1709005,170005,Araguaína,1702,Araguaína
1709302,170006,Guaraí,1702,Araguaína
1709500,170010,Gurupi,1703,Gurupi
1709807,170002,Porto Nacional,1701,Palmas
1710508,170007,Colinas do Tocantins,1702,Araguaína
1710706,170009,Araguatins,1702,Araguaína
1710904,170007,Colinas do Tocantins,1702,Araguaína
1711100,170006,Guaraí,1702,Araguaína
1711506,170010,Gurupi,1703,Gurupi
1711803,170007,Colinas do Tocantins,1702,Araguaína
1711902,170003,Paraíso do Tocantins,1701,Palmas
1711951,170001,Palmas,1701,Palmas
1712009,170001,Palmas,1701,Palmas
1712157,170011,Dianópolis,1703,Gurupi
1712405,170001,Palmas,1701,Palmas
1712454,170008,Tocantinópolis,1702,Araguaína
1712504,170003,Paraíso do Tocantins,1701,Palmas
1712702,170001,Palmas,1701,Palmas
1712801,170008,Tocantinópolis,1702,Araguaína
1713205,170004,Miracema do Tocantins,1701,Palmas
1713304,170004,Miracema do Tocantins,1701,Palmas
1713601,170002,Porto Nacional,1701,Palmas
1713700,170003,Paraíso do Tocantins,1701,Palmas
1713809,170008,Tocantinópolis,1702,Araguaína
1713957,170005,Araguaína,1702,Araguaína
1714203,170002,Porto Nacional,1701,Palmas
1714302,170008,Tocantinópolis,1702,Araguaína
1714880,170005,Araguaína,1702,Araguaína
1715002,170003,Paraíso do Tocantins,1701,Palmas
1715101,170001,Palmas,1701,Palmas
1715150,170011,Dianópolis,1703,Gurupi
1715259,170011,Dianópolis,1703,Gurupi
1715507,170002,Porto Nacional,1701,Palmas
1715705,170007,Colinas do Tocantins,1702,Araguaína
1715754,170010,Gurupi,1703,Gurupi
1716109,170003,Paraíso do Tocantins,1701,Palmas
1716208,170010,Gurupi,1703,Gurupi
1716307,170005,Araguaína,1702,Araguaína
1716505,170006,Guaraí,1702,Araguaína
1716604,170010,Gurupi,1703,Gurupi
1716653,170006,Guaraí,1702,Araguaína
1716703,170006,Guaraí,1702,Araguaína
1717008,170002,Porto Nacional,1701,Palmas
1717206,170005,Araguaína,1702,Araguaína
1717503,170003,Paraíso do Tocantins,1701,Palmas
1717800,170011,Dianópolis,1703,Gurupi
1717909,170002,Porto Nacional,1701,Palmas
1718006,170011,Dianópolis,1703,Gurupi
1718204,170002,Porto Nacional,1701,Palmas
1718303,170009,Araguatins,1702,Araguaína
1718402,170006,Guaraí,1702,Araguaína
1718451,170003,Paraíso do Tocantins,1701,Palmas
1718501,170006,Guaraí,1702,Araguaína
1718550,170005,Araguaína,1702,Araguaína
1718659,170011,Dianópolis,1703,Gurupi
1718709,170004,Miracema do Tocantins,1701,Palmas
1718758,170001,Palmas,1701,Palmas
1718808,170009,Araguatins,1702,Araguaína
1718840,170010,Gurupi,1703,Gurupi
1718865,170005,Araguaína,1702,Araguaína
1718881,170006,Guaraí,1702,Araguaína
1718899,170002,Porto Nacional,1701,Palmas
1718907,170002,Porto Nacional,1701,Palmas
1719004,170001,Palmas,1701,Palmas
1720002,170008,Tocantinópolis,1702,Araguaína
1720101,170009,Araguatins,1702,Araguaína
1720150,170001,Palmas,1701,Palmas
1720200,170009,Araguatins,1702,Araguaína
1720259,170010,Gurupi,1703,Gurupi
1720309,170009,Araguatins,1702,Araguaína
1720499,170010,Gurupi,1703,Gurupi
1720655,170002,Porto Nacional,1701,Palmas
1720804,170009,Araguatins,1702,Araguaína
1720853,170010,Gurupi,1703,Gurupi
1720903,170011,Dianópolis,1703,Gurupi
1720937,170011,Dianópolis,1703,Gurupi
1720978,170010,Gurupi,1703,Gurupi
1721000,170001,Palmas,1701,Palmas
1721109,170004,Miracema do Tocantins,1701,Palmas
1721208,170008,Tocantinópolis,1702,Araguaína
1721257,170006,Guaraí,1702,Araguaína
1721307,170007,Colinas do Tocantins,1702,Araguaína
1722081,170005,Araguaína,1702,Araguaína
1722107,170005,Araguaína,1702,Araguaína
2100055,210021,Açailândia,2105,Imperatriz
2100105,210013,Caxias,2103,Caxias
2100154,210007,Tutóia - Araioses,2101,São Luís
2100204,210001,São Luís,2101,São Luís
2100303,210013,Caxias,2103,Caxias
2100402,210010,Bacabal,2102,Santa Inês - Bacabal
2100436,210010,Bacabal,2102,Santa Inês - Bacabal
2100477,210009,Santa Inês,2102,Santa Inês - Bacabal
2100501,210022,Balsas,2105,Imperatriz
2100550,210011,Governador Nunes Freire,2102,Santa Inês - Bacabal
2100600,210019,Imperatriz,2105,Imperatriz
2100709,210004,Itapecuru Mirim,2101,São Luís
2100808,210003,Chapadinha,2101,São Luís
2100832,210008,Cururupu,2101,São Luís
2100873,210009,Santa Inês,2102,Santa Inês - Bacabal
2100907,210007,Tutóia - Araioses,2101,São Luís
2100956,210020,Barra do Corda,2105,Imperatriz
2101004,210005,Viana,2101,São Luís
2101103,210001,São Luís,2101,São Luís
2101202,210010,Bacabal,2102,Santa Inês - Bacabal
2101251,210001,São Luís,2101,São Luís
2101301,210008,Cururupu,2101,São Luís
2101350,210002,Pinheiro,2101,São Luís
2101400,210022,Balsas,2105,Imperatriz
2101509,210017,São João dos Patos,2104,Presidente Dutra
2101608,210020,Barra do Corda,2105,Imperatriz
2101707,210006,Barreirinhas,2101,São Luís
2101731,210003,Chapadinha,2101,São Luís
2101772,210009,Santa Inês,2102,Santa Inês - Bacabal
2101806,210017,São João dos Patos,2104,Presidente Dutra
2101905,210002,Pinheiro,2101,São Luís
2101939,210012,Pedreiras,2102,Santa Inês - Bacabal
2101970,210011,Governador Nunes Freire,2102,Santa Inês - Bacabal
2102002,210009,Santa Inês,2102,Santa Inês - Bacabal
2102036,210021,Açailândia,2105,Imperatriz
2102077,210010,Bacabal,2102,Santa Inês - Bacabal
2102101,210003,Chapadinha,2101,São Luís
2102150,210010,Bacabal,2102,Santa Inês - Bacabal
2102200,210003,Chapadinha,2101,São Luís
2102309,210014,Timon,2103,Caxias
2102325,210021,Açailândia,2105,Imperatriz
2102358,210019,Imperatriz,2105,Imperatriz
2102374,210001,São Luís,2101,São Luís
2102408,210005,Viana,2101,São Luís
2102507,210005,Viana,2101,São Luís
2102556,210019,Imperatriz,2105,Imperatriz
2102606,210011,Governador Nunes Freire,2102,Santa Inês - Bacabal
2102705,210004,Itapecuru Mirim,2101,São Luís
2102754,210012,Pedreiras,2102,Santa Inês - Bacabal
2102804,210022,Balsas,2105,Imperatriz
2102903,210011,Governador Nunes Freire,2102,Santa Inês - Bacabal
2103000,210013,Caxias,2103,Caxias
2103109,210008,Cururupu,2101,São Luís
2103125,210008,Cururupu,2101,São Luís
2103158,210011,Governador Nunes Freire,2102,Santa Inês - Bacabal
2103174,210011,Governador Nunes Freire,2102,Santa Inês - Bacabal
2103208,210003,Chapadinha,2101,São Luís
2103257,210019,Imperatriz,2105,Imperatriz
2103307,210015,Codó,2103,Caxias
2103406,210013,Caxias,2103,Caxias
2103505,210018,Colinas,2104,Presidente Dutra
2103554,210010,Bacabal,2102,Santa Inês - Bacabal
2103604,210015,Codó,2103,Caxias
2103703,210008,Cururupu,2101,São Luís
2103752,210019,Imperatriz,2105,Imperatriz
2103802,210016,Presidente Dutra,2104,Presidente Dutra
2103901,210013,Caxias,2103,Caxias
2104008,210012,Pedreiras,2102,Santa Inês - Bacabal
2104057,210019,Imperatriz,2105,Imperatriz
2104073,210022,Balsas,2105,Imperatriz
2104081,210020,Barra do Corda,2105,Imperatriz
2104099,210020,Barra do Corda,2105,Imperatriz
2104107,210022,Balsas,2105,Imperatriz
2104206,210016,Presidente Dutra,2104,Presidente Dutra
2104305,210011,Governador Nunes Freire,2102,Santa Inês - Bacabal
2104404,210016,Presidente Dutra,2104,Presidente Dutra
2104503,210016,Presidente Dutra,2104,Presidente Dutra
2104552,210019,Imperatriz,2105,Imperatriz
2104602,210016,Presidente Dutra,2104,Presidente Dutra
2104628,210016,Presidente Dutra,2104,Presidente Dutra
2104651,210009,Santa Inês,2102,Santa Inês - Bacabal
2104677,210011,Governador Nunes Freire,2102,Santa Inês - Bacabal
2104701,210016,Presidente Dutra,2104,Presidente Dutra
2104800,210020,Barra do Corda,2105,Imperatriz
2104909,210008,Cururupu,2101,São Luís
2105005,210006,Barreirinhas,2101,São Luís
2105104,210001,São Luís,2101,São Luís
2105153,210009,Santa Inês,2102,Santa Inês - Bacabal
2105203,210012,Pedreiras,2102,Santa Inês - Bacabal
2105302,210019,Imperatriz,2105,Imperatriz
2105351,210020,Barra do Corda,2105,Imperatriz
2105401,210004,Itapecuru Mirim,2101,São Luís
2105427,210021,Açailândia,2105,Imperatriz
2105450,210018,Colinas,2104,Presidente Dutra
2105476,210020,Barra do Corda,2105,Imperatriz
2105500,210019,Imperatriz,2105,Imperatriz
2105609,210012,Pedreiras,2102,Santa Inês - Bacabal
2105658,210011,Governador Nunes Freire,2102,Santa Inês - Bacabal
2105708,210010,Bacabal,2102,Santa Inês - Bacabal
2105807,210012,Pedreiras,2102,Santa Inês - Bacabal
2105906,210010,Bacabal,2102,Santa Inês - Bacabal
2105922,210017,São João dos Patos,2104,Presidente Dutra
2105948,210012,Pedreiras,2102,Santa Inês - Bacabal
2105963,210010,Bacabal,2102,Santa Inês - Bacabal
2105989,210019,Imperatriz,2105,Imperatriz
2106003,210012,Pedreiras,2102,Santa Inês - Bacabal
2106102,210022,Balsas,2105,Imperatriz
2106201,210011,Governador Nunes Freire,2102,Santa Inês - Bacabal
2106300,210007,Tutóia - Araioses,2101,São Luís
2106326,210011,Governador Nunes Freire,2102,Santa Inês - Bacabal
2106359,210010,Bacabal,2102,Santa Inês - Bacabal
2106375,210011,Governador Nunes Freire,2102,Santa Inês - Bacabal
2106409,210003,Chapadinha,2101,São Luís
2106508,210005,Viana,2101,São Luís
2106607,210014,Timon,2103,Caxias
2106631,210004,Itapecuru Mirim,2101,São Luís
2106672,210003,Chapadinha,2101,São Luís
2106706,210018,Colinas,2104,Presidente Dutra
2106755,210004,Itapecuru Mirim,2101,São Luís
2106805,210008,Cururupu,2101,São Luís
2106904,210009,Santa Inês,2102,Santa Inês - Bacabal
2107001,210019,Imperatriz,2105,Imperatriz
2107100,210001,São Luís,2101,São Luís
2107209,210004,Itapecuru Mirim,2101,São Luís
2107258,210022,Balsas,2105,Imperatriz
2107308,210017,São João dos Patos,2104,Presidente Dutra
2107357,210009,Santa Inês,2102,Santa Inês - Bacabal
2107407,210010,Bacabal,2102,Santa Inês - Bacabal
2107456,210005,Viana,2101,São Luís
2107506,210001,São Luís,2101,São Luís
2107605,210002,Pinheiro,2101,São Luís
2107704,210017,São João dos Patos,2104,Presidente Dutra
2107803,210014,Timon,2103,Caxias
2107902,210017,São João dos Patos,2104,Presidente Dutra
2108009,210017,São João dos Patos,2104,Presidente Dutra
2108058,210007,Tutóia - Araioses,2101,São Luís
2108108,210010,Bacabal,2102,Santa Inês - Bacabal
2108207,210012,Pedreiras,2102,Santa Inês - Bacabal
2108256,210002,Pinheiro,2101,São Luís
2108306,210005,Viana,2101,São Luís
2108405,210002,Pinheiro,2101,São Luís
2108454,210015,Codó,2103,Caxias
2108504,210009,Santa Inês,2102,Santa Inês - Bacabal
2108603,210002,Pinheiro,2101,São Luís
2108702,210009,Santa Inês,2102,Santa Inês - Bacabal
2108801,210004,Itapecuru Mirim,2101,São Luís
2108900,210012,Pedreiras,2102,Santa Inês - Bacabal
2109007,210019,Imperatriz,2105,Imperatriz
2109056,210008,Cururupu,2101,São Luís
2109106,210016,Presidente Dutra,2104,Presidente Dutra
2109205,210001,São Luís,2101,São Luís
2109239,210011,Governador Nunes Freire,2102,Santa Inês - Bacabal
2109270,210002,Pinheiro,2101,São Luís
2109304,210004,Itapecuru Mirim,2101,São Luís
2109403,210006,Barreirinhas,2101,São Luís
2109452,210001,São Luís,2101,São Luís
2109502,210022,Balsas,2105,Imperatriz
2109551,210019,Imperatriz,2105,Imperatriz
2109601,210001,São Luís,2101,São Luís
2109700,210022,Balsas,2105,Imperatriz
2109759,210016,Presidente Dutra,2104,Presidente Dutra
2109809,210002,Pinheiro,2101,São Luís
2109908,210009,Santa Inês,2102,Santa Inês - Bacabal
2110005,210009,Santa Inês,2102,Santa Inês - Bacabal
2110039,210011,Governador Nunes Freire,2102,Santa Inês - Bacabal
2110104,210003,Chapadinha,2101,São Luís
2110203,210001,São Luís,2101,São Luís
2110237,210007,Tutóia - Araioses,2101,São Luís
2110278,210006,Barreirinhas,2101,São Luís
2110302,210012,Pedreiras,2102,Santa Inês - Bacabal
2110401,210003,Chapadinha,2101,São Luís
2110500,210002,Pinheiro,2101,São Luís
2110609,210007,Tutóia - Araioses,2101,São Luís
2110658,210017,São João dos Patos,2104,Presidente Dutra
2110708,210016,Presidente Dutra,2104,Presidente Dutra
2110807,210022,Balsas,2105,Imperatriz
2110856,210021,Açailândia,2105,Imperatriz
2110906,210017,São João dos Patos,2104,Presidente Dutra
2111003,210005,Viana,2101,São Luís
2111029,210009,Santa Inês,2102,Santa Inês - Bacabal
2111052,210019,Imperatriz,2105,Imperatriz
2111078,210013,Caxias,2103,Caxias
2111102,210017,São João dos Patos,2104,Presidente Dutra
2111201,210001,São Luís,2101,São Luís
2111250,210016,Presidente Dutra,2104,Presidente Dutra
2111300,210001,São Luís,2101,São Luís
2111409,210010,Bacabal,2102,Santa Inês - Bacabal
2111508,210010,Bacabal,2102,Santa Inês - Bacabal
2111532,210019,Imperatriz,2105,Imperatriz
2111573,210020,Barra do Corda,2105,Imperatriz
2111607,210022,Balsas,2105,Imperatriz
2111631,210012,Pedreiras,2102,Santa Inês - Bacabal
2111672,210012,Pedreiras,2102,Santa Inês - Bacabal
2111706,210005,Viana,2101,São Luís
2111722,210010,Bacabal,2102,Santa Inês - Bacabal
2111748,210016,Presidente Dutra,2104,Presidente Dutra
2111763,210019,Imperatriz,2105,Imperatriz
2111789,210008,Cururupu,2101,São Luís
2111805,210020,Barra do Corda,2105,Imperatriz
2111904,210018,Colinas,2104,Presidente Dutra
2111953,210017,São João dos Patos,2104,Presidente Dutra
2112001,210022,Balsas,2105,Imperatriz
2112100,210015,Codó,2103,Caxias
2112209,210014,Timon,2103,Caxias
2112233,210012,Pedreiras,2102,Santa Inês - Bacabal
2112274,210009,Santa Inês,2102,Santa Inês - Bacabal
2112308,210016,Presidente Dutra,2104,Presidente Dutra
2112407,210002,Pinheiro,2101,São Luís
2112456,210002,Pinheiro,2101,São Luís
2112506,210007,Tutóia - Araioses,2101,São Luís
2112605,210003,Chapadinha,2101,São Luís
2112704,210004,Itapecuru Mirim,2101,São Luís
2112803,210005,Viana,2101,São Luís
2112852,210019,Imperatriz,2105,Imperatriz
2112902,210005,Viana,2101,São Luís
2113009,210010,Bacabal,2102,Santa Inês - Bacabal
2114007,210009,Santa Inês,2102,Santa Inês - Bacabal
2200053,220010,Paulistana,2203,Picos
2200103,220002,Amarante - Água Branca - Regeneração,2201,Teresina
2200202,220002,Amarante - Água Branca - Regeneração,2201,Teresina
2200251,220009,Picos,2203,Picos
2200277,220009,Picos,2203,Picos
2200301,220001,Teresina,2201,Teresina
2200400,220001,Teresina,2201,Teresina
2200459,220016,Bom Jesus,2205,Corrente - Bom Jesus
2200509,220002,Amarante - Água Branca - Regeneração,2201,Teresina
2200608,220002,Amarante - Água Branca - Regeneração,2201,Teresina
2200707,220013,São Raimundo Nonato,2204,São Raimundo Nonato
2200806,220018,Uruçuí,2206,Floriano
2200905,220004,Valença do Piauí,2201,Teresina
2200954,220009,Picos,2203,Picos
2201002,220017,Floriano,2206,Floriano
2201051,220003,Campo Maior,2201,Teresina
2201101,220015,Corrente,2205,Corrente - Bom Jesus
2201150,220018,Uruçuí,2206,Floriano
2201176,220004,Valença do Piauí,2201,Teresina
2201200,220005,Barras,2201,Teresina
2201309,220015,Corrente,2205,Corrente - Bom Jesus
2201408,220002,Amarante - Água Branca - Regeneração,2201,Teresina
2201507,220008,Esperantina,2202,Parnaíba
2201556,220012,Simplício Mendes,2203,Picos
2201572,220009,Picos,2203,Picos
2201606,220001,Teresina,2201,Teresina
2201705,220018,Uruçuí,2206,Floriano
2201739,220010,Paulistana,2203,Picos
2201770,220005,Barras,2201,Teresina
2201804,220009,Picos,2203,Picos
2201903,220016,Bom Jesus,2205,Corrente - Bom Jesus
2201919,220006,Parnaíba,2202,Parnaíba
2201929,220013,São Raimundo Nonato,2204,São Raimundo Nonato
2201945,220003,Campo Maior,2201,Teresina
2201960,220007,Piripiri,2202,Parnaíba
2201988,220019,Canto do Buriti,2206,Floriano
2202000,220006,Parnaíba,2202,Parnaíba
2202026,220003,Campo Maior,2201,Teresina
2202059,220005,Barras,2201,Teresina
2202075,220011,Oeiras,2203,Picos
2202083,220006,Parnaíba,2202,Parnaíba
2202091,220009,Picos,2203,Picos
2202109,220012,Simplício Mendes,2203,Picos
2202117,220014,São João do Piauí,2204,São Raimundo Nonato
2202133,220009,Picos,2203,Picos
2202174,220005,Barras,2201,Teresina
2202208,220003,Campo Maior,2201,Teresina
2202251,220017,Floriano,2206,Floriano
2202307,220019,Canto do Buriti,2206,Floriano
2202406,220007,Piripiri,2202,Parnaíba
2202455,220014,São João do Piauí,2204,São Raimundo Nonato
2202505,220013,São Raimundo Nonato,2204,São Raimundo Nonato
2202539,220006,Parnaíba,2202,Parnaíba
2202554,220010,Paulistana,2203,Picos
2202604,220003,Campo Maior,2201,Teresina
2202653,220006,Parnaíba,2202,Parnaíba
2202703,220006,Parnaíba,2202,Parnaíba
2202711,220003,Campo Maior,2201,Teresina
2202729,220006,Parnaíba,2202,Parnaíba
2202737,220001,Teresina,2201,Teresina
2202752,220016,Bom Jesus,2205,Corrente - Bom Jesus
2202778,220011,Oeiras,2203,Picos
2202802,220012,Simplício Mendes,2203,Picos
2202851,220013,São Raimundo Nonato,2204,São Raimundo Nonato
2202901,220015,Corrente,2205,Corrente - Bom Jesus
2203008,220015,Corrente,2205,Corrente - Bom Jesus
2203107,220016,Bom Jesus,2205,Corrente - Bom Jesus
2203206,220015,Corrente,2205,Corrente - Bom Jesus
2203230,220016,Bom Jesus,2205,Corrente - Bom Jesus
2203255,220001,Teresina,2201,Teresina
2203271,220010,Paulistana,2203,Picos
2203305,220001,Teresina,2201,Teresina
2203354,220013,São Raimundo Nonato,2204,São Raimundo Nonato
2203404,220009,Picos,2203,Picos
2203420,220007,Piripiri,2202,Parnaíba
2203453,220013,São Raimundo Nonato,2204,São Raimundo Nonato
2203503,220002,Amarante - Água Branca - Regeneração,2201,Teresina
2203602,220019,Canto do Buriti,2206,Floriano
2203701,220008,Esperantina,2202,Parnaíba
2203750,220013,São Raimundo Nonato,2204,São Raimundo Nonato
2203800,220019,Canto do Buriti,2206,Floriano
2203859,220011,Oeiras,2203,Picos
2203909,220017,Floriano,2206,Floriano
2204006,220002,Amarante - Água Branca - Regeneração,2201,Teresina
2204105,220017,Floriano,2206,Floriano
2204154,220009,Picos,2203,Picos
2204204,220009,Picos,2203,Picos
2204303,220009,Picos,2203,Picos
2204352,220009,Picos,2203,Picos
2204402,220015,Corrente,2205,Corrente - Bom Jesus
2204501,220017,Floriano,2206,Floriano
2204550,220013,São Raimundo Nonato,2204,São Raimundo Nonato
2204600,220002,Amarante - Água Branca - Regeneração,2201,Teresina
2204659,220006,Parnaíba,2202,Parnaíba
2204709,220004,Valença do Piauí,2201,Teresina
2204808,220004,Valença do Piauí,2201,Teresina
2204907,220009,Picos,2203,Picos
2205003,220009,Picos,2203,Picos
2205102,220017,Floriano,2206,Floriano
2205151,220010,Paulistana,2203,Picos
2205201,220009,Picos,2203,Picos
2205250,220002,Amarante - Água Branca - Regeneração,2201,Teresina
2205276,220003,Campo Maior,2201,Teresina
2205300,220017,Floriano,2206,Floriano
2205359,220014,São João do Piauí,2204,São Raimundo Nonato
2205409,220008,Esperantina,2202,Parnaíba
2205458,220008,Esperantina,2202,Parnaíba
2205508,220001,Teresina,2201,Teresina
2205516,220003,Campo Maior,2201,Teresina
2205524,220015,Corrente,2205,Corrente - Bom Jesus
2205532,220013,São Raimundo Nonato,2204,São Raimundo Nonato
2205540,220002,Amarante - Água Branca - Regeneração,2201,Teresina
2205557,220001,Teresina,2201,Teresina
2205565,220014,São João do Piauí,2204,São Raimundo Nonato
2205573,220007,Piripiri,2202,Parnaíba
2205581,220001,Teresina,2201,Teresina
2205599,220004,Valença do Piauí,2201,Teresina
2205607,220017,Floriano,2206,Floriano
2205706,220006,Parnaíba,2202,Parnaíba
2205805,220008,Esperantina,2202,Parnaíba
2205854,220008,Esperantina,2202,Parnaíba
2205904,220018,Uruçuí,2206,Floriano
2205953,220009,Picos,2203,Picos
2206001,220017,Floriano,2206,Floriano
2206050,220009,Picos,2203,Picos
2206100,220008,Esperantina,2202,Parnaíba
2206209,220001,Teresina,2201,Teresina
2206308,220002,Amarante - Água Branca - Regeneração,2201,Teresina
2206357,220007,Piripiri,2202,Parnaíba
2206407,220001,Teresina,2201,Teresina
2206506,220009,Picos,2203,Picos
2206605,220015,Corrente,2205,Corrente - Bom Jesus
2206654,220015,Corrente,2205,Corrente - Bom Jesus
2206670,220008,Esperantina,2202,Parnaíba
2206696,220006,Parnaíba,2202,Parnaíba
2206704,220017,Floriano,2206,Floriano
2206720,220001,Teresina,2201,Teresina
2206753,220003,Campo Maior,2201,Teresina
2206803,220005,Barras,2201,Teresina
2206902,220004,Valença do Piauí,2201,Teresina
2206951,220001,Teresina,2201,Teresina
2207009,220011,Oeiras,2203,Picos
2207108,220002,Amarante - Água Branca - Regeneração,2201,Teresina
2207207,220009,Picos,2203,Picos
2207306,220012,Simplício Mendes,2203,Picos
2207355,220019,Canto do Buriti,2206,Floriano
2207405,220016,Bom Jesus,2205,Corrente - Bom Jesus
2207504,220002,Amarante - Água Branca - Regeneração,2201,Teresina
2207553,220009,Picos,2203,Picos
2207603,220015,Corrente,2205,Corrente - Bom Jesus
2207702,220006,Parnaíba,2202,Parnaíba
2207751,220002,Amarante - Água Branca - Regeneração,2201,Teresina
2207777,220010,Paulistana,2203,Picos
2207793,220001,Teresina,2201,Teresina
2207801,220010,Paulistana,2203,Picos
2207850,220019,Canto do Buriti,2206,Floriano
2207900,220007,Piripiri,2202,Parnaíba
2207934,220014,São João do Piauí,2204,São Raimundo Nonato
2207959,220014,São João do Piauí,2204,São Raimundo Nonato
2208007,220009,Picos,2203,Picos
2208106,220004,Valença do Piauí,2201,Teresina
2208205,220009,Picos,2203,Picos
2208304,220007,Piripiri,2202,Parnaíba
2208403,220007,Piripiri,2202,Parnaíba
2208502,220005,Barras,2201,Teresina
2208551,220017,Floriano,2206,Floriano
2208601,220002,Amarante - Água Branca - Regeneração,2201,Teresina
2208650,220010,Paulistana,2203,Picos
2208700,220016,Bom Jesus,2205,Corrente - Bom Jesus
2208809,220002,Amarante - Água Branca - Regeneração,2201,Teresina
2208858,220015,Corrente,2205,Corrente - Bom Jesus
2208874,220014,São João do Piauí,2204,São Raimundo Nonato
2208908,220018,Uruçuí,2206,Floriano
2209005,220019,Canto do Buriti,2206,Floriano
2209104,220009,Picos,2203,Picos
2209153,220004,Valença do Piauí,2201,Teresina
2209203,220015,Corrente,2205,Corrente - Bom Jesus
2209302,220016,Bom Jesus,2205,Corrente - Bom Jesus
2209351,220009,Picos,2203,Picos
2209377,220011,Oeiras,2203,Picos
2209401,220009,Picos,2203,Picos
2209450,220002,Amarante - Água Branca - Regeneração,2201,Teresina
2209500,220011,Oeiras,2203,Picos
2209559,220013,São Raimundo Nonato,2204,São Raimundo Nonato
2209609,220002,Amarante - Água Branca - Regeneração,2201,Teresina
2209658,220012,Simplício Mendes,2203,Picos
2209708,220017,Floriano,2206,Floriano
2209757,220015,Corrente,2205,Corrente - Bom Jesus
2209807,220002,Amarante - Água Branca - Regeneração,2201,Teresina
2209856,220009,Picos,2203,Picos
2209872,220007,Piripiri,2202,Parnaíba
2209906,220003,Campo Maior,2201,Teresina
2209955,220011,Oeiras,2203,Picos
2209971,220008,Esperantina,2202,Parnaíba
2210003,220014,São João do Piauí,2204,São Raimundo Nonato
2210052,220007,Piripiri,2202,Parnaíba
2210102,220017,Floriano,2206,Floriano
2210201,220009,Picos,2203,Picos
2210300,220009,Picos,2203,Picos
2210359,220013,São Raimundo Nonato,2204,São Raimundo Nonato
2210375,220009,Picos,2203,Picos
2210383,220002,Amarante - Água Branca - Regeneração,2201,Teresina
2210391,220011,Oeiras,2203,Picos
2210409,220003,Campo Maior,2201,Teresina
2210508,220002,Amarante - Água Branca - Regeneração,2201,Teresina
2210607,220013,São Raimundo Nonato,2204,São Raimundo Nonato
2210623,220015,Corrente,2205,Corrente - Bom Jesus
2210631,220018,Uruçuí,2206,Floriano
2210656,220003,Campo Maior,2201,Teresina
2210706,220010,Paulistana,2203,Picos
2210805,220012,Simplício Mendes,2203,Picos
2210904,220012,Simplício Mendes,2203,Picos
2210938,220009,Picos,2203,Picos
2210953,220019,Canto do Buriti,2206,Floriano
2210979,220011,Oeiras,2203,Picos
2211001,220001,Teresina,2201,Teresina
2211100,220001,Teresina,2201,Teresina
2211209,220018,Uruçuí,2206,Floriano
2211308,220004,Valença do Piauí,2201,Teresina
2211357,220013,São Raimundo Nonato,2204,São Raimundo Nonato
2211407,220002,Amarante - Água Branca - Regeneração,2201,Teresina
2211506,220009,Picos,2203,Picos
2211605,220009,Picos,2203,Picos
2211704,220009,Picos,2203,Picos
2300101,230012,Brejo Santo,2304,Juazeiro do Norte
2300150,230003,Redenção-Acarape,2301,Fortaleza
2300200,230017,Acaraú,2306,Sobral
2300309,230009,Iguatu,2303,Iguatu
2300408,230011,Juazeiro do Norte,2304,Juazeiro do Norte
2300507,230015,Sobral,2306,Sobral
2300606,230011,Juazeiro do Norte,2304,Juazeiro do Norte
2300705,230007,Russas - Limoeiro do Norte,2302,Quixadá
2300754,230002,Itapipoca,2301,Fortaleza
2300804,230011,Juazeiro do Norte,2304,Juazeiro do Norte
2300903,230005,Itapagé,2301,Fortaleza
2301000,230001,Fortaleza,2301,Fortaleza
2301109,230008,Aracati,2302,Quixadá
2301208,230003,Redenção-Acarape,2301,Fortaleza
2301257,230013,Crateús,2305,Crateús
2301307,230011,Juazeiro do Norte,2304,Juazeiro do Norte
2301406,230003,Redenção-Acarape,2301,Fortaleza
2301505,230014,Tauá,2305,Crateús
2301604,230011,Juazeiro do Norte,2304,Juazeiro do Norte
2301703,230011,Juazeiro do Norte,2304,Juazeiro do Norte
2301802,230010,Icó,2303,Iguatu
2301851,230006,Quixadá,2302,Quixadá
2301901,230011,Juazeiro do Norte,2304,Juazeiro do Norte
2301950,230003,Redenção-Acarape,2301,Fortaleza
2302008,230012,Brejo Santo,2304,Juazeiro do Norte
2302057,230018,Camocim,2306,Sobral
2302107,230003,Redenção-Acarape,2301,Fortaleza
2302206,230001,Fortaleza,2301,Fortaleza
2302305,230017,Acaraú,2306,Sobral
2302404,230004,Canindé,2301,Fortaleza
2302503,230012,Brejo Santo,2304,Juazeiro do Norte
2302602,230018,Camocim,2306,Sobral
2302701,230011,Juazeiro do Norte,2304,Juazeiro do Norte
2302800,230004,Canindé,2301,Fortaleza
2302909,230003,Redenção-Acarape,2301,Fortaleza
2303006,230004,Canindé,2301,Fortaleza
2303105,230015,Sobral,2306,Sobral
2303204,230011,Juazeiro do Norte,2304,Juazeiro do Norte
2303303,230009,Iguatu,2303,Iguatu
2303402,230016,São Benedito - Ipu - Guaraciaba do Norte - Tianguá,2306,Sobral
2303501,230001,Fortaleza,2301,Fortaleza
2303600,230009,Iguatu,2303,Iguatu
2303659,230015,Sobral,2306,Sobral
2303709,230001,Fortaleza,2301,Fortaleza
2303808,230009,Iguatu,2303,Iguatu
2303907,230018,Camocim,2306,Sobral
2303931,230006,Quixadá,2302,Quixadá
2303956,230001,Fortaleza,2301,Fortaleza
2304004,230015,Sobral,2306,Sobral
2304103,230013,Crateús,2305,Crateús
2304202,230011,Juazeiro do Norte,2304,Juazeiro do Norte
2304236,230016,São Benedito - Ipu - Guaraciaba do Norte - Tianguá,2306,Sobral
2304251,230017,Acaraú,2306,Sobral
2304269,230006,Quixadá,2302,Quixadá
2304277,230007,Russas - Limoeiro do Norte,2302,Quixadá
2304285,230001,Fortaleza,2301,Fortaleza
2304301,230011,Juazeiro do Norte,2304,Juazeiro do Norte
2304350,230015,Sobral,2306,Sobral
2304400,230001,Fortaleza,2301,Fortaleza
2304459,230008,Aracati,2302,Quixadá
2304509,230015,Sobral,2306,Sobral
2304608,230005,Itapagé,2301,Fortaleza
2304657,230015,Sobral,2306,Sobral
2304707,230018,Camocim,2306,Sobral
2304806,230011,Juazeiro do Norte,2304,Juazeiro do Norte
2304905,230015,Sobral,2306,Sobral
2304954,230001,Fortaleza,2301,Fortaleza
2305001,230016,São Benedito - Ipu - Guaraciaba do Norte - Tianguá,2306,Sobral
2305100,230003,Redenção-Acarape,2301,Fortaleza
2305209,230015,Sobral,2306,Sobral
2305233,230001,Fortaleza,2301,Fortaleza
2305266,230006,Quixadá,2302,Quixadá
2305308,230016,São Benedito - Ipu - Guaraciaba do Norte - Tianguá,2306,Sobral
2305332,230006,Quixadá,2302,Quixadá
2305357,230008,Aracati,2302,Quixadá
2305407,230010,Icó,2303,Iguatu
2305506,230009,Iguatu,2303,Iguatu
2305605,230013,Crateús,2305,Crateús
2305654,230013,Crateús,2305,Crateús
2305704,230010,Icó,2303,Iguatu
2305803,230016,São Benedito - Ipu - Guaraciaba do Norte - Tianguá,2306,Sobral
2305902,230016,São Benedito - Ipu - Guaraciaba do Norte - Tianguá,2306,Sobral
2306009,230007,Russas - Limoeiro do Norte,2302,Quixadá
2306108,230005,Itapagé,2301,Fortaleza
2306207,230008,Aracati,2302,Quixadá
2306256,230001,Fortaleza,2301,Fortaleza
2306306,230005,Itapagé,2301,Fortaleza
2306405,230002,Itapipoca,2301,Fortaleza
2306504,230003,Redenção-Acarape,2301,Fortaleza
2306553,230017,Acaraú,2306,Sobral
2306603,230004,Canindé,2301,Fortaleza
2306702,230007,Russas - Limoeiro do Norte,2302,Quixadá
2306801,230007,Russas - Limoeiro do Norte,2302,Quixadá
2306900,230007,Russas - Limoeiro do Norte,2302,Quixadá
2307007,230008,Aracati,2302,Quixadá
2307106,230011,Juazeiro do Norte,2304,Juazeiro do Norte
2307205,230012,Brejo Santo,2304,Juazeiro do Norte
2307254,230017,Acaraú,2306,Sobral
2307304,230011,Juazeiro do Norte,2304,Juazeiro do Norte
2307403,230009,Iguatu,2303,Iguatu
2307502,230011,Juazeiro do Norte,2304,Juazeiro do Norte
2307601,230007,Russas - Limoeiro do Norte,2302,Quixadá
2307635,230004,Canindé,2301,Fortaleza
2307650,230001,Fortaleza,2301,Fortaleza
2307700,230001,Fortaleza,2301,Fortaleza
2307809,230017,Acaraú,2306,Sobral
2307908,230015,Sobral,2306,Sobral
2308005,230015,Sobral,2306,Sobral
2308104,230012,Brejo Santo,2304,Juazeiro do Norte
2308203,230015,Sobral,2306,Sobral
2308302,230012,Brejo Santo,2304,Juazeiro do Norte
2308351,230006,Quixadá,2302,Quixadá
2308377,230002,Itapipoca,2301,Fortaleza
2308401,230011,Juazeiro do Norte,2304,Juazeiro do Norte
2308500,230009,Iguatu,2303,Iguatu
2308609,230013,Crateús,2305,Crateús
2308708,230007,Russas - Limoeiro do Norte,2302,Quixadá
2308807,230015,Sobral,2306,Sobral
2308906,230015,Sobral,2306,Sobral
2309003,230015,Sobral,2306,Sobral
2309102,230003,Redenção-Acarape,2301,Fortaleza
2309201,230011,Juazeiro do Norte,2304,Juazeiro do Norte
2309300,230013,Crateús,2305,Crateús
2309409,230013,Crateús,2305,Crateús
2309458,230003,Redenção-Acarape,2301,Fortaleza
2309508,230010,Icó,2303,Iguatu
2309607,230001,Fortaleza,2301,Fortaleza
2309706,230001,Fortaleza,2301,Fortaleza
2309805,230003,Redenção-Acarape,2301,Fortaleza
2309904,230015,Sobral,2306,Sobral
2310001,230007,Russas - Limoeiro do Norte,2302,Quixadá
2310100,230001,Fortaleza,2301,Fortaleza
2310209,230001,Fortaleza,2301,Fortaleza
2310258,230001,Fortaleza,2301,Fortaleza
2310308,230014,Tauá,2305,Crateús
2310407,230004,Canindé,2301,Fortaleza
2310506,230006,Quixadá,2302,Quixadá
2310605,230012,Brejo Santo,2304,Juazeiro do Norte
2310704,230005,Itapagé,2301,Fortaleza
2310803,230007,Russas - Limoeiro do Norte,2302,Quixadá
2310852,230001,Fortaleza,2301,Fortaleza
2310902,230009,Iguatu,2303,Iguatu
2310951,230016,São Benedito - Ipu - Guaraciaba do Norte - Tianguá,2306,Sobral
2311009,230013,Crateús,2305,Crateús
2311108,230012,Brejo Santo,2304,Juazeiro do Norte
2311207,230011,Juazeiro do Norte,2304,Juazeiro do Norte
2311231,230007,Russas - Limoeiro do Norte,2302,Quixadá
2311264,230013,Crateús,2305,Crateús
2311306,230006,Quixadá,2302,Quixadá
2311355,230009,Iguatu,2303,Iguatu
2311405,230006,Quixadá,2302,Quixadá
2311504,230007,Russas - Limoeiro do Norte,2302,Quixadá
2311603,230003,Redenção-Acarape,2301,Fortaleza
2311702,230015,Sobral,2306,Sobral
2311801,230007,Russas - Limoeiro do Norte,2302,Quixadá
2311900,230009,Iguatu,2303,Iguatu
2311959,230011,Juazeiro do Norte,2304,Juazeiro do Norte
2312007,230015,Sobral,2306,Sobral
2312106,230011,Juazeiro do Norte,2304,Juazeiro do Norte
2312205,230015,Sobral,2306,Sobral
2312304,230016,São Benedito - Ipu - Guaraciaba do Norte - Tianguá,2306,Sobral
2312403,230001,Fortaleza,2301,Fortaleza
2312502,230007,Russas - Limoeiro do Norte,2302,Quixadá
2312601,230001,Fortaleza,2301,Fortaleza
2312700,230006,Quixadá,2302,Quixadá
2312809,230015,Sobral,2306,Sobral
2312908,230015,Sobral,2306,Sobral
2313005,230006,Quixadá,2302,Quixadá
2313104,230007,Russas - Limoeiro do Norte,2302,Quixadá
2313203,230013,Crateús,2305,Crateús
2313252,230011,Juazeiro do Norte,2304,Juazeiro do Norte
2313302,230014,Tauá,2305,Crateús
2313351,230005,Itapagé,2301,Fortaleza
2313401,230016,São Benedito - Ipu - Guaraciaba do Norte - Tianguá,2306,Sobral
2313500,230002,Itapipoca,2301,Fortaleza
2313559,230002,Itapipoca,2301,Fortaleza
2313609,230016,São Benedito - Ipu - Guaraciaba do Norte - Tianguá,2306,Sobral
2313708,230010,Icó,2303,Iguatu
2313757,230002,Itapipoca,2301,Fortaleza
2313807,230002,Itapipoca,2301,Fortaleza
2313906,230015,Sobral,2306,Sobral
2313955,230015,Sobral,2306,Sobral
2314003,230011,Juazeiro do Norte,2304,Juazeiro do Norte
2314102,230016,São Benedito - Ipu - Guaraciaba do Norte - Tianguá,2306,Sobral
2400109,240008,Currais Novos,2402,Caicó
2400208,240011,Açu,2403,Mossoró
2400307,240011,Açu,2403,Mossoró
2400406,240010,Pau dos Ferros,2403,Mossoró
2400505,240010,Pau dos Ferros,2403,Mossoró
2400604,240010,Pau dos Ferros,2403,Mossoró
2400703,240011,Açu,2403,Mossoró
2400802,240011,Açu,2403,Mossoró
2400901,240010,Pau dos Ferros,2403,Mossoró
2401008,240009,Mossoró,2403,Mossoró
2401107,240009,Mossoró,2403,Mossoró
2401206,240003,Canguaretama,2401,Natal
2401305,240009,Mossoró,2403,Mossoró
2401404,240003,Canguaretama,2401,Natal
2401453,240009,Mossoró,2403,Mossoró
2401503,240006,São Paulo do Potengi,2401,Natal
2401602,240001,Natal,2401,Natal
2401651,240008,Currais Novos,2402,Caicó
2401701,240001,Natal,2401,Natal
2401800,240001,Natal,2401,Natal
2401859,240005,João Câmara,2401,Natal
2401909,240006,São Paulo do Potengi,2401,Natal
2402006,240007,Caicó,2402,Caicó
2402105,240004,Santa Cruz,2401,Natal
2402204,240003,Canguaretama,2401,Natal
2402303,240009,Mossoró,2403,Mossoró
2402402,240008,Currais Novos,2402,Caicó
2402501,240011,Açu,2403,Mossoró
2402600,240001,Natal,2401,Natal
2402709,240008,Currais Novos,2402,Caicó
2402808,240004,Santa Cruz,2401,Natal
2402907,240010,Pau dos Ferros,2403,Mossoró
2403004,240007,Caicó,2402,Caicó
2403103,240008,Currais Novos,2402,Caicó
2403202,240010,Pau dos Ferros,2403,Mossoró
2403251,240001,Natal,2401,Natal
2403301,240010,Pau dos Ferros,2403,Mossoró
2403400,240007,Caicó,2402,Caicó
2403509,240003,Canguaretama,2401,Natal
2403608,240001,Natal,2401,Natal
2403707,240009,Mossoró,2403,Mossoró
2403756,240011,Açu,2403,Mossoró
2403806,240008,Currais Novos,2402,Caicó
2403905,240010,Pau dos Ferros,2403,Mossoró
2404002,240010,Pau dos Ferros,2403,Mossoró
2404101,240005,João Câmara,2401,Natal
2404200,240003,Canguaretama,2401,Natal
2404309,240009,Mossoró,2403,Mossoró
2404408,240009,Mossoró,2403,Mossoró
2404507,240011,Açu,2403,Mossoró
2404606,240001,Natal,2401,Natal
2404705,240011,Açu,2403,Mossoró
2404804,240007,Caicó,2402,Caicó
2404853,240011,Açu,2403,Mossoró
2404903,240009,Mossoró,2403,Mossoró
2405009,240004,Santa Cruz,2401,Natal
2405108,240005,João Câmara,2401,Natal
2405207,240009,Mossoró,2403,Mossoró
2405306,240002,Santo Antônio - Passa e Fica - Nova Cruz,2401,Natal
2405405,240004,Santa Cruz,2401,Natal
2405504,240005,João Câmara,2401,Natal
2405603,240007,Caicó,2402,Caicó
2405702,240007,Caicó,2402,Caicó
2405801,240005,João Câmara,2401,Natal
2405900,240010,Pau dos Ferros,2403,Mossoró
2406007,240010,Pau dos Ferros,2403,Mossoró
2406106,240007,Caicó,2402,Caicó
2406155,240001,Natal,2401,Natal
2406205,240002,Santo Antônio - Passa e Fica - Nova Cruz,2401,Natal
2406304,240002,Santo Antônio - Passa e Fica - Nova Cruz,2401,Natal
2406403,240006,São Paulo do Potengi,2401,Natal
2406502,240008,Currais Novos,2402,Caicó
2406601,240001,Natal,2401,Natal
2406700,240011,Açu,2403,Mossoró
2406809,240004,Santa Cruz,2401,Natal
2406908,240010,Pau dos Ferros,2403,Mossoró
2407005,240010,Pau dos Ferros,2403,Mossoró
2407104,240001,Natal,2401,Natal
2407203,240011,Açu,2403,Mossoró
2407252,240010,Pau dos Ferros,2403,Mossoró
2407302,240010,Pau dos Ferros,2403,Mossoró
2407401,240010,Pau dos Ferros,2403,Mossoró
2407500,240001,Natal,2401,Natal
2407609,240009,Mossoró,2403,Mossoró
2407708,240003,Canguaretama,2401,Natal
2407807,240001,Natal,2401,Natal
2407906,240002,Santo Antônio - Passa e Fica - Nova Cruz,2401,Natal
2408003,240009,Mossoró,2403,Mossoró
2408102,240001,Natal,2401,Natal
2408201,240001,Natal,2401,Natal
2408300,240002,Santo Antônio - Passa e Fica - Nova Cruz,2401,Natal
2408409,240010,Pau dos Ferros,2403,Mossoró
2408508,240007,Caicó,2402,Caicó
2408607,240010,Pau dos Ferros,2403,Mossoró
2408706,240011,Açu,2403,Mossoró
2408805,240005,João Câmara,2401,Natal
2408904,240007,Caicó,2402,Caicó
2408953,240001,Natal,2401,Natal
2409100,240002,Santo Antônio - Passa e Fica - Nova Cruz,2401,Natal
2409209,240002,Santo Antônio - Passa e Fica - Nova Cruz,2401,Natal
2409308,240010,Pau dos Ferros,2403,Mossoró
2409332,240006,São Paulo do Potengi,2401,Natal
2409407,240010,Pau dos Ferros,2403,Mossoró
2409506,240005,João Câmara,2401,Natal
2409605,240005,João Câmara,2401,Natal
2409704,240005,João Câmara,2401,Natal
2409803,240003,Canguaretama,2401,Natal
2409902,240011,Açu,2403,Mossoró
2410009,240010,Pau dos Ferros,2403,Mossoró
2410108,240001,Natal,2401,Natal
2410207,240010,Pau dos Ferros,2403,Mossoró
2410256,240011,Açu,2403,Mossoró
2410306,240002,Santo Antônio - Passa e Fica - Nova Cruz,2401,Natal
2410405,240001,Natal,2401,Natal
2410504,240010,Pau dos Ferros,2403,Mossoró
2410603,240010,Pau dos Ferros,2403,Mossoró
2410702,240010,Pau dos Ferros,2403,Mossoró
2410801,240010,Pau dos Ferros,2403,Mossoró
2410900,240006,São Paulo do Potengi,2401,Natal
2411007,240009,Mossoró,2403,Mossoró
2411056,240009,Mossoró,2403,Mossoró
2411106,240006,São Paulo do Potengi,2401,Natal
2411205,240004,Santa Cruz,2401,Natal
2411403,240011,Açu,2403,Mossoró
2411429,240007,Caicó,2402,Caicó
2411502,240002,Santo Antônio - Passa e Fica - Nova Cruz,2401,Natal
2411601,240005,João Câmara,2401,Natal
2411700,240004,Santa Cruz,2401,Natal
2411809,240007,Caicó,2402,Caicó
2411908,240010,Pau dos Ferros,2403,Mossoró
2412005,240001,Natal,2401,Natal
2412104,240007,Caicó,2402,Caicó
2412203,240001,Natal,2401,Natal
2412302,240002,Santo Antônio - Passa e Fica - Nova Cruz,2401,Natal
2412401,240007,Caicó,2402,Caicó
2412500,240010,Pau dos Ferros,2403,Mossoró
2412559,240001,Natal,2401,Natal
2412609,240006,São Paulo do Potengi,2401,Natal
2412708,240006,São Paulo do Potengi,2401,Natal
2412807,240011,Açu,2403,Mossoró
2412906,240006,São Paulo do Potengi,2401,Natal
2413003,240008,Currais Novos,2402,Caicó
2413102,240006,São Paulo do Potengi,2401,Natal
2413201,240001,Natal,2401,Natal
2413300,240002,Santo Antônio - Passa e Fica - Nova Cruz,2401,Natal
2413359,240009,Mossoró,2403,Mossoró
2413409,240007,Caicó,2402,Caicó
2413508,240002,Santo Antônio - Passa e Fica - Nova Cruz,2401,Natal
2413557,240010,Pau dos Ferros,2403,Mossoró
2413607,240009,Mossoró,2403,Mossoró
2413706,240004,Santa Cruz,2401,Natal
2413805,240010,Pau dos Ferros,2403,Mossoró
2413904,240001,Natal,2401,Natal
2414001,240004,Santa Cruz,2401,Natal
2414100,240010,Pau dos Ferros,2403,Mossoró
2414159,240008,Currais Novos,2402,Caicó
2414209,240003,Canguaretama,2401,Natal
2414308,240007,Caicó,2402,Caicó
2414407,240001,Natal,2401,Natal
2414456,240011,Açu,2403,Mossoró
2414506,240010,Pau dos Ferros,2403,Mossoró
2414605,240009,Mossoró,2403,Mossoró
2414704,240002,Santo Antônio - Passa e Fica - Nova Cruz,2401,Natal
2414753,240010,Pau dos Ferros,2403,Mossoró
2414803,240001,Natal,2401,Natal
2414902,240010,Pau dos Ferros,2403,Mossoró
2415008,240003,Canguaretama,2401,Natal
2500106,250009,Patos,2503,Patos
2500205,250010,Itaporanga,2503,Patos
2500304,250005,Campina Grande,2502,Campina Grande
2500403,250005,Campina Grande,2502,Campina Grande
2500502,250002,Guarabira,2501,João Pessoa
2500536,250005,Campina Grande,2502,Campina Grande
2500577,250005,Campina Grande,2502,Campina Grande
2500601,250001,João Pessoa,2501,João Pessoa
2500700,250015,Cajazeiras,2504,Sousa - Cajazeiras
2500734,250008,Sumé,2502,Campina Grande
2500775,250014,Sousa,2504,Sousa - Cajazeiras
2500809,250002,Guarabira,2501,João Pessoa
2500908,250002,Guarabira,2501,João Pessoa
2501005,250002,Guarabira,2501,João Pessoa
2501104,250005,Campina Grande,2502,Campina Grande
2501153,250009,Patos,2503,Patos
2501203,250005,Campina Grande,2502,Campina Grande
2501302,250005,Campina Grande,2502,Campina Grande
2501351,250005,Campina Grande,2502,Campina Grande
2501401,250003,Mamanguape - Rio Tinto,2501,João Pessoa
2501500,250002,Guarabira,2501,João Pessoa
2501534,250006,Cuité - Nova Floresta,2502,Campina Grande
2501575,250005,Campina Grande,2502,Campina Grande
2501609,250006,Cuité - Nova Floresta,2502,Campina Grande
2501708,250005,Campina Grande,2502,Campina Grande
2501807,250001,João Pessoa,2501,João Pessoa
2501906,250002,Guarabira,2501,João Pessoa
2502003,250011,Catolé do Rocha - São Bento,2503,Patos
2502052,250014,Sousa,2504,Sousa - Cajazeiras
2502102,250010,Itaporanga,2503,Patos
2502151,250005,Campina Grande,2502,Campina Grande
2502201,250015,Cajazeiras,2504,Sousa - Cajazeiras
2502300,250011,Catolé do Rocha - São Bento,2503,Patos
2502409,250015,Cajazeiras,2504,Sousa - Cajazeiras
2502508,250005,Campina Grande,2502,Campina Grande
2502607,250010,Itaporanga,2503,Patos
2502706,250002,Guarabira,2501,João Pessoa
2502805,250011,Catolé do Rocha - São Bento,2503,Patos
2502904,250011,Catolé do Rocha - São Bento,2503,Patos
2503001,250001,João Pessoa,2501,João Pessoa
2503100,250005,Campina Grande,2502,Campina Grande
2503209,250001,João Pessoa,2501,João Pessoa
2503308,250015,Cajazeiras,2504,Sousa - Cajazeiras
2503407,250009,Patos,2503,Patos
2503506,250002,Guarabira,2501,João Pessoa
2503555,250009,Patos,2503,Patos
2503605,250002,Guarabira,2501,João Pessoa
2503704,250015,Cajazeiras,2504,Sousa - Cajazeiras
2503753,250012,Pombal,2503,Patos
2503803,250001,João Pessoa,2501,João Pessoa
2503902,250007,Monteiro,2502,Campina Grande
2504009,250005,Campina Grande,2502,Campina Grande
2504033,250003,Mamanguape - Rio Tinto,2501,João Pessoa
2504074,250005,Campina Grande,2502,Campina Grande
2504108,250015,Cajazeiras,2504,Sousa - Cajazeiras
2504157,250002,Guarabira,2501,João Pessoa
2504207,250009,Patos,2503,Patos
2504306,250011,Catolé do Rocha - São Bento,2503,Patos
2504355,250005,Campina Grande,2502,Campina Grande
2504405,250010,Itaporanga,2503,Patos
2504504,250012,Pombal,2503,Patos
2504603,250001,João Pessoa,2501,João Pessoa
2504702,250008,Sumé,2502,Campina Grande
2504801,250009,Patos,2503,Patos
2504850,250008,Sumé,2502,Campina Grande
2504900,250001,João Pessoa,2501,João Pessoa
2505006,250005,Campina Grande,2502,Campina Grande
2505105,250006,Cuité - Nova Floresta,2502,Campina Grande
2505204,250002,Guarabira,2501,João Pessoa
2505238,250001,João Pessoa,2501,João Pessoa
2505279,250003,Mamanguape - Rio Tinto,2501,João Pessoa
2505303,250010,Itaporanga,2503,Patos
2505352,250006,Cuité - Nova Floresta,2502,Campina Grande
2505402,250009,Patos,2503,Patos
2505501,250009,Patos,2503,Patos
2505600,250010,Itaporanga,2503,Patos
2505709,250002,Guarabira,2501,João Pessoa
2505808,250002,Guarabira,2501,João Pessoa
2505907,250009,Patos,2503,Patos
2506004,250005,Campina Grande,2502,Campina Grande
2506103,250005,Campina Grande,2502,Campina Grande
2506202,250006,Cuité - Nova Floresta,2502,Campina Grande
2506251,250005,Campina Grande,2502,Campina Grande
2506301,250002,Guarabira,2501,João Pessoa
2506400,250001,João Pessoa,2501,João Pessoa
2506509,250005,Campina Grande,2502,Campina Grande
2506608,250010,Itaporanga,2503,Patos
2506707,250009,Patos,2503,Patos
2506806,250005,Campina Grande,2502,Campina Grande
2506905,250004,Itabaiana,2501,João Pessoa
2507002,250010,Itaporanga,2503,Patos
2507101,250003,Mamanguape - Rio Tinto,2501,João Pessoa
2507200,250005,Campina Grande,2502,Campina Grande
2507309,250003,Mamanguape - Rio Tinto,2501,João Pessoa
2507408,250011,Catolé do Rocha - São Bento,2503,Patos
2507507,250001,João Pessoa,2501,João Pessoa
2507606,250001,João Pessoa,2501,João Pessoa
2507705,250005,Campina Grande,2502,Campina Grande
2507804,250005,Campina Grande,2502,Campina Grande
2507903,250001,João Pessoa,2501,João Pessoa
2508000,250013,Princesa Isabel,2503,Patos
2508109,250012,Pombal,2503,Patos
2508208,250002,Guarabira,2501,João Pessoa
2508307,250005,Campina Grande,2502,Campina Grande
2508406,250014,Sousa,2504,Sousa - Cajazeiras
2508505,250008,Sumé,2502,Campina Grande
2508554,250002,Guarabira,2501,João Pessoa
2508604,250001,João Pessoa,2501,João Pessoa
2508703,250009,Patos,2503,Patos
2508802,250009,Patos,2503,Patos
2508901,250003,Mamanguape - Rio Tinto,2501,João Pessoa
2509008,250013,Princesa Isabel,2503,Patos
2509057,250003,Mamanguape - Rio Tinto,2501,João Pessoa
2509107,250001,João Pessoa,2501,João Pessoa
2509156,250014,Sousa,2504,Sousa - Cajazeiras
2509206,250005,Campina Grande,2502,Campina Grande
2509305,250003,Mamanguape - Rio Tinto,2501,João Pessoa
2509339,250005,Campina Grande,2502,Campina Grande
2509370,250011,Catolé do Rocha - São Bento,2503,Patos
2509396,250009,Patos,2503,Patos
2509404,250004,Itabaiana,2501,João Pessoa
2509503,250005,Campina Grande,2502,Campina Grande
2509602,250015,Cajazeiras,2504,Sousa - Cajazeiras
2509701,250007,Monteiro,2502,Campina Grande
2509800,250002,Guarabira,2501,João Pessoa
2509909,250004,Itabaiana,2501,João Pessoa
2510006,250014,Sousa,2504,Sousa - Cajazeiras
2510105,250006,Cuité - Nova Floresta,2502,Campina Grande
2510204,250010,Itaporanga,2503,Patos
2510303,250006,Cuité - Nova Floresta,2502,Campina Grande
2510402,250009,Patos,2503,Patos
2510501,250005,Campina Grande,2502,Campina Grande
2510600,250007,Monteiro,2502,Campina Grande
2510659,250008,Sumé,2502,Campina Grande
2510709,250009,Patos,2503,Patos
2510808,250009,Patos,2503,Patos
2510907,250012,Pombal,2503,Patos
2511004,250010,Itaporanga,2503,Patos
2511103,250006,Cuité - Nova Floresta,2502,Campina Grande
2511202,250001,João Pessoa,2501,João Pessoa
2511301,250010,Itaporanga,2503,Patos
2511400,250006,Cuité - Nova Floresta,2502,Campina Grande
2511509,250001,João Pessoa,2501,João Pessoa
2511608,250002,Guarabira,2501,João Pessoa
2511707,250002,Guarabira,2501,João Pessoa
2511806,250002,Guarabira,2501,João Pessoa
2511905,250001,João Pessoa,2501,João Pessoa
2512002,250005,Campina Grande,2502,Campina Grande
2512036,250014,Sousa,2504,Sousa - Cajazeiras
2512077,250015,Cajazeiras,2504,Sousa - Cajazeiras
2512101,250012,Pombal,2503,Patos
2512200,250007,Monteiro,2502,Campina Grande
2512309,250013,Princesa Isabel,2503,Patos
2512408,250005,Campina Grande,2502,Campina Grande
2512507,250005,Campina Grande,2502,Campina Grande
2512606,250009,Patos,2503,Patos
2512705,250005,Campina Grande,2502,Campina Grande
2512721,250003,Mamanguape - Rio Tinto,2501,João Pessoa
2512747,250002,Guarabira,2501,João Pessoa
2512754,250005,Campina Grande,2502,Campina Grande
2512762,250001,João Pessoa,2501,João Pessoa
2512788,250005,Campina Grande,2502,Campina Grande
2512804,250011,Catolé do Rocha - São Bento,2503,Patos
2512903,250003,Mamanguape - Rio Tinto,2501,João Pessoa
2513000,250009,Patos,2503,Patos
2513109,250004,Itabaiana,2501,João Pessoa
2513158,250005,Campina Grande,2502,Campina Grande
2513208,250014,Sousa,2504,Sousa - Cajazeiras
2513307,250015,Cajazeiras,2504,Sousa - Cajazeiras
2513356,250010,Itaporanga,2503,Patos
2513406,250009,Patos,2503,Patos
2513505,250010,Itaporanga,2503,Patos
2513604,250010,Itaporanga,2503,Patos
2513653,250014,Sousa,2504,Sousa - Cajazeiras
2513703,250001,João Pessoa,2501,João Pessoa
2513802,250009,Patos,2503,Patos
2513851,250005,Campina Grande,2502,Campina Grande
2513901,250011,Catolé do Rocha - São Bento,2503,Patos
2513927,250012,Pombal,2503,Patos
2513943,250005,Campina Grande,2502,Campina Grande
2513968,250012,Pombal,2503,Patos
2513984,250014,Sousa,2504,Sousa - Cajazeiras
2514008,250005,Campina Grande,2502,Campina Grande
2514107,250007,Monteiro,2502,Campina Grande
2514206,250014,Sousa,2504,Sousa - Cajazeiras
2514305,250010,Itaporanga,2503,Patos
2514404,250009,Patos,2503,Patos
2514453,250004,Itabaiana,2501,João Pessoa
2514503,250015,Cajazeiras,2504,Sousa - Cajazeiras
2514552,250013,Princesa Isabel,2503,Patos
2514602,250009,Patos,2503,Patos
2514651,250011,Catolé do Rocha - São Bento,2503,Patos
2514701,250009,Patos,2503,Patos
2514800,250008,Sumé,2502,Campina Grande
2514909,250009,Patos,2503,Patos
2515005,250001,João Pessoa,2501,João Pessoa
2515104,250005,Campina Grande,2502,Campina Grande
2515203,250007,Monteiro,2502,Campina Grande
2515302,250001,João Pessoa,2501,João Pessoa
2515401,250005,Campina Grande,2502,Campina Grande
2515500,250008,Sumé,2502,Campina Grande
2515609,250002,Guarabira,2501,João Pessoa
2515708,250015,Cajazeiras,2504,Sousa - Cajazeiras
2515807,250005,Campina Grande,2502,Campina Grande
2515906,250002,Guarabira,2501,João Pessoa
2515930,250002,Guarabira,2501,João Pessoa
2515971,250001,João Pessoa,2501,João Pessoa
2516003,250002,Guarabira,2501,João Pessoa
2516102,250005,Campina Grande,2502,Campina Grande
2516151,250006,Cuité - Nova Floresta,2502,Campina Grande
2516201,250014,Sousa,2504,Sousa - Cajazeiras
2516300,250008,Sumé,2502,Campina Grande
2516409,250002,Guarabira,2501,João Pessoa
2516508,250005,Campina Grande,2502,Campina Grande
2516607,250013,Princesa Isabel,2503,Patos
2516706,250009,Patos,2503,Patos
2516755,250005,Campina Grande,2502,Campina Grande
2516805,250015,Cajazeiras,2504,Sousa - Cajazeiras
2516904,250014,Sousa,2504,Sousa - Cajazeiras
2517001,250005,Campina Grande,2502,Campina Grande
2517100,250009,Patos,2503,Patos
2517209,250014,Sousa,2504,Sousa - Cajazeiras
2517407,250007,Monteiro,2502,Campina Grande
2600054,260001,Recife,2601,Recife
2600104,260014,Afogados da Ingazeira,2603,Serra Talhada
2600203,260015,Petrolina,2604,Petrolina
2600302,260009,Caruaru,2602,Caruaru
2600401,260003,Palmares,2601,Recife
2600500,260010,Garanhuns,2602,Caruaru
2600609,260012,Belo Jardim – Pesqueira,2602,Caruaru
2600708,260002,Goiana – Timbaúba,2601,Recife
2600807,260009,Caruaru,2602,Caruaru
2600906,260018,Escada - Ribeirão,2601,Recife
2601003,260010,Garanhuns,2602,Caruaru
2601052,260001,Recife,2601,Recife
2601102,260016,Araripina,2604,Petrolina
2601201,260011,Arcoverde,2602,Caruaru
2601300,260009,Caruaru,2602,Caruaru
2601409,260007,Barreiros - Sirinhaém,2601,Recife
2601508,260003,Palmares,2601,Recife
2601607,260017,Salgueiro,2604,Petrolina
2601706,260012,Belo Jardim – Pesqueira,2602,Caruaru
2601805,260013,Serra Talhada,2603,Serra Talhada
2601904,260009,Caruaru,2602,Caruaru
2602001,260016,Araripina,2604,Petrolina
2602100,260010,Garanhuns,2602,Caruaru
2602209,260004,Limoeiro,2601,Recife
2602308,260009,Caruaru,2602,Caruaru
2602407,260010,Garanhuns,2602,Caruaru
2602506,260014,Afogados da Ingazeira,2603,Serra Talhada
2602605,260009,Caruaru,2602,Caruaru
2602704,260006,Carpina,2601,Recife
2602803,260011,Arcoverde,2602,Caruaru
2602902,260001,Recife,2601,Recife
2603009,260017,Salgueiro,2604,Petrolina
2603108,260009,Caruaru,2602,Caruaru
2603207,260010,Garanhuns,2602,Caruaru
2603306,260010,Garanhuns,2602,Caruaru
2603405,260013,Serra Talhada,2603,Serra Talhada
2603454,260001,Recife,2601,Recife
2603504,260009,Caruaru,2602,Caruaru
2603603,260002,Goiana – Timbaúba,2601,Recife
2603702,260010,Garanhuns,2602,Caruaru
2603801,260010,Garanhuns,2602,Caruaru
2603900,260014,Afogados da Ingazeira,2603,Serra Talhada
2603926,260013,Serra Talhada,2603,Serra Talhada
2604007,260006,Carpina,2601,Recife
2604106,260009,Caruaru,2602,Caruaru
2604155,260008,Surubim,2601,Recife
2604205,260003,Palmares,2601,Recife
2604304,260017,Salgueiro,2604,Petrolina
2604403,260005,Vitória de Santo Antão,2601,Recife
2604502,260009,Caruaru,2602,Caruaru
2604601,260002,Goiana – Timbaúba,2601,Recife
2604700,260010,Garanhuns,2602,Caruaru
2604809,260018,Escada - Ribeirão,2601,Recife
2604908,260009,Caruaru,2602,Caruaru
2605004,260009,Caruaru,2602,Caruaru
2605103,260011,Arcoverde,2602,Caruaru
2605152,260015,Petrolina,2604,Petrolina
2605202,260018,Escada - Ribeirão,2601,Recife
2605301,260016,Araripina,2604,Petrolina
2605400,260004,Limoeiro,2601,Recife
2605459,260001,Recife,2601,Recife
2605509,260002,Goiana – Timbaúba,2601,Recife
2605608,260013,Serra Talhada,2603,Serra Talhada
2605707,260013,Serra Talhada,2603,Serra Talhada
2605806,260008,Surubim,2601,Recife
2605905,260003,Palmares,2601,Recife
2606002,260010,Garanhuns,2602,Caruaru
2606101,260005,Vitória de Santo Antão,2601,Recife
2606200,260002,Goiana – Timbaúba,2601,Recife
2606309,260016,Araripina,2604,Petrolina
2606408,260009,Caruaru,2602,Caruaru
2606507,260010,Garanhuns,2602,Caruaru
2606606,260011,Arcoverde,2602,Caruaru
2606705,260009,Caruaru,2602,Caruaru
2606804,260001,Recife,2601,Recife
2606903,260014,Afogados da Ingazeira,2603,Serra Talhada
2607000,260011,Arcoverde,2602,Caruaru
2607109,260014,Afogados da Ingazeira,2603,Serra Talhada
2607208,260001,Recife,2601,Recife
2607307,260016,Araripina,2604,Petrolina
2607406,260017,Salgueiro,2604,Petrolina
2607505,260011,Arcoverde,2602,Caruaru
2607604,260001,Recife,2601,Recife
2607653,260002,Goiana – Timbaúba,2601,Recife
2607703,260014,Afogados da Ingazeira,2603,Serra Talhada
2607752,260001,Recife,2601,Recife
2607802,260002,Goiana – Timbaúba,2601,Recife
2607901,260001,Recife,2601,Recife
2607950,260003,Palmares,2601,Recife
2608008,260009,Caruaru,2602,Caruaru
2608057,260013,Serra Talhada,2603,Serra Talhada
2608107,260004,Limoeiro,2601,Recife
2608206,260003,Palmares,2601,Recife
2608255,260010,Garanhuns,2602,Caruaru
2608305,260010,Garanhuns,2602,Caruaru
2608404,260010,Garanhuns,2602,Caruaru
2608453,260006,Carpina,2601,Recife
2608503,260006,Carpina,2601,Recife
2608602,260010,Garanhuns,2602,Caruaru
2608701,260009,Caruaru,2602,Caruaru
2608750,260015,Petrolina,2604,Petrolina
2608800,260010,Garanhuns,2602,Caruaru
2608909,260004,Limoeiro,2601,Recife
2609006,260002,Goiana – Timbaúba,2601,Recife
2609105,260004,Limoeiro,2601,Recife
2609154,260011,Arcoverde,2602,Caruaru
2609204,260003,Palmares,2601,Recife
2609303,260013,Serra Talhada,2603,Serra Talhada
2609402,260001,Recife,2601,Recife
2609501,260006,Carpina,2601,Recife
2609600,260001,Recife,2601,Recife
2609709,260004,Limoeiro,2601,Recife
2609808,260015,Petrolina,2604,Petrolina
2609907,260016,Araripina,2604,Petrolina
2610004,260003,Palmares,2601,Recife
2610103,260010,Garanhuns,2602,Caruaru
2610202,260009,Caruaru,2602,Caruaru
2610301,260010,Garanhuns,2602,Caruaru
2610400,260017,Salgueiro,2604,Petrolina
2610509,260004,Limoeiro,2601,Recife
2610608,260001,Recife,2601,Recife
2610707,260001,Recife,2601,Recife
2610806,260011,Arcoverde,2602,Caruaru
2610905,260012,Belo Jardim – Pesqueira,2602,Caruaru
2611002,260013,Serra Talhada,2603,Serra Talhada
2611101,260015,Petrolina,2604,Petrolina
2611200,260012,Belo Jardim – Pesqueira,2602,Caruaru
2611309,260005,Vitória de Santo Antão,2601,Recife
2611408,260018,Escada - Ribeirão,2601,Recife
2611507,260010,Garanhuns,2602,Caruaru
2611533,260014,Afogados da Ingazeira,2603,Serra Talhada
2611606,260001,Recife,2601,Recife
2611705,260009,Caruaru,2602,Caruaru
2611804,260018,Escada - Ribeirão,2601,Recife
2611903,260007,Barreiros - Sirinhaém,2601,Recife
2612000,260009,Caruaru,2602,Caruaru
2612109,260004,Limoeiro,2601,Recife
2612208,260017,Salgueiro,2604,Petrolina
2612307,260010,Garanhuns,2602,Caruaru
2612406,260012,Belo Jardim – Pesqueira,2602,Caruaru
2612455,260016,Araripina,2604,Petrolina
2612471,260013,Serra Talhada,2603,Serra Talhada
2612505,260009,Caruaru,2602,Caruaru
2612554,260016,Araripina,2604,Petrolina
2612604,260015,Petrolina,2604,Petrolina
2612703,260008,Surubim,2601,Recife
2612802,260014,Afogados da Ingazeira,2603,Serra Talhada
2612901,260003,Palmares,2601,Recife
2613008,260012,Belo Jardim – Pesqueira,2602,Caruaru
2613107,260009,Caruaru,2602,Caruaru
2613206,260010,Garanhuns,2602,Caruaru
2613305,260009,Caruaru,2602,Caruaru
2613404,260007,Barreiros - Sirinhaém,2601,Recife
2613503,260013,Serra Talhada,2603,Serra Talhada
2613602,260014,Afogados da Ingazeira,2603,Serra Talhada
2613701,260001,Recife,2601,Recife
2613800,260002,Goiana – Timbaúba,2601,Recife
2613909,260013,Serra Talhada,2603,Serra Talhada
2614006,260017,Salgueiro,2604,Petrolina
2614105,260011,Arcoverde,2602,Caruaru
2614204,260007,Barreiros - Sirinhaém,2601,Recife
2614303,260016,Araripina,2604,Petrolina
2614402,260014,Afogados da Ingazeira,2603,Serra Talhada
2614501,260008,Surubim,2601,Recife
2614600,260014,Afogados da Ingazeira,2603,Serra Talhada
2614709,260012,Belo Jardim – Pesqueira,2602,Caruaru
2614808,260013,Serra Talhada,2603,Serra Talhada
2614857,260007,Barreiros - Sirinhaém,2601,Recife
2615003,260009,Caruaru,2602,Caruaru
2615102,260010,Garanhuns,2602,Caruaru
2615201,260017,Salgueiro,2604,Petrolina
2615300,260002,Goiana – Timbaúba,2601,Recife
2615409,260009,Caruaru,2602,Caruaru
2615508,260006,Carpina,2601,Recife
2615607,260016,Araripina,2604,Petrolina
2615706,260013,Serra Talhada,2603,Serra Talhada
2615805,260011,Arcoverde,2602,Caruaru
2615904,260014,Afogados da Ingazeira,2603,Serra Talhada
2616001,260011,Arcoverde,2602,Caruaru
2616100,260017,Salgueiro,2604,Petrolina
2616183,260008,Surubim,2601,Recife
2616209,260008,Surubim,2601,Recife
2616308,260002,Goiana – Timbaúba,2601,Recife
2616407,260005,Vitória de Santo Antão,2601,Recife
2616506,260003,Palmares,2601,Recife
2700102,270009,Delmiro Gouveia,2702,Arapiraca
2700201,270004,São Miguel dos Campos,2701,Maceió
2700300,270007,Arapiraca,2702,Arapiraca
2700409,270006,Atalaia,2701,Maceió
2700508,270001,Maceió,2701,Maceió
2700607,270001,Maceió,2701,Maceió
2700706,270011,Pão de Açúcar - Olho d'Água das Flores – Batalha,2702,Arapiraca
2700805,270008,Palmeira dos Índios,2702,Arapiraca
2700904,270011,Pão de Açúcar - Olho d'Água das Flores – Batalha,2702,Arapiraca
2701001,270004,São Miguel dos Campos,2701,Maceió
2701100,270005,União dos Palmares,2701,Maceió
2701209,270008,Palmeira dos Índios,2702,Arapiraca
2701308,270006,Atalaia,2701,Maceió
2701357,270002,Porto Calvo - São Luís do Quitunde,2701,Maceió
2701407,270004,São Miguel dos Campos,2701,Maceió
2701506,270007,Arapiraca,2702,Arapiraca
2701605,270010,Santana do Ipanema,2702,Arapiraca
2701704,270006,Atalaia,2701,Maceió
2701803,270010,Santana do Ipanema,2702,Arapiraca
2701902,270006,Atalaia,2701,Maceió
2702009,270007,Arapiraca,2702,Arapiraca
2702108,270002,Porto Calvo - São Luís do Quitunde,2701,Maceió
2702207,270001,Maceió,2701,Maceió
2702306,270003,Penedo,2701,Maceió
2702355,270007,Arapiraca,2702,Arapiraca
2702405,270009,Delmiro Gouveia,2702,Arapiraca
2702504,270010,Santana do Ipanema,2702,Arapiraca
2702553,270008,Palmeira dos Índios,2702,Arapiraca
2702603,270007,Arapiraca,2702,Arapiraca
2702702,270003,Penedo,2701,Maceió
2702801,270001,Maceió,2701,Maceió
2702900,270007,Arapiraca,2702,Arapiraca
2703007,270005,União dos Palmares,2701,Maceió
2703106,270008,Palmeira dos Índios,2702,Arapiraca
2703205,270003,Penedo,2701,Maceió
2703304,270009,Delmiro Gouveia,2702,Arapiraca
2703403,270011,Pão de Açúcar - Olho d'Água das Flores – Batalha,2702,Arapiraca
2703502,270002,Porto Calvo - São Luís do Quitunde,2701,Maceió
2703601,270002,Porto Calvo - São Luís do Quitunde,2701,Maceió
2703700,270007,Arapiraca,2702,Arapiraca
2703759,270004,São Miguel dos Campos,2701,Maceió
2703809,270001,Maceió,2701,Maceió
2703908,270002,Porto Calvo - São Luís do Quitunde,2701,Maceió
2704005,270007,Arapiraca,2702,Arapiraca
2704104,270007,Arapiraca,2702,Arapiraca
2704203,270007,Arapiraca,2702,Arapiraca
2704302,270001,Maceió,2701,Maceió
2704401,270008,Palmeira dos Índios,2702,Arapiraca
2704500,270002,Porto Calvo - São Luís do Quitunde,2701,Maceió
2704609,270010,Santana do Ipanema,2702,Arapiraca
2704708,270001,Maceió,2701,Maceió
2704807,270007,Arapiraca,2702,Arapiraca
2704906,270006,Atalaia,2701,Maceió
2705002,270009,Delmiro Gouveia,2702,Arapiraca
2705101,270002,Porto Calvo - São Luís do Quitunde,2701,Maceió
2705200,270001,Maceió,2701,Maceió
2705309,270008,Palmeira dos Índios,2702,Arapiraca
2705408,270011,Pão de Açúcar - Olho d'Água das Flores – Batalha,2702,Arapiraca
2705507,270005,União dos Palmares,2701,Maceió
2705606,270002,Porto Calvo - São Luís do Quitunde,2701,Maceió
2705705,270011,Pão de Açúcar - Olho d'Água das Flores – Batalha,2702,Arapiraca
2705804,270009,Delmiro Gouveia,2702,Arapiraca
2705903,270007,Arapiraca,2702,Arapiraca
2706000,270010,Santana do Ipanema,2702,Arapiraca
2706109,270010,Santana do Ipanema,2702,Arapiraca
2706208,270011,Pão de Açúcar - Olho d'Água das Flores – Batalha,2702,Arapiraca
2706307,270008,Palmeira dos Índios,2702,Arapiraca
2706406,270011,Pão de Açúcar - Olho d'Água das Flores – Batalha,2702,Arapiraca
2706422,270009,Delmiro Gouveia,2702,Arapiraca
2706448,270001,Maceió,2701,Maceió
2706505,270002,Porto Calvo - São Luís do Quitunde,2701,Maceió
2706604,270008,Palmeira dos Índios,2702,Arapiraca
2706703,270003,Penedo,2701,Maceió
2706802,270003,Penedo,2701,Maceió
2706901,270001,Maceió,2701,Maceió
2707008,270006,Atalaia,2701,Maceió
2707107,270009,Delmiro Gouveia,2702,Arapiraca
2707206,270010,Santana do Ipanema,2702,Arapiraca
2707305,270002,Porto Calvo - São Luís do Quitunde,2701,Maceió
2707404,270002,Porto Calvo - São Luís do Quitunde,2701,Maceió
2707503,270003,Penedo,2701,Maceió
2707602,270008,Palmeira dos Índios,2702,Arapiraca
2707701,270001,Maceió,2701,Maceió
2707800,270004,São Miguel dos Campos,2701,Maceió
2707909,270001,Maceió,2701,Maceió
2708006,270010,Santana do Ipanema,2702,Arapiraca
2708105,270005,União dos Palmares,2701,Maceió
2708204,270003,Penedo,2701,Maceió
2708303,270005,União dos Palmares,2701,Maceió
2708402,270011,Pão de Açúcar - Olho d'Água das Flores – Batalha,2702,Arapiraca
2708501,270002,Porto Calvo - São Luís do Quitunde,2701,Maceió
2708600,270004,São Miguel dos Campos,2701,Maceió
2708709,270002,Porto Calvo - São Luís do Quitunde,2701,Maceió
2708808,270007,Arapiraca,2702,Arapiraca
2708907,270001,Maceió,2701,Maceió
2708956,270010,Santana do Ipanema,2702,Arapiraca
2709004,270007,Arapiraca,2702,Arapiraca
2709103,270007,Arapiraca,2702,Arapiraca
2709152,270007,Arapiraca,2702,Arapiraca
2709202,270007,Arapiraca,2702,Arapiraca
2709301,270005,União dos Palmares,2701,Maceió
2709400,270006,Atalaia,2701,Maceió
2800100,280003,Propriá,2801,Aracaju
2800209,280003,Propriá,2801,Aracaju
2800308,280001,Aracaju,2801,Aracaju
2800407,280002,Estância,2801,Aracaju
2800506,280004,Itabaiana,2802,Itabaiana
2800605,280001,Aracaju,2801,Aracaju
2800670,280002,Estância,2801,Aracaju
2800704,280003,Propriá,2801,Aracaju
2801009,280004,Itabaiana,2802,Itabaiana
2801108,280003,Propriá,2801,Aracaju
2801207,280006,Nossa Senhora da Glória,2802,Itabaiana
2801306,280001,Aracaju,2801,Aracaju
2801405,280004,Itabaiana,2802,Itabaiana
2801504,280001,Aracaju,2801,Aracaju
2801603,280003,Propriá,2801,Aracaju
2801702,280002,Estância,2801,Aracaju
2801900,280001,Aracaju,2801,Aracaju
2802007,280001,Aracaju,2801,Aracaju
2802106,280002,Estância,2801,Aracaju
2802205,280006,Nossa Senhora da Glória,2802,Itabaiana
2802304,280004,Itabaiana,2802,Itabaiana
2802403,280006,Nossa Senhora da Glória,2802,Itabaiana
2802502,280001,Aracaju,2801,Aracaju
2802601,280006,Nossa Senhora da Glória,2802,Itabaiana
2802700,280003,Propriá,2801,Aracaju
2802809,280002,Estância,2801,Aracaju
2802908,280004,Itabaiana,2802,Itabaiana
2803005,280002,Estância,2801,Aracaju
2803104,280006,Nossa Senhora da Glória,2802,Itabaiana
2803203,280001,Aracaju,2801,Aracaju
2803302,280001,Aracaju,2801,Aracaju
2803401,280003,Propriá,2801,Aracaju
2803500,280005,Lagarto,2802,Itabaiana
2803609,280001,Aracaju,2801,Aracaju
2803708,280004,Itabaiana,2802,Itabaiana
2803807,280003,Propriá,2801,Aracaju
2803906,280004,Itabaiana,2802,Itabaiana
2804003,280001,Aracaju,2801,Aracaju
2804102,280004,Itabaiana,2802,Itabaiana
2804201,280006,Nossa Senhora da Glória,2802,Itabaiana
2804300,280003,Propriá,2801,Aracaju
2804409,280003,Propriá,2801,Aracaju
2804458,280004,Itabaiana,2802,Itabaiana
2804508,280006,Nossa Senhora da Glória,2802,Itabaiana
2804607,280001,Aracaju,2801,Aracaju
2804706,280003,Propriá,2801,Aracaju
2804805,280001,Aracaju,2801,Aracaju
2804904,280003,Propriá,2801,Aracaju
2805000,280004,Itabaiana,2802,Itabaiana
2805109,280002,Estância,2801,Aracaju
2805208,280004,Itabaiana,2802,Itabaiana
2805307,280001,Aracaju,2801,Aracaju
2805406,280006,Nossa Senhora da Glória,2802,Itabaiana
2805505,280005,Lagarto,2802,Itabaiana
2805604,280006,Nossa Senhora da Glória,2802,Itabaiana
2805703,280003,Propriá,2801,Aracaju
2805802,280005,Lagarto,2802,Itabaiana
2805901,280001,Aracaju,2801,Aracaju
2806008,280004,Itabaiana,2802,Itabaiana
2806107,280001,Aracaju,2801,Aracaju
2806206,280005,Lagarto,2802,Itabaiana
2806305,280002,Estância,2801,Aracaju
2806404,280003,Propriá,2801,Aracaju
2806503,280001,Aracaju,2801,Aracaju
2806602,280001,Aracaju,2801,Aracaju
2806701,280001,Aracaju,2801,Aracaju
2806800,280004,Itabaiana,2802,Itabaiana
2806909,280003,Propriá,2801,Aracaju
2807006,280004,Itabaiana,2802,Itabaiana
2807105,280005,Lagarto,2802,Itabaiana
2807204,280001,Aracaju,2801,Aracaju
2807303,280003,Propriá,2801,Aracaju
2807402,280005,Lagarto,2802,Itabaiana
2807501,280002,Estância,2801,Aracaju
2807600,280002,Estância,2801,Aracaju
2900108,290013,Brumado,2904,Vitória da Conquista
2900207,290024,Paulo Afonso,2909,Paulo Afonso
2900306,290002,Alagoinhas,2901,Salvador
2900355,290027,Cícero Dantas,2909,Paulo Afonso
2900405,290029,Feira de Santana,2910,Feira de Santana
2900504,290013,Brumado,2904,Vitória da Conquista
2900603,290012,Jequié,2904,Vitória da Conquista
2900702,290002,Alagoinhas,2901,Salvador
2900801,290008,Teixeira de Freitas,2903,Ilhéus – Itabuna
2900900,290007,Ilhéus – Itabuna,2903,Ilhéus – Itabuna
2901007,290003,Santo Antônio de Jesus,2902,Santo Antônio de Jesus
2901106,290029,Feira de Santana,2910,Feira de Santana
2901155,290020,Irecê,2907,Irecê
2901205,290011,Vitória da Conquista,2904,Vitória da Conquista
2901304,290031,Itaberaba,2910,Feira de Santana
2901353,290023,Senhor do Bonfim,2908,Juazeiro
2901403,290018,Barreiras,2906,Barreiras
2901502,290029,Feira de Santana,2910,Feira de Santana
2901601,290027,Cícero Dantas,2909,Paulo Afonso
2901700,290029,Feira de Santana,2910,Feira de Santana
2901809,290023,Senhor do Bonfim,2908,Juazeiro
2901908,290002,Alagoinhas,2901,Salvador
2901957,290012,Jequié,2904,Vitória da Conquista
2902005,290013,Brumado,2904,Vitória da Conquista
2902054,290002,Alagoinhas,2901,Salvador
2902104,290033,Serrinha,2910,Feira de Santana
2902203,290002,Alagoinhas,2901,Salvador
2902252,290010,Camacan,2903,Ilhéus – Itabuna
2902302,290006,Nazaré – Maragogipe,2902,Santo Antônio de Jesus
2902401,290007,Ilhéus – Itabuna,2903,Ilhéus – Itabuna
2902500,290018,Barreiras,2906,Barreiras
2902609,290029,Feira de Santana,2910,Feira de Santana
2902658,290025,Ribeira do Pombal,2909,Paulo Afonso
2902708,290021,Xique-Xique – Barra,2907,Irecê
2902807,290011,Vitória da Conquista,2904,Vitória da Conquista
2902906,290011,Vitória da Conquista,2904,Vitória da Conquista
2903003,290020,Irecê,2907,Irecê
2903102,290014,Ipiaú,2904,Vitória da Conquista
2903201,290018,Barreiras,2906,Barreiras
2903235,290020,Irecê,2907,Irecê
2903276,290033,Serrinha,2910,Feira de Santana
2903300,290007,Ilhéus – Itabuna,2903,Ilhéus – Itabuna
2903409,290009,Eunápolis - Porto Seguro,2903,Ilhéus – Itabuna
2903508,290011,Vitória da Conquista,2904,Vitória da Conquista
2903607,290033,Serrinha,2910,Feira de Santana
2903706,290011,Vitória da Conquista,2904,Vitória da Conquista
2903805,290031,Itaberaba,2910,Feira de Santana
2903904,290017,Bom Jesus da Lapa,2905,Guanambi
2903953,290011,Vitória da Conquista,2904,Vitória da Conquista
2904001,290034,Seabra,2910,Feira de Santana
2904050,290020,Irecê,2907,Irecê
2904100,290017,Bom Jesus da Lapa,2905,Guanambi
2904209,290016,Guanambi,2905,Guanambi
2904308,290003,Santo Antônio de Jesus,2902,Santo Antônio de Jesus
2904407,290018,Barreiras,2906,Barreiras
2904506,290021,Xique-Xique – Barra,2907,Irecê
2904605,290013,Brumado,2904,Vitória da Conquista
2904704,290007,Ilhéus – Itabuna,2903,Ilhéus – Itabuna
2904753,290021,Xique-Xique – Barra,2907,Irecê
2904803,290011,Vitória da Conquista,2904,Vitória da Conquista
2904852,290004,Cruz das Almas,2902,Santo Antônio de Jesus
2904902,290004,Cruz das Almas,2902,Santo Antônio de Jesus
2905008,290016,Guanambi,2905,Guanambi
2905107,290030,Jacobina,2910,Feira de Santana
2905156,290011,Vitória da Conquista,2904,Vitória da Conquista
2905206,290016,Guanambi,2905,Guanambi
2905305,290020,Irecê,2907,Irecê
2905404,290005,Valença,2902,Santo Antônio de Jesus
2905503,290030,Jacobina,2910,Feira de Santana
2905602,290010,Camacan,2903,Ilhéus – Itabuna
2905701,290001,Salvador,2901,Salvador
2905800,290005,Valença,2902,Santo Antônio de Jesus
2905909,290022,Juazeiro,2908,Juazeiro
2906006,290023,Senhor do Bonfim,2908,Juazeiro
2906105,290019,Santa Maria da Vitoria,2906,Barreiras
2906204,290020,Irecê,2907,Irecê
2906303,290010,Camacan,2903,Ilhéus – Itabuna
2906402,290029,Feira de Santana,2910,Feira de Santana
2906501,290001,Salvador,2901,Salvador
2906600,290016,Guanambi,2905,Guanambi
2906709,290011,Vitória da Conquista,2904,Vitória da Conquista
2906808,290026,Euclides da Cunha,2909,Paulo Afonso
2906824,290026,Euclides da Cunha,2909,Paulo Afonso
2906857,290029,Feira de Santana,2910,Feira de Santana
2906873,290030,Jacobina,2910,Feira de Santana
2906899,290011,Vitória da Conquista,2904,Vitória da Conquista
2906907,290008,Teixeira de Freitas,2903,Ilhéus – Itabuna
2907004,290002,Alagoinhas,2901,Salvador
2907103,290016,Guanambi,2905,Guanambi
2907202,290022,Juazeiro,2908,Juazeiro
2907301,290004,Cruz das Almas,2902,Santo Antônio de Jesus
2907400,290018,Barreiras,2906,Barreiras
2907509,290001,Salvador,2901,Salvador
2907558,290013,Brumado,2904,Vitória da Conquista
2907608,290020,Irecê,2907,Irecê
2907707,290024,Paulo Afonso,2909,Paulo Afonso
2907806,290027,Cícero Dantas,2909,Paulo Afonso
2907905,290025,Ribeira do Pombal,2909,Paulo Afonso
2908002,290007,Ilhéus – Itabuna,2903,Ilhéus – Itabuna
2908101,290019,Santa Maria da Vitoria,2906,Barreiras
2908200,290029,Feira de Santana,2910,Feira de Santana
2908309,290004,Cruz das Almas,2902,Santo Antônio de Jesus
2908408,290032,Conceição do Coité,2910,Feira de Santana
2908507,290029,Feira de Santana,2910,Feira de Santana
2908606,290002,Alagoinhas,2901,Salvador
2908705,290011,Vitória da Conquista,2904,Vitória da Conquista
2908804,290011,Vitória da Conquista,2904,Vitória da Conquista
2908903,290029,Feira de Santana,2910,Feira de Santana
2909000,290011,Vitória da Conquista,2904,Vitória da Conquista
2909109,290019,Santa Maria da Vitoria,2906,Barreiras
2909208,290028,Jeremoabo,2909,Paulo Afonso
2909307,290019,Santa Maria da Vitoria,2906,Barreiras
2909406,290018,Barreiras,2906,Barreiras
2909505,290012,Jequié,2904,Vitória da Conquista
2909604,290002,Alagoinhas,2901,Salvador
2909703,290018,Barreiras,2906,Barreiras
2909802,290004,Cruz das Almas,2902,Santo Antônio de Jesus
2909901,290022,Juazeiro,2908,Juazeiro
2910008,290014,Ipiaú,2904,Vitória da Conquista
2910057,290001,Salvador,2901,Salvador
2910107,290013,Brumado,2904,Vitória da Conquista
2910206,290003,Santo Antônio de Jesus,2902,Santo Antônio de Jesus
2910305,290003,Santo Antônio de Jesus,2902,Santo Antônio de Jesus
2910404,290011,Vitória da Conquista,2904,Vitória da Conquista
2910503,290002,Alagoinhas,2901,Salvador
2910602,290002,Alagoinhas,2901,Salvador
2910701,290026,Euclides da Cunha,2909,Paulo Afonso
2910727,290009,Eunápolis - Porto Seguro,2903,Ilhéus – Itabuna
2910750,290027,Cícero Dantas,2909,Paulo Afonso
2910776,290016,Guanambi,2905,Guanambi
2910800,290029,Feira de Santana,2910,Feira de Santana
2910859,290023,Senhor do Bonfim,2908,Juazeiro
2910909,290007,Ilhéus – Itabuna,2903,Ilhéus – Itabuna
2911006,290007,Ilhéus – Itabuna,2903,Ilhéus – Itabuna
2911105,290018,Barreiras,2906,Barreiras
2911204,290014,Ipiaú,2904,Vitória da Conquista
2911253,290029,Feira de Santana,2910,Feira de Santana
2911303,290021,Xique-Xique – Barra,2907,Irecê
2911402,290024,Paulo Afonso,2909,Paulo Afonso
2911501,290014,Ipiaú,2904,Vitória da Conquista
2911600,290004,Cruz das Almas,2902,Santo Antônio de Jesus
2911659,290016,Guanambi,2905,Guanambi
2911709,290016,Guanambi,2905,Guanambi
2911808,290009,Eunápolis - Porto Seguro,2903,Ilhéus – Itabuna
2911857,290027,Cícero Dantas,2909,Paulo Afonso
2911907,290031,Itaberaba,2910,Feira de Santana
2912004,290016,Guanambi,2905,Guanambi
2912103,290007,Ilhéus – Itabuna,2903,Ilhéus – Itabuna
2912202,290011,Vitória da Conquista,2904,Vitória da Conquista
2912301,290007,Ilhéus – Itabuna,2903,Ilhéus – Itabuna
2912400,290020,Irecê,2907,Irecê
2912509,290017,Bom Jesus da Lapa,2905,Guanambi
2912608,290031,Itaberaba,2910,Feira de Santana
2912707,290007,Ilhéus – Itabuna,2903,Ilhéus – Itabuna
2912806,290008,Teixeira de Freitas,2903,Ilhéus – Itabuna
2912905,290014,Ipiaú,2904,Vitória da Conquista
2913002,290034,Seabra,2910,Feira de Santana
2913101,290020,Irecê,2907,Irecê
2913200,290021,Xique-Xique – Barra,2907,Irecê
2913309,290029,Feira de Santana,2910,Feira de Santana
2913408,290016,Guanambi,2905,Guanambi
2913457,290005,Valença,2902,Santo Antônio de Jesus
2913507,290011,Vitória da Conquista,2904,Vitória da Conquista
2913606,290007,Ilhéus – Itabuna,2903,Ilhéus – Itabuna
2913705,290002,Alagoinhas,2901,Salvador
2913804,290029,Feira de Santana,2910,Feira de Santana
2913903,290014,Ipiaú,2904,Vitória da Conquista
2914000,290029,Feira de Santana,2910,Feira de Santana
2914109,290021,Xique-Xique – Barra,2907,Irecê
2914208,290012,Jequié,2904,Vitória da Conquista
2914307,290011,Vitória da Conquista,2904,Vitória da Conquista
2914406,290034,Seabra,2910,Feira de Santana
2914505,290029,Feira de Santana,2910,Feira de Santana
2914604,290020,Irecê,2907,Irecê
2914653,290009,Eunápolis - Porto Seguro,2903,Ilhéus – Itabuna
2914703,290031,Itaberaba,2910,Feira de Santana
2914802,290007,Ilhéus – Itabuna,2903,Ilhéus – Itabuna
2914901,290007,Ilhéus – Itabuna,2903,Ilhéus – Itabuna
2915007,290031,Itaberaba,2910,Feira de Santana
2915106,290012,Jequié,2904,Vitória da Conquista
2915205,290014,Ipiaú,2904,Vitória da Conquista
2915304,290009,Eunápolis - Porto Seguro,2903,Ilhéus – Itabuna
2915353,290020,Irecê,2907,Irecê
2915403,290007,Ilhéus – Itabuna,2903,Ilhéus – Itabuna
2915502,290007,Ilhéus – Itabuna,2903,Ilhéus – Itabuna
2915601,290008,Teixeira de Freitas,2903,Ilhéus – Itabuna
2915700,290014,Ipiaú,2904,Vitória da Conquista
2915809,290011,Vitória da Conquista,2904,Vitória da Conquista
2915908,290001,Salvador,2901,Salvador
2916005,290008,Teixeira de Freitas,2903,Ilhéus – Itabuna
2916104,290006,Nazaré – Maragogipe,2902,Santo Antônio de Jesus
2916203,290007,Ilhéus – Itabuna,2903,Ilhéus – Itabuna
2916302,290009,Eunápolis - Porto Seguro,2903,Ilhéus – Itabuna
2916401,290015,Itapetinga,2904,Vitória da Conquista
2916500,290002,Alagoinhas,2901,Salvador
2916609,290007,Ilhéus – Itabuna,2903,Ilhéus – Itabuna
2916708,290012,Jequié,2904,Vitória da Conquista
2916807,290015,Itapetinga,2904,Vitória da Conquista
2916856,290004,Cruz das Almas,2902,Santo Antônio de Jesus
2916906,290012,Jequié,2904,Vitória da Conquista
2917003,290023,Senhor do Bonfim,2908,Juazeiro
2917102,290015,Itapetinga,2904,Vitória da Conquista
2917201,290011,Vitória da Conquista,2904,Vitória da Conquista
2917300,290005,Valença,2902,Santo Antônio de Jesus
2917334,290016,Guanambi,2905,Guanambi
2917359,290019,Santa Maria da Vitoria,2906,Barreiras
2917409,290016,Guanambi,2905,Guanambi
2917508,290030,Jacobina,2910,Feira de Santana
2917607,290012,Jequié,2904,Vitória da Conquista
2917706,290023,Senhor do Bonfim,2908,Juazeiro
2917805,290006,Nazaré – Maragogipe,2902,Santo Antônio de Jesus
2917904,290002,Alagoinhas,2901,Salvador
2918001,290012,Jequié,2904,Vitória da Conquista
2918100,290028,Jeremoabo,2909,Paulo Afonso
2918209,290003,Santo Antônio de Jesus,2902,Santo Antônio de Jesus
2918308,290012,Jequié,2904,Vitória da Conquista
2918357,290020,Irecê,2907,Irecê
2918407,290022,Juazeiro,2908,Juazeiro
2918456,290008,Teixeira de Freitas,2903,Ilhéus – Itabuna
2918506,290020,Irecê,2907,Irecê
2918555,290010,Camacan,2903,Ilhéus – Itabuna
2918605,290013,Brumado,2904,Vitória da Conquista
2918704,290012,Jequié,2904,Vitória da Conquista
2918753,290016,Guanambi,2905,Guanambi
2918803,290003,Santo Antônio de Jesus,2902,Santo Antônio de Jesus
2918902,290008,Teixeira de Freitas,2903,Ilhéus – Itabuna
2919009,290031,Itaberaba,2910,Feira de Santana
2919058,290012,Jequié,2904,Vitória da Conquista
2919108,290029,Feira de Santana,2910,Feira de Santana
2919157,290020,Irecê,2907,Irecê
2919207,290001,Salvador,2901,Salvador
2919306,290034,Seabra,2910,Feira de Santana
2919405,290016,Guanambi,2905,Guanambi
2919504,290013,Brumado,2904,Vitória da Conquista
2919553,290018,Barreiras,2906,Barreiras
2919603,290029,Feira de Santana,2910,Feira de Santana
2919702,290015,Itapetinga,2904,Vitória da Conquista
2919801,290017,Bom Jesus da Lapa,2905,Guanambi
2919900,290024,Paulo Afonso,2909,Paulo Afonso
2919926,290001,Salvador,2901,Salvador
2919959,290011,Vitória da Conquista,2904,Vitória da Conquista
2920007,290015,Itapetinga,2904,Vitória da Conquista
2920106,290029,Feira de Santana,2910,Feira de Santana
2920205,290016,Guanambi,2905,Guanambi
2920304,290013,Brumado,2904,Vitória da Conquista
2920403,290012,Jequié,2904,Vitória da Conquista
2920452,290018,Barreiras,2906,Barreiras
2920502,290012,Jequié,2904,Vitória da Conquista
2920601,290006,Nazaré – Maragogipe,2902,Santo Antônio de Jesus
2920700,290007,Ilhéus – Itabuna,2903,Ilhéus – Itabuna
2920809,290031,Itaberaba,2910,Feira de Santana
2920908,290010,Camacan,2903,Ilhéus – Itabuna
2921005,290001,Salvador,2901,Salvador
2921054,290016,Guanambi,2905,Guanambi
2921104,290008,Teixeira de Freitas,2903,Ilhéus – Itabuna
2921203,290030,Jacobina,2910,Feira de Santana
2921302,290003,Santo Antônio de Jesus,2902,Santo Antônio de Jesus
2921401,290030,Jacobina,2910,Feira de Santana
2921450,290011,Vitória da Conquista,2904,Vitória da Conquista
2921500,290026,Euclides da Cunha,2909,Paulo Afonso
2921609,290021,Xique-Xique – Barra,2907,Irecê
2921708,290020,Irecê,2907,Irecê
2921807,290016,Guanambi,2905,Guanambi
2921906,290034,Seabra,2910,Feira de Santana
2922003,290008,Teixeira de Freitas,2903,Ilhéus – Itabuna
2922052,290020,Irecê,2907,Irecê
2922102,290029,Feira de Santana,2910,Feira de Santana
2922201,290003,Santo Antônio de Jesus,2902,Santo Antônio de Jesus
2922250,290021,Xique-Xique – Barra,2907,Irecê
2922300,290004,Cruz das Almas,2902,Santo Antônio de Jesus
2922409,290003,Santo Antônio de Jesus,2902,Santo Antônio de Jesus
2922508,290006,Nazaré – Maragogipe,2902,Santo Antônio de Jesus
2922607,290005,Valença,2902,Santo Antônio de Jesus
2922656,290032,Conceição do Coité,2910,Feira de Santana
2922706,290011,Vitória da Conquista,2904,Vitória da Conquista
2922730,290029,Feira de Santana,2910,Feira de Santana
2922755,290014,Ipiaú,2904,Vitória da Conquista
2922805,290003,Santo Antônio de Jesus,2902,Santo Antônio de Jesus
2922854,290031,Itaberaba,2910,Feira de Santana
2922904,290025,Ribeira do Pombal,2909,Paulo Afonso
2923001,290008,Teixeira de Freitas,2903,Ilhéus – Itabuna
2923035,290034,Seabra,2910,Feira de Santana
2923050,290028,Jeremoabo,2909,Paulo Afonso
2923100,290025,Ribeira do Pombal,2909,Paulo Afonso
2923209,290021,Xique-Xique – Barra,2907,Irecê
2923308,290029,Feira de Santana,2910,Feira de Santana
2923357,290030,Jacobina,2910,Feira de Santana
2923407,290016,Guanambi,2905,Guanambi
2923506,290034,Seabra,2910,Feira de Santana
2923605,290013,Brumado,2904,Vitória da Conquista
2923704,290017,Bom Jesus da Lapa,2905,Guanambi
2923803,290027,Cícero Dantas,2909,Paulo Afonso
2923902,290010,Camacan,2903,Ilhéus – Itabuna
2924009,290024,Paulo Afonso,2909,Paulo Afonso
2924058,290029,Feira de Santana,2910,Feira de Santana
2924108,290002,Alagoinhas,2901,Salvador
2924207,290028,Jeremoabo,2909,Paulo Afonso
2924306,290034,Seabra,2910,Feira de Santana
2924405,290022,Juazeiro,2908,Juazeiro
2924504,290016,Guanambi,2905,Guanambi
2924603,290023,Senhor do Bonfim,2908,Juazeiro
2924652,290029,Feira de Santana,2910,Feira de Santana
2924678,290014,Ipiaú,2904,Vitória da Conquista
2924702,290011,Vitória da Conquista,2904,Vitória da Conquista
2924801,290030,Jacobina,2910,Feira de Santana
2924900,290012,Jequié,2904,Vitória da Conquista
2925006,290011,Vitória da Conquista,2904,Vitória da Conquista
2925105,290011,Vitória da Conquista,2904,Vitória da Conquista
2925204,290001,Salvador,2901,Salvador
2925253,290023,Senhor do Bonfim,2908,Juazeiro
2925303,290009,Eunápolis - Porto Seguro,2903,Ilhéus – Itabuna
2925402,290015,Itapetinga,2904,Vitória da Conquista
2925501,290008,Teixeira de Freitas,2903,Ilhéus – Itabuna
2925600,290020,Irecê,2907,Irecê
2925709,290011,Vitória da Conquista,2904,Vitória da Conquista
2925758,290005,Valença,2902,Santo Antônio de Jesus
2925808,290032,Conceição do Coité,2910,Feira de Santana
2925907,290026,Euclides da Cunha,2909,Paulo Afonso
2925931,290030,Jacobina,2910,Feira de Santana
2925956,290029,Feira de Santana,2910,Feira de Santana
2926004,290022,Juazeiro,2908,Juazeiro
2926103,290032,Conceição do Coité,2910,Feira de Santana
2926202,290018,Barreiras,2906,Barreiras
2926301,290029,Feira de Santana,2910,Feira de Santana
2926400,290016,Guanambi,2905,Guanambi
2926509,290025,Ribeira do Pombal,2909,Paulo Afonso
2926608,290025,Ribeira do Pombal,2909,Paulo Afonso
2926657,290011,Vitória da Conquista,2904,Vitória da Conquista
2926707,290013,Brumado,2904,Vitória da Conquista
2926806,290016,Guanambi,2905,Guanambi
2926905,290013,Brumado,2904,Vitória da Conquista
2927002,290002,Alagoinhas,2901,Salvador
2927101,290024,Paulo Afonso,2909,Paulo Afonso
2927200,290031,Itaberaba,2910,Feira de Santana
2927309,290006,Nazaré – Maragogipe,2902,Santo Antônio de Jesus
2927408,290001,Salvador,2901,Salvador
2927507,290029,Feira de Santana,2910,Feira de Santana
2927606,290024,Paulo Afonso,2909,Paulo Afonso
2927705,290009,Eunápolis - Porto Seguro,2903,Ilhéus – Itabuna
2927804,290007,Ilhéus – Itabuna,2903,Ilhéus – Itabuna
2927903,290012,Jequié,2904,Vitória da Conquista
2928000,290032,Conceição do Coité,2910,Feira de Santana
2928059,290010,Camacan,2903,Ilhéus – Itabuna
2928109,290019,Santa Maria da Vitoria,2906,Barreiras
2928208,290018,Barreiras,2906,Barreiras
2928307,290029,Feira de Santana,2910,Feira de Santana
2928406,290018,Barreiras,2906,Barreiras
2928505,290004,Cruz das Almas,2902,Santo Antônio de Jesus
2928604,290001,Salvador,2901,Salvador
2928703,290003,Santo Antônio de Jesus,2902,Santo Antônio de Jesus
2928802,290029,Feira de Santana,2910,Feira de Santana
2928901,290018,Barreiras,2906,Barreiras
2928950,290032,Conceição do Coité,2910,Feira de Santana
2929008,290004,Cruz das Almas,2902,Santo Antônio de Jesus
2929057,290019,Santa Maria da Vitoria,2906,Barreiras
2929107,290004,Cruz das Almas,2902,Santo Antônio de Jesus
2929206,290001,Salvador,2901,Salvador
2929255,290020,Irecê,2907,Irecê
2929305,290029,Feira de Santana,2910,Feira de Santana
2929354,290007,Ilhéus – Itabuna,2903,Ilhéus – Itabuna
2929370,290030,Jacobina,2910,Feira de Santana
2929404,290003,Santo Antônio de Jesus,2902,Santo Antônio de Jesus
2929503,290001,Salvador,2901,Salvador
2929602,290004,Cruz das Almas,2902,Santo Antônio de Jesus
2929701,290002,Alagoinhas,2901,Salvador
2929750,290001,Salvador,2901,Salvador
2929800,290030,Jacobina,2910,Feira de Santana
2929909,290034,Seabra,2910,Feira de Santana
2930006,290016,Guanambi,2905,Guanambi
2930105,290023,Senhor do Bonfim,2908,Juazeiro
2930154,290017,Bom Jesus da Lapa,2905,Guanambi
2930204,290022,Juazeiro,2908,Juazeiro
2930303,290018,Barreiras,2906,Barreiras
2930402,290029,Feira de Santana,2910,Feira de Santana
2930501,290033,Serrinha,2910,Feira de Santana
2930600,290030,Jacobina,2910,Feira de Santana
2930709,290001,Salvador,2901,Salvador
2930758,290017,Bom Jesus da Lapa,2905,Guanambi
2930766,290028,Jeremoabo,2909,Paulo Afonso
2930774,290022,Juazeiro,2908,Juazeiro
2930808,290034,Seabra,2910,Feira de Santana
2930907,290018,Barreiras,2906,Barreiras
2931004,290011,Vitória da Conquista,2904,Vitória da Conquista
2931053,290016,Guanambi,2905,Guanambi
2931103,290029,Feira de Santana,2910,Feira de Santana
2931202,290005,Valença,2902,Santo Antônio de Jesus
2931301,290030,Jacobina,2910,Feira de Santana
2931350,290008,Teixeira de Freitas,2903,Ilhéus – Itabuna
2931400,290002,Alagoinhas,2901,Salvador
2931509,290033,Serrinha,2910,Feira de Santana
2931608,290014,Ipiaú,2904,Vitória da Conquista
2931707,290001,Salvador,2901,Salvador
2931806,290011,Vitória da Conquista,2904,Vitória da Conquista
2931905,290025,Ribeira do Pombal,2909,Paulo Afonso
2932002,290022,Juazeiro,2908,Juazeiro
2932101,290003,Santo Antônio de Jesus,2902,Santo Antônio de Jesus
2932200,290007,Ilhéus – Itabuna,2903,Ilhéus – Itabuna
2932309,290014,Ipiaú,2904,Vitória da Conquista
2932408,290020,Irecê,2907,Irecê
2932457,290030,Jacobina,2910,Feira de Santana
2932507,290010,Camacan,2903,Ilhéus – Itabuna
2932606,290016,Guanambi,2905,Guanambi
2932705,290007,Ilhéus – Itabuna,2903,Ilhéus – Itabuna
2932804,290031,Itaberaba,2910,Feira de Santana
2932903,290005,Valença,2902,Santo Antônio de Jesus
2933000,290032,Conceição do Coité,2910,Feira de Santana
2933059,290029,Feira de Santana,2910,Feira de Santana
2933109,290030,Jacobina,2910,Feira de Santana
2933158,290030,Jacobina,2910,Feira de Santana
2933174,290003,Santo Antônio de Jesus,2902,Santo Antônio de Jesus
2933208,290006,Nazaré – Maragogipe,2902,Santo Antônio de Jesus
2933257,290008,Teixeira de Freitas,2903,Ilhéus – Itabuna
2933307,290011,Vitória da Conquista,2904,Vitória da Conquista
2933406,290031,Itaberaba,2910,Feira de Santana
2933455,290018,Barreiras,2906,Barreiras
2933505,290014,Ipiaú,2904,Vitória da Conquista
2933604,290021,Xique-Xique – Barra,2907,Irecê
3100104,310061,Monte Carmelo,3111,Uberlândia
3100203,310070,Abaeté,3113,Divinópolis
3100302,310028,Manhuaçu,3106,Juíz de Fora
3100401,310030,Ponte Nova,3106,Juíz de Fora
3100500,310024,Ipatinga,3105,Ipatinga
3100609,310014,Capelinha,3103,Teófilo Otoni
3100708,310055,Uberaba,3110,Uberaba
3100807,310048,Campo Belo,3108,Varginha
3100906,310019,Águas Formosas,3103,Teófilo Otoni
3101003,310018,Pedra Azul,3103,Teófilo Otoni
3101102,310023,Aimorés - Resplendor,3104,Governador Valadares
3101201,310054,Caxambu - Baependi,3109,Pouso Alegre
3101300,310053,São Lourenço,3109,Pouso Alegre
3101409,310050,Pouso Alegre,3109,Pouso Alegre
3101508,310036,Além Paraíba,3106,Juíz de Fora
3101607,310042,Alfenas,3108,Varginha
3101631,310037,Barbacena,3107,Barbacena
3101706,310015,Almenara,3103,Teófilo Otoni
3101805,310020,Governador Valadares,3104,Governador Valadares
3101904,310041,Passos,3108,Varginha
3102001,310042,Alfenas,3108,Varginha
3102050,310028,Manhuaçu,3106,Juíz de Fora
3102100,310037,Barbacena,3107,Barbacena
3102209,310025,Caratinga,3105,Ipatinga
3102308,310030,Ponte Nova,3106,Juíz de Fora
3102407,310016,Diamantina,3103,Teófilo Otoni
3102506,310030,Ponte Nova,3106,Juíz de Fora
3102605,310051,Poços de Caldas,3109,Pouso Alegre
3102704,310018,Pedra Azul,3103,Teófilo Otoni
3102803,310027,Juiz de Fora,3106,Juíz de Fora
3102852,310014,Capelinha,3103,Teófilo Otoni
3102902,310037,Barbacena,3107,Barbacena
3103009,310024,Ipatinga,3105,Ipatinga
3103108,310031,Muriaé,3106,Juíz de Fora
3103207,310002,Sete Lagoas,3101,Belo Horizonte
3103306,310027,Juiz de Fora,3106,Juíz de Fora
3103405,310017,Araçuaí,3103,Teófilo Otoni
3103504,310059,Uberlândia,3111,Uberlândia
3103603,310027,Juiz de Fora,3106,Juíz de Fora
3103702,310033,Viçosa,3106,Juíz de Fora
3103751,310059,Uberlândia,3111,Uberlândia
3103801,310062,Patos de Minas,3112,Patos de Minas
3103900,310065,Divinópolis,3113,Divinópolis
3104007,310056,Araxá,3110,Uberaba
3104106,310044,Guaxupé,3108,Varginha
3104205,310066,Formiga,3113,Divinópolis
3104304,310042,Alfenas,3108,Varginha
3104403,310032,Cataguases,3106,Juíz de Fora
3104452,310014,Capelinha,3103,Teófilo Otoni
3104502,310063,Unaí,3112,Patos de Minas
3104601,310032,Cataguases,3106,Juíz de Fora
3104700,310013,Teófilo Otoni,3103,Teófilo Otoni
3104809,310004,Curvelo,3101,Belo Horizonte
3104908,310054,Caxambu - Baependi,3109,Pouso Alegre
3105004,310002,Sete Lagoas,3101,Belo Horizonte
3105103,310066,Formiga,3113,Divinópolis
3105202,310015,Almenara,3103,Teófilo Otoni
3105301,310051,Poços de Caldas,3109,Pouso Alegre
3105400,310003,Santa Bárbara - Ouro Preto,3101,Belo Horizonte
3105509,310031,Muriaé,3106,Juíz de Fora
3105608,310037,Barbacena,3107,Barbacena
3105707,310030,Ponte Nova,3106,Juíz de Fora
3105905,310037,Barbacena,3107,Barbacena
3106002,310026,João Monlevade,3105,Ipatinga
3106101,310027,Juiz de Fora,3106,Juíz de Fora
3106200,310001,Belo Horizonte,3101,Belo Horizonte
3106309,310024,Ipatinga,3105,Ipatinga
3106408,310038,Conselheiro Lafaiete,3107,Barbacena
3106507,310017,Araçuaí,3103,Teófilo Otoni
3106606,310019,Águas Formosas,3103,Teófilo Otoni
3106655,310008,Salinas,3102,Montes Claros
3106705,310001,Belo Horizonte,3101,Belo Horizonte
3106804,310027,Juiz de Fora,3106,Juíz de Fora
3106903,310035,São João Nepomuceno - Bicas,3106,Juíz de Fora
3107000,310070,Abaeté,3113,Divinópolis
3107109,310046,Três Pontas - Boa Esperança,3108,Varginha
3107208,310027,Juiz de Fora,3106,Juíz de Fora
3107307,310006,Montes Claros,3102,Montes Claros
3107406,310067,Dores do Indaiá,3113,Divinópolis
3107505,310027,Juiz de Fora,3106,Juíz de Fora
3107604,310041,Passos,3108,Varginha
3107703,310005,Itabira,3101,Belo Horizonte
3107802,310025,Caratinga,3105,Ipatinga
3107901,310050,Pouso Alegre,3109,Pouso Alegre
3108008,310043,Lavras,3108,Varginha
3108107,310069,Oliveira,3113,Divinópolis
3108206,310063,Unaí,3112,Patos de Minas
3108255,310009,Januária,3102,Montes Claros
3108305,310050,Pouso Alegre,3109,Pouso Alegre
3108404,310051,Poços de Caldas,3109,Pouso Alegre
3108503,310006,Montes Claros,3102,Montes Claros
3108552,310062,Patos de Minas,3112,Patos de Minas
3108602,310006,Montes Claros,3102,Montes Claros
3108701,310029,Ubá,3106,Juíz de Fora
3108800,310024,Ipatinga,3105,Ipatinga
3108909,310052,Itajubá,3109,Pouso Alegre
3109006,310001,Belo Horizonte,3101,Belo Horizonte
3109105,310050,Pouso Alegre,3109,Pouso Alegre
3109204,310004,Curvelo,3101,Belo Horizonte
3109253,310024,Ipatinga,3105,Ipatinga
3109303,310063,Unaí,3112,Patos de Minas
3109402,310010,Pirapora,3102,Montes Claros
3109451,310063,Unaí,3112,Patos de Minas
3109501,310044,Guaxupé,3108,Varginha
3109600,310002,Sete Lagoas,3101,Belo Horizonte
3109709,310050,Pouso Alegre,3109,Pouso Alegre
3109808,310060,Ituiutaba,3111,Uberlândia
3109907,310002,Sete Lagoas,3101,Belo Horizonte
3110004,310001,Belo Horizonte,3101,Belo Horizonte
3110103,310034,Carangola,3106,Juíz de Fora
3110202,310033,Viçosa,3106,Juíz de Fora
3110301,310051,Poços de Caldas,3109,Pouso Alegre
3110400,310065,Divinópolis,3113,Divinópolis
3110509,310050,Pouso Alegre,3109,Pouso Alegre
3110608,310050,Pouso Alegre,3109,Pouso Alegre
3110707,310045,Três Corações,3108,Varginha
3110806,310013,Teófilo Otoni,3103,Teófilo Otoni
3110905,310045,Três Corações,3108,Varginha
3111002,310051,Poços de Caldas,3109,Pouso Alegre
3111101,310059,Uberlândia,3111,Uberlândia
3111150,310006,Montes Claros,3102,Montes Claros
3111200,310048,Campo Belo,3108,Varginha
3111309,310042,Alfenas,3108,Varginha
3111408,310055,Uberaba,3110,Uberaba
3111507,310056,Araxá,3110,Uberaba
3111606,310042,Alfenas,3108,Varginha
3111705,310033,Viçosa,3106,Juíz de Fora
3111804,310059,Uberlândia,3111,Uberlândia
3111903,310043,Lavras,3108,Varginha
3112000,310048,Campo Belo,3108,Varginha
3112059,310021,Guanhães,3104,Governador Valadares
3112109,310028,Manhuaçu,3106,Juíz de Fora
3112208,310038,Conselheiro Lafaiete,3107,Barbacena
3112307,310014,Capelinha,3103,Teófilo Otoni
3112406,310041,Passos,3108,Varginha
3112505,310002,Sete Lagoas,3101,Belo Horizonte
3112604,310060,Ituiutaba,3111,Uberlândia
3112653,310020,Governador Valadares,3104,Governador Valadares
3112703,310006,Montes Claros,3102,Montes Claros
3112802,310049,Piumhi,3108,Varginha
3112901,310028,Manhuaçu,3106,Juíz de Fora
3113008,310013,Teófilo Otoni,3103,Teófilo Otoni
3113107,310038,Conselheiro Lafaiete,3107,Barbacena
3113206,310038,Conselheiro Lafaiete,3107,Barbacena
3113305,310034,Carangola,3106,Juíz de Fora
3113404,310025,Caratinga,3105,Ipatinga
3113503,310016,Diamantina,3103,Teófilo Otoni
3113602,310050,Pouso Alegre,3109,Pouso Alegre
3113701,310013,Teófilo Otoni,3103,Teófilo Otoni
3113800,310005,Itabira,3101,Belo Horizonte
3113909,310045,Três Corações,3108,Varginha
3114006,310065,Divinópolis,3113,Divinópolis
3114105,310053,São Lourenço,3109,Pouso Alegre
3114204,310065,Divinópolis,3113,Divinópolis
3114303,310062,Patos de Minas,3112,Patos de Minas
3114402,310041,Passos,3108,Varginha
3114501,310069,Oliveira,3113,Divinópolis
3114550,310058,Iturama,3110,Uberaba
3114600,310043,Lavras,3108,Varginha
3114709,310042,Alfenas,3108,Varginha
3114808,310054,Caxambu - Baependi,3109,Pouso Alegre
3114907,310038,Conselheiro Lafaiete,3107,Barbacena
3115003,310059,Uberlândia,3111,Uberlândia
3115102,310041,Passos,3108,Varginha
3115201,310039,São João del Rei,3107,Barbacena
3115300,310032,Cataguases,3106,Juíz de Fora
3115359,310003,Santa Bárbara - Ouro Preto,3101,Belo Horizonte
3115409,310038,Conselheiro Lafaiete,3107,Barbacena
3115458,310013,Teófilo Otoni,3103,Teófilo Otoni
3115474,310012,Espinosa,3102,Montes Claros
3115508,310054,Caxambu - Baependi,3109,Pouso Alegre
3115607,310070,Abaeté,3113,Divinópolis
3115706,310022,Mantena,3104,Governador Valadares
3115805,310059,Uberlândia,3111,Uberlândia
3115904,310027,Juiz de Fora,3106,Juíz de Fora
3116001,310028,Manhuaçu,3106,Juíz de Fora
3116100,310014,Capelinha,3103,Teófilo Otoni
3116159,310011,São Francisco,3102,Montes Claros
3116209,310027,Juiz de Fora,3106,Juíz de Fora
3116308,310037,Barbacena,3107,Barbacena
3116407,310041,Passos,3108,Varginha
3116506,310006,Montes Claros,3102,Montes Claros
3116605,310065,Divinópolis,3113,Divinópolis
3116704,310033,Viçosa,3106,Juíz de Fora
3116803,310021,Guanhães,3104,Governador Valadares
3116902,310057,Frutal,3110,Uberaba
3117009,310018,Pedra Azul,3103,Teófilo Otoni
3117108,310042,Alfenas,3108,Varginha
3117207,310052,Itajubá,3109,Pouso Alegre
3117306,310055,Uberaba,3110,Uberaba
3117405,310028,Manhuaçu,3106,Juíz de Fora
3117504,310002,Sete Lagoas,3101,Belo Horizonte
3117603,310065,Divinópolis,3113,Divinópolis
3117702,310053,São Lourenço,3109,Pouso Alegre
3117801,310050,Pouso Alegre,3109,Pouso Alegre
3117836,310009,Januária,3102,Montes Claros
3117876,310001,Belo Horizonte,3101,Belo Horizonte
3117900,310050,Pouso Alegre,3109,Pouso Alegre
3118007,310038,Conselheiro Lafaiete,3107,Barbacena
3118106,310002,Sete Lagoas,3101,Belo Horizonte
3118205,310055,Uberaba,3110,Uberaba
3118304,310038,Conselheiro Lafaiete,3107,Barbacena
3118403,310020,Governador Valadares,3104,Governador Valadares
3118502,310050,Pouso Alegre,3109,Pouso Alegre
3118601,310001,Belo Horizonte,3101,Belo Horizonte
3118700,310046,Três Pontas - Boa Esperança,3108,Varginha
3118809,310006,Montes Claros,3102,Montes Claros
3118908,310002,Sete Lagoas,3101,Belo Horizonte
3119005,310040,Varginha,3108,Varginha
3119104,310004,Curvelo,3101,Belo Horizonte
3119203,310020,Governador Valadares,3104,Governador Valadares
3119302,310064,Patrocínio,3112,Patos de Minas
3119401,310024,Ipatinga,3105,Ipatinga
3119500,310017,Araçuaí,3103,Teófilo Otoni
3119609,310027,Juiz de Fora,3106,Juíz de Fora
3119708,310039,São João del Rei,3107,Barbacena
3119807,310066,Formiga,3113,Divinópolis
3119906,310050,Pouso Alegre,3109,Pouso Alegre
3119955,310066,Formiga,3113,Divinópolis
3120003,310025,Caratinga,3105,Ipatinga
3120102,310016,Diamantina,3103,Teófilo Otoni
3120151,310019,Águas Formosas,3103,Teófilo Otoni
3120201,310048,Campo Belo,3108,Varginha
3120300,310006,Montes Claros,3102,Montes Claros
3120409,310038,Conselheiro Lafaiete,3107,Barbacena
3120508,310053,São Lourenço,3109,Pouso Alegre
3120607,310069,Oliveira,3113,Divinópolis
3120706,310064,Patrocínio,3112,Patos de Minas
3120805,310054,Caxambu - Baependi,3109,Pouso Alegre
3120839,310023,Aimorés - Resplendor,3104,Governador Valadares
3120870,310008,Salinas,3102,Montes Claros
3120904,310004,Curvelo,3101,Belo Horizonte
3121001,310016,Diamantina,3103,Teófilo Otoni
3121100,310052,Itajubá,3109,Pouso Alegre
3121209,310041,Passos,3108,Varginha
3121258,310055,Uberaba,3110,Uberaba
3121308,310035,São João Nepomuceno - Bicas,3106,Juíz de Fora
3121407,310038,Conselheiro Lafaiete,3107,Barbacena
3121506,310037,Barbacena,3107,Barbacena
3121605,310016,Diamantina,3103,Teófilo Otoni
3121704,310030,Ponte Nova,3106,Juíz de Fora
3121803,310024,Ipatinga,3105,Ipatinga
3121902,310029,Ubá,3106,Juíz de Fora
3122009,310034,Carangola,3106,Juíz de Fora
3122108,310020,Governador Valadares,3104,Governador Valadares
3122207,310021,Guanhães,3104,Governador Valadares
3122306,310065,Divinópolis,3113,Divinópolis
3122355,310018,Pedra Azul,3103,Teófilo Otoni
3122405,310042,Alfenas,3108,Varginha
3122454,310018,Pedra Azul,3103,Teófilo Otoni
3122470,310063,Unaí,3112,Patos de Minas
3122504,310024,Ipatinga,3105,Ipatinga
3122603,310021,Guanhães,3104,Governador Valadares
3122702,310030,Ponte Nova,3106,Juíz de Fora
3122801,310053,São Lourenço,3109,Pouso Alegre
3122900,310032,Cataguases,3106,Juíz de Fora
3123007,310037,Barbacena,3107,Barbacena
3123106,310021,Guanhães,3104,Governador Valadares
3123205,310067,Dores do Indaiá,3113,Divinópolis
3123304,310029,Ubá,3106,Juíz de Fora
3123403,310049,Piumhi,3108,Varginha
3123502,310061,Monte Carmelo,3111,Uberlândia
3123528,310028,Manhuaçu,3106,Juíz de Fora
3123601,310040,Varginha,3108,Varginha
3123700,310020,Governador Valadares,3104,Governador Valadares
3123809,310006,Montes Claros,3102,Montes Claros
3123858,310025,Caratinga,3105,Ipatinga
3123908,310038,Conselheiro Lafaiete,3107,Barbacena
3124005,310033,Viçosa,3106,Juíz de Fora
3124104,310001,Belo Horizonte,3101,Belo Horizonte
3124203,310034,Carangola,3106,Juíz de Fora
3124302,310012,Espinosa,3102,Montes Claros
3124401,310050,Pouso Alegre,3109,Pouso Alegre
3124500,310050,Pouso Alegre,3109,Pouso Alegre
3124609,310036,Além Paraíba,3106,Juíz de Fora
3124708,310067,Dores do Indaiá,3113,Divinópolis
3124807,310061,Monte Carmelo,3111,Uberlândia
3124906,310031,Muriaé,3106,Juíz de Fora
3125002,310027,Juiz de Fora,3106,Juíz de Fora
3125101,310050,Pouso Alegre,3109,Pouso Alegre
3125200,310042,Alfenas,3108,Varginha
3125309,310034,Carangola,3106,Juíz de Fora
3125408,310016,Diamantina,3103,Teófilo Otoni
3125507,310016,Diamantina,3103,Teófilo Otoni
3125606,310015,Almenara,3103,Teófilo Otoni
3125705,310004,Curvelo,3101,Belo Horizonte
3125804,310020,Governador Valadares,3104,Governador Valadares
3125903,310005,Itabira,3101,Belo Horizonte
3125952,310031,Muriaé,3106,Juíz de Fora
3126000,310001,Belo Horizonte,3101,Belo Horizonte
3126109,310066,Formiga,3113,Divinópolis
3126208,310063,Unaí,3112,Patos de Minas
3126307,310041,Passos,3108,Varginha
3126406,310002,Sete Lagoas,3101,Belo Horizonte
3126505,310017,Araçuaí,3103,Teófilo Otoni
3126604,310006,Montes Claros,3102,Montes Claros
3126703,310006,Montes Claros,3102,Montes Claros
3126752,310013,Teófilo Otoni,3103,Teófilo Otoni
3126802,310013,Teófilo Otoni,3103,Teófilo Otoni
3126901,310020,Governador Valadares,3104,Governador Valadares
3126950,310021,Guanhães,3104,Governador Valadares
3127008,310057,Frutal,3110,Uberaba
3127057,310019,Águas Formosas,3103,Teófilo Otoni
3127073,310008,Salinas,3102,Montes Claros
3127107,310057,Frutal,3110,Uberaba
3127206,310002,Sete Lagoas,3101,Belo Horizonte
3127305,310020,Governador Valadares,3104,Governador Valadares
3127339,310012,Espinosa,3102,Montes Claros
3127354,310006,Montes Claros,3102,Montes Claros
3127370,310020,Governador Valadares,3104,Governador Valadares
3127388,310027,Juiz de Fora,3106,Juíz de Fora
3127404,310052,Itajubá,3109,Pouso Alegre
3127503,310020,Governador Valadares,3104,Governador Valadares
3127602,310016,Diamantina,3103,Teófilo Otoni
3127701,310020,Governador Valadares,3104,Governador Valadares
3127800,310006,Montes Claros,3102,Montes Claros
3127909,310061,Monte Carmelo,3111,Uberlândia
3128006,310021,Guanhães,3104,Governador Valadares
3128105,310041,Passos,3108,Varginha
3128204,310030,Ponte Nova,3106,Juíz de Fora
3128253,310006,Montes Claros,3102,Montes Claros
3128303,310044,Guaxupé,3108,Varginha
3128402,310029,Ubá,3106,Juíz de Fora
3128501,310035,São João Nepomuceno - Bicas,3106,Juíz de Fora
3128600,310062,Patos de Minas,3112,Patos de Minas
3128709,310044,Guaxupé,3108,Varginha
3128808,310029,Ubá,3106,Juíz de Fora
3128907,310064,Patrocínio,3112,Patos de Minas
3129004,310029,Ubá,3106,Juíz de Fora
3129103,310060,Ituiutaba,3111,Uberlândia
3129202,310050,Pouso Alegre,3109,Pouso Alegre
3129301,310024,Ipatinga,3105,Ipatinga
3129400,310037,Barbacena,3107,Barbacena
3129509,310056,Araxá,3110,Uberaba
3129608,310010,Pirapora,3102,Montes Claros
3129657,310006,Montes Claros,3102,Montes Claros
3129707,310041,Passos,3108,Varginha
3129806,310001,Belo Horizonte,3101,Belo Horizonte
3129905,310051,Poços de Caldas,3109,Pouso Alegre
3130002,310043,Lavras,3108,Varginha
3130051,310011,São Francisco,3102,Montes Claros
3130101,310001,Belo Horizonte,3101,Belo Horizonte
3130200,310068,Pará de Minas,3113,Divinópolis
3130309,310066,Formiga,3113,Divinópolis
3130408,310043,Lavras,3108,Varginha
3130507,310046,Três Pontas - Boa Esperança,3108,Varginha
3130556,310025,Caratinga,3105,Ipatinga
3130606,310050,Pouso Alegre,3109,Pouso Alegre
3130655,310008,Salinas,3102,Montes Claros
3130705,310059,Uberlândia,3111,Uberlândia
3130804,310043,Lavras,3108,Varginha
3130903,310025,Caratinga,3105,Ipatinga
3131000,310002,Sete Lagoas,3101,Belo Horizonte
3131109,310004,Curvelo,3101,Belo Horizonte
3131158,310024,Ipatinga,3105,Ipatinga
3131208,310028,Manhuaçu,3106,Juíz de Fora
3131307,310024,Ipatinga,3105,Ipatinga
3131406,310060,Ituiutaba,3111,Uberlândia
3131505,310050,Pouso Alegre,3109,Pouso Alegre
3131604,310061,Monte Carmelo,3111,Uberlândia
3131703,310005,Itabira,3101,Belo Horizonte
3131802,310022,Mantena,3104,Governador Valadares
3131901,310003,Santa Bárbara - Ouro Preto,3101,Belo Horizonte
3132008,310006,Montes Claros,3102,Montes Claros
3132107,310009,Januária,3102,Montes Claros
3132206,310069,Oliveira,3113,Divinópolis
3132305,310013,Teófilo Otoni,3103,Teófilo Otoni
3132404,310052,Itajubá,3109,Pouso Alegre
3132503,310014,Capelinha,3103,Teófilo Otoni
3132602,310032,Cataguases,3106,Juíz de Fora
3132701,310013,Teófilo Otoni,3103,Teófilo Otoni
3132800,310005,Itabira,3101,Belo Horizonte
3132909,310047,São Sebastião do Paraíso,3108,Varginha
3133006,310053,São Lourenço,3109,Pouso Alegre
3133105,310053,São Lourenço,3109,Pouso Alegre
3133204,310020,Governador Valadares,3104,Governador Valadares
3133303,310013,Teófilo Otoni,3103,Teófilo Otoni
3133402,310057,Frutal,3110,Uberaba
3133501,310065,Divinópolis,3113,Divinópolis
3133600,310050,Pouso Alegre,3109,Pouso Alegre
3133709,310065,Divinópolis,3113,Divinópolis
3133758,310041,Passos,3108,Varginha
3133808,310065,Divinópolis,3113,Divinópolis
3133907,310038,Conselheiro Lafaiete,3107,Barbacena
3134004,310017,Araçuaí,3103,Teófilo Otoni
3134103,310023,Aimorés - Resplendor,3104,Governador Valadares
3134202,310060,Ituiutaba,3111,Uberlândia
3134301,310043,Lavras,3108,Varginha
3134400,310058,Iturama,3110,Uberaba
3134509,310043,Lavras,3108,Varginha
3134608,310001,Belo Horizonte,3101,Belo Horizonte
3134707,310015,Almenara,3103,Teófilo Otoni
3134806,310047,São Sebastião do Paraíso,3108,Varginha
3134905,310050,Pouso Alegre,3109,Pouso Alegre
3135001,310024,Ipatinga,3105,Ipatinga
3135050,310007,Janaúba,3102,Montes Claros
3135076,310020,Governador Valadares,3104,Governador Valadares
3135100,310007,Janaúba,3102,Montes Claros
3135209,310009,Januária,3102,Montes Claros
3135308,310065,Divinópolis,3113,Divinópolis
3135357,310006,Montes Claros,3102,Montes Claros
3135407,310038,Conselheiro Lafaiete,3107,Barbacena
3135456,310017,Araçuaí,3103,Teófilo Otoni
3135506,310030,Ponte Nova,3106,Juíz de Fora
3135605,310006,Montes Claros,3102,Montes Claros
3135704,310002,Sete Lagoas,3101,Belo Horizonte
3135803,310015,Almenara,3103,Teófilo Otoni
3135902,310053,São Lourenço,3109,Pouso Alegre
3136009,310015,Almenara,3103,Teófilo Otoni
3136108,310024,Ipatinga,3105,Ipatinga
3136207,310026,João Monlevade,3105,Ipatinga
3136306,310062,Patos de Minas,3112,Patos de Minas
3136405,310006,Montes Claros,3102,Montes Claros
3136504,310015,Almenara,3103,Teófilo Otoni
3136520,310017,Araçuaí,3103,Teófilo Otoni
3136553,310021,Guanhães,3104,Governador Valadares
3136579,310006,Montes Claros,3102,Montes Claros
3136603,310001,Belo Horizonte,3101,Belo Horizonte
3136652,310001,Belo Horizonte,3101,Belo Horizonte
3136702,310027,Juiz de Fora,3106,Juíz de Fora
3136801,310006,Montes Claros,3102,Montes Claros
3136900,310044,Guaxupé,3108,Varginha
3136959,310009,Januária,3102,Montes Claros
3137007,310013,Teófilo Otoni,3103,Teófilo Otoni
3137106,310062,Patos de Minas,3112,Patos de Minas
3137205,310065,Divinópolis,3113,Divinópolis
3137304,310006,Montes Claros,3102,Montes Claros
3137403,310039,São João del Rei,3107,Barbacena
3137502,310062,Patos de Minas,3112,Patos de Minas
3137536,310062,Patos de Minas,3112,Patos de Minas
3137601,310001,Belo Horizonte,3101,Belo Horizonte
3137700,310028,Manhuaçu,3106,Juíz de Fora
3137809,310053,São Lourenço,3109,Pouso Alegre
3137908,310038,Conselheiro Lafaiete,3107,Barbacena
3138005,310032,Cataguases,3106,Juíz de Fora
3138104,310010,Pirapora,3102,Montes Claros
3138203,310043,Lavras,3108,Varginha
3138302,310065,Divinópolis,3113,Divinópolis
3138351,310014,Capelinha,3103,Teófilo Otoni
3138401,310032,Cataguases,3106,Juíz de Fora
3138500,310027,Juiz de Fora,3106,Juíz de Fora
3138609,310027,Juiz de Fora,3106,Juíz de Fora
3138625,310058,Iturama,3110,Uberaba
3138658,310006,Montes Claros,3102,Montes Claros
3138674,310028,Manhuaçu,3106,Juíz de Fora
3138682,310006,Montes Claros,3102,Montes Claros
3138708,310043,Lavras,3108,Varginha
3138807,310067,Dores do Indaiá,3113,Divinópolis
3138906,310019,Águas Formosas,3103,Teófilo Otoni
3139003,310042,Alfenas,3108,Varginha
3139102,310039,São João del Rei,3107,Barbacena
3139201,310013,Teófilo Otoni,3103,Teófilo Otoni
3139250,310012,Espinosa,3102,Montes Claros
3139300,310007,Janaúba,3102,Montes Claros
3139409,310028,Manhuaçu,3106,Juíz de Fora
3139508,310028,Manhuaçu,3106,Juíz de Fora
3139607,310022,Mantena,3104,Governador Valadares
3139706,310068,Pará de Minas,3113,Divinópolis
3139805,310035,São João Nepomuceno - Bicas,3106,Juíz de Fora
3139904,310052,Itajubá,3109,Pouso Alegre
3140001,310003,Santa Bárbara - Ouro Preto,3101,Belo Horizonte
3140100,310020,Governador Valadares,3104,Governador Valadares
3140159,310001,Belo Horizonte,3101,Belo Horizonte
3140209,310035,São João Nepomuceno - Bicas,3106,Juíz de Fora
3140308,310024,Ipatinga,3105,Ipatinga
3140407,310052,Itajubá,3109,Pouso Alegre
3140506,310067,Dores do Indaiá,3113,Divinópolis
3140530,310028,Manhuaçu,3106,Juíz de Fora
3140555,310015,Almenara,3103,Teófilo Otoni
3140605,310021,Guanhães,3104,Governador Valadares
3140704,310001,Belo Horizonte,3101,Belo Horizonte
3140803,310027,Juiz de Fora,3106,Juíz de Fora
3140852,310007,Janaúba,3102,Montes Claros
3140902,310028,Manhuaçu,3106,Juíz de Fora
3141009,310012,Espinosa,3102,Montes Claros
3141108,310002,Sete Lagoas,3101,Belo Horizonte
3141207,310062,Patos de Minas,3112,Patos de Minas
3141306,310066,Formiga,3113,Divinópolis
3141405,310018,Pedra Azul,3103,Teófilo Otoni
3141504,310022,Mantena,3104,Governador Valadares
3141603,310029,Ubá,3106,Juíz de Fora
3141702,310024,Ipatinga,3105,Ipatinga
3141801,310014,Capelinha,3103,Teófilo Otoni
3141900,310054,Caxambu - Baependi,3109,Pouso Alegre
3142007,310006,Montes Claros,3102,Montes Claros
3142106,310031,Muriaé,3106,Juíz de Fora
3142205,310031,Muriaé,3106,Juíz de Fora
3142254,310007,Janaúba,3102,Montes Claros
3142304,310001,Belo Horizonte,3101,Belo Horizonte
3142403,310067,Dores do Indaiá,3113,Divinópolis
3142502,310004,Curvelo,3101,Belo Horizonte
3142601,310040,Varginha,3108,Varginha
3142700,310009,Januária,3102,Montes Claros
3142809,310059,Uberlândia,3111,Uberlândia
3142908,310012,Espinosa,3102,Montes Claros
3143005,310044,Guaxupé,3108,Varginha
3143104,310061,Monte Carmelo,3111,Uberlândia
3143153,310013,Teófilo Otoni,3103,Teófilo Otoni
3143203,310047,São Sebastião do Paraíso,3108,Varginha
3143302,310006,Montes Claros,3102,Montes Claros
3143401,310050,Pouso Alegre,3109,Pouso Alegre
3143450,310012,Espinosa,3102,Montes Claros
3143500,310070,Abaeté,3113,Divinópolis
3143609,310004,Curvelo,3101,Belo Horizonte
3143708,310002,Sete Lagoas,3101,Belo Horizonte
3143807,310050,Pouso Alegre,3109,Pouso Alegre
3143906,310031,Muriaé,3106,Juíz de Fora
3144003,310028,Manhuaçu,3106,Juíz de Fora
3144102,310044,Guaxupé,3108,Varginha
3144201,310020,Governador Valadares,3104,Governador Valadares
3144300,310013,Teófilo Otoni,3103,Teófilo Otoni
3144359,310024,Ipatinga,3105,Ipatinga
3144375,310063,Unaí,3112,Patos de Minas
3144409,310050,Pouso Alegre,3109,Pouso Alegre
3144508,310039,São João del Rei,3107,Barbacena
3144607,310043,Lavras,3108,Varginha
3144656,310008,Salinas,3102,Montes Claros
3144672,310022,Mantena,3104,Governador Valadares
3144706,310026,João Monlevade,3105,Ipatinga
3144805,310001,Belo Horizonte,3101,Belo Horizonte
3144904,310013,Teófilo Otoni,3103,Teófilo Otoni
3145000,310055,Uberaba,3110,Uberaba
3145059,310007,Janaúba,3102,Montes Claros
3145109,310044,Guaxupé,3108,Varginha
3145208,310065,Divinópolis,3113,Divinópolis
3145307,310013,Teófilo Otoni,3103,Teófilo Otoni
3145356,310013,Teófilo Otoni,3103,Teófilo Otoni
3145372,310008,Salinas,3102,Montes Claros
3145406,310027,Juiz de Fora,3106,Juíz de Fora
3145455,310006,Montes Claros,3102,Montes Claros
3145505,310053,São Lourenço,3109,Pouso Alegre
3145604,310069,Oliveira,3113,Divinópolis
3145703,310027,Juiz de Fora,3106,Juíz de Fora
3145802,310068,Pará de Minas,3113,Divinópolis
3145851,310030,Ponte Nova,3106,Juíz de Fora
3145877,310034,Carangola,3106,Juíz de Fora
3145901,310038,Conselheiro Lafaiete,3107,Barbacena
3146008,310050,Pouso Alegre,3109,Pouso Alegre
3146107,310003,Santa Bárbara - Ouro Preto,3101,Belo Horizonte
3146206,310013,Teófilo Otoni,3103,Teófilo Otoni
3146255,310008,Salinas,3102,Montes Claros
3146305,310013,Teófilo Otoni,3103,Teófilo Otoni
3146404,310070,Abaeté,3113,Divinópolis
3146503,310066,Formiga,3113,Divinópolis
3146552,310007,Janaúba,3102,Montes Claros
3146602,310027,Juiz de Fora,3106,Juíz de Fora
3146701,310032,Cataguases,3106,Juíz de Fora
3146750,310015,Almenara,3103,Teófilo Otoni
3146909,310068,Pará de Minas,3113,Divinópolis
3147006,310062,Patos de Minas,3112,Patos de Minas
3147105,310068,Pará de Minas,3113,Divinópolis
3147204,310042,Alfenas,3108,Varginha
3147303,310052,Itajubá,3109,Pouso Alegre
3147402,310002,Sete Lagoas,3101,Belo Horizonte
3147501,310005,Itabira,3101,Belo Horizonte
3147600,310053,São Lourenço,3109,Pouso Alegre
3147709,310069,Oliveira,3113,Divinópolis
3147808,310027,Juiz de Fora,3106,Juíz de Fora
3147907,310041,Passos,3108,Varginha
3147956,310006,Montes Claros,3102,Montes Claros
3148004,310062,Patos de Minas,3112,Patos de Minas
3148103,310064,Patrocínio,3112,Patos de Minas
3148202,310031,Muriaé,3106,Juíz de Fora
3148301,310033,Viçosa,3106,Juíz de Fora
3148400,310021,Guanhães,3104,Governador Valadares
3148509,310013,Teófilo Otoni,3103,Teófilo Otoni
3148608,310021,Guanhães,3104,Governador Valadares
3148707,310018,Pedra Azul,3103,Teófilo Otoni
3148756,310034,Carangola,3106,Juíz de Fora
3148806,310033,Viçosa,3106,Juíz de Fora
3148905,310065,Divinópolis,3113,Divinópolis
3149002,310034,Carangola,3106,Juíz de Fora
3149101,310052,Itajubá,3109,Pouso Alegre
3149150,310009,Januária,3102,Montes Claros
3149200,310056,Araxá,3110,Uberaba
3149309,310001,Belo Horizonte,3101,Belo Horizonte
3149408,310027,Juiz de Fora,3106,Juíz de Fora
3149507,310035,São João Nepomuceno - Bicas,3106,Juíz de Fora
3149606,310068,Pará de Minas,3113,Divinópolis
3149705,310065,Divinópolis,3113,Divinópolis
3149804,310056,Araxá,3110,Uberaba
3149903,310043,Lavras,3108,Varginha
3149952,310024,Ipatinga,3105,Ipatinga
3150000,310013,Teófilo Otoni,3103,Teófilo Otoni
3150109,310027,Juiz de Fora,3106,Juíz de Fora
3150158,310025,Caratinga,3105,Ipatinga
3150208,310030,Ponte Nova,3106,Juíz de Fora
3150307,310039,São João del Rei,3107,Barbacena
3150406,310069,Oliveira,3113,Divinópolis
3150505,310066,Formiga,3113,Divinópolis
3150539,310024,Ipatinga,3105,Ipatinga
3150570,310011,São Francisco,3102,Montes Claros
3150604,310069,Oliveira,3113,Divinópolis
3150703,310057,Frutal,3110,Uberaba
3150802,310038,Conselheiro Lafaiete,3107,Barbacena
3150901,310052,Itajubá,3109,Pouso Alegre
3151008,310052,Itajubá,3109,Pouso Alegre
3151107,310036,Além Paraíba,3106,Juíz de Fora
3151206,310010,Pirapora,3102,Montes Claros
3151305,310029,Ubá,3106,Juíz de Fora
3151404,310065,Divinópolis,3113,Divinópolis
3151503,310049,Piumhi,3108,Varginha
3151602,310057,Frutal,3110,Uberaba
3151701,310042,Alfenas,3108,Varginha
3151800,310051,Poços de Caldas,3109,Pouso Alegre
3151909,310028,Manhuaçu,3106,Juíz de Fora
3152006,310067,Dores do Indaiá,3113,Divinópolis
3152105,310030,Ponte Nova,3106,Juíz de Fora
3152131,310010,Pirapora,3102,Montes Claros
3152170,310013,Teófilo Otoni,3103,Teófilo Otoni
3152204,310007,Janaúba,3102,Montes Claros
3152303,310033,Viçosa,3106,Juíz de Fora
3152402,310013,Teófilo Otoni,3103,Teófilo Otoni
3152501,310050,Pouso Alegre,3109,Pouso Alegre
3152600,310053,São Lourenço,3109,Pouso Alegre
3152709,310039,São João del Rei,3107,Barbacena
3152808,310059,Uberlândia,3111,Uberlândia
3152907,310041,Passos,3108,Varginha
3153004,310056,Araxá,3110,Uberaba
3153103,310033,Viçosa,3106,Juíz de Fora
3153202,310004,Curvelo,3101,Belo Horizonte
3153301,310016,Diamantina,3103,Teófilo Otoni
3153400,310062,Patos de Minas,3112,Patos de Minas
3153509,310028,Manhuaçu,3106,Juíz de Fora
3153608,310002,Sete Lagoas,3101,Belo Horizonte
3153707,310067,Dores do Indaiá,3113,Divinópolis
3153806,310038,Conselheiro Lafaiete,3107,Barbacena
3153905,310001,Belo Horizonte,3101,Belo Horizonte
3154002,310025,Caratinga,3105,Ipatinga
3154101,310032,Cataguases,3106,Juíz de Fora
3154150,310028,Manhuaçu,3106,Juíz de Fora
3154200,310039,São João del Rei,3107,Barbacena
3154309,310023,Aimorés - Resplendor,3104,Governador Valadares
3154408,310037,Barbacena,3107,Barbacena
3154457,310063,Unaí,3112,Patos de Minas
3154507,310007,Janaúba,3102,Montes Claros
3154606,310001,Belo Horizonte,3101,Belo Horizonte
3154705,310043,Lavras,3108,Varginha
3154804,310001,Belo Horizonte,3101,Belo Horizonte
3154903,310030,Ponte Nova,3106,Juíz de Fora
3155009,310030,Ponte Nova,3106,Juíz de Fora
3155108,310015,Almenara,3103,Teófilo Otoni
3155207,310038,Conselheiro Lafaiete,3107,Barbacena
3155306,310069,Oliveira,3113,Divinópolis
3155405,310027,Juiz de Fora,3106,Juíz de Fora
3155504,310062,Patos de Minas,3112,Patos de Minas
3155603,310008,Salinas,3102,Montes Claros
3155702,310026,João Monlevade,3105,Ipatinga
3155801,310029,Ubá,3106,Juíz de Fora
3155900,310027,Juiz de Fora,3106,Juíz de Fora
3156007,310021,Guanhães,3104,Governador Valadares
3156106,310039,São João del Rei,3107,Barbacena
3156205,310035,São João Nepomuceno - Bicas,3106,Juíz de Fora
3156304,310029,Ubá,3106,Juíz de Fora
3156403,310061,Monte Carmelo,3111,Uberlândia
3156452,310031,Muriaé,3106,Juíz de Fora
3156502,310008,Salinas,3102,Montes Claros
3156601,310015,Almenara,3103,Teófilo Otoni
3156700,310001,Belo Horizonte,3101,Belo Horizonte
3156809,310021,Guanhães,3104,Governador Valadares
3156908,310055,Uberaba,3110,Uberaba
3157005,310008,Salinas,3102,Montes Claros
3157104,310015,Almenara,3103,Teófilo Otoni
3157203,310003,Santa Bárbara - Ouro Preto,3101,Belo Horizonte
3157252,310025,Caratinga,3105,Ipatinga
3157278,310027,Juiz de Fora,3106,Juíz de Fora
3157302,310037,Barbacena,3107,Barbacena
3157336,310039,São João del Rei,3107,Barbacena
3157377,310008,Salinas,3102,Montes Claros
3157401,310030,Ponte Nova,3106,Juíz de Fora
3157500,310020,Governador Valadares,3104,Governador Valadares
3157609,310010,Pirapora,3102,Montes Claros
3157658,310019,Águas Formosas,3103,Teófilo Otoni
3157708,310055,Uberaba,3110,Uberaba
3157807,310001,Belo Horizonte,3101,Belo Horizonte
3157906,310028,Manhuaçu,3106,Juíz de Fora
3158003,310005,Itabira,3101,Belo Horizonte
3158102,310015,Almenara,3103,Teófilo Otoni
3158201,310021,Guanhães,3104,Governador Valadares
3158300,310046,Três Pontas - Boa Esperança,3108,Varginha
3158409,310032,Cataguases,3106,Juíz de Fora
3158508,310002,Sete Lagoas,3101,Belo Horizonte
3158607,310027,Juiz de Fora,3106,Juíz de Fora
3158706,310037,Barbacena,3107,Barbacena
3158805,310048,Campo Belo,3108,Varginha
3158904,310028,Manhuaçu,3106,Juíz de Fora
3158953,310024,Ipatinga,3105,Ipatinga
3159001,310002,Sete Lagoas,3101,Belo Horizonte
3159100,310038,Conselheiro Lafaiete,3107,Barbacena
3159209,310051,Poços de Caldas,3109,Pouso Alegre
3159308,310027,Juiz de Fora,3106,Juíz de Fora
3159357,310025,Caratinga,3105,Ipatinga
3159407,310037,Barbacena,3107,Barbacena
3159506,310023,Aimorés - Resplendor,3104,Governador Valadares
3159605,310050,Pouso Alegre,3109,Pouso Alegre
3159704,310056,Araxá,3110,Uberaba
3159803,310060,Ituiutaba,3111,Uberlândia
3159902,310043,Lavras,3108,Varginha
3160009,310036,Além Paraíba,3106,Juíz de Fora
3160108,310030,Ponte Nova,3106,Juíz de Fora
3160207,310016,Diamantina,3103,Teófilo Otoni
3160306,310015,Almenara,3103,Teófilo Otoni
3160405,310065,Divinópolis,3113,Divinópolis
3160454,310012,Espinosa,3102,Montes Claros
3160504,310005,Itabira,3101,Belo Horizonte
3160603,310004,Curvelo,3101,Belo Horizonte
3160702,310027,Juiz de Fora,3106,Juíz de Fora
3160801,310045,Três Corações,3108,Varginha
3160900,310038,Conselheiro Lafaiete,3107,Barbacena
3160959,310025,Caratinga,3105,Ipatinga
3161007,310026,João Monlevade,3105,Ipatinga
3161056,310022,Mantena,3104,Governador Valadares
3161106,310011,São Francisco,3102,Montes Claros
3161205,310069,Oliveira,3113,Divinópolis
3161304,310058,Iturama,3110,Uberaba
3161403,310031,Muriaé,3106,Juíz de Fora
3161502,310029,Ubá,3106,Juíz de Fora
3161601,310020,Governador Valadares,3104,Governador Valadares
3161650,310020,Governador Valadares,3104,Governador Valadares
3161700,310062,Patos de Minas,3112,Patos de Minas
3161809,310065,Divinópolis,3113,Divinópolis
3161908,310026,João Monlevade,3105,Ipatinga
3162005,310040,Varginha,3108,Varginha
3162104,310062,Patos de Minas,3112,Patos de Minas
3162203,310041,Passos,3108,Varginha
3162252,310006,Montes Claros,3102,Montes Claros
3162302,310050,Pouso Alegre,3109,Pouso Alegre
3162401,310006,Montes Claros,3102,Montes Claros
3162450,310009,Januária,3102,Montes Claros
3162500,310039,São João del Rei,3107,Barbacena
3162559,310028,Manhuaçu,3106,Juíz de Fora
3162575,310022,Mantena,3104,Governador Valadares
3162609,310024,Ipatinga,3105,Ipatinga
3162658,310006,Montes Claros,3102,Montes Claros
3162708,310008,Salinas,3102,Montes Claros
3162807,310021,Guanhães,3104,Governador Valadares
3162906,310035,São João Nepomuceno - Bicas,3106,Juíz de Fora
3162922,310001,Belo Horizonte,3101,Belo Horizonte
3162948,310041,Passos,3108,Varginha
3162955,310001,Belo Horizonte,3101,Belo Horizonte
3163003,310020,Governador Valadares,3104,Governador Valadares
3163102,310068,Pará de Minas,3113,Divinópolis
3163201,310052,Itajubá,3109,Pouso Alegre
3163300,310013,Teófilo Otoni,3103,Teófilo Otoni
3163409,310024,Ipatinga,3105,Ipatinga
3163508,310021,Guanhães,3104,Governador Valadares
3163607,310028,Manhuaçu,3106,Juíz de Fora
3163706,310053,São Lourenço,3109,Pouso Alegre
3163805,310033,Viçosa,3106,Juíz de Fora
3163904,310044,Guaxupé,3108,Varginha
3164001,310030,Ponte Nova,3106,Juíz de Fora
3164100,310021,Guanhães,3104,Governador Valadares
3164209,310011,São Francisco,3102,Montes Claros
3164308,310049,Piumhi,3108,Varginha
3164407,310050,Pouso Alegre,3109,Pouso Alegre
3164431,310031,Muriaé,3106,Juíz de Fora
3164472,310025,Caratinga,3105,Ipatinga
3164506,310021,Guanhães,3104,Governador Valadares
3164605,310065,Divinópolis,3113,Divinópolis
3164704,310047,São Sebastião do Paraíso,3108,Varginha
3164803,310005,Itabira,3101,Belo Horizonte
3164902,310053,São Lourenço,3109,Pouso Alegre
3165008,310039,São João del Rei,3107,Barbacena
3165107,310047,São Sebastião do Paraíso,3108,Varginha
3165206,310045,Três Corações,3108,Varginha
3165305,310039,São João del Rei,3107,Barbacena
3165404,310052,Itajubá,3109,Pouso Alegre
3165503,310020,Governador Valadares,3104,Governador Valadares
3165537,310001,Belo Horizonte,3101,Belo Horizonte
3165552,310013,Teófilo Otoni,3103,Teófilo Otoni
3165560,310030,Ponte Nova,3106,Juíz de Fora
3165578,310050,Pouso Alegre,3109,Pouso Alegre
3165602,310035,São João Nepomuceno - Bicas,3106,Juíz de Fora
3165701,310029,Ubá,3106,Juíz de Fora
3165800,310050,Pouso Alegre,3109,Pouso Alegre
3165909,310016,Diamantina,3103,Teófilo Otoni
3166006,310038,Conselheiro Lafaiete,3107,Barbacena
3166105,310021,Guanhães,3104,Governador Valadares
3166204,310037,Barbacena,3107,Barbacena
3166303,310030,Ponte Nova,3106,Juíz de Fora
3166402,310054,Caxambu - Baependi,3109,Pouso Alegre
3166501,310016,Diamantina,3103,Teófilo Otoni
3166600,310067,Dores do Indaiá,3113,Divinópolis
3166709,310013,Teófilo Otoni,3103,Teófilo Otoni
3166808,310064,Patrocínio,3112,Patos de Minas
3166907,310042,Alfenas,3108,Varginha
3166956,310007,Janaúba,3102,Montes Claros
3167004,310054,Caxambu - Baependi,3109,Pouso Alegre
3167103,310016,Diamantina,3103,Teófilo Otoni
3167202,310002,Sete Lagoas,3101,Belo Horizonte
3167301,310029,Ubá,3106,Juíz de Fora
3167400,310050,Pouso Alegre,3109,Pouso Alegre
3167509,310027,Juiz de Fora,3106,Juíz de Fora
3167608,310028,Manhuaçu,3106,Juíz de Fora
3167707,310020,Governador Valadares,3104,Governador Valadares
3167806,310053,São Lourenço,3109,Pouso Alegre
3167905,310029,Ubá,3106,Juíz de Fora
3168002,310008,Salinas,3102,Montes Claros
3168051,310028,Manhuaçu,3106,Juíz de Fora
3168101,310056,Araxá,3110,Uberaba
3168200,310066,Formiga,3113,Divinópolis
3168309,310001,Belo Horizonte,3101,Belo Horizonte
3168408,310020,Governador Valadares,3104,Governador Valadares
3168507,310033,Viçosa,3106,Juíz de Fora
3168606,310013,Teófilo Otoni,3103,Teófilo Otoni
3168705,310024,Ipatinga,3105,Ipatinga
3168804,310039,São João del Rei,3107,Barbacena
3168903,310062,Patos de Minas,3112,Patos de Minas
3169000,310029,Ubá,3106,Juíz de Fora
3169059,310050,Pouso Alegre,3109,Pouso Alegre
3169109,310050,Pouso Alegre,3109,Pouso Alegre
3169208,310034,Carangola,3106,Juíz de Fora
3169307,310045,Três Corações,3108,Varginha
3169356,310004,Curvelo,3101,Belo Horizonte
3169406,310046,Três Pontas - Boa Esperança,3108,Varginha
3169505,310020,Governador Valadares,3104,Governador Valadares
3169604,310059,Uberlândia,3111,Uberlândia
3169703,310014,Capelinha,3103,Teófilo Otoni
3169802,310050,Pouso Alegre,3109,Pouso Alegre
3169901,310029,Ubá,3106,Juíz de Fora
3170008,310011,São Francisco,3102,Montes Claros
3170057,310025,Caratinga,3105,Ipatinga
3170107,310055,Uberaba,3110,Uberaba
3170206,310059,Uberlândia,3111,Uberlândia
3170305,310019,Águas Formosas,3103,Teófilo Otoni
3170404,310063,Unaí,3112,Patos de Minas
3170438,310058,Iturama,3110,Uberaba
3170479,310063,Unaí,3112,Patos de Minas
3170503,310030,Ponte Nova,3106,Juíz de Fora
3170529,310063,Unaí,3112,Patos de Minas
3170578,310025,Caratinga,3105,Ipatinga
3170602,310049,Piumhi,3108,Varginha
3170651,310008,Salinas,3102,Montes Claros
3170701,310040,Varginha,3108,Varginha
3170750,310062,Patos de Minas,3112,Patos de Minas
3170800,310010,Pirapora,3102,Montes Claros
3170909,310006,Montes Claros,3102,Montes Claros
3171006,310062,Patos de Minas,3112,Patos de Minas
3171030,310007,Janaúba,3102,Montes Claros
3171071,310014,Capelinha,3103,Teófilo Otoni
3171105,310055,Uberaba,3110,Uberaba
3171154,310025,Caratinga,3105,Ipatinga
3171204,310001,Belo Horizonte,3101,Belo Horizonte
3171303,310033,Viçosa,3106,Juíz de Fora
3171402,310031,Muriaé,3106,Juíz de Fora
3171501,310020,Governador Valadares,3104,Governador Valadares
3171600,310017,Araçuaí,3103,Teófilo Otoni
3171709,310053,São Lourenço,3109,Pouso Alegre
3171808,310021,Guanhães,3104,Governador Valadares
3171907,310020,Governador Valadares,3104,Governador Valadares
3172004,310029,Ubá,3106,Juíz de Fora
3172103,310036,Além Paraíba,3106,Juíz de Fora
3172202,310052,Itajubá,3109,Pouso Alegre
3200102,320002,Afonso Cláudio - Venda Nova do Imigrante - Santa Maria de Jetibá,3201,Vitória
3200136,320005,Colatina,3203,Colatina
3200169,320006,Nova Venécia,3203,Colatina
3200201,320008,Alegre,3204,Cachoeiro do Itapemirim
3200300,320001,Vitória,3201,Vitória
3200359,320005,Colatina,3203,Colatina
3200409,320001,Vitória,3201,Vitória
3200508,320008,Alegre,3204,Cachoeiro do Itapemirim
3200607,320004,Linhares,3202,São Mateus
3200706,320007,Cachoeiro de Itapemirim,3204,Cachoeiro do Itapemirim
3200805,320005,Colatina,3203,Colatina
3200904,320006,Nova Venécia,3203,Colatina
3201001,320003,São Mateus,3202,São Mateus
3201100,320008,Alegre,3204,Cachoeiro do Itapemirim
3201159,320002,Afonso Cláudio - Venda Nova do Imigrante - Santa Maria de Jetibá,3201,Vitória
3201209,320007,Cachoeiro de Itapemirim,3204,Cachoeiro do Itapemirim
3201308,320001,Vitória,3201,Vitória
3201407,320007,Cachoeiro de Itapemirim,3204,Cachoeiro do Itapemirim
3201506,320005,Colatina,3203,Colatina
3201605,320003,São Mateus,3202,São Mateus
3201704,320002,Afonso Cláudio - Venda Nova do Imigrante - Santa Maria de Jetibá,3201,Vitória
3201803,320008,Alegre,3204,Cachoeiro do Itapemirim
3201902,320002,Afonso Cláudio - Venda Nova do Imigrante - Santa Maria de Jetibá,3201,Vitória
3202009,320008,Alegre,3204,Cachoeiro do Itapemirim
3202108,320006,Nova Venécia,3203,Colatina
3202207,320001,Vitória,3201,Vitória
3202256,320005,Colatina,3203,Colatina
3202306,320008,Alegre,3204,Cachoeiro do Itapemirim
3202405,320001,Vitória,3201,Vitória
3202454,320008,Alegre,3204,Cachoeiro do Itapemirim
3202504,320004,Linhares,3202,São Mateus
3202553,320008,Alegre,3204,Cachoeiro do Itapemirim
3202603,320007,Cachoeiro de Itapemirim,3204,Cachoeiro do Itapemirim
3202652,320008,Alegre,3204,Cachoeiro do Itapemirim
3202702,320005,Colatina,3203,Colatina
3202801,320007,Cachoeiro de Itapemirim,3204,Cachoeiro do Itapemirim
3202900,320002,Afonso Cláudio - Venda Nova do Imigrante - Santa Maria de Jetibá,3201,Vitória
3203007,320008,Alegre,3204,Cachoeiro do Itapemirim
3203056,320003,São Mateus,3202,São Mateus
3203106,320007,Cachoeiro de Itapemirim,3204,Cachoeiro do Itapemirim
3203130,320004,Linhares,3202,São Mateus
3203163,320002,Afonso Cláudio - Venda Nova do Imigrante - Santa Maria de Jetibá,3201,Vitória
3203205,320004,Linhares,3202,São Mateus
3203304,320005,Colatina,3203,Colatina
3203320,320007,Cachoeiro de Itapemirim,3204,Cachoeiro do Itapemirim
3203346,320002,Afonso Cláudio - Venda Nova do Imigrante - Santa Maria de Jetibá,3201,Vitória
3203353,320005,Colatina,3203,Colatina
3203403,320007,Cachoeiro de Itapemirim,3204,Cachoeiro do Itapemirim
3203502,320003,São Mateus,3202,São Mateus
3203601,320003,São Mateus,3202,São Mateus
3203700,320008,Alegre,3204,Cachoeiro do Itapemirim
3203809,320007,Cachoeiro de Itapemirim,3204,Cachoeiro do Itapemirim
3203908,320006,Nova Venécia,3203,Colatina
3204005,320005,Colatina,3203,Colatina
3204054,320003,São Mateus,3202,São Mateus
3204104,320003,São Mateus,3202,São Mateus
3204203,320001,Vitória,3201,Vitória
3204252,320003,São Mateus,3202,São Mateus
3204302,320007,Cachoeiro de Itapemirim,3204,Cachoeiro do Itapemirim
3204351,320004,Linhares,3202,São Mateus
3204401,320007,Cachoeiro de Itapemirim,3204,Cachoeiro do Itapemirim
3204500,320002,Afonso Cláudio - Venda Nova do Imigrante - Santa Maria de Jetibá,3201,Vitória
3204559,320002,Afonso Cláudio - Venda Nova do Imigrante - Santa Maria de Jetibá,3201,Vitória
3204609,320002,Afonso Cláudio - Venda Nova do Imigrante - Santa Maria de Jetibá,3201,Vitória
3204658,320005,Colatina,3203,Colatina
3204708,320005,Colatina,3203,Colatina
3204807,320008,Alegre,3204,Cachoeiro do Itapemirim
3204906,320003,São Mateus,3202,São Mateus
3204955,320005,Colatina,3203,Colatina
3205002,320001,Vitória,3201,Vitória
3205010,320004,Linhares,3202,São Mateus
3205036,320007,Cachoeiro de Itapemirim,3204,Cachoeiro do Itapemirim
3205069,320002,Afonso Cláudio - Venda Nova do Imigrante - Santa Maria de Jetibá,3201,Vitória
3205101,320001,Vitória,3201,Vitória
3205150,320006,Nova Venécia,3203,Colatina
3205176,320005,Colatina,3203,Colatina
3205200,320001,Vitória,3201,Vitória
3205309,320001,Vitória,3201,Vitória
3300100,330002,Angra dos Reis,3301,Rio de Janeiro
3300159,330012,Santo Antônio de Pádua,3304,Campos dos Goytacazes
3300209,330013,Cabo Frio,3305,Macaé - Rio das Ostras - Cabo Frio
3300225,330007,Petrópolis,3303,Petrópolis
3300233,330013,Cabo Frio,3305,Macaé - Rio das Ostras - Cabo Frio
3300258,330013,Cabo Frio,3305,Macaé - Rio das Ostras - Cabo Frio
3300308,330004,Volta Redonda - Barra Mansa,3302,Volta Redonda - Barra Mansa
3300407,330004,Volta Redonda - Barra Mansa,3302,Volta Redonda - Barra Mansa
3300456,330001,Rio de Janeiro,3301,Rio de Janeiro
3300506,330008,Nova Friburgo,3303,Petrópolis
3300605,330011,Itaperuna,3304,Campos dos Goytacazes
3300704,330013,Cabo Frio,3305,Macaé - Rio das Ostras - Cabo Frio
3300803,330003,Rio Bonito,3301,Rio de Janeiro
3300902,330012,Santo Antônio de Pádua,3304,Campos dos Goytacazes
3300936,330014,Macaé - Rio das Ostras,3305,Macaé - Rio das Ostras - Cabo Frio
3300951,330009,Três Rios - Paraíba do Sul,3303,Petrópolis
3301009,330010,Campos dos Goytacazes,3304,Campos dos Goytacazes
3301108,330008,Nova Friburgo,3303,Petrópolis
3301157,330010,Campos dos Goytacazes,3304,Campos dos Goytacazes
3301207,330008,Nova Friburgo,3303,Petrópolis
3301306,330014,Macaé - Rio das Ostras,3305,Macaé - Rio das Ostras - Cabo Frio
3301405,330014,Macaé - Rio das Ostras,3305,Macaé - Rio das Ostras - Cabo Frio
3301504,330008,Nova Friburgo,3303,Petrópolis
3301603,330008,Nova Friburgo,3303,Petrópolis
3301702,330001,Rio de Janeiro,3301,Rio de Janeiro
3301801,330004,Volta Redonda - Barra Mansa,3302,Volta Redonda - Barra Mansa
3301850,330001,Rio de Janeiro,3301,Rio de Janeiro
3301876,330013,Cabo Frio,3305,Macaé - Rio das Ostras - Cabo Frio
3301900,330001,Rio de Janeiro,3301,Rio de Janeiro
3302007,330001,Rio de Janeiro,3301,Rio de Janeiro
3302056,330010,Campos dos Goytacazes,3304,Campos dos Goytacazes
3302106,330012,Santo Antônio de Pádua,3304,Campos dos Goytacazes
3302205,330011,Itaperuna,3304,Campos dos Goytacazes
3302254,330005,Resende,3302,Volta Redonda - Barra Mansa
3302270,330001,Rio de Janeiro,3301,Rio de Janeiro
3302304,330011,Itaperuna,3304,Campos dos Goytacazes
3302403,330014,Macaé - Rio das Ostras,3305,Macaé - Rio das Ostras - Cabo Frio
3302452,330008,Nova Friburgo,3303,Petrópolis
3302502,330001,Rio de Janeiro,3301,Rio de Janeiro
3302601,330001,Rio de Janeiro,3301,Rio de Janeiro
3302700,330001,Rio de Janeiro,3301,Rio de Janeiro
3302809,330004,Volta Redonda - Barra Mansa,3302,Volta Redonda - Barra Mansa
3302858,330001,Rio de Janeiro,3301,Rio de Janeiro
3302908,330006,Valença,3302,Volta Redonda - Barra Mansa
3303005,330012,Santo Antônio de Pádua,3304,Campos dos Goytacazes
3303104,330011,Itaperuna,3304,Campos dos Goytacazes
3303203,330001,Rio de Janeiro,3301,Rio de Janeiro
3303302,330001,Rio de Janeiro,3301,Rio de Janeiro
3303401,330008,Nova Friburgo,3303,Petrópolis
3303500,330001,Rio de Janeiro,3301,Rio de Janeiro
3303609,330001,Rio de Janeiro,3301,Rio de Janeiro
3303708,330009,Três Rios - Paraíba do Sul,3303,Petrópolis
3303807,330002,Angra dos Reis,3301,Rio de Janeiro
3303856,330006,Valença,3302,Volta Redonda - Barra Mansa
3303906,330007,Petrópolis,3303,Petrópolis
3303955,330004,Volta Redonda - Barra Mansa,3302,Volta Redonda - Barra Mansa
3304003,330004,Volta Redonda - Barra Mansa,3302,Volta Redonda - Barra Mansa
3304102,330011,Itaperuna,3304,Campos dos Goytacazes
3304110,330005,Resende,3302,Volta Redonda - Barra Mansa
3304128,330005,Resende,3302,Volta Redonda - Barra Mansa
3304144,330001,Rio de Janeiro,3301,Rio de Janeiro
3304151,330014,Macaé - Rio das Ostras,3305,Macaé - Rio das Ostras - Cabo Frio
3304201,330005,Resende,3302,Volta Redonda - Barra Mansa
3304300,330003,Rio Bonito,3301,Rio de Janeiro
3304409,330004,Volta Redonda - Barra Mansa,3302,Volta Redonda - Barra Mansa
3304508,330006,Valença,3302,Volta Redonda - Barra Mansa
3304524,330014,Macaé - Rio das Ostras,3305,Macaé - Rio das Ostras - Cabo Frio
3304557,330001,Rio de Janeiro,3301,Rio de Janeiro
3304607,330008,Nova Friburgo,3303,Petrópolis
3304706,330012,Santo Antônio de Pádua,3304,Campos dos Goytacazes
3304755,330010,Campos dos Goytacazes,3304,Campos dos Goytacazes
3304805,330010,Campos dos Goytacazes,3304,Campos dos Goytacazes
3304904,330001,Rio de Janeiro,3301,Rio de Janeiro
3305000,330010,Campos dos Goytacazes,3304,Campos dos Goytacazes
3305109,330001,Rio de Janeiro,3301,Rio de Janeiro
3305133,330011,Itaperuna,3304,Campos dos Goytacazes
3305158,330007,Petrópolis,3303,Petrópolis
3305208,330013,Cabo Frio,3305,Macaé - Rio das Ostras - Cabo Frio
3305307,330008,Nova Friburgo,3303,Petrópolis
3305406,330009,Três Rios - Paraíba do Sul,3303,Petrópolis
3305505,330001,Rio de Janeiro,3301,Rio de Janeiro
3305554,330001,Rio de Janeiro,3301,Rio de Janeiro
3305604,330003,Rio Bonito,3301,Rio de Janeiro
3305703,330008,Nova Friburgo,3303,Petrópolis
3305752,330001,Rio de Janeiro,3301,Rio de Janeiro
3305802,330007,Petrópolis,3303,Petrópolis
3305901,330008,Nova Friburgo,3303,Petrópolis
3306008,330009,Três Rios - Paraíba do Sul,3303,Petrópolis
3306107,330006,Valença,3302,Volta Redonda - Barra Mansa
3306156,330011,Itaperuna,3304,Campos dos Goytacazes
3306206,330006,Valença,3302,Volta Redonda - Barra Mansa
3306305,330004,Volta Redonda - Barra Mansa,3302,Volta Redonda - Barra Mansa
3500105,350019,Adamantina - Lucélia,3505,Presidente Prudente
3500204,350025,São José do Rio Preto,3507,São José do Rio Preto
3500303,350044,São João da Boa Vista,3510,Campinas
3500402,350044,São João da Boa Vista,3510,Campinas
3500501,350048,Amparo,3510,Campinas
3500550,350007,Avaré,3502,Sorocaba
3500600,350040,Piracicaba,3510,Campinas
3500709,350009,Bauru,3503,Bauru
3500758,350006,Itapetininga,3502,Sorocaba
3500808,350018,Presidente Prudente,3505,Presidente Prudente
3500907,350025,São José do Rio Preto,3507,São José do Rio Preto
3501004,350031,Ribeirão Preto,3508,Ribeirão Preto
3501103,350023,Birigui - Penápolis,3506,Araçatuba
3501152,350003,Sorocaba,3502,Sorocaba
3501202,350027,Votuporanga,3507,São José do Rio Preto
3501301,350018,Presidente Prudente,3505,Presidente Prudente
3501400,350013,Marília,3504,Marília
3501509,350013,Marília,3504,Marília
3501608,350038,Campinas,3510,Campinas
3501707,350036,Araraquara,3509,Araraquara
3501806,350027,Votuporanga,3507,São José do Rio Preto
3501905,350048,Amparo,3510,Campinas
3502002,350046,Rio Claro,3510,Campinas
3502101,350024,Andradina,3506,Araçatuba
3502200,350006,Itapetininga,3502,Sorocaba
3502309,350011,Botucatu,3503,Bauru
3502408,350018,Presidente Prudente,3505,Presidente Prudente
3502507,350052,Guaratinguetá,3511,São José dos Campos
3502606,350028,Jales,3507,São José do Rio Preto
3502705,350004,Itapeva,3502,Sorocaba
3502754,350003,Sorocaba,3502,Sorocaba
3502804,350022,Araçatuba,3506,Araçatuba
3502903,350003,Sorocaba,3502,Sorocaba
3503000,350035,Ituverava,3508,Ribeirão Preto
3503109,350007,Avaré,3502,Sorocaba
3503158,350053,Cruzeiro,3511,São José dos Campos
3503208,350036,Araraquara,3509,Araraquara
3503307,350045,Araras,3510,Campinas
3503356,350016,Tupã,3504,Marília
3503406,350009,Bauru,3503,Bauru
3503505,350053,Cruzeiro,3511,São José dos Campos
3503604,350011,Botucatu,3503,Bauru
3503703,350026,Catanduva,3507,São José do Rio Preto
3503802,350038,Campinas,3510,Campinas
3503901,350001,São Paulo,3501,São Paulo
3503950,350028,Jales,3507,São José do Rio Preto
3504008,350014,Assis,3504,Marília
3504107,350041,Bragança Paulista,3510,Campinas
3504206,350022,Araçatuba,3506,Araçatuba
3504305,350009,Bauru,3503,Bauru
3504404,350023,Birigui - Penápolis,3506,Araçatuba
3504503,350007,Avaré,3502,Sorocaba
3504602,350025,São José do Rio Preto,3507,São José do Rio Preto
3504701,350009,Bauru,3503,Bauru
3504800,350025,São José do Rio Preto,3507,São José do Rio Preto
3504909,350053,Cruzeiro,3511,São José dos Campos
3505005,350004,Itapeva,3502,Sorocaba
3505104,350023,Birigui - Penápolis,3506,Araçatuba
3505203,350010,Jaú,3503,Bauru
3505302,350010,Jaú,3503,Bauru
3505351,350004,Itapeva,3502,Sorocaba
3505401,350005,Registro,3502,Sorocaba
3505500,350032,Barretos,3508,Ribeirão Preto
3505609,350031,Ribeirão Preto,3508,Ribeirão Preto
3505708,350001,São Paulo,3501,São Paulo
3505807,350016,Tupã,3504,Marília
3505906,350031,Ribeirão Preto,3508,Ribeirão Preto
3506003,350009,Bauru,3503,Bauru
3506102,350032,Barretos,3508,Ribeirão Preto
3506201,350022,Araçatuba,3506,Araçatuba
3506300,350015,Ourinhos,3504,Marília
3506359,350002,Santos,3501,São Paulo
3506409,350023,Birigui - Penápolis,3506,Araçatuba
3506508,350023,Birigui - Penápolis,3506,Araçatuba
3506607,350001,São Paulo,3501,São Paulo
3506706,350036,Araraquara,3509,Araraquara
3506805,350010,Jaú,3503,Bauru
3506904,350011,Botucatu,3503,Bauru
3507001,350003,Sorocaba,3502,Sorocaba
3507100,350041,Bragança Paulista,3510,Campinas
3507159,350004,Itapeva,3502,Sorocaba
3507209,350014,Assis,3504,Marília
3507308,350010,Jaú,3503,Bauru
3507407,350036,Araraquara,3509,Araraquara
3507456,350009,Bauru,3503,Bauru
3507506,350011,Botucatu,3503,Bauru
3507605,350041,Bragança Paulista,3510,Campinas
3507704,350023,Birigui - Penápolis,3506,Araçatuba
3507753,350023,Birigui - Penápolis,3506,Araçatuba
3507803,350031,Ribeirão Preto,3508,Ribeirão Preto
3507902,350010,Jaú,3503,Bauru
3508009,350004,Itapeva,3502,Sorocaba
3508108,350023,Birigui - Penápolis,3506,Araçatuba
3508207,350035,Ituverava,3508,Ribeirão Preto
3508306,350009,Bauru,3503,Bauru
3508405,350039,Jundiaí,3510,Campinas
3508504,350049,São José dos Campos,3511,São José dos Campos
3508603,350053,Cruzeiro,3511,São José dos Campos
3508702,350047,São José do Rio Pardo - Mococa,3510,Campinas
3508801,350012,Lins,3503,Bauru
3508900,350018,Presidente Prudente,3505,Presidente Prudente
3509007,350001,São Paulo,3501,São Paulo
3509106,350021,Presidente Epitácio-Presidente Venceslau,3505,Presidente Prudente
3509205,350001,São Paulo,3501,São Paulo
3509254,350005,Registro,3502,Sorocaba
3509304,350032,Barretos,3508,Ribeirão Preto
3509403,350031,Ribeirão Preto,3508,Ribeirão Preto
3509452,350006,Itapetininga,3502,Sorocaba
3509502,350038,Campinas,3510,Campinas
3509601,350039,Jundiaí,3510,Campinas
3509700,350050,Taubaté - Pindamonhangaba,3511,São José dos Campos
3509809,350013,Marília,3504,Marília
3509908,350005,Registro,3502,Sorocaba
3509957,350052,Guaratinguetá,3511,São José dos Campos
3510005,350014,Assis,3504,Marília
3510104,350036,Araraquara,3509,Araraquara
3510153,350015,Ourinhos,3504,Marília
3510203,350004,Itapeva,3502,Sorocaba
3510302,350003,Sorocaba,3502,Sorocaba
3510401,350040,Piracicaba,3510,Campinas
3510500,350051,Caraguatatuba - Ubatuba - São Sebastião,3511,São José dos Campos
3510609,350001,São Paulo,3501,São Paulo
3510708,350027,Votuporanga,3507,São José do Rio Preto
3510807,350044,São João da Boa Vista,3510,Campinas
3510906,350031,Ribeirão Preto,3508,Ribeirão Preto
3511003,350024,Andradina,3506,Araçatuba
3511102,350026,Catanduva,3507,São José do Rio Preto
3511201,350026,Catanduva,3507,São José do Rio Preto
3511300,350025,São José do Rio Preto,3507,São José do Rio Preto
3511409,350007,Avaré,3502,Sorocaba
3511508,350003,Sorocaba,3502,Sorocaba
3511607,350008,Tatuí,3502,Sorocaba
3511706,350040,Piracicaba,3510,Campinas
3511904,350023,Birigui - Penápolis,3506,Araçatuba
3512001,350032,Barretos,3508,Ribeirão Preto
3512100,350032,Barretos,3508,Ribeirão Preto
3512209,350045,Araras,3510,Campinas
3512308,350011,Botucatu,3503,Bauru
3512407,350042,Limeira,3510,Campinas
3512506,350023,Birigui - Penápolis,3506,Araçatuba
3512605,350007,Avaré,3502,Sorocaba
3512704,350046,Rio Claro,3510,Campinas
3512803,350038,Campinas,3510,Campinas
3512902,350027,Votuporanga,3507,São José do Rio Preto
3513009,350001,São Paulo,3501,São Paulo
3513108,350031,Ribeirão Preto,3508,Ribeirão Preto
3513207,350033,Franca,3508,Ribeirão Preto
3513306,350014,Assis,3504,Marília
3513405,350053,Cruzeiro,3511,São José dos Campos
3513504,350002,Santos,3501,São Paulo
3513603,350052,Guaratinguetá,3511,São José dos Campos
3513702,350037,São Carlos,3509,Araraquara
3513801,350001,São Paulo,3501,São Paulo
3513850,350028,Jales,3507,São José do Rio Preto
3513900,350047,São José do Rio Pardo - Mococa,3510,Campinas
3514007,350036,Araraquara,3509,Araraquara
3514106,350010,Jaú,3503,Bauru
3514205,350028,Jales,3507,São José do Rio Preto
3514304,350037,São Carlos,3509,Araraquara
3514403,350020,Dracena,3505,Presidente Prudente
3514502,350009,Bauru,3503,Bauru
3514601,350031,Ribeirão Preto,3508,Ribeirão Preto
3514700,350013,Marília,3504,Marília
3514809,350005,Registro,3502,Sorocaba
3514908,350038,Campinas,3510,Campinas
3514924,350026,Catanduva,3507,São José do Rio Preto
3514957,350026,Catanduva,3507,São José do Rio Preto
3515004,350001,São Paulo,3501,São Paulo
3515103,350001,São Paulo,3501,São Paulo
3515129,350018,Presidente Prudente,3505,Presidente Prudente
3515152,350042,Limeira,3510,Campinas
3515186,350044,São João da Boa Vista,3510,Campinas
3515194,350015,Ourinhos,3504,Marília
3515202,350029,Fernandópolis,3507,São José do Rio Preto
3515301,350018,Presidente Prudente,3505,Presidente Prudente
3515350,350018,Presidente Prudente,3505,Presidente Prudente
3515400,350017,Piraju,3504,Marília
3515509,350029,Fernandópolis,3507,São José do Rio Preto
3515608,350026,Catanduva,3507,São José do Rio Preto
3515657,350013,Marília,3504,Marília
3515707,350001,São Paulo,3501,São Paulo
3515806,350020,Dracena,3505,Presidente Prudente
3515905,350027,Votuporanga,3507,São José do Rio Preto
3516002,350019,Adamantina - Lucélia,3505,Presidente Prudente
3516101,350014,Assis,3504,Marília
3516200,350033,Franca,3508,Ribeirão Preto
3516309,350001,São Paulo,3501,São Paulo
3516408,350001,São Paulo,3501,São Paulo
3516507,350023,Birigui - Penápolis,3506,Araçatuba
3516606,350013,Marília,3504,Marília
3516705,350013,Marília,3504,Marília
3516804,350022,Araçatuba,3506,Araçatuba
3516853,350036,Araraquara,3509,Araraquara
3516903,350022,Araçatuba,3506,Araçatuba
3517000,350013,Marília,3504,Marília
3517109,350023,Birigui - Penápolis,3506,Araçatuba
3517208,350012,Lins,3503,Bauru
3517307,350013,Marília,3504,Marília
3517406,350032,Barretos,3508,Ribeirão Preto
3517505,350025,São José do Rio Preto,3507,São José do Rio Preto
3517604,350004,Itapeva,3502,Sorocaba
3517703,350035,Ituverava,3508,Ribeirão Preto
3517802,350024,Andradina,3506,Araçatuba
3517901,350032,Barretos,3508,Ribeirão Preto
3518008,350029,Fernandópolis,3507,São José do Rio Preto
3518107,350012,Lins,3503,Bauru
3518206,350022,Araçatuba,3506,Araçatuba
3518305,350001,São Paulo,3501,São Paulo
3518404,350052,Guaratinguetá,3511,São José dos Campos
3518503,350006,Itapetininga,3502,Sorocaba
3518602,350031,Ribeirão Preto,3508,Ribeirão Preto
3518701,350002,Santos,3501,São Paulo
3518800,350001,São Paulo,3501,São Paulo
3518859,350031,Ribeirão Preto,3508,Ribeirão Preto
3518909,350022,Araçatuba,3506,Araçatuba
3519006,350016,Tupã,3504,Marília
3519055,350038,Campinas,3510,Campinas
3519071,350038,Campinas,3510,Campinas
3519105,350009,Bauru,3503,Bauru
3519204,350016,Tupã,3504,Marília
3519253,350007,Avaré,3502,Sorocaba
3519303,350037,São Carlos,3509,Araraquara
3519402,350025,São José do Rio Preto,3507,São José do Rio Preto
3519501,350015,Ourinhos,3504,Marília
3519600,350036,Araraquara,3509,Araraquara
3519709,350003,Sorocaba,3502,Sorocaba
3519808,350025,São José do Rio Preto,3507,São José do Rio Preto
3519907,350018,Presidente Prudente,3505,Presidente Prudente
3520004,350010,Jaú,3503,Bauru
3520103,350035,Ituverava,3508,Ribeirão Preto
3520202,350049,São José dos Campos,3511,São José dos Campos
3520301,350005,Registro,3502,Sorocaba
3520400,350051,Caraguatatuba - Ubatuba - São Sebastião,3511,São José dos Campos
3520426,350005,Registro,3502,Sorocaba
3520442,350024,Andradina,3506,Araçatuba
3520509,350038,Campinas,3510,Campinas
3520608,350018,Presidente Prudente,3505,Presidente Prudente
3520707,350029,Fernandópolis,3507,São José do Rio Preto
3520806,350019,Adamantina - Lucélia,3505,Presidente Prudente
3520905,350015,Ourinhos,3504,Marília
3521002,350003,Sorocaba,3502,Sorocaba
3521101,350046,Rio Claro,3510,Campinas
3521150,350025,São José do Rio Preto,3507,São José do Rio Preto
3521200,350005,Registro,3502,Sorocaba
3521309,350034,São Joaquim da Barra – Orlândia,3508,Ribeirão Preto
3521408,350042,Limeira,3510,Campinas
3521507,350025,São José do Rio Preto,3507,São José do Rio Preto
3521606,350020,Dracena,3505,Presidente Prudente
3521705,350004,Itapeva,3502,Sorocaba
3521804,350007,Avaré,3502,Sorocaba
3521903,350026,Catanduva,3507,São José do Rio Preto
3522000,350010,Jaú,3503,Bauru
3522109,350002,Santos,3501,São Paulo
3522158,350004,Itapeva,3502,Sorocaba
3522208,350001,São Paulo,3501,São Paulo
3522307,350006,Itapetininga,3502,Sorocaba
3522406,350004,Itapeva,3502,Sorocaba
3522505,350001,São Paulo,3501,São Paulo
3522604,350043,Mogi Guaçu,3510,Campinas
3522653,350004,Itapeva,3502,Sorocaba
3522703,350036,Araraquara,3509,Araraquara
3522802,350004,Itapeva,3502,Sorocaba
3522901,350010,Jaú,3503,Bauru
3523008,350024,Andradina,3506,Araçatuba
3523107,350001,São Paulo,3501,São Paulo
3523206,350004,Itapeva,3502,Sorocaba
3523305,350002,Santos,3501,São Paulo
3523404,350039,Jundiaí,3510,Campinas
3523503,350011,Botucatu,3503,Bauru
3523602,350037,São Carlos,3509,Araraquara
3523701,350033,Franca,3508,Ribeirão Preto
3523800,350047,São José do Rio Pardo - Mococa,3510,Campinas
3523909,350003,Sorocaba,3502,Sorocaba
3524006,350039,Jundiaí,3510,Campinas
3524105,350035,Ituverava,3508,Ribeirão Preto
3524204,350032,Barretos,3508,Ribeirão Preto
3524303,350031,Ribeirão Preto,3508,Ribeirão Preto
3524402,350049,São José dos Campos,3511,São José dos Campos
3524501,350025,São José do Rio Preto,3507,São José do Rio Preto
3524600,350005,Registro,3502,Sorocaba
3524709,350038,Campinas,3510,Campinas
3524808,350028,Jales,3507,São José do Rio Preto
3524907,350049,São José dos Campos,3511,São José dos Campos
3525003,350001,São Paulo,3501,São Paulo
3525102,350031,Ribeirão Preto,3508,Ribeirão Preto
3525201,350039,Jundiaí,3510,Campinas
3525300,350010,Jaú,3503,Bauru
3525409,350033,Franca,3508,Ribeirão Preto
3525508,350041,Bragança Paulista,3510,Campinas
3525607,350018,Presidente Prudente,3505,Presidente Prudente
3525706,350025,São José do Rio Preto,3507,São José do Rio Preto
3525805,350013,Marília,3504,Marília
3525854,350003,Sorocaba,3502,Sorocaba
3525904,350039,Jundiaí,3510,Campinas
3526001,350020,Dracena,3505,Presidente Prudente
3526100,350005,Registro,3502,Sorocaba
3526209,350001,São Paulo,3501,São Paulo
3526308,350050,Taubaté - Pindamonhangaba,3511,São José dos Campos
3526407,350040,Piracicaba,3510,Campinas
3526506,350024,Andradina,3506,Araçatuba
3526605,350053,Cruzeiro,3511,São José dos Campos
3526704,350045,Araras,3510,Campinas
3526803,350009,Bauru,3503,Bauru
3526902,350042,Limeira,3510,Campinas
3527009,350048,Amparo,3510,Campinas
3527108,350012,Lins,3503,Bauru
3527207,350052,Guaratinguetá,3511,São José dos Campos
3527256,350023,Birigui - Penápolis,3506,Araçatuba
3527306,350039,Jundiaí,3510,Campinas
3527405,350019,Adamantina - Lucélia,3505,Presidente Prudente
3527504,350009,Bauru,3503,Bauru
3527603,350031,Ribeirão Preto,3508,Ribeirão Preto
3527702,350023,Birigui - Penápolis,3506,Araçatuba
3527801,350013,Marília,3504,Marília
3527900,350014,Assis,3504,Marília
3528007,350009,Bauru,3503,Bauru
3528106,350025,São José do Rio Preto,3507,São José do Rio Preto
3528205,350029,Fernandópolis,3507,São José do Rio Preto
3528304,350022,Araçatuba,3506,Araçatuba
3528403,350003,Sorocaba,3502,Sorocaba
3528502,350001,São Paulo,3501,São Paulo
3528601,350007,Avaré,3502,Sorocaba
3528700,350021,Presidente Epitácio-Presidente Venceslau,3505,Presidente Prudente
3528809,350014,Assis,3504,Marília
3528858,350026,Catanduva,3507,São José do Rio Preto
3528908,350019,Adamantina - Lucélia,3505,Presidente Prudente
3529005,350013,Marília,3504,Marília
3529104,350028,Jales,3507,São José do Rio Preto
3529203,350018,Presidente Prudente,3505,Presidente Prudente
3529302,350036,Araraquara,3509,Araraquara
3529401,350001,São Paulo,3501,São Paulo
3529500,350025,São José do Rio Preto,3507,São José do Rio Preto
3529609,350029,Fernandópolis,3507,São José do Rio Preto
3529658,350028,Jales,3507,São José do Rio Preto
3529708,350035,Ituverava,3508,Ribeirão Preto
3529807,350010,Jaú,3503,Bauru
3529906,350005,Registro,3502,Sorocaba
3530003,350029,Fernandópolis,3507,São José do Rio Preto
3530102,350024,Andradina,3506,Araçatuba
3530201,350018,Presidente Prudente,3505,Presidente Prudente
3530300,350025,São José do Rio Preto,3507,São José do Rio Preto
3530409,350025,São José do Rio Preto,3507,São José do Rio Preto
3530508,350047,São José do Rio Pardo - Mococa,3510,Campinas
3530607,350001,São Paulo,3501,São Paulo
3530706,350043,Mogi Guaçu,3510,Campinas
3530805,350043,Mogi Guaçu,3510,Campinas
3530904,350040,Piracicaba,3510,Campinas
3531001,350022,Araçatuba,3506,Araçatuba
3531100,350002,Santos,3501,São Paulo
3531209,350048,Amparo,3510,Campinas
3531308,350031,Ribeirão Preto,3508,Ribeirão Preto
3531407,350025,São José do Rio Preto,3507,São José do Rio Preto
3531506,350032,Barretos,3508,Ribeirão Preto
3531605,350020,Dracena,3505,Presidente Prudente
3531704,350049,São José dos Campos,3511,São José dos Campos
3531803,350038,Campinas,3510,Campinas
3531902,350034,São Joaquim da Barra – Orlândia,3508,Ribeirão Preto
3532009,350039,Jundiaí,3510,Campinas
3532058,350036,Araraquara,3509,Araraquara
3532108,350024,Andradina,3506,Araçatuba
3532157,350018,Presidente Prudente,3505,Presidente Prudente
3532207,350018,Presidente Prudente,3505,Presidente Prudente
3532306,350050,Taubaté - Pindamonhangaba,3511,São José dos Campos
3532405,350041,Bragança Paulista,3510,Campinas
3532504,350025,São José do Rio Preto,3507,São José do Rio Preto
3532603,350027,Votuporanga,3507,São José do Rio Preto
3532702,350025,São José do Rio Preto,3507,São José do Rio Preto
3532801,350025,São José do Rio Preto,3507,São José do Rio Preto
3532827,350004,Itapeva,3502,Sorocaba
3532843,350030,Santa Fé do Sul,3507,São José do Rio Preto
3532868,350022,Araçatuba,3506,Araçatuba
3532900,350036,Araraquara,3509,Araraquara
3533007,350025,São José do Rio Preto,3507,São José do Rio Preto
3533106,350020,Dracena,3505,Presidente Prudente
3533205,350024,Andradina,3506,Araçatuba
3533254,350026,Catanduva,3507,São José do Rio Preto
3533304,350022,Araçatuba,3506,Araçatuba
3533403,350038,Campinas,3510,Campinas
3533502,350025,São José do Rio Preto,3507,São José do Rio Preto
3533601,350034,São Joaquim da Barra – Orlândia,3508,Ribeirão Preto
3533700,350013,Marília,3504,Marília
3533809,350007,Avaré,3502,Sorocaba
3533908,350032,Barretos,3508,Ribeirão Preto
3534005,350025,São José do Rio Preto,3507,São José do Rio Preto
3534104,350013,Marília,3504,Marília
3534203,350025,São José do Rio Preto,3507,São José do Rio Preto
3534302,350034,São Joaquim da Barra – Orlândia,3508,Ribeirão Preto
3534401,350001,São Paulo,3501,São Paulo
3534500,350013,Marília,3504,Marília
3534609,350019,Adamantina - Lucélia,3505,Presidente Prudente
3534708,350015,Ourinhos,3504,Marília
3534757,350029,Fernandópolis,3507,São José do Rio Preto
3534807,350020,Dracena,3505,Presidente Prudente
3534906,350019,Adamantina - Lucélia,3505,Presidente Prudente
3535002,350025,São José do Rio Preto,3507,São José do Rio Preto
3535101,350026,Catanduva,3507,São José do Rio Preto
3535200,350028,Jales,3507,São José do Rio Preto
3535309,350014,Assis,3504,Marília
3535408,350020,Dracena,3505,Presidente Prudente
3535507,350014,Assis,3504,Marília
3535606,350049,São José dos Campos,3511,São José dos Campos
3535705,350026,Catanduva,3507,São José do Rio Preto
3535804,350007,Avaré,3502,Sorocaba
3535903,350028,Jales,3507,São José do Rio Preto
3536000,350016,Tupã,3504,Marília
3536109,350011,Botucatu,3503,Bauru
3536208,350005,Registro,3502,Sorocaba
3536257,350027,Votuporanga,3507,São José do Rio Preto
3536307,350033,Franca,3508,Ribeirão Preto
3536406,350020,Dracena,3505,Presidente Prudente
3536505,350038,Campinas,3510,Campinas
3536570,350009,Bauru,3503,Bauru
3536604,350025,São José do Rio Preto,3507,São José do Rio Preto
3536703,350009,Bauru,3503,Bauru
3536802,350041,Bragança Paulista,3510,Campinas
3536901,350029,Fernandópolis,3507,São José do Rio Preto
3537008,350033,Franca,3508,Ribeirão Preto
3537107,350038,Campinas,3510,Campinas
3537156,350014,Assis,3504,Marília
3537206,350002,Santos,3501,São Paulo
3537305,350023,Birigui - Penápolis,3506,Araçatuba
3537404,350024,Andradina,3506,Araçatuba
3537503,350008,Tatuí,3502,Sorocaba
3537602,350002,Santos,3501,São Paulo
3537701,350023,Birigui - Penápolis,3506,Araçatuba
3537800,350003,Sorocaba,3502,Sorocaba
3537909,350003,Sorocaba,3502,Sorocaba
3538006,350050,Taubaté - Pindamonhangaba,3511,São José dos Campos
3538105,350026,Catanduva,3507,São José do Rio Preto
3538204,350041,Bragança Paulista,3510,Campinas
3538303,350021,Presidente Epitácio-Presidente Venceslau,3505,Presidente Prudente
3538501,350052,Guaratinguetá,3511,São José dos Campos
3538600,350041,Bragança Paulista,3510,Campinas
3538709,350040,Piracicaba,3510,Campinas
3538808,350017,Piraju,3504,Marília
3538907,350009,Bauru,3503,Bauru
3539004,350026,Catanduva,3507,São José do Rio Preto
3539103,350001,São Paulo,3501,São Paulo
3539202,350018,Presidente Prudente,3505,Presidente Prudente
3539301,350037,São Carlos,3509,Araraquara
3539400,350009,Bauru,3503,Bauru
3539509,350031,Ribeirão Preto,3508,Ribeirão Preto
3539608,350025,São José do Rio Preto,3507,São José do Rio Preto
3539707,350014,Assis,3504,Marília
3539806,350001,São Paulo,3501,São Paulo
3539905,350025,São José do Rio Preto,3507,São José do Rio Preto
3540002,350013,Marília,3504,Marília
3540101,350012,Lins,3503,Bauru
3540200,350031,Ribeirão Preto,3508,Ribeirão Preto
3540259,350028,Jales,3507,São José do Rio Preto
3540309,350027,Votuporanga,3507,São José do Rio Preto
3540408,350028,Jales,3507,São José do Rio Preto
3540507,350008,Tatuí,3502,Sorocaba
3540606,350003,Sorocaba,3502,Sorocaba
3540705,350037,São Carlos,3509,Araraquara
3540754,350052,Guaratinguetá,3511,São José dos Campos
3540804,350025,São José do Rio Preto,3507,São José do Rio Preto
3540853,350019,Adamantina - Lucélia,3505,Presidente Prudente
3540903,350031,Ribeirão Preto,3508,Ribeirão Preto
3541000,350002,Santos,3501,São Paulo
3541059,350011,Botucatu,3503,Bauru
3541109,350009,Bauru,3503,Bauru
3541208,350018,Presidente Prudente,3505,Presidente Prudente
3541307,350021,Presidente Epitácio-Presidente Venceslau,3505,Presidente Prudente
3541406,350018,Presidente Prudente,3505,Presidente Prudente
3541505,350021,Presidente Epitácio-Presidente Venceslau,3505,Presidente Prudente
3541604,350012,Lins,3503,Bauru
3541653,350008,Tatuí,3502,Sorocaba
3541703,350018,Presidente Prudente,3505,Presidente Prudente
3541802,350016,Tupã,3504,Marília
3541901,350053,Cruzeiro,3511,São José dos Campos
3542008,350013,Marília,3504,Marília
3542107,350040,Piracicaba,3510,Campinas
3542206,350018,Presidente Prudente,3505,Presidente Prudente
3542305,350050,Taubaté - Pindamonhangaba,3511,São José dos Campos
3542404,350018,Presidente Prudente,3505,Presidente Prudente
3542503,350009,Bauru,3503,Bauru
3542602,350005,Registro,3502,Sorocaba
3542701,350033,Franca,3508,Ribeirão Preto
3542800,350004,Itapeva,3502,Sorocaba
3542909,350037,São Carlos,3509,Araraquara
3543006,350004,Itapeva,3502,Sorocaba
3543105,350033,Franca,3508,Ribeirão Preto
3543204,350015,Ourinhos,3504,Marília
3543238,350018,Presidente Prudente,3505,Presidente Prudente
3543253,350004,Itapeva,3502,Sorocaba
3543303,350001,São Paulo,3501,São Paulo
3543402,350031,Ribeirão Preto,3508,Ribeirão Preto
3543501,350004,Itapeva,3502,Sorocaba
3543600,350033,Franca,3508,Ribeirão Preto
3543709,350036,Araraquara,3509,Araraquara
3543808,350016,Tupã,3504,Marília
3543907,350046,Rio Claro,3510,Campinas
3544004,350040,Piracicaba,3510,Campinas
3544103,350001,São Paulo,3501,São Paulo
3544202,350027,Votuporanga,3507,São José do Rio Preto
3544251,350018,Presidente Prudente,3505,Presidente Prudente
3544301,350052,Guaratinguetá,3511,São José dos Campos
3544400,350022,Araçatuba,3506,Araçatuba
3544509,350030,Santa Fé do Sul,3507,São José do Rio Preto
3544608,350012,Lins,3503,Bauru
3544707,350019,Adamantina - Lucélia,3505,Presidente Prudente
3544806,350025,São José do Rio Preto,3507,São José do Rio Preto
3544905,350034,São Joaquim da Barra – Orlândia,3508,Ribeirão Preto
3545001,350001,São Paulo,3501,São Paulo
3545100,350019,Adamantina - Lucélia,3505,Presidente Prudente
3545159,350040,Piracicaba,3510,Campinas
3545209,350003,Sorocaba,3502,Sorocaba
3545308,350003,Sorocaba,3502,Sorocaba
3545407,350015,Ourinhos,3504,Marília
3545506,350018,Presidente Prudente,3505,Presidente Prudente
3545605,350026,Catanduva,3507,São José do Rio Preto
3545704,350028,Jales,3507,São José do Rio Preto
3545803,350038,Campinas,3510,Campinas
3546009,350049,São José dos Campos,3511,São José dos Campos
3546108,350030,Santa Fé do Sul,3507,São José do Rio Preto
3546207,350045,Araras,3510,Campinas
3546256,350031,Ribeirão Preto,3508,Ribeirão Preto
3546306,350044,São João da Boa Vista,3510,Campinas
3546405,350015,Ourinhos,3504,Marília
3546504,350031,Ribeirão Preto,3508,Ribeirão Preto
3546603,350030,Santa Fé do Sul,3507,São José do Rio Preto
3546702,350046,Rio Claro,3510,Campinas
3546801,350001,São Paulo,3501,São Paulo
3546900,350036,Araraquara,3509,Araraquara
3547007,350040,Piracicaba,3510,Campinas
3547106,350020,Dracena,3505,Presidente Prudente
3547205,350030,Santa Fé do Sul,3507,São José do Rio Preto
3547304,350001,São Paulo,3501,São Paulo
3547403,350030,Santa Fé do Sul,3507,São José do Rio Preto
3547502,350037,São Carlos,3509,Araraquara
3547601,350031,Ribeirão Preto,3508,Ribeirão Preto
3547650,350028,Jales,3507,São José do Rio Preto
3547700,350018,Presidente Prudente,3505,Presidente Prudente
3547809,350001,São Paulo,3501,São Paulo
3547908,350031,Ribeirão Preto,3508,Ribeirão Preto
3548005,350038,Campinas,3510,Campinas
3548054,350022,Araçatuba,3506,Araçatuba
3548104,350044,São João da Boa Vista,3510,Campinas
3548203,350050,Taubaté - Pindamonhangaba,3511,São José dos Campos
3548302,350018,Presidente Prudente,3505,Presidente Prudente
3548401,350023,Birigui - Penápolis,3506,Araçatuba
3548500,350002,Santos,3501,São Paulo
3548609,350050,Taubaté - Pindamonhangaba,3511,São José dos Campos
3548708,350001,São Paulo,3501,São Paulo
3548807,350001,São Paulo,3501,São Paulo
3548906,350037,São Carlos,3509,Araraquara
3549003,350028,Jales,3507,São José do Rio Preto
3549102,350044,São João da Boa Vista,3510,Campinas
3549201,350029,Fernandópolis,3507,São José do Rio Preto
3549250,350029,Fernandópolis,3507,São José do Rio Preto
3549300,350020,Dracena,3505,Presidente Prudente
3549409,350034,São Joaquim da Barra – Orlândia,3508,Ribeirão Preto
3549508,350033,Franca,3508,Ribeirão Preto
3549607,350053,Cruzeiro,3511,São José dos Campos
3549706,350047,São José do Rio Pardo - Mococa,3510,Campinas
3549805,350025,São José do Rio Preto,3507,São José do Rio Preto
3549904,350049,São José dos Campos,3511,São José dos Campos
3549953,350001,São Paulo,3501,São Paulo
3550001,350050,Taubaté - Pindamonhangaba,3511,São José dos Campos
3550100,350011,Botucatu,3503,Bauru
3550209,350006,Itapetininga,3502,Sorocaba
3550308,350001,São Paulo,3501,São Paulo
3550407,350040,Piracicaba,3510,Campinas
3550506,350015,Ourinhos,3504,Marília
3550605,350003,Sorocaba,3502,Sorocaba
3550704,350051,Caraguatatuba - Ubatuba - São Sebastião,3511,São José dos Campos
3550803,350047,São José do Rio Pardo - Mococa,3510,Campinas
3550902,350031,Ribeirão Preto,3508,Ribeirão Preto
3551009,350002,Santos,3501,São Paulo
3551108,350003,Sorocaba,3502,Sorocaba
3551207,350017,Piraju,3504,Marília
3551306,350027,Votuporanga,3507,São José do Rio Preto
3551405,350031,Ribeirão Preto,3508,Ribeirão Preto
3551504,350031,Ribeirão Preto,3508,Ribeirão Preto
3551603,350048,Amparo,3510,Campinas
3551702,350031,Ribeirão Preto,3508,Ribeirão Preto
3551801,350005,Registro,3502,Sorocaba
3551900,350032,Barretos,3508,Ribeirão Preto
3552007,350053,Cruzeiro,3511,São José dos Campos
3552106,350041,Bragança Paulista,3510,Campinas
3552205,350003,Sorocaba,3502,Sorocaba
3552304,350024,Andradina,3506,Araçatuba
3552403,350038,Campinas,3510,Campinas
3552502,350001,São Paulo,3501,São Paulo
3552551,350028,Jales,3507,São José do Rio Preto
3552601,350026,Catanduva,3507,São José do Rio Preto
3552700,350036,Araraquara,3509,Araraquara
3552809,350001,São Paulo,3501,São Paulo
3552908,350018,Presidente Prudente,3505,Presidente Prudente
3553005,350007,Avaré,3502,Sorocaba
3553104,350032,Barretos,3508,Ribeirão Preto
3553203,350032,Barretos,3508,Ribeirão Preto
3553302,350044,São João da Boa Vista,3510,Campinas
3553401,350025,São José do Rio Preto,3507,São José do Rio Preto
3553500,350003,Sorocaba,3502,Sorocaba
3553609,350047,São José do Rio Pardo - Mococa,3510,Campinas
3553658,350032,Barretos,3508,Ribeirão Preto
3553708,350036,Araraquara,3509,Araraquara
3553807,350007,Avaré,3502,Sorocaba
3553856,350004,Itapeva,3502,Sorocaba
3553906,350018,Presidente Prudente,3505,Presidente Prudente
3553955,350014,Assis,3504,Marília
3554003,350008,Tatuí,3502,Sorocaba
3554102,350050,Taubaté - Pindamonhangaba,3511,São José dos Campos
3554201,350017,Piraju,3504,Marília
3554300,350018,Presidente Prudente,3505,Presidente Prudente
3554409,350032,Barretos,3508,Ribeirão Preto
3554508,350003,Sorocaba,3502,Sorocaba
3554607,350017,Piraju,3504,Marília
3554656,350008,Tatuí,3502,Sorocaba
3554706,350010,Jaú,3503,Bauru
3554755,350036,Araraquara,3509,Araraquara
3554805,350050,Taubaté - Pindamonhangaba,3511,São José dos Campos
3554904,350030,Santa Fé do Sul,3507,São José do Rio Preto
3554953,350041,Bragança Paulista,3510,Campinas
3555000,350016,Tupã,3504,Marília
3555109,350020,Dracena,3505,Presidente Prudente
3555208,350023,Birigui - Penápolis,3506,Araçatuba
3555307,350028,Jales,3507,São José do Rio Preto
3555356,350025,São José do Rio Preto,3507,São José do Rio Preto
3555406,350051,Caraguatatuba - Ubatuba - São Sebastião,3511,São José dos Campos
3555505,350009,Bauru,3503,Bauru
3555604,350025,São José do Rio Preto,3507,São José do Rio Preto
3555703,350025,São José do Rio Preto,3507,São José do Rio Preto
3555802,350028,Jales,3507,São José do Rio Preto
3555901,350012,Lins,3503,Bauru
3556008,350025,São José do Rio Preto,3507,São José do Rio Preto
3556107,350027,Votuporanga,3507,São José do Rio Preto
3556206,350038,Campinas,3510,Campinas
3556305,350022,Araçatuba,3506,Araçatuba
3556354,350041,Bragança Paulista,3510,Campinas
3556404,350044,São João da Boa Vista,3510,Campinas
3556453,350001,São Paulo,3501,São Paulo
3556503,350039,Jundiaí,3510,Campinas
3556602,350013,Marília,3504,Marília
3556701,350038,Campinas,3510,Campinas
3556800,350032,Barretos,3508,Ribeirão Preto
3556909,350026,Catanduva,3507,São José do Rio Preto
3556958,350028,Jales,3507,São José do Rio Preto
3557006,350003,Sorocaba,3502,Sorocaba
3557105,350027,Votuporanga,3507,São José do Rio Preto
3557154,350023,Birigui - Penápolis,3506,Araçatuba
3557204,350015,Ourinhos,3504,Marília
3557303,350043,Mogi Guaçu,3510,Campinas
4100103,410022,Santo Antônio da Platina,4105,Londrina
4100202,410001,Curitiba,4101,Curitiba
4100301,410001,Curitiba,4101,Curitiba
4100400,410001,Curitiba,4101,Curitiba
4100459,410015,Campo Mourão,4104,Maringá
4100509,410016,Umuarama,4104,Maringá
4100608,410017,Paranavaí,4104,Maringá
4100707,410016,Umuarama,4104,Maringá
4100806,410021,Londrina,4105,Londrina
4100905,410017,Paranavaí,4104,Maringá
4101002,410009,Francisco Beltrão,4103,Cascavel
4101051,410006,Cascavel,4103,Cascavel
4101101,410022,Santo Antônio da Platina,4105,Londrina
4101150,410014,Maringá,4104,Maringá
4101200,410002,Paranaguá,4101,Curitiba
4101309,410003,União da Vitória,4101,Curitiba
4101408,410023,Apucarana,4105,Londrina
4101507,410021,Londrina,4105,Londrina
4101606,410027,Ponta Grossa,4106,Ponta Grossa
4101655,410025,Ivaiporã,4105,Londrina
4101705,410015,Campo Mourão,4104,Maringá
4101804,410001,Curitiba,4101,Curitiba
4101853,410025,Ivaiporã,4105,Londrina
4101903,410021,Londrina,4105,Londrina
4102000,410008,Toledo,4103,Cascavel
4102109,410014,Maringá,4104,Maringá
4102208,410014,Maringá,4104,Maringá
4102307,410001,Curitiba,4101,Curitiba
4102406,410024,Cornélio Procópio – Bandeirantes,4105,Londrina
4102505,410015,Campo Mourão,4104,Maringá
4102604,410009,Francisco Beltrão,4103,Cascavel
4102703,410022,Santo Antônio da Platina,4105,Londrina
4102752,410009,Francisco Beltrão,4103,Cascavel
4102802,410021,Londrina,4105,Londrina
4102901,410003,União da Vitória,4101,Curitiba
4103008,410015,Campo Mourão,4104,Maringá
4103024,410012,Dois Vizinhos,4103,Cascavel
4103040,410005,Pitanga,4102,Guarapuava
4103057,410006,Cascavel,4103,Cascavel
4103107,410001,Curitiba,4101,Curitiba
4103156,410009,Francisco Beltrão,4103,Cascavel
4103206,410023,Apucarana,4105,Londrina
4103222,410010,Pato Branco,4103,Cascavel
4103305,410023,Apucarana,4105,Londrina
4103354,410006,Cascavel,4103,Cascavel
4103370,410016,Umuarama,4104,Maringá
4103404,410021,Londrina,4105,Londrina
4103453,410006,Cascavel,4103,Cascavel
4103479,410016,Umuarama,4104,Maringá
4103503,410023,Apucarana,4105,Londrina
4103602,410022,Santo Antônio da Platina,4105,Londrina
4103701,410021,Londrina,4105,Londrina
4103800,410023,Apucarana,4105,Londrina
4103909,410015,Campo Mourão,4104,Maringá
4103958,410004,Guarapuava,4102,Guarapuava
4104006,410001,Curitiba,4101,Curitiba
4104055,410006,Cascavel,4103,Cascavel
4104105,410001,Curitiba,4101,Curitiba
4104204,410001,Curitiba,4101,Curitiba
4104253,410001,Curitiba,4101,Curitiba
4104303,410015,Campo Mourão,4104,Maringá
4104402,410025,Ivaiporã,4105,Londrina
4104428,410004,Guarapuava,4102,Guarapuava
4104451,410004,Guarapuava,4102,Guarapuava
4104501,410009,Francisco Beltrão,4103,Cascavel
4104600,410006,Cascavel,4103,Cascavel
4104659,410027,Ponta Grossa,4106,Ponta Grossa
4104709,410022,Santo Antônio da Platina,4105,Londrina
4104808,410006,Cascavel,4103,Cascavel
4104907,410027,Ponta Grossa,4106,Ponta Grossa
4105003,410006,Cascavel,4103,Cascavel
4105102,410021,Londrina,4105,Londrina
4105201,410001,Curitiba,4101,Curitiba
4105300,410006,Cascavel,4103,Cascavel
4105409,410010,Pato Branco,4103,Cascavel
4105508,410018,Cianorte,4104,Maringá
4105607,410016,Umuarama,4104,Maringá
4105706,410010,Pato Branco,4103,Cascavel
4105805,410001,Curitiba,4101,Curitiba
4105904,410019,Paranacity - Colorado,4104,Maringá
4106001,410024,Cornélio Procópio – Bandeirantes,4105,Londrina
4106100,410026,Ibaiti,4105,Londrina
4106209,410001,Curitiba,4101,Curitiba
4106308,410006,Cascavel,4103,Cascavel
4106407,410024,Cornélio Procópio – Bandeirantes,4105,Londrina
4106456,410010,Pato Branco,4103,Cascavel
4106506,410010,Pato Branco,4103,Cascavel
4106555,410015,Campo Mourão,4104,Maringá
4106571,410012,Dois Vizinhos,4103,Cascavel
4106605,410016,Umuarama,4104,Maringá
4106704,410019,Paranacity - Colorado,4104,Maringá
4106803,410003,União da Vitória,4101,Curitiba
4106852,410025,Ivaiporã,4105,Londrina
4106902,410001,Curitiba,4101,Curitiba
4107009,410028,Telêmaco Borba,4106,Ponta Grossa
4107108,410017,Paranavaí,4104,Maringá
4107124,410006,Cascavel,4103,Cascavel
4107157,410006,Cascavel,4103,Cascavel
4107207,410012,Dois Vizinhos,4103,Cascavel
4107256,410016,Umuarama,4104,Maringá
4107306,410014,Maringá,4104,Maringá
4107405,410009,Francisco Beltrão,4103,Cascavel
4107504,410015,Campo Mourão,4104,Maringá
4107520,410016,Umuarama,4104,Maringá
4107538,410013,Marechal Cândido Rondon,4103,Cascavel
4107546,410011,Laranjeiras do Sul - Quedas do Iguaçu,4103,Cascavel
4107553,410015,Campo Mourão,4104,Maringá
4107603,410025,Ivaiporã,4105,Londrina
4107652,410001,Curitiba,4101,Curitiba
4107702,410015,Campo Mourão,4104,Maringá
4107736,410029,Irati,4106,Ponta Grossa
4107751,410026,Ibaiti,4105,Londrina
4107801,410014,Maringá,4104,Maringá
4107850,410009,Francisco Beltrão,4103,Cascavel
4107900,410014,Maringá,4104,Maringá
4108007,410021,Londrina,4105,Londrina
4108106,410014,Maringá,4104,Maringá
4108205,410008,Toledo,4103,Cascavel
4108304,410007,Foz do Iguaçu,4103,Cascavel
4108320,410016,Umuarama,4104,Maringá
4108403,410009,Francisco Beltrão,4103,Cascavel
4108452,410004,Guarapuava,4102,Guarapuava
4108502,410003,União da Vitória,4101,Curitiba
4108551,410025,Ivaiporã,4105,Londrina
4108601,410015,Campo Mourão,4104,Maringá
4108650,410004,Guarapuava,4102,Guarapuava
4108700,410025,Ivaiporã,4105,Londrina
4108809,410008,Toledo,4103,Cascavel
4108908,410017,Paranavaí,4104,Maringá
4108957,410004,Guarapuava,4102,Guarapuava
4109005,410022,Santo Antônio da Platina,4105,Londrina
4109104,410018,Cianorte,4104,Maringá
4109203,410021,Londrina,4105,Londrina
4109302,410006,Cascavel,4103,Cascavel
4109401,410004,Guarapuava,4102,Guarapuava
4109500,410002,Paranaguá,4101,Curitiba
4109609,410002,Paranaguá,4101,Curitiba
4109658,410010,Pato Branco,4103,Cascavel
4109708,410026,Ibaiti,4105,Londrina
4109757,410006,Cascavel,4103,Cascavel
4109807,410021,Londrina,4105,Londrina
4109906,410016,Umuarama,4104,Maringá
4110003,410014,Maringá,4104,Maringá
4110052,410006,Cascavel,4103,Cascavel
4110078,410028,Telêmaco Borba,4106,Ponta Grossa
4110102,410029,Irati,4106,Ponta Grossa
4110201,410004,Guarapuava,4102,Guarapuava
4110300,410019,Paranacity - Colorado,4104,Maringá
4110409,410018,Cianorte,4104,Maringá
4110508,410027,Ponta Grossa,4106,Ponta Grossa
4110607,410016,Umuarama,4104,Maringá
4110656,410008,Toledo,4103,Cascavel
4110706,410029,Irati,4106,Ponta Grossa
4110805,410015,Campo Mourão,4104,Maringá
4110904,410019,Paranacity - Colorado,4104,Maringá
4110953,410007,Foz do Iguaçu,4103,Cascavel
4111001,410024,Cornélio Procópio – Bandeirantes,4105,Londrina
4111100,410014,Maringá,4104,Maringá
4111209,410010,Pato Branco,4103,Cascavel
4111258,410001,Curitiba,4101,Curitiba
4111308,410017,Paranavaí,4104,Maringá
4111407,410027,Ponta Grossa,4106,Ponta Grossa
4111506,410025,Ivaiporã,4105,Londrina
4111555,410016,Umuarama,4104,Maringá
4111605,410014,Maringá,4104,Maringá
4111704,410026,Ibaiti,4105,Londrina
4111803,410022,Santo Antônio da Platina,4105,Londrina
4111902,410021,Londrina,4105,Londrina
4112009,410027,Ponta Grossa,4106,Ponta Grossa
4112108,410023,Apucarana,4105,Londrina
4112207,410015,Campo Mourão,4104,Maringá
4112306,410026,Ibaiti,4105,Londrina
4112405,410018,Cianorte,4104,Maringá
4112504,410025,Ivaiporã,4105,Londrina
4112603,410019,Paranacity - Colorado,4104,Maringá
4112702,410021,Londrina,4105,Londrina
4112751,410008,Toledo,4103,Cascavel
4112801,410022,Santo Antônio da Platina,4105,Londrina
4112900,410022,Santo Antônio da Platina,4105,Londrina
4112959,410015,Campo Mourão,4104,Maringá
4113007,410018,Cianorte,4104,Maringá
4113106,410023,Apucarana,4105,Londrina
4113205,410001,Curitiba,4101,Curitiba
4113254,410005,Pitanga,4102,Guarapuava
4113304,410011,Laranjeiras do Sul - Quedas do Iguaçu,4103,Cascavel
4113403,410024,Cornélio Procópio – Bandeirantes,4105,Londrina
4113429,410025,Ivaiporã,4105,Londrina
4113452,410006,Cascavel,4103,Cascavel
4113502,410020,Loanda,4104,Maringá
4113601,410019,Paranacity - Colorado,4104,Maringá
4113700,410021,Londrina,4105,Londrina
4113734,410015,Campo Mourão,4104,Maringá
4113759,410025,Ivaiporã,4105,Londrina
4113809,410021,Londrina,4105,Londrina
4113908,410029,Irati,4106,Ponta Grossa
4114005,410015,Campo Mourão,4104,Maringá
4114104,410014,Maringá,4104,Maringá
4114203,410014,Maringá,4104,Maringá
4114302,410001,Curitiba,4101,Curitiba
4114351,410009,Francisco Beltrão,4103,Cascavel
4114401,410010,Pato Branco,4103,Cascavel
4114500,410025,Ivaiporã,4105,Londrina
4114609,410013,Marechal Cândido Rondon,4103,Cascavel
4114708,410016,Umuarama,4104,Maringá
4114807,410014,Maringá,4104,Maringá
4114906,410023,Apucarana,4105,Londrina
4115002,410017,Paranavaí,4104,Maringá
4115101,410016,Umuarama,4104,Maringá
4115200,410014,Maringá,4104,Maringá
4115309,410010,Pato Branco,4103,Cascavel
4115358,410008,Toledo,4103,Cascavel
4115408,410009,Francisco Beltrão,4103,Cascavel
4115457,410011,Laranjeiras do Sul - Quedas do Iguaçu,4103,Cascavel
4115507,410023,Apucarana,4105,Londrina
4115606,410006,Cascavel,4103,Cascavel
4115705,410002,Paranaguá,4101,Curitiba
4115739,410005,Pitanga,4102,Guarapuava
4115754,410023,Apucarana,4105,Londrina
4115804,410007,Foz do Iguaçu,4103,Cascavel
4115853,410013,Marechal Cândido Rondon,4103,Cascavel
4115903,410017,Paranavaí,4104,Maringá
4116000,410021,Londrina,4105,Londrina
4116059,410007,Foz do Iguaçu,4103,Cascavel
4116109,410015,Campo Mourão,4104,Maringá
4116208,410002,Paranaguá,4101,Curitiba
4116307,410014,Maringá,4104,Maringá
4116406,410019,Paranacity - Colorado,4104,Maringá
4116505,410017,Paranavaí,4104,Maringá
4116604,410024,Cornélio Procópio – Bandeirantes,4105,Londrina
4116703,410006,Cascavel,4103,Cascavel
4116802,410015,Campo Mourão,4104,Maringá
4116901,410014,Maringá,4104,Maringá
4116950,410009,Francisco Beltrão,4103,Cascavel
4117008,410024,Cornélio Procópio – Bandeirantes,4105,Londrina
4117057,410011,Laranjeiras do Sul - Quedas do Iguaçu,4103,Cascavel
4117107,410017,Paranavaí,4104,Maringá
4117206,410016,Umuarama,4104,Maringá
4117214,410024,Cornélio Procópio – Bandeirantes,4105,Londrina
4117222,410013,Marechal Cândido Rondon,4103,Cascavel
4117255,410012,Dois Vizinhos,4103,Cascavel
4117271,410005,Pitanga,4102,Guarapuava
4117297,410023,Apucarana,4105,Londrina
4117305,410028,Telêmaco Borba,4106,Ponta Grossa
4117404,410014,Maringá,4104,Maringá
4117453,410008,Toledo,4103,Cascavel
4117503,410014,Maringá,4104,Maringá
4117602,410010,Pato Branco,4103,Cascavel
4117701,410027,Ponta Grossa,4106,Ponta Grossa
4117800,410005,Pitanga,4102,Guarapuava
4117909,410008,Toledo,4103,Cascavel
4118006,410017,Paranavaí,4104,Maringá
4118105,410019,Paranacity - Colorado,4104,Maringá
4118204,410002,Paranaguá,4101,Curitiba
4118303,410019,Paranacity - Colorado,4104,Maringá
4118402,410017,Paranavaí,4104,Maringá
4118451,410013,Marechal Cândido Rondon,4103,Cascavel
4118501,410010,Pato Branco,4103,Cascavel
4118600,410003,União da Vitória,4101,Curitiba
4118709,410003,União da Vitória,4101,Curitiba
4118808,410015,Campo Mourão,4104,Maringá
4118857,410016,Umuarama,4104,Maringá
4118907,410016,Umuarama,4104,Maringá
4119004,410009,Francisco Beltrão,4103,Cascavel
4119103,410001,Curitiba,4101,Curitiba
4119152,410001,Curitiba,4101,Curitiba
4119202,410026,Ibaiti,4105,Londrina
4119251,410009,Francisco Beltrão,4103,Cascavel
4119301,410004,Guarapuava,4102,Guarapuava
4119400,410027,Ponta Grossa,4106,Ponta Grossa
4119509,410001,Curitiba,4101,Curitiba
4119608,410005,Pitanga,4102,Guarapuava
4119657,410021,Londrina,4105,Londrina
4119707,410017,Paranavaí,4104,Maringá
4119806,410009,Francisco Beltrão,4103,Cascavel
4119905,410027,Ponta Grossa,4106,Ponta Grossa
4119954,410002,Paranaguá,4101,Curitiba
4120002,410021,Londrina,4105,Londrina
4120101,410027,Ponta Grossa,4106,Ponta Grossa
4120150,410011,Laranjeiras do Sul - Quedas do Iguaçu,4103,Cascavel
4120200,410020,Loanda,4104,Maringá
4120309,410003,União da Vitória,4101,Curitiba
4120333,410021,Londrina,4105,Londrina
4120358,410009,Francisco Beltrão,4103,Cascavel
4120408,410014,Maringá,4104,Maringá
4120507,410021,Londrina,4105,Londrina
4120606,410004,Guarapuava,4102,Guarapuava
4120655,410015,Campo Mourão,4104,Maringá
4120705,410022,Santo Antônio da Platina,4105,Londrina
4120804,410001,Curitiba,4101,Curitiba
4120853,410013,Marechal Cândido Rondon,4103,Cascavel
4120903,410011,Laranjeiras do Sul - Quedas do Iguaçu,4103,Cascavel
4121000,410020,Loanda,4104,Maringá
4121109,410015,Campo Mourão,4104,Maringá
4121208,410001,Curitiba,4101,Curitiba
4121257,410006,Cascavel,4103,Cascavel
4121307,410024,Cornélio Procópio – Bandeirantes,4105,Londrina
4121356,410015,Campo Mourão,4104,Maringá
4121406,410009,Francisco Beltrão,4103,Cascavel
4121505,410029,Irati,4106,Ponta Grossa
4121604,410009,Francisco Beltrão,4103,Cascavel
4121703,410028,Telêmaco Borba,4106,Ponta Grossa
4121752,410004,Guarapuava,4102,Guarapuava
4121802,410022,Santo Antônio da Platina,4105,Londrina
4121901,410022,Santo Antônio da Platina,4105,Londrina
4122008,410029,Irati,4106,Ponta Grossa
4122107,410023,Apucarana,4105,Londrina
4122156,410011,Laranjeiras do Sul - Quedas do Iguaçu,4103,Cascavel
4122172,410025,Ivaiporã,4105,Londrina
4122206,410001,Curitiba,4101,Curitiba
4122305,410001,Curitiba,4101,Curitiba
4122404,410021,Londrina,4105,Londrina
4122503,410015,Campo Mourão,4104,Maringá
4122602,410018,Cianorte,4104,Maringá
4122651,410025,Ivaiporã,4105,Londrina
4122701,410021,Londrina,4105,Londrina
4122800,410009,Francisco Beltrão,4103,Cascavel
4122909,410022,Santo Antônio da Platina,4105,Londrina
4123006,410012,Dois Vizinhos,4103,Cascavel
4123105,410024,Cornélio Procópio – Bandeirantes,4105,Londrina
4123204,410024,Cornélio Procópio – Bandeirantes,4105,Londrina
4123303,410020,Loanda,4104,Maringá
4123402,410014,Maringá,4104,Maringá
4123501,410008,Toledo,4103,Cascavel
4123600,410019,Paranacity - Colorado,4104,Maringá
4123709,410020,Loanda,4104,Maringá
4123808,410009,Francisco Beltrão,4103,Cascavel
4123824,410006,Cascavel,4103,Cascavel
4123857,410005,Pitanga,4102,Guarapuava
4123907,410024,Cornélio Procópio – Bandeirantes,4105,Londrina
4123956,410020,Loanda,4104,Maringá
4124004,410022,Santo Antônio da Platina,4105,Londrina
4124020,410006,Cascavel,4103,Cascavel
4124053,410007,Foz do Iguaçu,4103,Cascavel
4124103,410022,Santo Antônio da Platina,4105,Londrina
4124202,410017,Paranavaí,4104,Maringá
4124301,410024,Cornélio Procópio – Bandeirantes,4105,Londrina
4124400,410009,Francisco Beltrão,4103,Cascavel
4124509,410019,Paranacity - Colorado,4104,Maringá
4124608,410017,Paranavaí,4104,Maringá
4124707,410024,Cornélio Procópio – Bandeirantes,4105,Londrina
4124806,410010,Pato Branco,4103,Cascavel
4124905,410017,Paranavaí,4104,Maringá
4125001,410025,Ivaiporã,4105,Londrina
4125100,410027,Ponta Grossa,4106,Ponta Grossa
4125209,410012,Dois Vizinhos,4103,Cascavel
4125308,410014,Maringá,4104,Maringá
4125357,410016,Umuarama,4104,Maringá
4125407,410022,Santo Antônio da Platina,4105,Londrina
4125456,410008,Toledo,4103,Cascavel
4125506,410001,Curitiba,4101,Curitiba
4125555,410018,Cianorte,4104,Maringá
4125605,410003,União da Vitória,4101,Curitiba
4125704,410007,Foz do Iguaçu,4103,Cascavel
4125753,410008,Toledo,4103,Cascavel
4125803,410023,Apucarana,4105,Londrina
4125902,410020,Loanda,4104,Maringá
4126009,410024,Cornélio Procópio – Bandeirantes,4105,Londrina
4126108,410018,Cianorte,4104,Maringá
4126207,410024,Cornélio Procópio – Bandeirantes,4105,Londrina
4126256,410014,Maringá,4104,Maringá
4126272,410010,Pato Branco,4103,Cascavel
4126306,410027,Ponta Grossa,4106,Ponta Grossa
4126355,410007,Foz do Iguaçu,4103,Cascavel
4126405,410024,Cornélio Procópio – Bandeirantes,4105,Londrina
4126504,410021,Londrina,4105,Londrina
4126603,410022,Santo Antônio da Platina,4105,Londrina
4126652,410010,Pato Branco,4103,Cascavel
4126678,410021,Londrina,4105,Londrina
4126702,410017,Paranavaí,4104,Maringá
4126801,410018,Cianorte,4104,Maringá
4126900,410016,Umuarama,4104,Maringá
4127007,410029,Irati,4106,Ponta Grossa
4127106,410028,Telêmaco Borba,4106,Ponta Grossa
4127205,410018,Cianorte,4104,Maringá
4127304,410017,Paranavaí,4104,Maringá
4127403,410008,Toledo,4103,Cascavel
4127502,410028,Telêmaco Borba,4106,Ponta Grossa
4127601,410001,Curitiba,4101,Curitiba
4127700,410008,Toledo,4103,Cascavel
4127809,410022,Santo Antônio da Platina,4105,Londrina
4127858,410006,Cascavel,4103,Cascavel
4127882,410001,Curitiba,4101,Curitiba
4127908,410018,Cianorte,4104,Maringá
4127957,410008,Toledo,4103,Cascavel
4127965,410004,Guarapuava,4102,Guarapuava
4128005,410015,Campo Mourão,4104,Maringá
4128104,410016,Umuarama,4104,Maringá
4128203,410003,União da Vitória,4101,Curitiba
4128302,410014,Maringá,4104,Maringá
4128401,410024,Cornélio Procópio – Bandeirantes,4105,Londrina
4128500,410022,Santo Antônio da Platina,4105,Londrina
4128534,410028,Telêmaco Borba,4106,Ponta Grossa
4128559,410006,Cascavel,4103,Cascavel
4128609,410009,Francisco Beltrão,4103,Cascavel
4128625,410016,Umuarama,4104,Maringá
4128633,410001,Curitiba,4101,Curitiba
4128658,410011,Laranjeiras do Sul - Quedas do Iguaçu,4103,Cascavel
4128708,410010,Pato Branco,4103,Cascavel
4128807,410016,Umuarama,4104,Maringá
4200051,420008,Joaçaba - Herval d'Oeste,4204,Chapecó
4200101,420011,Xanxerê,4204,Chapecó
4200200,420022,Rio do Sul,4207,Blumenau
4200309,420022,Rio do Sul,4207,Blumenau
4200408,420008,Joaçaba - Herval d'Oeste,4204,Chapecó
4200507,420007,Chapecó,4204,Chapecó
4200556,420007,Chapecó,4204,Chapecó
4200606,420001,Florianópolis,4201,Florianópolis
4200705,420001,Florianópolis,4201,Florianópolis
4200754,420010,Concórdia,4204,Chapecó
4200804,420009,São Miguel do Oeste,4204,Chapecó
4200903,420001,Florianópolis,4201,Florianópolis
4201000,420005,Lages,4203,Lages
4201109,420001,Florianópolis,4201,Florianópolis
4201208,420001,Florianópolis,4201,Florianópolis
4201257,420019,Blumenau,4207,Blumenau
4201273,420010,Concórdia,4204,Chapecó
4201307,420016,Joinville,4206,Joinville
4201406,420004,Araranguá,4202,Criciúma
4201505,420003,Tubarão,4202,Criciúma
4201604,420015,Videira,4205,Caçador
4201653,420007,Chapecó,4204,Chapecó
4201703,420019,Blumenau,4207,Blumenau
4201802,420022,Rio do Sul,4207,Blumenau
4201901,420022,Rio do Sul,4207,Blumenau
4201950,420004,Araranguá,4202,Criciúma
4202008,420020,Itajaí,4207,Blumenau
4202057,420016,Joinville,4206,Joinville
4202073,420004,Araranguá,4202,Criciúma
4202081,420009,São Miguel do Oeste,4204,Chapecó
4202099,420009,São Miguel do Oeste,4204,Chapecó
4202107,420020,Itajaí,4207,Blumenau
4202131,420017,Mafra,4206,Joinville
4202156,420009,São Miguel do Oeste,4204,Chapecó
4202206,420019,Blumenau,4207,Blumenau
4202305,420001,Florianópolis,4201,Florianópolis
4202404,420019,Blumenau,4207,Blumenau
4202438,420005,Lages,4203,Lages
4202453,420020,Itajaí,4207,Blumenau
4202503,420005,Lages,4203,Lages
4202537,420011,Xanxerê,4204,Chapecó
4202578,420012,Maravilha,4204,Chapecó
4202602,420005,Lages,4203,Lages
4202701,420021,Brusque,4207,Blumenau
4202800,420003,Tubarão,4202,Criciúma
4202859,420022,Rio do Sul,4207,Blumenau
4202875,420006,Curitibanos,4203,Lages
4202909,420021,Brusque,4207,Blumenau
4203006,420014,Caçador,4205,Caçador
4203105,420007,Chapecó,4204,Chapecó
4203154,420014,Caçador,4205,Caçador
4203204,420020,Itajaí,4207,Blumenau
4203253,420005,Lages,4203,Lages
4203303,420018,São Bento do Sul - Rio Negrinho,4206,Joinville
4203402,420005,Lages,4203,Lages
4203501,420013,São Lourenço do Oeste,4204,Chapecó
4203600,420008,Joaçaba - Herval d'Oeste,4204,Chapecó
4203709,420021,Brusque,4207,Blumenau
4203808,420017,Mafra,4206,Joinville
4203907,420008,Joaçaba - Herval d'Oeste,4204,Chapecó
4203956,420003,Tubarão,4202,Criciúma
4204004,420008,Joaçaba - Herval d'Oeste,4204,Chapecó
4204103,420007,Chapecó,4204,Chapecó
4204152,420008,Joaçaba - Herval d'Oeste,4204,Chapecó
4204178,420005,Lages,4203,Lages
4204194,420024,Ituporanga,4207,Blumenau
4204202,420007,Chapecó,4204,Chapecó
4204251,420002,Criciúma,4202,Criciúma
4204301,420010,Concórdia,4204,Chapecó
4204350,420007,Chapecó,4204,Chapecó
4204400,420007,Chapecó,4204,Chapecó
4204459,420011,Xanxerê,4204,Chapecó
4204509,420016,Joinville,4206,Joinville
4204558,420005,Lages,4203,Lages
4204608,420002,Criciúma,4202,Criciúma
4204707,420012,Maravilha,4204,Chapecó
4204756,420007,Chapecó,4204,Chapecó
4204806,420006,Curitibanos,4203,Lages
4204905,420009,São Miguel do Oeste,4204,Chapecó
4205001,420009,São Miguel do Oeste,4204,Chapecó
4205100,420023,Ibirama - Presidente Getúlio,4207,Blumenau
4205159,420019,Blumenau,4207,Blumenau
4205175,420011,Xanxerê,4204,Chapecó
4205191,420004,Araranguá,4202,Criciúma
4205209,420008,Joaçaba - Herval d'Oeste,4204,Chapecó
4205308,420011,Xanxerê,4204,Chapecó
4205357,420009,São Miguel do Oeste,4204,Chapecó
4205407,420001,Florianópolis,4201,Florianópolis
4205431,420007,Chapecó,4204,Chapecó
4205456,420002,Criciúma,4202,Criciúma
4205506,420015,Videira,4205,Caçador
4205555,420006,Curitibanos,4203,Lages
4205605,420013,São Lourenço do Oeste,4204,Chapecó
4205704,420001,Florianópolis,4201,Florianópolis
4205803,420016,Joinville,4206,Joinville
4205902,420019,Blumenau,4207,Blumenau
4206009,420001,Florianópolis,4201,Florianópolis
4206108,420003,Tubarão,4202,Criciúma
4206207,420003,Tubarão,4202,Criciúma
4206306,420021,Brusque,4207,Blumenau
4206405,420009,São Miguel do Oeste,4204,Chapecó
4206504,420016,Joinville,4206,Joinville
4206603,420009,São Miguel do Oeste,4204,Chapecó
4206652,420007,Chapecó,4204,Chapecó
4206702,420008,Joaçaba - Herval d'Oeste,4204,Chapecó
4206751,420015,Videira,4205,Caçador
4206801,420008,Joaçaba - Herval d'Oeste,4204,Chapecó
4206900,420023,Ibirama - Presidente Getúlio,4207,Blumenau
4207007,420002,Criciúma,4202,Criciúma
4207106,420019,Blumenau,4207,Blumenau
4207205,420003,Tubarão,4202,Criciúma
4207304,420001,Florianópolis,4201,Florianópolis
4207403,420024,Ituporanga,4207,Blumenau
4207502,420019,Blumenau,4207,Blumenau
4207577,420015,Videira,4205,Caçador
4207601,420010,Concórdia,4204,Chapecó
4207650,420009,São Miguel do Oeste,4204,Chapecó
4207684,420011,Xanxerê,4204,Chapecó
4207700,420010,Concórdia,4204,Chapecó
4207759,420012,Maravilha,4204,Chapecó
4207809,420010,Concórdia,4204,Chapecó
4207858,420007,Chapecó,4204,Chapecó
4207908,420017,Mafra,4206,Joinville
4208005,420010,Concórdia,4204,Chapecó
4208104,420017,Mafra,4206,Joinville
4208203,420020,Itajaí,4207,Blumenau
4208302,420020,Itajaí,4207,Blumenau
4208401,420009,São Miguel do Oeste,4204,Chapecó
4208450,420016,Joinville,4206,Joinville
4208500,420024,Ituporanga,4207,Blumenau
4208609,420008,Joaçaba - Herval d'Oeste,4204,Chapecó
4208708,420004,Araranguá,4202,Criciúma
4208807,420003,Tubarão,4202,Criciúma
4208906,420016,Joinville,4206,Joinville
4208955,420007,Chapecó,4204,Chapecó
4209003,420008,Joaçaba - Herval d'Oeste,4204,Chapecó
4209102,420016,Joinville,4206,Joinville
4209151,420023,Ibirama - Presidente Getúlio,4207,Blumenau
4209177,420013,São Lourenço do Oeste,4204,Chapecó
4209201,420008,Joaçaba - Herval d'Oeste,4204,Chapecó
4209300,420005,Lages,4203,Lages
4209409,420003,Tubarão,4202,Criciúma
4209458,420007,Chapecó,4204,Chapecó
4209508,420022,Rio do Sul,4207,Blumenau
4209607,420002,Criciúma,4202,Criciúma
4209706,420014,Caçador,4205,Caçador
4209805,420024,Ituporanga,4207,Blumenau
4209854,420010,Concórdia,4204,Chapecó
4209904,420022,Rio do Sul,4207,Blumenau
4210001,420020,Itajaí,4207,Blumenau
4210035,420008,Joaçaba - Herval d'Oeste,4204,Chapecó
4210050,420014,Caçador,4205,Caçador
4210100,420017,Mafra,4206,Joinville
4210209,420021,Brusque,4207,Blumenau
4210308,420017,Mafra,4206,Joinville
4210407,420004,Araranguá,4202,Criciúma
4210506,420012,Maravilha,4204,Chapecó
4210555,420007,Chapecó,4204,Chapecó
4210605,420016,Joinville,4206,Joinville
4210704,420014,Caçador,4205,Caçador
4210803,420004,Araranguá,4202,Criciúma
4210852,420022,Rio do Sul,4207,Blumenau
4210902,420007,Chapecó,4204,Chapecó
4211009,420007,Chapecó,4204,Chapecó
4211058,420015,Videira,4205,Caçador
4211108,420017,Mafra,4206,Joinville
4211207,420002,Criciúma,4202,Criciúma
4211256,420002,Criciúma,4202,Criciúma
4211306,420020,Itajaí,4207,Blumenau
4211405,420007,Chapecó,4204,Chapecó
4211454,420007,Chapecó,4204,Chapecó
4211504,420021,Brusque,4207,Blumenau
4211603,420002,Criciúma,4202,Criciúma
4211652,420013,São Lourenço do Oeste,4204,Chapecó
4211702,420002,Criciúma,4202,Criciúma
4211751,420005,Lages,4203,Lages
4211801,420008,Joaçaba - Herval d'Oeste,4204,Chapecó
4211850,420011,Xanxerê,4204,Chapecó
4211876,420007,Chapecó,4204,Chapecó
4211892,420005,Lages,4203,Lages
4211900,420001,Florianópolis,4201,Florianópolis
4212007,420009,São Miguel do Oeste,4204,Chapecó
4212056,420005,Lages,4203,Lages
4212106,420007,Chapecó,4204,Chapecó
4212205,420017,Mafra,4206,Joinville
4212239,420009,São Miguel do Oeste,4204,Chapecó
4212254,420004,Araranguá,4202,Criciúma
4212270,420011,Xanxerê,4204,Chapecó
4212304,420001,Florianópolis,4201,Florianópolis
4212403,420003,Tubarão,4202,Criciúma
4212502,420020,Itajaí,4207,Blumenau
4212601,420010,Concórdia,4204,Chapecó
4212650,420003,Tubarão,4202,Criciúma
4212700,420024,Ituporanga,4207,Blumenau
4212809,420020,Itajaí,4207,Blumenau
4212908,420007,Chapecó,4204,Chapecó
4213005,420015,Videira,4205,Caçador
4213104,420010,Concórdia,4204,Chapecó
4213153,420007,Chapecó,4204,Chapecó
4213203,420019,Blumenau,4207,Blumenau
4213302,420005,Lages,4203,Lages
4213351,420006,Curitibanos,4203,Lages
4213401,420011,Xanxerê,4204,Chapecó
4213500,420020,Itajaí,4207,Blumenau
4213609,420017,Mafra,4206,Joinville
4213708,420022,Rio do Sul,4207,Blumenau
4213807,420004,Araranguá,4202,Criciúma
4213906,420010,Concórdia,4204,Chapecó
4214003,420023,Ibirama - Presidente Getúlio,4207,Blumenau
4214102,420022,Rio do Sul,4207,Blumenau
4214151,420009,São Miguel do Oeste,4204,Chapecó
4214201,420007,Chapecó,4204,Chapecó
4214300,420001,Florianópolis,4201,Florianópolis
4214409,420015,Videira,4205,Caçador
4214508,420022,Rio do Sul,4207,Blumenau
4214607,420022,Rio do Sul,4207,Blumenau
4214706,420019,Blumenau,4207,Blumenau
4214805,420022,Rio do Sul,4207,Blumenau
4214904,420003,Tubarão,4202,Criciúma
4215000,420018,São Bento do Sul - Rio Negrinho,4206,Joinville
4215059,420005,Lages,4203,Lages
4215075,420007,Chapecó,4204,Chapecó
4215109,420019,Blumenau,4207,Blumenau
4215208,420009,São Miguel do Oeste,4204,Chapecó
4215307,420022,Rio do Sul,4207,Blumenau
4215356,420012,Maravilha,4204,Chapecó
4215406,420015,Videira,4205,Caçador
4215455,420003,Tubarão,4202,Criciúma
4215505,420006,Curitibanos,4203,Lages
4215554,420009,São Miguel do Oeste,4204,Chapecó
4215604,420003,Tubarão,4202,Criciúma
4215653,420004,Araranguá,4202,Criciúma
4215679,420022,Rio do Sul,4207,Blumenau
4215687,420012,Maravilha,4204,Chapecó
4215695,420007,Chapecó,4204,Chapecó
4215703,420001,Florianópolis,4201,Florianópolis
4215752,420013,São Lourenço do Oeste,4204,Chapecó
4215802,420018,São Bento do Sul - Rio Negrinho,4206,Joinville
4215901,420001,Florianópolis,4201,Florianópolis
4216008,420007,Chapecó,4204,Chapecó
4216057,420006,Curitibanos,4203,Lages
4216107,420011,Xanxerê,4204,Chapecó
4216206,420016,Joinville,4206,Joinville
4216255,420009,São Miguel do Oeste,4204,Chapecó
4216305,420021,Brusque,4207,Blumenau
4216354,420016,Joinville,4206,Joinville
4216404,420004,Araranguá,4202,Criciúma
4216503,420005,Lages,4203,Lages
4216602,420001,Florianópolis,4201,Florianópolis
4216701,420009,São Miguel do Oeste,4204,Chapecó
4216800,420005,Lages,4203,Lages
4216909,420013,São Lourenço do Oeste,4204,Chapecó
4217006,420003,Tubarão,4202,Criciúma
4217105,420003,Tubarão,4202,Criciúma
4217154,420012,Maravilha,4204,Chapecó
4217204,420009,São Miguel do Oeste,4204,Chapecó
4217253,420001,Florianópolis,4201,Florianópolis
4217303,420007,Chapecó,4204,Chapecó
4217402,420016,Joinville,4206,Joinville
4217501,420010,Concórdia,4204,Chapecó
4217550,420007,Chapecó,4204,Chapecó
4217600,420002,Criciúma,4202,Criciúma
4217709,420004,Araranguá,4202,Criciúma
4217758,420007,Chapecó,4204,Chapecó
4217808,420022,Rio do Sul,4207,Blumenau
4217907,420015,Videira,4205,Caçador
4217956,420012,Maravilha,4204,Chapecó
4218004,420020,Itajaí,4207,Blumenau
4218103,420004,Araranguá,4202,Criciúma
4218202,420019,Blumenau,4207,Blumenau
4218251,420014,Caçador,4205,Caçador
4218301,420017,Mafra,4206,Joinville
4218350,420002,Criciúma,4202,Criciúma
4218400,420003,Tubarão,4202,Criciúma
4218509,420008,Joaçaba - Herval d'Oeste,4204,Chapecó
4218608,420022,Rio do Sul,4207,Blumenau
4218707,420003,Tubarão,4202,Criciúma
4218756,420009,São Miguel do Oeste,4204,Chapecó
4218806,420004,Araranguá,4202,Criciúma
4218855,420007,Chapecó,4204,Chapecó
4218905,420005,Lages,4203,Lages
4218954,420005,Lages,4203,Lages
4219002,420002,Criciúma,4202,Criciúma
4219101,420011,Xanxerê,4204,Chapecó
4219150,420008,Joaçaba - Herval d'Oeste,4204,Chapecó
4219176,420008,Joaçaba - Herval d'Oeste,4204,Chapecó
4219200,420024,Ituporanga,4207,Blumenau
4219309,420015,Videira,4205,Caçador
4219358,420023,Ibirama - Presidente Getúlio,4207,Blumenau
4219408,420023,Ibirama - Presidente Getúlio,4207,Blumenau
4219507,420011,Xanxerê,4204,Chapecó
4219606,420011,Xanxerê,4204,Chapecó
4219705,420007,Chapecó,4204,Chapecó
4219853,420008,Joaçaba - Herval d'Oeste,4204,Chapecó
4220000,420002,Criciúma,4202,Criciúma
4300034,430010,Bagé,4302,Pelotas
4300059,430032,Tapejara - Sananduva,4306,Passo Fundo
4300109,430011,Santa Maria,4303,Santa Maria
4300208,430018,Ijuí,4305,Ijuí
4300307,430019,Santa Rosa,4305,Ijuí
4300406,430015,Uruguaiana,4304,Uruguaiana
4300455,430023,Três de Maio,4305,Ijuí
4300471,430028,Carazinho,4306,Passo Fundo
4300505,430035,Nonoai,4306,Passo Fundo
4300554,430025,Passo Fundo,4306,Passo Fundo
4300570,430036,Caxias do Sul,4307,Caxias do Sul
4300604,430001,Porto Alegre,4301,Porto Alegre
4300638,430005,Camaquã,4301,Porto Alegre
4300646,430029,Frederico Westphalen,4306,Passo Fundo
4300661,430038,Nova Prata - Guaporé,4307,Caxias do Sul
4300703,430043,Encantado,4308,Santa Cruz do Sul - Lajeado
4300802,430036,Caxias do Sul,4307,Caxias do Sul
4300851,430005,Camaquã,4301,Porto Alegre
4300877,430002,Novo Hamburgo - São Leopoldo,4301,Porto Alegre
4300901,430026,Erechim,4306,Passo Fundo
4301008,430041,Lajeado,4308,Santa Cruz do Sul - Lajeado
4301057,430008,Torres,4301,Porto Alegre
4301073,430009,Pelotas,4302,Pelotas
4301107,430001,Porto Alegre,4301,Porto Alegre
4301206,430042,Sobradinho,4308,Santa Cruz do Sul - Lajeado
4301305,430009,Pelotas,4302,Pelotas
4301404,430031,Soledade,4306,Passo Fundo
4301503,430018,Ijuí,4305,Ijuí
4301552,430026,Erechim,4306,Passo Fundo
4301602,430010,Bagé,4302,Pelotas
4301636,430003,Tramandaí - Osório,4301,Porto Alegre
4301651,430037,Bento Gonçalves,4307,Caxias do Sul
4301701,430026,Erechim,4306,Passo Fundo
4301750,430001,Porto Alegre,4301,Porto Alegre
4301800,430033,Lagoa Vermelha,4306,Passo Fundo
4301859,430021,Três Passos,4305,Ijuí
4301875,430015,Uruguaiana,4304,Uruguaiana
4301909,430001,Porto Alegre,4301,Porto Alegre
4301925,430026,Erechim,4306,Passo Fundo
4301958,430028,Carazinho,4306,Passo Fundo
4302006,430031,Soledade,4306,Passo Fundo
4302055,430026,Erechim,4306,Passo Fundo
4302105,430037,Bento Gonçalves,4307,Caxias do Sul
4302154,430029,Frederico Westphalen,4306,Passo Fundo
4302204,430023,Três de Maio,4305,Ijuí
4302220,430027,Cruz Alta,4306,Passo Fundo
4302238,430027,Cruz Alta,4306,Passo Fundo
4302253,430037,Bento Gonçalves,4307,Caxias do Sul
4302303,430039,Vacaria,4307,Caxias do Sul
4302352,430002,Novo Hamburgo - São Leopoldo,4301,Porto Alegre
4302378,430021,Três Passos,4305,Ijuí
4302402,430041,Lajeado,4308,Santa Cruz do Sul - Lajeado
4302451,430041,Lajeado,4308,Santa Cruz do Sul - Lajeado
4302501,430022,São Luiz Gonzaga,4305,Ijuí
4302584,430018,Ijuí,4305,Ijuí
4302600,430021,Três Passos,4305,Ijuí
4302659,430007,Montenegro,4301,Porto Alegre
4302709,430006,Charqueadas - Triunfo - São Jerônimo,4301,Porto Alegre
4302808,430012,São Gabriel - Caçapava do Sul,4303,Santa Maria
4302907,430011,Santa Maria,4303,Santa Maria
4303004,430013,Cachoeira do Sul,4303,Santa Maria
4303103,430001,Porto Alegre,4301,Porto Alegre
4303202,430033,Lagoa Vermelha,4306,Passo Fundo
4303301,430022,São Luiz Gonzaga,4305,Ijuí
4303400,430029,Frederico Westphalen,4306,Passo Fundo
4303509,430005,Camaquã,4301,Porto Alegre
4303558,430030,Marau,4306,Passo Fundo
4303608,430036,Caxias do Sul,4307,Caxias do Sul
4303673,430036,Caxias do Sul,4307,Caxias do Sul
4303707,430019,Santa Rosa,4305,Ijuí
4303806,430026,Erechim,4306,Passo Fundo
4303905,430002,Novo Hamburgo - São Leopoldo,4301,Porto Alegre
4304002,430021,Três Passos,4305,Ijuí
4304101,430025,Passo Fundo,4306,Passo Fundo
4304200,430040,Santa Cruz do Sul,4308,Santa Cruz do Sul - Lajeado
4304309,430019,Santa Rosa,4305,Ijuí
4304358,430010,Bagé,4302,Pelotas
4304408,430036,Caxias do Sul,4307,Caxias do Sul
4304507,430009,Pelotas,4302,Pelotas
4304606,430001,Porto Alegre,4301,Porto Alegre
4304614,430041,Lajeado,4308,Santa Cruz do Sul - Lajeado
4304622,430033,Lagoa Vermelha,4306,Passo Fundo
4304630,430003,Tramandaí - Osório,4301,Porto Alegre
4304655,430014,Santiago,4303,Santa Maria
4304663,430009,Pelotas,4302,Pelotas
4304671,430001,Porto Alegre,4301,Porto Alegre
4304689,430002,Novo Hamburgo - São Leopoldo,4301,Porto Alegre
4304697,430041,Lajeado,4308,Santa Cruz do Sul - Lajeado
4304705,430028,Carazinho,4306,Passo Fundo
4304713,430001,Porto Alegre,4301,Porto Alegre
4304804,430037,Bento Gonçalves,4307,Caxias do Sul
4304853,430026,Erechim,4306,Passo Fundo
4304903,430030,Marau,4306,Passo Fundo
4304952,430033,Lagoa Vermelha,4306,Passo Fundo
4305009,430018,Ijuí,4305,Ijuí
4305108,430036,Caxias do Sul,4307,Caxias do Sul
4305116,430026,Erechim,4306,Passo Fundo
4305124,430009,Pelotas,4302,Pelotas
4305132,430013,Cachoeira do Sul,4303,Santa Maria
4305157,430034,Palmeira das Missões,4306,Passo Fundo
4305173,430005,Camaquã,4301,Porto Alegre
4305207,430024,Cerro Largo,4305,Ijuí
4305306,430028,Carazinho,4306,Passo Fundo
4305355,430006,Charqueadas - Triunfo - São Jerônimo,4301,Porto Alegre
4305371,430032,Tapejara - Sananduva,4306,Passo Fundo
4305405,430018,Ijuí,4305,Ijuí
4305439,430009,Pelotas,4302,Pelotas
4305447,430005,Camaquã,4301,Porto Alegre
4305454,430003,Tramandaí - Osório,4301,Porto Alegre
4305504,430030,Marau,4306,Passo Fundo
4305587,430041,Lajeado,4308,Santa Cruz do Sul - Lajeado
4305603,430028,Carazinho,4306,Passo Fundo
4305702,430018,Ijuí,4305,Ijuí
4305801,430028,Carazinho,4306,Passo Fundo
4305835,430041,Lajeado,4308,Santa Cruz do Sul - Lajeado
4305850,430028,Carazinho,4306,Passo Fundo
4305871,430018,Ijuí,4305,Ijuí
4305900,430018,Ijuí,4305,Ijuí
4305934,430037,Bento Gonçalves,4307,Caxias do Sul
4305959,430037,Bento Gonçalves,4307,Caxias do Sul
4305975,430025,Passo Fundo,4306,Passo Fundo
4306007,430021,Três Passos,4305,Ijuí
4306056,430005,Camaquã,4301,Porto Alegre
4306072,430029,Frederico Westphalen,4306,Passo Fundo
4306106,430027,Cruz Alta,4306,Passo Fundo
4306130,430026,Erechim,4306,Passo Fundo
4306205,430041,Lajeado,4308,Santa Cruz do Sul - Lajeado
4306304,430030,Marau,4306,Passo Fundo
4306320,430021,Três Passos,4305,Ijuí
4306353,430022,São Luiz Gonzaga,4305,Ijuí
4306379,430011,Santa Maria,4303,Santa Maria
4306403,430002,Novo Hamburgo - São Leopoldo,4301,Porto Alegre
4306429,430034,Palmeira das Missões,4306,Passo Fundo
4306452,430038,Nova Prata - Guaporé,4307,Caxias do Sul
4306502,430005,Camaquã,4301,Porto Alegre
4306551,430008,Torres,4301,Porto Alegre
4306601,430010,Bagé,4302,Pelotas
4306700,430011,Santa Maria,4303,Santa Maria
4306734,430023,Três de Maio,4305,Ijuí
4306759,430043,Encantado,4308,Santa Cruz do Sul - Lajeado
4306767,430001,Porto Alegre,4301,Porto Alegre
4306809,430043,Encantado,4308,Santa Cruz do Sul - Lajeado
4306908,430040,Santa Cruz do Sul,4308,Santa Cruz do Sul - Lajeado
4306924,430028,Carazinho,4306,Passo Fundo
4306932,430020,Santo Ângelo,4305,Ijuí
4306957,430026,Erechim,4306,Passo Fundo
4306973,430026,Erechim,4306,Passo Fundo
4307005,430026,Erechim,4306,Passo Fundo
4307054,430025,Passo Fundo,4306,Passo Fundo
4307104,430009,Pelotas,4302,Pelotas
4307203,430026,Erechim,4306,Passo Fundo
4307302,430029,Frederico Westphalen,4306,Passo Fundo
4307401,430039,Vacaria,4307,Caxias do Sul
4307450,430021,Três Passos,4305,Ijuí
4307500,430025,Passo Fundo,4306,Passo Fundo
4307559,430026,Erechim,4306,Passo Fundo
4307609,430002,Novo Hamburgo - São Leopoldo,4301,Porto Alegre
4307708,430001,Porto Alegre,4301,Porto Alegre
4307807,430041,Lajeado,4308,Santa Cruz do Sul - Lajeado
4307815,430042,Sobradinho,4308,Santa Cruz do Sul - Lajeado
4307831,430020,Santo Ângelo,4305,Ijuí
4307864,430037,Bento Gonçalves,4307,Caxias do Sul
4307906,430036,Caxias do Sul,4307,Caxias do Sul
4308003,430011,Santa Maria,4303,Santa Maria
4308052,430026,Erechim,4306,Passo Fundo
4308078,430041,Lajeado,4308,Santa Cruz do Sul - Lajeado
4308102,430036,Caxias do Sul,4307,Caxias do Sul
4308201,430036,Caxias do Sul,4307,Caxias do Sul
4308250,430026,Erechim,4306,Passo Fundo
4308300,430031,Soledade,4306,Passo Fundo
4308409,430011,Santa Maria,4303,Santa Maria
4308433,430041,Lajeado,4308,Santa Cruz do Sul - Lajeado
4308458,430027,Cruz Alta,4306,Passo Fundo
4308508,430029,Frederico Westphalen,4306,Passo Fundo
4308607,430037,Bento Gonçalves,4307,Caxias do Sul
4308656,430022,São Luiz Gonzaga,4305,Ijuí
4308706,430026,Erechim,4306,Passo Fundo
4308805,430006,Charqueadas - Triunfo - São Jerônimo,4301,Porto Alegre
4308854,430030,Marau,4306,Passo Fundo
4308904,430026,Erechim,4306,Passo Fundo
4309001,430020,Santo Ângelo,4305,Ijuí
4309050,430001,Porto Alegre,4301,Porto Alegre
4309100,430036,Caxias do Sul,4307,Caxias do Sul
4309126,430035,Nonoai,4306,Passo Fundo
4309159,430040,Santa Cruz do Sul,4308,Santa Cruz do Sul - Lajeado
4309209,430001,Porto Alegre,4301,Porto Alegre
4309258,430038,Nova Prata - Guaporé,4307,Caxias do Sul
4309308,430001,Porto Alegre,4301,Porto Alegre
4309407,430038,Nova Prata - Guaporé,4307,Caxias do Sul
4309506,430020,Santo Ângelo,4305,Ijuí
4309555,430002,Novo Hamburgo - São Leopoldo,4301,Porto Alegre
4309571,430040,Santa Cruz do Sul,4308,Santa Cruz do Sul - Lajeado
4309605,430023,Três de Maio,4305,Ijuí
4309654,430010,Bagé,4302,Pelotas
4309704,430021,Três Passos,4305,Ijuí
4309753,430042,Sobradinho,4308,Santa Cruz do Sul - Lajeado
4309803,430032,Tapejara - Sananduva,4306,Passo Fundo
4309902,430033,Lagoa Vermelha,4306,Passo Fundo
4309951,430031,Soledade,4306,Passo Fundo
4310009,430027,Cruz Alta,4306,Passo Fundo
4310108,430004,Taquara - Parobé - Igrejinha,4301,Porto Alegre
4310207,430018,Ijuí,4305,Ijuí
4310306,430043,Encantado,4308,Santa Cruz do Sul - Lajeado
4310330,430003,Tramandaí - Osório,4301,Porto Alegre
4310363,430041,Lajeado,4308,Santa Cruz do Sul - Lajeado
4310405,430023,Três de Maio,4305,Ijuí
4310413,430018,Ijuí,4305,Ijuí
4310439,430036,Caxias do Sul,4307,Caxias do Sul
4310462,430026,Erechim,4306,Passo Fundo
4310504,430029,Frederico Westphalen,4306,Passo Fundo
4310538,430011,Santa Maria,4303,Santa Maria
4310553,430014,Santiago,4303,Santa Maria
4310579,430031,Soledade,4306,Passo Fundo
4310603,430017,São Borja,4304,Uruguaiana
4310652,430003,Tramandaí - Osório,4301,Porto Alegre
4310702,430026,Erechim,4306,Passo Fundo
4310751,430011,Santa Maria,4303,Santa Maria
4310801,430002,Novo Hamburgo - São Leopoldo,4301,Porto Alegre
4310850,430029,Frederico Westphalen,4306,Passo Fundo
4310876,430027,Cruz Alta,4306,Passo Fundo
4310900,430026,Erechim,4306,Passo Fundo
4311007,430009,Pelotas,4302,Pelotas
4311106,430011,Santa Maria,4303,Santa Maria
4311122,430039,Vacaria,4307,Caxias do Sul
4311130,430011,Santa Maria,4303,Santa Maria
4311155,430018,Ijuí,4305,Ijuí
4311205,430011,Santa Maria,4303,Santa Maria
4311239,430042,Sobradinho,4308,Santa Cruz do Sul - Lajeado
4311254,430042,Sobradinho,4308,Santa Cruz do Sul - Lajeado
4311270,430025,Passo Fundo,4306,Passo Fundo
4311304,430033,Lagoa Vermelha,4306,Passo Fundo
4311403,430041,Lajeado,4308,Santa Cruz do Sul - Lajeado
4311429,430034,Palmeira das Missões,4306,Passo Fundo
4311502,430012,São Gabriel - Caçapava do Sul,4303,Santa Maria
4311601,430029,Frederico Westphalen,4306,Passo Fundo
4311627,430002,Novo Hamburgo - São Leopoldo,4301,Porto Alegre
4311643,430002,Novo Hamburgo - São Leopoldo,4301,Porto Alegre
4311700,430033,Lagoa Vermelha,4306,Passo Fundo
4311718,430017,São Borja,4304,Uruguaiana
4311734,430008,Torres,4301,Porto Alegre
4311759,430015,Uruguaiana,4304,Uruguaiana
4311775,430003,Tramandaí - Osório,4301,Porto Alegre
4311791,430007,Montenegro,4301,Porto Alegre
4311809,430030,Marau,4306,Passo Fundo
4311908,430026,Erechim,4306,Passo Fundo
4311981,430001,Porto Alegre,4301,Porto Alegre
4312005,430026,Erechim,4306,Passo Fundo
4312054,430041,Lajeado,4308,Santa Cruz do Sul - Lajeado
4312104,430011,Santa Maria,4303,Santa Maria
4312138,430025,Passo Fundo,4306,Passo Fundo
4312153,430040,Santa Cruz do Sul,4308,Santa Cruz do Sul - Lajeado
4312179,430024,Cerro Largo,4305,Ijuí
4312203,430032,Tapejara - Sananduva,4306,Passo Fundo
4312252,430006,Charqueadas - Triunfo - São Jerônimo,4301,Porto Alegre
4312302,430021,Três Passos,4305,Ijuí
4312351,430038,Nova Prata - Guaporé,4307,Caxias do Sul
4312377,430039,Vacaria,4307,Caxias do Sul
4312385,430037,Bento Gonçalves,4307,Caxias do Sul
4312401,430007,Montenegro,4301,Porto Alegre
4312427,430031,Soledade,4306,Passo Fundo
4312443,430008,Torres,4301,Porto Alegre
4312450,430009,Pelotas,4302,Pelotas
4312476,430002,Novo Hamburgo - São Leopoldo,4301,Porto Alegre
4312500,430001,Porto Alegre,4301,Porto Alegre
4312609,430043,Encantado,4308,Santa Cruz do Sul - Lajeado
4312617,430039,Vacaria,4307,Caxias do Sul
4312625,430030,Marau,4306,Passo Fundo
4312658,430028,Carazinho,4306,Passo Fundo
4312674,430025,Passo Fundo,4306,Passo Fundo
4312708,430035,Nonoai,4306,Passo Fundo
4312757,430030,Marau,4306,Passo Fundo
4312807,430038,Nova Prata - Guaporé,4307,Caxias do Sul
4312906,430038,Nova Prata - Guaporé,4307,Caxias do Sul
4312955,430028,Carazinho,4306,Passo Fundo
4313003,430043,Encantado,4308,Santa Cruz do Sul - Lajeado
4313011,430023,Três de Maio,4305,Ijuí
4313037,430014,Santiago,4303,Santa Maria
4313060,430002,Novo Hamburgo - São Leopoldo,4301,Porto Alegre
4313086,430036,Caxias do Sul,4307,Caxias do Sul
4313102,430011,Santa Maria,4303,Santa Maria
4313201,430036,Caxias do Sul,4307,Caxias do Sul
4313300,430038,Nova Prata - Guaporé,4307,Caxias do Sul
4313334,430018,Ijuí,4305,Ijuí
4313359,430036,Caxias do Sul,4307,Caxias do Sul
4313375,430001,Porto Alegre,4301,Porto Alegre
4313391,430013,Cachoeira do Sul,4303,Santa Maria
4313409,430002,Novo Hamburgo - São Leopoldo,4301,Porto Alegre
4313425,430019,Santa Rosa,4305,Ijuí
4313441,430029,Frederico Westphalen,4306,Passo Fundo
4313466,430028,Carazinho,4306,Passo Fundo
4313490,430034,Palmeira das Missões,4306,Passo Fundo
4313508,430003,Tramandaí - Osório,4301,Porto Alegre
4313607,430032,Tapejara - Sananduva,4306,Passo Fundo
4313656,430001,Porto Alegre,4301,Porto Alegre
4313706,430034,Palmeira das Missões,4306,Passo Fundo
4313805,430029,Frederico Westphalen,4306,Passo Fundo
4313904,430018,Ijuí,4305,Ijuí
4313953,430040,Santa Cruz do Sul,4308,Santa Cruz do Sul - Lajeado
4314001,430038,Nova Prata - Guaporé,4307,Caxias do Sul
4314027,430013,Cachoeira do Sul,4303,Santa Maria
4314035,430007,Montenegro,4301,Porto Alegre
4314050,430004,Taquara - Parobé - Igrejinha,4301,Porto Alegre
4314068,430042,Sobradinho,4308,Santa Cruz do Sul - Lajeado
4314076,430040,Santa Cruz do Sul,4308,Santa Cruz do Sul - Lajeado
4314100,430025,Passo Fundo,4306,Passo Fundo
4314134,430026,Erechim,4306,Passo Fundo
4314159,430041,Lajeado,4308,Santa Cruz do Sul - Lajeado
4314175,430010,Bagé,4302,Pelotas
4314209,430009,Pelotas,4302,Pelotas
4314308,430018,Ijuí,4305,Ijuí
4314407,430009,Pelotas,4302,Pelotas
4314423,430036,Caxias do Sul,4307,Caxias do Sul
4314456,430029,Frederico Westphalen,4306,Passo Fundo
4314464,430039,Vacaria,4307,Caxias do Sul
4314472,430011,Santa Maria,4303,Santa Maria
4314498,430029,Frederico Westphalen,4306,Passo Fundo
4314506,430010,Bagé,4302,Pelotas
4314548,430037,Bento Gonçalves,4307,Caxias do Sul
4314555,430022,São Luiz Gonzaga,4305,Ijuí
4314605,430009,Pelotas,4302,Pelotas
4314704,430035,Nonoai,4306,Passo Fundo
4314753,430041,Lajeado,4308,Santa Cruz do Sul - Lajeado
4314779,430025,Passo Fundo,4306,Passo Fundo
4314787,430026,Erechim,4306,Passo Fundo
4314803,430002,Novo Hamburgo - São Leopoldo,4301,Porto Alegre
4314902,430001,Porto Alegre,4301,Porto Alegre
4315008,430019,Santa Rosa,4305,Ijuí
4315057,430019,Santa Rosa,4305,Ijuí
4315073,430019,Santa Rosa,4305,Ijuí
4315107,430024,Cerro Largo,4305,Ijuí
4315131,430041,Lajeado,4308,Santa Cruz do Sul - Lajeado
4315149,430002,Novo Hamburgo - São Leopoldo,4301,Porto Alegre
4315156,430041,Lajeado,4308,Santa Cruz do Sul - Lajeado
4315172,430038,Nova Prata - Guaporé,4307,Caxias do Sul
4315206,430043,Encantado,4308,Santa Cruz do Sul - Lajeado
4315305,430016,Santana do Livramento,4304,Uruguaiana
4315313,430026,Erechim,4306,Passo Fundo
4315321,430011,Santa Maria,4303,Santa Maria
4315354,430027,Cruz Alta,4306,Passo Fundo
4315404,430021,Três Passos,4305,Ijuí
4315453,430043,Encantado,4308,Santa Cruz do Sul - Lajeado
4315503,430011,Santa Maria,4303,Santa Maria
4315552,430035,Nonoai,4306,Passo Fundo
4315602,430009,Pelotas,4302,Pelotas
4315701,430040,Santa Cruz do Sul,4308,Santa Cruz do Sul - Lajeado
4315750,430004,Taquara - Parobé - Igrejinha,4301,Porto Alegre
4315800,430043,Encantado,4308,Santa Cruz do Sul - Lajeado
4315909,430029,Frederico Westphalen,4306,Passo Fundo
4315958,430022,São Luiz Gonzaga,4305,Ijuí
4316006,430004,Taquara - Parobé - Igrejinha,4301,Porto Alegre
4316105,430025,Passo Fundo,4306,Passo Fundo
4316204,430028,Carazinho,4306,Passo Fundo
4316303,430024,Cerro Largo,4305,Ijuí
4316402,430016,Santana do Livramento,4304,Uruguaiana
4316428,430034,Palmeira das Missões,4306,Passo Fundo
4316436,430028,Carazinho,4306,Passo Fundo
4316451,430027,Cruz Alta,4306,Passo Fundo
4316477,430024,Cerro Largo,4305,Ijuí
4316501,430007,Montenegro,4301,Porto Alegre
4316600,430032,Tapejara - Sananduva,4306,Passo Fundo
4316709,430027,Cruz Alta,4306,Passo Fundo
4316733,430032,Tapejara - Sananduva,4306,Passo Fundo
4316758,430041,Lajeado,4308,Santa Cruz do Sul - Lajeado
4316808,430040,Santa Cruz do Sul,4308,Santa Cruz do Sul - Lajeado
4316907,430011,Santa Maria,4303,Santa Maria
4316956,430002,Novo Hamburgo - São Leopoldo,4301,Porto Alegre
4316972,430012,São Gabriel - Caçapava do Sul,4303,Santa Maria
4317004,430012,São Gabriel - Caçapava do Sul,4303,Santa Maria
4317103,430016,Santana do Livramento,4304,Uruguaiana
4317202,430019,Santa Rosa,4305,Ijuí
4317251,430037,Bento Gonçalves,4307,Caxias do Sul
4317301,430009,Pelotas,4302,Pelotas
4317400,430014,Santiago,4303,Santa Maria
4317509,430020,Santo Ângelo,4305,Ijuí
4317558,430030,Marau,4306,Passo Fundo
4317608,430001,Porto Alegre,4301,Porto Alegre
4317707,430022,São Luiz Gonzaga,4305,Ijuí
4317756,430028,Carazinho,4306,Passo Fundo
4317806,430018,Ijuí,4305,Ijuí
4317905,430019,Santa Rosa,4305,Ijuí
4317954,430032,Tapejara - Sananduva,4306,Passo Fundo
4318002,430017,São Borja,4304,Uruguaiana
4318051,430030,Marau,4306,Passo Fundo
4318101,430011,Santa Maria,4303,Santa Maria
4318200,430036,Caxias do Sul,4307,Caxias do Sul
4318309,430012,São Gabriel - Caçapava do Sul,4303,Santa Maria
4318408,430006,Charqueadas - Triunfo - São Jerônimo,4301,Porto Alegre
4318424,430032,Tapejara - Sananduva,4306,Passo Fundo
4318432,430011,Santa Maria,4303,Santa Maria
4318440,430038,Nova Prata - Guaporé,4307,Caxias do Sul
4318457,430034,Palmeira das Missões,4306,Passo Fundo
4318465,430031,Soledade,4306,Passo Fundo
4318481,430002,Novo Hamburgo - São Leopoldo,4301,Porto Alegre
4318499,430023,Três de Maio,4305,Ijuí
4318507,430009,Pelotas,4302,Pelotas
4318606,430033,Lagoa Vermelha,4306,Passo Fundo
4318614,430007,Montenegro,4301,Porto Alegre
4318622,430039,Vacaria,4307,Caxias do Sul
4318705,430002,Novo Hamburgo - São Leopoldo,4301,Porto Alegre
4318804,430009,Pelotas,4302,Pelotas
4318903,430022,São Luiz Gonzaga,4305,Ijuí
4319000,430036,Caxias do Sul,4307,Caxias do Sul
4319109,430021,Três Passos,4305,Ijuí
4319125,430011,Santa Maria,4303,Santa Maria
4319158,430020,Santo Ângelo,4305,Ijuí
4319208,430022,São Luiz Gonzaga,4305,Ijuí
4319307,430024,Cerro Largo,4305,Ijuí
4319356,430007,Montenegro,4301,Porto Alegre
4319364,430034,Palmeira das Missões,4306,Passo Fundo
4319372,430024,Cerro Largo,4305,Ijuí
4319406,430011,Santa Maria,4303,Santa Maria
4319505,430002,Novo Hamburgo - São Leopoldo,4301,Porto Alegre
4319604,430011,Santa Maria,4303,Santa Maria
4319703,430026,Erechim,4306,Passo Fundo
4319711,430037,Bento Gonçalves,4307,Caxias do Sul
4319737,430018,Ijuí,4305,Ijuí
4319752,430002,Novo Hamburgo - São Leopoldo,4301,Porto Alegre
4319802,430011,Santa Maria,4303,Santa Maria
4319901,430002,Novo Hamburgo - São Leopoldo,4301,Porto Alegre
4320008,430001,Porto Alegre,4301,Porto Alegre
4320107,430028,Carazinho,4306,Passo Fundo
4320206,430029,Frederico Westphalen,4306,Passo Fundo
4320230,430021,Três Passos,4305,Ijuí
4320263,430042,Sobradinho,4308,Santa Cruz do Sul - Lajeado
4320305,430027,Cruz Alta,4306,Passo Fundo
4320321,430019,Santa Rosa,4305,Ijuí
4320354,430005,Camaquã,4301,Porto Alegre
4320404,430038,Nova Prata - Guaporé,4307,Caxias do Sul
4320453,430041,Lajeado,4308,Santa Cruz do Sul - Lajeado
4320503,430025,Passo Fundo,4306,Passo Fundo
4320552,430001,Porto Alegre,4301,Porto Alegre
4320578,430020,Santo Ângelo,4305,Ijuí
4320602,430026,Erechim,4306,Passo Fundo
4320651,430011,Santa Maria,4303,Santa Maria
4320677,430040,Santa Cruz do Sul,4308,Santa Cruz do Sul - Lajeado
4320701,430042,Sobradinho,4308,Santa Cruz do Sul - Lajeado
4320800,430031,Soledade,4306,Passo Fundo
4320859,430041,Lajeado,4308,Santa Cruz do Sul - Lajeado
4320909,430032,Tapejara - Sananduva,4306,Passo Fundo
4321006,430025,Passo Fundo,4306,Passo Fundo
4321105,430005,Camaquã,4301,Porto Alegre
4321204,430004,Taquara - Parobé - Igrejinha,4301,Porto Alegre
4321303,430041,Lajeado,4308,Santa Cruz do Sul - Lajeado
4321329,430029,Frederico Westphalen,4306,Passo Fundo
4321352,430001,Porto Alegre,4301,Porto Alegre
4321402,430021,Três Passos,4305,Ijuí
4321436,430003,Tramandaí - Osório,4301,Porto Alegre
4321451,430041,Lajeado,4308,Santa Cruz do Sul - Lajeado
4321469,430025,Passo Fundo,4306,Passo Fundo
4321477,430021,Três Passos,4305,Ijuí
4321493,430011,Santa Maria,4303,Santa Maria
4321501,430008,Torres,4301,Porto Alegre
4321600,430003,Tramandaí - Osório,4301,Porto Alegre
4321626,430041,Lajeado,4308,Santa Cruz do Sul - Lajeado
4321634,430026,Erechim,4306,Passo Fundo
4321667,430008,Torres,4301,Porto Alegre
4321709,430004,Taquara - Parobé - Igrejinha,4301,Porto Alegre
4321808,430023,Três de Maio,4305,Ijuí
4321832,430008,Torres,4301,Porto Alegre
4321857,430025,Passo Fundo,4306,Passo Fundo
4321907,430021,Três Passos,4305,Ijuí
4321956,430035,Nonoai,4306,Passo Fundo
4322004,430006,Charqueadas - Triunfo - São Jerônimo,4301,Porto Alegre
4322103,430019,Santa Rosa,4305,Ijuí
4322152,430042,Sobradinho,4308,Santa Cruz do Sul - Lajeado
4322186,430033,Lagoa Vermelha,4306,Passo Fundo
4322202,430027,Cruz Alta,4306,Passo Fundo
4322251,430002,Novo Hamburgo - São Leopoldo,4301,Porto Alegre
4322301,430019,Santa Rosa,4305,Ijuí
4322327,430009,Pelotas,4302,Pelotas
4322343,430024,Cerro Largo,4305,Ijuí
4322350,430038,Nova Prata - Guaporé,4307,Caxias do Sul
4322376,430014,Santiago,4303,Santa Maria
4322400,430015,Uruguaiana,4304,Uruguaiana
4322509,430039,Vacaria,4307,Caxias do Sul
4322525,430040,Santa Cruz do Sul,4308,Santa Cruz do Sul - Lajeado
4322533,430040,Santa Cruz do Sul,4308,Santa Cruz do Sul - Lajeado
4322541,430036,Caxias do Sul,4307,Caxias do Sul
4322558,430030,Marau,4306,Passo Fundo
4322608,430040,Santa Cruz do Sul,4308,Santa Cruz do Sul - Lajeado
4322707,430040,Santa Cruz do Sul,4308,Santa Cruz do Sul - Lajeado
4322806,430037,Bento Gonçalves,4307,Caxias do Sul
4322855,430043,Encantado,4308,Santa Cruz do Sul - Lajeado
4322905,430026,Erechim,4306,Passo Fundo
4323002,430001,Porto Alegre,4301,Porto Alegre
4323101,430029,Frederico Westphalen,4306,Passo Fundo
4323200,430025,Passo Fundo,4306,Passo Fundo
4323309,430037,Bento Gonçalves,4307,Caxias do Sul
4323358,430032,Tapejara - Sananduva,4306,Passo Fundo
4323408,430030,Marau,4306,Passo Fundo
4323457,430012,São Gabriel - Caçapava do Sul,4303,Santa Maria
4323507,430029,Frederico Westphalen,4306,Passo Fundo
4323606,430038,Nova Prata - Guaporé,4307,Caxias do Sul
4323705,430021,Três Passos,4305,Ijuí
4323754,430020,Santo Ângelo,4305,Ijuí
4323770,430041,Lajeado,4308,Santa Cruz do Sul - Lajeado
4323804,430003,Tramandaí - Osório,4301,Porto Alegre
5000203,500002,Três Lagoas,5001,Campo Grande
5000252,500004,Coxim,5001,Campo Grande
5000609,500009,Amambai,5002,Dourados
5000708,500012,Aquidauana - Anastácio,5003,Corumbá
5000807,500007,Nova Andradina,5002,Dourados
5000856,500007,Nova Andradina,5002,Dourados
5000906,500008,Ponta Porã,5002,Dourados
5001003,500003,Paranaíba - Chapadão do Sul - Cassilândia,5001,Campo Grande
5001102,500012,Aquidauana - Anastácio,5003,Corumbá
5001243,500008,Ponta Porã,5002,Dourados
5001508,500001,Campo Grande,5001,Campo Grande
5001904,500002,Três Lagoas,5001,Campo Grande
5002001,500007,Nova Andradina,5002,Dourados
5002100,500011,Jardim,5003,Corumbá
5002159,500012,Aquidauana - Anastácio,5003,Corumbá
5002209,500011,Jardim,5003,Corumbá
5002308,500002,Três Lagoas,5001,Campo Grande
5002407,500005,Dourados,5002,Dourados
5002605,500001,Campo Grande,5001,Campo Grande
5002704,500001,Campo Grande,5001,Campo Grande
5002803,500011,Jardim,5003,Corumbá
5002902,500003,Paranaíba - Chapadão do Sul - Cassilândia,5001,Campo Grande
5002951,500003,Paranaíba - Chapadão do Sul - Cassilândia,5001,Campo Grande
5003108,500001,Campo Grande,5001,Campo Grande
5003157,500009,Amambai,5002,Dourados
5003207,500010,Corumbá,5003,Corumbá
5003256,500004,Coxim,5001,Campo Grande
5003306,500004,Coxim,5001,Campo Grande
5003454,500005,Dourados,5002,Dourados
5003488,500001,Campo Grande,5001,Campo Grande
5003504,500005,Dourados,5002,Dourados
5003702,500005,Dourados,5002,Dourados
5003751,500006,Naviraí - Mundo Novo,5002,Dourados
5003801,500005,Dourados,5002,Dourados
5003900,500004,Coxim,5001,Campo Grande
5004007,500005,Dourados,5002,Dourados
5004106,500011,Jardim,5003,Corumbá
5004304,500006,Naviraí - Mundo Novo,5002,Dourados
5004403,500003,Paranaíba - Chapadão do Sul - Cassilândia,5001,Campo Grande
5004502,500005,Dourados,5002,Dourados
5004601,500006,Naviraí - Mundo Novo,5002,Dourados
5004700,500007,Nova Andradina,5002,Dourados
5004809,500006,Naviraí - Mundo Novo,5002,Dourados
5004908,500001,Campo Grande,5001,Campo Grande
5005004,500011,Jardim,5003,Corumbá
5005103,500005,Dourados,5002,Dourados
5005152,500005,Dourados,5002,Dourados
5005202,500010,Corumbá,5003,Corumbá
5005251,500005,Dourados,5002,Dourados
5005400,500005,Dourados,5002,Dourados
5005608,500012,Aquidauana - Anastácio,5003,Corumbá
5005681,500006,Naviraí - Mundo Novo,5002,Dourados
5005707,500006,Naviraí - Mundo Novo,5002,Dourados
5005806,500011,Jardim,5003,Corumbá
5006002,500001,Campo Grande,5001,Campo Grande
5006200,500007,Nova Andradina,5002,Dourados
5006259,500007,Nova Andradina,5002,Dourados
5006275,500003,Paranaíba - Chapadão do Sul - Cassilândia,5001,Campo Grande
5006309,500003,Paranaíba - Chapadão do Sul - Cassilândia,5001,Campo Grande
5006358,500009,Amambai,5002,Dourados
5006408,500004,Coxim,5001,Campo Grande
5006606,500008,Ponta Porã,5002,Dourados
5006903,500011,Jardim,5003,Corumbá
5007109,500001,Campo Grande,5001,Campo Grande
5007208,500005,Dourados,5002,Dourados
5007307,500001,Campo Grande,5001,Campo Grande
5007406,500004,Coxim,5001,Campo Grande
5007505,500001,Campo Grande,5001,Campo Grande
5007554,500002,Três Lagoas,5001,Campo Grande
5007695,500001,Campo Grande,5001,Campo Grande
5007703,500009,Amambai,5002,Dourados
5007802,500002,Três Lagoas,5001,Campo Grande
5007901,500001,Campo Grande,5001,Campo Grande
5007935,500004,Coxim,5001,Campo Grande
5007950,500009,Amambai,5002,Dourados
5007976,500007,Nova Andradina,5002,Dourados
5008008,500001,Campo Grande,5001,Campo Grande
5008305,500002,Três Lagoas,5001,Campo Grande
5008404,500005,Dourados,5002,Dourados
5100102,510001,Cuiabá,5101,Cuiabá
5100201,510015,Água Boa,5104,Barra do Garças
5100250,510010,Alta Floresta,5103,Sinop
5100300,510016,Rondonópolis,5105,Rondonópolis
5100359,510014,Confresa - Vila Rica,5104,Barra do Garças
5100409,510016,Rondonópolis,5105,Rondonópolis
5100508,510003,Diamantino,5101,Cuiabá
5100607,510016,Rondonópolis,5105,Rondonópolis
5100805,510010,Alta Floresta,5103,Sinop
5101001,510013,Barra do Garças,5104,Barra do Garças
5101209,510016,Rondonópolis,5105,Rondonópolis
5101258,510006,Mirassol D'oeste,5102,Cáceres
5101308,510003,Diamantino,5101,Cuiabá
5101407,510009,Juína,5103,Sinop
5101605,510001,Cuiabá,5101,Cuiabá
5101704,510002,Tangará da Serra,5101,Cuiabá
5101803,510013,Barra do Garças,5104,Barra do Garças
5101837,510008,Sorriso,5103,Sinop
5101852,510014,Confresa - Vila Rica,5104,Barra do Garças
5101902,510002,Tangará da Serra,5101,Cuiabá
5102504,510004,Cáceres,5102,Cáceres
5102603,510015,Água Boa,5104,Barra do Garças
5102637,510002,Tangará da Serra,5101,Cuiabá
5102678,510001,Cuiabá,5101,Cuiabá
5102686,510005,Pontes e Lacerda - Comodoro,5102,Cáceres
5102694,510014,Confresa - Vila Rica,5104,Barra do Garças
5102702,510015,Água Boa,5104,Barra do Garças
5102793,510010,Alta Floresta,5103,Sinop
5102850,510009,Juína,5103,Sinop
5103007,510001,Cuiabá,5101,Cuiabá
5103056,510007,Sinop,5103,Sinop
5103106,510015,Água Boa,5104,Barra do Garças
5103205,510007,Sinop,5103,Sinop
5103254,510009,Juína,5103,Sinop
5103304,510005,Pontes e Lacerda - Comodoro,5102,Cáceres
5103353,510014,Confresa - Vila Rica,5104,Barra do Garças
5103361,510005,Pontes e Lacerda - Comodoro,5102,Cáceres
5103379,510009,Juína,5103,Sinop
5103403,510001,Cuiabá,5101,Cuiabá
5103437,510004,Cáceres,5102,Cáceres
5103452,510002,Tangará da Serra,5101,Cuiabá
5103502,510003,Diamantino,5101,Cuiabá
5103601,510018,Jaciara,5105,Rondonópolis
5103700,510007,Sinop,5103,Sinop
5103809,510006,Mirassol D'oeste,5102,Cáceres
5103858,510015,Água Boa,5104,Barra do Garças
5103908,510013,Barra do Garças,5104,Barra do Garças
5103957,510006,Mirassol D'oeste,5102,Cáceres
5104104,510011,Peixoto de Azevedo - Guarantã do Norte,5103,Sinop
5104203,510016,Rondonópolis,5105,Rondonópolis
5104500,510006,Mirassol D'oeste,5102,Cáceres
5104526,510008,Sorriso,5103,Sinop
5104542,510008,Sorriso,5103,Sinop
5104559,510007,Sinop,5103,Sinop
5104609,510016,Rondonópolis,5105,Rondonópolis
5104807,510018,Jaciara,5105,Rondonópolis
5104906,510001,Cuiabá,5101,Cuiabá
5105002,510006,Mirassol D'oeste,5102,Cáceres
5105101,510012,Juara,5103,Sinop
5105150,510009,Juína,5103,Sinop
5105176,510009,Juína,5103,Sinop
5105200,510018,Jaciara,5105,Rondonópolis
5105234,510004,Cáceres,5102,Cáceres
5105259,510008,Sorriso,5103,Sinop
5105309,510014,Confresa - Vila Rica,5104,Barra do Garças
5105507,510005,Pontes e Lacerda - Comodoro,5102,Cáceres
5105580,510007,Sinop,5103,Sinop
5105606,510011,Peixoto de Azevedo - Guarantã do Norte,5103,Sinop
5105622,510006,Mirassol D'oeste,5102,Cáceres
5105903,510001,Cuiabá,5101,Cuiabá
5106000,510003,Diamantino,5101,Cuiabá
5106109,510001,Cuiabá,5101,Cuiabá
5106158,510010,Alta Floresta,5103,Sinop
5106174,510015,Água Boa,5104,Barra do Garças
5106182,510005,Pontes e Lacerda - Comodoro,5102,Cáceres
5106190,510007,Sinop,5103,Sinop
5106208,510001,Cuiabá,5101,Cuiabá
5106216,510007,Sinop,5103,Sinop
5106224,510008,Sorriso,5103,Sinop
5106232,510002,Tangará da Serra,5101,Cuiabá
5106240,510008,Sorriso,5103,Sinop
5106257,510013,Barra do Garças,5104,Barra do Garças
5106265,510011,Peixoto de Azevedo - Guarantã do Norte,5103,Sinop
5106273,510012,Juara,5103,Sinop
5106281,510013,Barra do Garças,5104,Barra do Garças
5106299,510010,Alta Floresta,5103,Sinop
5106307,510017,Primavera do Leste,5105,Rondonópolis
5106315,510014,Confresa - Vila Rica,5104,Barra do Garças
5106372,510016,Rondonópolis,5105,Rondonópolis
5106422,510011,Peixoto de Azevedo - Guarantã do Norte,5103,Sinop
5106455,510001,Cuiabá,5101,Cuiabá
5106505,510001,Cuiabá,5101,Cuiabá
5106653,510013,Barra do Garças,5104,Barra do Garças
5106703,510013,Barra do Garças,5104,Barra do Garças
5106752,510005,Pontes e Lacerda - Comodoro,5102,Cáceres
5106778,510014,Confresa - Vila Rica,5104,Barra do Garças
5106802,510012,Juara,5103,Sinop
5106828,510006,Mirassol D'oeste,5102,Cáceres
5106851,510002,Tangará da Serra,5101,Cuiabá
5107008,510017,Primavera do Leste,5105,Rondonópolis
5107040,510017,Primavera do Leste,5105,Rondonópolis
5107065,510015,Água Boa,5104,Barra do Garças
5107107,510006,Mirassol D'oeste,5102,Cáceres
5107156,510006,Mirassol D'oeste,5102,Cáceres
5107180,510015,Água Boa,5104,Barra do Garças
5107198,510013,Barra do Garças,5104,Barra do Garças
5107206,510004,Cáceres,5102,Cáceres
5107248,510007,Sinop,5103,Sinop
5107263,510003,Diamantino,5101,Cuiabá
5107297,510016,Rondonópolis,5105,Rondonópolis
5107305,510003,Diamantino,5101,Cuiabá
5107354,510014,Confresa - Vila Rica,5104,Barra do Garças
5107404,510018,Jaciara,5105,Rondonópolis
5107578,510009,Juína,5103,Sinop
5107602,510016,Rondonópolis,5105,Rondonópolis
5107701,510001,Cuiabá,5101,Cuiabá
5107743,510014,Confresa - Vila Rica,5104,Barra do Garças
5107750,510004,Cáceres,5102,Cáceres
5107768,510008,Sorriso,5103,Sinop
5107776,510014,Confresa - Vila Rica,5104,Barra do Garças
5107792,510017,Primavera do Leste,5105,Rondonópolis
5107800,510001,Cuiabá,5101,Cuiabá
5107859,510014,Confresa - Vila Rica,5104,Barra do Garças
5107875,510002,Tangará da Serra,5101,Cuiabá
5107883,510014,Confresa - Vila Rica,5104,Barra do Garças
5107909,510007,Sinop,5103,Sinop
5107925,510008,Sorriso,5103,Sinop
5107941,510012,Juara,5103,Sinop
5107958,510002,Tangará da Serra,5101,Cuiabá
5108006,510008,Sorriso,5103,Sinop
5108055,510007,Sinop,5103,Sinop
5108105,510016,Rondonópolis,5105,Rondonópolis
5108204,510013,Barra do Garças,5104,Barra do Garças
5108303,510007,Sinop,5103,Sinop
5108352,510005,Pontes e Lacerda - Comodoro,5102,Cáceres
5108402,510001,Cuiabá,5101,Cuiabá
5108501,510008,Sorriso,5103,Sinop
5108600,510014,Confresa - Vila Rica,5104,Barra do Garças
5108808,510007,Sinop,5103,Sinop
5108857,510003,Diamantino,5101,Cuiabá
5108907,510003,Diamantino,5101,Cuiabá
5108956,510010,Alta Floresta,5103,Sinop
5200050,520001,Goiânia,5201,Goiânia
5200100,520002,Anápolis,5201,Goiânia
5200134,520015,Palmeiras de Goiás,5204,São Luís de Montes Belos - Iporá
5200159,520003,Inhumas - Itaberaí - Anicuns,5201,Goiânia
5200175,520022,Flores de Goiás,5206,Luziânia - Águas Lindas de Goiás
5200209,520008,Caldas Novas-Morrinhos,5202,Itumbiara
5200258,520020,Águas Lindas de Goiás,5206,Luziânia - Águas Lindas de Goiás
5200308,520002,Anápolis,5201,Goiânia
5200506,520007,Itumbiara,5202,Itumbiara
5200555,520017,Uruaçu - Niquelândia,5205,Porangatu - Uruaçu
5200605,520022,Flores de Goiás,5206,Luziânia - Águas Lindas de Goiás
5200803,520021,Posse-Campos Belos,5206,Luziânia - Águas Lindas de Goiás
5200829,520017,Uruaçu - Niquelândia,5205,Porangatu - Uruaçu
5200852,520003,Inhumas - Itaberaí - Anicuns,5201,Goiânia
5200902,520014,Iporá,5204,São Luís de Montes Belos - Iporá
5201108,520002,Anápolis,5201,Goiânia
5201207,520004,Catalão,5201,Goiânia
5201306,520003,Inhumas - Itaberaí - Anicuns,5201,Goiânia
5201405,520001,Goiânia,5201,Goiânia
5201454,520010,Rio Verde,5203,Rio Verde
5201504,520011,Jataí-Mineiros,5203,Rio Verde
5201603,520003,Inhumas - Itaberaí - Anicuns,5201,Goiânia
5201702,520014,Iporá,5204,São Luís de Montes Belos - Iporá
5201801,520001,Goiânia,5201,Goiânia
5202155,520005,Goiás - Itapuranga,5201,Goiânia
5202353,520014,Iporá,5204,São Luís de Montes Belos - Iporá
5202502,520005,Goiás - Itapuranga,5201,Goiânia
5202601,520013,São Luís de Montes Belos,5204,São Luís de Montes Belos - Iporá
5202809,520003,Inhumas - Itaberaí - Anicuns,5201,Goiânia
5203104,520014,Iporá,5204,São Luís de Montes Belos - Iporá
5203203,520018,Ceres - Rialma - Goianésia,5205,Porangatu - Uruaçu
5203302,520001,Goiânia,5201,Goiânia
5203401,520014,Iporá,5204,São Luís de Montes Belos - Iporá
5203500,520007,Itumbiara,5202,Itumbiara
5203559,520001,Goiânia,5201,Goiânia
5203575,520016,Porangatu,5205,Porangatu - Uruaçu
5203609,520001,Goiânia,5201,Goiânia
5203807,520005,Goiás - Itapuranga,5201,Goiânia
5203906,520007,Itumbiara,5202,Itumbiara
5203939,520013,São Luís de Montes Belos,5204,São Luís de Montes Belos - Iporá
5203962,520021,Posse-Campos Belos,5206,Luziânia - Águas Lindas de Goiás
5204003,520020,Águas Lindas de Goiás,5206,Luziânia - Águas Lindas de Goiás
5204102,520010,Rio Verde,5203,Rio Verde
5204201,520013,São Luís de Montes Belos,5204,São Luís de Montes Belos - Iporá
5204250,520007,Itumbiara,5202,Itumbiara
5204300,520010,Rio Verde,5203,Rio Verde
5204409,520011,Jataí-Mineiros,5203,Rio Verde
5204508,520008,Caldas Novas-Morrinhos,5202,Itumbiara
5204557,520001,Goiânia,5201,Goiânia
5204607,520015,Palmeiras de Goiás,5204,São Luís de Montes Belos - Iporá
5204656,520016,Porangatu,5205,Porangatu - Uruaçu
5204706,520017,Uruaçu - Niquelândia,5205,Porangatu - Uruaçu
5204805,520004,Catalão,5201,Goiânia
5204854,520002,Anápolis,5201,Goiânia
5204904,520021,Posse-Campos Belos,5206,Luziânia - Águas Lindas de Goiás
5204953,520018,Ceres - Rialma - Goianésia,5205,Porangatu - Uruaçu
5205000,520018,Ceres - Rialma - Goianésia,5205,Porangatu - Uruaçu
5205059,520010,Rio Verde,5203,Rio Verde
5205109,520004,Catalão,5201,Goiânia
5205208,520001,Goiânia,5201,Goiânia
5205307,520022,Flores de Goiás,5206,Luziânia - Águas Lindas de Goiás
5205406,520018,Ceres - Rialma - Goianésia,5205,Porangatu - Uruaçu
5205455,520015,Palmeiras de Goiás,5204,São Luís de Montes Belos - Iporá
5205471,520011,Jataí-Mineiros,5203,Rio Verde
5205497,520019,Luziânia,5206,Luziânia - Águas Lindas de Goiás
5205513,520020,Águas Lindas de Goiás,5206,Luziânia - Águas Lindas de Goiás
5205521,520017,Uruaçu - Niquelândia,5205,Porangatu - Uruaçu
5205703,520013,São Luís de Montes Belos,5204,São Luís de Montes Belos - Iporá
5205802,520002,Anápolis,5201,Goiânia
5205901,520008,Caldas Novas-Morrinhos,5202,Itumbiara
5206206,520019,Luziânia,5206,Luziânia - Águas Lindas de Goiás
5206305,520009,Piracanjuba,5202,Itumbiara
5206404,520018,Ceres - Rialma - Goianésia,5205,Porangatu - Uruaçu
5206503,520009,Piracanjuba,5202,Itumbiara
5206602,520004,Catalão,5201,Goiânia
5206701,520021,Posse-Campos Belos,5206,Luziânia - Águas Lindas de Goiás
5206800,520003,Inhumas - Itaberaí - Anicuns,5201,Goiânia
5206909,520004,Catalão,5201,Goiânia
5207105,520014,Iporá,5204,São Luís de Montes Belos - Iporá
5207253,520011,Jataí-Mineiros,5203,Rio Verde
5207352,520009,Piracanjuba,5202,Itumbiara
5207402,520015,Palmeiras de Goiás,5204,São Luís de Montes Belos - Iporá
5207501,520016,Porangatu,5205,Porangatu - Uruaçu
5207535,520005,Goiás - Itapuranga,5201,Goiânia
5207600,520013,São Luís de Montes Belos,5204,São Luís de Montes Belos - Iporá
5207808,520015,Palmeiras de Goiás,5204,São Luís de Montes Belos - Iporá
5207907,520022,Flores de Goiás,5206,Luziânia - Águas Lindas de Goiás
5208004,520020,Águas Lindas de Goiás,5206,Luziânia - Águas Lindas de Goiás
5208103,520016,Porangatu,5205,Porangatu - Uruaçu
5208152,520002,Anápolis,5201,Goiânia
5208301,520021,Posse-Campos Belos,5206,Luziânia - Águas Lindas de Goiás
5208400,520002,Anápolis,5201,Goiânia
5208509,520004,Catalão,5201,Goiânia
5208608,520018,Ceres - Rialma - Goianésia,5205,Porangatu - Uruaçu
5208707,520001,Goiânia,5201,Goiânia
5208806,520001,Goiânia,5201,Goiânia
5208905,520005,Goiás - Itapuranga,5201,Goiânia
5209101,520007,Itumbiara,5202,Itumbiara
5209150,520012,Quirinópolis,5203,Rio Verde
5209200,520001,Goiânia,5201,Goiânia
5209291,520005,Goiás - Itapuranga,5201,Goiânia
5209408,520021,Posse-Campos Belos,5206,Luziânia - Águas Lindas de Goiás
5209457,520018,Ceres - Rialma - Goianésia,5205,Porangatu - Uruaçu
5209606,520003,Inhumas - Itaberaí - Anicuns,5201,Goiânia
5209705,520001,Goiânia,5201,Goiânia
5209804,520017,Uruaçu - Niquelândia,5205,Porangatu - Uruaçu
5209903,520021,Posse-Campos Belos,5206,Luziânia - Águas Lindas de Goiás
5209937,520012,Quirinópolis,5203,Rio Verde
5209952,520015,Palmeiras de Goiás,5204,São Luís de Montes Belos - Iporá
5210000,520003,Inhumas - Itaberaí - Anicuns,5201,Goiânia
5210109,520004,Catalão,5201,Goiânia
5210158,520018,Ceres - Rialma - Goianésia,5205,Porangatu - Uruaçu
5210208,520014,Iporá,5204,São Luís de Montes Belos - Iporá
5210307,520014,Iporá,5204,São Luís de Montes Belos - Iporá
5210406,520003,Inhumas - Itaberaí - Anicuns,5201,Goiânia
5210562,520003,Inhumas - Itaberaí - Anicuns,5201,Goiânia
5210604,520003,Inhumas - Itaberaí - Anicuns,5201,Goiânia
5210802,520010,Rio Verde,5203,Rio Verde
5210901,520018,Ceres - Rialma - Goianésia,5205,Porangatu - Uruaçu
5211008,520005,Goiás - Itapuranga,5201,Goiânia
5211206,520005,Goiás - Itapuranga,5201,Goiânia
5211305,520010,Rio Verde,5203,Rio Verde
5211404,520003,Inhumas - Itaberaí - Anicuns,5201,Goiânia
5211503,520007,Itumbiara,5202,Itumbiara
5211602,520013,São Luís de Montes Belos,5204,São Luís de Montes Belos - Iporá
5211701,520015,Palmeiras de Goiás,5204,São Luís de Montes Belos - Iporá
5211800,520002,Anápolis,5201,Goiânia
5211909,520011,Jataí-Mineiros,5203,Rio Verde
5212006,520014,Iporá,5204,São Luís de Montes Belos - Iporá
5212055,520002,Anápolis,5201,Goiânia
5212105,520007,Itumbiara,5202,Itumbiara
5212204,520005,Goiás - Itapuranga,5201,Goiânia
5212253,520010,Rio Verde,5203,Rio Verde
5212303,520002,Anápolis,5201,Goiânia
5212501,520019,Luziânia,5206,Luziânia - Águas Lindas de Goiás
5212600,520009,Piracanjuba,5202,Itumbiara
5212709,520021,Posse-Campos Belos,5206,Luziânia - Águas Lindas de Goiás
5212808,520017,Uruaçu - Niquelândia,5205,Porangatu - Uruaçu
5212907,520008,Caldas Novas-Morrinhos,5202,Itumbiara
5212956,520005,Goiás - Itapuranga,5201,Goiânia
5213004,520010,Rio Verde,5203,Rio Verde
5213053,520020,Águas Lindas de Goiás,5206,Luziânia - Águas Lindas de Goiás
5213087,520016,Porangatu,5205,Porangatu - Uruaçu
5213103,520011,Jataí-Mineiros,5203,Rio Verde
5213400,520013,São Luís de Montes Belos,5204,São Luís de Montes Belos - Iporá
5213509,520021,Posse-Campos Belos,5206,Luziânia - Águas Lindas de Goiás
5213707,520014,Iporá,5204,São Luís de Montes Belos - Iporá
5213756,520010,Rio Verde,5203,Rio Verde
5213772,520016,Porangatu,5205,Porangatu - Uruaçu
5213806,520008,Caldas Novas-Morrinhos,5202,Itumbiara
5213855,520018,Ceres - Rialma - Goianésia,5205,Porangatu - Uruaçu
5213905,520005,Goiás - Itapuranga,5201,Goiânia
5214002,520005,Goiás - Itapuranga,5201,Goiânia
5214051,520016,Porangatu,5205,Porangatu - Uruaçu
5214101,520016,Porangatu,5205,Porangatu - Uruaçu
5214408,520015,Palmeiras de Goiás,5204,São Luís de Montes Belos - Iporá
5214507,520001,Goiânia,5201,Goiânia
5214606,520017,Uruaçu - Niquelândia,5205,Porangatu - Uruaçu
5214705,520018,Ceres - Rialma - Goianésia,5205,Porangatu - Uruaçu
5214804,520004,Catalão,5201,Goiânia
5214838,520005,Goiás - Itapuranga,5201,Goiânia
5214861,520018,Ceres - Rialma - Goianésia,5205,Porangatu - Uruaçu
5214879,520017,Uruaçu - Niquelândia,5205,Porangatu - Uruaçu
5214903,520021,Posse-Campos Belos,5206,Luziânia - Águas Lindas de Goiás
5215009,520001,Goiânia,5201,Goiânia
5215207,520005,Goiás - Itapuranga,5201,Goiânia
5215231,520019,Luziânia,5206,Luziânia - Águas Lindas de Goiás
5215256,520016,Porangatu,5205,Porangatu - Uruaçu
5215306,520006,Pires do Rio,5201,Goiânia
5215405,520002,Anápolis,5201,Goiânia
5215504,520004,Catalão,5201,Goiânia
5215603,520020,Águas Lindas de Goiás,5206,Luziânia - Águas Lindas de Goiás
5215652,520014,Iporá,5204,São Luís de Montes Belos - Iporá
5215702,520015,Palmeiras de Goiás,5204,São Luís de Montes Belos - Iporá
5215801,520006,Pires do Rio,5201,Goiânia
5215900,520015,Palmeiras de Goiás,5204,São Luís de Montes Belos - Iporá
5216007,520007,Itumbiara,5202,Itumbiara
5216304,520012,Quirinópolis,5203,Rio Verde
5216403,520015,Palmeiras de Goiás,5204,São Luís de Montes Belos - Iporá
5216452,520011,Jataí-Mineiros,5203,Rio Verde
5216809,520002,Anápolis,5201,Goiânia
5216908,520018,Ceres - Rialma - Goianésia,5205,Porangatu - Uruaçu
5217104,520009,Piracanjuba,5202,Itumbiara
5217203,520014,Iporá,5204,São Luís de Montes Belos - Iporá
5217302,520002,Anápolis,5201,Goiânia
5217401,520006,Pires do Rio,5201,Goiânia
5217609,520020,Águas Lindas de Goiás,5206,Luziânia - Águas Lindas de Goiás
5217708,520009,Piracanjuba,5202,Itumbiara
5218003,520016,Porangatu,5205,Porangatu - Uruaçu
5218052,520010,Rio Verde,5203,Rio Verde
5218102,520011,Jataí-Mineiros,5203,Rio Verde
5218300,520021,Posse-Campos Belos,5206,Luziânia - Águas Lindas de Goiás
5218391,520009,Piracanjuba,5202,Itumbiara
5218508,520012,Quirinópolis,5203,Rio Verde
5218607,520018,Ceres - Rialma - Goianésia,5205,Porangatu - Uruaçu
5218706,520018,Ceres - Rialma - Goianésia,5205,Porangatu - Uruaçu
5218789,520008,Caldas Novas-Morrinhos,5202,Itumbiara
5218805,520010,Rio Verde,5203,Rio Verde
5218904,520018,Ceres - Rialma - Goianésia,5205,Porangatu - Uruaçu
5219001,520013,São Luís de Montes Belos,5204,São Luís de Montes Belos - Iporá
5219100,520015,Palmeiras de Goiás,5204,São Luís de Montes Belos - Iporá
5219209,520006,Pires do Rio,5201,Goiânia
5219258,520005,Goiás - Itapuranga,5201,Goiânia
5219308,520010,Rio Verde,5203,Rio Verde
5219357,520018,Ceres - Rialma - Goianésia,5205,Porangatu - Uruaçu
5219407,520011,Jataí-Mineiros,5203,Rio Verde
5219456,520018,Ceres - Rialma - Goianésia,5205,Porangatu - Uruaçu
5219506,520002,Anápolis,5201,Goiânia
5219605,520016,Porangatu,5205,Porangatu - Uruaçu
5219704,520018,Ceres - Rialma - Goianésia,5205,Porangatu - Uruaçu
5219712,520010,Rio Verde,5203,Rio Verde
5219738,520001,Goiânia,5201,Goiânia
5219753,520019,Luziânia,5206,Luziânia - Águas Lindas de Goiás
5219803,520021,Posse-Campos Belos,5206,Luziânia - Águas Lindas de Goiás
5219902,520002,Anápolis,5201,Goiânia
5220009,520022,Flores de Goiás,5206,Luziânia - Águas Lindas de Goiás
5220058,520015,Palmeiras de Goiás,5204,São Luís de Montes Belos - Iporá
5220108,520013,São Luís de Montes Belos,5204,São Luís de Montes Belos - Iporá
5220157,520017,Uruaçu - Niquelândia,5205,Porangatu - Uruaçu
5220207,520016,Porangatu,5205,Porangatu - Uruaçu
5220264,520002,Anápolis,5201,Goiânia
5220280,520018,Ceres - Rialma - Goianésia,5205,Porangatu - Uruaçu
5220405,520012,Quirinópolis,5203,Rio Verde
5220454,520001,Goiânia,5201,Goiânia
5220504,520011,Jataí-Mineiros,5203,Rio Verde
5220603,520002,Anápolis,5201,Goiânia
5220686,520021,Posse-Campos Belos,5206,Luziânia - Águas Lindas de Goiás
5220702,520021,Posse-Campos Belos,5206,Luziânia - Águas Lindas de Goiás
5221007,520003,Inhumas - Itaberaí - Anicuns,5201,Goiânia
5221080,520022,Flores de Goiás,5206,Luziânia - Águas Lindas de Goiás
5221197,520001,Goiânia,5201,Goiânia
5221304,520004,Catalão,5201,Goiânia
5221403,520001,Goiânia,5201,Goiânia
5221452,520016,Porangatu,5205,Porangatu - Uruaçu
5221502,520015,Palmeiras de Goiás,5204,São Luís de Montes Belos - Iporá
5221551,520010,Rio Verde,5203,Rio Verde
5221577,520018,Ceres - Rialma - Goianésia,5205,Porangatu - Uruaçu
5221601,520017,Uruaçu - Niquelândia,5205,Porangatu - Uruaçu
5221700,520018,Ceres - Rialma - Goianésia,5205,Porangatu - Uruaçu
5221809,520006,Pires do Rio,5201,Goiânia
5221858,520019,Luziânia,5206,Luziânia - Águas Lindas de Goiás
5221908,520001,Goiânia,5201,Goiânia
5222005,520002,Anápolis,5201,Goiânia
5222054,520009,Piracanjuba,5202,Itumbiara
5222203,520022,Flores de Goiás,5206,Luziânia - Águas Lindas de Goiás
5222302,520018,Ceres - Rialma - Goianésia,5205,Porangatu - Uruaçu
5300108,530001,Distrito Federal,5301,Distrito Federal
