ibge,municipio,uf,tipo,nome,plataforma,url,fonte,verificado_em,obs
1200302,Feijó,AC,camara,Câmara Municipal de Feijó,instagram,https://instagram.com/camaramunicipaldefeijo,https://www.feijo.ac.leg.br,2026-10-08,
1200302,Feijó,AC,camara,Câmara Municipal de Feijó,site,https://www.feijo.ac.leg.br,varredura de domínio,2026-10-08,
1200302,Feijó,AC,jornal,A Gazeta do Acre,facebook,https://facebook.com/A-Gazeta-do-Acre-208579685881525,https://agazetadoacre.com/,2026-10-08,jornal estadual sediado em Rio Branco
1200302,Feijó,AC,jornal,A Gazeta do Acre,instagram,https://instagram.com/agazetadoacre,https://agazetadoacre.com/,2026-10-08,jornal estadual sediado em Rio Branco
1200302,Feijó,AC,jornal,A Gazeta do Acre,site,https://agazetadoacre.com,https://agazetadoacre.com/,2026-10-08,jornal estadual sediado em Rio Branco
1200302,Feijó,AC,jornal,A Gazeta do Acre,tiktok,https://tiktok.com/@agazetadoacre,https://agazetadoacre.com/,2026-10-08,jornal estadual sediado em Rio Branco
1200302,Feijó,AC,jornal,A Gazeta do Acre,whatsapp_canal,https://whatsapp.com/channel/0029VaVJP4mEFeXdRQihVB37,https://agazetadoacre.com/,2026-10-08,"jornal estadual sediado em Rio Branco; canal confirmado: ""A Gazeta do Acre"""
1200302,Feijó,AC,jornal,A Gazeta do Acre,youtube,https://youtube.com/channel/UCOwtHinmNMpqmoKGUr6tSaQ,https://agazetadoacre.com/,2026-10-08,jornal estadual sediado em Rio Branco
1200302,Feijó,AC,portal,Portal Tarauacá,site,https://portaltarauaca.com.br,https://portaltarauaca.com.br/?s=Feij%C3%B3,2026-10-08,portal da cidade vizinha Tarauacá (Vale do Juruá/Tarauacá-Envira); busca por Feijó retorna matérias; sem perfis no HTML
1200302,Feijó,AC,portal,ac24horas,facebook,https://facebook.com/ac24horas,https://ac24horas.com,2026-10-08,portal estadual sediado em Rio Branco; cobre Feijó
1200302,Feijó,AC,portal,ac24horas,instagram,https://instagram.com/ac24horas,https://ac24horas.com,2026-10-08,portal estadual sediado em Rio Branco; cobre Feijó
1200302,Feijó,AC,portal,ac24horas,site,https://ac24horas.com,https://ac24horas.com/?s=Feij%C3%B3,2026-10-08,portal estadual sediado em Rio Branco; cobre Feijó
1200302,Feijó,AC,portal,ac24horas,tiktok,https://tiktok.com/@ac24horas,https://ac24horas.com,2026-10-08,portal estadual sediado em Rio Branco; cobre Feijó
1200302,Feijó,AC,portal,ac24horas,whatsapp_canal,https://whatsapp.com/channel/0029Va5VrvNGk1FwYk3urG1I,https://ac24horas.com,2026-10-08,"portal estadual sediado em Rio Branco; cobre Feijó; canal confirmado: ""ac24horas.com"""
1200302,Feijó,AC,portal,ac24horas,youtube,https://youtube.com/@ac24horas4,https://ac24horas.com,2026-10-08,portal estadual sediado em Rio Branco; cobre Feijó
1200302,Feijó,AC,prefeitura,Prefeitura de Feijó,instagram,https://instagram.com/pmf_feijo,https://www.feijo.ac.gov.br,2026-10-08,
1200302,Feijó,AC,prefeitura,Prefeitura de Feijó,site,https://www.feijo.ac.gov.br,varredura de domínio,2026-10-08,
1200302,Feijó,AC,radio,Rádio Cidade 88.7 FM (Acre Cidade FM),facebook,https://facebook.com/cidadefmac,https://www.radiocidadeac.com.br/,2026-10-08,listada no dial de Feijó como emissora local (tudoradio); site e página são da rede Acre Cidade FM
1200302,Feijó,AC,radio,Rádio Cidade 88.7 FM (Acre Cidade FM),site,https://www.radiocidadeac.com.br,https://tudoradio.com/dials/emissora/6252-radio-cidade,2026-10-08,listada no dial de Feijó como emissora local (tudoradio); site e página são da rede Acre Cidade FM
2700409,Atalaia,AL,camara,Câmara Municipal de Atalaia,site,https://www.atalaia.al.leg.br,varredura de domínio,2026-10-08,
2700409,Atalaia,AL,portal,Cada Minuto,facebook,https://facebook.com/CadaMin,https://www.cadaminuto.com.br,2026-10-08,portal estadual sediado em Maceió; nenhum veículo sediado no município foi encontrado
2700409,Atalaia,AL,portal,Cada Minuto,instagram,https://instagram.com/portalcadamin,https://www.cadaminuto.com.br,2026-10-08,portal estadual sediado em Maceió; nenhum veículo sediado no município foi encontrado
2700409,Atalaia,AL,portal,Cada Minuto,site,https://www.cadaminuto.com.br,https://www.cadaminuto.com.br,2026-10-08,portal estadual sediado em Maceió; nenhum veículo sediado no município foi encontrado
2700409,Atalaia,AL,portal,Cada Minuto,tiktok,https://tiktok.com/@portalcadaminuto,https://www.cadaminuto.com.br,2026-10-08,portal estadual sediado em Maceió; nenhum veículo sediado no município foi encontrado
2700409,Atalaia,AL,portal,Cada Minuto,youtube,https://youtube.com/@CADAMINUTOTV,https://www.cadaminuto.com.br,2026-10-08,portal estadual sediado em Maceió; nenhum veículo sediado no município foi encontrado
2700409,Atalaia,AL,portal,GazetaWeb / TV Gazeta de Alagoas,facebook,https://facebook.com/gazetaweb,https://www.gazetaweb.com,2026-10-08,portal estadual sediado em Maceió; nenhum veículo sediado no município foi encontrado
2700409,Atalaia,AL,portal,GazetaWeb / TV Gazeta de Alagoas,instagram,https://instagram.com/gazetaweb,https://www.gazetaweb.com,2026-10-08,portal estadual sediado em Maceió; nenhum veículo sediado no município foi encontrado
2700409,Atalaia,AL,portal,GazetaWeb / TV Gazeta de Alagoas,site,https://www.gazetaweb.com,https://www.gazetaweb.com,2026-10-08,portal estadual sediado em Maceió; nenhum veículo sediado no município foi encontrado
2700409,Atalaia,AL,portal,GazetaWeb / TV Gazeta de Alagoas,tiktok,https://tiktok.com/@gazetaweb,https://www.gazetaweb.com,2026-10-08,portal estadual sediado em Maceió; nenhum veículo sediado no município foi encontrado
2700409,Atalaia,AL,portal,GazetaWeb / TV Gazeta de Alagoas,youtube,https://youtube.com/@gazetanewsal,https://www.gazetaweb.com,2026-10-08,portal estadual sediado em Maceió; nenhum veículo sediado no município foi encontrado
2700409,Atalaia,AL,portal,GazetaWeb / TV Gazeta de Alagoas,youtube,https://youtube.com/@tvgazetaaloficial,https://www.gazetaweb.com,2026-10-08,portal estadual sediado em Maceió; nenhum veículo sediado no município foi encontrado
2700409,Atalaia,AL,portal,TNH1,facebook,https://facebook.com/portaltnh1,https://www.tnh1.com.br,2026-10-08,portal estadual sediado em Maceió; nenhum veículo sediado no município foi encontrado
2700409,Atalaia,AL,portal,TNH1,instagram,https://instagram.com/tnh1oficial,https://www.tnh1.com.br,2026-10-08,portal estadual sediado em Maceió; nenhum veículo sediado no município foi encontrado
2700409,Atalaia,AL,portal,TNH1,site,https://www.tnh1.com.br,https://www.tnh1.com.br,2026-10-08,portal estadual sediado em Maceió; nenhum veículo sediado no município foi encontrado
2700409,Atalaia,AL,prefeitura,Prefeitura de Atalaia,facebook,https://facebook.com/Prefeitura-De-Atalaia-102318725148006,https://www.atalaia.al.gov.br,2026-10-08,
2700409,Atalaia,AL,prefeitura,Prefeitura de Atalaia,instagram,https://instagram.com/pref.atalaia,https://www.atalaia.al.gov.br,2026-10-08,
2700409,Atalaia,AL,prefeitura,Prefeitura de Atalaia,site,https://www.atalaia.al.gov.br,varredura de domínio,2026-10-08,
2701407,Campo Alegre,AL,camara,Câmara Municipal de Campo Alegre,facebook,https://facebook.com/prefeituracampoalegre,https://www.campoalegre.al.gov.br/site,2026-10-08,
2701407,Campo Alegre,AL,camara,Câmara Municipal de Campo Alegre,instagram,https://instagram.com/prefeituracampoalegre,https://www.campoalegre.al.gov.br/site,2026-10-08,
2701407,Campo Alegre,AL,camara,Câmara Municipal de Campo Alegre,site,https://www.campoalegre.al.gov.br/site,varredura de domínio,2026-10-08,
2701407,Campo Alegre,AL,camara,Câmara Municipal de Campo Alegre,youtube,https://youtube.com/@prefeituracampoalegre1140,https://www.campoalegre.al.gov.br/site,2026-10-08,
2701407,Campo Alegre,AL,portal,Cada Minuto,facebook,https://facebook.com/CadaMin,https://www.cadaminuto.com.br,2026-10-08,portal estadual sediado em Maceió; nenhum veículo sediado no município foi encontrado
2701407,Campo Alegre,AL,portal,Cada Minuto,instagram,https://instagram.com/portalcadamin,https://www.cadaminuto.com.br,2026-10-08,portal estadual sediado em Maceió; nenhum veículo sediado no município foi encontrado
2701407,Campo Alegre,AL,portal,Cada Minuto,site,https://www.cadaminuto.com.br,https://www.cadaminuto.com.br,2026-10-08,portal estadual sediado em Maceió; nenhum veículo sediado no município foi encontrado
2701407,Campo Alegre,AL,portal,Cada Minuto,tiktok,https://tiktok.com/@portalcadaminuto,https://www.cadaminuto.com.br,2026-10-08,portal estadual sediado em Maceió; nenhum veículo sediado no município foi encontrado
2701407,Campo Alegre,AL,portal,Cada Minuto,youtube,https://youtube.com/@CADAMINUTOTV,https://www.cadaminuto.com.br,2026-10-08,portal estadual sediado em Maceió; nenhum veículo sediado no município foi encontrado
2701407,Campo Alegre,AL,portal,GazetaWeb / TV Gazeta de Alagoas,facebook,https://facebook.com/gazetaweb,https://www.gazetaweb.com,2026-10-08,portal estadual sediado em Maceió; nenhum veículo sediado no município foi encontrado
2701407,Campo Alegre,AL,portal,GazetaWeb / TV Gazeta de Alagoas,instagram,https://instagram.com/gazetaweb,https://www.gazetaweb.com,2026-10-08,portal estadual sediado em Maceió; nenhum veículo sediado no município foi encontrado
2701407,Campo Alegre,AL,portal,GazetaWeb / TV Gazeta de Alagoas,site,https://www.gazetaweb.com,https://www.gazetaweb.com,2026-10-08,portal estadual sediado em Maceió; nenhum veículo sediado no município foi encontrado
2701407,Campo Alegre,AL,portal,GazetaWeb / TV Gazeta de Alagoas,tiktok,https://tiktok.com/@gazetaweb,https://www.gazetaweb.com,2026-10-08,portal estadual sediado em Maceió; nenhum veículo sediado no município foi encontrado
2701407,Campo Alegre,AL,portal,GazetaWeb / TV Gazeta de Alagoas,youtube,https://youtube.com/@gazetanewsal,https://www.gazetaweb.com,2026-10-08,portal estadual sediado em Maceió; nenhum veículo sediado no município foi encontrado
2701407,Campo Alegre,AL,portal,GazetaWeb / TV Gazeta de Alagoas,youtube,https://youtube.com/@tvgazetaaloficial,https://www.gazetaweb.com,2026-10-08,portal estadual sediado em Maceió; nenhum veículo sediado no município foi encontrado
2701407,Campo Alegre,AL,portal,Tribuna do Sertão,facebook,https://facebook.com/tribunadosertao,https://www.tribunadosertao.com.br,2026-10-08,portal/jornal do interior de AL sediado em Palmeira dos Índios; nenhum veículo sediado em Campo Alegre encontrado; a rádio mais próxima no dial é a Cidade FM 88.3 de Teotônio Vilela (sem site)
2701407,Campo Alegre,AL,portal,Tribuna do Sertão,facebook,https://facebook.com/jornaltribunadosertao,https://www.tribunadosertao.com.br,2026-10-08,portal/jornal do interior de AL sediado em Palmeira dos Índios; nenhum veículo sediado em Campo Alegre encontrado; a rádio mais próxima no dial é a Cidade FM 88.3 de Teotônio Vilela (sem site)
2701407,Campo Alegre,AL,portal,Tribuna do Sertão,instagram,https://instagram.com/tribunadosertao,https://www.tribunadosertao.com.br,2026-10-08,portal/jornal do interior de AL sediado em Palmeira dos Índios; nenhum veículo sediado em Campo Alegre encontrado; a rádio mais próxima no dial é a Cidade FM 88.3 de Teotônio Vilela (sem site)
2701407,Campo Alegre,AL,portal,Tribuna do Sertão,site,https://www.tribunadosertao.com.br,https://www.tribunadosertao.com.br,2026-10-08,portal/jornal do interior de AL sediado em Palmeira dos Índios; nenhum veículo sediado em Campo Alegre encontrado; a rádio mais próxima no dial é a Cidade FM 88.3 de Teotônio Vilela (sem site)
2701407,Campo Alegre,AL,portal,Tribuna do Sertão,youtube,https://youtube.com/@tribunadosertao,https://www.tribunadosertao.com.br,2026-10-08,portal/jornal do interior de AL sediado em Palmeira dos Índios; nenhum veículo sediado em Campo Alegre encontrado; a rádio mais próxima no dial é a Cidade FM 88.3 de Teotônio Vilela (sem site)
2702405,Delmiro Gouveia,AL,portal,Delmiro Notícias,instagram,https://instagram.com/delmiro_ntc,https://delmironoticias.com.br/,2026-10-08,
2702405,Delmiro Gouveia,AL,portal,Delmiro Notícias,site,https://delmironoticias.com.br,https://delmironoticias.com.br/,2026-10-08,
2702405,Delmiro Gouveia,AL,prefeitura,Prefeitura de Delmiro Gouveia,facebook,https://facebook.com/prefeituradelmirogouveia,https://delmirogouveia.al.gov.br,2026-10-08,
2702405,Delmiro Gouveia,AL,prefeitura,Prefeitura de Delmiro Gouveia,instagram,https://instagram.com/prefeituradelmirogouveia,https://delmirogouveia.al.gov.br,2026-10-08,
2702405,Delmiro Gouveia,AL,prefeitura,Prefeitura de Delmiro Gouveia,site,https://delmirogouveia.al.gov.br,varredura de domínio,2026-10-08,
2702405,Delmiro Gouveia,AL,prefeitura,Prefeitura de Delmiro Gouveia,youtube,https://youtube.com/c/PrefeituradeDelmiroGouveia,https://delmirogouveia.al.gov.br,2026-10-08,
2702405,Delmiro Gouveia,AL,radio,Rádio Correio FM 91.9,site,https://correiodelmiro.com.br/site,https://tudoradio.com/dials/emissora/4384-radio-correio-fm,2026-10-08,sediada em Delmiro Gouveia; sem perfis no HTML
2702405,Delmiro Gouveia,AL,radio,Rádio da Vila FM 93.9,site,https://radiodelmiro.com.br/radio-da-vila-fm,https://tudoradio.com/dials/emissora/6304-radio-da-vila-fm,2026-10-08,sediada em Delmiro Gouveia; site não respondeu na checagem
2706307,Palmeira Dos Índios,AL,camara,Câmara Municipal de Palmeira Dos Índios,facebook,https://facebook.com/camarade.palmeira.7,https://palmeiradosindios.al.leg.br/home,2026-10-08,
2706307,Palmeira Dos Índios,AL,camara,Câmara Municipal de Palmeira Dos Índios,instagram,https://instagram.com/camaradepalmeiradosindios,https://palmeiradosindios.al.leg.br/home,2026-10-08,
2706307,Palmeira Dos Índios,AL,camara,Câmara Municipal de Palmeira Dos Índios,site,https://palmeiradosindios.al.leg.br/home,varredura de domínio,2026-10-08,
2706307,Palmeira Dos Índios,AL,jornal,Tribuna do Sertão,facebook,https://facebook.com/tribunadosertao,https://www.tribunadosertao.com.br,2026-10-08,jornal e portal sediado em Palmeira dos Índios
2706307,Palmeira Dos Índios,AL,jornal,Tribuna do Sertão,facebook,https://facebook.com/jornaltribunadosertao,https://www.tribunadosertao.com.br,2026-10-08,jornal e portal sediado em Palmeira dos Índios
2706307,Palmeira Dos Índios,AL,jornal,Tribuna do Sertão,instagram,https://instagram.com/tribunadosertao,https://www.tribunadosertao.com.br,2026-10-08,jornal e portal sediado em Palmeira dos Índios
2706307,Palmeira Dos Índios,AL,jornal,Tribuna do Sertão,site,https://www.tribunadosertao.com.br,https://www.tribunadosertao.com.br,2026-10-08,jornal e portal sediado em Palmeira dos Índios
2706307,Palmeira Dos Índios,AL,jornal,Tribuna do Sertão,youtube,https://youtube.com/@tribunadosertao,https://www.tribunadosertao.com.br,2026-10-08,jornal e portal sediado em Palmeira dos Índios
2706307,Palmeira Dos Índios,AL,prefeitura,Prefeitura de Palmeira Dos Índios,facebook,https://facebook.com/palmeiradosindiosoficial,https://palmeiradosindios.al.gov.br,2026-10-08,
2706307,Palmeira Dos Índios,AL,prefeitura,Prefeitura de Palmeira Dos Índios,instagram,https://instagram.com/palmeiradosindiosoficial,https://palmeiradosindios.al.gov.br,2026-10-08,
2706307,Palmeira Dos Índios,AL,prefeitura,Prefeitura de Palmeira Dos Índios,site,https://palmeiradosindios.al.gov.br,varredura de domínio,2026-10-08,
2706307,Palmeira Dos Índios,AL,radio,Francês FM 105.7,facebook,https://facebook.com/francesfm99,https://francesfm.com.br/,2026-10-08,rede Francês FM; dial de Palmeira dos Índios
2706307,Palmeira Dos Índios,AL,radio,Francês FM 105.7,instagram,https://instagram.com/redefrancesfm,https://francesfm.com.br/,2026-10-08,rede Francês FM; dial de Palmeira dos Índios
2706307,Palmeira Dos Índios,AL,radio,Francês FM 105.7,site,https://francesfm.com.br,https://tudoradio.com/dials/emissora/117-frances-fm,2026-10-08,rede Francês FM; dial de Palmeira dos Índios
2706307,Palmeira Dos Índios,AL,radio,Francês FM 105.7,youtube,https://youtube.com/channel/UCJhb-ezfHb2POTunV93JloQ,https://francesfm.com.br/,2026-10-08,rede Francês FM; dial de Palmeira dos Índios
2706307,Palmeira Dos Índios,AL,radio,Palmeira FM 104.1,instagram,https://instagram.com/palmeirafm104,https://www.palmeirafm.com.br/,2026-10-08,
2706307,Palmeira Dos Índios,AL,radio,Palmeira FM 104.1,site,https://www.palmeirafm.com.br,https://tudoradio.com/dials/emissora/116-palmeira-fm,2026-10-08,
2706307,Palmeira Dos Índios,AL,radio,Palmeira FM 104.1,youtube,https://youtube.com/@RadioPalmeiraFM104,https://www.palmeirafm.com.br/,2026-10-08,
2706307,Palmeira Dos Índios,AL,radio,Rádio Sampaio FM 94.5,facebook,https://facebook.com/radiosampaio,https://radiosampaio.com.br/,2026-10-08,
2706307,Palmeira Dos Índios,AL,radio,Rádio Sampaio FM 94.5,site,https://radiosampaio.com.br,https://tudoradio.com/dials/emissora/3731-radio-sampaio-fm,2026-10-08,
2706703,Penedo,AL,camara,Câmara Municipal de Penedo,facebook,https://facebook.com/camarapenedo,https://www.penedo.al.leg.br,2026-10-08,
2706703,Penedo,AL,camara,Câmara Municipal de Penedo,instagram,https://instagram.com/camaradepenedo,https://www.penedo.al.leg.br,2026-10-08,
2706703,Penedo,AL,camara,Câmara Municipal de Penedo,site,https://www.penedo.al.leg.br,varredura de domínio,2026-10-08,
2706703,Penedo,AL,jornal,Correio do Povo (Penedo) / Francês FM 106.3,site,https://www.correiodopovo-al.com.br,https://tudoradio.com/dials/emissora/4327-frances-fm,2026-10-08,"site indicado para a Francês FM 106.3 de Penedo; título ""Correio do Povo Penedo""; sem perfis no HTML"
2706703,Penedo,AL,prefeitura,Prefeitura de Penedo,facebook,https://facebook.com/PrefeituraPenedo,https://penedo.al.gov.br,2026-10-08,
2706703,Penedo,AL,prefeitura,Prefeitura de Penedo,facebook,https://facebook.com/prefeituradepenedo,https://penedo.al.gov.br,2026-10-08,
2706703,Penedo,AL,prefeitura,Prefeitura de Penedo,instagram,https://instagram.com/prefeituradepenedo,https://penedo.al.gov.br,2026-10-08,
2706703,Penedo,AL,prefeitura,Prefeitura de Penedo,site,https://penedo.al.gov.br,varredura de domínio,2026-10-08,
2706703,Penedo,AL,prefeitura,Prefeitura de Penedo,tiktok,https://tiktok.com/@prefeitura.de.penedo,https://penedo.al.gov.br,2026-10-08,
2706703,Penedo,AL,radio,Grande Rio FM 99.1,facebook,https://facebook.com/grfm991,https://radiogranderiofm.websitenoar.net,2026-10-08,sediada em Penedo
2706703,Penedo,AL,radio,Grande Rio FM 99.1,site,https://radiogranderiofm.websitenoar.net,https://tudoradio.com/dials/emissora/4328-grande-rio-fm,2026-10-08,sediada em Penedo
2706703,Penedo,AL,radio,Penedo FM 97.3,site,https://www.penedofm.com.br,https://tudoradio.com/dials/emissora/113-penedo-fm,2026-10-08,sediada em Penedo; site não respondeu na checagem
2707404,Porto De Pedras,AL,camara,Câmara Municipal de Porto De Pedras,instagram,https://instagram.com/camaradeportodepedras,https://www.portodepedras.al.leg.br/home,2026-10-08,
2707404,Porto De Pedras,AL,camara,Câmara Municipal de Porto De Pedras,site,https://www.portodepedras.al.leg.br/home,varredura de domínio,2026-10-08,
2707404,Porto De Pedras,AL,portal,7Segundos (edição Maragogi),facebook,https://facebook.com/SeteSegundos,https://www.7segundos.com.br/maragogi,2026-10-08,edição regional da cidade-polo Maragogi (Litoral Norte); menção específica a Porto de Pedras não verificada na capa; nenhum veículo sediado no município encontrado
2707404,Porto De Pedras,AL,portal,7Segundos (edição Maragogi),instagram,https://instagram.com/setesegundos,https://www.7segundos.com.br/maragogi,2026-10-08,edição regional da cidade-polo Maragogi (Litoral Norte); menção específica a Porto de Pedras não verificada na capa; nenhum veículo sediado no município encontrado
2707404,Porto De Pedras,AL,portal,7Segundos (edição Maragogi),site,https://www.7segundos.com.br/maragogi,https://www.7segundos.com.br/maragogi,2026-10-08,edição regional da cidade-polo Maragogi (Litoral Norte); menção específica a Porto de Pedras não verificada na capa; nenhum veículo sediado no município encontrado
2707404,Porto De Pedras,AL,portal,GazetaWeb / TV Gazeta de Alagoas,facebook,https://facebook.com/gazetaweb,https://www.gazetaweb.com,2026-10-08,portal estadual sediado em Maceió; nenhum veículo sediado no município foi encontrado
2707404,Porto De Pedras,AL,portal,GazetaWeb / TV Gazeta de Alagoas,instagram,https://instagram.com/gazetaweb,https://www.gazetaweb.com,2026-10-08,portal estadual sediado em Maceió; nenhum veículo sediado no município foi encontrado
2707404,Porto De Pedras,AL,portal,GazetaWeb / TV Gazeta de Alagoas,site,https://www.gazetaweb.com,https://www.gazetaweb.com,2026-10-08,portal estadual sediado em Maceió; nenhum veículo sediado no município foi encontrado
2707404,Porto De Pedras,AL,portal,GazetaWeb / TV Gazeta de Alagoas,tiktok,https://tiktok.com/@gazetaweb,https://www.gazetaweb.com,2026-10-08,portal estadual sediado em Maceió; nenhum veículo sediado no município foi encontrado
2707404,Porto De Pedras,AL,portal,GazetaWeb / TV Gazeta de Alagoas,youtube,https://youtube.com/@gazetanewsal,https://www.gazetaweb.com,2026-10-08,portal estadual sediado em Maceió; nenhum veículo sediado no município foi encontrado
2707404,Porto De Pedras,AL,portal,GazetaWeb / TV Gazeta de Alagoas,youtube,https://youtube.com/@tvgazetaaloficial,https://www.gazetaweb.com,2026-10-08,portal estadual sediado em Maceió; nenhum veículo sediado no município foi encontrado
2707404,Porto De Pedras,AL,prefeitura,Prefeitura de Porto De Pedras,site,https://portodepedras.al.gov.br,varredura de domínio,2026-10-08,
2708709,São Miguel Dos Milagres,AL,camara,Câmara Municipal de São Miguel Dos Milagres,instagram,https://instagram.com/camarasmdosmilagres,https://portal.camarasaomigueldosmilagres.al.gov.br,2026-10-08,
2708709,São Miguel Dos Milagres,AL,camara,Câmara Municipal de São Miguel Dos Milagres,site,https://portal.camarasaomigueldosmilagres.al.gov.br,varredura de domínio,2026-10-08,
2708709,São Miguel Dos Milagres,AL,camara,Câmara Municipal de São Miguel Dos Milagres,youtube,https://youtube.com/@camaradesaomigueldosmilagr5500,https://portal.camarasaomigueldosmilagres.al.gov.br,2026-10-08,
2708709,São Miguel Dos Milagres,AL,portal,7Segundos (edição Maragogi),facebook,https://facebook.com/SeteSegundos,https://www.7segundos.com.br/maragogi,2026-10-08,edição regional da cidade-polo Maragogi (Litoral Norte); capa traz matérias sobre São Miguel dos Milagres; nenhum veículo sediado no município encontrado
2708709,São Miguel Dos Milagres,AL,portal,7Segundos (edição Maragogi),instagram,https://instagram.com/setesegundos,https://www.7segundos.com.br/maragogi,2026-10-08,edição regional da cidade-polo Maragogi (Litoral Norte); capa traz matérias sobre São Miguel dos Milagres; nenhum veículo sediado no município encontrado
2708709,São Miguel Dos Milagres,AL,portal,7Segundos (edição Maragogi),site,https://www.7segundos.com.br/maragogi,https://www.7segundos.com.br/maragogi,2026-10-08,edição regional da cidade-polo Maragogi (Litoral Norte); capa traz matérias sobre São Miguel dos Milagres; nenhum veículo sediado no município encontrado
2708709,São Miguel Dos Milagres,AL,portal,GazetaWeb / TV Gazeta de Alagoas,facebook,https://facebook.com/gazetaweb,https://www.gazetaweb.com,2026-10-08,portal estadual sediado em Maceió; nenhum veículo sediado no município foi encontrado
2708709,São Miguel Dos Milagres,AL,portal,GazetaWeb / TV Gazeta de Alagoas,instagram,https://instagram.com/gazetaweb,https://www.gazetaweb.com,2026-10-08,portal estadual sediado em Maceió; nenhum veículo sediado no município foi encontrado
2708709,São Miguel Dos Milagres,AL,portal,GazetaWeb / TV Gazeta de Alagoas,site,https://www.gazetaweb.com,https://www.gazetaweb.com,2026-10-08,portal estadual sediado em Maceió; nenhum veículo sediado no município foi encontrado
2708709,São Miguel Dos Milagres,AL,portal,GazetaWeb / TV Gazeta de Alagoas,tiktok,https://tiktok.com/@gazetaweb,https://www.gazetaweb.com,2026-10-08,portal estadual sediado em Maceió; nenhum veículo sediado no município foi encontrado
2708709,São Miguel Dos Milagres,AL,portal,GazetaWeb / TV Gazeta de Alagoas,youtube,https://youtube.com/@gazetanewsal,https://www.gazetaweb.com,2026-10-08,portal estadual sediado em Maceió; nenhum veículo sediado no município foi encontrado
2708709,São Miguel Dos Milagres,AL,portal,GazetaWeb / TV Gazeta de Alagoas,youtube,https://youtube.com/@tvgazetaaloficial,https://www.gazetaweb.com,2026-10-08,portal estadual sediado em Maceió; nenhum veículo sediado no município foi encontrado
2708709,São Miguel Dos Milagres,AL,prefeitura,Prefeitura de São Miguel Dos Milagres,instagram,https://instagram.com/prefeituramilagres,https://site.saomigueldosmilagres.al.gov.br,2026-10-08,
2708709,São Miguel Dos Milagres,AL,prefeitura,Prefeitura de São Miguel Dos Milagres,site,https://site.saomigueldosmilagres.al.gov.br,varredura de domínio,2026-10-08,
2709152,Teotônio Vilela,AL,camara,Câmara Municipal de Teotônio Vilela,site,https://teotoniovilela.al.leg.br,varredura de domínio,2026-10-08,
2709152,Teotônio Vilela,AL,portal,GazetaWeb / TV Gazeta de Alagoas,facebook,https://facebook.com/gazetaweb,https://www.gazetaweb.com,2026-10-08,portal estadual sediado em Maceió; nenhum veículo sediado no município foi encontrado
2709152,Teotônio Vilela,AL,portal,GazetaWeb / TV Gazeta de Alagoas,instagram,https://instagram.com/gazetaweb,https://www.gazetaweb.com,2026-10-08,portal estadual sediado em Maceió; nenhum veículo sediado no município foi encontrado
2709152,Teotônio Vilela,AL,portal,GazetaWeb / TV Gazeta de Alagoas,site,https://www.gazetaweb.com,https://www.gazetaweb.com,2026-10-08,portal estadual sediado em Maceió; nenhum veículo sediado no município foi encontrado
2709152,Teotônio Vilela,AL,portal,GazetaWeb / TV Gazeta de Alagoas,tiktok,https://tiktok.com/@gazetaweb,https://www.gazetaweb.com,2026-10-08,portal estadual sediado em Maceió; nenhum veículo sediado no município foi encontrado
2709152,Teotônio Vilela,AL,portal,GazetaWeb / TV Gazeta de Alagoas,youtube,https://youtube.com/@gazetanewsal,https://www.gazetaweb.com,2026-10-08,portal estadual sediado em Maceió; nenhum veículo sediado no município foi encontrado
2709152,Teotônio Vilela,AL,portal,GazetaWeb / TV Gazeta de Alagoas,youtube,https://youtube.com/@tvgazetaaloficial,https://www.gazetaweb.com,2026-10-08,portal estadual sediado em Maceió; nenhum veículo sediado no município foi encontrado
2709152,Teotônio Vilela,AL,portal,Tribuna do Sertão,facebook,https://facebook.com/tribunadosertao,https://www.tribunadosertao.com.br,2026-10-08,portal do interior de AL (Palmeira dos Índios); publica matérias sobre Teotônio Vilela
2709152,Teotônio Vilela,AL,portal,Tribuna do Sertão,facebook,https://facebook.com/jornaltribunadosertao,https://www.tribunadosertao.com.br,2026-10-08,portal do interior de AL (Palmeira dos Índios); publica matérias sobre Teotônio Vilela
2709152,Teotônio Vilela,AL,portal,Tribuna do Sertão,instagram,https://instagram.com/tribunadosertao,https://www.tribunadosertao.com.br,2026-10-08,portal do interior de AL (Palmeira dos Índios); publica matérias sobre Teotônio Vilela
2709152,Teotônio Vilela,AL,portal,Tribuna do Sertão,site,https://www.tribunadosertao.com.br,https://tribunadosertao.com.br/alagoas/2026/08/09/956059-teotonio-vilela-familia-pereira-reune-multidao-em-apoio-a-renan-filho,2026-10-08,portal do interior de AL (Palmeira dos Índios); publica matérias sobre Teotônio Vilela
2709152,Teotônio Vilela,AL,portal,Tribuna do Sertão,youtube,https://youtube.com/@tribunadosertao,https://www.tribunadosertao.com.br,2026-10-08,portal do interior de AL (Palmeira dos Índios); publica matérias sobre Teotônio Vilela
2709301,União Dos Palmares,AL,camara,Câmara Municipal de União Dos Palmares,instagram,https://instagram.com/camaramunicipaludp,https://uniaodospalmares.al.leg.br,2026-10-08,
2709301,União Dos Palmares,AL,camara,Câmara Municipal de União Dos Palmares,site,https://uniaodospalmares.al.leg.br,varredura de domínio,2026-10-08,
2709301,União Dos Palmares,AL,portal,GazetaWeb / TV Gazeta de Alagoas,facebook,https://facebook.com/gazetaweb,https://www.gazetaweb.com,2026-10-08,portal estadual sediado em Maceió; nenhum veículo sediado no município foi encontrado
2709301,União Dos Palmares,AL,portal,GazetaWeb / TV Gazeta de Alagoas,instagram,https://instagram.com/gazetaweb,https://www.gazetaweb.com,2026-10-08,portal estadual sediado em Maceió; nenhum veículo sediado no município foi encontrado
2709301,União Dos Palmares,AL,portal,GazetaWeb / TV Gazeta de Alagoas,site,https://www.gazetaweb.com,https://www.gazetaweb.com,2026-10-08,portal estadual sediado em Maceió; nenhum veículo sediado no município foi encontrado
2709301,União Dos Palmares,AL,portal,GazetaWeb / TV Gazeta de Alagoas,tiktok,https://tiktok.com/@gazetaweb,https://www.gazetaweb.com,2026-10-08,portal estadual sediado em Maceió; nenhum veículo sediado no município foi encontrado
2709301,União Dos Palmares,AL,portal,GazetaWeb / TV Gazeta de Alagoas,youtube,https://youtube.com/@gazetanewsal,https://www.gazetaweb.com,2026-10-08,portal estadual sediado em Maceió; nenhum veículo sediado no município foi encontrado
2709301,União Dos Palmares,AL,portal,GazetaWeb / TV Gazeta de Alagoas,youtube,https://youtube.com/@tvgazetaaloficial,https://www.gazetaweb.com,2026-10-08,portal estadual sediado em Maceió; nenhum veículo sediado no município foi encontrado
2709301,União Dos Palmares,AL,portal,TNH1,facebook,https://facebook.com/portaltnh1,https://www.tnh1.com.br,2026-10-08,portal estadual sediado em Maceió; nenhum veículo sediado no município foi encontrado
2709301,União Dos Palmares,AL,portal,TNH1,instagram,https://instagram.com/tnh1oficial,https://www.tnh1.com.br,2026-10-08,portal estadual sediado em Maceió; nenhum veículo sediado no município foi encontrado
2709301,União Dos Palmares,AL,portal,TNH1,site,https://www.tnh1.com.br,https://www.tnh1.com.br,2026-10-08,portal estadual sediado em Maceió; nenhum veículo sediado no município foi encontrado
2709301,União Dos Palmares,AL,prefeitura,Prefeitura de União Dos Palmares,facebook,https://facebook.com/uniaodospalmaresprefeitura,https://uniaodospalmares.al.gov.br,2026-10-08,
2709301,União Dos Palmares,AL,prefeitura,Prefeitura de União Dos Palmares,instagram,https://instagram.com/pref.uniaodospalmares,https://uniaodospalmares.al.gov.br,2026-10-08,
2709301,União Dos Palmares,AL,prefeitura,Prefeitura de União Dos Palmares,site,https://uniaodospalmares.al.gov.br,varredura de domínio,2026-10-08,
2709301,União Dos Palmares,AL,radio,Rádio Quilombo 106.7 FM,facebook,https://facebook.com/FarolUniao,http://www.quilombofm.com/,2026-10-08,sediada em União dos Palmares; a página do Facebook (FarolUniao) é a vinculada no site da rádio; a AG FM 99.9 local não tem site
2709301,União Dos Palmares,AL,radio,Rádio Quilombo 106.7 FM,site,https://www.quilombofm.com,https://tudoradio.com/dials/emissora/4035-quilombo-fm,2026-10-08,sediada em União dos Palmares; a página do Facebook (FarolUniao) é a vinculada no site da rádio; a AG FM 99.9 local não tem site
1300300,Autazes,AM,portal,Portal Em Tempo,facebook,https://facebook.com/portalemtempooficial,https://emtempo.com.br/,2026-10-08,portal estadual sediado em Manaus; cobre o município (busca no site retorna matérias)
1300300,Autazes,AM,portal,Portal Em Tempo,instagram,https://instagram.com/portalemtempooficial,https://emtempo.com.br/,2026-10-08,portal estadual sediado em Manaus; cobre o município (busca no site retorna matérias)
1300300,Autazes,AM,portal,Portal Em Tempo,site,https://emtempo.com.br,https://emtempo.com.br/?s=Autazes,2026-10-08,portal estadual sediado em Manaus; cobre o município (busca no site retorna matérias)
1300300,Autazes,AM,portal,Portal Em Tempo,tiktok,https://tiktok.com/@portalemtempooficial,https://emtempo.com.br/,2026-10-08,portal estadual sediado em Manaus; cobre o município (busca no site retorna matérias)
1300300,Autazes,AM,portal,Portal Em Tempo,whatsapp_canal,https://whatsapp.com/channel/0029VakKNC9Likg3olPS592W,https://emtempo.com.br/,2026-10-08,"portal estadual sediado em Manaus; cobre o município (busca no site retorna matérias); canal confirmado: ""Amazonas EM TEMPO"""
1300300,Autazes,AM,portal,Portal Em Tempo,youtube,https://youtube.com/channel/UCwBtlrf7QbEgM6-hewKsaxQ,https://emtempo.com.br/,2026-10-08,portal estadual sediado em Manaus; cobre o município (busca no site retorna matérias)
1300300,Autazes,AM,prefeitura,Prefeitura de Autazes,instagram,https://instagram.com/prefeituramunicipaldeautazes,https://autazes.am.gov.br,2026-10-08,
1300300,Autazes,AM,prefeitura,Prefeitura de Autazes,site,https://autazes.am.gov.br,varredura de domínio,2026-10-08,
1300300,Autazes,AM,radio,Floresta FM 89.9,facebook,https://facebook.com/florestafm89.9,https://florestafm.com/,2026-10-08,sediada em Autazes
1300300,Autazes,AM,radio,Floresta FM 89.9,instagram,https://instagram.com/florestafm89.9,https://florestafm.com/,2026-10-08,sediada em Autazes
1300300,Autazes,AM,radio,Floresta FM 89.9,site,https://florestafm.com,https://tudoradio.com/dials/emissora/6626-floresta-fm,2026-10-08,sediada em Autazes
1300300,Autazes,AM,radio,Floresta FM 89.9,youtube,https://youtube.com/channel/UCjPMtYd_aFHMCKrpCIK5bzg,https://florestafm.com/,2026-10-08,sediada em Autazes
1300300,Autazes,AM,radio,Rádio Autazes FM 89.1,site,https://www.autazesfm.com,https://tudoradio.com/dials/emissora/5682-radio-autazes-fm,2026-10-08,"sediada em Autazes; site exibia ""Site indisponível"" na checagem"
1300904,Canutama,AM,jornal,A Crítica,facebook,https://facebook.com/ACriticaCom,https://www.acritica.com,2026-10-08,jornal estadual sediado em Manaus; nenhum veículo sediado em Canutama encontrado
1300904,Canutama,AM,jornal,A Crítica,instagram,https://instagram.com/portalacritica,https://www.acritica.com,2026-10-08,jornal estadual sediado em Manaus; nenhum veículo sediado em Canutama encontrado
1300904,Canutama,AM,jornal,A Crítica,site,https://www.acritica.com,https://www.acritica.com,2026-10-08,jornal estadual sediado em Manaus; nenhum veículo sediado em Canutama encontrado
1300904,Canutama,AM,jornal,A Crítica,youtube,https://youtube.com/user/acriticaweb,https://www.acritica.com,2026-10-08,jornal estadual sediado em Manaus; nenhum veículo sediado em Canutama encontrado
1300904,Canutama,AM,portal,Portal Em Tempo,facebook,https://facebook.com/portalemtempooficial,https://emtempo.com.br/,2026-10-08,portal estadual sediado em Manaus; cobre o município (busca no site retorna matérias)
1300904,Canutama,AM,portal,Portal Em Tempo,instagram,https://instagram.com/portalemtempooficial,https://emtempo.com.br/,2026-10-08,portal estadual sediado em Manaus; cobre o município (busca no site retorna matérias)
1300904,Canutama,AM,portal,Portal Em Tempo,site,https://emtempo.com.br,https://emtempo.com.br/?s=Canutama,2026-10-08,portal estadual sediado em Manaus; cobre o município (busca no site retorna matérias)
1300904,Canutama,AM,portal,Portal Em Tempo,tiktok,https://tiktok.com/@portalemtempooficial,https://emtempo.com.br/,2026-10-08,portal estadual sediado em Manaus; cobre o município (busca no site retorna matérias)
1300904,Canutama,AM,portal,Portal Em Tempo,whatsapp_canal,https://whatsapp.com/channel/0029VakKNC9Likg3olPS592W,https://emtempo.com.br/,2026-10-08,"portal estadual sediado em Manaus; cobre o município (busca no site retorna matérias); canal confirmado: ""Amazonas EM TEMPO"""
1300904,Canutama,AM,portal,Portal Em Tempo,youtube,https://youtube.com/channel/UCwBtlrf7QbEgM6-hewKsaxQ,https://emtempo.com.br/,2026-10-08,portal estadual sediado em Manaus; cobre o município (busca no site retorna matérias)
1300904,Canutama,AM,prefeitura,Prefeitura de Canutama,facebook,https://facebook.com/prefeituracanutama,https://www.canutama.am.gov.br,2026-10-08,
1300904,Canutama,AM,prefeitura,Prefeitura de Canutama,instagram,https://instagram.com/prefeituradecanutama,https://www.canutama.am.gov.br,2026-10-08,
1300904,Canutama,AM,prefeitura,Prefeitura de Canutama,site,https://www.canutama.am.gov.br,varredura de domínio,2026-10-08,
1300904,Canutama,AM,prefeitura,Prefeitura de Canutama,whatsapp_atendimento,https://api.whatsapp.com/send?phone=555433481080,https://www.canutama.am.gov.br,2026-10-08,"número de atendimento publicado no site oficial; uso: atendimento ao cidadão, não é canal de comunicação política"
1301100,Careiro,AM,camara,Câmara Municipal de Careiro,facebook,https://facebook.com/camaracareirocastanho,https://www.careiro.am.leg.br,2026-10-08,
1301100,Careiro,AM,camara,Câmara Municipal de Careiro,instagram,https://instagram.com/camara.careiro,https://www.careiro.am.leg.br,2026-10-08,
1301100,Careiro,AM,camara,Câmara Municipal de Careiro,site,https://www.careiro.am.leg.br,varredura de domínio,2026-10-08,
1301100,Careiro,AM,portal,Portal Em Tempo,facebook,https://facebook.com/portalemtempooficial,https://emtempo.com.br/,2026-10-08,portal estadual sediado em Manaus; cobre o município (busca no site retorna matérias)
1301100,Careiro,AM,portal,Portal Em Tempo,instagram,https://instagram.com/portalemtempooficial,https://emtempo.com.br/,2026-10-08,portal estadual sediado em Manaus; cobre o município (busca no site retorna matérias)
1301100,Careiro,AM,portal,Portal Em Tempo,site,https://emtempo.com.br,https://emtempo.com.br/?s=Careiro,2026-10-08,portal estadual sediado em Manaus; cobre o município (busca no site retorna matérias)
1301100,Careiro,AM,portal,Portal Em Tempo,tiktok,https://tiktok.com/@portalemtempooficial,https://emtempo.com.br/,2026-10-08,portal estadual sediado em Manaus; cobre o município (busca no site retorna matérias)
1301100,Careiro,AM,portal,Portal Em Tempo,whatsapp_canal,https://whatsapp.com/channel/0029VakKNC9Likg3olPS592W,https://emtempo.com.br/,2026-10-08,"portal estadual sediado em Manaus; cobre o município (busca no site retorna matérias); canal confirmado: ""Amazonas EM TEMPO"""
1301100,Careiro,AM,portal,Portal Em Tempo,youtube,https://youtube.com/channel/UCwBtlrf7QbEgM6-hewKsaxQ,https://emtempo.com.br/,2026-10-08,portal estadual sediado em Manaus; cobre o município (busca no site retorna matérias)
1301100,Careiro,AM,prefeitura,Prefeitura de Careiro,instagram,https://instagram.com/prefeitura.careiro,https://careiro.am.gov.br,2026-10-08,
1301100,Careiro,AM,prefeitura,Prefeitura de Careiro,site,https://careiro.am.gov.br,varredura de domínio,2026-10-08,
1301100,Careiro,AM,radio,Rádio Castanho 103.3 FM,site,https://www.radiocastanho.com.br,https://tudoradio.com/dials/emissora/2882-radio-castanho,2026-10-08,sediada em Careiro (Careiro Castanho); sem perfis no HTML
1301209,Coari,AM,camara,Câmara Municipal de Coari,facebook,https://facebook.com/camaradecoari,https://www.coari.am.leg.br,2026-10-08,
1301209,Coari,AM,camara,Câmara Municipal de Coari,instagram,https://instagram.com/camara_decoari,https://www.coari.am.leg.br,2026-10-08,
1301209,Coari,AM,camara,Câmara Municipal de Coari,site,https://www.coari.am.leg.br,varredura de domínio,2026-10-08,
1301209,Coari,AM,portal,Portal Em Tempo,facebook,https://facebook.com/portalemtempooficial,https://emtempo.com.br/,2026-10-08,portal estadual sediado em Manaus; cobre o município (busca no site retorna matérias)
1301209,Coari,AM,portal,Portal Em Tempo,instagram,https://instagram.com/portalemtempooficial,https://emtempo.com.br/,2026-10-08,portal estadual sediado em Manaus; cobre o município (busca no site retorna matérias)
1301209,Coari,AM,portal,Portal Em Tempo,site,https://emtempo.com.br,https://emtempo.com.br/?s=Coari,2026-10-08,portal estadual sediado em Manaus; cobre o município (busca no site retorna matérias)
1301209,Coari,AM,portal,Portal Em Tempo,tiktok,https://tiktok.com/@portalemtempooficial,https://emtempo.com.br/,2026-10-08,portal estadual sediado em Manaus; cobre o município (busca no site retorna matérias)
1301209,Coari,AM,portal,Portal Em Tempo,whatsapp_canal,https://whatsapp.com/channel/0029VakKNC9Likg3olPS592W,https://emtempo.com.br/,2026-10-08,"portal estadual sediado em Manaus; cobre o município (busca no site retorna matérias); canal confirmado: ""Amazonas EM TEMPO"""
1301209,Coari,AM,portal,Portal Em Tempo,youtube,https://youtube.com/channel/UCwBtlrf7QbEgM6-hewKsaxQ,https://emtempo.com.br/,2026-10-08,portal estadual sediado em Manaus; cobre o município (busca no site retorna matérias)
1301209,Coari,AM,prefeitura,Prefeitura de Coari,site,https://www.coari.am.gov.br,varredura de domínio,2026-10-08,
1301209,Coari,AM,radio,Boas Novas Coari 107.9 FM,site,https://www.boasnovascoarifm.com.br,https://tudoradio.com/dials/emissora/6795-boas-novas-fm,2026-10-08,afiliada da rede Boas Novas; perfis no site são da empresa de hospedagem (descartados)
1301209,Coari,AM,radio,Nova Coari FM 89.5,instagram,https://instagram.com/radionovacoarifm,https://www.novacoarifm.com.br/,2026-10-08,
1301209,Coari,AM,radio,Nova Coari FM 89.5,site,https://www.novacoarifm.com.br,https://tudoradio.com/dials/emissora/6190-nova-coari-fm,2026-10-08,
1301209,Coari,AM,radio,Rádio Educação Rural de Coari (Sant'Ana FM 91.3),site,https://radiocoari.com.br,https://tudoradio.com/dials/emissora/6400-santana-fm,2026-10-08,sediada em Coari
1301407,Eirunepé,AM,portal,Portal Em Tempo,facebook,https://facebook.com/portalemtempooficial,https://emtempo.com.br/,2026-10-08,portal estadual sediado em Manaus; cobre o município (busca no site retorna matérias)
1301407,Eirunepé,AM,portal,Portal Em Tempo,instagram,https://instagram.com/portalemtempooficial,https://emtempo.com.br/,2026-10-08,portal estadual sediado em Manaus; cobre o município (busca no site retorna matérias)
1301407,Eirunepé,AM,portal,Portal Em Tempo,site,https://emtempo.com.br,https://emtempo.com.br/?s=Eirunep%C3%A9,2026-10-08,portal estadual sediado em Manaus; cobre o município (busca no site retorna matérias)
1301407,Eirunepé,AM,portal,Portal Em Tempo,tiktok,https://tiktok.com/@portalemtempooficial,https://emtempo.com.br/,2026-10-08,portal estadual sediado em Manaus; cobre o município (busca no site retorna matérias)
1301407,Eirunepé,AM,portal,Portal Em Tempo,whatsapp_canal,https://whatsapp.com/channel/0029VakKNC9Likg3olPS592W,https://emtempo.com.br/,2026-10-08,"portal estadual sediado em Manaus; cobre o município (busca no site retorna matérias); canal confirmado: ""Amazonas EM TEMPO"""
1301407,Eirunepé,AM,portal,Portal Em Tempo,youtube,https://youtube.com/channel/UCwBtlrf7QbEgM6-hewKsaxQ,https://emtempo.com.br/,2026-10-08,portal estadual sediado em Manaus; cobre o município (busca no site retorna matérias)
1301407,Eirunepé,AM,prefeitura,Prefeitura de Eirunepé,facebook,https://facebook.com/prefeituraeirunepe,https://eirunepe.am.gov.br,2026-10-08,
1301407,Eirunepé,AM,prefeitura,Prefeitura de Eirunepé,site,https://eirunepe.am.gov.br,varredura de domínio,2026-10-08,
1301407,Eirunepé,AM,radio,Boas Novas Eirunepé 91.7 FM,site,https://www.boasnovaseirunepefm.com.br,https://pt.wikipedia.org/wiki/Eirunep%C3%A9,2026-10-08,afiliada da rede Boas Novas; sem perfis próprios no HTML
1301407,Eirunepé,AM,radio,Rádio Eirunepé Web,site,https://eirunepeweb.minharadio.fm,https://pt.wikipedia.org/wiki/Eirunep%C3%A9,2026-10-08,web rádio local; site não respondeu na checagem
1301704,Humaitá,AM,camara,Câmara Municipal de Humaitá,site,https://www.humaita.am.leg.br,varredura de domínio,2026-10-08,
1301704,Humaitá,AM,portal,Humaitá News,site,https://humaitanews.com.br,https://humaitanews.com.br/,2026-10-08,portal local; sem perfis públicos no HTML
1301704,Humaitá,AM,portal,Portal Em Tempo,facebook,https://facebook.com/portalemtempooficial,https://emtempo.com.br/,2026-10-08,portal estadual sediado em Manaus; cobre o município (busca no site retorna matérias)
1301704,Humaitá,AM,portal,Portal Em Tempo,instagram,https://instagram.com/portalemtempooficial,https://emtempo.com.br/,2026-10-08,portal estadual sediado em Manaus; cobre o município (busca no site retorna matérias)
1301704,Humaitá,AM,portal,Portal Em Tempo,site,https://emtempo.com.br,https://emtempo.com.br/?s=Humait%C3%A1,2026-10-08,portal estadual sediado em Manaus; cobre o município (busca no site retorna matérias)
1301704,Humaitá,AM,portal,Portal Em Tempo,tiktok,https://tiktok.com/@portalemtempooficial,https://emtempo.com.br/,2026-10-08,portal estadual sediado em Manaus; cobre o município (busca no site retorna matérias)
1301704,Humaitá,AM,portal,Portal Em Tempo,whatsapp_canal,https://whatsapp.com/channel/0029VakKNC9Likg3olPS592W,https://emtempo.com.br/,2026-10-08,"portal estadual sediado em Manaus; cobre o município (busca no site retorna matérias); canal confirmado: ""Amazonas EM TEMPO"""
1301704,Humaitá,AM,portal,Portal Em Tempo,youtube,https://youtube.com/channel/UCwBtlrf7QbEgM6-hewKsaxQ,https://emtempo.com.br/,2026-10-08,portal estadual sediado em Manaus; cobre o município (busca no site retorna matérias)
1301704,Humaitá,AM,prefeitura,Prefeitura de Humaitá,site,https://www.humaita.am.gov.br,varredura de domínio,2026-10-08,
1301704,Humaitá,AM,radio,VRM 93.3 FM,site,https://radiovrm933fm.com,https://tudoradio.com/dials/emissora/5961-vrm-93-fm,2026-10-08,sediada em Humaitá; site não respondeu na checagem
1301902,Itacoatiara,AM,camara,Câmara Municipal de Itacoatiara,facebook,https://facebook.com/camaradeitacoatiara,https://www.itacoatiara.am.leg.br,2026-10-08,
1301902,Itacoatiara,AM,camara,Câmara Municipal de Itacoatiara,instagram,https://instagram.com/camaramunicipalitacoatiara,https://www.itacoatiara.am.leg.br,2026-10-08,
1301902,Itacoatiara,AM,camara,Câmara Municipal de Itacoatiara,site,https://www.itacoatiara.am.leg.br,varredura de domínio,2026-10-08,
1301902,Itacoatiara,AM,camara,Câmara Municipal de Itacoatiara,youtube,https://youtube.com/channel/UCXmR91ujBVOfCmuqanXoJkg,https://www.itacoatiara.am.leg.br,2026-10-08,
1301902,Itacoatiara,AM,portal,Portal Em Tempo,facebook,https://facebook.com/portalemtempooficial,https://emtempo.com.br/,2026-10-08,portal estadual sediado em Manaus; cobre o município (busca no site retorna matérias)
1301902,Itacoatiara,AM,portal,Portal Em Tempo,instagram,https://instagram.com/portalemtempooficial,https://emtempo.com.br/,2026-10-08,portal estadual sediado em Manaus; cobre o município (busca no site retorna matérias)
1301902,Itacoatiara,AM,portal,Portal Em Tempo,site,https://emtempo.com.br,https://emtempo.com.br/?s=Itacoatiara,2026-10-08,portal estadual sediado em Manaus; cobre o município (busca no site retorna matérias)
1301902,Itacoatiara,AM,portal,Portal Em Tempo,tiktok,https://tiktok.com/@portalemtempooficial,https://emtempo.com.br/,2026-10-08,portal estadual sediado em Manaus; cobre o município (busca no site retorna matérias)
1301902,Itacoatiara,AM,portal,Portal Em Tempo,whatsapp_canal,https://whatsapp.com/channel/0029VakKNC9Likg3olPS592W,https://emtempo.com.br/,2026-10-08,"portal estadual sediado em Manaus; cobre o município (busca no site retorna matérias); canal confirmado: ""Amazonas EM TEMPO"""
1301902,Itacoatiara,AM,portal,Portal Em Tempo,youtube,https://youtube.com/channel/UCwBtlrf7QbEgM6-hewKsaxQ,https://emtempo.com.br/,2026-10-08,portal estadual sediado em Manaus; cobre o município (busca no site retorna matérias)
1301902,Itacoatiara,AM,prefeitura,Prefeitura de Itacoatiara,facebook,https://facebook.com/prefdeitacoatiara,https://itacoatiara.am.gov.br,2026-10-08,
1301902,Itacoatiara,AM,prefeitura,Prefeitura de Itacoatiara,instagram,https://instagram.com/prefeituradeitacoatiara,https://itacoatiara.am.gov.br,2026-10-08,
1301902,Itacoatiara,AM,prefeitura,Prefeitura de Itacoatiara,site,https://itacoatiara.am.gov.br,varredura de domínio,2026-10-08,
1301902,Itacoatiara,AM,prefeitura,Prefeitura de Itacoatiara,youtube,https://youtube.com/@prefeituraitacoatiara,https://itacoatiara.am.gov.br,2026-10-08,
1301902,Itacoatiara,AM,radio,Liga FM 93.1,site,https://ligafm.com.br,https://tudoradio.com/dials/emissora/7294-liga-fm,2026-10-08,Grupo Rádio Liga FM (também em Parintins)
1301902,Itacoatiara,AM,radio,Panorama FM 95.3,site,https://www.radiopanorama95.com.br,https://tudoradio.com/dials/emissora/2779-panorama-fm,2026-10-08,sediada em Itacoatiara; site não respondeu na checagem
1301902,Itacoatiara,AM,radio,Rádio Difusora 94.5,site,https://difusora94.com.br,https://tudoradio.com/dials/emissora/2778-radio-difusora,2026-10-08,sediada em Itacoatiara; sem perfis no HTML
1302405,Lábrea,AM,camara,Câmara Municipal de Lábrea,facebook,https://facebook.com/camaramunicipallabrea,https://www.labrea.am.leg.br,2026-10-08,
1302405,Lábrea,AM,camara,Câmara Municipal de Lábrea,instagram,https://instagram.com/camaradelabrea,https://www.labrea.am.leg.br,2026-10-08,
1302405,Lábrea,AM,camara,Câmara Municipal de Lábrea,site,https://www.labrea.am.leg.br,varredura de domínio,2026-10-08,
1302405,Lábrea,AM,camara,Câmara Municipal de Lábrea,youtube,https://youtube.com/@camaramunicipaldelabrea6733,https://www.labrea.am.leg.br,2026-10-08,
1302405,Lábrea,AM,portal,Portal Em Tempo,facebook,https://facebook.com/portalemtempooficial,https://emtempo.com.br/,2026-10-08,portal estadual sediado em Manaus; cobre o município (busca no site retorna matérias)
1302405,Lábrea,AM,portal,Portal Em Tempo,instagram,https://instagram.com/portalemtempooficial,https://emtempo.com.br/,2026-10-08,portal estadual sediado em Manaus; cobre o município (busca no site retorna matérias)
1302405,Lábrea,AM,portal,Portal Em Tempo,site,https://emtempo.com.br,https://emtempo.com.br/?s=L%C3%A1brea,2026-10-08,portal estadual sediado em Manaus; cobre o município (busca no site retorna matérias)
1302405,Lábrea,AM,portal,Portal Em Tempo,tiktok,https://tiktok.com/@portalemtempooficial,https://emtempo.com.br/,2026-10-08,portal estadual sediado em Manaus; cobre o município (busca no site retorna matérias)
1302405,Lábrea,AM,portal,Portal Em Tempo,whatsapp_canal,https://whatsapp.com/channel/0029VakKNC9Likg3olPS592W,https://emtempo.com.br/,2026-10-08,"portal estadual sediado em Manaus; cobre o município (busca no site retorna matérias); canal confirmado: ""Amazonas EM TEMPO"""
1302405,Lábrea,AM,portal,Portal Em Tempo,youtube,https://youtube.com/channel/UCwBtlrf7QbEgM6-hewKsaxQ,https://emtempo.com.br/,2026-10-08,portal estadual sediado em Manaus; cobre o município (busca no site retorna matérias)
1302405,Lábrea,AM,radio,Lábrea FM 90.7,site,https://www.labreafm.com.br,https://www.labreafm.com.br,2026-10-08,rádio local; perfis no HTML são da empresa de hospedagem (descartados)
1302504,Manacapuru,AM,camara,Câmara Municipal de Manacapuru,site,https://www.manacapuru.am.leg.br,varredura de domínio,2026-10-08,
1302504,Manacapuru,AM,portal,Amazonas1,facebook,https://facebook.com/portalamazonas1,https://amazonas1.com.br,2026-10-08,portal estadual sediado em Manaus; as demais rádios do dial local são redes de Manaus
1302504,Manacapuru,AM,portal,Amazonas1,instagram,https://instagram.com/portalamazonas1,https://amazonas1.com.br,2026-10-08,portal estadual sediado em Manaus; as demais rádios do dial local são redes de Manaus
1302504,Manacapuru,AM,portal,Amazonas1,site,https://amazonas1.com.br,https://amazonas1.com.br,2026-10-08,portal estadual sediado em Manaus; as demais rádios do dial local são redes de Manaus
1302504,Manacapuru,AM,portal,Amazonas1,youtube,https://youtube.com/@TVAM1,https://amazonas1.com.br,2026-10-08,portal estadual sediado em Manaus; as demais rádios do dial local são redes de Manaus
1302504,Manacapuru,AM,portal,Portal Em Tempo,facebook,https://facebook.com/portalemtempooficial,https://emtempo.com.br/,2026-10-08,portal estadual sediado em Manaus; cobre o município (busca no site retorna matérias)
1302504,Manacapuru,AM,portal,Portal Em Tempo,instagram,https://instagram.com/portalemtempooficial,https://emtempo.com.br/,2026-10-08,portal estadual sediado em Manaus; cobre o município (busca no site retorna matérias)
1302504,Manacapuru,AM,portal,Portal Em Tempo,site,https://emtempo.com.br,https://emtempo.com.br/?s=Manacapuru,2026-10-08,portal estadual sediado em Manaus; cobre o município (busca no site retorna matérias)
1302504,Manacapuru,AM,portal,Portal Em Tempo,tiktok,https://tiktok.com/@portalemtempooficial,https://emtempo.com.br/,2026-10-08,portal estadual sediado em Manaus; cobre o município (busca no site retorna matérias)
1302504,Manacapuru,AM,portal,Portal Em Tempo,whatsapp_canal,https://whatsapp.com/channel/0029VakKNC9Likg3olPS592W,https://emtempo.com.br/,2026-10-08,"portal estadual sediado em Manaus; cobre o município (busca no site retorna matérias); canal confirmado: ""Amazonas EM TEMPO"""
1302504,Manacapuru,AM,portal,Portal Em Tempo,youtube,https://youtube.com/channel/UCwBtlrf7QbEgM6-hewKsaxQ,https://emtempo.com.br/,2026-10-08,portal estadual sediado em Manaus; cobre o município (busca no site retorna matérias)
1302504,Manacapuru,AM,prefeitura,Prefeitura de Manacapuru,facebook,https://facebook.com/prefeituradempu,https://www.manacapuru.am.gov.br,2026-10-08,
1302504,Manacapuru,AM,prefeitura,Prefeitura de Manacapuru,instagram,https://instagram.com/prefeituradempu,https://www.manacapuru.am.gov.br,2026-10-08,
1302504,Manacapuru,AM,prefeitura,Prefeitura de Manacapuru,site,https://www.manacapuru.am.gov.br,varredura de domínio,2026-10-08,
1302504,Manacapuru,AM,radio,CBN Amazônia 96.3 (Manacapuru),facebook,https://facebook.com/CBNAmazonia,https://cbnamazonia.com/,2026-10-08,"rede CBN Amazônia, com sede em Manaus; frequência em Manacapuru"
1302504,Manacapuru,AM,radio,CBN Amazônia 96.3 (Manacapuru),instagram,https://instagram.com/cbnamazonia,https://cbnamazonia.com/,2026-10-08,"rede CBN Amazônia, com sede em Manaus; frequência em Manacapuru"
1302504,Manacapuru,AM,radio,CBN Amazônia 96.3 (Manacapuru),site,https://cbnamazonia.com,https://tudoradio.com/dials/emissora/5430-cbn-amazonia,2026-10-08,"rede CBN Amazônia, com sede em Manaus; frequência em Manacapuru"
1302900,Maués,AM,portal,Portal Em Tempo,facebook,https://facebook.com/portalemtempooficial,https://emtempo.com.br/,2026-10-08,portal estadual sediado em Manaus; cobre o município (busca no site retorna matérias)
1302900,Maués,AM,portal,Portal Em Tempo,instagram,https://instagram.com/portalemtempooficial,https://emtempo.com.br/,2026-10-08,portal estadual sediado em Manaus; cobre o município (busca no site retorna matérias)
1302900,Maués,AM,portal,Portal Em Tempo,site,https://emtempo.com.br,https://emtempo.com.br/?s=Mau%C3%A9s,2026-10-08,portal estadual sediado em Manaus; cobre o município (busca no site retorna matérias)
1302900,Maués,AM,portal,Portal Em Tempo,tiktok,https://tiktok.com/@portalemtempooficial,https://emtempo.com.br/,2026-10-08,portal estadual sediado em Manaus; cobre o município (busca no site retorna matérias)
1302900,Maués,AM,portal,Portal Em Tempo,whatsapp_canal,https://whatsapp.com/channel/0029VakKNC9Likg3olPS592W,https://emtempo.com.br/,2026-10-08,"portal estadual sediado em Manaus; cobre o município (busca no site retorna matérias); canal confirmado: ""Amazonas EM TEMPO"""
1302900,Maués,AM,portal,Portal Em Tempo,youtube,https://youtube.com/channel/UCwBtlrf7QbEgM6-hewKsaxQ,https://emtempo.com.br/,2026-10-08,portal estadual sediado em Manaus; cobre o município (busca no site retorna matérias)
1302900,Maués,AM,radio,Guaranópolis FM 89.3,site,https://guaranopolisfm.com.br,https://tudoradio.com/dials/emissora/6222-guaranopolis-fm,2026-10-08,sediada em Maués; sem perfis no HTML
1302900,Maués,AM,radio,Rádio Independência 91.5,site,https://radioindependenciafmmaues.com.br,https://tudoradio.com/dials/emissora/6021-radio-independencia,2026-10-08,sediada em Maués
1302900,Maués,AM,radio,Rádio do Povo FM 97.9,facebook,https://facebook.com/dopovofm,https://radiodopovo.vipfm.net/,2026-10-08,sediada em Maués
1302900,Maués,AM,radio,Rádio do Povo FM 97.9,instagram,https://instagram.com/radio_do_povo_fm_97.9,https://radiodopovo.vipfm.net/,2026-10-08,sediada em Maués
1302900,Maués,AM,radio,Rádio do Povo FM 97.9,site,https://radiodopovo.vipfm.net,https://tudoradio.com/dials/emissora/5553-radio-do-povo-fm,2026-10-08,sediada em Maués
1303403,Parintins,AM,portal,Parintins 24 Horas,site,https://parintins24hs.com.br,https://parintins24hs.com.br/,2026-10-08,portal local; perfis no HTML são pessoais ou de anunciantes (descartados)
1303403,Parintins,AM,portal,Parintins Amazonas,facebook,https://facebook.com/parintinsamazonas,https://parintinsamazonas.com.br,2026-10-08,
1303403,Parintins,AM,portal,Parintins Amazonas,site,https://parintinsamazonas.com.br,https://parintinsamazonas.com.br,2026-10-08,
1303403,Parintins,AM,prefeitura,Prefeitura de Parintins,facebook,https://facebook.com/PrefeituraOficialParintins,https://www.parintins.am.gov.br,2026-10-08,
1303403,Parintins,AM,prefeitura,Prefeitura de Parintins,instagram,https://instagram.com/prefeituradeparintins,https://www.parintins.am.gov.br,2026-10-08,
1303403,Parintins,AM,prefeitura,Prefeitura de Parintins,instagram,https://instagram.com/secatparintins,https://www.parintins.am.gov.br,2026-10-08,
1303403,Parintins,AM,prefeitura,Prefeitura de Parintins,site,https://www.parintins.am.gov.br,varredura de domínio,2026-10-08,
1303403,Parintins,AM,prefeitura,Prefeitura de Parintins,youtube,https://youtube.com/@prefeituradeparintins,https://www.parintins.am.gov.br,2026-10-08,
1303403,Parintins,AM,radio,Rios FM 96.7 / Rios de Notícias,facebook,https://facebook.com/RiosdeNoticias,https://www.riosdenoticias.com.br/,2026-10-08,frequência em Parintins; o portal Rios de Notícias é estadual
1303403,Parintins,AM,radio,Rios FM 96.7 / Rios de Notícias,facebook,https://facebook.com/portalriosdenoticias,https://www.riosdenoticias.com.br/,2026-10-08,frequência em Parintins; o portal Rios de Notícias é estadual
1303403,Parintins,AM,radio,Rios FM 96.7 / Rios de Notícias,instagram,https://instagram.com/riosdenoticias,https://www.riosdenoticias.com.br/,2026-10-08,frequência em Parintins; o portal Rios de Notícias é estadual
1303403,Parintins,AM,radio,Rios FM 96.7 / Rios de Notícias,site,https://www.riosdenoticias.com.br,https://tudoradio.com/dials/emissora/7094-rios-fm,2026-10-08,frequência em Parintins; o portal Rios de Notícias é estadual
1303403,Parintins,AM,radio,Rios FM 96.7 / Rios de Notícias,youtube,https://youtube.com/@radioriosfmoficial,https://www.riosdenoticias.com.br/,2026-10-08,frequência em Parintins; o portal Rios de Notícias é estadual
1303403,Parintins,AM,radio,Rios FM 96.7 / Rios de Notícias,youtube,https://youtube.com/channel/UCy-iYoo57AcV756YUfLe87A,https://www.riosdenoticias.com.br/,2026-10-08,frequência em Parintins; o portal Rios de Notícias é estadual
1303403,Parintins,AM,radio,Rádio Clube de Parintins 100.7,site,https://portalclubefm.com.br,https://tudoradio.com/dials/emissora/3663-radio-clube,2026-10-08,sediada em Parintins; sem perfis no HTML
1303809,São Gabriel Da Cachoeira,AM,camara,Câmara Municipal de São Gabriel Da Cachoeira,site,https://www.saogabrieldacachoeira.am.leg.br,varredura de domínio,2026-10-08,
1303809,São Gabriel Da Cachoeira,AM,outro,FOIRN - Federação das Organizações Indígenas do Rio Negro (Rede Wayuri),site,https://foirn.org.br,https://foirn.org.br,2026-10-08,"sede em São Gabriel da Cachoeira; a Rede Wayuri de comunicadores indígenas circula pelos canais da FOIRN; sem perfis no HTML. Segundo o ISA, a rádio local FM O Dia é afiliada ao grupo A Crítica (sem site encontrado)"
1303809,São Gabriel Da Cachoeira,AM,portal,Portal Em Tempo,facebook,https://facebook.com/portalemtempooficial,https://emtempo.com.br/,2026-10-08,portal estadual sediado em Manaus; cobre o município (busca no site retorna matérias)
1303809,São Gabriel Da Cachoeira,AM,portal,Portal Em Tempo,instagram,https://instagram.com/portalemtempooficial,https://emtempo.com.br/,2026-10-08,portal estadual sediado em Manaus; cobre o município (busca no site retorna matérias)
1303809,São Gabriel Da Cachoeira,AM,portal,Portal Em Tempo,site,https://emtempo.com.br,https://emtempo.com.br/?s=S%C3%A3o+Gabriel+da+Cachoeira,2026-10-08,portal estadual sediado em Manaus; cobre o município (busca no site retorna matérias)
1303809,São Gabriel Da Cachoeira,AM,portal,Portal Em Tempo,tiktok,https://tiktok.com/@portalemtempooficial,https://emtempo.com.br/,2026-10-08,portal estadual sediado em Manaus; cobre o município (busca no site retorna matérias)
1303809,São Gabriel Da Cachoeira,AM,portal,Portal Em Tempo,whatsapp_canal,https://whatsapp.com/channel/0029VakKNC9Likg3olPS592W,https://emtempo.com.br/,2026-10-08,"portal estadual sediado em Manaus; cobre o município (busca no site retorna matérias); canal confirmado: ""Amazonas EM TEMPO"""
1303809,São Gabriel Da Cachoeira,AM,portal,Portal Em Tempo,youtube,https://youtube.com/channel/UCwBtlrf7QbEgM6-hewKsaxQ,https://emtempo.com.br/,2026-10-08,portal estadual sediado em Manaus; cobre o município (busca no site retorna matérias)
1304062,Tabatinga,AM,camara,Câmara Municipal de Tabatinga,instagram,https://instagram.com/camara_tbt,https://camaradetabatinga.am.gov.br,2026-10-08,
1304062,Tabatinga,AM,camara,Câmara Municipal de Tabatinga,site,https://camaradetabatinga.am.gov.br,https://camaradetabatinga.am.gov.br,2026-10-08,
1304062,Tabatinga,AM,portal,Portal Em Tempo,facebook,https://facebook.com/portalemtempooficial,https://emtempo.com.br/,2026-10-08,portal estadual sediado em Manaus; cobre o município (busca no site retorna matérias)
1304062,Tabatinga,AM,portal,Portal Em Tempo,instagram,https://instagram.com/portalemtempooficial,https://emtempo.com.br/,2026-10-08,portal estadual sediado em Manaus; cobre o município (busca no site retorna matérias)
1304062,Tabatinga,AM,portal,Portal Em Tempo,site,https://emtempo.com.br,https://emtempo.com.br/?s=Tabatinga,2026-10-08,portal estadual sediado em Manaus; cobre o município (busca no site retorna matérias)
1304062,Tabatinga,AM,portal,Portal Em Tempo,tiktok,https://tiktok.com/@portalemtempooficial,https://emtempo.com.br/,2026-10-08,portal estadual sediado em Manaus; cobre o município (busca no site retorna matérias)
1304062,Tabatinga,AM,portal,Portal Em Tempo,whatsapp_canal,https://whatsapp.com/channel/0029VakKNC9Likg3olPS592W,https://emtempo.com.br/,2026-10-08,"portal estadual sediado em Manaus; cobre o município (busca no site retorna matérias); canal confirmado: ""Amazonas EM TEMPO"""
1304062,Tabatinga,AM,portal,Portal Em Tempo,youtube,https://youtube.com/channel/UCwBtlrf7QbEgM6-hewKsaxQ,https://emtempo.com.br/,2026-10-08,portal estadual sediado em Manaus; cobre o município (busca no site retorna matérias)
1304062,Tabatinga,AM,portal,Tabatinga News,facebook,https://facebook.com/supermegawebradio,https://tabatinganews.com.br/,2026-10-08,portal local; os perfis vinculados no site são da Mister TV News e da Super Mega Web Rádio
1304062,Tabatinga,AM,portal,Tabatinga News,instagram,https://instagram.com/mistertvnews,https://tabatinganews.com.br/,2026-10-08,portal local; os perfis vinculados no site são da Mister TV News e da Super Mega Web Rádio
1304062,Tabatinga,AM,portal,Tabatinga News,site,https://tabatinganews.com.br,https://tabatinganews.com.br/,2026-10-08,portal local; os perfis vinculados no site são da Mister TV News e da Super Mega Web Rádio
1304062,Tabatinga,AM,portal,Tabatinga News,youtube,https://youtube.com/@mistertvnews,https://tabatinganews.com.br/,2026-10-08,portal local; os perfis vinculados no site são da Mister TV News e da Super Mega Web Rádio
1304062,Tabatinga,AM,prefeitura,Prefeitura de Tabatinga,facebook,https://facebook.com/prefeituramunicipaldetabatingaAM,https://tabatinga.am.gov.br,2026-10-08,
1304062,Tabatinga,AM,prefeitura,Prefeitura de Tabatinga,instagram,https://instagram.com/prefeituratabatingaam,https://tabatinga.am.gov.br,2026-10-08,
1304062,Tabatinga,AM,prefeitura,Prefeitura de Tabatinga,site,https://tabatinga.am.gov.br,varredura de domínio,2026-10-08,
1304062,Tabatinga,AM,radio,Rádio Nacional do Alto Solimões (EBC) 96.1 FM / 670 AM,site,https://radios.ebc.com.br,https://tudoradio.com/dials/emissora/4162-radio-nacional-do-alto-solimoes,2026-10-08,emissora pública da EBC sediada em Tabatinga; o site é o portal genérico de rádios da EBC
1600279,Laranjal Do Jari,AP,camara,Câmara Municipal de Laranjal Do Jari,facebook,https://facebook.com/cmlj.ap,https://www.laranjaldojari.ap.leg.br,2026-10-08,
1600279,Laranjal Do Jari,AP,camara,Câmara Municipal de Laranjal Do Jari,instagram,https://instagram.com/camaradelaranjaldojari,https://www.laranjaldojari.ap.leg.br,2026-10-08,
1600279,Laranjal Do Jari,AP,camara,Câmara Municipal de Laranjal Do Jari,site,https://www.laranjaldojari.ap.leg.br,varredura de domínio,2026-10-08,
1600279,Laranjal Do Jari,AP,camara,Câmara Municipal de Laranjal Do Jari,youtube,https://youtube.com/@camaradelaranjaldojari,https://www.laranjaldojari.ap.leg.br,2026-10-08,
1600279,Laranjal Do Jari,AP,jornal,Diário do Amapá,facebook,https://facebook.com/DiarioDoAmapa,https://www.diariodoamapa.com.br,2026-10-08,jornal estadual sediado em Macapá
1600279,Laranjal Do Jari,AP,jornal,Diário do Amapá,instagram,https://instagram.com/diariodoamapa,https://www.diariodoamapa.com.br,2026-10-08,jornal estadual sediado em Macapá
1600279,Laranjal Do Jari,AP,jornal,Diário do Amapá,site,https://www.diariodoamapa.com.br,https://www.diariodoamapa.com.br,2026-10-08,jornal estadual sediado em Macapá
1600279,Laranjal Do Jari,AP,portal,Jari Notícias,instagram,https://instagram.com/jarinoticiasoficial,https://www.jarinoticias.com.br,2026-10-08,portal do Vale do Jari
1600279,Laranjal Do Jari,AP,portal,Jari Notícias,site,https://www.jarinoticias.com.br,https://www.jarinoticias.com.br,2026-10-08,portal do Vale do Jari
1600279,Laranjal Do Jari,AP,portal,SelesNafes.com,site,https://selesnafes.com,https://selesnafes.com/?s=Laranjal,2026-10-08,portal estadual sediado em Macapá; os perfis no HTML são de anunciantes (descartados)
1600279,Laranjal Do Jari,AP,prefeitura,Prefeitura de Laranjal Do Jari,facebook,https://facebook.com/PrefeituradeLaranjaldoJari,https://laranjaldojari.ap.gov.br,2026-10-08,
1600279,Laranjal Do Jari,AP,prefeitura,Prefeitura de Laranjal Do Jari,instagram,https://instagram.com/prefeituradelaranjaldojari,https://laranjaldojari.ap.gov.br,2026-10-08,
1600279,Laranjal Do Jari,AP,prefeitura,Prefeitura de Laranjal Do Jari,site,https://laranjaldojari.ap.gov.br,varredura de domínio,2026-10-08,
1600501,Oiapoque,AP,camara,Câmara Municipal de Oiapoque,facebook,https://facebook.com/cvmo.oiapoque,https://oiapoque.ap.leg.br,2026-10-08,
1600501,Oiapoque,AP,camara,Câmara Municipal de Oiapoque,instagram,https://instagram.com/camaramunicipaldeoiapoque,https://oiapoque.ap.leg.br,2026-10-08,
1600501,Oiapoque,AP,camara,Câmara Municipal de Oiapoque,instagram,https://instagram.com/oiapoquecvmo,https://oiapoque.ap.leg.br,2026-10-08,
1600501,Oiapoque,AP,camara,Câmara Municipal de Oiapoque,site,https://oiapoque.ap.leg.br,https://oiapoque.ap.leg.br,2026-10-08,
1600501,Oiapoque,AP,portal,SelesNafes.com,site,https://selesnafes.com,https://selesnafes.com/?s=Oiapoque,2026-10-08,portal estadual sediado em Macapá
1600501,Oiapoque,AP,radio,Equinócio FM 100.9,site,https://equinociooiapoque.blogspot.com,https://tudoradio.com/dials/emissora/6234-equinocio-fm,2026-10-08,sediada em Oiapoque
1600501,Oiapoque,AP,radio,Oiapoque FM (oiapoquefm.com.br),facebook,https://facebook.com/oiapoquefm,https://www.oiapoquefm.com.br,2026-10-08,"página ""Oiapoque FM"" encontrada por domínio; não foi confirmado se é a mesma emissora 91.9"
1600501,Oiapoque,AP,radio,Oiapoque FM (oiapoquefm.com.br),site,https://www.oiapoquefm.com.br,https://www.oiapoquefm.com.br,2026-10-08,"página ""Oiapoque FM"" encontrada por domínio; não foi confirmado se é a mesma emissora 91.9"
1600501,Oiapoque,AP,radio,Rádio Oiapoque FM 91.9,site,https://oiapoquefm.com,https://tudoradio.com/dials/emissora/5816-radio-oiapoque-fm,2026-10-08,sediada em Oiapoque; site não respondeu na checagem
2900702,Alagoinhas,BA,camara,Câmara Municipal de Alagoinhas,site,https://camaradealagoinhas.ba.gov.br,varredura de domínio,2026-10-08,
2900702,Alagoinhas,BA,portal,Alagoinhas Hoje,facebook,https://facebook.com/Alagoinhas-Hoje-487688228079271,https://www.alagoinhashoje.com,2026-10-08,portal sediado em Alagoinhas
2900702,Alagoinhas,BA,portal,Alagoinhas Hoje,site,https://www.alagoinhashoje.com,https://www.alagoinhashoje.com,2026-10-08,portal sediado em Alagoinhas
2900702,Alagoinhas,BA,prefeitura,Prefeitura de Alagoinhas,facebook,https://facebook.com/prefeituradealagoinhas,https://transparencia.alagoinhas.ba.gov.br,2026-10-08,
2900702,Alagoinhas,BA,prefeitura,Prefeitura de Alagoinhas,instagram,https://instagram.com/prefeitura.alagoinhas,https://transparencia.alagoinhas.ba.gov.br,2026-10-08,
2900702,Alagoinhas,BA,prefeitura,Prefeitura de Alagoinhas,site,https://transparencia.alagoinhas.ba.gov.br,varredura de domínio,2026-10-08,
2900702,Alagoinhas,BA,radio,93 FM (Alagoinhas),facebook,https://www.facebook.com/93FMBAHIA,https://tudoradio.com/dials/emissora/504-93-fm,2026-10-08,sediada em Alagoinhas; o tudoradio indica só a página do Facebook
2900702,Alagoinhas,BA,radio,Boa FM 94.1 Alagoinhas,facebook,https://facebook.com/boafmalagoinhas,https://redeboa.my.canva.site/alagoinhas,2026-10-08,YouTube e TikTok são da Rede Boa
2900702,Alagoinhas,BA,radio,Boa FM 94.1 Alagoinhas,instagram,https://instagram.com/boafmalagoinhas,https://redeboa.my.canva.site/alagoinhas,2026-10-08,YouTube e TikTok são da Rede Boa
2900702,Alagoinhas,BA,radio,Boa FM 94.1 Alagoinhas,site,https://redeboa.my.canva.site/alagoinhas,https://tudoradio.com/dials/emissora/1864-boa-fm,2026-10-08,YouTube e TikTok são da Rede Boa
2900702,Alagoinhas,BA,radio,Boa FM 94.1 Alagoinhas,tiktok,https://tiktok.com/@redeboaoficial,https://redeboa.my.canva.site/alagoinhas,2026-10-08,YouTube e TikTok são da Rede Boa
2900702,Alagoinhas,BA,radio,Boa FM 94.1 Alagoinhas,youtube,https://youtube.com/@redeBoaTV,https://redeboa.my.canva.site/alagoinhas,2026-10-08,YouTube e TikTok são da Rede Boa
2900702,Alagoinhas,BA,radio,Digital FM 96.3,site,https://glomes.com.br,https://tudoradio.com/dials/emissora/507-digital-fm,2026-10-08,rededigitalfm.com.br redireciona para o Grupo Lomes de Comunicação (BA/SE)
2902104,Araci,BA,camara,Câmara Municipal de Araci,site,https://www.araci.ba.leg.br,varredura de domínio,2026-10-08,
2902104,Araci,BA,jornal,Portal Folha / Jornal Folha dos Municípios,facebook,https://facebook.com/jornalfolhadosmunicipios,https://www.portalfolha.com/,2026-10-08,citado na Wikipédia sobre Araci; a busca por Araci no site retorna matérias; perfis vistos em https://www.portalfolha.com/
2902104,Araci,BA,jornal,Portal Folha / Jornal Folha dos Municípios,site,https://www.portalfolha.com,https://pt.wikipedia.org/wiki/Araci,2026-10-08,citado na Wikipédia sobre Araci; a busca por Araci no site retorna matérias; perfis vistos em https://www.portalfolha.com/
2902104,Araci,BA,jornal,Portal Folha / Jornal Folha dos Municípios,youtube,https://youtube.com/channel/UCRz6EJqu-IwvPbcnPNHJiww,https://www.portalfolha.com/,2026-10-08,citado na Wikipédia sobre Araci; a busca por Araci no site retorna matérias; perfis vistos em https://www.portalfolha.com/
2902104,Araci,BA,portal,A Voz do Campo,site,https://avozdocampo.com,https://avozdocampo.com/?s=Araci,2026-10-08,"portal regional do interior baiano; a busca por Araci retorna matérias; sem perfis públicos no HTML. A rádio comunitária Cultura FM tem outorga em Araci, mas não teve site encontrado"
2902104,Araci,BA,prefeitura,Prefeitura de Araci,instagram,https://instagram.com/prefeituradearaci_,https://www.araci.ba.gov.br,2026-10-08,
2902104,Araci,BA,prefeitura,Prefeitura de Araci,site,https://www.araci.ba.gov.br,varredura de domínio,2026-10-08,
2902708,Barra,BA,camara,Câmara Municipal de Barra,instagram,https://instagram.com/camarabarraba,https://cmbarra.ba.gov.br,2026-10-08,
2902708,Barra,BA,camara,Câmara Municipal de Barra,site,https://cmbarra.ba.gov.br,varredura de domínio,2026-10-08,
2902708,Barra,BA,camara,Câmara Municipal de Barra,whatsapp_atendimento,https://wa.me/557436622284,https://cmbarra.ba.gov.br,2026-10-08,"número de atendimento publicado no site oficial; uso: atendimento ao cidadão, não é canal de comunicação política"
2902708,Barra,BA,portal,Barra Notícias,site,https://www.barrabanoticias.com.br,https://www.barrabanoticias.com.br,2026-10-08,portal com notícias de Barra/BA; sem perfis públicos no HTML; nenhuma rádio local no dial do tudoradio
2902708,Barra,BA,prefeitura,Prefeitura de Barra,instagram,https://instagram.com/barraprefeitura,https://barra.ba.gov.br,2026-10-08,
2902708,Barra,BA,prefeitura,Prefeitura de Barra,site,https://barra.ba.gov.br,varredura de domínio,2026-10-08,
2906303,Canavieiras,BA,camara,Câmara Municipal de Canavieiras,instagram,https://instagram.com/camaradecanavieiras,https://www.camaracanavieiras.ba.gov.br,2026-10-08,
2906303,Canavieiras,BA,camara,Câmara Municipal de Canavieiras,site,https://www.camaracanavieiras.ba.gov.br,varredura de domínio,2026-10-08,
2906303,Canavieiras,BA,camara,Câmara Municipal de Canavieiras,youtube,https://youtube.com/channel/UCVsqoWtcGgGamK42-Uy2Dng,https://www.camaracanavieiras.ba.gov.br,2026-10-08,
2906303,Canavieiras,BA,portal,Pimenta Blog,facebook,https://facebook.com/pimentablog,https://pimenta.blog.br/,2026-10-08,blog regional da cidade-polo Itabuna/Ilhéus; cobre Canavieiras
2906303,Canavieiras,BA,portal,Pimenta Blog,instagram,https://instagram.com/pimenta.blog,https://pimenta.blog.br/,2026-10-08,blog regional da cidade-polo Itabuna/Ilhéus; cobre Canavieiras
2906303,Canavieiras,BA,portal,Pimenta Blog,site,https://pimenta.blog.br,https://www.pimenta.blog.br/?s=Canavieiras,2026-10-08,blog regional da cidade-polo Itabuna/Ilhéus; cobre Canavieiras
2906303,Canavieiras,BA,prefeitura,Prefeitura de Canavieiras,facebook,https://facebook.com/PrefeituraDeCanavieiras,https://www.canavieiras.ba.gov.br,2026-10-08,
2906303,Canavieiras,BA,prefeitura,Prefeitura de Canavieiras,instagram,https://instagram.com/prefeitura.canavieiras,https://www.canavieiras.ba.gov.br,2026-10-08,
2906303,Canavieiras,BA,prefeitura,Prefeitura de Canavieiras,site,https://www.canavieiras.ba.gov.br,varredura de domínio,2026-10-08,
2906303,Canavieiras,BA,radio,Costa Sul FM 99.3,site,https://www.costasulfm.com.br,https://tudoradio.com/dials/emissora/4005-costa-sul-fm,2026-10-08,"sediada em Canavieiras; sem perfis no HTML; a Rádio Atalaia 101.1, também local, não tem site"
2906501,Candeias,BA,camara,Câmara Municipal de Candeias,facebook,https://facebook.com/camaradecandeias,https://www.camaracandeias.ba.gov.br,2026-10-08,
2906501,Candeias,BA,camara,Câmara Municipal de Candeias,instagram,https://instagram.com/camaradecandeias,https://www.camaracandeias.ba.gov.br,2026-10-08,
2906501,Candeias,BA,camara,Câmara Municipal de Candeias,site,https://www.camaracandeias.ba.gov.br,varredura de domínio,2026-10-08,
2906501,Candeias,BA,camara,Câmara Municipal de Candeias,youtube,https://youtube.com/@camaradecandeias,https://www.camaracandeias.ba.gov.br,2026-10-08,
2906501,Candeias,BA,portal,Candeias Agora,site,https://www.candeiasagora.com.br,https://www.candeiasagora.com.br,2026-10-08,"blog local de Candeias/BA; o Instagram no HTML é do desenvolvedor (descartado); no dial só aparece a faixa comunitária 87.9, sem site"
2906501,Candeias,BA,portal,Candeias Notícias,facebook,https://facebook.com/visaodiaria,https://www.candeiasnoticias.com.br,2026-10-08,portal local; os perfis vinculados são da Visão Diária
2906501,Candeias,BA,portal,Candeias Notícias,instagram,https://instagram.com/visaodiariatv,https://www.candeiasnoticias.com.br,2026-10-08,portal local; os perfis vinculados são da Visão Diária
2906501,Candeias,BA,portal,Candeias Notícias,site,https://www.candeiasnoticias.com.br,https://www.candeiasnoticias.com.br,2026-10-08,portal local; os perfis vinculados são da Visão Diária
2906501,Candeias,BA,prefeitura,Prefeitura de Candeias,site,https://prefeitura.candeias.ba.gov.br,varredura de domínio,2026-10-08,
2910057,Dias D'Ávila,BA,camara,Câmara Municipal de Dias D'Ávila,site,https://www.diasdavila.ba.leg.br,varredura de domínio,2026-10-08,
2910057,Dias D'Ávila,BA,portal,Camaçari Notícias (CN1),facebook,https://facebook.com/cn1camacarinoticias,https://www.cn1.com.br/,2026-10-08,veículo da cidade-polo Camaçari; cobre Dias d'Ávila
2910057,Dias D'Ávila,BA,portal,Camaçari Notícias (CN1),instagram,https://instagram.com/camacarinoticias,https://www.cn1.com.br/,2026-10-08,veículo da cidade-polo Camaçari; cobre Dias d'Ávila
2910057,Dias D'Ávila,BA,portal,Camaçari Notícias (CN1),site,https://www.cn1.com.br,https://www.cn1.com.br/?s=Dias+d%27%C3%81vila,2026-10-08,veículo da cidade-polo Camaçari; cobre Dias d'Ávila
2910057,Dias D'Ávila,BA,portal,Camaçari Notícias (CN1),youtube,https://youtube.com/channel/UCtFOyAAXexeqWcpxkNulmgA,https://www.cn1.com.br/,2026-10-08,veículo da cidade-polo Camaçari; cobre Dias d'Ávila
2910057,Dias D'Ávila,BA,portal,Dias D'ávila Agora,facebook,https://facebook.com/diasdavilaagora,https://www.diasdavilaagora.com.br,2026-10-08,portal local
2910057,Dias D'Ávila,BA,portal,Dias D'ávila Agora,instagram,https://instagram.com/diasdavila.agora,https://www.diasdavilaagora.com.br,2026-10-08,portal local
2910057,Dias D'Ávila,BA,portal,Dias D'ávila Agora,site,https://www.diasdavilaagora.com.br,https://www.diasdavilaagora.com.br,2026-10-08,portal local
2910503,Entre Rios,BA,camara,Câmara Municipal de Entre Rios,facebook,https://facebook.com/camaraentrerios,https://camaraentrerios.ba.gov.br,2026-10-08,
2910503,Entre Rios,BA,camara,Câmara Municipal de Entre Rios,facebook,https://facebook.com/camaramunicipaldeseabra,https://camaraentrerios.ba.gov.br,2026-10-08,
2910503,Entre Rios,BA,camara,Câmara Municipal de Entre Rios,site,https://camaraentrerios.ba.gov.br,varredura de domínio,2026-10-08,
2910503,Entre Rios,BA,portal,Alagoinhas Hoje,facebook,https://facebook.com/Alagoinhas-Hoje-487688228079271,https://www.alagoinhashoje.com,2026-10-08,veículo da cidade-polo Alagoinhas; a busca por Entre Rios retorna matérias; nenhum veículo sediado em Entre Rios encontrado
2910503,Entre Rios,BA,portal,Alagoinhas Hoje,site,https://www.alagoinhashoje.com,https://www.alagoinhashoje.com/?s=Entre+Rios,2026-10-08,veículo da cidade-polo Alagoinhas; a busca por Entre Rios retorna matérias; nenhum veículo sediado em Entre Rios encontrado
2910503,Entre Rios,BA,prefeitura,Prefeitura de Entre Rios,facebook,https://facebook.com/prefeituradecastelo,https://entrerios.ba.gov.br,2026-10-08,
2910503,Entre Rios,BA,prefeitura,Prefeitura de Entre Rios,instagram,https://instagram.com/prefeituradecastelo,https://entrerios.ba.gov.br,2026-10-08,
2910503,Entre Rios,BA,prefeitura,Prefeitura de Entre Rios,instagram,https://instagram.com/prefeituraentrerios,https://entrerios.ba.gov.br,2026-10-08,
2910503,Entre Rios,BA,prefeitura,Prefeitura de Entre Rios,site,https://entrerios.ba.gov.br,varredura de domínio,2026-10-08,
2913903,Ipiaú,BA,camara,Câmara Municipal de Ipiaú,site,https://www.ipiau.ba.leg.br/captcha,varredura de domínio,2026-10-08,
2913903,Ipiaú,BA,portal,Ipiaú Notícias,facebook,https://facebook.com/ipiaunoticias,https://www.ipiaunoticias.com.br,2026-10-08,
2913903,Ipiaú,BA,portal,Ipiaú Notícias,instagram,https://instagram.com/ipiaunoticias,https://www.ipiaunoticias.com.br,2026-10-08,
2913903,Ipiaú,BA,portal,Ipiaú Notícias,site,https://www.ipiaunoticias.com.br,https://www.ipiaunoticias.com.br,2026-10-08,
2913903,Ipiaú,BA,portal,Ipiaú Notícias,youtube,https://youtube.com/@ipiaunoticias,https://www.ipiaunoticias.com.br,2026-10-08,
2913903,Ipiaú,BA,radio,Ipiaú FM 91.1,instagram,https://instagram.com/ipiaufm,https://www.ipiaufm.com.br/,2026-10-08,sediada em Ipiaú
2913903,Ipiaú,BA,radio,Ipiaú FM 91.1,site,https://www.ipiaufm.com.br,https://tudoradio.com/dials/emissora/5345-ipiau-fm,2026-10-08,sediada em Ipiaú
2913903,Ipiaú,BA,radio,Nova FM 89.3,facebook,https://facebook.com/fmnova89,https://www.novafm89.com.br/,2026-10-08,sediada em Ipiaú
2913903,Ipiaú,BA,radio,Nova FM 89.3,site,https://www.novafm89.com.br,https://tudoradio.com/dials/emissora/5591-nova-fm,2026-10-08,sediada em Ipiaú
2914000,Ipirá,BA,camara,Câmara Municipal de Ipirá,site,https://camaraipira.ba.gov.br,varredura de domínio,2026-10-08,
2914000,Ipirá,BA,prefeitura,Prefeitura de Ipirá,instagram,https://instagram.com/prefipira,https://www.ipira.ba.gov.br,2026-10-08,
2914000,Ipirá,BA,prefeitura,Prefeitura de Ipirá,site,https://www.ipira.ba.gov.br,varredura de domínio,2026-10-08,
2914000,Ipirá,BA,radio,Rádio Ipirá FM 104.1,facebook,https://facebook.com/ipirafm,http://ipirafm.com.br/,2026-10-08,sediada em Ipirá
2914000,Ipirá,BA,radio,Rádio Ipirá FM 104.1,instagram,https://instagram.com/ipirafm,http://ipirafm.com.br/,2026-10-08,sediada em Ipirá
2914000,Ipirá,BA,radio,Rádio Ipirá FM 104.1,site,https://ipirafm.com.br,https://tudoradio.com/dials/emissora/2595-ipira-fm,2026-10-08,sediada em Ipirá
2914000,Ipirá,BA,radio,Rádio Ipirá FM 104.1,youtube,https://youtube.com/channel/UCkCDXe90ErgIIwOfsYSUvyw,http://ipirafm.com.br/,2026-10-08,sediada em Ipirá
2914000,Ipirá,BA,radio,Rádio Serra Dourada 91.5,site,https://serradouradafmipira.com.br,https://tudoradio.com/dials/emissora/5275-radio-serra-dourada,2026-10-08,sediada em Ipirá; site não respondeu na checagem
2917607,Jaguaquara,BA,camara,Câmara Municipal de Jaguaquara,instagram,https://instagram.com/camaradejaguaquara,https://www.camarajaguaquara.ba.gov.br,2026-10-08,
2917607,Jaguaquara,BA,camara,Câmara Municipal de Jaguaquara,site,https://www.camarajaguaquara.ba.gov.br,varredura de domínio,2026-10-08,
2917607,Jaguaquara,BA,camara,Câmara Municipal de Jaguaquara,youtube,https://youtube.com/@camaradejaguaquara,https://www.camarajaguaquara.ba.gov.br,2026-10-08,
2917607,Jaguaquara,BA,prefeitura,Prefeitura de Jaguaquara,facebook,https://facebook.com/prefeiturajaguaquara,https://jaguaquara.ba.gov.br,2026-10-08,
2917607,Jaguaquara,BA,prefeitura,Prefeitura de Jaguaquara,instagram,https://instagram.com/prefeiturajaguaquara,https://jaguaquara.ba.gov.br,2026-10-08,
2917607,Jaguaquara,BA,prefeitura,Prefeitura de Jaguaquara,site,https://jaguaquara.ba.gov.br,varredura de domínio,2026-10-08,
2917607,Jaguaquara,BA,radio,Rádio Povo FM 90.7,site,https://radiopovo.com.br,https://tudoradio.com/dials/emissora/4757-radio-povo,2026-10-08,sediada em Jaguaquara; sem perfis no HTML; nenhum portal local encontrado
2919207,Lauro De Freitas,BA,camara,Câmara Municipal de Lauro de Freitas,facebook,https://www.facebook.com/camaradelauro,https://cmlf.ba.gov.br,2026-10-08,
2919207,Lauro De Freitas,BA,camara,Câmara Municipal de Lauro de Freitas,instagram,https://www.instagram.com/camaradelauro,https://cmlf.ba.gov.br,2026-10-08,
2919207,Lauro De Freitas,BA,camara,Câmara Municipal de Lauro de Freitas,site,https://cmlf.ba.gov.br,https://cmlf.ba.gov.br,2026-10-08,
2919207,Lauro De Freitas,BA,portal,Bahia Notícias,facebook,https://www.facebook.com/bahianoticias,https://www.bahianoticias.com.br/,2026-10-08,veículo da cidade-polo Salvador (RMS)
2919207,Lauro De Freitas,BA,portal,Bahia Notícias,instagram,https://www.instagram.com/bahianoticias,https://www.bahianoticias.com.br/,2026-10-08,veículo da cidade-polo Salvador (RMS)
2919207,Lauro De Freitas,BA,portal,Bahia Notícias,site,https://www.bahianoticias.com.br,https://www.bahianoticias.com.br/,2026-10-08,veículo da cidade-polo Salvador (RMS)
2919207,Lauro De Freitas,BA,portal,Bahia Notícias,youtube,https://www.youtube.com/channel/UCelevrrg2g7NdlrJMPrunhw,https://www.bahianoticias.com.br/,2026-10-08,veículo da cidade-polo Salvador (RMS)
2919207,Lauro De Freitas,BA,prefeitura,Prefeitura de Lauro De Freitas,facebook,https://facebook.com/Prefeitura-de-Lauro-de-Freitas-1411969378822513,https://www.laurodefreitas.ba.gov.br/site,2026-10-08,
2919207,Lauro De Freitas,BA,prefeitura,Prefeitura de Lauro De Freitas,instagram,https://instagram.com/preflaurodefreitas,https://www.laurodefreitas.ba.gov.br/site,2026-10-08,
2919207,Lauro De Freitas,BA,prefeitura,Prefeitura de Lauro De Freitas,site,https://www.laurodefreitas.ba.gov.br/site,varredura de domínio,2026-10-08,
2919207,Lauro De Freitas,BA,radio,"Rádio Panorama FM 87,9",facebook,https://www.facebook.com/panoramafm87,https://radiopanoramafm.net,2026-10-08,
2919207,Lauro De Freitas,BA,radio,"Rádio Panorama FM 87,9",instagram,https://www.instagram.com/radiopanoramafm,https://radiopanoramafm.net,2026-10-08,
2919207,Lauro De Freitas,BA,radio,"Rádio Panorama FM 87,9",site,https://radiopanoramafm.net,https://streema.com/radios/Radio_Panorama_87.9,2026-10-08,
2921005,Mata De São João,BA,camara,Câmara Municipal de Mata de São João,site,https://www.cmmsj.ba.gov.br,https://www.cmmsj.ba.gov.br,2026-10-08,sem links de redes no HTML da home
2921005,Mata De São João,BA,portal,Bahia Notícias,instagram,https://www.instagram.com/bahianoticias,https://www.bahianoticias.com.br/,2026-10-08,veículo da cidade-polo Salvador (RMS)
2921005,Mata De São João,BA,portal,Bahia Notícias,site,https://www.bahianoticias.com.br,https://www.bahianoticias.com.br/,2026-10-08,veículo da cidade-polo Salvador (RMS)
2921005,Mata De São João,BA,prefeitura,Prefeitura de Mata De São João,facebook,https://facebook.com/PrefMatadeSaoJoao,https://www.matadesaojoao.ba.gov.br,2026-10-08,
2921005,Mata De São João,BA,prefeitura,Prefeitura de Mata De São João,instagram,https://instagram.com/prefmatadesaojoao,https://www.matadesaojoao.ba.gov.br,2026-10-08,
2921005,Mata De São João,BA,prefeitura,Prefeitura de Mata De São João,site,https://www.matadesaojoao.ba.gov.br,varredura de domínio,2026-10-08,
2921005,Mata De São João,BA,radio,Rádio Eureka,instagram,https://www.instagram.com/radioeureka,https://radioeureka.com.br,2026-10-08,município segundo o diretório streema
2921005,Mata De São João,BA,radio,Rádio Eureka,site,https://radioeureka.com.br,https://streema.com/radios/Radio_Eureka,2026-10-08,município segundo o diretório streema
2921005,Mata De São João,BA,radio,Rádio Eureka,youtube,https://www.youtube.com/@radioeureka2022,https://radioeureka.com.br,2026-10-08,município segundo o diretório streema
2921005,Mata De São João,BA,radio,"Rádio Sauípe FM 102,9",site,https://www.sauipefm.com.br,https://streema.com/radios/Radio_Sauipe_102.9,2026-10-08,sem links de redes no HTML
2922003,Mucuri,BA,camara,Câmara Municipal de Mucuri,instagram,https://instagram.com/camaramunicipaldemucuri,https://camaramucuri.ba.gov.br,2026-10-08,
2922003,Mucuri,BA,camara,Câmara Municipal de Mucuri,site,https://camaramucuri.ba.gov.br,varredura de domínio,2026-10-08,
2922003,Mucuri,BA,camara,Câmara Municipal de Mucuri,youtube,https://youtube.com/@camaramunicipaldemucuri,https://camaramucuri.ba.gov.br,2026-10-08,
2922003,Mucuri,BA,portal,SulBahiaNews,facebook,https://www.facebook.com/sulbahianews,https://www.sulbahianews.com.br/,2026-10-08,veículo de Teixeira de Freitas
2922003,Mucuri,BA,portal,SulBahiaNews,instagram,https://www.instagram.com/sulbahianews,https://www.sulbahianews.com.br/,2026-10-08,veículo de Teixeira de Freitas
2922003,Mucuri,BA,portal,SulBahiaNews,site,https://www.sulbahianews.com.br,https://www.sulbahianews.com.br/,2026-10-08,veículo de Teixeira de Freitas; publica notícias de Mucuri
2922003,Mucuri,BA,portal,Teixeira News,facebook,https://www.facebook.com/teixeiranewss,https://teixeiranews.com.br,2026-10-08,veículo da cidade-polo Teixeira de Freitas
2922003,Mucuri,BA,portal,Teixeira News,instagram,https://www.instagram.com/teixeiranewsoficial,https://teixeiranews.com.br,2026-10-08,veículo da cidade-polo Teixeira de Freitas
2922003,Mucuri,BA,portal,Teixeira News,site,https://teixeiranews.com.br,https://teixeiranews.com.br,2026-10-08,veículo da cidade-polo Teixeira de Freitas
2922003,Mucuri,BA,portal,Teixeira News,tiktok,https://www.tiktok.com/@teixeiranewss,https://teixeiranews.com.br,2026-10-08,veículo da cidade-polo Teixeira de Freitas
2922003,Mucuri,BA,portal,Teixeira News,whatsapp_canal,https://www.whatsapp.com/channel/0029VbDTVoMFi8xcskNs440G,https://teixeiranews.com.br,2026-10-08,"veículo da cidade-polo Teixeira de Freitas; canal confirmado: ""Teixeira News"""
2922003,Mucuri,BA,portal,Teixeira News,youtube,https://www.youtube.com/@tvteixeiranews,https://teixeiranews.com.br,2026-10-08,veículo da cidade-polo Teixeira de Freitas
2922003,Mucuri,BA,prefeitura,Prefeitura de Mucuri,facebook,https://facebook.com/prefeiturademucuri,https://mucuri.ba.gov.br,2026-10-08,
2922003,Mucuri,BA,prefeitura,Prefeitura de Mucuri,instagram,https://instagram.com/prefeiturademucuri,https://mucuri.ba.gov.br,2026-10-08,
2922003,Mucuri,BA,prefeitura,Prefeitura de Mucuri,site,https://mucuri.ba.gov.br,varredura de domínio,2026-10-08,
2922003,Mucuri,BA,radio,Abrolhos FM 104.5,facebook,https://www.facebook.com/abrolhosfm,https://www.abrolhosfm.com.br,2026-10-08,
2922003,Mucuri,BA,radio,Abrolhos FM 104.5,instagram,https://www.instagram.com/abrolhosfm,https://www.abrolhosfm.com.br,2026-10-08,
2922003,Mucuri,BA,radio,Abrolhos FM 104.5,site,https://www.abrolhosfm.com.br,https://streema.com/radios/Radio_Abrolhos_FM_104.5,2026-10-08,
2924009,Paulo Afonso,BA,camara,Câmara Municipal de Paulo Afonso,facebook,https://facebook.com/camaradepauloafonso,https://www.pauloafonso.ba.leg.br,2026-10-08,
2924009,Paulo Afonso,BA,camara,Câmara Municipal de Paulo Afonso,site,https://www.pauloafonso.ba.leg.br,varredura de domínio,2026-10-08,
2924009,Paulo Afonso,BA,portal,PA4 (Site Ozildo Alves),facebook,https://www.facebook.com/SiteOzildoAlves,https://pa4.com.br,2026-10-08,
2924009,Paulo Afonso,BA,portal,PA4 (Site Ozildo Alves),instagram,https://www.instagram.com/sitepa4,https://pa4.com.br,2026-10-08,
2924009,Paulo Afonso,BA,portal,PA4 (Site Ozildo Alves),site,https://pa4.com.br,https://pa4.com.br,2026-10-08,
2924009,Paulo Afonso,BA,portal,PA4 (Site Ozildo Alves),youtube,https://www.youtube.com/user/OzildoAlves,https://pa4.com.br,2026-10-08,
2924009,Paulo Afonso,BA,prefeitura,Prefeitura de Paulo Afonso,instagram,https://instagram.com/prefpauloafonso,https://pauloafonso.ba.gov.br,2026-10-08,
2924009,Paulo Afonso,BA,prefeitura,Prefeitura de Paulo Afonso,site,https://pauloafonso.ba.gov.br,varredura de domínio,2026-10-08,
2924009,Paulo Afonso,BA,prefeitura,Prefeitura de Paulo Afonso,youtube,https://youtube.com/@prefeituradepauloafonso,https://pauloafonso.ba.gov.br,2026-10-08,
2924009,Paulo Afonso,BA,radio,Rádio Bahia Nordeste (RBN FM 93.5),facebook,https://www.facebook.com/radiobahianordeste,https://radiobahianordeste.com.br,2026-10-08,
2924009,Paulo Afonso,BA,radio,Rádio Bahia Nordeste (RBN FM 93.5),instagram,https://www.instagram.com/radiorbnfm,https://radiobahianordeste.com.br,2026-10-08,
2924009,Paulo Afonso,BA,radio,Rádio Bahia Nordeste (RBN FM 93.5),site,https://radiobahianordeste.com.br,https://radiobahianordeste.com.br,2026-10-08,
2924009,Paulo Afonso,BA,radio,Rádio Bahia Nordeste (RBN FM 93.5),youtube,https://www.youtube.com/@RBNFM935,https://radiobahianordeste.com.br,2026-10-08,
2925105,Poções,BA,camara,Câmara Municipal de Poções,site,https://www.camarapocoes.ba.gov.br,https://pt.wikipedia.org/wiki/Poções,2026-10-08,site listado na Wikipédia; não respondeu no teste
2925105,Poções,BA,portal,Blog do Anderson,facebook,https://www.facebook.com/BLOG-DO-ANDERSON-141788975919644,https://www.blogdoanderson.com/,2026-10-08,veículo da cidade-polo Vitória da Conquista
2925105,Poções,BA,portal,Blog do Anderson,instagram,https://www.instagram.com/blogdoanderson,https://www.blogdoanderson.com/,2026-10-08,veículo da cidade-polo Vitória da Conquista
2925105,Poções,BA,portal,Blog do Anderson,site,https://www.blogdoanderson.com,https://www.blogdoanderson.com/,2026-10-08,veículo da cidade-polo Vitória da Conquista (Centro Sul Baiano)
2925105,Poções,BA,portal,Jornal Conquista,instagram,https://www.instagram.com/jornalconquista,https://jornalconquista.com.br,2026-10-08,veículo da cidade-polo Vitória da Conquista
2925105,Poções,BA,portal,Jornal Conquista,site,https://jornalconquista.com.br,https://jornalconquista.com.br,2026-10-08,veículo da cidade-polo Vitória da Conquista (citado na Wikipédia de Poções)
2925105,Poções,BA,portal,Jornal Conquista,tiktok,https://www.tiktok.com/@jornalconquista,https://jornalconquista.com.br,2026-10-08,veículo da cidade-polo Vitória da Conquista
2925105,Poções,BA,portal,Jornal Conquista,whatsapp_canal,https://www.whatsapp.com/channel/0029VaQNN9O2ZjCopAxOLo0L,https://jornalconquista.com.br,2026-10-08,"veículo da cidade-polo Vitória da Conquista; canal confirmado: ""Jornal Conquista - Notícias de Vitória da Conquista e região"""
2925105,Poções,BA,portal,Jornal Conquista,youtube,https://www.youtube.com/@jornalconquista,https://jornalconquista.com.br,2026-10-08,veículo da cidade-polo Vitória da Conquista
2925105,Poções,BA,prefeitura,Prefeitura de Poções,site,https://pocoes.ba.gov.br,https://pt.wikipedia.org/wiki/Poções,2026-10-08,site listado na Wikipédia; responde 403 a acesso automatizado
2925105,Poções,BA,radio,"Rádio Povo FM 99,5",site,https://radiopovo.com.br,https://streema.com/radios/Radio_Povo_2,2026-10-08,sem links de redes no HTML
2927705,Santa Cruz Cabrália,BA,camara,Câmara Municipal de Santa Cruz Cabrália,facebook,https://facebook.com/camaramunicipaldesantarcuzcabraliabahia,https://www.camarasantacruzcabralia.ba.gov.br,2026-10-08,
2927705,Santa Cruz Cabrália,BA,camara,Câmara Municipal de Santa Cruz Cabrália,site,https://www.camarasantacruzcabralia.ba.gov.br,varredura de domínio,2026-10-08,
2927705,Santa Cruz Cabrália,BA,portal,RADAR (antigo Radar 64),facebook,https://www.facebook.com/radarcanal,https://radar.news/,2026-10-08,veículo de Porto Seguro/Eunápolis (região)
2927705,Santa Cruz Cabrália,BA,portal,RADAR (antigo Radar 64),instagram,https://www.instagram.com/radarcanal,https://radar.news/,2026-10-08,veículo de Porto Seguro/Eunápolis (região)
2927705,Santa Cruz Cabrália,BA,portal,RADAR (antigo Radar 64),site,https://radar.news,https://radar.news/,2026-10-08,veículo de Porto Seguro/Eunápolis (região)
2927705,Santa Cruz Cabrália,BA,portal,RADAR (antigo Radar 64),tiktok,https://www.tiktok.com/@radarcanal,https://radar.news/,2026-10-08,veículo de Porto Seguro/Eunápolis (região)
2927705,Santa Cruz Cabrália,BA,portal,RADAR (antigo Radar 64),youtube,https://www.youtube.com/@radarcanal,https://radar.news/,2026-10-08,veículo de Porto Seguro/Eunápolis (região)
2927705,Santa Cruz Cabrália,BA,prefeitura,Prefeitura de Santa Cruz Cabrália,site,https://www.cabralia.ba.gov.br,https://pt.wikipedia.org/wiki/Santa_Cruz_Cabrália,2026-10-08,site listado na Wikipédia; responde 403 a acesso automatizado
2927705,Santa Cruz Cabrália,BA,radio,Cidade FM 97.5,site,https://www.cidadefmnet.com,https://streema.com/radios/Radio_Cidade_97.5,2026-10-08,sem links de redes no HTML
2928604,Santo Amaro,BA,camara,Câmara Municipal de Santo Amaro,facebook,https://facebook.com/camaramunicipaldesantoamaro,https://www.camarasantoamaro.ba.gov.br,2026-10-08,
2928604,Santo Amaro,BA,camara,Câmara Municipal de Santo Amaro,instagram,https://instagram.com/camara.santoamaro,https://www.camarasantoamaro.ba.gov.br,2026-10-08,
2928604,Santo Amaro,BA,camara,Câmara Municipal de Santo Amaro,site,https://www.camarasantoamaro.ba.gov.br,varredura de domínio,2026-10-08,
2928604,Santo Amaro,BA,camara,Câmara Municipal de Santo Amaro,youtube,https://youtube.com/@camaradesantoamaro,https://www.camarasantoamaro.ba.gov.br,2026-10-08,
2928604,Santo Amaro,BA,prefeitura,Prefeitura de Santo Amaro,instagram,https://instagram.com/santoamaroprefeitura,https://www.santoamaro.ba.gov.br,2026-10-08,
2928604,Santo Amaro,BA,prefeitura,Prefeitura de Santo Amaro,site,https://www.santoamaro.ba.gov.br,varredura de domínio,2026-10-08,
2928604,Santo Amaro,BA,radio,Rádio Nova Santo Amaro,site,https://www.radionovasantoamaro.com.br,https://streema.com/radios/RCR_SANTO_AMARO_BAHIA,2026-10-08,site não respondeu no teste
2928604,Santo Amaro,BA,radio,Santo Amaro FM 105.5,site,https://santoamarofm.com.br,https://santoamarofm.com.br,2026-10-08,emissora citada na Wikipédia pt; sem links de redes no HTML
2929206,São Francisco Do Conde,BA,jornal,A Tarde,facebook,https://www.facebook.com/atarde.online,https://atarde.com.br,2026-10-08,veículo da cidade-polo Salvador
2929206,São Francisco Do Conde,BA,jornal,A Tarde,instagram,https://www.instagram.com/atardeoficial,https://atarde.com.br,2026-10-08,veículo da cidade-polo Salvador
2929206,São Francisco Do Conde,BA,jornal,A Tarde,site,https://atarde.com.br,https://atarde.com.br,2026-10-08,veículo da cidade-polo Salvador; sem veículo sediado no município achado
2929206,São Francisco Do Conde,BA,jornal,A Tarde,youtube,https://www.youtube.com/@atardeplay,https://atarde.com.br,2026-10-08,veículo da cidade-polo Salvador
2929206,São Francisco Do Conde,BA,portal,Bahia Notícias (seção Municípios),facebook,https://www.facebook.com/bahianoticias,https://www.bahianoticias.com.br/,2026-10-08,veículo da cidade-polo Salvador (RMS)
2929206,São Francisco Do Conde,BA,portal,Bahia Notícias (seção Municípios),instagram,https://www.instagram.com/bahianoticias,https://www.bahianoticias.com.br/,2026-10-08,veículo da cidade-polo Salvador (RMS)
2929206,São Francisco Do Conde,BA,portal,Bahia Notícias (seção Municípios),site,https://www.bahianoticias.com.br,https://www.bahianoticias.com.br/municipios/noticia/46055-lider-do-governo-na-al-ba-rosemberg-e-eleito-presidente-do-pt-em-sao-francisco-do-conde,2026-10-08,veículo da cidade-polo Salvador (RMS); cobre o município
2929206,São Francisco Do Conde,BA,portal,Bahia Notícias (seção Municípios),youtube,https://www.youtube.com/channel/UCelevrrg2g7NdlrJMPrunhw,https://www.bahianoticias.com.br/,2026-10-08,veículo da cidade-polo Salvador (RMS)
2929206,São Francisco Do Conde,BA,prefeitura,Prefeitura de São Francisco Do Conde,facebook,https://facebook.com/prefeiturasaofranciscodoconde,https://novo.saofranciscodoconde.ba.gov.br,2026-10-08,
2929206,São Francisco Do Conde,BA,prefeitura,Prefeitura de São Francisco Do Conde,instagram,https://instagram.com/prefsaofranciscodoconde,https://novo.saofranciscodoconde.ba.gov.br,2026-10-08,
2929206,São Francisco Do Conde,BA,prefeitura,Prefeitura de São Francisco Do Conde,site,https://novo.saofranciscodoconde.ba.gov.br,varredura de domínio,2026-10-08,
2929206,São Francisco Do Conde,BA,prefeitura,Prefeitura de São Francisco Do Conde,youtube,https://youtube.com/@PMSFCTube,https://novo.saofranciscodoconde.ba.gov.br,2026-10-08,
2933604,Xique-Xique,BA,camara,Câmara Municipal de Xique-Xique,facebook,https://facebook.com/camaramunicipaldexiquexique,https://www.xiquexique.ba.leg.br,2026-10-08,
2933604,Xique-Xique,BA,camara,Câmara Municipal de Xique-Xique,site,https://www.xiquexique.ba.leg.br,varredura de domínio,2026-10-08,
2933604,Xique-Xique,BA,camara,Câmara Municipal de Xique-Xique,youtube,https://youtube.com/channel/UC5dBb8yUjZUBW0_OfCmplXw,https://www.xiquexique.ba.leg.br,2026-10-08,
2933604,Xique-Xique,BA,prefeitura,Prefeitura de Xique-Xique,facebook,https://facebook.com/prefeituraxiquexique,https://xiquexique.ba.gov.br,2026-10-08,
2933604,Xique-Xique,BA,prefeitura,Prefeitura de Xique-Xique,instagram,https://instagram.com/prefeituraxiquexique,https://xiquexique.ba.gov.br,2026-10-08,
2933604,Xique-Xique,BA,prefeitura,Prefeitura de Xique-Xique,site,https://xiquexique.ba.gov.br,varredura de domínio,2026-10-08,
2933604,Xique-Xique,BA,radio,"FM Xique-Xique 99,3",site,https://www.fmxiquexique.com.br,https://streema.com/radios/FM_Xique_Xique_99.3_FM,2026-10-08,site não respondeu no teste
2933604,Xique-Xique,BA,radio,"Irecê Líder FM 103,7",facebook,https://www.facebook.com/radioirecelider,https://www.irecelider.com.br,2026-10-08,veículo da cidade-polo Irecê
2933604,Xique-Xique,BA,radio,"Irecê Líder FM 103,7",instagram,https://www.instagram.com/irecelidderfm,https://www.irecelider.com.br,2026-10-08,veículo da cidade-polo Irecê
2933604,Xique-Xique,BA,radio,"Irecê Líder FM 103,7",site,https://www.irecelider.com.br,https://streema.com/radios/Radio_Lider_FM_3,2026-10-08,veículo da cidade-polo Irecê (território de identidade)
2933604,Xique-Xique,BA,radio,"Rádio Cactus FM 87,9",site,https://cactusfm.com,https://streema.com/radios/Radio_Cactus_FM,2026-10-08,página sem conteúdo legível
2933604,Xique-Xique,BA,radio,"Rádio Catu FM 96,7",site,https://rdcatufm.blogspot.com,https://streema.com/radios/Radio_Catu_FM,2026-10-08,blog da emissora
2305902,Ipueiras,CE,camara,Câmara Municipal de Ipueiras,site,https://www.ipueiras.ce.leg.br,varredura de domínio,2026-10-08,
2305902,Ipueiras,CE,prefeitura,Prefeitura de Ipueiras,facebook,https://facebook.com/prefeituradeipueiras,https://www.ipueiras.ce.gov.br,2026-10-08,
2305902,Ipueiras,CE,prefeitura,Prefeitura de Ipueiras,instagram,https://instagram.com/prefeituradeipueiras,https://www.ipueiras.ce.gov.br,2026-10-08,
2305902,Ipueiras,CE,prefeitura,Prefeitura de Ipueiras,site,https://www.ipueiras.ce.gov.br,varredura de domínio,2026-10-08,
2305902,Ipueiras,CE,prefeitura,Prefeitura de Ipueiras,youtube,https://youtube.com/c/PrefeituradeIpueiras,https://www.ipueiras.ce.gov.br,2026-10-08,
2305902,Ipueiras,CE,radio,"Cidade FM 106,3 (Ipu)",facebook,https://www.facebook.com/radiocidade106,https://www.fmcidadeipu.com.br,2026-10-08,veículo do município vizinho Ipu
2305902,Ipueiras,CE,radio,"Cidade FM 106,3 (Ipu)",instagram,https://www.instagram.com/radiocidadeipu,https://www.fmcidadeipu.com.br,2026-10-08,veículo do município vizinho Ipu
2305902,Ipueiras,CE,radio,"Cidade FM 106,3 (Ipu)",site,https://www.fmcidadeipu.com.br,https://streema.com/radios/Radio_Cidade_FM_22,2026-10-08,veículo do município vizinho Ipu
2305902,Ipueiras,CE,radio,"Rádio Carnaúbas FM 104,9",site,https://radiocarnaubasfm.com.br,https://streema.com/radios/Radio_Carnaubas,2026-10-08,site não respondeu no teste
2305902,Ipueiras,CE,radio,"Rádio Matriz FM 104,9",site,https://www.radiomatrizfm.com.br,https://streema.com/radios/Radio_Matriz,2026-10-08,site não respondeu no teste
2305902,Ipueiras,CE,radio,"Rádio Poty FM 100,5 (Crateús)",facebook,https://www.facebook.com/radiopoty,https://radiopoty.com.br,2026-10-08,veículo da cidade-polo Crateús
2305902,Ipueiras,CE,radio,"Rádio Poty FM 100,5 (Crateús)",instagram,https://www.instagram.com/radiopoty,https://radiopoty.com.br,2026-10-08,veículo da cidade-polo Crateús
2305902,Ipueiras,CE,radio,"Rádio Poty FM 100,5 (Crateús)",site,https://radiopoty.com.br,https://streema.com/radios/Radio_Poty,2026-10-08,veículo da cidade-polo Crateús
2308500,Mombaça,CE,camara,Câmara Municipal de Mombaça,instagram,https://instagram.com/camaramombaca,https://camaramombaca.ce.gov.br,2026-10-08,
2308500,Mombaça,CE,camara,Câmara Municipal de Mombaça,site,https://camaramombaca.ce.gov.br,varredura de domínio,2026-10-08,
2308500,Mombaça,CE,camara,Câmara Municipal de Mombaça,youtube,https://youtube.com/channel/UC4GycmC8tkNl57B026b4pXw,https://camaramombaca.ce.gov.br,2026-10-08,
2308500,Mombaça,CE,prefeitura,Prefeitura de Mombaça,facebook,https://facebook.com/PrefeituraMunicipalDeMombaca,https://www.mombaca.ce.gov.br,2026-10-08,
2308500,Mombaça,CE,prefeitura,Prefeitura de Mombaça,instagram,https://instagram.com/prefeiturademombaca,https://www.mombaca.ce.gov.br,2026-10-08,
2308500,Mombaça,CE,prefeitura,Prefeitura de Mombaça,site,https://www.mombaca.ce.gov.br,varredura de domínio,2026-10-08,
2308500,Mombaça,CE,radio,"Central FM 102,9",facebook,https://www.facebook.com/CentralFm102,https://centralfm102.com.br/site/,2026-10-08,
2308500,Mombaça,CE,radio,"Central FM 102,9",instagram,https://www.instagram.com/centralfm102,https://centralfm102.com.br/site/,2026-10-08,
2308500,Mombaça,CE,radio,"Central FM 102,9",site,https://centralfm102.com.br/site,https://streema.com/radios/Radio_Central_FM_102.9,2026-10-08,
2308500,Mombaça,CE,radio,"Nova Alternativa FM 87,9",facebook,https://www.facebook.com/nova.alternativaii,https://novaalternativafm87.com.br,2026-10-08,
2308500,Mombaça,CE,radio,"Nova Alternativa FM 87,9",site,https://novaalternativafm87.com.br,https://streema.com/radios/Radio_Nova_Alternativa_FM,2026-10-08,
2310308,Parambu,CE,camara,Câmara Municipal de Parambu,facebook,https://facebook.com/camara.parambu,https://www.camaraparambu.ce.gov.br/CAMARAPARAMBU/faces/jsp/inicio.jsp,2026-10-08,
2310308,Parambu,CE,camara,Câmara Municipal de Parambu,facebook,https://facebook.com/camaramunicipalparambu,https://www.camaraparambu.ce.gov.br/CAMARAPARAMBU/faces/jsp/inicio.jsp,2026-10-08,
2310308,Parambu,CE,camara,Câmara Municipal de Parambu,instagram,https://instagram.com/camaraparambu.ce,https://www.camaraparambu.ce.gov.br/CAMARAPARAMBU/faces/jsp/inicio.jsp,2026-10-08,
2310308,Parambu,CE,camara,Câmara Municipal de Parambu,site,https://www.camaraparambu.ce.gov.br/CAMARAPARAMBU/faces/jsp/inicio.jsp,varredura de domínio,2026-10-08,
2310308,Parambu,CE,prefeitura,Prefeitura de Parambu,site,https://www.parambu.ce.gov.br,varredura de domínio,2026-10-08,
2310308,Parambu,CE,radio,"Rádio Novo Tempo FM 92,5",site,https://novotempofmparambu.com.br,https://streema.com/radios/Radio_Novo_Tempo_92.5,2026-10-08,sem links de redes no HTML
2310308,Parambu,CE,radio,"Rádio Vale do Puiu FM 87,9",site,https://fmvaleparambu.com.br,https://streema.com/radios/Radio_Vale_do_Puiu,2026-10-08,sem links de redes no HTML
2310506,Pedra Branca,CE,camara,Câmara Municipal de Pedra Branca,facebook,https://facebook.com/cmpedrabranca,https://www.camarapedrabranca.ce.gov.br,2026-10-08,
2310506,Pedra Branca,CE,camara,Câmara Municipal de Pedra Branca,instagram,https://instagram.com/camaramunicipalpedrabranca,https://www.camarapedrabranca.ce.gov.br,2026-10-08,
2310506,Pedra Branca,CE,camara,Câmara Municipal de Pedra Branca,site,https://www.camarapedrabranca.ce.gov.br,varredura de domínio,2026-10-08,
2310506,Pedra Branca,CE,camara,Câmara Municipal de Pedra Branca,youtube,https://youtube.com/@camaramunicipaldepedrabran1137,https://www.camarapedrabranca.ce.gov.br,2026-10-08,
2310506,Pedra Branca,CE,prefeitura,Prefeitura de Pedra Branca,instagram,https://instagram.com/prefeiturapedrabranca,https://www.pedrabranca.ce.gov.br,2026-10-08,
2310506,Pedra Branca,CE,prefeitura,Prefeitura de Pedra Branca,site,https://www.pedrabranca.ce.gov.br,varredura de domínio,2026-10-08,
2310506,Pedra Branca,CE,radio,"FM São Francisco 94,9 (Educativa)",site,https://www.educativafmsaofrancisco.com.br,https://streema.com/radios/Radio_Educativa_Sao_Francisco,2026-10-08,sem links de redes no HTML
2310506,Pedra Branca,CE,radio,"Rádio Opção FM 87,9",site,https://www.fm87opcao.com.br,https://streema.com/radios/Radio_Opcao_3,2026-10-08,sem links de redes no HTML
2310506,Pedra Branca,CE,radio,"Trapiá FM 103,3 (Sistema Trapiá)",instagram,https://www.instagram.com/sistematrapia,https://www.trapiafm.com.br,2026-10-08,
2310506,Pedra Branca,CE,radio,"Trapiá FM 103,3 (Sistema Trapiá)",site,https://www.trapiafm.com.br,https://streema.com/radios/Am_Trapia,2026-10-08,
2310506,Pedra Branca,CE,radio,"Trapiá FM 103,3 (Sistema Trapiá)",youtube,https://www.youtube.com/@amtrapia,https://www.trapiafm.com.br,2026-10-08,
3201605,Conceição Da Barra,ES,camara,Câmara Municipal de Conceição Da Barra,site,https://www.conceicaodabarra.es.leg.br,varredura de domínio,2026-10-08,
3201605,Conceição Da Barra,ES,jornal,A Gazeta,facebook,https://www.facebook.com/agazetaes,https://www.agazeta.com.br/,2026-10-08,veículo estadual (Vitória)
3201605,Conceição Da Barra,ES,jornal,A Gazeta,instagram,https://www.instagram.com/agazetaes,https://www.agazeta.com.br/,2026-10-08,veículo estadual (Vitória)
3201605,Conceição Da Barra,ES,jornal,A Gazeta,site,https://www.agazeta.com.br,https://www.agazeta.com.br/,2026-10-08,veículo estadual (Vitória)
3201605,Conceição Da Barra,ES,jornal,A Gazeta,tiktok,https://www.tiktok.com/@agazetaes,https://www.agazeta.com.br/,2026-10-08,veículo estadual (Vitória)
3201605,Conceição Da Barra,ES,jornal,A Gazeta,youtube,https://www.youtube.com/@AGazetaES,https://www.agazeta.com.br/,2026-10-08,veículo estadual (Vitória)
3201605,Conceição Da Barra,ES,prefeitura,Prefeitura de Conceição Da Barra,facebook,https://facebook.com/Prefeitura-Municipal-De-Concei,https://conceicaodabarra.es.gov.br,2026-10-08,
3201605,Conceição Da Barra,ES,prefeitura,Prefeitura de Conceição Da Barra,instagram,https://instagram.com/pmcbes,https://conceicaodabarra.es.gov.br,2026-10-08,
3201605,Conceição Da Barra,ES,prefeitura,Prefeitura de Conceição Da Barra,instagram,https://instagram.com/saudeconceicaodabarra,https://conceicaodabarra.es.gov.br,2026-10-08,
3201605,Conceição Da Barra,ES,prefeitura,Prefeitura de Conceição Da Barra,instagram,https://instagram.com/semaspmcb,https://conceicaodabarra.es.gov.br,2026-10-08,
3201605,Conceição Da Barra,ES,prefeitura,Prefeitura de Conceição Da Barra,instagram,https://instagram.com/turismo.barra,https://conceicaodabarra.es.gov.br,2026-10-08,
3201605,Conceição Da Barra,ES,prefeitura,Prefeitura de Conceição Da Barra,site,https://conceicaodabarra.es.gov.br,varredura de domínio,2026-10-08,
3201605,Conceição Da Barra,ES,radio,"Rede Barcos de Comunicação (Rádio Barcos FM 98,5)",site,https://redebarcos.com.br,https://streema.com/radios/Radio_Barcos_Fm,2026-10-08,cobre Conceição da Barra e São Mateus
5204805,Campo Alegre de Goiás,GO,prefeitura,Prefeitura de Campo Alegre de Goiás,site,https://www.campoalegre.go.gov.br,https://pt.wikipedia.org/wiki/Campo_Alegre_de_Goiás,2026-10-08,site listado na Wikipédia; recusa conexão de fora do país
5204805,Campo Alegre de Goiás,GO,radio,"Rádio Cultura 101,1 FM",facebook,https://www.facebook.com/cultura101fm,https://radioculturaonline.com.br,2026-10-08,veículo da cidade-polo Catalão
5204805,Campo Alegre de Goiás,GO,radio,"Rádio Cultura 101,1 FM",instagram,https://www.instagram.com/cultura101fm,https://radioculturaonline.com.br,2026-10-08,veículo da cidade-polo Catalão
5204805,Campo Alegre de Goiás,GO,radio,"Rádio Cultura 101,1 FM",site,https://radioculturaonline.com.br,https://radioculturaonline.com.br,2026-10-08,veículo da cidade-polo Catalão
5204805,Campo Alegre de Goiás,GO,radio,"Rádio Nova Liberdade FM 102,7",instagram,https://www.instagram.com/novaliberdade,https://www.novaliberdade.com.br/,2026-10-08,veículo da cidade-polo Catalão
5204805,Campo Alegre de Goiás,GO,radio,"Rádio Nova Liberdade FM 102,7",site,https://www.novaliberdade.com.br,https://www.novaliberdade.com.br/,2026-10-08,veículo da cidade-polo Catalão
5205109,Catalão,GO,camara,Câmara Municipal de Catalão,facebook,https://facebook.com/Camaracatalao,https://www.camaracatalao.go.gov.br,2026-10-08,
5205109,Catalão,GO,camara,Câmara Municipal de Catalão,facebook,https://facebook.com/camaramunicipaldecatalao,https://www.camaracatalao.go.gov.br,2026-10-08,
5205109,Catalão,GO,camara,Câmara Municipal de Catalão,instagram,https://instagram.com/camaracatalao,https://www.camaracatalao.go.gov.br,2026-10-08,
5205109,Catalão,GO,camara,Câmara Municipal de Catalão,site,https://www.camaracatalao.go.gov.br,varredura de domínio,2026-10-08,
5205109,Catalão,GO,camara,Câmara Municipal de Catalão,whatsapp_atendimento,https://wa.me/5564993033081,https://www.camaracatalao.go.gov.br,2026-10-08,"número de atendimento publicado no site oficial; uso: atendimento ao cidadão, não é canal de comunicação política"
5205109,Catalão,GO,prefeitura,Prefeitura de Catalão,facebook,https://facebook.com/prefeituracatalao,https://www.catalao.go.gov.br,2026-10-08,
5205109,Catalão,GO,prefeitura,Prefeitura de Catalão,instagram,https://instagram.com/prefeituradecatalaogo,https://www.catalao.go.gov.br,2026-10-08,
5205109,Catalão,GO,prefeitura,Prefeitura de Catalão,site,https://www.catalao.go.gov.br,varredura de domínio,2026-10-08,
5205109,Catalão,GO,radio,"Laser FM 87,9 (comunitária)",site,https://www.laserfmcatalao.com.br,https://streema.com/radios/Radio_Laser_FM_2,2026-10-08,sem links de redes no HTML
5205109,Catalão,GO,radio,"Rádio Cultura 101,1 FM",facebook,https://www.facebook.com/cultura101fm,https://radioculturaonline.com.br,2026-10-08,
5205109,Catalão,GO,radio,"Rádio Cultura 101,1 FM",instagram,https://www.instagram.com/cultura101fm,https://radioculturaonline.com.br,2026-10-08,
5205109,Catalão,GO,radio,"Rádio Cultura 101,1 FM",site,https://radioculturaonline.com.br,https://streema.com/radios/Radio_Cultura_101.1_FM,2026-10-08,
5205109,Catalão,GO,radio,"Rádio Nova Liberdade FM 102,7",facebook,https://www.facebook.com/novaliberdadecatalao,https://www.novaliberdade.com.br/,2026-10-08,
5205109,Catalão,GO,radio,"Rádio Nova Liberdade FM 102,7",instagram,https://www.instagram.com/novaliberdade,https://www.novaliberdade.com.br/,2026-10-08,
5205109,Catalão,GO,radio,"Rádio Nova Liberdade FM 102,7",site,https://www.novaliberdade.com.br,https://streema.com/radios/Radio_Nova_Liberdade,2026-10-08,
5205109,Catalão,GO,radio,"Rádio Nova Liberdade FM 102,7",youtube,https://www.youtube.com/channel/UC_yXT_KxIFLs0Yp1jk7PthA,https://www.novaliberdade.com.br/,2026-10-08,
5209952,Indiara,GO,portal,Mais Goiás,instagram,https://www.instagram.com/maisgoias,https://www.maisgoias.com.br/,2026-10-08,veículo estadual (Goiânia)
5209952,Indiara,GO,portal,Mais Goiás,site,https://www.maisgoias.com.br,https://www.maisgoias.com.br/,2026-10-08,veículo estadual (Goiânia)
5209952,Indiara,GO,portal,Mais Goiás,whatsapp_canal,https://www.whatsapp.com/channel/0029Vaxlg8yLCoX1rNsKY32d,https://www.maisgoias.com.br/,2026-10-08,"veículo estadual (Goiânia); canal confirmado: ""Mais Goiás"""
5209952,Indiara,GO,radio,"Mega FM 104,7 (Palmeiras de Goiás)",facebook,https://www.facebook.com/radiopalmeirasfm,https://megaradiofm.com.br,2026-10-08,veículo do município vizinho Palmeiras de Goiás
5209952,Indiara,GO,radio,"Mega FM 104,7 (Palmeiras de Goiás)",instagram,https://www.instagram.com/radiopalmeirasfm,https://megaradiofm.com.br,2026-10-08,veículo do município vizinho Palmeiras de Goiás
5209952,Indiara,GO,radio,"Mega FM 104,7 (Palmeiras de Goiás)",site,https://megaradiofm.com.br,https://streema.com/radios/Radio_Mega_104.7_FM,2026-10-08,veículo do município vizinho Palmeiras de Goiás
5210901,Itapaci,GO,prefeitura,Prefeitura de Itapaci,site,https://itapaci.go.gov.br,https://pt.wikipedia.org/wiki/Itapaci,2026-10-08,site listado na Wikipédia; recusa conexão de fora do país
5210901,Itapaci,GO,radio,"Rede Serra Dourada FM 88,5 Itapaci",facebook,https://www.facebook.com/redeserradourada,https://www.redeserradourada.com.br/cidades/itapaci/,2026-10-08,perfil da rede
5210901,Itapaci,GO,radio,"Rede Serra Dourada FM 88,5 Itapaci",instagram,https://www.instagram.com/redeserradouradaitapaci,https://www.redeserradourada.com.br/cidades/itapaci/,2026-10-08,
5210901,Itapaci,GO,radio,"Rede Serra Dourada FM 88,5 Itapaci",site,https://www.redeserradourada.com.br/cidades/itapaci,https://streema.com/radios/Rede_Serra_Dourada_FM_Itapaci_88.5,2026-10-08,
5215504,Ouvidor,GO,prefeitura,Prefeitura Municipal de Ouvidor,instagram,https://www.instagram.com/prefeituradeouvidor,https://www.ouvidor.go.gov.br,2026-10-08,perfil da prefeitura (site já registrado; câmara não achada)
5215504,Ouvidor,GO,prefeitura,Prefeitura de Ouvidor,instagram,https://instagram.com/prefeituradeouvidor,https://www.ouvidor.go.gov.br,2026-10-08,
5215504,Ouvidor,GO,prefeitura,Prefeitura de Ouvidor,site,https://www.ouvidor.go.gov.br,varredura de domínio,2026-10-08,
5215504,Ouvidor,GO,radio,"Rádio Cultura 101,1 FM",facebook,https://www.facebook.com/cultura101fm,https://radioculturaonline.com.br,2026-10-08,veículo da cidade-polo Catalão
5215504,Ouvidor,GO,radio,"Rádio Cultura 101,1 FM",instagram,https://www.instagram.com/cultura101fm,https://radioculturaonline.com.br,2026-10-08,veículo da cidade-polo Catalão
5215504,Ouvidor,GO,radio,"Rádio Cultura 101,1 FM",site,https://radioculturaonline.com.br,https://radioculturaonline.com.br,2026-10-08,veículo da cidade-polo Catalão (vizinha); Wikipédia cita uma rádio comunitária local sem nome
5215504,Ouvidor,GO,radio,"Rádio Nova Liberdade FM 102,7",instagram,https://www.instagram.com/novaliberdade,https://www.novaliberdade.com.br/,2026-10-08,veículo da cidade-polo Catalão
5215504,Ouvidor,GO,radio,"Rádio Nova Liberdade FM 102,7",site,https://www.novaliberdade.com.br,https://www.novaliberdade.com.br/,2026-10-08,veículo da cidade-polo Catalão
5218300,Posse,GO,camara,Câmara Municipal de Posse,site,https://www.camaraposse.go.gov.br,https://pt.wikipedia.org/wiki/Posse_(Goiás),2026-10-08,site listado na Wikipédia; não respondeu no teste
5218300,Posse,GO,prefeitura,Prefeitura de Posse,site,https://www.posse.go.gov.br,https://pt.wikipedia.org/wiki/Posse_(Goiás),2026-10-08,site listado na Wikipédia; recusa conexão de fora do país
5218300,Posse,GO,radio,"Rádio Cultura FM 98,9",site,https://www.culturafmposse.com.br,https://streema.com/radios/Radio_Cultura_Posse,2026-10-08,sem links de redes no HTML
5218300,Posse,GO,radio,"Rádio Viva 88,5 FM",instagram,https://www.instagram.com/vivafmposse,https://radiovivaposse.com.br,2026-10-08,
5218300,Posse,GO,radio,"Rádio Viva 88,5 FM",site,https://radiovivaposse.com.br,https://streema.com/radios/Radio_Viva_88.5_FM,2026-10-08,
5219308,Santa Helena de Goiás,GO,portal,Mais Goiás,instagram,https://www.instagram.com/maisgoias,https://www.maisgoias.com.br/,2026-10-08,veículo estadual (Goiânia)
5219308,Santa Helena de Goiás,GO,portal,Mais Goiás,site,https://www.maisgoias.com.br,https://www.maisgoias.com.br/,2026-10-08,veículo estadual (Goiânia)
5219308,Santa Helena de Goiás,GO,portal,Mais Goiás,whatsapp_canal,https://www.whatsapp.com/channel/0029Vaxlg8yLCoX1rNsKY32d,https://www.maisgoias.com.br/,2026-10-08,"veículo estadual (Goiânia); canal confirmado: ""Mais Goiás"""
5219308,Santa Helena de Goiás,GO,prefeitura,Prefeitura de Santa Helena de Goiás,site,https://santahelena.go.gov.br,https://pt.wikipedia.org/wiki/Santa_Helena_de_Goiás,2026-10-08,site listado na Wikipédia; recusa conexão de fora do país
5219308,Santa Helena de Goiás,GO,radio,Rádio Ouro Branco FM,facebook,https://www.facebook.com/ourobrancofm,https://streema.com/radios/Radio_Ouro_Branco_FM_87.9_FM,2026-10-08,link visto no diretório streema
5219308,Santa Helena de Goiás,GO,radio,"Rádio Santelenense FM 90,5",site,https://www.radiosantelenense.com.br,https://streema.com/radios/Radio_Santelenense,2026-10-08,sem links de redes no HTML
5220405,São Simão,GO,prefeitura,Prefeitura de São Simão,site,https://saosimao.go.gov.br,https://pt.wikipedia.org/wiki/São_Simão_(Goiás),2026-10-08,site listado na Wikipédia; recusa conexão de fora do país
5220405,São Simão,GO,radio,"Rede Serra Dourada São Simão 91,1 FM",facebook,https://www.facebook.com/redeserradourada,https://www.redeserradourada.com.br/radio/sao-simao-911-fm/,2026-10-08,perfil da rede
5220405,São Simão,GO,radio,"Rede Serra Dourada São Simão 91,1 FM",instagram,https://www.instagram.com/redeserradourada,https://www.redeserradourada.com.br/radio/sao-simao-911-fm/,2026-10-08,perfil da rede
5220405,São Simão,GO,radio,"Rede Serra Dourada São Simão 91,1 FM",site,https://www.redeserradourada.com.br/radio/sao-simao-911-fm,https://streema.com/radios/Rede_Serra_Dourada_Sao_Simao,2026-10-08,
2101400,Balsas,MA,camara,Câmara Municipal de Balsas,instagram,https://instagram.com/cmbalsas,https://www.cmbalsas.ma.gov.br,2026-10-08,
2101400,Balsas,MA,camara,Câmara Municipal de Balsas,site,https://www.cmbalsas.ma.gov.br,varredura de domínio,2026-10-08,
2101400,Balsas,MA,camara,Câmara Municipal de Balsas,youtube,https://youtube.com/@camaramunicipaldebalsas3062,https://www.cmbalsas.ma.gov.br,2026-10-08,
2101400,Balsas,MA,portal,Portal de Balsas,facebook,https://www.facebook.com/portaldebalsaweb,https://www.portaldebalsas.com.br,2026-10-08,
2101400,Balsas,MA,portal,Portal de Balsas,instagram,https://www.instagram.com/portaldebalsas.com.br,https://www.portaldebalsas.com.br,2026-10-08,
2101400,Balsas,MA,portal,Portal de Balsas,site,https://www.portaldebalsas.com.br,https://streema.com/radios/Radio_AD_Balsas,2026-10-08,
2101400,Balsas,MA,portal,Portal de Balsas,tiktok,https://www.tiktok.com/@portaldebalsas,https://www.portaldebalsas.com.br,2026-10-08,
2101400,Balsas,MA,portal,Portal de Balsas,youtube,https://www.youtube.com/channel/UCULIWuJmszAdL9Svn0nqOlw,https://www.portaldebalsas.com.br,2026-10-08,
2101400,Balsas,MA,prefeitura,Prefeitura de Balsas,facebook,https://facebook.com/prefeituradebalsas,https://www.balsas.ma.gov.br,2026-10-08,
2101400,Balsas,MA,prefeitura,Prefeitura de Balsas,instagram,https://instagram.com/prefeituradebalsasma,https://www.balsas.ma.gov.br,2026-10-08,
2101400,Balsas,MA,prefeitura,Prefeitura de Balsas,site,https://www.balsas.ma.gov.br,varredura de domínio,2026-10-08,
2101400,Balsas,MA,prefeitura,Prefeitura de Balsas,youtube,https://youtube.com/@prefeituradebalsas,https://www.balsas.ma.gov.br,2026-10-08,
2101400,Balsas,MA,radio,"Boa Notícia FM 91,1",facebook,https://www.facebook.com/radioboanoticia,https://www.boanoticiafm.com.br/,2026-10-08,
2101400,Balsas,MA,radio,"Boa Notícia FM 91,1",instagram,https://www.instagram.com/boanoticiafmbls,https://www.boanoticiafm.com.br/,2026-10-08,
2101400,Balsas,MA,radio,"Boa Notícia FM 91,1",site,https://www.boanoticiafm.com.br,https://streema.com/radios/Radio_Boa_Noticia,2026-10-08,
2101400,Balsas,MA,radio,"Boa Notícia FM 91,1",youtube,https://www.youtube.com/@boanoticiafm91.1,https://www.boanoticiafm.com.br/,2026-10-08,
2101400,Balsas,MA,radio,"Mirante FM 98,3 Balsas",instagram,https://www.instagram.com/mirantefmbalsas,https://www.mirantebalsas.com.br,2026-10-08,
2101400,Balsas,MA,radio,"Mirante FM 98,3 Balsas",site,https://www.mirantebalsas.com.br,https://streema.com/radios/Radio_Mirante_98.3_FM,2026-10-08,
2102325,Buriticupu,MA,camara,Câmara Municipal de Buriticupu,facebook,https://facebook.com/camaradeburiticupu,https://www.cmburiticupu.ma.gov.br,2026-10-08,
2102325,Buriticupu,MA,camara,Câmara Municipal de Buriticupu,instagram,https://instagram.com/camaraburiticupu_ma,https://www.cmburiticupu.ma.gov.br,2026-10-08,
2102325,Buriticupu,MA,camara,Câmara Municipal de Buriticupu,site,https://www.cmburiticupu.ma.gov.br,varredura de domínio,2026-10-08,
2102325,Buriticupu,MA,portal,Imirante,facebook,https://www.facebook.com/portalimirante,https://imirante.com,2026-10-08,"portal estadual (Grupo Mirante, São Luís)"
2102325,Buriticupu,MA,portal,Imirante,instagram,https://www.instagram.com/imirante,https://imirante.com,2026-10-08,"portal estadual (Grupo Mirante, São Luís)"
2102325,Buriticupu,MA,portal,Imirante,site,https://imirante.com,https://imirante.com,2026-10-08,"portal estadual (Grupo Mirante, São Luís)"
2102325,Buriticupu,MA,prefeitura,Prefeitura de Buriticupu,facebook,https://facebook.com/PrefeituraDeBuriticupu,https://www.buriticupu.ma.gov.br,2026-10-08,
2102325,Buriticupu,MA,prefeitura,Prefeitura de Buriticupu,instagram,https://instagram.com/prefeituraburiticupu,https://www.buriticupu.ma.gov.br,2026-10-08,
2102325,Buriticupu,MA,prefeitura,Prefeitura de Buriticupu,site,https://www.buriticupu.ma.gov.br,varredura de domínio,2026-10-08,
2102325,Buriticupu,MA,radio,"Nativa FM 105,5",site,https://zeno.fm/radio/nativa-fm-105-5,https://streema.com/radios/Nativa_Fm_105.5,2026-10-08,"só player de streaming (zeno.fm); Wikipédia cita TV Buriticupu (canal 13, Meio Norte) sem site"
2103307,Codó,MA,camara,Câmara Municipal de Codó,instagram,https://instagram.com/camaradecodo,https://cmcodo.ma.gov.br,2026-10-08,
2103307,Codó,MA,camara,Câmara Municipal de Codó,site,https://cmcodo.ma.gov.br,varredura de domínio,2026-10-08,
2103307,Codó,MA,portal,Blog do Acélio,site,https://www.blogdoacelio.com.br,https://www.blogdoacelio.com.br/,2026-10-08,blog de Codó; sem links de redes no HTML
2103307,Codó,MA,portal,Codó Notícias,facebook,https://www.facebook.com/CodoNoticias,https://www.codonoticias.com.br/,2026-10-08,
2103307,Codó,MA,portal,Codó Notícias,site,https://www.codonoticias.com.br,https://www.codonoticias.com.br/,2026-10-08,
2103307,Codó,MA,prefeitura,Prefeitura de Codó,instagram,https://instagram.com/prefeituradecodoma,https://www.codo.ma.gov.br,2026-10-08,
2103307,Codó,MA,prefeitura,Prefeitura de Codó,site,https://www.codo.ma.gov.br,varredura de domínio,2026-10-08,
2103307,Codó,MA,radio,"FC FM 96,5",facebook,https://www.facebook.com/FCFM96.5,https://fcfm965.blogspot.com/,2026-10-08,
2103307,Codó,MA,radio,"FC FM 96,5",site,https://fcfm965.blogspot.com,https://streema.com/radios/Radio_FC_FM_96.5_FM,2026-10-08,blog da emissora
2103307,Codó,MA,radio,"Rádio Guarapary FM 106,7",facebook,https://www.facebook.com/GUARAPARY106.7,https://streema.com/radios/Radio_Guarapary,2026-10-08,link visto no diretório streema
2103406,Coelho Neto,MA,camara,Câmara Municipal de Coelho Neto,facebook,https://facebook.com/camaracoelhonetoasscom,https://cmcoelhoneto.ma.gov.br,2026-10-08,
2103406,Coelho Neto,MA,camara,Câmara Municipal de Coelho Neto,instagram,https://instagram.com/camara_cn,https://cmcoelhoneto.ma.gov.br,2026-10-08,
2103406,Coelho Neto,MA,camara,Câmara Municipal de Coelho Neto,instagram,https://instagram.com/camara_coelhoneto,https://cmcoelhoneto.ma.gov.br,2026-10-08,
2103406,Coelho Neto,MA,camara,Câmara Municipal de Coelho Neto,site,https://cmcoelhoneto.ma.gov.br,varredura de domínio,2026-10-08,
2103406,Coelho Neto,MA,camara,Câmara Municipal de Coelho Neto,youtube,https://youtube.com/@camara_cn,https://cmcoelhoneto.ma.gov.br,2026-10-08,
2103406,Coelho Neto,MA,prefeitura,Prefeitura de Coelho Neto,facebook,https://facebook.com/prefeituracoelhoneto,https://coelhoneto.ma.gov.br,2026-10-08,
2103406,Coelho Neto,MA,prefeitura,Prefeitura de Coelho Neto,instagram,https://instagram.com/prefeituracoelhoneto,https://coelhoneto.ma.gov.br,2026-10-08,
2103406,Coelho Neto,MA,prefeitura,Prefeitura de Coelho Neto,site,https://coelhoneto.ma.gov.br,varredura de domínio,2026-10-08,
2103406,Coelho Neto,MA,radio,"Rádio Cidade Livre FM 87,9",facebook,https://www.facebook.com/CIDADELIVREFM,https://www.fmcidadelivre.com.br,2026-10-08,
2103406,Coelho Neto,MA,radio,"Rádio Cidade Livre FM 87,9",instagram,https://www.instagram.com/radiocidadelivre,https://www.fmcidadelivre.com.br,2026-10-08,
2103406,Coelho Neto,MA,radio,"Rádio Cidade Livre FM 87,9",site,https://www.fmcidadelivre.com.br,https://streema.com/radios/Radyospor,2026-10-08,
2103406,Coelho Neto,MA,radio,"Rádio Cidade Livre FM 87,9",youtube,https://www.youtube.com/@cidadelivre-coelhoneto-ma2333,https://www.fmcidadelivre.com.br,2026-10-08,
2103604,Coroatá,MA,portal,"Coroatá na TV (blog ligado à Educativa FM 106,3)",facebook,https://www.facebook.com/Coroatanatv,https://coroataagora.blogspot.com/,2026-10-08,
2103604,Coroatá,MA,portal,"Coroatá na TV (blog ligado à Educativa FM 106,3)",instagram,https://www.instagram.com/coroatanatv,https://coroataagora.blogspot.com/,2026-10-08,
2103604,Coroatá,MA,portal,"Coroatá na TV (blog ligado à Educativa FM 106,3)",site,https://coroataagora.blogspot.com,https://streema.com/radios/Radio_Educativa_FM_Coroata,2026-10-08,
2103604,Coroatá,MA,portal,"Coroatá na TV (blog ligado à Educativa FM 106,3)",youtube,https://www.youtube.com/channel/UCI9SsBPU3lrDP_llnc28AUg,https://coroataagora.blogspot.com/,2026-10-08,
2103604,Coroatá,MA,prefeitura,Prefeitura de Coroatá,facebook,https://facebook.com/PrefeituraDeCoroataOficial,https://coroata.ma.gov.br,2026-10-08,
2103604,Coroatá,MA,prefeitura,Prefeitura de Coroatá,instagram,https://instagram.com/prefeituradecoroata,https://coroata.ma.gov.br,2026-10-08,
2103604,Coroatá,MA,prefeitura,Prefeitura de Coroatá,site,https://coroata.ma.gov.br,varredura de domínio,2026-10-08,
2103604,Coroatá,MA,prefeitura,Prefeitura de Coroatá,youtube,https://youtube.com/@PrefeituradeCoroat,https://coroata.ma.gov.br,2026-10-08,
2103604,Coroatá,MA,radio,"Rádio Geração Jovem FM 87,9",site,https://radiogeracaojovemfm.com.br,https://streema.com/radios/Radio_Geracao_Jovem_FM,2026-10-08,sem links de redes no HTML
2105401,Itapecuru Mirim,MA,camara,Câmara Municipal de Itapecuru Mirim,facebook,https://facebook.com/camaraitapecurumirim,https://www.itapecurumirim.ma.leg.br,2026-10-08,
2105401,Itapecuru Mirim,MA,camara,Câmara Municipal de Itapecuru Mirim,instagram,https://instagram.com/camara.itapecuru,https://www.itapecurumirim.ma.leg.br,2026-10-08,
2105401,Itapecuru Mirim,MA,camara,Câmara Municipal de Itapecuru Mirim,site,https://www.itapecurumirim.ma.leg.br,varredura de domínio,2026-10-08,
2105401,Itapecuru Mirim,MA,portal,Imirante,facebook,https://www.facebook.com/portalimirante,https://imirante.com,2026-10-08,portal estadual
2105401,Itapecuru Mirim,MA,portal,Imirante,instagram,https://www.instagram.com/imirante,https://imirante.com,2026-10-08,portal estadual
2105401,Itapecuru Mirim,MA,portal,Imirante,site,https://imirante.com,https://imirante.com,2026-10-08,"portal estadual (Grupo Mirante, São Luís)"
2105401,Itapecuru Mirim,MA,prefeitura,Prefeitura de Itapecuru Mirim,instagram,https://instagram.com/prefeituradeitapecuru,https://www.itapecurumirim.ma.gov.br,2026-10-08,
2105401,Itapecuru Mirim,MA,prefeitura,Prefeitura de Itapecuru Mirim,site,https://www.itapecurumirim.ma.gov.br,varredura de domínio,2026-10-08,
2105401,Itapecuru Mirim,MA,radio,"Rádio 90FM 90,3",site,https://webradio90fm.com,https://streema.com/radios/Radio_90FM,2026-10-08,sem links de redes no HTML
2105427,Itinga do Maranhão,MA,camara,Câmara Municipal de Itinga do Maranhão,facebook,https://www.facebook.com/camaradeitingadomaranhao,https://cmitinga.ma.gov.br,2026-10-08,
2105427,Itinga do Maranhão,MA,camara,Câmara Municipal de Itinga do Maranhão,instagram,https://www.instagram.com/camaradeitinga,https://cmitinga.ma.gov.br,2026-10-08,
2105427,Itinga do Maranhão,MA,camara,Câmara Municipal de Itinga do Maranhão,site,https://cmitinga.ma.gov.br,https://cmitinga.ma.gov.br,2026-10-08,
2105427,Itinga do Maranhão,MA,camara,Câmara Municipal de Itinga do Maranhão,youtube,https://www.youtube.com/@Camaraitingama2026,https://cmitinga.ma.gov.br,2026-10-08,
2105427,Itinga do Maranhão,MA,portal,Imirante,instagram,https://www.instagram.com/imirante,https://imirante.com,2026-10-08,portal estadual
2105427,Itinga do Maranhão,MA,portal,Imirante,site,https://imirante.com,https://imirante.com,2026-10-08,portal estadual (Grupo Mirante)
2105427,Itinga do Maranhão,MA,radio,"Rádio Clube FM 98,1 (Açailândia)",site,https://www.clubefm98.com,https://streema.com/radios/Radio_Clube_98.1_FM,2026-10-08,veículo da cidade-polo Açailândia; sem links de redes no HTML
2105427,Itinga do Maranhão,MA,radio,"Rádio Conquista FM 106,3",facebook,https://www.facebook.com/conquistafmitinga.com.br,https://streema.com/radios/Radio_Conquista_FM_106.3,2026-10-08,link visto no diretório streema
2108306,Penalva,MA,prefeitura,Prefeitura de Penalva,facebook,https://facebook.com/prefeituradeitinga,https://www.penalva.ma.gov.br,2026-10-08,
2108306,Penalva,MA,prefeitura,Prefeitura de Penalva,instagram,https://instagram.com/prefeituradepenalva,https://www.penalva.ma.gov.br,2026-10-08,
2108306,Penalva,MA,prefeitura,Prefeitura de Penalva,site,https://www.penalva.ma.gov.br,varredura de domínio,2026-10-08,
2108306,Penalva,MA,radio,"Sistema Pericumã de Comunicação (Pericumã FM 105.1, TV Pericumã)",facebook,https://www.facebook.com/sistemapericuma,https://www.sistemapericuma.com.br/,2026-10-08,veículo da cidade-polo Pinheiro (Baixada Maranhense)
2108306,Penalva,MA,radio,"Sistema Pericumã de Comunicação (Pericumã FM 105.1, TV Pericumã)",instagram,https://www.instagram.com/sistemapericuma,https://www.sistemapericuma.com.br/,2026-10-08,veículo da cidade-polo Pinheiro (Baixada Maranhense)
2108306,Penalva,MA,radio,"Sistema Pericumã de Comunicação (Pericumã FM 105.1, TV Pericumã)",site,https://www.sistemapericuma.com.br,https://www.sistemapericuma.com.br/,2026-10-08,veículo da cidade-polo Pinheiro (Baixada Maranhense)
2108603,Pinheiro,MA,prefeitura,Prefeitura de Pinheiro,site,https://www.pinheiro.ma.gov.br,"https://en.wikipedia.org/wiki/Pinheiro,_Maranhão",2026-10-08,site listado na Wikipédia (en); responde 403 a acesso automatizado
2108603,Pinheiro,MA,radio,"Rádio Cultura FM 105,9",site,https://culturafm105.com,https://streema.com/radios/Radio_Cultura_105.9_FM,2026-10-08,site não respondeu no teste
2108603,Pinheiro,MA,radio,"Rádio Pinheiro FM 103,3",site,https://radiopinheirofm.com.br,https://streema.com/radios/Radio_Pinheiro,2026-10-08,
2108603,Pinheiro,MA,radio,"Sistema Pericumã de Comunicação (Pericumã FM 105.1, Verdes Campos FM, TV Pericumã)",facebook,https://www.facebook.com/sistemapericuma,https://www.sistemapericuma.com.br/,2026-10-08,
2108603,Pinheiro,MA,radio,"Sistema Pericumã de Comunicação (Pericumã FM 105.1, Verdes Campos FM, TV Pericumã)",instagram,https://www.instagram.com/sistemapericuma,https://www.sistemapericuma.com.br/,2026-10-08,
2108603,Pinheiro,MA,radio,"Sistema Pericumã de Comunicação (Pericumã FM 105.1, Verdes Campos FM, TV Pericumã)",site,https://www.sistemapericuma.com.br,https://www.sistemapericuma.com.br/,2026-10-08,
2110005,Santa Luzia,MA,camara,Câmara Municipal de Santa Luzia,facebook,https://facebook.com/camaramunicipal.santaluzia.ma,https://www.cmsantaluzia.ma.gov.br,2026-10-08,
2110005,Santa Luzia,MA,camara,Câmara Municipal de Santa Luzia,site,https://www.cmsantaluzia.ma.gov.br,varredura de domínio,2026-10-08,
2110005,Santa Luzia,MA,portal,Imirante,facebook,https://www.facebook.com/portalimirante,https://imirante.com,2026-10-08,portal estadual
2110005,Santa Luzia,MA,portal,Imirante,instagram,https://www.instagram.com/imirante,https://imirante.com,2026-10-08,portal estadual
2110005,Santa Luzia,MA,portal,Imirante,site,https://imirante.com,https://imirante.com,2026-10-08,"portal estadual (Grupo Mirante, São Luís); sem veículo local achado"
2110005,Santa Luzia,MA,portal,Imirante,tiktok,https://www.tiktok.com/@imirante,https://imirante.com,2026-10-08,portal estadual
2110005,Santa Luzia,MA,portal,Imirante,youtube,https://www.youtube.com/@imirante,https://imirante.com,2026-10-08,portal estadual
2110005,Santa Luzia,MA,prefeitura,Prefeitura de Santa Luzia,facebook,https://facebook.com/PrefeituradeSantaLuziaUmacidadeparatodos,https://www.santaluzia.ma.gov.br,2026-10-08,
2110005,Santa Luzia,MA,prefeitura,Prefeitura de Santa Luzia,instagram,https://instagram.com/prefeituradesantaluziaa,https://www.santaluzia.ma.gov.br,2026-10-08,
2110005,Santa Luzia,MA,prefeitura,Prefeitura de Santa Luzia,site,https://www.santaluzia.ma.gov.br,varredura de domínio,2026-10-08,
2110500,São Bento,MA,camara,Câmara Municipal de São Bento,instagram,https://instagram.com/camarasaobento.ma,https://www.cmsaobento.ma.gov.br,2026-10-08,
2110500,São Bento,MA,camara,Câmara Municipal de São Bento,site,https://www.cmsaobento.ma.gov.br,varredura de domínio,2026-10-08,
2110500,São Bento,MA,prefeitura,Prefeitura de São Bento,facebook,https://facebook.com/prefeituradesaobentoma,https://www.saobento.ma.gov.br,2026-10-08,
2110500,São Bento,MA,prefeitura,Prefeitura de São Bento,instagram,https://instagram.com/prefeituradesaobentoma,https://www.saobento.ma.gov.br,2026-10-08,
2110500,São Bento,MA,prefeitura,Prefeitura de São Bento,site,https://www.saobento.ma.gov.br,varredura de domínio,2026-10-08,
2110500,São Bento,MA,radio,"Sistema Pericumã de Comunicação (Pericumã FM 105.1, TV Pericumã)",facebook,https://www.facebook.com/sistemapericuma,https://www.sistemapericuma.com.br/,2026-10-08,veículo da cidade-polo Pinheiro (Baixada Maranhense)
2110500,São Bento,MA,radio,"Sistema Pericumã de Comunicação (Pericumã FM 105.1, TV Pericumã)",instagram,https://www.instagram.com/sistemapericuma,https://www.sistemapericuma.com.br/,2026-10-08,veículo da cidade-polo Pinheiro (Baixada Maranhense)
2110500,São Bento,MA,radio,"Sistema Pericumã de Comunicação (Pericumã FM 105.1, TV Pericumã)",site,https://www.sistemapericuma.com.br,https://www.sistemapericuma.com.br/,2026-10-08,veículo da cidade-polo Pinheiro (Baixada Maranhense)
2111508,São Mateus do Maranhão,MA,camara,Câmara de São Mateus do Maranhão,instagram,https://www.instagram.com/camarasmt,https://cmsaomateus.ma.gov.br,2026-10-08,
2111508,São Mateus do Maranhão,MA,camara,Câmara de São Mateus do Maranhão,site,https://cmsaomateus.ma.gov.br,https://cmsaomateus.ma.gov.br,2026-10-08,
2111508,São Mateus do Maranhão,MA,camara,Câmara de São Mateus do Maranhão,youtube,https://www.youtube.com/channel/UCrLh1WzbguI7eOjEiNG4PjQ,https://cmsaomateus.ma.gov.br,2026-10-08,
2111508,São Mateus do Maranhão,MA,portal,Imirante,facebook,https://www.facebook.com/portalimirante,https://imirante.com,2026-10-08,portal estadual
2111508,São Mateus do Maranhão,MA,portal,Imirante,instagram,https://www.instagram.com/imirante,https://imirante.com,2026-10-08,portal estadual
2111508,São Mateus do Maranhão,MA,portal,Imirante,site,https://imirante.com,https://imirante.com,2026-10-08,"portal estadual (Grupo Mirante, São Luís)"
2111508,São Mateus do Maranhão,MA,prefeitura,Prefeitura de São Mateus do Maranhão,facebook,https://www.facebook.com/PrefeituraDeSaoMateusMAOFICIAL,https://saomateus.ma.gov.br,2026-10-08,
2111508,São Mateus do Maranhão,MA,prefeitura,Prefeitura de São Mateus do Maranhão,instagram,https://www.instagram.com/prefeiturasaomateusma,https://saomateus.ma.gov.br,2026-10-08,
2111508,São Mateus do Maranhão,MA,prefeitura,Prefeitura de São Mateus do Maranhão,site,https://saomateus.ma.gov.br,https://saomateus.ma.gov.br,2026-10-08,também listado na Wikipédia pt
2111508,São Mateus do Maranhão,MA,prefeitura,Prefeitura de São Mateus do Maranhão,youtube,https://www.youtube.com/saomateusdomaranhao,https://saomateus.ma.gov.br,2026-10-08,
2111508,São Mateus do Maranhão,MA,radio,"Rádio Sucesso FM 96,1",site,https://sucessofm.zdx.com.br,https://streema.com/radios/Radio_Sucesso_FM_Maranhao,2026-10-08,site não respondeu no teste
2112506,Tutóia,MA,camara,Câmara Municipal de Tutóia,instagram,https://instagram.com/cmtutoia,https://www.cmtutoia.ma.gov.br,2026-10-08,
2112506,Tutóia,MA,camara,Câmara Municipal de Tutóia,site,https://www.cmtutoia.ma.gov.br,varredura de domínio,2026-10-08,
2112506,Tutóia,MA,portal,Imirante,instagram,https://www.instagram.com/imirante,https://imirante.com,2026-10-08,portal estadual
2112506,Tutóia,MA,portal,Imirante,site,https://imirante.com,https://imirante.com,2026-10-08,"portal estadual (Grupo Mirante, São Luís)"
2112506,Tutóia,MA,prefeitura,Prefeitura de Tutóia,site,https://tutoia.ma.gov.br,varredura de domínio,2026-10-08,
2112506,Tutóia,MA,radio,"Litoral FM 95,1 (Parnaíba-PI)",facebook,https://www.facebook.com/radiolideranca951,https://litoralfmonline.com.br,2026-10-08,veículo da cidade-polo Parnaíba (PI)
2112506,Tutóia,MA,radio,"Litoral FM 95,1 (Parnaíba-PI)",instagram,https://www.instagram.com/radiolideranca951,https://litoralfmonline.com.br,2026-10-08,veículo da cidade-polo Parnaíba (PI)
2112506,Tutóia,MA,radio,"Litoral FM 95,1 (Parnaíba-PI)",site,https://litoralfmonline.com.br,https://streema.com/radios/Radio_Lideranca_951_Parnaiba,2026-10-08,veículo da cidade-polo Parnaíba (PI)
2112506,Tutóia,MA,radio,"Litoral FM 95,1 (Parnaíba-PI)",youtube,https://www.youtube.com/@radiolideranca951,https://litoralfmonline.com.br,2026-10-08,veículo da cidade-polo Parnaíba (PI)
2112506,Tutóia,MA,radio,Web Rádio Tutóia FM,site,https://webradiotutoiafm.site.radio.br,https://streema.com/radios/Web_Radio_Tutoia_FM,2026-10-08,site não respondeu no teste
2112704,Vargem Grande,MA,camara,Câmara Municipal de Vargem Grande,instagram,https://instagram.com/camaramunicipalvg,https://www.cmvargemgrande.ma.gov.br,2026-10-08,
2112704,Vargem Grande,MA,camara,Câmara Municipal de Vargem Grande,site,https://www.cmvargemgrande.ma.gov.br,varredura de domínio,2026-10-08,
2112704,Vargem Grande,MA,camara,Câmara Municipal de Vargem Grande,youtube,https://youtube.com/@CamaradeVargemGrande,https://www.cmvargemgrande.ma.gov.br,2026-10-08,
2112704,Vargem Grande,MA,prefeitura,Prefeitura de Vargem Grande,facebook,https://facebook.com/vgprefeitura,https://www.vargemgrande.ma.gov.br,2026-10-08,
2112704,Vargem Grande,MA,prefeitura,Prefeitura de Vargem Grande,instagram,https://instagram.com/prefeituradevargemgrande,https://www.vargemgrande.ma.gov.br,2026-10-08,
2112704,Vargem Grande,MA,prefeitura,Prefeitura de Vargem Grande,site,https://www.vargemgrande.ma.gov.br,varredura de domínio,2026-10-08,
2112704,Vargem Grande,MA,radio,"Rádio Nova FM VG 88,5",instagram,https://www.instagram.com/radioetvnova,https://www.novafmvg.com/,2026-10-08,
2112704,Vargem Grande,MA,radio,"Rádio Nova FM VG 88,5",site,https://www.novafmvg.com,https://tudoradio.com/radios/estado/MA,2026-10-08,
2112803,Viana,MA,camara,Câmara Municipal de Viana,site,https://www.cmviana.ma.gov.br,https://viana.ma.leg.br/,2026-10-08,viana.ma.leg.br redireciona para cmviana.ma.gov.br; domínio responde HTTP 403 a acesso de fora do Brasil; perfis não extraídos
2112803,Viana,MA,prefeitura,Prefeitura Municipal de Viana,site,https://www.viana.ma.gov.br,https://www.viana.ma.gov.br/,2026-10-08,domínio responde HTTP 403 a acesso de fora do Brasil; perfis não extraídos; não confirmado por fonte externa
2112803,Viana,MA,radio,"Maracu FM 93,9",site,https://radiomaracufm.site.radio.br,https://tudoradio.com/radios/estado/MA,2026-10-08,site listado no tudoradio; não respondeu no teste
2112803,Viana,MA,radio,Rádio e TV Maracu (Maracu AM 630 / TV Maracu),instagram,https://www.instagram.com/radioetvmaracuviana,https://www.radioetvmaracu.com.br/,2026-10-08,
2112803,Viana,MA,radio,Rádio e TV Maracu (Maracu AM 630 / TV Maracu),site,https://www.radioetvmaracu.com.br,https://tudoradio.com/radios/estado/MA,2026-10-08,
2112803,Viana,MA,radio,Rádio e TV Maracu (Maracu AM 630 / TV Maracu),youtube,https://www.youtube.com/@radioetvmaracuviana6070,https://www.radioetvmaracu.com.br/,2026-10-08,
2114007,Zé Doca,MA,camara,Câmara Municipal de Zé Doca,instagram,https://instagram.com/camaramunicipalzd,https://cmzedoca.ma.gov.br,2026-10-08,
2114007,Zé Doca,MA,camara,Câmara Municipal de Zé Doca,site,https://cmzedoca.ma.gov.br,varredura de domínio,2026-10-08,
2114007,Zé Doca,MA,camara,Câmara Municipal de Zé Doca,youtube,https://youtube.com/@cmzedoca-oficial,https://cmzedoca.ma.gov.br,2026-10-08,
2114007,Zé Doca,MA,prefeitura,Prefeitura Municipal de Zé Doca,site,https://www.zedoca.ma.gov.br,https://www.wikidata.org/wiki/Q1806488,2026-10-08,site oficial segundo Wikidata (P856); não respondeu no teste
2114007,Zé Doca,MA,radio,"Mirante FM 100,3 Santa Inês",facebook,https://www.facebook.com/mirantefm,https://imirante.com/mirantefm/santa-ines,2026-10-08,veículo da cidade-polo Santa Inês (Sistema Mirante)
2114007,Zé Doca,MA,radio,"Mirante FM 100,3 Santa Inês",instagram,https://www.instagram.com/mirantefm,https://imirante.com/mirantefm/santa-ines,2026-10-08,veículo da cidade-polo Santa Inês (Sistema Mirante)
2114007,Zé Doca,MA,radio,"Mirante FM 100,3 Santa Inês",site,https://imirante.com/mirantefm/santa-ines,https://tudoradio.com/radios/estado/MA,2026-10-08,veículo da cidade-polo Santa Inês (Sistema Mirante)
2114007,Zé Doca,MA,radio,"Mirante FM 100,3 Santa Inês",youtube,https://www.youtube.com/@mirantefm,https://imirante.com/mirantefm/santa-ines,2026-10-08,veículo da cidade-polo Santa Inês (Sistema Mirante)
2114007,Zé Doca,MA,radio,"Rede Sucesso FM 93,3",site,https://redesucessofm.com.br,https://tudoradio.com/radios/estado/MA,2026-10-08,veículo de Santa Luzia do Paruá (vizinha)
2114007,Zé Doca,MA,radio,"Rádio Alvorada 92,7 FM",site,https://radioalvoradazedoca.com.br,https://tudoradio.com/radios/estado/MA,2026-10-08,site listado no tudoradio; domínio não resolve (fora do ar)
3100104,Abadia Dos Dourados,MG,camara,Câmara Municipal de Abadia Dos Dourados,facebook,https://facebook.com/camaramunicipaldeabadiadosdourados,https://cmabadiadosdourados.mg.gov.br,2026-10-08,
3100104,Abadia Dos Dourados,MG,camara,Câmara Municipal de Abadia Dos Dourados,site,https://cmabadiadosdourados.mg.gov.br,varredura de domínio,2026-10-08,
3100104,Abadia Dos Dourados,MG,camara,Câmara Municipal de Abadia Dos Dourados,youtube,https://youtube.com/@camaramunicipalabadia,https://cmabadiadosdourados.mg.gov.br,2026-10-08,
3100104,Abadia Dos Dourados,MG,outro,Notícias do Triângulo,whatsapp_canal,https://whatsapp.com/channel/0029Va9MGFr5PO13TnMFpf0I,https://whatsapp.com/channel/0029Va9MGFr5PO13TnMFpf0I,2026-10-08,"canal regional (Triângulo/Alto Paranaíba) que cita o município na descrição; ~378 seguidores; canal confirmado: ""Notícias do Triângulo"""
3100104,Abadia Dos Dourados,MG,prefeitura,Prefeitura de Abadia Dos Dourados,instagram,https://instagram.com/prefeituradeabadiadosdourados,https://abadiadosdourados.mg.gov.br,2026-10-08,
3100104,Abadia Dos Dourados,MG,prefeitura,Prefeitura de Abadia Dos Dourados,site,https://abadiadosdourados.mg.gov.br,varredura de domínio,2026-10-08,
3100104,Abadia Dos Dourados,MG,radio,"Gerais FM 97,9",facebook,https://www.facebook.com/radiogeraisfm,https://radiogeraisfm.com.br/,2026-10-08,veículo de Coromandel (vizinha)
3100104,Abadia Dos Dourados,MG,radio,"Gerais FM 97,9",instagram,https://www.instagram.com/geraisfm,https://radiogeraisfm.com.br/,2026-10-08,veículo de Coromandel (vizinha)
3100104,Abadia Dos Dourados,MG,radio,"Gerais FM 97,9",site,https://radiogeraisfm.com.br,https://tudoradio.com/radios/estado/MG,2026-10-08,veículo de Coromandel (vizinha)
3100104,Abadia Dos Dourados,MG,radio,"Gerais FM 97,9",youtube,https://www.youtube.com/user/geraisfm,https://radiogeraisfm.com.br/,2026-10-08,veículo de Coromandel (vizinha)
3100104,Abadia Dos Dourados,MG,radio,"Rádio Monte FM 96,7",facebook,https://www.facebook.com/montefm.oficial,https://www.montefm.com.br/,2026-10-08,veículo de Monte Carmelo (polo regional)
3100104,Abadia Dos Dourados,MG,radio,"Rádio Monte FM 96,7",instagram,https://www.instagram.com/radiomontefm,https://www.montefm.com.br/,2026-10-08,veículo de Monte Carmelo (polo regional)
3100104,Abadia Dos Dourados,MG,radio,"Rádio Monte FM 96,7",site,https://www.montefm.com.br,https://tudoradio.com/radios/estado/MG,2026-10-08,veículo de Monte Carmelo (polo regional)
3100104,Abadia Dos Dourados,MG,radio,"Rádio Monte FM 96,7",youtube,https://www.youtube.com/@montefmaradiolegal4462,https://www.montefm.com.br/,2026-10-08,veículo de Monte Carmelo (polo regional)
3101706,Almenara,MG,camara,Câmara Municipal de Almenara,facebook,https://facebook.com/camaramunicipaldealmenara,https://www.camaraalmenara.mg.gov.br,2026-10-08,
3101706,Almenara,MG,camara,Câmara Municipal de Almenara,instagram,https://instagram.com/camara.almenara,https://www.camaraalmenara.mg.gov.br,2026-10-08,
3101706,Almenara,MG,camara,Câmara Municipal de Almenara,site,https://www.camaraalmenara.mg.gov.br,varredura de domínio,2026-10-08,
3101706,Almenara,MG,prefeitura,Prefeitura de Almenara,facebook,https://facebook.com/prefeituradealmenara,https://www.almenara.mg.gov.br,2026-10-08,
3101706,Almenara,MG,prefeitura,Prefeitura de Almenara,instagram,https://instagram.com/prefalmenara,https://www.almenara.mg.gov.br,2026-10-08,
3101706,Almenara,MG,prefeitura,Prefeitura de Almenara,site,https://www.almenara.mg.gov.br,varredura de domínio,2026-10-08,
3101706,Almenara,MG,prefeitura,Prefeitura de Almenara,youtube,https://youtube.com/@PrefeituradeAlmenara,https://www.almenara.mg.gov.br,2026-10-08,
3101706,Almenara,MG,radio,"Rádio Almenara 104,7 FM",site,https://radioalmenarafm.com.br,https://tudoradio.com/radios/estado/MG,2026-10-08,sem perfis no site
3103405,Araçuaí,MG,prefeitura,Prefeitura de Araçuaí,facebook,https://facebook.com/Prefeitura-de-Ara,https://www.aracuai.mg.gov.br,2026-10-08,
3103405,Araçuaí,MG,prefeitura,Prefeitura de Araçuaí,instagram,https://instagram.com/prefeituradearacuai,https://www.aracuai.mg.gov.br,2026-10-08,
3103405,Araçuaí,MG,prefeitura,Prefeitura de Araçuaí,site,https://www.aracuai.mg.gov.br,varredura de domínio,2026-10-08,
3103405,Araçuaí,MG,prefeitura,Prefeitura de Araçuaí,whatsapp_atendimento,https://api.whatsapp.com/send?phone=553337311570,https://www.aracuai.mg.gov.br,2026-10-08,"número de atendimento publicado no site oficial; uso: atendimento ao cidadão, não é canal de comunicação política"
3103405,Araçuaí,MG,prefeitura,Prefeitura de Araçuaí,whatsapp_atendimento,https://wa.me/+553337311570,https://www.aracuai.mg.gov.br,2026-10-08,"número de atendimento publicado no site oficial; uso: atendimento ao cidadão, não é canal de comunicação política"
3103405,Araçuaí,MG,prefeitura,Prefeitura de Araçuaí,youtube,https://youtube.com/channel/UCmTw3iR_KJ4WuDggFtjxbJA,https://www.aracuai.mg.gov.br,2026-10-08,
3103405,Araçuaí,MG,radio,"Vale FM 96,7",facebook,https://www.facebook.com/valefm96.7,https://valefmaracuai.com.br/,2026-10-08,
3103405,Araçuaí,MG,radio,"Vale FM 96,7",site,https://valefmaracuai.com.br,https://tudoradio.com/radios/estado/MG,2026-10-08,
3107109,Boa Esperança,MG,camara,Câmara Municipal de Boa Esperança,site,https://www.camaraboaesperanca.mg.gov.br,https://www.camaraboaesperanca.mg.gov.br/,2026-10-08,domínio responde HTTP 403 a acesso de fora do Brasil; perfis não extraídos
3107109,Boa Esperança,MG,prefeitura,Prefeitura de Boa Esperança,facebook,https://facebook.com/prefeituradeboaesperanca,https://www.boaesperanca.mg.gov.br,2026-10-08,
3107109,Boa Esperança,MG,prefeitura,Prefeitura de Boa Esperança,instagram,https://instagram.com/prefeituradeboaesperanca,https://www.boaesperanca.mg.gov.br,2026-10-08,
3107109,Boa Esperança,MG,prefeitura,Prefeitura de Boa Esperança,site,https://www.boaesperanca.mg.gov.br,varredura de domínio,2026-10-08,
3107109,Boa Esperança,MG,radio,"Rádio Serra da Boa Esperança 88,5 FM",instagram,https://www.instagram.com/serra88fm,https://serra88fm.com/,2026-10-08,
3107109,Boa Esperança,MG,radio,"Rádio Serra da Boa Esperança 88,5 FM",site,https://serra88fm.com,https://tudoradio.com/radios/estado/MG,2026-10-08,
3107307,Bocaiúva,MG,camara,Câmara Municipal de Bocaiúva,facebook,https://facebook.com/camaramunicipalboc,https://www.bocaiuva.mg.leg.br,2026-10-08,
3107307,Bocaiúva,MG,camara,Câmara Municipal de Bocaiúva,instagram,https://instagram.com/camaramunicipalboc,https://www.bocaiuva.mg.leg.br,2026-10-08,
3107307,Bocaiúva,MG,camara,Câmara Municipal de Bocaiúva,site,https://www.bocaiuva.mg.leg.br,varredura de domínio,2026-10-08,
3107307,Bocaiúva,MG,camara,Câmara Municipal de Bocaiúva,youtube,https://youtube.com/@tvcamarabocaiuvamg6081,https://www.bocaiuva.mg.leg.br,2026-10-08,
3107307,Bocaiúva,MG,jornal,Jornal O Norte,facebook,https://www.facebook.com/jornalonorte,https://onorte.net,2026-10-08,veículo da cidade-polo Montes Claros
3107307,Bocaiúva,MG,jornal,Jornal O Norte,instagram,https://www.instagram.com/jornalonorte,https://onorte.net,2026-10-08,veículo da cidade-polo Montes Claros
3107307,Bocaiúva,MG,jornal,Jornal O Norte,site,https://onorte.net,https://onorte.net,2026-10-08,veículo da cidade-polo Montes Claros
3107307,Bocaiúva,MG,jornal,Jornal O Norte,youtube,https://www.youtube.com/channel/UC__dI4zx7S4Ue-ySL8RguTA,https://onorte.net,2026-10-08,veículo da cidade-polo Montes Claros
3107307,Bocaiúva,MG,prefeitura,Prefeitura Municipal de Bocaiúva,instagram,https://www.instagram.com/prefeiturabocaiuva,https://bocaiuva.mg.gov.br,2026-10-08,corrige o site da lista (agenciaminas.mg.gov.br não é da prefeitura)
3107307,Bocaiúva,MG,prefeitura,Prefeitura Municipal de Bocaiúva,site,https://bocaiuva.mg.gov.br,https://www.wikidata.org/wiki/Q1756928,2026-10-08,corrige o site da lista (agenciaminas.mg.gov.br não é da prefeitura)
3107307,Bocaiúva,MG,prefeitura,Prefeitura de Bocaiúva,instagram,https://instagram.com/prefeiturabocaiuva,https://www.bocaiuva.mg.gov.br,2026-10-08,
3107307,Bocaiúva,MG,prefeitura,Prefeitura de Bocaiúva,site,https://www.bocaiuva.mg.gov.br,varredura de domínio,2026-10-08,
3107307,Bocaiúva,MG,radio,"Clube 91,5 FM",facebook,https://www.facebook.com/clube91.5FM,https://radioclubebocaiuva.com/,2026-10-08,
3107307,Bocaiúva,MG,radio,"Clube 91,5 FM",instagram,https://www.instagram.com/radioclube91.5fm,https://radioclubebocaiuva.com/,2026-10-08,
3107307,Bocaiúva,MG,radio,"Clube 91,5 FM",site,https://radioclubebocaiuva.com,https://tudoradio.com/radios/estado/MG,2026-10-08,
3107307,Bocaiúva,MG,radio,"Clube 91,5 FM",youtube,https://www.youtube.com/@clube91.5fm9,https://radioclubebocaiuva.com/,2026-10-08,
3107307,Bocaiúva,MG,radio,"Clube 91,5 FM",youtube,https://www.youtube.com/channel/UCdJKb5XKJb1D8za2hUclhNQ,https://radioclubebocaiuva.com/,2026-10-08,
3107307,Bocaiúva,MG,radio,"Estação Gerais FM 101,5",site,https://estacaogerais.com.br,https://tudoradio.com/radios/estado/MG,2026-10-08,site listado no tudoradio; erro de TLS no teste
3107901,Bom Repouso,MG,prefeitura,Prefeitura de Bom Repouso,facebook,https://facebook.com/prefeiturabomrepouso,https://www.bomrepouso.mg.gov.br,2026-10-08,
3107901,Bom Repouso,MG,prefeitura,Prefeitura de Bom Repouso,instagram,https://instagram.com/prefeiturabomrepouso,https://www.bomrepouso.mg.gov.br,2026-10-08,
3107901,Bom Repouso,MG,prefeitura,Prefeitura de Bom Repouso,site,https://www.bomrepouso.mg.gov.br,varredura de domínio,2026-10-08,
3107901,Bom Repouso,MG,prefeitura,Prefeitura de Bom Repouso,youtube,https://youtube.com/@PrefeituraBomRepouso,https://www.bomrepouso.mg.gov.br,2026-10-08,
3107901,Bom Repouso,MG,radio,"Clube FM Bueno Brandão 88,3",instagram,https://www.instagram.com/Clubefmbuenobrandao,https://clube.fm/buenobrandao,2026-10-08,veículo de Bueno Brandão (vizinha); nada sediado no município
3107901,Bom Repouso,MG,radio,"Clube FM Bueno Brandão 88,3",site,https://clube.fm/buenobrandao,https://tudoradio.com/radios/estado/MG,2026-10-08,veículo de Bueno Brandão (vizinha); nada sediado no município
3107901,Bom Repouso,MG,radio,"Rádio Difusora HD 94,5",facebook,https://www.facebook.com/difusorahd,https://www.difusorahd.com.br/,2026-10-08,veículo da cidade-polo Pouso Alegre
3107901,Bom Repouso,MG,radio,"Rádio Difusora HD 94,5",instagram,https://www.instagram.com/difusorahd,https://www.difusorahd.com.br/,2026-10-08,veículo da cidade-polo Pouso Alegre
3107901,Bom Repouso,MG,radio,"Rádio Difusora HD 94,5",site,https://www.difusorahd.com.br,https://tudoradio.com/radios/estado/MG,2026-10-08,veículo da cidade-polo Pouso Alegre
3107901,Bom Repouso,MG,radio,"Rádio Difusora HD 94,5",youtube,https://www.youtube.com/@DifusorahdEssencial,https://www.difusorahd.com.br/,2026-10-08,veículo da cidade-polo Pouso Alegre
3108602,Brasília De Minas,MG,camara,Câmara Municipal de Brasília De Minas,site,https://www.brasiliademinas.mg.leg.br/404.html,varredura de domínio,2026-10-08,
3108602,Brasília De Minas,MG,camara,Câmara Municipal de Brasília de Minas,instagram,https://www.instagram.com/camarabrasiliademinas,https://brasiliademinas.mg.leg.br,2026-10-08,corrige o link da lista (/404.html)
3108602,Brasília De Minas,MG,camara,Câmara Municipal de Brasília de Minas,site,https://brasiliademinas.mg.leg.br,https://brasiliademinas.mg.leg.br,2026-10-08,corrige o link da lista (/404.html)
3108602,Brasília De Minas,MG,camara,Câmara Municipal de Brasília de Minas,youtube,https://www.youtube.com/@camaramunicipaldebrasiliad6459,https://brasiliademinas.mg.leg.br,2026-10-08,corrige o link da lista (/404.html)
3108602,Brasília De Minas,MG,jornal,Jornal O Norte,facebook,https://www.facebook.com/jornalonorte,https://onorte.net,2026-10-08,veículo da cidade-polo Montes Claros
3108602,Brasília De Minas,MG,jornal,Jornal O Norte,instagram,https://www.instagram.com/jornalonorte,https://onorte.net,2026-10-08,veículo da cidade-polo Montes Claros
3108602,Brasília De Minas,MG,jornal,Jornal O Norte,site,https://onorte.net,https://onorte.net,2026-10-08,veículo da cidade-polo Montes Claros
3108602,Brasília De Minas,MG,jornal,Jornal O Norte,youtube,https://www.youtube.com/channel/UC__dI4zx7S4Ue-ySL8RguTA,https://onorte.net,2026-10-08,veículo da cidade-polo Montes Claros
3108602,Brasília De Minas,MG,prefeitura,Prefeitura de Brasília De Minas,facebook,https://facebook.com/prefeiturabm,https://www.brasiliademinas.mg.gov.br,2026-10-08,
3108602,Brasília De Minas,MG,prefeitura,Prefeitura de Brasília De Minas,instagram,https://instagram.com/prefeiturabm,https://www.brasiliademinas.mg.gov.br,2026-10-08,
3108602,Brasília De Minas,MG,prefeitura,Prefeitura de Brasília De Minas,site,https://www.brasiliademinas.mg.gov.br,varredura de domínio,2026-10-08,
3108602,Brasília De Minas,MG,radio,"Rádio Clube 93,9 FM",facebook,https://www.facebook.com/radioclube93fm,https://www.clube93fm.com.br/,2026-10-08,
3108602,Brasília De Minas,MG,radio,"Rádio Clube 93,9 FM",site,https://www.clube93fm.com.br,https://tudoradio.com/radios/estado/MG,2026-10-08,
3112307,Capelinha,MG,camara,Câmara Municipal de Capelinha,site,https://www.camaracapelinha.mg.gov.br,https://tudoradio.com/radios/estado/MG,2026-10-08,"site citado no tudoradio (Rádio Câmara 93,1 FM); domínio responde HTTP 403 a acesso de fora do Brasil; perfis não extraídos"
3112307,Capelinha,MG,prefeitura,Prefeitura de Capelinha,facebook,https://facebook.com/prefeituramunicipaldecapelinha,https://pmcapelinha.mg.gov.br,2026-10-08,
3112307,Capelinha,MG,prefeitura,Prefeitura de Capelinha,instagram,https://instagram.com/prefeituradecapelinha,https://pmcapelinha.mg.gov.br,2026-10-08,
3112307,Capelinha,MG,prefeitura,Prefeitura de Capelinha,site,https://pmcapelinha.mg.gov.br,varredura de domínio,2026-10-08,
3112307,Capelinha,MG,radio,"Rádio Aranãs 105,3 FM",facebook,https://www.facebook.com/radioaranas,https://aranasfm.com.br/,2026-10-08,
3112307,Capelinha,MG,radio,"Rádio Aranãs 105,3 FM",instagram,https://www.instagram.com/radioaranas,https://aranasfm.com.br/,2026-10-08,
3112307,Capelinha,MG,radio,"Rádio Aranãs 105,3 FM",site,https://aranasfm.com.br,https://tudoradio.com/radios/estado/MG,2026-10-08,
3112604,Capinópolis,MG,camara,Câmara Municipal de Capinópolis,facebook,https://facebook.com/camaradecapinopolis,https://www.capinopolis.mg.leg.br,2026-10-08,
3112604,Capinópolis,MG,camara,Câmara Municipal de Capinópolis,instagram,https://instagram.com/camaradecapinopolis,https://www.capinopolis.mg.leg.br,2026-10-08,
3112604,Capinópolis,MG,camara,Câmara Municipal de Capinópolis,site,https://www.capinopolis.mg.leg.br,varredura de domínio,2026-10-08,
3112604,Capinópolis,MG,prefeitura,Prefeitura Municipal de Capinópolis,site,https://www.capinopolis.mg.gov.br,https://www.wikidata.org/wiki/Q1791729,2026-10-08,site oficial segundo Wikidata (P856); domínio responde HTTP 403 a acesso de fora do Brasil; perfis não extraídos
3112604,Capinópolis,MG,radio,"Rádio Pontal FM 96,1",instagram,https://www.instagram.com/pontalfm96.1,https://pontalfmtriangulo.com.br,2026-10-08,
3112604,Capinópolis,MG,radio,"Rádio Pontal FM 96,1",site,https://pontalfmtriangulo.com.br,https://tudoradio.com/radios/estado/MG,2026-10-08,
3113206,Carandaí,MG,camara,Câmara Municipal de Carandaí,facebook,https://facebook.com/camara.carandai,https://www.camaracarandai.mg.gov.br,2026-10-08,
3113206,Carandaí,MG,camara,Câmara Municipal de Carandaí,site,https://www.camaracarandai.mg.gov.br,varredura de domínio,2026-10-08,
3113206,Carandaí,MG,prefeitura,Prefeitura de Carandaí,facebook,https://facebook.com/prefeituradecarandai,https://carandai.mg.gov.br,2026-10-08,
3113206,Carandaí,MG,prefeitura,Prefeitura de Carandaí,instagram,https://instagram.com/prefeituracarandai,https://carandai.mg.gov.br,2026-10-08,
3113206,Carandaí,MG,prefeitura,Prefeitura de Carandaí,site,https://carandai.mg.gov.br,varredura de domínio,2026-10-08,
3113206,Carandaí,MG,radio,"Rádio Clube FM Carandaí 105,9",site,https://clubefmcarandai.com.br,https://tudoradio.com/radios/estado/MG,2026-10-08,sem perfis no site
3114204,Carmo Do Cajuru,MG,camara,Câmara Municipal de Carmo Do Cajuru,facebook,https://facebook.com/camaracarmodocajuru,https://camaracarmodocajuru.mg.gov.br,2026-10-08,
3114204,Carmo Do Cajuru,MG,camara,Câmara Municipal de Carmo Do Cajuru,instagram,https://instagram.com/camara_c_cajuru,https://camaracarmodocajuru.mg.gov.br,2026-10-08,
3114204,Carmo Do Cajuru,MG,camara,Câmara Municipal de Carmo Do Cajuru,site,https://camaracarmodocajuru.mg.gov.br,varredura de domínio,2026-10-08,
3114204,Carmo Do Cajuru,MG,camara,Câmara Municipal de Carmo Do Cajuru,whatsapp_atendimento,https://wa.me/+5537999696523,https://camaracarmodocajuru.mg.gov.br,2026-10-08,"número de atendimento publicado no site oficial; uso: atendimento ao cidadão, não é canal de comunicação política"
3114204,Carmo Do Cajuru,MG,portal,Portal MPA,facebook,https://www.facebook.com/portalmpa,https://www.sistemampa.com.br/,2026-10-08,veículo da cidade-polo Divinópolis (Centro-Oeste de Minas)
3114204,Carmo Do Cajuru,MG,portal,Portal MPA,instagram,https://www.instagram.com/portalmpa,https://www.sistemampa.com.br/,2026-10-08,veículo da cidade-polo Divinópolis (Centro-Oeste de Minas)
3114204,Carmo Do Cajuru,MG,portal,Portal MPA,site,https://www.sistemampa.com.br,https://www.sistemampa.com.br/,2026-10-08,veículo da cidade-polo Divinópolis (Centro-Oeste de Minas)
3114204,Carmo Do Cajuru,MG,portal,Portal MPA,telegram_canal,https://t.me/portalmpa,https://www.sistemampa.com.br/,2026-10-08,veículo da cidade-polo Divinópolis (Centro-Oeste de Minas)
3114204,Carmo Do Cajuru,MG,portal,Portal MPA,youtube,https://www.youtube.com/@estudiosMPA,https://www.sistemampa.com.br/,2026-10-08,veículo da cidade-polo Divinópolis (Centro-Oeste de Minas)
3114204,Carmo Do Cajuru,MG,prefeitura,Prefeitura de Carmo Do Cajuru,facebook,https://facebook.com/euamocajuru,https://www.carmodocajuru.mg.gov.br,2026-10-08,
3114204,Carmo Do Cajuru,MG,prefeitura,Prefeitura de Carmo Do Cajuru,instagram,https://instagram.com/prefscajuru,https://www.carmodocajuru.mg.gov.br,2026-10-08,
3114204,Carmo Do Cajuru,MG,prefeitura,Prefeitura de Carmo Do Cajuru,site,https://www.carmodocajuru.mg.gov.br,varredura de domínio,2026-10-08,
3114204,Carmo Do Cajuru,MG,radio,"Rádio 94 Live 94,7",facebook,https://www.facebook.com/radio94,https://www.94live.com.br/,2026-10-08,veículo da cidade-polo Divinópolis
3114204,Carmo Do Cajuru,MG,radio,"Rádio 94 Live 94,7",instagram,https://www.instagram.com/radio94fm,https://www.94live.com.br/,2026-10-08,veículo da cidade-polo Divinópolis
3114204,Carmo Do Cajuru,MG,radio,"Rádio 94 Live 94,7",site,https://www.94live.com.br,https://tudoradio.com/radios/estado/MG,2026-10-08,veículo da cidade-polo Divinópolis
3114204,Carmo Do Cajuru,MG,radio,"Rádio 94 Live 94,7",tiktok,https://www.tiktok.com/@radio94live,https://www.94live.com.br/,2026-10-08,veículo da cidade-polo Divinópolis
3114204,Carmo Do Cajuru,MG,radio,"Rádio 94 Live 94,7",youtube,https://www.youtube.com/channel/UCprBGkklBnMz0Icf8TL46MQ,https://www.94live.com.br/,2026-10-08,veículo da cidade-polo Divinópolis
3114501,Carmópolis De Minas,MG,camara,Câmara Municipal de Carmópolis De Minas,site,https://www.carmopolisdeminas.mg.leg.br,varredura de domínio,2026-10-08,
3114501,Carmópolis De Minas,MG,portal,Portal MPA,facebook,https://www.facebook.com/portalmpa,https://www.sistemampa.com.br/,2026-10-08,portal regional do Centro-Oeste de Minas (Divinópolis)
3114501,Carmópolis De Minas,MG,portal,Portal MPA,instagram,https://www.instagram.com/portalmpa,https://www.sistemampa.com.br/,2026-10-08,portal regional do Centro-Oeste de Minas (Divinópolis)
3114501,Carmópolis De Minas,MG,portal,Portal MPA,site,https://www.sistemampa.com.br,https://www.sistemampa.com.br/,2026-10-08,portal regional do Centro-Oeste de Minas (Divinópolis)
3114501,Carmópolis De Minas,MG,portal,Portal MPA,telegram_canal,https://t.me/portalmpa,https://www.sistemampa.com.br/,2026-10-08,portal regional do Centro-Oeste de Minas (Divinópolis)
3114501,Carmópolis De Minas,MG,portal,Portal MPA,youtube,https://www.youtube.com/@estudiosMPA,https://www.sistemampa.com.br/,2026-10-08,portal regional do Centro-Oeste de Minas (Divinópolis)
3114501,Carmópolis De Minas,MG,prefeitura,Prefeitura de Carmópolis De Minas,site,https://carmopolisdeminas.atende.net,varredura de domínio,2026-10-08,
3114501,Carmópolis De Minas,MG,radio,"Nossa FM 96,3",site,https://www.nossafm.com,https://tudoradio.com/radios/estado/MG,2026-10-08,veículo de Oliveira (polo vizinho); sem perfis no site
3115300,Cataguases,MG,camara,Câmara Municipal de Cataguases,facebook,https://facebook.com/CamaraCataguases,https://www.cataguases.mg.leg.br,2026-10-08,
3115300,Cataguases,MG,camara,Câmara Municipal de Cataguases,instagram,https://instagram.com/cataguasescamara,https://www.cataguases.mg.leg.br,2026-10-08,
3115300,Cataguases,MG,camara,Câmara Municipal de Cataguases,site,https://www.cataguases.mg.leg.br,varredura de domínio,2026-10-08,
3115300,Cataguases,MG,camara,Câmara Municipal de Cataguases,youtube,https://youtube.com/@camaramunicipaldecataguases,https://www.cataguases.mg.leg.br,2026-10-08,
3115300,Cataguases,MG,jornal,Jornal Cataguases,site,https://www.jornalcataguases.com.br,https://www.jornalcataguases.com.br,2026-10-08,domínio verificado; sem perfis no site
3115300,Cataguases,MG,prefeitura,Prefeitura de Cataguases,facebook,https://facebook.com/cataguasesprefeitura,https://www.cataguases.mg.gov.br,2026-10-08,
3115300,Cataguases,MG,prefeitura,Prefeitura de Cataguases,instagram,https://instagram.com/cataguasesprefeitura,https://www.cataguases.mg.gov.br,2026-10-08,
3115300,Cataguases,MG,prefeitura,Prefeitura de Cataguases,site,https://www.cataguases.mg.gov.br,varredura de domínio,2026-10-08,
3115300,Cataguases,MG,radio,"Band FM Cataguases 93,9",site,https://bandfmcataguases.com,https://tudoradio.com/radios/estado/MG,2026-10-08,sem perfis no site
3115300,Cataguases,MG,radio,"Multisom Hits 89,5",facebook,https://www.facebook.com/multisomhits895,https://multisomhits.com/,2026-10-08,
3115300,Cataguases,MG,radio,"Multisom Hits 89,5",instagram,https://www.instagram.com/multisomhits,https://multisomhits.com/,2026-10-08,
3115300,Cataguases,MG,radio,"Multisom Hits 89,5",site,https://multisomhits.com,https://tudoradio.com/radios/estado/MG,2026-10-08,
3115300,Cataguases,MG,radio,"Rádio Melodia 106,9 FM",facebook,https://www.facebook.com/radiomelodiacataguases,https://www.fmmelodia.com.br/,2026-10-08,
3115300,Cataguases,MG,radio,"Rádio Melodia 106,9 FM",instagram,https://www.instagram.com/melodiafmcataguases,https://www.fmmelodia.com.br/,2026-10-08,
3115300,Cataguases,MG,radio,"Rádio Melodia 106,9 FM",site,https://www.fmmelodia.com.br,https://tudoradio.com/radios/estado/MG,2026-10-08,
3117306,Conceição Das Alagoas,MG,prefeitura,Prefeitura de Conceição Das Alagoas,facebook,https://facebook.com/prefeituraconceicao,https://www.conceicaodasalagoas.mg.gov.br,2026-10-08,
3117306,Conceição Das Alagoas,MG,prefeitura,Prefeitura de Conceição Das Alagoas,instagram,https://instagram.com/prefconceicaoalagoas,https://www.conceicaodasalagoas.mg.gov.br,2026-10-08,
3117306,Conceição Das Alagoas,MG,prefeitura,Prefeitura de Conceição Das Alagoas,site,https://www.conceicaodasalagoas.mg.gov.br,varredura de domínio,2026-10-08,
3117306,Conceição Das Alagoas,MG,radio,"Rádio Sete Colinas 101,7 FM",facebook,https://www.facebook.com/SeteColinasFM,https://www.setecolinas.com.br/,2026-10-08,veículo da cidade-polo Uberaba; nada sediado no município achado
3117306,Conceição Das Alagoas,MG,radio,"Rádio Sete Colinas 101,7 FM",instagram,https://www.instagram.com/SeteColinasFM,https://www.setecolinas.com.br/,2026-10-08,veículo da cidade-polo Uberaba; nada sediado no município achado
3117306,Conceição Das Alagoas,MG,radio,"Rádio Sete Colinas 101,7 FM",site,https://www.setecolinas.com.br,https://tudoradio.com/radios/estado/MG,2026-10-08,veículo da cidade-polo Uberaba; nada sediado no município achado
3121605,Diamantina,MG,camara,Câmara Municipal de Diamantina,facebook,https://facebook.com/camaramunicipaldediamantina,https://cmdiamantina.mg.gov.br,2026-10-08,
3121605,Diamantina,MG,camara,Câmara Municipal de Diamantina,instagram,https://instagram.com/camaramunicipaldediamantina,https://cmdiamantina.mg.gov.br,2026-10-08,
3121605,Diamantina,MG,camara,Câmara Municipal de Diamantina,site,https://cmdiamantina.mg.gov.br,varredura de domínio,2026-10-08,
3121605,Diamantina,MG,prefeitura,Prefeitura de Diamantina,facebook,https://facebook.com/prefeituradiamantinaoficial,https://www.diamantina.mg.gov.br,2026-10-08,
3121605,Diamantina,MG,prefeitura,Prefeitura de Diamantina,instagram,https://instagram.com/prefeituradediamantina,https://www.diamantina.mg.gov.br,2026-10-08,
3121605,Diamantina,MG,prefeitura,Prefeitura de Diamantina,site,https://www.diamantina.mg.gov.br,varredura de domínio,2026-10-08,
3121605,Diamantina,MG,radio,98 FM Diamantina,site,https://www.98fmdiamantina.com.br,https://tudoradio.com/radios/estado/MG,2026-10-08,sem perfis no site
3121605,Diamantina,MG,radio,"Canarinho FM 104,1",facebook,https://www.facebook.com/canarinhofm,https://di.canarinhofm.com/,2026-10-08,
3121605,Diamantina,MG,radio,"Canarinho FM 104,1",site,https://di.canarinhofm.com,https://tudoradio.com/radios/estado/MG,2026-10-08,
3121605,Diamantina,MG,radio,"Mundo Mix FM 97,5",site,https://mundomixfm.com.br,https://tudoradio.com/radios/estado/MG,2026-10-08,sem perfis no site
3123007,Dores De Campos,MG,camara,Câmara Municipal de Dores De Campos,site,https://www.doresdecampos.mg.leg.br,varredura de domínio,2026-10-08,
3123007,Dores De Campos,MG,portal,Portal Dores de Campos,facebook,https://www.facebook.com/portaldc24horas,https://www.portaldoresdecampos.com/,2026-10-08,
3123007,Dores De Campos,MG,portal,Portal Dores de Campos,instagram,https://www.instagram.com/portaldoresdecampos,https://www.portaldoresdecampos.com/,2026-10-08,
3123007,Dores De Campos,MG,portal,Portal Dores de Campos,site,https://www.portaldoresdecampos.com,https://pt.wikipedia.org/wiki/Dores_de_Campos,2026-10-08,
3123007,Dores De Campos,MG,prefeitura,Prefeitura Municipal de Dores de Campos,site,https://www.doresdecampos.mg.gov.br,https://www.doresdecampos.mg.gov.br/,2026-10-08,"domínio responde HTTP 403 a acesso de fora do Brasil; perfis não extraídos; Wikidata (Q1790636) indica doresdecampos.com, que não respondeu"
3123007,Dores De Campos,MG,radio,"Rádio Atrativa 94,3 FM",site,https://www.atrativafm.com,https://tudoradio.com/radios/estado/MG,2026-10-08,sem perfis no site
3129509,Ibiá,MG,camara,Câmara Municipal de Ibiá,facebook,https://facebook.com/CamaradeIbia,https://www.ibia.mg.leg.br,2026-10-08,
3129509,Ibiá,MG,camara,Câmara Municipal de Ibiá,site,https://www.ibia.mg.leg.br,varredura de domínio,2026-10-08,
3129509,Ibiá,MG,camara,Câmara Municipal de Ibiá,youtube,https://youtube.com/@camaramunicipaldeibia839,https://www.ibia.mg.leg.br,2026-10-08,
3129509,Ibiá,MG,prefeitura,Prefeitura de Ibiá,facebook,https://facebook.com/prefeituradeibia,https://www.ibia.mg.gov.br,2026-10-08,
3129509,Ibiá,MG,prefeitura,Prefeitura de Ibiá,instagram,https://instagram.com/prefeituradeibia,https://www.ibia.mg.gov.br,2026-10-08,
3129509,Ibiá,MG,prefeitura,Prefeitura de Ibiá,site,https://www.ibia.mg.gov.br,varredura de domínio,2026-10-08,
3129509,Ibiá,MG,radio,"Rádio Cidade Araxá 94,5",instagram,https://www.instagram.com/radiocidade945,https://radiocidadearaxa.com.br/,2026-10-08,veículo da cidade-polo Araxá
3129509,Ibiá,MG,radio,"Rádio Cidade Araxá 94,5",site,https://radiocidadearaxa.com.br,https://tudoradio.com/radios/estado/MG,2026-10-08,veículo da cidade-polo Araxá
3129509,Ibiá,MG,radio,"Rádio Cidade Araxá 94,5",youtube,https://www.youtube.com/@tvradiocidade,https://radiocidadearaxa.com.br/,2026-10-08,veículo da cidade-polo Araxá
3129509,Ibiá,MG,radio,"Rádio Imbiara 91,5 FM",facebook,https://www.facebook.com/grupoimbiara,https://www.radioimbiara.com.br/,2026-10-08,veículo da cidade-polo Araxá
3129509,Ibiá,MG,radio,"Rádio Imbiara 91,5 FM",instagram,https://www.instagram.com/imbiarafm,https://www.radioimbiara.com.br/,2026-10-08,veículo da cidade-polo Araxá
3129509,Ibiá,MG,radio,"Rádio Imbiara 91,5 FM",site,https://www.radioimbiara.com.br,https://tudoradio.com/radios/estado/MG,2026-10-08,veículo da cidade-polo Araxá
3131901,Itabirito,MG,camara,Câmara Municipal de Itabirito,facebook,https://facebook.com/camaraitabirito,https://www.itabirito.mg.leg.br,2026-10-08,
3131901,Itabirito,MG,camara,Câmara Municipal de Itabirito,instagram,https://instagram.com/camaraitabirito,https://www.itabirito.mg.leg.br,2026-10-08,
3131901,Itabirito,MG,camara,Câmara Municipal de Itabirito,site,https://www.itabirito.mg.leg.br,varredura de domínio,2026-10-08,
3131901,Itabirito,MG,jornal,Jornal O Liberal,site,https://www.jornaloliberal.net,https://www.jornaloliberal.net/,2026-10-08,"jornal regional de Ouro Preto, Mariana e Itabirito; sem perfis no site"
3131901,Itabirito,MG,prefeitura,Prefeitura Municipal de Itabirito,site,https://www.itabirito.mg.gov.br,https://www.wikidata.org/wiki/Q527003,2026-10-08,site oficial segundo Wikidata (P856); domínio responde HTTP 403 a acesso de fora do Brasil; perfis não extraídos
3131901,Itabirito,MG,radio,"Massa FM 88,3 Itabirito",site,https://massafm.com.br,https://tudoradio.com/radios/estado/MG,2026-10-08,afiliada de rede; site é o da rede Massa FM
3133501,Itapecerica,MG,camara,Câmara Municipal de Itapecerica,site,https://www.camaraitapecerica.mg.gov.br,https://www.camaraitapecerica.mg.gov.br/,2026-10-08,domínio responde HTTP 403 a acesso de fora do Brasil; perfis não extraídos
3133501,Itapecerica,MG,prefeitura,Prefeitura Municipal de Itapecerica,site,https://www.itapecerica.mg.gov.br,https://www.wikidata.org/wiki/Q509584,2026-10-08,site oficial segundo Wikidata (P856); domínio responde HTTP 403 a acesso de fora do Brasil; perfis não extraídos
3133501,Itapecerica,MG,radio,"Rádio ITA 98,7 FM",facebook,https://www.facebook.com/radioITA987FM,https://radioita.com.br/,2026-10-08,
3133501,Itapecerica,MG,radio,"Rádio ITA 98,7 FM",instagram,https://www.instagram.com/radioitafm,https://radioita.com.br/,2026-10-08,
3133501,Itapecerica,MG,radio,"Rádio ITA 98,7 FM",site,https://radioita.com.br,https://tudoradio.com/radios/estado/MG,2026-10-08,
3133501,Itapecerica,MG,radio,Rádio Liberdade AM 1580,site,https://radioliberdadeam1580.webradiosite.com,https://tudoradio.com/radios/estado/MG,2026-10-08,site listado no tudoradio; não verificado
3134400,Iturama,MG,camara,Câmara Municipal de Iturama,facebook,https://facebook.com/camara.iturama,https://www.iturama.mg.leg.br,2026-10-08,
3134400,Iturama,MG,camara,Câmara Municipal de Iturama,instagram,https://instagram.com/camaraiturama,https://www.iturama.mg.leg.br,2026-10-08,
3134400,Iturama,MG,camara,Câmara Municipal de Iturama,site,https://www.iturama.mg.leg.br,varredura de domínio,2026-10-08,
3134400,Iturama,MG,camara,Câmara Municipal de Iturama,youtube,https://youtube.com/@CamaraMunicipaldeIturama,https://www.iturama.mg.leg.br,2026-10-08,
3134400,Iturama,MG,prefeitura,Prefeitura Municipal de Iturama,site,https://www.iturama.mg.gov.br,https://www.wikidata.org/wiki/Q1780277,2026-10-08,site oficial segundo Wikidata (P856); domínio responde HTTP 403 a acesso de fora do Brasil; perfis não extraídos
3134400,Iturama,MG,radio,"Clube FM 100,9",site,https://www.fmclube.com.br,https://tudoradio.com/radios/estado/MG,2026-10-08,site listado no tudoradio; conexão recusada no teste
3134400,Iturama,MG,radio,Rádio 97 FM,site,https://radio97fm.com.br,https://tudoradio.com/radios/estado/MG,2026-10-08,sem perfis no site
3135209,Januária,MG,camara,Câmara Municipal de Januária,site,https://www.januaria.mg.leg.br,varredura de domínio,2026-10-08,
3135209,Januária,MG,prefeitura,Prefeitura de Januária,facebook,https://facebook.com/prefeituradejanuaria,https://www.januaria.mg.gov.br,2026-10-08,
3135209,Januária,MG,prefeitura,Prefeitura de Januária,instagram,https://instagram.com/prefeitura_januaria,https://www.januaria.mg.gov.br,2026-10-08,
3135209,Januária,MG,prefeitura,Prefeitura de Januária,site,https://www.januaria.mg.gov.br,varredura de domínio,2026-10-08,
3135209,Januária,MG,radio,"Alternativa FM 90,7",facebook,https://www.facebook.com/alternativafmjanuaria,https://alternativafm.com/site/,2026-10-08,
3135209,Januária,MG,radio,"Alternativa FM 90,7",instagram,https://www.instagram.com/alternativafm90.7,https://alternativafm.com/site/,2026-10-08,
3135209,Januária,MG,radio,"Alternativa FM 90,7",site,https://alternativafm.com/site,https://tudoradio.com/radios/estado/MG,2026-10-08,
3135209,Januária,MG,radio,"Alternativa FM 90,7",youtube,https://www.youtube.com/user/sitealternativafm,https://alternativafm.com/site/,2026-10-08,
3135209,Januária,MG,radio,"Rádio Voz News 100,9",site,https://www.radiovozmg.com,https://tudoradio.com/radios/estado/MG,2026-10-08,sem perfis no site
3135308,Japaraíba,MG,camara,Câmara Municipal de Japaraíba,site,https://www.japaraiba.mg.leg.br,varredura de domínio,2026-10-08,
3135308,Japaraíba,MG,portal,Portal MPA,facebook,https://www.facebook.com/portalmpa,https://www.sistemampa.com.br/,2026-10-08,portal regional do Centro-Oeste de Minas (Divinópolis)
3135308,Japaraíba,MG,portal,Portal MPA,instagram,https://www.instagram.com/portalmpa,https://www.sistemampa.com.br/,2026-10-08,portal regional do Centro-Oeste de Minas (Divinópolis)
3135308,Japaraíba,MG,portal,Portal MPA,site,https://www.sistemampa.com.br,https://www.sistemampa.com.br/,2026-10-08,portal regional do Centro-Oeste de Minas (Divinópolis)
3135308,Japaraíba,MG,portal,Portal MPA,telegram_canal,https://t.me/portalmpa,https://www.sistemampa.com.br/,2026-10-08,portal regional do Centro-Oeste de Minas (Divinópolis)
3135308,Japaraíba,MG,portal,Portal MPA,youtube,https://www.youtube.com/@estudiosMPA,https://www.sistemampa.com.br/,2026-10-08,portal regional do Centro-Oeste de Minas (Divinópolis)
3135308,Japaraíba,MG,prefeitura,Prefeitura de Japaraíba,facebook,https://facebook.com/prefeiturajaparaiba,https://www.japaraiba.mg.gov.br,2026-10-08,
3135308,Japaraíba,MG,prefeitura,Prefeitura de Japaraíba,instagram,https://instagram.com/prefeituradejaparaiba,https://www.japaraiba.mg.gov.br,2026-10-08,
3135308,Japaraíba,MG,prefeitura,Prefeitura de Japaraíba,site,https://www.japaraiba.mg.gov.br,varredura de domínio,2026-10-08,
3135308,Japaraíba,MG,prefeitura,Prefeitura de Japaraíba,youtube,https://youtube.com/@PrefeituradeJapara,https://www.japaraiba.mg.gov.br,2026-10-08,
3135308,Japaraíba,MG,radio,"Rádio Veredas FM 88,5",facebook,https://www.facebook.com/veredasfm,http://www.radioveredasfm.com.br,2026-10-08,veículo de Lagoa da Prata (polo vizinho); nada sediado no município achado
3135308,Japaraíba,MG,radio,"Rádio Veredas FM 88,5",instagram,https://www.instagram.com/radioveredasfm,http://www.radioveredasfm.com.br,2026-10-08,veículo de Lagoa da Prata (polo vizinho); nada sediado no município achado
3135308,Japaraíba,MG,radio,"Rádio Veredas FM 88,5",site,https://www.radioveredasfm.com.br,https://tudoradio.com/radios/estado/MG,2026-10-08,veículo de Lagoa da Prata (polo vizinho); nada sediado no município achado
3135308,Japaraíba,MG,radio,"Rádio Veredas FM 88,5",youtube,https://www.youtube.com/channel/UCR10ipv5u4rnhT9HYxG9QoQ,http://www.radioveredasfm.com.br,2026-10-08,veículo de Lagoa da Prata (polo vizinho); nada sediado no município achado
3135050,Jaíba,MG,camara,Câmara Municipal de Jaíba,site,https://jaiba.mg.leg.br,https://jaiba.mg.leg.br,2026-10-08,página do sistema legislativo; sem perfis
3135050,Jaíba,MG,prefeitura,Prefeitura de Jaíba,facebook,https://facebook.com/prefeituradejaiba,https://www.jaiba.mg.gov.br,2026-10-08,
3135050,Jaíba,MG,prefeitura,Prefeitura de Jaíba,instagram,https://instagram.com/prefeiturajaiba,https://www.jaiba.mg.gov.br,2026-10-08,
3135050,Jaíba,MG,prefeitura,Prefeitura de Jaíba,instagram,https://instagram.com/prefeiturajaibaoficial,https://www.jaiba.mg.gov.br,2026-10-08,
3135050,Jaíba,MG,prefeitura,Prefeitura de Jaíba,site,https://www.jaiba.mg.gov.br,varredura de domínio,2026-10-08,
3135050,Jaíba,MG,radio,Rádio Gorutubana AM 1380,instagram,https://www.instagram.com/radiogorutubana,https://radiogorutubana.com.br/,2026-10-08,veículo da cidade-polo Janaúba
3135050,Jaíba,MG,radio,Rádio Gorutubana AM 1380,site,https://radiogorutubana.com.br,https://tudoradio.com/radios/estado/MG,2026-10-08,veículo da cidade-polo Janaúba
3135050,Jaíba,MG,radio,"Rádio Onda Norte FM 103,9",site,https://www.radioondanortefm.com.br,https://tudoradio.com/radios/estado/MG,2026-10-08,veículo da cidade-polo Janaúba; sem perfis no site
3137403,Lagoa Dourada,MG,camara,Câmara Municipal de Lagoa Dourada,site,https://www.lagoadourada.mg.leg.br,varredura de domínio,2026-10-08,
3137403,Lagoa Dourada,MG,jornal,Jornal das Lajes,facebook,https://www.facebook.com/jornaldaslajes,https://jornaldaslajes.com.br,2026-10-08,jornal de Resende Costa (vizinha)
3137403,Lagoa Dourada,MG,jornal,Jornal das Lajes,instagram,https://www.instagram.com/jornaldaslajes,https://jornaldaslajes.com.br,2026-10-08,jornal de Resende Costa (vizinha)
3137403,Lagoa Dourada,MG,jornal,Jornal das Lajes,site,https://jornaldaslajes.com.br,https://jornaldaslajes.com.br,2026-10-08,jornal de Resende Costa (vizinha)
3137403,Lagoa Dourada,MG,prefeitura,Prefeitura Municipal de Lagoa Dourada,site,https://www.lagoadourada.mg.gov.br,https://www.wikidata.org/wiki/Q1790717,2026-10-08,site oficial segundo Wikidata (P856); domínio responde HTTP 403 a acesso de fora do Brasil; perfis não extraídos
3137403,Lagoa Dourada,MG,radio,"Rádio Campos de Minas 95,3",facebook,https://www.facebook.com/radioetvcamposdeminas,https://www.radiocamposdeminas.com.br/,2026-10-08,veículo da cidade-polo São João del-Rei
3137403,Lagoa Dourada,MG,radio,"Rádio Campos de Minas 95,3",instagram,https://www.instagram.com/jornalismocamposdeminas,https://www.radiocamposdeminas.com.br/,2026-10-08,veículo da cidade-polo São João del-Rei
3137403,Lagoa Dourada,MG,radio,"Rádio Campos de Minas 95,3",site,https://www.radiocamposdeminas.com.br,https://tudoradio.com/radios/estado/MG,2026-10-08,veículo da cidade-polo São João del-Rei
3137403,Lagoa Dourada,MG,radio,"Rádio Vertentes FM 98,1",facebook,https://www.facebook.com/Radiovertentesfm98,https://vertentes.fm.br/,2026-10-08,veículo da cidade-polo São João del-Rei
3137403,Lagoa Dourada,MG,radio,"Rádio Vertentes FM 98,1",instagram,https://www.instagram.com/vertentesfm98,https://vertentes.fm.br/,2026-10-08,veículo da cidade-polo São João del-Rei
3137403,Lagoa Dourada,MG,radio,"Rádio Vertentes FM 98,1",site,https://vertentes.fm.br,https://tudoradio.com/radios/estado/MG,2026-10-08,veículo da cidade-polo São João del-Rei
3138401,Leopoldina,MG,camara,Câmara Municipal de Leopoldina,site,https://www.leopoldina.mg.leg.br,varredura de domínio,2026-10-08,
3138401,Leopoldina,MG,jornal,Jornal Leopoldinense,facebook,https://www.facebook.com/JornalLeopoldinense,https://leopoldinense.com.br/,2026-10-08,
3138401,Leopoldina,MG,jornal,Jornal Leopoldinense,site,https://leopoldinense.com.br,https://leopoldinense.com.br/,2026-10-08,
3138401,Leopoldina,MG,prefeitura,Prefeitura Municipal de Leopoldina,site,https://www.leopoldina.mg.gov.br,https://www.wikidata.org/wiki/Q1805359,2026-10-08,site oficial segundo Wikidata (P856); de fora do Brasil redireciona para google.com (a lista trazia google.com por isso)
3138401,Leopoldina,MG,radio,"Princesa FM 104,9",instagram,https://www.instagram.com/radioprincesafmleopoldina,https://princesafm.com/,2026-10-08,
3138401,Leopoldina,MG,radio,"Princesa FM 104,9",site,https://princesafm.com,https://tudoradio.com/radios/estado/MG,2026-10-08,
3138401,Leopoldina,MG,radio,"Princesa FM 104,9",youtube,https://www.youtube.com/@Princesafmleopoldina,https://princesafm.com/,2026-10-08,
3138401,Leopoldina,MG,radio,"Rádio Tipuana FM 93,1",site,https://tipuanafm.com.br,https://tudoradio.com/radios/estado/MG,2026-10-08,sem perfis no site
3140001,Mariana,MG,camara,Câmara Municipal de Mariana,facebook,https://www.facebook.com/CamaradeMariana,https://www.camarademariana.mg.gov.br,2026-10-08,perfis pessoais de vereadores no site foram omitidos
3140001,Mariana,MG,camara,Câmara Municipal de Mariana,instagram,https://www.instagram.com/camarademariana,https://www.camarademariana.mg.gov.br,2026-10-08,perfis pessoais de vereadores no site foram omitidos
3140001,Mariana,MG,camara,Câmara Municipal de Mariana,site,https://www.camarademariana.mg.gov.br,https://www.camarademariana.mg.gov.br,2026-10-08,perfis pessoais de vereadores no site foram omitidos
3140001,Mariana,MG,camara,Câmara Municipal de Mariana,youtube,https://www.youtube.com/@cmmariana,https://www.camarademariana.mg.gov.br,2026-10-08,perfis pessoais de vereadores no site foram omitidos
3140001,Mariana,MG,jornal,Jornal O Liberal,site,https://www.jornaloliberal.net,https://www.jornaloliberal.net/,2026-10-08,"jornal regional de Ouro Preto, Mariana e Itabirito; sem perfis no site"
3140001,Mariana,MG,prefeitura,Prefeitura de Mariana,facebook,https://facebook.com/prefmariana,https://www.mariana.mg.gov.br,2026-10-08,
3140001,Mariana,MG,prefeitura,Prefeitura de Mariana,instagram,https://instagram.com/prefmariana,https://www.mariana.mg.gov.br,2026-10-08,
3140001,Mariana,MG,prefeitura,Prefeitura de Mariana,instagram,https://instagram.com/visitmariana,https://www.mariana.mg.gov.br,2026-10-08,
3140001,Mariana,MG,prefeitura,Prefeitura de Mariana,site,https://www.mariana.mg.gov.br,varredura de domínio,2026-10-08,
3140001,Mariana,MG,prefeitura,Prefeitura de Mariana,tiktok,https://tiktok.com/@prefeituramariana,https://www.mariana.mg.gov.br,2026-10-08,
3140001,Mariana,MG,radio,"Rádio Mariana FM 93,5",site,https://www.radiomariana.com.br,https://tudoradio.com/radios/estado/MG,2026-10-08,sem perfis no site
3140001,Mariana,MG,radio,"Rádio UFOP 97,7 (Mariana) / 106,3 (Ouro Preto)",facebook,https://www.facebook.com/RadioUFOP,https://radio.ufop.br/,2026-10-08,rádio universitária
3140001,Mariana,MG,radio,"Rádio UFOP 97,7 (Mariana) / 106,3 (Ouro Preto)",instagram,https://www.instagram.com/radioufop,https://radio.ufop.br/,2026-10-08,rádio universitária
3140001,Mariana,MG,radio,"Rádio UFOP 97,7 (Mariana) / 106,3 (Ouro Preto)",site,https://radio.ufop.br,https://tudoradio.com/radios/estado/MG,2026-10-08,rádio universitária
3140001,Mariana,MG,radio,"Rádio UFOP 97,7 (Mariana) / 106,3 (Ouro Preto)",youtube,https://www.youtube.com/channel/UCe5VVKwafdnru2hMaxOaMYQ,https://radio.ufop.br/,2026-10-08,rádio universitária
3141801,Minas Novas,MG,camara,Câmara Municipal de Minas Novas,instagram,https://instagram.com/camaramunicipal_minasnovas,https://www.minasnovas.mg.leg.br,2026-10-08,
3141801,Minas Novas,MG,camara,Câmara Municipal de Minas Novas,site,https://www.minasnovas.mg.leg.br,varredura de domínio,2026-10-08,
3141801,Minas Novas,MG,camara,Câmara Municipal de Minas Novas,whatsapp_atendimento,https://wa.me/553337641216,https://www.minasnovas.mg.leg.br,2026-10-08,"número de atendimento publicado no site oficial; uso: atendimento ao cidadão, não é canal de comunicação política"
3141801,Minas Novas,MG,camara,Câmara Municipal de Minas Novas,youtube,https://youtube.com/@camaramunicipaldeminasnovasmg,https://www.minasnovas.mg.leg.br,2026-10-08,
3141801,Minas Novas,MG,prefeitura,Prefeitura de Minas Novas,facebook,https://facebook.com/prefeituraminasnovas,https://www.minasnovas.mg.gov.br,2026-10-08,
3141801,Minas Novas,MG,prefeitura,Prefeitura de Minas Novas,instagram,https://instagram.com/prefeituraminasnovas,https://www.minasnovas.mg.gov.br,2026-10-08,
3141801,Minas Novas,MG,prefeitura,Prefeitura de Minas Novas,site,https://www.minasnovas.mg.gov.br,varredura de domínio,2026-10-08,
3141801,Minas Novas,MG,radio,"Rádio Aranãs 105,3 FM",facebook,https://www.facebook.com/radioaranas,https://aranasfm.com.br/,2026-10-08,veículo de Capelinha (polo vizinho)
3141801,Minas Novas,MG,radio,"Rádio Aranãs 105,3 FM",instagram,https://www.instagram.com/radioaranas,https://aranasfm.com.br/,2026-10-08,veículo de Capelinha (polo vizinho)
3141801,Minas Novas,MG,radio,"Rádio Aranãs 105,3 FM",site,https://aranasfm.com.br,https://tudoradio.com/radios/estado/MG,2026-10-08,veículo de Capelinha (polo vizinho)
3141801,Minas Novas,MG,radio,"Rádio Bom Sucesso 95,5 FM",site,https://www.bomsucessofm.com.br,https://tudoradio.com/radios/estado/MG,2026-10-08,site listado no tudoradio; domínio não resolve (fora do ar)
3142809,Monte Alegre de Minas,MG,camara,Câmara Municipal de Monte Alegre de Minas,site,https://montealegredeminas.cam.mg.gov.br,https://montealegredeminas.cam.mg.gov.br,2026-10-08,sem perfis no site
3142809,Monte Alegre de Minas,MG,prefeitura,Prefeitura Municipal de Monte Alegre de Minas,site,https://www.montealegre.mg.gov.br,https://www.wikidata.org/wiki/Q1789748,2026-10-08,site oficial segundo Wikidata (P856); não respondeu no teste
3142809,Monte Alegre de Minas,MG,radio,"Cowboy FM 107,9",site,https://www.cowboyfm.com.br/home.html,https://tudoradio.com/radios/estado/MG,2026-10-08,"sem perfis no site (só WhatsApp de atendimento, omitido)"
3143005,Monte Belo,MG,camara,Câmara Municipal de Monte Belo,facebook,https://facebook.com/camaramontebelo,https://www.camaramontebelo.mg.gov.br,2026-10-08,
3143005,Monte Belo,MG,camara,Câmara Municipal de Monte Belo,site,https://www.camaramontebelo.mg.gov.br,varredura de domínio,2026-10-08,
3143005,Monte Belo,MG,prefeitura,Prefeitura de Monte Belo,facebook,https://facebook.com/pmmontebelomgoficial,https://www.montebelo.mg.gov.br,2026-10-08,
3143005,Monte Belo,MG,prefeitura,Prefeitura de Monte Belo,instagram,https://instagram.com/prefeitura.montebelomg.oficial,https://www.montebelo.mg.gov.br,2026-10-08,
3143005,Monte Belo,MG,prefeitura,Prefeitura de Monte Belo,instagram,https://instagram.com/prefeiturademontebelo,https://www.montebelo.mg.gov.br,2026-10-08,
3143005,Monte Belo,MG,prefeitura,Prefeitura de Monte Belo,site,https://www.montebelo.mg.gov.br,varredura de domínio,2026-10-08,
3143005,Monte Belo,MG,radio,"Montana FM 107,9",site,https://www.montanafm.com.br,https://tudoradio.com/radios/estado/MG,2026-10-08,site listado no tudoradio; domínio não resolve (fora do ar); nenhum outro veículo achado
3143104,Monte Carmelo,MG,camara,Câmara Municipal de Monte Carmelo,facebook,https://facebook.com/camaramunicipal.demontecarmelo,https://www.camaramontecarmelo.mg.gov.br,2026-10-08,
3143104,Monte Carmelo,MG,camara,Câmara Municipal de Monte Carmelo,instagram,https://instagram.com/camara.montecarmelo,https://www.camaramontecarmelo.mg.gov.br,2026-10-08,
3143104,Monte Carmelo,MG,camara,Câmara Municipal de Monte Carmelo,site,https://www.camaramontecarmelo.mg.gov.br,varredura de domínio,2026-10-08,
3143104,Monte Carmelo,MG,outro,Notícias do Triângulo,whatsapp_canal,https://whatsapp.com/channel/0029Va9MGFr5PO13TnMFpf0I,https://whatsapp.com/channel/0029Va9MGFr5PO13TnMFpf0I,2026-10-08,"canal regional (Triângulo/Alto Paranaíba) que cita o município na descrição; ~378 seguidores; canal confirmado: ""Notícias do Triângulo"""
3143104,Monte Carmelo,MG,prefeitura,Prefeitura de Monte Carmelo,instagram,https://instagram.com/prefeiturademontecarmelo,https://www.montecarmelo.mg.gov.br,2026-10-08,
3143104,Monte Carmelo,MG,prefeitura,Prefeitura de Monte Carmelo,site,https://www.montecarmelo.mg.gov.br,varredura de domínio,2026-10-08,
3143104,Monte Carmelo,MG,radio,Interativa FM,facebook,https://www.facebook.com/interativafmmc,https://interativaonline.com.br/,2026-10-08,
3143104,Monte Carmelo,MG,radio,Interativa FM,site,https://interativaonline.com.br,https://tudoradio.com/radios/estado/MG,2026-10-08,
3143104,Monte Carmelo,MG,radio,"Rádio Monte FM 96,7",facebook,https://www.facebook.com/montefm.oficial,https://www.montefm.com.br/,2026-10-08,
3143104,Monte Carmelo,MG,radio,"Rádio Monte FM 96,7",instagram,https://www.instagram.com/radiomontefm,https://www.montefm.com.br/,2026-10-08,
3143104,Monte Carmelo,MG,radio,"Rádio Monte FM 96,7",site,https://www.montefm.com.br,https://tudoradio.com/radios/estado/MG,2026-10-08,
3143104,Monte Carmelo,MG,radio,"Rádio Monte FM 96,7",youtube,https://www.youtube.com/@montefmaradiolegal4462,https://www.montefm.com.br/,2026-10-08,
3143104,Monte Carmelo,MG,radio,"Uai FM 87,9",facebook,https://www.facebook.com/uaifm,https://www.uaifm.com.br/,2026-10-08,
3143104,Monte Carmelo,MG,radio,"Uai FM 87,9",instagram,https://www.instagram.com/radiouai,https://www.uaifm.com.br/,2026-10-08,
3143104,Monte Carmelo,MG,radio,"Uai FM 87,9",site,https://www.uaifm.com.br,https://tudoradio.com/radios/estado/MG,2026-10-08,
3145000,Nova Ponte,MG,prefeitura,Prefeitura de Nova Ponte,site,https://www.novaponte.mg.gov.br,varredura de domínio,2026-10-08,
3145307,Novo Cruzeiro,MG,camara,Câmara Municipal de Novo Cruzeiro,site,https://www.camaranovocruzeiro.mg.gov.br,https://www.camaranovocruzeiro.mg.gov.br/,2026-10-08,domínio responde HTTP 403 a acesso de fora do Brasil; perfis não extraídos
3145307,Novo Cruzeiro,MG,prefeitura,Prefeitura de Novo Cruzeiro,instagram,https://instagram.com/prefeituranovocruzeiro,https://www.novocruzeiro.mg.gov.br,2026-10-08,
3145307,Novo Cruzeiro,MG,prefeitura,Prefeitura de Novo Cruzeiro,site,https://www.novocruzeiro.mg.gov.br,varredura de domínio,2026-10-08,
3145307,Novo Cruzeiro,MG,radio,Rádio 98 Teófilo Otoni,site,https://www.radio98to.com.br,https://tudoradio.com/radios/estado/MG,2026-10-08,veículo da cidade-polo Teófilo Otoni; sem perfis no site
3145307,Novo Cruzeiro,MG,radio,"Vale FM 96,7",facebook,https://www.facebook.com/valefm96.7,https://valefmaracuai.com.br/,2026-10-08,veículo de Araçuaí (polo da microrregião); nada sediado no município achado
3145307,Novo Cruzeiro,MG,radio,"Vale FM 96,7",site,https://valefmaracuai.com.br,https://tudoradio.com/radios/estado/MG,2026-10-08,veículo de Araçuaí (polo da microrregião); nada sediado no município achado
3146107,Ouro Preto,MG,camara,Câmara Municipal de Ouro Preto,site,https://www.cmop.mg.gov.br,https://pt.wikipedia.org/wiki/Ouro_Preto,2026-10-08,"site citado na Wikipédia; inacessível ao coletor (timeout/403), perfis não extraídos"
3146107,Ouro Preto,MG,jornal,"Jornal O Liberal (Ouro Preto, Mariana e Itabirito)",site,https://www.jornaloliberal.net,https://www.jornaloliberal.net,2026-10-08,
3146107,Ouro Preto,MG,prefeitura,Prefeitura de Ouro Preto,facebook,https://facebook.com/prefeituraouropreto,https://www.ouropreto.mg.gov.br,2026-10-08,
3146107,Ouro Preto,MG,prefeitura,Prefeitura de Ouro Preto,instagram,https://instagram.com/prefeituraouropreto,https://www.ouropreto.mg.gov.br,2026-10-08,
3146107,Ouro Preto,MG,prefeitura,Prefeitura de Ouro Preto,site,https://www.ouropreto.mg.gov.br,varredura de domínio,2026-10-08,
3146107,Ouro Preto,MG,radio,Rádio Itatiaia Ouro Preto,facebook,https://www.facebook.com/itatiaiaop,https://radios-brasil.com/4174-radio-itatiaia.html,2026-10-08,
3146107,Ouro Preto,MG,radio,Rádio Itatiaia Ouro Preto,instagram,https://www.instagram.com/itatiaiaop,https://radios-brasil.com/4174-radio-itatiaia.html,2026-10-08,
3146107,Ouro Preto,MG,radio,Rádio Itatiaia Ouro Preto,site,https://www.itatiaia.com.br/ouropreto,https://radios-brasil.com/4174-radio-itatiaia.html,2026-10-08,
3146107,Ouro Preto,MG,radio,Rádio Itatiaia Ouro Preto,whatsapp_canal,https://whatsapp.com/channel/0029Va5comADp2QA0xVtNN04,https://www.itatiaia.com.br/ouropreto,2026-10-08,"canal de WhatsApp da rede Itatiaia (não exclusivo de Ouro Preto); canal confirmado: ""ITATIAIA"""
3146107,Ouro Preto,MG,radio,Rádio Itatiaia Ouro Preto,youtube,https://www.youtube.com/@itatiaiaop,https://radios-brasil.com/4174-radio-itatiaia.html,2026-10-08,
3146107,Ouro Preto,MG,radio,"Rádio Real FM 90,1",facebook,https://www.facebook.com/radiorealfmoficial,https://radios-brasil.com/4310-radio-real-fm.html,2026-10-08,
3146107,Ouro Preto,MG,radio,"Rádio Real FM 90,1",instagram,https://www.instagram.com/radiorealfmoficial,https://radios-brasil.com/4310-radio-real-fm.html,2026-10-08,
3146107,Ouro Preto,MG,radio,"Rádio Real FM 90,1",site,https://www.real.fm.br,https://radios-brasil.com/4310-radio-real-fm.html,2026-10-08,
3146107,Ouro Preto,MG,radio,"Rádio Real FM 90,1",tiktok,https://www.tiktok.com/@radiorealfm,https://radios-brasil.com/4310-radio-real-fm.html,2026-10-08,
3146107,Ouro Preto,MG,radio,"Rádio Real FM 90,1",youtube,https://www.youtube.com/channel/UCUs5LpVSlQa-hsR7P96i1Tw,https://radios-brasil.com/4310-radio-real-fm.html,2026-10-08,
3146107,Ouro Preto,MG,radio,Rádio UFOP FM,facebook,https://www.facebook.com/RadioUFOP,https://radio.ufop.br/,2026-10-08,
3146107,Ouro Preto,MG,radio,Rádio UFOP FM,instagram,https://www.instagram.com/radioufop,https://radio.ufop.br/,2026-10-08,
3146107,Ouro Preto,MG,radio,Rádio UFOP FM,site,https://radio.ufop.br,https://radio.ufop.br/,2026-10-08,
3146107,Ouro Preto,MG,radio,Rádio UFOP FM,youtube,https://www.youtube.com/channel/UCe5VVKwafdnru2hMaxOaMYQ,https://radio.ufop.br/,2026-10-08,
3146909,Papagaios,MG,camara,Câmara Municipal de Papagaios,site,https://camarapapagaios.mg.gov.br,https://pt.wikipedia.org/wiki/Papagaios,2026-10-08,"site citado na Wikipédia; inacessível ao coletor (timeout/403), perfis não extraídos"
3146909,Papagaios,MG,prefeitura,Prefeitura de Papagaios,site,https://www.papagaios.mg.gov.br,https://pt.wikipedia.org/wiki/Papagaios,2026-10-08,"site citado na Wikipédia; retorna 403 ao coletor, perfis não extraídos"
3146909,Papagaios,MG,radio,"Amigos FM 90,5",facebook,https://www.facebook.com/amigosfm905,https://radios-brasil.com/75142-amigos-fm-905.html,2026-10-08,
3146909,Papagaios,MG,radio,"Amigos FM 90,5",instagram,https://www.instagram.com/amigosfmpapagaios,https://radios-brasil.com/75142-amigos-fm-905.html,2026-10-08,
3146909,Papagaios,MG,radio,"Amigos FM 90,5",site,https://www.amigosfmpapagaios.com.br,https://radios-brasil.com/75142-amigos-fm-905.html,2026-10-08,
3146909,Papagaios,MG,radio,Rádio Studio FM 87,facebook,https://www.facebook.com/studiofm.frequenciadosucesso,https://radios-brasil.com/102555-radio-studio-fm-papagaios.html,2026-10-08,
3146909,Papagaios,MG,radio,Rádio Studio FM 87,instagram,https://www.instagram.com/studiofm87,https://radios-brasil.com/102555-radio-studio-fm-papagaios.html,2026-10-08,
3146909,Papagaios,MG,radio,Rádio Studio FM 87,site,https://www.studiofm87.com.br,https://radios-brasil.com/102555-radio-studio-fm-papagaios.html,2026-10-08,
3146909,Papagaios,MG,radio,Rádio Studio FM 87,youtube,https://www.youtube.com/@Studio-tc1ww,https://radios-brasil.com/102555-radio-studio-fm-papagaios.html,2026-10-08,
3152006,Pompéu,MG,camara,Câmara Municipal de Pompéu,site,https://www.pompeu.mg.leg.br,varredura de domínio,2026-10-08,
3152006,Pompéu,MG,prefeitura,Prefeitura de Pompéu,site,https://pompeu.mg.gov.br,https://pt.wikipedia.org/wiki/Pompéu,2026-10-08,"site citado na Wikipédia; retorna 403 ao coletor, perfis não extraídos"
3152006,Pompéu,MG,radio,"Rádio Cidade Pompéu 96,1",site,https://cidade96-1pompeu.minharadio.fm,https://radios-brasil.com/75451-radio-cidade-pompeu.html,2026-10-08,só player online
3152006,Pompéu,MG,radio,"Rádio Exclusiva FM 97,9",facebook,https://www.facebook.com/exclusivafm979,https://radios-brasil.com/75790-radio-exclusiva-979-fm.html,2026-10-08,
3152006,Pompéu,MG,radio,"Rádio Exclusiva FM 97,9",instagram,https://www.instagram.com/radioexclusivaoficial,https://radios-brasil.com/75790-radio-exclusiva-979-fm.html,2026-10-08,
3152006,Pompéu,MG,radio,"Rádio Exclusiva FM 97,9",site,https://exclusivafm979.com.br,https://radios-brasil.com/75790-radio-exclusiva-979-fm.html,2026-10-08,
3152105,Ponte Nova,MG,camara,Câmara Municipal de Ponte Nova,site,https://www.pontenova.mg.leg.br,varredura de domínio,2026-10-08,
3152105,Ponte Nova,MG,prefeitura,Prefeitura de Ponte Nova,site,https://www.pontenova.mg.gov.br,https://pt.wikipedia.org/wiki/Ponte_Nova,2026-10-08,site citado na Wikipédia; redireciona para google.com no acesso automatizado (a URL da lista era google.com); perfis não extraídos
3152105,Ponte Nova,MG,radio,Líder FM Ponte Nova,facebook,https://www.facebook.com/p/Radio-Lider-FM-100076061654245,https://radios-brasil.com/6028-lider-fm.html,2026-10-08,
3152105,Ponte Nova,MG,radio,Líder FM Ponte Nova,instagram,https://www.instagram.com/radioliderfm,https://radios-brasil.com/6028-lider-fm.html,2026-10-08,
3152105,Ponte Nova,MG,radio,Líder FM Ponte Nova,site,https://pontenova.radiolider.com.br,https://radios-brasil.com/6028-lider-fm.html,2026-10-08,
3152105,Ponte Nova,MG,radio,Líder FM Ponte Nova,youtube,https://www.youtube.com/@RadioLiderFM-cw8ck,https://radios-brasil.com/6028-lider-fm.html,2026-10-08,
3152105,Ponte Nova,MG,radio,Rádio Montanhesa de Ponte Nova,site,https://www.radiomontanhesa.com.br,https://www.radiomontanhesa.com.br,2026-10-08,
3152105,Ponte Nova,MG,radio,"Rádio Ponte Nova (FM 89,7)",facebook,https://www.facebook.com/radiopontenova,https://radios-brasil.com/4303-radio-poante-nova.html,2026-10-08,
3152105,Ponte Nova,MG,radio,"Rádio Ponte Nova (FM 89,7)",instagram,https://www.instagram.com/pontenovafm,https://radios-brasil.com/4303-radio-poante-nova.html,2026-10-08,
3152105,Ponte Nova,MG,radio,"Rádio Ponte Nova (FM 89,7)",site,https://www.radiopontenova.com.br,https://radios-brasil.com/4303-radio-poante-nova.html,2026-10-08,
3152105,Ponte Nova,MG,radio,"Rádio Ponte Nova (FM 89,7)",youtube,https://www.youtube.com/channel/UC5GPYcvyaiL5PMaVxFb8rbw,https://radios-brasil.com/4303-radio-poante-nova.html,2026-10-08,
3152105,Ponte Nova,MG,radio,Rádio Web de Ponte Nova,facebook,https://www.facebook.com/rwebpontenova,https://radios-brasil.com/7352-radio-web-de-ponte-nova.html,2026-10-08,web rádio
3152105,Ponte Nova,MG,radio,Rádio Web de Ponte Nova,site,https://radiowebdepontenova.net,https://radios-brasil.com/7352-radio-web-de-ponte-nova.html,2026-10-08,web rádio
3152204,Porteirinha,MG,camara,Câmara Municipal de Porteirinha,facebook,https://facebook.com/camaramunicipalporteirinha,https://www.porteirinha.mg.leg.br,2026-10-08,
3152204,Porteirinha,MG,camara,Câmara Municipal de Porteirinha,instagram,https://instagram.com/camaramunicipalporteirinha,https://www.porteirinha.mg.leg.br,2026-10-08,
3152204,Porteirinha,MG,camara,Câmara Municipal de Porteirinha,site,https://www.porteirinha.mg.leg.br,varredura de domínio,2026-10-08,
3152204,Porteirinha,MG,camara,Câmara Municipal de Porteirinha,whatsapp_atendimento,https://wa.me/553832208662,https://www.porteirinha.mg.leg.br,2026-10-08,"número de atendimento publicado no site oficial; uso: atendimento ao cidadão, não é canal de comunicação política"
3152204,Porteirinha,MG,camara,Câmara Municipal de Porteirinha,youtube,https://youtube.com/@camaramunicipalporteirinha,https://www.porteirinha.mg.leg.br,2026-10-08,
3152204,Porteirinha,MG,portal,montesclaros.com,facebook,https://www.facebook.com/mclaroscom,https://montesclaros.com/,2026-10-08,veículo da cidade-polo Montes Claros
3152204,Porteirinha,MG,portal,montesclaros.com,instagram,https://www.instagram.com/montesclaroscom,https://montesclaros.com/,2026-10-08,veículo da cidade-polo Montes Claros
3152204,Porteirinha,MG,portal,montesclaros.com,site,https://montesclaros.com,https://montesclaros.com/,2026-10-08,veículo da cidade-polo Montes Claros
3152204,Porteirinha,MG,portal,montesclaros.com,telegram_canal,https://t.me/montesclaroscom,https://montesclaros.com/,2026-10-08,veículo da cidade-polo Montes Claros
3152204,Porteirinha,MG,portal,montesclaros.com,whatsapp_canal,https://whatsapp.com/channel/0029VaCgJ9wE50UZxSiD5L0w,https://montesclaros.com/,2026-10-08,"veículo da cidade-polo Montes Claros; canal confirmado: ""WhatsApp Channel"""
3152204,Porteirinha,MG,prefeitura,Prefeitura de Porteirinha,instagram,https://instagram.com/prefeituraporteirinha,https://www.porteirinha.mg.gov.br,2026-10-08,
3152204,Porteirinha,MG,prefeitura,Prefeitura de Porteirinha,site,https://www.porteirinha.mg.gov.br,varredura de domínio,2026-10-08,
3152204,Porteirinha,MG,radio,"Rádio Independente FM 93,7",facebook,https://www.facebook.com/937porteirinha,https://radios-brasil.com/4157-radio-independente-fm.html,2026-10-08,
3152204,Porteirinha,MG,radio,"Rádio Independente FM 93,7",instagram,https://www.instagram.com/937porteirinha,https://radios-brasil.com/4157-radio-independente-fm.html,2026-10-08,
3152204,Porteirinha,MG,radio,"Rádio Independente FM 93,7",site,https://www.937porteirinha.com.br,https://radios-brasil.com/4157-radio-independente-fm.html,2026-10-08,
3152204,Porteirinha,MG,radio,"Rádio Independente FM 93,7",youtube,https://www.youtube.com/@937porteirinha,https://radios-brasil.com/4157-radio-independente-fm.html,2026-10-08,
3152204,Porteirinha,MG,radio,"Rádio Liberdade 87,9 FM",facebook,https://www.facebook.com/87fmporteirinha,https://radios-brasil.com/4200-radio-liberdade-fm.html,2026-10-08,
3152204,Porteirinha,MG,radio,"Rádio Liberdade 87,9 FM",instagram,https://www.instagram.com/87fmporteirinha,https://radios-brasil.com/4200-radio-liberdade-fm.html,2026-10-08,
3152204,Porteirinha,MG,radio,"Rádio Liberdade 87,9 FM",site,https://liberdade87fm.com.br,https://radios-brasil.com/4200-radio-liberdade-fm.html,2026-10-08,
3152204,Porteirinha,MG,radio,"Rádio Liberdade 87,9 FM",youtube,https://www.youtube.com/@liberdade87fm,https://radios-brasil.com/4200-radio-liberdade-fm.html,2026-10-08,
3151701,Poço Fundo,MG,camara,Câmara Municipal de Poço Fundo,facebook,https://www.facebook.com/camarapf,https://www.camarapf.mg.gov.br,2026-10-08,
3151701,Poço Fundo,MG,camara,Câmara Municipal de Poço Fundo,instagram,https://www.instagram.com/camaramunicipalpf,https://www.camarapf.mg.gov.br,2026-10-08,
3151701,Poço Fundo,MG,camara,Câmara Municipal de Poço Fundo,site,https://www.camarapf.mg.gov.br,https://www.camarapf.mg.gov.br,2026-10-08,
3151701,Poço Fundo,MG,portal,Alfenas Hoje,facebook,https://www.facebook.com/alfenashoje,https://www.alfenashoje.com.br,2026-10-08,veículo regional do Sul de Minas (Alfenas)
3151701,Poço Fundo,MG,portal,Alfenas Hoje,instagram,https://www.instagram.com/alfenashoje,https://www.alfenashoje.com.br,2026-10-08,veículo regional do Sul de Minas (Alfenas)
3151701,Poço Fundo,MG,portal,Alfenas Hoje,site,https://www.alfenashoje.com.br,https://www.alfenashoje.com.br,2026-10-08,veículo regional do Sul de Minas (Alfenas)
3151701,Poço Fundo,MG,prefeitura,Prefeitura de Poço Fundo,facebook,https://facebook.com/pocofundo,https://www.pocofundo.mg.gov.br,2026-10-08,
3151701,Poço Fundo,MG,prefeitura,Prefeitura de Poço Fundo,instagram,https://instagram.com/prefeituradepocofundo,https://www.pocofundo.mg.gov.br,2026-10-08,
3151701,Poço Fundo,MG,prefeitura,Prefeitura de Poço Fundo,site,https://www.pocofundo.mg.gov.br,varredura de domínio,2026-10-08,
3151701,Poço Fundo,MG,radio,Rádio Gimirim FM,facebook,https://www.facebook.com/gimirimfm,https://radios-brasil.com/4082-radio-gimirim-fm.html,2026-10-08,
3151701,Poço Fundo,MG,radio,Rádio Gimirim FM,instagram,https://www.instagram.com/gimirimfm,https://radios-brasil.com/4082-radio-gimirim-fm.html,2026-10-08,
3151701,Poço Fundo,MG,radio,Rádio Gimirim FM,site,https://www.radiogimirimfm.com.br,https://radios-brasil.com/4082-radio-gimirim-fm.html,2026-10-08,
3152808,Prata,MG,camara,Câmara Municipal de Prata,facebook,https://facebook.com/camaraprata,https://www.prata.mg.leg.br,2026-10-08,
3152808,Prata,MG,camara,Câmara Municipal de Prata,instagram,https://instagram.com/camaraprata,https://www.prata.mg.leg.br,2026-10-08,
3152808,Prata,MG,camara,Câmara Municipal de Prata,instagram,https://instagram.com/procuradoriadamulherprata,https://www.prata.mg.leg.br,2026-10-08,
3152808,Prata,MG,camara,Câmara Municipal de Prata,site,https://www.prata.mg.leg.br,varredura de domínio,2026-10-08,
3152808,Prata,MG,prefeitura,Prefeitura de Prata,facebook,https://facebook.com/PrefeituraPrataMG,https://prata.mg.gov.br,2026-10-08,
3152808,Prata,MG,prefeitura,Prefeitura de Prata,instagram,https://instagram.com/prefeituradoprata,https://prata.mg.gov.br,2026-10-08,
3152808,Prata,MG,prefeitura,Prefeitura de Prata,site,https://prata.mg.gov.br,varredura de domínio,2026-10-08,
3152808,Prata,MG,prefeitura,Prefeitura de Prata,whatsapp_atendimento,https://api.whatsapp.com/send?phone=5534996867414,https://prata.mg.gov.br,2026-10-08,"número de atendimento publicado no site oficial; uso: atendimento ao cidadão, não é canal de comunicação política"
3152808,Prata,MG,radio,Estação Hits,facebook,https://www.facebook.com/sertanejoweb,https://radios-brasil.com/90204-estacao-hits.html,2026-10-08,listada em Prata no radios-brasil.com; provável web rádio
3152808,Prata,MG,radio,Estação Hits,instagram,https://www.instagram.com/radioestacaohits,https://radios-brasil.com/90204-estacao-hits.html,2026-10-08,listada em Prata no radios-brasil.com; provável web rádio
3152808,Prata,MG,radio,"Rádio Prata FM 98,1 (Associação Comunitária Pratense de Radiodifusão)",facebook,https://www.facebook.com/pratafm98,https://radios-brasil.com/77046-radio-prata-981-fm.html,2026-10-08,rádio comunitária
3152808,Prata,MG,radio,"Rádio Prata FM 98,1 (Associação Comunitária Pratense de Radiodifusão)",instagram,https://www.instagram.com/radiopratafm,https://radios-brasil.com/77046-radio-prata-981-fm.html,2026-10-08,rádio comunitária
3152808,Prata,MG,radio,"Rádio Prata FM 98,1 (Associação Comunitária Pratense de Radiodifusão)",site,https://pratafm98.com.br,https://radios-brasil.com/77046-radio-prata-981-fm.html,2026-10-08,rádio comunitária
3152808,Prata,MG,radio,"Rádio Prata FM 98,1 (Associação Comunitária Pratense de Radiodifusão)",youtube,https://www.youtube.com/@Prata98FM,https://radios-brasil.com/77046-radio-prata-981-fm.html,2026-10-08,rádio comunitária
3153400,Presidente Olegário,MG,camara,Câmara Municipal de Presidente Olegário,site,https://www.cmpo.mg.gov.br,https://cmpo.mg.gov.br,2026-10-08,
3153400,Presidente Olegário,MG,portal,Patos Hoje,facebook,https://www.facebook.com/Patoshoje,https://patoshoje.com.br,2026-10-08,veículo da cidade-polo Patos de Minas
3153400,Presidente Olegário,MG,portal,Patos Hoje,instagram,https://www.instagram.com/patoshoje,https://patoshoje.com.br,2026-10-08,veículo da cidade-polo Patos de Minas
3153400,Presidente Olegário,MG,portal,Patos Hoje,site,https://patoshoje.com.br,https://patoshoje.com.br,2026-10-08,veículo da cidade-polo Patos de Minas
3153400,Presidente Olegário,MG,portal,Patos Hoje,youtube,https://www.youtube.com/user/patoshoje1,https://patoshoje.com.br,2026-10-08,veículo da cidade-polo Patos de Minas
3153400,Presidente Olegário,MG,prefeitura,Prefeitura de Presidente Olegário,facebook,https://facebook.com/prefeiturapo,https://www.presidenteolegario.mg.gov.br,2026-10-08,
3153400,Presidente Olegário,MG,prefeitura,Prefeitura de Presidente Olegário,instagram,https://instagram.com/prefeiturapo,https://www.presidenteolegario.mg.gov.br,2026-10-08,
3153400,Presidente Olegário,MG,prefeitura,Prefeitura de Presidente Olegário,site,https://www.presidenteolegario.mg.gov.br,varredura de domínio,2026-10-08,
3153400,Presidente Olegário,MG,prefeitura,Prefeitura de Presidente Olegário,whatsapp_atendimento,https://wa.me/5534997804546,https://www.presidenteolegario.mg.gov.br,2026-10-08,"número de atendimento publicado no site oficial; uso: atendimento ao cidadão, não é canal de comunicação política"
3153400,Presidente Olegário,MG,radio,"Rádio Eldorado FM 87,9",facebook,https://www.facebook.com/radioeldoradofmpo,https://radios-brasil.com/4027-radio-eldorado-fm.html,2026-10-08,
3153400,Presidente Olegário,MG,radio,"Rádio Eldorado FM 87,9",site,https://www.eldorado87.com.br,https://radios-brasil.com/4027-radio-eldorado-fm.html,2026-10-08,
3153400,Presidente Olegário,MG,radio,"Rádio Regional FM 106,3 / Regional Notícias",facebook,https://www.facebook.com/regionalfm106,https://radios-brasil.com/5747-radio-regional-fm.html,2026-10-08,
3153400,Presidente Olegário,MG,radio,"Rádio Regional FM 106,3 / Regional Notícias",facebook,https://www.facebook.com/regionalnoticias.org,https://radios-brasil.com/5747-radio-regional-fm.html,2026-10-08,
3153400,Presidente Olegário,MG,radio,"Rádio Regional FM 106,3 / Regional Notícias",instagram,https://www.instagram.com/regionalfm1063,https://radios-brasil.com/5747-radio-regional-fm.html,2026-10-08,
3153400,Presidente Olegário,MG,radio,"Rádio Regional FM 106,3 / Regional Notícias",site,https://regionalnoticias.net,https://radios-brasil.com/5747-radio-regional-fm.html,2026-10-08,
3155504,Rio Paranaíba,MG,camara,Câmara Municipal de Rio Paranaíba,instagram,https://instagram.com/camararioparanaiba,https://camararioparanaiba.mg.gov.br,2026-10-08,
3155504,Rio Paranaíba,MG,camara,Câmara Municipal de Rio Paranaíba,site,https://camararioparanaiba.mg.gov.br,varredura de domínio,2026-10-08,
3155504,Rio Paranaíba,MG,camara,Câmara Municipal de Rio Paranaíba,youtube,https://youtube.com/@CamaraMunicipalRioParanaiba,https://camararioparanaiba.mg.gov.br,2026-10-08,
3155504,Rio Paranaíba,MG,portal,Patos Hoje,facebook,https://www.facebook.com/Patoshoje,https://patoshoje.com.br,2026-10-08,veículo da cidade-polo Patos de Minas
3155504,Rio Paranaíba,MG,portal,Patos Hoje,instagram,https://www.instagram.com/patoshoje,https://patoshoje.com.br,2026-10-08,veículo da cidade-polo Patos de Minas
3155504,Rio Paranaíba,MG,portal,Patos Hoje,site,https://patoshoje.com.br,https://patoshoje.com.br,2026-10-08,veículo da cidade-polo Patos de Minas
3155504,Rio Paranaíba,MG,portal,Patos Hoje,youtube,https://www.youtube.com/user/patoshoje1,https://patoshoje.com.br,2026-10-08,veículo da cidade-polo Patos de Minas
3155504,Rio Paranaíba,MG,prefeitura,Prefeitura de Rio Paranaíba,facebook,https://facebook.com/prefeiturarioparanaiba,https://rioparanaiba.mg.gov.br,2026-10-08,
3155504,Rio Paranaíba,MG,prefeitura,Prefeitura de Rio Paranaíba,instagram,https://instagram.com/prefeiturarioparanaiba,https://rioparanaiba.mg.gov.br,2026-10-08,
3155504,Rio Paranaíba,MG,prefeitura,Prefeitura de Rio Paranaíba,site,https://rioparanaiba.mg.gov.br,varredura de domínio,2026-10-08,
3155504,Rio Paranaíba,MG,prefeitura,Prefeitura de Rio Paranaíba,whatsapp_atendimento,https://wa.me/5538998808181,https://rioparanaiba.mg.gov.br,2026-10-08,"número de atendimento publicado no site oficial; uso: atendimento ao cidadão, não é canal de comunicação política"
3155504,Rio Paranaíba,MG,radio,Rádio Paranaíba FM & Máximus FM,facebook,https://www.facebook.com/paranaibamaximus,https://radios-brasil.com/4225-maximus-fm.html,2026-10-08,
3155504,Rio Paranaíba,MG,radio,Rádio Paranaíba FM & Máximus FM,instagram,https://www.instagram.com/paranaibamaximus,https://radios-brasil.com/4225-maximus-fm.html,2026-10-08,
3155504,Rio Paranaíba,MG,radio,Rádio Paranaíba FM & Máximus FM,site,https://paranaibamaximus.com.br,https://radios-brasil.com/4225-maximus-fm.html,2026-10-08,
3155504,Rio Paranaíba,MG,radio,Rádio Paranaíba FM & Máximus FM,tiktok,https://www.tiktok.com/@paranaibamaximus,https://radios-brasil.com/4225-maximus-fm.html,2026-10-08,
3155504,Rio Paranaíba,MG,radio,Rádio Paranaíba FM & Máximus FM,youtube,https://www.youtube.com/@paranaibamaximus,https://radios-brasil.com/4225-maximus-fm.html,2026-10-08,
3155504,Rio Paranaíba,MG,radio,"Super Radiopatos FM 90,9",facebook,https://www.facebook.com/superradiopatos,https://radiopatos.com/,2026-10-08,veículo da cidade-polo Patos de Minas
3155504,Rio Paranaíba,MG,radio,"Super Radiopatos FM 90,9",instagram,https://www.instagram.com/superradiopatos,https://radiopatos.com/,2026-10-08,veículo da cidade-polo Patos de Minas
3155504,Rio Paranaíba,MG,radio,"Super Radiopatos FM 90,9",site,https://radiopatos.com,https://radiopatos.com/,2026-10-08,veículo da cidade-polo Patos de Minas
3155504,Rio Paranaíba,MG,radio,"Super Radiopatos FM 90,9",youtube,https://www.youtube.com/@SuperRadiopatos909FM,https://radiopatos.com/,2026-10-08,veículo da cidade-polo Patos de Minas
3156304,Rodeiro,MG,camara,Câmara Municipal de Rodeiro,site,https://www.rodeiro.mg.leg.br,varredura de domínio,2026-10-08,
3156304,Rodeiro,MG,prefeitura,Prefeitura de Rodeiro,site,https://www.rodeiro.mg.gov.br,https://pt.wikipedia.org/wiki/Rodeiro,2026-10-08,"site citado na Wikipédia (a URL da lista era agenciaminas.mg.gov.br, incorreta); retorna 403 ao coletor, perfis não extraídos"
3156304,Rodeiro,MG,radio,Rádio Educadora FM Ubá,facebook,https://www.facebook.com/educadorauba,https://radios-brasil.com/4001-educadora-fm.html,2026-10-08,veículo da cidade-polo Ubá; nenhum veículo sediado em Rodeiro encontrado
3156304,Rodeiro,MG,radio,Rádio Educadora FM Ubá,instagram,https://www.instagram.com/educadoraradio,https://radios-brasil.com/4001-educadora-fm.html,2026-10-08,veículo da cidade-polo Ubá; nenhum veículo sediado em Rodeiro encontrado
3156304,Rodeiro,MG,radio,Rádio Educadora FM Ubá,site,https://www.educadora.com.br,https://radios-brasil.com/4001-educadora-fm.html,2026-10-08,veículo da cidade-polo Ubá; nenhum veículo sediado em Rodeiro encontrado
3156304,Rodeiro,MG,radio,Rádio Maravilha FM (Ubá),instagram,https://www.instagram.com/radio89maravilha,https://radios-brasil.com/77646-radio-tropical-928-fm.html,2026-10-08,veículo da cidade-polo Ubá
3156304,Rodeiro,MG,radio,Rádio Maravilha FM (Ubá),youtube,https://www.youtube.com/@Uba89Maravilha,https://radios-brasil.com/77646-radio-tropical-928-fm.html,2026-10-08,veículo da cidade-polo Ubá
3157005,Salinas,MG,camara,Câmara Municipal de Salinas,facebook,https://facebook.com/camarasalinas,https://www.camarasalinas.mg.gov.br,2026-10-08,
3157005,Salinas,MG,camara,Câmara Municipal de Salinas,instagram,https://instagram.com/camaradesalinas,https://www.camarasalinas.mg.gov.br,2026-10-08,
3157005,Salinas,MG,camara,Câmara Municipal de Salinas,site,https://www.camarasalinas.mg.gov.br,varredura de domínio,2026-10-08,
3157005,Salinas,MG,portal,montesclaros.com,facebook,https://www.facebook.com/mclaroscom,https://montesclaros.com/,2026-10-08,veículo da cidade-polo Montes Claros
3157005,Salinas,MG,portal,montesclaros.com,instagram,https://www.instagram.com/montesclaroscom,https://montesclaros.com/,2026-10-08,veículo da cidade-polo Montes Claros
3157005,Salinas,MG,portal,montesclaros.com,site,https://montesclaros.com,https://montesclaros.com/,2026-10-08,veículo da cidade-polo Montes Claros
3157005,Salinas,MG,portal,montesclaros.com,telegram_canal,https://t.me/montesclaroscom,https://montesclaros.com/,2026-10-08,veículo da cidade-polo Montes Claros
3157005,Salinas,MG,portal,montesclaros.com,whatsapp_canal,https://whatsapp.com/channel/0029VaCgJ9wE50UZxSiD5L0w,https://montesclaros.com/,2026-10-08,"veículo da cidade-polo Montes Claros; canal confirmado: ""WhatsApp Channel"""
3157005,Salinas,MG,prefeitura,Prefeitura de Salinas,facebook,https://facebook.com/PrefeituraMuncipalDeSalinas,https://www.salinas.mg.gov.br,2026-10-08,
3157005,Salinas,MG,prefeitura,Prefeitura de Salinas,instagram,https://instagram.com/prefeiturasalinas,https://www.salinas.mg.gov.br,2026-10-08,
3157005,Salinas,MG,prefeitura,Prefeitura de Salinas,site,https://www.salinas.mg.gov.br,varredura de domínio,2026-10-08,
3157005,Salinas,MG,radio,Rádio Difusora de Salinas,facebook,https://www.facebook.com/radiodifusoradesalinas,https://radios-brasil.com/5778-radio-difusora.html,2026-10-08,
3157005,Salinas,MG,radio,Rádio Difusora de Salinas,instagram,https://www.instagram.com/radiodifusorasalinas,https://radios-brasil.com/5778-radio-difusora.html,2026-10-08,
3157005,Salinas,MG,radio,Rádio Difusora de Salinas,site,https://www.radiodifusoradesalinas.com.br,https://radios-brasil.com/5778-radio-difusora.html,2026-10-08,
3157005,Salinas,MG,radio,Rádio Mãe Rainha,site,https://www.radiomaerainha.webradios.net,https://radios-brasil.com/76248-radio-mae-rainha.html,2026-10-08,web rádio
3157708,Santa Juliana,MG,camara,Câmara Municipal de Santa Juliana,site,https://santajuliana.cam.mg.gov.br,https://santajuliana.cam.mg.gov.br,2026-10-08,
3157708,Santa Juliana,MG,prefeitura,Prefeitura de Santa Juliana,site,https://www.santajuliana.mg.gov.br,varredura de domínio,2026-10-08,
3157708,Santa Juliana,MG,radio,Rádio Canarinho FM Santa Juliana,facebook,https://www.facebook.com/canarinhofm,https://radios-brasil.com/9688-radio-canarinho-fm.html,2026-10-08,
3157708,Santa Juliana,MG,radio,Rádio Canarinho FM Santa Juliana,instagram,https://www.instagram.com/canarinhofmsanju,https://radios-brasil.com/9688-radio-canarinho-fm.html,2026-10-08,
3157708,Santa Juliana,MG,radio,Rádio Canarinho FM Santa Juliana,site,https://sj.canarinhofm.com,https://radios-brasil.com/9688-radio-canarinho-fm.html,2026-10-08,
3160702,Santos Dumont,MG,camara,Câmara Municipal de Santos Dumont,site,https://www.camarasd.mg.gov.br,https://pt.wikipedia.org/wiki/Santos_Dumont_(Minas_Gerais),2026-10-08,"site citado na Wikipédia; inacessível ao coletor (timeout/403), perfis não extraídos"
3160702,Santos Dumont,MG,jornal,Tribuna de Minas,facebook,https://www.facebook.com/tribunademinas,https://tribunademinas.com.br,2026-10-08,veículo da cidade-polo Juiz de Fora
3160702,Santos Dumont,MG,jornal,Tribuna de Minas,instagram,https://www.instagram.com/tribunademinas,https://tribunademinas.com.br,2026-10-08,veículo da cidade-polo Juiz de Fora
3160702,Santos Dumont,MG,jornal,Tribuna de Minas,site,https://tribunademinas.com.br,https://tribunademinas.com.br,2026-10-08,veículo da cidade-polo Juiz de Fora
3160702,Santos Dumont,MG,jornal,Tribuna de Minas,whatsapp_canal,https://whatsapp.com/channel/0029Vb8MP8CFcowE9R3rwl1a,https://tribunademinas.com.br,2026-10-08,"veículo da cidade-polo Juiz de Fora; canal confirmado: ""TM Dois+"""
3160702,Santos Dumont,MG,jornal,Tribuna de Minas,youtube,https://www.youtube.com/c/tribunademinas,https://tribunademinas.com.br,2026-10-08,veículo da cidade-polo Juiz de Fora
3160702,Santos Dumont,MG,prefeitura,Prefeitura de Santos Dumont,facebook,https://facebook.com/PrefeituradeSantosDumont,https://www.santosdumont.mg.gov.br,2026-10-08,
3160702,Santos Dumont,MG,prefeitura,Prefeitura de Santos Dumont,instagram,https://instagram.com/prefeituradesantosdumont,https://www.santosdumont.mg.gov.br,2026-10-08,
3160702,Santos Dumont,MG,prefeitura,Prefeitura de Santos Dumont,site,https://www.santosdumont.mg.gov.br,varredura de domínio,2026-10-08,
3160702,Santos Dumont,MG,prefeitura,Prefeitura de Santos Dumont,youtube,https://youtube.com/@PrefeituradeSantosDumont,https://www.santosdumont.mg.gov.br,2026-10-08,
3160702,Santos Dumont,MG,radio,Rádio Cultura FM (Santos Dumont),facebook,https://www.facebook.com/radioculturasd,https://radios-brasil.com/3968-radio-cultura-fm.html,2026-10-08,
3160702,Santos Dumont,MG,radio,Rádio Cultura FM (Santos Dumont),instagram,https://www.instagram.com/radioculturasd,https://radios-brasil.com/3968-radio-cultura-fm.html,2026-10-08,
3160702,Santos Dumont,MG,radio,Rádio Cultura FM (Santos Dumont),site,https://www.radioculturasd.com.br,https://radios-brasil.com/3968-radio-cultura-fm.html,2026-10-08,
3160702,Santos Dumont,MG,radio,Rádio Cultura FM (Santos Dumont),youtube,https://www.youtube.com/@radiocultura4493,https://radios-brasil.com/3968-radio-cultura-fm.html,2026-10-08,
3160702,Santos Dumont,MG,radio,"Rádio São Miguel FM 98,7",facebook,https://www.facebook.com/saomiguelfmsd,https://radios-brasil.com/77310-radio-sao-miguel-fm-987.html,2026-10-08,
3160702,Santos Dumont,MG,radio,"Rádio São Miguel FM 98,7",instagram,https://www.instagram.com/radiosaomiguelfmsd,https://radios-brasil.com/77310-radio-sao-miguel-fm-987.html,2026-10-08,
3160702,Santos Dumont,MG,radio,"Rádio São Miguel FM 98,7",site,https://saomiguelfm.com.br,https://radios-brasil.com/77310-radio-sao-miguel-fm-987.html,2026-10-08,
3161106,São Francisco,MG,camara,Câmara Municipal de São Francisco,facebook,https://facebook.com/camaradesaofranciscomg,https://www.saofrancisco.mg.leg.br,2026-10-08,
3161106,São Francisco,MG,camara,Câmara Municipal de São Francisco,instagram,https://instagram.com/camarasfmg,https://www.saofrancisco.mg.leg.br,2026-10-08,
3161106,São Francisco,MG,camara,Câmara Municipal de São Francisco,site,https://www.saofrancisco.mg.leg.br,varredura de domínio,2026-10-08,
3161106,São Francisco,MG,camara,Câmara Municipal de São Francisco,youtube,https://youtube.com/@tvcamarasaofrancisco,https://www.saofrancisco.mg.leg.br,2026-10-08,
3161106,São Francisco,MG,portal,montesclaros.com,facebook,https://www.facebook.com/mclaroscom,https://montesclaros.com/,2026-10-08,veículo da cidade-polo Montes Claros
3161106,São Francisco,MG,portal,montesclaros.com,instagram,https://www.instagram.com/montesclaroscom,https://montesclaros.com/,2026-10-08,veículo da cidade-polo Montes Claros
3161106,São Francisco,MG,portal,montesclaros.com,site,https://montesclaros.com,https://montesclaros.com/,2026-10-08,veículo da cidade-polo Montes Claros
3161106,São Francisco,MG,portal,montesclaros.com,telegram_canal,https://t.me/montesclaroscom,https://montesclaros.com/,2026-10-08,veículo da cidade-polo Montes Claros
3161106,São Francisco,MG,portal,montesclaros.com,whatsapp_canal,https://whatsapp.com/channel/0029VaCgJ9wE50UZxSiD5L0w,https://montesclaros.com/,2026-10-08,"veículo da cidade-polo Montes Claros; canal confirmado: ""WhatsApp Channel"""
3161106,São Francisco,MG,prefeitura,Prefeitura de São Francisco,facebook,https://facebook.com/prefeitura.sf,https://www.saofrancisco.mg.gov.br,2026-10-08,
3161106,São Francisco,MG,prefeitura,Prefeitura de São Francisco,instagram,https://instagram.com/prefeitura.sf,https://www.saofrancisco.mg.gov.br,2026-10-08,
3161106,São Francisco,MG,prefeitura,Prefeitura de São Francisco,site,https://www.saofrancisco.mg.gov.br,varredura de domínio,2026-10-08,
3161106,São Francisco,MG,radio,Rede Ultra,facebook,https://www.facebook.com/UltraMidiaOficial,https://radios-brasil.com/6895-rede-ultra.html,2026-10-08,listada em São Francisco no radios-brasil.com
3161106,São Francisco,MG,radio,Rádio Voz FM,site,https://vozfm.com.br,https://radios-brasil.com/5753-voz-fm.html,2026-10-08,
3161106,São Francisco,MG,radio,Rádio Voz FM,youtube,https://www.youtube.com/@radiovozfm-saofranciscomg7241,https://radios-brasil.com/5753-voz-fm.html,2026-10-08,
3161908,São Gonçalo Do Rio Abaixo,MG,camara,Câmara Municipal de São Gonçalo do Rio Abaixo,site,https://www.camarasaogoncalo.mg.gov.br,https://pt.wikipedia.org/wiki/São_Gonçalo_do_Rio_Abaixo,2026-10-08,"site citado na Wikipédia; retorna 403 ao coletor, perfis não extraídos"
3161908,São Gonçalo Do Rio Abaixo,MG,portal,DeFato Online,facebook,https://www.facebook.com/defatoonline,https://defatoonline.com.br,2026-10-08,veículo da cidade-polo Itabira
3161908,São Gonçalo Do Rio Abaixo,MG,portal,DeFato Online,instagram,https://www.instagram.com/defatoonline,https://defatoonline.com.br,2026-10-08,veículo da cidade-polo Itabira
3161908,São Gonçalo Do Rio Abaixo,MG,portal,DeFato Online,site,https://defatoonline.com.br,https://defatoonline.com.br,2026-10-08,veículo da cidade-polo Itabira
3161908,São Gonçalo Do Rio Abaixo,MG,portal,DeFato Online,youtube,https://www.youtube.com/user/defatonarede,https://defatoonline.com.br,2026-10-08,veículo da cidade-polo Itabira
3161908,São Gonçalo Do Rio Abaixo,MG,prefeitura,Prefeitura de São Gonçalo do Rio Abaixo,site,https://www.saogoncalo.mg.gov.br,https://pt.wikipedia.org/wiki/São_Gonçalo_do_Rio_Abaixo,2026-10-08,"site citado na Wikipédia; retorna 403 ao coletor, perfis não extraídos"
3161908,São Gonçalo Do Rio Abaixo,MG,radio,Rádio Alternativa 1 FM,facebook,https://www.facebook.com/91.1radioalternativa,https://radios-brasil.com/3676-radio-alternativa-1-fm.html,2026-10-08,veículo da cidade-polo João Monlevade
3161908,São Gonçalo Do Rio Abaixo,MG,radio,Rádio Alternativa 1 FM,instagram,https://www.instagram.com/radioalternativa91,https://radios-brasil.com/3676-radio-alternativa-1-fm.html,2026-10-08,veículo da cidade-polo João Monlevade
3161908,São Gonçalo Do Rio Abaixo,MG,radio,"Rádio Global 106,9 FM",facebook,https://www.facebook.com/radioglobal106,https://radioglobalfm106.com.br/,2026-10-08,veículo da cidade-polo João Monlevade (listada em radios-brasil.com/minas-gerais/joao-monlevade)
3161908,São Gonçalo Do Rio Abaixo,MG,radio,"Rádio Global 106,9 FM",instagram,https://www.instagram.com/globalfm106,https://radioglobalfm106.com.br/,2026-10-08,veículo da cidade-polo João Monlevade (listada em radios-brasil.com/minas-gerais/joao-monlevade)
3161908,São Gonçalo Do Rio Abaixo,MG,radio,"Rádio Global 106,9 FM",site,https://radioglobalfm106.com.br,https://radioglobalfm106.com.br/,2026-10-08,veículo da cidade-polo João Monlevade (listada em radios-brasil.com/minas-gerais/joao-monlevade)
3162401,São João Da Ponte,MG,camara,Câmara Municipal de São João Da Ponte,facebook,https://facebook.com/CamaraSaoJoaodaPonte,https://www.saojoaodaponte.mg.leg.br,2026-10-08,
3162401,São João Da Ponte,MG,camara,Câmara Municipal de São João Da Ponte,instagram,https://instagram.com/camaramunicipal_de_sjpmg,https://www.saojoaodaponte.mg.leg.br,2026-10-08,
3162401,São João Da Ponte,MG,camara,Câmara Municipal de São João Da Ponte,site,https://www.saojoaodaponte.mg.leg.br,varredura de domínio,2026-10-08,
3162401,São João Da Ponte,MG,camara,Câmara Municipal de São João Da Ponte,youtube,https://youtube.com/@tvcamarasaojoaodaponte-ofi5386,https://www.saojoaodaponte.mg.leg.br,2026-10-08,
3162401,São João Da Ponte,MG,jornal,O Norte,facebook,https://www.facebook.com/jornalonorte,https://onorte.net,2026-10-08,veículo da cidade-polo Montes Claros
3162401,São João Da Ponte,MG,jornal,O Norte,instagram,https://www.instagram.com/jornalonorte,https://onorte.net,2026-10-08,veículo da cidade-polo Montes Claros
3162401,São João Da Ponte,MG,jornal,O Norte,site,https://onorte.net,https://onorte.net,2026-10-08,veículo da cidade-polo Montes Claros
3162401,São João Da Ponte,MG,jornal,O Norte,youtube,https://www.youtube.com/channel/UC__dI4zx7S4Ue-ySL8RguTA,https://onorte.net,2026-10-08,veículo da cidade-polo Montes Claros
3162401,São João Da Ponte,MG,portal,montesclaros.com / Rádio Montes Claros 98 FM,facebook,https://www.facebook.com/mclaroscom,https://montesclaros.com/,2026-10-08,veículo da cidade-polo Montes Claros; nenhum veículo sediado no município encontrado
3162401,São João Da Ponte,MG,portal,montesclaros.com / Rádio Montes Claros 98 FM,facebook,https://www.facebook.com/RadioMontesClaros,https://montesclaros.com/,2026-10-08,veículo da cidade-polo Montes Claros; nenhum veículo sediado no município encontrado
3162401,São João Da Ponte,MG,portal,montesclaros.com / Rádio Montes Claros 98 FM,instagram,https://www.instagram.com/montesclaroscom,https://montesclaros.com/,2026-10-08,veículo da cidade-polo Montes Claros; nenhum veículo sediado no município encontrado
3162401,São João Da Ponte,MG,portal,montesclaros.com / Rádio Montes Claros 98 FM,instagram,https://www.instagram.com/radiomontesclaros98fm,https://montesclaros.com/,2026-10-08,veículo da cidade-polo Montes Claros; nenhum veículo sediado no município encontrado
3162401,São João Da Ponte,MG,portal,montesclaros.com / Rádio Montes Claros 98 FM,site,https://montesclaros.com,https://montesclaros.com/,2026-10-08,veículo da cidade-polo Montes Claros; nenhum veículo sediado no município encontrado
3162401,São João Da Ponte,MG,portal,montesclaros.com / Rádio Montes Claros 98 FM,telegram_canal,https://t.me/montesclaroscom,https://montesclaros.com/,2026-10-08,veículo da cidade-polo Montes Claros; nenhum veículo sediado no município encontrado
3162401,São João Da Ponte,MG,portal,montesclaros.com / Rádio Montes Claros 98 FM,whatsapp_canal,https://whatsapp.com/channel/0029VaCgJ9wE50UZxSiD5L0w,https://montesclaros.com/,2026-10-08,"veículo da cidade-polo Montes Claros; nenhum veículo sediado no município encontrado; canal confirmado: ""WhatsApp Channel"""
3162401,São João Da Ponte,MG,prefeitura,Prefeitura de São João Da Ponte,site,https://www.saojoaodaponte.mg.gov.br,varredura de domínio,2026-10-08,
3162401,São João Da Ponte,MG,radio,"Rádio Educadora 102,9 FM (Montes Claros)",facebook,https://www.facebook.com/radioeducadoramoc,https://radios-brasil.com/4002-radio-educadora.html,2026-10-08,veículo da cidade-polo Montes Claros
3162401,São João Da Ponte,MG,radio,"Rádio Educadora 102,9 FM (Montes Claros)",instagram,https://www.instagram.com/educadoramoc,https://radios-brasil.com/4002-radio-educadora.html,2026-10-08,veículo da cidade-polo Montes Claros
3162401,São João Da Ponte,MG,radio,"Rádio Educadora 102,9 FM (Montes Claros)",site,https://educadoramoc.com,https://radios-brasil.com/4002-radio-educadora.html,2026-10-08,veículo da cidade-polo Montes Claros
3162401,São João Da Ponte,MG,radio,"Rádio Educadora 102,9 FM (Montes Claros)",youtube,https://www.youtube.com/@RadioEducadoraMoc,https://radios-brasil.com/4002-radio-educadora.html,2026-10-08,veículo da cidade-polo Montes Claros
3162401,São João Da Ponte,MG,tv,Rede Gazeta de Comunicação (Gazeta Norte Mineira),facebook,https://www.facebook.com/gazetanortemineira,https://gazetanm.com.br/,2026-10-08,veículo da cidade-polo Montes Claros
3162401,São João Da Ponte,MG,tv,Rede Gazeta de Comunicação (Gazeta Norte Mineira),instagram,https://www.instagram.com/gazetanortemineira,https://gazetanm.com.br/,2026-10-08,veículo da cidade-polo Montes Claros
3162401,São João Da Ponte,MG,tv,Rede Gazeta de Comunicação (Gazeta Norte Mineira),site,https://gazetanm.com.br,https://gazetanm.com.br/,2026-10-08,veículo da cidade-polo Montes Claros
3162401,São João Da Ponte,MG,tv,Rede Gazeta de Comunicação (Gazeta Norte Mineira),youtube,https://www.youtube.com/@TVGazetaNM,https://gazetanm.com.br/,2026-10-08,veículo da cidade-polo Montes Claros
3164605,São Sebastião Do Oeste,MG,camara,Câmara Municipal de São Sebastião Do Oeste,facebook,https://facebook.com/camarassoeste,https://saosebastiaodooeste.cam.mg.gov.br,2026-10-08,
3164605,São Sebastião Do Oeste,MG,camara,Câmara Municipal de São Sebastião Do Oeste,instagram,https://instagram.com/camarassoeste,https://saosebastiaodooeste.cam.mg.gov.br,2026-10-08,
3164605,São Sebastião Do Oeste,MG,camara,Câmara Municipal de São Sebastião Do Oeste,site,https://saosebastiaodooeste.cam.mg.gov.br,varredura de domínio,2026-10-08,
3164605,São Sebastião Do Oeste,MG,camara,Câmara Municipal de São Sebastião do Oeste,facebook,https://www.facebook.com/camarassoeste,https://saosebastiaodooeste.cam.mg.gov.br,2026-10-08,site que constava na lista como prefeitura
3164605,São Sebastião Do Oeste,MG,camara,Câmara Municipal de São Sebastião do Oeste,instagram,https://www.instagram.com/camarassoeste,https://saosebastiaodooeste.cam.mg.gov.br,2026-10-08,site que constava na lista como prefeitura
3164605,São Sebastião Do Oeste,MG,portal,Portal MPA,facebook,https://www.facebook.com/portalmpa,https://www.portalmpa.com.br,2026-10-08,veículo da cidade-polo Divinópolis
3164605,São Sebastião Do Oeste,MG,portal,Portal MPA,instagram,https://www.instagram.com/portalmpa,https://www.portalmpa.com.br,2026-10-08,veículo da cidade-polo Divinópolis
3164605,São Sebastião Do Oeste,MG,portal,Portal MPA,site,https://www.sistemampa.com.br,https://www.portalmpa.com.br,2026-10-08,veículo da cidade-polo Divinópolis
3164605,São Sebastião Do Oeste,MG,portal,Portal MPA,telegram_canal,https://t.me/portalmpa,https://www.portalmpa.com.br,2026-10-08,veículo da cidade-polo Divinópolis
3164605,São Sebastião Do Oeste,MG,portal,Portal MPA,youtube,https://www.youtube.com/@estudiosMPA,https://www.portalmpa.com.br,2026-10-08,veículo da cidade-polo Divinópolis
3164605,São Sebastião Do Oeste,MG,prefeitura,Prefeitura de São Sebastião Do Oeste,instagram,https://instagram.com/policiamilitarssoeste,https://www.saosebastiaodooeste.mg.gov.br,2026-10-08,
3164605,São Sebastião Do Oeste,MG,prefeitura,Prefeitura de São Sebastião Do Oeste,instagram,https://instagram.com/prefeiturasaosebastiaodooeste,https://www.saosebastiaodooeste.mg.gov.br,2026-10-08,
3164605,São Sebastião Do Oeste,MG,prefeitura,Prefeitura de São Sebastião Do Oeste,site,https://www.saosebastiaodooeste.mg.gov.br,varredura de domínio,2026-10-08,
3164605,São Sebastião Do Oeste,MG,prefeitura,Prefeitura de São Sebastião do Oeste,instagram,https://www.instagram.com/prefeiturasaosebastiaodooeste,https://www.saosebastiaodooeste.mg.gov.br,2026-10-08,a URL da lista (saosebastiaodooeste.cam.mg.gov.br) é da Câmara
3164605,São Sebastião Do Oeste,MG,radio,"Rádio Oeste FM 98,7",instagram,https://www.instagram.com/radio_oeste_fm,https://radios-brasil.com/76668-radio-oeste-987.html,2026-10-08,
3164605,São Sebastião Do Oeste,MG,radio,"Rádio Oeste FM 98,7",site,https://www.oestefm.com.br,https://radios-brasil.com/76668-radio-oeste-987.html,2026-10-08,
3169604,Tupaciguara,MG,camara,Câmara Municipal de Tupaciguara,site,https://www.camaratupaciguara.mg.gov.br,https://pt.wikipedia.org/wiki/Tupaciguara,2026-10-08,"site citado na Wikipédia; inacessível ao coletor (timeout/403), perfis não extraídos"
3169604,Tupaciguara,MG,prefeitura,Prefeitura de Tupaciguara,instagram,https://instagram.com/prefeituradetupaciguaramg,https://www.tupaciguara.mg.gov.br,2026-10-08,
3169604,Tupaciguara,MG,prefeitura,Prefeitura de Tupaciguara,site,https://www.tupaciguara.mg.gov.br,varredura de domínio,2026-10-08,
3169604,Tupaciguara,MG,radio,"Rádio Cidade FM 98,3",facebook,https://www.facebook.com/cidadefmtupaciguara,https://radiocidadetupaciguara.com.br/,2026-10-08,
3169604,Tupaciguara,MG,radio,"Rádio Cidade FM 98,3",instagram,https://www.instagram.com/cidadefm_tupaciguara,https://radiocidadetupaciguara.com.br/,2026-10-08,
3169604,Tupaciguara,MG,radio,"Rádio Cidade FM 98,3",site,https://radiocidadetupaciguara.com.br,https://radiocidadetupaciguara.com.br/,2026-10-08,
3169604,Tupaciguara,MG,radio,"Rádio Sucesso FM 91,9",facebook,https://www.facebook.com/SucessoFMTupaciguara,https://www.sucessofm919.com.br/,2026-10-08,
3169604,Tupaciguara,MG,radio,"Rádio Sucesso FM 91,9",site,https://www.sucessofm919.com.br,https://www.sucessofm919.com.br/,2026-10-08,
3169604,Tupaciguara,MG,radio,Rádio Tupaciguara Web,site,https://radiotupaciguaraweb.com.br,https://radio.dubbeh.net/stations/radio-tupaciguara-web-28070,2026-10-08,web rádio; site não respondeu ao coletor
3171006,Vazante,MG,camara,Câmara Municipal de Vazante,site,https://www.camaravazante.mg.gov.br,varredura de domínio,2026-10-08,
3171006,Vazante,MG,portal,Paracatu News,facebook,https://www.facebook.com/Paracatunews,https://paracatunews.com.br/,2026-10-08,veículo da cidade-polo Paracatu
3171006,Vazante,MG,portal,Paracatu News,instagram,https://www.instagram.com/paracatunews,https://paracatunews.com.br/,2026-10-08,veículo da cidade-polo Paracatu
3171006,Vazante,MG,portal,Paracatu News,site,https://paracatunews.com.br,https://paracatunews.com.br/,2026-10-08,veículo da cidade-polo Paracatu
3171006,Vazante,MG,portal,Paracatu News,youtube,https://www.youtube.com/@paracatunewsOficial,https://paracatunews.com.br/,2026-10-08,veículo da cidade-polo Paracatu
3171006,Vazante,MG,prefeitura,Prefeitura de Vazante,facebook,https://facebook.com/pmvazante,https://www.vazante.mg.gov.br,2026-10-08,
3171006,Vazante,MG,prefeitura,Prefeitura de Vazante,instagram,https://instagram.com/prefeitura.vazante,https://www.vazante.mg.gov.br,2026-10-08,
3171006,Vazante,MG,prefeitura,Prefeitura de Vazante,site,https://www.vazante.mg.gov.br,varredura de domínio,2026-10-08,
3171006,Vazante,MG,prefeitura,Prefeitura de Vazante,youtube,https://youtube.com/@vazante-mg,https://www.vazante.mg.gov.br,2026-10-08,
3171006,Vazante,MG,radio,"Rádio Liberdade FM 87,9 (Vazante)",facebook,https://www.facebook.com/liberdadefm.vazante,https://radios-brasil.com/76161-radio-liberdade-fm-vazante.html,2026-10-08,
3171006,Vazante,MG,radio,"Rádio Liberdade FM 87,9 (Vazante)",instagram,https://www.instagram.com/radiofmvazante,https://radios-brasil.com/76161-radio-liberdade-fm-vazante.html,2026-10-08,
3171006,Vazante,MG,radio,"Rádio Liberdade FM 87,9 (Vazante)",site,https://liberdadefmvz.com.br,https://radios-brasil.com/76161-radio-liberdade-fm-vazante.html,2026-10-08,
3171006,Vazante,MG,radio,"Rádio Montanheza FM 93,5",facebook,https://www.facebook.com/montanheza.vazante,https://radios-brasil.com/4238-radio-montanheza.html,2026-10-08,
3171006,Vazante,MG,radio,"Rádio Montanheza FM 93,5",instagram,https://www.instagram.com/montanhezafm93.5,https://radios-brasil.com/4238-radio-montanheza.html,2026-10-08,
3171006,Vazante,MG,radio,"Rádio Montanheza FM 93,5",site,https://montanheza.com.br,https://radios-brasil.com/4238-radio-montanheza.html,2026-10-08,
3171006,Vazante,MG,radio,"Rádio Montanheza FM 93,5",youtube,https://www.youtube.com/channel/UChqHFImUzzVZTgAxbjjU6qQ,https://radios-brasil.com/4238-radio-montanheza.html,2026-10-08,
3171303,Viçosa,MG,camara,Câmara Municipal de Viçosa,site,https://www.vicosa.mg.leg.br,varredura de domínio,2026-10-08,
3171303,Viçosa,MG,jornal,Folha da Mata,facebook,https://www.facebook.com/JornalFolhadaMata,https://www.folhadamata.com.br,2026-10-08,
3171303,Viçosa,MG,jornal,Folha da Mata,instagram,https://www.instagram.com/folhadamatamg,https://www.folhadamata.com.br,2026-10-08,
3171303,Viçosa,MG,jornal,Folha da Mata,site,https://www.folhadamata.com.br,https://www.folhadamata.com.br,2026-10-08,
3171303,Viçosa,MG,jornal,Folha da Mata,youtube,https://www.youtube.com/channel/UCO2VX58v009pUzT1FA5QSKg,https://www.folhadamata.com.br,2026-10-08,
3171303,Viçosa,MG,prefeitura,Prefeitura de Viçosa,site,https://www.vicosa.mg.gov.br,https://pt.wikipedia.org/wiki/Viçosa_(Minas_Gerais),2026-10-08,site citado na Wikipédia; redireciona para google.com no acesso automatizado (a URL da lista era google.com); perfis não extraídos
3171303,Viçosa,MG,radio,"Rádio Montanhesa FM 106,5",facebook,https://www.facebook.com/radiomontanhesa,https://montanhesa.fm.br/,2026-10-08,
3171303,Viçosa,MG,radio,"Rádio Montanhesa FM 106,5",facebook,https://www.facebook.com/MontanhesaFM,https://montanhesa.fm.br/,2026-10-08,
3171303,Viçosa,MG,radio,"Rádio Montanhesa FM 106,5",instagram,https://www.instagram.com/montanhesafm,https://montanhesa.fm.br/,2026-10-08,
3171303,Viçosa,MG,radio,"Rádio Montanhesa FM 106,5",site,https://montanhesa.fm.br,https://montanhesa.fm.br/,2026-10-08,
3171303,Viçosa,MG,radio,"Rádio Montanhesa FM 106,5",youtube,https://www.youtube.com/channel/UC-vSZFIJU3oFeEbX_tqEIsw,https://montanhesa.fm.br/,2026-10-08,
3171303,Viçosa,MG,radio,"Rádio Q FM 97,9",facebook,https://www.facebook.com/radioqfmvicosa,https://radioq.com.br/,2026-10-08,
3171303,Viçosa,MG,radio,"Rádio Q FM 97,9",instagram,https://www.instagram.com/radioqfmvicosa,https://radioq.com.br/,2026-10-08,
3171303,Viçosa,MG,radio,"Rádio Q FM 97,9",site,https://radioq.com.br,https://radioq.com.br/,2026-10-08,
3171303,Viçosa,MG,radio,"Rádio Viçosa FM 95,1",facebook,https://www.facebook.com/vicosa95fm,https://radios-brasil.com/4183-radio-vicosa-fm.html,2026-10-08,
3171303,Viçosa,MG,radio,"Rádio Viçosa FM 95,1",instagram,https://www.instagram.com/radiovicosafm,https://radios-brasil.com/4183-radio-vicosa-fm.html,2026-10-08,
3171303,Viçosa,MG,radio,"Rádio Viçosa FM 95,1",site,https://www.radiovicosafm.com.br,https://radios-brasil.com/4183-radio-vicosa-fm.html,2026-10-08,
3171303,Viçosa,MG,radio,"Rádio Viçosa FM 95,1",youtube,https://www.youtube.com/@radiovicosa95fm,https://radios-brasil.com/4183-radio-vicosa-fm.html,2026-10-08,
3170800,Várzea Da Palma,MG,camara,Câmara Municipal de Várzea da Palma,instagram,https://www.instagram.com/camara_vzp,https://camaradevarzeadapalma.mg.gov.br,2026-10-08,
3170800,Várzea Da Palma,MG,camara,Câmara Municipal de Várzea da Palma,site,https://camaradevarzeadapalma.mg.gov.br,https://camaradevarzeadapalma.mg.gov.br,2026-10-08,
3170800,Várzea Da Palma,MG,prefeitura,Prefeitura de Várzea Da Palma,instagram,https://instagram.com/prefeituravarzeadapalma2025,https://www.varzeadapalma.mg.gov.br,2026-10-08,
3170800,Várzea Da Palma,MG,prefeitura,Prefeitura de Várzea Da Palma,site,https://www.varzeadapalma.mg.gov.br,varredura de domínio,2026-10-08,
3170800,Várzea Da Palma,MG,radio,"Rádio Guaicuí FM 99,5",facebook,https://www.facebook.com/radioguaicui,https://radios-brasil.com/7978-radio-guaicui-fm.html,2026-10-08,
3170800,Várzea Da Palma,MG,radio,"Rádio Guaicuí FM 99,5",instagram,https://www.instagram.com/radioguaicui,https://radios-brasil.com/7978-radio-guaicui-fm.html,2026-10-08,
3170800,Várzea Da Palma,MG,radio,"Rádio Guaicuí FM 99,5",site,https://www.radioguaicui.com.br,https://radios-brasil.com/7978-radio-guaicui-fm.html,2026-10-08,
3170800,Várzea Da Palma,MG,radio,"Rádio Guaicuí FM 99,5",tiktok,https://www.tiktok.com/@radioguaicui,https://radios-brasil.com/7978-radio-guaicui-fm.html,2026-10-08,
3170800,Várzea Da Palma,MG,radio,"Rádio Guaicuí FM 99,5",youtube,https://www.youtube.com/@RadioGuaicui,https://radios-brasil.com/7978-radio-guaicui-fm.html,2026-10-08,
5004601,Itaquiraí,MS,camara,Câmara Municipal de Itaquiraí,facebook,https://facebook.com/camaramunicipaldeitaquirai,https://www.camaraitaquirai.ms.gov.br,2026-10-08,
5004601,Itaquiraí,MS,camara,Câmara Municipal de Itaquiraí,instagram,https://instagram.com/camaraitaquirai,https://www.camaraitaquirai.ms.gov.br,2026-10-08,
5004601,Itaquiraí,MS,camara,Câmara Municipal de Itaquiraí,site,https://www.camaraitaquirai.ms.gov.br,varredura de domínio,2026-10-08,
5004601,Itaquiraí,MS,camara,Câmara Municipal de Itaquiraí,youtube,https://youtube.com/@camaramunicipaldeitaquirai,https://www.camaraitaquirai.ms.gov.br,2026-10-08,
5004601,Itaquiraí,MS,portal,Naviraí Notícias,site,https://navirainoticias.com.br,https://navirainoticias.com.br,2026-10-08,veículo da cidade-polo Naviraí; sem perfis no site
5004601,Itaquiraí,MS,prefeitura,Prefeitura de Itaquiraí,instagram,https://instagram.com/prefeitura_de_itaquirai,https://www.itaquirai.ms.gov.br,2026-10-08,
5004601,Itaquiraí,MS,prefeitura,Prefeitura de Itaquiraí,site,https://www.itaquirai.ms.gov.br,varredura de domínio,2026-10-08,
5004601,Itaquiraí,MS,prefeitura,Prefeitura de Itaquiraí,whatsapp_atendimento,https://wa.me/556734763500,https://www.itaquirai.ms.gov.br,2026-10-08,"número de atendimento publicado no site oficial; uso: atendimento ao cidadão, não é canal de comunicação política"
5004601,Itaquiraí,MS,radio,"Rádio Maracaí FM 97,5",facebook,https://www.facebook.com/maracaifm,https://radios-brasil.com/76277-radio-maracai-itaquirai.html,2026-10-08,
5004601,Itaquiraí,MS,radio,"Rádio Maracaí FM 97,5",instagram,https://www.instagram.com/maracaifm,https://radios-brasil.com/76277-radio-maracai-itaquirai.html,2026-10-08,
5004601,Itaquiraí,MS,radio,"Rádio Maracaí FM 97,5",site,https://www.radiomaracaifm.com.br,https://radios-brasil.com/76277-radio-maracai-itaquirai.html,2026-10-08,
5004601,Itaquiraí,MS,radio,"Rádio Maracaí FM 97,5",youtube,https://www.youtube.com/c/MaracaiFM,https://radios-brasil.com/76277-radio-maracai-itaquirai.html,2026-10-08,
5004601,Itaquiraí,MS,radio,Rádio e TV Vale Azul FM,facebook,https://www.facebook.com/radiovaleazulfm,https://radios-brasil.com/77715-radio-vale-azul-fm.html,2026-10-08,
5004601,Itaquiraí,MS,radio,Rádio e TV Vale Azul FM,instagram,https://www.instagram.com/radio_vale_azul_fm,https://radios-brasil.com/77715-radio-vale-azul-fm.html,2026-10-08,
5004601,Itaquiraí,MS,radio,Rádio e TV Vale Azul FM,site,https://www.tvradiovaleazul.com.br,https://radios-brasil.com/77715-radio-vale-azul-fm.html,2026-10-08,
5106232,Nova Olímpia,MT,camara,Câmara Municipal de Nova Olímpia,facebook,https://facebook.com/camaracidada.denovaolimpia,https://camaranovaolimpia.mt.gov.br,2026-10-08,
5106232,Nova Olímpia,MT,camara,Câmara Municipal de Nova Olímpia,instagram,https://instagram.com/camaranovaolimpia,https://camaranovaolimpia.mt.gov.br,2026-10-08,
5106232,Nova Olímpia,MT,camara,Câmara Municipal de Nova Olímpia,site,https://camaranovaolimpia.mt.gov.br,varredura de domínio,2026-10-08,
5106232,Nova Olímpia,MT,jornal,Diário da Serra,site,https://diariodaserra.com.br,https://diariodaserra.com.br/,2026-10-08,veículo da cidade-polo Tangará da Serra; sem perfis no site
5106232,Nova Olímpia,MT,prefeitura,Prefeitura de Nova Olímpia,site,https://www.novaolimpia.mt.gov.br,https://pt.wikipedia.org/wiki/Nova_Olímpia_(Mato_Grosso),2026-10-08,"site citado na Wikipédia; inacessível ao coletor (timeout/403), perfis não extraídos"
5106232,Nova Olímpia,MT,radio,"Rádio Cultura FM 104,9",facebook,https://www.facebook.com/culturafmnovaolimpia,https://radios-brasil.com/75620-radio-cultura-fm-1049-nova-olimpia.html,2026-10-08,
5106232,Nova Olímpia,MT,radio,"Rádio Cultura FM 104,9",instagram,https://www.instagram.com/radiocultura104_oficial,https://radios-brasil.com/75620-radio-cultura-fm-1049-nova-olimpia.html,2026-10-08,
5106232,Nova Olímpia,MT,radio,"Rádio Cultura FM 104,9",site,https://www.culturafmnovaolimpia.com.br,https://radios-brasil.com/75620-radio-cultura-fm-1049-nova-olimpia.html,2026-10-08,
5106232,Nova Olímpia,MT,radio,"Rádio Olímpia FM 87,9",facebook,https://www.facebook.com/olimpiafm,https://radios-brasil.com/76682-radio-olimpia.html,2026-10-08,
5106232,Nova Olímpia,MT,radio,"Rádio Olímpia FM 87,9",instagram,https://www.instagram.com/radio_olimpiafm,https://radios-brasil.com/76682-radio-olimpia.html,2026-10-08,
5106232,Nova Olímpia,MT,radio,"Rádio Olímpia FM 87,9",site,https://olimpiafm.com.br,https://radios-brasil.com/76682-radio-olimpia.html,2026-10-08,
5107008,Poxoréu,MT,camara,Câmara Municipal de Poxoréu,facebook,https://facebook.com/camaradepoxoreu,https://poxoreu.mt.leg.br,2026-10-08,
5107008,Poxoréu,MT,camara,Câmara Municipal de Poxoréu,instagram,https://instagram.com/camaradepoxoreu,https://poxoreu.mt.leg.br,2026-10-08,
5107008,Poxoréu,MT,camara,Câmara Municipal de Poxoréu,site,https://poxoreu.mt.leg.br,varredura de domínio,2026-10-08,
5107008,Poxoréu,MT,portal,Agora MT,facebook,https://www.facebook.com/agoramt,https://www.agoramt.com.br,2026-10-08,veículo da cidade-polo Rondonópolis
5107008,Poxoréu,MT,portal,Agora MT,instagram,https://www.instagram.com/agoramt,https://www.agoramt.com.br,2026-10-08,veículo da cidade-polo Rondonópolis
5107008,Poxoréu,MT,portal,Agora MT,site,https://www.agoramt.com.br,https://www.agoramt.com.br,2026-10-08,veículo da cidade-polo Rondonópolis
5107008,Poxoréu,MT,portal,Agora MT,youtube,https://www.youtube.com/user/TVAGORAMT,https://www.agoramt.com.br,2026-10-08,veículo da cidade-polo Rondonópolis
5107008,Poxoréu,MT,prefeitura,Prefeitura de Poxoréu,site,https://www.poxoreu.mt.gov.br,https://pt.wikipedia.org/wiki/Poxoréu,2026-10-08,"site citado na Wikipédia; inacessível ao coletor (timeout/403), perfis não extraídos"
5107008,Poxoréu,MT,radio,"Gazeta FM 91,5 Poxoréu",facebook,https://www.facebook.com/gazeta91.5poxoreu,https://radios-brasil.com/3531-radio-gazeta-fm.html,2026-10-08,
5107008,Poxoréu,MT,radio,"Gazeta FM 91,5 Poxoréu",instagram,https://www.instagram.com/gazetafmpoxoreu,https://radios-brasil.com/3531-radio-gazeta-fm.html,2026-10-08,
5107008,Poxoréu,MT,radio,"Gazeta FM 91,5 Poxoréu",site,https://www.gazetafmpoxoreu.com.br,https://radios-brasil.com/3531-radio-gazeta-fm.html,2026-10-08,
5107701,Rosário Oeste,MT,camara,Câmara Municipal de Rosário Oeste,site,https://camararosariooeste.mt.gov.br,https://pt.wikipedia.org/wiki/Rosário_Oeste,2026-10-08,"site citado na Wikipédia; inacessível ao coletor (timeout/403), perfis não extraídos"
5107701,Rosário Oeste,MT,portal,Página1 MT,facebook,https://www.facebook.com/pagina1mt,https://www.pagina1.com.br/,2026-10-08,
5107701,Rosário Oeste,MT,portal,Página1 MT,instagram,https://www.instagram.com/pagina1mt,https://www.pagina1.com.br/,2026-10-08,
5107701,Rosário Oeste,MT,portal,Página1 MT,site,https://www.pagina1.com.br,https://www.pagina1.com.br/,2026-10-08,
5107701,Rosário Oeste,MT,portal,Página1 MT,youtube,https://www.youtube.com/@pagina1mt,https://www.pagina1.com.br/,2026-10-08,
5107701,Rosário Oeste,MT,portal,Rosário News,facebook,https://www.facebook.com/siterosarionews,https://rosarionews.com.br/,2026-10-08,
5107701,Rosário Oeste,MT,portal,Rosário News,instagram,https://www.instagram.com/portalrosarionews,https://rosarionews.com.br/,2026-10-08,
5107701,Rosário Oeste,MT,portal,Rosário News,site,https://rosarionews.com.br,https://rosarionews.com.br/,2026-10-08,
5107701,Rosário Oeste,MT,portal,Rosário News,tiktok,https://www.tiktok.com/@portalrosarionews,https://rosarionews.com.br/,2026-10-08,
5107701,Rosário Oeste,MT,portal,Rosário Notícias,site,https://rosarionoticiasmt.com.br,https://rosarionoticiasmt.com.br/,2026-10-08,"site visto em busca; 403 ao coletor, perfis não extraídos"
5107701,Rosário Oeste,MT,prefeitura,Prefeitura de Rosário Oeste,facebook,https://facebook.com/PrefeituraRosarioOeste,https://www.rosariooeste.mt.gov.br,2026-10-08,
5107701,Rosário Oeste,MT,prefeitura,Prefeitura de Rosário Oeste,instagram,https://instagram.com/assistenciasocial_rosariooeste,https://www.rosariooeste.mt.gov.br,2026-10-08,
5107701,Rosário Oeste,MT,prefeitura,Prefeitura de Rosário Oeste,instagram,https://instagram.com/prefeituraderosariooeste,https://www.rosariooeste.mt.gov.br,2026-10-08,
5107701,Rosário Oeste,MT,prefeitura,Prefeitura de Rosário Oeste,site,https://www.rosariooeste.mt.gov.br,varredura de domínio,2026-10-08,
5107701,Rosário Oeste,MT,prefeitura,Prefeitura de Rosário Oeste,whatsapp_atendimento,https://api.whatsapp.com/send?phone=5565993248171,https://www.rosariooeste.mt.gov.br,2026-10-08,"número de atendimento publicado no site oficial; uso: atendimento ao cidadão, não é canal de comunicação política"
5107701,Rosário Oeste,MT,prefeitura,Prefeitura de Rosário Oeste,whatsapp_atendimento,https://wa.me/5565993096832,https://www.rosariooeste.mt.gov.br,2026-10-08,"número de atendimento publicado no site oficial; uso: atendimento ao cidadão, não é canal de comunicação política"
5107701,Rosário Oeste,MT,prefeitura,Prefeitura de Rosário Oeste,youtube,https://youtube.com/user/rosariooeste,https://www.rosariooeste.mt.gov.br,2026-10-08,
1500404,Alenquer,PA,camara,Câmara Municipal de Alenquer,facebook,https://facebook.com/cmalenqueroficial,https://cmalenquer.pa.gov.br,2026-10-08,
1500404,Alenquer,PA,camara,Câmara Municipal de Alenquer,site,https://cmalenquer.pa.gov.br,varredura de domínio,2026-10-08,
1500404,Alenquer,PA,jornal,Jornal O Impacto,facebook,https://www.facebook.com/impactourgente,https://oimpacto.com.br/,2026-10-08,veículo da cidade-polo Santarém
1500404,Alenquer,PA,jornal,Jornal O Impacto,instagram,https://www.instagram.com/oimpactosantarem,https://oimpacto.com.br/,2026-10-08,veículo da cidade-polo Santarém
1500404,Alenquer,PA,jornal,Jornal O Impacto,site,https://oimpacto.com.br,https://oimpacto.com.br/,2026-10-08,veículo da cidade-polo Santarém
1500404,Alenquer,PA,jornal,Jornal O Impacto,whatsapp_canal,https://whatsapp.com/channel/0029Va7deExIN9ioKOMK0P3i,https://oimpacto.com.br/,2026-10-08,"veículo da cidade-polo Santarém; canal confirmado: ""O Impacto"""
1500404,Alenquer,PA,jornal,Jornal O Impacto,youtube,https://www.youtube.com/@TvImpacto,https://oimpacto.com.br/,2026-10-08,veículo da cidade-polo Santarém
1500404,Alenquer,PA,portal,Portal Alenquer,facebook,https://www.facebook.com/portalalenquer,https://portalalenquer.com.br,2026-10-08,
1500404,Alenquer,PA,portal,Portal Alenquer,instagram,https://www.instagram.com/portalalenquer,https://portalalenquer.com.br,2026-10-08,
1500404,Alenquer,PA,portal,Portal Alenquer,site,https://portalalenquer.com.br,https://portalalenquer.com.br,2026-10-08,
1500404,Alenquer,PA,portal,Portal Alenquer,youtube,https://www.youtube.com/channel/UCdi8Lwl93IFf0fNXjCPYgDA,https://portalalenquer.com.br,2026-10-08,
1500404,Alenquer,PA,prefeitura,Prefeitura de Alenquer,facebook,https://facebook.com/alenquerprefeitura,https://alenquer.pa.gov.br,2026-10-08,
1500404,Alenquer,PA,prefeitura,Prefeitura de Alenquer,instagram,https://instagram.com/prefeituradealenquer,https://alenquer.pa.gov.br,2026-10-08,
1500404,Alenquer,PA,prefeitura,Prefeitura de Alenquer,site,https://alenquer.pa.gov.br,varredura de domínio,2026-10-08,
1500404,Alenquer,PA,radio,Açaí FM,facebook,https://www.facebook.com/radioacaifm,https://radios-brasil.com/9744-acai-fm.html,2026-10-08,
1500404,Alenquer,PA,radio,Açaí FM,instagram,https://www.instagram.com/radioacaifm,https://radios-brasil.com/9744-acai-fm.html,2026-10-08,
1500404,Alenquer,PA,radio,Açaí FM,site,https://www.acaifm.com,https://radios-brasil.com/9744-acai-fm.html,2026-10-08,
1500404,Alenquer,PA,radio,Açaí FM,tiktok,https://www.tiktok.com/@acaifm,https://radios-brasil.com/9744-acai-fm.html,2026-10-08,
1500404,Alenquer,PA,radio,Açaí FM,youtube,https://www.youtube.com/@acaifm,https://radios-brasil.com/9744-acai-fm.html,2026-10-08,
1500404,Alenquer,PA,radio,"Rádio Arca 87,9 FM (Rádio Comunitária de Alenquer)",facebook,https://www.facebook.com/rcalenquer,https://radios-brasil.com/75533-radio-comunitaria-de-alenquer.html,2026-10-08,rádio comunitária
1500404,Alenquer,PA,radio,"Rádio Arca 87,9 FM (Rádio Comunitária de Alenquer)",site,https://www.rcalenquer.com.br,https://radios-brasil.com/75533-radio-comunitaria-de-alenquer.html,2026-10-08,rádio comunitária
1501451,Belterra,PA,camara,Câmara Municipal de Belterra,facebook,https://facebook.com/camarabelterra.oficial,https://camarabelterra.pa.gov.br,2026-10-08,
1501451,Belterra,PA,camara,Câmara Municipal de Belterra,instagram,https://instagram.com/camaramunicipaldebelterra,https://camarabelterra.pa.gov.br,2026-10-08,
1501451,Belterra,PA,camara,Câmara Municipal de Belterra,site,https://camarabelterra.pa.gov.br,varredura de domínio,2026-10-08,
1501451,Belterra,PA,jornal,Jornal O Impacto,facebook,https://www.facebook.com/impactourgente,https://oimpacto.com.br/,2026-10-08,veículo da cidade-polo Santarém; nenhum veículo sediado em Belterra encontrado
1501451,Belterra,PA,jornal,Jornal O Impacto,instagram,https://www.instagram.com/oimpactosantarem,https://oimpacto.com.br/,2026-10-08,veículo da cidade-polo Santarém; nenhum veículo sediado em Belterra encontrado
1501451,Belterra,PA,jornal,Jornal O Impacto,site,https://oimpacto.com.br,https://oimpacto.com.br/,2026-10-08,veículo da cidade-polo Santarém; nenhum veículo sediado em Belterra encontrado
1501451,Belterra,PA,jornal,Jornal O Impacto,whatsapp_canal,https://whatsapp.com/channel/0029Va7deExIN9ioKOMK0P3i,https://oimpacto.com.br/,2026-10-08,"veículo da cidade-polo Santarém; nenhum veículo sediado em Belterra encontrado; canal confirmado: ""O Impacto"""
1501451,Belterra,PA,jornal,Jornal O Impacto,youtube,https://www.youtube.com/@TvImpacto,https://oimpacto.com.br/,2026-10-08,veículo da cidade-polo Santarém; nenhum veículo sediado em Belterra encontrado
1501451,Belterra,PA,prefeitura,Prefeitura de Belterra,site,https://www.belterra.pa.gov.br,varredura de domínio,2026-10-08,
1501451,Belterra,PA,radio,Rádio 94 FM / TV Tapajós,facebook,https://www.facebook.com/fm94noar,https://radios-brasil.com/6201-radio-94-fm.html,2026-10-08,veículo da cidade-polo Santarém
1501451,Belterra,PA,radio,Rádio 94 FM / TV Tapajós,instagram,https://www.instagram.com/fm94noar,https://radios-brasil.com/6201-radio-94-fm.html,2026-10-08,veículo da cidade-polo Santarém
1501451,Belterra,PA,radio,Rádio 94 FM / TV Tapajós,site,https://www.tvtapajos.com.br/94fm,https://radios-brasil.com/6201-radio-94-fm.html,2026-10-08,veículo da cidade-polo Santarém
1501451,Belterra,PA,radio,Rádio 94 FM / TV Tapajós,tiktok,https://www.tiktok.com/@radio94fm,https://radios-brasil.com/6201-radio-94-fm.html,2026-10-08,veículo da cidade-polo Santarém
1501451,Belterra,PA,radio,"Rádio Rural 91,1 FM (Santarém)",facebook,https://www.facebook.com/radioruralstm,https://radios-brasil.com/644-rural-91-1.html,2026-10-08,veículo da cidade-polo Santarém
1501451,Belterra,PA,radio,"Rádio Rural 91,1 FM (Santarém)",instagram,https://www.instagram.com/rural91.1fm,https://radios-brasil.com/644-rural-91-1.html,2026-10-08,veículo da cidade-polo Santarém
1501451,Belterra,PA,radio,"Rádio Rural 91,1 FM (Santarém)",site,https://www.radioruraldesantarem.com.br,https://radios-brasil.com/644-rural-91-1.html,2026-10-08,veículo da cidade-polo Santarém
1501451,Belterra,PA,radio,"Rádio Rural 91,1 FM (Santarém)",tiktok,https://www.tiktok.com/@rural91.1fm,https://radios-brasil.com/644-rural-91-1.html,2026-10-08,veículo da cidade-polo Santarém
1501451,Belterra,PA,radio,"Rádio Rural 91,1 FM (Santarém)",youtube,https://www.youtube.com/@rural91.1fm,https://radios-brasil.com/644-rural-91-1.html,2026-10-08,veículo da cidade-polo Santarém
1501782,Breu Branco,PA,portal,Agora Breu Branco,facebook,https://www.facebook.com/AgoraBreuBranco,https://www.instagram.com/agorabreubranco/,2026-10-08,perfis vistos em resultado de busca; site agorabreubranco.com não respondeu ao coletor
1501782,Breu Branco,PA,portal,Agora Breu Branco,instagram,https://www.instagram.com/agorabreubranco,https://www.instagram.com/agorabreubranco/,2026-10-08,perfis vistos em resultado de busca; site agorabreubranco.com não respondeu ao coletor
1501782,Breu Branco,PA,radio,"Energia FM 97,5 (Tucuruí)",instagram,https://www.instagram.com/redeenergiafm,https://energiafmpara.com.br/,2026-10-08,veículo da cidade-polo Tucuruí
1501782,Breu Branco,PA,radio,"Energia FM 97,5 (Tucuruí)",site,https://energiafmpara.com.br,https://energiafmpara.com.br/,2026-10-08,veículo da cidade-polo Tucuruí
1501782,Breu Branco,PA,radio,"Rádio Flash FM 99,9",site,https://tudoradio.com/player/radio/5067-flash-fm,https://tudoradio.com/player/radio/5067-flash-fm,2026-10-08,só página no Tudo Rádio; sem perfis
1501782,Breu Branco,PA,tv,Sistema Floresta de Comunicação (Tucuruí),facebook,https://www.facebook.com/sistemafloresta,https://www.sistemafloresta.com.br/,2026-10-08,veículo da cidade-polo Tucuruí; cobre Breu Branco
1501782,Breu Branco,PA,tv,Sistema Floresta de Comunicação (Tucuruí),instagram,https://www.instagram.com/sistemafloresta,https://www.sistemafloresta.com.br/,2026-10-08,veículo da cidade-polo Tucuruí; cobre Breu Branco
1501782,Breu Branco,PA,tv,Sistema Floresta de Comunicação (Tucuruí),site,https://www.sistemafloresta.com.br,https://www.sistemafloresta.com.br/,2026-10-08,veículo da cidade-polo Tucuruí; cobre Breu Branco
1501782,Breu Branco,PA,tv,Sistema Floresta de Comunicação (Tucuruí),youtube,https://www.youtube.com/c/SistemaFloresta,https://www.sistemafloresta.com.br/,2026-10-08,veículo da cidade-polo Tucuruí; cobre Breu Branco
1502939,Dom Eliseu,PA,camara,Câmara Municipal de Dom Eliseu,instagram,https://www.instagram.com/camaramunicipaldedomeliseu21,https://camaradedomeliseu.pa.gov.br,2026-10-08,
1502939,Dom Eliseu,PA,camara,Câmara Municipal de Dom Eliseu,site,https://camaradedomeliseu.pa.gov.br,https://camaradedomeliseu.pa.gov.br,2026-10-08,
1502939,Dom Eliseu,PA,portal,Dom Eliseu Online,instagram,https://www.instagram.com/domeliseuonline,https://www.instagram.com/domeliseuonline/,2026-10-08,perfil visto em resultado de busca
1502939,Dom Eliseu,PA,portal,Portal Dom Eliseu Notícias,instagram,https://www.instagram.com/portaldomeliseunoticias,https://www.portaldomeliseunoticias.com/,2026-10-08,Instagram visto em resultado de busca
1502939,Dom Eliseu,PA,portal,Portal Dom Eliseu Notícias,site,https://www.portaldomeliseunoticias.com,https://www.portaldomeliseunoticias.com/,2026-10-08,Instagram visto em resultado de busca
1502939,Dom Eliseu,PA,prefeitura,Prefeitura de Dom Eliseu,facebook,https://facebook.com/prefeituradedomeliseu,https://domeliseu.pa.gov.br,2026-10-08,
1502939,Dom Eliseu,PA,prefeitura,Prefeitura de Dom Eliseu,instagram,https://instagram.com/prefeituradedomeliseu,https://domeliseu.pa.gov.br,2026-10-08,
1502939,Dom Eliseu,PA,prefeitura,Prefeitura de Dom Eliseu,site,https://domeliseu.pa.gov.br,varredura de domínio,2026-10-08,
1502939,Dom Eliseu,PA,radio,"Rádio Nativa FM 88,5",site,https://tudoradio.com/player/radio/453-radio-nativa-fm,https://tudoradio.com/radios/cidade/2424-dom-eliseu,2026-10-08,só página no Tudo Rádio
1503705,Itupiranga,PA,camara,Câmara Municipal de Itupiranga,instagram,https://instagram.com/camaramunicipaldeitupiranga,https://itupiranga.pa.leg.br,2026-10-08,
1503705,Itupiranga,PA,camara,Câmara Municipal de Itupiranga,site,https://itupiranga.pa.leg.br,varredura de domínio,2026-10-08,
1503705,Itupiranga,PA,jornal,Correio de Carajás,facebook,https://www.facebook.com/correiodecarajas,https://correiodecarajas.com.br,2026-10-08,veículo da cidade-polo Marabá
1503705,Itupiranga,PA,jornal,Correio de Carajás,instagram,https://www.instagram.com/correiodecarajas,https://correiodecarajas.com.br,2026-10-08,veículo da cidade-polo Marabá
1503705,Itupiranga,PA,jornal,Correio de Carajás,site,https://correiodecarajas.com.br,https://correiodecarajas.com.br,2026-10-08,veículo da cidade-polo Marabá
1503705,Itupiranga,PA,jornal,Correio de Carajás,telegram_canal,https://t.me/CorreioDeCarajas,https://correiodecarajas.com.br,2026-10-08,veículo da cidade-polo Marabá
1503705,Itupiranga,PA,jornal,Correio de Carajás,youtube,https://www.youtube.com/channel/UCigTjobalV2Ie3R6Dy5FGjg,https://correiodecarajas.com.br,2026-10-08,veículo da cidade-polo Marabá
1503705,Itupiranga,PA,portal,Blog do Zé Dudu,facebook,https://www.facebook.com/Blogdozedudu,https://www.zedudu.com.br,2026-10-08,veículo regional do sul e sudeste paraense
1503705,Itupiranga,PA,portal,Blog do Zé Dudu,instagram,https://www.instagram.com/blog.do.zedudu,https://www.zedudu.com.br,2026-10-08,veículo regional do sul e sudeste paraense
1503705,Itupiranga,PA,portal,Blog do Zé Dudu,site,https://www.zedudu.com.br,https://www.zedudu.com.br,2026-10-08,veículo regional do sul e sudeste paraense
1503705,Itupiranga,PA,portal,Blog do Zé Dudu,youtube,https://www.youtube.com/channel/UCINezcXN0Aa59UNVlHRS1HA,https://www.zedudu.com.br,2026-10-08,veículo regional do sul e sudeste paraense
1503705,Itupiranga,PA,prefeitura,Prefeitura de Itupiranga,instagram,https://instagram.com/prefeituraitupiranga,https://itupiranga.pa.gov.br,2026-10-08,
1503705,Itupiranga,PA,prefeitura,Prefeitura de Itupiranga,site,https://itupiranga.pa.gov.br,varredura de domínio,2026-10-08,
1503705,Itupiranga,PA,radio,Rádio Jovem FM 102,facebook,https://www.facebook.com/Jovemfmitupiranga,https://radios-brasil.com/4503-radio-jovem-fm.html,2026-10-08,
1503705,Itupiranga,PA,radio,Rádio Jovem FM 102,instagram,https://www.instagram.com/jovemfmitupiranga,https://radios-brasil.com/4503-radio-jovem-fm.html,2026-10-08,
1503705,Itupiranga,PA,radio,Rádio Jovem FM 102,site,https://www.jovemfm102.com.br,https://radios-brasil.com/4503-radio-jovem-fm.html,2026-10-08,
1503705,Itupiranga,PA,radio,Rádio Jovem FM 102,youtube,https://www.youtube.com/@RádioJovemFmitupiranga,https://radios-brasil.com/4503-radio-jovem-fm.html,2026-10-08,
1503705,Itupiranga,PA,radio,"Rádio Sociedade FM 87,9",facebook,https://www.facebook.com/sociedadefmitupiranga,https://radios-brasil.com/77416-radio-sociedade-879-fm-itupiranga.html,2026-10-08,
1503804,Jacundá,PA,camara,Câmara Municipal de Jacundá,facebook,https://www.facebook.com/camaramunicipaldejacunda,https://camaradejacunda.pa.gov.br,2026-10-08,
1503804,Jacundá,PA,camara,Câmara Municipal de Jacundá,site,https://camaradejacunda.pa.gov.br,https://camaradejacunda.pa.gov.br,2026-10-08,
1503804,Jacundá,PA,jornal,Correio de Carajás,facebook,https://www.facebook.com/correiodecarajas,https://correiodecarajas.com.br,2026-10-08,veículo da cidade-polo Marabá
1503804,Jacundá,PA,jornal,Correio de Carajás,instagram,https://www.instagram.com/correiodecarajas,https://correiodecarajas.com.br,2026-10-08,veículo da cidade-polo Marabá
1503804,Jacundá,PA,jornal,Correio de Carajás,site,https://correiodecarajas.com.br,https://correiodecarajas.com.br,2026-10-08,veículo da cidade-polo Marabá
1503804,Jacundá,PA,jornal,Correio de Carajás,telegram_canal,https://t.me/CorreioDeCarajas,https://correiodecarajas.com.br,2026-10-08,veículo da cidade-polo Marabá
1503804,Jacundá,PA,jornal,Correio de Carajás,youtube,https://www.youtube.com/channel/UCigTjobalV2Ie3R6Dy5FGjg,https://correiodecarajas.com.br,2026-10-08,veículo da cidade-polo Marabá
1503804,Jacundá,PA,portal,Blog do Zé Dudu,facebook,https://www.facebook.com/Blogdozedudu,https://www.zedudu.com.br,2026-10-08,veículo regional do sul e sudeste paraense
1503804,Jacundá,PA,portal,Blog do Zé Dudu,instagram,https://www.instagram.com/blog.do.zedudu,https://www.zedudu.com.br,2026-10-08,veículo regional do sul e sudeste paraense
1503804,Jacundá,PA,portal,Blog do Zé Dudu,site,https://www.zedudu.com.br,https://www.zedudu.com.br,2026-10-08,veículo regional do sul e sudeste paraense
1503804,Jacundá,PA,portal,Blog do Zé Dudu,youtube,https://www.youtube.com/channel/UCINezcXN0Aa59UNVlHRS1HA,https://www.zedudu.com.br,2026-10-08,veículo regional do sul e sudeste paraense
1503804,Jacundá,PA,prefeitura,Prefeitura de Jacundá,instagram,https://instagram.com/prefeituradejacunda,https://jacunda.pa.gov.br,2026-10-08,
1503804,Jacundá,PA,prefeitura,Prefeitura de Jacundá,site,https://jacunda.pa.gov.br,varredura de domínio,2026-10-08,
1503804,Jacundá,PA,radio,Energia FM Jacundá,instagram,https://www.instagram.com/energiafmjacunda,https://radios-brasil.com/7436-para-fm.html,2026-10-08,o site indicado (energiafmpara.com.br) é da Energia FM de Tucuruí
1503804,Jacundá,PA,radio,Rádio Acle Mix,instagram,https://www.instagram.com/radio_acle_mix,https://radios-brasil.com/92131-radio-acle-mix.html,2026-10-08,web rádio
1503804,Jacundá,PA,radio,Rádio Acle Mix,site,https://radioaclemix.blogspot.com,https://radios-brasil.com/92131-radio-acle-mix.html,2026-10-08,web rádio
1504950,Nova Esperança Do Piriá,PA,camara,Câmara Municipal de Nova Esperança Do Piriá,facebook,https://facebook.com/legislativo.nep,https://www.novaesperancadopiria.pa.leg.br,2026-10-08,
1504950,Nova Esperança Do Piriá,PA,camara,Câmara Municipal de Nova Esperança Do Piriá,instagram,https://instagram.com/camaradopiria,https://www.novaesperancadopiria.pa.leg.br,2026-10-08,
1504950,Nova Esperança Do Piriá,PA,camara,Câmara Municipal de Nova Esperança Do Piriá,site,https://www.novaesperancadopiria.pa.leg.br,varredura de domínio,2026-10-08,
1504950,Nova Esperança Do Piriá,PA,camara,Câmara Municipal de Nova Esperança Do Piriá,youtube,https://youtube.com/@cmnep,https://www.novaesperancadopiria.pa.leg.br,2026-10-08,
1504950,Nova Esperança Do Piriá,PA,prefeitura,Prefeitura de Nova Esperança Do Piriá,instagram,https://instagram.com/prefeituradopiria,https://www.novaesperancadopiria.pa.gov.br,2026-10-08,
1504950,Nova Esperança Do Piriá,PA,prefeitura,Prefeitura de Nova Esperança Do Piriá,site,https://www.novaesperancadopiria.pa.gov.br,varredura de domínio,2026-10-08,
1504950,Nova Esperança Do Piriá,PA,radio,"FM Serra Azul 87,9",facebook,https://www.facebook.com/Fmserraazul87.9,https://radios-brasil.com/74639-fm-serra-azul-879.html,2026-10-08,único veículo local encontrado
1504950,Nova Esperança Do Piriá,PA,radio,"FM Serra Azul 87,9",instagram,https://www.instagram.com/fmserraazul87.9,https://radios-brasil.com/74639-fm-serra-azul-879.html,2026-10-08,único veículo local encontrado
1505809,Portel,PA,camara,Câmara Municipal de Portel,facebook,https://www.facebook.com/camaradeportel.para,https://camaradeportel.pa.gov.br,2026-10-08,
1505809,Portel,PA,camara,Câmara Municipal de Portel,site,https://camaradeportel.pa.gov.br,https://camaradeportel.pa.gov.br,2026-10-08,
1505809,Portel,PA,portal,Portel Notícias,facebook,https://www.facebook.com/portelnoticias,https://portelnoticias.com.br,2026-10-08,
1505809,Portel,PA,portal,Portel Notícias,instagram,https://www.instagram.com/portelnoticias,https://portelnoticias.com.br,2026-10-08,
1505809,Portel,PA,portal,Portel Notícias,site,https://portelnoticias.com.br,https://portelnoticias.com.br,2026-10-08,
1505809,Portel,PA,portal,Portel Notícias,whatsapp_canal,https://whatsapp.com/channel/0029Va8mWc1LCoX9VQWCfY0L,https://portelnoticias.com.br,2026-10-08,"canal confirmado: ""Portel Notícias"""
1505809,Portel,PA,portal,Portel Notícias,youtube,https://www.youtube.com/@portelnoticias,https://portelnoticias.com.br,2026-10-08,
1505809,Portel,PA,prefeitura,Prefeitura de Portel,facebook,https://facebook.com/prefeituraportel,https://portel.pa.gov.br,2026-10-08,
1505809,Portel,PA,prefeitura,Prefeitura de Portel,instagram,https://instagram.com/prefeituraportel,https://portel.pa.gov.br,2026-10-08,
1505809,Portel,PA,prefeitura,Prefeitura de Portel,site,https://portel.pa.gov.br,varredura de domínio,2026-10-08,
1505809,Portel,PA,prefeitura,Prefeitura de Portel,youtube,https://youtube.com/@prefeituraportel,https://portel.pa.gov.br,2026-10-08,
1507805,Senador José Porfírio,PA,camara,Câmara Municipal de Senador José Porfírio,site,https://cmjoseporfirio.pa.gov.br,https://cmjoseporfirio.pa.gov.br,2026-10-08,"o Instagram do site aponta para a Câmara de Souzel (erro de template), não registrado"
1507805,Senador José Porfírio,PA,prefeitura,Prefeitura de Senador José Porfírio,facebook,https://www.facebook.com/ascom.sjp.9,https://joseporfirio.pa.gov.br,2026-10-08,
1507805,Senador José Porfírio,PA,prefeitura,Prefeitura de Senador José Porfírio,instagram,https://www.instagram.com/pref.senadorjoseporfirio,https://joseporfirio.pa.gov.br,2026-10-08,
1507805,Senador José Porfírio,PA,prefeitura,Prefeitura de Senador José Porfírio,site,https://joseporfirio.pa.gov.br,https://joseporfirio.pa.gov.br,2026-10-08,
1507805,Senador José Porfírio,PA,radio,Clube FM Altamira,instagram,https://www.instagram.com/clubefmaltamira,https://radios-brasil.com/74564-clube-fm-altamira.html,2026-10-08,veículo da cidade-polo Altamira
1507805,Senador José Porfírio,PA,radio,Clube FM Altamira,site,https://clube.fm/altamira,https://radios-brasil.com/74564-clube-fm-altamira.html,2026-10-08,veículo da cidade-polo Altamira
1507805,Senador José Porfírio,PA,radio,Rádio Cidade FM Altamira,instagram,https://www.instagram.com/radiocidadefmaltamira,https://radios-brasil.com/4488-radio-cidade-fm.html,2026-10-08,veículo da cidade-polo Altamira
1507805,Senador José Porfírio,PA,radio,Rádio Cidade FM Altamira,site,https://radiocidadealtamira.com,https://radios-brasil.com/4488-radio-cidade-fm.html,2026-10-08,veículo da cidade-polo Altamira
1507805,Senador José Porfírio,PA,radio,Rádio Cidade FM Altamira,youtube,https://www.youtube.com/channel/UCTsXZqlcPo2Q-roTNYvd9OQ,https://radios-brasil.com/4488-radio-cidade-fm.html,2026-10-08,veículo da cidade-polo Altamira
1507805,Senador José Porfírio,PA,tv,Rede Vale do Xingu (Vale do Xingu FM 93 / SBT Altamira),facebook,https://www.facebook.com/ValedoxinguFM,https://radios-brasil.com/6210-vale-do-xingu-fm.html,2026-10-08,veículo da cidade-polo Altamira; nenhum veículo sediado no município encontrado
1507805,Senador José Porfírio,PA,tv,Rede Vale do Xingu (Vale do Xingu FM 93 / SBT Altamira),facebook,https://www.facebook.com/SBTALTAMIRA10,https://radios-brasil.com/6210-vale-do-xingu-fm.html,2026-10-08,veículo da cidade-polo Altamira; nenhum veículo sediado no município encontrado
1507805,Senador José Porfírio,PA,tv,Rede Vale do Xingu (Vale do Xingu FM 93 / SBT Altamira),instagram,https://www.instagram.com/valedoxingu93fm,https://radios-brasil.com/6210-vale-do-xingu-fm.html,2026-10-08,veículo da cidade-polo Altamira; nenhum veículo sediado no município encontrado
1507805,Senador José Porfírio,PA,tv,Rede Vale do Xingu (Vale do Xingu FM 93 / SBT Altamira),site,https://www.valedoxingu.com.br,https://radios-brasil.com/6210-vale-do-xingu-fm.html,2026-10-08,veículo da cidade-polo Altamira; nenhum veículo sediado no município encontrado
1507805,Senador José Porfírio,PA,tv,Rede Vale do Xingu (Vale do Xingu FM 93 / SBT Altamira),tiktok,https://www.tiktok.com/@radiovaledoxingu93fm,https://radios-brasil.com/6210-vale-do-xingu-fm.html,2026-10-08,veículo da cidade-polo Altamira; nenhum veículo sediado no município encontrado
1507805,Senador José Porfírio,PA,tv,Rede Vale do Xingu (Vale do Xingu FM 93 / SBT Altamira),youtube,https://www.youtube.com/@valedoxingusbt10,https://radios-brasil.com/6210-vale-do-xingu-fm.html,2026-10-08,veículo da cidade-polo Altamira; nenhum veículo sediado no município encontrado
1507953,Tailândia,PA,camara,Câmara Municipal de Tailândia,instagram,https://instagram.com/camaratailandia,https://tailandia.pa.leg.br,2026-10-08,
1507953,Tailândia,PA,camara,Câmara Municipal de Tailândia,site,https://tailandia.pa.leg.br,varredura de domínio,2026-10-08,
1507953,Tailândia,PA,portal,Portal Tailândia,site,https://portaltailandia.com,https://portaltailandia.com/,2026-10-08,
1507953,Tailândia,PA,portal,Portal Tailândia,whatsapp_canal,https://whatsapp.com/channel/0029VaARRng9cDDdQtuiyj1W,https://portaltailandia.com/,2026-10-08,"canal confirmado: ""Portal Tailândia | Canal no WhatsApp 🗞️"""
1507953,Tailândia,PA,portal,Portal Tailândia,youtube,https://www.youtube.com/user/portaltailandia1,https://portaltailandia.com/,2026-10-08,
1507953,Tailândia,PA,prefeitura,Prefeitura de Tailândia,facebook,https://facebook.com/prefeituradetailandia,https://tailandia.pa.gov.br,2026-10-08,
1507953,Tailândia,PA,prefeitura,Prefeitura de Tailândia,instagram,https://instagram.com/prefeituradetailandia,https://tailandia.pa.gov.br,2026-10-08,
1507953,Tailândia,PA,prefeitura,Prefeitura de Tailândia,site,https://tailandia.pa.gov.br,varredura de domínio,2026-10-08,
1507953,Tailândia,PA,radio,"Positiva FM 96,1",facebook,https://www.facebook.com/positivafmtailandia,https://radios-brasil.com/77024-radio-positiva-961-fm.html,2026-10-08,
1507953,Tailândia,PA,radio,"Positiva FM 96,1",instagram,https://www.instagram.com/positivafmtailandia,https://radios-brasil.com/77024-radio-positiva-961-fm.html,2026-10-08,
1507953,Tailândia,PA,radio,"Positiva FM 96,1",site,https://positivatailandia.com,https://radios-brasil.com/77024-radio-positiva-961-fm.html,2026-10-08,
1507953,Tailândia,PA,radio,"Positiva FM 96,1",youtube,https://www.youtube.com/@positivafmtailandia,https://radios-brasil.com/77024-radio-positiva-961-fm.html,2026-10-08,
1508001,Tomé-Açu,PA,camara,Câmara Municipal de Tomé-Açu,site,https://www.camaratomeacu.pa.gov.br,https://www.prefeituratomeacu.pa.gov.br,2026-10-08,link no site da prefeitura; não respondeu no teste
1508001,Tomé-Açu,PA,jornal,Diário do Pará,facebook,https://www.facebook.com/jornaldiariodopara,https://diariodopara.com.br/,2026-10-08,veículo estadual de Belém
1508001,Tomé-Açu,PA,jornal,Diário do Pará,instagram,https://www.instagram.com/jornaldiariodopara,https://diariodopara.com.br/,2026-10-08,veículo estadual de Belém
1508001,Tomé-Açu,PA,jornal,Diário do Pará,site,https://diariodopara.com.br,https://diariodopara.com.br/,2026-10-08,veículo estadual de Belém
1508001,Tomé-Açu,PA,jornal,Diário do Pará,whatsapp_canal,https://whatsapp.com/channel/0029VaiMRk30AgWBZOvUgK2k,https://diariodopara.com.br/,2026-10-08,"veículo estadual de Belém; canal confirmado: ""Jornal Diário Do Pará"""
1508001,Tomé-Açu,PA,jornal,O Liberal,facebook,https://www.facebook.com/oliberal,https://www.oliberal.com/,2026-10-08,veículo estadual de Belém
1508001,Tomé-Açu,PA,jornal,O Liberal,instagram,https://www.instagram.com/oliberal,https://www.oliberal.com/,2026-10-08,veículo estadual de Belém
1508001,Tomé-Açu,PA,jornal,O Liberal,site,https://www.oliberal.com,https://www.oliberal.com/,2026-10-08,veículo estadual de Belém
1508001,Tomé-Açu,PA,jornal,O Liberal,telegram_canal,https://t.me/noticiasoliberal,https://www.oliberal.com/,2026-10-08,veículo estadual de Belém
1508001,Tomé-Açu,PA,jornal,O Liberal,tiktok,https://www.tiktok.com/@oliberal.com,https://www.oliberal.com/,2026-10-08,veículo estadual de Belém
1508001,Tomé-Açu,PA,jornal,O Liberal,youtube,https://www.youtube.com/@OLiberalPA,https://www.oliberal.com/,2026-10-08,veículo estadual de Belém
1508001,Tomé-Açu,PA,prefeitura,Prefeitura de Tomé-Açu,instagram,https://instagram.com/prefeituratomeacu,https://www.prefeituratomeacu.pa.gov.br,2026-10-08,
1508001,Tomé-Açu,PA,prefeitura,Prefeitura de Tomé-Açu,site,https://www.prefeituratomeacu.pa.gov.br,varredura de domínio,2026-10-08,
1508001,Tomé-Açu,PA,prefeitura,Prefeitura de Tomé-Açu,youtube,https://youtube.com/@prefeituratomeacu,https://www.prefeituratomeacu.pa.gov.br,2026-10-08,
1508001,Tomé-Açu,PA,radio,Rádio J.A FM 106.9,facebook,https://www.facebook.com/RadioJaFm,https://www.radiojafm.com.br/,2026-10-08,
1508001,Tomé-Açu,PA,radio,Rádio J.A FM 106.9,instagram,https://www.instagram.com/radioj.afm,https://www.radiojafm.com.br/,2026-10-08,
1508001,Tomé-Açu,PA,radio,Rádio J.A FM 106.9,site,https://www.radiojafm.com.br,https://tudoradio.com/dials/emissora/2987-radio-ja-fm,2026-10-08,
1508126,Ulianópolis,PA,camara,Câmara Municipal de Ulianópolis,facebook,https://www.facebook.com/Camaramunicipaldeulianopolis,https://cmu.pa.gov.br,2026-10-08,
1508126,Ulianópolis,PA,camara,Câmara Municipal de Ulianópolis,instagram,https://www.instagram.com/camaraulianopolis,https://cmu.pa.gov.br,2026-10-08,
1508126,Ulianópolis,PA,camara,Câmara Municipal de Ulianópolis,site,https://cmu.pa.gov.br,https://cmu.pa.gov.br,2026-10-08,
1508126,Ulianópolis,PA,camara,Câmara Municipal de Ulianópolis,youtube,https://www.youtube.com/@camaraulianopolis,https://cmu.pa.gov.br,2026-10-08,
1508126,Ulianópolis,PA,jornal,Diário do Pará,facebook,https://www.facebook.com/jornaldiariodopara,https://diariodopara.com.br/,2026-10-08,veículo estadual de Belém
1508126,Ulianópolis,PA,jornal,Diário do Pará,instagram,https://www.instagram.com/jornaldiariodopara,https://diariodopara.com.br/,2026-10-08,veículo estadual de Belém
1508126,Ulianópolis,PA,jornal,Diário do Pará,site,https://diariodopara.com.br,https://diariodopara.com.br/,2026-10-08,veículo estadual de Belém
1508126,Ulianópolis,PA,jornal,Diário do Pará,whatsapp_canal,https://whatsapp.com/channel/0029VaiMRk30AgWBZOvUgK2k,https://diariodopara.com.br/,2026-10-08,"veículo estadual de Belém; canal confirmado: ""Jornal Diário Do Pará"""
1508126,Ulianópolis,PA,jornal,O Liberal,facebook,https://www.facebook.com/oliberal,https://www.oliberal.com/,2026-10-08,veículo estadual de Belém
1508126,Ulianópolis,PA,jornal,O Liberal,instagram,https://www.instagram.com/oliberal,https://www.oliberal.com/,2026-10-08,veículo estadual de Belém
1508126,Ulianópolis,PA,jornal,O Liberal,site,https://www.oliberal.com,https://www.oliberal.com/,2026-10-08,veículo estadual de Belém
1508126,Ulianópolis,PA,jornal,O Liberal,telegram_canal,https://t.me/noticiasoliberal,https://www.oliberal.com/,2026-10-08,veículo estadual de Belém
1508126,Ulianópolis,PA,jornal,O Liberal,tiktok,https://www.tiktok.com/@oliberal.com,https://www.oliberal.com/,2026-10-08,veículo estadual de Belém
1508126,Ulianópolis,PA,jornal,O Liberal,youtube,https://www.youtube.com/@OLiberalPA,https://www.oliberal.com/,2026-10-08,veículo estadual de Belém
1508126,Ulianópolis,PA,prefeitura,Prefeitura de Ulianópolis,facebook,https://facebook.com/prefeituradeulianopolis,https://ulianopolis.pa.gov.br,2026-10-08,
1508126,Ulianópolis,PA,prefeitura,Prefeitura de Ulianópolis,instagram,https://instagram.com/prefeituraulianopolis,https://ulianopolis.pa.gov.br,2026-10-08,
1508126,Ulianópolis,PA,prefeitura,Prefeitura de Ulianópolis,site,https://ulianopolis.pa.gov.br,varredura de domínio,2026-10-08,
1508126,Ulianópolis,PA,radio,Município Verde FM 94.1 (Paragominas),site,https://municipioverdefm.com.br,https://tudoradio.com/dials/emissora/7098-municipio-verde-fm,2026-10-08,rádio da cidade-polo Paragominas
1508357,Vitória Do Xingu,PA,camara,Câmara Municipal de Vitória Do Xingu,site,https://cmvitoriadoxingu.pa.gov.br,varredura de domínio,2026-10-08,
1508357,Vitória Do Xingu,PA,portal,Diário do Xingu,instagram,https://www.instagram.com/jornaldiariodoxingu,https://diariodoxingu.com/,2026-10-08,portal da cidade-polo Altamira
1508357,Vitória Do Xingu,PA,portal,Diário do Xingu,site,https://diariodoxingu.com,https://diariodoxingu.com/,2026-10-08,portal da cidade-polo Altamira
1508357,Vitória Do Xingu,PA,prefeitura,Prefeitura de Vitória Do Xingu,facebook,https://facebook.com/pmvtx,https://vitoriadoxingu.pa.gov.br,2026-10-08,
1508357,Vitória Do Xingu,PA,prefeitura,Prefeitura de Vitória Do Xingu,site,https://vitoriadoxingu.pa.gov.br,varredura de domínio,2026-10-08,
1508357,Vitória Do Xingu,PA,radio,Clube FM Altamira 102.7,instagram,https://www.instagram.com/ClubefmAltamira,https://clube.fm/altamira,2026-10-08,rádio da cidade-polo Altamira
1508357,Vitória Do Xingu,PA,radio,Clube FM Altamira 102.7,site,https://clube.fm/altamira,https://tudoradio.com/dials/emissora/6997-clube-fm,2026-10-08,rádio da cidade-polo Altamira
1508357,Vitória Do Xingu,PA,tv,Rede Vale do Xingu (SBT Altamira / Vale do Xingu FM),facebook,https://www.facebook.com/SBTALTAMIRA10,https://www.valedoxingu.com.br/,2026-10-08,grupo da cidade-polo Altamira
1508357,Vitória Do Xingu,PA,tv,Rede Vale do Xingu (SBT Altamira / Vale do Xingu FM),site,https://www.valedoxingu.com.br,https://tudoradio.com/dials/emissora/5392-vale-do-xingu-fm,2026-10-08,grupo da cidade-polo Altamira
2601409,Barreiros,PE,camara,Câmara Municipal de Barreiros,facebook,https://facebook.com/camarabarreiros,https://www.camarabarreiros.pe.gov.br,2026-10-08,
2601409,Barreiros,PE,camara,Câmara Municipal de Barreiros,instagram,https://instagram.com/camarabarreiros,https://www.camarabarreiros.pe.gov.br,2026-10-08,
2601409,Barreiros,PE,camara,Câmara Municipal de Barreiros,site,https://www.camarabarreiros.pe.gov.br,varredura de domínio,2026-10-08,
2601409,Barreiros,PE,camara,Câmara Municipal de Barreiros,youtube,https://youtube.com/@camarabarreiros5260,https://www.camarabarreiros.pe.gov.br,2026-10-08,
2601409,Barreiros,PE,prefeitura,Prefeitura de Barreiros,facebook,https://facebook.com/prefeituraabarreiros,https://www.barreiros.pe.gov.br,2026-10-08,
2601409,Barreiros,PE,prefeitura,Prefeitura de Barreiros,instagram,https://instagram.com/prefeiturabarreiros,https://www.barreiros.pe.gov.br,2026-10-08,
2601409,Barreiros,PE,prefeitura,Prefeitura de Barreiros,site,https://www.barreiros.pe.gov.br,varredura de domínio,2026-10-08,
2601409,Barreiros,PE,radio,Litoral FM 96.1,facebook,https://www.facebook.com/radiolitoralbarreiros,https://radiolitoralbarreiros.com.br/,2026-10-08,
2601409,Barreiros,PE,radio,Litoral FM 96.1,instagram,https://www.instagram.com/radiolitoralbarreiros,https://radiolitoralbarreiros.com.br/,2026-10-08,
2601409,Barreiros,PE,radio,Litoral FM 96.1,site,https://radiolitoralbarreiros.com.br,https://tudoradio.com/dials/emissora/2256-litoral,2026-10-08,
2601409,Barreiros,PE,radio,Litoral FM 96.1,tiktok,https://www.tiktok.com/@radiolitoralbarreiros,https://radiolitoralbarreiros.com.br/,2026-10-08,
2601409,Barreiros,PE,radio,Litoral FM 96.1,youtube,https://www.youtube.com/@radiolitoralbarreiros,https://radiolitoralbarreiros.com.br/,2026-10-08,
2601409,Barreiros,PE,radio,Rádio Cultura dos Palmares 88.9,facebook,https://www.facebook.com/rcpalmares,http://radioculturadospalmares.com.br,2026-10-08,rádio da cidade-polo Palmares
2601409,Barreiros,PE,radio,Rádio Cultura dos Palmares 88.9,instagram,https://www.instagram.com/rcpalmares88.9fm,http://radioculturadospalmares.com.br,2026-10-08,rádio da cidade-polo Palmares
2601409,Barreiros,PE,radio,Rádio Cultura dos Palmares 88.9,site,https://radioculturadospalmares.com.br,https://tudoradio.com/dials/emissora/3725-radio-cultura,2026-10-08,rádio da cidade-polo Palmares
2601409,Barreiros,PE,radio,Rádio Cultura dos Palmares 88.9,youtube,https://www.youtube.com/@culturafm88.9,http://radioculturadospalmares.com.br,2026-10-08,rádio da cidade-polo Palmares
2602100,Bom Conselho,PE,camara,Câmara Municipal de Bom Conselho,instagram,https://instagram.com/camaravereadoresbc,https://www.bomconselho.pe.leg.br,2026-10-08,
2602100,Bom Conselho,PE,camara,Câmara Municipal de Bom Conselho,site,https://www.bomconselho.pe.leg.br,varredura de domínio,2026-10-08,
2602100,Bom Conselho,PE,camara,Câmara Municipal de Bom Conselho,whatsapp_atendimento,https://wa.me/87996690025,https://www.bomconselho.pe.leg.br,2026-10-08,"número de atendimento publicado no site oficial; uso: atendimento ao cidadão, não é canal de comunicação política"
2602100,Bom Conselho,PE,camara,Câmara Municipal de Bom Conselho,youtube,https://youtube.com/@TVBOMCONSELHOPE,https://www.bomconselho.pe.leg.br,2026-10-08,
2602100,Bom Conselho,PE,prefeitura,Prefeitura de Bom Conselho,instagram,https://instagram.com/pref.bomconselho,https://www.bomconselho.pe.gov.br,2026-10-08,
2602100,Bom Conselho,PE,prefeitura,Prefeitura de Bom Conselho,site,https://www.bomconselho.pe.gov.br,varredura de domínio,2026-10-08,
2602100,Bom Conselho,PE,radio,Atitude FM 106.1,instagram,https://www.instagram.com/atitude106fm,https://atitude106.com/,2026-10-08,
2602100,Bom Conselho,PE,radio,Atitude FM 106.1,site,https://atitude106.com,https://tudoradio.com/dials/emissora/7272-atitude-fm,2026-10-08,
2602100,Bom Conselho,PE,radio,Rádio Papacaça FM 102.9,facebook,https://www.facebook.com/radiopapacaca,https://radiopapacaca.com.br/player/,2026-10-08,
2602100,Bom Conselho,PE,radio,Rádio Papacaça FM 102.9,instagram,https://www.instagram.com/radiopapacaca,https://radiopapacaca.com.br/player/,2026-10-08,
2602100,Bom Conselho,PE,radio,Rádio Papacaça FM 102.9,site,https://radiopapacaca.com.br,https://tudoradio.com/dials/emissora/5000-radio-papacaca,2026-10-08,
2602100,Bom Conselho,PE,radio,Rádio Papacaça FM 102.9,youtube,https://www.youtube.com/@radiopapacaca,https://radiopapacaca.com.br/player/,2026-10-08,
2602100,Bom Conselho,PE,radio,Rádio Sete Colinas FM 100.5,instagram,https://www.instagram.com/radiosetecolinasfm,https://setecolinasfm.com.br/,2026-10-08,rádio da cidade-polo Garanhuns
2602100,Bom Conselho,PE,radio,Rádio Sete Colinas FM 100.5,site,https://setecolinasfm.com.br,https://tudoradio.com/dials/emissora/3439-7-colinas-fm,2026-10-08,rádio da cidade-polo Garanhuns
2602605,Brejo Da Madre De Deus,PE,camara,Câmara Municipal de Brejo Da Madre De Deus,instagram,https://instagram.com/camarabrejo,https://brejodamadrededeus.pe.leg.br,2026-10-08,
2602605,Brejo Da Madre De Deus,PE,camara,Câmara Municipal de Brejo Da Madre De Deus,site,https://brejodamadrededeus.pe.leg.br,varredura de domínio,2026-10-08,
2602605,Brejo Da Madre De Deus,PE,prefeitura,Prefeitura do Brejo da Madre de Deus,facebook,https://www.facebook.com/prefeituradobrejodamadrededeus,https://brejomdeus.pe.gov.br/,2026-10-08,
2602605,Brejo Da Madre De Deus,PE,prefeitura,Prefeitura do Brejo da Madre de Deus,instagram,https://www.instagram.com/prefeituradebrejo,https://brejomdeus.pe.gov.br/,2026-10-08,
2602605,Brejo Da Madre De Deus,PE,prefeitura,Prefeitura do Brejo da Madre de Deus,site,https://brejomdeus.pe.gov.br,https://pt.wikipedia.org/wiki/Brejo_da_Madre_de_Deus,2026-10-08,
2602605,Brejo Da Madre De Deus,PE,prefeitura,Prefeitura do Brejo da Madre de Deus,youtube,https://www.youtube.com/@prefeituradebrejo,https://brejomdeus.pe.gov.br/,2026-10-08,
2602605,Brejo Da Madre De Deus,PE,radio,Rádio Polo FM 100.7,instagram,https://www.instagram.com/radio.polo,http://www.polofm.com.br/,2026-10-08,rádio da cidade-polo Santa Cruz do Capibaribe
2602605,Brejo Da Madre De Deus,PE,radio,Rádio Polo FM 100.7,site,https://www.polofm.com.br,https://tudoradio.com/dials/emissora/3541-polo-fm,2026-10-08,rádio da cidade-polo Santa Cruz do Capibaribe
2602605,Brejo Da Madre De Deus,PE,radio,Rádio Polo FM 100.7,tiktok,https://www.tiktok.com/@polo100.7,http://www.polofm.com.br/,2026-10-08,rádio da cidade-polo Santa Cruz do Capibaribe
2602605,Brejo Da Madre De Deus,PE,radio,Rádio Polo FM 100.7,youtube,https://www.youtube.com/@radiopolo7674,http://www.polofm.com.br/,2026-10-08,rádio da cidade-polo Santa Cruz do Capibaribe
2602605,Brejo Da Madre De Deus,PE,radio,Rádio Vale FM 91.7,site,https://www.souvalefm91.com,https://tudoradio.com/dials/emissora/3728-radio-vale-fm,2026-10-08,rádio da cidade-polo Santa Cruz do Capibaribe
2602803,Buíque,PE,camara,Câmara Municipal de Buíque,site,https://buique.pe.leg.br,https://www12.senado.leg.br/interlegis/orgaosatendidos?p=3&uf=PE,2026-10-08,domínio .leg.br listado como funcionando pelo Interlegis (22/09/2026); não acessível do ambiente de teste
2602803,Buíque,PE,prefeitura,Prefeitura de Buíque,facebook,https://facebook.com/prefeituramunicipaldebuique,https://buique.pe.gov.br,2026-10-08,
2602803,Buíque,PE,prefeitura,Prefeitura de Buíque,instagram,https://instagram.com/buiquegov,https://buique.pe.gov.br,2026-10-08,
2602803,Buíque,PE,prefeitura,Prefeitura de Buíque,instagram,https://instagram.com/prefeituramunicipaldebuique,https://buique.pe.gov.br,2026-10-08,
2602803,Buíque,PE,prefeitura,Prefeitura de Buíque,site,https://buique.pe.gov.br,varredura de domínio,2026-10-08,
2602803,Buíque,PE,prefeitura,Prefeitura de Buíque,youtube,https://youtube.com/@prefeituradebuique6062,https://buique.pe.gov.br,2026-10-08,
2602803,Buíque,PE,radio,Rádio Independente FM 93.7,facebook,https://www.facebook.com/fmindependente,https://www.independentefm.com.br/,2026-10-08,rádio da cidade-polo Arcoverde
2602803,Buíque,PE,radio,Rádio Independente FM 93.7,instagram,https://www.instagram.com/fmindependente,https://www.independentefm.com.br/,2026-10-08,rádio da cidade-polo Arcoverde
2602803,Buíque,PE,radio,Rádio Independente FM 93.7,site,https://www.independentefm.com.br,https://tudoradio.com/dials/emissora/350-independente-fm,2026-10-08,rádio da cidade-polo Arcoverde
2602803,Buíque,PE,radio,Rádio Independente FM 93.7,youtube,https://www.youtube.com/channel/UCCrxelX6FpP8D20wVoUbG0A,https://www.independentefm.com.br/,2026-10-08,rádio da cidade-polo Arcoverde
2602803,Buíque,PE,radio,Rádio Itapuama FM 92.7,facebook,https://www.facebook.com/RadioItapuama,https://www.itapuamafm.com.br/,2026-10-08,rádio da cidade-polo Arcoverde
2602803,Buíque,PE,radio,Rádio Itapuama FM 92.7,site,https://www.itapuamafm.com.br,https://tudoradio.com/dials/emissora/353-itapuama-fm,2026-10-08,rádio da cidade-polo Arcoverde
2602803,Buíque,PE,radio,Rádio Itapuama FM 92.7,youtube,https://www.youtube.com/@radioitapuamafm927mhz3,https://www.itapuamafm.com.br/,2026-10-08,rádio da cidade-polo Arcoverde
2605103,Custódia,PE,camara,Câmara Municipal de Custódia,instagram,https://instagram.com/camaracustodia,https://custodia.pe.leg.br,2026-10-08,
2605103,Custódia,PE,camara,Câmara Municipal de Custódia,site,https://custodia.pe.leg.br,varredura de domínio,2026-10-08,
2605103,Custódia,PE,camara,Câmara Municipal de Custódia,whatsapp_atendimento,https://api.whatsapp.com/send?phone=5587991483857,https://custodia.pe.leg.br,2026-10-08,"número de atendimento publicado no site oficial; uso: atendimento ao cidadão, não é canal de comunicação política"
2605103,Custódia,PE,camara,Câmara Municipal de Custódia,youtube,https://youtube.com/@camaramunicipaldecustodia,https://custodia.pe.leg.br,2026-10-08,
2605103,Custódia,PE,portal,Farol de Notícias,facebook,https://www.facebook.com/farol.denoticias.7,https://faroldenoticias.com.br/,2026-10-08,portal da cidade-polo Serra Talhada
2605103,Custódia,PE,portal,Farol de Notícias,instagram,https://www.instagram.com/faroldenoticias,https://faroldenoticias.com.br/,2026-10-08,portal da cidade-polo Serra Talhada
2605103,Custódia,PE,portal,Farol de Notícias,site,https://faroldenoticias.com.br,https://faroldenoticias.com.br/,2026-10-08,portal da cidade-polo Serra Talhada
2605103,Custódia,PE,portal,Farol de Notícias,youtube,https://www.youtube.com/@TVFAROLDENOTICIAS,https://faroldenoticias.com.br/,2026-10-08,portal da cidade-polo Serra Talhada
2605103,Custódia,PE,prefeitura,Prefeitura de Custódia,facebook,https://facebook.com/governodecustodia,https://custodia.pe.gov.br,2026-10-08,
2605103,Custódia,PE,prefeitura,Prefeitura de Custódia,site,https://custodia.pe.gov.br,varredura de domínio,2026-10-08,
2605103,Custódia,PE,radio,Custódia FM 95.9,site,https://custodiafm.com.br,https://tudoradio.com/dials/emissora/4595-custodia-fm,2026-10-08,site com conta suspensa no teste
2605103,Custódia,PE,radio,Rádio Itapuama FM 92.7,facebook,https://www.facebook.com/RadioItapuama,https://www.itapuamafm.com.br/,2026-10-08,rádio da cidade-polo Arcoverde
2605103,Custódia,PE,radio,Rádio Itapuama FM 92.7,site,https://www.itapuamafm.com.br,https://tudoradio.com/dials/emissora/353-itapuama-fm,2026-10-08,rádio da cidade-polo Arcoverde
2605103,Custódia,PE,radio,Rádio Itapuama FM 92.7,youtube,https://www.youtube.com/@radioitapuamafm927mhz3,https://www.itapuamafm.com.br/,2026-10-08,rádio da cidade-polo Arcoverde
2610004,Palmares,PE,camara,Câmara Municipal de Palmares,facebook,https://facebook.com/camaradevereadoresdospalmares,https://palmares.pe.leg.br,2026-10-08,
2610004,Palmares,PE,camara,Câmara Municipal de Palmares,instagram,https://instagram.com/camara_palmares,https://palmares.pe.leg.br,2026-10-08,
2610004,Palmares,PE,camara,Câmara Municipal de Palmares,instagram,https://instagram.com/prefeituradeamaraji,https://palmares.pe.leg.br,2026-10-08,
2610004,Palmares,PE,camara,Câmara Municipal de Palmares,site,https://palmares.pe.leg.br,varredura de domínio,2026-10-08,
2610004,Palmares,PE,camara,Câmara Municipal de Palmares,youtube,https://youtube.com/@CAMARADEVEREADORESPALMARESPE,https://palmares.pe.leg.br,2026-10-08,
2610004,Palmares,PE,prefeitura,Prefeitura de Palmares,site,https://palmares.pe.gov.br,https://pt.wikipedia.org/wiki/Palmares,2026-10-08,infobox da Wikipédia; servidor recusou conexão no teste
2610004,Palmares,PE,radio,Litoral FM 96.1,facebook,https://www.facebook.com/radiolitoralbarreiros,https://radiolitoralbarreiros.com.br/,2026-10-08,rádio do município vizinho Barreiros
2610004,Palmares,PE,radio,Litoral FM 96.1,instagram,https://www.instagram.com/radiolitoralbarreiros,https://radiolitoralbarreiros.com.br/,2026-10-08,rádio do município vizinho Barreiros
2610004,Palmares,PE,radio,Litoral FM 96.1,site,https://radiolitoralbarreiros.com.br,https://tudoradio.com/dials/emissora/2256-litoral,2026-10-08,rádio do município vizinho Barreiros
2610004,Palmares,PE,radio,Litoral FM 96.1,tiktok,https://www.tiktok.com/@radiolitoralbarreiros,https://radiolitoralbarreiros.com.br/,2026-10-08,rádio do município vizinho Barreiros
2610004,Palmares,PE,radio,Litoral FM 96.1,youtube,https://www.youtube.com/@radiolitoralbarreiros,https://radiolitoralbarreiros.com.br/,2026-10-08,rádio do município vizinho Barreiros
2610004,Palmares,PE,radio,Nova Quilombo FM 100.9,site,https://novamais.com,https://tudoradio.com/dials/emissora/4037-nova-quilombo-fm,2026-10-08,
2610004,Palmares,PE,radio,Rádio Cultura dos Palmares 88.9,facebook,https://www.facebook.com/rcpalmares,http://radioculturadospalmares.com.br,2026-10-08,
2610004,Palmares,PE,radio,Rádio Cultura dos Palmares 88.9,instagram,https://www.instagram.com/rcpalmares88.9fm,http://radioculturadospalmares.com.br,2026-10-08,
2610004,Palmares,PE,radio,Rádio Cultura dos Palmares 88.9,site,https://radioculturadospalmares.com.br,https://tudoradio.com/dials/emissora/3725-radio-cultura,2026-10-08,
2610004,Palmares,PE,radio,Rádio Cultura dos Palmares 88.9,youtube,https://www.youtube.com/@culturafm88.9,http://radioculturadospalmares.com.br,2026-10-08,
2610905,Pesqueira,PE,camara,Câmara Municipal de Pesqueira,site,https://pesqueira.pe.leg.br,https://www12.senado.leg.br/interlegis/orgaosatendidos?p=12&uf=PE,2026-10-08,domínio .leg.br listado como funcionando pelo Interlegis (22/09/2026); não acessível do ambiente de teste
2610905,Pesqueira,PE,prefeitura,Prefeitura de Pesqueira,facebook,https://facebook.com/PrefeituraPesqueiraPE,https://pesqueira.pe.gov.br,2026-10-08,
2610905,Pesqueira,PE,prefeitura,Prefeitura de Pesqueira,instagram,https://instagram.com/prefeituradepesqueiraoficial,https://pesqueira.pe.gov.br,2026-10-08,
2610905,Pesqueira,PE,prefeitura,Prefeitura de Pesqueira,site,https://pesqueira.pe.gov.br,varredura de domínio,2026-10-08,
2610905,Pesqueira,PE,prefeitura,Prefeitura de Pesqueira,youtube,https://youtube.com/@prefeituradepesqueira,https://pesqueira.pe.gov.br,2026-10-08,
2610905,Pesqueira,PE,radio,Rádio Independente FM 93.7,facebook,https://www.facebook.com/fmindependente,https://www.independentefm.com.br/,2026-10-08,rádio da cidade-polo Arcoverde
2610905,Pesqueira,PE,radio,Rádio Independente FM 93.7,instagram,https://www.instagram.com/fmindependente,https://www.independentefm.com.br/,2026-10-08,rádio da cidade-polo Arcoverde
2610905,Pesqueira,PE,radio,Rádio Independente FM 93.7,site,https://www.independentefm.com.br,https://tudoradio.com/dials/emissora/350-independente-fm,2026-10-08,rádio da cidade-polo Arcoverde
2610905,Pesqueira,PE,radio,Rádio Independente FM 93.7,youtube,https://www.youtube.com/channel/UCCrxelX6FpP8D20wVoUbG0A,https://www.independentefm.com.br/,2026-10-08,rádio da cidade-polo Arcoverde
2610905,Pesqueira,PE,radio,Rádio Itapuama FM 92.7,facebook,https://www.facebook.com/RadioItapuama,https://www.itapuamafm.com.br/,2026-10-08,rádio da cidade-polo Arcoverde
2610905,Pesqueira,PE,radio,Rádio Itapuama FM 92.7,site,https://www.itapuamafm.com.br,https://tudoradio.com/dials/emissora/353-itapuama-fm,2026-10-08,rádio da cidade-polo Arcoverde
2610905,Pesqueira,PE,radio,Rádio Itapuama FM 92.7,youtube,https://www.youtube.com/@radioitapuamafm927mhz3,https://www.itapuamafm.com.br/,2026-10-08,rádio da cidade-polo Arcoverde
2610905,Pesqueira,PE,radio,Rádio Nova Líder FM 96.7,site,https://www.novaliderfm.com,https://tudoradio.com/dials/emissora/352-nova-lider-fm,2026-10-08,
2613008,São Bento Do Una,PE,camara,Câmara Municipal de São Bento Do Una,facebook,https://facebook.com/CamaraMunicipalSBU,https://saobentodouna.pe.leg.br,2026-10-08,
2613008,São Bento Do Una,PE,camara,Câmara Municipal de São Bento Do Una,instagram,https://instagram.com/camarasbu,https://saobentodouna.pe.leg.br,2026-10-08,
2613008,São Bento Do Una,PE,camara,Câmara Municipal de São Bento Do Una,site,https://saobentodouna.pe.leg.br,varredura de domínio,2026-10-08,
2613008,São Bento Do Una,PE,camara,Câmara Municipal de São Bento Do Una,youtube,https://youtube.com/@tvcamarasbu4282,https://saobentodouna.pe.leg.br,2026-10-08,
2613008,São Bento Do Una,PE,camara,Câmara Municipal de São Bento Do Una,youtube,https://youtube.com/channel/UC2w1HtAyJmxlqBPMMuykwqA,https://saobentodouna.pe.leg.br,2026-10-08,
2613008,São Bento Do Una,PE,portal,BJ1 - Notícias de Belo Jardim e Região (Rádio Bitury),site,https://www.bj1.com.br,https://tudoradio.com/dials/emissora/3727-radio-bitury,2026-10-08,portal/rádio da cidade-polo Belo Jardim
2613008,São Bento Do Una,PE,prefeitura,Prefeitura de São Bento Do Una,instagram,https://instagram.com/prefsbu,https://www.saobentodouna.pe.gov.br,2026-10-08,
2613008,São Bento Do Una,PE,prefeitura,Prefeitura de São Bento Do Una,site,https://www.saobentodouna.pe.gov.br,varredura de domínio,2026-10-08,
2613008,São Bento Do Una,PE,prefeitura,Prefeitura de São Bento Do Una,whatsapp_atendimento,https://wa.me/558195481569,https://www.saobentodouna.pe.gov.br,2026-10-08,"número de atendimento publicado no site oficial; uso: atendimento ao cidadão, não é canal de comunicação política"
2613008,São Bento Do Una,PE,prefeitura,Prefeitura de São Bento Do Una,whatsapp_atendimento,https://wa.me/5581988326253,https://www.saobentodouna.pe.gov.br,2026-10-08,"número de atendimento publicado no site oficial; uso: atendimento ao cidadão, não é canal de comunicação política"
2613008,São Bento Do Una,PE,prefeitura,Prefeitura de São Bento Do Una,youtube,https://youtube.com/@prefeiturasaobentodouna,https://www.saobentodouna.pe.gov.br,2026-10-08,
2613008,São Bento Do Una,PE,radio,Rádio Sete Colinas FM 100.5,instagram,https://www.instagram.com/radiosetecolinasfm,https://setecolinasfm.com.br/,2026-10-08,rádio da cidade-polo Garanhuns
2613008,São Bento Do Una,PE,radio,Rádio Sete Colinas FM 100.5,site,https://setecolinasfm.com.br,https://tudoradio.com/dials/emissora/3439-7-colinas-fm,2026-10-08,rádio da cidade-polo Garanhuns
2613503,São José Do Belmonte,PE,camara,Câmara Municipal de São José Do Belmonte,instagram,https://instagram.com/camaravereadoresbelmonte,https://saojosedobelmonte.pe.leg.br,2026-10-08,
2613503,São José Do Belmonte,PE,camara,Câmara Municipal de São José Do Belmonte,site,https://saojosedobelmonte.pe.leg.br,varredura de domínio,2026-10-08,
2613503,São José Do Belmonte,PE,camara,Câmara Municipal de São José Do Belmonte,whatsapp_atendimento,https://api.whatsapp.com/send?phone=5587999388586,https://saojosedobelmonte.pe.leg.br,2026-10-08,"número de atendimento publicado no site oficial; uso: atendimento ao cidadão, não é canal de comunicação política"
2613503,São José Do Belmonte,PE,camara,Câmara Municipal de São José Do Belmonte,youtube,https://youtube.com/@camaradesaojosedobelmonte,https://saojosedobelmonte.pe.leg.br,2026-10-08,
2613503,São José Do Belmonte,PE,portal,Farol de Notícias,facebook,https://www.facebook.com/farol.denoticias.7,https://faroldenoticias.com.br/,2026-10-08,portal da cidade-polo Serra Talhada
2613503,São José Do Belmonte,PE,portal,Farol de Notícias,instagram,https://www.instagram.com/faroldenoticias,https://faroldenoticias.com.br/,2026-10-08,portal da cidade-polo Serra Talhada
2613503,São José Do Belmonte,PE,portal,Farol de Notícias,site,https://faroldenoticias.com.br,https://faroldenoticias.com.br/,2026-10-08,portal da cidade-polo Serra Talhada
2613503,São José Do Belmonte,PE,portal,Farol de Notícias,youtube,https://www.youtube.com/@TVFAROLDENOTICIAS,https://faroldenoticias.com.br/,2026-10-08,portal da cidade-polo Serra Talhada
2613503,São José Do Belmonte,PE,prefeitura,Prefeitura de São José Do Belmonte,facebook,https://facebook.com/prefeiturasaojosedobelmonte,https://saojosedobelmonte.pe.gov.br,2026-10-08,
2613503,São José Do Belmonte,PE,prefeitura,Prefeitura de São José Do Belmonte,instagram,https://instagram.com/prefeiturasaojosedobelmonte,https://saojosedobelmonte.pe.gov.br,2026-10-08,
2613503,São José Do Belmonte,PE,prefeitura,Prefeitura de São José Do Belmonte,site,https://saojosedobelmonte.pe.gov.br,varredura de domínio,2026-10-08,
2613503,São José Do Belmonte,PE,prefeitura,Prefeitura de São José Do Belmonte,whatsapp_atendimento,https://api.whatsapp.com/send?phone=5508799105632,https://saojosedobelmonte.pe.gov.br,2026-10-08,"número de atendimento publicado no site oficial; uso: atendimento ao cidadão, não é canal de comunicação política"
2613503,São José Do Belmonte,PE,radio,Rádio Vilabela FM 94.3,facebook,https://www.facebook.com/vilabelafm,https://vilabelafm.com.br/,2026-10-08,rádio da cidade-polo Serra Talhada
2613503,São José Do Belmonte,PE,radio,Rádio Vilabela FM 94.3,instagram,https://www.instagram.com/vilabelafm,https://vilabelafm.com.br/,2026-10-08,rádio da cidade-polo Serra Talhada
2613503,São José Do Belmonte,PE,radio,Rádio Vilabela FM 94.3,site,https://vilabelafm.com.br,https://tudoradio.com/dials/emissora/4679-vilabela-fm,2026-10-08,rádio da cidade-polo Serra Talhada
2613503,São José Do Belmonte,PE,radio,Rádio Vilabela FM 94.3,tiktok,https://www.tiktok.com/@radiovilabela,https://vilabelafm.com.br/,2026-10-08,rádio da cidade-polo Serra Talhada
2613503,São José Do Belmonte,PE,radio,Rádio Vilabela FM 94.3,youtube,https://www.youtube.com/@radiovilabela,https://vilabelafm.com.br/,2026-10-08,rádio da cidade-polo Serra Talhada
2600500,Águas Belas,PE,camara,Câmara Municipal de Águas Belas,site,https://camaraaguasbelas.pe.gov.br,https://camaraaguasbelas.pe.gov.br,2026-10-08,redireciona para https://aguasbelas.pe.leg.br/v2/
2600500,Águas Belas,PE,prefeitura,Prefeitura de Águas Belas,facebook,https://facebook.com/prefeituraaguasbelas,https://aguasbelas.pe.gov.br,2026-10-08,
2600500,Águas Belas,PE,prefeitura,Prefeitura de Águas Belas,instagram,https://instagram.com/prefeituradeaguasbelas,https://aguasbelas.pe.gov.br,2026-10-08,
2600500,Águas Belas,PE,prefeitura,Prefeitura de Águas Belas,site,https://aguasbelas.pe.gov.br,varredura de domínio,2026-10-08,
2600500,Águas Belas,PE,radio,Rádio Papacaça FM 102.9,facebook,https://www.facebook.com/radiopapacaca,https://radiopapacaca.com.br/player/,2026-10-08,rádio do município vizinho Bom Conselho
2600500,Águas Belas,PE,radio,Rádio Papacaça FM 102.9,instagram,https://www.instagram.com/radiopapacaca,https://radiopapacaca.com.br/player/,2026-10-08,rádio do município vizinho Bom Conselho
2600500,Águas Belas,PE,radio,Rádio Papacaça FM 102.9,site,https://radiopapacaca.com.br,https://tudoradio.com/dials/emissora/5000-radio-papacaca,2026-10-08,rádio do município vizinho Bom Conselho
2600500,Águas Belas,PE,radio,Rádio Papacaça FM 102.9,youtube,https://www.youtube.com/@radiopapacaca,https://radiopapacaca.com.br/player/,2026-10-08,rádio do município vizinho Bom Conselho
2600500,Águas Belas,PE,radio,Rádio Sete Colinas FM 100.5,instagram,https://www.instagram.com/radiosetecolinasfm,https://setecolinasfm.com.br/,2026-10-08,rádio da cidade-polo Garanhuns
2600500,Águas Belas,PE,radio,Rádio Sete Colinas FM 100.5,site,https://setecolinasfm.com.br,https://tudoradio.com/dials/emissora/3439-7-colinas-fm,2026-10-08,rádio da cidade-polo Garanhuns
2203701,Esperantina,PI,camara,Câmara Municipal de Esperantina,instagram,https://instagram.com/cmesperantina.pi,https://www.esperantina.pi.leg.br,2026-10-08,
2203701,Esperantina,PI,camara,Câmara Municipal de Esperantina,site,https://www.esperantina.pi.leg.br,varredura de domínio,2026-10-08,
2203701,Esperantina,PI,camara,Câmara Municipal de Esperantina,youtube,https://youtube.com/@camaramunicipaldeesperanti5807,https://www.esperantina.pi.leg.br,2026-10-08,
2203701,Esperantina,PI,portal,180graus,facebook,https://www.facebook.com/portal180,https://180graus.com/,2026-10-08,portal estadual de Teresina
2203701,Esperantina,PI,portal,180graus,instagram,https://www.instagram.com/180graus,https://180graus.com/,2026-10-08,portal estadual de Teresina
2203701,Esperantina,PI,portal,180graus,site,https://180graus.com,https://180graus.com/,2026-10-08,portal estadual de Teresina
2203701,Esperantina,PI,portal,180graus,whatsapp_canal,https://whatsapp.com/channel/0029VazejXqB4hdWgleHh02D,https://180graus.com/,2026-10-08,"portal estadual de Teresina; canal confirmado: ""180graus"""
2203701,Esperantina,PI,portal,180graus,youtube,https://www.youtube.com/@Videos180,https://180graus.com/,2026-10-08,portal estadual de Teresina
2203701,Esperantina,PI,prefeitura,Prefeitura de Esperantina,instagram,https://instagram.com/prefeituraesperantina,https://esperantina.pi.gov.br/esperantina,2026-10-08,
2203701,Esperantina,PI,prefeitura,Prefeitura de Esperantina,site,https://esperantina.pi.gov.br/esperantina,varredura de domínio,2026-10-08,
2203701,Esperantina,PI,radio,Rádio Voz do Longá FM 92.9,site,https://www.vozdolonga.com.br,https://tudoradio.com/dials/emissora/6897-voz-do-longa-fm,2026-10-08,
2203701,Esperantina,PI,tv,TV Cidade Verde (SBT Piauí),facebook,https://www.facebook.com/cidadeverde,https://cidadeverde.com/,2026-10-08,TV estadual de Teresina
2203701,Esperantina,PI,tv,TV Cidade Verde (SBT Piauí),instagram,https://www.instagram.com/tvcidadeverde,https://cidadeverde.com/,2026-10-08,TV estadual de Teresina
2203701,Esperantina,PI,tv,TV Cidade Verde (SBT Piauí),site,https://cidadeverde.com,https://cidadeverde.com/,2026-10-08,TV estadual de Teresina
2203701,Esperantina,PI,tv,TV Cidade Verde (SBT Piauí),youtube,https://www.youtube.com/user/redacaocidadeverde,https://cidadeverde.com/,2026-10-08,TV estadual de Teresina
2207900,Pedro Ii,PI,camara,Câmara Municipal de Pedro Ii,facebook,https://facebook.com/camaramunicipaldepedroii,https://www.pedroii.pi.leg.br,2026-10-08,
2207900,Pedro Ii,PI,camara,Câmara Municipal de Pedro Ii,instagram,https://instagram.com/camarapedroii,https://www.pedroii.pi.leg.br,2026-10-08,
2207900,Pedro Ii,PI,camara,Câmara Municipal de Pedro Ii,site,https://www.pedroii.pi.leg.br,varredura de domínio,2026-10-08,
2207900,Pedro Ii,PI,camara,Câmara Municipal de Pedro Ii,youtube,https://youtube.com/@camarapedroii,https://www.pedroii.pi.leg.br,2026-10-08,
2207900,Pedro Ii,PI,portal,180graus,facebook,https://www.facebook.com/portal180,https://180graus.com/,2026-10-08,portal estadual de Teresina
2207900,Pedro Ii,PI,portal,180graus,instagram,https://www.instagram.com/180graus,https://180graus.com/,2026-10-08,portal estadual de Teresina
2207900,Pedro Ii,PI,portal,180graus,site,https://180graus.com,https://180graus.com/,2026-10-08,portal estadual de Teresina
2207900,Pedro Ii,PI,portal,180graus,whatsapp_canal,https://whatsapp.com/channel/0029VazejXqB4hdWgleHh02D,https://180graus.com/,2026-10-08,"portal estadual de Teresina; canal confirmado: ""180graus"""
2207900,Pedro Ii,PI,portal,180graus,youtube,https://www.youtube.com/@Videos180,https://180graus.com/,2026-10-08,portal estadual de Teresina
2207900,Pedro Ii,PI,prefeitura,Prefeitura de Pedro Ii,facebook,https://facebook.com/prefpedroii,https://pedroii.pi.gov.br,2026-10-08,
2207900,Pedro Ii,PI,prefeitura,Prefeitura de Pedro Ii,instagram,https://instagram.com/prefpedroii,https://pedroii.pi.gov.br,2026-10-08,
2207900,Pedro Ii,PI,prefeitura,Prefeitura de Pedro Ii,site,https://pedroii.pi.gov.br,varredura de domínio,2026-10-08,
2207900,Pedro Ii,PI,prefeitura,Prefeitura de Pedro Ii,tiktok,https://tiktok.com/@prefpedroii,https://pedroii.pi.gov.br,2026-10-08,
2207900,Pedro Ii,PI,prefeitura,Prefeitura de Pedro Ii,youtube,https://youtube.com/@prefeituradepedroii,https://pedroii.pi.gov.br,2026-10-08,
2207900,Pedro Ii,PI,radio,Cidade Verde FM 99.7 (Pedro II),facebook,https://www.facebook.com/RadioCidadeVerde,https://radiocidadeverde.com.br/,2026-10-08,
2207900,Pedro Ii,PI,radio,Cidade Verde FM 99.7 (Pedro II),site,https://radiocidadeverde.com.br,https://tudoradio.com/dials/emissora/4884-cidade-verde-fm,2026-10-08,
2207900,Pedro Ii,PI,radio,FM Imperial 95.5 (Pedro II),facebook,https://www.facebook.com/FmImperial,http://www.fmimperial.com.br/,2026-10-08,
2207900,Pedro Ii,PI,radio,FM Imperial 95.5 (Pedro II),instagram,https://www.instagram.com/fmimperial,http://www.fmimperial.com.br/,2026-10-08,
2207900,Pedro Ii,PI,radio,FM Imperial 95.5 (Pedro II),site,https://www.fmimperial.com.br,https://tudoradio.com/dials/emissora/410-fm-imperial,2026-10-08,
2208403,Piripiri,PI,camara,Câmara Municipal de Piripiri,site,https://www.camaradepiripiri.pi.gov.br,https://www.camaradepiripiri.pi.gov.br,2026-10-08,domínio responde com captcha; titularidade não confirmada pelo conteúdo
2208403,Piripiri,PI,portal,Portal AZ,facebook,https://www.facebook.com/PortalAZ,https://www.portalaz.com.br,2026-10-08,portal estadual de Teresina
2208403,Piripiri,PI,portal,Portal AZ,instagram,https://www.instagram.com/portalaz,https://www.portalaz.com.br,2026-10-08,portal estadual de Teresina
2208403,Piripiri,PI,portal,Portal AZ,site,https://www.portalaz.com.br,https://www.portalaz.com.br,2026-10-08,portal estadual de Teresina
2208403,Piripiri,PI,portal,Portal AZ,youtube,https://www.youtube.com/@portalaz,https://www.portalaz.com.br,2026-10-08,portal estadual de Teresina
2208403,Piripiri,PI,prefeitura,Prefeitura de Piripiri,facebook,https://facebook.com/prefeituradepiripiri,https://www.piripiri.pi.gov.br,2026-10-08,
2208403,Piripiri,PI,prefeitura,Prefeitura de Piripiri,instagram,https://instagram.com/prefeituradepiripiri,https://www.piripiri.pi.gov.br,2026-10-08,
2208403,Piripiri,PI,prefeitura,Prefeitura de Piripiri,site,https://www.piripiri.pi.gov.br,varredura de domínio,2026-10-08,
2208403,Piripiri,PI,prefeitura,Prefeitura de Piripiri,youtube,https://youtube.com/channel/UCM5cuimxrzjgmcwk-pd1dZA,https://www.piripiri.pi.gov.br,2026-10-08,
2208403,Piripiri,PI,radio,FM Cidade 97.9 (Piripiri),facebook,https://www.facebook.com/fmcidadepiripiri,https://www.fmcidadepiripiri.com.br/,2026-10-08,
2208403,Piripiri,PI,radio,FM Cidade 97.9 (Piripiri),instagram,https://www.instagram.com/fmcidadepiripiri,https://www.fmcidadepiripiri.com.br/,2026-10-08,
2208403,Piripiri,PI,radio,FM Cidade 97.9 (Piripiri),site,https://www.fmcidadepiripiri.com.br,https://tudoradio.com/dials/emissora/4308-fm-cidade,2026-10-08,
2208403,Piripiri,PI,radio,FM Cidade 97.9 (Piripiri),youtube,https://www.youtube.com/@fmcidadepiripiri,https://www.fmcidadepiripiri.com.br/,2026-10-08,
2208403,Piripiri,PI,radio,FM Itamaraty 107.7,facebook,https://www.facebook.com/RadioItamaratyFMDePiripiri,https://www.fmitamaraty.com.br/,2026-10-08,
2208403,Piripiri,PI,radio,FM Itamaraty 107.7,instagram,https://www.instagram.com/fmitamaraty,https://www.fmitamaraty.com.br/,2026-10-08,
2208403,Piripiri,PI,radio,FM Itamaraty 107.7,site,https://www.fmitamaraty.com.br,https://tudoradio.com/dials/emissora/4732-fm-itamaraty,2026-10-08,
4101002,Ampére,PR,camara,Câmara Municipal de Ampére,site,https://www.ampere.pr.leg.br,varredura de domínio,2026-10-08,
4101002,Ampére,PR,jornal,Diário do Sudoeste,facebook,https://www.facebook.com/diariodosudoeste,https://diariodosudoeste.com.br/,2026-10-08,jornal regional sediado em Pato Branco
4101002,Ampére,PR,jornal,Diário do Sudoeste,instagram,https://www.instagram.com/diariodosudoeste,https://diariodosudoeste.com.br/,2026-10-08,jornal regional sediado em Pato Branco
4101002,Ampére,PR,jornal,Diário do Sudoeste,site,https://diariodosudoeste.com.br,https://diariodosudoeste.com.br/,2026-10-08,jornal regional sediado em Pato Branco
4101002,Ampére,PR,jornal,Diário do Sudoeste,youtube,https://www.youtube.com/@GrupoDiario,https://diariodosudoeste.com.br/,2026-10-08,jornal regional sediado em Pato Branco
4101002,Ampére,PR,prefeitura,Prefeitura de Ampére,site,https://www.ampere.pr.gov.br,https://pt.wikipedia.org/wiki/Ampére,2026-10-08,infobox da Wikipédia; não respondeu no teste
4101002,Ampére,PR,radio,Interativa FM 91.7,facebook,https://www.facebook.com/noveumsete.interativa,https://radiofminterativa.com.br/,2026-10-08,
4101002,Ampére,PR,radio,Interativa FM 91.7,instagram,https://www.instagram.com/interativaampere,https://radiofminterativa.com.br/,2026-10-08,
4101002,Ampére,PR,radio,Interativa FM 91.7,site,https://radiofminterativa.com.br,https://tudoradio.com/dials/emissora/2341-radio-interativa,2026-10-08,
4101002,Ampére,PR,radio,Interativa FM 91.7,tiktok,https://www.tiktok.com/@interativafm91.7,https://radiofminterativa.com.br/,2026-10-08,
4101002,Ampére,PR,radio,Interativa FM 91.7,youtube,https://www.youtube.com/@interativafm91.77,https://radiofminterativa.com.br/,2026-10-08,
4101002,Ampére,PR,radio,Rádio Ampére,facebook,https://www.facebook.com/radioamperefm,https://radioampere.com.br/,2026-10-08,
4101002,Ampére,PR,radio,Rádio Ampére,facebook,https://www.facebook.com/radioampeream1460,https://radioampere.com.br/,2026-10-08,
4101002,Ampére,PR,radio,Rádio Ampére,instagram,https://www.instagram.com/radioamperefm,https://radioampere.com.br/,2026-10-08,
4101002,Ampére,PR,radio,Rádio Ampére,instagram,https://www.instagram.com/radioampeream,https://radioampere.com.br/,2026-10-08,
4101002,Ampére,PR,radio,Rádio Ampére,site,https://radioampere.com.br,https://tudoradio.com/dials/emissora/4372-radio-ampere,2026-10-08,
4101002,Ampére,PR,radio,Rádio Ampére,youtube,https://www.youtube.com/channel/UCwdCpek9QgY1QdMZYVotpCg,https://radioampere.com.br/,2026-10-08,
4102901,Bituruna,PR,portal,Portal RSN (Rede Sul de Notícias),facebook,https://www.facebook.com/portalRSN,https://redesuldenoticias.com.br,2026-10-08,portal da cidade-polo Guarapuava; cobertura regional; portal da cidade-polo Guarapuava
4102901,Bituruna,PR,portal,Portal RSN (Rede Sul de Notícias),instagram,https://www.instagram.com/portalrsn,https://redesuldenoticias.com.br,2026-10-08,portal da cidade-polo Guarapuava; cobertura regional; portal da cidade-polo Guarapuava
4102901,Bituruna,PR,portal,Portal RSN (Rede Sul de Notícias),site,https://redesuldenoticias.com.br,https://redesuldenoticias.com.br,2026-10-08,portal da cidade-polo Guarapuava; cobertura regional; portal da cidade-polo Guarapuava
4102901,Bituruna,PR,portal,Portal RSN (Rede Sul de Notícias),youtube,https://www.youtube.com/@RSNTV,https://redesuldenoticias.com.br,2026-10-08,portal da cidade-polo Guarapuava; cobertura regional; portal da cidade-polo Guarapuava
4102901,Bituruna,PR,prefeitura,Prefeitura de Bituruna,site,https://bituruna.pr.gov.br,https://bituruna.pr.gov.br,2026-10-08,domínio .gov.br ativo atrás de Cloudflare (403); conteúdo não verificado
4102901,Bituruna,PR,radio,Nossa Rádio 91.7 FM (Bituruna),site,https://www.917fm.com.br,https://tudoradio.com/dials/emissora/5767-nossa-radio-fm,2026-10-08,
4104428,Candói,PR,camara,Câmara Municipal de Candói,site,https://www.camaracandoi.pr.gov.br,varredura de domínio,2026-10-08,
4104428,Candói,PR,portal,Portal RSN (Rede Sul de Notícias),facebook,https://www.facebook.com/portalRSN,https://redesuldenoticias.com.br,2026-10-08,portal da cidade-polo Guarapuava
4104428,Candói,PR,portal,Portal RSN (Rede Sul de Notícias),instagram,https://www.instagram.com/portalrsn,https://redesuldenoticias.com.br,2026-10-08,portal da cidade-polo Guarapuava
4104428,Candói,PR,portal,Portal RSN (Rede Sul de Notícias),site,https://redesuldenoticias.com.br,https://redesuldenoticias.com.br,2026-10-08,portal da cidade-polo Guarapuava
4104428,Candói,PR,portal,Portal RSN (Rede Sul de Notícias),youtube,https://www.youtube.com/@RSNTV,https://redesuldenoticias.com.br,2026-10-08,portal da cidade-polo Guarapuava
4104428,Candói,PR,prefeitura,Prefeitura de Candói,site,https://candoi.pr.gov.br,https://candoi.pr.gov.br,2026-10-08,domínio .gov.br ativo atrás de Cloudflare (desafio anti-bot); conteúdo não verificado
4104428,Candói,PR,radio,Serra FM 95.7 (Candói),site,https://www.serrasertaneja.com.br,https://tudoradio.com/dials/emissora/2342-serra-fm,2026-10-08,site não respondeu no teste
4104501,Capanema,PR,camara,Câmara Municipal de Capanema,site,https://www.capanema.pr.leg.br,varredura de domínio,2026-10-08,
4104501,Capanema,PR,jornal,Diário do Sudoeste,facebook,https://www.facebook.com/diariodosudoeste,https://diariodosudoeste.com.br/,2026-10-08,jornal regional sediado em Pato Branco
4104501,Capanema,PR,jornal,Diário do Sudoeste,instagram,https://www.instagram.com/diariodosudoeste,https://diariodosudoeste.com.br/,2026-10-08,jornal regional sediado em Pato Branco
4104501,Capanema,PR,jornal,Diário do Sudoeste,site,https://diariodosudoeste.com.br,https://diariodosudoeste.com.br/,2026-10-08,jornal regional sediado em Pato Branco
4104501,Capanema,PR,jornal,Diário do Sudoeste,youtube,https://www.youtube.com/@GrupoDiario,https://diariodosudoeste.com.br/,2026-10-08,jornal regional sediado em Pato Branco
4104501,Capanema,PR,prefeitura,Prefeitura de Capanema,instagram,https://instagram.com/prefeituradecapanema,https://www.capanema.pr.gov.br,2026-10-08,
4104501,Capanema,PR,prefeitura,Prefeitura de Capanema,site,https://www.capanema.pr.gov.br,varredura de domínio,2026-10-08,
4104501,Capanema,PR,radio,Aquarela FM 88.5 (Realeza),facebook,https://www.facebook.com/aquarelafm88.5,http://aquarelafm.radio.br/,2026-10-08,rádio do município vizinho Realeza
4104501,Capanema,PR,radio,Aquarela FM 88.5 (Realeza),instagram,https://www.instagram.com/aquarelafm.88.5,http://aquarelafm.radio.br/,2026-10-08,rádio do município vizinho Realeza
4104501,Capanema,PR,radio,Aquarela FM 88.5 (Realeza),site,https://aquarelafm.radio.br,https://tudoradio.com/dials/emissora/2038-aquarela-fm,2026-10-08,rádio do município vizinho Realeza
4104501,Capanema,PR,radio,Rádio Capanema,facebook,https://www.facebook.com/RadioCapanema,https://www.radiocapanema.com.br,2026-10-08,DDD 46 no site confirma Capanema-PR
4104501,Capanema,PR,radio,Rádio Capanema,site,https://www.radiocapanema.com.br,https://www.radiocapanema.com.br,2026-10-08,DDD 46 no site confirma Capanema-PR
4105706,Clevelândia,PR,camara,Câmara Municipal de Clevelândia,site,https://www.clevelandia.pr.leg.br,varredura de domínio,2026-10-08,
4105706,Clevelândia,PR,jornal,Diário do Sudoeste,facebook,https://www.facebook.com/diariodosudoeste,https://diariodosudoeste.com.br/,2026-10-08,jornal regional sediado em Pato Branco
4105706,Clevelândia,PR,jornal,Diário do Sudoeste,instagram,https://www.instagram.com/diariodosudoeste,https://diariodosudoeste.com.br/,2026-10-08,jornal regional sediado em Pato Branco
4105706,Clevelândia,PR,jornal,Diário do Sudoeste,site,https://diariodosudoeste.com.br,https://diariodosudoeste.com.br/,2026-10-08,jornal regional sediado em Pato Branco
4105706,Clevelândia,PR,jornal,Diário do Sudoeste,youtube,https://www.youtube.com/@GrupoDiario,https://diariodosudoeste.com.br/,2026-10-08,jornal regional sediado em Pato Branco
4105706,Clevelândia,PR,prefeitura,Prefeitura de Clevelândia,facebook,https://facebook.com/PrefeituraClevelandia,https://www.clevelandia.pr.gov.br,2026-10-08,
4105706,Clevelândia,PR,prefeitura,Prefeitura de Clevelândia,instagram,https://instagram.com/prefeituraclevelandia,https://www.clevelandia.pr.gov.br,2026-10-08,
4105706,Clevelândia,PR,prefeitura,Prefeitura de Clevelândia,site,https://www.clevelandia.pr.gov.br,varredura de domínio,2026-10-08,
4105706,Clevelândia,PR,prefeitura,Prefeitura de Clevelândia,whatsapp_atendimento,https://wa.me/5546935059633,https://www.clevelandia.pr.gov.br,2026-10-08,"número de atendimento publicado no site oficial; uso: atendimento ao cidadão, não é canal de comunicação política"
4105706,Clevelândia,PR,radio,Cleveland FM 90.5,site,https://www.clevelandfm.com.br,https://tudoradio.com/dials/emissora/4290-cleveland-fm,2026-10-08,
4105706,Clevelândia,PR,radio,Rádio Progresso 106.9 (Clevelândia),site,https://www.rdprogresso.com.br,https://tudoradio.com/dials/emissora/4291-radio-progresso,2026-10-08,site não respondeu no teste
4106571,Cruzeiro Do Iguaçu,PR,camara,Câmara Municipal de Cruzeiro Do Iguaçu,facebook,https://facebook.com/camaracruzeirodoiguacu,https://www.cruzeirodoiguacu.pr.leg.br,2026-10-08,
4106571,Cruzeiro Do Iguaçu,PR,camara,Câmara Municipal de Cruzeiro Do Iguaçu,instagram,https://instagram.com/camaracruzeirodoiguacu,https://www.cruzeirodoiguacu.pr.leg.br,2026-10-08,
4106571,Cruzeiro Do Iguaçu,PR,camara,Câmara Municipal de Cruzeiro Do Iguaçu,site,https://www.cruzeirodoiguacu.pr.leg.br,varredura de domínio,2026-10-08,
4106571,Cruzeiro Do Iguaçu,PR,camara,Câmara Municipal de Cruzeiro Do Iguaçu,youtube,https://youtube.com/@CamaraDeCruzeirodoIguacuPR,https://www.cruzeirodoiguacu.pr.leg.br,2026-10-08,
4106571,Cruzeiro Do Iguaçu,PR,jornal,Diário do Sudoeste,facebook,https://www.facebook.com/diariodosudoeste,https://diariodosudoeste.com.br/,2026-10-08,jornal regional sediado em Pato Branco
4106571,Cruzeiro Do Iguaçu,PR,jornal,Diário do Sudoeste,instagram,https://www.instagram.com/diariodosudoeste,https://diariodosudoeste.com.br/,2026-10-08,jornal regional sediado em Pato Branco
4106571,Cruzeiro Do Iguaçu,PR,jornal,Diário do Sudoeste,site,https://diariodosudoeste.com.br,https://diariodosudoeste.com.br/,2026-10-08,jornal regional sediado em Pato Branco
4106571,Cruzeiro Do Iguaçu,PR,jornal,Diário do Sudoeste,youtube,https://www.youtube.com/@GrupoDiario,https://diariodosudoeste.com.br/,2026-10-08,jornal regional sediado em Pato Branco
4106571,Cruzeiro Do Iguaçu,PR,prefeitura,Prefeitura de Cruzeiro Do Iguaçu,facebook,https://facebook.com/Munic,https://cruzeirodoiguacu.pr.gov.br,2026-10-08,
4106571,Cruzeiro Do Iguaçu,PR,prefeitura,Prefeitura de Cruzeiro Do Iguaçu,instagram,https://instagram.com/prefeitura.cruzeirodoiguacu,https://cruzeirodoiguacu.pr.gov.br,2026-10-08,
4106571,Cruzeiro Do Iguaçu,PR,prefeitura,Prefeitura de Cruzeiro Do Iguaçu,site,https://cruzeirodoiguacu.pr.gov.br,varredura de domínio,2026-10-08,
4106571,Cruzeiro Do Iguaçu,PR,radio,Rádio Educadora FM 107.3 (Dois Vizinhos),facebook,https://www.facebook.com/radioeducadoradv,https://educadoradv.com.br/,2026-10-08,rádio da cidade-polo Dois Vizinhos
4106571,Cruzeiro Do Iguaçu,PR,radio,Rádio Educadora FM 107.3 (Dois Vizinhos),instagram,https://www.instagram.com/radioeducadoradv,https://educadoradv.com.br/,2026-10-08,rádio da cidade-polo Dois Vizinhos
4106571,Cruzeiro Do Iguaçu,PR,radio,Rádio Educadora FM 107.3 (Dois Vizinhos),site,https://educadoradv.com.br,https://tudoradio.com/dials/emissora/5919-radio-educadora,2026-10-08,rádio da cidade-polo Dois Vizinhos
4106571,Cruzeiro Do Iguaçu,PR,radio,Rádio Educadora FM 107.3 (Dois Vizinhos),youtube,https://www.youtube.com/@radioeducadoradv,https://educadoradv.com.br/,2026-10-08,rádio da cidade-polo Dois Vizinhos
4106571,Cruzeiro Do Iguaçu,PR,radio,Vizi FM 104.1,facebook,https://www.facebook.com/vizifm,https://www.vizifm.com.br/,2026-10-08,rádio da cidade-polo Dois Vizinhos
4106571,Cruzeiro Do Iguaçu,PR,radio,Vizi FM 104.1,instagram,https://www.instagram.com/vizifm,https://www.vizifm.com.br/,2026-10-08,rádio da cidade-polo Dois Vizinhos
4106571,Cruzeiro Do Iguaçu,PR,radio,Vizi FM 104.1,site,https://www.vizifm.com.br,https://tudoradio.com/dials/emissora/1570-vizi-fm,2026-10-08,rádio da cidade-polo Dois Vizinhos
4106571,Cruzeiro Do Iguaçu,PR,radio,Vizi FM 104.1,youtube,https://www.youtube.com/@vizifmdv,https://www.vizifm.com.br/,2026-10-08,rádio da cidade-polo Dois Vizinhos
4107207,Dois Vizinhos,PR,camara,Câmara Municipal de Dois Vizinhos,site,https://www.cmdv.pr.gov.br,https://pt.wikipedia.org/wiki/Dois_Vizinhos,2026-10-08,citado na Wikipédia; site com verificação anti-bot no teste
4107207,Dois Vizinhos,PR,jornal,Diário do Sudoeste,facebook,https://www.facebook.com/diariodosudoeste,https://diariodosudoeste.com.br/,2026-10-08,jornal regional sediado em Pato Branco
4107207,Dois Vizinhos,PR,jornal,Diário do Sudoeste,instagram,https://www.instagram.com/diariodosudoeste,https://diariodosudoeste.com.br/,2026-10-08,jornal regional sediado em Pato Branco
4107207,Dois Vizinhos,PR,jornal,Diário do Sudoeste,site,https://diariodosudoeste.com.br,https://diariodosudoeste.com.br/,2026-10-08,jornal regional sediado em Pato Branco
4107207,Dois Vizinhos,PR,jornal,Diário do Sudoeste,youtube,https://www.youtube.com/@GrupoDiario,https://diariodosudoeste.com.br/,2026-10-08,jornal regional sediado em Pato Branco
4107207,Dois Vizinhos,PR,prefeitura,Prefeitura de Dois Vizinhos,facebook,https://facebook.com/municipiodedoisvizinhos,https://doisvizinhos.pr.gov.br,2026-10-08,
4107207,Dois Vizinhos,PR,prefeitura,Prefeitura de Dois Vizinhos,instagram,https://instagram.com/prefeituradedoisvizinhos,https://doisvizinhos.pr.gov.br,2026-10-08,
4107207,Dois Vizinhos,PR,prefeitura,Prefeitura de Dois Vizinhos,site,https://doisvizinhos.pr.gov.br,varredura de domínio,2026-10-08,
4107207,Dois Vizinhos,PR,prefeitura,Prefeitura de Dois Vizinhos,whatsapp_atendimento,https://wa.me/554635368800,https://doisvizinhos.pr.gov.br,2026-10-08,"número de atendimento publicado no site oficial; uso: atendimento ao cidadão, não é canal de comunicação política"
4107207,Dois Vizinhos,PR,prefeitura,Prefeitura de Dois Vizinhos,youtube,https://youtube.com/c/municipiodedoisvizinhosparana,https://doisvizinhos.pr.gov.br,2026-10-08,
4107207,Dois Vizinhos,PR,radio,Ativa FM 105.5 (Dois Vizinhos),site,https://ativafmdv.net.br,https://tudoradio.com/dials/emissora/7292-ativa-fm,2026-10-08,site não respondeu no teste
4107207,Dois Vizinhos,PR,radio,Rádio Educadora FM 107.3 (Dois Vizinhos),facebook,https://www.facebook.com/radioeducadoradv,https://educadoradv.com.br/,2026-10-08,
4107207,Dois Vizinhos,PR,radio,Rádio Educadora FM 107.3 (Dois Vizinhos),instagram,https://www.instagram.com/radioeducadoradv,https://educadoradv.com.br/,2026-10-08,
4107207,Dois Vizinhos,PR,radio,Rádio Educadora FM 107.3 (Dois Vizinhos),site,https://educadoradv.com.br,https://tudoradio.com/dials/emissora/5919-radio-educadora,2026-10-08,
4107207,Dois Vizinhos,PR,radio,Rádio Educadora FM 107.3 (Dois Vizinhos),youtube,https://www.youtube.com/@radioeducadoradv,https://educadoradv.com.br/,2026-10-08,
4107207,Dois Vizinhos,PR,radio,Vizi FM 104.1,facebook,https://www.facebook.com/vizifm,https://www.vizifm.com.br/,2026-10-08,
4107207,Dois Vizinhos,PR,radio,Vizi FM 104.1,instagram,https://www.instagram.com/vizifm,https://www.vizifm.com.br/,2026-10-08,
4107207,Dois Vizinhos,PR,radio,Vizi FM 104.1,site,https://www.vizifm.com.br,https://tudoradio.com/dials/emissora/1570-vizi-fm,2026-10-08,
4107207,Dois Vizinhos,PR,radio,Vizi FM 104.1,youtube,https://www.youtube.com/@vizifmdv,https://www.vizifm.com.br/,2026-10-08,
4107850,Flor Da Serra Do Sul,PR,camara,Câmara Municipal de Flor Da Serra Do Sul,facebook,https://facebook.com/legislativofss,https://www.flordaserradosul.pr.leg.br,2026-10-08,
4107850,Flor Da Serra Do Sul,PR,camara,Câmara Municipal de Flor Da Serra Do Sul,instagram,https://instagram.com/camaravereadoresfsspr,https://www.flordaserradosul.pr.leg.br,2026-10-08,
4107850,Flor Da Serra Do Sul,PR,camara,Câmara Municipal de Flor Da Serra Do Sul,site,https://www.flordaserradosul.pr.leg.br,varredura de domínio,2026-10-08,
4107850,Flor Da Serra Do Sul,PR,camara,Câmara Municipal de Flor Da Serra Do Sul,youtube,https://youtube.com/@CAMARAVEREADORESFSS,https://www.flordaserradosul.pr.leg.br,2026-10-08,
4107850,Flor Da Serra Do Sul,PR,jornal,Diário do Sudoeste,facebook,https://www.facebook.com/diariodosudoeste,https://diariodosudoeste.com.br/,2026-10-08,jornal regional sediado em Pato Branco
4107850,Flor Da Serra Do Sul,PR,jornal,Diário do Sudoeste,instagram,https://www.instagram.com/diariodosudoeste,https://diariodosudoeste.com.br/,2026-10-08,jornal regional sediado em Pato Branco
4107850,Flor Da Serra Do Sul,PR,jornal,Diário do Sudoeste,site,https://diariodosudoeste.com.br,https://diariodosudoeste.com.br/,2026-10-08,jornal regional sediado em Pato Branco
4107850,Flor Da Serra Do Sul,PR,jornal,Diário do Sudoeste,youtube,https://www.youtube.com/@GrupoDiario,https://diariodosudoeste.com.br/,2026-10-08,jornal regional sediado em Pato Branco
4107850,Flor Da Serra Do Sul,PR,prefeitura,Prefeitura de Flor da Serra do Sul,site,https://www.fssul.pr.gov.br,https://pt.wikipedia.org/wiki/Flor_da_Serra_do_Sul,2026-10-08,infobox da Wikipédia; não respondeu no teste
4107850,Flor Da Serra Do Sul,PR,radio,Rádio Cristal FM 92.9 (Marmeleiro),site,https://cristal.seleski.com.br,https://tudoradio.com/dials/emissora/5595-radio-cristal-fm,2026-10-08,rádio do município vizinho Marmeleiro; site em manutenção no teste
4107850,Flor Da Serra Do Sul,PR,radio,Rádio Educadora 96.3 FM (Francisco Beltrão),site,https://radioeducadorafb.com.br,https://tudoradio.com/dials/emissora/4703-radio-educadora,2026-10-08,rádio da cidade-polo Francisco Beltrão
4109401,Guarapuava,PR,camara,Câmara Municipal de Guarapuava,site,https://www.guarapuava.pr.leg.br,varredura de domínio,2026-10-08,
4111209,Itapejara D'Oeste,PR,camara,Câmara Municipal de Itapejara D'Oeste,facebook,https://facebook.com/camara.itapejara.9,https://www.itapejaradoeste.pr.leg.br,2026-10-08,
4111209,Itapejara D'Oeste,PR,camara,Câmara Municipal de Itapejara D'Oeste,instagram,https://instagram.com/camaraitapejaradooeste,https://www.itapejaradoeste.pr.leg.br,2026-10-08,
4111209,Itapejara D'Oeste,PR,camara,Câmara Municipal de Itapejara D'Oeste,site,https://www.itapejaradoeste.pr.leg.br,varredura de domínio,2026-10-08,
4111209,Itapejara D'Oeste,PR,camara,Câmara Municipal de Itapejara D'Oeste,youtube,https://youtube.com/@camaradevereadoresitapejar1118,https://www.itapejaradoeste.pr.leg.br,2026-10-08,
4111209,Itapejara D'Oeste,PR,jornal,Diário do Sudoeste,facebook,https://www.facebook.com/diariodosudoeste,https://diariodosudoeste.com.br/,2026-10-08,jornal regional sediado em Pato Branco
4111209,Itapejara D'Oeste,PR,jornal,Diário do Sudoeste,instagram,https://www.instagram.com/diariodosudoeste,https://diariodosudoeste.com.br/,2026-10-08,jornal regional sediado em Pato Branco
4111209,Itapejara D'Oeste,PR,jornal,Diário do Sudoeste,site,https://diariodosudoeste.com.br,https://diariodosudoeste.com.br/,2026-10-08,jornal regional sediado em Pato Branco
4111209,Itapejara D'Oeste,PR,jornal,Diário do Sudoeste,youtube,https://www.youtube.com/@GrupoDiario,https://diariodosudoeste.com.br/,2026-10-08,jornal regional sediado em Pato Branco
4111209,Itapejara D'Oeste,PR,prefeitura,Prefeitura de Itapejara D'Oeste,facebook,https://facebook.com/itapejaradoesteoficial,https://www.itapejaradoeste.pr.gov.br,2026-10-08,
4111209,Itapejara D'Oeste,PR,prefeitura,Prefeitura de Itapejara D'Oeste,instagram,https://instagram.com/itapejaradoesteoficial,https://www.itapejaradoeste.pr.gov.br,2026-10-08,
4111209,Itapejara D'Oeste,PR,prefeitura,Prefeitura de Itapejara D'Oeste,site,https://www.itapejaradoeste.pr.gov.br,varredura de domínio,2026-10-08,
4111209,Itapejara D'Oeste,PR,prefeitura,Prefeitura de Itapejara D'Oeste,youtube,https://youtube.com/@prefeituramunicipaldeitape676,https://www.itapejaradoeste.pr.gov.br,2026-10-08,
4111209,Itapejara D'Oeste,PR,radio,Rádio Itapuã 97.1,facebook,https://www.facebook.com/superitapua,https://superradioitapua.com.br/,2026-10-08,rádio da cidade-polo Pato Branco
4111209,Itapejara D'Oeste,PR,radio,Rádio Itapuã 97.1,instagram,https://www.instagram.com/radioitapua_oficial,https://superradioitapua.com.br/,2026-10-08,rádio da cidade-polo Pato Branco
4111209,Itapejara D'Oeste,PR,radio,Rádio Itapuã 97.1,site,https://superradioitapua.com.br,https://tudoradio.com/dials/emissora/5968-radio-itapua,2026-10-08,rádio da cidade-polo Pato Branco
4111209,Itapejara D'Oeste,PR,radio,Rádio Itapuã 97.1,youtube,https://www.youtube.com/channel/UCrqX2WB-0qHekkjYKMM-zaQ,https://superradioitapua.com.br/,2026-10-08,rádio da cidade-polo Pato Branco
4111209,Itapejara D'Oeste,PR,tv,Grupo Celinauta (TV e Rádio Celinauta),facebook,https://www.facebook.com/TVCelinauta,https://celinauta.com.br/index,2026-10-08,grupo da cidade-polo Pato Branco
4111209,Itapejara D'Oeste,PR,tv,Grupo Celinauta (TV e Rádio Celinauta),instagram,https://www.instagram.com/grupocelinauta,https://celinauta.com.br/index,2026-10-08,grupo da cidade-polo Pato Branco
4111209,Itapejara D'Oeste,PR,tv,Grupo Celinauta (TV e Rádio Celinauta),instagram,https://www.instagram.com/tvcelinauta,https://celinauta.com.br/index,2026-10-08,grupo da cidade-polo Pato Branco
4111209,Itapejara D'Oeste,PR,tv,Grupo Celinauta (TV e Rádio Celinauta),site,https://celinauta.com.br,https://tudoradio.com/dials/emissora/4400-radio-celinauta,2026-10-08,grupo da cidade-polo Pato Branco
4111209,Itapejara D'Oeste,PR,tv,Grupo Celinauta (TV e Rádio Celinauta),youtube,https://www.youtube.com/@TVCelinauta,https://celinauta.com.br/index,2026-10-08,grupo da cidade-polo Pato Branco
4113304,Laranjeiras Do Sul,PR,camara,Câmara Municipal de Laranjeiras do Sul,site,https://www.cmls.pr.gov.br,https://www.cmls.pr.gov.br,2026-10-08,sem perfis de redes no HTML
4113304,Laranjeiras Do Sul,PR,prefeitura,Prefeitura de Laranjeiras Do Sul,facebook,https://facebook.com/prefeituradelaranjeirasdosul,https://www.laranjeirasdosul.pr.gov.br,2026-10-08,
4113304,Laranjeiras Do Sul,PR,prefeitura,Prefeitura de Laranjeiras Do Sul,instagram,https://instagram.com/laranjeirasdosul_prefeitura,https://www.laranjeirasdosul.pr.gov.br,2026-10-08,
4113304,Laranjeiras Do Sul,PR,prefeitura,Prefeitura de Laranjeiras Do Sul,site,https://www.laranjeirasdosul.pr.gov.br,varredura de domínio,2026-10-08,
4113304,Laranjeiras Do Sul,PR,prefeitura,Prefeitura de Laranjeiras Do Sul,youtube,https://youtube.com/@PrefeituradeLaranjeiras,https://www.laranjeirasdosul.pr.gov.br,2026-10-08,
4113304,Laranjeiras Do Sul,PR,radio,Educadora 103 FM,facebook,https://www.facebook.com/educadora103fm,https://e103.fm/,2026-10-08,
4113304,Laranjeiras Do Sul,PR,radio,Educadora 103 FM,instagram,https://www.instagram.com/educadora103fm,https://e103.fm/,2026-10-08,
4113304,Laranjeiras Do Sul,PR,radio,Educadora 103 FM,site,https://e103.fm,https://tudoradio.com/dials/emissora/5373-radio-educadora,2026-10-08,
4113304,Laranjeiras Do Sul,PR,radio,Líder Sul FM 106.7,site,https://www.radiolidersul.com.br,https://tudoradio.com/dials/emissora/2453-lider-sul-fm,2026-10-08,site não respondeu no teste
4113304,Laranjeiras Do Sul,PR,radio,Rádio Campo Aberto FM 94.1,facebook,https://www.facebook.com/radiocampoaberto,https://campoabertofm.com.br/,2026-10-08,
4113304,Laranjeiras Do Sul,PR,radio,Rádio Campo Aberto FM 94.1,instagram,https://www.instagram.com/radiocampoabertofm,https://campoabertofm.com.br/,2026-10-08,
4113304,Laranjeiras Do Sul,PR,radio,Rádio Campo Aberto FM 94.1,site,https://campoabertofm.com.br,https://tudoradio.com/dials/emissora/5482-campo-aberto-fm,2026-10-08,
4113304,Laranjeiras Do Sul,PR,radio,Rádio Campo Aberto FM 94.1,youtube,https://www.youtube.com/channel/UCn8sTJs1jI0m670IC3ng04w,https://campoabertofm.com.br/,2026-10-08,
4114401,Mangueirinha,PR,camara,Câmara Municipal de Mangueirinha,site,https://www.mangueirinha.pr.leg.br,varredura de domínio,2026-10-08,
4114401,Mangueirinha,PR,camara,Câmara Municipal de Mangueirinha,youtube,https://youtube.com/@camaramunicipaldemangueiri4315,https://www.mangueirinha.pr.leg.br,2026-10-08,
4114401,Mangueirinha,PR,jornal,Diário do Sudoeste,facebook,https://www.facebook.com/diariodosudoeste,https://diariodosudoeste.com.br/,2026-10-08,jornal regional sediado em Pato Branco
4114401,Mangueirinha,PR,jornal,Diário do Sudoeste,instagram,https://www.instagram.com/diariodosudoeste,https://diariodosudoeste.com.br/,2026-10-08,jornal regional sediado em Pato Branco
4114401,Mangueirinha,PR,jornal,Diário do Sudoeste,site,https://diariodosudoeste.com.br,https://diariodosudoeste.com.br/,2026-10-08,jornal regional sediado em Pato Branco
4114401,Mangueirinha,PR,jornal,Diário do Sudoeste,youtube,https://www.youtube.com/@GrupoDiario,https://diariodosudoeste.com.br/,2026-10-08,jornal regional sediado em Pato Branco
4114401,Mangueirinha,PR,prefeitura,Prefeitura de Mangueirinha,facebook,https://facebook.com/prefeiturademangueirinha,https://mangueirinha.pr.gov.br,2026-10-08,
4114401,Mangueirinha,PR,prefeitura,Prefeitura de Mangueirinha,instagram,https://instagram.com/prefeiturademangueirinha,https://mangueirinha.pr.gov.br,2026-10-08,
4114401,Mangueirinha,PR,prefeitura,Prefeitura de Mangueirinha,site,https://mangueirinha.pr.gov.br,varredura de domínio,2026-10-08,
4114401,Mangueirinha,PR,prefeitura,Prefeitura de Mangueirinha,whatsapp_atendimento,https://wa.me/554632438000,https://mangueirinha.pr.gov.br,2026-10-08,"número de atendimento publicado no site oficial; uso: atendimento ao cidadão, não é canal de comunicação política"
4114401,Mangueirinha,PR,prefeitura,Prefeitura de Mangueirinha,youtube,https://youtube.com/@PrefMangueirinha,https://mangueirinha.pr.gov.br,2026-10-08,
4114401,Mangueirinha,PR,radio,Rádio Araucária FM 95.1,facebook,https://www.facebook.com/Araucaria95fm,https://radioaraucaria.com.br/,2026-10-08,
4114401,Mangueirinha,PR,radio,Rádio Araucária FM 95.1,instagram,https://www.instagram.com/araucaria95fm,https://radioaraucaria.com.br/,2026-10-08,
4114401,Mangueirinha,PR,radio,Rádio Araucária FM 95.1,site,https://radioaraucaria.com.br,https://tudoradio.com/dials/emissora/5913-araucaria-fm,2026-10-08,
4115408,Marmeleiro,PR,camara,Câmara Municipal de Marmeleiro,facebook,https://facebook.com/camaradevereadoresdemarmeleiro,https://www.marmeleiro.pr.leg.br,2026-10-08,
4115408,Marmeleiro,PR,camara,Câmara Municipal de Marmeleiro,instagram,https://instagram.com/camaramunicipalmarmeleiro,https://www.marmeleiro.pr.leg.br,2026-10-08,
4115408,Marmeleiro,PR,camara,Câmara Municipal de Marmeleiro,site,https://www.marmeleiro.pr.leg.br,varredura de domínio,2026-10-08,
4115408,Marmeleiro,PR,camara,Câmara Municipal de Marmeleiro,youtube,https://youtube.com/@camaramunicipaldemarmeleir1468,https://www.marmeleiro.pr.leg.br,2026-10-08,
4115408,Marmeleiro,PR,jornal,Diário do Sudoeste,facebook,https://www.facebook.com/diariodosudoeste,https://diariodosudoeste.com.br/,2026-10-08,jornal regional sediado em Pato Branco
4115408,Marmeleiro,PR,jornal,Diário do Sudoeste,instagram,https://www.instagram.com/diariodosudoeste,https://diariodosudoeste.com.br/,2026-10-08,jornal regional sediado em Pato Branco
4115408,Marmeleiro,PR,jornal,Diário do Sudoeste,site,https://diariodosudoeste.com.br,https://diariodosudoeste.com.br/,2026-10-08,jornal regional sediado em Pato Branco
4115408,Marmeleiro,PR,jornal,Diário do Sudoeste,youtube,https://www.youtube.com/@GrupoDiario,https://diariodosudoeste.com.br/,2026-10-08,jornal regional sediado em Pato Branco
4115408,Marmeleiro,PR,prefeitura,Prefeitura de Marmeleiro,facebook,https://facebook.com/marmeleiropr,https://www.marmeleiro.pr.gov.br,2026-10-08,
4115408,Marmeleiro,PR,prefeitura,Prefeitura de Marmeleiro,instagram,https://instagram.com/marmeleiropr,https://www.marmeleiro.pr.gov.br,2026-10-08,
4115408,Marmeleiro,PR,prefeitura,Prefeitura de Marmeleiro,site,https://www.marmeleiro.pr.gov.br,varredura de domínio,2026-10-08,
4115408,Marmeleiro,PR,prefeitura,Prefeitura de Marmeleiro,youtube,https://youtube.com/@marmeleiropr,https://www.marmeleiro.pr.gov.br,2026-10-08,
4115408,Marmeleiro,PR,radio,Rádio Cristal FM 92.9 (Marmeleiro),site,https://cristal.seleski.com.br,https://tudoradio.com/dials/emissora/5595-radio-cristal-fm,2026-10-08,site em manutenção no teste
4115408,Marmeleiro,PR,radio,Rádio Educadora 96.3 FM (Francisco Beltrão),site,https://radioeducadorafb.com.br,https://tudoradio.com/dials/emissora/4703-radio-educadora,2026-10-08,rádio da cidade-polo Francisco Beltrão
4117255,Nova Prata Do Iguaçu,PR,camara,Câmara Municipal de Nova Prata do Iguaçu,site,https://www.camaranpi.pr.gov.br,https://www.npi.pr.gov.br,2026-10-08,link no site da prefeitura; verificação anti-bot no teste
4117255,Nova Prata Do Iguaçu,PR,jornal,Diário do Sudoeste,facebook,https://www.facebook.com/diariodosudoeste,https://diariodosudoeste.com.br/,2026-10-08,jornal regional sediado em Pato Branco
4117255,Nova Prata Do Iguaçu,PR,jornal,Diário do Sudoeste,instagram,https://www.instagram.com/diariodosudoeste,https://diariodosudoeste.com.br/,2026-10-08,jornal regional sediado em Pato Branco
4117255,Nova Prata Do Iguaçu,PR,jornal,Diário do Sudoeste,site,https://diariodosudoeste.com.br,https://diariodosudoeste.com.br/,2026-10-08,jornal regional sediado em Pato Branco
4117255,Nova Prata Do Iguaçu,PR,jornal,Diário do Sudoeste,youtube,https://www.youtube.com/@GrupoDiario,https://diariodosudoeste.com.br/,2026-10-08,jornal regional sediado em Pato Branco
4117255,Nova Prata Do Iguaçu,PR,prefeitura,Prefeitura de Nova Prata do Iguaçu,facebook,https://www.facebook.com/PrefeituraNPI,https://www.npi.pr.gov.br,2026-10-08,
4117255,Nova Prata Do Iguaçu,PR,prefeitura,Prefeitura de Nova Prata do Iguaçu,instagram,https://www.instagram.com/prefeituranpi,https://www.npi.pr.gov.br,2026-10-08,
4117255,Nova Prata Do Iguaçu,PR,prefeitura,Prefeitura de Nova Prata do Iguaçu,site,https://www.npi.pr.gov.br,https://www.npi.pr.gov.br,2026-10-08,
4117255,Nova Prata Do Iguaçu,PR,prefeitura,Prefeitura de Nova Prata do Iguaçu,youtube,https://www.youtube.com/@PrefeituraMunicipalNPI,https://www.npi.pr.gov.br,2026-10-08,
4117255,Nova Prata Do Iguaçu,PR,radio,Jovem Prata FM 93.3,site,https://www.jovemprata.com.br,https://tudoradio.com/dials/emissora/2002-jovem-prata-fm,2026-10-08,site não respondeu no teste
4117255,Nova Prata Do Iguaçu,PR,radio,Rádio Clube de Realeza 101.3,facebook,https://www.facebook.com/radioclubederealeza,https://www.radiocluberza.com.br/,2026-10-08,rádio do município vizinho Realeza
4117255,Nova Prata Do Iguaçu,PR,radio,Rádio Clube de Realeza 101.3,instagram,https://www.instagram.com/radiocluberealeza,https://www.radiocluberza.com.br/,2026-10-08,rádio do município vizinho Realeza
4117255,Nova Prata Do Iguaçu,PR,radio,Rádio Clube de Realeza 101.3,site,https://www.radiocluberza.com.br,https://tudoradio.com/dials/emissora/6033-radio-clube-fm,2026-10-08,rádio do município vizinho Realeza
4117255,Nova Prata Do Iguaçu,PR,radio,Rádio Clube de Realeza 101.3,youtube,https://www.youtube.com/user/ClubedeRza,https://www.radiocluberza.com.br/,2026-10-08,rádio do município vizinho Realeza
4117602,Palmas,PR,camara,Câmara Municipal de Palmas,facebook,https://facebook.com/camarapalmaspr,https://www.palmas.pr.leg.br,2026-10-08,
4117602,Palmas,PR,camara,Câmara Municipal de Palmas,instagram,https://instagram.com/camaradepalmaspr,https://www.palmas.pr.leg.br,2026-10-08,
4117602,Palmas,PR,camara,Câmara Municipal de Palmas,site,https://www.palmas.pr.leg.br,varredura de domínio,2026-10-08,
4117602,Palmas,PR,camara,Câmara Municipal de Palmas,youtube,https://youtube.com/@CamaraMunicipaldePalmasParan,https://www.palmas.pr.leg.br,2026-10-08,
4117602,Palmas,PR,portal,"Portal RBJ (grupo das rádios Club, Horizonte e Catedral)",facebook,https://www.facebook.com/portalrbj,https://horizontefm.com.br/,2026-10-08,perfis comuns aos sites das rádios do grupo; rbj.com.br sem conteúdo no teste
4117602,Palmas,PR,portal,"Portal RBJ (grupo das rádios Club, Horizonte e Catedral)",youtube,https://www.youtube.com/channel/UCsbpRu9_KZpszRJjLR6jHHA,https://horizontefm.com.br/,2026-10-08,perfis comuns aos sites das rádios do grupo; rbj.com.br sem conteúdo no teste
4117602,Palmas,PR,prefeitura,Prefeitura de Palmas,site,https://pmp.pr.gov.br,https://www.palmas.pr.leg.br,2026-10-08,link no site da câmara; não respondeu no teste
4117602,Palmas,PR,radio,Horizonte FM 96.5,facebook,https://www.facebook.com/96horizontefm,https://horizontefm.com.br/,2026-10-08,
4117602,Palmas,PR,radio,Horizonte FM 96.5,instagram,https://www.instagram.com/horizonte.fm,https://horizontefm.com.br/,2026-10-08,
4117602,Palmas,PR,radio,Horizonte FM 96.5,site,https://horizontefm.com.br,https://tudoradio.com/dials/emissora/1682-horizonte-fm,2026-10-08,
4117602,Palmas,PR,radio,Rádio Catedral FM 94.5,site,https://radiocatedralfm.com.br,https://tudoradio.com/dials/emissora/7330-catedral-fm,2026-10-08,
4117602,Palmas,PR,radio,Rádio Club de Palmas 99.5 FM,facebook,https://www.facebook.com/clubfm99.5,https://club99.com.br/,2026-10-08,
4117602,Palmas,PR,radio,Rádio Club de Palmas 99.5 FM,site,https://club99.com.br,https://tudoradio.com/dials/emissora/5370-radio-club-fm,2026-10-08,
4117800,Palmital,PR,camara,Câmara Municipal de Palmital,facebook,https://facebook.com/camaradepalmital,https://www.camarapalmital.pr.gov.br,2026-10-08,
4117800,Palmital,PR,camara,Câmara Municipal de Palmital,site,https://www.camarapalmital.pr.gov.br,varredura de domínio,2026-10-08,
4117800,Palmital,PR,portal,Portal RSN (Rede Sul de Notícias),facebook,https://www.facebook.com/portalRSN,https://redesuldenoticias.com.br,2026-10-08,portal da cidade-polo Guarapuava
4117800,Palmital,PR,portal,Portal RSN (Rede Sul de Notícias),instagram,https://www.instagram.com/portalrsn,https://redesuldenoticias.com.br,2026-10-08,portal da cidade-polo Guarapuava
4117800,Palmital,PR,portal,Portal RSN (Rede Sul de Notícias),site,https://redesuldenoticias.com.br,https://redesuldenoticias.com.br,2026-10-08,portal da cidade-polo Guarapuava
4117800,Palmital,PR,portal,Portal RSN (Rede Sul de Notícias),youtube,https://www.youtube.com/@RSNTV,https://redesuldenoticias.com.br,2026-10-08,portal da cidade-polo Guarapuava
4117800,Palmital,PR,prefeitura,Prefeitura de Palmital,facebook,https://facebook.com/prefeituradepalmital,https://www.palmital.pr.gov.br,2026-10-08,
4117800,Palmital,PR,prefeitura,Prefeitura de Palmital,instagram,https://instagram.com/prefeituradepalmital,https://www.palmital.pr.gov.br,2026-10-08,
4117800,Palmital,PR,prefeitura,Prefeitura de Palmital,site,https://www.palmital.pr.gov.br,varredura de domínio,2026-10-08,
4117800,Palmital,PR,radio,102.3 FM Pitanga,instagram,https://www.instagram.com/amarelinha102.3fm,https://www.102fm.net.br,2026-10-08,rádio da cidade-polo Pitanga
4117800,Palmital,PR,radio,102.3 FM Pitanga,site,https://www.102fm.net.br,https://tudoradio.com/dials/emissora/5409-radio-102-fm,2026-10-08,rádio da cidade-polo Pitanga
4117800,Palmital,PR,radio,Rádio Cidade 96.3 (Palmital),site,https://www.radiocidadepalmital.com.br,https://tudoradio.com/dials/emissora/5451-radio-cidade,2026-10-08,
4119608,Pitanga,PR,camara,Câmara Municipal de Pitanga,site,https://www.pitanga.pr.leg.br,varredura de domínio,2026-10-08,
4119608,Pitanga,PR,prefeitura,Prefeitura de Pitanga,facebook,https://facebook.com/PrefeituraPitanga,https://www.pitanga.pr.gov.br,2026-10-08,
4119608,Pitanga,PR,prefeitura,Prefeitura de Pitanga,site,https://www.pitanga.pr.gov.br,varredura de domínio,2026-10-08,
4119608,Pitanga,PR,prefeitura,Prefeitura de Pitanga,whatsapp_atendimento,https://wa.me/554231412300,https://www.pitanga.pr.gov.br,2026-10-08,"número de atendimento publicado no site oficial; uso: atendimento ao cidadão, não é canal de comunicação política"
4119608,Pitanga,PR,radio,102.3 FM Pitanga,instagram,https://www.instagram.com/amarelinha102.3fm,https://www.102fm.net.br,2026-10-08,
4119608,Pitanga,PR,radio,102.3 FM Pitanga,site,https://www.102fm.net.br,https://tudoradio.com/dials/emissora/5409-radio-102-fm,2026-10-08,
4119608,Pitanga,PR,radio,Rádio Modão FM 93.9,instagram,https://www.instagram.com/radiomodaofm,https://radiomodaofm.com.br/,2026-10-08,
4119608,Pitanga,PR,radio,Rádio Modão FM 93.9,site,https://radiomodaofm.com.br,https://tudoradio.com/dials/emissora/6463-modao-fm,2026-10-08,
4119608,Pitanga,PR,radio,Rádio Poema 104.1,site,https://www.radiopoema.com.br,https://tudoradio.com/dials/emissora/3425-radio-poema,2026-10-08,site com verificação anti-bot no teste
4119806,Planalto,PR,jornal,Diário do Sudoeste,facebook,https://www.facebook.com/diariodosudoeste,https://diariodosudoeste.com.br/,2026-10-08,jornal regional sediado em Pato Branco
4119806,Planalto,PR,jornal,Diário do Sudoeste,instagram,https://www.instagram.com/diariodosudoeste,https://diariodosudoeste.com.br/,2026-10-08,jornal regional sediado em Pato Branco
4119806,Planalto,PR,jornal,Diário do Sudoeste,site,https://diariodosudoeste.com.br,https://diariodosudoeste.com.br/,2026-10-08,jornal regional sediado em Pato Branco
4119806,Planalto,PR,jornal,Diário do Sudoeste,youtube,https://www.youtube.com/@GrupoDiario,https://diariodosudoeste.com.br/,2026-10-08,jornal regional sediado em Pato Branco
4119806,Planalto,PR,prefeitura,Prefeitura de Planalto,site,https://www.planalto.pr.gov.br,varredura de domínio,2026-10-08,
4119806,Planalto,PR,radio,Aquarela FM 88.5 (Realeza),facebook,https://www.facebook.com/aquarelafm88.5,http://aquarelafm.radio.br/,2026-10-08,rádio do município vizinho Realeza
4119806,Planalto,PR,radio,Aquarela FM 88.5 (Realeza),instagram,https://www.instagram.com/aquarelafm.88.5,http://aquarelafm.radio.br/,2026-10-08,rádio do município vizinho Realeza
4119806,Planalto,PR,radio,Aquarela FM 88.5 (Realeza),site,https://aquarelafm.radio.br,https://tudoradio.com/dials/emissora/2038-aquarela-fm,2026-10-08,rádio do município vizinho Realeza
4119806,Planalto,PR,radio,Rádio Capanema,facebook,https://www.facebook.com/RadioCapanema,https://www.radiocapanema.com.br,2026-10-08,rádio do município vizinho Capanema; DDD 46 no site confirma Capanema-PR
4119806,Planalto,PR,radio,Rádio Capanema,site,https://www.radiocapanema.com.br,https://www.radiocapanema.com.br,2026-10-08,rádio do município vizinho Capanema; DDD 46 no site confirma Capanema-PR
4119806,Planalto,PR,radio,Rádio Clube de Realeza 101.3,facebook,https://www.facebook.com/radioclubederealeza,https://www.radiocluberza.com.br/,2026-10-08,rádio do município vizinho Realeza
4119806,Planalto,PR,radio,Rádio Clube de Realeza 101.3,instagram,https://www.instagram.com/radiocluberealeza,https://www.radiocluberza.com.br/,2026-10-08,rádio do município vizinho Realeza
4119806,Planalto,PR,radio,Rádio Clube de Realeza 101.3,site,https://www.radiocluberza.com.br,https://tudoradio.com/dials/emissora/6033-radio-clube-fm,2026-10-08,rádio do município vizinho Realeza
4119806,Planalto,PR,radio,Rádio Clube de Realeza 101.3,youtube,https://www.youtube.com/user/ClubedeRza,https://www.radiocluberza.com.br/,2026-10-08,rádio do município vizinho Realeza
4121604,Renascença,PR,camara,Câmara Municipal de Renascença,facebook,https://facebook.com/camaramunicipalde.renascenca,https://www.renascenca.pr.leg.br,2026-10-08,
4121604,Renascença,PR,camara,Câmara Municipal de Renascença,site,https://www.renascenca.pr.leg.br,varredura de domínio,2026-10-08,
4121604,Renascença,PR,jornal,Diário do Sudoeste,facebook,https://www.facebook.com/diariodosudoeste,https://diariodosudoeste.com.br/,2026-10-08,jornal regional sediado em Pato Branco
4121604,Renascença,PR,jornal,Diário do Sudoeste,instagram,https://www.instagram.com/diariodosudoeste,https://diariodosudoeste.com.br/,2026-10-08,jornal regional sediado em Pato Branco
4121604,Renascença,PR,jornal,Diário do Sudoeste,site,https://diariodosudoeste.com.br,https://diariodosudoeste.com.br/,2026-10-08,jornal regional sediado em Pato Branco
4121604,Renascença,PR,jornal,Diário do Sudoeste,youtube,https://www.youtube.com/@GrupoDiario,https://diariodosudoeste.com.br/,2026-10-08,jornal regional sediado em Pato Branco
4121604,Renascença,PR,prefeitura,Prefeitura de Renascença,site,https://www.renascenca.pr.gov.br,varredura de domínio,2026-10-08,
4121604,Renascença,PR,radio,Rádio Cristal FM 92.9 (Marmeleiro),site,https://cristal.seleski.com.br,https://tudoradio.com/dials/emissora/5595-radio-cristal-fm,2026-10-08,rádio do município vizinho Marmeleiro; site em manutenção no teste
4121604,Renascença,PR,radio,Rádio Educadora 96.3 FM (Francisco Beltrão),site,https://radioeducadorafb.com.br,https://tudoradio.com/dials/emissora/4703-radio-educadora,2026-10-08,rádio da cidade-polo Francisco Beltrão
4122206,Rio Branco Do Sul,PR,camara,Câmara Municipal de Rio Branco Do Sul,facebook,https://facebook.com/camararbs,https://www.riobrancodosul.pr.leg.br,2026-10-08,
4122206,Rio Branco Do Sul,PR,camara,Câmara Municipal de Rio Branco Do Sul,instagram,https://instagram.com/camararbs,https://www.riobrancodosul.pr.leg.br,2026-10-08,
4122206,Rio Branco Do Sul,PR,camara,Câmara Municipal de Rio Branco Do Sul,site,https://www.riobrancodosul.pr.leg.br,varredura de domínio,2026-10-08,
4122206,Rio Branco Do Sul,PR,camara,Câmara Municipal de Rio Branco Do Sul,youtube,https://youtube.com/@camararbs,https://www.riobrancodosul.pr.leg.br,2026-10-08,
4122206,Rio Branco Do Sul,PR,jornal,Tribuna PR,facebook,https://www.facebook.com/tribunadoparana,https://www.tribunapr.com.br/,2026-10-08,veículo de Curitiba que cobre a RMC
4122206,Rio Branco Do Sul,PR,jornal,Tribuna PR,instagram,https://www.instagram.com/tribunapr,https://www.tribunapr.com.br/,2026-10-08,veículo de Curitiba que cobre a RMC
4122206,Rio Branco Do Sul,PR,jornal,Tribuna PR,site,https://www.tribunapr.com.br,https://www.tribunapr.com.br/,2026-10-08,veículo de Curitiba que cobre a RMC
4122206,Rio Branco Do Sul,PR,prefeitura,Prefeitura de Rio Branco Do Sul,site,https://www.riobrancodosul.pr.gov.br,varredura de domínio,2026-10-08,
4122206,Rio Branco Do Sul,PR,radio,Banda B (rádio e portal),facebook,https://www.facebook.com/PortalBandaB,https://www.bandab.com.br/,2026-10-08,veículo da capital Curitiba que cobre a RMC
4122206,Rio Branco Do Sul,PR,radio,Banda B (rádio e portal),facebook,https://www.facebook.com/RadioBandaB,https://www.bandab.com.br/,2026-10-08,veículo da capital Curitiba que cobre a RMC
4122206,Rio Branco Do Sul,PR,radio,Banda B (rádio e portal),instagram,https://www.instagram.com/portalbandab,https://www.bandab.com.br/,2026-10-08,veículo da capital Curitiba que cobre a RMC
4122206,Rio Branco Do Sul,PR,radio,Banda B (rádio e portal),site,https://www.bandab.com.br,https://www.bandab.com.br/,2026-10-08,veículo da capital Curitiba que cobre a RMC
4122206,Rio Branco Do Sul,PR,radio,Banda B (rádio e portal),telegram_canal,https://t.me/portalbandab,https://www.bandab.com.br/,2026-10-08,veículo da capital Curitiba que cobre a RMC
4122206,Rio Branco Do Sul,PR,radio,Banda B (rádio e portal),tiktok,https://www.tiktok.com/@bandaboficial,https://www.bandab.com.br/,2026-10-08,veículo da capital Curitiba que cobre a RMC
4122206,Rio Branco Do Sul,PR,radio,Banda B (rádio e portal),whatsapp_canal,https://whatsapp.com/channel/0029Va4on56L2ATwAnN0i62G,https://www.bandab.com.br/,2026-10-08,"veículo da capital Curitiba que cobre a RMC; canal confirmado: ""Banda B | Notícias do Paraná, do Brasil e do mundo"""
4122206,Rio Branco Do Sul,PR,radio,Banda B (rádio e portal),youtube,https://www.youtube.com/channel/UCX22VQocVOGj0t5P7SC5g0Q,https://www.bandab.com.br/,2026-10-08,veículo da capital Curitiba que cobre a RMC
4124400,Santo Antônio Do Sudoeste,PR,camara,Câmara Municipal de Santo Antônio Do Sudoeste,instagram,https://instagram.com/poderlegislativosas,https://www.santoantoniodosudoeste.pr.leg.br,2026-10-08,
4124400,Santo Antônio Do Sudoeste,PR,camara,Câmara Municipal de Santo Antônio Do Sudoeste,site,https://www.santoantoniodosudoeste.pr.leg.br,varredura de domínio,2026-10-08,
4124400,Santo Antônio Do Sudoeste,PR,camara,Câmara Municipal de Santo Antônio Do Sudoeste,youtube,https://youtube.com/@poderlegislativosantoanton8187,https://www.santoantoniodosudoeste.pr.leg.br,2026-10-08,
4124400,Santo Antônio Do Sudoeste,PR,jornal,Diário do Sudoeste,facebook,https://www.facebook.com/diariodosudoeste,https://diariodosudoeste.com.br,2026-10-08,veículo regional da cidade-polo Pato Branco (Sudoeste do PR)
4124400,Santo Antônio Do Sudoeste,PR,jornal,Diário do Sudoeste,instagram,https://www.instagram.com/diariodosudoeste,https://diariodosudoeste.com.br,2026-10-08,veículo regional da cidade-polo Pato Branco (Sudoeste do PR)
4124400,Santo Antônio Do Sudoeste,PR,jornal,Diário do Sudoeste,site,https://diariodosudoeste.com.br,https://diariodosudoeste.com.br,2026-10-08,veículo regional da cidade-polo Pato Branco (Sudoeste do PR)
4124400,Santo Antônio Do Sudoeste,PR,jornal,Diário do Sudoeste,youtube,https://www.youtube.com/@GrupoDiario,https://diariodosudoeste.com.br,2026-10-08,veículo regional da cidade-polo Pato Branco (Sudoeste do PR)
4124400,Santo Antônio Do Sudoeste,PR,prefeitura,Prefeitura Municipal de Santo Antônio do Sudoeste,site,https://pmsas.pr.gov.br,https://pmsas.pr.gov.br/,2026-10-08,domínio também listado na Wikipédia pt
4124400,Santo Antônio Do Sudoeste,PR,radio,Rádio Acesa FM 104.9,facebook,https://www.facebook.com/acesafm104.9,https://acesafm.com.br,2026-10-08,
4124400,Santo Antônio Do Sudoeste,PR,radio,Rádio Acesa FM 104.9,instagram,https://www.instagram.com/acesafm104.9,https://acesafm.com.br,2026-10-08,
4124400,Santo Antônio Do Sudoeste,PR,radio,Rádio Acesa FM 104.9,site,https://acesafm.com.br,https://acesafm.com.br,2026-10-08,
4126603,Siqueira Campos,PR,camara,Câmara Municipal de Siqueira Campos,site,https://camarasiqueiracampos.pr.gov.br,https://pt.wikipedia.org/wiki/Siqueira_Campos_(Paraná),2026-10-08,listado na Wikipédia; não respondeu em 08/10/2026
4126603,Siqueira Campos,PR,jornal,Tribuna do Vale,site,https://tribunadovale.com.br,https://tribunadovale.com.br,2026-10-08,veículo regional do Norte Pioneiro (Santo Antônio da Platina); homepage cita Siqueira Campos
4126603,Siqueira Campos,PR,prefeitura,Prefeitura de Siqueira Campos,facebook,https://facebook.com/prefeiturasiqueiracampos,https://www.siqueiracampos.pr.gov.br,2026-10-08,
4126603,Siqueira Campos,PR,prefeitura,Prefeitura de Siqueira Campos,instagram,https://instagram.com/prefeiturasiq,https://www.siqueiracampos.pr.gov.br,2026-10-08,
4126603,Siqueira Campos,PR,prefeitura,Prefeitura de Siqueira Campos,site,https://www.siqueiracampos.pr.gov.br,varredura de domínio,2026-10-08,
4126603,Siqueira Campos,PR,prefeitura,Prefeitura de Siqueira Campos,whatsapp_atendimento,https://api.whatsapp.com/send?phone=554335711222,https://www.siqueiracampos.pr.gov.br,2026-10-08,"número de atendimento publicado no site oficial; uso: atendimento ao cidadão, não é canal de comunicação política"
4126603,Siqueira Campos,PR,prefeitura,Prefeitura de Siqueira Campos,whatsapp_atendimento,https://wa.me/4335711231,https://www.siqueiracampos.pr.gov.br,2026-10-08,"número de atendimento publicado no site oficial; uso: atendimento ao cidadão, não é canal de comunicação política"
4126603,Siqueira Campos,PR,radio,Cana Verde FM 98.3,facebook,https://www.facebook.com/canaverdefm,https://canaverdefm.com.br,2026-10-08,
4126603,Siqueira Campos,PR,radio,Cana Verde FM 98.3,instagram,https://www.instagram.com/canaverdefm,https://canaverdefm.com.br,2026-10-08,
4126603,Siqueira Campos,PR,radio,Cana Verde FM 98.3,site,https://canaverdefm.com.br,https://canaverdefm.com.br,2026-10-08,
4126603,Siqueira Campos,PR,radio,Rádio Bom Jesus FM 93.9,site,https://radiobomjesus.com.br,https://radiobomjesus.com.br,2026-10-08,site cita Siqueira Campos; perfis não encontrados no HTML
4126652,Sulina,PR,camara,Câmara Municipal de Sulina,site,https://camarasulina.pr.gov.br,varredura de domínio,2026-10-08,
4126652,Sulina,PR,jornal,Diário do Sudoeste,facebook,https://www.facebook.com/diariodosudoeste,https://diariodosudoeste.com.br,2026-10-08,veículo regional da cidade-polo Pato Branco (Sudoeste do PR)
4126652,Sulina,PR,jornal,Diário do Sudoeste,instagram,https://www.instagram.com/diariodosudoeste,https://diariodosudoeste.com.br,2026-10-08,veículo regional da cidade-polo Pato Branco (Sudoeste do PR)
4126652,Sulina,PR,jornal,Diário do Sudoeste,site,https://diariodosudoeste.com.br,https://diariodosudoeste.com.br,2026-10-08,veículo regional da cidade-polo Pato Branco (Sudoeste do PR)
4126652,Sulina,PR,jornal,Diário do Sudoeste,youtube,https://www.youtube.com/@GrupoDiario,https://diariodosudoeste.com.br,2026-10-08,veículo regional da cidade-polo Pato Branco (Sudoeste do PR)
4126652,Sulina,PR,prefeitura,Prefeitura de Sulina,facebook,https://facebook.com/prefeiturasulina,https://sulina.pr.gov.br,2026-10-08,
4126652,Sulina,PR,prefeitura,Prefeitura de Sulina,instagram,https://instagram.com/prefeituramunicipaldesulina,https://sulina.pr.gov.br,2026-10-08,
4126652,Sulina,PR,prefeitura,Prefeitura de Sulina,site,https://sulina.pr.gov.br,varredura de domínio,2026-10-08,
4126652,Sulina,PR,prefeitura,Prefeitura de Sulina,whatsapp_atendimento,https://wa.me/554688032134,https://sulina.pr.gov.br,2026-10-08,"número de atendimento publicado no site oficial; uso: atendimento ao cidadão, não é canal de comunicação política"
4125100,São João Do Triunfo,PR,camara,Câmara Municipal de São João Do Triunfo,site,https://cmsaojoaodotriunfo.pr.gov.br,varredura de domínio,2026-10-08,
4125100,São João Do Triunfo,PR,portal,aRede,facebook,https://www.facebook.com/aredeinfo,https://arede.info,2026-10-08,veículo regional da cidade-polo Ponta Grossa (Campos Gerais)
4125100,São João Do Triunfo,PR,portal,aRede,instagram,https://www.instagram.com/arede.info,https://arede.info,2026-10-08,veículo regional da cidade-polo Ponta Grossa (Campos Gerais)
4125100,São João Do Triunfo,PR,portal,aRede,site,https://arede.info,https://arede.info,2026-10-08,veículo regional da cidade-polo Ponta Grossa (Campos Gerais)
4125100,São João Do Triunfo,PR,portal,aRede,youtube,https://www.youtube.com/c/aRedeinfo_Aconteceu_ta_na_rede,https://arede.info,2026-10-08,veículo regional da cidade-polo Ponta Grossa (Campos Gerais)
4125100,São João Do Triunfo,PR,prefeitura,Prefeitura Municipal de São João do Triunfo,site,https://sjtriunfo.pr.gov.br,https://pt.wikipedia.org/wiki/São_João_do_Triunfo,2026-10-08,protegido por Cloudflare (HTTP 403 a acesso automatizado); perfis não extraídos
4127502,Tibagi,PR,camara,Câmara Municipal de Tibagi,facebook,https://facebook.com/CamaraMunicipaldeTibagi,https://www.camaratibagi.pr.gov.br,2026-10-08,
4127502,Tibagi,PR,camara,Câmara Municipal de Tibagi,instagram,https://instagram.com/camaratibagi,https://www.camaratibagi.pr.gov.br,2026-10-08,
4127502,Tibagi,PR,camara,Câmara Municipal de Tibagi,site,https://www.camaratibagi.pr.gov.br,varredura de domínio,2026-10-08,
4127502,Tibagi,PR,camara,Câmara Municipal de Tibagi,youtube,https://youtube.com/@camaramunicipaldetibagi,https://www.camaratibagi.pr.gov.br,2026-10-08,
4127502,Tibagi,PR,jornal,Jornal Tibagi,facebook,https://www.facebook.com/JornalTibagi2,https://jornaltibagi.com.br,2026-10-08,
4127502,Tibagi,PR,jornal,Jornal Tibagi,instagram,https://www.instagram.com/jornal.tibagi,https://jornaltibagi.com.br,2026-10-08,
4127502,Tibagi,PR,jornal,Jornal Tibagi,site,https://jornaltibagi.com.br,https://jornaltibagi.com.br,2026-10-08,
4127502,Tibagi,PR,jornal,Jornal Tibagi,youtube,https://www.youtube.com/@jornal.tibagi,https://jornaltibagi.com.br,2026-10-08,
4127502,Tibagi,PR,portal,aRede,facebook,https://www.facebook.com/aredeinfo,https://arede.info,2026-10-08,veículo regional da cidade-polo Ponta Grossa (Campos Gerais)
4127502,Tibagi,PR,portal,aRede,instagram,https://www.instagram.com/arede.info,https://arede.info,2026-10-08,veículo regional da cidade-polo Ponta Grossa (Campos Gerais)
4127502,Tibagi,PR,portal,aRede,site,https://arede.info,https://arede.info,2026-10-08,veículo regional da cidade-polo Ponta Grossa (Campos Gerais)
4127502,Tibagi,PR,portal,aRede,youtube,https://www.youtube.com/c/aRedeinfo_Aconteceu_ta_na_rede,https://arede.info,2026-10-08,veículo regional da cidade-polo Ponta Grossa (Campos Gerais)
4127502,Tibagi,PR,prefeitura,Prefeitura de Tibagi,instagram,https://instagram.com/preftibagi,https://tibagi.pr.gov.br,2026-10-08,
4127502,Tibagi,PR,prefeitura,Prefeitura de Tibagi,site,https://tibagi.pr.gov.br,varredura de domínio,2026-10-08,
4127502,Tibagi,PR,prefeitura,Prefeitura de Tibagi,youtube,https://youtube.com/user/Tibagipr,https://tibagi.pr.gov.br,2026-10-08,
4127502,Tibagi,PR,radio,Rádio Itay 88.7 FM,site,https://radioitay.com.br,https://de1.api.radio-browser.info/json/stations/search?countrycode=BR&name=Itay,2026-10-08,"única rádio de Tibagi segundo a Wikipédia; site listado no radio-browser, fora do ar em 08/10/2026"
4127965,Turvo,PR,camara,Câmara Municipal de Turvo,site,https://www.turvo.pr.gov.br/gestao-atual/composicao-da-camara,https://www.turvo.pr.gov.br,2026-10-08,site próprio da câmara não encontrado; página de composição da câmara no site da prefeitura
4127965,Turvo,PR,portal,Portal RSN (Rede Sul de Notícias),facebook,https://www.facebook.com/portalRSN,https://redesuldenoticias.com.br,2026-10-08,veículo da cidade-polo Guarapuava; homepage cita Turvo
4127965,Turvo,PR,portal,Portal RSN (Rede Sul de Notícias),instagram,https://www.instagram.com/portalrsn,https://redesuldenoticias.com.br,2026-10-08,veículo da cidade-polo Guarapuava; homepage cita Turvo
4127965,Turvo,PR,portal,Portal RSN (Rede Sul de Notícias),site,https://redesuldenoticias.com.br,https://redesuldenoticias.com.br,2026-10-08,veículo da cidade-polo Guarapuava; homepage cita Turvo
4127965,Turvo,PR,portal,Portal RSN (Rede Sul de Notícias),youtube,https://www.youtube.com/@RSNTV,https://redesuldenoticias.com.br,2026-10-08,veículo da cidade-polo Guarapuava; homepage cita Turvo
4127965,Turvo,PR,prefeitura,Prefeitura de Turvo,facebook,https://facebook.com/prefeituradeturvo.pr,https://www.turvo.pr.gov.br,2026-10-08,
4127965,Turvo,PR,prefeitura,Prefeitura de Turvo,instagram,https://instagram.com/prefeituradeturvo.pr,https://www.turvo.pr.gov.br,2026-10-08,
4127965,Turvo,PR,prefeitura,Prefeitura de Turvo,site,https://www.turvo.pr.gov.br,varredura de domínio,2026-10-08,
4127965,Turvo,PR,prefeitura,Prefeitura de Turvo,whatsapp_atendimento,https://wa.me/554236421145,https://www.turvo.pr.gov.br,2026-10-08,"número de atendimento publicado no site oficial; uso: atendimento ao cidadão, não é canal de comunicação política"
4128534,Ventania,PR,camara,Câmara Municipal de Ventania,instagram,https://instagram.com/camaradeventaniapr,https://www.ventania.pr.leg.br,2026-10-08,
4128534,Ventania,PR,camara,Câmara Municipal de Ventania,site,https://www.ventania.pr.leg.br,varredura de domínio,2026-10-08,
4128534,Ventania,PR,camara,Câmara Municipal de Ventania,youtube,https://youtube.com/@camaramunicipalventania922,https://www.ventania.pr.leg.br,2026-10-08,
4128534,Ventania,PR,portal,aRede,facebook,https://www.facebook.com/aredeinfo,https://arede.info,2026-10-08,veículo regional da cidade-polo Ponta Grossa (Campos Gerais)
4128534,Ventania,PR,portal,aRede,instagram,https://www.instagram.com/arede.info,https://arede.info,2026-10-08,veículo regional da cidade-polo Ponta Grossa (Campos Gerais)
4128534,Ventania,PR,portal,aRede,site,https://arede.info,https://arede.info,2026-10-08,veículo regional da cidade-polo Ponta Grossa (Campos Gerais)
4128534,Ventania,PR,portal,aRede,youtube,https://www.youtube.com/c/aRedeinfo_Aconteceu_ta_na_rede,https://arede.info,2026-10-08,veículo regional da cidade-polo Ponta Grossa (Campos Gerais)
4128534,Ventania,PR,prefeitura,Prefeitura de Ventania,instagram,https://instagram.com/prefsventania,https://www.ventania.pr.gov.br,2026-10-08,
4128534,Ventania,PR,prefeitura,Prefeitura de Ventania,site,https://www.ventania.pr.gov.br,varredura de domínio,2026-10-08,
4128534,Ventania,PR,prefeitura,Prefeitura de Ventania,whatsapp_atendimento,https://wa.me/554298019924,https://www.ventania.pr.gov.br,2026-10-08,"número de atendimento publicado no site oficial; uso: atendimento ao cidadão, não é canal de comunicação política"
4128534,Ventania,PR,prefeitura,Prefeitura de Ventania,youtube,https://youtube.com/@prefeituradeventania,https://www.ventania.pr.gov.br,2026-10-08,
4128609,Verê,PR,jornal,Diário do Sudoeste,facebook,https://www.facebook.com/diariodosudoeste,https://diariodosudoeste.com.br,2026-10-08,veículo regional da cidade-polo Pato Branco (Sudoeste do PR)
4128609,Verê,PR,jornal,Diário do Sudoeste,instagram,https://www.instagram.com/diariodosudoeste,https://diariodosudoeste.com.br,2026-10-08,veículo regional da cidade-polo Pato Branco (Sudoeste do PR)
4128609,Verê,PR,jornal,Diário do Sudoeste,site,https://diariodosudoeste.com.br,https://diariodosudoeste.com.br,2026-10-08,veículo regional da cidade-polo Pato Branco (Sudoeste do PR)
4128609,Verê,PR,jornal,Diário do Sudoeste,youtube,https://www.youtube.com/@GrupoDiario,https://diariodosudoeste.com.br,2026-10-08,veículo regional da cidade-polo Pato Branco (Sudoeste do PR)
4128609,Verê,PR,prefeitura,Prefeitura de Verê,facebook,https://facebook.com/prefeituradevere,https://www.vere.pr.gov.br,2026-10-08,
4128609,Verê,PR,prefeitura,Prefeitura de Verê,instagram,https://instagram.com/prefeituramunicipaldevere,https://www.vere.pr.gov.br,2026-10-08,
4128609,Verê,PR,prefeitura,Prefeitura de Verê,site,https://www.vere.pr.gov.br,varredura de domínio,2026-10-08,
3301603,Duas Barras,RJ,camara,Câmara Municipal de Duas Barras,instagram,https://instagram.com/camaramunicipalduasbarras,https://www.duasbarras.rj.leg.br,2026-10-08,
3301603,Duas Barras,RJ,camara,Câmara Municipal de Duas Barras,site,https://www.duasbarras.rj.leg.br,varredura de domínio,2026-10-08,
3301603,Duas Barras,RJ,camara,Câmara Municipal de Duas Barras,youtube,https://youtube.com/c/camaramunicipaldeduasbarras,https://www.duasbarras.rj.leg.br,2026-10-08,
3301603,Duas Barras,RJ,jornal,A Voz da Serra,facebook,https://www.facebook.com/avozdaserra,https://avozdaserra.com.br,2026-10-08,veículo da cidade-polo Nova Friburgo; homepage cita Duas Barras
3301603,Duas Barras,RJ,jornal,A Voz da Serra,instagram,https://www.instagram.com/jornal_avozdaserra,https://avozdaserra.com.br,2026-10-08,veículo da cidade-polo Nova Friburgo; homepage cita Duas Barras
3301603,Duas Barras,RJ,jornal,A Voz da Serra,site,https://avozdaserra.com.br,https://avozdaserra.com.br,2026-10-08,veículo da cidade-polo Nova Friburgo; homepage cita Duas Barras
3301603,Duas Barras,RJ,jornal,A Voz da Serra,youtube,https://www.youtube.com/channel/UC_pUQCBa_kzXBM8nn6PraYg,https://avozdaserra.com.br,2026-10-08,veículo da cidade-polo Nova Friburgo; homepage cita Duas Barras
3301603,Duas Barras,RJ,prefeitura,Prefeitura de Duas Barras,instagram,https://instagram.com/prefeitura_duasbarras,https://duasbarras.rj.gov.br/site,2026-10-08,
3301603,Duas Barras,RJ,prefeitura,Prefeitura de Duas Barras,site,https://duasbarras.rj.gov.br/site,varredura de domínio,2026-10-08,
3304151,Quissamã,RJ,camara,Câmara Municipal de Quissamã,site,https://www.quissama.rj.leg.br,https://www.quissama.rj.leg.br,2026-10-08,domínio responde com captcha; perfis não extraídos
3304151,Quissamã,RJ,jornal,Folha da Manhã (Folha1),instagram,https://www.instagram.com/folha1,https://www.folha1.com.br/,2026-10-08,veículo da cidade-polo Campos dos Goytacazes
3304151,Quissamã,RJ,jornal,Folha da Manhã (Folha1),site,https://www.folha1.com.br,https://www.folha1.com.br/,2026-10-08,veículo da cidade-polo Campos dos Goytacazes
3304151,Quissamã,RJ,jornal,O Debate (Diário de Macaé),facebook,https://www.facebook.com/odebateonmacae,https://odebateon.com.br,2026-10-08,veículo da cidade-polo Macaé
3304151,Quissamã,RJ,jornal,O Debate (Diário de Macaé),instagram,https://www.instagram.com/odebatediariodemacae,https://odebateon.com.br,2026-10-08,veículo da cidade-polo Macaé
3304151,Quissamã,RJ,jornal,O Debate (Diário de Macaé),site,https://odebateon.com.br,https://odebateon.com.br,2026-10-08,veículo da cidade-polo Macaé
3304151,Quissamã,RJ,prefeitura,Prefeitura Municipal de Quissamã,site,https://www.quissama.rj.gov.br,https://pt.wikipedia.org/wiki/Quissamã,2026-10-08,listado na Wikipédia; HTTP 503 em 08/10/2026; perfis não extraídos
3304151,Quissamã,RJ,radio,Rádio Quissamã FM 87.9,facebook,https://www.facebook.com/quissamafm,https://quissamafm.com.br,2026-10-08,
3304151,Quissamã,RJ,radio,Rádio Quissamã FM 87.9,instagram,https://www.instagram.com/radioquissamafm,https://quissamafm.com.br,2026-10-08,
3304151,Quissamã,RJ,radio,Rádio Quissamã FM 87.9,site,https://quissamafm.com.br,https://quissamafm.com.br,2026-10-08,
3306107,Valença,RJ,camara,Câmara Municipal de Valença,facebook,https://facebook.com/cmvalenca,https://www.valenca.rj.leg.br,2026-10-08,
3306107,Valença,RJ,camara,Câmara Municipal de Valença,instagram,https://instagram.com/cmvalencarj,https://www.valenca.rj.leg.br,2026-10-08,
3306107,Valença,RJ,camara,Câmara Municipal de Valença,site,https://www.valenca.rj.leg.br,varredura de domínio,2026-10-08,
3306107,Valença,RJ,jornal,Correio Sul Fluminense,instagram,https://www.instagram.com/correio.sulfluminense,https://correiosulfluminense.com.br,2026-10-08,jornal regional (Grupo Correio da Manhã) que circula em 12 municípios do Sul Fluminense; homepage cita Valença
3306107,Valença,RJ,jornal,Correio Sul Fluminense,site,https://correiosulfluminense.com.br,https://correiosulfluminense.com.br,2026-10-08,jornal regional (Grupo Correio da Manhã) que circula em 12 municípios do Sul Fluminense; homepage cita Valença
3306107,Valença,RJ,jornal,Correio Sul Fluminense,youtube,https://www.youtube.com/c/TVCorreiodaManh,https://correiosulfluminense.com.br,2026-10-08,jornal regional (Grupo Correio da Manhã) que circula em 12 municípios do Sul Fluminense; homepage cita Valença
3306107,Valença,RJ,prefeitura,Prefeitura de Valença,site,https://valenca.rj.gov.br/inicio,varredura de domínio,2026-10-08,
4300505,Alpestre,RS,camara,Câmara Municipal de Alpestre,site,https://camaraalpestre.com.br,https://pt.wikipedia.org/wiki/Alpestre,2026-10-08,"site confirmado (título ""Câmara Municipal de Alpestre"")"
4300505,Alpestre,RS,portal,LA+ (Grupo Luz e Alegria),facebook,https://www.facebook.com/lamaisdigital,https://lamais.com.br/,2026-10-08,veículo da cidade-polo Frederico Westphalen (Rádio Luz e Alegria; luzealegria.com.br redireciona para lamais.com.br)
4300505,Alpestre,RS,portal,LA+ (Grupo Luz e Alegria),instagram,https://www.instagram.com/lamaisdigital,https://lamais.com.br/,2026-10-08,veículo da cidade-polo Frederico Westphalen (Rádio Luz e Alegria; luzealegria.com.br redireciona para lamais.com.br)
4300505,Alpestre,RS,portal,LA+ (Grupo Luz e Alegria),site,https://lamais.com.br,https://lamais.com.br/,2026-10-08,veículo da cidade-polo Frederico Westphalen (Rádio Luz e Alegria; luzealegria.com.br redireciona para lamais.com.br)
4300505,Alpestre,RS,portal,LA+ (Grupo Luz e Alegria),youtube,https://www.youtube.com/@lamaisdigital,https://lamais.com.br/,2026-10-08,veículo da cidade-polo Frederico Westphalen (Rádio Luz e Alegria; luzealegria.com.br redireciona para lamais.com.br)
4300505,Alpestre,RS,prefeitura,Prefeitura de Alpestre,instagram,https://instagram.com/alpestreprefeitura,https://www.alpestre.rs.gov.br,2026-10-08,
4300505,Alpestre,RS,prefeitura,Prefeitura de Alpestre,site,https://www.alpestre.rs.gov.br,varredura de domínio,2026-10-08,
4300505,Alpestre,RS,radio,Rádio Ametista 88.5 FM,facebook,https://www.facebook.com/RadioFM88.5,https://radioametista.com.br,2026-10-08,veículo de Planalto (município vizinho)
4300505,Alpestre,RS,radio,Rádio Ametista 88.5 FM,instagram,https://www.instagram.com/radioametista,https://radioametista.com.br,2026-10-08,veículo de Planalto (município vizinho)
4300505,Alpestre,RS,radio,Rádio Ametista 88.5 FM,site,https://radioametista.com.br,https://radioametista.com.br,2026-10-08,veículo de Planalto (município vizinho)
4300505,Alpestre,RS,radio,Rádio Ponto Norte 89.1 FM,facebook,https://www.facebook.com/pontonortefm,https://pontonortefm.com.br,2026-10-08,"associada AGERT, sediada em Alpestre"
4300505,Alpestre,RS,radio,Rádio Ponto Norte 89.1 FM,instagram,https://www.instagram.com/radiopontonortefm89.1,https://pontonortefm.com.br,2026-10-08,"associada AGERT, sediada em Alpestre"
4300505,Alpestre,RS,radio,Rádio Ponto Norte 89.1 FM,site,https://pontonortefm.com.br,https://pontonortefm.com.br,2026-10-08,"associada AGERT, sediada em Alpestre"
4301909,Barra Do Ribeiro,RS,camara,Câmara Municipal de Barra Do Ribeiro,facebook,https://facebook.com/camarabarradoribeiro,https://www.barradoribeiro.rs.leg.br,2026-10-08,
4301909,Barra Do Ribeiro,RS,camara,Câmara Municipal de Barra Do Ribeiro,site,https://www.barradoribeiro.rs.leg.br,varredura de domínio,2026-10-08,
4301909,Barra Do Ribeiro,RS,camara,Câmara Municipal de Barra Do Ribeiro,whatsapp_atendimento,https://api.whatsapp.com/send?phone=555196772152,https://www.barradoribeiro.rs.leg.br,2026-10-08,"número de atendimento publicado no site oficial; uso: atendimento ao cidadão, não é canal de comunicação política"
4301909,Barra Do Ribeiro,RS,prefeitura,Prefeitura de Barra Do Ribeiro,facebook,https://facebook.com/Prefeitura-de-Contenda-510287095718716,https://www.barradoribeiro.rs.gov.br/site,2026-10-08,
4301909,Barra Do Ribeiro,RS,prefeitura,Prefeitura de Barra Do Ribeiro,facebook,https://facebook.com/prefeituradebarradoribeiro,https://www.barradoribeiro.rs.gov.br/site,2026-10-08,
4301909,Barra Do Ribeiro,RS,prefeitura,Prefeitura de Barra Do Ribeiro,instagram,https://instagram.com/prefeituradebarradoribeiro,https://www.barradoribeiro.rs.gov.br/site,2026-10-08,
4301909,Barra Do Ribeiro,RS,prefeitura,Prefeitura de Barra Do Ribeiro,site,https://www.barradoribeiro.rs.gov.br/site,varredura de domínio,2026-10-08,
4301909,Barra Do Ribeiro,RS,radio,Rádio Guaíba,facebook,https://www.facebook.com/rdguaibaoficial,https://guaiba.com.br/,2026-10-08,veículo estadual de Porto Alegre; nenhum veículo local de Barra do Ribeiro encontrado
4301909,Barra Do Ribeiro,RS,radio,Rádio Guaíba,instagram,https://www.instagram.com/rdguaibaoficial,https://guaiba.com.br/,2026-10-08,veículo estadual de Porto Alegre; nenhum veículo local de Barra do Ribeiro encontrado
4301909,Barra Do Ribeiro,RS,radio,Rádio Guaíba,site,https://guaiba.com.br,https://guaiba.com.br/,2026-10-08,veículo estadual de Porto Alegre; nenhum veículo local de Barra do Ribeiro encontrado
4301909,Barra Do Ribeiro,RS,radio,Rádio Guaíba,tiktok,https://www.tiktok.com/@radioguaiba,https://guaiba.com.br/,2026-10-08,veículo estadual de Porto Alegre; nenhum veículo local de Barra do Ribeiro encontrado
4302154,Boa Vista Das Missões,RS,camara,Câmara Municipal de Boa Vista Das Missões,facebook,https://facebook.com/camara.boa.vista.das.missoes,https://camaraboavistadasmissoes.rs.gov.br,2026-10-08,
4302154,Boa Vista Das Missões,RS,camara,Câmara Municipal de Boa Vista Das Missões,site,https://camaraboavistadasmissoes.rs.gov.br,varredura de domínio,2026-10-08,
4302154,Boa Vista Das Missões,RS,camara,Câmara Municipal de Boa Vista Das Missões,youtube,https://youtube.com/@camaramunicipalbvm,https://camaraboavistadasmissoes.rs.gov.br,2026-10-08,
4302154,Boa Vista Das Missões,RS,prefeitura,Prefeitura Municipal de Boa Vista das Missões,site,https://www.boavistadasmissoes.rs.gov.br,https://pt.wikipedia.org/wiki/Boa_Vista_das_Missões,2026-10-08,HTTP 403 a acesso automatizado; perfis não extraídos
4302154,Boa Vista Das Missões,RS,radio,Rádio Palmeira FM 101.7 / AM 740,facebook,https://www.facebook.com/radiopalmeiraoficial,https://radiopalmeira.com.br,2026-10-08,veículo da cidade-polo Palmeira das Missões
4302154,Boa Vista Das Missões,RS,radio,Rádio Palmeira FM 101.7 / AM 740,instagram,https://www.instagram.com/radiopalmeiraoficial,https://radiopalmeira.com.br,2026-10-08,veículo da cidade-polo Palmeira das Missões
4302154,Boa Vista Das Missões,RS,radio,Rádio Palmeira FM 101.7 / AM 740,site,https://radiopalmeira.com.br,https://radiopalmeira.com.br,2026-10-08,veículo da cidade-polo Palmeira das Missões
4303301,Caibaté,RS,camara,Câmara Municipal de Caibaté,instagram,https://instagram.com/camaracaibate,https://www.caibate.rs.leg.br,2026-10-08,
4303301,Caibaté,RS,camara,Câmara Municipal de Caibaté,site,https://www.caibate.rs.leg.br,varredura de domínio,2026-10-08,
4303301,Caibaté,RS,camara,Câmara Municipal de Caibaté,whatsapp_atendimento,https://api.whatsapp.com/send?phone=5555996509222,https://www.caibate.rs.leg.br,2026-10-08,"número de atendimento publicado no site oficial; uso: atendimento ao cidadão, não é canal de comunicação política"
4303301,Caibaté,RS,prefeitura,Prefeitura de Caibaté,site,https://caibate.rs.gov.br,varredura de domínio,2026-10-08,
4303301,Caibaté,RS,radio,Rádio Caibaté 95.3 FM,facebook,https://www.facebook.com/radiocaibate,https://radiocaibate.com.br,2026-10-08,"associada AGERT, sediada em Caibaté (site do grupo Funave)"
4303301,Caibaté,RS,radio,Rádio Caibaté 95.3 FM,instagram,https://www.instagram.com/radio_caibate,https://radiocaibate.com.br,2026-10-08,"associada AGERT, sediada em Caibaté (site do grupo Funave)"
4303301,Caibaté,RS,radio,Rádio Caibaté 95.3 FM,site,https://radiocaibate.com.br,https://radiocaibate.com.br,2026-10-08,"associada AGERT, sediada em Caibaté (site do grupo Funave)"
4303301,Caibaté,RS,radio,Rádio Santo Ângelo 930 AM + Jornal das Missões,facebook,https://www.facebook.com/jornaldasmissoes,https://radiosantoangelojm.com.br/,2026-10-08,veículo da cidade-polo Santo Ângelo (Missões)
4303301,Caibaté,RS,radio,Rádio Santo Ângelo 930 AM + Jornal das Missões,instagram,https://www.instagram.com/radiosantoangelojm,https://radiosantoangelojm.com.br/,2026-10-08,veículo da cidade-polo Santo Ângelo (Missões)
4303301,Caibaté,RS,radio,Rádio Santo Ângelo 930 AM + Jornal das Missões,instagram,https://www.instagram.com/jornaldasmissoes,https://radiosantoangelojm.com.br/,2026-10-08,veículo da cidade-polo Santo Ângelo (Missões)
4303301,Caibaté,RS,radio,Rádio Santo Ângelo 930 AM + Jornal das Missões,site,https://radiosantoangelojm.com.br,https://radiosantoangelojm.com.br/,2026-10-08,veículo da cidade-polo Santo Ângelo (Missões)
4303301,Caibaté,RS,radio,Rádio Santo Ângelo 930 AM + Jornal das Missões,youtube,https://www.youtube.com/channel/UC60nBz_WwerbhQItYJkfvRQ,https://radiosantoangelojm.com.br/,2026-10-08,veículo da cidade-polo Santo Ângelo (Missões)
4304002,Campo Novo,RS,camara,Câmara Municipal de Campo Novo,instagram,https://instagram.com/camaracamponovo,https://camaracamponovo.rs.gov.br,2026-10-08,
4304002,Campo Novo,RS,camara,Câmara Municipal de Campo Novo,site,https://camaracamponovo.rs.gov.br,varredura de domínio,2026-10-08,
4304002,Campo Novo,RS,radio,Rádio Alto Uruguai 92.5 FM,facebook,https://www.facebook.com/radioaltouruguai.com.br,https://radioaltouruguai.com.br,2026-10-08,veículo da cidade-polo Três Passos
4304002,Campo Novo,RS,radio,Rádio Alto Uruguai 92.5 FM,instagram,https://www.instagram.com/92fm_alto_uruguai,https://radioaltouruguai.com.br,2026-10-08,veículo da cidade-polo Três Passos
4304002,Campo Novo,RS,radio,Rádio Alto Uruguai 92.5 FM,site,https://radioaltouruguai.com.br,https://radioaltouruguai.com.br,2026-10-08,veículo da cidade-polo Três Passos
4304002,Campo Novo,RS,radio,Rádio Alto Uruguai 92.5 FM,youtube,https://www.youtube.com/@radioaltouruguaifm,https://radioaltouruguai.com.br,2026-10-08,veículo da cidade-polo Três Passos
4304002,Campo Novo,RS,radio,Rádio Querência 89.7 FM,site,https://radioquerencia.com.br,https://radioquerencia.com.br,2026-10-08,veículo de Santo Augusto (município vizinho); perfis não encontrados no HTML
4304614,Canudos Do Vale,RS,camara,Câmara Municipal de Canudos Do Vale,instagram,https://instagram.com/camaracanudosdovale,https://www.camaracanudosdovale.rs.gov.br,2026-10-08,
4304614,Canudos Do Vale,RS,camara,Câmara Municipal de Canudos Do Vale,site,https://www.camaracanudosdovale.rs.gov.br,varredura de domínio,2026-10-08,
4304614,Canudos Do Vale,RS,camara,Câmara Municipal de Canudos Do Vale,whatsapp_atendimento,https://api.whatsapp.com/send?phone=5551990030029,https://www.camaracanudosdovale.rs.gov.br,2026-10-08,"número de atendimento publicado no site oficial; uso: atendimento ao cidadão, não é canal de comunicação política"
4304614,Canudos Do Vale,RS,portal,Grupo A Hora,facebook,https://www.facebook.com/grupoahoraoficial,https://grupoahora.net.br,2026-10-08,veículo da cidade-polo Lajeado (Vale do Taquari)
4304614,Canudos Do Vale,RS,portal,Grupo A Hora,instagram,https://www.instagram.com/grupoahoraoficial,https://grupoahora.net.br,2026-10-08,veículo da cidade-polo Lajeado (Vale do Taquari)
4304614,Canudos Do Vale,RS,portal,Grupo A Hora,site,https://grupoahora.net.br,https://grupoahora.net.br,2026-10-08,veículo da cidade-polo Lajeado (Vale do Taquari)
4304614,Canudos Do Vale,RS,prefeitura,Prefeitura de Canudos Do Vale,instagram,https://instagram.com/prefeituradecanudosdovale,https://www.canudosdovale.rs.gov.br,2026-10-08,
4304614,Canudos Do Vale,RS,prefeitura,Prefeitura de Canudos Do Vale,site,https://www.canudosdovale.rs.gov.br,varredura de domínio,2026-10-08,
4304614,Canudos Do Vale,RS,prefeitura,Prefeitura de Canudos Do Vale,whatsapp_atendimento,https://api.whatsapp.com/send?phone=5551990030325,https://www.canudosdovale.rs.gov.br,2026-10-08,"número de atendimento publicado no site oficial; uso: atendimento ao cidadão, não é canal de comunicação política"
4304614,Canudos Do Vale,RS,prefeitura,Prefeitura de Canudos Do Vale,whatsapp_atendimento,https://api.whatsapp.com/send?phone=5551990030329,https://www.canudosdovale.rs.gov.br,2026-10-08,"número de atendimento publicado no site oficial; uso: atendimento ao cidadão, não é canal de comunicação política"
4305207,Cerro Largo,RS,camara,Câmara Municipal de Cerro Largo,site,https://www.camaracerrolargo.rs.gov.br,varredura de domínio,2026-10-08,
4305207,Cerro Largo,RS,prefeitura,Prefeitura Municipal de Cerro Largo,site,https://www.cerrolargo.rs.gov.br,https://pt.wikipedia.org/wiki/Cerro_Largo_(Rio_Grande_do_Sul),2026-10-08,listado na Wikipédia; conexão recusada em 08/10/2026
4305207,Cerro Largo,RS,radio,Rádio Cerro Azul 1190 AM,site,https://radiocerroazul.com.br,https://radiocerroazul.com.br,2026-10-08,"associada AGERT, sediada em Cerro Largo; perfis não encontrados no HTML"
4305207,Cerro Largo,RS,radio,Rádio Santo Ângelo 930 AM + Jornal das Missões,facebook,https://www.facebook.com/jornaldasmissoes,https://radiosantoangelojm.com.br/,2026-10-08,veículo da cidade-polo Santo Ângelo (Missões)
4305207,Cerro Largo,RS,radio,Rádio Santo Ângelo 930 AM + Jornal das Missões,instagram,https://www.instagram.com/radiosantoangelojm,https://radiosantoangelojm.com.br/,2026-10-08,veículo da cidade-polo Santo Ângelo (Missões)
4305207,Cerro Largo,RS,radio,Rádio Santo Ângelo 930 AM + Jornal das Missões,instagram,https://www.instagram.com/jornaldasmissoes,https://radiosantoangelojm.com.br/,2026-10-08,veículo da cidade-polo Santo Ângelo (Missões)
4305207,Cerro Largo,RS,radio,Rádio Santo Ângelo 930 AM + Jornal das Missões,site,https://radiosantoangelojm.com.br,https://radiosantoangelojm.com.br/,2026-10-08,veículo da cidade-polo Santo Ângelo (Missões)
4305207,Cerro Largo,RS,radio,Rádio Santo Ângelo 930 AM + Jornal das Missões,youtube,https://www.youtube.com/channel/UC60nBz_WwerbhQItYJkfvRQ,https://radiosantoangelojm.com.br/,2026-10-08,veículo da cidade-polo Santo Ângelo (Missões)
4305207,Cerro Largo,RS,radio,Rádio Shamballa 105.9 FM,site,https://radioshamballa.com.br,https://radioshamballa.com.br,2026-10-08,"associada AGERT, sediada em Cerro Largo; site antigo, sem perfis"
4306072,Cristal Do Sul,RS,portal,LA+ (Grupo Luz e Alegria),facebook,https://www.facebook.com/lamaisdigital,https://lamais.com.br/,2026-10-08,veículo da cidade-polo Frederico Westphalen (Rádio Luz e Alegria; luzealegria.com.br redireciona para lamais.com.br)
4306072,Cristal Do Sul,RS,portal,LA+ (Grupo Luz e Alegria),instagram,https://www.instagram.com/lamaisdigital,https://lamais.com.br/,2026-10-08,veículo da cidade-polo Frederico Westphalen (Rádio Luz e Alegria; luzealegria.com.br redireciona para lamais.com.br)
4306072,Cristal Do Sul,RS,portal,LA+ (Grupo Luz e Alegria),site,https://lamais.com.br,https://lamais.com.br/,2026-10-08,veículo da cidade-polo Frederico Westphalen (Rádio Luz e Alegria; luzealegria.com.br redireciona para lamais.com.br)
4306072,Cristal Do Sul,RS,portal,LA+ (Grupo Luz e Alegria),youtube,https://www.youtube.com/@lamaisdigital,https://lamais.com.br/,2026-10-08,veículo da cidade-polo Frederico Westphalen (Rádio Luz e Alegria; luzealegria.com.br redireciona para lamais.com.br)
4306072,Cristal Do Sul,RS,prefeitura,Prefeitura Municipal de Cristal do Sul,site,https://cristaldosul.atende.net,https://cristaldosul.atende.net,2026-10-08,"correção: o site listado no lote (santamariana.atende.net) não é de Cristal do Sul; este portal tem título ""Prefeitura Municipal de Cristal do Sul"""
4306072,Cristal Do Sul,RS,radio,Rádio Seberi 97.3 FM,facebook,https://www.facebook.com/radioseberifm,https://radioseberi.com.br,2026-10-08,veículo de Seberi (município vizinho)
4306072,Cristal Do Sul,RS,radio,Rádio Seberi 97.3 FM,instagram,https://www.instagram.com/radioseberi,https://radioseberi.com.br,2026-10-08,veículo de Seberi (município vizinho)
4306072,Cristal Do Sul,RS,radio,Rádio Seberi 97.3 FM,site,https://radioseberi.com.br,https://radioseberi.com.br,2026-10-08,veículo de Seberi (município vizinho)
4306429,Dois Irmãos Das Missões,RS,camara,Câmara Municipal de Dois Irmãos Das Missões,facebook,https://facebook.com/CamaraDIM,https://camaradoisirmaosdasmissoes.rs.gov.br,2026-10-08,
4306429,Dois Irmãos Das Missões,RS,camara,Câmara Municipal de Dois Irmãos Das Missões,site,https://camaradoisirmaosdasmissoes.rs.gov.br,varredura de domínio,2026-10-08,
4306429,Dois Irmãos Das Missões,RS,prefeitura,Prefeitura de Dois Irmãos Das Missões,site,https://www.doisirmaosdasmissoes.rs.gov.br,varredura de domínio,2026-10-08,
4306429,Dois Irmãos Das Missões,RS,radio,Rádio Avenida 106.5 FM,facebook,https://www.facebook.com/radio.avenida.erval.seco,http://radioavenidafm.com.br,2026-10-08,veículo de Erval Seco (município vizinho)
4306429,Dois Irmãos Das Missões,RS,radio,Rádio Avenida 106.5 FM,instagram,https://www.instagram.com/radio_avenidafm,http://radioavenidafm.com.br,2026-10-08,veículo de Erval Seco (município vizinho)
4306429,Dois Irmãos Das Missões,RS,radio,Rádio Avenida 106.5 FM,site,https://radioavenidafm.com.br,http://radioavenidafm.com.br,2026-10-08,veículo de Erval Seco (município vizinho)
4306429,Dois Irmãos Das Missões,RS,radio,Rádio Palmeira FM 101.7 / AM 740,facebook,https://www.facebook.com/radiopalmeiraoficial,https://radiopalmeira.com.br,2026-10-08,veículo da cidade-polo Palmeira das Missões
4306429,Dois Irmãos Das Missões,RS,radio,Rádio Palmeira FM 101.7 / AM 740,instagram,https://www.instagram.com/radiopalmeiraoficial,https://radiopalmeira.com.br,2026-10-08,veículo da cidade-polo Palmeira das Missões
4306429,Dois Irmãos Das Missões,RS,radio,Rádio Palmeira FM 101.7 / AM 740,site,https://radiopalmeira.com.br,https://radiopalmeira.com.br,2026-10-08,veículo da cidade-polo Palmeira das Missões
4306502,Dom Feliciano,RS,camara,Câmara Municipal de Dom Feliciano,instagram,https://instagram.com/camaramunicipaldedomfeliciano,https://www.camaradomfeliciano.rs.gov.br,2026-10-08,
4306502,Dom Feliciano,RS,camara,Câmara Municipal de Dom Feliciano,site,https://www.camaradomfeliciano.rs.gov.br,varredura de domínio,2026-10-08,
4306502,Dom Feliciano,RS,prefeitura,Prefeitura de Dom Feliciano,facebook,https://facebook.com/PrefeituraDeDomFeliciano,https://domfeliciano.rs.gov.br,2026-10-08,
4306502,Dom Feliciano,RS,prefeitura,Prefeitura de Dom Feliciano,instagram,https://instagram.com/prefeituradomfeliciano,https://domfeliciano.rs.gov.br,2026-10-08,
4306502,Dom Feliciano,RS,prefeitura,Prefeitura de Dom Feliciano,site,https://domfeliciano.rs.gov.br,varredura de domínio,2026-10-08,
4306502,Dom Feliciano,RS,radio,Rádio Acústica 97.7 FM,facebook,https://www.facebook.com/acusticafm,https://acusticafm.com.br,2026-10-08,veículo da cidade-polo Camaquã
4306502,Dom Feliciano,RS,radio,Rádio Acústica 97.7 FM,instagram,https://www.instagram.com/acusticafm,https://acusticafm.com.br,2026-10-08,veículo da cidade-polo Camaquã
4306502,Dom Feliciano,RS,radio,Rádio Acústica 97.7 FM,site,https://acusticafm.com.br,https://acusticafm.com.br,2026-10-08,veículo da cidade-polo Camaquã
4306502,Dom Feliciano,RS,radio,Rádio Acústica 97.7 FM,youtube,https://www.youtube.com/user/AcusticaFM,https://acusticafm.com.br,2026-10-08,veículo da cidade-polo Camaquã
4306601,Dom Pedrito,RS,camara,Câmara Municipal de Dom Pedrito,site,https://www.camaradompedrito.rs.gov.br,varredura de domínio,2026-10-08,
4306601,Dom Pedrito,RS,prefeitura,Prefeitura Municipal de Dom Pedrito,site,https://www.dompedrito.rs.gov.br,https://pt.wikipedia.org/wiki/Dom_Pedrito,2026-10-08,listado na Wikipédia; bloqueio Vercel Security Checkpoint; perfis não extraídos
4306601,Dom Pedrito,RS,radio,Rádio Upacaraí 1330 AM,facebook,https://www.facebook.com/radioupacarai,https://radioupacarai.com.br,2026-10-08,"associada AGERT, sediada em Dom Pedrito"
4306601,Dom Pedrito,RS,radio,Rádio Upacaraí 1330 AM,instagram,https://www.instagram.com/radioupacarai,https://radioupacarai.com.br,2026-10-08,"associada AGERT, sediada em Dom Pedrito"
4306601,Dom Pedrito,RS,radio,Rádio Upacaraí 1330 AM,site,https://radioupacarai.com.br,https://radioupacarai.com.br,2026-10-08,"associada AGERT, sediada em Dom Pedrito"
4306924,Engenho Velho,RS,camara,Câmara Municipal de Engenho Velho,site,https://www.engenhovelho.rs.leg.br,varredura de domínio,2026-10-08,
4306924,Engenho Velho,RS,prefeitura,Prefeitura de Engenho Velho,site,https://engenhovelho.rs.gov.br,varredura de domínio,2026-10-08,
4306924,Engenho Velho,RS,radio,Rádio Sarandi,facebook,https://www.facebook.com/radiosarandi,https://radiosarandi.com.br,2026-10-08,veículo de Sarandi (cidade-polo próxima); nenhum veículo sediado em Engenho Velho encontrado
4306924,Engenho Velho,RS,radio,Rádio Sarandi,instagram,https://www.instagram.com/radiosarandi,https://radiosarandi.com.br,2026-10-08,veículo de Sarandi (cidade-polo próxima); nenhum veículo sediado em Engenho Velho encontrado
4306924,Engenho Velho,RS,radio,Rádio Sarandi,site,https://radiosarandi.com.br,https://radiosarandi.com.br,2026-10-08,veículo de Sarandi (cidade-polo próxima); nenhum veículo sediado em Engenho Velho encontrado
4306924,Engenho Velho,RS,radio,Rádio Sarandi,whatsapp_canal,https://whatsapp.com/channel/0029ValtggF3WHTdxnBYFA0J,https://radiosarandi.com.br,2026-10-08,"veículo de Sarandi (cidade-polo próxima); nenhum veículo sediado em Engenho Velho encontrado; canal confirmado: ""Rádio Sarandi"""
4306924,Engenho Velho,RS,radio,Rádio Sarandi,youtube,https://www.youtube.com/@radiosarandi,https://radiosarandi.com.br,2026-10-08,veículo de Sarandi (cidade-polo próxima); nenhum veículo sediado em Engenho Velho encontrado
4307203,Erval Grande,RS,camara,Câmara Municipal de Erval Grande,site,https://sistema.sinsoft.com.br/portal.camara.ervalgrande-rs/Legislativo.aspx,https://www.ervalgrande.rs.gov.br,2026-10-08,portal da câmara (Sinsoft) linkado no site da prefeitura; só http
4307203,Erval Grande,RS,jornal,Jornal Bom Dia,facebook,https://www.facebook.com/jornalbomdiadeerechim,https://jornalbomdia.com.br,2026-10-08,veículo da cidade-polo Erechim; homepage cita Erval Grande
4307203,Erval Grande,RS,jornal,Jornal Bom Dia,instagram,https://www.instagram.com/grupo_bomdia,https://jornalbomdia.com.br,2026-10-08,veículo da cidade-polo Erechim; homepage cita Erval Grande
4307203,Erval Grande,RS,jornal,Jornal Bom Dia,site,https://jornalbomdia.com.br,https://jornalbomdia.com.br,2026-10-08,veículo da cidade-polo Erechim; homepage cita Erval Grande
4307203,Erval Grande,RS,jornal,Jornal Bom Dia,youtube,https://www.youtube.com/c/TVBOMDIAERECHIM,https://jornalbomdia.com.br,2026-10-08,veículo da cidade-polo Erechim; homepage cita Erval Grande
4307203,Erval Grande,RS,prefeitura,Prefeitura de Erval Grande,site,https://www.ervalgrande.rs.gov.br,varredura de domínio,2026-10-08,
4307203,Erval Grande,RS,radio,Rádio Erval FM 104.9,site,https://radioervalfm.com.br,https://radioervalfm.com.br,2026-10-08,rádio comunitária de Erval Grande (Streema); perfis não encontrados no HTML
4307302,Erval Seco,RS,camara,Câmara Municipal de Erval Seco,facebook,https://facebook.com/camaraimbe,https://www.camaraervalseco.rs.gov.br,2026-10-08,
4307302,Erval Seco,RS,camara,Câmara Municipal de Erval Seco,instagram,https://instagram.com/camara_ervalseco,https://www.camaraervalseco.rs.gov.br,2026-10-08,
4307302,Erval Seco,RS,camara,Câmara Municipal de Erval Seco,site,https://www.camaraervalseco.rs.gov.br,varredura de domínio,2026-10-08,
4307302,Erval Seco,RS,portal,LA+ (Grupo Luz e Alegria),facebook,https://www.facebook.com/lamaisdigital,https://lamais.com.br/,2026-10-08,veículo da cidade-polo Frederico Westphalen (Rádio Luz e Alegria; luzealegria.com.br redireciona para lamais.com.br)
4307302,Erval Seco,RS,portal,LA+ (Grupo Luz e Alegria),instagram,https://www.instagram.com/lamaisdigital,https://lamais.com.br/,2026-10-08,veículo da cidade-polo Frederico Westphalen (Rádio Luz e Alegria; luzealegria.com.br redireciona para lamais.com.br)
4307302,Erval Seco,RS,portal,LA+ (Grupo Luz e Alegria),site,https://lamais.com.br,https://lamais.com.br/,2026-10-08,veículo da cidade-polo Frederico Westphalen (Rádio Luz e Alegria; luzealegria.com.br redireciona para lamais.com.br)
4307302,Erval Seco,RS,portal,LA+ (Grupo Luz e Alegria),youtube,https://www.youtube.com/@lamaisdigital,https://lamais.com.br/,2026-10-08,veículo da cidade-polo Frederico Westphalen (Rádio Luz e Alegria; luzealegria.com.br redireciona para lamais.com.br)
4307302,Erval Seco,RS,prefeitura,Prefeitura de Erval Seco,facebook,https://facebook.com/PrefeErvalSeco,https://www.ervalseco.rs.gov.br,2026-10-08,
4307302,Erval Seco,RS,prefeitura,Prefeitura de Erval Seco,site,https://www.ervalseco.rs.gov.br,varredura de domínio,2026-10-08,
4307302,Erval Seco,RS,radio,Rádio Avenida 106.5 FM,facebook,https://www.facebook.com/radio.avenida.erval.seco,http://radioavenidafm.com.br,2026-10-08,"associada AGERT, sediada em Erval Seco"
4307302,Erval Seco,RS,radio,Rádio Avenida 106.5 FM,instagram,https://www.instagram.com/radio_avenidafm,http://radioavenidafm.com.br,2026-10-08,"associada AGERT, sediada em Erval Seco"
4307302,Erval Seco,RS,radio,Rádio Avenida 106.5 FM,site,https://radioavenidafm.com.br,http://radioavenidafm.com.br,2026-10-08,"associada AGERT, sediada em Erval Seco"
4307302,Erval Seco,RS,radio,Rádio Seberi 97.3 FM,facebook,https://www.facebook.com/radioseberifm,https://radioseberi.com.br,2026-10-08,veículo de Seberi (município vizinho)
4307302,Erval Seco,RS,radio,Rádio Seberi 97.3 FM,instagram,https://www.instagram.com/radioseberi,https://radioseberi.com.br,2026-10-08,veículo de Seberi (município vizinho)
4307302,Erval Seco,RS,radio,Rádio Seberi 97.3 FM,site,https://radioseberi.com.br,https://radioseberi.com.br,2026-10-08,veículo de Seberi (município vizinho)
4309571,Herveiras,RS,camara,Câmara Municipal de Herveiras,facebook,https://facebook.com/camaradeherveiras,https://www.camaraherveiras.rs.gov.br,2026-10-08,
4309571,Herveiras,RS,camara,Câmara Municipal de Herveiras,site,https://www.camaraherveiras.rs.gov.br,varredura de domínio,2026-10-08,
4309571,Herveiras,RS,portal,Gaz (Gazeta do Sul),facebook,https://www.facebook.com/portalgaz,https://www.gaz.com.br/,2026-10-08,veículo da cidade-polo Santa Cruz do Sul
4309571,Herveiras,RS,portal,Gaz (Gazeta do Sul),instagram,https://www.instagram.com/portalgaz,https://www.gaz.com.br/,2026-10-08,veículo da cidade-polo Santa Cruz do Sul
4309571,Herveiras,RS,portal,Gaz (Gazeta do Sul),site,https://www.gaz.com.br,https://www.gaz.com.br/,2026-10-08,veículo da cidade-polo Santa Cruz do Sul
4309571,Herveiras,RS,portal,Gaz (Gazeta do Sul),whatsapp_canal,https://whatsapp.com/channel/0029Va96d75JP210Rzmkf00B,https://www.gaz.com.br/contato-com-a-comunidade-e-perfil-operacional-saiba-quem-e-o-novo-delegado-regional/,2026-10-08,"veículo da cidade-polo Santa Cruz do Sul; canal confirmado: ""Portal Gaz"""
4309571,Herveiras,RS,portal,Gaz (Gazeta do Sul),youtube,https://www.youtube.com/channel/UCGzOPDOfu6qNVmrU0_zJVoA,https://www.gaz.com.br/,2026-10-08,veículo da cidade-polo Santa Cruz do Sul
4309571,Herveiras,RS,prefeitura,Prefeitura de Herveiras,instagram,https://instagram.com/prefeitura_herveiras,https://www.herveiras.rs.gov.br,2026-10-08,
4309571,Herveiras,RS,prefeitura,Prefeitura de Herveiras,site,https://www.herveiras.rs.gov.br,varredura de domínio,2026-10-08,
4310504,Iraí,RS,camara,Câmara Municipal de Iraí,facebook,https://facebook.com/camara.irai,https://www.irai.rs.leg.br,2026-10-08,
4310504,Iraí,RS,camara,Câmara Municipal de Iraí,instagram,https://instagram.com/camarairai,https://www.irai.rs.leg.br,2026-10-08,
4310504,Iraí,RS,camara,Câmara Municipal de Iraí,site,https://www.irai.rs.leg.br,varredura de domínio,2026-10-08,
4310504,Iraí,RS,portal,LA+ (Grupo Luz e Alegria),facebook,https://www.facebook.com/lamaisdigital,https://lamais.com.br/,2026-10-08,veículo da cidade-polo Frederico Westphalen (Rádio Luz e Alegria; luzealegria.com.br redireciona para lamais.com.br)
4310504,Iraí,RS,portal,LA+ (Grupo Luz e Alegria),instagram,https://www.instagram.com/lamaisdigital,https://lamais.com.br/,2026-10-08,veículo da cidade-polo Frederico Westphalen (Rádio Luz e Alegria; luzealegria.com.br redireciona para lamais.com.br)
4310504,Iraí,RS,portal,LA+ (Grupo Luz e Alegria),site,https://lamais.com.br,https://lamais.com.br/,2026-10-08,veículo da cidade-polo Frederico Westphalen (Rádio Luz e Alegria; luzealegria.com.br redireciona para lamais.com.br)
4310504,Iraí,RS,portal,LA+ (Grupo Luz e Alegria),youtube,https://www.youtube.com/@lamaisdigital,https://lamais.com.br/,2026-10-08,veículo da cidade-polo Frederico Westphalen (Rádio Luz e Alegria; luzealegria.com.br redireciona para lamais.com.br)
4310504,Iraí,RS,prefeitura,Prefeitura Municipal de Iraí,site,https://www.irai.rs.gov.br,https://pt.wikipedia.org/wiki/Iraí_(Rio_Grande_do_Sul),2026-10-08,listado na Wikipédia; bloqueio Vercel Security Checkpoint; perfis não extraídos
4310504,Iraí,RS,radio,Rádio Marabá 1080 AM,site,https://www.radiomaraba.com.br,https://www.radiomaraba.com.br/,2026-10-08,"associada AGERT, sediada em Iraí; perfis não encontrados no HTML"
4310850,Jaboticaba,RS,camara,Câmara Municipal de Jaboticaba,site,https://camarajaboticaba.rs.gov.br,varredura de domínio,2026-10-08,
4310850,Jaboticaba,RS,prefeitura,Prefeitura Municipal de Jaboticaba,facebook,https://www.facebook.com/jaboticabars,https://jaboticaba.atende.net,2026-10-08,
4310850,Jaboticaba,RS,prefeitura,Prefeitura Municipal de Jaboticaba,site,https://jaboticaba.atende.net,https://jaboticaba.atende.net,2026-10-08,portal atende.net (Portal do Cidadão)
4310850,Jaboticaba,RS,radio,Rádio Palmeira FM 101.7 / AM 740,facebook,https://www.facebook.com/radiopalmeiraoficial,https://radiopalmeira.com.br,2026-10-08,veículo da cidade-polo Palmeira das Missões
4310850,Jaboticaba,RS,radio,Rádio Palmeira FM 101.7 / AM 740,instagram,https://www.instagram.com/radiopalmeiraoficial,https://radiopalmeira.com.br,2026-10-08,veículo da cidade-polo Palmeira das Missões
4310850,Jaboticaba,RS,radio,Rádio Palmeira FM 101.7 / AM 740,site,https://radiopalmeira.com.br,https://radiopalmeira.com.br,2026-10-08,veículo da cidade-polo Palmeira das Missões
4310850,Jaboticaba,RS,radio,Rádio Seberi 97.3 FM,facebook,https://www.facebook.com/radioseberifm,https://radioseberi.com.br,2026-10-08,veículo de Seberi (município vizinho)
4310850,Jaboticaba,RS,radio,Rádio Seberi 97.3 FM,instagram,https://www.instagram.com/radioseberi,https://radioseberi.com.br,2026-10-08,veículo de Seberi (município vizinho)
4310850,Jaboticaba,RS,radio,Rádio Seberi 97.3 FM,site,https://radioseberi.com.br,https://radioseberi.com.br,2026-10-08,veículo de Seberi (município vizinho)
4310876,Jacuizinho,RS,camara,Câmara Municipal de Jacuizinho,facebook,https://facebook.com/camaramunicipalvereadoresjacuizinho,https://www.camarajacuizinho.rs.gov.br,2026-10-08,
4310876,Jacuizinho,RS,camara,Câmara Municipal de Jacuizinho,site,https://www.camarajacuizinho.rs.gov.br,varredura de domínio,2026-10-08,
4310876,Jacuizinho,RS,prefeitura,Prefeitura de Jacuizinho,facebook,https://facebook.com/municipiojacuizinho,https://www.jacuizinho.rs.gov.br,2026-10-08,
4310876,Jacuizinho,RS,prefeitura,Prefeitura de Jacuizinho,site,https://www.jacuizinho.rs.gov.br,varredura de domínio,2026-10-08,
4310876,Jacuizinho,RS,radio,Rádio Sobradinho AM e Jacuí FM,facebook,https://www.facebook.com/radiosobradinhoejacui,https://www.radiosobradinho.com.br/,2026-10-08,veículo da cidade-polo Sobradinho
4310876,Jacuizinho,RS,radio,Rádio Sobradinho AM e Jacuí FM,instagram,https://www.instagram.com/radiosobradinhoejacui,https://www.radiosobradinho.com.br/,2026-10-08,veículo da cidade-polo Sobradinho
4310876,Jacuizinho,RS,radio,Rádio Sobradinho AM e Jacuí FM,site,https://www.radiosobradinho.com.br,https://www.radiosobradinho.com.br/,2026-10-08,veículo da cidade-polo Sobradinho
4310876,Jacuizinho,RS,radio,Rádio Sobradinho AM e Jacuí FM,youtube,https://www.youtube.com/@radiosobradinhoejacui,https://www.radiosobradinho.com.br/,2026-10-08,veículo da cidade-polo Sobradinho
4311130,Jari,RS,camara,Câmara Municipal de Jari,site,https://www.camarajari.rs.gov.br,varredura de domínio,2026-10-08,
4311130,Jari,RS,jornal,Diário de Santa Maria,facebook,https://www.facebook.com/diariodesantamaria,https://diariosm.com.br,2026-10-08,veículo da cidade-polo Santa Maria
4311130,Jari,RS,jornal,Diário de Santa Maria,site,https://diariosm.com.br,https://diariosm.com.br,2026-10-08,veículo da cidade-polo Santa Maria
4311130,Jari,RS,jornal,Diário de Santa Maria,whatsapp_canal,https://whatsapp.com/channel/0029VaGeHBt0LKZN5uYIXP3h,https://diariosm.com.br/noticias/geral/4o-festival-nacional-do-xis-tera-mais-de-25-operacoes-e-participacao-de-empreendedores-de-fora-de-santa-maria.30898726,2026-10-08,"veículo da cidade-polo Santa Maria; canal confirmado: ""Diário de Santa Maria"""
4311130,Jari,RS,jornal,Diário de Santa Maria,youtube,https://www.youtube.com/user/DiarioSM,https://diariosm.com.br,2026-10-08,veículo da cidade-polo Santa Maria
4311130,Jari,RS,prefeitura,Prefeitura de Jari,facebook,https://facebook.com/municipiodejari,https://www.jari.rs.gov.br/home,2026-10-08,
4311130,Jari,RS,prefeitura,Prefeitura de Jari,instagram,https://instagram.com/municipiodejari,https://www.jari.rs.gov.br/home,2026-10-08,
4311130,Jari,RS,prefeitura,Prefeitura de Jari,site,https://www.jari.rs.gov.br/home,varredura de domínio,2026-10-08,
4311205,Júlio De Castilhos,RS,camara,Câmara Municipal de Júlio De Castilhos,site,https://www.camarajuliodecastilhos.rs.gov.br,varredura de domínio,2026-10-08,
4311205,Júlio De Castilhos,RS,jornal,Diário de Santa Maria,facebook,https://www.facebook.com/diariodesantamaria,https://diariosm.com.br,2026-10-08,veículo da cidade-polo Santa Maria
4311205,Júlio De Castilhos,RS,jornal,Diário de Santa Maria,site,https://diariosm.com.br,https://diariosm.com.br,2026-10-08,veículo da cidade-polo Santa Maria
4311205,Júlio De Castilhos,RS,jornal,Diário de Santa Maria,whatsapp_canal,https://whatsapp.com/channel/0029VaGeHBt0LKZN5uYIXP3h,https://diariosm.com.br/noticias/geral/4o-festival-nacional-do-xis-tera-mais-de-25-operacoes-e-participacao-de-empreendedores-de-fora-de-santa-maria.30898726,2026-10-08,"veículo da cidade-polo Santa Maria; canal confirmado: ""Diário de Santa Maria"""
4311205,Júlio De Castilhos,RS,jornal,Diário de Santa Maria,youtube,https://www.youtube.com/user/DiarioSM,https://diariosm.com.br,2026-10-08,veículo da cidade-polo Santa Maria
4311205,Júlio De Castilhos,RS,prefeitura,Prefeitura de Júlio De Castilhos,facebook,https://facebook.com/pmjcrs,https://www.juliodecastilhos.rs.gov.br,2026-10-08,
4311205,Júlio De Castilhos,RS,prefeitura,Prefeitura de Júlio De Castilhos,instagram,https://instagram.com/pmjcrs,https://www.juliodecastilhos.rs.gov.br,2026-10-08,
4311205,Júlio De Castilhos,RS,prefeitura,Prefeitura de Júlio De Castilhos,site,https://www.juliodecastilhos.rs.gov.br,varredura de domínio,2026-10-08,
4311205,Júlio De Castilhos,RS,prefeitura,Prefeitura de Júlio De Castilhos,youtube,https://youtube.com/c/PrefeituradeJuliodeCastilhosRS,https://www.juliodecastilhos.rs.gov.br,2026-10-08,
4311239,Lagoa Bonita Do Sul,RS,camara,Câmara Municipal de Lagoa Bonita Do Sul,facebook,https://facebook.com/camaralbs,https://www.lagoabonitadosul.rs.leg.br,2026-10-08,
4311239,Lagoa Bonita Do Sul,RS,camara,Câmara Municipal de Lagoa Bonita Do Sul,site,https://www.lagoabonitadosul.rs.leg.br,varredura de domínio,2026-10-08,
4311239,Lagoa Bonita Do Sul,RS,camara,Câmara Municipal de Lagoa Bonita Do Sul,youtube,https://youtube.com/@camaralagoabonita,https://www.lagoabonitadosul.rs.leg.br,2026-10-08,
4311239,Lagoa Bonita Do Sul,RS,prefeitura,Prefeitura Municipal de Lagoa Bonita do Sul,facebook,https://www.facebook.com/Prefeitura-Lagoa-Bonita-do-Sul-146584605513003,https://lagoabonitadosul.atende.net,2026-10-08,
4311239,Lagoa Bonita Do Sul,RS,prefeitura,Prefeitura Municipal de Lagoa Bonita do Sul,site,https://lagoabonitadosul.atende.net,https://lagoabonitadosul.atende.net,2026-10-08,portal atende.net (Município de Lagoa Bonita do Sul)
4311239,Lagoa Bonita Do Sul,RS,radio,Rádio Sobradinho AM e Jacuí FM,facebook,https://www.facebook.com/radiosobradinhoejacui,https://www.radiosobradinho.com.br/,2026-10-08,veículo da cidade-polo Sobradinho
4311239,Lagoa Bonita Do Sul,RS,radio,Rádio Sobradinho AM e Jacuí FM,instagram,https://www.instagram.com/radiosobradinhoejacui,https://www.radiosobradinho.com.br/,2026-10-08,veículo da cidade-polo Sobradinho
4311239,Lagoa Bonita Do Sul,RS,radio,Rádio Sobradinho AM e Jacuí FM,site,https://www.radiosobradinho.com.br,https://www.radiosobradinho.com.br/,2026-10-08,veículo da cidade-polo Sobradinho
4311239,Lagoa Bonita Do Sul,RS,radio,Rádio Sobradinho AM e Jacuí FM,youtube,https://www.youtube.com/@radiosobradinhoejacui,https://www.radiosobradinho.com.br/,2026-10-08,veículo da cidade-polo Sobradinho
4311734,Mampituba,RS,camara,Câmara Municipal de Mampituba,site,https://www.mampituba.rs.leg.br,varredura de domínio,2026-10-08,
4311734,Mampituba,RS,jornal,A Folha (Torres),facebook,https://www.facebook.com/afolhatorres,https://afolhatorres.com.br,2026-10-08,veículo da cidade-polo Torres
4311734,Mampituba,RS,jornal,A Folha (Torres),site,https://afolhatorres.com.br,https://afolhatorres.com.br,2026-10-08,veículo da cidade-polo Torres
4311734,Mampituba,RS,prefeitura,Prefeitura de Mampituba,instagram,https://instagram.com/prefeiturademampituba,https://mampituba.rs.gov.br,2026-10-08,
4311734,Mampituba,RS,prefeitura,Prefeitura de Mampituba,site,https://mampituba.rs.gov.br,varredura de domínio,2026-10-08,
4311734,Mampituba,RS,radio,Rádio Maristela 106.1 FM,facebook,https://www.facebook.com/radiomaristela,https://radiomaristela.com.br,2026-10-08,veículo da cidade-polo Torres
4311734,Mampituba,RS,radio,Rádio Maristela 106.1 FM,instagram,https://www.instagram.com/radiomaristela,https://radiomaristela.com.br,2026-10-08,veículo da cidade-polo Torres
4311734,Mampituba,RS,radio,Rádio Maristela 106.1 FM,site,https://radiomaristela.com.br,https://radiomaristela.com.br,2026-10-08,veículo da cidade-polo Torres
4311734,Mampituba,RS,radio,Rádio Maristela 106.1 FM,tiktok,https://www.tiktok.com/@radiomaristela,https://radiomaristela.com.br,2026-10-08,veículo da cidade-polo Torres
4311734,Mampituba,RS,radio,Rádio Maristela 106.1 FM,whatsapp_canal,https://whatsapp.com/channel/0029Vab2nS28aKvPosmJTj33,https://radiomaristela.com.br/2026/10/08/delegado-explica-por-que-atropelamento-na-estrada-do-mar-ainda-e-investigado-como-possivel-homicidio-doloso-e-anuncia-corrida-da-policia-civil/,2026-10-08,"veículo da cidade-polo Torres; canal confirmado: ""Grupo Maristela | Notícias"""
4311734,Mampituba,RS,radio,Rádio Maristela 106.1 FM,youtube,https://www.youtube.com/@RadioMaristela,https://radiomaristela.com.br,2026-10-08,veículo da cidade-polo Torres
4311734,Mampituba,RS,radio,Rádio Mega Sul 103.5 FM,facebook,https://www.facebook.com/radiomegasul,https://megasulfm.com.br,2026-10-08,veículo de Três Cachoeiras (Litoral Norte)
4311734,Mampituba,RS,radio,Rádio Mega Sul 103.5 FM,instagram,https://www.instagram.com/megasulfmtv,https://megasulfm.com.br,2026-10-08,veículo de Três Cachoeiras (Litoral Norte)
4311734,Mampituba,RS,radio,Rádio Mega Sul 103.5 FM,site,https://megasulfm.com.br,https://megasulfm.com.br,2026-10-08,veículo de Três Cachoeiras (Litoral Norte)
4311734,Mampituba,RS,radio,Rádio Mega Sul 103.5 FM,youtube,https://www.youtube.com/@megasulfm,https://megasulfm.com.br,2026-10-08,veículo de Três Cachoeiras (Litoral Norte)
4311775,Maquiné,RS,camara,Câmara Municipal de Maquiné,site,https://www.maquine.rs.leg.br,varredura de domínio,2026-10-08,
4311775,Maquiné,RS,jornal,Jornal Momento,facebook,https://www.facebook.com/jornalmomentoosorio,https://jornalmomento.com.br,2026-10-08,veículo da cidade-polo Osório
4311775,Maquiné,RS,jornal,Jornal Momento,instagram,https://www.instagram.com/jornalmomento,https://jornalmomento.com.br,2026-10-08,veículo da cidade-polo Osório
4311775,Maquiné,RS,jornal,Jornal Momento,site,https://jornalmomento.com.br,https://jornalmomento.com.br,2026-10-08,veículo da cidade-polo Osório
4311775,Maquiné,RS,jornal,Jornal Momento,youtube,https://www.youtube.com/@jornalmomento,https://jornalmomento.com.br,2026-10-08,veículo da cidade-polo Osório
4311775,Maquiné,RS,portal,Litoralmania,facebook,https://www.facebook.com/litoralmania,https://litoralmania.com.br,2026-10-08,portal regional do Litoral Norte (Osório)
4311775,Maquiné,RS,portal,Litoralmania,instagram,https://www.instagram.com/litoralmania,https://litoralmania.com.br,2026-10-08,portal regional do Litoral Norte (Osório)
4311775,Maquiné,RS,portal,Litoralmania,site,https://litoralmania.com.br,https://litoralmania.com.br,2026-10-08,portal regional do Litoral Norte (Osório)
4311775,Maquiné,RS,portal,Litoralmania,tiktok,https://www.tiktok.com/@litoralmania.com.br,https://litoralmania.com.br,2026-10-08,portal regional do Litoral Norte (Osório)
4311775,Maquiné,RS,portal,Litoralmania,youtube,https://www.youtube.com/@Litoralmania,https://litoralmania.com.br,2026-10-08,portal regional do Litoral Norte (Osório)
4311775,Maquiné,RS,prefeitura,Prefeitura de Maquiné,site,https://www.maquine.rs.gov.br,varredura de domínio,2026-10-08,
4311775,Maquiné,RS,radio,Rádio Osório 106.9 FM,facebook,https://www.facebook.com/radioosorio,https://radioosorio.com.br,2026-10-08,veículo da cidade-polo Osório
4311775,Maquiné,RS,radio,Rádio Osório 106.9 FM,instagram,https://www.instagram.com/radioosorio,https://radioosorio.com.br,2026-10-08,veículo da cidade-polo Osório
4311775,Maquiné,RS,radio,Rádio Osório 106.9 FM,site,https://radioosorio.com.br,https://radioosorio.com.br,2026-10-08,veículo da cidade-polo Osório
4313490,Novo Barreiro,RS,camara,Câmara Municipal de Novo Barreiro,site,https://www.camaranovobarreiro.rs.gov.br,varredura de domínio,2026-10-08,
4313490,Novo Barreiro,RS,prefeitura,Prefeitura de Novo Barreiro,site,https://novobarreiro.rs.gov.br,https://pt.wikipedia.org/wiki/Novo_Barreiro,2026-10-08,"site responde, mas sem links de redes no HTML"
4313490,Novo Barreiro,RS,radio,Rádio Difusora 92.7 FM,facebook,https://www.facebook.com/difusora92fm,https://difusora92fm.com.br,2026-10-08,veículo da cidade-polo Palmeira das Missões
4313490,Novo Barreiro,RS,radio,Rádio Difusora 92.7 FM,instagram,https://www.instagram.com/difusora92.7fm,https://difusora92fm.com.br,2026-10-08,veículo da cidade-polo Palmeira das Missões
4313490,Novo Barreiro,RS,radio,Rádio Difusora 92.7 FM,site,https://difusora92fm.com.br,https://difusora92fm.com.br,2026-10-08,veículo da cidade-polo Palmeira das Missões
4313490,Novo Barreiro,RS,radio,Rádio Sarandi,facebook,https://www.facebook.com/radiosarandi,https://radiosarandi.com.br,2026-10-08,veículo da cidade-polo Sarandi
4313490,Novo Barreiro,RS,radio,Rádio Sarandi,instagram,https://www.instagram.com/radiosarandi,https://radiosarandi.com.br,2026-10-08,veículo da cidade-polo Sarandi
4313490,Novo Barreiro,RS,radio,Rádio Sarandi,site,https://radiosarandi.com.br,https://radiosarandi.com.br,2026-10-08,veículo da cidade-polo Sarandi
4313490,Novo Barreiro,RS,radio,Rádio Sarandi,whatsapp_canal,https://whatsapp.com/channel/0029ValtggF3WHTdxnBYFA0J,https://radiosarandi.com.br,2026-10-08,"veículo da cidade-polo Sarandi; canal confirmado: ""Rádio Sarandi"""
4313490,Novo Barreiro,RS,radio,Rádio Sarandi,youtube,https://www.youtube.com/@radiosarandi,https://radiosarandi.com.br,2026-10-08,veículo da cidade-polo Sarandi
4313490,Novo Barreiro,RS,radio,Rádio Voz Comunitária 87.9 FM (Novo Barreiro),facebook,https://www.facebook.com/comunitarianb,https://radiocomunitarianovobarreiro.com,2026-10-08,
4313490,Novo Barreiro,RS,radio,Rádio Voz Comunitária 87.9 FM (Novo Barreiro),instagram,https://www.instagram.com/comunitarianb,https://radiocomunitarianovobarreiro.com,2026-10-08,
4313490,Novo Barreiro,RS,radio,Rádio Voz Comunitária 87.9 FM (Novo Barreiro),site,https://radiocomunitarianovobarreiro.com,https://radiocomunitarianovobarreiro.com,2026-10-08,
4313441,Novo Tiradentes,RS,prefeitura,Prefeitura de Novo Tiradentes,site,https://www.novotiradentesrs.com.br,https://pt.wikipedia.org/wiki/Novo_Tiradentes,2026-10-08,"novotiradentes.rs.gov.br redireciona para este domínio; site recusou conexão do exterior, redes não extraídas"
4313441,Novo Tiradentes,RS,radio,"LA+ (antiga Rádio Luz e Alegria, Frederico Westphalen)",facebook,https://www.facebook.com/lamaisdigital,https://lamais.com.br/,2026-10-08,veículo da cidade-polo Frederico Westphalen
4313441,Novo Tiradentes,RS,radio,"LA+ (antiga Rádio Luz e Alegria, Frederico Westphalen)",instagram,https://www.instagram.com/lamaisdigital,https://lamais.com.br/,2026-10-08,veículo da cidade-polo Frederico Westphalen
4313441,Novo Tiradentes,RS,radio,"LA+ (antiga Rádio Luz e Alegria, Frederico Westphalen)",site,https://lamais.com.br,http://luzealegria.com.br (redireciona para lamais.com.br),2026-10-08,veículo da cidade-polo Frederico Westphalen
4313441,Novo Tiradentes,RS,radio,"LA+ (antiga Rádio Luz e Alegria, Frederico Westphalen)",youtube,https://www.youtube.com/@lamaisdigital,https://lamais.com.br/,2026-10-08,veículo da cidade-polo Frederico Westphalen
4313441,Novo Tiradentes,RS,radio,Rádio Salzanense FM 104.9 (Liberato Salzano),site,https://www.fmsalzanense.com.br,https://streema.com/radios/Radio_Salzanense,2026-10-08,veículo de Liberato Salzano (município vizinho); site listado no Streema não abriu na verificação
4313706,Palmeira Das Missões,RS,camara,Câmara Municipal de Palmeira Das Missões,site,https://www.palmeiradasmissoes.rs.leg.br,varredura de domínio,2026-10-08,
4313706,Palmeira Das Missões,RS,prefeitura,Prefeitura de Palmeira Das Missões,facebook,https://facebook.com/PrefeituraDePalmeiraDasMissoes,https://palmeiradasmissoes.atende.net,2026-10-08,
4313706,Palmeira Das Missões,RS,prefeitura,Prefeitura de Palmeira Das Missões,instagram,https://instagram.com/prefpalmeiradasmissoes,https://palmeiradasmissoes.atende.net,2026-10-08,
4313706,Palmeira Das Missões,RS,prefeitura,Prefeitura de Palmeira Das Missões,site,https://palmeiradasmissoes.atende.net,varredura de domínio,2026-10-08,
4313706,Palmeira Das Missões,RS,radio,Landel FM 87.9,facebook,https://www.facebook.com/Landel-FM-260905003987762,https://streema.com/radios/Landell_FM,2026-10-08,
4313706,Palmeira Das Missões,RS,radio,Landel FM 87.9,instagram,https://www.instagram.com/radiolandelfm,https://streema.com/radios/Landell_FM,2026-10-08,
4313706,Palmeira Das Missões,RS,radio,Landel FM 87.9,site,https://www.landelfm.com.br,https://www.landelfm.com.br/,2026-10-08,
4313706,Palmeira Das Missões,RS,radio,Rádio Difusora 92.7 FM,facebook,https://www.facebook.com/difusora92fm,https://difusora92fm.com.br,2026-10-08,
4313706,Palmeira Das Missões,RS,radio,Rádio Difusora 92.7 FM,instagram,https://www.instagram.com/difusora92.7fm,https://difusora92fm.com.br,2026-10-08,
4313706,Palmeira Das Missões,RS,radio,Rádio Difusora 92.7 FM,site,https://difusora92fm.com.br,https://difusora92fm.com.br,2026-10-08,
4313706,Palmeira Das Missões,RS,radio,Rádio Palmeira FM 101.7 / AM 740,facebook,https://www.facebook.com/radiopalmeiraoficial,https://radiopalmeira.com.br/,2026-10-08,
4313706,Palmeira Das Missões,RS,radio,Rádio Palmeira FM 101.7 / AM 740,instagram,https://www.instagram.com/radiopalmeiraoficial,https://radiopalmeira.com.br/,2026-10-08,
4313706,Palmeira Das Missões,RS,radio,Rádio Palmeira FM 101.7 / AM 740,site,https://radiopalmeira.com.br,https://radiopalmeira.com.br/,2026-10-08,
4313805,Palmitinho,RS,camara,Câmara Municipal de Palmitinho,facebook,https://facebook.com/camara.palmitinho.9,https://www.palmitinho.rs.leg.br,2026-10-08,
4313805,Palmitinho,RS,camara,Câmara Municipal de Palmitinho,site,https://www.palmitinho.rs.leg.br,varredura de domínio,2026-10-08,
4313805,Palmitinho,RS,prefeitura,Prefeitura de Palmitinho,facebook,https://www.facebook.com/prefeituradepalmitinho,https://palmitinho.atende.net/,2026-10-08,
4313805,Palmitinho,RS,prefeitura,Prefeitura de Palmitinho,instagram,https://www.instagram.com/prefeituradepalmitinho,https://palmitinho.atende.net/,2026-10-08,
4313805,Palmitinho,RS,prefeitura,Prefeitura de Palmitinho,site,https://palmitinho.atende.net,https://pt.wikipedia.org/wiki/Palmitinho,2026-10-08,
4313805,Palmitinho,RS,radio,Grupo Chiru (Rádios Chiru 91.1/104.3/107.9 FM),facebook,https://www.facebook.com/ChiruComunicacoes,https://streema.com/radios/Radio_Chiru_FM_107.9_FM,2026-10-08,
4313805,Palmitinho,RS,radio,Grupo Chiru (Rádios Chiru 91.1/104.3/107.9 FM),instagram,https://www.instagram.com/grupochiru,https://www.grupochiru.com/,2026-10-08,
4313805,Palmitinho,RS,radio,Grupo Chiru (Rádios Chiru 91.1/104.3/107.9 FM),site,https://www.grupochiru.com,https://www.grupochiru.com/,2026-10-08,
4313805,Palmitinho,RS,radio,"LA+ (antiga Rádio Luz e Alegria, Frederico Westphalen)",facebook,https://www.facebook.com/lamaisdigital,https://lamais.com.br/,2026-10-08,veículo da cidade-polo Frederico Westphalen
4313805,Palmitinho,RS,radio,"LA+ (antiga Rádio Luz e Alegria, Frederico Westphalen)",instagram,https://www.instagram.com/lamaisdigital,https://lamais.com.br/,2026-10-08,veículo da cidade-polo Frederico Westphalen
4313805,Palmitinho,RS,radio,"LA+ (antiga Rádio Luz e Alegria, Frederico Westphalen)",site,https://lamais.com.br,http://luzealegria.com.br (redireciona para lamais.com.br),2026-10-08,veículo da cidade-polo Frederico Westphalen
4313805,Palmitinho,RS,radio,"LA+ (antiga Rádio Luz e Alegria, Frederico Westphalen)",youtube,https://www.youtube.com/@lamaisdigital,https://lamais.com.br/,2026-10-08,veículo da cidade-polo Frederico Westphalen
4314498,Pinheirinho Do Vale,RS,camara,Câmara Municipal de Pinheirinho Do Vale,facebook,https://facebook.com/CamaradeVereadoresPinheirinhodoVale,https://www.pinheirinhodovale.rs.leg.br,2026-10-08,
4314498,Pinheirinho Do Vale,RS,camara,Câmara Municipal de Pinheirinho Do Vale,site,https://www.pinheirinhodovale.rs.leg.br,varredura de domínio,2026-10-08,
4314498,Pinheirinho Do Vale,RS,camara,Câmara Municipal de Pinheirinho Do Vale,whatsapp_atendimento,https://api.whatsapp.com/send?phone=5555559135773,https://www.pinheirinhodovale.rs.leg.br,2026-10-08,"número de atendimento publicado no site oficial; uso: atendimento ao cidadão, não é canal de comunicação política"
4314498,Pinheirinho Do Vale,RS,camara,Câmara Municipal de Pinheirinho Do Vale,whatsapp_atendimento,https://api.whatsapp.com/send?phone=5555992000177,https://www.pinheirinhodovale.rs.leg.br,2026-10-08,"número de atendimento publicado no site oficial; uso: atendimento ao cidadão, não é canal de comunicação política"
4314498,Pinheirinho Do Vale,RS,camara,Câmara Municipal de Pinheirinho Do Vale,whatsapp_atendimento,https://wa.me/555591357739,https://www.pinheirinhodovale.rs.leg.br,2026-10-08,"número de atendimento publicado no site oficial; uso: atendimento ao cidadão, não é canal de comunicação política"
4314498,Pinheirinho Do Vale,RS,prefeitura,Prefeitura de Pinheirinho Do Vale,facebook,https://facebook.com/MunicipioPinheirinhodoVale,https://pinheirinhodovale.rs.gov.br,2026-10-08,
4314498,Pinheirinho Do Vale,RS,prefeitura,Prefeitura de Pinheirinho Do Vale,instagram,https://instagram.com/pinheirinhodovale,https://pinheirinhodovale.rs.gov.br,2026-10-08,
4314498,Pinheirinho Do Vale,RS,prefeitura,Prefeitura de Pinheirinho Do Vale,site,https://pinheirinhodovale.rs.gov.br,varredura de domínio,2026-10-08,
4314498,Pinheirinho Do Vale,RS,radio,Grupo Chiru (Rádios Chiru 91.1/104.3/107.9 FM),facebook,https://www.facebook.com/ChiruComunicacoes,https://streema.com/radios/Radio_Chiru_FM_107.9_FM,2026-10-08,veículo de Palmitinho (município vizinho)
4314498,Pinheirinho Do Vale,RS,radio,Grupo Chiru (Rádios Chiru 91.1/104.3/107.9 FM),instagram,https://www.instagram.com/grupochiru,https://www.grupochiru.com/,2026-10-08,veículo de Palmitinho (município vizinho)
4314498,Pinheirinho Do Vale,RS,radio,Grupo Chiru (Rádios Chiru 91.1/104.3/107.9 FM),site,https://www.grupochiru.com,https://www.grupochiru.com/,2026-10-08,veículo de Palmitinho (município vizinho)
4314498,Pinheirinho Do Vale,RS,radio,Rádio Princesa do Vale 87.9 FM,facebook,https://www.facebook.com/profile.php?id=100064493840450,https://streema.com/radios/Radio_Princesa_do_Vale_87.9,2026-10-08,
4314498,Pinheirinho Do Vale,RS,radio,Rádio Princesa do Vale 87.9 FM,site,https://fmprincesadovale.com.br,https://fmprincesadovale.com.br/,2026-10-08,
4315305,Quaraí,RS,camara,Câmara Municipal de Quaraí,site,https://www.camaraquarai.rs.gov.br,varredura de domínio,2026-10-08,
4315305,Quaraí,RS,prefeitura,Prefeitura de Quaraí,facebook,https://facebook.com/prefeituradequarai,https://www.quarai.rs.gov.br,2026-10-08,
4315305,Quaraí,RS,prefeitura,Prefeitura de Quaraí,instagram,https://instagram.com/prefeitura_municipal_de_quarai,https://www.quarai.rs.gov.br,2026-10-08,
4315305,Quaraí,RS,prefeitura,Prefeitura de Quaraí,site,https://www.quarai.rs.gov.br,varredura de domínio,2026-10-08,
4315305,Quaraí,RS,radio,Rádio Quaraí AM 1540,facebook,https://www.facebook.com/radioquaraiam,https://radioquarai.com.br/,2026-10-08,
4315305,Quaraí,RS,radio,Rádio Quaraí AM 1540,instagram,https://www.instagram.com/radioquaraioficial,https://radioquarai.com.br/,2026-10-08,
4315305,Quaraí,RS,radio,Rádio Quaraí AM 1540,site,https://radioquarai.com.br,https://radioquarai.com.br/,2026-10-08,
4315305,Quaraí,RS,radio,Rádio Quaraí AM 1540,youtube,https://www.youtube.com/channel/UCt5OztLERorWMfWV6UTD6wg,https://radioquarai.com.br/,2026-10-08,
4315305,Quaraí,RS,radio,Rádio Tchê Comunidade 104.9 FM,facebook,https://www.facebook.com/TcheComunidade104.9,https://radiotchecomunidade.com/,2026-10-08,
4315305,Quaraí,RS,radio,Rádio Tchê Comunidade 104.9 FM,site,https://radiotchecomunidade.com,https://radiotchecomunidade.com/,2026-10-08,
4315305,Quaraí,RS,radio,Salamanca FM 101.3,facebook,https://www.facebook.com/101.3Salamanca,https://salamancafm.com.br,2026-10-08,
4315305,Quaraí,RS,radio,Salamanca FM 101.3,instagram,https://www.instagram.com/salamancafm101.3,https://salamancafm.com.br,2026-10-08,
4315305,Quaraí,RS,radio,Salamanca FM 101.3,site,https://salamancafm.com.br,https://salamancafm.com.br,2026-10-08,
4315602,Rio Grande,RS,camara,Câmara Municipal de Rio Grande,facebook,https://facebook.com/camaradevereadoresrg,https://www.riogrande.rs.leg.br,2026-10-08,
4315602,Rio Grande,RS,camara,Câmara Municipal de Rio Grande,instagram,https://instagram.com/camarariogrande,https://www.riogrande.rs.leg.br,2026-10-08,
4315602,Rio Grande,RS,camara,Câmara Municipal de Rio Grande,site,https://www.riogrande.rs.leg.br,varredura de domínio,2026-10-08,
4315602,Rio Grande,RS,jornal,Jornal Agora,instagram,https://www.instagram.com/jornalagoracombr,https://www.jornalagora.com.br/,2026-10-08,
4315602,Rio Grande,RS,jornal,Jornal Agora,site,https://www.jornalagora.com.br,https://www.jornalagora.com.br/,2026-10-08,
4315602,Rio Grande,RS,prefeitura,Prefeitura de Rio Grande,site,https://riogrande.rs.gov.br,varredura de domínio,2026-10-08,
4315602,Rio Grande,RS,radio,Grupo Oceano / Rádio Oceano 97.1 FM,facebook,https://www.facebook.com/oceanofmoficial,https://www.grupooceano.com.br/,2026-10-08,
4315602,Rio Grande,RS,radio,Grupo Oceano / Rádio Oceano 97.1 FM,instagram,https://www.instagram.com/oceanofmoficial,https://www.grupooceano.com.br/,2026-10-08,
4315602,Rio Grande,RS,radio,Grupo Oceano / Rádio Oceano 97.1 FM,site,https://www.grupooceano.com.br,https://www.grupooceano.com.br/,2026-10-08,
4315602,Rio Grande,RS,radio,Grupo Oceano / Rádio Oceano 97.1 FM,tiktok,https://www.tiktok.com/@grupooceano,https://www.grupooceano.com.br/,2026-10-08,
4315602,Rio Grande,RS,radio,Grupo Oceano / Rádio Oceano 97.1 FM,whatsapp_canal,https://whatsapp.com/channel/0029Va4eGcVJZg48V2PvYv0D,https://www.grupooceano.com.br/,2026-10-08,"canal confirmado: ""Grupo Oceano"""
4315602,Rio Grande,RS,radio,Grupo Oceano / Rádio Oceano 97.1 FM,youtube,https://www.youtube.com/channel/UC6MYTRrlsK1XbacRwHsyQgg,https://www.grupooceano.com.br/,2026-10-08,
4315602,Rio Grande,RS,radio,Nativa Zona Sul 104.7 FM,facebook,https://www.facebook.com/radionativazonasul,https://streema.com/radios/RADIO_CASSINO,2026-10-08,
4315602,Rio Grande,RS,radio,Nativa Zona Sul 104.7 FM,instagram,https://www.instagram.com/nativazonasul,https://nativazonasul.com.br,2026-10-08,
4315602,Rio Grande,RS,radio,Nativa Zona Sul 104.7 FM,site,https://nativazonasul.com.br,https://nativazonasul.com.br,2026-10-08,
4315602,Rio Grande,RS,radio,Rádio 13 de Agosto (web),facebook,https://www.facebook.com/radio13deagosto,https://radio13deagosto.com/,2026-10-08,
4315602,Rio Grande,RS,radio,Rádio 13 de Agosto (web),instagram,https://www.instagram.com/radio13deagosto,https://radio13deagosto.com/,2026-10-08,
4315602,Rio Grande,RS,radio,Rádio 13 de Agosto (web),site,https://radio13deagosto.com,https://radio13deagosto.com/,2026-10-08,
4315958,Rolador,RS,prefeitura,Prefeitura de Rolador,site,https://rolador.rs.gov.br,https://pt.wikipedia.org/wiki/Rolador,2026-10-08,site recusou conexão do exterior; redes não extraídas
4315958,Rolador,RS,radio,Rádio Cerro Azul 1190 AM (Cerro Largo),facebook,https://www.facebook.com/sociedadeCerroAzul,https://streema.com/radios/Radio_Cerro_Azul_1190_AM,2026-10-08,veículo de Cerro Largo (município vizinho)
4315958,Rolador,RS,radio,Rádio Cerro Azul 1190 AM (Cerro Largo),site,https://www.radiocerroazul.com.br,https://streema.com/radios/Radio_Cerro_Azul_1190_AM,2026-10-08,veículo de Cerro Largo (município vizinho); site não verificado
4315958,Rolador,RS,radio,Rádio Cidade 98.7 FM,facebook,https://www.facebook.com/RadioCidadeSLG,https://radiocidadeslg.com.br/,2026-10-08,veículo da cidade-polo São Luiz Gonzaga
4315958,Rolador,RS,radio,Rádio Cidade 98.7 FM,instagram,https://www.instagram.com/radiocidadeslg,https://radiocidadeslg.com.br/,2026-10-08,veículo da cidade-polo São Luiz Gonzaga
4315958,Rolador,RS,radio,Rádio Cidade 98.7 FM,site,https://radiocidadeslg.com.br,https://radiocidadeslg.com.br/,2026-10-08,veículo da cidade-polo São Luiz Gonzaga
4315958,Rolador,RS,radio,Rádio Missioneira 94.9 FM,facebook,https://www.facebook.com/RadioMissioneiraOficial,https://www.radiomissioneira.com/,2026-10-08,veículo da cidade-polo São Luiz Gonzaga
4315958,Rolador,RS,radio,Rádio Missioneira 94.9 FM,instagram,https://instagram.com/radiomissioneira,https://streema.com/radios/Radio_Missioneira,2026-10-08,veículo da cidade-polo São Luiz Gonzaga
4315958,Rolador,RS,radio,Rádio Missioneira 94.9 FM,site,https://www.radiomissioneira.com,https://www.radiomissioneira.com/,2026-10-08,veículo da cidade-polo São Luiz Gonzaga
4315958,Rolador,RS,radio,Rádio Missioneira 94.9 FM,whatsapp_canal,https://whatsapp.com/channel/0029VaV1agZ4dTnFwlkhOz22,https://www.radiomissioneira.com/,2026-10-08,"veículo da cidade-polo São Luiz Gonzaga; canal confirmado: ""Rádio Missioneira"""
4315958,Rolador,RS,radio,Rádio Missioneira 94.9 FM,youtube,https://www.youtube.com/channel/UCu4WjCdlCKI5jcsJxcens-w,https://www.radiomissioneira.com/,2026-10-08,veículo da cidade-polo São Luiz Gonzaga
4316105,Ronda Alta,RS,camara,Câmara Municipal de Ronda Alta,site,https://www.rondaalta.rs.leg.br,varredura de domínio,2026-10-08,
4316105,Ronda Alta,RS,prefeitura,Prefeitura de Ronda Alta,site,https://rondaalta.rs.gov.br,https://pt.wikipedia.org/wiki/Ronda_Alta,2026-10-08,site retorna 403 do exterior; redes não extraídas
4316105,Ronda Alta,RS,radio,Máxima FM 107.5,facebook,https://www.facebook.com/maximafm107.5,https://streema.com/radios/Maxima_107.5_FM,2026-10-08,
4316105,Ronda Alta,RS,radio,Máxima FM 107.5,site,https://maximafm107.com.br,https://maximafm107.com.br,2026-10-08,
4316105,Ronda Alta,RS,radio,Rádio Sarandi,facebook,https://www.facebook.com/radiosarandi,https://radiosarandi.com.br,2026-10-08,veículo da cidade-polo Sarandi
4316105,Ronda Alta,RS,radio,Rádio Sarandi,instagram,https://www.instagram.com/radiosarandi,https://radiosarandi.com.br,2026-10-08,veículo da cidade-polo Sarandi
4316105,Ronda Alta,RS,radio,Rádio Sarandi,site,https://radiosarandi.com.br,https://radiosarandi.com.br,2026-10-08,veículo da cidade-polo Sarandi
4316105,Ronda Alta,RS,radio,Rádio Sarandi,whatsapp_canal,https://whatsapp.com/channel/0029ValtggF3WHTdxnBYFA0J,https://radiosarandi.com.br,2026-10-08,"veículo da cidade-polo Sarandi; canal confirmado: ""Rádio Sarandi"""
4316105,Ronda Alta,RS,radio,Rádio Sarandi,youtube,https://www.youtube.com/@radiosarandi,https://radiosarandi.com.br,2026-10-08,veículo da cidade-polo Sarandi
4316428,Sagrada Família,RS,camara,Câmara Municipal de Sagrada Família,facebook,https://facebook.com/camarasagradafamilia,https://camarasagradafamilia.rs.gov.br,2026-10-08,
4316428,Sagrada Família,RS,camara,Câmara Municipal de Sagrada Família,site,https://camarasagradafamilia.rs.gov.br,varredura de domínio,2026-10-08,
4316428,Sagrada Família,RS,prefeitura,Prefeitura de Sagrada Família,site,https://www.sagradafamilia.rs.gov.br,varredura de domínio,2026-10-08,
4316428,Sagrada Família,RS,radio,Rádio Difusora 92.7 FM,facebook,https://www.facebook.com/difusora92fm,https://difusora92fm.com.br,2026-10-08,veículo da cidade-polo Palmeira das Missões
4316428,Sagrada Família,RS,radio,Rádio Difusora 92.7 FM,instagram,https://www.instagram.com/difusora92.7fm,https://difusora92fm.com.br,2026-10-08,veículo da cidade-polo Palmeira das Missões
4316428,Sagrada Família,RS,radio,Rádio Difusora 92.7 FM,site,https://difusora92fm.com.br,https://difusora92fm.com.br,2026-10-08,veículo da cidade-polo Palmeira das Missões
4316428,Sagrada Família,RS,radio,Rádio Palmeira FM 101.7 / AM 740,facebook,https://www.facebook.com/radiopalmeiraoficial,https://radiopalmeira.com.br/,2026-10-08,veículo da cidade-polo Palmeira das Missões
4316428,Sagrada Família,RS,radio,Rádio Palmeira FM 101.7 / AM 740,instagram,https://www.instagram.com/radiopalmeiraoficial,https://radiopalmeira.com.br/,2026-10-08,veículo da cidade-polo Palmeira das Missões
4316428,Sagrada Família,RS,radio,Rádio Palmeira FM 101.7 / AM 740,site,https://radiopalmeira.com.br,https://radiopalmeira.com.br/,2026-10-08,veículo da cidade-polo Palmeira das Missões
4316428,Sagrada Família,RS,radio,Rádio Salzanense FM 104.9 (Liberato Salzano),site,https://www.fmsalzanense.com.br,https://streema.com/radios/Radio_Salzanense,2026-10-08,veículo de Liberato Salzano (município vizinho); site listado no Streema não abriu na verificação
4316451,Salto Do Jacuí,RS,camara,Câmara Municipal de Salto Do Jacuí,facebook,https://facebook.com/camara.jacui,https://www.camarasaltodojacui.rs.gov.br,2026-10-08,
4316451,Salto Do Jacuí,RS,camara,Câmara Municipal de Salto Do Jacuí,site,https://www.camarasaltodojacui.rs.gov.br,varredura de domínio,2026-10-08,
4316451,Salto Do Jacuí,RS,camara,Câmara Municipal de Salto Do Jacuí,youtube,https://youtube.com/@camaravereadoressaltodojac2652,https://www.camarasaltodojacui.rs.gov.br,2026-10-08,
4316451,Salto Do Jacuí,RS,prefeitura,Prefeitura de Salto Do Jacuí,facebook,https://facebook.com/prefeitura.saltodojacui,https://www.saltodojacui.rs.gov.br,2026-10-08,
4316451,Salto Do Jacuí,RS,prefeitura,Prefeitura de Salto Do Jacuí,instagram,https://instagram.com/prefeitura.saltodojacui,https://www.saltodojacui.rs.gov.br,2026-10-08,
4316451,Salto Do Jacuí,RS,prefeitura,Prefeitura de Salto Do Jacuí,site,https://www.saltodojacui.rs.gov.br,varredura de domínio,2026-10-08,
4316451,Salto Do Jacuí,RS,radio,Rádio Geração 107.1 FM,facebook,https://www.facebook.com/GeracaoFm,https://radiogeracao.com.br,2026-10-08,
4316451,Salto Do Jacuí,RS,radio,Rádio Geração 107.1 FM,site,https://radiogeracao.com.br,https://radiogeracao.com.br,2026-10-08,
4317301,Santa Vitória Do Palmar,RS,camara,Câmara Municipal de Santa Vitória do Palmar,site,https://www.camarasvp.rs.gov.br,https://www.camarasvp.rs.gov.br/,2026-10-08,página atrás de verificação anti-bot (captcha); conteúdo não confirmado
4317301,Santa Vitória Do Palmar,RS,prefeitura,Prefeitura de Santa Vitória Do Palmar,site,https://www.santavitoriadopalmar.rs.gov.br,varredura de domínio,2026-10-08,
4317301,Santa Vitória Do Palmar,RS,radio,Rádio América FM 107.5,facebook,https://www.facebook.com/americasvp,https://americasvp.com.br,2026-10-08,
4317301,Santa Vitória Do Palmar,RS,radio,Rádio América FM 107.5,instagram,https://www.instagram.com/americasvp,https://americasvp.com.br,2026-10-08,
4317301,Santa Vitória Do Palmar,RS,radio,Rádio América FM 107.5,site,https://americasvp.com.br,https://americasvp.com.br,2026-10-08,
4317301,Santa Vitória Do Palmar,RS,radio,Rádio América FM 107.5,youtube,https://www.youtube.com/channel/UChs94xLUWYQC2wj48dxpRTQ,https://americasvp.com.br,2026-10-08,
4317301,Santa Vitória Do Palmar,RS,radio,Rádio Cultura AM 670,facebook,https://www.facebook.com/rc.santavitoria,https://streema.com/radios/Radio_Cultura_AM_4,2026-10-08,
4317301,Santa Vitória Do Palmar,RS,radio,Rádio Palmares 87.9 FM,facebook,https://www.facebook.com/radiopalmares87.9fm,https://streema.com/radios/Radio_Palmares_2,2026-10-08,
4317806,Santo Augusto,RS,camara,Câmara Municipal de Santo Augusto,site,https://www.santoaugusto.rs.leg.br,varredura de domínio,2026-10-08,
4317806,Santo Augusto,RS,prefeitura,Prefeitura de Santo Augusto,facebook,https://facebook.com/SantoAugustoOficial,https://santoaugusto.rs.gov.br,2026-10-08,
4317806,Santo Augusto,RS,prefeitura,Prefeitura de Santo Augusto,site,https://santoaugusto.rs.gov.br,varredura de domínio,2026-10-08,
4317806,Santo Augusto,RS,radio,Rádio Querência 89.7 FM,facebook,https://www.facebook.com/querenciaonline,https://querenciaonline.com/,2026-10-08,
4317806,Santo Augusto,RS,radio,Rádio Querência 89.7 FM,instagram,https://www.instagram.com/radio_querencia_89.7,https://querenciaonline.com/,2026-10-08,
4317806,Santo Augusto,RS,radio,Rádio Querência 89.7 FM,site,https://querenciaonline.com,https://querenciaonline.com/,2026-10-08,
4317806,Santo Augusto,RS,radio,Rádio Querência 89.7 FM,youtube,https://www.youtube.com/@radioquerencia897,https://querenciaonline.com/,2026-10-08,
4320354,Sentinela Do Sul,RS,camara,Câmara Municipal de Sentinela Do Sul,site,https://www.sentineladosul.rs.leg.br,varredura de domínio,2026-10-08,
4320354,Sentinela Do Sul,RS,prefeitura,Prefeitura de Sentinela Do Sul,facebook,https://facebook.com/prefeitura.sentineladosul,https://www.sentineladosul.rs.gov.br,2026-10-08,
4320354,Sentinela Do Sul,RS,prefeitura,Prefeitura de Sentinela Do Sul,instagram,https://instagram.com/prefeituradesentineladosul,https://www.sentineladosul.rs.gov.br,2026-10-08,
4320354,Sentinela Do Sul,RS,prefeitura,Prefeitura de Sentinela Do Sul,site,https://www.sentineladosul.rs.gov.br,varredura de domínio,2026-10-08,
4320354,Sentinela Do Sul,RS,radio,Rádio Acústica FM 97.7 (Camaquã),facebook,https://www.facebook.com/acusticafm,https://acusticafm.com.br,2026-10-08,veículo da cidade-polo Camaquã
4320354,Sentinela Do Sul,RS,radio,Rádio Acústica FM 97.7 (Camaquã),instagram,https://www.instagram.com/acusticafm,https://acusticafm.com.br,2026-10-08,veículo da cidade-polo Camaquã
4320354,Sentinela Do Sul,RS,radio,Rádio Acústica FM 97.7 (Camaquã),site,https://acusticafm.com.br,https://acusticafm.com.br,2026-10-08,veículo da cidade-polo Camaquã
4320354,Sentinela Do Sul,RS,radio,Rádio Acústica FM 97.7 (Camaquã),youtube,https://www.youtube.com/user/AcusticaFM,https://acusticafm.com.br,2026-10-08,veículo da cidade-polo Camaquã
4320354,Sentinela Do Sul,RS,radio,Rádio Tapense AM 1420 (Tapes),facebook,https://www.facebook.com/radio.tapense,https://streema.com/radios/Radio_Tapense,2026-10-08,veículo de Tapes (município vizinho)
4320800,Soledade,RS,camara,Câmara Municipal de Soledade,facebook,https://facebook.com/camarasoledaders,https://www.camarasoledade.rs.gov.br,2026-10-08,
4320800,Soledade,RS,camara,Câmara Municipal de Soledade,instagram,https://instagram.com/camarasoledaders,https://www.camarasoledade.rs.gov.br,2026-10-08,
4320800,Soledade,RS,camara,Câmara Municipal de Soledade,site,https://www.camarasoledade.rs.gov.br,varredura de domínio,2026-10-08,
4320800,Soledade,RS,camara,Câmara Municipal de Soledade,youtube,https://youtube.com/@camarasoledaders,https://www.camarasoledade.rs.gov.br,2026-10-08,
4320800,Soledade,RS,portal,Soledade Notícias / Soledade FM 87.9,facebook,https://www.facebook.com/soledade.noticias,https://streema.com/radios/Soledade_FM_87.9,2026-10-08,
4320800,Soledade,RS,portal,Soledade Notícias / Soledade FM 87.9,site,https://www.soledadenoticias.com,https://streema.com/radios/Soledade_FM_87.9,2026-10-08,
4320800,Soledade,RS,prefeitura,Prefeitura de Soledade,site,https://soledade.rs.gov.br,https://pt.wikipedia.org/wiki/Soledade_(Rio_Grande_do_Sul),2026-10-08,site retorna 403/429 do exterior; redes não extraídas
4320800,Soledade,RS,radio,Maisnova FM 99.1 Soledade,facebook,https://www.facebook.com/maisnovasoledade,https://streema.com/radios/Maisnova_FM_9,2026-10-08,
4320800,Soledade,RS,radio,Maisnova FM 99.1 Soledade,instagram,https://www.instagram.com/maisnovasoledade,https://streema.com/radios/Maisnova_FM_9,2026-10-08,
4320800,Soledade,RS,radio,Rádio Soledade AM 1550,facebook,https://www.facebook.com/radiosoledade1550,https://radiosoledade.com/,2026-10-08,
4320800,Soledade,RS,radio,Rádio Soledade AM 1550,instagram,https://www.instagram.com/radiosoledade,https://radiosoledade.com/,2026-10-08,
4320800,Soledade,RS,radio,Rádio Soledade AM 1550,site,https://radiosoledade.com,https://radiosoledade.com/,2026-10-08,
4320800,Soledade,RS,radio,Tua Rádio Cristal 100.5 FM,facebook,https://www.facebook.com/tuaradiocristal,https://streema.com/radios/Radio_Cristal,2026-10-08,
4318002,São Borja,RS,camara,Câmara Municipal de São Borja,facebook,https://facebook.com/camarasaoborja,https://www.saoborja.rs.leg.br,2026-10-08,
4318002,São Borja,RS,camara,Câmara Municipal de São Borja,instagram,https://instagram.com/camaradeveresdoressb,https://www.saoborja.rs.leg.br,2026-10-08,
4318002,São Borja,RS,camara,Câmara Municipal de São Borja,site,https://www.saoborja.rs.leg.br,varredura de domínio,2026-10-08,
4318002,São Borja,RS,portal,Portal ESBC (Rádio Cultura AM 1260 e Fronteira FM 97.1),site,https://esbc.com.br,https://esbc.com.br/,2026-10-08,
4318002,São Borja,RS,prefeitura,Prefeitura de São Borja,facebook,https://facebook.com/prefeituradesaoborja,https://portal.saoborja.rs.gov.br,2026-10-08,
4318002,São Borja,RS,prefeitura,Prefeitura de São Borja,instagram,https://instagram.com/prefsaoborja,https://portal.saoborja.rs.gov.br,2026-10-08,
4318002,São Borja,RS,prefeitura,Prefeitura de São Borja,site,https://portal.saoborja.rs.gov.br,varredura de domínio,2026-10-08,
4318002,São Borja,RS,prefeitura,Prefeitura de São Borja,youtube,https://youtube.com/@CamaraSaoBorja,https://portal.saoborja.rs.gov.br,2026-10-08,
4318002,São Borja,RS,radio,Rádio Cultura AM 1260,facebook,https://www.facebook.com/RadioCulturaSaoBorja,https://streema.com/radios/Cultura_1260_AM,2026-10-08,
4318002,São Borja,RS,radio,Rádio Fronteira FM 97.1,facebook,https://www.facebook.com/FronteiraFm971,https://streema.com/radios/Radio_97.1_Fronteira_FM,2026-10-08,
4318002,São Borja,RS,radio,Rádio Líder 101.5 FM,facebook,https://www.facebook.com/radiolidersaoborja,http://www.radiolidersaoborja.com.br/,2026-10-08,
4318002,São Borja,RS,radio,Rádio Líder 101.5 FM,site,https://www.radiolidersaoborja.com.br,http://www.radiolidersaoborja.com.br/,2026-10-08,
4318101,São Francisco De Assis,RS,camara,Câmara Municipal de São Francisco De Assis,facebook,https://facebook.com/camaradevereadoressfa,https://www.saofranciscodeassis.rs.leg.br,2026-10-08,
4318101,São Francisco De Assis,RS,camara,Câmara Municipal de São Francisco De Assis,site,https://www.saofranciscodeassis.rs.leg.br,varredura de domínio,2026-10-08,
4318101,São Francisco De Assis,RS,prefeitura,Prefeitura de São Francisco De Assis,instagram,https://instagram.com/prefsfa,https://www.saofranciscodeassis.rs.gov.br,2026-10-08,
4318101,São Francisco De Assis,RS,prefeitura,Prefeitura de São Francisco De Assis,site,https://www.saofranciscodeassis.rs.gov.br,varredura de domínio,2026-10-08,
4318101,São Francisco De Assis,RS,prefeitura,Prefeitura de São Francisco De Assis,tiktok,https://tiktok.com/@prefeiturasaochicoassis,https://www.saofranciscodeassis.rs.gov.br,2026-10-08,
4318101,São Francisco De Assis,RS,prefeitura,Prefeitura de São Francisco De Assis,youtube,https://youtube.com/@prefeituramunicipal-saofra9239,https://www.saofranciscodeassis.rs.gov.br,2026-10-08,
4318101,São Francisco De Assis,RS,radio,Rádio Alternativa Assisense 106.3 FM,facebook,https://www.facebook.com/RadioAlternativaAssisense,https://streema.com/radios/Radio_Alternativa_Assisense,2026-10-08,
4318101,São Francisco De Assis,RS,radio,Rádio Alternativa Assisense 106.3 FM,instagram,https://www.instagram.com/radioalternativaassisense,https://streema.com/radios/Radio_Alternativa_Assisense,2026-10-08,
4318101,São Francisco De Assis,RS,radio,Rádio Alternativa Assisense 106.3 FM,site,https://www.alternativaassisense.com.br,https://streema.com/radios/Radio_Alternativa_Assisense,2026-10-08,
4318101,São Francisco De Assis,RS,radio,Rádio Comunitária Serrana FM 87.9,site,https://radioserranafm.com,https://pt.wikipedia.org/wiki/São_Francisco_de_Assis_(Rio_Grande_do_Sul),2026-10-08,
4318101,São Francisco De Assis,RS,radio,Rádio Sentinela Pampeana 87.9 FM,facebook,https://www.facebook.com/sentinela.pampeana,https://radiosentinelasaochico.top,2026-10-08,
4318101,São Francisco De Assis,RS,radio,Rádio Sentinela Pampeana 87.9 FM,site,https://radiosentinelasaochico.top,https://pt.wikipedia.org/wiki/São_Francisco_de_Assis_(Rio_Grande_do_Sul),2026-10-08,
4318200,São Francisco De Paula,RS,camara,Câmara Municipal de São Francisco de Paula,site,https://www.camarasfp.rs.gov.br,https://pt.wikipedia.org/wiki/São_Francisco_de_Paula_(Rio_Grande_do_Sul),2026-10-08,página atrás de verificação anti-bot; redes não extraídas
4318200,São Francisco De Paula,RS,prefeitura,Prefeitura de São Francisco De Paula,facebook,https://facebook.com/prefeiturasaofranciscodepaula,https://www.saofranciscodepaula.rs.gov.br,2026-10-08,
4318200,São Francisco De Paula,RS,prefeitura,Prefeitura de São Francisco De Paula,instagram,https://instagram.com/prefeiturasaochicors,https://www.saofranciscodepaula.rs.gov.br,2026-10-08,
4318200,São Francisco De Paula,RS,prefeitura,Prefeitura de São Francisco De Paula,site,https://www.saofranciscodepaula.rs.gov.br,varredura de domínio,2026-10-08,
4318200,São Francisco De Paula,RS,prefeitura,Prefeitura de São Francisco De Paula,whatsapp_atendimento,https://api.whatsapp.com/send?phone=555431963094,https://www.saofranciscodepaula.rs.gov.br,2026-10-08,"número de atendimento publicado no site oficial; uso: atendimento ao cidadão, não é canal de comunicação política"
4318200,São Francisco De Paula,RS,radio,Rádio Clube 88.5 FM (Canela),instagram,https://www.instagram.com/clube.885,https://clube885.com/,2026-10-08,veículo de Canela (município vizinho); nenhum veículo sediado em São Francisco de Paula encontrado
4318200,São Francisco De Paula,RS,radio,Rádio Clube 88.5 FM (Canela),site,https://clube885.com,https://clube885.com/,2026-10-08,veículo de Canela (município vizinho); nenhum veículo sediado em São Francisco de Paula encontrado
4318200,São Francisco De Paula,RS,radio,Rádio Clube 88.5 FM (Canela),tiktok,https://www.tiktok.com/@clube885,https://clube885.com/,2026-10-08,veículo de Canela (município vizinho); nenhum veículo sediado em São Francisco de Paula encontrado
4318200,São Francisco De Paula,RS,radio,Rádio Clube 88.5 FM (Canela),youtube,https://www.youtube.com/@clube885,https://clube885.com/,2026-10-08,veículo de Canela (município vizinho); nenhum veículo sediado em São Francisco de Paula encontrado
4318200,São Francisco De Paula,RS,radio,Rádio Itaimbé 87.9 FM (Cambará do Sul),facebook,https://www.facebook.com/R.Itaimbe879,https://www.radioitaimbe.com.br,2026-10-08,veículo de Cambará do Sul (município vizinho)
4318200,São Francisco De Paula,RS,radio,Rádio Itaimbé 87.9 FM (Cambará do Sul),instagram,https://www.instagram.com/radioitaimbe,https://www.radioitaimbe.com.br,2026-10-08,veículo de Cambará do Sul (município vizinho)
4318200,São Francisco De Paula,RS,radio,Rádio Itaimbé 87.9 FM (Cambará do Sul),site,https://www.radioitaimbe.com.br,https://www.radioitaimbe.com.br,2026-10-08,veículo de Cambará do Sul (município vizinho)
4318309,São Gabriel,RS,camara,Câmara Municipal de São Gabriel,site,https://www.camarasg.rs.gov.br,varredura de domínio,2026-10-08,
4318309,São Gabriel,RS,prefeitura,Prefeitura de São Gabriel,facebook,https://facebook.com/dicom.saogabriel.3,https://www.saogabriel.rs.gov.br,2026-10-08,
4318309,São Gabriel,RS,prefeitura,Prefeitura de São Gabriel,instagram,https://instagram.com/prefeitura_saogabriel_rs,https://www.saogabriel.rs.gov.br,2026-10-08,
4318309,São Gabriel,RS,prefeitura,Prefeitura de São Gabriel,site,https://www.saogabriel.rs.gov.br,varredura de domínio,2026-10-08,
4318309,São Gabriel,RS,radio,Rádio Batovi 700 AM,facebook,https://www.facebook.com/radiobatovi700,https://streema.com/radios/Radio_Batovi_700_AM,2026-10-08,
4318309,São Gabriel,RS,radio,Rádio Batovi 700 AM,site,https://www.radiobatovi.com.br/site,https://streema.com/radios/Radio_Batovi_700_AM,2026-10-08,site não abriu na verificação
4318309,São Gabriel,RS,radio,Rádio Tchê São Gabriel 580 AM,facebook,https://www.facebook.com/RtcheSaoGabriel,https://tchesaogabriel.com.br,2026-10-08,
4318309,São Gabriel,RS,radio,Rádio Tchê São Gabriel 580 AM,instagram,https://www.instagram.com/radiosaogabriel_,https://tchesaogabriel.com.br,2026-10-08,
4318309,São Gabriel,RS,radio,Rádio Tchê São Gabriel 580 AM,site,https://tchesaogabriel.com.br,https://tchesaogabriel.com.br,2026-10-08,
4318309,São Gabriel,RS,radio,Rádio Top Jovem,facebook,https://www.facebook.com/radiotopjovem,https://streema.com/radios/Radio_Top_Jovem,2026-10-08,
4318408,São Jerônimo,RS,camara,Câmara Municipal de São Jerônimo,facebook,https://facebook.com/camara.vereadores.Sao.Jeronimo,https://www.saojeronimo.rs.leg.br,2026-10-08,
4318408,São Jerônimo,RS,camara,Câmara Municipal de São Jerônimo,instagram,https://instagram.com/camarasaojeronimo,https://www.saojeronimo.rs.leg.br,2026-10-08,
4318408,São Jerônimo,RS,camara,Câmara Municipal de São Jerônimo,site,https://www.saojeronimo.rs.leg.br,varredura de domínio,2026-10-08,
4318408,São Jerônimo,RS,prefeitura,Prefeitura de São Jerônimo,site,https://saojeronimo.rs.gov.br,https://pt.wikipedia.org/wiki/São_Jerônimo_(Rio_Grande_do_Sul),2026-10-08,site retorna 403 do exterior; redes não extraídas
4318408,São Jerônimo,RS,radio,Rádio Gazeta do Jacuí 87.5 FM,facebook,https://www.facebook.com/radiogazetadojacui,https://streema.com/radios/Radio_Gazeta_do_Jacui,2026-10-08,
4318408,São Jerônimo,RS,radio,Rádio Gazeta do Jacuí 87.5 FM,site,https://rdgazetadojacui.com.br,https://streema.com/radios/Radio_Gazeta_do_Jacui,2026-10-08,site não abriu na verificação
4318408,São Jerônimo,RS,radio,Rádio São Jerônimo AM 1240,facebook,https://www.facebook.com/Nova1240,https://streema.com/radios/Radio_Sao_Jeronimo,2026-10-08,
4318408,São Jerônimo,RS,radio,Rádio São Jerônimo AM 1240,site,https://www.radiosaojeronimo.com.br,https://streema.com/radios/Radio_Sao_Jeronimo,2026-10-08,site não abriu na verificação
4318507,São José Do Norte,RS,jornal,Jornal Agora,instagram,https://www.instagram.com/jornalagoracombr,https://www.jornalagora.com.br/,2026-10-08,veículo da cidade-polo Rio Grande
4318507,São José Do Norte,RS,jornal,Jornal Agora,site,https://www.jornalagora.com.br,https://www.jornalagora.com.br/,2026-10-08,veículo da cidade-polo Rio Grande
4318507,São José Do Norte,RS,prefeitura,Prefeitura de São José Do Norte,facebook,https://facebook.com/PrefeituraSJN,https://www.saojosedonorte.rs.gov.br,2026-10-08,
4318507,São José Do Norte,RS,prefeitura,Prefeitura de São José Do Norte,instagram,https://instagram.com/prefeiturasaojosedonorte,https://www.saojosedonorte.rs.gov.br,2026-10-08,
4318507,São José Do Norte,RS,prefeitura,Prefeitura de São José Do Norte,instagram,https://instagram.com/saojosenorteturismoesporte,https://www.saojosedonorte.rs.gov.br,2026-10-08,
4318507,São José Do Norte,RS,prefeitura,Prefeitura de São José Do Norte,site,https://www.saojosedonorte.rs.gov.br,varredura de domínio,2026-10-08,
4318507,São José Do Norte,RS,prefeitura,Prefeitura de São José Do Norte,whatsapp_atendimento,https://wa.me/5553999937594,https://www.saojosedonorte.rs.gov.br,2026-10-08,"número de atendimento publicado no site oficial; uso: atendimento ao cidadão, não é canal de comunicação política"
4318507,São José Do Norte,RS,prefeitura,Prefeitura de São José Do Norte,youtube,https://youtube.com/channel/UCMrICRTHB0OWZawGMKw6dFQ,https://www.saojosedonorte.rs.gov.br,2026-10-08,
4318507,São José Do Norte,RS,radio,Grupo Oceano / Rádio Oceano 97.1 FM,facebook,https://www.facebook.com/oceanofmoficial,https://www.grupooceano.com.br/,2026-10-08,veículo da cidade-polo Rio Grande
4318507,São José Do Norte,RS,radio,Grupo Oceano / Rádio Oceano 97.1 FM,instagram,https://www.instagram.com/oceanofmoficial,https://www.grupooceano.com.br/,2026-10-08,veículo da cidade-polo Rio Grande
4318507,São José Do Norte,RS,radio,Grupo Oceano / Rádio Oceano 97.1 FM,site,https://www.grupooceano.com.br,https://www.grupooceano.com.br/,2026-10-08,veículo da cidade-polo Rio Grande
4318507,São José Do Norte,RS,radio,Grupo Oceano / Rádio Oceano 97.1 FM,tiktok,https://www.tiktok.com/@grupooceano,https://www.grupooceano.com.br/,2026-10-08,veículo da cidade-polo Rio Grande
4318507,São José Do Norte,RS,radio,Grupo Oceano / Rádio Oceano 97.1 FM,whatsapp_canal,https://whatsapp.com/channel/0029Va4eGcVJZg48V2PvYv0D,https://www.grupooceano.com.br/,2026-10-08,"veículo da cidade-polo Rio Grande; canal confirmado: ""Grupo Oceano"""
4318507,São José Do Norte,RS,radio,Grupo Oceano / Rádio Oceano 97.1 FM,youtube,https://www.youtube.com/channel/UC6MYTRrlsK1XbacRwHsyQgg,https://www.grupooceano.com.br/,2026-10-08,veículo da cidade-polo Rio Grande
4318903,São Luiz Gonzaga,RS,prefeitura,Prefeitura de São Luiz Gonzaga,site,https://www.saoluizgonzaga.rs.gov.br,https://pt.wikipedia.org/wiki/São_Luiz_Gonzaga,2026-10-08,site recusou conexão do exterior; redes não extraídas
4318903,São Luiz Gonzaga,RS,radio,Rádio 97 FM 97.3,facebook,https://www.facebook.com/radio97fmslg,https://streema.com/radios/Radio_97_FM_97.3,2026-10-08,
4318903,São Luiz Gonzaga,RS,radio,Rádio 97 FM 97.3,site,https://radio97fm.com/v2,https://radio97fm.com/v2/,2026-10-08,
4318903,São Luiz Gonzaga,RS,radio,Rádio Cidade 98.7 FM,facebook,https://www.facebook.com/RadioCidadeSLG,https://radiocidadeslg.com.br/,2026-10-08,
4318903,São Luiz Gonzaga,RS,radio,Rádio Cidade 98.7 FM,instagram,https://www.instagram.com/radiocidadeslg,https://radiocidadeslg.com.br/,2026-10-08,
4318903,São Luiz Gonzaga,RS,radio,Rádio Cidade 98.7 FM,site,https://radiocidadeslg.com.br,https://radiocidadeslg.com.br/,2026-10-08,
4318903,São Luiz Gonzaga,RS,radio,Rádio Missioneira 94.9 FM,facebook,https://www.facebook.com/RadioMissioneiraOficial,https://www.radiomissioneira.com/,2026-10-08,
4318903,São Luiz Gonzaga,RS,radio,Rádio Missioneira 94.9 FM,instagram,https://instagram.com/radiomissioneira,https://streema.com/radios/Radio_Missioneira,2026-10-08,
4318903,São Luiz Gonzaga,RS,radio,Rádio Missioneira 94.9 FM,site,https://www.radiomissioneira.com,https://www.radiomissioneira.com/,2026-10-08,
4318903,São Luiz Gonzaga,RS,radio,Rádio Missioneira 94.9 FM,whatsapp_canal,https://whatsapp.com/channel/0029VaV1agZ4dTnFwlkhOz22,https://www.radiomissioneira.com/,2026-10-08,"canal confirmado: ""Rádio Missioneira"""
4318903,São Luiz Gonzaga,RS,radio,Rádio Missioneira 94.9 FM,youtube,https://www.youtube.com/channel/UCu4WjCdlCKI5jcsJxcens-w,https://www.radiomissioneira.com/,2026-10-08,
4318903,São Luiz Gonzaga,RS,radio,Rádio São Luiz 100.9 FM,facebook,https://www.facebook.com/radiosaoluiz,https://streema.com/radios/Radio_Sao_Luiz,2026-10-08,
4318903,São Luiz Gonzaga,RS,radio,Rádio São Luiz 100.9 FM,instagram,https://www.instagram.com/radiosaoluiz,https://streema.com/radios/Radio_Sao_Luiz,2026-10-08,
4318903,São Luiz Gonzaga,RS,radio,Rádio São Luiz 100.9 FM,site,https://www.radiosaoluiz.com,https://streema.com/radios/Radio_Sao_Luiz,2026-10-08,
4319158,São Miguel Das Missões,RS,camara,Câmara de Vereadores de São Miguel das Missões,site,https://camarasaomiguel.rs.gov.br,https://pt.wikipedia.org/wiki/São_Miguel_das_Missões,2026-10-08,site recusou conexão do exterior; redes não extraídas
4319158,São Miguel Das Missões,RS,prefeitura,Prefeitura de São Miguel das Missões,site,https://saomiguel.rs.gov.br,https://pt.wikipedia.org/wiki/São_Miguel_das_Missões,2026-10-08,site não abriu do exterior; redes não extraídas
4319158,São Miguel Das Missões,RS,radio,Rádio Missioneira 94.9 FM,facebook,https://www.facebook.com/RadioMissioneiraOficial,https://www.radiomissioneira.com/,2026-10-08,veículo da cidade-polo São Luiz Gonzaga
4319158,São Miguel Das Missões,RS,radio,Rádio Missioneira 94.9 FM,instagram,https://instagram.com/radiomissioneira,https://streema.com/radios/Radio_Missioneira,2026-10-08,veículo da cidade-polo São Luiz Gonzaga
4319158,São Miguel Das Missões,RS,radio,Rádio Missioneira 94.9 FM,site,https://www.radiomissioneira.com,https://www.radiomissioneira.com/,2026-10-08,veículo da cidade-polo São Luiz Gonzaga
4319158,São Miguel Das Missões,RS,radio,Rádio Missioneira 94.9 FM,whatsapp_canal,https://whatsapp.com/channel/0029VaV1agZ4dTnFwlkhOz22,https://www.radiomissioneira.com/,2026-10-08,"veículo da cidade-polo São Luiz Gonzaga; canal confirmado: ""Rádio Missioneira"""
4319158,São Miguel Das Missões,RS,radio,Rádio Missioneira 94.9 FM,youtube,https://www.youtube.com/channel/UCu4WjCdlCKI5jcsJxcens-w,https://www.radiomissioneira.com/,2026-10-08,veículo da cidade-polo São Luiz Gonzaga
4319158,São Miguel Das Missões,RS,radio,Rádio Piratini 87.9 FM,facebook,https://www.facebook.com/radiopiratinifm,https://streema.com/radios/Radio_Piratini,2026-10-08,
4319158,São Miguel Das Missões,RS,radio,Rádio Piratini 87.9 FM,site,https://piratinifm.com.br,http://piratinifm.com.br/,2026-10-08,
4319604,São Sepé,RS,prefeitura,Prefeitura de São Sepé,facebook,https://facebook.com/Prefeituradesaosepe,https://saosepe.rs.gov.br,2026-10-08,
4319604,São Sepé,RS,prefeitura,Prefeitura de São Sepé,instagram,https://instagram.com/desenvolvimentosaosepe,https://saosepe.rs.gov.br,2026-10-08,
4319604,São Sepé,RS,prefeitura,Prefeitura de São Sepé,instagram,https://instagram.com/saosepeoficial,https://saosepe.rs.gov.br,2026-10-08,
4319604,São Sepé,RS,prefeitura,Prefeitura de São Sepé,site,https://saosepe.rs.gov.br,varredura de domínio,2026-10-08,
4319604,São Sepé,RS,prefeitura,Prefeitura de São Sepé,whatsapp_atendimento,https://wa.me/5555996117280,https://saosepe.rs.gov.br,2026-10-08,"número de atendimento publicado no site oficial; uso: atendimento ao cidadão, não é canal de comunicação política"
4319604,São Sepé,RS,radio,Rádio Cotrisel FM,facebook,https://www.facebook.com/cotriselfm,https://streema.com/radios/Radio_Cotrisel_FM,2026-10-08,
4319604,São Sepé,RS,radio,Rádio Cotrisel FM,site,https://www.radiocotrisel.com.br,https://www.radiocotrisel.com.br/,2026-10-08,
4321402,Tenente Portela,RS,prefeitura,Prefeitura de Tenente Portela,facebook,https://facebook.com/prefeituradetenenteportela,https://www.tenenteportela.rs.gov.br,2026-10-08,
4321402,Tenente Portela,RS,prefeitura,Prefeitura de Tenente Portela,instagram,https://instagram.com/prefeituradetenenteportela,https://www.tenenteportela.rs.gov.br,2026-10-08,
4321402,Tenente Portela,RS,prefeitura,Prefeitura de Tenente Portela,site,https://www.tenenteportela.rs.gov.br,varredura de domínio,2026-10-08,
4321402,Tenente Portela,RS,prefeitura,Prefeitura de Tenente Portela,whatsapp_atendimento,https://wa.me/555535513401,https://www.tenenteportela.rs.gov.br,2026-10-08,"número de atendimento publicado no site oficial; uso: atendimento ao cidadão, não é canal de comunicação política"
4321402,Tenente Portela,RS,radio,Rádio Alto Uruguai 92.5 FM (Três Passos),facebook,https://www.facebook.com/radioaltouruguai.com.br,https://radioaltouruguai.com.br,2026-10-08,veículo da cidade-polo Três Passos
4321402,Tenente Portela,RS,radio,Rádio Alto Uruguai 92.5 FM (Três Passos),instagram,https://www.instagram.com/92fm_alto_uruguai,https://radioaltouruguai.com.br,2026-10-08,veículo da cidade-polo Três Passos
4321402,Tenente Portela,RS,radio,Rádio Alto Uruguai 92.5 FM (Três Passos),site,https://radioaltouruguai.com.br,https://radioaltouruguai.com.br,2026-10-08,veículo da cidade-polo Três Passos
4321402,Tenente Portela,RS,radio,Rádio Alto Uruguai 92.5 FM (Três Passos),youtube,https://www.youtube.com/@radioaltouruguaifm,https://radioaltouruguai.com.br,2026-10-08,veículo da cidade-polo Três Passos
4321402,Tenente Portela,RS,radio,Rádio Municipal 620 AM,site,https://www.radiomunicipalam.com.br,https://streema.com/radios/Radio_Municipal_620_AM,2026-10-08,site não abriu na verificação
4321402,Tenente Portela,RS,radio,Rádio Província 100.7 FM / Sistema Província (ClicPortela),facebook,https://www.facebook.com/provinciafm,https://streema.com/radios/Radio_Provincia_100.7_FM,2026-10-08,
4321402,Tenente Portela,RS,radio,Rádio Província 100.7 FM / Sistema Província (ClicPortela),site,https://clicportela.com.br,https://streema.com/radios/Radio_Provincia_100.7_FM,2026-10-08,site retorna 403 do exterior
4321956,Trindade Do Sul,RS,camara,Câmara Municipal de Trindade Do Sul,facebook,https://facebook.com/cmtrindadedosul,https://cmtrindadedosul.rs.gov.br,2026-10-08,
4321956,Trindade Do Sul,RS,camara,Câmara Municipal de Trindade Do Sul,site,https://cmtrindadedosul.rs.gov.br,varredura de domínio,2026-10-08,
4321956,Trindade Do Sul,RS,prefeitura,Prefeitura de Trindade Do Sul,facebook,https://facebook.com/admtrindadedosul,https://www.trindadedosul.rs.gov.br,2026-10-08,
4321956,Trindade Do Sul,RS,prefeitura,Prefeitura de Trindade Do Sul,instagram,https://instagram.com/admtrindadedosul,https://www.trindadedosul.rs.gov.br,2026-10-08,
4321956,Trindade Do Sul,RS,prefeitura,Prefeitura de Trindade Do Sul,site,https://www.trindadedosul.rs.gov.br,varredura de domínio,2026-10-08,
4321956,Trindade Do Sul,RS,radio,Rádio Trindade Sul FM 104.9,facebook,https://www.facebook.com/RadioTrindadeSulFm,https://www.radiofmtrindade.com.br/,2026-10-08,
4321956,Trindade Do Sul,RS,radio,Rádio Trindade Sul FM 104.9,instagram,https://www.instagram.com/trindaderadio.fm,https://www.radiofmtrindade.com.br/,2026-10-08,
4321956,Trindade Do Sul,RS,radio,Rádio Trindade Sul FM 104.9,site,https://www.radiofmtrindade.com.br,https://www.radiofmtrindade.com.br/,2026-10-08,
4322202,Tupanciretã,RS,camara,Câmara Municipal de Tupanciretã,instagram,https://instagram.com/cmvereadorestupancireta,https://www.tupancireta.rs.leg.br,2026-10-08,
4322202,Tupanciretã,RS,camara,Câmara Municipal de Tupanciretã,site,https://www.tupancireta.rs.leg.br,varredura de domínio,2026-10-08,
4322202,Tupanciretã,RS,camara,Câmara Municipal de Tupanciretã,youtube,https://youtube.com/@tvwebtupancireta3960,https://www.tupancireta.rs.leg.br,2026-10-08,
4322202,Tupanciretã,RS,prefeitura,Prefeitura de Tupanciretã,facebook,https://facebook.com/pmtupancireta,https://www.tupancireta.rs.gov.br,2026-10-08,
4322202,Tupanciretã,RS,prefeitura,Prefeitura de Tupanciretã,instagram,https://instagram.com/pmtupancireta,https://www.tupancireta.rs.gov.br,2026-10-08,
4322202,Tupanciretã,RS,prefeitura,Prefeitura de Tupanciretã,site,https://www.tupancireta.rs.gov.br,varredura de domínio,2026-10-08,
4322202,Tupanciretã,RS,radio,Rádio Clube Um 92.5 FM,facebook,https://www.facebook.com/clubeum,https://streema.com/radios/Clube_Um,2026-10-08,
4322202,Tupanciretã,RS,radio,Rádio Clube Um 92.5 FM,site,https://www.clubeum.fm.br,https://www.clubeum.fm.br/,2026-10-08,
4322202,Tupanciretã,RS,radio,Rádio Tupã 97.1 FM,facebook,https://www.facebook.com/tupafm,https://streema.com/radios/Tupa_FM,2026-10-08,
4322202,Tupanciretã,RS,radio,Rádio Tupã 97.1 FM,site,https://tupa.fm.br,https://tupa.fm.br/,2026-10-08,
4323507,Vista Alegre,RS,radio,Grupo Chiru (Rádios Chiru 91.1/104.3/107.9 FM),facebook,https://www.facebook.com/ChiruComunicacoes,https://streema.com/radios/Radio_Chiru_FM_107.9_FM,2026-10-08,veículo de Palmitinho (cidade-polo próxima)
4323507,Vista Alegre,RS,radio,Grupo Chiru (Rádios Chiru 91.1/104.3/107.9 FM),instagram,https://www.instagram.com/grupochiru,https://www.grupochiru.com/,2026-10-08,veículo de Palmitinho (cidade-polo próxima)
4323507,Vista Alegre,RS,radio,Grupo Chiru (Rádios Chiru 91.1/104.3/107.9 FM),site,https://www.grupochiru.com,https://www.grupochiru.com/,2026-10-08,veículo de Palmitinho (cidade-polo próxima)
4323507,Vista Alegre,RS,radio,"LA+ (antiga Rádio Luz e Alegria, Frederico Westphalen)",facebook,https://www.facebook.com/lamaisdigital,https://lamais.com.br/,2026-10-08,veículo da cidade-polo Frederico Westphalen
4323507,Vista Alegre,RS,radio,"LA+ (antiga Rádio Luz e Alegria, Frederico Westphalen)",instagram,https://www.instagram.com/lamaisdigital,https://lamais.com.br/,2026-10-08,veículo da cidade-polo Frederico Westphalen
4323507,Vista Alegre,RS,radio,"LA+ (antiga Rádio Luz e Alegria, Frederico Westphalen)",site,https://lamais.com.br,http://luzealegria.com.br (redireciona para lamais.com.br),2026-10-08,veículo da cidade-polo Frederico Westphalen
4323507,Vista Alegre,RS,radio,"LA+ (antiga Rádio Luz e Alegria, Frederico Westphalen)",youtube,https://www.youtube.com/@lamaisdigital,https://lamais.com.br/,2026-10-08,veículo da cidade-polo Frederico Westphalen
4323754,Vitória Das Missões,RS,jornal,Jornal das Missões,facebook,https://www.facebook.com/jornaldasmissoes,https://radiosantoangelojm.com.br/,2026-10-08,veículo da cidade-polo Santo Ângelo
4323754,Vitória Das Missões,RS,jornal,Jornal das Missões,instagram,https://www.instagram.com/jornaldasmissoes,https://radiosantoangelojm.com.br/,2026-10-08,veículo da cidade-polo Santo Ângelo
4323754,Vitória Das Missões,RS,prefeitura,Prefeitura de Vitória das Missões,site,https://www.pmvm.rs.gov.br,https://pt.wikipedia.org/wiki/Vitória_das_Missões,2026-10-08,site não abriu do exterior; vitoriadasmissoes.rs.gov.br também existe (HTTP 429); redes não extraídas
4323754,Vitória Das Missões,RS,radio,Rádio Missioneira 94.9 FM,facebook,https://www.facebook.com/RadioMissioneiraOficial,https://www.radiomissioneira.com/,2026-10-08,veículo de São Luiz Gonzaga (região das Missões)
4323754,Vitória Das Missões,RS,radio,Rádio Missioneira 94.9 FM,instagram,https://instagram.com/radiomissioneira,https://streema.com/radios/Radio_Missioneira,2026-10-08,veículo de São Luiz Gonzaga (região das Missões)
4323754,Vitória Das Missões,RS,radio,Rádio Missioneira 94.9 FM,site,https://www.radiomissioneira.com,https://www.radiomissioneira.com/,2026-10-08,veículo de São Luiz Gonzaga (região das Missões)
4323754,Vitória Das Missões,RS,radio,Rádio Missioneira 94.9 FM,whatsapp_canal,https://whatsapp.com/channel/0029VaV1agZ4dTnFwlkhOz22,https://www.radiomissioneira.com/,2026-10-08,"veículo de São Luiz Gonzaga (região das Missões); canal confirmado: ""Rádio Missioneira"""
4323754,Vitória Das Missões,RS,radio,Rádio Missioneira 94.9 FM,youtube,https://www.youtube.com/channel/UCu4WjCdlCKI5jcsJxcens-w,https://www.radiomissioneira.com/,2026-10-08,veículo de São Luiz Gonzaga (região das Missões)
4323754,Vitória Das Missões,RS,radio,Rádio Santo Ângelo + Jornal das Missões,instagram,https://www.instagram.com/radiosantoangelojm,https://radiosantoangelojm.com.br/,2026-10-08,veículo da cidade-polo Santo Ângelo
4323754,Vitória Das Missões,RS,radio,Rádio Santo Ângelo + Jornal das Missões,site,https://radiosantoangelojm.com.br,https://radiosantoangelojm.com.br/,2026-10-08,veículo da cidade-polo Santo Ângelo
4323754,Vitória Das Missões,RS,radio,Rádio Santo Ângelo + Jornal das Missões,youtube,https://www.youtube.com/channel/UC60nBz_WwerbhQItYJkfvRQ,https://radiosantoangelojm.com.br/,2026-10-08,veículo da cidade-polo Santo Ângelo
4203501,Campo Erê,SC,camara,Câmara Municipal de Campo Erê,facebook,https://facebook.com/camaracampoere,https://www.campoere.sc.leg.br,2026-10-08,
4203501,Campo Erê,SC,camara,Câmara Municipal de Campo Erê,instagram,https://instagram.com/camaracampoere,https://www.campoere.sc.leg.br,2026-10-08,
4203501,Campo Erê,SC,camara,Câmara Municipal de Campo Erê,site,https://www.campoere.sc.leg.br,varredura de domínio,2026-10-08,
4203501,Campo Erê,SC,camara,Câmara Municipal de Campo Erê,youtube,https://youtube.com/@CamaradeVereadoresdeCampoEre,https://www.campoere.sc.leg.br,2026-10-08,
4203501,Campo Erê,SC,portal,Portal Peperi (ligado à Rádio Atalaia 850 AM de Campo Erê),facebook,https://www.facebook.com/portalpeperi,https://peperi.com.br,2026-10-08,
4203501,Campo Erê,SC,portal,Portal Peperi (ligado à Rádio Atalaia 850 AM de Campo Erê),instagram,https://www.instagram.com/portalpeperi,https://peperi.com.br,2026-10-08,
4203501,Campo Erê,SC,portal,Portal Peperi (ligado à Rádio Atalaia 850 AM de Campo Erê),site,https://peperi.com.br,https://streema.com/radios/Radio_Atalaia_850_AM,2026-10-08,
4203501,Campo Erê,SC,portal,Portal Peperi (ligado à Rádio Atalaia 850 AM de Campo Erê),youtube,https://www.youtube.com/user/PortalPeperi,https://peperi.com.br,2026-10-08,
4203501,Campo Erê,SC,radio,Rádio Doze de Maio (AM 630 / FM 107.5),facebook,https://www.facebook.com/radiodozeoficial,https://www.radiodoze.com.br/,2026-10-08,veículo da cidade-polo São Lourenço do Oeste
4203501,Campo Erê,SC,radio,Rádio Doze de Maio (AM 630 / FM 107.5),instagram,https://www.instagram.com/radiodoze,https://www.radiodoze.com.br/,2026-10-08,veículo da cidade-polo São Lourenço do Oeste
4203501,Campo Erê,SC,radio,Rádio Doze de Maio (AM 630 / FM 107.5),site,https://www.radiodoze.com.br,https://www.radiodoze.com.br/,2026-10-08,veículo da cidade-polo São Lourenço do Oeste
4204103,Caxambu Do Sul,SC,camara,Câmara Municipal de Caxambu Do Sul,site,https://www.camaracaxambudosul.sc.gov.br,varredura de domínio,2026-10-08,
4204103,Caxambu Do Sul,SC,portal,ClicRDC,facebook,https://www.facebook.com/clicrdc,https://clicrdc.com.br,2026-10-08,veículo da cidade-polo Chapecó
4204103,Caxambu Do Sul,SC,portal,ClicRDC,instagram,https://www.instagram.com/clicrdc,https://clicrdc.com.br,2026-10-08,veículo da cidade-polo Chapecó
4204103,Caxambu Do Sul,SC,portal,ClicRDC,site,https://clicrdc.com.br,https://clicrdc.com.br,2026-10-08,veículo da cidade-polo Chapecó
4204103,Caxambu Do Sul,SC,portal,ClicRDC,youtube,https://www.youtube.com/channel/UCXiE9O1t9M-mGzhVnNV4xWQ,https://clicrdc.com.br,2026-10-08,veículo da cidade-polo Chapecó
4204103,Caxambu Do Sul,SC,prefeitura,Prefeitura de Caxambu Do Sul,site,https://caxambudosul.atende.net,varredura de domínio,2026-10-08,
4204103,Caxambu Do Sul,SC,radio,Rádio Chapecó,facebook,https://www.facebook.com/radiochapeco,https://chapeco.fm/,2026-10-08,veículo da cidade-polo Chapecó
4204103,Caxambu Do Sul,SC,radio,Rádio Chapecó,instagram,https://www.instagram.com/radiochapeco,https://chapeco.fm/,2026-10-08,veículo da cidade-polo Chapecó
4204103,Caxambu Do Sul,SC,radio,Rádio Chapecó,site,https://chapeco.fm,https://chapeco.fm/,2026-10-08,veículo da cidade-polo Chapecó
4204103,Caxambu Do Sul,SC,radio,Rádio Chapecó,youtube,https://www.youtube.com/channel/UCfRfNdpB25NbileozhlUuGg,https://chapeco.fm/,2026-10-08,veículo da cidade-polo Chapecó
4205308,Faxinal Dos Guedes,SC,camara,Câmara de Vereadores de Faxinal dos Guedes,site,https://camarafaxinal.sc.gov.br,https://camarafaxinal.sc.gov.br/,2026-10-08,página atrás de captcha; conteúdo não confirmado
4205308,Faxinal Dos Guedes,SC,portal,Portal Faxinal,site,https://www.portalfaxinal.com.br,https://pt.wikipedia.org/wiki/Faxinal_dos_Guedes,2026-10-08,site não abriu na verificação
4205308,Faxinal Dos Guedes,SC,prefeitura,Prefeitura de Faxinal dos Guedes,site,https://www.faxinal.sc.gov.br,https://pt.wikipedia.org/wiki/Faxinal_dos_Guedes,2026-10-08,site não abriu do exterior; redes não extraídas
4205308,Faxinal Dos Guedes,SC,radio,Alternativa FM 102.7,facebook,https://www.facebook.com/alternativafx,https://streema.com/radios/Alternativa_102.7_FM,2026-10-08,
4205308,Faxinal Dos Guedes,SC,radio,Alternativa FM 102.7,site,https://www.alternativafx.com.br,https://streema.com/radios/Alternativa_102.7_FM,2026-10-08,site não abriu na verificação
4205308,Faxinal Dos Guedes,SC,radio,Momento FM 97.9 (Xanxerê),facebook,https://www.facebook.com/momentofm.xanxere,https://www.momentofm.com.br/,2026-10-08,veículo da cidade-polo Xanxerê
4205308,Faxinal Dos Guedes,SC,radio,Momento FM 97.9 (Xanxerê),instagram,https://www.instagram.com/momentofmxanxere,https://www.momentofm.com.br/,2026-10-08,veículo da cidade-polo Xanxerê
4205308,Faxinal Dos Guedes,SC,radio,Momento FM 97.9 (Xanxerê),site,https://www.momentofm.com.br,https://www.momentofm.com.br/,2026-10-08,veículo da cidade-polo Xanxerê
4205308,Faxinal Dos Guedes,SC,radio,Rádio CidadeFX 104.9 FM,facebook,https://www.facebook.com/radiocidadefmfaxinal,https://streema.com/radios/Radio_Cidade_Faxinal_dos_Guedes,2026-10-08,
4205308,Faxinal Dos Guedes,SC,radio,Rádio CidadeFX 104.9 FM,site,https://www.cidadefx.com,https://www.cidadefx.com/,2026-10-08,
4207858,Irati,SC,camara,Câmara Municipal de Irati,site,https://www.camarairati.sc.gov.br,varredura de domínio,2026-10-08,
4207858,Irati,SC,prefeitura,Prefeitura de Irati,site,https://www.irati.sc.gov.br,https://pt.wikipedia.org/wiki/Irati_(Santa_Catarina),2026-10-08,site não abriu do exterior; redes não extraídas
4207858,Irati,SC,radio,Nova FM 101.1 (São Lourenço do Oeste),facebook,https://www.facebook.com/novafm101,https://radionova.fm.br/,2026-10-08,veículo da cidade-polo São Lourenço do Oeste
4207858,Irati,SC,radio,Nova FM 101.1 (São Lourenço do Oeste),instagram,https://www.instagram.com/novafm101,https://radionova.fm.br/,2026-10-08,veículo da cidade-polo São Lourenço do Oeste
4207858,Irati,SC,radio,Nova FM 101.1 (São Lourenço do Oeste),site,https://radionova.fm.br,https://radionova.fm.br/,2026-10-08,veículo da cidade-polo São Lourenço do Oeste
4207858,Irati,SC,radio,Rádio Coração 93.9 FM (Quilombo),facebook,https://www.facebook.com/radiocoracaofm,https://www.radiocoracao.com.br/,2026-10-08,veículo de Quilombo (município de origem de Irati)
4207858,Irati,SC,radio,Rádio Coração 93.9 FM (Quilombo),instagram,https://www.instagram.com/radiocoracao,https://www.radiocoracao.com.br/,2026-10-08,veículo de Quilombo (município de origem de Irati)
4207858,Irati,SC,radio,Rádio Coração 93.9 FM (Quilombo),site,https://www.radiocoracao.com.br,https://www.radiocoracao.com.br/,2026-10-08,veículo de Quilombo (município de origem de Irati)
4207858,Irati,SC,radio,Rádio Coração 93.9 FM (Quilombo),youtube,https://www.youtube.com/@radiocoracaofm9187,https://www.radiocoracao.com.br/,2026-10-08,veículo de Quilombo (município de origem de Irati)
4207858,Irati,SC,radio,Rádio Doze de Maio (AM 630 / FM 107.5),facebook,https://www.facebook.com/radiodozeoficial,https://www.radiodoze.com.br/,2026-10-08,veículo da cidade-polo São Lourenço do Oeste (município vizinho)
4207858,Irati,SC,radio,Rádio Doze de Maio (AM 630 / FM 107.5),instagram,https://www.instagram.com/radiodoze,https://www.radiodoze.com.br/,2026-10-08,veículo da cidade-polo São Lourenço do Oeste (município vizinho)
4207858,Irati,SC,radio,Rádio Doze de Maio (AM 630 / FM 107.5),site,https://www.radiodoze.com.br,https://www.radiodoze.com.br/,2026-10-08,veículo da cidade-polo São Lourenço do Oeste (município vizinho)
4211454,Nova Itaberaba,SC,camara,Câmara Municipal de Nova Itaberaba,site,https://www.camaranovaitaberaba.sc.gov.br,varredura de domínio,2026-10-08,
4211454,Nova Itaberaba,SC,portal,ClicRDC,facebook,https://www.facebook.com/clicrdc,https://clicrdc.com.br,2026-10-08,veículo da cidade-polo Chapecó
4211454,Nova Itaberaba,SC,portal,ClicRDC,instagram,https://www.instagram.com/clicrdc,https://clicrdc.com.br,2026-10-08,veículo da cidade-polo Chapecó
4211454,Nova Itaberaba,SC,portal,ClicRDC,site,https://clicrdc.com.br,https://clicrdc.com.br,2026-10-08,veículo da cidade-polo Chapecó
4211454,Nova Itaberaba,SC,portal,ClicRDC,youtube,https://www.youtube.com/channel/UCXiE9O1t9M-mGzhVnNV4xWQ,https://clicrdc.com.br,2026-10-08,veículo da cidade-polo Chapecó
4211454,Nova Itaberaba,SC,prefeitura,Prefeitura de Nova Itaberaba,site,https://novaitaberaba.atende.net,varredura de domínio,2026-10-08,
4211454,Nova Itaberaba,SC,radio,Continental FM 96.1 (Coronel Freitas),facebook,https://www.facebook.com/continentalcoronelfreitas,https://continentalfm.com.br/,2026-10-08,veículo de Coronel Freitas (município vizinho)
4211454,Nova Itaberaba,SC,radio,Continental FM 96.1 (Coronel Freitas),instagram,https://www.instagram.com/continentalfm961,https://continentalfm.com.br/,2026-10-08,veículo de Coronel Freitas (município vizinho)
4211454,Nova Itaberaba,SC,radio,Continental FM 96.1 (Coronel Freitas),site,https://continentalfm.com.br,https://continentalfm.com.br/,2026-10-08,veículo de Coronel Freitas (município vizinho)
4211454,Nova Itaberaba,SC,radio,Rádio Chapecó,facebook,https://www.facebook.com/radiochapeco,https://chapeco.fm/,2026-10-08,veículo da cidade-polo Chapecó
4211454,Nova Itaberaba,SC,radio,Rádio Chapecó,instagram,https://www.instagram.com/radiochapeco,https://chapeco.fm/,2026-10-08,veículo da cidade-polo Chapecó
4211454,Nova Itaberaba,SC,radio,Rádio Chapecó,site,https://chapeco.fm,https://chapeco.fm/,2026-10-08,veículo da cidade-polo Chapecó
4211454,Nova Itaberaba,SC,radio,Rádio Chapecó,youtube,https://www.youtube.com/channel/UCfRfNdpB25NbileozhlUuGg,https://chapeco.fm/,2026-10-08,veículo da cidade-polo Chapecó
4211876,Paial,SC,camara,Câmara Municipal de Paial,site,https://www.camarapaial.sc.gov.br,varredura de domínio,2026-10-08,
4211876,Paial,SC,portal,ClicRDC,facebook,https://www.facebook.com/clicrdc,https://clicrdc.com.br,2026-10-08,veículo da cidade-polo Chapecó
4211876,Paial,SC,portal,ClicRDC,instagram,https://www.instagram.com/clicrdc,https://clicrdc.com.br,2026-10-08,veículo da cidade-polo Chapecó
4211876,Paial,SC,portal,ClicRDC,site,https://clicrdc.com.br,https://clicrdc.com.br,2026-10-08,veículo da cidade-polo Chapecó
4211876,Paial,SC,portal,ClicRDC,youtube,https://www.youtube.com/channel/UCXiE9O1t9M-mGzhVnNV4xWQ,https://clicrdc.com.br,2026-10-08,veículo da cidade-polo Chapecó
4211876,Paial,SC,prefeitura,Prefeitura de Paial,instagram,https://instagram.com/prefeituradepaial,https://paial.atende.net,2026-10-08,
4211876,Paial,SC,prefeitura,Prefeitura de Paial,site,https://paial.atende.net,varredura de domínio,2026-10-08,
4211876,Paial,SC,radio,Rádio Belos Montes AM 1450 (Seara),facebook,https://www.facebook.com/radiobelosmontes,https://streema.com/radios/Radio_Belos_Montes,2026-10-08,veículo de Seara (município vizinho)
4211876,Paial,SC,radio,Rádio Belos Montes AM 1450 (Seara),site,https://www.radiobelosmontes.com.br,https://streema.com/radios/Radio_Belos_Montes,2026-10-08,veículo de Seara (município vizinho); site não abriu na verificação
4211876,Paial,SC,radio,Rádio Chapecó,facebook,https://www.facebook.com/radiochapeco,https://chapeco.fm/,2026-10-08,veículo da cidade-polo Chapecó
4211876,Paial,SC,radio,Rádio Chapecó,instagram,https://www.instagram.com/radiochapeco,https://chapeco.fm/,2026-10-08,veículo da cidade-polo Chapecó
4211876,Paial,SC,radio,Rádio Chapecó,site,https://chapeco.fm,https://chapeco.fm/,2026-10-08,veículo da cidade-polo Chapecó
4211876,Paial,SC,radio,Rádio Chapecó,youtube,https://www.youtube.com/channel/UCfRfNdpB25NbileozhlUuGg,https://chapeco.fm/,2026-10-08,veículo da cidade-polo Chapecó
4212007,Palma Sola,SC,camara,Câmara de Vereadores de Palma Sola,instagram,https://instagram.com/camaravereadoresps,https://web.archive.org/web/20260610070312/https://www.camarapalmasola.sc.gov.br/,2026-10-08,
4212007,Palma Sola,SC,camara,Câmara de Vereadores de Palma Sola,site,https://www.camarapalmasola.sc.gov.br,https://web.archive.org/web/20260610070312/https://www.camarapalmasola.sc.gov.br/,2026-10-08,site também citado na Wikipédia
4212007,Palma Sola,SC,camara,Câmara de Vereadores de Palma Sola,youtube,https://youtube.com/@camarapalmasola,https://web.archive.org/web/20260610070312/https://www.camarapalmasola.sc.gov.br/,2026-10-08,
4212007,Palma Sola,SC,jornal,Jornal da Fronteira (Dionísio Cerqueira),site,https://jornaldafronteira.com.br,https://web.archive.org/web/20260918020034/https://jornaldafronteira.com.br/,2026-10-08,veículo de Dionísio Cerqueira (vizinho); perfis não achados no HTML
4212007,Palma Sola,SC,portal,Portal Peperi / Rádio Peperi (São Miguel do Oeste),facebook,https://facebook.com/portalpeperi,https://peperi.com.br/,2026-10-08,veículo da cidade-polo São Miguel do Oeste (SC)
4212007,Palma Sola,SC,portal,Portal Peperi / Rádio Peperi (São Miguel do Oeste),instagram,https://instagram.com/portalpeperi,https://peperi.com.br/,2026-10-08,veículo da cidade-polo São Miguel do Oeste (SC)
4212007,Palma Sola,SC,portal,Portal Peperi / Rádio Peperi (São Miguel do Oeste),site,https://peperi.com.br,https://peperi.com.br/,2026-10-08,veículo da cidade-polo São Miguel do Oeste (SC)
4212007,Palma Sola,SC,portal,Portal Peperi / Rádio Peperi (São Miguel do Oeste),youtube,https://youtube.com/user/PortalPeperi,https://peperi.com.br/,2026-10-08,veículo da cidade-polo São Miguel do Oeste (SC)
4212007,Palma Sola,SC,prefeitura,Prefeitura de Palma Sola,facebook,https://facebook.com/prefpalmasola,https://palmasola.sc.gov.br,2026-10-08,
4212007,Palma Sola,SC,prefeitura,Prefeitura de Palma Sola,instagram,https://instagram.com/prefeiturapalmasola,https://palmasola.sc.gov.br,2026-10-08,
4212007,Palma Sola,SC,prefeitura,Prefeitura de Palma Sola,site,https://palmasola.sc.gov.br,varredura de domínio,2026-10-08,
4212007,Palma Sola,SC,radio,"Rádio Fronteira FM 94,3 (Dionísio Cerqueira)",,https://streema.com/radios/Radio_Fronteira_FM,https://streema.com/radios/Radio_Fronteira_FM,2026-10-08,rádio listada só em agregador (Streema); sem site ou perfil próprio achado; emissora do município vizinho Dionísio Cerqueira
4213153,Planalto Alegre,SC,camara,Câmara Municipal de Planalto Alegre,site,https://www.camaraplanaltoalegre.sc.gov.br,varredura de domínio,2026-10-08,
4213153,Planalto Alegre,SC,portal,ClicRDC (Chapecó),facebook,https://facebook.com/clicrdc,https://clicrdc.com.br/,2026-10-08,veículo da cidade-polo Chapecó (SC)
4213153,Planalto Alegre,SC,portal,ClicRDC (Chapecó),instagram,https://instagram.com/clicrdc,https://clicrdc.com.br/,2026-10-08,veículo da cidade-polo Chapecó (SC)
4213153,Planalto Alegre,SC,portal,ClicRDC (Chapecó),site,https://clicrdc.com.br,https://clicrdc.com.br/,2026-10-08,veículo da cidade-polo Chapecó (SC)
4213153,Planalto Alegre,SC,portal,ClicRDC (Chapecó),youtube,https://youtube.com/channel/UCXiE9O1t9M-mGzhVnNV4xWQ,https://clicrdc.com.br/,2026-10-08,veículo da cidade-polo Chapecó (SC)
4213153,Planalto Alegre,SC,portal,Oeste Mais,facebook,https://facebook.com/portaloestemais,https://www.oestemais.com/,2026-10-08,veículo regional do Oeste catarinense
4213153,Planalto Alegre,SC,portal,Oeste Mais,instagram,https://instagram.com/oestemais,https://www.oestemais.com/,2026-10-08,veículo regional do Oeste catarinense
4213153,Planalto Alegre,SC,portal,Oeste Mais,site,https://www.oestemais.com,https://www.oestemais.com/,2026-10-08,veículo regional do Oeste catarinense
4213153,Planalto Alegre,SC,portal,Oeste Mais,youtube,https://youtube.com/@oestemais,https://www.oestemais.com/,2026-10-08,veículo regional do Oeste catarinense
4213153,Planalto Alegre,SC,prefeitura,Prefeitura de Planalto Alegre,site,https://planaltoalegre.sc.gov.br,varredura de domínio,2026-10-08,
4213153,Planalto Alegre,SC,radio,"Rádio Chapecó FM 100,1",,https://streema.com/radios/Radio_Chapeco,https://streema.com/radios/Radio_Chapeco,2026-10-08,rádio listada só em agregador (Streema); sem site ou perfil próprio achado; veículo da cidade-polo Chapecó (SC)
4215752,São Bernardino,SC,camara,Câmara de Vereadores de São Bernardino,site,https://www.cvsb.sc.gov.br,https://pt.wikipedia.org/wiki/S%C3%A3o_Bernardino,2026-10-08,snapshot archive.org 2025-03 confirma; sem redes no HTML
4215752,São Bernardino,SC,portal,Oeste Mais,facebook,https://facebook.com/portaloestemais,https://www.oestemais.com/,2026-10-08,"veículo regional do Oeste catarinense (cobre Campo Erê, vizinho)"
4215752,São Bernardino,SC,portal,Oeste Mais,instagram,https://instagram.com/oestemais,https://www.oestemais.com/,2026-10-08,"veículo regional do Oeste catarinense (cobre Campo Erê, vizinho)"
4215752,São Bernardino,SC,portal,Oeste Mais,site,https://www.oestemais.com,https://www.oestemais.com/,2026-10-08,"veículo regional do Oeste catarinense (cobre Campo Erê, vizinho)"
4215752,São Bernardino,SC,portal,Oeste Mais,youtube,https://youtube.com/@oestemais,https://www.oestemais.com/,2026-10-08,"veículo regional do Oeste catarinense (cobre Campo Erê, vizinho)"
4215752,São Bernardino,SC,portal,Portal Peperi / Rádio Peperi (São Miguel do Oeste),facebook,https://facebook.com/portalpeperi,https://peperi.com.br/,2026-10-08,veículo da cidade-polo São Miguel do Oeste (SC)
4215752,São Bernardino,SC,portal,Portal Peperi / Rádio Peperi (São Miguel do Oeste),instagram,https://instagram.com/portalpeperi,https://peperi.com.br/,2026-10-08,veículo da cidade-polo São Miguel do Oeste (SC)
4215752,São Bernardino,SC,portal,Portal Peperi / Rádio Peperi (São Miguel do Oeste),site,https://peperi.com.br,https://peperi.com.br/,2026-10-08,veículo da cidade-polo São Miguel do Oeste (SC)
4215752,São Bernardino,SC,portal,Portal Peperi / Rádio Peperi (São Miguel do Oeste),youtube,https://youtube.com/user/PortalPeperi,https://peperi.com.br/,2026-10-08,veículo da cidade-polo São Miguel do Oeste (SC)
4215752,São Bernardino,SC,prefeitura,Prefeitura de São Bernardino,facebook,https://facebook.com/municipiodesaobernardino,https://web.archive.org/web/20260121154730/https://saobernardino.sc.gov.br/,2026-10-08,
4215752,São Bernardino,SC,prefeitura,Prefeitura de São Bernardino,instagram,https://instagram.com/municipio_de_sao_bernardino,https://web.archive.org/web/20260121154730/https://saobernardino.sc.gov.br/,2026-10-08,
4215752,São Bernardino,SC,prefeitura,Prefeitura de São Bernardino,instagram,https://instagram.com/prefeiturasboficial,https://web.archive.org/web/20260121154730/https://saobernardino.sc.gov.br/,2026-10-08,segundo perfil linkado no site
4215752,São Bernardino,SC,prefeitura,Prefeitura de São Bernardino,site,https://saobernardino.sc.gov.br,https://web.archive.org/web/20260121154730/https://saobernardino.sc.gov.br/,2026-10-08,site citado também na Wikipédia; não acessível diretamente daqui
4215752,São Bernardino,SC,radio,Rádio Atalaia 850 AM (Campo Erê),,https://streema.com/radios/Radio_Atalaia_850_AM,https://streema.com/radios/Radio_Atalaia_850_AM,2026-10-08,rádio listada só em agregador (Streema); sem site ou perfil próprio achado; emissora do município vizinho Campo Erê
4216800,São José Do Cerrito,SC,camara,Câmara de Vereadores de São José do Cerrito,site,https://www.camaracerrito.sc.gov.br,https://pt.wikipedia.org/wiki/S%C3%A3o_Jos%C3%A9_do_Cerrito,2026-10-08,snapshot archive.org 2025-03 confirma; sem redes no HTML
4216800,São José Do Cerrito,SC,jornal,CLMais / Correio Lageano,site,https://clmais.com.br,https://clmais.com.br,2026-10-08,veículo da cidade-polo Lages (SC); perfis não achados no HTML
4216800,São José Do Cerrito,SC,prefeitura,Prefeitura de São José do Cerrito,facebook,https://facebook.com/MunicipiodeSaoJosedoCerrito,https://web.archive.org/web/20260121121542/https://cerrito.sc.gov.br/,2026-10-08,
4216800,São José Do Cerrito,SC,prefeitura,Prefeitura de São José do Cerrito,instagram,https://instagram.com/prefeitura.sjc,https://web.archive.org/web/20260121121542/https://cerrito.sc.gov.br/,2026-10-08,
4216800,São José Do Cerrito,SC,prefeitura,Prefeitura de São José do Cerrito,site,https://cerrito.sc.gov.br,https://web.archive.org/web/20260121121542/https://cerrito.sc.gov.br/,2026-10-08,domínio é cerrito.sc.gov.br
4216800,São José Do Cerrito,SC,prefeitura,Prefeitura de São José do Cerrito,youtube,https://youtube.com/@prefeituradesaojosedocerrito,https://web.archive.org/web/20260121121542/https://cerrito.sc.gov.br/,2026-10-08,
4216800,São José Do Cerrito,SC,radio,"Rádio Coração da Serra 104,9 FM",instagram,https://instagram.com/coracaodaserra,https://www.radiocoracaodaserra.com.br,2026-10-08,
4216800,São José Do Cerrito,SC,radio,"Rádio Coração da Serra 104,9 FM",site,https://www.radiocoracaodaserra.com.br,https://www.radiocoracaodaserra.com.br,2026-10-08,sediada em São José do Cerrito (Streema)
4217154,São Miguel Da Boa Vista,SC,camara,Câmara Municipal de São Miguel Da Boa Vista,site,https://www.saomigueldaboavista.sc.leg.br,varredura de domínio,2026-10-08,
4217154,São Miguel Da Boa Vista,SC,portal,Portal Peperi / Rádio Peperi (São Miguel do Oeste),facebook,https://facebook.com/portalpeperi,https://peperi.com.br/,2026-10-08,veículo da cidade-polo São Miguel do Oeste (SC)
4217154,São Miguel Da Boa Vista,SC,portal,Portal Peperi / Rádio Peperi (São Miguel do Oeste),instagram,https://instagram.com/portalpeperi,https://peperi.com.br/,2026-10-08,veículo da cidade-polo São Miguel do Oeste (SC)
4217154,São Miguel Da Boa Vista,SC,portal,Portal Peperi / Rádio Peperi (São Miguel do Oeste),site,https://peperi.com.br,https://peperi.com.br/,2026-10-08,veículo da cidade-polo São Miguel do Oeste (SC)
4217154,São Miguel Da Boa Vista,SC,portal,Portal Peperi / Rádio Peperi (São Miguel do Oeste),youtube,https://youtube.com/user/PortalPeperi,https://peperi.com.br/,2026-10-08,veículo da cidade-polo São Miguel do Oeste (SC)
4217154,São Miguel Da Boa Vista,SC,portal,"WH3 / WH Comunicações (Jornal O Líder, Líder FM)",instagram,https://instagram.com/whcomunicacoes,https://wh3.com.br/,2026-10-08,veículo de Maravilha/São Miguel do Oeste (SC)
4217154,São Miguel Da Boa Vista,SC,portal,"WH3 / WH Comunicações (Jornal O Líder, Líder FM)",site,https://wh3.com.br,https://wh3.com.br/,2026-10-08,veículo de Maravilha/São Miguel do Oeste (SC)
4217154,São Miguel Da Boa Vista,SC,portal,"WH3 / WH Comunicações (Jornal O Líder, Líder FM)",youtube,https://youtube.com/channel/UClsse40nD4D_xyQkKmJbexg,https://wh3.com.br/,2026-10-08,veículo de Maravilha/São Miguel do Oeste (SC)
4217154,São Miguel Da Boa Vista,SC,prefeitura,Prefeitura de São Miguel da Boa Vista,site,https://saomigueldaboavista.sc.gov.br,https://pt.wikipedia.org/wiki/S%C3%A3o_Miguel_da_Boa_Vista,2026-10-08,site não acessível daqui nem no archive.org; perfis não achados
4217154,São Miguel Da Boa Vista,SC,radio,"Rádio Difusora Maravilha FM 90,3",,https://streema.com/radios/Radio_Difusora_Maravilha,https://streema.com/radios/Radio_Difusora_Maravilha,2026-10-08,rádio listada só em agregador (Streema); sem site ou perfil próprio achado; veículo da cidade-polo Maravilha (SC)
4200507,Águas De Chapecó,SC,camara,Câmara Municipal de Águas De Chapecó,site,https://www.camaraaguasdechapeco.sc.gov.br,varredura de domínio,2026-10-08,
4200507,Águas De Chapecó,SC,portal,ClicRDC (Chapecó),facebook,https://facebook.com/clicrdc,https://clicrdc.com.br/,2026-10-08,veículo da cidade-polo Chapecó (SC)
4200507,Águas De Chapecó,SC,portal,ClicRDC (Chapecó),instagram,https://instagram.com/clicrdc,https://clicrdc.com.br/,2026-10-08,veículo da cidade-polo Chapecó (SC)
4200507,Águas De Chapecó,SC,portal,ClicRDC (Chapecó),site,https://clicrdc.com.br,https://clicrdc.com.br/,2026-10-08,veículo da cidade-polo Chapecó (SC)
4200507,Águas De Chapecó,SC,portal,ClicRDC (Chapecó),youtube,https://youtube.com/channel/UCXiE9O1t9M-mGzhVnNV4xWQ,https://clicrdc.com.br/,2026-10-08,veículo da cidade-polo Chapecó (SC)
4200507,Águas De Chapecó,SC,portal,Oeste Mais,facebook,https://facebook.com/portaloestemais,https://www.oestemais.com/,2026-10-08,veículo regional do Oeste catarinense
4200507,Águas De Chapecó,SC,portal,Oeste Mais,instagram,https://instagram.com/oestemais,https://www.oestemais.com/,2026-10-08,veículo regional do Oeste catarinense
4200507,Águas De Chapecó,SC,portal,Oeste Mais,site,https://www.oestemais.com,https://www.oestemais.com/,2026-10-08,veículo regional do Oeste catarinense
4200507,Águas De Chapecó,SC,portal,Oeste Mais,youtube,https://youtube.com/@oestemais,https://www.oestemais.com/,2026-10-08,veículo regional do Oeste catarinense
4200507,Águas De Chapecó,SC,prefeitura,Prefeitura de Águas de Chapecó,site,https://www.aguasdechapeco.sc.gov.br,https://pt.wikipedia.org/wiki/%C3%81guas_de_Chapec%C3%B3,2026-10-08,site não acessível daqui; perfis não achados
3513801,Diadema,SP,camara,Câmara Municipal de Diadema,facebook,https://facebook.com/camaradediadema,https://www.cmdiadema.sp.gov.br,2026-10-08,
3513801,Diadema,SP,camara,Câmara Municipal de Diadema,instagram,https://instagram.com/camaradediadema,https://www.cmdiadema.sp.gov.br,2026-10-08,
3513801,Diadema,SP,camara,Câmara Municipal de Diadema,site,https://www.cmdiadema.sp.gov.br,varredura de domínio,2026-10-08,
3513801,Diadema,SP,jornal,Diário do Grande ABC,facebook,https://facebook.com/jornaldgabc,https://www.dgabc.com.br,2026-10-08,jornal regional do Grande ABC
3513801,Diadema,SP,jornal,Diário do Grande ABC,instagram,https://instagram.com/diariodograndeabc,https://www.dgabc.com.br,2026-10-08,jornal regional do Grande ABC
3513801,Diadema,SP,jornal,Diário do Grande ABC,site,https://www.dgabc.com.br,https://www.dgabc.com.br,2026-10-08,jornal regional do Grande ABC
3513801,Diadema,SP,jornal,Diário do Grande ABC,telegram_canal,https://t.me/diariodograndeabc,https://www.dgabc.com.br,2026-10-08,jornal regional do Grande ABC
3513801,Diadema,SP,jornal,Diário do Grande ABC,tiktok,https://tiktok.com/@diariodograndeabc,https://www.dgabc.com.br,2026-10-08,jornal regional do Grande ABC
3513801,Diadema,SP,jornal,Diário do Grande ABC,youtube,https://youtube.com/user/dgabctv,https://www.dgabc.com.br,2026-10-08,jornal regional do Grande ABC
3513801,Diadema,SP,portal,ABC do ABC,facebook,https://facebook.com/abcdoabc,https://abcdoabc.com.br,2026-10-08,portal regional do Grande ABC
3513801,Diadema,SP,portal,ABC do ABC,instagram,https://instagram.com/abcdoabc_oficial,https://abcdoabc.com.br,2026-10-08,portal regional do Grande ABC
3513801,Diadema,SP,portal,ABC do ABC,site,https://abcdoabc.com.br,https://abcdoabc.com.br,2026-10-08,portal regional do Grande ABC
3513801,Diadema,SP,prefeitura,Prefeitura de Diadema,facebook,https://facebook.com/prefdiadema,https://web.archive.org/web/20240227224836/https://portal.diadema.sp.gov.br/,2026-10-08,
3513801,Diadema,SP,prefeitura,Prefeitura de Diadema,instagram,https://instagram.com/prefdiadema,https://web.archive.org/web/20240227224836/https://portal.diadema.sp.gov.br/,2026-10-08,
3513801,Diadema,SP,prefeitura,Prefeitura de Diadema,site,https://portal.diadema.sp.gov.br,https://web.archive.org/web/20240227224836/https://portal.diadema.sp.gov.br/,2026-10-08,snapshot mais recente no archive.org é de 2024-02; site bloqueia acesso daqui
3513801,Diadema,SP,prefeitura,Prefeitura de Diadema,telegram_canal,https://t.me/prefdiadema,https://web.archive.org/web/20240227224836/https://portal.diadema.sp.gov.br/,2026-10-08,link visto em snapshot de 2024
3513801,Diadema,SP,prefeitura,Prefeitura de Diadema,tiktok,https://tiktok.com/@prefdiadema,https://web.archive.org/web/20240227224836/https://portal.diadema.sp.gov.br/,2026-10-08,
3513801,Diadema,SP,radio,Rádio Livre FM (Diadema),,https://streema.com/radios/Radio_Livre_FM_Diadema,https://streema.com/radios/Radio_Livre_FM_Diadema,2026-10-08,rádio listada só em agregador (Streema); sem site ou perfil próprio achado
3516309,Francisco Morato,SP,camara,Câmara Municipal de Francisco Morato,site,https://camarafranciscomorato.sp.gov.br/public,https://web.archive.org/web/20260307143941/https://camarafranciscomorato.sp.gov.br/public/,2026-10-08,
3516309,Francisco Morato,SP,camara,Câmara Municipal de Francisco Morato,youtube,https://youtube.com/channel/UCL4KCEMpsQBu-Mc7DURJL_A,https://web.archive.org/web/20260307143941/https://camarafranciscomorato.sp.gov.br/public/,2026-10-08,
3516309,Francisco Morato,SP,jornal,Jornal O Juqueri,site,https://ojuqueri.com.br,https://pt.wikipedia.org/wiki/Francisco_Morato,2026-10-08,citado na Wikipédia; domínio não resolve mais (DNS) em 10/2026
3516309,Francisco Morato,SP,jornal,Tribuna de Jundiaí,facebook,https://facebook.com/tribunadejundiai,https://tribunadejundiai.com.br,2026-10-08,"veículo da cidade-polo Jundiaí, com seção de Francisco Morato"
3516309,Francisco Morato,SP,jornal,Tribuna de Jundiaí,instagram,https://instagram.com/tribunadejundiai,https://tribunadejundiai.com.br,2026-10-08,"veículo da cidade-polo Jundiaí, com seção de Francisco Morato"
3516309,Francisco Morato,SP,jornal,Tribuna de Jundiaí,site,https://tribunadejundiai.com.br/cidades/francisco-morato,https://tribunadejundiai.com.br,2026-10-08,"veículo da cidade-polo Jundiaí, com seção de Francisco Morato"
3516309,Francisco Morato,SP,jornal,Tribuna de Jundiaí,tiktok,https://tiktok.com/@tribunadejundiai,https://tribunadejundiai.com.br,2026-10-08,"veículo da cidade-polo Jundiaí, com seção de Francisco Morato"
3516309,Francisco Morato,SP,jornal,Tribuna de Jundiaí,youtube,https://youtube.com/channel/UC49-iD2vICv82xWcBNjcPpQ,https://tribunadejundiai.com.br,2026-10-08,"veículo da cidade-polo Jundiaí, com seção de Francisco Morato"
3516309,Francisco Morato,SP,prefeitura,Prefeitura de Francisco Morato,site,https://www.franciscomorato.sp.gov.br,https://web.archive.org/web/20260429100647/http://www.franciscomorato.sp.gov.br/,2026-10-08,página inicial com captcha; perfis não achados
3517703,Guará,SP,camara,Câmara Municipal de Guará,facebook,https://facebook.com/camaraguaraoficial,https://www.camaraguara.sp.gov.br/index,2026-10-08,
3517703,Guará,SP,camara,Câmara Municipal de Guará,instagram,https://instagram.com/camaramunicipaldeguara,https://www.camaraguara.sp.gov.br/index,2026-10-08,
3517703,Guará,SP,camara,Câmara Municipal de Guará,site,https://www.camaraguara.sp.gov.br/index,varredura de domínio,2026-10-08,
3517703,Guará,SP,camara,Câmara Municipal de Guará,youtube,https://youtube.com/@camaramunicipaldeguara7129,https://www.camaraguara.sp.gov.br/index,2026-10-08,
3517703,Guará,SP,jornal,Tribuna de Ituverava,facebook,https://facebook.com/tribunadeituverava,https://www.tribunadeituverava.com.br/,2026-10-08,veículo da cidade vizinha Ituverava (cita Guará)
3517703,Guará,SP,jornal,Tribuna de Ituverava,instagram,https://instagram.com/jornaltribunadeituverava,https://www.tribunadeituverava.com.br/,2026-10-08,veículo da cidade vizinha Ituverava (cita Guará)
3517703,Guará,SP,jornal,Tribuna de Ituverava,site,https://www.tribunadeituverava.com.br,https://www.tribunadeituverava.com.br/,2026-10-08,veículo da cidade vizinha Ituverava (cita Guará)
3517703,Guará,SP,portal,GCN / Sampi Franca,facebook,https://facebook.com/gcnfranca,https://www.sampi.net.br/franca,2026-10-08,veículo da cidade-polo Franca
3517703,Guará,SP,portal,GCN / Sampi Franca,instagram,https://instagram.com/gcnnet,https://www.sampi.net.br/franca,2026-10-08,veículo da cidade-polo Franca
3517703,Guará,SP,portal,GCN / Sampi Franca,site,https://www.sampi.net.br/franca,https://www.sampi.net.br/franca,2026-10-08,veículo da cidade-polo Franca
3517703,Guará,SP,prefeitura,Prefeitura de Guará,site,https://www.guara.sp.gov.br,varredura de domínio,2026-10-08,
3517703,Guará,SP,radio,"Rádio Cultura FM 96,1 (Ituverava)",site,https://www.radioculturaituverava.com.br,https://www.radioculturaituverava.com.br,2026-10-08,rádio da cidade vizinha Ituverava
3520103,Igarapava,SP,camara,Câmara Municipal de Igarapava,site,https://www.igarapava.sp.leg.br,varredura de domínio,2026-10-08,
3520103,Igarapava,SP,jornal,Tribuna de Ituverava,facebook,https://facebook.com/tribunadeituverava,https://www.tribunadeituverava.com.br/,2026-10-08,veículo da cidade vizinha Ituverava
3520103,Igarapava,SP,jornal,Tribuna de Ituverava,instagram,https://instagram.com/jornaltribunadeituverava,https://www.tribunadeituverava.com.br/,2026-10-08,veículo da cidade vizinha Ituverava
3520103,Igarapava,SP,jornal,Tribuna de Ituverava,site,https://www.tribunadeituverava.com.br,https://www.tribunadeituverava.com.br/,2026-10-08,veículo da cidade vizinha Ituverava
3520103,Igarapava,SP,portal,GCN / Sampi Franca,facebook,https://facebook.com/gcnfranca,https://www.sampi.net.br/franca,2026-10-08,veículo da cidade-polo Franca
3520103,Igarapava,SP,portal,GCN / Sampi Franca,instagram,https://instagram.com/gcnnet,https://www.sampi.net.br/franca,2026-10-08,veículo da cidade-polo Franca
3520103,Igarapava,SP,portal,GCN / Sampi Franca,site,https://www.sampi.net.br/franca,https://www.sampi.net.br/franca,2026-10-08,veículo da cidade-polo Franca
3520103,Igarapava,SP,prefeitura,Prefeitura de Igarapava,site,https://igarapava.sp.gov.br/site,https://web.archive.org/web/20260807234836/https://igarapava.sp.gov.br/site/,2026-10-08,perfis não achados no HTML
3520103,Igarapava,SP,radio,"Rádio Aliança FM 90,9 (Igarapava)",,https://streema.com/radios/Radio_Alianca_FM_3,https://streema.com/radios/Radio_Alianca_FM_3,2026-10-08,rádio listada só em agregador (Streema); sem site ou perfil próprio achado
3521309,Ipuã,SP,camara,Câmara Municipal de Ipuã,site,https://www.camaraipua.sp.gov.br,varredura de domínio,2026-10-08,
3521309,Ipuã,SP,jornal,Tribuna de Ituverava,facebook,https://facebook.com/tribunadeituverava,https://www.tribunadeituverava.com.br/,2026-10-08,veículo da cidade vizinha Ituverava
3521309,Ipuã,SP,jornal,Tribuna de Ituverava,instagram,https://instagram.com/jornaltribunadeituverava,https://www.tribunadeituverava.com.br/,2026-10-08,veículo da cidade vizinha Ituverava
3521309,Ipuã,SP,jornal,Tribuna de Ituverava,site,https://www.tribunadeituverava.com.br,https://www.tribunadeituverava.com.br/,2026-10-08,veículo da cidade vizinha Ituverava
3521309,Ipuã,SP,portal,GCN / Sampi Franca,facebook,https://facebook.com/gcnfranca,https://www.sampi.net.br/franca,2026-10-08,veículo da cidade-polo Franca
3521309,Ipuã,SP,portal,GCN / Sampi Franca,instagram,https://instagram.com/gcnnet,https://www.sampi.net.br/franca,2026-10-08,veículo da cidade-polo Franca
3521309,Ipuã,SP,portal,GCN / Sampi Franca,site,https://www.sampi.net.br/franca,https://www.sampi.net.br/franca,2026-10-08,veículo da cidade-polo Franca
3521309,Ipuã,SP,prefeitura,Prefeitura de Ipuã,facebook,https://facebook.com/prefeituradeipua,https://www.ipua.sp.gov.br,2026-10-08,
3521309,Ipuã,SP,prefeitura,Prefeitura de Ipuã,instagram,https://instagram.com/prefeituradeipua,https://www.ipua.sp.gov.br,2026-10-08,
3521309,Ipuã,SP,prefeitura,Prefeitura de Ipuã,site,https://www.ipua.sp.gov.br,varredura de domínio,2026-10-08,
3521804,Itaí,SP,camara,Câmara Municipal de Itaí,site,https://itai.sp.leg.br,https://web.archive.org/web/20251118171909/https://itai.sp.leg.br/,2026-10-08,camaraitai.sp.gov.br redireciona para itai.sp.leg.br; perfis não achados
3521804,Itaí,SP,portal,Avaré Notícias,facebook,https://facebook.com/avarenoticias1,https://avarenoticias.com.br/,2026-10-08,veículo da cidade-polo Avaré
3521804,Itaí,SP,portal,Avaré Notícias,instagram,https://instagram.com/avarenoticias,https://avarenoticias.com.br/,2026-10-08,veículo da cidade-polo Avaré
3521804,Itaí,SP,portal,Avaré Notícias,site,https://avarenoticias.com.br,https://avarenoticias.com.br/,2026-10-08,veículo da cidade-polo Avaré
3521804,Itaí,SP,portal,Avaré Notícias,youtube,https://youtube.com/channel/UCTOEVbLoK1XTyiiRPEaW6dA,https://avarenoticias.com.br/,2026-10-08,veículo da cidade-polo Avaré
3521804,Itaí,SP,prefeitura,Prefeitura de Itaí,facebook,https://facebook.com/prefeituradeitai,https://www.itai.sp.gov.br,2026-10-08,
3521804,Itaí,SP,prefeitura,Prefeitura de Itaí,instagram,https://instagram.com/prefeituradeitai,https://www.itai.sp.gov.br,2026-10-08,
3521804,Itaí,SP,prefeitura,Prefeitura de Itaí,site,https://www.itai.sp.gov.br,varredura de domínio,2026-10-08,
3521804,Itaí,SP,prefeitura,Prefeitura de Itaí,youtube,https://youtube.com/@prefeituradeitai9634,https://www.itai.sp.gov.br,2026-10-08,
3521804,Itaí,SP,radio,"Rádio Avaré FM 107,1",,https://streema.com/radios/Radio_Avare,https://streema.com/radios/Radio_Avare,2026-10-08,rádio listada só em agregador (Streema); sem site ou perfil próprio achado; veículo da cidade-polo Avaré
3526605,Lavrinhas,SP,camara,Câmara Municipal de Lavrinhas,site,https://www.lavrinhas.sp.leg.br,varredura de domínio,2026-10-08,
3526605,Lavrinhas,SP,camara,Câmara Municipal de Lavrinhas,youtube,https://youtube.com/@camaramunicipaldelavrinhas7515,https://www.lavrinhas.sp.leg.br,2026-10-08,
3526605,Lavrinhas,SP,jornal,Jornal Atos,facebook,https://facebook.com/atosjornal,https://jornalatos.net,2026-10-08,"jornal regional do Vale Histórico/Paraíba, com seção Lavrinhas"
3526605,Lavrinhas,SP,jornal,Jornal Atos,instagram,https://instagram.com/jornalatos,https://jornalatos.net,2026-10-08,"jornal regional do Vale Histórico/Paraíba, com seção Lavrinhas"
3526605,Lavrinhas,SP,jornal,Jornal Atos,site,https://jornalatos.net,https://jornalatos.net,2026-10-08,"jornal regional do Vale Histórico/Paraíba, com seção Lavrinhas"
3526605,Lavrinhas,SP,jornal,Jornal Atos,youtube,https://youtube.com/channel/UCFsJzukm7vm2V3MEAQDHTSg,https://jornalatos.net,2026-10-08,"jornal regional do Vale Histórico/Paraíba, com seção Lavrinhas"
3526605,Lavrinhas,SP,prefeitura,Prefeitura de Lavrinhas,facebook,https://facebook.com/prefeituralavrinhas,https://lavrinhas.sp.gov.br,2026-10-08,
3526605,Lavrinhas,SP,prefeitura,Prefeitura de Lavrinhas,instagram,https://instagram.com/prefeituradelavrinhas,https://lavrinhas.sp.gov.br,2026-10-08,
3526605,Lavrinhas,SP,prefeitura,Prefeitura de Lavrinhas,site,https://lavrinhas.sp.gov.br,varredura de domínio,2026-10-08,
3526605,Lavrinhas,SP,prefeitura,Prefeitura de Lavrinhas,youtube,https://youtube.com/@prefeituradelavrinhas8488,https://lavrinhas.sp.gov.br,2026-10-08,
3526605,Lavrinhas,SP,prefeitura,Prefeitura de Lavrinhas,youtube,https://youtube.com/channel/UCrR0tsf25upM5Bx85I-XP-w,https://lavrinhas.sp.gov.br,2026-10-08,
3526605,Lavrinhas,SP,radio,"Rádio Mantiqueira FM 100,7 (Cruzeiro)",,https://streema.com/radios/Radio_Mantiqueira,https://streema.com/radios/Radio_Mantiqueira,2026-10-08,rádio listada só em agregador (Streema); sem site ou perfil próprio achado; veículo da cidade vizinha Cruzeiro
3529708,Miguelópolis,SP,camara,Câmara Municipal de Miguelópolis,site,https://www.miguelopolis.sp.leg.br,varredura de domínio,2026-10-08,
3529708,Miguelópolis,SP,camara,Câmara Municipal de Miguelópolis,youtube,https://youtube.com/@camaramiguelopolis,https://www.miguelopolis.sp.leg.br,2026-10-08,
3529708,Miguelópolis,SP,jornal,Tribuna de Ituverava,facebook,https://facebook.com/tribunadeituverava,https://www.tribunadeituverava.com.br/,2026-10-08,veículo da cidade-polo Ituverava
3529708,Miguelópolis,SP,jornal,Tribuna de Ituverava,instagram,https://instagram.com/jornaltribunadeituverava,https://www.tribunadeituverava.com.br/,2026-10-08,veículo da cidade-polo Ituverava
3529708,Miguelópolis,SP,jornal,Tribuna de Ituverava,site,https://www.tribunadeituverava.com.br,https://www.tribunadeituverava.com.br/,2026-10-08,veículo da cidade-polo Ituverava
3529708,Miguelópolis,SP,prefeitura,Prefeitura de Miguelópolis,site,https://www.miguelopolis.sp.gov.br,https://web.archive.org/web/20251001122315/https://www.miguelopolis.sp.gov.br/index,2026-10-08,perfis não achados no HTML
3529708,Miguelópolis,SP,radio,"Rádio Cultura FM 96,1 (Ituverava)",site,https://www.radioculturaituverava.com.br,https://www.radioculturaituverava.com.br,2026-10-08,rádio da cidade-polo Ituverava
3532207,Narandiba,SP,camara,Câmara Municipal de Narandiba,facebook,https://facebook.com/camaramunicipal.denarandiba,https://www.camaranarandiba.sp.gov.br,2026-10-08,
3532207,Narandiba,SP,camara,Câmara Municipal de Narandiba,site,https://www.camaranarandiba.sp.gov.br,varredura de domínio,2026-10-08,
3532207,Narandiba,SP,jornal,O Imparcial (Presidente Prudente),facebook,https://facebook.com/OImparcial,https://www.imparcial.com.br,2026-10-08,veículo da cidade-polo Presidente Prudente
3532207,Narandiba,SP,jornal,O Imparcial (Presidente Prudente),instagram,https://instagram.com/oimparcialsp,https://www.imparcial.com.br,2026-10-08,veículo da cidade-polo Presidente Prudente
3532207,Narandiba,SP,jornal,O Imparcial (Presidente Prudente),site,https://www.imparcial.com.br,https://www.imparcial.com.br,2026-10-08,veículo da cidade-polo Presidente Prudente
3532207,Narandiba,SP,jornal,O Imparcial (Presidente Prudente),youtube,https://youtube.com/channel/UCZ1uRH3tywNYITKFbQTO2Gg,https://www.imparcial.com.br,2026-10-08,veículo da cidade-polo Presidente Prudente
3532207,Narandiba,SP,portal,Portal Prudentino,facebook,https://facebook.com/portalprudentinopp,https://portalprudentino.com.br/,2026-10-08,veículo da cidade-polo Presidente Prudente
3532207,Narandiba,SP,portal,Portal Prudentino,instagram,https://instagram.com/portalprudentino,https://portalprudentino.com.br/,2026-10-08,veículo da cidade-polo Presidente Prudente
3532207,Narandiba,SP,portal,Portal Prudentino,site,https://portalprudentino.com.br,https://portalprudentino.com.br/,2026-10-08,veículo da cidade-polo Presidente Prudente
3532207,Narandiba,SP,portal,iFronteira / TV Fronteira,instagram,https://instagram.com/ifronteiraoficial,https://www.ifronteira.com,2026-10-08,veículo da cidade-polo Presidente Prudente
3532207,Narandiba,SP,portal,iFronteira / TV Fronteira,site,https://www.ifronteira.com,https://www.ifronteira.com,2026-10-08,veículo da cidade-polo Presidente Prudente
3532207,Narandiba,SP,portal,iFronteira / TV Fronteira,youtube,https://youtube.com/@tvfronteiraoficial,https://www.ifronteira.com,2026-10-08,veículo da cidade-polo Presidente Prudente
3532207,Narandiba,SP,prefeitura,Prefeitura de Narandiba,facebook,https://facebook.com/GovernodeNarandiba,https://narandiba.sp.gov.br,2026-10-08,
3532207,Narandiba,SP,prefeitura,Prefeitura de Narandiba,instagram,https://instagram.com/narandibasp,https://narandiba.sp.gov.br,2026-10-08,
3532207,Narandiba,SP,prefeitura,Prefeitura de Narandiba,site,https://narandiba.sp.gov.br,varredura de domínio,2026-10-08,
3537008,Pedregulho,SP,camara,Câmara Municipal de Pedregulho,site,https://camarapedregulho.sp.gov.br,https://web.archive.org/web/20250327234110/http://camarapedregulho.sp.gov.br/,2026-10-08,perfis não achados no HTML
3537008,Pedregulho,SP,portal,GCN / Sampi Franca,facebook,https://facebook.com/gcnfranca,https://www.sampi.net.br/franca,2026-10-08,veículo da cidade-polo Franca
3537008,Pedregulho,SP,portal,GCN / Sampi Franca,instagram,https://instagram.com/gcnnet,https://www.sampi.net.br/franca,2026-10-08,veículo da cidade-polo Franca
3537008,Pedregulho,SP,portal,GCN / Sampi Franca,site,https://www.sampi.net.br/franca,https://www.sampi.net.br/franca,2026-10-08,veículo da cidade-polo Franca
3537008,Pedregulho,SP,prefeitura,Prefeitura de Pedregulho,site,https://www.pedregulho.sp.gov.br,varredura de domínio,2026-10-08,
3543006,Ribeirão Branco,SP,prefeitura,Prefeitura de Ribeirão Branco,facebook,https://facebook.com/spribeiraobranco,https://web.archive.org/web/20261005102003/https://www.ribeiraobranco.sp.gov.br/,2026-10-08,
3543006,Ribeirão Branco,SP,prefeitura,Prefeitura de Ribeirão Branco,instagram,https://instagram.com/prefeituraderibeiraobranco,https://web.archive.org/web/20261005102003/https://www.ribeiraobranco.sp.gov.br/,2026-10-08,
3543006,Ribeirão Branco,SP,prefeitura,Prefeitura de Ribeirão Branco,site,https://www.ribeiraobranco.sp.gov.br,https://web.archive.org/web/20261005102003/https://www.ribeiraobranco.sp.gov.br/,2026-10-08,
3543006,Ribeirão Branco,SP,radio,"Jovem Pan Itapeva FM 91,7",,https://streema.com/radios/Radio_Clube_AM_3,https://streema.com/radios/Radio_Clube_AM_3,2026-10-08,rádio listada só em agregador (Streema); sem site ou perfil próprio achado; veículo da cidade-polo Itapeva
3543006,Ribeirão Branco,SP,radio,Rádio Educadora Santana (Itapeva),,https://streema.com/radios/Radio_Educadora_Santana,https://streema.com/radios/Radio_Educadora_Santana,2026-10-08,rádio listada só em agregador (Streema); sem site ou perfil próprio achado; veículo da cidade-polo Itapeva
3552007,Silveiras,SP,camara,Câmara Municipal de Silveiras,facebook,https://facebook.com/camaradesilveiras,https://cmsilveiras.sp.gov.br,2026-10-08,
3552007,Silveiras,SP,camara,Câmara Municipal de Silveiras,site,https://cmsilveiras.sp.gov.br,varredura de domínio,2026-10-08,
3552007,Silveiras,SP,jornal,Jornal Atos,facebook,https://facebook.com/atosjornal,https://jornalatos.net,2026-10-08,"jornal regional do Vale Histórico/Paraíba, com seção Silveiras"
3552007,Silveiras,SP,jornal,Jornal Atos,instagram,https://instagram.com/jornalatos,https://jornalatos.net,2026-10-08,"jornal regional do Vale Histórico/Paraíba, com seção Silveiras"
3552007,Silveiras,SP,jornal,Jornal Atos,site,https://jornalatos.net,https://jornalatos.net,2026-10-08,"jornal regional do Vale Histórico/Paraíba, com seção Silveiras"
3552007,Silveiras,SP,jornal,Jornal Atos,youtube,https://youtube.com/channel/UCFsJzukm7vm2V3MEAQDHTSg,https://jornalatos.net,2026-10-08,"jornal regional do Vale Histórico/Paraíba, com seção Silveiras"
3552007,Silveiras,SP,prefeitura,Prefeitura de Silveiras,site,https://silveiras.sp.gov.br/site,varredura de domínio,2026-10-08,
3552007,Silveiras,SP,prefeitura,Prefeitura de Silveiras,youtube,https://youtube.com/@PrefeituraMunicipaldeSilveiras,https://silveiras.sp.gov.br/site,2026-10-08,
3552007,Silveiras,SP,radio,"Rádio Mantiqueira FM 100,7 (Cruzeiro)",,https://streema.com/radios/Radio_Mantiqueira,https://streema.com/radios/Radio_Mantiqueira,2026-10-08,rádio listada só em agregador (Streema); sem site ou perfil próprio achado; veículo da cidade-polo Cruzeiro
3552908,Taciba,SP,camara,Câmara Municipal de Taciba,site,https://www.camarataciba.sp.gov.br,https://pt.wikipedia.org/wiki/Taciba,2026-10-08,site bloqueia acesso (403); perfis não achados
3552908,Taciba,SP,jornal,O Imparcial (Presidente Prudente),facebook,https://facebook.com/OImparcial,https://www.imparcial.com.br,2026-10-08,veículo da cidade-polo Presidente Prudente (cita Taciba)
3552908,Taciba,SP,jornal,O Imparcial (Presidente Prudente),instagram,https://instagram.com/oimparcialsp,https://www.imparcial.com.br,2026-10-08,veículo da cidade-polo Presidente Prudente (cita Taciba)
3552908,Taciba,SP,jornal,O Imparcial (Presidente Prudente),site,https://www.imparcial.com.br,https://www.imparcial.com.br,2026-10-08,veículo da cidade-polo Presidente Prudente (cita Taciba)
3552908,Taciba,SP,jornal,O Imparcial (Presidente Prudente),youtube,https://youtube.com/channel/UCZ1uRH3tywNYITKFbQTO2Gg,https://www.imparcial.com.br,2026-10-08,veículo da cidade-polo Presidente Prudente (cita Taciba)
3552908,Taciba,SP,portal,Portal Prudentino,facebook,https://facebook.com/portalprudentinopp,https://portalprudentino.com.br/,2026-10-08,veículo da cidade-polo Presidente Prudente
3552908,Taciba,SP,portal,Portal Prudentino,instagram,https://instagram.com/portalprudentino,https://portalprudentino.com.br/,2026-10-08,veículo da cidade-polo Presidente Prudente
3552908,Taciba,SP,portal,Portal Prudentino,site,https://portalprudentino.com.br,https://portalprudentino.com.br/,2026-10-08,veículo da cidade-polo Presidente Prudente
3552908,Taciba,SP,prefeitura,Prefeitura de Taciba,site,https://www.taciba.sp.gov.br,https://pt.wikipedia.org/wiki/Taciba,2026-10-08,site bloqueia acesso daqui e no archive.org (403); perfis não achados
3552908,Taciba,SP,radio,"Rádio Nova Taciba FM 98,7",,https://streema.com/radios/Radio_Nova_Taciba,https://streema.com/radios/Radio_Nova_Taciba,2026-10-08,rádio listada só em agregador (Streema); sem site ou perfil próprio achado
3553609,Tapiratiba,SP,camara,Câmara Municipal de Tapiratiba,facebook,https://facebook.com/camaratapiratiba,https://camaratapiratiba.sp.gov.br/artigo/?ent=71732&p=feed,2026-10-08,
3553609,Tapiratiba,SP,camara,Câmara Municipal de Tapiratiba,site,https://camaratapiratiba.sp.gov.br/artigo/?ent=71732&p=feed,varredura de domínio,2026-10-08,
3553609,Tapiratiba,SP,jornal,Gazeta do Rio Pardo (São José do Rio Pardo),facebook,https://facebook.com/GazetaDoRioPardo,https://gazetadoriopardo.com.br/,2026-10-08,veículo da cidade-polo São José do Rio Pardo
3553609,Tapiratiba,SP,jornal,Gazeta do Rio Pardo (São José do Rio Pardo),site,https://gazetadoriopardo.com.br,https://gazetadoriopardo.com.br/,2026-10-08,veículo da cidade-polo São José do Rio Pardo
3553609,Tapiratiba,SP,jornal,Gazeta do Rio Pardo (São José do Rio Pardo),youtube,https://youtube.com/channel/UCCVAj7XzUIaPzS881UVtZ8g,https://gazetadoriopardo.com.br/,2026-10-08,veículo da cidade-polo São José do Rio Pardo
3553609,Tapiratiba,SP,prefeitura,Prefeitura de Tapiratiba,facebook,https://facebook.com/prefeituratapiratiba,https://www.tapiratiba.sp.gov.br,2026-10-08,
3553609,Tapiratiba,SP,prefeitura,Prefeitura de Tapiratiba,instagram,https://instagram.com/prefeituratapiratiba,https://www.tapiratiba.sp.gov.br,2026-10-08,
3553609,Tapiratiba,SP,prefeitura,Prefeitura de Tapiratiba,site,https://www.tapiratiba.sp.gov.br,varredura de domínio,2026-10-08,
3553609,Tapiratiba,SP,prefeitura,Prefeitura de Tapiratiba,youtube,https://youtube.com/@Prefeituradetapiratiba,https://www.tapiratiba.sp.gov.br,2026-10-08,
3553609,Tapiratiba,SP,radio,Band FM Mococa,,https://streema.com/radios/Band_Fm_Mococa,https://streema.com/radios/Band_Fm_Mococa,2026-10-08,rádio listada só em agregador (Streema); sem site ou perfil próprio achado; veículo da cidade vizinha Mococa
3553609,Tapiratiba,SP,radio,"Rádio Difusora de São José do Rio Pardo FM 107,3",,https://streema.com/radios/Radio_Difusora_de_Sao_Jose_do_Rio_Pardo,https://streema.com/radios/Radio_Difusora_de_Sao_Jose_do_Rio_Pardo,2026-10-08,rádio listada só em agregador (Streema); sem site ou perfil próprio achado; veículo da cidade-polo São José do Rio Pardo
1700251,Abreulândia,TO,camara,Câmara Municipal de Abreulândia,facebook,https://facebook.com/CamaraMunicipaldeAbreulandia,https://www.abreulandia.to.leg.br,2026-10-08,
1700251,Abreulândia,TO,camara,Câmara Municipal de Abreulândia,instagram,https://instagram.com/camaradeabreulandia,https://www.abreulandia.to.leg.br,2026-10-08,
1700251,Abreulândia,TO,camara,Câmara Municipal de Abreulândia,site,https://www.abreulandia.to.leg.br,varredura de domínio,2026-10-08,
1700251,Abreulândia,TO,camara,Câmara Municipal de Abreulândia,youtube,https://youtube.com/@camaradeabreulandia,https://www.abreulandia.to.leg.br,2026-10-08,
1700251,Abreulândia,TO,camara,Câmara Municipal de Abreulândia,youtube,https://youtube.com/@camaramunicipaldeabreuland8454,https://www.abreulandia.to.leg.br,2026-10-08,
1700251,Abreulândia,TO,portal,Conexão Tocantins,site,https://conexaoto.com.br,https://conexaoto.com.br,2026-10-08,portal estadual (Palmas) que cobre o município
1700251,Abreulândia,TO,portal,Conexão Tocantins,whatsapp_canal,https://whatsapp.com/channel/0029VaCIwi3CsU9VScslcu34,https://conexaoto.com.br,2026-10-08,"portal estadual (Palmas) que cobre o município; canal confirmado: ""Conexão Tocantins"""
1700251,Abreulândia,TO,portal,Surgiu Notícias (Paraíso do Tocantins),facebook,https://facebook.com/SurgiuNoticias,https://web.archive.org/web/20261005220747/https://surgiu.com.br/,2026-10-08,veículo da cidade-polo Paraíso do Tocantins
1700251,Abreulândia,TO,portal,Surgiu Notícias (Paraíso do Tocantins),instagram,https://instagram.com/surgiunews,https://web.archive.org/web/20261005220747/https://surgiu.com.br/,2026-10-08,veículo da cidade-polo Paraíso do Tocantins
1700251,Abreulândia,TO,portal,Surgiu Notícias (Paraíso do Tocantins),site,https://surgiu.com.br,https://web.archive.org/web/20261005220747/https://surgiu.com.br/,2026-10-08,veículo da cidade-polo Paraíso do Tocantins
1700251,Abreulândia,TO,portal,Surgiu Notícias (Paraíso do Tocantins),youtube,https://youtube.com/@surgiunoticias3669,https://web.archive.org/web/20261005220747/https://surgiu.com.br/,2026-10-08,veículo da cidade-polo Paraíso do Tocantins
1700251,Abreulândia,TO,prefeitura,Prefeitura de Abreulândia,facebook,https://facebook.com/prefeituradeabreulandia2021a2024,https://www.abreulandia.to.gov.br,2026-10-08,
1700251,Abreulândia,TO,prefeitura,Prefeitura de Abreulândia,instagram,https://instagram.com/prefeituradeabreulandia_to,https://www.abreulandia.to.gov.br,2026-10-08,
1700251,Abreulândia,TO,prefeitura,Prefeitura de Abreulândia,site,https://www.abreulandia.to.gov.br,varredura de domínio,2026-10-08,
1700350,Aliança Do Tocantins,TO,camara,Câmara Municipal de Aliança Do Tocantins,instagram,https://instagram.com/camaraaliancaoficial,https://www.aliancadotocantins.to.leg.br,2026-10-08,
1700350,Aliança Do Tocantins,TO,camara,Câmara Municipal de Aliança Do Tocantins,site,https://www.aliancadotocantins.to.leg.br,varredura de domínio,2026-10-08,
1700350,Aliança Do Tocantins,TO,camara,Câmara Municipal de Aliança Do Tocantins,youtube,https://youtube.com/@CAMARAMDEALIAN,https://www.aliancadotocantins.to.leg.br,2026-10-08,
1700350,Aliança Do Tocantins,TO,portal,Conexão Tocantins,site,https://conexaoto.com.br,https://conexaoto.com.br,2026-10-08,portal estadual (Palmas) que cobre o município
1700350,Aliança Do Tocantins,TO,portal,Conexão Tocantins,whatsapp_canal,https://whatsapp.com/channel/0029VaCIwi3CsU9VScslcu34,https://conexaoto.com.br,2026-10-08,"portal estadual (Palmas) que cobre o município; canal confirmado: ""Conexão Tocantins"""
1700350,Aliança Do Tocantins,TO,prefeitura,Prefeitura de Aliança do Tocantins,site,https://alianca.to.gov.br,https://alianca.to.gov.br/,2026-10-08,domínio citado na Wikipédia; perfis não achados no HTML
1700350,Aliança Do Tocantins,TO,radio,"Master FM 100,9 (Gurupi)",site,https://masterfm.com.br,https://masterfm.com.br,2026-10-08,veículo da cidade-polo Gurupi
1700350,Aliança Do Tocantins,TO,radio,"Rádio Araguaia 96,7 FM (Gurupi, Rede Anhanguera)",facebook,https://facebook.com/radioaraguaiafm,https://www.radioaraguaia.com.br,2026-10-08,veículo da cidade-polo Gurupi
1700350,Aliança Do Tocantins,TO,radio,"Rádio Araguaia 96,7 FM (Gurupi, Rede Anhanguera)",instagram,https://instagram.com/radioaraguaiafm,https://www.radioaraguaia.com.br,2026-10-08,veículo da cidade-polo Gurupi
1700350,Aliança Do Tocantins,TO,radio,"Rádio Araguaia 96,7 FM (Gurupi, Rede Anhanguera)",site,https://www.radioaraguaia.com.br,https://www.radioaraguaia.com.br,2026-10-08,veículo da cidade-polo Gurupi
1701101,Aparecida Do Rio Negro,TO,camara,Câmara Municipal de Aparecida Do Rio Negro,instagram,https://instagram.com/camaradeaparecidadorionegro,https://www.aparecidadorionegro.to.leg.br,2026-10-08,
1701101,Aparecida Do Rio Negro,TO,camara,Câmara Municipal de Aparecida Do Rio Negro,site,https://www.aparecidadorionegro.to.leg.br,varredura de domínio,2026-10-08,
1701101,Aparecida Do Rio Negro,TO,jornal,Jornal do Tocantins,facebook,https://facebook.com/JornaldoTocantins,https://www.jornaldotocantins.com.br,2026-10-08,portal estadual (Palmas) que cobre o município
1701101,Aparecida Do Rio Negro,TO,jornal,Jornal do Tocantins,instagram,https://instagram.com/jornaldotocantins,https://www.jornaldotocantins.com.br,2026-10-08,portal estadual (Palmas) que cobre o município
1701101,Aparecida Do Rio Negro,TO,jornal,Jornal do Tocantins,site,https://www.jornaldotocantins.com.br,https://www.jornaldotocantins.com.br,2026-10-08,portal estadual (Palmas) que cobre o município
1701101,Aparecida Do Rio Negro,TO,jornal,Jornal do Tocantins,youtube,https://youtube.com/@jornaldotocantins_oficial,https://www.jornaldotocantins.com.br,2026-10-08,portal estadual (Palmas) que cobre o município
1701101,Aparecida Do Rio Negro,TO,portal,Conexão Tocantins,site,https://conexaoto.com.br,https://conexaoto.com.br,2026-10-08,portal estadual (Palmas) que cobre o município
1701101,Aparecida Do Rio Negro,TO,portal,Conexão Tocantins,whatsapp_canal,https://whatsapp.com/channel/0029VaCIwi3CsU9VScslcu34,https://conexaoto.com.br,2026-10-08,"portal estadual (Palmas) que cobre o município; canal confirmado: ""Conexão Tocantins"""
1701101,Aparecida Do Rio Negro,TO,portal,Gazeta do Cerrado,facebook,https://facebook.com/gazetadocerrado.com.br,https://gazetadocerrado.com.br,2026-10-08,portal estadual (Palmas) que cobre o município
1701101,Aparecida Do Rio Negro,TO,portal,Gazeta do Cerrado,instagram,https://instagram.com/gazetadocerrado,https://gazetadocerrado.com.br,2026-10-08,portal estadual (Palmas) que cobre o município
1701101,Aparecida Do Rio Negro,TO,portal,Gazeta do Cerrado,site,https://gazetadocerrado.com.br,https://gazetadocerrado.com.br,2026-10-08,portal estadual (Palmas) que cobre o município
1701101,Aparecida Do Rio Negro,TO,portal,Gazeta do Cerrado,youtube,https://youtube.com/@GazetadoCerrado-TVG,https://gazetadocerrado.com.br,2026-10-08,portal estadual (Palmas) que cobre o município
1701101,Aparecida Do Rio Negro,TO,prefeitura,Prefeitura de Aparecida Do Rio Negro,instagram,https://instagram.com/prefeituraaparecidadorionegro,https://www.aparecidadorionegro.to.gov.br,2026-10-08,
1701101,Aparecida Do Rio Negro,TO,prefeitura,Prefeitura de Aparecida Do Rio Negro,site,https://www.aparecidadorionegro.to.gov.br,varredura de domínio,2026-10-08,
1703107,Barrolândia,TO,camara,Câmara Municipal de Barrolândia,facebook,https://facebook.com/camarabrd2023,https://www.barrolandia.to.leg.br,2026-10-08,
1703107,Barrolândia,TO,camara,Câmara Municipal de Barrolândia,site,https://www.barrolandia.to.leg.br,varredura de domínio,2026-10-08,
1703107,Barrolândia,TO,camara,Câmara Municipal de Barrolândia,youtube,https://youtube.com/@CamaraMunicipalBarrolandia-TO,https://www.barrolandia.to.leg.br,2026-10-08,
1703107,Barrolândia,TO,portal,Conexão Tocantins,site,https://conexaoto.com.br,https://conexaoto.com.br,2026-10-08,portal estadual (Palmas) que cobre o município
1703107,Barrolândia,TO,portal,Conexão Tocantins,whatsapp_canal,https://whatsapp.com/channel/0029VaCIwi3CsU9VScslcu34,https://conexaoto.com.br,2026-10-08,"portal estadual (Palmas) que cobre o município; canal confirmado: ""Conexão Tocantins"""
1703107,Barrolândia,TO,portal,Surgiu Notícias (Paraíso do Tocantins),facebook,https://facebook.com/SurgiuNoticias,https://web.archive.org/web/20261005220747/https://surgiu.com.br/,2026-10-08,veículo da cidade-polo Paraíso do Tocantins
1703107,Barrolândia,TO,portal,Surgiu Notícias (Paraíso do Tocantins),instagram,https://instagram.com/surgiunews,https://web.archive.org/web/20261005220747/https://surgiu.com.br/,2026-10-08,veículo da cidade-polo Paraíso do Tocantins
1703107,Barrolândia,TO,portal,Surgiu Notícias (Paraíso do Tocantins),site,https://surgiu.com.br,https://web.archive.org/web/20261005220747/https://surgiu.com.br/,2026-10-08,veículo da cidade-polo Paraíso do Tocantins
1703107,Barrolândia,TO,portal,Surgiu Notícias (Paraíso do Tocantins),youtube,https://youtube.com/@surgiunoticias3669,https://web.archive.org/web/20261005220747/https://surgiu.com.br/,2026-10-08,veículo da cidade-polo Paraíso do Tocantins
1703107,Barrolândia,TO,prefeitura,Prefeitura de Barrolândia,instagram,https://instagram.com/prefeituradebarrolandia,https://www.barrolandia.to.gov.br,2026-10-08,
1703107,Barrolândia,TO,prefeitura,Prefeitura de Barrolândia,site,https://www.barrolandia.to.gov.br,varredura de domínio,2026-10-08,
1703107,Barrolândia,TO,radio,"Miranorte FM 104,9",site,https://miranorte104fm.com.br,https://miranorte104fm.com.br/,2026-10-08,rádio da cidade vizinha Miranorte
1703867,Cariri Do Tocantins,TO,portal,Conexão Tocantins,site,https://conexaoto.com.br,https://conexaoto.com.br,2026-10-08,portal estadual (Palmas) que cobre o município
1703867,Cariri Do Tocantins,TO,portal,Conexão Tocantins,whatsapp_canal,https://whatsapp.com/channel/0029VaCIwi3CsU9VScslcu34,https://conexaoto.com.br,2026-10-08,"portal estadual (Palmas) que cobre o município; canal confirmado: ""Conexão Tocantins"""
1703867,Cariri Do Tocantins,TO,prefeitura,Prefeitura de Cariri do Tocantins,instagram,https://instagram.com/prefeituradecariri,https://web.archive.org/web/20260710233144/https://cariri.to.gov.br/,2026-10-08,
1703867,Cariri Do Tocantins,TO,prefeitura,Prefeitura de Cariri do Tocantins,site,https://cariri.to.gov.br,https://web.archive.org/web/20260710233144/https://cariri.to.gov.br/,2026-10-08,domínio cariri.to.gov.br (também em cidade-brasil.com.br)
1703867,Cariri Do Tocantins,TO,prefeitura,Prefeitura de Cariri do Tocantins,youtube,https://youtube.com/channel/UCxBS0N_1SZAadqKfjwn88Pg,https://web.archive.org/web/20260710233144/https://cariri.to.gov.br/,2026-10-08,
1703867,Cariri Do Tocantins,TO,radio,"Master FM 100,9 (Gurupi)",site,https://masterfm.com.br,https://masterfm.com.br,2026-10-08,veículo da cidade-polo Gurupi
1703867,Cariri Do Tocantins,TO,radio,"Rádio Araguaia 96,7 FM (Gurupi, Rede Anhanguera)",facebook,https://facebook.com/radioaraguaiafm,https://www.radioaraguaia.com.br,2026-10-08,veículo da cidade-polo Gurupi
1703867,Cariri Do Tocantins,TO,radio,"Rádio Araguaia 96,7 FM (Gurupi, Rede Anhanguera)",instagram,https://instagram.com/radioaraguaiafm,https://www.radioaraguaia.com.br,2026-10-08,veículo da cidade-polo Gurupi
1703867,Cariri Do Tocantins,TO,radio,"Rádio Araguaia 96,7 FM (Gurupi, Rede Anhanguera)",site,https://www.radioaraguaia.com.br,https://www.radioaraguaia.com.br,2026-10-08,veículo da cidade-polo Gurupi
1706100,Cristalândia,TO,camara,Câmara Municipal de Cristalândia,instagram,https://instagram.com/camaracristalandia,https://cristalandia.to.leg.br,2026-10-08,
1706100,Cristalândia,TO,camara,Câmara Municipal de Cristalândia,site,https://cristalandia.to.leg.br,https://cristalandia.to.leg.br,2026-10-08,
1706100,Cristalândia,TO,portal,Conexão Tocantins,site,https://conexaoto.com.br,https://conexaoto.com.br,2026-10-08,portal estadual (Palmas) que cobre o município
1706100,Cristalândia,TO,portal,Conexão Tocantins,whatsapp_canal,https://whatsapp.com/channel/0029VaCIwi3CsU9VScslcu34,https://conexaoto.com.br,2026-10-08,"portal estadual (Palmas) que cobre o município; canal confirmado: ""Conexão Tocantins"""
1706100,Cristalândia,TO,portal,Surgiu Notícias (Paraíso do Tocantins),facebook,https://facebook.com/SurgiuNoticias,https://web.archive.org/web/20261005220747/https://surgiu.com.br/,2026-10-08,veículo da cidade-polo Paraíso do Tocantins
1706100,Cristalândia,TO,portal,Surgiu Notícias (Paraíso do Tocantins),instagram,https://instagram.com/surgiunews,https://web.archive.org/web/20261005220747/https://surgiu.com.br/,2026-10-08,veículo da cidade-polo Paraíso do Tocantins
1706100,Cristalândia,TO,portal,Surgiu Notícias (Paraíso do Tocantins),site,https://surgiu.com.br,https://web.archive.org/web/20261005220747/https://surgiu.com.br/,2026-10-08,veículo da cidade-polo Paraíso do Tocantins
1706100,Cristalândia,TO,portal,Surgiu Notícias (Paraíso do Tocantins),youtube,https://youtube.com/@surgiunoticias3669,https://web.archive.org/web/20261005220747/https://surgiu.com.br/,2026-10-08,veículo da cidade-polo Paraíso do Tocantins
1706100,Cristalândia,TO,prefeitura,Prefeitura de Cristalândia,facebook,https://facebook.com/CidadedeCristalandia,https://www.cristalandia.to.gov.br,2026-10-08,
1706100,Cristalândia,TO,prefeitura,Prefeitura de Cristalândia,instagram,https://instagram.com/prefeituracristalandiato,https://www.cristalandia.to.gov.br,2026-10-08,
1706100,Cristalândia,TO,prefeitura,Prefeitura de Cristalândia,site,https://www.cristalandia.to.gov.br,varredura de domínio,2026-10-08,
1708304,Goianorte,TO,camara,Câmara Municipal de Goianorte,site,https://www.goianorte.to.leg.br,varredura de domínio,2026-10-08,
1708304,Goianorte,TO,portal,AF Notícias,facebook,https://facebook.com/afnoticias,https://afnoticias.com.br,2026-10-08,portal regional do norte do Tocantins (Araguaína)
1708304,Goianorte,TO,portal,AF Notícias,site,https://afnoticias.com.br,https://afnoticias.com.br,2026-10-08,portal regional do norte do Tocantins (Araguaína)
1708304,Goianorte,TO,portal,AF Notícias,youtube,https://youtube.com/@AFNoticiasTO,https://afnoticias.com.br,2026-10-08,portal regional do norte do Tocantins (Araguaína)
1708304,Goianorte,TO,portal,Conexão Tocantins,site,https://conexaoto.com.br,https://conexaoto.com.br,2026-10-08,portal estadual (Palmas) que cobre o município
1708304,Goianorte,TO,portal,Conexão Tocantins,whatsapp_canal,https://whatsapp.com/channel/0029VaCIwi3CsU9VScslcu34,https://conexaoto.com.br,2026-10-08,"portal estadual (Palmas) que cobre o município; canal confirmado: ""Conexão Tocantins"""
1708304,Goianorte,TO,prefeitura,Prefeitura de Goianorte,facebook,https://facebook.com/prefeituradegoianorte,https://www.goianorte.to.gov.br,2026-10-08,
1708304,Goianorte,TO,prefeitura,Prefeitura de Goianorte,facebook,https://facebook.com/tapora.municipio,https://www.goianorte.to.gov.br,2026-10-08,
1708304,Goianorte,TO,prefeitura,Prefeitura de Goianorte,instagram,https://instagram.com/prefeituradegoianorte,https://www.goianorte.to.gov.br,2026-10-08,
1708304,Goianorte,TO,prefeitura,Prefeitura de Goianorte,site,https://www.goianorte.to.gov.br,varredura de domínio,2026-10-08,
1708304,Goianorte,TO,prefeitura,Prefeitura de Goianorte,whatsapp_atendimento,https://wa.me/5563992229102,https://www.goianorte.to.gov.br,2026-10-08,"número de atendimento publicado no site oficial; uso: atendimento ao cidadão, não é canal de comunicação política"
1708304,Goianorte,TO,radio,"Goianorte FM 87,9",,https://streema.com/radios/Goianorte_FM,https://streema.com/radios/Goianorte_FM,2026-10-08,rádio listada só em agregador (Streema); sem site ou perfil próprio achado
1711902,Lagoa Da Confusão,TO,camara,Câmara Municipal de Lagoa Da Confusão,site,https://www.lagoadaconfusao.to.leg.br,varredura de domínio,2026-10-08,
1711902,Lagoa Da Confusão,TO,jornal,Jornal do Tocantins,facebook,https://facebook.com/JornaldoTocantins,https://www.jornaldotocantins.com.br,2026-10-08,portal estadual (Palmas) que cobre o município
1711902,Lagoa Da Confusão,TO,jornal,Jornal do Tocantins,instagram,https://instagram.com/jornaldotocantins,https://www.jornaldotocantins.com.br,2026-10-08,portal estadual (Palmas) que cobre o município
1711902,Lagoa Da Confusão,TO,jornal,Jornal do Tocantins,site,https://www.jornaldotocantins.com.br,https://www.jornaldotocantins.com.br,2026-10-08,portal estadual (Palmas) que cobre o município
1711902,Lagoa Da Confusão,TO,jornal,Jornal do Tocantins,youtube,https://youtube.com/@jornaldotocantins_oficial,https://www.jornaldotocantins.com.br,2026-10-08,portal estadual (Palmas) que cobre o município
1711902,Lagoa Da Confusão,TO,portal,Conexão Tocantins,site,https://conexaoto.com.br,https://conexaoto.com.br,2026-10-08,portal estadual (Palmas) que cobre o município
1711902,Lagoa Da Confusão,TO,portal,Conexão Tocantins,whatsapp_canal,https://whatsapp.com/channel/0029VaCIwi3CsU9VScslcu34,https://conexaoto.com.br,2026-10-08,"portal estadual (Palmas) que cobre o município; canal confirmado: ""Conexão Tocantins"""
1711902,Lagoa Da Confusão,TO,prefeitura,Prefeitura de Lagoa Da Confusão,facebook,https://facebook.com/prefeituralagoadaconfusaoto,https://www.lagoadaconfusao.to.gov.br,2026-10-08,
1711902,Lagoa Da Confusão,TO,prefeitura,Prefeitura de Lagoa Da Confusão,instagram,https://instagram.com/prefeituralagoadaconfusao,https://www.lagoadaconfusao.to.gov.br,2026-10-08,
1711902,Lagoa Da Confusão,TO,prefeitura,Prefeitura de Lagoa Da Confusão,site,https://www.lagoadaconfusao.to.gov.br,varredura de domínio,2026-10-08,
1711902,Lagoa Da Confusão,TO,prefeitura,Prefeitura de Lagoa Da Confusão,whatsapp_atendimento,https://wa.me/5563992978806,https://www.lagoadaconfusao.to.gov.br,2026-10-08,"número de atendimento publicado no site oficial; uso: atendimento ao cidadão, não é canal de comunicação política"
1711902,Lagoa Da Confusão,TO,radio,"Rádio Lagoa FM 87,9 (Lagoa da Confusão)",,https://streema.com/radios/Radio_Lagoa_FM_2,https://streema.com/radios/Radio_Lagoa_FM_2,2026-10-08,rádio listada só em agregador (Streema); sem site ou perfil próprio achado
1712504,Marianópolis Do Tocantins,TO,camara,Câmara Municipal de Marianópolis Do Tocantins,facebook,https://facebook.com/camaramarianopolisto,https://www.marianopolisdotocantins.to.leg.br,2026-10-08,
1712504,Marianópolis Do Tocantins,TO,camara,Câmara Municipal de Marianópolis Do Tocantins,instagram,https://instagram.com/camarademarianopolisto,https://www.marianopolisdotocantins.to.leg.br,2026-10-08,
1712504,Marianópolis Do Tocantins,TO,camara,Câmara Municipal de Marianópolis Do Tocantins,site,https://www.marianopolisdotocantins.to.leg.br,varredura de domínio,2026-10-08,
1712504,Marianópolis Do Tocantins,TO,camara,Câmara Municipal de Marianópolis Do Tocantins,youtube,https://youtube.com/@camaramunicipaldemarianopolis,https://www.marianopolisdotocantins.to.leg.br,2026-10-08,
1712504,Marianópolis Do Tocantins,TO,portal,Conexão Tocantins,site,https://conexaoto.com.br,https://conexaoto.com.br,2026-10-08,portal estadual (Palmas) que cobre o município
1712504,Marianópolis Do Tocantins,TO,portal,Conexão Tocantins,whatsapp_canal,https://whatsapp.com/channel/0029VaCIwi3CsU9VScslcu34,https://conexaoto.com.br,2026-10-08,"portal estadual (Palmas) que cobre o município; canal confirmado: ""Conexão Tocantins"""
1712504,Marianópolis Do Tocantins,TO,portal,Surgiu Notícias (Paraíso do Tocantins),facebook,https://facebook.com/SurgiuNoticias,https://web.archive.org/web/20261005220747/https://surgiu.com.br/,2026-10-08,veículo da cidade-polo Paraíso do Tocantins
1712504,Marianópolis Do Tocantins,TO,portal,Surgiu Notícias (Paraíso do Tocantins),instagram,https://instagram.com/surgiunews,https://web.archive.org/web/20261005220747/https://surgiu.com.br/,2026-10-08,veículo da cidade-polo Paraíso do Tocantins
1712504,Marianópolis Do Tocantins,TO,portal,Surgiu Notícias (Paraíso do Tocantins),site,https://surgiu.com.br,https://web.archive.org/web/20261005220747/https://surgiu.com.br/,2026-10-08,veículo da cidade-polo Paraíso do Tocantins
1712504,Marianópolis Do Tocantins,TO,portal,Surgiu Notícias (Paraíso do Tocantins),youtube,https://youtube.com/@surgiunoticias3669,https://web.archive.org/web/20261005220747/https://surgiu.com.br/,2026-10-08,veículo da cidade-polo Paraíso do Tocantins
1712504,Marianópolis Do Tocantins,TO,prefeitura,Prefeitura de Marianópolis do Tocantins,facebook,https://facebook.com/prefeiturademarianopolis,https://www.marianopolis.to.gov.br,2026-10-08,
1712504,Marianópolis Do Tocantins,TO,prefeitura,Prefeitura de Marianópolis do Tocantins,instagram,https://instagram.com/prefeiturademarianopolisto,https://www.marianopolis.to.gov.br,2026-10-08,
1712504,Marianópolis Do Tocantins,TO,prefeitura,Prefeitura de Marianópolis do Tocantins,site,https://www.marianopolis.to.gov.br,https://www.marianopolis.to.gov.br,2026-10-08,domínio é marianopolis.to.gov.br (também na Wikipédia)
1712504,Marianópolis Do Tocantins,TO,prefeitura,Prefeitura de Marianópolis do Tocantins,youtube,https://youtube.com/@prefeiturademarianopolisdo5464,https://www.marianopolis.to.gov.br,2026-10-08,
1713304,Miranorte,TO,camara,Câmara Municipal de Miranorte,instagram,https://instagram.com/camarademiranorteto,https://www.miranorte.to.leg.br,2026-10-08,
1713304,Miranorte,TO,camara,Câmara Municipal de Miranorte,site,https://www.miranorte.to.leg.br,varredura de domínio,2026-10-08,
1713304,Miranorte,TO,portal,Conexão Tocantins,site,https://conexaoto.com.br,https://conexaoto.com.br,2026-10-08,portal estadual (Palmas) que cobre o município
1713304,Miranorte,TO,portal,Conexão Tocantins,whatsapp_canal,https://whatsapp.com/channel/0029VaCIwi3CsU9VScslcu34,https://conexaoto.com.br,2026-10-08,"portal estadual (Palmas) que cobre o município; canal confirmado: ""Conexão Tocantins"""
1713304,Miranorte,TO,portal,Surgiu Notícias (Paraíso do Tocantins),facebook,https://facebook.com/SurgiuNoticias,https://web.archive.org/web/20261005220747/https://surgiu.com.br/,2026-10-08,veículo da cidade-polo Paraíso do Tocantins
1713304,Miranorte,TO,portal,Surgiu Notícias (Paraíso do Tocantins),instagram,https://instagram.com/surgiunews,https://web.archive.org/web/20261005220747/https://surgiu.com.br/,2026-10-08,veículo da cidade-polo Paraíso do Tocantins
1713304,Miranorte,TO,portal,Surgiu Notícias (Paraíso do Tocantins),site,https://surgiu.com.br,https://web.archive.org/web/20261005220747/https://surgiu.com.br/,2026-10-08,veículo da cidade-polo Paraíso do Tocantins
1713304,Miranorte,TO,portal,Surgiu Notícias (Paraíso do Tocantins),youtube,https://youtube.com/@surgiunoticias3669,https://web.archive.org/web/20261005220747/https://surgiu.com.br/,2026-10-08,veículo da cidade-polo Paraíso do Tocantins
1713304,Miranorte,TO,prefeitura,Prefeitura de Miranorte,facebook,https://facebook.com/prefmiranorte,https://www.miranorte.to.gov.br,2026-10-08,
1713304,Miranorte,TO,prefeitura,Prefeitura de Miranorte,instagram,https://instagram.com/prefmiranorte,https://www.miranorte.to.gov.br,2026-10-08,
1713304,Miranorte,TO,prefeitura,Prefeitura de Miranorte,site,https://www.miranorte.to.gov.br,varredura de domínio,2026-10-08,
1713304,Miranorte,TO,radio,"Miranorte FM 104,9",site,https://miranorte104fm.com.br,https://miranorte104fm.com.br/,2026-10-08,
1716505,Pedro Afonso,TO,portal,AF Notícias,facebook,https://facebook.com/afnoticias,https://afnoticias.com.br,2026-10-08,portal regional do norte do Tocantins (Araguaína)
1716505,Pedro Afonso,TO,portal,AF Notícias,site,https://afnoticias.com.br,https://afnoticias.com.br,2026-10-08,portal regional do norte do Tocantins (Araguaína)
1716505,Pedro Afonso,TO,portal,AF Notícias,youtube,https://youtube.com/@AFNoticiasTO,https://afnoticias.com.br,2026-10-08,portal regional do norte do Tocantins (Araguaína)
1716505,Pedro Afonso,TO,portal,Conexão Tocantins,site,https://conexaoto.com.br,https://conexaoto.com.br,2026-10-08,portal estadual (Palmas) que cobre o município
1716505,Pedro Afonso,TO,portal,Conexão Tocantins,whatsapp_canal,https://whatsapp.com/channel/0029VaCIwi3CsU9VScslcu34,https://conexaoto.com.br,2026-10-08,"portal estadual (Palmas) que cobre o município; canal confirmado: ""Conexão Tocantins"""
1716505,Pedro Afonso,TO,prefeitura,Prefeitura de Pedro Afonso,facebook,https://facebook.com/prefeituramunicipalpedroafonso,https://www.pedroafonso.to.gov.br,2026-10-08,
1716505,Pedro Afonso,TO,prefeitura,Prefeitura de Pedro Afonso,instagram,https://instagram.com/prefeituradepedroafonso,https://www.pedroafonso.to.gov.br,2026-10-08,
1716505,Pedro Afonso,TO,prefeitura,Prefeitura de Pedro Afonso,site,https://www.pedroafonso.to.gov.br,varredura de domínio,2026-10-08,
1716505,Pedro Afonso,TO,prefeitura,Prefeitura de Pedro Afonso,whatsapp_atendimento,https://api.whatsapp.com/send/?phone=63992943085,https://www.pedroafonso.to.gov.br,2026-10-08,"número de atendimento publicado no site oficial; uso: atendimento ao cidadão, não é canal de comunicação política"
1716505,Pedro Afonso,TO,radio,"Rádio Vale do Tocantins FM 87,5",,https://streema.com/radios/Radio_Vale_do_Tocantins,https://streema.com/radios/Radio_Vale_do_Tocantins,2026-10-08,rádio listada só em agregador (Streema); sem site ou perfil próprio achado
1717909,Ponte Alta Do Tocantins,TO,camara,Câmara Municipal de Ponte Alta do Tocantins,facebook,https://facebook.com/camarapontealta20212024,https://web.archive.org/web/20260121153515/https://pontealtadotocantins.to.leg.br/,2026-10-08,nome da página remete à legislatura 2021-2024
1717909,Ponte Alta Do Tocantins,TO,camara,Câmara Municipal de Ponte Alta do Tocantins,site,https://pontealtadotocantins.to.leg.br,https://web.archive.org/web/20260121153515/https://pontealtadotocantins.to.leg.br/,2026-10-08,
1717909,Ponte Alta Do Tocantins,TO,jornal,Jornal do Tocantins,facebook,https://facebook.com/JornaldoTocantins,https://www.jornaldotocantins.com.br,2026-10-08,portal estadual (Palmas) que cobre o município
1717909,Ponte Alta Do Tocantins,TO,jornal,Jornal do Tocantins,instagram,https://instagram.com/jornaldotocantins,https://www.jornaldotocantins.com.br,2026-10-08,portal estadual (Palmas) que cobre o município
1717909,Ponte Alta Do Tocantins,TO,jornal,Jornal do Tocantins,site,https://www.jornaldotocantins.com.br,https://www.jornaldotocantins.com.br,2026-10-08,portal estadual (Palmas) que cobre o município
1717909,Ponte Alta Do Tocantins,TO,jornal,Jornal do Tocantins,youtube,https://youtube.com/@jornaldotocantins_oficial,https://www.jornaldotocantins.com.br,2026-10-08,portal estadual (Palmas) que cobre o município
1717909,Ponte Alta Do Tocantins,TO,portal,Conexão Tocantins,site,https://conexaoto.com.br,https://conexaoto.com.br,2026-10-08,portal estadual (Palmas) que cobre o município
1717909,Ponte Alta Do Tocantins,TO,portal,Conexão Tocantins,whatsapp_canal,https://whatsapp.com/channel/0029VaCIwi3CsU9VScslcu34,https://conexaoto.com.br,2026-10-08,"portal estadual (Palmas) que cobre o município; canal confirmado: ""Conexão Tocantins"""
1717909,Ponte Alta Do Tocantins,TO,portal,Gazeta do Cerrado,facebook,https://facebook.com/gazetadocerrado.com.br,https://gazetadocerrado.com.br,2026-10-08,portal estadual (Palmas) que cobre o município
1717909,Ponte Alta Do Tocantins,TO,portal,Gazeta do Cerrado,instagram,https://instagram.com/gazetadocerrado,https://gazetadocerrado.com.br,2026-10-08,portal estadual (Palmas) que cobre o município
1717909,Ponte Alta Do Tocantins,TO,portal,Gazeta do Cerrado,site,https://gazetadocerrado.com.br,https://gazetadocerrado.com.br,2026-10-08,portal estadual (Palmas) que cobre o município
1717909,Ponte Alta Do Tocantins,TO,portal,Gazeta do Cerrado,youtube,https://youtube.com/@GazetadoCerrado-TVG,https://gazetadocerrado.com.br,2026-10-08,portal estadual (Palmas) que cobre o município
1717909,Ponte Alta Do Tocantins,TO,prefeitura,Prefeitura de Ponte Alta Do Tocantins,site,https://www.pontealtadotocantins.to.gov.br,varredura de domínio,2026-10-08,
1718204,Porto Nacional,TO,camara,Câmara Municipal de Porto Nacional,facebook,https://facebook.com/camaramunicipaldeportonacional,https://www.portonacional.to.leg.br,2026-10-08,
1718204,Porto Nacional,TO,camara,Câmara Municipal de Porto Nacional,instagram,https://instagram.com/camaraportonacional,https://www.portonacional.to.leg.br,2026-10-08,
1718204,Porto Nacional,TO,camara,Câmara Municipal de Porto Nacional,site,https://www.portonacional.to.leg.br,varredura de domínio,2026-10-08,
1718204,Porto Nacional,TO,camara,Câmara Municipal de Porto Nacional,youtube,https://youtube.com/@camaramunicipaldeportonaci7294,https://www.portonacional.to.leg.br,2026-10-08,
1718204,Porto Nacional,TO,jornal,Jornal do Tocantins,facebook,https://facebook.com/JornaldoTocantins,https://www.jornaldotocantins.com.br,2026-10-08,veículo de Palmas/estadual que cobre o município
1718204,Porto Nacional,TO,jornal,Jornal do Tocantins,instagram,https://instagram.com/jornaldotocantins,https://www.jornaldotocantins.com.br,2026-10-08,veículo de Palmas/estadual que cobre o município
1718204,Porto Nacional,TO,jornal,Jornal do Tocantins,site,https://www.jornaldotocantins.com.br,https://www.jornaldotocantins.com.br,2026-10-08,veículo de Palmas/estadual que cobre o município
1718204,Porto Nacional,TO,jornal,Jornal do Tocantins,youtube,https://youtube.com/@jornaldotocantins_oficial,https://www.jornaldotocantins.com.br,2026-10-08,veículo de Palmas/estadual que cobre o município
1718204,Porto Nacional,TO,portal,Conexão Tocantins,site,https://conexaoto.com.br,https://conexaoto.com.br,2026-10-08,veículo de Palmas/estadual que cobre o município
1718204,Porto Nacional,TO,portal,Conexão Tocantins,whatsapp_canal,https://whatsapp.com/channel/0029VaCIwi3CsU9VScslcu34,https://conexaoto.com.br,2026-10-08,"veículo de Palmas/estadual que cobre o município; canal confirmado: ""Conexão Tocantins"""
1718204,Porto Nacional,TO,portal,Gazeta do Cerrado,facebook,https://facebook.com/gazetadocerrado.com.br,https://gazetadocerrado.com.br,2026-10-08,veículo de Palmas/estadual que cobre o município
1718204,Porto Nacional,TO,portal,Gazeta do Cerrado,instagram,https://instagram.com/gazetadocerrado,https://gazetadocerrado.com.br,2026-10-08,veículo de Palmas/estadual que cobre o município
1718204,Porto Nacional,TO,portal,Gazeta do Cerrado,site,https://gazetadocerrado.com.br,https://gazetadocerrado.com.br,2026-10-08,veículo de Palmas/estadual que cobre o município
1718204,Porto Nacional,TO,portal,Gazeta do Cerrado,youtube,https://youtube.com/@GazetadoCerrado-TVG,https://gazetadocerrado.com.br,2026-10-08,veículo de Palmas/estadual que cobre o município
1718204,Porto Nacional,TO,portal,T1 Notícias,facebook,https://facebook.com/portalt1,https://t1noticias.com.br,2026-10-08,veículo de Palmas/estadual que cobre o município
1718204,Porto Nacional,TO,portal,T1 Notícias,site,https://t1noticias.com.br,https://t1noticias.com.br,2026-10-08,veículo de Palmas/estadual que cobre o município
1718204,Porto Nacional,TO,portal,T1 Notícias,youtube,https://youtube.com/user/PortalT1Noticias,https://t1noticias.com.br,2026-10-08,veículo de Palmas/estadual que cobre o município
1718204,Porto Nacional,TO,prefeitura,Prefeitura de Porto Nacional,facebook,https://facebook.com/PrefeituradePortoNacional,https://portonacional.to.gov.br,2026-10-08,
1718204,Porto Nacional,TO,prefeitura,Prefeitura de Porto Nacional,instagram,https://instagram.com/prefeituradeportonacional,https://portonacional.to.gov.br,2026-10-08,
1718204,Porto Nacional,TO,prefeitura,Prefeitura de Porto Nacional,site,https://portonacional.to.gov.br,varredura de domínio,2026-10-08,
1718204,Porto Nacional,TO,prefeitura,Prefeitura de Porto Nacional,youtube,https://youtube.com/@prefeituradeportonacional,https://portonacional.to.gov.br,2026-10-08,
1718881,Santa Maria Do Tocantins,TO,camara,Câmara Municipal de Santa Maria Do Tocantins,instagram,https://instagram.com/camaramunicipalsantamariato,https://www.santamariadotocantins.to.leg.br,2026-10-08,
1718881,Santa Maria Do Tocantins,TO,camara,Câmara Municipal de Santa Maria Do Tocantins,site,https://www.santamariadotocantins.to.leg.br,varredura de domínio,2026-10-08,
1718881,Santa Maria Do Tocantins,TO,portal,AF Notícias,facebook,https://facebook.com/afnoticias,https://afnoticias.com.br,2026-10-08,portal regional do norte do Tocantins (Araguaína)
1718881,Santa Maria Do Tocantins,TO,portal,AF Notícias,site,https://afnoticias.com.br,https://afnoticias.com.br,2026-10-08,portal regional do norte do Tocantins (Araguaína)
1718881,Santa Maria Do Tocantins,TO,portal,AF Notícias,youtube,https://youtube.com/@AFNoticiasTO,https://afnoticias.com.br,2026-10-08,portal regional do norte do Tocantins (Araguaína)
1718881,Santa Maria Do Tocantins,TO,portal,Conexão Tocantins,site,https://conexaoto.com.br,https://conexaoto.com.br,2026-10-08,portal estadual (Palmas) que cobre o município
1718881,Santa Maria Do Tocantins,TO,portal,Conexão Tocantins,whatsapp_canal,https://whatsapp.com/channel/0029VaCIwi3CsU9VScslcu34,https://conexaoto.com.br,2026-10-08,"portal estadual (Palmas) que cobre o município; canal confirmado: ""Conexão Tocantins"""
1718881,Santa Maria Do Tocantins,TO,prefeitura,Prefeitura de Santa Maria Do Tocantins,facebook,https://facebook.com/prefsantamariato,https://www.santamariadotocantins.to.gov.br,2026-10-08,
1718881,Santa Maria Do Tocantins,TO,prefeitura,Prefeitura de Santa Maria Do Tocantins,instagram,https://instagram.com/prefsantamaria,https://www.santamariadotocantins.to.gov.br,2026-10-08,
1718881,Santa Maria Do Tocantins,TO,prefeitura,Prefeitura de Santa Maria Do Tocantins,site,https://www.santamariadotocantins.to.gov.br,varredura de domínio,2026-10-08,
1718881,Santa Maria Do Tocantins,TO,radio,"Rádio Vale do Tocantins FM 87,5 (Pedro Afonso)",,https://streema.com/radios/Radio_Vale_do_Tocantins,https://streema.com/radios/Radio_Vale_do_Tocantins,2026-10-08,rádio listada só em agregador (Streema); sem site ou perfil próprio achado; veículo da cidade-polo Pedro Afonso
