IBGE,aptos_2022_1t,comparecimento_2022_1t,abstencoes_2022_1t,abstencao_pct_2022_1t,brancos_2022_1t,nulos_2022_1t,brancos_nulos_pct_2022_1t,aptos_2022_2t,comparecimento_2022_2t,abstencoes_2022_2t,abstencao_pct_2022_2t,brancos_2022_2t,nulos_2022_2t,brancos_nulos_pct_2022_2t,aptos_2026_1t,comparecimento_2026_1t,abstencoes_2026_1t,abstencao_pct_2026_1t,brancos_2026_1t,nulos_2026_1t,brancos_nulos_pct_2026_1t
1100106,28174.0,20962.0,7212.0,0.256,147.0,260.0,0.0194,28173.0,20379.0,7794.0,0.2766,155.0,385.0,0.0265,28928,21913,7015,0.2425,178,286,0.0212
1100205,350692.0,276890.0,73802.0,0.2104,2950.0,4922.0,0.0284,350722.0,271850.0,78872.0,0.2249,3021.0,6894.0,0.0365,367902,294402,73500,0.1998,3368,4696,0.0274
1100122,92331.0,69558.0,22773.0,0.2466,661.0,942.0,0.023,92356.0,70203.0,22153.0,0.2399,671.0,1406.0,0.0296,97939,75611,22328,0.228,689,826,0.02
1100023,69761.0,51457.0,18304.0,0.2624,517.0,694.0,0.0235,69784.0,51839.0,17945.0,0.2572,485.0,940.0,0.0275,72512,55662,16850,0.2324,493,577,0.0192
1100049,66497.0,51084.0,15413.0,0.2318,542.0,676.0,0.0238,66503.0,51987.0,14516.0,0.2183,538.0,1032.0,0.0302,69974,55032,14942,0.2135,527,691,0.0221
1100189,26476.0,20379.0,6097.0,0.2303,264.0,381.0,0.0317,26480.0,20615.0,5865.0,0.2215,238.0,518.0,0.0367,27485,21373,6112,0.2224,227,356,0.0273
1100304,65454.0,49961.0,15493.0,0.2367,595.0,837.0,0.0287,65475.0,50867.0,14608.0,0.2231,516.0,1639.0,0.0424,71595,54600,16995,0.2374,601,744,0.0246
1100114,43047.0,30030.0,13017.0,0.3024,331.0,502.0,0.0277,43059.0,30456.0,12603.0,0.2927,336.0,696.0,0.0339,41260,31705,9555,0.2316,319,422,0.0234
1100155,30339.0,20945.0,9394.0,0.3096,162.0,296.0,0.0219,30340.0,21140.0,9200.0,0.3032,209.0,428.0,0.0301,28282,21828,6454,0.2282,190,286,0.0218
1100254,15598.0,11523.0,4075.0,0.2613,144.0,167.0,0.027,15599.0,11652.0,3947.0,0.253,131.0,260.0,0.0336,15677,12105,3572,0.2278,143,139,0.0233
1100080,9511.0,6889.0,2622.0,0.2757,51.0,92.0,0.0208,9507.0,6819.0,2688.0,0.2827,39.0,135.0,0.0255,9103,7045,2058,0.2261,58,82,0.0199
1100064,13741.0,9982.0,3759.0,0.2736,124.0,151.0,0.0275,13745.0,10238.0,3507.0,0.2551,137.0,242.0,0.037,13478,10147,3331,0.2471,144,139,0.0279
1100098,23900.0,18241.0,5659.0,0.2368,198.0,283.0,0.0264,23903.0,18420.0,5483.0,0.2294,193.0,420.0,0.0333,23348,18412,4936,0.2114,187,202,0.0211
1100056,12930.0,10033.0,2897.0,0.2241,90.0,144.0,0.0233,12930.0,10131.0,2799.0,0.2165,106.0,181.0,0.0283,13278,10411,2867,0.2159,66,110,0.0169
1100288,40497.0,29895.0,10602.0,0.2618,404.0,468.0,0.0292,40506.0,30627.0,9879.0,0.2439,364.0,726.0,0.0356,41088,31364,9724,0.2367,392,448,0.0268
1100015,19397.0,14084.0,5313.0,0.2739,142.0,224.0,0.026,19399.0,14189.0,5210.0,0.2686,126.0,336.0,0.0326,18187,14352,3835,0.2109,163,178,0.0238
1100346,11870.0,8315.0,3555.0,0.2995,78.0,142.0,0.0265,11871.0,8542.0,3329.0,0.2804,80.0,223.0,0.0355,11029,8678,2351,0.2132,75,122,0.0227
1100296,6834.0,4915.0,1919.0,0.2808,58.0,81.0,0.0283,6835.0,5047.0,1788.0,0.2616,56.0,155.0,0.0418,6813,5330,1483,0.2177,77,78,0.0291
1100148,14084.0,10518.0,3566.0,0.2532,116.0,136.0,0.024,14085.0,10648.0,3437.0,0.244,107.0,230.0,0.0316,13407,11035,2372,0.1769,92,123,0.0195
1100130,23639.0,16528.0,7111.0,0.3008,127.0,183.0,0.0188,23639.0,16644.0,6995.0,0.2959,131.0,273.0,0.0243,25008,18517,6491,0.2596,145,158,0.0164
1100320,17389.0,12929.0,4460.0,0.2565,138.0,181.0,0.0247,17395.0,12971.0,4424.0,0.2543,129.0,280.0,0.0315,17091,13734,3357,0.1964,138,160,0.0217
1100338,18003.0,13395.0,4608.0,0.256,91.0,155.0,0.0184,18003.0,13403.0,4600.0,0.2555,89.0,191.0,0.0209,19455,15240,4215,0.2167,103,147,0.0164
1100031,4781.0,3592.0,1189.0,0.2487,29.0,48.0,0.0214,4781.0,3621.0,1160.0,0.2426,36.0,74.0,0.0304,4950,3952,998,0.2016,33,49,0.0207
1100809,18894.0,13704.0,5190.0,0.2747,114.0,211.0,0.0237,18896.0,13354.0,5542.0,0.2933,103.0,263.0,0.0274,20465,15520,4945,0.2416,108,216,0.0209
1101104,6445.0,4562.0,1883.0,0.2922,38.0,51.0,0.0195,6447.0,4509.0,1938.0,0.3006,31.0,100.0,0.0291,7204,5443,1761,0.2444,44,63,0.0197
1100502,6839.0,5437.0,1402.0,0.205,48.0,72.0,0.0221,6839.0,5450.0,1389.0,0.2031,57.0,122.0,0.0328,7035,5835,1200,0.1706,57,63,0.0206
1100908,3075.0,2296.0,779.0,0.2533,19.0,27.0,0.02,3076.0,2287.0,789.0,0.2565,26.0,43.0,0.0302,3409,2715,694,0.2036,24,37,0.0225
1101807,6175.0,4441.0,1734.0,0.2808,37.0,54.0,0.0205,6178.0,4453.0,1725.0,0.2792,34.0,84.0,0.0265,5538,4413,1125,0.2031,28,62,0.0204
1101708,9543.0,6818.0,2725.0,0.2855,82.0,112.0,0.0285,9543.0,6864.0,2679.0,0.2807,98.0,142.0,0.035,9186,7305,1881,0.2048,71,92,0.0223
1101302,9138.0,6527.0,2611.0,0.2857,66.0,83.0,0.0228,9138.0,6529.0,2609.0,0.2855,64.0,126.0,0.0291,8333,6666,1667,0.2,66,105,0.0257
1101500,10067.0,7405.0,2662.0,0.2644,65.0,99.0,0.0221,10069.0,7428.0,2641.0,0.2623,79.0,158.0,0.0319,9666,7884,1782,0.1844,69,83,0.0193
1101609,8054.0,5830.0,2224.0,0.2761,62.0,95.0,0.0269,8054.0,5753.0,2301.0,0.2857,50.0,103.0,0.0266,7587,6027,1560,0.2056,46,70,0.0192
1101203,6001.0,4633.0,1368.0,0.228,35.0,80.0,0.0248,6002.0,4687.0,1315.0,0.2191,34.0,111.0,0.0309,6153,4931,1222,0.1986,53,66,0.0241
1101005,7422.0,5417.0,2005.0,0.2701,47.0,80.0,0.0234,7422.0,5327.0,2095.0,0.2823,59.0,103.0,0.0304,7203,5760,1443,0.2003,42,85,0.022
1100601,3947.0,2989.0,958.0,0.2427,21.0,44.0,0.0217,3947.0,3000.0,947.0,0.2399,33.0,65.0,0.0327,3901,3101,800,0.2051,26,42,0.0219
1100403,11742.0,8628.0,3114.0,0.2652,92.0,130.0,0.0257,11746.0,8614.0,3132.0,0.2666,80.0,129.0,0.0243,12087,9423,2664,0.2204,80,117,0.0209
1100262,3322.0,2389.0,933.0,0.2809,13.0,19.0,0.0134,3323.0,2402.0,921.0,0.2772,21.0,39.0,0.025,3508,2681,827,0.2357,26,26,0.0194
1100072,5621.0,4405.0,1216.0,0.2163,55.0,59.0,0.0259,5621.0,4363.0,1258.0,0.2238,47.0,109.0,0.0358,5751,4586,1165,0.2026,39,52,0.0198
1101401,10082.0,7305.0,2777.0,0.2754,39.0,105.0,0.0197,10083.0,7266.0,2817.0,0.2794,58.0,137.0,0.0268,10191,7825,2366,0.2322,47,94,0.018
1100700,7748.0,5565.0,2183.0,0.2818,38.0,71.0,0.0196,7748.0,5567.0,2181.0,0.2815,48.0,116.0,0.0295,7516,5914,1602,0.2131,40,49,0.015
1100940,11121.0,7920.0,3201.0,0.2878,55.0,113.0,0.0212,11120.0,7733.0,3387.0,0.3046,63.0,123.0,0.0241,11176,8618,2558,0.2289,67,98,0.0191
1101757,6381.0,4739.0,1642.0,0.2573,31.0,59.0,0.019,6382.0,4692.0,1690.0,0.2648,51.0,98.0,0.0318,6627,5176,1451,0.219,27,64,0.0176
1101450,3269.0,2489.0,780.0,0.2386,16.0,30.0,0.0185,3269.0,2393.0,876.0,0.268,25.0,59.0,0.0351,3875,2961,914,0.2359,17,42,0.0199
1101484,4435.0,3420.0,1015.0,0.2289,30.0,50.0,0.0234,4437.0,3538.0,899.0,0.2026,60.0,110.0,0.048,4530,3615,915,0.202,45,61,0.0293
1101476,2877.0,2267.0,610.0,0.212,21.0,52.0,0.0322,2877.0,2276.0,601.0,0.2089,29.0,58.0,0.0382,3047,2502,545,0.1789,26,40,0.0264
1100379,8354.0,6461.0,1893.0,0.2266,57.0,116.0,0.0268,8354.0,6507.0,1847.0,0.2211,73.0,208.0,0.0432,8837,7063,1774,0.2007,84,91,0.0248
1101435,5566.0,4132.0,1434.0,0.2576,27.0,48.0,0.0182,5566.0,4180.0,1386.0,0.249,38.0,103.0,0.0337,5350,4351,999,0.1867,34,43,0.0177
1101559,4088.0,3046.0,1042.0,0.2549,28.0,43.0,0.0233,4088.0,3068.0,1020.0,0.2495,34.0,46.0,0.0261,3927,3174,753,0.1917,32,37,0.0217
1100452,22959.0,15865.0,7094.0,0.309,115.0,204.0,0.0201,22967.0,16130.0,6837.0,0.2977,114.0,277.0,0.0242,23318,17787,5531,0.2372,120,189,0.0174
1101468,1988.0,1508.0,480.0,0.2414,9.0,16.0,0.0166,1989.0,1467.0,522.0,0.2624,14.0,15.0,0.0198,2286,1758,528,0.231,6,16,0.0125
1101492,12556.0,9382.0,3174.0,0.2528,84.0,89.0,0.0184,12557.0,9322.0,3235.0,0.2576,77.0,141.0,0.0234,12702,10099,2603,0.2049,70,92,0.016
1100924,7344.0,5142.0,2202.0,0.2998,47.0,65.0,0.0218,7344.0,5070.0,2274.0,0.3096,35.0,97.0,0.026,7696,5499,2197,0.2855,44,61,0.0191
1200138,9947.0,7532.0,2415.0,0.2428,70.0,199.0,0.0357,9948.0,6846.0,3102.0,0.3118,88.0,107.0,0.0285,11152,8657,2495,0.2237,98,251,0.0403
1200179,7836.0,6166.0,1670.0,0.2131,36.0,119.0,0.0251,7836.0,5550.0,2286.0,0.2917,34.0,56.0,0.0162,8170,6513,1657,0.2028,56,159,0.033
1200807,13179.0,10579.0,2600.0,0.1973,91.0,229.0,0.0302,13179.0,9880.0,3299.0,0.2503,66.0,113.0,0.0181,14284,11609,2675,0.1873,124,357,0.0414
1200435,3768.0,2610.0,1158.0,0.3073,15.0,77.0,0.0352,3770.0,2425.0,1345.0,0.3568,17.0,64.0,0.0334,3927,2884,1043,0.2656,12,130,0.0492
1200351,11361.0,8280.0,3081.0,0.2712,31.0,190.0,0.0267,11360.0,6621.0,4739.0,0.4172,47.0,122.0,0.0255,11897,9352,2545,0.2139,48,226,0.0293
1200104,18195.0,14537.0,3658.0,0.201,116.0,283.0,0.0274,18197.0,13795.0,4402.0,0.2419,99.0,145.0,0.0177,19978,15907,4071,0.2038,135,385,0.0327
1200393,7234.0,5655.0,1579.0,0.2183,36.0,116.0,0.0269,7234.0,4101.0,3133.0,0.4331,65.0,77.0,0.0346,8032,6520,1512,0.1882,49,175,0.0344
1200203,59192.0,46663.0,12529.0,0.2117,487.0,975.0,0.0313,59210.0,42788.0,16422.0,0.2774,473.0,646.0,0.0262,63851,51482,12369,0.1937,573,1253,0.0355
1200427,11789.0,9094.0,2695.0,0.2286,59.0,169.0,0.0251,11789.0,7586.0,4203.0,0.3565,51.0,69.0,0.0158,12185,10218,1967,0.1614,69,218,0.0281
1200336,13771.0,10566.0,3205.0,0.2327,82.0,240.0,0.0305,13771.0,9228.0,4543.0,0.3299,82.0,107.0,0.0205,14657,12089,2568,0.1752,96,304,0.0331
1200328,5594.0,4148.0,1446.0,0.2585,6.0,124.0,0.0313,5590.0,3502.0,2088.0,0.3735,24.0,65.0,0.0254,5999,4514,1485,0.2475,15,200,0.0476
1200252,12513.0,9937.0,2576.0,0.2059,73.0,198.0,0.0273,12514.0,9376.0,3138.0,0.2508,78.0,105.0,0.0195,14599,11702,2897,0.1984,101,319,0.0359
1200013,9521.0,7293.0,2228.0,0.234,45.0,130.0,0.024,9522.0,6920.0,2602.0,0.2733,51.0,92.0,0.0207,10207,8055,2152,0.2108,56,208,0.0328
1200302,22750.0,15854.0,6896.0,0.3031,116.0,518.0,0.04,22749.0,13964.0,8785.0,0.3862,134.0,334.0,0.0335,24197,18156,6041,0.2497,133,727,0.0474
1200401,266812.0,210861.0,55951.0,0.2097,2676.0,4556.0,0.0343,266811.0,202178.0,64633.0,0.2422,2727.0,3488.0,0.0307,270174,215564,54610,0.2021,3119,5591,0.0404
1200500,30309.0,22457.0,7852.0,0.2591,185.0,486.0,0.0299,30311.0,18970.0,11341.0,0.3742,151.0,237.0,0.0205,30864,24661,6203,0.201,254,765,0.0413
1200609,27619.0,19307.0,8312.0,0.301,196.0,603.0,0.0414,27623.0,16339.0,11284.0,0.4085,175.0,295.0,0.0288,29970,22603,7367,0.2458,223,872,0.0484
1200708,12097.0,9683.0,2414.0,0.1996,68.0,255.0,0.0334,12096.0,9064.0,3032.0,0.2507,56.0,157.0,0.0235,12774,10285,2489,0.1948,105,376,0.0468
1200385,12270.0,9682.0,2588.0,0.2109,80.0,212.0,0.0302,12270.0,8681.0,3589.0,0.2925,83.0,116.0,0.0229,12291,9931,2360,0.192,64,299,0.0366
1200450,17817.0,14220.0,3597.0,0.2019,137.0,328.0,0.0327,17821.0,13180.0,4641.0,0.2604,161.0,169.0,0.025,18638,15166,3472,0.1863,180,430,0.0402
1200344,7774.0,5760.0,2014.0,0.2591,37.0,189.0,0.0392,7775.0,5057.0,2718.0,0.3496,30.0,91.0,0.0239,8602,6717,1885,0.2191,49,236,0.0424
1200054,6390.0,5019.0,1371.0,0.2146,22.0,126.0,0.0295,6389.0,4709.0,1680.0,0.263,30.0,67.0,0.0206,7294,5745,1549,0.2124,20,204,0.039
1300144,11692.0,7940.0,3752.0,0.3209,50.0,86.0,0.0171,11693.0,8020.0,3673.0,0.3141,46.0,241.0,0.0358,11540,8450,3090,0.2678,39,105,0.017
1303205,11480.0,8879.0,2601.0,0.2266,49.0,121.0,0.0191,11483.0,8238.0,3245.0,0.2826,46.0,299.0,0.0419,13332,9758,3574,0.2681,64,197,0.0267
1301654,11815.0,7977.0,3838.0,0.3248,45.0,172.0,0.0272,11817.0,7682.0,4135.0,0.3499,62.0,322.0,0.05,12171,9202,2969,0.2439,68,240,0.0335
1300102,10812.0,8204.0,2608.0,0.2412,41.0,74.0,0.014,10812.0,7396.0,3416.0,0.3159,52.0,298.0,0.0473,11109,8735,2374,0.2137,53,106,0.0182
1301159,16762.0,13041.0,3721.0,0.222,80.0,156.0,0.0181,16762.0,11761.0,5001.0,0.2984,84.0,512.0,0.0507,18436,14049,4387,0.238,94,216,0.0221
1300201,8962.0,6194.0,2768.0,0.3089,18.0,113.0,0.0211,8966.0,6074.0,2892.0,0.3226,22.0,256.0,0.0458,9508,6965,2543,0.2675,24,126,0.0215
1300300,28954.0,21979.0,6975.0,0.2409,119.0,383.0,0.0228,28954.0,20127.0,8827.0,0.3049,129.0,909.0,0.0516,32340,24067,8273,0.2558,148,530,0.0282
1300409,11804.0,7558.0,4246.0,0.3597,27.0,143.0,0.0225,11803.0,7511.0,4292.0,0.3636,31.0,381.0,0.0549,12648,8006,4642,0.367,34,201,0.0294
1300508,21076.0,16739.0,4337.0,0.2058,45.0,223.0,0.016,21077.0,16029.0,5048.0,0.2395,47.0,576.0,0.0389,22727,18433,4294,0.1889,70,258,0.0178
1300607,22243.0,16927.0,5316.0,0.239,58.0,212.0,0.016,22245.0,16874.0,5371.0,0.2414,91.0,790.0,0.0522,24218,20087,4131,0.1706,86,313,0.0199
1300706,23010.0,16253.0,6757.0,0.2937,135.0,384.0,0.0319,23006.0,16484.0,6522.0,0.2835,145.0,790.0,0.0567,23223,17594,5629,0.2424,134,402,0.0305
1300805,20894.0,16571.0,4323.0,0.2069,51.0,255.0,0.0185,20894.0,16371.0,4523.0,0.2165,89.0,630.0,0.0439,24462,19008,5454,0.223,82,337,0.022
1300904,10034.0,7006.0,3028.0,0.3018,32.0,146.0,0.0254,10035.0,6830.0,3205.0,0.3194,49.0,291.0,0.0498,10740,7932,2808,0.2615,41,163,0.0257
1301001,21551.0,14082.0,7469.0,0.3466,64.0,250.0,0.0223,21550.0,14711.0,6839.0,0.3174,125.0,652.0,0.0528,20927,14918,6009,0.2871,114,348,0.031
1301100,24216.0,17561.0,6655.0,0.2748,99.0,412.0,0.0291,24216.0,16454.0,7762.0,0.3205,139.0,796.0,0.0568,27452,20216,7236,0.2636,151,539,0.0341
1301209,51522.0,35733.0,15789.0,0.3065,175.0,482.0,0.0184,51524.0,34258.0,17266.0,0.3351,229.0,1359.0,0.0464,51479,38141,13338,0.2591,174,594,0.0201
1301308,16464.0,11907.0,4557.0,0.2768,37.0,200.0,0.0199,16463.0,11055.0,5408.0,0.3285,51.0,395.0,0.0403,17092,13162,3930,0.2299,46,248,0.0223
1301407,20056.0,14530.0,5526.0,0.2755,103.0,359.0,0.0318,20055.0,15148.0,4907.0,0.2447,173.0,887.0,0.07,22838,15594,7244,0.3172,184,468,0.0418
1301506,12083.0,7531.0,4552.0,0.3767,36.0,202.0,0.0316,12083.0,7579.0,4504.0,0.3728,107.0,437.0,0.0718,10870,7840,3030,0.2787,53,274,0.0417
1301605,16328.0,11651.0,4677.0,0.2864,47.0,180.0,0.0195,16337.0,11439.0,4898.0,0.2998,54.0,484.0,0.047,17120,13063,4057,0.237,43,222,0.0203
1301704,32834.0,24383.0,8451.0,0.2574,153.0,285.0,0.018,32832.0,24243.0,8589.0,0.2616,178.0,724.0,0.0372,34907,27459,7448,0.2134,193,427,0.0226
1303601,8916.0,5573.0,3343.0,0.3749,28.0,157.0,0.0332,8917.0,5286.0,3631.0,0.4072,29.0,249.0,0.0526,9379,6580,2799,0.2984,25,218,0.0369
1301803,11955.0,7720.0,4235.0,0.3542,50.0,233.0,0.0367,11955.0,7730.0,4225.0,0.3534,91.0,542.0,0.0819,11575,8455,3120,0.2695,92,228,0.0378
1301902,71130.0,54871.0,16259.0,0.2286,295.0,613.0,0.0165,71135.0,51551.0,19584.0,0.2753,418.0,1705.0,0.0412,76067,58385,17682,0.2325,431,801,0.0211
1302009,8346.0,6454.0,1892.0,0.2267,23.0,71.0,0.0146,8348.0,6233.0,2115.0,0.2534,30.0,208.0,0.0382,9689,7468,2221,0.2292,37,95,0.0177
1302108,5107.0,3392.0,1715.0,0.3358,15.0,55.0,0.0206,5108.0,3072.0,2036.0,0.3986,27.0,143.0,0.0553,5709,3916,1793,0.3141,20,54,0.0189
1302207,7874.0,5324.0,2550.0,0.3239,28.0,151.0,0.0336,7874.0,5021.0,2853.0,0.3623,67.0,283.0,0.0697,7620,5616,2004,0.263,40,167,0.0369
1302306,14312.0,9487.0,4825.0,0.3371,30.0,232.0,0.0276,14312.0,9746.0,4566.0,0.319,89.0,563.0,0.0669,15903,10984,4919,0.3093,42,280,0.0293
1302405,27125.0,19176.0,7949.0,0.2931,75.0,288.0,0.0189,27124.0,18857.0,8267.0,0.3048,115.0,817.0,0.0494,29351,22463,6888,0.2347,121,335,0.0203
1302504,72662.0,57567.0,15095.0,0.2077,363.0,768.0,0.0196,72669.0,54657.0,18012.0,0.2479,431.0,2173.0,0.0476,81115,64079,17036,0.21,456,1062,0.0237
1302603,1418757.0,1202632.0,216041.0,0.1523,15221.0,24314.0,0.0329,1418871.0,1190953.0,227834.0,0.1606,15701.0,44981.0,0.051,1477265,1223229,254036,0.172,18468,22222,0.0333
1302702,33168.0,24538.0,8630.0,0.2602,85.0,233.0,0.013,33169.0,24003.0,9166.0,0.2763,116.0,659.0,0.0323,33789,26839,6950,0.2057,126,387,0.0191
1302801,10070.0,6080.0,3990.0,0.3962,25.0,83.0,0.0178,10073.0,5482.0,4591.0,0.4558,36.0,228.0,0.0482,9995,7028,2967,0.2968,29,127,0.0222
1302900,36860.0,27296.0,9564.0,0.2595,105.0,334.0,0.0161,36865.0,25681.0,11184.0,0.3034,123.0,854.0,0.038,38063,28766,9297,0.2443,114,463,0.0201
1303007,14309.0,11130.0,3179.0,0.2222,33.0,87.0,0.0108,14308.0,10741.0,3567.0,0.2493,57.0,288.0,0.0321,15833,12275,3558,0.2247,45,167,0.0173
1303106,19057.0,14313.0,4744.0,0.2489,64.0,186.0,0.0175,19056.0,13441.0,5615.0,0.2947,92.0,562.0,0.0487,19945,15708,4237,0.2124,92,298,0.0248
1303304,13651.0,9424.0,4227.0,0.3096,36.0,170.0,0.0219,13651.0,9249.0,4402.0,0.3225,50.0,347.0,0.0429,13283,9923,3360,0.253,48,173,0.0223
1303403,72773.0,55064.0,17709.0,0.2433,290.0,438.0,0.0132,72784.0,52308.0,20476.0,0.2813,382.0,1428.0,0.0346,73020,56691,16329,0.2236,343,637,0.0173
1303502,11419.0,7733.0,3686.0,0.3228,23.0,134.0,0.0203,11419.0,7410.0,4009.0,0.3511,34.0,301.0,0.0452,11565,8565,3000,0.2594,28,160,0.0219
1303700,16282.0,12698.0,3584.0,0.2201,32.0,207.0,0.0188,16281.0,12637.0,3644.0,0.2238,50.0,588.0,0.0505,18469,14981,3488,0.1889,51,245,0.0198
1303908,18540.0,14906.0,3634.0,0.196,51.0,273.0,0.0217,18536.0,14832.0,3704.0,0.1998,64.0,615.0,0.0458,21421,17918,3503,0.1635,47,259,0.0171
1304005,8334.0,6520.0,1814.0,0.2177,14.0,58.0,0.011,8334.0,6071.0,2263.0,0.2715,32.0,187.0,0.0361,9656,7541,2115,0.219,35,91,0.0167
1304104,14018.0,9702.0,4316.0,0.3079,31.0,184.0,0.0222,14019.0,9099.0,4920.0,0.351,51.0,433.0,0.0532,14621,10754,3867,0.2645,45,208,0.0235
1304203,41755.0,33796.0,7959.0,0.1906,168.0,423.0,0.0175,41762.0,33023.0,8739.0,0.2093,196.0,1246.0,0.0437,49827,39486,10341,0.2075,217,521,0.0187
1303809,31981.0,21597.0,10384.0,0.3247,78.0,209.0,0.0133,31989.0,21900.0,10089.0,0.3154,83.0,624.0,0.0323,32420,24092,8328,0.2569,81,222,0.0126
1304302,12254.0,8987.0,3267.0,0.2666,45.0,119.0,0.0182,12257.0,8575.0,3682.0,0.3004,51.0,299.0,0.0408,12648,9407,3241,0.2562,64,165,0.0243
1304401,13184.0,9775.0,3409.0,0.2586,47.0,90.0,0.014,13184.0,9236.0,3948.0,0.2995,41.0,286.0,0.0354,14200,10782,3418,0.2407,57,132,0.0175
1300029,11310.0,8669.0,2641.0,0.2335,20.0,155.0,0.0202,11311.0,8433.0,2878.0,0.2544,31.0,322.0,0.0419,12444,9839,2605,0.2093,22,117,0.0141
1300060,6799.0,5405.0,1394.0,0.205,21.0,102.0,0.0228,6799.0,5381.0,1418.0,0.2086,27.0,292.0,0.0593,7522,6369,1153,0.1533,15,102,0.0184
1300086,8653.0,6465.0,2188.0,0.2529,20.0,78.0,0.0152,8652.0,6019.0,2633.0,0.3043,50.0,185.0,0.039,9177,6876,2301,0.2507,36,106,0.0207
1300631,13827.0,10419.0,3408.0,0.2465,37.0,117.0,0.0148,13827.0,8998.0,4829.0,0.3492,61.0,398.0,0.051,15139,11548,3591,0.2372,49,149,0.0171
1300680,12708.0,9683.0,3025.0,0.238,28.0,89.0,0.0121,12708.0,9244.0,3464.0,0.2726,44.0,291.0,0.0362,13666,10626,3040,0.2224,29,127,0.0147
1300839,9622.0,7124.0,2498.0,0.2596,24.0,64.0,0.0124,9620.0,6228.0,3392.0,0.3526,40.0,220.0,0.0417,9486,7067,2419,0.255,34,127,0.0228
1400233,6482.0,5631.0,851.0,0.1313,26.0,87.0,0.0201,6482.0,5249.0,1233.0,0.1902,30.0,65.0,0.0181,7649,6612,1037,0.1356,46,93,0.021
1400100,233090.0,192892.0,40198.0,0.1725,1621.0,2826.0,0.0231,233102.0,186321.0,46781.0,0.2007,1695.0,2415.0,0.0221,241509,199571,41938,0.1736,1885,2492,0.0219
1400282,5759.0,4986.0,773.0,0.1342,37.0,125.0,0.0325,5760.0,4347.0,1413.0,0.2453,38.0,71.0,0.0251,7593,6153,1440,0.1896,49,121,0.0276
1400209,14148.0,11681.0,2467.0,0.1744,59.0,187.0,0.0211,14136.0,9966.0,4170.0,0.295,48.0,112.0,0.0161,15259,12452,2807,0.184,90,192,0.0226
1400027,6495.0,5598.0,897.0,0.1381,29.0,85.0,0.0204,6495.0,4722.0,1773.0,0.273,11.0,35.0,0.0097,7631,6520,1111,0.1456,32,145,0.0271
1400050,10902.0,9285.0,1617.0,0.1483,60.0,155.0,0.0232,10907.0,8259.0,2648.0,0.2428,28.0,78.0,0.0128,13408,11347,2061,0.1537,68,173,0.0212
1400175,13346.0,11284.0,2062.0,0.1545,66.0,176.0,0.0214,13345.0,9907.0,3438.0,0.2576,51.0,89.0,0.0141,17613,14635,2978,0.1691,67,207,0.0187
1400159,10201.0,8647.0,1554.0,0.1523,41.0,152.0,0.0223,10200.0,7676.0,2524.0,0.2475,27.0,68.0,0.0124,12329,10091,2238,0.1815,48,151,0.0197
1400472,20471.0,16659.0,3812.0,0.1862,137.0,307.0,0.0267,20467.0,15048.0,5419.0,0.2648,105.0,154.0,0.0172,23761,19054,4707,0.1981,127,333,0.0241
1400308,12433.0,10424.0,2009.0,0.1616,51.0,191.0,0.0232,12439.0,9563.0,2876.0,0.2312,60.0,100.0,0.0167,14383,12003,2380,0.1655,76,193,0.0224
1400704,6329.0,5536.0,793.0,0.1253,15.0,117.0,0.0238,6329.0,5262.0,1067.0,0.1686,6.0,80.0,0.0163,9128,7926,1202,0.1317,7,124,0.0165
1400407,7644.0,6675.0,969.0,0.1268,22.0,89.0,0.0166,7644.0,6093.0,1551.0,0.2029,15.0,35.0,0.0082,9686,8367,1319,0.1362,24,96,0.0143
1400456,8427.0,6795.0,1632.0,0.1937,26.0,97.0,0.0181,8428.0,6065.0,2363.0,0.2804,21.0,41.0,0.0102,9762,8084,1678,0.1719,29,114,0.0177
1400506,4936.0,4268.0,668.0,0.1353,35.0,87.0,0.0286,4936.0,3768.0,1168.0,0.2366,22.0,52.0,0.0196,5728,4843,885,0.1545,38,76,0.0235
1400605,5969.0,5043.0,926.0,0.1551,30.0,99.0,0.0256,5971.0,4023.0,1948.0,0.3262,16.0,55.0,0.0176,6082,5114,968,0.1592,32,99,0.0256
1503093,22433.0,16281.0,6152.0,0.2742,102.0,214.0,0.0194,22434.0,15596.0,6838.0,0.3048,132.0,234.0,0.0235,21405,16841,4564,0.2132,140,511,0.0387
1500107,119655.0,100015.0,19640.0,0.1641,605.0,1111.0,0.0172,119651.0,99608.0,20043.0,0.1675,864.0,1313.0,0.0219,123890,106322,17568,0.1418,867,2579,0.0324
1507953,52835.0,40306.0,12529.0,0.2371,273.0,636.0,0.0226,52835.0,39765.0,13070.0,0.2474,296.0,594.0,0.0224,55596,43893,11703,0.2105,460,1560,0.046
1500206,44082.0,37614.0,6468.0,0.1467,211.0,463.0,0.0179,44084.0,36529.0,7555.0,0.1714,283.0,552.0,0.0229,48817,40862,7955,0.163,267,1397,0.0407
1501576,10893.0,8705.0,2188.0,0.2009,50.0,166.0,0.0248,10895.0,8566.0,2329.0,0.2138,64.0,160.0,0.0261,12477,9631,2846,0.2281,52,323,0.0389
1500305,27035.0,21188.0,5847.0,0.2163,70.0,378.0,0.0211,27039.0,19363.0,7676.0,0.2839,99.0,353.0,0.0233,29760,23301,6459,0.217,149,909,0.0454
1507474,17603.0,13710.0,3893.0,0.2212,76.0,178.0,0.0185,17606.0,12798.0,4808.0,0.2731,92.0,186.0,0.0217,18795,14884,3911,0.2081,116,502,0.0415
1500404,40901.0,33085.0,7816.0,0.1911,157.0,345.0,0.0152,40919.0,32163.0,8756.0,0.214,215.0,365.0,0.018,45624,37022,8602,0.1885,199,976,0.0317
1508084,28541.0,20357.0,8184.0,0.2867,128.0,176.0,0.0149,28541.0,20273.0,8268.0,0.2897,127.0,200.0,0.0161,28014,20885,7129,0.2545,149,422,0.0273
1500503,23616.0,17679.0,5937.0,0.2514,86.0,225.0,0.0176,23619.0,16655.0,6964.0,0.2948,92.0,257.0,0.021,23890,17878,6012,0.2517,123,547,0.0375
1504059,26145.0,19538.0,6607.0,0.2527,148.0,297.0,0.0228,26145.0,19286.0,6859.0,0.2623,193.0,294.0,0.0253,25345,20877,4468,0.1763,182,737,0.044
1500602,89319.0,65101.0,24218.0,0.2711,693.0,979.0,0.0257,89332.0,65143.0,24189.0,0.2708,573.0,1005.0,0.0242,86743,67458,19285,0.2223,758,1870,0.039
1502954,20687.0,14955.0,5732.0,0.2771,105.0,204.0,0.0207,20687.0,14853.0,5834.0,0.282,132.0,210.0,0.023,20306,16255,4051,0.1995,119,515,0.039
1500701,21528.0,15786.0,5742.0,0.2667,61.0,356.0,0.0264,21531.0,14542.0,6989.0,0.3246,82.0,291.0,0.0256,22636,17911,4725,0.2087,59,811,0.0486
1506559,17976.0,13794.0,4182.0,0.2326,80.0,246.0,0.0236,17976.0,13224.0,4752.0,0.2644,93.0,241.0,0.0253,18518,14944,3574,0.193,125,649,0.0518
1500800,348928.0,287983.0,60945.0,0.1747,3839.0,5269.0,0.0316,348875.0,285709.0,63166.0,0.1811,3624.0,5701.0,0.0326,358249,297406,60843,0.1698,4896,8861,0.0463
1505494,5581.0,4610.0,971.0,0.174,18.0,65.0,0.018,5581.0,4438.0,1143.0,0.2048,21.0,63.0,0.0189,5862,4623,1239,0.2114,21,172,0.0417
1500909,35835.0,28815.0,7020.0,0.1959,150.0,452.0,0.0209,35835.0,27048.0,8787.0,0.2452,218.0,466.0,0.0253,39219,31644,7575,0.1931,225,1422,0.052
1503457,24089.0,17798.0,6291.0,0.2612,115.0,315.0,0.0242,24091.0,17324.0,6767.0,0.2809,142.0,283.0,0.0245,24689,19343,5346,0.2165,153,840,0.0513
1501006,11628.0,8259.0,3369.0,0.2897,31.0,93.0,0.015,11629.0,7583.0,4046.0,0.3479,37.0,81.0,0.0156,11870,9093,2777,0.234,46,231,0.0305
1503754,13275.0,9000.0,4275.0,0.322,52.0,136.0,0.0209,13275.0,8692.0,4583.0,0.3452,44.0,163.0,0.0238,13777,10226,3551,0.2577,41,477,0.0507
1501105,15949.0,11878.0,4071.0,0.2553,44.0,143.0,0.0157,15950.0,10557.0,5393.0,0.3381,39.0,141.0,0.0171,16607,13159,3448,0.2076,52,482,0.0406
1501725,15161.0,12179.0,2982.0,0.1967,101.0,154.0,0.0209,15161.0,12448.0,2713.0,0.1789,82.0,169.0,0.0202,16697,13476,3221,0.1929,103,344,0.0332
1501204,26479.0,21139.0,5340.0,0.2017,135.0,193.0,0.0155,26477.0,20141.0,6336.0,0.2393,158.0,242.0,0.0199,27595,22967,4628,0.1677,178,671,0.037
1506351,17169.0,13809.0,3360.0,0.1957,133.0,204.0,0.0244,17169.0,13552.0,3617.0,0.2107,139.0,256.0,0.0291,18358,15043,3315,0.1806,190,462,0.0433
1501303,94533.0,77770.0,16763.0,0.1773,772.0,996.0,0.0227,94537.0,76545.0,17992.0,0.1903,823.0,1080.0,0.0249,102889,83714,19175,0.1864,1192,2344,0.0422
1500347,9790.0,7634.0,2156.0,0.2202,34.0,93.0,0.0166,9790.0,7676.0,2114.0,0.2159,56.0,74.0,0.0169,10878,8363,2515,0.2312,33,205,0.0285
1501402,1066292.0,883983.0,182309.0,0.171,10626.0,15850.0,0.03,1065889.0,888359.0,177530.0,0.1666,11215.0,18235.0,0.0332,1048781,866529,182252,0.1738,14208,26103,0.0465
1508050,11893.0,8569.0,3324.0,0.2795,58.0,120.0,0.0208,11893.0,8309.0,3584.0,0.3014,56.0,113.0,0.0203,12441,9187,3254,0.2616,62,245,0.0334
1501501,46837.0,38098.0,8739.0,0.1866,368.0,522.0,0.0234,46836.0,37529.0,9307.0,0.1987,375.0,562.0,0.025,49269,41355,7914,0.1606,597,1297,0.0458
1505551,7754.0,5532.0,2222.0,0.2866,34.0,54.0,0.0159,7754.0,5304.0,2450.0,0.316,21.0,65.0,0.0162,8655,6685,1970,0.2276,35,190,0.0337
1501600,12188.0,10150.0,2038.0,0.1672,86.0,160.0,0.0242,12188.0,9722.0,2466.0,0.2023,81.0,153.0,0.0241,12897,10621,2276,0.1765,98,443,0.0509
1508126,19998.0,14928.0,5070.0,0.2535,94.0,166.0,0.0174,20000.0,14625.0,5375.0,0.2688,95.0,158.0,0.0173,20159,16081,4078,0.2023,107,424,0.033
1501709,89316.0,70416.0,18900.0,0.2116,448.0,994.0,0.0205,89315.0,67936.0,21379.0,0.2394,613.0,1062.0,0.0247,94963,76483,18480,0.1946,689,2330,0.0395
1500958,19126.0,14178.0,4948.0,0.2587,78.0,248.0,0.023,19126.0,13791.0,5335.0,0.2789,103.0,277.0,0.0276,18265,14648,3617,0.198,97,603,0.0478
1501808,73739.0,54920.0,18819.0,0.2552,264.0,893.0,0.0211,73741.0,50108.0,23633.0,0.3205,282.0,834.0,0.0223,77288,61897,15391,0.1991,356,2236,0.0419
1507979,14637.0,10918.0,3719.0,0.2541,76.0,90.0,0.0152,14637.0,10652.0,3985.0,0.2723,83.0,83.0,0.0156,15511,12287,3224,0.2079,88,274,0.0295
1501907,21652.0,17916.0,3736.0,0.1725,79.0,169.0,0.0138,21652.0,17395.0,4257.0,0.1966,104.0,194.0,0.0171,21846,18899,2947,0.1349,149,494,0.034
1505031,23870.0,16372.0,7498.0,0.3141,101.0,160.0,0.0159,23876.0,16888.0,6988.0,0.2927,97.0,177.0,0.0162,24783,18089,6694,0.2701,123,377,0.0276
1502004,18758.0,14308.0,4450.0,0.2372,59.0,151.0,0.0147,18759.0,13636.0,5123.0,0.2731,76.0,153.0,0.0168,18975,15247,3728,0.1965,97,539,0.0417
1508357,14707.0,11620.0,3087.0,0.2099,77.0,143.0,0.0189,14707.0,11268.0,3439.0,0.2338,83.0,151.0,0.0208,16489,13147,3342,0.2027,95,355,0.0342
1502103,100339.0,83919.0,16420.0,0.1636,416.0,691.0,0.0132,100331.0,81657.0,18674.0,0.1861,627.0,812.0,0.0176,106190,92293,13897,0.1309,611,2353,0.0321
1505064,45734.0,33329.0,12405.0,0.2712,217.0,400.0,0.0185,45734.0,32782.0,12952.0,0.2832,185.0,481.0,0.0203,45702,35936,9766,0.2137,233,1040,0.0354
1502202,53042.0,43171.0,9871.0,0.1861,521.0,622.0,0.0265,53045.0,42419.0,10626.0,0.2003,485.0,733.0,0.0287,54759,45065,9694,0.177,581,1378,0.0435
1501782,33420.0,23117.0,10303.0,0.3083,170.0,339.0,0.022,33423.0,22168.0,11255.0,0.3367,161.0,343.0,0.0227,32173,24359,7814,0.2429,195,836,0.0423
1502301,40965.0,34144.0,6821.0,0.1665,246.0,455.0,0.0205,40966.0,33118.0,7848.0,0.1916,284.0,427.0,0.0215,42609,35744,6865,0.1611,349,1096,0.0404
1507151,17065.0,12146.0,4919.0,0.2883,85.0,199.0,0.0234,17066.0,12142.0,4924.0,0.2885,83.0,254.0,0.0278,15405,12248,3157,0.2049,83,399,0.0394
1502400,138775.0,115304.0,23471.0,0.1691,1153.0,1679.0,0.0246,138771.0,115107.0,23664.0,0.1705,1274.0,1927.0,0.0278,143934,120369,23565,0.1637,1521,3006,0.0376
1504950,16184.0,12276.0,3908.0,0.2415,53.0,193.0,0.02,16185.0,11819.0,4366.0,0.2698,70.0,187.0,0.0217,15528,12476,3052,0.1965,65,542,0.0487
1502509,14431.0,10211.0,4220.0,0.2924,50.0,210.0,0.0255,14435.0,9324.0,5111.0,0.3541,41.0,189.0,0.0247,15966,11487,4479,0.2805,54,607,0.0575
1500131,5467.0,4244.0,1223.0,0.2237,16.0,84.0,0.0236,5467.0,4239.0,1228.0,0.2246,30.0,84.0,0.0269,6010,4601,1409,0.2344,36,161,0.0428
1502608,11433.0,9181.0,2252.0,0.197,61.0,118.0,0.0195,11433.0,8448.0,2985.0,0.2611,83.0,118.0,0.0238,12702,10443,2259,0.1778,121,292,0.0395
1502764,7166.0,5414.0,1752.0,0.2445,25.0,41.0,0.0122,7166.0,5218.0,1948.0,0.2718,16.0,49.0,0.0125,8216,6100,2116,0.2575,31,139,0.0279
1502707,33348.0,24630.0,8718.0,0.2614,196.0,417.0,0.0249,33347.0,24774.0,8573.0,0.2571,213.0,470.0,0.0276,33537,25089,8448,0.2519,229,899,0.045
1507961,10790.0,8540.0,2250.0,0.2085,70.0,93.0,0.0191,10791.0,8268.0,2523.0,0.2338,68.0,96.0,0.0198,12581,9911,2670,0.2122,73,304,0.038
1502806,23420.0,18562.0,4858.0,0.2074,58.0,251.0,0.0166,23420.0,17548.0,5872.0,0.2507,71.0,246.0,0.0181,25964,21453,4511,0.1737,78,725,0.0374
1503044,14081.0,10896.0,3185.0,0.2262,67.0,164.0,0.0212,14082.0,10551.0,3531.0,0.2507,58.0,156.0,0.0203,13756,10839,2917,0.2121,76,346,0.0389
1502905,33587.0,26486.0,7101.0,0.2114,184.0,492.0,0.0255,33589.0,25148.0,8441.0,0.2513,183.0,479.0,0.0263,36832,29265,7567,0.2054,285,1068,0.0462
1501253,2940.0,2213.0,727.0,0.2473,10.0,23.0,0.0149,2942.0,2167.0,775.0,0.2634,11.0,26.0,0.0171,3170,2393,777,0.2451,11,60,0.0297
1503002,6870.0,5081.0,1789.0,0.2604,19.0,29.0,0.0094,6871.0,4773.0,2098.0,0.3053,13.0,46.0,0.0124,7131,5417,1714,0.2404,30,107,0.0253
1504976,10287.0,8358.0,1929.0,0.1875,55.0,158.0,0.0255,10287.0,8067.0,2220.0,0.2158,70.0,180.0,0.031,11487,9158,2329,0.2028,60,357,0.0455
1503101,21629.0,17595.0,4034.0,0.1865,34.0,225.0,0.0147,21631.0,16315.0,5316.0,0.2458,53.0,181.0,0.0143,24520,20656,3864,0.1576,67,626,0.0335
1505650,13663.0,10523.0,3140.0,0.2298,117.0,101.0,0.0207,13663.0,10415.0,3248.0,0.2377,101.0,141.0,0.0232,14807,11933,2874,0.1941,124,308,0.0362
1503200,31521.0,25236.0,6285.0,0.1994,200.0,447.0,0.0256,31518.0,24969.0,6549.0,0.2078,222.0,482.0,0.0282,31175,26301,4874,0.1563,311,966,0.0486
1504422,84628.0,69755.0,14873.0,0.1757,823.0,998.0,0.0261,84631.0,68802.0,15829.0,0.187,793.0,1056.0,0.0269,90873,75057,15816,0.174,1134,2196,0.0444
1503309,51274.0,41682.0,9592.0,0.1871,259.0,448.0,0.017,51279.0,40037.0,11242.0,0.2192,401.0,547.0,0.0237,53657,45956,7701,0.1435,353,1385,0.0378
1508035,24332.0,19412.0,4920.0,0.2022,84.0,239.0,0.0166,24333.0,18670.0,5663.0,0.2327,107.0,238.0,0.0185,25730,20917,4813,0.1871,133,729,0.0412
1503408,8885.0,7689.0,1196.0,0.1346,51.0,96.0,0.0191,8885.0,7446.0,1439.0,0.162,55.0,103.0,0.0212,9354,7995,1359,0.1453,65,255,0.04
1506112,10180.0,7500.0,2680.0,0.2633,43.0,53.0,0.0128,10183.0,7114.0,3069.0,0.3014,59.0,93.0,0.0214,10484,7784,2700,0.2575,47,241,0.037
1503507,26827.0,21121.0,5706.0,0.2127,127.0,229.0,0.0169,26829.0,20431.0,6398.0,0.2385,170.0,366.0,0.0262,26388,22077,4311,0.1634,181,581,0.0345
1502152,48990.0,36512.0,12478.0,0.2547,311.0,374.0,0.0188,48994.0,36948.0,12046.0,0.2459,299.0,435.0,0.0199,73378,55028,18350,0.2501,594,1027,0.0295
1503606,87599.0,60238.0,27361.0,0.3123,593.0,696.0,0.0214,87608.0,58588.0,29020.0,0.3312,552.0,714.0,0.0216,85347,63645,21702,0.2543,669,1732,0.0377
1500859,22274.0,16635.0,5639.0,0.2532,131.0,185.0,0.019,22275.0,16044.0,6231.0,0.2797,117.0,217.0,0.0208,25278,19129,6149,0.2433,164,512,0.0353
1503705,33988.0,24345.0,9643.0,0.2837,129.0,290.0,0.0172,33988.0,23462.0,10526.0,0.3097,132.0,368.0,0.0213,32730,25496,7234,0.221,166,685,0.0334
1502855,10427.0,8828.0,1599.0,0.1534,27.0,83.0,0.0125,10427.0,8449.0,1978.0,0.1897,50.0,91.0,0.0167,11427,9593,1834,0.1605,41,244,0.0297
1503804,34368.0,24970.0,9398.0,0.2735,175.0,411.0,0.0235,34372.0,24293.0,10079.0,0.2932,193.0,471.0,0.0273,30585,24521,6064,0.1983,238,889,0.046
1501956,14855.0,10845.0,4010.0,0.2699,49.0,131.0,0.0166,14856.0,10192.0,4664.0,0.3139,60.0,169.0,0.0225,14421,11691,2730,0.1893,89,415,0.0431
1503903,36842.0,29214.0,7628.0,0.207,140.0,300.0,0.0151,36843.0,28479.0,8364.0,0.227,148.0,246.0,0.0138,39112,31784,7328,0.1874,183,699,0.0277
1505635,10065.0,7300.0,2765.0,0.2747,26.0,57.0,0.0114,10065.0,6942.0,3123.0,0.3103,35.0,90.0,0.018,9403,7555,1848,0.1965,32,235,0.0353
1504000,21989.0,18288.0,3701.0,0.1683,113.0,199.0,0.0171,21988.0,17552.0,4436.0,0.2017,147.0,182.0,0.0187,22959,19571,3388,0.1476,137,594,0.0374
1501451,15069.0,12250.0,2819.0,0.1871,91.0,167.0,0.0211,15069.0,11967.0,3102.0,0.2059,99.0,182.0,0.0235,17778,14353,3425,0.1927,134,386,0.0362
1504109,8395.0,6700.0,1695.0,0.2019,27.0,63.0,0.0134,8394.0,6108.0,2286.0,0.2723,48.0,64.0,0.0183,8796,7170,1626,0.1849,41,171,0.0296
1507466,5907.0,4932.0,975.0,0.1651,53.0,61.0,0.0231,5907.0,4573.0,1334.0,0.2258,43.0,59.0,0.0223,6367,5151,1216,0.191,65,199,0.0513
1504208,185818.0,142921.0,42897.0,0.2309,1273.0,2170.0,0.0241,185746.0,142569.0,43177.0,0.2325,1274.0,2402.0,0.0258,179940,145688,34252,0.1904,1470,3912,0.0369
1507755,4853.0,3714.0,1139.0,0.2347,18.0,38.0,0.0151,4853.0,3528.0,1325.0,0.273,20.0,48.0,0.0193,5430,4054,1376,0.2534,49,142,0.0471
1504307,25294.0,20923.0,4371.0,0.1728,101.0,224.0,0.0155,25294.0,19556.0,5738.0,0.2269,164.0,253.0,0.0213,27798,22962,4836,0.174,194,543,0.0321
1504752,20284.0,16122.0,4162.0,0.2052,116.0,215.0,0.0205,20284.0,15869.0,4415.0,0.2177,132.0,234.0,0.0231,24248,19167,5081,0.2095,184,529,0.0372
1504406,23306.0,19126.0,4180.0,0.1794,97.0,249.0,0.0181,23306.0,17682.0,5624.0,0.2413,114.0,280.0,0.0223,25293,20789,4504,0.1781,151,634,0.0378
1504505,17846.0,12793.0,5053.0,0.2831,30.0,206.0,0.0184,17846.0,11415.0,6431.0,0.3604,47.0,203.0,0.0219,19565,15307,4258,0.2176,38,621,0.0431
1504604,27178.0,21907.0,5271.0,0.1939,99.0,231.0,0.0151,27179.0,21161.0,6018.0,0.2214,154.0,236.0,0.0184,29081,24173,4908,0.1688,126,687,0.0336
1504703,54985.0,44251.0,10734.0,0.1952,251.0,440.0,0.0156,54986.0,43111.0,11875.0,0.216,341.0,564.0,0.021,56811,47230,9581,0.1686,352,1421,0.0375
1504802,50315.0,39365.0,10950.0,0.2176,225.0,432.0,0.0167,50321.0,38438.0,11883.0,0.2361,283.0,495.0,0.0202,52563,42958,9605,0.1827,358,977,0.0311
1504901,27771.0,22063.0,5708.0,0.2055,104.0,266.0,0.0168,27774.0,21127.0,6647.0,0.2393,154.0,294.0,0.0212,30413,24825,5588,0.1837,149,873,0.0412
1505007,11379.0,9375.0,2004.0,0.1761,92.0,161.0,0.027,11380.0,9060.0,2320.0,0.2039,68.0,175.0,0.0268,11967,9879,2088,0.1745,138,408,0.0553
1505106,38296.0,29882.0,8414.0,0.2197,214.0,356.0,0.0191,38302.0,29099.0,9203.0,0.2403,236.0,410.0,0.0222,39920,32455,7465,0.187,284,790,0.0331
1505205,23560.0,19345.0,4215.0,0.1789,50.0,263.0,0.0162,23566.0,18464.0,5102.0,0.2165,101.0,258.0,0.0194,25487,21420,4067,0.1596,76,751,0.0386
1505304,48837.0,36833.0,12004.0,0.2458,250.0,601.0,0.0231,48844.0,34221.0,14623.0,0.2994,268.0,420.0,0.0201,50827,39198,11629,0.2288,354,1023,0.0351
1505403,16583.0,12882.0,3701.0,0.2232,89.0,178.0,0.0207,16582.0,12480.0,4102.0,0.2474,112.0,206.0,0.0255,16525,13580,2945,0.1782,131,493,0.0459
1505502,73795.0,56549.0,17246.0,0.2337,515.0,784.0,0.023,73774.0,55546.0,18228.0,0.2471,421.0,777.0,0.0216,76388,60616,15772,0.2065,516,1588,0.0347
1505601,8904.0,7177.0,1727.0,0.194,46.0,103.0,0.0208,8904.0,6767.0,2137.0,0.24,45.0,102.0,0.0217,9487,7867,1620,0.1708,68,289,0.0454
1505700,21691.0,17399.0,4292.0,0.1979,117.0,202.0,0.0183,21695.0,16618.0,5077.0,0.234,119.0,230.0,0.021,23302,18521,4781,0.2052,130,693,0.0444
1505809,38754.0,27064.0,11690.0,0.3016,123.0,555.0,0.0251,38762.0,25321.0,13441.0,0.3468,142.0,474.0,0.0243,41746,32037,9709,0.2326,162,1418,0.0493
1505908,22733.0,17328.0,5405.0,0.2378,51.0,208.0,0.0149,22734.0,16119.0,6615.0,0.291,60.0,182.0,0.015,23709,18571,5138,0.2167,69,504,0.0309
1506005,25728.0,20269.0,5459.0,0.2122,96.0,169.0,0.0131,25729.0,19699.0,6030.0,0.2344,109.0,230.0,0.0172,27386,22025,5361,0.1958,118,644,0.0346
1506104,10954.0,8389.0,2565.0,0.2342,61.0,112.0,0.0206,10954.0,8016.0,2938.0,0.2682,54.0,122.0,0.022,11339,8713,2626,0.2316,82,309,0.0449
1506203,33876.0,27592.0,6284.0,0.1855,274.0,243.0,0.0187,33879.0,26752.0,7127.0,0.2104,247.0,316.0,0.021,38078,30886,7192,0.1889,335,859,0.0387
1506302,19776.0,15553.0,4223.0,0.2135,171.0,226.0,0.0255,19776.0,14993.0,4783.0,0.2419,141.0,216.0,0.0238,20320,16601,3719,0.183,210,586,0.0479
1506401,7050.0,4649.0,2401.0,0.3406,21.0,41.0,0.0133,7051.0,4324.0,2727.0,0.3868,19.0,65.0,0.0194,7042,5046,1996,0.2834,28,233,0.0517
1506500,48840.0,39076.0,9764.0,0.1999,390.0,461.0,0.0218,48843.0,38859.0,9984.0,0.2044,374.0,567.0,0.0242,49185,41518,7667,0.1559,604,1165,0.0426
1506609,20674.0,17339.0,3335.0,0.1613,156.0,298.0,0.0262,20674.0,17292.0,3382.0,0.1636,178.0,316.0,0.0286,22313,18385,3928,0.176,216,631,0.0461
1506708,24993.0,17039.0,7954.0,0.3182,78.0,226.0,0.0178,24999.0,16936.0,8063.0,0.3225,93.0,203.0,0.0175,25280,18830,6450,0.2551,128,567,0.0369
1506807,238341.0,191935.0,46406.0,0.1947,1733.0,2459.0,0.0218,238295.0,189616.0,48679.0,0.2043,1989.0,2989.0,0.0263,253605,205910,47695,0.1881,2422,4831,0.0352
1506906,6290.0,5267.0,1023.0,0.1626,29.0,47.0,0.0144,6292.0,4907.0,1385.0,0.2201,22.0,48.0,0.0143,6794,5719,1075,0.1582,29,151,0.0315
1507003,25435.0,20198.0,5237.0,0.2059,164.0,225.0,0.0193,25435.0,19653.0,5782.0,0.2273,177.0,271.0,0.0228,26159,22187,3972,0.1518,214,671,0.0399
1507102,16091.0,12358.0,3733.0,0.232,93.0,140.0,0.0189,16091.0,11527.0,4564.0,0.2836,91.0,174.0,0.023,15886,13249,2637,0.166,119,403,0.0394
1507201,23004.0,19189.0,3815.0,0.1658,130.0,265.0,0.0206,23004.0,18522.0,4482.0,0.1948,166.0,296.0,0.0249,25155,20707,4448,0.1768,163,712,0.0423
1507300,42814.0,30138.0,12676.0,0.2961,171.0,313.0,0.0161,42815.0,29887.0,12928.0,0.302,177.0,350.0,0.0176,43015,32935,10080,0.2343,172,850,0.031
1507409,15326.0,12572.0,2754.0,0.1797,98.0,181.0,0.0222,15328.0,12463.0,2865.0,0.1869,105.0,198.0,0.0243,15923,13649,2274,0.1428,145,434,0.0424
1507508,11452.0,8705.0,2747.0,0.2399,45.0,122.0,0.0192,11452.0,8430.0,3022.0,0.2639,57.0,143.0,0.0237,13212,10250,2962,0.2242,68,342,0.04
1507607,41704.0,33085.0,8619.0,0.2067,207.0,392.0,0.0181,41691.0,32324.0,9367.0,0.2247,319.0,460.0,0.0241,42257,35272,6985,0.1653,394,983,0.039
1507706,22378.0,17789.0,4589.0,0.2051,91.0,188.0,0.0157,22380.0,16712.0,5668.0,0.2533,78.0,188.0,0.0159,23902,19501,4401,0.1841,96,569,0.0341
1507805,12670.0,9578.0,3092.0,0.244,47.0,105.0,0.0159,12673.0,9203.0,3470.0,0.2738,44.0,119.0,0.0177,14884,11387,3497,0.235,66,348,0.0364
1507904,22057.0,17019.0,5038.0,0.2284,107.0,176.0,0.0166,22061.0,15910.0,6151.0,0.2788,127.0,193.0,0.0201,22800,18148,4652,0.204,165,580,0.0411
1508001,52210.0,39521.0,12689.0,0.243,347.0,498.0,0.0214,52211.0,38762.0,13449.0,0.2576,344.0,471.0,0.021,52852,41331,11521,0.218,462,1412,0.0453
1508100,75261.0,55279.0,19982.0,0.2655,450.0,676.0,0.0204,75272.0,53997.0,21275.0,0.2826,496.0,800.0,0.024,73025,55986,17039,0.2333,538,1573,0.0377
1508209,40395.0,30634.0,9761.0,0.2416,323.0,371.0,0.0227,40396.0,29461.0,10935.0,0.2707,292.0,479.0,0.0262,39656,31809,7847,0.1979,443,874,0.0414
1508308,45875.0,33342.0,12533.0,0.2732,115.0,507.0,0.0187,45875.0,32268.0,13607.0,0.2966,133.0,481.0,0.019,43477,34936,8541,0.1964,164,1355,0.0435
1506138,65179.0,47826.0,17353.0,0.2662,372.0,481.0,0.0178,65185.0,48302.0,16883.0,0.259,384.0,559.0,0.0195,62358,50046,12312,0.1974,369,1067,0.0287
1506161,14420.0,10704.0,3716.0,0.2577,80.0,149.0,0.0214,14426.0,10628.0,3798.0,0.2633,85.0,152.0,0.0223,13846,10720,3126,0.2258,65,322,0.0361
1508407,37211.0,26866.0,10345.0,0.278,223.0,330.0,0.0206,37213.0,26906.0,10307.0,0.277,227.0,357.0,0.0217,35427,27815,7612,0.2149,234,765,0.0359
1506187,30456.0,20974.0,9482.0,0.3113,168.0,391.0,0.0267,30456.0,20778.0,9678.0,0.3178,140.0,390.0,0.0255,26999,21010,5989,0.2218,193,704,0.0427
1508159,29910.0,22451.0,7459.0,0.2494,252.0,335.0,0.0261,29910.0,22768.0,7142.0,0.2388,214.0,327.0,0.0238,31993,25232,6761,0.2113,264,648,0.0361
1504455,19930.0,15420.0,4510.0,0.2263,126.0,233.0,0.0233,19931.0,15431.0,4500.0,0.2258,162.0,262.0,0.0275,20484,16382,4102,0.2003,150,446,0.0364
1507458,21384.0,15116.0,6268.0,0.2931,76.0,161.0,0.0157,21385.0,14662.0,6723.0,0.3144,86.0,208.0,0.0201,19494,15615,3879,0.199,88,466,0.0355
1502756,23893.0,19171.0,4722.0,0.1976,133.0,217.0,0.0183,23892.0,18628.0,5264.0,0.2203,113.0,218.0,0.0178,24113,20178,3935,0.1632,154,593,0.037
1505536,183072.0,143398.0,39674.0,0.2167,1431.0,1959.0,0.0236,183057.0,143558.0,39499.0,0.2158,1345.0,2014.0,0.0234,201342,156808,44534,0.2212,1983,3426,0.0345
1502772,17455.0,12675.0,4780.0,0.2738,113.0,135.0,0.0196,17457.0,12606.0,4851.0,0.2779,113.0,150.0,0.0209,17009,13079,3930,0.2311,109,436,0.0417
1503077,22735.0,17237.0,5498.0,0.2418,91.0,321.0,0.0239,22735.0,16785.0,5950.0,0.2617,160.0,371.0,0.0316,22326,18142,4184,0.1874,151,825,0.0538
1506195,19484.0,14263.0,5221.0,0.268,130.0,199.0,0.0231,19484.0,14272.0,5212.0,0.2675,125.0,224.0,0.0245,20247,15956,4291,0.2119,144,428,0.0358
1505486,28915.0,21271.0,7644.0,0.2644,157.0,301.0,0.0215,28916.0,20600.0,8316.0,0.2876,126.0,323.0,0.0218,29481,22984,6497,0.2204,142,636,0.0338
1501758,6328.0,5259.0,1069.0,0.1689,21.0,75.0,0.0183,6327.0,5044.0,1283.0,0.2028,26.0,77.0,0.0204,6821,5416,1405,0.206,34,150,0.034
1505437,24970.0,17059.0,7911.0,0.3168,79.0,187.0,0.0156,24970.0,16859.0,8111.0,0.3248,92.0,188.0,0.0166,25886,19479,6407,0.2475,118,453,0.0293
1502939,30571.0,23036.0,7535.0,0.2465,138.0,259.0,0.0172,30572.0,23037.0,7535.0,0.2465,157.0,299.0,0.0198,30137,24121,6016,0.1996,187,577,0.0317
1506583,12507.0,9363.0,3144.0,0.2514,62.0,99.0,0.0172,12507.0,9080.0,3427.0,0.274,46.0,113.0,0.0175,13340,10059,3281,0.246,52,290,0.034
1600550,3723.0,3079.0,644.0,0.173,11.0,29.0,0.013,3723.0,2369.0,1354.0,0.3637,5.0,26.0,0.0131,4022,3313,709,0.1763,13,35,0.0145
1600105,6853.0,5468.0,1385.0,0.2021,28.0,92.0,0.0219,6851.0,4538.0,2313.0,0.3376,28.0,62.0,0.0198,7523,6262,1261,0.1676,54,94,0.0236
1600535,14174.0,10592.0,3582.0,0.2527,66.0,209.0,0.026,14174.0,9445.0,4729.0,0.3336,59.0,154.0,0.0226,15533,12338,3195,0.2057,90,235,0.0263
1600204,8267.0,6254.0,2013.0,0.2435,29.0,97.0,0.0201,8266.0,5271.0,2995.0,0.3623,34.0,51.0,0.0161,8907,7009,1898,0.2131,51,89,0.02
1600253,7331.0,5980.0,1351.0,0.1843,21.0,86.0,0.0179,7331.0,4478.0,2853.0,0.3892,31.0,34.0,0.0145,8881,7354,1527,0.1719,45,81,0.0171
1600303,311678.0,253929.0,57749.0,0.1853,2151.0,4413.0,0.0258,311630.0,234837.0,76793.0,0.2464,2705.0,4061.0,0.0288,321597,270534,51063,0.1588,2792,4024,0.0252
1600212,5033.0,4141.0,892.0,0.1772,14.0,43.0,0.0138,5033.0,3143.0,1890.0,0.3755,24.0,27.0,0.0162,6300,5191,1109,0.176,34,65,0.0191
1600402,19170.0,16429.0,2741.0,0.143,63.0,253.0,0.0192,19171.0,13690.0,5481.0,0.2859,84.0,173.0,0.0188,22212,18989,3223,0.1451,87,249,0.0177
1600154,10112.0,7584.0,2528.0,0.25,30.0,121.0,0.0199,10112.0,6575.0,3537.0,0.3498,52.0,77.0,0.0196,9909,7119,2790,0.2816,58,110,0.0236
1600501,21205.0,14492.0,6713.0,0.3166,136.0,280.0,0.0287,21209.0,12837.0,8372.0,0.3947,106.0,137.0,0.0189,24220,17516,6704,0.2768,204,371,0.0328
1600055,3864.0,3031.0,833.0,0.2156,16.0,47.0,0.0208,3864.0,2611.0,1253.0,0.3243,8.0,34.0,0.0161,4111,3040,1071,0.2605,21,48,0.0227
1600238,6092.0,5045.0,1047.0,0.1719,27.0,95.0,0.0242,6091.0,4107.0,1984.0,0.3257,26.0,66.0,0.0224,7861,6260,1601,0.2037,40,103,0.0228
1600808,10170.0,7785.0,2385.0,0.2345,29.0,141.0,0.0218,10171.0,6624.0,3547.0,0.3487,40.0,84.0,0.0187,10405,8071,2334,0.2243,38,130,0.0208
1600279,28880.0,21251.0,7629.0,0.2642,162.0,368.0,0.0249,28886.0,18952.0,9934.0,0.3439,162.0,272.0,0.0229,28170,21115,7055,0.2504,179,380,0.0265
1600600,83261.0,69620.0,13641.0,0.1638,464.0,995.0,0.021,83266.0,64576.0,18690.0,0.2245,621.0,865.0,0.023,85900,73177,12723,0.1481,644,1105,0.0239
1600709,10352.0,8162.0,2190.0,0.2116,42.0,123.0,0.0202,10353.0,6630.0,3723.0,0.3596,33.0,77.0,0.0166,11437,9274,2163,0.1891,65,170,0.0253
2100154,12175.0,8313.0,3862.0,0.3172,88.0,239.0,0.0393,12176.0,8153.0,4023.0,0.3304,74.0,165.0,0.0293,11520,8715,2805,0.2435,105,269,0.0429
2100105,7126.0,5426.0,1700.0,0.2386,23.0,137.0,0.0295,7126.0,5255.0,1871.0,0.2626,20.0,47.0,0.0127,7467,6035,1432,0.1918,32,139,0.0283
2100436,19331.0,13783.0,5548.0,0.287,94.0,431.0,0.0381,19329.0,13800.0,5529.0,0.286,106.0,302.0,0.0296,18076,14397,3679,0.2035,94,430,0.0364
2100204,18148.0,13322.0,4826.0,0.2659,129.0,287.0,0.0312,18150.0,12430.0,5720.0,0.3152,102.0,202.0,0.0245,17613,14387,3226,0.1832,187,257,0.0309
2100477,22819.0,15716.0,7103.0,0.3113,119.0,548.0,0.0424,22819.0,15390.0,7429.0,0.3256,97.0,300.0,0.0258,20251,15671,4580,0.2262,114,489,0.0385
2100303,19435.0,13678.0,5757.0,0.2962,81.0,639.0,0.0526,19435.0,13691.0,5744.0,0.2955,76.0,353.0,0.0313,18506,14119,4387,0.2371,125,654,0.0552
2100832,13676.0,10310.0,3366.0,0.2461,67.0,154.0,0.0214,13676.0,9652.0,4024.0,0.2942,72.0,108.0,0.0186,13470,10866,2604,0.1933,82,144,0.0208
2100402,5726.0,4025.0,1701.0,0.2971,32.0,134.0,0.0412,5726.0,3918.0,1808.0,0.3158,33.0,88.0,0.0309,5758,4488,1270,0.2206,29,172,0.0448
2100550,5873.0,4227.0,1646.0,0.2803,25.0,153.0,0.0421,5873.0,4023.0,1850.0,0.315,30.0,95.0,0.0311,4953,4388,565,0.1141,36,140,0.0401
2100501,8380.0,6146.0,2234.0,0.2666,39.0,211.0,0.0407,8380.0,6118.0,2262.0,0.2699,32.0,144.0,0.0288,8142,6345,1797,0.2207,45,223,0.0422
2100873,8454.0,5761.0,2693.0,0.3185,30.0,103.0,0.0231,8455.0,5672.0,2783.0,0.3292,31.0,79.0,0.0194,8007,6192,1815,0.2267,34,101,0.0218
2100600,27431.0,20458.0,6973.0,0.2542,146.0,602.0,0.0366,27431.0,20460.0,6971.0,0.2541,157.0,344.0,0.0245,28108,22660,5448,0.1938,138,611,0.0331
2101251,14196.0,11907.0,2289.0,0.1612,119.0,317.0,0.0366,14196.0,11627.0,2569.0,0.181,107.0,202.0,0.0266,16057,13207,2850,0.1775,189,294,0.0366
2100709,18627.0,14807.0,3820.0,0.2051,127.0,426.0,0.0373,18627.0,14596.0,4031.0,0.2164,115.0,288.0,0.0276,20568,16567,4001,0.1945,155,408,0.034
2101350,5323.0,3891.0,1432.0,0.269,39.0,104.0,0.0368,5324.0,3606.0,1718.0,0.3227,25.0,56.0,0.0225,5647,4078,1569,0.2778,39,103,0.0348
2100808,14234.0,11270.0,2964.0,0.2082,116.0,426.0,0.0481,14233.0,11047.0,3186.0,0.2238,99.0,252.0,0.0318,14136,11670,2466,0.1744,128,358,0.0416
2101731,7010.0,5975.0,1035.0,0.1476,22.0,195.0,0.0363,7010.0,5722.0,1288.0,0.1837,27.0,85.0,0.0196,8091,6588,1503,0.1858,39,213,0.0383
2100907,34812.0,24753.0,10059.0,0.289,355.0,953.0,0.0528,34813.0,24457.0,10356.0,0.2975,220.0,594.0,0.0333,32649,25962,6687,0.2048,432,1132,0.0602
2101772,10322.0,7447.0,2875.0,0.2785,37.0,178.0,0.0289,10322.0,7317.0,3005.0,0.2911,43.0,112.0,0.0212,10096,8117,1979,0.196,70,264,0.0411
2101004,24743.0,18078.0,6665.0,0.2694,200.0,401.0,0.0332,24742.0,17768.0,6974.0,0.2819,176.0,317.0,0.0277,24000,18438,5562,0.2318,269,402,0.0364
2101939,5278.0,4048.0,1230.0,0.233,33.0,93.0,0.0311,5278.0,4001.0,1277.0,0.2419,28.0,61.0,0.0222,5015,4198,817,0.1629,35,117,0.0362
2101103,9727.0,8339.0,1388.0,0.1427,76.0,172.0,0.0297,9727.0,8021.0,1706.0,0.1754,63.0,108.0,0.0213,11529,9643,1886,0.1636,105,262,0.0381
2102374,9121.0,6515.0,2606.0,0.2857,26.0,118.0,0.0221,9122.0,6070.0,3052.0,0.3346,26.0,82.0,0.0178,9001,7010,1991,0.2212,38,147,0.0264
2101202,66202.0,53710.0,12492.0,0.1887,532.0,1388.0,0.0357,66204.0,53226.0,12978.0,0.196,470.0,858.0,0.025,71838,59100,12738,0.1773,706,1587,0.0388
2103752,12275.0,9040.0,3235.0,0.2635,55.0,163.0,0.0241,12277.0,8889.0,3388.0,0.276,80.0,91.0,0.0192,12223,9864,2359,0.193,78,135,0.0216
2101301,14333.0,10271.0,4062.0,0.2834,55.0,160.0,0.0209,14336.0,9717.0,4619.0,0.3222,75.0,150.0,0.0232,13893,10881,3012,0.2168,83,257,0.0312
2102036,21297.0,15239.0,6058.0,0.2845,92.0,418.0,0.0335,21299.0,14895.0,6404.0,0.3007,91.0,202.0,0.0197,19650,15363,4287,0.2182,91,366,0.0297
2101400,64295.0,50480.0,13815.0,0.2149,471.0,1096.0,0.031,64317.0,51428.0,12889.0,0.2004,448.0,766.0,0.0236,71213,56886,14327,0.2012,511,992,0.0264
2102077,11049.0,8830.0,2219.0,0.2008,37.0,183.0,0.0249,11050.0,8663.0,2387.0,0.216,27.0,111.0,0.0159,11468,9312,2156,0.188,51,105,0.0168
2101509,15011.0,11384.0,3627.0,0.2416,106.0,342.0,0.0394,15011.0,11551.0,3460.0,0.2305,68.0,243.0,0.0269,16130,12855,3275,0.203,150,423,0.0446
2102150,7788.0,5551.0,2237.0,0.2872,44.0,215.0,0.0467,7788.0,5566.0,2222.0,0.2853,34.0,112.0,0.0262,8475,6260,2215,0.2614,44,202,0.0393
2101608,60403.0,46776.0,13627.0,0.2256,347.0,1121.0,0.0314,60407.0,46186.0,14221.0,0.2354,342.0,797.0,0.0247,63831,51171,12660,0.1983,470,1199,0.0326
2101970,6487.0,4759.0,1728.0,0.2664,19.0,110.0,0.0271,6487.0,4481.0,2006.0,0.3092,27.0,62.0,0.0199,6551,5207,1344,0.2052,40,110,0.0288
2101707,45805.0,38003.0,7802.0,0.1703,274.0,982.0,0.0331,45807.0,37032.0,8775.0,0.1916,282.0,539.0,0.0222,52533,43807,8726,0.1661,375,1081,0.0332
2102325,41181.0,32245.0,8936.0,0.217,158.0,805.0,0.0299,41184.0,31734.0,9450.0,0.2295,234.0,430.0,0.0209,42732,32976,9756,0.2283,186,738,0.028
2101806,4143.0,3212.0,931.0,0.2247,16.0,107.0,0.0383,4144.0,3241.0,903.0,0.2179,17.0,64.0,0.025,4638,3757,881,0.19,20,105,0.0333
2102358,11842.0,8906.0,2936.0,0.2479,82.0,243.0,0.0365,11843.0,8831.0,3012.0,0.2543,73.0,140.0,0.0241,10837,8846,1991,0.1837,86,277,0.041
2101905,19201.0,14154.0,5047.0,0.2629,189.0,409.0,0.0422,19202.0,13627.0,5575.0,0.2903,127.0,228.0,0.0261,18606,14655,3951,0.2124,261,393,0.0446
2102556,10306.0,7452.0,2854.0,0.2769,60.0,110.0,0.0228,10309.0,7410.0,2899.0,0.2812,70.0,97.0,0.0225,9948,7791,2157,0.2168,59,133,0.0246
2102101,24300.0,19241.0,5059.0,0.2082,142.0,555.0,0.0362,24301.0,18708.0,5593.0,0.2302,140.0,321.0,0.0246,25937,20697,5240,0.202,179,511,0.0333
2102754,9146.0,6901.0,2245.0,0.2455,50.0,252.0,0.0438,9146.0,6901.0,2245.0,0.2455,40.0,149.0,0.0274,8689,7107,1582,0.1821,73,276,0.0491
2102200,23033.0,16720.0,6313.0,0.2741,158.0,580.0,0.0441,23033.0,15715.0,7318.0,0.3177,126.0,374.0,0.0318,22995,17866,5129,0.223,166,611,0.0435
2103125,8002.0,5478.0,2524.0,0.3154,29.0,220.0,0.0455,8002.0,5240.0,2762.0,0.3452,32.0,124.0,0.0298,7808,5790,2018,0.2585,53,213,0.0459
2102309,18829.0,13046.0,5783.0,0.3071,95.0,484.0,0.0444,18829.0,13180.0,5649.0,0.3,101.0,282.0,0.0291,17755,13739,4016,0.2262,130,707,0.0609
2103158,7699.0,5825.0,1874.0,0.2434,22.0,95.0,0.0201,7698.0,5681.0,2017.0,0.262,38.0,67.0,0.0185,7966,6679,1287,0.1616,42,135,0.0265
2102408,9680.0,7152.0,2528.0,0.2612,46.0,302.0,0.0487,9681.0,6513.0,3168.0,0.3272,42.0,99.0,0.0216,10224,7606,2618,0.2561,67,257,0.0426
2103174,12437.0,9262.0,3175.0,0.2553,39.0,276.0,0.034,12437.0,9099.0,3338.0,0.2684,53.0,151.0,0.0224,11932,9594,2338,0.1959,48,231,0.0291
2102507,15628.0,12039.0,3589.0,0.2297,69.0,201.0,0.0224,15628.0,11518.0,4110.0,0.263,72.0,153.0,0.0195,16136,12485,3651,0.2263,90,249,0.0272
2103257,11580.0,8515.0,3065.0,0.2647,43.0,204.0,0.029,11580.0,8310.0,3270.0,0.2824,71.0,107.0,0.0214,10660,8617,2043,0.1917,65,217,0.0327
2102606,16478.0,11836.0,4642.0,0.2817,60.0,270.0,0.0279,16479.0,10928.0,5551.0,0.3369,69.0,152.0,0.0202,14853,12872,1981,0.1334,72,325,0.0308
2103554,11946.0,8846.0,3100.0,0.2595,37.0,193.0,0.026,11947.0,8618.0,3329.0,0.2786,63.0,151.0,0.0248,11878,9342,2536,0.2135,53,229,0.0302
2102705,14252.0,10126.0,4126.0,0.2895,56.0,324.0,0.0375,14252.0,9927.0,4325.0,0.3035,64.0,212.0,0.0278,14177,11197,2980,0.2102,112,344,0.0407
2104073,6218.0,5023.0,1195.0,0.1922,39.0,165.0,0.0406,6218.0,5000.0,1218.0,0.1959,58.0,102.0,0.032,6389,5211,1178,0.1844,47,144,0.0367
2102804,18838.0,13895.0,4943.0,0.2624,103.0,414.0,0.0372,18840.0,13922.0,4918.0,0.261,111.0,316.0,0.0307,18310,14439,3871,0.2114,126,328,0.0314
2104081,8937.0,7370.0,1567.0,0.1753,29.0,117.0,0.0198,8938.0,7212.0,1726.0,0.1931,19.0,73.0,0.0128,9487,7960,1527,0.161,35,183,0.0274
2102903,19067.0,14141.0,4926.0,0.2584,106.0,417.0,0.037,19068.0,13470.0,5598.0,0.2936,102.0,266.0,0.0273,19093,14893,4200,0.22,93,410,0.0338
2104099,12740.0,10472.0,2268.0,0.178,80.0,335.0,0.0396,12740.0,10476.0,2264.0,0.1777,109.0,234.0,0.0327,14076,11715,2361,0.1677,97,320,0.0356
2103000,108421.0,86953.0,21468.0,0.198,822.0,2806.0,0.0417,108400.0,86883.0,21517.0,0.1985,812.0,1601.0,0.0278,113420,90472,22948,0.2023,1164,2703,0.0427
2103109,9404.0,6765.0,2639.0,0.2806,70.0,176.0,0.0364,9405.0,6432.0,2973.0,0.3161,65.0,118.0,0.0285,9329,7573,1756,0.1882,108,225,0.044
2104552,14943.0,11447.0,3496.0,0.234,92.0,237.0,0.0287,14943.0,11393.0,3550.0,0.2376,100.0,155.0,0.0224,15378,12429,2949,0.1918,117,218,0.027
2103208,54727.0,44423.0,10304.0,0.1883,397.0,1203.0,0.036,54726.0,44136.0,10590.0,0.1935,354.0,801.0,0.0262,60242,48047,12195,0.2024,558,1045,0.0334
2104628,6595.0,4740.0,1855.0,0.2813,46.0,172.0,0.046,6595.0,4834.0,1761.0,0.267,47.0,103.0,0.031,6417,5133,1284,0.2001,56,207,0.0512
2103307,78474.0,58219.0,20255.0,0.2581,511.0,2317.0,0.0486,78479.0,58076.0,20403.0,0.26,451.0,1216.0,0.0287,82435,61949,20486,0.2485,669,2246,0.0471
2104651,8235.0,5759.0,2476.0,0.3007,25.0,123.0,0.0257,8235.0,5610.0,2625.0,0.3188,29.0,104.0,0.0237,7695,6181,1514,0.1968,29,161,0.0307
2103406,32118.0,24750.0,7368.0,0.2294,199.0,798.0,0.0403,32120.0,24778.0,7342.0,0.2286,189.0,474.0,0.0268,33370,25807,7563,0.2266,220,771,0.0384
2104677,18142.0,12895.0,5247.0,0.2892,62.0,314.0,0.0292,18142.0,12639.0,5503.0,0.3033,93.0,191.0,0.0225,17561,13833,3728,0.2123,77,228,0.022
2103505,27176.0,21382.0,5794.0,0.2132,137.0,829.0,0.0452,27178.0,21531.0,5647.0,0.2078,135.0,484.0,0.0287,28426,22487,5939,0.2089,191,917,0.0493
2105153,12197.0,8526.0,3671.0,0.301,55.0,208.0,0.0308,12197.0,8283.0,3914.0,0.3209,66.0,117.0,0.0221,10867,8587,2280,0.2098,83,221,0.0354
2103604,44763.0,33089.0,11674.0,0.2608,318.0,1389.0,0.0516,44767.0,33769.0,10998.0,0.2457,313.0,747.0,0.0314,46886,34637,12249,0.2613,368,1393,0.0508
2105351,9885.0,7831.0,2054.0,0.2078,26.0,110.0,0.0174,9885.0,7629.0,2256.0,0.2282,37.0,89.0,0.0165,11234,8503,2731,0.2431,40,121,0.0189
2103703,27550.0,19714.0,7836.0,0.2844,175.0,434.0,0.0309,27552.0,18792.0,8760.0,0.3179,167.0,279.0,0.0237,26322,20164,6158,0.2339,282,440,0.0358
2105427,18439.0,13789.0,4650.0,0.2522,92.0,343.0,0.0315,18440.0,13493.0,4947.0,0.2683,102.0,153.0,0.0189,17555,14222,3333,0.1899,106,340,0.0314
2103802,18490.0,13933.0,4557.0,0.2465,132.0,342.0,0.034,18491.0,13773.0,4718.0,0.2552,110.0,239.0,0.0253,17803,14617,3186,0.179,155,407,0.0384
2105450,7149.0,5187.0,1962.0,0.2744,28.0,205.0,0.0449,7149.0,5071.0,2078.0,0.2907,37.0,76.0,0.0223,7205,5633,1572,0.2182,53,231,0.0504
2103901,10099.0,7410.0,2689.0,0.2663,41.0,161.0,0.0273,10099.0,7201.0,2898.0,0.287,34.0,119.0,0.0212,9654,7922,1732,0.1794,49,162,0.0266
2105476,12527.0,9952.0,2575.0,0.2056,70.0,341.0,0.0413,12527.0,9800.0,2727.0,0.2177,74.0,239.0,0.0319,13237,10615,2622,0.1981,62,343,0.0382
2104008,14163.0,11051.0,3112.0,0.2197,116.0,313.0,0.0388,14161.0,10992.0,3169.0,0.2238,76.0,194.0,0.0246,14795,11727,3068,0.2074,107,425,0.0454
2105658,5060.0,3694.0,1366.0,0.27,21.0,90.0,0.03,5060.0,3624.0,1436.0,0.2838,23.0,41.0,0.0177,5092,3890,1202,0.2361,25,72,0.0249
2104107,10111.0,8140.0,1971.0,0.1949,83.0,250.0,0.0409,10110.0,8168.0,1942.0,0.1921,100.0,171.0,0.0332,10569,8820,1749,0.1655,90,199,0.0328
2105948,8486.0,6545.0,1941.0,0.2287,35.0,108.0,0.0218,8486.0,6438.0,2048.0,0.2413,29.0,76.0,0.0163,8271,7017,1254,0.1516,46,156,0.0288
2104206,13081.0,9457.0,3624.0,0.277,81.0,266.0,0.0367,13079.0,9402.0,3677.0,0.2811,85.0,205.0,0.0308,13022,10092,2930,0.225,101,421,0.0517
2105922,8802.0,6121.0,2681.0,0.3046,49.0,264.0,0.0511,8802.0,6249.0,2553.0,0.29,35.0,163.0,0.0317,8284,6596,1688,0.2038,45,350,0.0599
2104305,8880.0,6302.0,2578.0,0.2903,44.0,122.0,0.0263,8881.0,5813.0,3068.0,0.3455,31.0,70.0,0.0174,7329,6319,1010,0.1378,69,167,0.0373
2105963,9696.0,7297.0,2399.0,0.2474,37.0,157.0,0.0266,9696.0,7389.0,2307.0,0.2379,56.0,92.0,0.02,9997,7818,2179,0.218,57,161,0.0279
2104404,13776.0,9613.0,4163.0,0.3022,60.0,293.0,0.0367,13777.0,9741.0,4036.0,0.293,52.0,202.0,0.0261,13629,10523,3106,0.2279,101,325,0.0405
2105989,5985.0,4953.0,1032.0,0.1724,19.0,87.0,0.0214,5985.0,4893.0,1092.0,0.1825,27.0,44.0,0.0145,6682,5521,1161,0.1738,26,84,0.0199
2104503,8679.0,6178.0,2501.0,0.2882,42.0,136.0,0.0288,8679.0,6177.0,2502.0,0.2883,34.0,135.0,0.0274,8077,6408,1669,0.2066,59,209,0.0418
2106326,14696.0,10910.0,3786.0,0.2576,71.0,302.0,0.0342,14699.0,10660.0,4039.0,0.2748,81.0,202.0,0.0265,15698,11607,4091,0.2606,103,305,0.0352
2104602,11821.0,8356.0,3465.0,0.2931,56.0,200.0,0.0306,11819.0,8440.0,3379.0,0.2859,77.0,147.0,0.0265,10692,8509,2183,0.2042,73,224,0.0349
2106359,6432.0,4681.0,1751.0,0.2722,33.0,155.0,0.0402,6433.0,4514.0,1919.0,0.2983,31.0,63.0,0.0208,6771,5205,1566,0.2313,35,150,0.0355
2104701,6383.0,4793.0,1590.0,0.2491,27.0,91.0,0.0246,6384.0,4631.0,1753.0,0.2746,24.0,50.0,0.016,6274,5132,1142,0.182,34,101,0.0263
2106375,8218.0,6119.0,2099.0,0.2554,36.0,85.0,0.0198,8218.0,5913.0,2305.0,0.2805,42.0,87.0,0.0218,8133,6537,1596,0.1962,60,95,0.0237
2104800,47376.0,38375.0,9001.0,0.19,184.0,726.0,0.0237,47378.0,37924.0,9454.0,0.1995,242.0,474.0,0.0189,52273,42204,10069,0.1926,261,831,0.0259
2106631,6362.0,5046.0,1316.0,0.2069,24.0,122.0,0.0289,6362.0,4971.0,1391.0,0.2186,37.0,120.0,0.0316,7654,5732,1922,0.2511,49,146,0.034
2104909,9575.0,7184.0,2391.0,0.2497,108.0,284.0,0.0546,9574.0,6941.0,2633.0,0.275,73.0,221.0,0.0424,9820,7520,2300,0.2342,113,325,0.0582
2106672,6155.0,4631.0,1524.0,0.2476,24.0,123.0,0.0317,6155.0,4349.0,1806.0,0.2934,12.0,79.0,0.0209,6650,5412,1238,0.1862,27,159,0.0344
2105005,23768.0,17603.0,6165.0,0.2594,107.0,568.0,0.0383,23768.0,15907.0,7861.0,0.3307,91.0,307.0,0.025,23439,18570,4869,0.2077,154,573,0.0391
2107258,4439.0,3551.0,888.0,0.2,39.0,143.0,0.0513,4439.0,3512.0,927.0,0.2088,35.0,65.0,0.0285,4514,3686,828,0.1834,26,151,0.048
2105104,20917.0,17648.0,3269.0,0.1563,104.0,351.0,0.0258,20918.0,15617.0,5301.0,0.2534,89.0,203.0,0.0187,23106,19268,3838,0.1661,164,409,0.0297
2107357,13586.0,9841.0,3745.0,0.2757,54.0,371.0,0.0432,13585.0,9368.0,4217.0,0.3104,73.0,162.0,0.0251,13507,10373,3134,0.232,92,302,0.038
2105203,8069.0,6800.0,1269.0,0.1573,43.0,142.0,0.0272,8069.0,6663.0,1406.0,0.1742,45.0,95.0,0.021,8484,7115,1369,0.1614,61,221,0.0396
2107456,11429.0,7826.0,3603.0,0.3153,62.0,295.0,0.0456,11428.0,7537.0,3891.0,0.3405,83.0,205.0,0.0382,11175,8544,2631,0.2354,83,242,0.038
2105302,183054.0,147824.0,35230.0,0.1925,1399.0,2766.0,0.0282,183024.0,148673.0,34351.0,0.1877,1748.0,2093.0,0.0258,195325,158388,36937,0.1891,1891,2734,0.0292
2108058,15292.0,11308.0,3984.0,0.2605,86.0,249.0,0.0296,15292.0,10917.0,4375.0,0.2861,100.0,193.0,0.0268,15080,12407,2673,0.1773,85,248,0.0268
2111409,17187.0,12832.0,4355.0,0.2534,82.0,398.0,0.0374,17187.0,13202.0,3985.0,0.2319,75.0,251.0,0.0247,17211,13036,4175,0.2426,91,375,0.0357
2108256,18847.0,13116.0,5731.0,0.3041,67.0,444.0,0.039,18848.0,12693.0,6155.0,0.3266,78.0,211.0,0.0228,18241,13750,4491,0.2462,98,383,0.035
2105401,45091.0,35071.0,10020.0,0.2222,280.0,972.0,0.0357,45093.0,34363.0,10730.0,0.238,283.0,665.0,0.0276,47851,37238,10613,0.2218,380,862,0.0334
2108454,15882.0,12519.0,3363.0,0.2117,73.0,318.0,0.0312,15882.0,12387.0,3495.0,0.2201,68.0,202.0,0.0218,16364,12605,3759,0.2297,98,483,0.0461
2105500,20436.0,16783.0,3653.0,0.1788,153.0,431.0,0.0348,20437.0,16707.0,3730.0,0.1825,173.0,247.0,0.0251,21876,18030,3846,0.1758,183,385,0.0315
2109056,7035.0,4907.0,2128.0,0.3025,56.0,81.0,0.0279,7035.0,4308.0,2727.0,0.3876,32.0,55.0,0.0202,7200,5325,1875,0.2604,50,87,0.0257
2105609,11763.0,9375.0,2388.0,0.203,83.0,181.0,0.0282,11763.0,9331.0,2432.0,0.2067,73.0,126.0,0.0213,12529,9894,2635,0.2103,90,207,0.03
2109239,5420.0,4076.0,1344.0,0.248,19.0,114.0,0.0326,5420.0,3987.0,1433.0,0.2644,30.0,57.0,0.0218,5728,4592,1136,0.1983,25,118,0.0311
2105708,32815.0,26167.0,6648.0,0.2026,176.0,630.0,0.0308,32815.0,26100.0,6715.0,0.2046,201.0,362.0,0.0216,34283,27367,6916,0.2017,230,634,0.0316
2109270,16011.0,10766.0,5245.0,0.3276,61.0,269.0,0.0307,16012.0,10558.0,5454.0,0.3406,58.0,151.0,0.0198,15655,11574,4081,0.2607,85,229,0.0271
2105807,8570.0,6434.0,2136.0,0.2492,31.0,105.0,0.0211,8570.0,6357.0,2213.0,0.2582,41.0,67.0,0.017,8447,7101,1346,0.1593,48,132,0.0253
2109452,20517.0,17036.0,3481.0,0.1697,200.0,437.0,0.0374,20517.0,16592.0,3925.0,0.1913,193.0,226.0,0.0253,24288,20466,3822,0.1574,298,401,0.0342
2105906,13075.0,9297.0,3778.0,0.2889,41.0,215.0,0.0275,13075.0,9220.0,3855.0,0.2948,58.0,113.0,0.0185,12196,9626,2570,0.2107,56,134,0.0197
2109551,6759.0,5052.0,1707.0,0.2526,21.0,89.0,0.0218,6759.0,4972.0,1787.0,0.2644,34.0,50.0,0.0169,6276,5020,1256,0.2001,34,77,0.0221
2106003,11016.0,8388.0,2628.0,0.2386,84.0,255.0,0.0404,11018.0,8371.0,2647.0,0.2402,48.0,176.0,0.0268,11183,8944,2239,0.2002,104,295,0.0446
2109759,5692.0,4694.0,998.0,0.1753,31.0,82.0,0.0241,5692.0,4630.0,1062.0,0.1866,23.0,75.0,0.0212,6119,5015,1104,0.1804,33,115,0.0295
2106102,8697.0,6566.0,2131.0,0.245,50.0,257.0,0.0468,8698.0,6484.0,2214.0,0.2545,46.0,139.0,0.0285,8569,7016,1553,0.1812,60,284,0.049
2110237,8697.0,5951.0,2746.0,0.3157,38.0,147.0,0.0311,8698.0,5699.0,2999.0,0.3448,46.0,86.0,0.0232,8165,6250,1915,0.2345,40,154,0.031
2106201,6063.0,4469.0,1594.0,0.2629,34.0,146.0,0.0403,6062.0,4254.0,1808.0,0.2983,29.0,55.0,0.0197,6072,4764,1308,0.2154,57,134,0.0401
2110278,11477.0,9054.0,2423.0,0.2111,75.0,288.0,0.0401,11477.0,8071.0,3406.0,0.2968,42.0,141.0,0.0227,13330,10920,2410,0.1808,92,298,0.0357
2106300,13649.0,9572.0,4077.0,0.2987,95.0,258.0,0.0369,13649.0,9444.0,4205.0,0.3081,99.0,215.0,0.0332,12195,9856,2339,0.1918,125,307,0.0438
2110658,6303.0,5190.0,1113.0,0.1766,33.0,162.0,0.0376,6303.0,5080.0,1223.0,0.194,19.0,108.0,0.025,6763,5635,1128,0.1668,30,182,0.0376
2106409,14640.0,12254.0,2386.0,0.163,111.0,351.0,0.0377,14640.0,11882.0,2758.0,0.1884,85.0,204.0,0.0243,16271,13281,2990,0.1838,166,417,0.0439
2110856,8035.0,6166.0,1869.0,0.2326,42.0,122.0,0.0266,8035.0,6037.0,1998.0,0.2487,52.0,70.0,0.0202,8123,6482,1641,0.202,43,137,0.0278
2106508,18932.0,15313.0,3619.0,0.1912,164.0,322.0,0.0317,18929.0,14750.0,4179.0,0.2208,140.0,220.0,0.0244,20053,16419,3634,0.1812,212,402,0.0374
2111029,11043.0,7342.0,3701.0,0.3351,54.0,167.0,0.0301,11043.0,7183.0,3860.0,0.3495,57.0,109.0,0.0231,10141,7437,2704,0.2666,47,179,0.0304
2106607,25435.0,19284.0,6151.0,0.2418,121.0,466.0,0.0304,25435.0,18877.0,6558.0,0.2578,105.0,381.0,0.0257,27285,20919,6366,0.2333,140,650,0.0378
2111052,8747.0,6716.0,2031.0,0.2322,35.0,134.0,0.0252,8746.0,6677.0,2069.0,0.2366,72.0,81.0,0.0229,8599,7245,1354,0.1575,47,125,0.0237
2106706,15231.0,12304.0,2927.0,0.1922,88.0,440.0,0.0429,15231.0,12213.0,3018.0,0.1981,80.0,224.0,0.0249,16373,13434,2939,0.1795,68,456,0.039
2111078,13548.0,10519.0,3029.0,0.2236,51.0,342.0,0.0374,13547.0,10447.0,3100.0,0.2288,43.0,166.0,0.02,14327,10968,3359,0.2345,52,309,0.0329
2106805,11031.0,8658.0,2373.0,0.2151,98.0,269.0,0.0424,11032.0,8396.0,2636.0,0.2389,89.0,188.0,0.033,12016,9387,2629,0.2188,112,275,0.0412
2111250,6265.0,4973.0,1292.0,0.2062,27.0,101.0,0.0257,6264.0,4916.0,1348.0,0.2152,42.0,77.0,0.0242,6388,5187,1201,0.188,42,116,0.0305
2106904,19781.0,14832.0,4949.0,0.2502,86.0,423.0,0.0343,19782.0,14473.0,5309.0,0.2684,118.0,269.0,0.0267,21263,16225,5038,0.2369,114,436,0.0339
2111532,9965.0,7072.0,2893.0,0.2903,23.0,166.0,0.0267,9965.0,6843.0,3122.0,0.3133,25.0,67.0,0.0134,9693,7166,2527,0.2607,35,149,0.0257
2107001,7252.0,5987.0,1265.0,0.1744,43.0,124.0,0.0279,7254.0,5933.0,1321.0,0.1821,54.0,89.0,0.0241,7514,6081,1433,0.1907,53,123,0.0289
2111573,4505.0,3645.0,860.0,0.1909,34.0,88.0,0.0335,4505.0,3565.0,940.0,0.2087,31.0,38.0,0.0194,4689,3900,789,0.1683,26,72,0.0251
2107100,16618.0,12724.0,3894.0,0.2343,62.0,286.0,0.0273,16621.0,11950.0,4671.0,0.281,59.0,199.0,0.0216,16701,13977,2724,0.1631,85,292,0.027
2111631,5562.0,3945.0,1617.0,0.2907,40.0,116.0,0.0395,5562.0,3892.0,1670.0,0.3003,30.0,63.0,0.0239,5160,4024,1136,0.2202,41,128,0.042
2107209,10088.0,7700.0,2388.0,0.2367,39.0,240.0,0.0362,10087.0,7187.0,2900.0,0.2875,32.0,137.0,0.0235,10518,8285,2233,0.2123,39,262,0.0363
2111672,4783.0,3571.0,1212.0,0.2534,9.0,104.0,0.0316,4785.0,3540.0,1245.0,0.2602,18.0,50.0,0.0192,4547,3565,982,0.216,20,103,0.0345
2107308,3935.0,3069.0,866.0,0.2201,19.0,73.0,0.03,3935.0,2970.0,965.0,0.2452,14.0,47.0,0.0205,4134,3285,849,0.2054,16,77,0.0283
2111722,7205.0,5453.0,1752.0,0.2432,37.0,141.0,0.0326,7205.0,5340.0,1865.0,0.2588,52.0,86.0,0.0258,7469,6098,1371,0.1836,51,185,0.0387
2107407,15688.0,11163.0,4525.0,0.2884,116.0,378.0,0.0443,15689.0,11109.0,4580.0,0.2919,83.0,246.0,0.0296,14387,11603,2784,0.1935,124,464,0.0507
2111748,8576.0,6046.0,2530.0,0.295,27.0,168.0,0.0323,8574.0,6041.0,2533.0,0.2954,44.0,87.0,0.0217,8450,6424,2026,0.2398,56,168,0.0349
2107506,74631.0,64006.0,10625.0,0.1424,869.0,1314.0,0.0341,74633.0,62463.0,12170.0,0.1631,890.0,979.0,0.0299,90287,77066,13221,0.1464,1428,1368,0.0363
2111763,12987.0,9400.0,3587.0,0.2762,67.0,238.0,0.0324,12989.0,9418.0,3571.0,0.2749,98.0,160.0,0.0274,12262,9901,2361,0.1925,83,238,0.0324
2107605,17270.0,12140.0,5130.0,0.297,126.0,332.0,0.0377,17270.0,11688.0,5582.0,0.3232,84.0,159.0,0.0208,17179,12744,4435,0.2582,120,303,0.0332
2111789,8971.0,6740.0,2231.0,0.2487,42.0,224.0,0.0395,8971.0,6272.0,2699.0,0.3009,40.0,118.0,0.0252,9228,7061,2167,0.2348,70,174,0.0346
2107704,14489.0,10925.0,3564.0,0.246,48.0,421.0,0.0429,14491.0,11028.0,3463.0,0.239,64.0,274.0,0.0306,14960,11151,3809,0.2546,58,466,0.047
2111953,4603.0,3433.0,1170.0,0.2542,36.0,165.0,0.0585,4603.0,3488.0,1115.0,0.2422,28.0,108.0,0.039,4707,3677,1030,0.2188,35,211,0.0669
2107803,27545.0,18916.0,8629.0,0.3133,149.0,766.0,0.0484,27547.0,18947.0,8600.0,0.3122,118.0,455.0,0.0302,26242,19971,6271,0.239,149,927,0.0539
2112233,16618.0,13326.0,3292.0,0.1981,100.0,313.0,0.031,16619.0,13208.0,3411.0,0.2052,91.0,186.0,0.021,16878,13895,2983,0.1767,152,314,0.0335
2107902,13679.0,10487.0,3192.0,0.2334,79.0,612.0,0.0659,13679.0,10536.0,3143.0,0.2298,68.0,263.0,0.0314,14692,11483,3209,0.2184,104,613,0.0624
2112274,5943.0,4449.0,1494.0,0.2514,28.0,156.0,0.0414,5944.0,4298.0,1646.0,0.2769,20.0,48.0,0.0158,6051,4509,1542,0.2548,20,157,0.0393
2108009,14559.0,11283.0,3276.0,0.225,87.0,320.0,0.0361,14559.0,11337.0,3222.0,0.2213,60.0,145.0,0.0181,15148,11969,3179,0.2099,99,362,0.0385
2112456,16604.0,11046.0,5558.0,0.3347,64.0,301.0,0.033,16605.0,10716.0,5889.0,0.3547,81.0,202.0,0.0264,15977,11725,4252,0.2661,107,258,0.0311
2108207,30901.0,23009.0,7892.0,0.2554,180.0,535.0,0.0311,30903.0,22947.0,7956.0,0.2575,190.0,333.0,0.0228,28040,23067,4973,0.1774,226,442,0.029
2112852,8613.0,6389.0,2224.0,0.2582,40.0,137.0,0.0277,8614.0,6124.0,2490.0,0.2891,40.0,83.0,0.0201,8903,6671,2232,0.2507,57,129,0.0279
2108306,28177.0,18915.0,9262.0,0.3287,103.0,522.0,0.033,28179.0,18131.0,10048.0,0.3566,127.0,318.0,0.0245,26013,19307,6706,0.2578,119,550,0.0347
2108405,12003.0,8608.0,3395.0,0.2828,126.0,191.0,0.0368,12002.0,8040.0,3962.0,0.3301,65.0,127.0,0.0239,11291,9055,2236,0.198,102,248,0.0387
2108504,25484.0,19409.0,6075.0,0.2384,165.0,484.0,0.0334,25486.0,18976.0,6510.0,0.2554,146.0,304.0,0.0237,25951,19854,6097,0.2349,219,495,0.036
2108603,59694.0,46060.0,13634.0,0.2284,469.0,1013.0,0.0322,59695.0,45038.0,14657.0,0.2455,518.0,609.0,0.025,62812,48166,14646,0.2332,574,1056,0.0338
2108702,20350.0,14570.0,5780.0,0.284,87.0,470.0,0.0382,20350.0,14308.0,6042.0,0.2969,77.0,285.0,0.0253,18787,15068,3719,0.198,119,479,0.0397
2108801,12541.0,9365.0,3176.0,0.2532,68.0,287.0,0.0379,12543.0,9220.0,3323.0,0.2649,61.0,188.0,0.027,12904,9553,3351,0.2597,78,317,0.0413
2108900,14578.0,11397.0,3181.0,0.2182,125.0,343.0,0.0411,14578.0,11202.0,3376.0,0.2316,97.0,230.0,0.0292,14763,11711,3052,0.2067,112,408,0.0444
2109007,17557.0,14125.0,3432.0,0.1955,99.0,232.0,0.0234,17556.0,14014.0,3542.0,0.2018,119.0,173.0,0.0208,18862,15208,3654,0.1937,122,234,0.0234
2109106,29680.0,24079.0,5601.0,0.1887,186.0,521.0,0.0294,29683.0,24233.0,5450.0,0.1836,180.0,346.0,0.0217,32781,27169,5612,0.1712,270,741,0.0372
2109205,10624.0,7537.0,3087.0,0.2906,34.0,170.0,0.0271,10624.0,7174.0,3450.0,0.3247,55.0,111.0,0.0231,10017,7827,2190,0.2186,52,171,0.0285
2109304,10479.0,7803.0,2676.0,0.2554,43.0,216.0,0.0332,10479.0,7333.0,3146.0,0.3002,60.0,129.0,0.0258,10343,8192,2151,0.208,57,189,0.03
2109403,11179.0,8270.0,2909.0,0.2602,61.0,243.0,0.0368,11179.0,7169.0,4010.0,0.3587,36.0,106.0,0.0198,11110,9220,1890,0.1701,94,275,0.04
2109502,16149.0,12500.0,3649.0,0.226,62.0,419.0,0.0385,16149.0,12669.0,3480.0,0.2155,103.0,286.0,0.0307,16914,13298,3616,0.2138,102,405,0.0381
2111201,115328.0,95308.0,20020.0,0.1736,1280.0,2188.0,0.0364,115323.0,93190.0,22133.0,0.1919,1193.0,1553.0,0.0295,131324,109700,21624,0.1647,2024,2138,0.0379
2109601,30228.0,24773.0,5455.0,0.1805,230.0,664.0,0.0361,30231.0,24131.0,6100.0,0.2018,261.0,477.0,0.0306,32344,26074,6270,0.1939,339,506,0.0324
2109700,5684.0,4402.0,1282.0,0.2255,16.0,103.0,0.027,5684.0,4109.0,1575.0,0.2771,25.0,50.0,0.0183,5411,4402,1009,0.1865,31,119,0.0341
2109809,23069.0,17062.0,6007.0,0.2604,115.0,458.0,0.0336,23070.0,16844.0,6226.0,0.2699,130.0,269.0,0.0237,24651,18218,6433,0.261,154,454,0.0334
2110005,42947.0,33624.0,9323.0,0.2171,212.0,762.0,0.029,42951.0,33177.0,9774.0,0.2276,235.0,526.0,0.0229,45122,35089,10033,0.2224,277,974,0.0357
2110104,22304.0,15825.0,6479.0,0.2905,141.0,511.0,0.0412,22304.0,15794.0,6510.0,0.2919,95.0,307.0,0.0255,21175,16774,4401,0.2078,154,548,0.0419
2110203,24626.0,19269.0,5357.0,0.2175,202.0,538.0,0.0384,24626.0,18901.0,5725.0,0.2325,163.0,360.0,0.0277,28000,21478,6522,0.2329,290,521,0.0378
2110302,14929.0,11710.0,3219.0,0.2156,80.0,271.0,0.03,14929.0,11614.0,3315.0,0.2221,74.0,210.0,0.0245,15375,12718,2657,0.1728,93,368,0.0362
2110401,14422.0,11972.0,2450.0,0.1699,71.0,321.0,0.0327,14422.0,11476.0,2946.0,0.2043,74.0,204.0,0.0242,16310,13269,3041,0.1865,102,333,0.0328
2110500,28457.0,20868.0,7589.0,0.2667,203.0,608.0,0.0389,28461.0,20216.0,8245.0,0.2897,199.0,308.0,0.0251,29322,21660,7662,0.2613,292,611,0.0417
2110609,23102.0,16713.0,6389.0,0.2766,125.0,538.0,0.0397,23104.0,16440.0,6664.0,0.2884,123.0,367.0,0.0298,21808,17139,4669,0.2141,168,591,0.0443
2110708,29326.0,21641.0,7685.0,0.2621,260.0,889.0,0.0531,29330.0,22045.0,7285.0,0.2484,205.0,468.0,0.0305,28537,23143,5394,0.189,248,970,0.0526
2110807,4206.0,3059.0,1147.0,0.2727,21.0,121.0,0.0464,4206.0,2970.0,1236.0,0.2939,12.0,63.0,0.0253,4224,3297,927,0.2195,27,132,0.0482
2110906,9904.0,7150.0,2754.0,0.2781,83.0,315.0,0.0557,9904.0,7283.0,2621.0,0.2646,45.0,204.0,0.0342,9159,7246,1913,0.2089,86,265,0.0484
2111003,19600.0,14700.0,4900.0,0.25,104.0,398.0,0.0341,19600.0,13415.0,6185.0,0.3156,76.0,211.0,0.0214,20103,15087,5016,0.2495,111,341,0.03
2111102,20757.0,15226.0,5531.0,0.2665,181.0,534.0,0.047,20758.0,15264.0,5494.0,0.2647,155.0,374.0,0.0347,19533,15553,3980,0.2038,219,533,0.0484
2111300,753092.0,633271.0,119821.0,0.1591,8513.0,13933.0,0.0354,753009.0,622719.0,130290.0,0.173,9023.0,12280.0,0.0342,761443,642000,119443,0.1569,11228,11450,0.0353
2111508,27643.0,21130.0,6513.0,0.2356,145.0,685.0,0.0393,27644.0,21370.0,6274.0,0.227,167.0,413.0,0.0271,30147,22755,7392,0.2452,182,700,0.0388
2111607,16054.0,11910.0,4144.0,0.2581,102.0,327.0,0.036,16056.0,11568.0,4488.0,0.2795,100.0,219.0,0.0276,15701,12665,3036,0.1934,122,366,0.0385
2111706,16426.0,11728.0,4698.0,0.286,145.0,446.0,0.0504,16425.0,11192.0,5233.0,0.3186,91.0,243.0,0.0298,16729,12300,4429,0.2647,194,464,0.0535
2111805,13385.0,11403.0,1982.0,0.1481,67.0,281.0,0.0305,13385.0,11375.0,2010.0,0.1502,136.0,153.0,0.0254,13984,11927,2057,0.1471,95,225,0.0268
2111904,8786.0,6714.0,2072.0,0.2358,54.0,193.0,0.0368,8787.0,6663.0,2124.0,0.2417,55.0,129.0,0.0276,8257,6963,1294,0.1567,44,218,0.0376
2112001,7097.0,5528.0,1569.0,0.2211,43.0,127.0,0.0308,7099.0,5458.0,1641.0,0.2312,34.0,93.0,0.0233,6854,5594,1260,0.1838,34,162,0.035
2112100,20530.0,14824.0,5706.0,0.2779,91.0,497.0,0.0397,20534.0,15142.0,5392.0,0.2626,122.0,271.0,0.026,21254,15483,5771,0.2715,105,568,0.0435
2112209,115682.0,97062.0,18620.0,0.161,1054.0,3098.0,0.0428,115685.0,96768.0,18917.0,0.1635,891.0,2065.0,0.0305,124767,105358,19409,0.1556,1283,3146,0.042
2112308,26958.0,21478.0,5480.0,0.2033,205.0,561.0,0.0357,26957.0,21114.0,5843.0,0.2168,186.0,365.0,0.0261,28443,22571,5872,0.2064,240,698,0.0416
2112407,29027.0,21240.0,7787.0,0.2683,129.0,427.0,0.0262,29027.0,19136.0,9891.0,0.3408,116.0,247.0,0.019,28166,22760,5406,0.1919,159,505,0.0292
2112506,38986.0,30474.0,8512.0,0.2183,374.0,971.0,0.0441,38989.0,29771.0,9218.0,0.2364,346.0,605.0,0.0319,43215,33914,9301,0.2152,448,1034,0.0437
2112605,23850.0,19285.0,4565.0,0.1914,122.0,655.0,0.0403,23849.0,18952.0,4897.0,0.2053,120.0,302.0,0.0223,25803,20337,5466,0.2118,179,667,0.0416
2112704,31118.0,24103.0,7015.0,0.2254,166.0,871.0,0.043,31117.0,23822.0,7295.0,0.2344,178.0,573.0,0.0315,32648,25476,7172,0.2197,204,873,0.0423
2112803,38433.0,29698.0,8735.0,0.2273,234.0,591.0,0.0278,38434.0,28696.0,9738.0,0.2534,244.0,409.0,0.0228,39769,31042,8727,0.2194,318,626,0.0304
2112902,26746.0,18358.0,8388.0,0.3136,156.0,404.0,0.0305,26746.0,18053.0,8693.0,0.325,181.0,300.0,0.0266,24683,19338,5345,0.2165,204,355,0.0289
2113009,25265.0,17959.0,7306.0,0.2892,149.0,472.0,0.0346,25266.0,18030.0,7236.0,0.2864,145.0,326.0,0.0261,22898,18470,4428,0.1934,189,490,0.0368
2102002,28901.0,20020.0,8881.0,0.3073,119.0,660.0,0.0389,28901.0,19617.0,9284.0,0.3212,154.0,393.0,0.0279,26888,20906,5982,0.2225,155,610,0.0366
2109908,58812.0,47030.0,11782.0,0.2003,450.0,1052.0,0.0319,58817.0,46569.0,12248.0,0.2082,402.0,644.0,0.0225,63447,51029,12418,0.1957,623,981,0.0314
2108108,16076.0,12356.0,3720.0,0.2314,80.0,414.0,0.04,16075.0,12189.0,3886.0,0.2417,90.0,198.0,0.0236,16850,12975,3875,0.23,89,445,0.0412
2100055,75812.0,60131.0,15681.0,0.2068,578.0,1274.0,0.0308,75812.0,60046.0,15766.0,0.208,582.0,684.0,0.0211,78000,63185,14815,0.1899,589,1170,0.0278
2104057,22927.0,17923.0,5004.0,0.2183,100.0,398.0,0.0278,22933.0,17963.0,4970.0,0.2167,148.0,237.0,0.0214,24146,19004,5142,0.213,125,341,0.0245
2110039,17807.0,13101.0,4706.0,0.2643,106.0,349.0,0.0347,17812.0,12934.0,4878.0,0.2739,95.0,216.0,0.024,17081,13391,3690,0.216,133,315,0.0335
2100956,22573.0,16466.0,6107.0,0.2705,65.0,357.0,0.0256,22582.0,16172.0,6410.0,0.2839,71.0,223.0,0.0182,20826,16756,4070,0.1954,81,343,0.0253
2106755,16974.0,12447.0,4527.0,0.2667,96.0,254.0,0.0281,16975.0,11983.0,4992.0,0.2941,112.0,179.0,0.0243,16991,13432,3559,0.2095,116,280,0.0295
2114007,31643.0,24550.0,7093.0,0.2242,181.0,580.0,0.031,31639.0,24390.0,7249.0,0.2291,183.0,433.0,0.0253,33014,25899,7115,0.2155,234,536,0.0297
2201960,7621.0,5956.0,1665.0,0.2185,39.0,144.0,0.0307,7620.0,5869.0,1751.0,0.2298,38.0,103.0,0.024,8739,6773,1966,0.225,87,250,0.0498
2200103,5063.0,4023.0,1040.0,0.2054,39.0,117.0,0.0388,5063.0,3952.0,1111.0,0.2194,35.0,112.0,0.0372,5547,4473,1074,0.1936,34,114,0.0331
2200277,4338.0,3462.0,876.0,0.2019,20.0,52.0,0.0208,4337.0,3297.0,1040.0,0.2398,16.0,61.0,0.0234,4534,3602,932,0.2056,18,73,0.0253
2200202,15269.0,12671.0,2598.0,0.1701,80.0,242.0,0.0254,15272.0,12256.0,3016.0,0.1975,73.0,256.0,0.0268,15858,13203,2655,0.1674,132,317,0.034
2201150,9655.0,8415.0,1240.0,0.1284,50.0,148.0,0.0235,9650.0,8362.0,1288.0,0.1335,55.0,147.0,0.0242,11444,9665,1779,0.1555,84,299,0.0396
2200301,12299.0,10586.0,1713.0,0.1393,52.0,278.0,0.0312,12297.0,10145.0,2152.0,0.175,45.0,216.0,0.0257,12857,11129,1728,0.1344,106,267,0.0335
2201919,6086.0,5128.0,958.0,0.1574,57.0,119.0,0.0343,6086.0,4974.0,1112.0,0.1827,53.0,109.0,0.0326,6778,5777,1001,0.1477,70,236,0.053
2200400,33683.0,29151.0,4532.0,0.1345,263.0,694.0,0.0328,33682.0,29052.0,4630.0,0.1375,221.0,682.0,0.0311,37002,31884,5118,0.1383,452,916,0.0429
2201929,4968.0,4091.0,877.0,0.1765,32.0,127.0,0.0389,4967.0,4008.0,959.0,0.1931,42.0,97.0,0.0347,4967,4167,800,0.1611,35,132,0.0401
2200509,15123.0,12080.0,3043.0,0.2012,79.0,266.0,0.0286,15124.0,11702.0,3422.0,0.2263,67.0,271.0,0.0289,16004,12811,3193,0.1995,125,348,0.0369
2202026,6420.0,5536.0,884.0,0.1377,25.0,85.0,0.0199,6416.0,5361.0,1055.0,0.1644,26.0,96.0,0.0228,6972,6022,950,0.1363,62,116,0.0296
2200608,6799.0,5339.0,1460.0,0.2147,39.0,135.0,0.0326,6794.0,5275.0,1519.0,0.2236,28.0,106.0,0.0254,6640,5444,1196,0.1801,50,161,0.0388
2202059,9207.0,7262.0,1945.0,0.2113,57.0,212.0,0.037,9208.0,7036.0,2172.0,0.2359,59.0,144.0,0.0289,9837,7722,2115,0.215,114,205,0.0413
2200707,6891.0,5731.0,1160.0,0.1683,31.0,97.0,0.0223,6891.0,5708.0,1183.0,0.1717,34.0,126.0,0.028,7166,6061,1105,0.1542,39,169,0.0343
2202091,4948.0,4324.0,624.0,0.1261,33.0,41.0,0.0171,4950.0,4250.0,700.0,0.1414,33.0,83.0,0.0273,5176,4430,746,0.1441,46,75,0.0273
2200806,2938.0,2382.0,556.0,0.1892,18.0,48.0,0.0277,2940.0,2311.0,629.0,0.2139,17.0,50.0,0.029,3064,2499,565,0.1844,24,52,0.0304
2202251,3336.0,2654.0,682.0,0.2044,19.0,43.0,0.0234,3335.0,2512.0,823.0,0.2468,23.0,41.0,0.0255,3447,2724,723,0.2097,30,64,0.0345
2200905,5566.0,4462.0,1104.0,0.1983,26.0,105.0,0.0294,5566.0,4251.0,1315.0,0.2363,31.0,106.0,0.0322,5575,4487,1088,0.1952,40,137,0.0394
2202737,5037.0,4496.0,541.0,0.1074,29.0,94.0,0.0274,5038.0,4285.0,753.0,0.1495,22.0,72.0,0.0219,5672,5048,624,0.11,43,152,0.0386
2201002,4186.0,3373.0,813.0,0.1942,22.0,58.0,0.0237,4187.0,3290.0,897.0,0.2142,29.0,76.0,0.0319,4367,3660,707,0.1619,22,112,0.0366
2202752,5150.0,4197.0,953.0,0.185,17.0,93.0,0.0262,5150.0,4093.0,1057.0,0.2052,27.0,72.0,0.0242,5574,4441,1133,0.2033,33,124,0.0354
2201101,9237.0,7291.0,1946.0,0.2107,63.0,228.0,0.0399,9236.0,7116.0,2120.0,0.2295,104.0,187.0,0.0409,9563,7521,2042,0.2135,51,265,0.042
2202778,6242.0,4776.0,1466.0,0.2349,43.0,107.0,0.0314,6243.0,4685.0,1558.0,0.2496,44.0,97.0,0.0301,6180,4803,1377,0.2228,37,140,0.0369
2201200,36352.0,28563.0,7789.0,0.2143,255.0,760.0,0.0355,36351.0,28195.0,8156.0,0.2244,264.0,707.0,0.0344,38201,30941,7260,0.19,444,871,0.0425
2202851,4718.0,4111.0,607.0,0.1287,24.0,82.0,0.0258,4718.0,3982.0,736.0,0.156,13.0,57.0,0.0176,5395,4679,716,0.1327,48,105,0.0327
2201309,3491.0,2647.0,844.0,0.2418,23.0,50.0,0.0276,3487.0,2526.0,961.0,0.2756,16.0,64.0,0.0317,3633,2617,1016,0.2797,23,60,0.0317
2203750,4448.0,3692.0,756.0,0.17,12.0,60.0,0.0195,4446.0,3627.0,819.0,0.1842,15.0,82.0,0.0267,4753,3937,816,0.1717,17,63,0.0203
2201408,5889.0,4567.0,1322.0,0.2245,30.0,65.0,0.0208,5889.0,4501.0,1388.0,0.2357,40.0,64.0,0.0231,6411,5132,1279,0.1995,49,69,0.023
2205151,4940.0,4409.0,531.0,0.1075,34.0,129.0,0.037,4940.0,4359.0,581.0,0.1176,39.0,137.0,0.0404,5231,4764,467,0.0893,103,187,0.0609
2201507,22266.0,16543.0,5723.0,0.257,161.0,483.0,0.0389,22267.0,16305.0,5962.0,0.2678,187.0,472.0,0.0404,22539,17104,5435,0.2411,262,635,0.0524
2205250,4295.0,3522.0,773.0,0.18,20.0,79.0,0.0281,4295.0,3391.0,904.0,0.2105,16.0,73.0,0.0262,4530,3826,704,0.1554,35,81,0.0303
2201606,9293.0,7737.0,1556.0,0.1674,44.0,219.0,0.034,9289.0,7592.0,1697.0,0.1827,59.0,223.0,0.0371,9612,7965,1647,0.1713,81,226,0.0385
2205557,7851.0,6674.0,1177.0,0.1499,37.0,116.0,0.0229,7851.0,6463.0,1388.0,0.1768,29.0,111.0,0.0217,8599,7361,1238,0.144,57,111,0.0228
2201705,4509.0,3794.0,715.0,0.1586,31.0,77.0,0.0285,4510.0,3677.0,833.0,0.1847,34.0,101.0,0.0367,4969,4153,816,0.1642,38,127,0.0397
2205565,4290.0,3639.0,651.0,0.1517,53.0,99.0,0.0418,4290.0,3670.0,620.0,0.1445,51.0,110.0,0.0439,4646,3978,668,0.1438,74,136,0.0528
2201804,5162.0,4525.0,637.0,0.1234,22.0,55.0,0.017,5160.0,4341.0,819.0,0.1587,19.0,73.0,0.0212,5573,4788,785,0.1409,52,82,0.028
2205953,7424.0,6355.0,1069.0,0.144,64.0,212.0,0.0434,7424.0,6323.0,1101.0,0.1483,60.0,199.0,0.041,8736,7491,1245,0.1425,94,300,0.0526
2201903,18638.0,15798.0,2840.0,0.1524,125.0,345.0,0.0298,18633.0,15623.0,3010.0,0.1615,145.0,301.0,0.0285,19900,16790,3110,0.1563,198,485,0.0407
2207777,5345.0,4412.0,933.0,0.1746,53.0,181.0,0.053,5345.0,4308.0,1037.0,0.194,50.0,173.0,0.0518,5568,4613,955,0.1715,68,251,0.0692
2202000,16468.0,13628.0,2840.0,0.1725,84.0,313.0,0.0291,16466.0,13498.0,2968.0,0.1803,111.0,323.0,0.0322,17653,14865,2788,0.1579,216,469,0.0461
2207751,3853.0,2952.0,901.0,0.2338,18.0,49.0,0.0227,3853.0,2831.0,1022.0,0.2652,16.0,51.0,0.0237,4164,3080,1084,0.2603,26,56,0.0266
2202109,5209.0,4139.0,1070.0,0.2054,31.0,110.0,0.0341,5208.0,4055.0,1153.0,0.2214,19.0,90.0,0.0269,5376,4237,1139,0.2119,43,149,0.0453
2208650,6776.0,5904.0,872.0,0.1287,66.0,207.0,0.0462,6777.0,5923.0,854.0,0.126,44.0,186.0,0.0388,7227,5996,1231,0.1703,122,482,0.1007
2202208,34701.0,29236.0,5465.0,0.1575,284.0,769.0,0.036,34702.0,29050.0,5652.0,0.1629,218.0,725.0,0.0325,35864,30407,5457,0.1522,456,893,0.0444
2209153,3481.0,2723.0,758.0,0.2178,13.0,52.0,0.0239,3481.0,2573.0,908.0,0.2608,18.0,46.0,0.0249,3971,3258,713,0.1796,22,43,0.02
2202307,15400.0,12163.0,3237.0,0.2102,138.0,359.0,0.0409,15399.0,12002.0,3397.0,0.2206,139.0,329.0,0.039,16253,12666,3587,0.2207,158,506,0.0524
2209377,4539.0,3485.0,1054.0,0.2322,19.0,100.0,0.0341,4539.0,3460.0,1079.0,0.2377,20.0,69.0,0.0257,4981,3873,1108,0.2224,41,123,0.0423
2202406,10129.0,8023.0,2106.0,0.2079,91.0,256.0,0.0433,10131.0,7967.0,2164.0,0.2136,70.0,236.0,0.0384,10509,8397,2112,0.201,121,320,0.0525
2209351,3993.0,3415.0,578.0,0.1448,30.0,121.0,0.0442,3993.0,3429.0,564.0,0.1412,20.0,100.0,0.035,4214,3644,570,0.1353,23,123,0.0401
2202505,7952.0,6534.0,1418.0,0.1783,53.0,148.0,0.0308,7953.0,6519.0,1434.0,0.1803,42.0,153.0,0.0299,8414,6917,1497,0.1779,69,237,0.0442
2209559,3961.0,3288.0,673.0,0.1699,14.0,51.0,0.0198,3962.0,3239.0,723.0,0.1825,24.0,52.0,0.0235,4155,3470,685,0.1649,31,86,0.0337
2202604,16077.0,12394.0,3683.0,0.2291,133.0,315.0,0.0361,16074.0,12167.0,3907.0,0.2431,150.0,293.0,0.0364,16956,12983,3973,0.2343,191,420,0.0471
2210052,4925.0,4197.0,728.0,0.1478,41.0,96.0,0.0326,4925.0,4122.0,803.0,0.163,49.0,155.0,0.0495,5071,4314,757,0.1493,53,174,0.0526
2202703,21113.0,17381.0,3732.0,0.1768,241.0,611.0,0.049,21112.0,17461.0,3651.0,0.1729,167.0,486.0,0.0374,23420,19665,3755,0.1603,342,785,0.0573
2210656,8515.0,7305.0,1210.0,0.1421,57.0,169.0,0.0309,8518.0,7008.0,1510.0,0.1773,62.0,152.0,0.0305,9278,8022,1256,0.1354,89,188,0.0345
2202802,4595.0,3845.0,750.0,0.1632,41.0,158.0,0.0518,4591.0,3643.0,948.0,0.2065,35.0,123.0,0.0434,5002,4212,790,0.1579,46,199,0.0582
2210359,4914.0,4142.0,772.0,0.1571,37.0,89.0,0.0304,4912.0,4090.0,822.0,0.1673,28.0,84.0,0.0274,4860,4123,737,0.1516,48,136,0.0446
2202901,20213.0,15973.0,4240.0,0.2098,117.0,414.0,0.0332,20214.0,16031.0,4183.0,0.2069,123.0,386.0,0.0318,21194,16843,4351,0.2053,201,593,0.0471
2211357,4546.0,3757.0,789.0,0.1736,27.0,76.0,0.0274,4546.0,3705.0,841.0,0.185,24.0,76.0,0.027,4694,3945,749,0.1596,30,136,0.0421
2203008,5406.0,4398.0,1008.0,0.1865,26.0,141.0,0.038,5403.0,4389.0,1014.0,0.1877,26.0,79.0,0.0239,6237,4895,1342,0.2152,42,172,0.0437
2201176,3393.0,2662.0,731.0,0.2154,28.0,95.0,0.0462,3392.0,2646.0,746.0,0.2199,30.0,63.0,0.0351,3576,2879,697,0.1949,45,135,0.0625
2203107,7709.0,6221.0,1488.0,0.193,41.0,174.0,0.0346,7706.0,6075.0,1631.0,0.2117,48.0,164.0,0.0349,8594,7113,1481,0.1723,71,206,0.0389
2201556,3379.0,3081.0,298.0,0.0882,57.0,106.0,0.0529,3379.0,3074.0,305.0,0.0903,74.0,171.0,0.0797,3462,3209,253,0.0731,76,216,0.091
2203206,8715.0,7055.0,1660.0,0.1905,64.0,152.0,0.0306,8718.0,7041.0,1677.0,0.1924,61.0,126.0,0.0266,9386,7660,1726,0.1839,81,228,0.0403
2201988,3744.0,3116.0,628.0,0.1677,10.0,54.0,0.0205,3744.0,3104.0,640.0,0.1709,14.0,54.0,0.0219,3894,3153,741,0.1903,17,101,0.0374
2203305,12131.0,10105.0,2026.0,0.167,73.0,267.0,0.0336,12132.0,10001.0,2131.0,0.1757,85.0,229.0,0.0314,13788,11883,1905,0.1382,159,305,0.039
2201770,6383.0,5050.0,1333.0,0.2088,50.0,132.0,0.036,6383.0,4910.0,1473.0,0.2308,45.0,86.0,0.0267,6884,5570,1314,0.1909,68,151,0.0393
2203404,6097.0,5410.0,687.0,0.1127,54.0,100.0,0.0285,6092.0,5376.0,716.0,0.1175,63.0,106.0,0.0314,6542,5763,779,0.1191,87,143,0.0399
2203453,7071.0,6094.0,977.0,0.1382,32.0,125.0,0.0258,7070.0,5999.0,1071.0,0.1515,32.0,153.0,0.0308,7564,6465,1099,0.1453,45,185,0.0356
2203503,12703.0,9834.0,2869.0,0.2259,62.0,244.0,0.0311,12705.0,9525.0,3180.0,0.2503,81.0,229.0,0.0325,13416,10631,2785,0.2076,91,362,0.0426
2202455,3640.0,3110.0,530.0,0.1456,20.0,76.0,0.0309,3640.0,3092.0,548.0,0.1505,15.0,86.0,0.0327,4054,3502,552,0.1362,28,138,0.0474
2203602,3682.0,2892.0,790.0,0.2146,24.0,76.0,0.0346,3679.0,2839.0,840.0,0.2283,21.0,62.0,0.0292,4015,3090,925,0.2304,43,102,0.0469
2202133,5001.0,4085.0,916.0,0.1832,46.0,174.0,0.0539,5002.0,4058.0,944.0,0.1887,40.0,151.0,0.0471,5304,4465,839,0.1582,56,173,0.0513
2203701,30568.0,23885.0,6683.0,0.2186,278.0,628.0,0.0379,30571.0,23780.0,6791.0,0.2221,264.0,634.0,0.0378,32709,25807,6902,0.211,438,769,0.0468
2202174,5236.0,4246.0,990.0,0.1891,38.0,123.0,0.0379,5236.0,4099.0,1137.0,0.2172,32.0,96.0,0.0312,5863,4699,1164,0.1985,59,140,0.0423
2203800,4173.0,3241.0,932.0,0.2233,28.0,109.0,0.0423,4172.0,3122.0,1050.0,0.2517,28.0,77.0,0.0336,4318,3286,1032,0.239,29,118,0.0447
2203230,5146.0,4385.0,761.0,0.1479,16.0,88.0,0.0237,5148.0,4282.0,866.0,0.1682,36.0,83.0,0.0278,6287,5394,893,0.142,38,138,0.0326
2203909,44337.0,35757.0,8580.0,0.1935,350.0,604.0,0.0267,44346.0,35708.0,8638.0,0.1948,366.0,715.0,0.0303,44933,36697,8236,0.1833,520,836,0.037
2204352,5991.0,5157.0,834.0,0.1392,54.0,131.0,0.0359,5993.0,5132.0,861.0,0.1437,41.0,146.0,0.0364,6469,5688,781,0.1207,70,176,0.0432
2204006,4344.0,3366.0,978.0,0.2251,19.0,91.0,0.0327,4344.0,3264.0,1080.0,0.2486,20.0,68.0,0.027,4556,3676,880,0.1932,37,117,0.0419
2204550,4185.0,3266.0,919.0,0.2196,13.0,34.0,0.0144,4184.0,3195.0,989.0,0.2364,20.0,33.0,0.0166,4478,3418,1060,0.2367,18,40,0.017
2204105,4506.0,3608.0,898.0,0.1993,22.0,59.0,0.0225,4505.0,3462.0,1043.0,0.2315,28.0,67.0,0.0274,5168,4007,1161,0.2247,50,97,0.0367
2204659,8597.0,6999.0,1598.0,0.1859,57.0,181.0,0.034,8596.0,7009.0,1587.0,0.1846,62.0,198.0,0.0371,9354,7880,1474,0.1576,112,256,0.0467
2204204,7204.0,5808.0,1396.0,0.1938,84.0,141.0,0.0387,7197.0,5677.0,1520.0,0.2112,67.0,127.0,0.0342,7087,5878,1209,0.1706,66,172,0.0405
2205532,4671.0,3875.0,796.0,0.1704,24.0,102.0,0.0325,4671.0,3832.0,839.0,0.1796,31.0,69.0,0.0261,5184,4210,974,0.1879,30,146,0.0418
2204303,9351.0,7674.0,1677.0,0.1793,64.0,131.0,0.0254,9348.0,7348.0,2000.0,0.2139,65.0,198.0,0.0358,9541,7833,1708,0.179,92,209,0.0384
2205573,5793.0,4575.0,1218.0,0.2103,36.0,100.0,0.0297,5793.0,4574.0,1219.0,0.2104,27.0,123.0,0.0328,6040,4702,1338,0.2215,65,137,0.043
2204402,8080.0,6476.0,1604.0,0.1985,40.0,161.0,0.031,8081.0,6332.0,1749.0,0.2164,33.0,137.0,0.0268,8660,6973,1687,0.1948,39,228,0.0383
2206654,3569.0,2887.0,682.0,0.1911,18.0,115.0,0.0461,3571.0,2805.0,766.0,0.2145,14.0,106.0,0.0428,4202,3383,819,0.1949,15,159,0.0514
2204501,8556.0,6379.0,2177.0,0.2544,55.0,146.0,0.0315,8557.0,6349.0,2208.0,0.258,47.0,153.0,0.0315,8682,6465,2217,0.2554,82,240,0.0498
2206951,4345.0,3706.0,639.0,0.1471,14.0,55.0,0.0186,4341.0,3481.0,860.0,0.1981,18.0,44.0,0.0178,4732,3979,753,0.1591,39,63,0.0256
2204600,4164.0,3493.0,671.0,0.1611,39.0,58.0,0.0278,4165.0,3232.0,933.0,0.224,29.0,75.0,0.0322,4428,3623,805,0.1818,49,88,0.0378
2206753,5424.0,4612.0,812.0,0.1497,28.0,68.0,0.0208,5422.0,4529.0,893.0,0.1647,24.0,79.0,0.0227,6117,5254,863,0.1411,43,88,0.0249
2204709,12674.0,9982.0,2692.0,0.2124,72.0,292.0,0.0365,12677.0,9994.0,2683.0,0.2116,70.0,269.0,0.0339,13109,10635,2474,0.1887,106,397,0.0473
2207553,3850.0,3410.0,440.0,0.1143,17.0,76.0,0.0273,3848.0,3303.0,545.0,0.1416,13.0,70.0,0.0251,4173,3672,501,0.1201,13,64,0.021
2204808,7402.0,6067.0,1335.0,0.1804,59.0,178.0,0.0391,7403.0,6091.0,1312.0,0.1772,55.0,202.0,0.0422,7746,6491,1255,0.162,90,201,0.0448
2207959,3817.0,3350.0,467.0,0.1223,16.0,59.0,0.0224,3817.0,3270.0,547.0,0.1433,13.0,69.0,0.0251,4142,3529,613,0.148,28,82,0.0312
2204907,6107.0,5079.0,1028.0,0.1683,45.0,172.0,0.0427,6107.0,5077.0,1030.0,0.1687,43.0,181.0,0.0441,6463,5359,1104,0.1708,69,202,0.0506
2209971,7092.0,5698.0,1394.0,0.1966,63.0,158.0,0.0388,7092.0,5698.0,1394.0,0.1966,50.0,135.0,0.0325,7625,6324,1301,0.1706,65,216,0.0444
2205003,9376.0,7806.0,1570.0,0.1674,116.0,274.0,0.05,9376.0,7907.0,1469.0,0.1567,87.0,250.0,0.0426,9605,8010,1595,0.1661,109,366,0.0593
2205102,8845.0,6966.0,1879.0,0.2124,100.0,233.0,0.0478,8845.0,6900.0,1945.0,0.2199,94.0,184.0,0.0403,9279,7214,2065,0.2225,109,258,0.0509
2205201,13378.0,10241.0,3137.0,0.2345,148.0,434.0,0.0568,13381.0,10272.0,3109.0,0.2323,123.0,365.0,0.0475,14188,10972,3216,0.2267,164,536,0.0638
2205300,4612.0,3713.0,899.0,0.1949,33.0,78.0,0.0299,4609.0,3559.0,1050.0,0.2278,29.0,88.0,0.0329,4814,3865,949,0.1971,42,104,0.0378
2205409,11440.0,9235.0,2205.0,0.1927,79.0,233.0,0.0338,11440.0,9136.0,2304.0,0.2014,82.0,202.0,0.0311,11817,9443,2374,0.2009,148,317,0.0492
2209856,4648.0,3869.0,779.0,0.1676,17.0,46.0,0.0163,4645.0,3735.0,910.0,0.1959,23.0,62.0,0.0228,4502,3705,797,0.177,38,56,0.0254
2205508,33175.0,28381.0,4794.0,0.1445,262.0,601.0,0.0304,33179.0,28241.0,4938.0,0.1488,197.0,603.0,0.0283,35332,30485,4847,0.1372,351,740,0.0358
2205607,4601.0,3495.0,1106.0,0.2404,15.0,78.0,0.0266,4600.0,3438.0,1162.0,0.2526,17.0,86.0,0.03,5122,3957,1165,0.2275,41,154,0.0493
2205706,25690.0,20836.0,4854.0,0.1889,215.0,567.0,0.0375,25687.0,20778.0,4909.0,0.1911,167.0,596.0,0.0367,27367,22598,4769,0.1743,327,805,0.0501
2205805,19601.0,15617.0,3984.0,0.2033,171.0,388.0,0.0358,19602.0,15282.0,4320.0,0.2204,153.0,395.0,0.0359,20147,16157,3990,0.198,235,512,0.0462
2205904,4595.0,3731.0,864.0,0.188,16.0,91.0,0.0287,4595.0,3625.0,970.0,0.2111,21.0,92.0,0.0312,4913,4064,849,0.1728,19,112,0.0322
2206001,3985.0,3165.0,820.0,0.2058,30.0,38.0,0.0215,3985.0,3088.0,897.0,0.2251,16.0,70.0,0.0278,4326,3486,840,0.1942,37,69,0.0304
2206100,8722.0,6601.0,2121.0,0.2432,78.0,183.0,0.0395,8721.0,6587.0,2134.0,0.2447,79.0,183.0,0.0398,9161,7146,2015,0.22,120,214,0.0467
2206209,25560.0,19344.0,6216.0,0.2432,164.0,614.0,0.0402,25546.0,18957.0,6589.0,0.2579,179.0,500.0,0.0358,27719,21307,6412,0.2313,212,645,0.0402
2206308,1604.0,1357.0,247.0,0.154,7.0,26.0,0.0243,1604.0,1261.0,343.0,0.2138,9.0,18.0,0.0214,1890,1630,260,0.1376,7,61,0.0417
2206407,10011.0,8447.0,1564.0,0.1562,56.0,156.0,0.0251,10009.0,8234.0,1775.0,0.1773,50.0,154.0,0.0248,10476,8916,1560,0.1489,105,184,0.0324
2206506,6798.0,5862.0,936.0,0.1377,49.0,203.0,0.043,6800.0,5753.0,1047.0,0.154,53.0,174.0,0.0395,7493,6358,1135,0.1515,65,183,0.039
2206605,8953.0,7058.0,1895.0,0.2117,35.0,170.0,0.029,8953.0,6829.0,2124.0,0.2372,36.0,137.0,0.0253,9415,7407,2008,0.2133,37,175,0.0286
2206704,6540.0,5180.0,1360.0,0.208,31.0,142.0,0.0334,6538.0,5086.0,1452.0,0.2221,35.0,97.0,0.026,6697,5398,1299,0.194,41,161,0.0374
2206803,8180.0,6766.0,1414.0,0.1729,54.0,167.0,0.0327,8180.0,6491.0,1689.0,0.2065,40.0,126.0,0.0256,8627,7157,1470,0.1704,89,200,0.0404
2206902,5131.0,4023.0,1108.0,0.2159,36.0,131.0,0.0415,5132.0,3946.0,1186.0,0.2311,30.0,106.0,0.0345,5158,4185,973,0.1886,47,134,0.0432
2207009,29703.0,24097.0,5606.0,0.1887,238.0,541.0,0.0323,29709.0,23687.0,6022.0,0.2027,212.0,536.0,0.0316,31021,25419,5602,0.1806,324,760,0.0426
2203420,4171.0,3340.0,831.0,0.1992,20.0,61.0,0.0243,4170.0,3283.0,887.0,0.2127,23.0,53.0,0.0231,4268,3438,830,0.1945,36,83,0.0346
2207207,5994.0,4939.0,1055.0,0.176,40.0,147.0,0.0379,5993.0,4853.0,1140.0,0.1902,59.0,127.0,0.0383,6038,4980,1058,0.1752,67,178,0.0492
2207306,3815.0,3220.0,595.0,0.156,24.0,89.0,0.0351,3816.0,3093.0,723.0,0.1895,17.0,77.0,0.0304,4499,3538,961,0.2136,35,138,0.0489
2207405,4418.0,3695.0,723.0,0.1636,40.0,100.0,0.0379,4422.0,3542.0,880.0,0.199,43.0,77.0,0.0339,4922,4131,791,0.1607,52,126,0.0431
2207504,12302.0,10099.0,2203.0,0.1791,53.0,205.0,0.0255,12301.0,9734.0,2567.0,0.2087,48.0,196.0,0.0251,13336,10972,2364,0.1773,65,246,0.0283
2207603,7223.0,5677.0,1546.0,0.214,40.0,143.0,0.0322,7222.0,5562.0,1660.0,0.2299,29.0,136.0,0.0297,7624,5984,1640,0.2151,41,172,0.0356
2207702,110601.0,91425.0,19176.0,0.1734,1063.0,1975.0,0.0332,110411.0,91133.0,19278.0,0.1746,995.0,2196.0,0.035,118423,99922,18501,0.1562,1475,2502,0.0398
2207801,15907.0,13306.0,2601.0,0.1635,131.0,444.0,0.0432,15905.0,13214.0,2691.0,0.1692,126.0,416.0,0.041,17052,14440,2612,0.1532,174,655,0.0574
2207900,32776.0,24961.0,7815.0,0.2384,264.0,707.0,0.0389,32776.0,25027.0,7749.0,0.2364,234.0,609.0,0.0337,35312,27067,8245,0.2335,350,831,0.0436
2208007,52734.0,45014.0,7720.0,0.1464,393.0,1009.0,0.0311,52740.0,44689.0,8051.0,0.1527,337.0,1128.0,0.0328,54212,47307,6905,0.1274,554,1341,0.0401
2208106,8856.0,7233.0,1623.0,0.1833,44.0,179.0,0.0308,8852.0,7060.0,1792.0,0.2024,49.0,169.0,0.0309,9384,7543,1841,0.1962,69,300,0.0489
2208205,13896.0,11636.0,2260.0,0.1626,103.0,330.0,0.0372,13896.0,11678.0,2218.0,0.1596,107.0,348.0,0.039,15109,12707,2402,0.159,163,453,0.0485
2208304,24193.0,19525.0,4668.0,0.1929,176.0,486.0,0.0339,24191.0,19447.0,4744.0,0.1961,169.0,538.0,0.0364,25821,21022,4799,0.1859,287,722,0.048
2208403,51575.0,38920.0,12655.0,0.2454,543.0,955.0,0.0385,51578.0,38949.0,12629.0,0.2449,462.0,927.0,0.0357,53170,40721,12449,0.2341,825,1354,0.0535
2208502,9122.0,6993.0,2129.0,0.2334,48.0,193.0,0.0345,9122.0,6664.0,2458.0,0.2695,60.0,147.0,0.0311,10000,7825,2175,0.2175,86,214,0.0383
2208601,3407.0,2710.0,697.0,0.2046,12.0,78.0,0.0332,3407.0,2556.0,851.0,0.2498,15.0,73.0,0.0344,3706,3003,703,0.1897,18,78,0.032
2208700,6584.0,5182.0,1402.0,0.2129,32.0,119.0,0.0291,6584.0,5074.0,1510.0,0.2293,36.0,105.0,0.0278,7001,5712,1289,0.1841,46,174,0.0385
2208809,13999.0,10575.0,3424.0,0.2446,75.0,364.0,0.0415,13993.0,10408.0,3585.0,0.2562,80.0,280.0,0.0346,14520,11336,3184,0.2193,108,372,0.0423
2208908,5169.0,4193.0,976.0,0.1888,18.0,70.0,0.021,5169.0,4067.0,1102.0,0.2132,22.0,77.0,0.0243,5577,4608,969,0.1737,31,142,0.0375
2209005,5181.0,4177.0,1004.0,0.1938,32.0,103.0,0.0323,5179.0,4156.0,1023.0,0.1975,25.0,86.0,0.0267,5426,4400,1026,0.1891,37,139,0.04
2209104,5258.0,4591.0,667.0,0.1269,28.0,122.0,0.0327,5258.0,4491.0,767.0,0.1459,28.0,126.0,0.0343,5902,5192,710,0.1203,41,166,0.0399
2209203,5052.0,4130.0,922.0,0.1825,30.0,96.0,0.0305,5054.0,4073.0,981.0,0.1941,28.0,82.0,0.027,5554,4505,1049,0.1889,39,131,0.0377
2209302,4806.0,4114.0,692.0,0.144,51.0,85.0,0.0331,4806.0,4090.0,716.0,0.149,46.0,62.0,0.0264,5273,4515,758,0.1438,58,129,0.0414
2209401,5700.0,4883.0,817.0,0.1433,47.0,115.0,0.0332,5701.0,4784.0,917.0,0.1608,47.0,89.0,0.0284,6371,5471,900,0.1413,70,171,0.0441
2209500,3338.0,2789.0,549.0,0.1645,16.0,39.0,0.0197,3338.0,2700.0,638.0,0.1911,18.0,59.0,0.0285,3644,3092,552,0.1515,14,67,0.0262
2209609,3686.0,2994.0,692.0,0.1877,12.0,45.0,0.019,3684.0,2734.0,950.0,0.2579,12.0,57.0,0.0252,3968,3265,703,0.1772,33,69,0.0312
2209708,5945.0,4601.0,1344.0,0.2261,65.0,130.0,0.0424,5946.0,4459.0,1487.0,0.2501,47.0,111.0,0.0354,6210,4757,1453,0.234,61,228,0.0608
2209807,4609.0,3723.0,886.0,0.1922,39.0,119.0,0.0424,4610.0,3603.0,1007.0,0.2184,23.0,98.0,0.0336,5172,4340,832,0.1609,49,108,0.0362
2209906,6598.0,5248.0,1350.0,0.2046,51.0,114.0,0.0314,6597.0,5026.0,1571.0,0.2381,49.0,113.0,0.0322,6905,5700,1205,0.1745,71,144,0.0377
2210003,14935.0,12257.0,2678.0,0.1793,104.0,295.0,0.0326,14938.0,11971.0,2967.0,0.1986,92.0,300.0,0.0327,15077,12525,2552,0.1693,139,442,0.0464
2209872,4950.0,3984.0,966.0,0.1952,30.0,104.0,0.0336,4950.0,3844.0,1106.0,0.2234,39.0,114.0,0.0398,5375,4414,961,0.1788,54,203,0.0582
2210102,3206.0,2491.0,715.0,0.223,42.0,66.0,0.0434,3206.0,2359.0,847.0,0.2642,40.0,57.0,0.0411,3371,2557,814,0.2415,41,88,0.0504
2209955,3929.0,3168.0,761.0,0.1937,24.0,84.0,0.0341,3928.0,3089.0,839.0,0.2136,27.0,75.0,0.033,4131,3423,708,0.1714,28,82,0.0321
2210201,5793.0,4745.0,1048.0,0.1809,42.0,106.0,0.0312,5794.0,4750.0,1044.0,0.1802,24.0,113.0,0.0288,6004,4862,1142,0.1902,66,133,0.0409
2210623,4215.0,3467.0,748.0,0.1775,17.0,75.0,0.0265,4215.0,3427.0,788.0,0.187,20.0,73.0,0.0271,4633,3817,816,0.1761,21,123,0.0377
2210300,5263.0,4372.0,891.0,0.1693,22.0,90.0,0.0256,5260.0,4214.0,1046.0,0.1989,23.0,104.0,0.0301,5605,4737,868,0.1549,25,81,0.0224
2210631,3885.0,3425.0,460.0,0.1184,53.0,78.0,0.0382,3885.0,3421.0,464.0,0.1194,31.0,62.0,0.0272,4234,3751,483,0.1141,46,94,0.0373
2210409,15631.0,11674.0,3957.0,0.2532,112.0,428.0,0.0463,15628.0,11642.0,3986.0,0.2551,92.0,398.0,0.0421,15612,11742,3870,0.2479,131,431,0.0479
2200459,4387.0,3601.0,786.0,0.1792,21.0,69.0,0.025,4386.0,3548.0,838.0,0.1911,24.0,70.0,0.0265,4659,3822,837,0.1797,22,107,0.0338
2210508,10983.0,9094.0,1889.0,0.172,59.0,299.0,0.0394,10976.0,8943.0,2033.0,0.1852,71.0,250.0,0.0359,11541,9599,1942,0.1683,129,292,0.0439
2201051,7062.0,5216.0,1846.0,0.2614,54.0,160.0,0.041,7061.0,5168.0,1893.0,0.2681,39.0,140.0,0.0346,7632,5432,2200,0.2883,70,201,0.0499
2210607,25001.0,21533.0,3468.0,0.1387,174.0,387.0,0.0261,25000.0,21353.0,3647.0,0.1459,156.0,345.0,0.0235,27458,23339,4119,0.15,251,553,0.0344
2201739,5317.0,4557.0,760.0,0.1429,24.0,164.0,0.0413,5316.0,4503.0,813.0,0.1529,39.0,132.0,0.038,5865,5058,807,0.1376,32,168,0.0395
2210706,11507.0,9390.0,2117.0,0.184,88.0,328.0,0.0443,11507.0,9447.0,2060.0,0.179,89.0,349.0,0.0464,12484,10230,2254,0.1806,107,423,0.0518
2201945,5471.0,4227.0,1244.0,0.2274,32.0,103.0,0.0319,5471.0,4142.0,1329.0,0.2429,45.0,90.0,0.0326,6086,4762,1324,0.2175,54,118,0.0361
2210805,9489.0,8173.0,1316.0,0.1387,52.0,198.0,0.0306,9481.0,7930.0,1551.0,0.1636,61.0,196.0,0.0324,10329,8787,1542,0.1493,96,273,0.042
2202554,4715.0,3922.0,793.0,0.1682,25.0,118.0,0.0365,4715.0,3650.0,1065.0,0.2259,31.0,103.0,0.0367,5023,4249,774,0.1541,41,121,0.0381
2210904,4173.0,3372.0,801.0,0.1919,21.0,115.0,0.0403,4171.0,3089.0,1082.0,0.2594,27.0,84.0,0.0359,4300,3412,888,0.2065,29,98,0.0372
2203271,4549.0,3878.0,671.0,0.1475,34.0,101.0,0.0348,4549.0,3821.0,728.0,0.16,27.0,110.0,0.0359,5409,4659,750,0.1387,58,105,0.035
2211001,589508.0,499617.0,89891.0,0.1525,5203.0,11278.0,0.033,589580.0,496191.0,93389.0,0.1584,5453.0,12262.0,0.0357,592974,504328,88646,0.1495,7401,12737,0.0399
2205524,4556.0,3646.0,910.0,0.1997,24.0,69.0,0.0255,4556.0,3548.0,1008.0,0.2212,38.0,52.0,0.0254,5222,3986,1236,0.2367,32,86,0.0296
2211100,35684.0,30099.0,5585.0,0.1565,250.0,823.0,0.0356,35685.0,29665.0,6020.0,0.1687,258.0,745.0,0.0338,38750,32726,6024,0.1555,419,1054,0.045
2205599,4494.0,3703.0,791.0,0.176,23.0,149.0,0.0464,4496.0,3634.0,862.0,0.1917,21.0,108.0,0.0355,4865,4056,809,0.1663,35,145,0.0444
2211209,17434.0,14360.0,3074.0,0.1763,126.0,293.0,0.0292,17442.0,14342.0,3100.0,0.1777,123.0,304.0,0.0298,18909,15880,3029,0.1602,178,451,0.0396
2206357,6706.0,4979.0,1727.0,0.2575,39.0,157.0,0.0394,6706.0,5071.0,1635.0,0.2438,42.0,120.0,0.0319,7087,5317,1770,0.2498,68,180,0.0466
2211308,16233.0,13469.0,2764.0,0.1703,112.0,409.0,0.0387,16239.0,13465.0,2774.0,0.1708,129.0,433.0,0.0417,17671,14632,3039,0.172,210,511,0.0493
2207355,3400.0,2654.0,746.0,0.2194,14.0,86.0,0.0377,3401.0,2582.0,819.0,0.2408,13.0,43.0,0.0217,3407,2672,735,0.2157,24,92,0.0434
2211407,3931.0,3066.0,865.0,0.22,17.0,124.0,0.046,3933.0,2945.0,988.0,0.2512,25.0,101.0,0.0428,4174,3243,931,0.223,45,181,0.0697
2207850,3784.0,2959.0,825.0,0.218,18.0,97.0,0.0389,3784.0,2901.0,883.0,0.2334,16.0,69.0,0.0293,3909,3098,811,0.2075,23,81,0.0336
2203354,5957.0,4937.0,1020.0,0.1712,19.0,83.0,0.0207,5957.0,4804.0,1153.0,0.1936,28.0,72.0,0.0208,6674,5522,1152,0.1726,48,85,0.0241
2208858,4045.0,3342.0,703.0,0.1738,12.0,63.0,0.0224,4047.0,3241.0,806.0,0.1992,12.0,57.0,0.0213,4492,3657,835,0.1859,11,100,0.0304
2200251,5902.0,5093.0,809.0,0.1371,56.0,159.0,0.0422,5904.0,5063.0,841.0,0.1424,64.0,158.0,0.0438,6145,5327,818,0.1331,70,223,0.055
2200053,6077.0,5473.0,604.0,0.0994,63.0,110.0,0.0316,6077.0,5404.0,673.0,0.1107,42.0,133.0,0.0324,6390,5747,643,0.1006,118,186,0.0529
2201572,2962.0,2572.0,390.0,0.1317,27.0,46.0,0.0284,2960.0,2529.0,431.0,0.1456,17.0,71.0,0.0348,3328,2990,338,0.1016,42,99,0.0472
2202075,3467.0,2866.0,601.0,0.1733,31.0,86.0,0.0408,3464.0,2645.0,819.0,0.2364,19.0,55.0,0.028,3662,2947,715,0.1952,31,121,0.0516
2202117,4331.0,3746.0,585.0,0.1351,24.0,100.0,0.0331,4333.0,3673.0,660.0,0.1523,18.0,93.0,0.0302,4536,3982,554,0.1221,37,153,0.0477
2202711,4513.0,3466.0,1047.0,0.232,28.0,109.0,0.0395,4513.0,3497.0,1016.0,0.2251,34.0,106.0,0.04,4645,3589,1056,0.2273,63,156,0.061
2204154,2687.0,2253.0,434.0,0.1615,15.0,63.0,0.0346,2687.0,2211.0,476.0,0.1771,19.0,50.0,0.0312,2841,2434,407,0.1433,24,80,0.0427
2205359,3295.0,2783.0,512.0,0.1554,18.0,62.0,0.0287,3296.0,2745.0,551.0,0.1672,15.0,55.0,0.0255,3918,3228,690,0.1761,36,104,0.0434
2205276,6186.0,5305.0,881.0,0.1424,28.0,98.0,0.0238,6182.0,5142.0,1040.0,0.1682,29.0,86.0,0.0224,6898,5865,1033,0.1498,59,119,0.0303
2205458,4855.0,3865.0,990.0,0.2039,36.0,70.0,0.0274,4855.0,3772.0,1083.0,0.2231,35.0,72.0,0.0284,5603,4633,970,0.1731,69,116,0.0399
2205516,5384.0,4551.0,833.0,0.1547,38.0,98.0,0.0299,5384.0,4337.0,1047.0,0.1945,40.0,118.0,0.0364,5440,4657,783,0.1439,55,116,0.0367
2205581,4384.0,3775.0,609.0,0.1389,28.0,75.0,0.0273,4384.0,3697.0,687.0,0.1567,22.0,66.0,0.0238,5239,4580,659,0.1258,44,100,0.0314
2205540,3120.0,2512.0,608.0,0.1949,22.0,58.0,0.0318,3120.0,2446.0,674.0,0.216,22.0,43.0,0.0266,3244,2559,685,0.2112,40,53,0.0363
2205854,6426.0,4777.0,1649.0,0.2566,39.0,119.0,0.0331,6425.0,4732.0,1693.0,0.2635,44.0,116.0,0.0338,6714,5233,1481,0.2206,48,179,0.0434
2206670,5493.0,4201.0,1292.0,0.2352,46.0,86.0,0.0314,5493.0,4153.0,1340.0,0.2439,36.0,104.0,0.0337,5871,4718,1153,0.1964,69,144,0.0451
2206050,5898.0,4819.0,1079.0,0.1829,58.0,217.0,0.0571,5898.0,4773.0,1125.0,0.1907,66.0,185.0,0.0526,6452,5046,1406,0.2179,84,333,0.0826
2206696,5798.0,4731.0,1067.0,0.184,67.0,139.0,0.0435,5798.0,4637.0,1161.0,0.2002,64.0,149.0,0.0459,6070,4921,1149,0.1893,58,212,0.0549
2207108,2347.0,1878.0,469.0,0.1998,11.0,37.0,0.0256,2347.0,1856.0,491.0,0.2092,10.0,34.0,0.0237,2708,2224,484,0.1787,13,34,0.0211
2207934,2706.0,2345.0,361.0,0.1334,19.0,50.0,0.0294,2705.0,2257.0,448.0,0.1656,11.0,49.0,0.0266,3276,2786,490,0.1496,31,104,0.0485
2209658,4501.0,3950.0,551.0,0.1224,36.0,155.0,0.0484,4500.0,3937.0,563.0,0.1251,32.0,162.0,0.0493,4780,4178,602,0.1259,45,280,0.0778
2210938,6297.0,5337.0,960.0,0.1525,60.0,121.0,0.0339,6298.0,5397.0,901.0,0.1431,38.0,138.0,0.0326,6735,5887,848,0.1259,73,190,0.0447
2210979,2417.0,2002.0,415.0,0.1717,22.0,77.0,0.0495,2418.0,1939.0,479.0,0.1981,15.0,74.0,0.0459,2725,2300,425,0.156,26,114,0.0609
2210953,2638.0,2131.0,507.0,0.1922,25.0,58.0,0.0389,2637.0,2144.0,493.0,0.187,21.0,54.0,0.035,2989,2464,525,0.1756,19,101,0.0487
2211605,2809.0,2479.0,330.0,0.1175,19.0,69.0,0.0355,2807.0,2354.0,453.0,0.1614,16.0,75.0,0.0387,3001,2694,307,0.1023,15,99,0.0423
2211506,3329.0,2760.0,569.0,0.1709,70.0,128.0,0.0717,3330.0,2770.0,560.0,0.1682,52.0,106.0,0.057,3670,3021,649,0.1768,53,160,0.0705
2211704,3947.0,3477.0,470.0,0.1191,18.0,98.0,0.0334,3947.0,3363.0,584.0,0.148,18.0,94.0,0.0333,4305,3828,477,0.1108,20,117,0.0358
2202083,6809.0,5733.0,1076.0,0.158,53.0,96.0,0.026,6809.0,5658.0,1151.0,0.169,45.0,100.0,0.0256,7643,6466,1177,0.154,90,149,0.037
2203255,4804.0,4094.0,710.0,0.1478,22.0,54.0,0.0186,4804.0,3939.0,865.0,0.1801,14.0,58.0,0.0183,5297,4516,781,0.1474,23,95,0.0261
2208551,2014.0,1649.0,365.0,0.1812,14.0,52.0,0.04,2016.0,1570.0,446.0,0.2212,12.0,42.0,0.0344,2106,1749,357,0.1695,10,92,0.0583
2208874,3499.0,2884.0,615.0,0.1758,14.0,96.0,0.0381,3499.0,2787.0,712.0,0.2035,28.0,57.0,0.0305,3891,3168,723,0.1858,22,115,0.0432
2209757,2568.0,2100.0,468.0,0.1822,13.0,55.0,0.0324,2567.0,2037.0,530.0,0.2065,22.0,41.0,0.0309,2882,2270,612,0.2124,11,69,0.0352
2210375,2659.0,2314.0,345.0,0.1297,11.0,25.0,0.0156,2659.0,2256.0,403.0,0.1516,20.0,30.0,0.0222,3574,2858,716,0.2003,36,57,0.0325
2203859,2623.0,1980.0,643.0,0.2451,13.0,75.0,0.0444,2622.0,1966.0,656.0,0.2502,22.0,81.0,0.0524,2599,2050,549,0.2112,23,79,0.0498
2209450,1892.0,1572.0,320.0,0.1691,16.0,39.0,0.035,1892.0,1512.0,380.0,0.2008,9.0,36.0,0.0298,1955,1627,328,0.1678,16,43,0.0363
2210383,2482.0,1997.0,485.0,0.1954,17.0,47.0,0.032,2481.0,1955.0,526.0,0.212,9.0,45.0,0.0276,2835,2250,585,0.2063,22,39,0.0271
2202539,4980.0,4125.0,855.0,0.1717,35.0,137.0,0.0417,4979.0,4095.0,884.0,0.1775,44.0,143.0,0.0457,5366,4442,924,0.1722,50,222,0.0612
2202653,5445.0,4601.0,844.0,0.155,61.0,140.0,0.0437,5445.0,4447.0,998.0,0.1833,47.0,131.0,0.04,5777,4982,795,0.1376,61,201,0.0526
2202729,5403.0,4380.0,1023.0,0.1893,65.0,91.0,0.0356,5403.0,4447.0,956.0,0.1769,41.0,97.0,0.031,5586,4614,972,0.174,113,160,0.0592
2210391,2910.0,2304.0,606.0,0.2082,10.0,21.0,0.0135,2910.0,2156.0,754.0,0.2591,15.0,37.0,0.0241,3027,2379,648,0.2141,19,46,0.0273
2207793,4863.0,4142.0,721.0,0.1483,30.0,99.0,0.0311,4864.0,4036.0,828.0,0.1702,21.0,84.0,0.026,5401,4711,690,0.1278,48,129,0.0376
2206720,11209.0,9286.0,1923.0,0.1716,50.0,184.0,0.0252,11209.0,9053.0,2156.0,0.1923,63.0,156.0,0.0242,11555,9827,1728,0.1495,77,213,0.0295
2200954,3679.0,3325.0,354.0,0.0962,30.0,84.0,0.0343,3679.0,3282.0,397.0,0.1079,26.0,69.0,0.0289,4352,3928,424,0.0974,34,113,0.0374
2307254,18202.0,14882.0,3320.0,0.1824,179.0,333.0,0.0344,18202.0,15135.0,3067.0,0.1685,163.0,321.0,0.032,21575,17528,4047,0.1876,255,551,0.046
2300101,7206.0,5918.0,1288.0,0.1787,73.0,152.0,0.038,7207.0,5954.0,1253.0,0.1739,63.0,141.0,0.0343,7775,6239,1536,0.1976,113,246,0.0575
2307635,13795.0,11412.0,2383.0,0.1727,103.0,190.0,0.0257,13794.0,11164.0,2630.0,0.1907,94.0,188.0,0.0253,14764,12164,2600,0.1761,176,327,0.0414
2300200,45411.0,36725.0,8686.0,0.1913,504.0,873.0,0.0375,45410.0,37023.0,8387.0,0.1847,447.0,867.0,0.0355,49197,39831,9366,0.1904,755,1467,0.0558
2310951,8364.0,6742.0,1622.0,0.1939,46.0,95.0,0.0209,8365.0,6703.0,1662.0,0.1987,51.0,121.0,0.0257,8610,7479,1131,0.1314,75,224,0.04
2300309,39393.0,30972.0,8421.0,0.2138,463.0,743.0,0.0389,39395.0,31387.0,8008.0,0.2033,392.0,851.0,0.0396,38571,32404,6167,0.1599,568,1209,0.0548
2304657,13404.0,9540.0,3864.0,0.2883,96.0,293.0,0.0408,13405.0,9669.0,3736.0,0.2787,81.0,266.0,0.0359,12854,10508,2346,0.1825,161,408,0.0541
2300408,11742.0,8663.0,3079.0,0.2622,88.0,227.0,0.0364,11744.0,8653.0,3091.0,0.2632,67.0,227.0,0.034,11440,9041,2399,0.2097,80,322,0.0445
2313559,14282.0,12145.0,2137.0,0.1496,177.0,243.0,0.0346,14284.0,11971.0,2313.0,0.1619,149.0,253.0,0.0336,15653,13458,2195,0.1402,206,437,0.0478
2300507,9674.0,7614.0,2060.0,0.2129,91.0,171.0,0.0344,9673.0,7656.0,2017.0,0.2085,86.0,188.0,0.0358,10265,8189,2076,0.2022,177,290,0.057
2311264,17374.0,13207.0,4167.0,0.2398,150.0,338.0,0.037,17373.0,13105.0,4268.0,0.2457,130.0,345.0,0.0362,16987,13793,3194,0.188,183,576,0.055
2300606,6220.0,5137.0,1083.0,0.1741,43.0,103.0,0.0284,6222.0,5175.0,1047.0,0.1683,44.0,141.0,0.0357,6949,5670,1279,0.1841,54,203,0.0453
2301950,17606.0,15265.0,2341.0,0.133,267.0,360.0,0.0411,17607.0,15335.0,2272.0,0.129,214.0,384.0,0.039,19586,16915,2671,0.1364,308,515,0.0487
2300705,12772.0,9983.0,2789.0,0.2184,93.0,174.0,0.0267,12773.0,10032.0,2741.0,0.2146,88.0,180.0,0.0267,12108,10156,1952,0.1612,149,236,0.0379
2300150,11555.0,10026.0,1529.0,0.1323,157.0,225.0,0.0381,11556.0,10131.0,1425.0,0.1233,114.0,229.0,0.0339,12546,10868,1678,0.1337,211,293,0.0464
2300804,7305.0,5229.0,2076.0,0.2842,53.0,123.0,0.0337,7312.0,5277.0,2035.0,0.2783,50.0,156.0,0.039,7089,5468,1621,0.2287,64,206,0.0494
2303956,17164.0,14627.0,2537.0,0.1478,295.0,350.0,0.0441,17161.0,14602.0,2559.0,0.1491,201.0,318.0,0.0355,18301,15790,2511,0.1372,323,569,0.0565
2300903,11996.0,10223.0,1773.0,0.1478,83.0,139.0,0.0217,11997.0,10127.0,1870.0,0.1559,89.0,176.0,0.0262,12696,10722,1974,0.1555,131,250,0.0355
2305233,57647.0,48966.0,8681.0,0.1506,943.0,1286.0,0.0455,57646.0,49145.0,8501.0,0.1475,728.0,1307.0,0.0414,62776,53588,9188,0.1464,1293,1817,0.058
2301000,61463.0,52832.0,8631.0,0.1404,721.0,1170.0,0.0358,61451.0,52718.0,8733.0,0.1421,634.0,1130.0,0.0335,69632,59747,9885,0.142,1117,2065,0.0533
2304277,5692.0,4362.0,1330.0,0.2337,39.0,79.0,0.0271,5692.0,4387.0,1305.0,0.2293,48.0,106.0,0.0351,5605,4578,1027,0.1832,46,143,0.0413
2301109,54771.0,46694.0,8077.0,0.1475,753.0,914.0,0.0357,54770.0,46748.0,8022.0,0.1465,643.0,1025.0,0.0357,57417,48733,8684,0.1512,1095,1297,0.0491
2304285,49855.0,42419.0,7436.0,0.1492,576.0,779.0,0.0319,49850.0,42680.0,7170.0,0.1438,501.0,764.0,0.0296,59877,50473,9404,0.1571,988,1386,0.047
2301208,24012.0,20545.0,3467.0,0.1444,216.0,270.0,0.0237,24012.0,20228.0,3784.0,0.1576,218.0,333.0,0.0272,24943,21764,3179,0.1275,277,502,0.0358
2304954,19312.0,16756.0,2556.0,0.1324,175.0,327.0,0.03,19313.0,16665.0,2648.0,0.1371,124.0,299.0,0.0254,20884,18125,2759,0.1321,278,550,0.0457
2301307,18153.0,13178.0,4975.0,0.2741,115.0,285.0,0.0304,18153.0,13419.0,4734.0,0.2608,114.0,341.0,0.0339,17494,14182,3312,0.1893,158,504,0.0467
2311231,5750.0,4884.0,866.0,0.1506,27.0,72.0,0.0203,5750.0,4798.0,952.0,0.1656,36.0,88.0,0.0258,5834,5091,743,0.1274,48,84,0.0259
2301406,11551.0,9675.0,1876.0,0.1624,109.0,202.0,0.0321,11551.0,9538.0,2013.0,0.1743,108.0,188.0,0.031,12289,10233,2056,0.1673,199,291,0.0479
2310852,18627.0,15837.0,2790.0,0.1498,170.0,377.0,0.0345,18628.0,16080.0,2548.0,0.1368,140.0,356.0,0.0308,21261,18098,3163,0.1488,245,605,0.047
2301505,7071.0,5399.0,1672.0,0.2365,41.0,104.0,0.0269,7072.0,5228.0,1844.0,0.2607,34.0,125.0,0.0304,6939,5463,1476,0.2127,50,149,0.0364
2309458,23161.0,19995.0,3166.0,0.1367,195.0,288.0,0.0242,23162.0,19431.0,3731.0,0.1611,227.0,357.0,0.0301,25191,22258,2933,0.1164,335,506,0.0378
2301604,19886.0,14631.0,5255.0,0.2643,159.0,294.0,0.031,19885.0,14878.0,5007.0,0.2518,155.0,382.0,0.0361,18914,15013,3901,0.2062,251,501,0.0501
2313351,14837.0,12536.0,2301.0,0.1551,118.0,244.0,0.0289,14837.0,12245.0,2592.0,0.1747,121.0,257.0,0.0309,15973,13565,2408,0.1508,182,434,0.0454
2301703,19904.0,15575.0,4329.0,0.2175,191.0,395.0,0.0376,19905.0,15778.0,4127.0,0.2073,174.0,458.0,0.0401,20292,16196,4096,0.2019,287,682,0.0598
2305654,9902.0,7777.0,2125.0,0.2146,64.0,167.0,0.0297,9902.0,7874.0,2028.0,0.2048,50.0,173.0,0.0283,10349,8297,2052,0.1983,122,301,0.051
2301802,5586.0,4368.0,1218.0,0.218,40.0,59.0,0.0227,5587.0,4325.0,1262.0,0.2259,23.0,86.0,0.0252,5464,4582,882,0.1614,37,127,0.0358
2313252,7737.0,5684.0,2053.0,0.2653,64.0,143.0,0.0364,7738.0,5711.0,2027.0,0.262,76.0,157.0,0.0408,7393,5834,1559,0.2109,112,213,0.0557
2301901,47983.0,40086.0,7897.0,0.1646,514.0,807.0,0.033,47984.0,40814.0,7170.0,0.1494,518.0,975.0,0.0366,53415,44632,8783,0.1644,750,1460,0.0495
2301851,14687.0,12339.0,2348.0,0.1599,68.0,176.0,0.0198,14687.0,11870.0,2817.0,0.1918,97.0,200.0,0.025,15673,13185,2488,0.1587,139,319,0.0347
2302008,16666.0,12744.0,3922.0,0.2353,112.0,273.0,0.0302,16666.0,12868.0,3798.0,0.2279,119.0,288.0,0.0316,17005,13193,3812,0.2242,169,567,0.0558
2302057,13897.0,11228.0,2669.0,0.1921,111.0,233.0,0.0306,13894.0,10964.0,2930.0,0.2109,98.0,247.0,0.0315,15207,12042,3165,0.2081,199,458,0.0546
2302107,26623.0,22369.0,4254.0,0.1598,305.0,412.0,0.0321,26622.0,22485.0,4137.0,0.1554,287.0,486.0,0.0344,28552,23949,4603,0.1612,435,714,0.048
2301257,9640.0,7382.0,2258.0,0.2342,74.0,129.0,0.0275,9641.0,7485.0,2156.0,0.2236,56.0,168.0,0.0299,9705,8085,1620,0.1669,86,244,0.0408
2302206,44993.0,37025.0,7968.0,0.1771,562.0,991.0,0.0419,44995.0,36773.0,8222.0,0.1827,499.0,1055.0,0.0423,46979,40501,6478,0.1379,824,1515,0.0578
2303659,8523.0,6974.0,1549.0,0.1817,45.0,92.0,0.0196,8523.0,6889.0,1634.0,0.1917,39.0,124.0,0.0237,9313,7671,1642,0.1763,101,163,0.0344
2302305,20210.0,16380.0,3830.0,0.1895,271.0,403.0,0.0411,20210.0,16573.0,3637.0,0.18,210.0,455.0,0.0401,21553,17755,3798,0.1762,365,763,0.0635
2303931,11282.0,9314.0,1968.0,0.1744,68.0,209.0,0.0297,11283.0,8857.0,2426.0,0.215,83.0,175.0,0.0291,11642,9500,2142,0.184,96,267,0.0382
2302404,41028.0,32990.0,8038.0,0.1959,328.0,679.0,0.0305,41025.0,32009.0,9016.0,0.2198,283.0,698.0,0.0306,42595,34497,8098,0.1901,587,1159,0.0506
2306256,29908.0,25946.0,3962.0,0.1325,346.0,657.0,0.0387,29906.0,26162.0,3744.0,0.1252,303.0,643.0,0.0362,38235,33195,5040,0.1318,640,1113,0.0528
2302503,35291.0,29160.0,6131.0,0.1737,290.0,517.0,0.0277,35295.0,29629.0,5666.0,0.1605,258.0,662.0,0.0311,36964,30613,6351,0.1718,405,1012,0.0463
2304459,14622.0,12724.0,1898.0,0.1298,149.0,272.0,0.0331,14621.0,12347.0,2274.0,0.1555,138.0,278.0,0.0337,17196,14673,2523,0.1467,232,409,0.0437
2302602,47858.0,38656.0,9202.0,0.1923,502.0,829.0,0.0344,47869.0,38962.0,8907.0,0.1861,469.0,910.0,0.0354,50991,41277,9714,0.1905,782,1250,0.0492
2302701,21444.0,15640.0,5804.0,0.2707,169.0,337.0,0.0324,21437.0,15810.0,5627.0,0.2625,148.0,378.0,0.0333,20555,16478,4077,0.1983,189,520,0.043
2302800,57587.0,46783.0,10804.0,0.1876,410.0,1024.0,0.0307,57589.0,46568.0,11021.0,0.1914,451.0,926.0,0.0296,60219,49860,10359,0.172,625,1509,0.0428
2302909,15767.0,13067.0,2700.0,0.1712,137.0,225.0,0.0277,15770.0,13032.0,2738.0,0.1736,133.0,223.0,0.0273,16205,13732,2473,0.1526,208,321,0.0385
2303006,16648.0,14040.0,2608.0,0.1567,137.0,260.0,0.0283,16648.0,13454.0,3194.0,0.1919,108.0,251.0,0.0267,17474,14673,2801,0.1603,219,470,0.047
2303105,14779.0,11969.0,2810.0,0.1901,201.0,295.0,0.0414,14778.0,12030.0,2748.0,0.186,150.0,309.0,0.0382,15391,12458,2933,0.1906,260,518,0.0624
2303204,24008.0,19400.0,4608.0,0.1919,172.0,392.0,0.0291,24011.0,19366.0,4645.0,0.1935,194.0,447.0,0.0331,24954,20642,4312,0.1728,218,696,0.0443
2303303,14920.0,12340.0,2580.0,0.1729,165.0,262.0,0.0346,14920.0,12232.0,2688.0,0.1802,128.0,297.0,0.0347,15846,13118,2728,0.1722,191,426,0.047
2303402,13851.0,10711.0,3140.0,0.2267,137.0,423.0,0.0523,13853.0,10923.0,2930.0,0.2115,120.0,423.0,0.0497,14575,11540,3035,0.2082,185,677,0.0747
2303501,56915.0,48174.0,8741.0,0.1536,850.0,1321.0,0.0451,56918.0,48437.0,8481.0,0.149,688.0,1205.0,0.0391,60466,51335,9131,0.151,1080,1867,0.0574
2303600,9485.0,6766.0,2719.0,0.2867,46.0,142.0,0.0278,9487.0,6727.0,2760.0,0.2909,57.0,177.0,0.0348,9892,7376,2516,0.2543,80,235,0.0427
2303709,235581.0,203343.0,32238.0,0.1368,2846.0,5696.0,0.042,235570.0,203881.0,31689.0,0.1345,2383.0,5618.0,0.0392,249622,215416,34206,0.137,4150,7409,0.0537
2303808,20122.0,16164.0,3958.0,0.1967,172.0,387.0,0.0346,20123.0,16048.0,4075.0,0.2025,143.0,463.0,0.0378,20348,16419,3929,0.1931,233,598,0.0506
2303907,10734.0,8411.0,2323.0,0.2164,99.0,174.0,0.0325,10735.0,8453.0,2282.0,0.2126,108.0,175.0,0.0335,10966,8617,2349,0.2142,158,288,0.0518
2304004,19339.0,15549.0,3790.0,0.196,221.0,321.0,0.0349,19336.0,15326.0,4010.0,0.2074,184.0,363.0,0.0357,19700,16269,3431,0.1742,325,605,0.0572
2304103,57347.0,46472.0,10875.0,0.1896,521.0,1274.0,0.0386,57351.0,46434.0,10917.0,0.1904,430.0,1401.0,0.0394,60099,50292,9807,0.1632,621,1960,0.0513
2304202,92592.0,80012.0,12580.0,0.1359,665.0,1404.0,0.0259,92569.0,80841.0,11728.0,0.1267,701.0,1595.0,0.0284,95932,82696,13236,0.138,1095,2254,0.0405
2304301,16096.0,13751.0,2345.0,0.1457,144.0,305.0,0.0327,16095.0,13811.0,2284.0,0.1419,120.0,352.0,0.0342,17579,14784,2795,0.159,217,513,0.0494
2304400,1872200.0,1563345.0,308855.0,0.165,20208.0,35498.0,0.0356,1871625.0,1574674.0,296951.0,0.1587,19851.0,41255.0,0.0388,1795713,1561854,233859,0.1302,26884,44596,0.0458
2304509,12614.0,10540.0,2074.0,0.1644,144.0,305.0,0.0426,12614.0,10708.0,1906.0,0.1511,113.0,268.0,0.0356,13849,11671,2178,0.1573,227,520,0.064
2304608,7510.0,6063.0,1447.0,0.1927,60.0,74.0,0.0221,7510.0,5921.0,1589.0,0.2116,59.0,117.0,0.0297,8274,6711,1563,0.1889,77,140,0.0323
2304707,42341.0,34196.0,8145.0,0.1924,455.0,1034.0,0.0435,42339.0,34744.0,7595.0,0.1794,323.0,1021.0,0.0387,44060,35395,8665,0.1967,763,1581,0.0662
2304806,5795.0,4445.0,1350.0,0.233,31.0,52.0,0.0187,5795.0,4411.0,1384.0,0.2388,34.0,88.0,0.0277,6328,5138,1190,0.1881,54,101,0.0302
2304905,8945.0,7493.0,1452.0,0.1623,199.0,208.0,0.0543,8945.0,7562.0,1383.0,0.1546,177.0,246.0,0.0559,9842,8012,1830,0.1859,273,331,0.0754
2305001,32737.0,25473.0,7264.0,0.2219,363.0,639.0,0.0393,32739.0,26300.0,6439.0,0.1967,327.0,795.0,0.0427,34685,27639,7046,0.2031,520,1170,0.0611
2305100,5881.0,4922.0,959.0,0.1631,48.0,98.0,0.0297,5881.0,4862.0,1019.0,0.1733,42.0,102.0,0.0296,6646,5447,1199,0.1804,98,191,0.0531
2305209,14931.0,12259.0,2672.0,0.179,103.0,243.0,0.0282,14932.0,12283.0,2649.0,0.1774,140.0,290.0,0.035,16000,13384,2616,0.1635,120,412,0.0397
2305266,12123.0,10344.0,1779.0,0.1467,94.0,179.0,0.0264,12122.0,9850.0,2272.0,0.1874,93.0,188.0,0.0285,13532,11466,2066,0.1527,124,333,0.0399
2305308,18659.0,14946.0,3713.0,0.199,232.0,424.0,0.0439,18660.0,15187.0,3473.0,0.1861,239.0,452.0,0.0455,20158,16131,4027,0.1998,340,747,0.0674
2305407,49051.0,38573.0,10478.0,0.2136,412.0,755.0,0.0303,49051.0,38428.0,10623.0,0.2166,363.0,899.0,0.0328,51307,40930,10377,0.2023,551,1315,0.0456
2305506,68217.0,57793.0,10424.0,0.1528,735.0,1145.0,0.0325,68218.0,58282.0,9936.0,0.1457,633.0,1285.0,0.0329,71278,60716,10562,0.1482,881,1750,0.0433
2305605,21793.0,16623.0,5170.0,0.2372,147.0,333.0,0.0289,21794.0,16390.0,5404.0,0.248,148.0,407.0,0.0339,21208,17635,3573,0.1685,188,544,0.0415
2305704,9556.0,7453.0,2103.0,0.2201,64.0,134.0,0.0266,9569.0,7499.0,2070.0,0.2163,83.0,153.0,0.0315,9459,7936,1523,0.161,111,273,0.0484
2305803,34599.0,25792.0,8807.0,0.2545,293.0,592.0,0.0343,34596.0,26214.0,8382.0,0.2423,286.0,601.0,0.0338,33130,28035,5095,0.1538,371,1047,0.0506
2305902,33844.0,23471.0,10373.0,0.3065,267.0,685.0,0.0406,33843.0,23699.0,10144.0,0.2997,280.0,685.0,0.0407,30943,24196,6747,0.218,421,1021,0.0596
2306009,11955.0,9221.0,2734.0,0.2287,62.0,164.0,0.0245,11954.0,9214.0,2740.0,0.2292,57.0,207.0,0.0287,12096,9602,2494,0.2062,90,253,0.0357
2306108,18356.0,15645.0,2711.0,0.1477,151.0,286.0,0.0279,18354.0,15567.0,2787.0,0.1518,137.0,340.0,0.0306,19467,16473,2994,0.1538,205,522,0.0441
2306207,6839.0,5877.0,962.0,0.1407,59.0,99.0,0.0269,6839.0,5838.0,1001.0,0.1464,73.0,117.0,0.0325,7213,6201,1012,0.1403,111,155,0.0429
2306306,37724.0,32176.0,5548.0,0.1471,380.0,558.0,0.0292,37724.0,32397.0,5327.0,0.1412,379.0,674.0,0.0325,39662,33605,6057,0.1527,529,1035,0.0465
2306405,93270.0,79798.0,13472.0,0.1444,711.0,1350.0,0.0258,93273.0,78767.0,14506.0,0.1555,800.0,1596.0,0.0304,103228,89243,13985,0.1355,1253,2409,0.041
2306504,15656.0,12893.0,2763.0,0.1765,142.0,252.0,0.0306,15656.0,12665.0,2991.0,0.191,142.0,260.0,0.0317,16385,13565,2820,0.1721,233,461,0.0512
2306603,18499.0,14266.0,4233.0,0.2288,116.0,411.0,0.0369,18499.0,14071.0,4428.0,0.2394,90.0,307.0,0.0282,19602,15051,4551,0.2322,196,479,0.0448
2306702,15685.0,12321.0,3364.0,0.2145,130.0,231.0,0.0293,15682.0,12243.0,3439.0,0.2193,121.0,222.0,0.028,15538,12930,2608,0.1678,188,382,0.0441
2306801,8632.0,7017.0,1615.0,0.1871,61.0,138.0,0.0284,8632.0,6996.0,1636.0,0.1895,49.0,152.0,0.0287,8993,7778,1215,0.1351,88,215,0.039
2306900,28438.0,22594.0,5844.0,0.2055,193.0,393.0,0.0259,28438.0,22627.0,5811.0,0.2043,198.0,489.0,0.0304,29394,23760,5634,0.1917,301,668,0.0408
2307007,27613.0,23115.0,4498.0,0.1629,621.0,592.0,0.0525,27613.0,23238.0,4375.0,0.1584,543.0,665.0,0.052,28915,24499,4416,0.1527,934,845,0.0726
2307106,21836.0,16421.0,5415.0,0.248,166.0,406.0,0.0348,21834.0,17229.0,4605.0,0.2109,178.0,481.0,0.0382,22592,17681,4911,0.2174,271,736,0.057
2307205,6795.0,5379.0,1416.0,0.2084,64.0,138.0,0.0376,6795.0,5440.0,1355.0,0.1994,64.0,155.0,0.0403,7093,5664,1429,0.2015,88,231,0.0563
2307304,184340.0,155104.0,29236.0,0.1586,1748.0,3022.0,0.0308,184413.0,156640.0,27773.0,0.1506,1727.0,3531.0,0.0336,200346,168920,31426,0.1569,2558,4541,0.042
2307403,19605.0,15151.0,4454.0,0.2272,247.0,371.0,0.0408,19606.0,15500.0,4106.0,0.2094,219.0,419.0,0.0412,20189,15966,4223,0.2092,302,644,0.0593
2307502,23283.0,18244.0,5039.0,0.2164,185.0,406.0,0.0324,23283.0,18311.0,4972.0,0.2135,171.0,481.0,0.0356,24134,19424,4710,0.1952,243,696,0.0483
2307601,45572.0,38769.0,6803.0,0.1493,522.0,875.0,0.036,45572.0,39228.0,6344.0,0.1392,497.0,1059.0,0.0397,46944,40008,6936,0.1478,732,1128,0.0465
2307700,79254.0,68296.0,10958.0,0.1383,845.0,1543.0,0.035,79258.0,68190.0,11068.0,0.1396,756.0,1547.0,0.0338,83544,72834,10710,0.1282,1256,2141,0.0466
2307809,21945.0,18170.0,3775.0,0.172,315.0,450.0,0.0421,21944.0,18310.0,3634.0,0.1656,268.0,438.0,0.0386,23434,19885,3549,0.1514,465,710,0.0591
2307908,9969.0,8526.0,1443.0,0.1447,94.0,184.0,0.0326,9966.0,8343.0,1623.0,0.1629,80.0,189.0,0.0322,10730,9109,1621,0.1511,129,293,0.0463
2308005,31921.0,25586.0,6335.0,0.1985,552.0,653.0,0.0471,31921.0,25775.0,6146.0,0.1925,412.0,722.0,0.044,31825,27549,4276,0.1344,770,947,0.0623
2308104,34305.0,27672.0,6633.0,0.1934,311.0,605.0,0.0331,34305.0,28152.0,6153.0,0.1794,306.0,767.0,0.0381,36552,30378,6174,0.1689,354,1084,0.0473
2308203,12118.0,10387.0,1731.0,0.1428,168.0,205.0,0.0359,12117.0,10466.0,1651.0,0.1363,191.0,309.0,0.0478,13277,11288,1989,0.1498,341,417,0.0672
2308302,21920.0,17525.0,4395.0,0.2005,193.0,415.0,0.0347,21923.0,17622.0,4301.0,0.1962,158.0,426.0,0.0331,22637,18407,4230,0.1869,228,620,0.0461
2308377,11565.0,9577.0,1988.0,0.1719,68.0,160.0,0.0238,11566.0,9405.0,2161.0,0.1868,81.0,162.0,0.0258,12141,10094,2047,0.1686,104,254,0.0355
2308401,29103.0,23886.0,5217.0,0.1793,257.0,536.0,0.0332,29102.0,24523.0,4579.0,0.1573,246.0,634.0,0.0359,30981,24807,6174,0.1993,306,916,0.0493
2308500,31809.0,24789.0,7020.0,0.2207,290.0,656.0,0.0382,31805.0,25065.0,6740.0,0.2119,248.0,658.0,0.0361,32520,25596,6924,0.2129,311,1087,0.0546
2308609,15704.0,11349.0,4355.0,0.2773,114.0,250.0,0.0321,15702.0,11304.0,4398.0,0.2801,125.0,292.0,0.0369,14947,11972,2975,0.199,200,440,0.0535
2308708,54483.0,45578.0,8905.0,0.1634,610.0,1077.0,0.037,54480.0,45169.0,9311.0,0.1709,508.0,1193.0,0.0377,56913,47599,9314,0.1637,999,1828,0.0594
2308807,7496.0,6262.0,1234.0,0.1646,85.0,143.0,0.0364,7496.0,6068.0,1428.0,0.1905,87.0,140.0,0.0374,8262,6725,1537,0.186,146,195,0.0507
2308906,17411.0,14261.0,3150.0,0.1809,199.0,262.0,0.0323,17410.0,14231.0,3179.0,0.1826,193.0,264.0,0.0321,19053,16039,3014,0.1582,322,469,0.0493
2309003,13599.0,9564.0,4035.0,0.2967,158.0,258.0,0.0435,13600.0,9728.0,3872.0,0.2847,146.0,277.0,0.0435,12736,10046,2690,0.2112,224,487,0.0708
2309102,8671.0,7206.0,1465.0,0.169,77.0,143.0,0.0305,8671.0,7189.0,1482.0,0.1709,83.0,150.0,0.0324,9751,8091,1660,0.1702,108,262,0.0457
2309201,12043.0,9972.0,2071.0,0.172,113.0,188.0,0.0302,12046.0,10106.0,1940.0,0.161,109.0,217.0,0.0323,12790,10649,2141,0.1674,134,300,0.0408
2309300,25371.0,18940.0,6431.0,0.2535,242.0,474.0,0.0378,25372.0,19079.0,6293.0,0.248,178.0,502.0,0.0356,24866,20194,4672,0.1879,365,728,0.0541
2309409,23902.0,17628.0,6274.0,0.2625,217.0,468.0,0.0389,23904.0,17908.0,5996.0,0.2508,187.0,501.0,0.0384,23218,17942,5276,0.2272,317,739,0.0589
2309508,18935.0,13868.0,5067.0,0.2676,128.0,329.0,0.033,18935.0,13943.0,4992.0,0.2636,88.0,313.0,0.0288,17682,14173,3509,0.1985,161,444,0.0427
2309607,51261.0,44337.0,6924.0,0.1351,750.0,1168.0,0.0433,51260.0,44389.0,6871.0,0.134,688.0,1141.0,0.0412,54458,47610,6848,0.1257,1048,1619,0.056
2309706,51603.0,44772.0,6831.0,0.1324,546.0,1107.0,0.0369,51603.0,44883.0,6720.0,0.1302,476.0,1086.0,0.0348,57825,49596,8229,0.1423,850,1549,0.0484
2309805,10352.0,8510.0,1842.0,0.1779,108.0,235.0,0.0403,10353.0,8469.0,1884.0,0.182,78.0,219.0,0.0351,10776,9015,1761,0.1634,151,366,0.0573
2309904,6371.0,4891.0,1480.0,0.2323,68.0,122.0,0.0388,6372.0,4777.0,1595.0,0.2503,62.0,109.0,0.0358,6659,5366,1293,0.1942,74,201,0.0512
2310001,8904.0,7572.0,1332.0,0.1496,77.0,122.0,0.0263,8905.0,7503.0,1402.0,0.1574,96.0,147.0,0.0324,9841,8364,1477,0.1501,116,243,0.0429
2310100,9232.0,7682.0,1550.0,0.1679,81.0,183.0,0.0344,9233.0,7643.0,1590.0,0.1722,75.0,176.0,0.0328,9908,8345,1563,0.1578,129,324,0.0543
2310209,31172.0,26100.0,5072.0,0.1627,368.0,651.0,0.039,31170.0,26065.0,5105.0,0.1638,292.0,610.0,0.0346,33717,28122,5595,0.1659,512,981,0.0531
2310308,28569.0,20427.0,8142.0,0.285,271.0,597.0,0.0425,28570.0,20125.0,8445.0,0.2956,215.0,579.0,0.0395,27269,20676,6593,0.2418,391,951,0.0649
2310407,9781.0,8244.0,1537.0,0.1571,60.0,155.0,0.0261,9782.0,8061.0,1721.0,0.1759,71.0,141.0,0.0263,10188,8607,1581,0.1552,100,283,0.0445
2310506,33631.0,26013.0,7618.0,0.2265,235.0,619.0,0.0328,33631.0,25860.0,7771.0,0.2311,233.0,662.0,0.0346,34612,26952,7660,0.2213,356,1073,0.053
2310605,7976.0,6701.0,1275.0,0.1599,102.0,152.0,0.0379,7974.0,6748.0,1226.0,0.1537,73.0,183.0,0.0379,8694,7299,1395,0.1605,125,266,0.0536
2310704,31378.0,26520.0,4858.0,0.1548,237.0,458.0,0.0262,31377.0,26427.0,4950.0,0.1578,223.0,508.0,0.0277,32386,27189,5197,0.1605,336,612,0.0349
2310803,15323.0,11243.0,4080.0,0.2663,108.0,249.0,0.0318,15323.0,11417.0,3906.0,0.2549,88.0,312.0,0.035,14487,11647,2840,0.196,171,417,0.0505
2310902,11896.0,9697.0,2199.0,0.1849,93.0,192.0,0.0294,11898.0,9913.0,1985.0,0.1668,93.0,234.0,0.033,12098,9874,2224,0.1838,150,332,0.0488
2311009,10505.0,7560.0,2945.0,0.2803,51.0,217.0,0.0354,10503.0,7640.0,2863.0,0.2726,49.0,214.0,0.0344,10071,8115,1956,0.1942,61,305,0.0451
2311108,13855.0,10929.0,2926.0,0.2112,84.0,230.0,0.0287,13855.0,11194.0,2661.0,0.1921,73.0,244.0,0.0283,14641,11825,2816,0.1923,125,379,0.0426
2311207,7754.0,6043.0,1711.0,0.2207,57.0,127.0,0.0304,7754.0,6044.0,1710.0,0.2205,46.0,159.0,0.0339,8102,6816,1286,0.1587,91,224,0.0462
2311306,58576.0,48974.0,9602.0,0.1639,734.0,961.0,0.0346,58570.0,48641.0,9929.0,0.1695,644.0,980.0,0.0334,61599,52092,9507,0.1543,975,1666,0.0507
2311405,60004.0,47545.0,12459.0,0.2076,398.0,799.0,0.0252,60007.0,47408.0,12599.0,0.21,495.0,990.0,0.0313,60112,50237,9875,0.1643,665,1134,0.0358
2311504,17628.0,14851.0,2777.0,0.1575,169.0,411.0,0.0391,17628.0,15084.0,2544.0,0.1443,181.0,435.0,0.0408,18875,15919,2956,0.1566,303,590,0.0561
2311603,23116.0,19305.0,3811.0,0.1649,343.0,532.0,0.0453,23118.0,19453.0,3665.0,0.1585,258.0,540.0,0.041,24248,20226,4022,0.1659,442,709,0.0569
2311702,16762.0,12546.0,4216.0,0.2515,129.0,278.0,0.0324,16767.0,12635.0,4132.0,0.2464,135.0,300.0,0.0344,15853,13312,2541,0.1603,216,402,0.0464
2311801,56345.0,47767.0,8578.0,0.1522,546.0,1053.0,0.0335,56349.0,48001.0,8348.0,0.1481,556.0,1265.0,0.0379,58537,49670,8867,0.1515,866,1491,0.0475
2311900,13061.0,9507.0,3554.0,0.2721,107.0,274.0,0.0401,13061.0,9492.0,3569.0,0.2733,104.0,281.0,0.0406,12621,10186,2435,0.1929,118,350,0.0459
2312007,25839.0,21009.0,4830.0,0.1869,300.0,400.0,0.0333,25839.0,20660.0,5179.0,0.2004,223.0,472.0,0.0336,25778,21922,3856,0.1496,437,601,0.0473
2312106,13142.0,10854.0,2288.0,0.1741,79.0,197.0,0.0254,13144.0,10989.0,2155.0,0.164,101.0,257.0,0.0326,13899,11480,2419,0.174,105,358,0.0403
2311959,14188.0,11019.0,3169.0,0.2234,93.0,207.0,0.0272,14187.0,11134.0,3053.0,0.2152,117.0,239.0,0.032,14839,12264,2575,0.1735,125,347,0.0385
2312205,33073.0,27200.0,5873.0,0.1776,316.0,436.0,0.0276,33074.0,27104.0,5970.0,0.1805,351.0,562.0,0.0337,33618,28000,5618,0.1671,530,871,0.05
2312304,36235.0,28687.0,7548.0,0.2083,554.0,923.0,0.0515,36241.0,29457.0,6784.0,0.1872,468.0,859.0,0.045,37548,30318,7230,0.1926,913,1452,0.078
2312403,45754.0,38834.0,6920.0,0.1512,509.0,897.0,0.0362,45754.0,38767.0,6987.0,0.1527,479.0,842.0,0.0341,51355,43005,8350,0.1626,851,1433,0.0531
2312502,6597.0,4895.0,1702.0,0.258,62.0,78.0,0.0286,6596.0,4961.0,1635.0,0.2479,51.0,103.0,0.031,5965,4797,1168,0.1958,113,163,0.0575
2312601,11293.0,9330.0,1963.0,0.1738,132.0,221.0,0.0378,11293.0,9173.0,2120.0,0.1877,135.0,210.0,0.0376,12630,10428,2202,0.1743,179,334,0.0492
2312700,21364.0,16774.0,4590.0,0.2148,173.0,407.0,0.0346,21359.0,16811.0,4548.0,0.2129,208.0,471.0,0.0404,20302,17015,3287,0.1619,240,694,0.0549
2312809,6692.0,5509.0,1183.0,0.1768,42.0,133.0,0.0318,6693.0,5296.0,1397.0,0.2087,58.0,110.0,0.0317,7038,6080,958,0.1361,77,214,0.0479
2312908,148701.0,125895.0,22806.0,0.1534,2753.0,2874.0,0.0447,148658.0,126156.0,22502.0,0.1514,2418.0,3534.0,0.0472,153073,129694,23379,0.1527,4591,5065,0.0745
2313005,14842.0,11575.0,3267.0,0.2201,84.0,187.0,0.0234,14851.0,11489.0,3362.0,0.2264,92.0,204.0,0.0258,14292,11740,2552,0.1786,121,289,0.0349
2313104,25944.0,20217.0,5727.0,0.2207,283.0,449.0,0.0362,25947.0,20641.0,5306.0,0.2045,251.0,498.0,0.0363,26004,21225,4779,0.1838,365,563,0.0437
2313203,22398.0,17008.0,5390.0,0.2406,175.0,393.0,0.0334,22395.0,17070.0,5325.0,0.2378,185.0,403.0,0.0344,21345,17262,4083,0.1913,238,693,0.0539
2313302,47516.0,36319.0,11197.0,0.2356,442.0,1047.0,0.041,47511.0,35890.0,11621.0,0.2446,378.0,1048.0,0.0397,47270,38004,9266,0.196,614,1508,0.0558
2313401,55227.0,46935.0,8292.0,0.1501,923.0,1451.0,0.0506,55222.0,47817.0,7405.0,0.1341,716.0,1542.0,0.0472,59588,51057,8531,0.1432,1382,2237,0.0709
2313500,45158.0,37895.0,7263.0,0.1608,443.0,827.0,0.0335,45161.0,37187.0,7974.0,0.1766,459.0,835.0,0.0348,49869,42316,7553,0.1515,649,1327,0.0467
2313609,25092.0,20800.0,4292.0,0.1711,428.0,563.0,0.0476,25093.0,21291.0,3802.0,0.1515,356.0,626.0,0.0461,27963,23327,4636,0.1658,550,999,0.0664
2313708,6445.0,4949.0,1496.0,0.2321,49.0,104.0,0.0309,6445.0,4994.0,1451.0,0.2251,46.0,131.0,0.0354,6522,5372,1150,0.1763,44,164,0.0387
2313807,17469.0,14799.0,2670.0,0.1528,187.0,354.0,0.0366,17468.0,14821.0,2647.0,0.1515,160.0,376.0,0.0362,18709,15595,3114,0.1664,266,499,0.0491
2313906,10795.0,8990.0,1805.0,0.1672,83.0,188.0,0.0301,10796.0,8943.0,1853.0,0.1716,73.0,168.0,0.0269,11317,9416,1901,0.168,124,307,0.0458
2314003,31328.0,25224.0,6104.0,0.1948,349.0,559.0,0.036,31330.0,25638.0,5692.0,0.1817,266.0,654.0,0.0359,32554,26667,5887,0.1808,415,953,0.0513
2314102,45578.0,36740.0,8838.0,0.1939,531.0,932.0,0.0398,45579.0,37459.0,8120.0,0.1782,472.0,1026.0,0.04,48288,39672,8616,0.1784,864,1658,0.0636
2307650,169036.0,148757.0,20279.0,0.12,2073.0,3703.0,0.0388,169028.0,149748.0,19280.0,0.1141,1736.0,3747.0,0.0366,179488,157250,22238,0.1239,2927,4619,0.048
2300754,33489.0,27103.0,6386.0,0.1907,315.0,510.0,0.0304,33490.0,26665.0,6825.0,0.2038,328.0,578.0,0.034,36349,29633,6716,0.1848,438,884,0.0446
2304236,14486.0,11149.0,3337.0,0.2304,143.0,301.0,0.0398,14487.0,11434.0,3053.0,0.2107,165.0,360.0,0.0459,15338,12010,3328,0.217,257,510,0.0639
2304251,21398.0,17442.0,3956.0,0.1849,252.0,394.0,0.037,21396.0,17966.0,3430.0,0.1603,208.0,397.0,0.0337,23786,19574,4212,0.1771,362,790,0.0589
2304350,18565.0,15834.0,2731.0,0.1471,255.0,410.0,0.042,18566.0,15789.0,2777.0,0.1496,294.0,475.0,0.0487,19740,17017,2723,0.1379,484,656,0.067
2305332,12031.0,10074.0,1957.0,0.1627,138.0,187.0,0.0323,12029.0,9871.0,2158.0,0.1794,126.0,173.0,0.0303,12514,10752,1762,0.1408,213,257,0.0437
2305357,16498.0,14241.0,2257.0,0.1368,228.0,213.0,0.031,16498.0,14167.0,2331.0,0.1413,199.0,242.0,0.0311,17718,15089,2629,0.1484,292,394,0.0455
2306553,31629.0,25309.0,6320.0,0.1998,320.0,586.0,0.0358,31631.0,25361.0,6270.0,0.1982,285.0,646.0,0.0367,34502,28056,6446,0.1868,444,984,0.0509
2308351,11590.0,9007.0,2583.0,0.2229,51.0,143.0,0.0215,11590.0,9069.0,2521.0,0.2175,61.0,155.0,0.0238,11291,9457,1834,0.1624,99,240,0.0358
2304269,7451.0,5980.0,1471.0,0.1974,48.0,132.0,0.0301,7448.0,5956.0,1492.0,0.2003,57.0,119.0,0.0296,7474,6265,1209,0.1618,116,218,0.0533
2310258,25451.0,21824.0,3627.0,0.1425,277.0,423.0,0.0321,25454.0,21723.0,3731.0,0.1466,298.0,478.0,0.0357,27584,23568,4016,0.1456,347,711,0.0449
2414159,5078.0,4249.0,829.0,0.1633,43.0,117.0,0.0377,5078.0,4298.0,780.0,0.1536,33.0,120.0,0.0356,5580,4592,988,0.1771,48,170,0.0475
2400109,9204.0,7415.0,1789.0,0.1944,84.0,224.0,0.0415,9206.0,7517.0,1689.0,0.1835,74.0,206.0,0.0372,9368,7529,1839,0.1963,117,292,0.0543
2413359,11229.0,9736.0,1493.0,0.133,114.0,187.0,0.0309,11204.0,9501.0,1703.0,0.152,95.0,169.0,0.0278,13225,11383,1842,0.1393,191,273,0.0408
2400208,43398.0,35769.0,7629.0,0.1758,451.0,926.0,0.0385,43393.0,35903.0,7490.0,0.1726,359.0,803.0,0.0324,45551,36943,8608,0.189,578,1026,0.0434
2401859,5176.0,4301.0,875.0,0.169,53.0,109.0,0.0377,5176.0,4116.0,1060.0,0.2048,36.0,77.0,0.0275,5551,4403,1148,0.2068,61,126,0.0425
2400307,9841.0,7983.0,1858.0,0.1888,86.0,200.0,0.0358,9837.0,7536.0,2301.0,0.2339,77.0,173.0,0.0332,10537,8455,2082,0.1976,101,229,0.039
2412559,8758.0,7245.0,1513.0,0.1728,74.0,223.0,0.041,8758.0,7241.0,1517.0,0.1732,57.0,150.0,0.0286,9651,8009,1642,0.1701,95,275,0.0462
2400406,2780.0,2333.0,447.0,0.1608,29.0,54.0,0.0356,2781.0,2354.0,427.0,0.1535,17.0,43.0,0.0255,3009,2531,478,0.1589,26,104,0.0514
2404853,6572.0,5320.0,1252.0,0.1905,61.0,124.0,0.0348,6573.0,5227.0,1346.0,0.2048,34.0,120.0,0.0295,7286,5974,1312,0.1801,80,119,0.0333
2400505,11255.0,9120.0,2135.0,0.1897,66.0,236.0,0.0331,11252.0,8862.0,2390.0,0.2124,49.0,209.0,0.0291,11804,9452,2352,0.1993,77,281,0.0379
2401651,3590.0,2767.0,823.0,0.2292,35.0,101.0,0.0492,3590.0,2758.0,832.0,0.2318,19.0,46.0,0.0236,3784,2941,843,0.2228,43,93,0.0462
2400604,5125.0,4313.0,812.0,0.1584,60.0,94.0,0.0357,5130.0,4089.0,1041.0,0.2029,48.0,76.0,0.0303,5166,4339,827,0.1601,66,104,0.0392
2414456,3990.0,3358.0,632.0,0.1584,30.0,97.0,0.0378,3989.0,3228.0,761.0,0.1908,17.0,73.0,0.0279,4239,3603,636,0.15,43,107,0.0416
2400703,11345.0,9182.0,2163.0,0.1907,85.0,166.0,0.0273,11343.0,9171.0,2172.0,0.1915,80.0,170.0,0.0273,12062,9578,2484,0.2059,113,284,0.0414
2403756,3131.0,2693.0,438.0,0.1399,31.0,66.0,0.036,3131.0,2513.0,618.0,0.1974,20.0,46.0,0.0263,3409,2859,550,0.1613,34,108,0.0497
2400802,9839.0,8177.0,1662.0,0.1689,104.0,205.0,0.0378,9841.0,7981.0,1860.0,0.189,86.0,180.0,0.0333,10219,8396,1823,0.1784,95,244,0.0404
2407252,3066.0,2553.0,513.0,0.1673,20.0,49.0,0.027,3066.0,2534.0,532.0,0.1735,19.0,55.0,0.0292,3212,2595,617,0.1921,24,85,0.042
2400901,5653.0,4856.0,797.0,0.141,69.0,115.0,0.0379,5653.0,4642.0,1011.0,0.1788,42.0,87.0,0.0278,5912,5027,885,0.1497,59,217,0.0549
2414753,3855.0,2929.0,926.0,0.2402,45.0,140.0,0.0632,3854.0,2868.0,986.0,0.2558,33.0,99.0,0.046,3918,3007,911,0.2325,34,100,0.0446
2401008,28897.0,24763.0,4134.0,0.1431,422.0,592.0,0.0409,28905.0,25045.0,3860.0,0.1335,293.0,648.0,0.0376,30219,25821,4398,0.1455,418,740,0.0448
2413557,4042.0,3424.0,618.0,0.1529,40.0,110.0,0.0438,4043.0,3453.0,590.0,0.1459,44.0,76.0,0.0348,4196,3563,633,0.1509,60,113,0.0486
2401107,21257.0,17106.0,4151.0,0.1953,255.0,591.0,0.0495,21255.0,17167.0,4088.0,0.1923,198.0,506.0,0.041,22037,17534,4503,0.2043,323,669,0.0566
2411056,6604.0,5335.0,1269.0,0.1922,74.0,119.0,0.0362,6609.0,5366.0,1243.0,0.1881,43.0,95.0,0.0257,9238,7020,2218,0.2401,118,192,0.0442
2401206,10922.0,9186.0,1736.0,0.1589,129.0,286.0,0.0452,10920.0,9377.0,1543.0,0.1413,103.0,252.0,0.0379,11506,9277,2229,0.1937,196,367,0.0607
2409332,4509.0,3747.0,762.0,0.169,32.0,76.0,0.0288,4508.0,3663.0,845.0,0.1874,42.0,53.0,0.0259,5115,4180,935,0.1828,54,125,0.0428
2401305,8513.0,7090.0,1423.0,0.1672,102.0,186.0,0.0406,8512.0,6908.0,1604.0,0.1884,62.0,191.0,0.0366,8816,7228,1588,0.1801,119,211,0.0457
2408953,9821.0,8268.0,1553.0,0.1581,99.0,201.0,0.0363,9817.0,7913.0,1904.0,0.1939,72.0,168.0,0.0303,10982,9097,1885,0.1716,139,209,0.0383
2401404,7115.0,5655.0,1460.0,0.2052,73.0,159.0,0.041,7115.0,5588.0,1527.0,0.2146,54.0,102.0,0.0279,7404,5906,1498,0.2023,91,164,0.0432
2410256,4836.0,4017.0,819.0,0.1694,38.0,97.0,0.0336,4836.0,3892.0,944.0,0.1952,31.0,95.0,0.0324,5103,4172,931,0.1824,50,112,0.0388
2401503,4628.0,3763.0,865.0,0.1869,28.0,93.0,0.0322,4629.0,3683.0,946.0,0.2044,23.0,73.0,0.0261,4679,3877,802,0.1714,36,132,0.0433
2406155,4222.0,3471.0,751.0,0.1779,54.0,89.0,0.0412,4221.0,3305.0,916.0,0.217,35.0,78.0,0.0342,4775,3925,850,0.178,59,142,0.0512
2401602,4807.0,4045.0,762.0,0.1585,31.0,96.0,0.0314,4799.0,3937.0,862.0,0.1796,29.0,57.0,0.0218,4926,4148,778,0.1579,44,115,0.0383
2401701,8693.0,7050.0,1643.0,0.189,71.0,163.0,0.0332,8692.0,7094.0,1598.0,0.1838,45.0,128.0,0.0244,9083,7478,1605,0.1767,93,223,0.0423
2401800,10055.0,7954.0,2101.0,0.209,118.0,262.0,0.0478,10055.0,8108.0,1947.0,0.1936,78.0,209.0,0.0354,10102,7966,2136,0.2114,140,297,0.0549
2401909,3660.0,3145.0,515.0,0.1407,27.0,59.0,0.0273,3660.0,2992.0,668.0,0.1825,30.0,62.0,0.0307,4196,3513,683,0.1628,29,103,0.0376
2402006,44505.0,37165.0,7340.0,0.1649,456.0,902.0,0.0365,44498.0,37811.0,6687.0,0.1503,373.0,831.0,0.0318,45036,37929,7107,0.1578,605,1040,0.0434
2402105,8237.0,6810.0,1427.0,0.1732,71.0,191.0,0.0385,8236.0,6654.0,1582.0,0.1921,62.0,176.0,0.0358,8619,7012,1607,0.1864,109,211,0.0456
2402204,23998.0,19109.0,4889.0,0.2037,222.0,591.0,0.0425,23993.0,19211.0,4782.0,0.1993,154.0,539.0,0.0361,24690,19967,4723,0.1913,272,537,0.0405
2402303,18969.0,15460.0,3509.0,0.185,232.0,299.0,0.0343,18973.0,15484.0,3489.0,0.1839,190.0,342.0,0.0344,18980,15808,3172,0.1671,305,427,0.0463
2402402,5978.0,4998.0,980.0,0.1639,92.0,243.0,0.067,5977.0,5174.0,803.0,0.1343,87.0,222.0,0.0597,6324,5287,1037,0.164,121,233,0.067
2402501,8718.0,7222.0,1496.0,0.1716,95.0,182.0,0.0384,8718.0,7191.0,1527.0,0.1752,81.0,168.0,0.0346,8684,7098,1586,0.1826,99,239,0.0476
2402600,56373.0,46553.0,9820.0,0.1742,583.0,1102.0,0.0362,56369.0,46626.0,9743.0,0.1728,403.0,1016.0,0.0304,60280,49504,10776,0.1788,865,1520,0.0482
2402709,9148.0,7116.0,2032.0,0.2221,88.0,256.0,0.0483,9149.0,7157.0,1992.0,0.2177,75.0,199.0,0.0383,9720,7528,2192,0.2255,91,301,0.0521
2402808,4754.0,3675.0,1079.0,0.227,62.0,129.0,0.052,4753.0,3587.0,1166.0,0.2453,50.0,102.0,0.0424,4902,4022,880,0.1795,50,140,0.0472
2402907,4010.0,3250.0,760.0,0.1895,34.0,116.0,0.0462,4009.0,3219.0,790.0,0.1971,30.0,99.0,0.0401,4073,3334,739,0.1814,37,139,0.0528
2403004,6773.0,5457.0,1316.0,0.1943,86.0,145.0,0.0423,6774.0,5525.0,1249.0,0.1844,69.0,134.0,0.0367,6955,5714,1241,0.1784,119,197,0.0553
2403103,31641.0,25271.0,6370.0,0.2013,340.0,820.0,0.0459,31646.0,25648.0,5998.0,0.1895,283.0,709.0,0.0387,32922,26529,6393,0.1942,491,863,0.051
2403202,5886.0,4927.0,959.0,0.1629,43.0,102.0,0.0294,5881.0,4929.0,952.0,0.1619,41.0,109.0,0.0304,6326,5216,1110,0.1755,47,124,0.0328
2403301,4716.0,3973.0,743.0,0.1575,35.0,116.0,0.038,4718.0,3982.0,736.0,0.156,28.0,78.0,0.0266,5141,4192,949,0.1846,32,131,0.0389
2403400,4629.0,3853.0,776.0,0.1676,57.0,154.0,0.0548,4627.0,3829.0,798.0,0.1725,52.0,121.0,0.0452,4769,3979,790,0.1657,60,156,0.0543
2403509,7534.0,6020.0,1514.0,0.201,98.0,176.0,0.0455,7534.0,6120.0,1414.0,0.1877,62.0,128.0,0.031,7961,6380,1581,0.1986,109,236,0.0541
2403608,28001.0,23715.0,4286.0,0.1531,238.0,607.0,0.0356,27999.0,23761.0,4238.0,0.1514,196.0,449.0,0.0271,39504,32688,6816,0.1725,477,878,0.0415
2403707,6660.0,5833.0,827.0,0.1242,56.0,89.0,0.0249,6667.0,5838.0,829.0,0.1243,61.0,98.0,0.0272,7070,6018,1052,0.1488,91,153,0.0405
2403806,8054.0,6746.0,1308.0,0.1624,47.0,177.0,0.0332,8058.0,6643.0,1415.0,0.1756,57.0,142.0,0.03,8397,6868,1529,0.1821,63,217,0.0408
2403905,2776.0,2302.0,474.0,0.1707,17.0,66.0,0.0361,2777.0,2308.0,469.0,0.1689,13.0,47.0,0.026,2868,2441,427,0.1489,15,76,0.0373
2404101,2553.0,2161.0,392.0,0.1535,15.0,65.0,0.037,2552.0,1897.0,655.0,0.2567,13.0,34.0,0.0248,2858,2326,532,0.1861,28,45,0.0314
2404200,21044.0,17273.0,3771.0,0.1792,275.0,549.0,0.0477,21043.0,17502.0,3541.0,0.1683,220.0,472.0,0.0395,22264,18347,3917,0.1759,350,662,0.0552
2404309,11878.0,9873.0,2005.0,0.1688,194.0,292.0,0.0492,11882.0,9881.0,2001.0,0.1684,122.0,279.0,0.0406,12132,10041,2091,0.1724,199,392,0.0589
2404408,8755.0,7560.0,1195.0,0.1365,123.0,188.0,0.0411,8755.0,7497.0,1258.0,0.1437,107.0,173.0,0.0373,9557,8214,1343,0.1405,176,255,0.0525
2404507,15244.0,12135.0,3109.0,0.2039,150.0,261.0,0.0339,15240.0,11928.0,3312.0,0.2173,136.0,267.0,0.0338,15625,12066,3559,0.2278,161,346,0.042
2404606,10965.0,9077.0,1888.0,0.1722,94.0,198.0,0.0322,10965.0,8922.0,2043.0,0.1863,75.0,146.0,0.0248,11530,9754,1776,0.154,125,210,0.0343
2404705,12576.0,10331.0,2245.0,0.1785,100.0,199.0,0.0289,12576.0,10321.0,2255.0,0.1793,64.0,159.0,0.0216,12911,10415,2496,0.1933,113,222,0.0322
2404804,1996.0,1730.0,266.0,0.1333,15.0,23.0,0.022,1997.0,1695.0,302.0,0.1512,19.0,19.0,0.0224,2185,1833,352,0.1611,12,31,0.0235
2404903,4912.0,4060.0,852.0,0.1735,43.0,102.0,0.0357,4913.0,4004.0,909.0,0.185,37.0,88.0,0.0312,5189,4284,905,0.1744,47,136,0.0427
2405009,6035.0,4892.0,1143.0,0.1894,48.0,160.0,0.0425,6035.0,4902.0,1133.0,0.1877,50.0,122.0,0.0351,6324,5247,1077,0.1703,69,186,0.0486
2405108,5620.0,4819.0,801.0,0.1425,49.0,132.0,0.0376,5619.0,4647.0,972.0,0.173,38.0,104.0,0.0306,6396,5326,1070,0.1673,57,165,0.0417
2405207,4337.0,3593.0,744.0,0.1715,40.0,82.0,0.034,4338.0,3508.0,830.0,0.1913,30.0,55.0,0.0242,4474,3726,748,0.1672,49,83,0.0354
2405306,7496.0,6203.0,1293.0,0.1725,98.0,266.0,0.0587,7494.0,6104.0,1390.0,0.1855,65.0,166.0,0.0378,8062,6566,1496,0.1856,88,301,0.0592
2405405,5516.0,4436.0,1080.0,0.1958,35.0,140.0,0.0394,5517.0,4432.0,1085.0,0.1967,39.0,94.0,0.03,5746,4714,1032,0.1796,43,143,0.0395
2405504,2841.0,2461.0,380.0,0.1338,20.0,58.0,0.0317,2837.0,2251.0,586.0,0.2066,23.0,28.0,0.0227,3156,2695,461,0.1461,28,66,0.0349
2405603,10485.0,8872.0,1613.0,0.1538,95.0,155.0,0.0282,10485.0,8882.0,1603.0,0.1529,63.0,153.0,0.0243,11100,9520,1580,0.1423,118,224,0.0359
2405702,9961.0,8463.0,1498.0,0.1504,151.0,322.0,0.0559,9960.0,8552.0,1408.0,0.1414,98.0,302.0,0.0468,10316,8745,1571,0.1523,209,391,0.0686
2405801,25411.0,21308.0,4103.0,0.1615,278.0,538.0,0.0383,25405.0,20960.0,4445.0,0.175,212.0,454.0,0.0318,27705,23010,4695,0.1695,330,651,0.0426
2405900,3139.0,2484.0,655.0,0.2087,23.0,96.0,0.0479,3139.0,2125.0,1014.0,0.323,20.0,57.0,0.0362,3082,2385,697,0.2262,26,89,0.0482
2406007,5196.0,4236.0,960.0,0.1848,57.0,106.0,0.0385,5196.0,4262.0,934.0,0.1798,39.0,94.0,0.0312,5251,4264,987,0.188,56,129,0.0434
2406106,15049.0,12637.0,2412.0,0.1603,136.0,328.0,0.0367,15048.0,12489.0,2559.0,0.1701,102.0,288.0,0.0312,15421,12932,2489,0.1614,155,392,0.0423
2407609,4412.0,3828.0,584.0,0.1324,47.0,88.0,0.0353,4412.0,3679.0,733.0,0.1661,26.0,62.0,0.0239,4715,4006,709,0.1504,50,123,0.0432
2406205,5673.0,4610.0,1063.0,0.1874,44.0,153.0,0.0427,5673.0,4593.0,1080.0,0.1904,30.0,105.0,0.0294,6393,5114,1279,0.2001,52,154,0.0403
2406304,7351.0,5942.0,1409.0,0.1917,82.0,223.0,0.0513,7351.0,5949.0,1402.0,0.1907,57.0,135.0,0.0323,7693,6377,1316,0.1711,99,244,0.0538
2406403,3191.0,2603.0,588.0,0.1843,23.0,80.0,0.0396,3191.0,2556.0,635.0,0.199,27.0,67.0,0.0368,3314,2756,558,0.1684,33,87,0.0435
2406502,12201.0,9616.0,2585.0,0.2119,127.0,264.0,0.0407,12200.0,9773.0,2427.0,0.1989,103.0,233.0,0.0344,12875,10120,2755,0.214,186,321,0.0501
2406601,9319.0,7518.0,1801.0,0.1933,116.0,273.0,0.0517,9319.0,7677.0,1642.0,0.1762,80.0,220.0,0.0391,9613,7726,1887,0.1963,156,363,0.0672
2406700,8816.0,7213.0,1603.0,0.1818,64.0,180.0,0.0338,8815.0,7020.0,1795.0,0.2036,54.0,165.0,0.0312,9481,7586,1895,0.1999,72,211,0.0373
2406809,5072.0,4273.0,799.0,0.1575,57.0,121.0,0.0417,5071.0,4130.0,941.0,0.1856,52.0,88.0,0.0339,5230,4363,867,0.1658,67,124,0.0438
2406908,3359.0,2890.0,469.0,0.1396,24.0,45.0,0.0239,3359.0,2796.0,563.0,0.1676,20.0,31.0,0.0182,3467,3004,463,0.1335,22,56,0.026
2407005,7423.0,5805.0,1618.0,0.218,78.0,192.0,0.0465,7421.0,5752.0,1669.0,0.2249,42.0,132.0,0.0303,7360,5642,1718,0.2334,70,224,0.0521
2407104,52315.0,43366.0,8949.0,0.1711,537.0,1271.0,0.0417,52303.0,43641.0,8662.0,0.1656,410.0,1027.0,0.0329,54350,45104,9246,0.1701,753,1593,0.052
2407203,22330.0,17448.0,4882.0,0.2186,195.0,391.0,0.0336,22331.0,17406.0,4925.0,0.2205,154.0,396.0,0.0316,22534,17691,4843,0.2149,273,447,0.0407
2407302,6692.0,5661.0,1031.0,0.1541,50.0,169.0,0.0387,6690.0,5623.0,1067.0,0.1595,40.0,124.0,0.0292,7032,5916,1116,0.1587,64,191,0.0431
2407401,6871.0,5614.0,1257.0,0.1829,71.0,158.0,0.0408,6879.0,5734.0,1145.0,0.1664,59.0,153.0,0.037,7611,6200,1411,0.1854,56,173,0.0369
2407500,9268.0,7714.0,1554.0,0.1677,91.0,207.0,0.0386,9266.0,7542.0,1724.0,0.1861,60.0,150.0,0.0278,10437,8502,1935,0.1854,131,223,0.0416
2404002,4067.0,3333.0,734.0,0.1805,39.0,48.0,0.0261,4064.0,3244.0,820.0,0.2018,34.0,47.0,0.025,4173,3514,659,0.1579,42,56,0.0279
2407708,9098.0,7309.0,1789.0,0.1966,102.0,203.0,0.0417,9097.0,7398.0,1699.0,0.1868,68.0,208.0,0.0373,9623,7708,1915,0.199,121,284,0.0525
2407807,17084.0,13836.0,3248.0,0.1901,243.0,389.0,0.0457,17083.0,14147.0,2936.0,0.1719,146.0,327.0,0.0334,17267,14120,3147,0.1823,236,485,0.0511
2407906,2733.0,2286.0,447.0,0.1636,13.0,98.0,0.0486,2733.0,2193.0,540.0,0.1976,17.0,55.0,0.0328,3052,2577,475,0.1556,28,85,0.0438
2408003,183493.0,150197.0,33296.0,0.1815,2048.0,3904.0,0.0396,183752.0,156221.0,27531.0,0.1498,1683.0,4050.0,0.0367,188013,157998,30015,0.1596,2930,4904,0.0496
2408102,585323.0,467769.0,117554.0,0.2008,5396.0,12644.0,0.0386,584819.0,482570.0,102249.0,0.1748,4603.0,11780.0,0.0339,573148,455580,117568,0.2051,6708,12495,0.0422
2408201,21155.0,17414.0,3741.0,0.1768,248.0,454.0,0.0403,21160.0,17291.0,3869.0,0.1828,188.0,376.0,0.0326,23401,19541,3860,0.165,316,596,0.0467
2408300,26494.0,21291.0,5203.0,0.1964,376.0,758.0,0.0533,26495.0,21801.0,4694.0,0.1772,277.0,654.0,0.0427,27948,22467,5481,0.1961,410,785,0.0532
2408409,4325.0,3564.0,761.0,0.176,67.0,101.0,0.0471,4319.0,3524.0,795.0,0.1841,49.0,83.0,0.0375,4689,3796,893,0.1904,63,122,0.0487
2408508,4215.0,3645.0,570.0,0.1352,39.0,108.0,0.0403,4215.0,3605.0,610.0,0.1447,32.0,75.0,0.0297,4580,3758,822,0.1795,64,126,0.0506
2408607,4075.0,3214.0,861.0,0.2113,17.0,62.0,0.0246,4072.0,3158.0,914.0,0.2245,24.0,48.0,0.0228,4235,3359,876,0.2068,28,89,0.0348
2408706,4307.0,3661.0,646.0,0.15,51.0,105.0,0.0426,4308.0,3414.0,894.0,0.2075,42.0,90.0,0.0387,4339,3629,710,0.1636,53,137,0.0524
2408805,5057.0,4209.0,848.0,0.1677,39.0,122.0,0.0383,5058.0,4116.0,942.0,0.1862,44.0,68.0,0.0272,5532,4536,996,0.18,46,138,0.0406
2408904,16861.0,14334.0,2527.0,0.1499,284.0,571.0,0.0596,16860.0,14393.0,2467.0,0.1463,214.0,479.0,0.0481,17461,14687,2774,0.1589,365,677,0.0709
2403251,137567.0,114257.0,23310.0,0.1694,1481.0,2840.0,0.0378,137497.0,116339.0,21158.0,0.1539,1202.0,2612.0,0.0328,147649,121719,25930,0.1756,1905,3271,0.0425
2409100,9256.0,7654.0,1602.0,0.1731,113.0,292.0,0.0529,9256.0,7705.0,1551.0,0.1676,86.0,261.0,0.045,10054,8239,1815,0.1805,144,313,0.0555
2409209,3484.0,3078.0,406.0,0.1165,27.0,104.0,0.0426,3484.0,2968.0,516.0,0.1481,19.0,74.0,0.0313,4547,3823,724,0.1592,56,127,0.0479
2409308,9368.0,7928.0,1440.0,0.1537,89.0,191.0,0.0353,9370.0,7821.0,1549.0,0.1653,70.0,172.0,0.0309,9946,8310,1636,0.1645,97,251,0.0419
2409407,20211.0,17076.0,3135.0,0.1551,150.0,370.0,0.0305,20208.0,17097.0,3111.0,0.1539,130.0,332.0,0.027,21145,17558,3587,0.1696,237,466,0.04
2409506,4024.0,3343.0,681.0,0.1692,29.0,62.0,0.0272,4024.0,3118.0,906.0,0.2251,18.0,67.0,0.0273,4340,3388,952,0.2194,30,82,0.0331
2409605,3215.0,2707.0,508.0,0.158,28.0,71.0,0.0366,3215.0,2504.0,711.0,0.2212,18.0,49.0,0.0268,3295,2725,570,0.173,19,72,0.0334
2409704,6605.0,4891.0,1714.0,0.2595,54.0,124.0,0.0364,6605.0,4616.0,1989.0,0.3011,40.0,108.0,0.0321,6554,4964,1590,0.2426,58,172,0.0463
2409803,11592.0,9386.0,2206.0,0.1903,127.0,264.0,0.0417,11593.0,9419.0,2174.0,0.1875,82.0,240.0,0.0342,11914,9725,2189,0.1837,137,339,0.0489
2409902,10702.0,8822.0,1880.0,0.1757,77.0,201.0,0.0315,10691.0,8667.0,2024.0,0.1893,63.0,177.0,0.0277,10931,8578,2353,0.2153,109,225,0.0389
2410009,3552.0,2800.0,752.0,0.2117,32.0,59.0,0.0325,3553.0,2721.0,832.0,0.2342,18.0,46.0,0.0235,3577,2889,688,0.1923,26,51,0.0267
2410108,11029.0,9157.0,1872.0,0.1697,119.0,236.0,0.0388,11026.0,8999.0,2027.0,0.1838,74.0,169.0,0.027,11674,9584,2090,0.179,146,305,0.0471
2410207,6350.0,5412.0,938.0,0.1477,67.0,202.0,0.0497,6347.0,5382.0,965.0,0.152,52.0,159.0,0.0392,6896,5581,1315,0.1907,101,190,0.0521
2410306,8340.0,6810.0,1530.0,0.1835,59.0,199.0,0.0379,8340.0,6873.0,1467.0,0.1759,57.0,138.0,0.0284,9065,7327,1738,0.1917,96,232,0.0448
2410405,7879.0,6397.0,1482.0,0.1881,95.0,197.0,0.0456,7873.0,6282.0,1591.0,0.2021,57.0,173.0,0.0366,8502,7046,1456,0.1713,116,254,0.0525
2410504,4791.0,4077.0,714.0,0.149,53.0,103.0,0.0383,4791.0,4135.0,656.0,0.1369,27.0,90.0,0.0283,4933,4098,835,0.1693,60,128,0.0459
2410702,2761.0,2356.0,405.0,0.1467,23.0,56.0,0.0335,2761.0,2280.0,481.0,0.1742,10.0,42.0,0.0228,2759,2364,395,0.1432,24,62,0.0364
2410801,3734.0,3124.0,610.0,0.1634,23.0,75.0,0.0314,3734.0,3147.0,587.0,0.1572,27.0,75.0,0.0324,3843,3165,678,0.1764,26,119,0.0458
2410900,6209.0,5347.0,862.0,0.1388,34.0,134.0,0.0314,6212.0,5296.0,916.0,0.1475,27.0,78.0,0.0198,6909,5765,1144,0.1656,45,154,0.0345
2411007,4147.0,3482.0,665.0,0.1604,29.0,101.0,0.0373,4143.0,3454.0,689.0,0.1663,30.0,82.0,0.0324,4641,3868,773,0.1666,32,105,0.0354
2411106,3958.0,3240.0,718.0,0.1814,23.0,68.0,0.0281,3957.0,3081.0,876.0,0.2214,21.0,56.0,0.025,4188,3372,816,0.1948,32,88,0.0356
2411908,4000.0,3241.0,759.0,0.1898,47.0,69.0,0.0358,4001.0,3293.0,708.0,0.177,39.0,75.0,0.0346,4098,3288,810,0.1977,53,89,0.0432
2411205,25971.0,21531.0,4440.0,0.171,287.0,651.0,0.0436,25972.0,21707.0,4265.0,0.1642,214.0,536.0,0.0346,27658,22761,4897,0.1771,359,680,0.0456
2411429,2565.0,2231.0,334.0,0.1302,37.0,77.0,0.0511,2566.0,2218.0,348.0,0.1356,42.0,80.0,0.055,2635,2264,371,0.1408,58,95,0.0676
2411403,11211.0,9147.0,2064.0,0.1841,119.0,239.0,0.0391,11204.0,8879.0,2325.0,0.2075,78.0,229.0,0.0346,11151,9003,2148,0.1926,141,287,0.0475
2411502,17822.0,14959.0,2863.0,0.1606,191.0,541.0,0.0489,17822.0,15154.0,2668.0,0.1497,130.0,384.0,0.0339,19114,15376,3738,0.1956,213,584,0.0518
2411601,3717.0,3083.0,634.0,0.1706,30.0,76.0,0.0344,3717.0,2948.0,769.0,0.2069,19.0,64.0,0.0282,4259,3343,916,0.2151,37,82,0.0356
2411700,4221.0,3345.0,876.0,0.2075,36.0,140.0,0.0526,4221.0,3336.0,885.0,0.2097,26.0,97.0,0.0369,4458,3528,930,0.2086,42,147,0.0536
2411809,3477.0,3021.0,456.0,0.1311,23.0,70.0,0.0308,3477.0,3016.0,461.0,0.1326,19.0,65.0,0.0279,3720,3203,517,0.139,26,119,0.0453
2412005,72841.0,60910.0,11931.0,0.1638,704.0,1515.0,0.0364,72850.0,61629.0,11221.0,0.154,585.0,1270.0,0.0301,77509,64963,12546,0.1619,978,1981,0.0455
2412104,5142.0,4425.0,717.0,0.1394,33.0,89.0,0.0276,5148.0,4429.0,719.0,0.1397,44.0,99.0,0.0323,5309,4473,836,0.1575,55,99,0.0344
2412203,32602.0,26376.0,6226.0,0.191,428.0,912.0,0.0508,32601.0,26708.0,5893.0,0.1808,268.0,677.0,0.0354,35789,28897,6892,0.1926,505,1032,0.0532
2412302,10201.0,8316.0,1885.0,0.1848,120.0,284.0,0.0486,10202.0,8245.0,1957.0,0.1918,76.0,215.0,0.0353,10539,8582,1957,0.1857,157,289,0.052
2412401,4321.0,3746.0,575.0,0.1331,53.0,84.0,0.0366,4322.0,3775.0,547.0,0.1266,40.0,85.0,0.0331,4515,3880,635,0.1406,74,126,0.0515
2412500,17891.0,13897.0,3994.0,0.2232,259.0,532.0,0.0569,17885.0,13982.0,3903.0,0.2182,203.0,452.0,0.0468,19466,15239,4227,0.2171,331,655,0.0647
2412609,13769.0,11396.0,2373.0,0.1723,142.0,352.0,0.0433,13767.0,11502.0,2265.0,0.1645,106.0,248.0,0.0308,14677,11967,2710,0.1846,209,357,0.0473
2412708,6021.0,5067.0,954.0,0.1584,51.0,151.0,0.0399,6021.0,4918.0,1103.0,0.1832,29.0,113.0,0.0289,6475,5343,1132,0.1748,78,159,0.0444
2412807,7244.0,6006.0,1238.0,0.1709,73.0,177.0,0.0416,7243.0,5854.0,1389.0,0.1918,58.0,157.0,0.0367,7520,6146,1374,0.1827,86,224,0.0504
2412906,9624.0,7472.0,2152.0,0.2236,60.0,216.0,0.0369,9625.0,7420.0,2205.0,0.2291,53.0,169.0,0.0299,9587,7448,2139,0.2231,72,206,0.0373
2413003,5110.0,4204.0,906.0,0.1773,41.0,165.0,0.049,5110.0,4244.0,866.0,0.1695,44.0,127.0,0.0403,5396,4514,882,0.1635,57,173,0.051
2413102,5473.0,4575.0,898.0,0.1641,39.0,153.0,0.042,5473.0,4548.0,925.0,0.169,30.0,88.0,0.0259,5748,4750,998,0.1736,58,166,0.0472
2413201,3811.0,3184.0,627.0,0.1645,36.0,92.0,0.0402,3811.0,3205.0,606.0,0.159,22.0,73.0,0.0296,3761,3048,713,0.1896,62,116,0.0584
2413300,5545.0,4490.0,1055.0,0.1903,63.0,173.0,0.0526,5545.0,4431.0,1114.0,0.2009,51.0,117.0,0.0379,6185,5046,1139,0.1842,55,184,0.0474
2413409,6249.0,5126.0,1123.0,0.1797,77.0,134.0,0.0412,6249.0,5121.0,1128.0,0.1805,55.0,113.0,0.0328,6262,5138,1124,0.1795,86,180,0.0518
2413508,6627.0,5501.0,1126.0,0.1699,88.0,179.0,0.0485,6628.0,5487.0,1141.0,0.1721,39.0,98.0,0.025,7068,5784,1284,0.1817,92,251,0.0593
2413607,6651.0,5579.0,1072.0,0.1612,54.0,164.0,0.0391,6654.0,5527.0,1127.0,0.1694,47.0,126.0,0.0313,6813,5668,1145,0.1681,75,159,0.0413
2413706,4921.0,4001.0,920.0,0.187,60.0,126.0,0.0465,4922.0,3907.0,1015.0,0.2062,42.0,94.0,0.0348,5162,4232,930,0.1802,60,138,0.0468
2413805,2782.0,2409.0,373.0,0.1341,18.0,44.0,0.0257,2781.0,2312.0,469.0,0.1686,15.0,47.0,0.0268,2762,2252,510,0.1846,33,48,0.036
2413904,10158.0,8581.0,1577.0,0.1552,135.0,230.0,0.0425,10156.0,8399.0,1757.0,0.173,86.0,215.0,0.0358,10547,8837,1710,0.1621,168,275,0.0501
2414001,12156.0,9412.0,2744.0,0.2257,181.0,310.0,0.0522,12156.0,9404.0,2752.0,0.2264,112.0,258.0,0.0393,12583,9689,2894,0.23,183,365,0.0566
2414100,7770.0,6447.0,1323.0,0.1703,56.0,199.0,0.0396,7768.0,6215.0,1553.0,0.1999,48.0,142.0,0.0306,8205,6853,1352,0.1648,48,157,0.0299
2414209,12502.0,10291.0,2211.0,0.1769,147.0,267.0,0.0402,12504.0,10326.0,2178.0,0.1742,111.0,215.0,0.0316,13651,11057,2594,0.19,186,307,0.0446
2414308,2571.0,2163.0,408.0,0.1587,26.0,64.0,0.0416,2572.0,2153.0,419.0,0.1629,23.0,40.0,0.0293,2748,2366,382,0.139,27,62,0.0376
2414407,26019.0,21448.0,4571.0,0.1757,253.0,621.0,0.0407,26022.0,21050.0,4972.0,0.1911,194.0,465.0,0.0313,28142,23389,4753,0.1689,313,772,0.0464
2414506,8585.0,7031.0,1554.0,0.181,79.0,209.0,0.041,8585.0,7000.0,1585.0,0.1846,60.0,184.0,0.0349,8842,7355,1487,0.1682,92,270,0.0492
2414605,11505.0,9793.0,1712.0,0.1488,153.0,212.0,0.0373,11508.0,9697.0,1811.0,0.1574,127.0,204.0,0.0341,12260,10132,2128,0.1736,153,340,0.0487
2414704,4755.0,4081.0,674.0,0.1417,47.0,122.0,0.0414,4755.0,3976.0,779.0,0.1638,24.0,91.0,0.0289,5584,4731,853,0.1528,55,145,0.0423
2410603,3747.0,2972.0,775.0,0.2068,35.0,69.0,0.035,3748.0,2890.0,858.0,0.2289,31.0,42.0,0.0253,3667,3017,650,0.1773,28,52,0.0265
2414803,10432.0,8354.0,2078.0,0.1992,179.0,271.0,0.0539,10434.0,8512.0,1922.0,0.1842,128.0,234.0,0.0425,11417,9318,2099,0.1838,182,316,0.0534
2414902,1863.0,1512.0,351.0,0.1884,23.0,51.0,0.0489,1865.0,1464.0,401.0,0.215,23.0,41.0,0.0437,1958,1564,394,0.2012,18,58,0.0486
2415008,3101.0,2529.0,572.0,0.1845,35.0,82.0,0.0463,3101.0,2484.0,617.0,0.199,20.0,59.0,0.0318,3254,2708,546,0.1678,55,105,0.0591
2512762,4367.0,3692.0,675.0,0.1546,57.0,172.0,0.062,4367.0,3754.0,613.0,0.1404,42.0,228.0,0.0719,4868,4096,772,0.1586,79,194,0.0667
2500106,7828.0,6171.0,1657.0,0.2117,77.0,236.0,0.0507,7827.0,6148.0,1679.0,0.2145,72.0,325.0,0.0646,8397,6682,1715,0.2042,85,315,0.0599
2515971,7247.0,5967.0,1280.0,0.1766,113.0,238.0,0.0588,7247.0,6082.0,1165.0,0.1608,97.0,340.0,0.0719,8060,6687,1373,0.1703,164,319,0.0722
2500205,4794.0,3818.0,976.0,0.2036,24.0,111.0,0.0354,4794.0,3752.0,1042.0,0.2174,37.0,148.0,0.0493,4779,3847,932,0.195,36,95,0.0341
2514453,5537.0,4459.0,1078.0,0.1947,69.0,198.0,0.0599,5537.0,4524.0,1013.0,0.183,52.0,305.0,0.0789,5940,4772,1168,0.1966,115,270,0.0807
2500304,22072.0,17271.0,4801.0,0.2175,353.0,711.0,0.0616,22073.0,17412.0,4661.0,0.2112,241.0,1051.0,0.0742,23238,18350,4888,0.2103,395,1026,0.0774
2504033,6509.0,5197.0,1312.0,0.2016,108.0,191.0,0.0575,6509.0,5203.0,1306.0,0.2006,85.0,322.0,0.0782,7251,5675,1576,0.2173,140,375,0.0907
2500403,15995.0,12791.0,3204.0,0.2003,227.0,692.0,0.0718,15997.0,13086.0,2911.0,0.182,203.0,903.0,0.0845,16592,13314,3278,0.1976,313,813,0.0846
2505238,7065.0,5545.0,1520.0,0.2151,88.0,259.0,0.0626,7065.0,5526.0,1539.0,0.2178,80.0,347.0,0.0773,7662,6106,1556,0.2031,135,363,0.0816
2500502,11573.0,9308.0,2265.0,0.1957,146.0,337.0,0.0519,11574.0,9425.0,2149.0,0.1857,153.0,499.0,0.0692,12228,9973,2255,0.1844,207,442,0.0651
2505279,5721.0,4618.0,1103.0,0.1928,75.0,220.0,0.0639,5721.0,4545.0,1176.0,0.2056,59.0,346.0,0.0891,6226,5016,1210,0.1943,92,310,0.0801
2500601,18765.0,15607.0,3158.0,0.1683,270.0,651.0,0.059,18765.0,15901.0,2864.0,0.1526,205.0,935.0,0.0717,21079,17142,3937,0.1868,428,792,0.0712
2512754,4475.0,3751.0,724.0,0.1618,87.0,199.0,0.0762,4475.0,3754.0,721.0,0.1611,62.0,279.0,0.0908,4999,4193,806,0.1612,91,293,0.0916
2500700,13896.0,11665.0,2231.0,0.1605,196.0,438.0,0.0544,13897.0,11687.0,2210.0,0.159,138.0,607.0,0.0637,14571,12253,2318,0.1591,234,617,0.0695
2509339,4500.0,3582.0,918.0,0.204,61.0,196.0,0.0717,4500.0,3646.0,854.0,0.1898,58.0,239.0,0.0815,4881,3902,979,0.2006,111,253,0.0933
2500809,13941.0,11137.0,2804.0,0.2011,201.0,557.0,0.0681,13941.0,11232.0,2709.0,0.1943,155.0,658.0,0.0724,14344,11665,2679,0.1868,245,629,0.0749
2508554,3990.0,3353.0,637.0,0.1596,37.0,147.0,0.0549,3990.0,3319.0,671.0,0.1682,30.0,191.0,0.0666,4789,3966,823,0.1719,52,177,0.0577
2500908,8899.0,6840.0,2059.0,0.2314,126.0,330.0,0.0667,8898.0,6919.0,1979.0,0.2224,103.0,458.0,0.0811,9325,7320,2005,0.215,165,371,0.0732
2515930,4338.0,3541.0,797.0,0.1837,68.0,122.0,0.0537,4338.0,3582.0,756.0,0.1743,56.0,174.0,0.0642,5104,4250,854,0.1673,94,182,0.0649
2501005,13651.0,10371.0,3280.0,0.2403,162.0,424.0,0.0565,13652.0,10635.0,3017.0,0.221,159.0,691.0,0.0799,14816,11315,3501,0.2363,201,652,0.0754
2512747,3195.0,2488.0,707.0,0.2213,28.0,80.0,0.0434,3195.0,2561.0,634.0,0.1984,28.0,97.0,0.0488,3550,2795,755,0.2127,42,116,0.0565
2501104,18428.0,14812.0,3616.0,0.1962,437.0,677.0,0.0752,18423.0,14978.0,3445.0,0.187,314.0,974.0,0.086,19068,15524,3544,0.1859,401,838,0.0798
2513943,2955.0,2352.0,603.0,0.2041,26.0,52.0,0.0332,2954.0,2335.0,619.0,0.2095,44.0,83.0,0.0544,3072,2491,581,0.1891,31,105,0.0546
2501203,6067.0,4953.0,1114.0,0.1836,108.0,210.0,0.0642,6067.0,5059.0,1008.0,0.1661,94.0,280.0,0.0739,6597,5485,1112,0.1686,137,306,0.0808
2504074,4157.0,3584.0,573.0,0.1378,46.0,97.0,0.0399,4157.0,3597.0,560.0,0.1347,38.0,155.0,0.0537,4534,3912,622,0.1372,41,186,0.058
2501302,15644.0,12830.0,2814.0,0.1799,219.0,552.0,0.0601,15645.0,13007.0,2638.0,0.1686,176.0,695.0,0.067,16290,13498,2792,0.1714,308,739,0.0776
2513851,2929.0,2350.0,579.0,0.1977,27.0,81.0,0.046,2927.0,2357.0,570.0,0.1947,23.0,127.0,0.0636,3035,2470,565,0.1862,35,113,0.0599
2505352,4542.0,3500.0,1042.0,0.2294,33.0,170.0,0.058,4542.0,3606.0,936.0,0.2061,42.0,220.0,0.0727,4885,3834,1051,0.2151,48,229,0.0722
2516151,3321.0,2756.0,565.0,0.1701,24.0,100.0,0.045,3321.0,2783.0,538.0,0.162,26.0,151.0,0.0636,3672,3174,498,0.1356,31,153,0.058
2501401,7342.0,6112.0,1230.0,0.1675,63.0,168.0,0.0378,7342.0,6119.0,1223.0,0.1666,63.0,322.0,0.0629,8424,6800,1624,0.1928,104,236,0.05
2501534,4470.0,3618.0,852.0,0.1906,56.0,129.0,0.0511,4470.0,3646.0,824.0,0.1843,50.0,178.0,0.0625,4663,3913,750,0.1608,56,213,0.0687
2501500,18062.0,14338.0,3724.0,0.2062,252.0,544.0,0.0555,18061.0,14576.0,3485.0,0.193,254.0,807.0,0.0728,19361,15414,3947,0.2039,374,754,0.0732
2501351,4128.0,3307.0,821.0,0.1989,29.0,135.0,0.0496,4129.0,3230.0,899.0,0.2177,36.0,149.0,0.0573,4201,3342,859,0.2045,51,149,0.0598
2501609,10663.0,8660.0,2003.0,0.1878,67.0,288.0,0.041,10663.0,8782.0,1881.0,0.1764,93.0,438.0,0.0605,11480,9439,2041,0.1778,94,449,0.0575
2517407,2378.0,1924.0,454.0,0.1909,23.0,71.0,0.0489,2378.0,1879.0,499.0,0.2098,18.0,91.0,0.058,2666,2160,506,0.1898,25,133,0.0731
2501708,5674.0,4926.0,748.0,0.1318,60.0,154.0,0.0434,5674.0,4934.0,740.0,0.1304,53.0,210.0,0.0533,6048,5228,820,0.1356,106,202,0.0589
2503555,6248.0,4632.0,1616.0,0.2586,77.0,192.0,0.0581,6248.0,4600.0,1648.0,0.2638,59.0,296.0,0.0772,6623,4862,1761,0.2659,73,253,0.0671
2501807,73208.0,62712.0,10496.0,0.1434,1113.0,2289.0,0.0542,73210.0,63133.0,10077.0,0.1376,886.0,3365.0,0.0673,74369,63114,11255,0.1513,1367,2590,0.0627
2503753,3839.0,3064.0,775.0,0.2019,20.0,115.0,0.0441,3839.0,3036.0,803.0,0.2092,19.0,157.0,0.058,3758,3021,737,0.1961,24,144,0.0556
2501906,13083.0,10316.0,2767.0,0.2115,196.0,437.0,0.0614,13086.0,10543.0,2543.0,0.1943,158.0,568.0,0.0689,13281,10518,2763,0.208,254,515,0.0731
2513927,3793.0,3011.0,782.0,0.2062,31.0,102.0,0.0442,3793.0,2990.0,803.0,0.2117,28.0,117.0,0.0485,3802,3005,797,0.2096,31,158,0.0629
2502003,6282.0,5033.0,1249.0,0.1988,61.0,154.0,0.0427,6283.0,4880.0,1403.0,0.2233,51.0,210.0,0.0535,6644,5227,1417,0.2133,78,186,0.0505
2513968,3210.0,2587.0,623.0,0.1941,23.0,131.0,0.0595,3210.0,2575.0,635.0,0.1978,35.0,164.0,0.0773,3287,2623,664,0.202,45,130,0.0667
2502102,5285.0,4025.0,1260.0,0.2384,41.0,143.0,0.0457,5285.0,3944.0,1341.0,0.2537,45.0,210.0,0.0647,5167,3972,1195,0.2313,42,227,0.0677
2514552,3201.0,2619.0,582.0,0.1818,32.0,122.0,0.0588,3200.0,2622.0,578.0,0.1806,31.0,176.0,0.0789,3236,2590,646,0.1996,38,176,0.0826
2502201,3035.0,2498.0,537.0,0.1769,21.0,97.0,0.0472,3036.0,2520.0,516.0,0.17,29.0,83.0,0.0444,3055,2607,448,0.1466,26,82,0.0414
2509156,6099.0,5159.0,940.0,0.1541,79.0,185.0,0.0512,6098.0,5152.0,946.0,0.1551,64.0,270.0,0.0648,6301,5273,1028,0.1631,85,269,0.0671
2502300,4488.0,3759.0,729.0,0.1624,30.0,71.0,0.0269,4490.0,3709.0,781.0,0.1739,38.0,128.0,0.0448,4846,3906,940,0.194,30,98,0.0328
2509370,3205.0,2329.0,876.0,0.2733,13.0,97.0,0.0472,3207.0,2273.0,934.0,0.2912,13.0,110.0,0.0541,3319,2229,1090,0.3284,23,105,0.0574
2502409,7544.0,5980.0,1564.0,0.2073,63.0,188.0,0.042,7544.0,6000.0,1544.0,0.2047,66.0,325.0,0.0652,7923,6369,1554,0.1961,57,266,0.0507
2502052,3146.0,2430.0,716.0,0.2276,12.0,75.0,0.0358,3146.0,2419.0,727.0,0.2311,18.0,132.0,0.062,3353,2521,832,0.2481,21,154,0.0694
2502508,15008.0,12370.0,2638.0,0.1758,217.0,466.0,0.0552,15008.0,12467.0,2541.0,0.1693,184.0,642.0,0.0663,15970,13471,2499,0.1565,229,590,0.0608
2512077,3907.0,3198.0,709.0,0.1815,28.0,124.0,0.0475,3906.0,3205.0,701.0,0.1795,35.0,150.0,0.0577,4432,3711,721,0.1627,44,172,0.0582
2502607,5695.0,4271.0,1424.0,0.25,28.0,147.0,0.041,5696.0,4136.0,1560.0,0.2739,28.0,226.0,0.0614,5888,4520,1368,0.2323,29,190,0.0485
2514651,2196.0,1885.0,311.0,0.1416,13.0,60.0,0.0387,2195.0,1835.0,360.0,0.164,10.0,74.0,0.0458,2613,2113,500,0.1914,23,75,0.0464
2502706,4549.0,3571.0,978.0,0.215,56.0,148.0,0.0571,4549.0,3579.0,970.0,0.2132,56.0,207.0,0.0735,4895,3996,899,0.1837,80,220,0.0751
2513356,3798.0,3002.0,796.0,0.2096,26.0,121.0,0.049,3794.0,2972.0,822.0,0.2167,23.0,165.0,0.0633,3848,3027,821,0.2134,21,128,0.0492
2502805,10273.0,8373.0,1900.0,0.185,88.0,339.0,0.051,10272.0,8293.0,1979.0,0.1927,83.0,420.0,0.0607,10744,8883,1861,0.1732,142,341,0.0544
2500734,2579.0,2109.0,470.0,0.1822,14.0,48.0,0.0294,2579.0,2088.0,491.0,0.1904,17.0,55.0,0.0345,2665,2261,404,0.1516,22,66,0.0389
2502904,5791.0,4888.0,903.0,0.1559,87.0,149.0,0.0483,5792.0,4803.0,989.0,0.1708,77.0,177.0,0.0529,5994,5032,962,0.1605,86,172,0.0513
2504157,6011.0,4668.0,1343.0,0.2234,70.0,210.0,0.06,6012.0,4686.0,1326.0,0.2206,76.0,321.0,0.0847,6406,5010,1396,0.2179,75,298,0.0745
2503001,16327.0,13734.0,2593.0,0.1588,304.0,474.0,0.0566,16326.0,13787.0,2539.0,0.1555,260.0,702.0,0.0698,17081,14169,2912,0.1705,339,561,0.0635
2506251,7498.0,6219.0,1279.0,0.1706,136.0,267.0,0.0648,7499.0,6184.0,1315.0,0.1754,87.0,390.0,0.0771,8093,6775,1318,0.1629,139,383,0.077
2503100,4861.0,4171.0,690.0,0.1419,72.0,128.0,0.048,4860.0,4225.0,635.0,0.1307,70.0,197.0,0.0632,5237,4525,712,0.136,101,201,0.0667
2512036,4051.0,3079.0,972.0,0.2399,18.0,87.0,0.0341,4051.0,3105.0,946.0,0.2335,26.0,153.0,0.0576,4135,3245,890,0.2152,29,122,0.0465
2503209,50861.0,40790.0,10071.0,0.198,655.0,1103.0,0.0431,50878.0,41029.0,9849.0,0.1936,563.0,1837.0,0.0585,54022,42794,11228,0.2078,969,1343,0.054
2513653,2542.0,1979.0,563.0,0.2215,18.0,54.0,0.0364,2542.0,1977.0,565.0,0.2223,13.0,104.0,0.0592,2516,1999,517,0.2055,12,110,0.061
2503308,7722.0,6189.0,1533.0,0.1985,72.0,275.0,0.0561,7723.0,6162.0,1561.0,0.2021,50.0,312.0,0.0587,7912,6459,1453,0.1836,88,328,0.0644
2516755,2883.0,2445.0,438.0,0.1519,28.0,85.0,0.0462,2884.0,2385.0,499.0,0.173,23.0,140.0,0.0683,3314,2751,563,0.1699,25,133,0.0574
2503407,3941.0,3208.0,733.0,0.186,38.0,123.0,0.0502,3941.0,3210.0,731.0,0.1855,26.0,110.0,0.0424,4343,3569,774,0.1782,47,145,0.0538
2504850,1892.0,1592.0,300.0,0.1586,21.0,42.0,0.0396,1893.0,1611.0,282.0,0.149,21.0,55.0,0.0472,2047,1718,329,0.1607,41,69,0.064
2503506,13806.0,10600.0,3206.0,0.2322,117.0,563.0,0.0642,13808.0,10821.0,2987.0,0.2163,115.0,790.0,0.0836,14334,11100,3234,0.2256,173,748,0.083
2510659,2149.0,1790.0,359.0,0.1671,15.0,57.0,0.0402,2149.0,1786.0,363.0,0.1689,11.0,78.0,0.0498,2403,2052,351,0.1461,26,101,0.0619
2503605,6230.0,4873.0,1357.0,0.2178,57.0,227.0,0.0583,6230.0,4896.0,1334.0,0.2141,47.0,311.0,0.0731,6526,5179,1347,0.2064,104,295,0.077
2512721,5427.0,4003.0,1424.0,0.2624,75.0,223.0,0.0744,5427.0,4117.0,1310.0,0.2414,65.0,300.0,0.0887,5725,4317,1408,0.2459,111,272,0.0887
2503704,45792.0,38188.0,7604.0,0.1661,495.0,1148.0,0.043,45796.0,37986.0,7810.0,0.1705,426.0,1527.0,0.0514,47827,39869,7958,0.1664,683,1493,0.0546
2500536,4665.0,4070.0,595.0,0.1275,80.0,130.0,0.0516,4668.0,4094.0,574.0,0.123,73.0,209.0,0.0689,5001,4331,670,0.134,86,214,0.0693
2503803,5277.0,4408.0,869.0,0.1647,71.0,145.0,0.049,5277.0,4393.0,884.0,0.1675,47.0,251.0,0.0678,5445,4617,828,0.1521,105,232,0.073
2501575,7427.0,6152.0,1275.0,0.1717,129.0,274.0,0.0655,7427.0,6189.0,1238.0,0.1667,96.0,367.0,0.0748,7793,6520,1273,0.1634,130,355,0.0744
2503902,5956.0,4887.0,1069.0,0.1795,65.0,185.0,0.0512,5955.0,5030.0,925.0,0.1553,49.0,240.0,0.0575,6294,5186,1108,0.176,56,223,0.0538
2504355,4941.0,4253.0,688.0,0.1392,76.0,155.0,0.0543,4942.0,4295.0,647.0,0.1309,70.0,225.0,0.0687,5518,4755,763,0.1383,103,238,0.0717
2504009,297464.0,257294.0,40170.0,0.135,4863.0,10808.0,0.0609,297447.0,258967.0,38480.0,0.1294,3846.0,14594.0,0.0712,305258,263420,41838,0.1371,5816,12168,0.0683
2512788,2395.0,2074.0,321.0,0.134,26.0,65.0,0.0439,2396.0,2044.0,352.0,0.1469,15.0,91.0,0.0519,2834,2410,424,0.1496,35,105,0.0581
2504108,2299.0,1811.0,488.0,0.2123,11.0,70.0,0.0447,2298.0,1674.0,624.0,0.2715,14.0,100.0,0.0681,2444,1973,471,0.1927,14,95,0.0552
2500775,6848.0,5761.0,1087.0,0.1587,94.0,169.0,0.0457,6847.0,5775.0,1072.0,0.1566,71.0,259.0,0.0571,7247,5981,1266,0.1747,108,244,0.0589
2504207,5299.0,4036.0,1263.0,0.2383,42.0,112.0,0.0382,5299.0,3941.0,1358.0,0.2563,41.0,196.0,0.0601,5416,4139,1277,0.2358,73,161,0.0565
2513984,3991.0,3435.0,556.0,0.1393,42.0,150.0,0.0559,3991.0,3453.0,538.0,0.1348,43.0,135.0,0.0515,4138,3507,631,0.1525,64,156,0.0627
2504306,21334.0,17964.0,3370.0,0.158,304.0,562.0,0.0482,21333.0,17860.0,3473.0,0.1628,226.0,682.0,0.0508,22557,18819,3738,0.1657,347,602,0.0504
2517209,4977.0,4042.0,935.0,0.1879,46.0,156.0,0.05,4977.0,4021.0,956.0,0.1921,43.0,224.0,0.0664,5431,4489,942,0.1734,49,223,0.0606
2504405,14450.0,11559.0,2891.0,0.2001,143.0,516.0,0.057,14454.0,11448.0,3006.0,0.208,117.0,662.0,0.068,15357,12106,3251,0.2117,135,662,0.0658
2501153,2157.0,1790.0,367.0,0.1701,24.0,63.0,0.0486,2157.0,1728.0,429.0,0.1989,18.0,89.0,0.0619,2502,1935,567,0.2266,25,97,0.063
2504504,5523.0,4491.0,1032.0,0.1869,40.0,205.0,0.0546,5523.0,4455.0,1068.0,0.1934,51.0,254.0,0.0685,5803,4608,1195,0.2059,52,228,0.0608
2500577,2980.0,2416.0,564.0,0.1893,35.0,102.0,0.0567,2980.0,2423.0,557.0,0.1869,21.0,122.0,0.059,3119,2536,583,0.1869,47,124,0.0674
2504603,22605.0,18740.0,3865.0,0.171,393.0,730.0,0.0599,22609.0,19153.0,3456.0,0.1529,292.0,1104.0,0.0729,27248,21670,5578,0.2047,541,921,0.0675
2502151,5906.0,5215.0,691.0,0.117,98.0,161.0,0.0497,5904.0,5198.0,706.0,0.1196,78.0,243.0,0.0618,6123,5369,754,0.1231,102,208,0.0577
2504702,5083.0,4396.0,687.0,0.1352,37.0,105.0,0.0323,5082.0,4322.0,760.0,0.1495,37.0,178.0,0.0497,5388,4564,824,0.1529,66,186,0.0552
2509057,6948.0,5816.0,1132.0,0.1629,91.0,190.0,0.0483,6948.0,5849.0,1099.0,0.1582,62.0,269.0,0.0566,7913,6447,1466,0.1853,140,271,0.0638
2504801,12120.0,9342.0,2778.0,0.2292,106.0,346.0,0.0484,12119.0,9440.0,2679.0,0.2211,107.0,479.0,0.0621,12873,10091,2782,0.2161,128,538,0.066
2509396,5501.0,4330.0,1171.0,0.2129,91.0,175.0,0.0614,5501.0,4334.0,1167.0,0.2121,85.0,233.0,0.0734,5807,4708,1099,0.1893,88,252,0.0722
2504900,15899.0,13497.0,2402.0,0.1511,425.0,531.0,0.0708,15898.0,13614.0,2284.0,0.1437,281.0,916.0,0.0879,16431,13882,2549,0.1551,501,720,0.088
2513158,6643.0,5813.0,830.0,0.1249,80.0,212.0,0.0502,6643.0,5896.0,747.0,0.1124,90.0,284.0,0.0634,7090,6170,920,0.1298,106,279,0.0624
2505006,6481.0,5326.0,1155.0,0.1782,93.0,211.0,0.0571,6483.0,5372.0,1111.0,0.1714,74.0,291.0,0.0679,6956,5652,1304,0.1875,120,290,0.0725
2505105,16936.0,13534.0,3402.0,0.2009,169.0,535.0,0.052,16937.0,13651.0,3286.0,0.194,152.0,713.0,0.0634,17388,13921,3467,0.1994,225,688,0.0656
2505204,5795.0,4506.0,1289.0,0.2224,122.0,166.0,0.0639,5795.0,4629.0,1166.0,0.2012,82.0,266.0,0.0752,6098,4869,1229,0.2015,116,252,0.0756
2505303,2342.0,1825.0,517.0,0.2208,10.0,52.0,0.034,2342.0,1816.0,526.0,0.2246,18.0,106.0,0.0683,2327,1844,483,0.2076,14,92,0.0575
2505402,7360.0,5854.0,1506.0,0.2046,66.0,189.0,0.0436,7361.0,5802.0,1559.0,0.2118,56.0,294.0,0.0603,7716,6165,1551,0.201,76,260,0.0545
2505501,3211.0,2459.0,752.0,0.2342,25.0,81.0,0.0431,3213.0,2423.0,790.0,0.2459,30.0,111.0,0.0582,3470,2693,777,0.2239,33,87,0.0446
2505600,5606.0,4196.0,1410.0,0.2515,55.0,154.0,0.0498,5605.0,4113.0,1492.0,0.2662,54.0,252.0,0.0744,5910,4545,1365,0.231,47,251,0.0656
2505709,9045.0,7131.0,1914.0,0.2116,84.0,346.0,0.0603,9045.0,7173.0,1872.0,0.207,70.0,435.0,0.0704,9272,7503,1769,0.1908,102,384,0.0648
2505808,3552.0,2915.0,637.0,0.1793,45.0,123.0,0.0576,3552.0,2866.0,686.0,0.1931,29.0,151.0,0.0628,3885,3131,754,0.1941,62,147,0.0668
2505907,3329.0,2603.0,726.0,0.2181,31.0,74.0,0.0403,3330.0,2580.0,750.0,0.2252,23.0,129.0,0.0589,3824,2916,908,0.2374,54,152,0.0706
2506004,24937.0,20331.0,4606.0,0.1847,488.0,805.0,0.0636,24936.0,20757.0,4179.0,0.1676,359.0,1173.0,0.0738,26015,21659,4356,0.1674,531,1095,0.0751
2506103,10047.0,7948.0,2099.0,0.2089,127.0,452.0,0.0728,10047.0,8070.0,1977.0,0.1968,125.0,592.0,0.0888,10547,8618,1929,0.1829,147,558,0.0818
2506202,2819.0,2366.0,453.0,0.1607,26.0,81.0,0.0452,2819.0,2334.0,485.0,0.172,34.0,102.0,0.0583,2942,2462,480,0.1632,31,128,0.0646
2506301,42570.0,35532.0,7038.0,0.1653,776.0,1225.0,0.0563,42570.0,35760.0,6810.0,0.16,629.0,1700.0,0.0651,43618,36687,6931,0.1589,910,1462,0.0647
2506400,11233.0,9141.0,2092.0,0.1862,179.0,341.0,0.0569,11233.0,9203.0,2030.0,0.1807,134.0,545.0,0.0738,11420,9272,2148,0.1881,232,494,0.0783
2506509,3094.0,2610.0,484.0,0.1564,18.0,90.0,0.0414,3093.0,2602.0,491.0,0.1587,18.0,144.0,0.0623,3193,2741,452,0.1416,28,134,0.0591
2506608,5462.0,4223.0,1239.0,0.2268,52.0,193.0,0.058,5461.0,4136.0,1325.0,0.2426,54.0,228.0,0.0682,5580,4388,1192,0.2136,57,166,0.0508
2506707,8785.0,6598.0,2187.0,0.2489,84.0,303.0,0.0587,8783.0,6669.0,2114.0,0.2407,76.0,330.0,0.0609,9116,7134,1982,0.2174,100,313,0.0579
2506806,14823.0,11927.0,2896.0,0.1954,185.0,423.0,0.051,14821.0,12044.0,2777.0,0.1874,142.0,631.0,0.0642,15724,12764,2960,0.1882,224,636,0.0674
2506905,18971.0,15745.0,3226.0,0.17,273.0,558.0,0.0528,18971.0,15911.0,3060.0,0.1613,197.0,883.0,0.0679,19586,16296,3290,0.168,304,690,0.061
2507002,17085.0,13398.0,3687.0,0.2158,161.0,424.0,0.0437,17087.0,13391.0,3696.0,0.2163,169.0,673.0,0.0629,17565,13923,3642,0.2073,188,592,0.056
2507101,13194.0,10892.0,2302.0,0.1745,192.0,496.0,0.0632,13194.0,10990.0,2204.0,0.167,199.0,668.0,0.0789,14182,11857,2325,0.1639,227,521,0.0631
2507200,8451.0,6964.0,1487.0,0.176,132.0,316.0,0.0643,8451.0,6998.0,1453.0,0.1719,101.0,379.0,0.0686,9118,7643,1475,0.1618,141,446,0.0768
2507309,13776.0,10551.0,3225.0,0.2341,150.0,365.0,0.0488,13779.0,10688.0,3091.0,0.2243,127.0,661.0,0.0737,14325,11163,3162,0.2207,186,535,0.0646
2507408,6866.0,5453.0,1413.0,0.2058,59.0,123.0,0.0334,6865.0,5467.0,1398.0,0.2036,66.0,201.0,0.0488,6938,5316,1622,0.2338,63,192,0.048
2507507,564278.0,479357.0,84921.0,0.1505,6833.0,14006.0,0.0435,563897.0,485482.0,78415.0,0.1391,6459.0,21446.0,0.0575,591750,496403,95347,0.1611,9441,15992,0.0512
2507606,7400.0,6144.0,1256.0,0.1697,108.0,240.0,0.0566,7400.0,6182.0,1218.0,0.1646,96.0,322.0,0.0676,7954,6558,1396,0.1755,136,332,0.0714
2507705,13318.0,10741.0,2577.0,0.1935,152.0,405.0,0.0519,13317.0,10719.0,2598.0,0.1951,119.0,550.0,0.0624,14045,11453,2592,0.1845,221,602,0.0719
2507804,5662.0,4709.0,953.0,0.1683,87.0,169.0,0.0544,5662.0,4655.0,1007.0,0.1779,69.0,235.0,0.0653,5990,4962,1028,0.1716,94,247,0.0687
2507903,9739.0,8138.0,1601.0,0.1644,108.0,392.0,0.0614,9739.0,8249.0,1490.0,0.153,94.0,528.0,0.0754,9829,8102,1727,0.1757,162,468,0.0778
2508000,7697.0,5995.0,1702.0,0.2211,62.0,248.0,0.0517,7701.0,6029.0,1672.0,0.2171,63.0,316.0,0.0629,8201,6372,1829,0.223,81,293,0.0587
2508109,4767.0,3744.0,1023.0,0.2146,45.0,154.0,0.0532,4768.0,3605.0,1163.0,0.2439,52.0,152.0,0.0566,4698,3780,918,0.1954,60,180,0.0635
2508208,7211.0,5572.0,1639.0,0.2273,58.0,178.0,0.0424,7209.0,5616.0,1593.0,0.221,69.0,321.0,0.0694,7869,5975,1894,0.2407,104,258,0.0606
2508307,20617.0,17593.0,3024.0,0.1467,549.0,931.0,0.0841,20618.0,17757.0,2861.0,0.1388,373.0,1165.0,0.0866,22056,18758,3298,0.1495,596,1013,0.0858
2508406,4207.0,3477.0,730.0,0.1735,27.0,84.0,0.0319,4207.0,3438.0,769.0,0.1828,33.0,133.0,0.0483,4395,3635,760,0.1729,46,123,0.0465
2508505,5817.0,4574.0,1243.0,0.2137,72.0,191.0,0.0575,5817.0,4588.0,1229.0,0.2113,69.0,265.0,0.0728,5930,4721,1209,0.2039,90,235,0.0688
2508604,12412.0,10051.0,2361.0,0.1902,164.0,330.0,0.0491,12412.0,9867.0,2545.0,0.205,121.0,577.0,0.0707,12879,10535,2344,0.182,196,466,0.0628
2508703,3746.0,3052.0,694.0,0.1853,20.0,82.0,0.0334,3748.0,3070.0,678.0,0.1809,30.0,106.0,0.0443,3876,3234,642,0.1656,33,122,0.0479
2508802,5150.0,4083.0,1067.0,0.2072,46.0,141.0,0.0458,5152.0,4075.0,1077.0,0.209,47.0,181.0,0.056,5263,4208,1055,0.2005,58,171,0.0544
2508901,32572.0,26813.0,5759.0,0.1768,602.0,992.0,0.0594,32573.0,26983.0,5590.0,0.1716,416.0,1559.0,0.0732,34604,28258,6346,0.1834,745,1428,0.0769
2509008,8626.0,6717.0,1909.0,0.2213,62.0,272.0,0.0497,8626.0,6861.0,1765.0,0.2046,58.0,412.0,0.0685,9110,7185,1925,0.2113,74,465,0.075
2509107,17144.0,14577.0,2567.0,0.1497,243.0,593.0,0.0574,17145.0,14626.0,2519.0,0.1469,213.0,845.0,0.0723,18460,15590,2870,0.1555,279,814,0.0701
2509206,11708.0,9727.0,1981.0,0.1692,244.0,513.0,0.0778,11710.0,9799.0,1911.0,0.1632,168.0,697.0,0.0883,12155,10218,1937,0.1594,288,674,0.0941
2509305,8475.0,6532.0,1943.0,0.2293,108.0,286.0,0.0603,8476.0,6453.0,2023.0,0.2387,86.0,379.0,0.0721,8714,6817,1897,0.2177,149,338,0.0714
2509404,10649.0,8733.0,1916.0,0.1799,135.0,332.0,0.0535,10646.0,8799.0,1847.0,0.1735,90.0,556.0,0.0734,11482,9500,1982,0.1726,182,498,0.0716
2509503,4867.0,4117.0,750.0,0.1541,89.0,207.0,0.0719,4867.0,4201.0,666.0,0.1368,87.0,241.0,0.0781,5373,4520,853,0.1588,103,268,0.0821
2509602,3977.0,3033.0,944.0,0.2374,22.0,79.0,0.0333,3976.0,3036.0,940.0,0.2364,18.0,152.0,0.056,4313,3369,944,0.2189,43,174,0.0644
2509701,25744.0,21169.0,4575.0,0.1777,317.0,752.0,0.0505,25751.0,21259.0,4492.0,0.1744,231.0,1102.0,0.0627,27191,22348,4843,0.1781,418,1023,0.0645
2509800,8896.0,7484.0,1412.0,0.1587,109.0,291.0,0.0534,8896.0,7415.0,1481.0,0.1665,85.0,413.0,0.0672,9094,7723,1371,0.1508,150,367,0.0669
2509909,6583.0,5347.0,1236.0,0.1878,110.0,367.0,0.0892,6583.0,5417.0,1166.0,0.1771,102.0,468.0,0.1052,6840,5557,1283,0.1876,112,391,0.0905
2510006,6819.0,5701.0,1118.0,0.164,51.0,180.0,0.0405,6820.0,5730.0,1090.0,0.1598,66.0,269.0,0.0585,7091,5855,1236,0.1743,80,243,0.0552
2510105,7982.0,6280.0,1702.0,0.2132,83.0,281.0,0.058,7982.0,6400.0,1582.0,0.1982,61.0,368.0,0.067,8307,6660,1647,0.1983,79,359,0.0658
2510204,5515.0,3913.0,1602.0,0.2905,68.0,172.0,0.0613,5511.0,3905.0,1606.0,0.2914,55.0,229.0,0.0727,5895,4241,1654,0.2806,45,254,0.0705
2510303,3376.0,2929.0,447.0,0.1324,41.0,90.0,0.0447,3376.0,2974.0,402.0,0.1191,49.0,130.0,0.0602,3681,3252,429,0.1165,60,123,0.0563
2510402,6953.0,5296.0,1657.0,0.2383,65.0,239.0,0.0574,6950.0,5399.0,1551.0,0.2232,73.0,316.0,0.0721,7440,5734,1706,0.2293,87,365,0.0788
2510501,3933.0,3273.0,660.0,0.1678,47.0,106.0,0.0467,3934.0,3271.0,663.0,0.1685,61.0,152.0,0.0651,4073,3401,672,0.165,71,161,0.0682
2510600,2899.0,2490.0,409.0,0.1411,15.0,55.0,0.0281,2899.0,2478.0,421.0,0.1452,19.0,71.0,0.0363,3098,2676,422,0.1362,25,124,0.0557
2510709,2647.0,2080.0,567.0,0.2142,17.0,56.0,0.0351,2647.0,2069.0,578.0,0.2184,35.0,74.0,0.0527,2846,2282,564,0.1982,24,81,0.046
2510808,66694.0,55010.0,11684.0,0.1752,884.0,1667.0,0.0464,66702.0,55123.0,11579.0,0.1736,767.0,2386.0,0.0572,67671,55648,12023,0.1777,1135,2191,0.0598
2510907,9860.0,8107.0,1753.0,0.1778,108.0,290.0,0.0491,9859.0,8095.0,1764.0,0.1789,99.0,375.0,0.0586,10996,9053,1943,0.1767,101,407,0.0561
2511004,3904.0,2972.0,932.0,0.2387,47.0,128.0,0.0589,3904.0,2961.0,943.0,0.2415,42.0,180.0,0.075,4075,3192,883,0.2167,39,149,0.0589
2511103,5939.0,5044.0,895.0,0.1507,79.0,159.0,0.0472,5939.0,5071.0,868.0,0.1462,70.0,282.0,0.0694,5944,5108,836,0.1406,84,232,0.0619
2511202,23686.0,19349.0,4337.0,0.1831,353.0,651.0,0.0519,23688.0,19715.0,3973.0,0.1677,313.0,1100.0,0.0717,25239,20710,4529,0.1794,449,907,0.0655
2511301,12641.0,9984.0,2657.0,0.2102,144.0,411.0,0.0556,12636.0,10091.0,2545.0,0.2014,121.0,590.0,0.0705,12777,10157,2620,0.2051,155,475,0.062
2511400,14775.0,12280.0,2495.0,0.1689,169.0,455.0,0.0508,14775.0,12443.0,2332.0,0.1578,177.0,613.0,0.0635,15036,12528,2508,0.1668,217,592,0.0646
2511509,9894.0,8378.0,1516.0,0.1532,142.0,290.0,0.0516,9894.0,8419.0,1475.0,0.1491,110.0,467.0,0.0685,10756,9122,1634,0.1519,186,456,0.0704
2511608,6929.0,5409.0,1520.0,0.2194,101.0,227.0,0.0606,6929.0,5449.0,1480.0,0.2136,99.0,348.0,0.082,7122,5766,1356,0.1904,123,300,0.0734
2511707,5258.0,4243.0,1015.0,0.193,81.0,207.0,0.0679,5258.0,4362.0,896.0,0.1704,56.0,285.0,0.0782,5890,4818,1072,0.182,103,236,0.0704
2511806,7683.0,6170.0,1513.0,0.1969,149.0,239.0,0.0629,7683.0,6284.0,1399.0,0.1821,137.0,360.0,0.0791,8201,6805,1396,0.1702,143,274,0.0613
2511905,12023.0,9866.0,2157.0,0.1794,133.0,277.0,0.0416,12021.0,9869.0,2152.0,0.179,139.0,451.0,0.0598,13151,10450,2701,0.2054,184,363,0.0523
2512002,14034.0,11535.0,2499.0,0.1781,246.0,557.0,0.0696,14033.0,11804.0,2229.0,0.1588,205.0,734.0,0.0795,15440,12851,2589,0.1677,327,706,0.0804
2512101,25005.0,20081.0,4924.0,0.1969,224.0,769.0,0.0494,25017.0,20084.0,4933.0,0.1972,233.0,928.0,0.0578,25859,21044,4815,0.1862,301,881,0.0562
2512200,4018.0,3336.0,682.0,0.1697,46.0,96.0,0.0426,4020.0,3284.0,736.0,0.1831,46.0,129.0,0.0533,4236,3485,751,0.1773,52,155,0.0594
2512309,16084.0,12577.0,3507.0,0.218,152.0,495.0,0.0514,16079.0,12845.0,3234.0,0.2011,140.0,642.0,0.0609,16939,13199,3740,0.2208,193,642,0.0633
2512408,12011.0,10288.0,1723.0,0.1435,238.0,429.0,0.0648,12011.0,10488.0,1523.0,0.1268,163.0,644.0,0.0769,12878,11021,1857,0.1442,300,635,0.0848
2512507,34705.0,29047.0,5658.0,0.163,624.0,1083.0,0.0588,34709.0,29489.0,5220.0,0.1504,411.0,1594.0,0.068,36681,30591,6090,0.166,680,1555,0.0731
2512606,2282.0,1958.0,324.0,0.142,21.0,90.0,0.0567,2283.0,1921.0,362.0,0.1586,25.0,72.0,0.0505,2501,2089,412,0.1647,37,94,0.0627
2512705,14179.0,11326.0,2853.0,0.2012,150.0,416.0,0.05,14179.0,11484.0,2695.0,0.1901,120.0,530.0,0.0566,15062,12208,2854,0.1895,176,522,0.0572
2512804,7623.0,6522.0,1101.0,0.1444,100.0,224.0,0.0497,7623.0,6469.0,1154.0,0.1514,92.0,249.0,0.0527,8428,7126,1302,0.1545,117,261,0.053
2512903,18180.0,15691.0,2489.0,0.1369,259.0,564.0,0.0525,18181.0,15785.0,2396.0,0.1318,206.0,826.0,0.0654,18838,15996,2842,0.1509,328,716,0.0653
2513000,3275.0,2559.0,716.0,0.2186,37.0,79.0,0.0453,3275.0,2414.0,861.0,0.2629,39.0,95.0,0.0555,3477,2703,774,0.2226,51,126,0.0655
2513109,9673.0,7805.0,1868.0,0.1931,108.0,325.0,0.0555,9673.0,7833.0,1840.0,0.1902,101.0,482.0,0.0744,10366,8329,2037,0.1965,149,401,0.066
2513208,5559.0,4605.0,954.0,0.1716,39.0,88.0,0.0276,5559.0,4632.0,927.0,0.1668,34.0,163.0,0.0425,5529,4683,846,0.153,49,131,0.0384
2513307,5570.0,4589.0,981.0,0.1761,42.0,171.0,0.0464,5568.0,4698.0,870.0,0.1562,34.0,225.0,0.0551,5959,4866,1093,0.1834,47,216,0.054
2513406,11756.0,9949.0,1807.0,0.1537,196.0,343.0,0.0542,11753.0,9873.0,1880.0,0.16,157.0,421.0,0.0585,12261,10398,1863,0.1519,249,390,0.0615
2513505,4451.0,3505.0,946.0,0.2125,36.0,146.0,0.0519,4451.0,3464.0,987.0,0.2217,32.0,191.0,0.0644,4562,3561,1001,0.2194,45,183,0.064
2513604,6228.0,4706.0,1522.0,0.2444,79.0,234.0,0.0665,6228.0,4666.0,1562.0,0.2508,67.0,318.0,0.0825,6318,4951,1367,0.2164,60,299,0.0725
2513703,98333.0,82635.0,15698.0,0.1596,1972.0,3775.0,0.0695,98335.0,83206.0,15129.0,0.1539,1456.0,5590.0,0.0847,103539,87057,16482,0.1592,2353,4114,0.0743
2513802,5549.0,4564.0,985.0,0.1775,64.0,146.0,0.046,5549.0,4636.0,913.0,0.1645,54.0,217.0,0.0585,5773,4673,1100,0.1905,81,198,0.0597
2513901,26954.0,22557.0,4397.0,0.1631,416.0,884.0,0.0576,26946.0,21877.0,5069.0,0.1881,317.0,1050.0,0.0625,29523,24610,4913,0.1664,395,968,0.0554
2514008,4187.0,3488.0,699.0,0.1669,36.0,79.0,0.033,4190.0,3443.0,747.0,0.1783,30.0,136.0,0.0482,4578,3895,683,0.1492,48,130,0.0457
2514107,3868.0,3210.0,658.0,0.1701,43.0,171.0,0.0667,3868.0,3246.0,622.0,0.1608,35.0,184.0,0.0675,3965,3331,634,0.1599,52,227,0.0838
2514206,6593.0,5431.0,1162.0,0.1762,93.0,212.0,0.0562,6591.0,5487.0,1104.0,0.1675,71.0,336.0,0.0742,7125,5849,1276,0.1791,85,366,0.0771
2514305,5302.0,3911.0,1391.0,0.2624,55.0,154.0,0.0534,5302.0,3914.0,1388.0,0.2618,35.0,218.0,0.0646,5643,4083,1560,0.2764,32,152,0.0451
2514404,4325.0,3523.0,802.0,0.1854,42.0,92.0,0.038,4326.0,3507.0,819.0,0.1893,37.0,139.0,0.0502,4450,3747,703,0.158,46,137,0.0488
2514503,15069.0,12197.0,2872.0,0.1906,152.0,424.0,0.0472,15072.0,12167.0,2905.0,0.1927,132.0,604.0,0.0605,15561,12589,2972,0.191,210,512,0.0574
2514602,4027.0,3353.0,674.0,0.1674,39.0,95.0,0.04,4027.0,3341.0,686.0,0.1704,30.0,143.0,0.0518,4531,3747,784,0.173,61,181,0.0646
2514701,4066.0,3669.0,397.0,0.0976,54.0,142.0,0.0534,4053.0,3607.0,446.0,0.11,37.0,172.0,0.0579,4227,3827,400,0.0946,48,147,0.051
2514800,3456.0,2775.0,681.0,0.197,36.0,82.0,0.0425,3456.0,2785.0,671.0,0.1942,34.0,142.0,0.0632,3778,3103,675,0.1787,47,120,0.0538
2514909,7001.0,5569.0,1432.0,0.2045,69.0,150.0,0.0393,7001.0,5580.0,1421.0,0.203,65.0,245.0,0.0556,7110,5602,1508,0.2121,73,181,0.0453
2515005,6084.0,5076.0,1008.0,0.1657,105.0,237.0,0.0674,6084.0,5206.0,878.0,0.1443,95.0,320.0,0.0797,6576,5472,1104,0.1679,161,263,0.0775
2515104,8755.0,6947.0,1808.0,0.2065,202.0,343.0,0.0785,8756.0,7159.0,1597.0,0.1824,149.0,430.0,0.0809,9171,7512,1659,0.1809,211,462,0.0896
2515203,3123.0,2558.0,565.0,0.1809,35.0,110.0,0.0567,3123.0,2561.0,562.0,0.18,26.0,124.0,0.0586,3304,2723,581,0.1758,40,166,0.0757
2515302,36117.0,30178.0,5939.0,0.1644,690.0,1254.0,0.0644,36121.0,30266.0,5855.0,0.1621,571.0,1889.0,0.0813,38037,31470,6567,0.1726,824,1642,0.0784
2515401,8945.0,7052.0,1893.0,0.2116,136.0,272.0,0.0579,8945.0,7159.0,1786.0,0.1997,132.0,410.0,0.0757,9254,7595,1659,0.1793,170,362,0.07
2515500,10397.0,8405.0,1992.0,0.1916,108.0,230.0,0.0402,10398.0,8485.0,1913.0,0.184,102.0,427.0,0.0623,10863,8928,1935,0.1781,130,380,0.0571
2515609,3032.0,2451.0,581.0,0.1916,43.0,102.0,0.0592,3032.0,2403.0,629.0,0.2075,39.0,134.0,0.072,3167,2595,572,0.1806,50,121,0.0659
2515708,3175.0,2436.0,739.0,0.2328,23.0,85.0,0.0443,3176.0,2406.0,770.0,0.2424,20.0,130.0,0.0623,3110,2453,657,0.2113,33,82,0.0469
2515807,6177.0,5197.0,980.0,0.1587,81.0,196.0,0.0533,6177.0,5193.0,984.0,0.1593,65.0,313.0,0.0728,6492,5531,961,0.148,104,276,0.0687
2515906,4389.0,3369.0,1020.0,0.2324,62.0,187.0,0.0739,4389.0,3379.0,1010.0,0.2301,51.0,244.0,0.0873,4595,3626,969,0.2109,68,229,0.0819
2516003,21358.0,16894.0,4464.0,0.209,283.0,650.0,0.0552,21354.0,17190.0,4164.0,0.195,260.0,988.0,0.0726,22196,17851,4345,0.1958,322,840,0.0651
2516102,11158.0,9187.0,1971.0,0.1766,180.0,420.0,0.0653,11156.0,9297.0,1859.0,0.1666,136.0,514.0,0.0699,11716,9861,1855,0.1583,197,504,0.0711
2516201,46489.0,39379.0,7110.0,0.1529,620.0,1024.0,0.0417,46507.0,39572.0,6935.0,0.1491,534.0,1721.0,0.057,48187,40768,7419,0.154,780,1465,0.0551
2516300,13491.0,11048.0,2443.0,0.1811,127.0,297.0,0.0384,13494.0,11041.0,2453.0,0.1818,106.0,496.0,0.0545,14168,11522,2646,0.1868,116,451,0.0492
2516409,7456.0,5961.0,1495.0,0.2005,96.0,216.0,0.0523,7456.0,6026.0,1430.0,0.1918,78.0,282.0,0.0597,8148,6417,1731,0.2124,116,278,0.0614
2516508,10984.0,8385.0,2599.0,0.2366,125.0,414.0,0.0643,10984.0,8511.0,2473.0,0.2251,117.0,531.0,0.0761,11366,8863,2503,0.2202,150,493,0.0725
2516607,11491.0,8574.0,2917.0,0.2539,110.0,316.0,0.0497,11489.0,8655.0,2834.0,0.2467,97.0,413.0,0.0589,11897,9050,2847,0.2393,108,452,0.0619
2516706,11638.0,9417.0,2221.0,0.1908,148.0,288.0,0.0463,11641.0,9465.0,2176.0,0.1869,125.0,419.0,0.0575,12091,9736,2355,0.1948,177,405,0.0598
2516805,7388.0,5854.0,1534.0,0.2076,71.0,205.0,0.0471,7389.0,5864.0,1525.0,0.2064,53.0,247.0,0.0512,7597,6192,1405,0.1849,74,208,0.0455
2516904,11962.0,9993.0,1969.0,0.1646,105.0,304.0,0.0409,11960.0,9898.0,2062.0,0.1724,107.0,446.0,0.0559,13083,10705,2378,0.1818,126,510,0.0594
2517001,6815.0,5513.0,1302.0,0.191,117.0,294.0,0.0746,6817.0,5600.0,1217.0,0.1785,88.0,314.0,0.0718,7797,6414,1383,0.1774,123,331,0.0708
2517100,2563.0,2228.0,335.0,0.1307,21.0,49.0,0.0314,2562.0,2198.0,364.0,0.1421,19.0,74.0,0.0423,2845,2471,374,0.1315,41,59,0.0405
2611533,6109.0,4962.0,1147.0,0.1878,42.0,100.0,0.0286,6105.0,5015.0,1090.0,0.1785,40.0,164.0,0.0407,6216,5151,1065,0.1713,37,110,0.0285
2600104,28492.0,22445.0,6047.0,0.2122,301.0,685.0,0.0439,28490.0,22798.0,5692.0,0.1998,237.0,950.0,0.0521,30094,24183,5911,0.1964,385,739,0.0465
2608453,14319.0,12373.0,1946.0,0.1359,168.0,425.0,0.0479,14319.0,12602.0,1717.0,0.1199,163.0,595.0,0.0601,15710,13392,2318,0.1475,206,490,0.052
2600203,17235.0,13774.0,3461.0,0.2008,224.0,552.0,0.0563,17220.0,13862.0,3358.0,0.195,176.0,744.0,0.0664,17488,13902,3586,0.2051,271,739,0.0727
2612471,9131.0,7536.0,1595.0,0.1747,69.0,278.0,0.046,9131.0,7711.0,1420.0,0.1555,73.0,419.0,0.0638,9916,8117,1799,0.1814,94,295,0.0479
2600302,19648.0,16452.0,3196.0,0.1627,275.0,676.0,0.0578,19641.0,16708.0,2933.0,0.1493,220.0,927.0,0.0686,20932,17231,3701,0.1768,321,669,0.0575
2616506,10448.0,7800.0,2648.0,0.2534,144.0,297.0,0.0565,10449.0,7771.0,2678.0,0.2563,118.0,427.0,0.0701,11213,8575,2638,0.2353,178,323,0.0584
2600401,23263.0,15678.0,7585.0,0.3261,292.0,588.0,0.0561,23264.0,15715.0,7549.0,0.3245,261.0,792.0,0.067,20198,15647,4551,0.2253,349,517,0.0553
2616183,7742.0,6293.0,1449.0,0.1872,113.0,234.0,0.0551,7742.0,6328.0,1414.0,0.1826,66.0,344.0,0.0648,8292,6854,1438,0.1734,109,240,0.0509
2600500,33200.0,24090.0,9110.0,0.2744,276.0,1026.0,0.054,33200.0,24259.0,8941.0,0.2693,255.0,1405.0,0.0684,35255,25568,9687,0.2748,345,1024,0.0535
2612455,12396.0,10127.0,2269.0,0.183,58.0,236.0,0.029,12397.0,10225.0,2172.0,0.1752,57.0,349.0,0.0397,12838,10669,2169,0.169,89,272,0.0338
2600609,12690.0,9929.0,2761.0,0.2176,118.0,387.0,0.0509,12690.0,10034.0,2656.0,0.2093,82.0,450.0,0.053,12070,10085,1985,0.1645,145,306,0.0447
2608255,9792.0,7987.0,1805.0,0.1843,137.0,292.0,0.0537,9792.0,8121.0,1671.0,0.1706,107.0,415.0,0.0643,10180,8271,1909,0.1875,165,283,0.0542
2600708,28694.0,22086.0,6608.0,0.2303,381.0,898.0,0.0579,28697.0,22466.0,6231.0,0.2171,284.0,1274.0,0.0693,29186,22828,6358,0.2178,489,912,0.0614
2605152,16310.0,12915.0,3395.0,0.2082,152.0,447.0,0.0464,16302.0,13231.0,3071.0,0.1884,165.0,678.0,0.0637,16158,13390,2768,0.1713,252,551,0.06
2600807,16655.0,13820.0,2835.0,0.1702,242.0,599.0,0.0609,16650.0,13969.0,2681.0,0.161,167.0,840.0,0.0721,17270,14374,2896,0.1677,283,635,0.0639
2603926,12147.0,9069.0,3078.0,0.2534,58.0,251.0,0.0341,12150.0,9080.0,3070.0,0.2527,58.0,414.0,0.052,12559,10026,2533,0.2017,79,293,0.0371
2600906,16866.0,13526.0,3340.0,0.198,248.0,537.0,0.058,16867.0,13625.0,3242.0,0.1922,220.0,739.0,0.0704,17368,13869,3499,0.2015,251,483,0.0529
2608750,21214.0,16099.0,5115.0,0.2411,140.0,527.0,0.0414,21214.0,16272.0,4942.0,0.233,172.0,817.0,0.0608,20661,16510,4151,0.2009,179,558,0.0446
2601003,9369.0,6944.0,2425.0,0.2588,89.0,273.0,0.0521,9370.0,7150.0,2220.0,0.2369,87.0,376.0,0.0648,9105,7282,1823,0.2002,106,289,0.0542
2601052,16119.0,13814.0,2305.0,0.143,220.0,498.0,0.052,16121.0,13924.0,2197.0,0.1363,160.0,743.0,0.0649,17404,14315,3089,0.1775,277,511,0.055
2601102,58679.0,46191.0,12488.0,0.2128,559.0,1758.0,0.0502,58676.0,47041.0,11635.0,0.1983,605.0,3020.0,0.0771,60070,47999,12071,0.2009,701,2023,0.0568
2604155,11749.0,9305.0,2444.0,0.208,187.0,412.0,0.0644,11750.0,9413.0,2337.0,0.1989,120.0,573.0,0.0736,12078,9727,2351,0.1947,221,465,0.0705
2601201,48885.0,40252.0,8633.0,0.1766,517.0,1115.0,0.0405,48890.0,40425.0,8465.0,0.1731,437.0,1662.0,0.0519,51729,42251,9478,0.1832,595,1194,0.0423
2609154,13335.0,9587.0,3748.0,0.2811,98.0,256.0,0.0369,13335.0,9643.0,3692.0,0.2769,87.0,348.0,0.0451,14245,10625,3620,0.2541,91,300,0.0368
2601300,9800.0,8336.0,1464.0,0.1494,148.0,275.0,0.0507,9803.0,8210.0,1593.0,0.1625,92.0,397.0,0.0596,10106,8432,1674,0.1656,132,206,0.0401
2608057,10742.0,8318.0,2424.0,0.2257,57.0,254.0,0.0374,10745.0,8361.0,2384.0,0.2219,73.0,337.0,0.049,11616,8867,2749,0.2367,82,240,0.0363
2601409,30830.0,23495.0,7335.0,0.2379,430.0,823.0,0.0533,30835.0,23691.0,7144.0,0.2317,372.0,1247.0,0.0683,30474,23563,6911,0.2268,567,890,0.0618
2614857,18260.0,14653.0,3607.0,0.1975,222.0,426.0,0.0442,18259.0,14848.0,3411.0,0.1868,182.0,654.0,0.0563,20268,15977,4291,0.2117,240,489,0.0456
2601508,9650.0,7638.0,2012.0,0.2085,119.0,295.0,0.0542,9651.0,7560.0,2091.0,0.2167,104.0,416.0,0.0688,9176,7675,1501,0.1636,128,222,0.0456
2607950,9942.0,7020.0,2922.0,0.2939,77.0,283.0,0.0513,9942.0,7069.0,2873.0,0.289,70.0,341.0,0.0581,9225,7105,2120,0.2298,118,205,0.0455
2601607,15095.0,12163.0,2932.0,0.1942,91.0,325.0,0.0342,15100.0,12037.0,3063.0,0.2028,104.0,550.0,0.0543,15567,12298,3269,0.21,95,417,0.0416
2612554,12428.0,9499.0,2929.0,0.2357,47.0,241.0,0.0303,12428.0,9597.0,2831.0,0.2278,72.0,394.0,0.0486,12092,9822,2270,0.1877,59,295,0.036
2601706,62290.0,48926.0,13364.0,0.2145,1061.0,2054.0,0.0637,62291.0,49492.0,12799.0,0.2055,866.0,2976.0,0.0776,60920,49925,10995,0.1805,1229,2175,0.0682
2601805,10493.0,7435.0,3058.0,0.2914,48.0,370.0,0.0562,10489.0,7286.0,3203.0,0.3054,67.0,472.0,0.074,10088,7988,2100,0.2082,88,366,0.0568
2601904,46442.0,39216.0,7226.0,0.1556,774.0,1376.0,0.0548,46442.0,39764.0,6678.0,0.1438,545.0,2072.0,0.0658,48313,40125,8188,0.1695,882,1302,0.0544
2602001,25323.0,20617.0,4706.0,0.1858,202.0,795.0,0.0484,25326.0,21116.0,4210.0,0.1662,206.0,1167.0,0.065,27831,22531,5300,0.1904,258,778,0.046
2602100,37495.0,26190.0,11305.0,0.3015,285.0,1088.0,0.0524,37496.0,26354.0,11142.0,0.2972,257.0,1562.0,0.069,34189,26899,7290,0.2132,333,962,0.0481
2602209,29807.0,23937.0,5870.0,0.1969,388.0,897.0,0.0537,29808.0,24127.0,5681.0,0.1906,285.0,1257.0,0.0639,30623,24775,5848,0.191,427,1057,0.0599
2602308,30366.0,24472.0,5894.0,0.1941,425.0,1116.0,0.063,30368.0,24862.0,5506.0,0.1813,323.0,1367.0,0.068,30694,24637,6057,0.1973,480,1018,0.0608
2602407,9041.0,7382.0,1659.0,0.1835,99.0,326.0,0.0576,9041.0,7504.0,1537.0,0.17,88.0,431.0,0.0692,9703,8054,1649,0.1699,124,281,0.0503
2602506,7817.0,5750.0,2067.0,0.2644,85.0,257.0,0.0595,7818.0,5894.0,1924.0,0.2461,77.0,328.0,0.0687,7811,5958,1853,0.2372,114,214,0.0551
2602605,33601.0,26424.0,7177.0,0.2136,476.0,924.0,0.053,33604.0,26830.0,6774.0,0.2016,381.0,1324.0,0.0635,36268,28422,7846,0.2163,618,980,0.0562
2602704,11275.0,9288.0,1987.0,0.1762,163.0,415.0,0.0622,11275.0,9374.0,1901.0,0.1686,119.0,500.0,0.066,11990,9759,2231,0.1861,139,420,0.0573
2602803,39785.0,28147.0,11638.0,0.2925,380.0,1550.0,0.0686,39785.0,28625.0,11160.0,0.2805,351.0,1981.0,0.0815,42576,30792,11784,0.2768,375,1359,0.0563
2602902,161074.0,136906.0,24168.0,0.15,2820.0,5895.0,0.0637,160983.0,137688.0,23295.0,0.1447,2187.0,8292.0,0.0761,172140,143379,28761,0.1671,3505,5837,0.0652
2603009,25903.0,20210.0,5693.0,0.2198,196.0,698.0,0.0442,25904.0,20186.0,5718.0,0.2207,190.0,995.0,0.0587,25723,21009,4714,0.1833,229,629,0.0408
2603108,15990.0,12889.0,3101.0,0.1939,276.0,496.0,0.0599,15988.0,12898.0,3090.0,0.1933,222.0,642.0,0.067,16068,13300,2768,0.1723,274,479,0.0566
2603207,19970.0,14692.0,5278.0,0.2643,206.0,587.0,0.054,19971.0,14818.0,5153.0,0.258,159.0,710.0,0.0586,20683,15465,5218,0.2523,256,615,0.0563
2603306,7438.0,6276.0,1162.0,0.1562,82.0,253.0,0.0534,7438.0,6334.0,1104.0,0.1484,72.0,348.0,0.0663,7893,6448,1445,0.1831,86,238,0.0502
2603405,6577.0,5277.0,1300.0,0.1977,56.0,174.0,0.0436,6578.0,5275.0,1303.0,0.1981,39.0,197.0,0.0447,7378,5964,1414,0.1917,64,126,0.0319
2603504,14852.0,12309.0,2543.0,0.1712,216.0,483.0,0.0568,14853.0,12575.0,2278.0,0.1534,145.0,621.0,0.0609,15623,12835,2788,0.1785,255,481,0.0573
2603603,7435.0,5880.0,1555.0,0.2091,98.0,223.0,0.0546,7435.0,5944.0,1491.0,0.2005,62.0,268.0,0.0555,7337,5837,1500,0.2044,116,226,0.0586
2603702,16987.0,13508.0,3479.0,0.2048,264.0,575.0,0.0621,16987.0,13520.0,3467.0,0.2041,184.0,816.0,0.074,17167,13673,3494,0.2035,228,538,0.056
2603801,16072.0,11768.0,4304.0,0.2678,168.0,468.0,0.054,16070.0,11925.0,4145.0,0.2579,158.0,582.0,0.0621,16542,12566,3976,0.2404,244,471,0.0569
2603900,15894.0,12274.0,3620.0,0.2278,119.0,424.0,0.0442,15890.0,12425.0,3465.0,0.2181,101.0,642.0,0.0598,16879,13125,3754,0.2224,150,520,0.051
2604007,56127.0,48249.0,7878.0,0.1404,865.0,1615.0,0.0514,56127.0,49181.0,6946.0,0.1238,705.0,2451.0,0.0642,59993,50883,9110,0.1519,1082,1806,0.0568
2604106,240717.0,206247.0,34470.0,0.1432,4107.0,6854.0,0.0531,240698.0,209306.0,31392.0,0.1304,3224.0,9882.0,0.0626,255270,217132,38138,0.1494,4946,6472,0.0526
2604205,25512.0,19638.0,5874.0,0.2302,306.0,693.0,0.0509,25518.0,19679.0,5839.0,0.2288,257.0,956.0,0.0616,25872,20375,5497,0.2125,311,683,0.0488
2604304,9923.0,7525.0,2398.0,0.2417,60.0,260.0,0.0425,9923.0,7191.0,2732.0,0.2753,75.0,361.0,0.0606,10190,7684,2506,0.2459,91,239,0.0429
2604403,11035.0,9227.0,1808.0,0.1638,132.0,394.0,0.057,11034.0,9284.0,1750.0,0.1586,112.0,469.0,0.0626,11584,9609,1975,0.1705,155,393,0.057
2604502,18867.0,15435.0,3432.0,0.1819,322.0,633.0,0.0619,18868.0,15833.0,3035.0,0.1609,194.0,806.0,0.0632,18860,15822,3038,0.1611,303,601,0.0571
2604601,20791.0,15811.0,4980.0,0.2395,270.0,599.0,0.055,20793.0,16223.0,4570.0,0.2198,200.0,814.0,0.0625,19764,16219,3545,0.1794,304,656,0.0592
2604700,13851.0,9700.0,4151.0,0.2997,72.0,317.0,0.0401,13849.0,9766.0,4083.0,0.2948,77.0,419.0,0.0508,14583,10328,4255,0.2918,159,361,0.0503
2604809,10883.0,8419.0,2464.0,0.2264,119.0,323.0,0.0525,10885.0,8440.0,2445.0,0.2246,88.0,444.0,0.063,11265,8810,2455,0.2179,136,307,0.0503
2604908,15315.0,11775.0,3540.0,0.2311,200.0,500.0,0.0594,15315.0,11796.0,3519.0,0.2298,142.0,613.0,0.064,14479,12138,2341,0.1617,172,517,0.0568
2605004,19620.0,15791.0,3829.0,0.1952,251.0,625.0,0.0555,19622.0,15970.0,3652.0,0.1861,213.0,802.0,0.0636,19864,16290,3574,0.1799,307,594,0.0553
2605103,28504.0,21358.0,7146.0,0.2507,204.0,838.0,0.0488,28506.0,21708.0,6798.0,0.2385,182.0,949.0,0.0521,29588,22588,7000,0.2366,251,777,0.0455
2605202,47332.0,39300.0,8032.0,0.1697,623.0,1351.0,0.0502,47331.0,39457.0,7874.0,0.1664,523.0,1949.0,0.0627,48189,39902,8287,0.172,779,1491,0.0569
2605301,27572.0,21277.0,6295.0,0.2283,214.0,902.0,0.0525,27574.0,21829.0,5745.0,0.2083,242.0,1116.0,0.0622,29164,22817,6347,0.2176,272,954,0.0537
2605400,18367.0,14553.0,3814.0,0.2077,257.0,624.0,0.0605,18367.0,14833.0,3534.0,0.1924,212.0,774.0,0.0665,18025,15037,2988,0.1658,286,652,0.0624
2605509,9945.0,8087.0,1858.0,0.1868,147.0,354.0,0.062,9945.0,8235.0,1710.0,0.1719,112.0,419.0,0.0645,10137,8343,1794,0.177,202,350,0.0662
2605608,16229.0,12584.0,3645.0,0.2246,184.0,554.0,0.0586,16230.0,12794.0,3436.0,0.2117,134.0,698.0,0.065,16541,12803,3738,0.226,204,557,0.0594
2605707,23829.0,18825.0,5004.0,0.21,135.0,572.0,0.0376,23818.0,18509.0,5309.0,0.2229,129.0,710.0,0.0453,25254,19765,5489,0.2174,154,651,0.0407
2605806,11951.0,10233.0,1718.0,0.1438,173.0,270.0,0.0433,11951.0,10353.0,1598.0,0.1337,107.0,403.0,0.0493,12929,11147,1782,0.1378,162,261,0.0379
2605905,15305.0,11744.0,3561.0,0.2327,167.0,395.0,0.0479,15305.0,11792.0,3513.0,0.2295,175.0,625.0,0.0678,14871,11515,3356,0.2257,242,442,0.0594
2606002,95598.0,78566.0,17032.0,0.1782,1157.0,2161.0,0.0422,95619.0,79623.0,15996.0,0.1673,1079.0,3377.0,0.056,99315,80582,18733,0.1886,1494,2358,0.0478
2606101,22599.0,18527.0,4072.0,0.1802,338.0,898.0,0.0667,22600.0,19070.0,3530.0,0.1562,235.0,1117.0,0.0709,23472,19276,4196,0.1788,374,916,0.0669
2606200,61021.0,52327.0,8694.0,0.1425,879.0,1539.0,0.0462,61024.0,52480.0,8544.0,0.14,732.0,2367.0,0.0591,67037,56745,10292,0.1535,1233,1638,0.0506
2606309,6727.0,5628.0,1099.0,0.1634,49.0,194.0,0.0432,6728.0,5659.0,1069.0,0.1589,44.0,219.0,0.0465,6958,5790,1168,0.1679,69,145,0.037
2606408,68850.0,54214.0,14636.0,0.2126,1209.0,2066.0,0.0604,68851.0,55829.0,13022.0,0.1891,910.0,2823.0,0.0669,67863,55798,12065,0.1778,1364,2213,0.0641
2606507,15924.0,11039.0,4885.0,0.3068,89.0,535.0,0.0565,15925.0,11162.0,4763.0,0.2991,106.0,580.0,0.0615,16331,11593,4738,0.2901,152,482,0.0547
2606606,20772.0,15351.0,5421.0,0.261,116.0,434.0,0.0358,20777.0,15305.0,5472.0,0.2634,108.0,604.0,0.0465,21737,16479,5258,0.2419,128,375,0.0305
2606705,6910.0,5447.0,1463.0,0.2117,97.0,235.0,0.061,6912.0,5491.0,1421.0,0.2056,67.0,284.0,0.0639,6807,5507,1300,0.191,101,181,0.0512
2606804,85790.0,72681.0,13109.0,0.1528,1345.0,2653.0,0.055,85793.0,73497.0,12296.0,0.1433,1057.0,3936.0,0.0679,89866,74928,14938,0.1662,1668,2624,0.0573
2606903,8841.0,7015.0,1826.0,0.2065,83.0,227.0,0.0442,8844.0,7092.0,1752.0,0.1981,56.0,353.0,0.0577,9100,7234,1866,0.2051,99,237,0.0464
2607000,14263.0,11043.0,3220.0,0.2258,97.0,313.0,0.0371,14262.0,11040.0,3222.0,0.2259,88.0,429.0,0.0468,15906,12252,3654,0.2297,69,309,0.0309
2607109,4062.0,3387.0,675.0,0.1662,43.0,87.0,0.0384,4062.0,3440.0,622.0,0.1531,39.0,141.0,0.0523,4249,3561,688,0.1619,44,121,0.0463
2607208,80625.0,66937.0,13688.0,0.1698,1032.0,2131.0,0.0473,80630.0,67170.0,13460.0,0.1669,782.0,3382.0,0.062,89076,72714,16362,0.1837,1427,2120,0.0488
2607307,22602.0,16814.0,5788.0,0.2561,202.0,700.0,0.0536,22605.0,17146.0,5459.0,0.2415,194.0,965.0,0.0676,24789,18481,6308,0.2545,242,767,0.0546
2607406,4317.0,3567.0,750.0,0.1737,21.0,66.0,0.0244,4318.0,3391.0,927.0,0.2147,19.0,131.0,0.0442,4741,3796,945,0.1993,19,89,0.0285
2607505,19629.0,14715.0,4914.0,0.2503,155.0,675.0,0.0564,19627.0,14899.0,4728.0,0.2409,148.0,923.0,0.0719,21182,16461,4721,0.2229,204,661,0.0525
2607604,17529.0,14009.0,3520.0,0.2008,149.0,411.0,0.04,17527.0,14234.0,3293.0,0.1879,151.0,664.0,0.0573,18612,14969,3643,0.1957,254,321,0.0384
2607703,12403.0,9375.0,3028.0,0.2441,122.0,392.0,0.0548,12403.0,9550.0,2853.0,0.23,100.0,456.0,0.0582,11940,9623,2317,0.1941,136,402,0.0559
2607802,14004.0,10788.0,3216.0,0.2296,123.0,390.0,0.0476,14004.0,10770.0,3234.0,0.2309,113.0,620.0,0.0681,12828,10829,1999,0.1558,179,394,0.0529
2607901,479002.0,388112.0,90890.0,0.1897,7066.0,13796.0,0.0538,478982.0,391756.0,87226.0,0.1821,5383.0,20409.0,0.0658,498555,395112,103443,0.2075,8943,14121,0.0584
2608008,14795.0,11501.0,3294.0,0.2226,139.0,396.0,0.0465,14795.0,11564.0,3231.0,0.2184,120.0,576.0,0.0602,15816,12224,3592,0.2271,184,348,0.0435
2608107,25306.0,18814.0,6492.0,0.2565,356.0,755.0,0.0591,25308.0,19222.0,6086.0,0.2405,265.0,1029.0,0.0673,24726,19392,5334,0.2157,371,753,0.058
2608206,13550.0,10105.0,3445.0,0.2542,181.0,359.0,0.0534,13552.0,10918.0,2634.0,0.1944,165.0,715.0,0.0806,14094,11083,3011,0.2136,213,337,0.0496
2608305,12303.0,10121.0,2182.0,0.1774,161.0,355.0,0.051,12303.0,10214.0,2089.0,0.1698,173.0,542.0,0.07,13003,11011,1992,0.1532,213,348,0.0509
2608404,12092.0,9153.0,2939.0,0.2431,111.0,390.0,0.0547,12097.0,9205.0,2892.0,0.2391,108.0,526.0,0.0689,12362,9663,2699,0.2183,151,366,0.0535
2608503,18582.0,14791.0,3791.0,0.204,317.0,640.0,0.0647,18582.0,15048.0,3534.0,0.1902,221.0,863.0,0.072,18474,15421,3053,0.1653,311,674,0.0639
2608602,11097.0,8462.0,2635.0,0.2375,87.0,428.0,0.0609,11098.0,8566.0,2532.0,0.2281,71.0,538.0,0.0711,12046,9180,2866,0.2379,131,373,0.0549
2608701,12218.0,9098.0,3120.0,0.2554,92.0,358.0,0.0495,12218.0,9123.0,3095.0,0.2533,89.0,462.0,0.0604,11190,9240,1950,0.1743,118,283,0.0434
2608800,29992.0,24731.0,5261.0,0.1754,405.0,875.0,0.0518,29991.0,25124.0,4867.0,0.1623,361.0,1244.0,0.0639,32462,26150,6312,0.1944,502,883,0.053
2608909,44541.0,37210.0,7331.0,0.1646,656.0,1418.0,0.0557,44544.0,37644.0,6900.0,0.1549,466.0,1854.0,0.0616,45789,38601,7188,0.157,710,1503,0.0573
2609006,19850.0,15163.0,4687.0,0.2361,271.0,678.0,0.0626,19852.0,15317.0,4535.0,0.2284,183.0,918.0,0.0719,20026,15721,4305,0.215,286,692,0.0622
2609105,10652.0,8573.0,2079.0,0.1952,204.0,333.0,0.0626,10652.0,8721.0,1931.0,0.1813,135.0,469.0,0.0693,11111,9040,2071,0.1864,231,285,0.0571
2609204,9408.0,6360.0,3048.0,0.324,85.0,264.0,0.0549,9408.0,6070.0,3338.0,0.3548,67.0,324.0,0.0644,8002,6210,1792,0.2239,90,204,0.0473
2609303,11602.0,8979.0,2623.0,0.2261,98.0,349.0,0.0498,11604.0,9038.0,2566.0,0.2211,83.0,495.0,0.064,11941,9077,2864,0.2398,106,318,0.0467
2609402,48006.0,40037.0,7969.0,0.166,928.0,1622.0,0.0637,48006.0,40565.0,7441.0,0.155,738.0,2403.0,0.0774,48774,40174,8600,0.1763,1142,1760,0.0722
2609501,25407.0,21118.0,4289.0,0.1688,469.0,758.0,0.0581,25385.0,21614.0,3771.0,0.1486,343.0,1103.0,0.0669,25649,21215,4434,0.1729,517,849,0.0644
2609600,298056.0,258870.0,39186.0,0.1315,4114.0,7733.0,0.0458,298040.0,261744.0,36296.0,0.1218,3245.0,12251.0,0.0592,301943,256476,45467,0.1506,4955,8314,0.0517
2609709,20660.0,14733.0,5927.0,0.2869,242.0,547.0,0.0536,20661.0,14681.0,5980.0,0.2894,206.0,855.0,0.0723,18326,14869,3457,0.1886,250,646,0.0603
2609808,12536.0,9651.0,2885.0,0.2301,100.0,252.0,0.0365,12532.0,9572.0,2960.0,0.2362,106.0,455.0,0.0586,12481,10439,2042,0.1636,91,286,0.0361
2609907,50660.0,37203.0,13457.0,0.2656,339.0,1487.0,0.0491,50668.0,37940.0,12728.0,0.2512,373.0,2080.0,0.0647,48563,38700,9863,0.2031,352,1404,0.0454
2610004,40463.0,31514.0,8949.0,0.2212,430.0,913.0,0.0426,40459.0,32029.0,8430.0,0.2084,440.0,1357.0,0.0561,40845,32261,8584,0.2102,548,933,0.0459
2610103,6640.0,4487.0,2153.0,0.3242,72.0,222.0,0.0655,6640.0,4548.0,2092.0,0.3151,70.0,297.0,0.0807,6511,4627,1884,0.2894,73,238,0.0672
2610202,22004.0,15510.0,6494.0,0.2951,157.0,732.0,0.0573,22003.0,15522.0,6481.0,0.2946,145.0,954.0,0.0708,19612,15960,3652,0.1862,211,625,0.0524
2610301,10815.0,8799.0,2016.0,0.1864,122.0,385.0,0.0576,10813.0,8835.0,1978.0,0.1829,100.0,501.0,0.068,11943,9847,2096,0.1755,139,456,0.0604
2610400,18055.0,14421.0,3634.0,0.2013,86.0,264.0,0.0243,18056.0,14291.0,3765.0,0.2085,88.0,434.0,0.0365,18517,14812,3705,0.2001,91,309,0.027
2610509,25586.0,20719.0,4867.0,0.1902,366.0,852.0,0.0588,25588.0,20905.0,4683.0,0.183,256.0,1118.0,0.0657,26110,21237,4873,0.1866,378,820,0.0564
2610608,46021.0,36993.0,9028.0,0.1962,805.0,1406.0,0.0598,46023.0,37605.0,8418.0,0.1829,573.0,2081.0,0.0706,45812,38711,7101,0.155,967,1520,0.0642
2610707,228288.0,195597.0,32691.0,0.1432,2941.0,5636.0,0.0439,228288.0,197716.0,30572.0,0.1339,2437.0,8453.0,0.0551,237186,199179,38007,0.1602,3697,6010,0.0487
2610806,19524.0,14626.0,4898.0,0.2509,227.0,613.0,0.0574,19525.0,14801.0,4724.0,0.2419,180.0,775.0,0.0645,18714,15179,3535,0.1889,236,720,0.063
2610905,50722.0,38243.0,12479.0,0.246,487.0,1098.0,0.0414,50729.0,38607.0,12122.0,0.239,447.0,2439.0,0.0748,52492,40222,12270,0.2337,535,1040,0.0392
2611002,25325.0,19421.0,5904.0,0.2331,194.0,545.0,0.0381,25323.0,19398.0,5925.0,0.234,199.0,741.0,0.0485,26448,20004,6444,0.2436,250,538,0.0394
2611101,231011.0,191595.0,39416.0,0.1706,2645.0,5081.0,0.0403,231045.0,194266.0,36779.0,0.1592,2624.0,8889.0,0.0593,249120,203889,45231,0.1816,3392,6568,0.0489
2611200,10132.0,7837.0,2295.0,0.2265,119.0,342.0,0.0588,10133.0,7930.0,2203.0,0.2174,100.0,464.0,0.0711,10334,7952,2382,0.2305,147,356,0.0633
2611309,19128.0,16700.0,2428.0,0.1269,378.0,699.0,0.0645,19127.0,16949.0,2178.0,0.1139,255.0,864.0,0.066,20453,17384,3069,0.1501,451,754,0.0693
2611408,11427.0,8739.0,2688.0,0.2352,169.0,280.0,0.0514,11428.0,8780.0,2648.0,0.2317,129.0,448.0,0.0657,11000,8929,2071,0.1883,160,283,0.0496
2611507,17875.0,11518.0,6357.0,0.3556,209.0,533.0,0.0644,17873.0,11578.0,6295.0,0.3522,147.0,643.0,0.0682,15431,11481,3950,0.256,213,498,0.0619
2611606,1216750.0,1044282.0,172468.0,0.1417,15770.0,31816.0,0.0456,1216413.0,1054049.0,162364.0,0.1335,13654.0,48388.0,0.0589,1230407,1034278,196129,0.1594,19482,31658,0.0494
2611705,19636.0,17177.0,2459.0,0.1252,373.0,740.0,0.0648,19634.0,17529.0,2105.0,0.1072,266.0,966.0,0.0703,20962,18231,2731,0.1303,403,675,0.0591
2611804,28186.0,22380.0,5806.0,0.206,343.0,750.0,0.0488,28192.0,22401.0,5791.0,0.2054,293.0,1063.0,0.0605,28323,22196,6127,0.2163,417,695,0.0501
2611903,16333.0,12782.0,3551.0,0.2174,170.0,466.0,0.0498,16333.0,12861.0,3472.0,0.2126,194.0,643.0,0.0651,16933,13375,3558,0.2101,226,465,0.0517
2612000,11009.0,9526.0,1483.0,0.1347,222.0,437.0,0.0692,11011.0,9594.0,1417.0,0.1287,153.0,566.0,0.0749,11278,9617,1661,0.1473,260,405,0.0691
2612109,7356.0,5432.0,1924.0,0.2616,66.0,189.0,0.0469,7357.0,5437.0,1920.0,0.261,56.0,289.0,0.0635,7134,5484,1650,0.2313,70,159,0.0418
2612208,41800.0,33669.0,8131.0,0.1945,395.0,833.0,0.0365,41817.0,34273.0,7544.0,0.1804,394.0,1301.0,0.0495,43388,35137,8251,0.1902,455,881,0.038
2612307,13494.0,9329.0,4165.0,0.3087,113.0,421.0,0.0572,13494.0,9405.0,4089.0,0.303,85.0,518.0,0.0641,13660,9696,3964,0.2902,138,381,0.0535
2612406,16013.0,12806.0,3207.0,0.2003,182.0,508.0,0.0539,16014.0,13021.0,2993.0,0.1869,128.0,648.0,0.0596,16323,13020,3303,0.2024,238,486,0.0556
2612505,61793.0,53136.0,8657.0,0.1401,751.0,1387.0,0.0402,61800.0,54049.0,7751.0,0.1254,762.0,2193.0,0.0547,66108,57086,9022,0.1365,1063,1302,0.0414
2612604,31018.0,24087.0,6931.0,0.2235,230.0,588.0,0.034,31017.0,24056.0,6961.0,0.2244,254.0,1088.0,0.0558,30641,25388,5253,0.1714,283,714,0.0393
2612703,11173.0,8904.0,2269.0,0.2031,167.0,314.0,0.054,11173.0,9178.0,1995.0,0.1786,134.0,493.0,0.0683,11524,9436,2088,0.1812,222,367,0.0624
2612802,7987.0,6373.0,1614.0,0.2021,70.0,231.0,0.0472,7988.0,6411.0,1577.0,0.1974,73.0,326.0,0.0622,8044,6380,1664,0.2069,90,217,0.0481
2612901,8829.0,5851.0,2978.0,0.3373,113.0,387.0,0.0855,8829.0,5869.0,2960.0,0.3353,77.0,405.0,0.0821,7832,5936,1896,0.2421,104,277,0.0642
2613008,36545.0,27741.0,8804.0,0.2409,403.0,944.0,0.0486,36547.0,27973.0,8574.0,0.2346,326.0,1367.0,0.0605,38192,29004,9188,0.2406,528,1030,0.0537
2613107,30181.0,25355.0,4826.0,0.1599,468.0,1182.0,0.0651,30182.0,25520.0,4662.0,0.1545,365.0,1426.0,0.0702,30888,26174,4714,0.1526,582,1135,0.0656
2613206,18861.0,14035.0,4826.0,0.2559,146.0,561.0,0.0504,18861.0,14524.0,4337.0,0.2299,160.0,786.0,0.0651,18178,14186,3992,0.2196,203,522,0.0511
2613305,17327.0,14046.0,3281.0,0.1894,229.0,684.0,0.065,17327.0,14178.0,3149.0,0.1817,198.0,921.0,0.0789,17631,14450,3181,0.1804,284,641,0.064
2613404,16157.0,12208.0,3949.0,0.2444,199.0,398.0,0.0489,16160.0,11983.0,4177.0,0.2585,158.0,587.0,0.0622,17746,13369,4377,0.2466,279,430,0.053
2613503,26465.0,20136.0,6329.0,0.2391,216.0,739.0,0.0474,26468.0,20574.0,5894.0,0.2227,200.0,1070.0,0.0617,28341,21738,6603,0.233,236,936,0.0539
2613602,23073.0,18556.0,4517.0,0.1958,222.0,684.0,0.0488,23072.0,18763.0,4309.0,0.1868,210.0,863.0,0.0572,24100,19398,4702,0.1951,276,602,0.0453
2613701,77577.0,67202.0,10375.0,0.1337,1217.0,2425.0,0.0542,77580.0,68279.0,9301.0,0.1199,914.0,3565.0,0.0656,83623,70450,13173,0.1575,1457,2652,0.0583
2613800,14148.0,11258.0,2890.0,0.2043,158.0,447.0,0.0537,14155.0,11373.0,2782.0,0.1965,118.0,616.0,0.0645,14551,11709,2842,0.1953,184,483,0.057
2613909,60119.0,48883.0,11236.0,0.1869,565.0,1785.0,0.0481,60118.0,49370.0,10748.0,0.1788,444.0,2467.0,0.059,63665,51945,11720,0.1841,685,1775,0.0474
2614006,16126.0,12189.0,3937.0,0.2441,85.0,382.0,0.0383,16123.0,12153.0,3970.0,0.2462,93.0,638.0,0.0601,17061,12818,4243,0.2487,112,419,0.0414
2614105,26096.0,19300.0,6796.0,0.2604,226.0,639.0,0.0448,26089.0,19100.0,6989.0,0.2679,174.0,892.0,0.0558,27423,20935,6488,0.2366,239,616,0.0408
2614204,28373.0,22261.0,6112.0,0.2154,381.0,812.0,0.0536,28375.0,22588.0,5787.0,0.2039,291.0,1185.0,0.0653,28560,22605,5955,0.2085,458,725,0.0523
2614303,9644.0,7513.0,2131.0,0.221,85.0,268.0,0.047,9645.0,7678.0,1967.0,0.2039,77.0,335.0,0.0537,9938,7779,2159,0.2172,77,206,0.0364
2614402,5563.0,4365.0,1198.0,0.2154,27.0,119.0,0.0334,5562.0,4437.0,1125.0,0.2023,36.0,157.0,0.0435,5531,4434,1097,0.1983,41,109,0.0338
2614501,46002.0,38191.0,7811.0,0.1698,827.0,1262.0,0.0547,46008.0,38922.0,7086.0,0.154,611.0,1743.0,0.0605,48477,40557,7920,0.1634,931,1440,0.0585
2614600,20487.0,16415.0,4072.0,0.1988,186.0,402.0,0.0358,20490.0,16729.0,3761.0,0.1836,143.0,630.0,0.0462,21365,17300,4065,0.1903,218,400,0.0357
2614709,10332.0,8457.0,1875.0,0.1815,205.0,359.0,0.0667,10331.0,8443.0,1888.0,0.1828,139.0,509.0,0.0767,11013,9083,1930,0.1752,248,380,0.0691
2614808,17196.0,13530.0,3666.0,0.2132,107.0,423.0,0.0392,17196.0,13532.0,3664.0,0.2131,115.0,614.0,0.0539,18225,14400,3825,0.2099,117,421,0.0374
2607653,23839.0,19151.0,4688.0,0.1967,332.0,740.0,0.056,23843.0,19560.0,4283.0,0.1796,244.0,985.0,0.0628,24464,19662,4802,0.1963,377,731,0.0564
2615003,20661.0,17462.0,3199.0,0.1548,300.0,404.0,0.0403,20663.0,17616.0,3047.0,0.1475,203.0,694.0,0.0509,22236,18944,3292,0.148,312,503,0.043
2615102,6639.0,5025.0,1614.0,0.2431,73.0,258.0,0.0659,6639.0,5102.0,1537.0,0.2315,60.0,286.0,0.0678,6630,5302,1328,0.2003,80,200,0.0528
2615201,8197.0,6920.0,1277.0,0.1558,47.0,137.0,0.0266,8198.0,6893.0,1305.0,0.1592,59.0,203.0,0.038,8841,7274,1567,0.1772,80,127,0.0285
2615300,42384.0,33890.0,8494.0,0.2004,551.0,1329.0,0.0555,42386.0,34297.0,8089.0,0.1908,463.0,1776.0,0.0653,42020,33968,8052,0.1916,618,1254,0.0551
2615409,32437.0,27496.0,4941.0,0.1523,422.0,517.0,0.0342,32434.0,27547.0,4887.0,0.1507,371.0,859.0,0.0447,35207,30181,5026,0.1428,466,608,0.0356
2615508,11144.0,9348.0,1796.0,0.1612,189.0,315.0,0.0539,11144.0,9546.0,1598.0,0.1434,140.0,489.0,0.0659,12070,10037,2033,0.1684,216,365,0.0579
2615607,22933.0,17421.0,5512.0,0.2404,192.0,525.0,0.0412,22931.0,17553.0,5378.0,0.2345,211.0,856.0,0.0608,25102,18950,6152,0.2451,203,647,0.0449
2615706,11445.0,9394.0,2051.0,0.1792,67.0,337.0,0.043,11449.0,9513.0,1936.0,0.1691,83.0,480.0,0.0592,12186,10073,2113,0.1734,117,349,0.0463
2615805,18348.0,12469.0,5879.0,0.3204,149.0,614.0,0.0612,18348.0,12626.0,5722.0,0.3119,135.0,835.0,0.0768,16635,12921,3714,0.2233,158,652,0.0627
2615904,8062.0,6432.0,1630.0,0.2022,52.0,112.0,0.0255,8064.0,6552.0,1512.0,0.1875,53.0,211.0,0.0403,7990,6481,1509,0.1889,69,109,0.0275
2616001,14454.0,11218.0,3236.0,0.2239,117.0,414.0,0.0473,14456.0,11479.0,2977.0,0.2059,111.0,563.0,0.0587,14784,11906,2878,0.1947,166,370,0.045
2616100,7836.0,6385.0,1451.0,0.1852,65.0,233.0,0.0467,7836.0,6329.0,1507.0,0.1923,57.0,301.0,0.0566,8411,6797,1614,0.1919,74,204,0.0409
2616209,16517.0,13209.0,3308.0,0.2003,238.0,478.0,0.0542,16517.0,13506.0,3011.0,0.1823,195.0,686.0,0.0652,16698,14408,2290,0.1371,221,429,0.0451
2616308,22096.0,17288.0,4808.0,0.2176,284.0,735.0,0.0589,22096.0,17550.0,4546.0,0.2057,235.0,1065.0,0.0741,22237,17622,4615,0.2075,347,742,0.0618
2616407,99215.0,84936.0,14279.0,0.1439,1627.0,3096.0,0.0556,99208.0,86647.0,12561.0,0.1266,1160.0,4284.0,0.0628,103948,87823,16125,0.1551,1998,3239,0.0596
2603454,120640.0,104729.0,15911.0,0.1319,1882.0,3675.0,0.0531,120640.0,106071.0,14569.0,0.1208,1419.0,5502.0,0.0652,127152,107908,19244,0.1513,2207,3721,0.0549
2600054,84026.0,68900.0,15126.0,0.18,1107.0,2187.0,0.0478,84033.0,69586.0,14447.0,0.1719,900.0,3266.0,0.0599,79387,67927,11460,0.1444,1478,2253,0.0549
2607752,18967.0,16362.0,2605.0,0.1373,311.0,611.0,0.0564,18968.0,16411.0,2557.0,0.1348,225.0,910.0,0.0692,21440,18278,3162,0.1475,404,601,0.055
2706448,11063.0,8868.0,2195.0,0.1984,141.0,209.0,0.0395,11062.0,8502.0,2560.0,0.2314,113.0,460.0,0.0674,12721,10207,2514,0.1976,211,391,0.059
2700102,15935.0,11123.0,4812.0,0.302,82.0,260.0,0.0307,15931.0,11110.0,4821.0,0.3026,77.0,629.0,0.0635,16513,11824,4689,0.284,119,599,0.0607
2706422,9064.0,6710.0,2354.0,0.2597,48.0,152.0,0.0298,9064.0,6701.0,2363.0,0.2607,42.0,326.0,0.0549,9772,7539,2233,0.2285,61,317,0.0501
2700201,12661.0,9025.0,3636.0,0.2872,142.0,290.0,0.0479,12660.0,8866.0,3794.0,0.2997,110.0,571.0,0.0768,13090,10144,2946,0.2251,165,538,0.0693
2702553,12013.0,8265.0,3748.0,0.312,85.0,302.0,0.0468,12001.0,8295.0,3706.0,0.3088,84.0,636.0,0.0868,13040,9496,3544,0.2718,133,627,0.08
2700300,150978.0,122153.0,28825.0,0.1909,2015.0,3211.0,0.0428,150976.0,123698.0,27278.0,0.1807,1726.0,6289.0,0.0648,158990,130876,28114,0.1768,2295,4760,0.0539
2703759,7943.0,6333.0,1610.0,0.2027,75.0,135.0,0.0332,7941.0,6046.0,1895.0,0.2386,56.0,304.0,0.0595,8245,6618,1627,0.1973,92,282,0.0565
2700409,31343.0,23651.0,7692.0,0.2454,373.0,674.0,0.0443,31336.0,22622.0,8714.0,0.2781,326.0,1412.0,0.0768,32403,25460,6943,0.2143,475,1231,0.067
2701357,5668.0,4194.0,1474.0,0.2601,44.0,106.0,0.0358,5660.0,4061.0,1599.0,0.2825,49.0,228.0,0.0682,6077,4586,1491,0.2454,87,257,0.075
2700508,12527.0,9717.0,2810.0,0.2243,149.0,285.0,0.0447,12528.0,9385.0,3143.0,0.2509,112.0,532.0,0.0686,14944,11656,3288,0.22,223,530,0.0646
2700607,7322.0,6127.0,1195.0,0.1632,74.0,148.0,0.0362,7322.0,5917.0,1405.0,0.1919,61.0,286.0,0.0586,8063,6775,1288,0.1597,122,260,0.0564
2700706,13062.0,9924.0,3138.0,0.2402,109.0,218.0,0.033,13059.0,9984.0,3075.0,0.2355,103.0,506.0,0.061,13574,10798,2776,0.2045,115,524,0.0592
2700805,4979.0,3660.0,1319.0,0.2649,69.0,103.0,0.047,4978.0,3539.0,1439.0,0.2891,45.0,202.0,0.0698,5054,3882,1172,0.2319,66,220,0.0737
2700904,6026.0,4640.0,1386.0,0.23,43.0,136.0,0.0386,6025.0,4443.0,1582.0,0.2626,49.0,224.0,0.0614,6030,4869,1161,0.1925,52,210,0.0538
2701001,19575.0,14168.0,5407.0,0.2762,244.0,392.0,0.0449,19576.0,14067.0,5509.0,0.2814,194.0,790.0,0.07,19738,14998,4740,0.2401,270,658,0.0619
2701100,9106.0,6376.0,2730.0,0.2998,89.0,164.0,0.0397,9105.0,6134.0,2971.0,0.3263,86.0,436.0,0.0851,9119,6695,2424,0.2658,104,400,0.0753
2701209,8451.0,6186.0,2265.0,0.268,57.0,174.0,0.0373,8447.0,6017.0,2430.0,0.2877,49.0,381.0,0.0715,8774,6378,2396,0.2731,72,392,0.0728
2701308,14551.0,10506.0,4045.0,0.278,175.0,325.0,0.0476,14547.0,10192.0,4355.0,0.2994,131.0,654.0,0.077,14474,10975,3499,0.2417,154,651,0.0733
2701407,25817.0,18881.0,6936.0,0.2687,234.0,580.0,0.0431,25818.0,18694.0,7124.0,0.2759,193.0,1003.0,0.064,27042,20310,6732,0.2489,282,985,0.0624
2701506,8938.0,6869.0,2069.0,0.2315,108.0,199.0,0.0447,8938.0,6665.0,2273.0,0.2543,76.0,344.0,0.063,9154,7122,2032,0.222,126,382,0.0713
2701605,13628.0,9667.0,3961.0,0.2907,73.0,290.0,0.0376,13628.0,9452.0,4176.0,0.3064,92.0,522.0,0.065,14793,11069,3724,0.2517,122,567,0.0622
2701704,12940.0,9929.0,3011.0,0.2327,130.0,318.0,0.0451,12931.0,9415.0,3516.0,0.2719,118.0,546.0,0.0705,12900,10312,2588,0.2006,159,539,0.0677
2701803,6960.0,5231.0,1729.0,0.2484,48.0,142.0,0.0363,6957.0,5071.0,1886.0,0.2711,48.0,325.0,0.0736,7751,5938,1813,0.2339,68,306,0.063
2701902,6090.0,4611.0,1479.0,0.2429,57.0,181.0,0.0516,6089.0,4394.0,1695.0,0.2784,36.0,269.0,0.0694,6923,5483,1440,0.208,56,342,0.0726
2702009,8896.0,6896.0,2000.0,0.2248,64.0,219.0,0.041,8898.0,6885.0,2013.0,0.2262,80.0,394.0,0.0688,9481,7521,1960,0.2067,100,396,0.0659
2702108,14846.0,10814.0,4032.0,0.2716,160.0,364.0,0.0485,14848.0,10349.0,4499.0,0.303,106.0,591.0,0.0673,15416,11624,3792,0.246,207,595,0.069
2702207,5013.0,4205.0,808.0,0.1612,101.0,145.0,0.0585,5013.0,4023.0,990.0,0.1975,66.0,241.0,0.0763,5554,4643,911,0.164,86,211,0.064
2702306,40159.0,30459.0,9700.0,0.2415,641.0,1129.0,0.0581,40155.0,29558.0,10597.0,0.2639,442.0,1944.0,0.0807,41885,32689,9196,0.2196,750,1561,0.0707
2702405,39014.0,29547.0,9467.0,0.2427,291.0,653.0,0.0319,39011.0,29291.0,9720.0,0.2492,229.0,1324.0,0.053,41407,32104,9303,0.2247,395,1292,0.0525
2702504,9302.0,6747.0,2555.0,0.2747,53.0,151.0,0.0302,9301.0,6583.0,2718.0,0.2922,60.0,358.0,0.0635,9497,6778,2719,0.2863,61,396,0.0674
2702603,17898.0,13970.0,3928.0,0.2195,182.0,379.0,0.0402,17899.0,14279.0,3620.0,0.2022,182.0,784.0,0.0677,19459,15668,3791,0.1948,249,796,0.0667
2702702,3524.0,2576.0,948.0,0.269,41.0,91.0,0.0512,3523.0,2481.0,1042.0,0.2958,29.0,165.0,0.0782,3975,3004,971,0.2443,59,179,0.0792
2702801,8681.0,6455.0,2226.0,0.2564,117.0,239.0,0.0552,8674.0,6156.0,2518.0,0.2903,73.0,447.0,0.0845,8538,6662,1876,0.2197,117,391,0.0763
2702900,27387.0,20290.0,7097.0,0.2591,268.0,534.0,0.0395,27383.0,20637.0,6746.0,0.2464,214.0,1168.0,0.067,28504,22089,6415,0.2251,327,1074,0.0634
2703007,11369.0,8337.0,3032.0,0.2667,162.0,253.0,0.0498,11370.0,8335.0,3035.0,0.2669,110.0,548.0,0.0789,11536,8744,2792,0.242,188,519,0.0809
2703106,20103.0,14445.0,5658.0,0.2815,217.0,450.0,0.0462,20099.0,14457.0,5642.0,0.2807,139.0,854.0,0.0687,20525,15294,5231,0.2549,227,869,0.0717
2703205,17553.0,13517.0,4036.0,0.2299,276.0,394.0,0.0496,17551.0,13390.0,4161.0,0.2371,184.0,668.0,0.0636,17729,13915,3814,0.2151,281,713,0.0714
2703304,13271.0,9457.0,3814.0,0.2874,115.0,296.0,0.0435,13273.0,9360.0,3913.0,0.2948,129.0,616.0,0.0796,14561,10641,3920,0.2692,173,554,0.0683
2703403,4908.0,3727.0,1181.0,0.2406,25.0,69.0,0.0252,4908.0,3643.0,1265.0,0.2577,38.0,166.0,0.056,5258,4190,1068,0.2031,48,147,0.0465
2703502,5684.0,4413.0,1271.0,0.2236,51.0,125.0,0.0399,5680.0,4053.0,1627.0,0.2864,53.0,228.0,0.0693,6044,4980,1064,0.176,75,196,0.0544
2703601,7169.0,5718.0,1451.0,0.2024,110.0,153.0,0.046,7166.0,5417.0,1749.0,0.2441,76.0,275.0,0.0648,9190,7392,1798,0.1956,111,355,0.063
2703700,4981.0,3917.0,1064.0,0.2136,30.0,128.0,0.0403,4979.0,3819.0,1160.0,0.233,33.0,224.0,0.0673,5223,4328,895,0.1714,43,221,0.061
2703809,14325.0,10876.0,3449.0,0.2408,140.0,412.0,0.0508,14317.0,10295.0,4022.0,0.2809,122.0,667.0,0.0766,15470,12048,3422,0.2212,144,757,0.0748
2703908,4469.0,3300.0,1169.0,0.2616,43.0,99.0,0.043,4470.0,2976.0,1494.0,0.3342,36.0,174.0,0.0706,4851,3815,1036,0.2136,36,218,0.0666
2704005,19815.0,14962.0,4853.0,0.2449,235.0,481.0,0.0479,19809.0,14726.0,5083.0,0.2566,228.0,768.0,0.0676,20177,15790,4387,0.2174,301,805,0.07
2704104,15094.0,11932.0,3162.0,0.2095,178.0,319.0,0.0417,15094.0,12078.0,3016.0,0.1998,149.0,651.0,0.0662,17008,13367,3641,0.2141,234,680,0.0684
2704203,19048.0,14817.0,4231.0,0.2221,208.0,451.0,0.0445,19048.0,14783.0,4265.0,0.2239,164.0,800.0,0.0652,20414,16221,4193,0.2054,209,869,0.0665
2704302,629586.0,509450.0,120136.0,0.1908,9383.0,15992.0,0.0498,629130.0,512794.0,116336.0,0.1849,7588.0,26770.0,0.067,646463,525546,120917,0.187,10209,19221,0.056
2704401,15240.0,11360.0,3880.0,0.2546,133.0,308.0,0.0388,15242.0,11242.0,4000.0,0.2624,128.0,647.0,0.0689,15675,12230,3445,0.2198,152,705,0.0701
2704500,22521.0,17567.0,4954.0,0.22,341.0,491.0,0.0474,22512.0,17459.0,5053.0,0.2245,232.0,852.0,0.0621,26019,20268,5751,0.221,419,844,0.0623
2704609,8130.0,5956.0,2174.0,0.2674,79.0,230.0,0.0519,8130.0,5834.0,2296.0,0.2824,72.0,314.0,0.0662,8963,6690,2273,0.2536,112,416,0.0789
2704708,40917.0,33141.0,7776.0,0.19,575.0,925.0,0.0453,40919.0,31959.0,8960.0,0.219,383.0,1749.0,0.0667,47095,38515,8580,0.1822,768,1623,0.0621
2704807,10337.0,8137.0,2200.0,0.2128,97.0,267.0,0.0447,10331.0,7762.0,2569.0,0.2487,95.0,472.0,0.073,11142,9172,1970,0.1768,121,524,0.0703
2704906,3536.0,2913.0,623.0,0.1762,39.0,68.0,0.0367,3536.0,2785.0,751.0,0.2124,18.0,144.0,0.0582,3653,3070,583,0.1596,43,160,0.0661
2705002,17706.0,12396.0,5310.0,0.2999,111.0,484.0,0.048,17707.0,12081.0,5626.0,0.3177,129.0,725.0,0.0707,18418,13634,4784,0.2597,170,740,0.0667
2705101,18503.0,13633.0,4870.0,0.2632,229.0,378.0,0.0445,18494.0,13376.0,5118.0,0.2767,199.0,759.0,0.0716,18656,14589,4067,0.218,280,677,0.0656
2705200,13597.0,10514.0,3083.0,0.2267,186.0,323.0,0.0484,13597.0,10175.0,3422.0,0.2517,142.0,555.0,0.0685,14073,11313,2760,0.1961,211,537,0.0661
2705309,4910.0,3717.0,1193.0,0.243,35.0,139.0,0.0468,4904.0,3658.0,1246.0,0.2541,34.0,255.0,0.079,5111,3944,1167,0.2283,52,275,0.0829
2705408,5976.0,4327.0,1649.0,0.2759,46.0,114.0,0.037,5973.0,4275.0,1698.0,0.2843,56.0,233.0,0.0676,6417,5028,1389,0.2165,67,275,0.068
2705507,20070.0,15205.0,4865.0,0.2424,377.0,438.0,0.0536,20069.0,14365.0,5704.0,0.2842,250.0,1086.0,0.093,20644,16611,4033,0.1954,433,1036,0.0884
2705606,9856.0,7293.0,2563.0,0.26,118.0,214.0,0.0455,9852.0,6559.0,3293.0,0.3342,79.0,348.0,0.0651,10016,7805,2211,0.2207,119,388,0.065
2705705,16002.0,12035.0,3967.0,0.2479,135.0,312.0,0.0371,16000.0,11877.0,4123.0,0.2577,114.0,625.0,0.0622,16240,12635,3605,0.222,136,602,0.0584
2705804,7445.0,5496.0,1949.0,0.2618,48.0,128.0,0.032,7445.0,5512.0,1933.0,0.2596,37.0,325.0,0.0657,7631,5638,1993,0.2612,55,284,0.0601
2705903,4824.0,3600.0,1224.0,0.2537,46.0,110.0,0.0433,4825.0,3392.0,1433.0,0.297,39.0,159.0,0.0584,5133,3981,1152,0.2244,53,201,0.0638
2706000,9628.0,7341.0,2287.0,0.2375,53.0,213.0,0.0362,9626.0,7222.0,2404.0,0.2497,60.0,413.0,0.0655,10337,8469,1868,0.1807,81,471,0.0652
2706109,9231.0,7165.0,2066.0,0.2238,58.0,148.0,0.0288,9231.0,7220.0,2011.0,0.2179,70.0,341.0,0.0569,10029,7753,2276,0.2269,71,353,0.0547
2706208,4736.0,3433.0,1303.0,0.2751,40.0,90.0,0.0379,4736.0,3188.0,1548.0,0.3269,35.0,141.0,0.0552,4992,3722,1270,0.2544,52,152,0.0548
2706307,52606.0,41421.0,11185.0,0.2126,701.0,1341.0,0.0493,52597.0,40138.0,12459.0,0.2369,483.0,2318.0,0.0698,54544,43046,11498,0.2108,788,2036,0.0656
2706406,18759.0,14122.0,4637.0,0.2472,156.0,334.0,0.0347,18731.0,13383.0,5348.0,0.2855,159.0,602.0,0.0569,18843,14466,4377,0.2323,184,623,0.0558
2706505,11919.0,9427.0,2492.0,0.2091,177.0,270.0,0.0474,11914.0,8935.0,2979.0,0.25,122.0,409.0,0.0594,12513,10255,2258,0.1805,199,434,0.0617
2706604,6256.0,4934.0,1322.0,0.2113,66.0,156.0,0.045,6252.0,4657.0,1595.0,0.2551,59.0,292.0,0.0754,6620,5466,1154,0.1743,93,302,0.0723
2706703,42057.0,31554.0,10503.0,0.2497,430.0,759.0,0.0377,42055.0,30868.0,11187.0,0.266,400.0,1401.0,0.0583,44742,34518,10224,0.2285,636,1287,0.0557
2706802,13553.0,10371.0,3182.0,0.2348,115.0,262.0,0.0364,13554.0,9682.0,3872.0,0.2857,113.0,425.0,0.0556,13930,10938,2992,0.2148,164,470,0.058
2706901,27252.0,21562.0,5690.0,0.2088,411.0,632.0,0.0484,27254.0,21277.0,5977.0,0.2193,313.0,1199.0,0.0711,29494,23927,5567,0.1888,502,1044,0.0646
2707008,2675.0,2150.0,525.0,0.1963,18.0,87.0,0.0488,2674.0,2012.0,662.0,0.2476,16.0,141.0,0.078,2895,2407,488,0.1686,14,117,0.0544
2707107,18870.0,13947.0,4923.0,0.2609,119.0,414.0,0.0382,18871.0,14002.0,4869.0,0.258,100.0,778.0,0.0627,20101,15316,4785,0.238,118,758,0.0572
2707206,10466.0,7954.0,2512.0,0.24,76.0,195.0,0.0341,10466.0,7845.0,2621.0,0.2504,87.0,429.0,0.0658,11257,8834,2423,0.2152,145,512,0.0744
2707305,20913.0,15817.0,5096.0,0.2437,272.0,393.0,0.042,20910.0,14885.0,6025.0,0.2881,207.0,785.0,0.0666,21598,17218,4380,0.2028,302,785,0.0631
2707404,7049.0,5599.0,1450.0,0.2057,89.0,144.0,0.0416,7050.0,5249.0,1801.0,0.2555,53.0,234.0,0.0547,8457,6885,1572,0.1859,120,272,0.0569
2707503,16135.0,12687.0,3448.0,0.2137,188.0,265.0,0.0357,16131.0,12262.0,3869.0,0.2398,147.0,499.0,0.0527,17563,14129,3434,0.1955,288,580,0.0614
2707602,10030.0,7639.0,2391.0,0.2384,101.0,215.0,0.0414,10028.0,7332.0,2696.0,0.2688,60.0,366.0,0.0581,10425,8276,2149,0.2061,84,418,0.0607
2707701,62220.0,50946.0,11274.0,0.1812,1140.0,1317.0,0.0482,62222.0,49558.0,12664.0,0.2035,839.0,2509.0,0.0676,68061,57326,10735,0.1577,1387,2188,0.0624
2707800,5570.0,4254.0,1316.0,0.2363,63.0,151.0,0.0503,5569.0,4051.0,1518.0,0.2726,65.0,274.0,0.0837,5776,4500,1276,0.2209,69,211,0.0622
2707909,6090.0,5075.0,1015.0,0.1667,74.0,140.0,0.0422,6090.0,4949.0,1141.0,0.1874,69.0,268.0,0.0681,6471,5375,1096,0.1694,80,217,0.0553
2708006,32048.0,25106.0,6942.0,0.2166,289.0,644.0,0.0372,32037.0,24799.0,7238.0,0.2259,284.0,1431.0,0.0692,33109,26479,6630,0.2002,391,1235,0.0614
2708105,8998.0,6683.0,2315.0,0.2573,100.0,191.0,0.0435,8996.0,6743.0,2253.0,0.2504,76.0,386.0,0.0685,9415,7203,2212,0.2349,109,321,0.0597
2708204,6675.0,5229.0,1446.0,0.2166,79.0,92.0,0.0327,6674.0,4876.0,1798.0,0.2694,64.0,123.0,0.0384,7353,5849,1504,0.2045,124,191,0.0539
2708303,17350.0,12900.0,4450.0,0.2565,208.0,429.0,0.0494,17350.0,12741.0,4609.0,0.2656,152.0,734.0,0.0695,17824,13584,4240,0.2379,288,704,0.073
2708402,21622.0,15404.0,6218.0,0.2876,181.0,529.0,0.0461,21621.0,15472.0,6149.0,0.2844,227.0,1093.0,0.0853,23495,17434,6061,0.258,239,880,0.0642
2708501,23462.0,17167.0,6295.0,0.2683,365.0,484.0,0.0495,23464.0,16695.0,6769.0,0.2885,239.0,898.0,0.0681,23573,18136,5437,0.2306,355,947,0.0718
2708600,42471.0,33234.0,9237.0,0.2175,489.0,1019.0,0.0454,42474.0,32542.0,9932.0,0.2338,388.0,1781.0,0.0667,43051,34036,9015,0.2094,685,1493,0.064
2708709,7367.0,5734.0,1633.0,0.2217,105.0,172.0,0.0483,7365.0,5421.0,1944.0,0.264,72.0,254.0,0.0601,8255,6617,1638,0.1984,114,301,0.0627
2708808,25941.0,19612.0,6329.0,0.244,359.0,516.0,0.0446,25939.0,19531.0,6408.0,0.247,257.0,961.0,0.0624,27082,21387,5695,0.2103,378,1015,0.0651
2708907,12488.0,10447.0,2041.0,0.1634,165.0,254.0,0.0401,12489.0,10210.0,2279.0,0.1825,125.0,466.0,0.0579,15433,13147,2286,0.1481,228,395,0.0474
2709004,5492.0,3997.0,1495.0,0.2722,59.0,138.0,0.0493,5492.0,3915.0,1577.0,0.2871,40.0,213.0,0.0646,6000,4541,1459,0.2432,60,265,0.0716
2709103,14156.0,10618.0,3538.0,0.2499,153.0,400.0,0.0521,14156.0,10731.0,3425.0,0.2419,144.0,658.0,0.0747,15528,12301,3227,0.2078,179,714,0.0726
2709202,18319.0,13555.0,4764.0,0.2601,121.0,405.0,0.0388,18304.0,13235.0,5069.0,0.2769,139.0,791.0,0.0703,19176,14722,4454,0.2323,169,966,0.0771
2709301,46246.0,34459.0,11787.0,0.2549,467.0,954.0,0.0412,46244.0,34080.0,12164.0,0.263,399.0,1862.0,0.0663,48373,37701,10672,0.2206,544,1776,0.0615
2709400,20273.0,15777.0,4496.0,0.2218,284.0,450.0,0.0465,20273.0,15232.0,5041.0,0.2487,198.0,837.0,0.0679,20902,16593,4309,0.2062,259,822,0.0651
2702355,19310.0,15351.0,3959.0,0.205,210.0,420.0,0.041,19310.0,15701.0,3609.0,0.1869,202.0,943.0,0.0729,21887,17441,4446,0.2031,275,773,0.0601
2708956,9297.0,6729.0,2568.0,0.2762,70.0,147.0,0.0322,9296.0,6778.0,2518.0,0.2709,67.0,428.0,0.073,9681,7451,2230,0.2303,72,404,0.0639
2709152,30656.0,21640.0,9016.0,0.2941,391.0,743.0,0.0524,30655.0,21622.0,9033.0,0.2947,333.0,1323.0,0.0766,31106,22794,8312,0.2672,416,1158,0.0691
2919553,69834.0,55082.0,14752.0,0.2112,574.0,928.0,0.0273,69846.0,56311.0,13535.0,0.1938,568.0,1283.0,0.0329,81123,63933,17190,0.2119,744,1128,0.0293
2605459,3299.0,2300.0,999.0,0.3028,42.0,84.0,0.0548,3306.0,2089.0,1217.0,0.3681,24.0,75.0,0.0474,3657,2463,1194,0.3265,52,57,0.0443
2401453,20554.0,16868.0,3686.0,0.1793,209.0,411.0,0.0368,20556.0,17296.0,3260.0,0.1586,145.0,374.0,0.03,22038,18151,3887,0.1764,271,486,0.0417
2910727,81550.0,63475.0,18075.0,0.2216,784.0,2025.0,0.0443,81567.0,64207.0,17360.0,0.2128,787.0,2571.0,0.0523,83372,64629,18743,0.2248,1063,2151,0.0497
2917334,8856.0,6764.0,2092.0,0.2362,67.0,190.0,0.038,8856.0,6825.0,2031.0,0.2293,72.0,186.0,0.0378,8643,7018,1625,0.188,102,152,0.0362
2917359,9111.0,7205.0,1906.0,0.2092,73.0,242.0,0.0437,9112.0,7168.0,1944.0,0.2133,70.0,273.0,0.0479,10158,7745,2413,0.2375,122,253,0.0484
2918555,5022.0,3487.0,1535.0,0.3057,33.0,111.0,0.0413,5022.0,3460.0,1562.0,0.311,30.0,136.0,0.048,4647,3644,1003,0.2158,32,145,0.0486
2901155,13481.0,10145.0,3336.0,0.2475,75.0,215.0,0.0286,13482.0,10173.0,3309.0,0.2454,82.0,241.0,0.0318,12503,10243,2260,0.1808,134,217,0.0343
2902252,6290.0,4658.0,1632.0,0.2595,27.0,160.0,0.0401,6290.0,4468.0,1822.0,0.2897,52.0,192.0,0.0546,6559,4935,1624,0.2476,41,166,0.0419
2903235,10946.0,8663.0,2283.0,0.2086,77.0,247.0,0.0374,10947.0,8839.0,2108.0,0.1926,100.0,283.0,0.0433,11523,9432,2091,0.1815,122,254,0.0399
2903276,13725.0,11282.0,2443.0,0.178,106.0,374.0,0.0425,13726.0,11351.0,2375.0,0.173,104.0,506.0,0.0537,14895,12391,2504,0.1681,152,355,0.0409
2904753,16311.0,11875.0,4436.0,0.272,72.0,464.0,0.0451,16311.0,11698.0,4613.0,0.2828,88.0,511.0,0.0512,15728,12419,3309,0.2104,78,444,0.042
2906857,9814.0,7526.0,2288.0,0.2331,141.0,337.0,0.0635,9813.0,7495.0,2318.0,0.2362,127.0,373.0,0.0667,9756,8015,1741,0.1785,132,304,0.0544
2906873,24719.0,18927.0,5792.0,0.2343,282.0,685.0,0.0511,24718.0,19192.0,5526.0,0.2236,324.0,854.0,0.0614,24872,20311,4561,0.1834,344,724,0.0526
2906824,13322.0,10187.0,3135.0,0.2353,62.0,369.0,0.0423,13324.0,10105.0,3219.0,0.2416,65.0,368.0,0.0429,13077,10763,2314,0.177,84,347,0.04
2910057,53694.0,42236.0,11458.0,0.2134,812.0,1685.0,0.0591,53694.0,42564.0,11130.0,0.2073,765.0,2101.0,0.0673,53134,41256,11878,0.2235,956,1799,0.0668
2910750,15925.0,12289.0,3636.0,0.2283,148.0,378.0,0.0428,15925.0,12490.0,3435.0,0.2157,169.0,458.0,0.0502,15318,12801,2517,0.1643,191,411,0.047
2910859,15677.0,11677.0,4000.0,0.2552,166.0,319.0,0.0415,15678.0,11871.0,3807.0,0.2428,168.0,439.0,0.0511,15281,12559,2722,0.1781,212,355,0.0451
2911253,4492.0,3420.0,1072.0,0.2386,50.0,127.0,0.0518,4492.0,3415.0,1077.0,0.2398,44.0,155.0,0.0583,4375,3570,805,0.184,65,207,0.0762
2911659,7422.0,4924.0,2498.0,0.3366,41.0,202.0,0.0494,7422.0,5059.0,2363.0,0.3184,62.0,193.0,0.0504,6431,4851,1580,0.2457,48,130,0.0367
2911857,11822.0,9432.0,2390.0,0.2022,85.0,213.0,0.0316,11823.0,9502.0,2321.0,0.1963,121.0,297.0,0.044,12729,10069,2660,0.209,106,240,0.0344
2918357,19474.0,14814.0,4660.0,0.2393,122.0,360.0,0.0325,19475.0,15001.0,4474.0,0.2297,166.0,456.0,0.0415,19862,16236,3626,0.1826,199,383,0.0358
2806404,5924.0,4599.0,1325.0,0.2237,52.0,160.0,0.0461,5920.0,4542.0,1378.0,0.2328,68.0,148.0,0.0476,6340,5074,1266,0.1997,95,155,0.0493
2800100,2680.0,2232.0,448.0,0.1672,30.0,49.0,0.0354,2680.0,2078.0,602.0,0.2246,20.0,54.0,0.0356,3095,2551,544,0.1758,30,58,0.0345
2800209,16723.0,13446.0,3277.0,0.196,142.0,469.0,0.0454,16717.0,13004.0,3713.0,0.2221,124.0,526.0,0.05,17283,14313,2970,0.1718,179,465,0.045
2800308,423647.0,352390.0,71257.0,0.1682,4899.0,10789.0,0.0445,423579.0,352361.0,71218.0,0.1681,5089.0,13908.0,0.0539,422179,352202,69977,0.1658,5839,10692,0.0469
2800407,9370.0,7456.0,1914.0,0.2043,83.0,204.0,0.0385,9366.0,7382.0,1984.0,0.2118,79.0,241.0,0.0433,9692,7914,1778,0.1835,123,236,0.0454
2800506,14074.0,11850.0,2224.0,0.158,229.0,433.0,0.0559,14073.0,11665.0,2408.0,0.1711,179.0,514.0,0.0594,15286,13011,2275,0.1488,286,574,0.0661
2800605,25157.0,19927.0,5230.0,0.2079,328.0,542.0,0.0437,25157.0,19713.0,5444.0,0.2164,286.0,644.0,0.0472,31707,26128,5579,0.176,442,689,0.0433
2800704,7228.0,5693.0,1535.0,0.2124,85.0,172.0,0.0451,7225.0,5413.0,1812.0,0.2508,67.0,199.0,0.0491,8118,6321,1797,0.2214,101,203,0.0481
2800670,21507.0,16946.0,4561.0,0.2121,250.0,690.0,0.0555,21505.0,16922.0,4583.0,0.2131,225.0,694.0,0.0543,22028,17836,4192,0.1903,293,640,0.0523
2801009,14823.0,11801.0,3022.0,0.2039,170.0,438.0,0.0515,14824.0,11923.0,2901.0,0.1957,135.0,490.0,0.0524,15710,12858,2852,0.1815,215,524,0.0575
2801108,4356.0,3547.0,809.0,0.1857,36.0,124.0,0.0451,4354.0,3479.0,875.0,0.201,24.0,127.0,0.0434,4709,3990,719,0.1527,52,117,0.0424
2801207,23621.0,17585.0,6036.0,0.2555,180.0,539.0,0.0409,23623.0,17492.0,6131.0,0.2595,187.0,558.0,0.0426,24727,18887,5840,0.2362,199,670,0.046
2801306,26092.0,20255.0,5837.0,0.2237,372.0,814.0,0.0586,26096.0,19860.0,6236.0,0.239,300.0,884.0,0.0596,27103,21120,5983,0.2208,453,922,0.0651
2801405,16931.0,13509.0,3422.0,0.2021,151.0,480.0,0.0467,16929.0,13276.0,3653.0,0.2158,161.0,561.0,0.0544,17134,13953,3181,0.1857,199,594,0.0568
2801504,13015.0,9836.0,3179.0,0.2443,126.0,372.0,0.0506,13016.0,9763.0,3253.0,0.2499,128.0,384.0,0.0524,12534,9574,2960,0.2362,169,369,0.0562
2801603,5229.0,4434.0,795.0,0.152,35.0,110.0,0.0327,5230.0,4431.0,799.0,0.1528,38.0,130.0,0.0379,5345,4553,792,0.1482,48,129,0.0389
2801702,14080.0,10697.0,3383.0,0.2403,133.0,293.0,0.0398,14078.0,10682.0,3396.0,0.2412,105.0,297.0,0.0376,14633,11295,3338,0.2281,151,295,0.0395
2804458,7308.0,6073.0,1235.0,0.169,122.0,165.0,0.0473,7305.0,6093.0,1212.0,0.1659,116.0,180.0,0.0486,7652,6384,1268,0.1657,137,279,0.0652
2801900,4285.0,3656.0,629.0,0.1468,53.0,153.0,0.0563,4284.0,3537.0,747.0,0.1744,57.0,138.0,0.0551,4501,3845,656,0.1457,63,164,0.059
2802007,4035.0,3240.0,795.0,0.197,28.0,106.0,0.0414,4035.0,3161.0,874.0,0.2166,32.0,101.0,0.0421,4411,3624,787,0.1784,57,114,0.0472
2802106,49226.0,38634.0,10592.0,0.2152,607.0,1191.0,0.0465,49228.0,38694.0,10534.0,0.214,549.0,1395.0,0.0502,50966,40967,9999,0.1962,787,1328,0.0516
2802205,5785.0,4854.0,931.0,0.1609,40.0,157.0,0.0406,5784.0,4719.0,1065.0,0.1841,52.0,154.0,0.0437,6299,5470,829,0.1316,55,182,0.0433
2802304,13137.0,10758.0,2379.0,0.1811,163.0,341.0,0.0468,13137.0,10732.0,2405.0,0.1831,170.0,395.0,0.0526,13549,11285,2264,0.1671,232,482,0.0633
2802502,2922.0,2350.0,572.0,0.1958,33.0,74.0,0.0455,2921.0,2283.0,638.0,0.2184,24.0,74.0,0.0429,3345,2776,569,0.1701,34,79,0.0407
2802403,9177.0,7476.0,1701.0,0.1854,88.0,216.0,0.0407,9177.0,7471.0,1706.0,0.1859,79.0,202.0,0.0376,9619,7859,1760,0.183,86,253,0.0431
2802601,6041.0,5112.0,929.0,0.1538,73.0,126.0,0.0389,6042.0,5048.0,994.0,0.1645,53.0,135.0,0.0372,6449,5494,955,0.1481,69,141,0.0382
2802700,7499.0,5668.0,1831.0,0.2442,89.0,151.0,0.0423,7495.0,5255.0,2240.0,0.2989,63.0,171.0,0.0445,7753,6127,1626,0.2097,103,185,0.047
2802809,13040.0,10015.0,3025.0,0.232,123.0,339.0,0.0461,13038.0,9861.0,3177.0,0.2437,113.0,346.0,0.0465,13697,10735,2962,0.2163,152,348,0.0466
2802908,72233.0,61500.0,10733.0,0.1486,1010.0,2502.0,0.0571,72228.0,60728.0,11500.0,0.1592,888.0,2847.0,0.0615,76645,66065,10580,0.138,1353,3370,0.0715
2803005,30687.0,25487.0,5200.0,0.1695,385.0,861.0,0.0489,30688.0,25757.0,4931.0,0.1607,326.0,958.0,0.0499,32189,27079,5110,0.1587,446,906,0.0499
2803104,4540.0,3723.0,817.0,0.18,62.0,117.0,0.0481,4540.0,3641.0,899.0,0.198,54.0,129.0,0.0503,4734,3921,813,0.1717,55,154,0.0533
2803203,28112.0,22525.0,5587.0,0.1987,410.0,860.0,0.0564,28104.0,22213.0,5891.0,0.2096,332.0,974.0,0.0588,29786,24068,5718,0.192,539,984,0.0633
2803302,14454.0,11087.0,3367.0,0.2329,137.0,340.0,0.043,14451.0,11033.0,3418.0,0.2365,159.0,392.0,0.0499,14930,11781,3149,0.2109,228,355,0.0495
2803401,11142.0,8964.0,2178.0,0.1955,147.0,266.0,0.0461,11139.0,8712.0,2427.0,0.2179,114.0,309.0,0.0486,11510,9356,2154,0.1871,165,289,0.0485
2803500,77236.0,64557.0,12679.0,0.1642,985.0,2823.0,0.059,77236.0,64705.0,12531.0,0.1622,744.0,2784.0,0.0545,82331,69965,12366,0.1502,1187,2864,0.0579
2803609,22164.0,17729.0,4435.0,0.2001,310.0,663.0,0.0549,22162.0,17471.0,4691.0,0.2117,255.0,813.0,0.0611,22132,18188,3944,0.1782,382,650,0.0567
2803708,6459.0,5307.0,1152.0,0.1784,87.0,158.0,0.0462,6459.0,5363.0,1096.0,0.1697,73.0,191.0,0.0492,6860,5742,1118,0.163,81,258,0.059
2803807,3895.0,3135.0,760.0,0.1951,50.0,84.0,0.0427,3895.0,3071.0,824.0,0.2116,40.0,86.0,0.041,4297,3430,867,0.2018,35,97,0.0385
2803906,9965.0,8292.0,1673.0,0.1679,112.0,270.0,0.0461,9965.0,8259.0,1706.0,0.1712,99.0,332.0,0.0522,10440,8746,1694,0.1623,164,368,0.0608
2804003,12872.0,10273.0,2599.0,0.2019,180.0,322.0,0.0489,12872.0,10157.0,2715.0,0.2109,167.0,378.0,0.0537,13208,10484,2724,0.2062,217,287,0.0481
2804102,9387.0,7797.0,1590.0,0.1694,190.0,476.0,0.0854,9388.0,7717.0,1671.0,0.178,128.0,481.0,0.0789,9837,8210,1627,0.1654,206,478,0.0833
2804201,11876.0,9571.0,2305.0,0.1941,103.0,293.0,0.0414,11875.0,9399.0,2476.0,0.2085,122.0,311.0,0.0461,12763,10378,2385,0.1869,145,319,0.0447
2804300,7181.0,5852.0,1329.0,0.1851,76.0,168.0,0.0417,7183.0,5616.0,1567.0,0.2182,76.0,193.0,0.0479,7511,6242,1269,0.169,109,162,0.0434
2804409,14090.0,10780.0,3310.0,0.2349,125.0,320.0,0.0413,14076.0,10490.0,3586.0,0.2548,92.0,420.0,0.0488,14406,11492,2914,0.2023,139,318,0.0398
2804508,28131.0,23616.0,4515.0,0.1605,310.0,630.0,0.0398,28125.0,23446.0,4679.0,0.1664,239.0,739.0,0.0417,30467,25928,4539,0.149,386,679,0.0411
2804607,20871.0,17256.0,3615.0,0.1732,366.0,695.0,0.0615,20871.0,17118.0,3753.0,0.1798,302.0,840.0,0.0667,21460,18069,3391,0.158,394,768,0.0643
2804706,5724.0,4747.0,977.0,0.1707,41.0,162.0,0.0428,5724.0,4710.0,1014.0,0.1771,28.0,158.0,0.0395,6277,5334,943,0.1502,43,168,0.0396
2804805,113440.0,95819.0,17621.0,0.1553,1614.0,3142.0,0.0496,113439.0,95258.0,18181.0,0.1603,1376.0,3921.0,0.0556,123924,104904,19020,0.1535,2234,3550,0.0551
2804904,11630.0,8688.0,2942.0,0.253,136.0,239.0,0.0432,11633.0,8383.0,3250.0,0.2794,104.0,275.0,0.0452,11850,9366,2484,0.2096,159,307,0.0498
2805000,3202.0,2678.0,524.0,0.1636,33.0,94.0,0.0474,3201.0,2638.0,563.0,0.1759,32.0,103.0,0.0512,3372,2828,544,0.1613,42,119,0.0569
2805109,7452.0,5748.0,1704.0,0.2287,75.0,205.0,0.0487,7453.0,5703.0,1750.0,0.2348,74.0,185.0,0.0454,7917,6385,1532,0.1935,76,217,0.0459
2805208,5477.0,4499.0,978.0,0.1786,73.0,135.0,0.0462,5477.0,4364.0,1113.0,0.2032,55.0,160.0,0.0493,5635,4671,964,0.1711,66,200,0.0569
2805307,8338.0,6338.0,2000.0,0.2399,111.0,159.0,0.0426,8340.0,6150.0,2190.0,0.2626,82.0,180.0,0.0426,8575,6637,1938,0.226,112,202,0.0473
2805406,21568.0,16574.0,4994.0,0.2315,187.0,550.0,0.0445,21570.0,16332.0,5238.0,0.2428,153.0,589.0,0.0454,22765,18082,4683,0.2057,194,601,0.044
2805505,19120.0,15221.0,3899.0,0.2039,192.0,481.0,0.0442,19118.0,15204.0,3914.0,0.2047,229.0,554.0,0.0515,19505,15833,3672,0.1883,238,514,0.0475
2805604,23452.0,18885.0,4567.0,0.1947,317.0,593.0,0.0482,23442.0,18412.0,5030.0,0.2146,232.0,667.0,0.0488,25098,20927,4171,0.1662,314,575,0.0425
2805703,19722.0,15989.0,3733.0,0.1893,222.0,401.0,0.039,19722.0,15805.0,3917.0,0.1986,197.0,492.0,0.0436,20113,16581,3532,0.1756,264,428,0.0417
2805802,17291.0,14209.0,3082.0,0.1782,222.0,580.0,0.0564,17289.0,14074.0,3215.0,0.186,151.0,528.0,0.0482,17768,14896,2872,0.1616,221,498,0.0483
2805901,8103.0,6476.0,1627.0,0.2008,95.0,193.0,0.0445,8101.0,6373.0,1728.0,0.2133,70.0,208.0,0.0436,8232,6538,1694,0.2058,110,209,0.0488
2806008,14389.0,11931.0,2458.0,0.1708,210.0,486.0,0.0583,14388.0,11826.0,2562.0,0.1781,175.0,516.0,0.0584,14762,12174,2588,0.1753,248,610,0.0705
2806107,8615.0,6753.0,1862.0,0.2161,93.0,239.0,0.0492,8616.0,6694.0,1922.0,0.2231,84.0,258.0,0.0511,8984,7092,1892,0.2106,110,205,0.0444
2806206,16838.0,13979.0,2859.0,0.1698,217.0,543.0,0.0544,16837.0,13915.0,2922.0,0.1735,179.0,550.0,0.0524,17916,15022,2894,0.1615,240,520,0.0506
2806305,11444.0,8555.0,2889.0,0.2524,145.0,373.0,0.0605,11444.0,8484.0,2960.0,0.2587,122.0,402.0,0.0618,12169,9495,2674,0.2197,174,401,0.0606
2806503,4124.0,3460.0,664.0,0.161,59.0,140.0,0.0575,4124.0,3331.0,793.0,0.1923,50.0,131.0,0.0543,4659,3893,766,0.1644,88,127,0.0552
2806602,9813.0,7263.0,2550.0,0.2599,94.0,202.0,0.0408,9811.0,7171.0,2640.0,0.2691,53.0,220.0,0.0381,10453,7811,2642,0.2528,120,220,0.0435
2806701,58637.0,49559.0,9078.0,0.1548,833.0,1735.0,0.0518,58638.0,49162.0,9476.0,0.1616,763.0,2177.0,0.0598,61859,52267,9592,0.1551,1162,1869,0.058
2806800,8242.0,6238.0,2004.0,0.2431,103.0,287.0,0.0625,8243.0,6401.0,1842.0,0.2235,87.0,299.0,0.0603,8598,6769,1829,0.2127,124,386,0.0753
2806909,3519.0,2908.0,611.0,0.1736,24.0,91.0,0.0395,3519.0,2835.0,684.0,0.1944,24.0,94.0,0.0416,3798,3202,596,0.1569,28,96,0.0387
2807006,3972.0,3213.0,759.0,0.1911,50.0,129.0,0.0557,3972.0,3121.0,851.0,0.2142,22.0,125.0,0.0471,3982,3348,634,0.1592,46,149,0.0582
2807105,35443.0,29257.0,6186.0,0.1745,457.0,1308.0,0.0603,35446.0,29189.0,6257.0,0.1765,375.0,1328.0,0.0583,37093,30782,6311,0.1701,596,1447,0.0664
2807204,6671.0,5413.0,1258.0,0.1886,87.0,130.0,0.0401,6670.0,5326.0,1344.0,0.2015,68.0,160.0,0.0428,6787,5616,1171,0.1725,96,152,0.0442
2807303,3522.0,2988.0,534.0,0.1516,41.0,69.0,0.0368,3522.0,2952.0,570.0,0.1618,24.0,103.0,0.043,3641,3083,558,0.1533,49,61,0.0357
2807402,40736.0,33485.0,7251.0,0.178,342.0,981.0,0.0395,40740.0,33490.0,7250.0,0.178,328.0,1046.0,0.041,42750,35734,7016,0.1641,420,1117,0.043
2807501,9874.0,7564.0,2310.0,0.2339,129.0,359.0,0.0645,9873.0,7588.0,2285.0,0.2314,127.0,382.0,0.0671,10522,8366,2156,0.2049,115,344,0.0549
2807600,18811.0,14797.0,4014.0,0.2134,257.0,517.0,0.0523,18814.0,14840.0,3974.0,0.2112,243.0,552.0,0.0536,19761,16156,3605,0.1824,290,542,0.0515
2900108,7181.0,5460.0,1721.0,0.2397,97.0,306.0,0.0738,7178.0,5494.0,1684.0,0.2346,66.0,310.0,0.0684,6761,5380,1381,0.2043,93,347,0.0818
2900207,14591.0,11965.0,2626.0,0.18,95.0,344.0,0.0367,14591.0,11981.0,2610.0,0.1789,100.0,359.0,0.0383,14734,12289,2445,0.1659,130,300,0.035
2900306,12237.0,9222.0,3015.0,0.2464,109.0,322.0,0.0467,12237.0,9110.0,3127.0,0.2555,99.0,411.0,0.056,12019,9617,2402,0.1999,153,424,0.06
2900355,11850.0,9681.0,2169.0,0.183,116.0,358.0,0.049,11851.0,9828.0,2023.0,0.1707,148.0,424.0,0.0582,12402,10239,2163,0.1744,134,442,0.0563
2900405,13061.0,9756.0,3305.0,0.253,140.0,555.0,0.0712,13060.0,9685.0,3375.0,0.2584,120.0,594.0,0.0737,13416,10582,2834,0.2112,211,565,0.0733
2900504,8832.0,6392.0,2440.0,0.2763,96.0,354.0,0.0704,8834.0,6451.0,2383.0,0.2698,83.0,278.0,0.056,8440,6468,1972,0.2336,92,303,0.0611
2900603,4184.0,3126.0,1058.0,0.2529,34.0,123.0,0.0502,4184.0,3140.0,1044.0,0.2495,35.0,132.0,0.0532,4318,3286,1032,0.239,43,88,0.0399
2900702,112002.0,89740.0,22262.0,0.1988,1708.0,3391.0,0.0568,112023.0,91288.0,20735.0,0.1851,1568.0,4496.0,0.0664,114417,90539,23878,0.2087,2133,3767,0.0652
2900801,18832.0,13528.0,5304.0,0.2816,167.0,382.0,0.0406,18831.0,13348.0,5483.0,0.2912,139.0,517.0,0.0491,19171,14850,4321,0.2254,176,460,0.0428
2900900,5157.0,3649.0,1508.0,0.2924,27.0,137.0,0.0449,5157.0,3639.0,1518.0,0.2944,27.0,145.0,0.0473,4923,3844,1079,0.2192,26,85,0.0289
2901007,28896.0,22059.0,6837.0,0.2366,342.0,794.0,0.0515,28897.0,22771.0,6126.0,0.212,317.0,1021.0,0.0588,28384,22830,5554,0.1957,447,1028,0.0646
2901106,19792.0,15717.0,4075.0,0.2059,270.0,543.0,0.0517,19792.0,15780.0,4012.0,0.2027,275.0,708.0,0.0623,19625,15825,3800,0.1936,353,572,0.0585
2901205,19720.0,14880.0,4840.0,0.2454,137.0,687.0,0.0554,19724.0,14834.0,4890.0,0.2479,163.0,590.0,0.0508,18704,15035,3669,0.1962,173,490,0.0441
2901304,10764.0,7772.0,2992.0,0.278,81.0,395.0,0.0612,10765.0,7875.0,2890.0,0.2685,73.0,378.0,0.0573,9794,7682,2112,0.2156,93,301,0.0513
2901353,12446.0,10166.0,2280.0,0.1832,100.0,305.0,0.0398,12446.0,10252.0,2194.0,0.1763,93.0,267.0,0.0351,13508,11291,2217,0.1641,109,293,0.0356
2901403,12884.0,10143.0,2741.0,0.2127,70.0,291.0,0.0356,12886.0,10163.0,2723.0,0.2113,85.0,254.0,0.0334,12831,10421,2410,0.1878,78,229,0.0295
2901502,9349.0,7449.0,1900.0,0.2032,99.0,245.0,0.0462,9348.0,7439.0,1909.0,0.2042,71.0,278.0,0.0469,10304,8457,1847,0.1793,131,271,0.0475
2901601,10985.0,8465.0,2520.0,0.2294,77.0,263.0,0.0402,10979.0,8590.0,2389.0,0.2176,77.0,340.0,0.0485,10594,8590,2004,0.1892,89,282,0.0432
2901700,11270.0,9497.0,1773.0,0.1573,85.0,257.0,0.036,11271.0,9564.0,1707.0,0.1515,90.0,303.0,0.0411,12130,10025,2105,0.1735,125,319,0.0443
2901809,8815.0,6769.0,2046.0,0.2321,65.0,213.0,0.0411,8815.0,6796.0,2019.0,0.229,85.0,226.0,0.0458,8672,7070,1602,0.1847,83,192,0.0389
2901908,14294.0,10489.0,3805.0,0.2662,135.0,413.0,0.0522,14294.0,10626.0,3668.0,0.2566,149.0,517.0,0.0627,14198,11384,2814,0.1982,182,539,0.0633
2902054,10142.0,8046.0,2096.0,0.2067,108.0,286.0,0.049,10144.0,8148.0,1996.0,0.1968,101.0,318.0,0.0514,10800,8266,2534,0.2346,127,284,0.0497
2902005,11976.0,10246.0,1730.0,0.1445,156.0,352.0,0.0496,11977.0,10265.0,1712.0,0.1429,147.0,292.0,0.0428,12568,10499,2069,0.1646,167,269,0.0415
2901957,5967.0,4711.0,1256.0,0.2105,45.0,226.0,0.0575,5968.0,4732.0,1236.0,0.2071,65.0,199.0,0.0558,6358,4985,1373,0.2159,42,218,0.0522
2902104,42185.0,29780.0,12405.0,0.2941,296.0,1013.0,0.044,42189.0,30118.0,12071.0,0.2861,320.0,1213.0,0.0509,40272,31786,8486,0.2107,372,1001,0.0432
2902203,9288.0,7444.0,1844.0,0.1985,115.0,292.0,0.0547,9289.0,7366.0,1923.0,0.207,100.0,336.0,0.0592,9785,7691,2094,0.214,132,307,0.0571
2902302,8585.0,6632.0,1953.0,0.2275,112.0,208.0,0.0483,8585.0,6673.0,1912.0,0.2227,120.0,242.0,0.0542,8424,6657,1767,0.2098,135,225,0.0541
2902401,9834.0,7311.0,2523.0,0.2566,59.0,191.0,0.0342,9833.0,7220.0,2613.0,0.2657,85.0,296.0,0.0528,9612,7219,2393,0.249,95,255,0.0485
2902500,12306.0,9762.0,2544.0,0.2067,116.0,349.0,0.0476,12305.0,9584.0,2721.0,0.2211,92.0,305.0,0.0414,12451,10117,2334,0.1875,151,322,0.0468
2902609,16131.0,11612.0,4519.0,0.2801,226.0,661.0,0.0764,16134.0,11694.0,4440.0,0.2752,167.0,740.0,0.0776,15480,12160,3320,0.2145,215,539,0.062
2902658,10241.0,8292.0,1949.0,0.1903,80.0,271.0,0.0423,10241.0,8283.0,1958.0,0.1912,86.0,264.0,0.0423,10902,8760,2142,0.1965,101,234,0.0382
2902708,38601.0,27918.0,10683.0,0.2768,210.0,959.0,0.0419,38605.0,27959.0,10646.0,0.2758,247.0,1196.0,0.0516,37117,29228,7889,0.2125,254,855,0.0379
2902807,20046.0,16790.0,3256.0,0.1624,264.0,677.0,0.056,20044.0,16860.0,3184.0,0.1589,230.0,635.0,0.0513,21065,18304,2761,0.1311,413,670,0.0592
2902906,29566.0,22330.0,7236.0,0.2447,255.0,991.0,0.0558,29566.0,22618.0,6948.0,0.235,291.0,1063.0,0.0599,28911,23288,5623,0.1945,369,944,0.0564
2903003,12802.0,9877.0,2925.0,0.2285,97.0,244.0,0.0345,12802.0,9897.0,2905.0,0.2269,77.0,292.0,0.0373,12115,9919,2196,0.1813,108,317,0.0428
2903102,4189.0,3058.0,1131.0,0.27,21.0,84.0,0.0343,4192.0,3058.0,1134.0,0.2705,18.0,103.0,0.0396,4427,3250,1177,0.2659,33,94,0.0391
2903201,104090.0,85497.0,18593.0,0.1786,976.0,1923.0,0.0339,104097.0,87427.0,16670.0,0.1601,905.0,2342.0,0.0371,109227,88859,20368,0.1865,1232,1877,0.035
2903300,6091.0,4529.0,1562.0,0.2564,59.0,165.0,0.0495,6091.0,4464.0,1627.0,0.2671,61.0,228.0,0.0647,5763,4531,1232,0.2138,72,186,0.0569
2903409,16115.0,11713.0,4402.0,0.2732,127.0,417.0,0.0464,16114.0,11534.0,4580.0,0.2842,120.0,486.0,0.0525,14778,11430,3348,0.2266,150,353,0.044
2903508,16441.0,12173.0,4268.0,0.2596,138.0,479.0,0.0507,16443.0,12317.0,4126.0,0.2509,141.0,459.0,0.0487,15726,12547,3179,0.2021,207,385,0.0472
2903607,12526.0,10003.0,2523.0,0.2014,135.0,585.0,0.072,12526.0,9964.0,2562.0,0.2045,123.0,517.0,0.0642,13259,10579,2680,0.2021,157,478,0.06
2903706,13979.0,9078.0,4901.0,0.3506,92.0,443.0,0.0589,13977.0,9126.0,4851.0,0.3471,104.0,435.0,0.0591,13066,9531,3535,0.2705,132,418,0.0577
2903805,14537.0,11020.0,3517.0,0.2419,103.0,594.0,0.0632,14539.0,11037.0,3502.0,0.2409,120.0,622.0,0.0672,14089,11108,2981,0.2116,122,572,0.0625
2903904,50026.0,38145.0,11881.0,0.2375,439.0,1319.0,0.0461,50034.0,38389.0,11645.0,0.2327,435.0,1193.0,0.0424,48946,39998,8948,0.1828,564,1043,0.0402
2903953,9647.0,6795.0,2852.0,0.2956,60.0,341.0,0.059,9647.0,6815.0,2832.0,0.2936,73.0,279.0,0.0517,9372,7142,2230,0.2379,74,267,0.0477
2904001,11164.0,8261.0,2903.0,0.26,127.0,347.0,0.0574,11164.0,8327.0,2837.0,0.2541,136.0,389.0,0.063,10945,8619,2326,0.2125,166,379,0.0632
2904050,12935.0,9791.0,3144.0,0.2431,106.0,339.0,0.0454,12937.0,9802.0,3135.0,0.2423,151.0,361.0,0.0522,12270,10180,2090,0.1703,178,360,0.0528
2904100,17044.0,12384.0,4660.0,0.2734,108.0,487.0,0.048,17044.0,12692.0,4352.0,0.2553,115.0,401.0,0.0407,16616,12816,3800,0.2287,115,469,0.0456
2904209,9919.0,7164.0,2755.0,0.2777,68.0,390.0,0.0639,9921.0,7264.0,2657.0,0.2678,76.0,262.0,0.0465,9465,7440,2025,0.2139,99,324,0.0569
2904308,11653.0,8443.0,3210.0,0.2755,113.0,336.0,0.0532,11651.0,8400.0,3251.0,0.279,135.0,394.0,0.063,10919,8722,2197,0.2012,172,318,0.0562
2904407,8411.0,6288.0,2123.0,0.2524,136.0,168.0,0.0483,8416.0,6217.0,2199.0,0.2613,123.0,221.0,0.0553,8415,6440,1975,0.2347,133,168,0.0467
2904506,9529.0,7294.0,2235.0,0.2345,73.0,285.0,0.0491,9532.0,7352.0,2180.0,0.2287,90.0,321.0,0.0559,9505,7852,1653,0.1739,90,280,0.0471
2904605,51083.0,43209.0,7874.0,0.1541,573.0,1581.0,0.0499,51089.0,43764.0,7325.0,0.1434,512.0,1818.0,0.0532,53467,44773,8694,0.1626,694,1512,0.0493
2904704,12904.0,9635.0,3269.0,0.2533,114.0,327.0,0.0458,12906.0,9510.0,3396.0,0.2631,111.0,526.0,0.067,13021,9889,3132,0.2405,143,468,0.0618
2904803,6538.0,4681.0,1857.0,0.284,38.0,200.0,0.0508,6538.0,4644.0,1894.0,0.2897,46.0,198.0,0.0525,5851,4650,1201,0.2053,45,167,0.0456
2904852,13433.0,10667.0,2766.0,0.2059,144.0,378.0,0.0489,13434.0,10743.0,2691.0,0.2003,141.0,409.0,0.0512,14433,11452,2981,0.2065,191,367,0.0487
2904902,26353.0,20452.0,5901.0,0.2239,300.0,622.0,0.0451,26357.0,20414.0,5943.0,0.2255,269.0,816.0,0.0531,26041,20885,5156,0.198,345,665,0.0484
2905008,17979.0,14500.0,3479.0,0.1935,230.0,561.0,0.0546,17985.0,14626.0,3359.0,0.1868,217.0,632.0,0.058,18021,15113,2908,0.1614,257,567,0.0545
2905107,7987.0,6233.0,1754.0,0.2196,58.0,276.0,0.0536,7987.0,6320.0,1667.0,0.2087,46.0,259.0,0.0483,8150,6496,1654,0.2029,42,222,0.0406
2905156,10598.0,7828.0,2770.0,0.2614,67.0,272.0,0.0433,10600.0,7973.0,2627.0,0.2478,61.0,228.0,0.0362,11192,8643,2549,0.2278,80,187,0.0309
2905206,42138.0,34557.0,7581.0,0.1799,383.0,1418.0,0.0521,42140.0,35292.0,6848.0,0.1625,340.0,1404.0,0.0494,42181,34897,7284,0.1727,487,1356,0.0528
2905305,14865.0,11378.0,3487.0,0.2346,162.0,372.0,0.0469,14865.0,11515.0,3350.0,0.2254,178.0,418.0,0.0518,14513,11941,2572,0.1772,239,473,0.0596
2905404,13941.0,11161.0,2780.0,0.1994,171.0,378.0,0.0492,13941.0,10982.0,2959.0,0.2123,151.0,494.0,0.0587,15480,12126,3354,0.2167,224,467,0.057
2905503,10771.0,7860.0,2911.0,0.2703,82.0,252.0,0.0425,10771.0,8163.0,2608.0,0.2421,94.0,339.0,0.053,10361,8169,2192,0.2116,93,292,0.0471
2905602,18649.0,13787.0,4862.0,0.2607,152.0,482.0,0.046,18658.0,13695.0,4963.0,0.266,153.0,625.0,0.0568,17301,13628,3673,0.2123,162,501,0.0486
2905701,191962.0,158912.0,33050.0,0.1722,2943.0,6585.0,0.06,191892.0,161454.0,30438.0,0.1586,2657.0,8430.0,0.0687,210762,167003,43759,0.2076,3863,7213,0.0663
2905800,26758.0,18451.0,8307.0,0.3104,265.0,702.0,0.0524,26759.0,18293.0,8466.0,0.3164,286.0,990.0,0.0698,24576,18595,5981,0.2434,280,849,0.0607
2905909,25180.0,17893.0,7287.0,0.2894,103.0,528.0,0.0353,25181.0,18097.0,7084.0,0.2813,151.0,489.0,0.0354,23549,19165,4384,0.1862,102,415,0.027
2906006,57305.0,45459.0,11846.0,0.2067,662.0,1699.0,0.0519,57308.0,45246.0,12062.0,0.2105,644.0,1790.0,0.0538,57975,47874,10101,0.1742,794,1963,0.0576
2906105,8863.0,6871.0,1992.0,0.2248,73.0,250.0,0.047,8864.0,6878.0,1986.0,0.2241,61.0,214.0,0.04,8772,7206,1566,0.1785,78,199,0.0384
2906204,20163.0,15786.0,4377.0,0.2171,135.0,432.0,0.0359,20164.0,16180.0,3984.0,0.1976,165.0,560.0,0.0448,20021,16438,3583,0.179,180,483,0.0403
2906303,24854.0,18151.0,6703.0,0.2697,182.0,678.0,0.0474,24857.0,18242.0,6615.0,0.2661,221.0,882.0,0.0605,25424,18628,6796,0.2673,261,700,0.0516
2906402,7711.0,6329.0,1382.0,0.1792,61.0,216.0,0.0438,7710.0,6241.0,1469.0,0.1905,54.0,252.0,0.049,7799,6556,1243,0.1594,87,268,0.0541
2906501,66159.0,53041.0,13118.0,0.1983,922.0,1881.0,0.0528,66163.0,53685.0,12478.0,0.1886,859.0,2322.0,0.0593,64825,50828,13997,0.2159,1089,1697,0.0548
2906600,10937.0,8918.0,2019.0,0.1846,128.0,361.0,0.0548,10939.0,9115.0,1824.0,0.1667,120.0,338.0,0.0502,11498,9329,2169,0.1886,168,321,0.0524
2906709,20125.0,15421.0,4704.0,0.2337,151.0,495.0,0.0419,20127.0,15472.0,4655.0,0.2313,161.0,538.0,0.0452,20878,16307,4571,0.2189,165,400,0.0346
2906808,30048.0,22923.0,7125.0,0.2371,200.0,629.0,0.0362,30047.0,23180.0,6867.0,0.2285,232.0,721.0,0.0411,28890,23856,5034,0.1742,274,601,0.0367
2906899,8957.0,6576.0,2381.0,0.2658,58.0,214.0,0.0414,8958.0,6600.0,2358.0,0.2632,86.0,258.0,0.0521,8699,6870,1829,0.2103,67,216,0.0412
2906907,16416.0,12135.0,4281.0,0.2608,136.0,443.0,0.0477,16416.0,12103.0,4313.0,0.2627,138.0,516.0,0.054,16260,12320,3940,0.2423,132,442,0.0466
2907004,7973.0,5802.0,2171.0,0.2723,96.0,285.0,0.0657,7973.0,5750.0,2223.0,0.2788,76.0,290.0,0.0637,8041,6052,1989,0.2474,89,275,0.0601
2907103,23225.0,17555.0,5670.0,0.2441,135.0,518.0,0.0372,23224.0,17686.0,5538.0,0.2385,188.0,614.0,0.0453,22328,18315,4013,0.1797,178,648,0.0451
2907202,56702.0,46010.0,10692.0,0.1886,375.0,1385.0,0.0383,56698.0,46300.0,10398.0,0.1834,396.0,1465.0,0.0402,57206,47058,10148,0.1774,454,1567,0.0429
2907301,23056.0,18031.0,5025.0,0.2179,177.0,552.0,0.0404,23056.0,17980.0,5076.0,0.2202,207.0,673.0,0.0489,22931,19157,3774,0.1646,275,657,0.0487
2907400,3940.0,3229.0,711.0,0.1805,38.0,72.0,0.0341,3940.0,3214.0,726.0,0.1843,32.0,56.0,0.0274,4177,3346,831,0.1989,44,48,0.0275
2907509,41904.0,33398.0,8506.0,0.203,808.0,1408.0,0.0664,41907.0,34016.0,7891.0,0.1883,801.0,1888.0,0.0791,41271,33588,7683,0.1862,917,1460,0.0708
2907558,7632.0,5677.0,1955.0,0.2562,85.0,239.0,0.0571,7633.0,5738.0,1895.0,0.2483,83.0,254.0,0.0587,7298,5845,1453,0.1991,107,198,0.0522
2907608,13758.0,10798.0,2960.0,0.2151,151.0,354.0,0.0468,13761.0,10858.0,2903.0,0.211,132.0,375.0,0.0467,13497,11140,2357,0.1746,142,344,0.0436
2907707,9230.0,7033.0,2197.0,0.238,63.0,220.0,0.0402,9230.0,6841.0,2389.0,0.2588,67.0,196.0,0.0384,9081,7391,1690,0.1861,54,151,0.0277
2907806,26769.0,20227.0,6542.0,0.2444,278.0,669.0,0.0468,26771.0,20538.0,6233.0,0.2328,255.0,682.0,0.0456,26260,20996,5264,0.2005,374,703,0.0513
2907905,14377.0,10712.0,3665.0,0.2549,98.0,441.0,0.0503,14377.0,10673.0,3704.0,0.2576,124.0,493.0,0.0578,15277,11998,3279,0.2146,139,494,0.0528
2908002,16864.0,12047.0,4817.0,0.2856,137.0,460.0,0.0496,16870.0,12012.0,4858.0,0.288,164.0,490.0,0.0544,15399,12073,3326,0.216,167,396,0.0466
2908101,15710.0,12100.0,3610.0,0.2298,125.0,353.0,0.0395,15710.0,12199.0,3511.0,0.2235,132.0,373.0,0.0414,16368,12719,3649,0.2229,177,313,0.0385
2908200,17585.0,14354.0,3231.0,0.1837,227.0,553.0,0.0543,17585.0,14430.0,3155.0,0.1794,215.0,668.0,0.0612,17483,14371,3112,0.178,406,660,0.0742
2908309,15321.0,12113.0,3208.0,0.2094,148.0,424.0,0.0472,15319.0,12232.0,3087.0,0.2015,142.0,421.0,0.046,14213,12049,2164,0.1523,187,462,0.0539
2908408,54281.0,44257.0,10024.0,0.1847,755.0,1527.0,0.0516,54284.0,44810.0,9474.0,0.1745,673.0,1862.0,0.0566,54576,46349,8227,0.1507,868,1762,0.0567
2908507,26781.0,21622.0,5159.0,0.1926,363.0,708.0,0.0495,26782.0,22222.0,4560.0,0.1703,351.0,963.0,0.0591,29454,23126,6328,0.2148,560,927,0.0643
2908606,19248.0,14254.0,4994.0,0.2595,168.0,520.0,0.0483,19249.0,14364.0,4885.0,0.2538,138.0,675.0,0.0566,19016,14755,4261,0.2241,191,547,0.05
2908705,15890.0,11305.0,4585.0,0.2885,164.0,507.0,0.0594,15889.0,11559.0,4330.0,0.2725,160.0,573.0,0.0634,15144,11447,3697,0.2441,194,513,0.0618
2908804,4303.0,3453.0,850.0,0.1975,52.0,108.0,0.0463,4303.0,3415.0,888.0,0.2064,62.0,131.0,0.0565,4520,3692,828,0.1832,64,87,0.0409
2908903,22294.0,17675.0,4619.0,0.2072,233.0,662.0,0.0506,22296.0,17844.0,4452.0,0.1997,195.0,738.0,0.0523,22538,18393,4145,0.1839,391,751,0.0621
2909000,7337.0,5201.0,2136.0,0.2911,60.0,237.0,0.0571,7335.0,5209.0,2126.0,0.2898,73.0,248.0,0.0616,7148,5428,1720,0.2406,66,208,0.0505
2909109,12413.0,9616.0,2797.0,0.2253,110.0,308.0,0.0435,12415.0,9542.0,2873.0,0.2314,100.0,322.0,0.0442,12810,9551,3259,0.2544,125,375,0.0524
2909208,13862.0,11353.0,2509.0,0.181,125.0,439.0,0.0497,13856.0,11375.0,2481.0,0.1791,106.0,427.0,0.0469,15065,12206,2859,0.1898,183,373,0.0456
2909307,28117.0,20863.0,7254.0,0.258,266.0,825.0,0.0523,28124.0,20984.0,7140.0,0.2539,242.0,858.0,0.0524,28078,22165,5913,0.2106,289,825,0.0503
2909406,11926.0,8986.0,2940.0,0.2465,55.0,166.0,0.0246,11927.0,9032.0,2895.0,0.2427,70.0,219.0,0.032,11726,9260,2466,0.2103,81,126,0.0224
2909505,4368.0,3161.0,1207.0,0.2763,65.0,179.0,0.0772,4368.0,3151.0,1217.0,0.2786,63.0,165.0,0.0724,4632,3641,991,0.2139,59,139,0.0544
2909604,17792.0,12271.0,5521.0,0.3103,137.0,503.0,0.0522,17793.0,12689.0,5104.0,0.2869,132.0,495.0,0.0494,16673,13097,3576,0.2145,156,440,0.0455
2909703,12555.0,9604.0,2951.0,0.235,123.0,335.0,0.0477,12555.0,9674.0,2881.0,0.2295,119.0,334.0,0.0468,12379,9960,2419,0.1954,145,328,0.0475
2909802,47442.0,40153.0,7289.0,0.1536,629.0,1095.0,0.0429,47442.0,40908.0,6534.0,0.1377,688.0,1619.0,0.0564,49209,41278,7931,0.1612,771,1303,0.0502
2909901,26602.0,20886.0,5716.0,0.2149,164.0,606.0,0.0369,26602.0,21037.0,5565.0,0.2092,240.0,647.0,0.0422,27548,23142,4406,0.1599,226,562,0.0341
2910008,8039.0,6028.0,2011.0,0.2502,79.0,247.0,0.0541,8038.0,6003.0,2035.0,0.2532,81.0,255.0,0.056,8515,6543,1972,0.2316,61,204,0.0405
2910107,10519.0,8778.0,1741.0,0.1655,123.0,258.0,0.0434,10520.0,8929.0,1591.0,0.1512,106.0,261.0,0.0411,10634,9150,1484,0.1396,136,196,0.0363
2910206,4395.0,3679.0,716.0,0.1629,47.0,129.0,0.0478,4395.0,3710.0,685.0,0.1559,47.0,163.0,0.0566,4864,3974,890,0.183,63,174,0.0596
2910305,7848.0,5899.0,1949.0,0.2483,109.0,265.0,0.0634,7848.0,5958.0,1890.0,0.2408,95.0,270.0,0.0613,7650,6183,1467,0.1918,119,310,0.0694
2910404,15387.0,11698.0,3689.0,0.2397,94.0,552.0,0.0552,15388.0,11754.0,3634.0,0.2362,124.0,562.0,0.0584,15576,11974,3602,0.2313,121,381,0.0419
2910503,33146.0,23831.0,9315.0,0.281,415.0,971.0,0.0582,33147.0,23806.0,9341.0,0.2818,386.0,1151.0,0.0646,31166,23774,7392,0.2372,480,1095,0.0662
2910602,26910.0,20632.0,6278.0,0.2333,307.0,741.0,0.0508,26913.0,20742.0,6171.0,0.2293,294.0,869.0,0.0561,26991,21383,5608,0.2078,369,819,0.0556
2910701,47142.0,36041.0,11101.0,0.2355,368.0,1042.0,0.0391,47144.0,36447.0,10697.0,0.2269,296.0,1259.0,0.0427,45601,37180,8421,0.1847,434,1183,0.0435
2910776,5448.0,4121.0,1327.0,0.2436,34.0,81.0,0.0279,5448.0,4126.0,1322.0,0.2427,41.0,87.0,0.031,5181,4136,1045,0.2017,40,59,0.0239
2910800,425477.0,361210.0,64267.0,0.151,5228.0,12695.0,0.0496,425460.0,367410.0,58050.0,0.1364,5071.0,16579.0,0.0589,435631,360647,74984,0.1721,7027,13589,0.0572
2910909,5307.0,3810.0,1497.0,0.2821,44.0,153.0,0.0517,5307.0,3774.0,1533.0,0.2889,47.0,170.0,0.0575,5527,4017,1510,0.2732,44,153,0.049
2911006,8241.0,6060.0,2181.0,0.2647,72.0,220.0,0.0482,8241.0,6043.0,2198.0,0.2667,95.0,261.0,0.0589,7825,6116,1709,0.2184,62,216,0.0455
2911105,19897.0,15317.0,4580.0,0.2302,113.0,467.0,0.0379,19899.0,15559.0,4340.0,0.2181,137.0,501.0,0.041,20786,16750,4036,0.1942,154,490,0.0384
2911204,23409.0,18375.0,5034.0,0.215,240.0,741.0,0.0534,23407.0,18329.0,5078.0,0.2169,246.0,803.0,0.0572,23509,18889,4620,0.1965,332,754,0.0575
2911303,9587.0,7805.0,1782.0,0.1859,60.0,114.0,0.0223,9588.0,7783.0,1805.0,0.1883,69.0,146.0,0.0276,9718,8130,1588,0.1634,94,110,0.0251
2911402,13619.0,10291.0,3328.0,0.2444,101.0,295.0,0.0385,13601.0,10359.0,3242.0,0.2384,81.0,295.0,0.0363,13025,10408,2617,0.2009,124,285,0.0393
2911501,5292.0,3773.0,1519.0,0.287,23.0,122.0,0.0384,5290.0,3754.0,1536.0,0.2904,37.0,171.0,0.0554,5380,3742,1638,0.3045,40,143,0.0489
2911600,17804.0,14142.0,3662.0,0.2057,192.0,442.0,0.0448,17806.0,14366.0,3440.0,0.1932,228.0,600.0,0.0576,19120,14975,4145,0.2168,300,628,0.062
2911709,64761.0,54544.0,10217.0,0.1578,764.0,2250.0,0.0553,64765.0,55346.0,9419.0,0.1454,692.0,2240.0,0.053,67489,55417,12072,0.1789,932,1923,0.0515
2911808,15983.0,11504.0,4479.0,0.2802,127.0,521.0,0.0563,15986.0,11411.0,4575.0,0.2862,141.0,547.0,0.0603,15720,11910,3810,0.2424,142,494,0.0534
2911907,22230.0,14934.0,7296.0,0.3282,151.0,683.0,0.0558,22231.0,15047.0,7184.0,0.3232,168.0,584.0,0.05,20513,15839,4674,0.2279,215,646,0.0544
2912004,8899.0,6887.0,2012.0,0.2261,99.0,272.0,0.0539,8898.0,7018.0,1880.0,0.2113,93.0,328.0,0.06,8476,7081,1395,0.1646,91,255,0.0489
2912103,19338.0,14414.0,4924.0,0.2546,161.0,448.0,0.0423,19347.0,14485.0,4862.0,0.2513,168.0,639.0,0.0557,17862,14106,3756,0.2103,157,494,0.0462
2912202,15253.0,12442.0,2811.0,0.1843,195.0,633.0,0.0665,15255.0,12506.0,2749.0,0.1802,163.0,583.0,0.0597,15956,13323,2633,0.165,305,605,0.0683
2912301,11984.0,9062.0,2922.0,0.2438,93.0,338.0,0.0476,11986.0,9145.0,2841.0,0.237,107.0,356.0,0.0506,11456,8901,2555,0.223,126,333,0.0516
2912400,13808.0,11001.0,2807.0,0.2033,108.0,275.0,0.0348,13808.0,11123.0,2685.0,0.1945,114.0,307.0,0.0378,13655,11440,2215,0.1622,126,275,0.0351
2928406,23401.0,17264.0,6137.0,0.2623,216.0,533.0,0.0434,23400.0,17170.0,6230.0,0.2662,196.0,511.0,0.0412,22965,17740,5225,0.2275,264,462,0.0409
2912509,13380.0,9556.0,3824.0,0.2858,99.0,275.0,0.0391,13379.0,9553.0,3826.0,0.286,80.0,317.0,0.0416,13075,10239,2836,0.2169,120,330,0.0439
2912608,3981.0,3030.0,951.0,0.2389,13.0,140.0,0.0505,3982.0,2886.0,1096.0,0.2752,26.0,139.0,0.0572,4187,3190,997,0.2381,38,107,0.0455
2912707,13733.0,10429.0,3304.0,0.2406,124.0,389.0,0.0492,13733.0,10367.0,3366.0,0.2451,144.0,513.0,0.0634,14359,10958,3401,0.2369,124,351,0.0433
2912806,7557.0,5883.0,1674.0,0.2215,55.0,210.0,0.045,7557.0,5965.0,1592.0,0.2107,61.0,221.0,0.0473,7516,6131,1385,0.1843,68,174,0.0395
2912905,15430.0,11506.0,3924.0,0.2543,170.0,520.0,0.06,15428.0,11597.0,3831.0,0.2483,170.0,621.0,0.0682,16014,11986,4028,0.2515,162,594,0.0631
2913002,11464.0,9134.0,2330.0,0.2032,94.0,408.0,0.055,11462.0,9128.0,2334.0,0.2036,116.0,387.0,0.0551,12093,9506,2587,0.2139,157,328,0.051
2913101,15225.0,12575.0,2650.0,0.1741,112.0,278.0,0.031,15224.0,12494.0,2730.0,0.1793,122.0,290.0,0.033,15648,13320,2328,0.1488,138,303,0.0331
2913200,21241.0,16498.0,4743.0,0.2233,156.0,427.0,0.0353,21247.0,16482.0,4765.0,0.2243,143.0,530.0,0.0408,21431,17240,4191,0.1956,209,384,0.0344
2913309,5857.0,4909.0,948.0,0.1619,51.0,148.0,0.0405,5856.0,4929.0,927.0,0.1583,49.0,159.0,0.0422,6009,5124,885,0.1473,66,137,0.0396
2913408,12246.0,10076.0,2170.0,0.1772,104.0,413.0,0.0513,12245.0,10266.0,1979.0,0.1616,92.0,353.0,0.0433,12265,9881,2384,0.1944,174,329,0.0509
2913457,10093.0,6816.0,3277.0,0.3247,114.0,289.0,0.0591,10093.0,6658.0,3435.0,0.3403,106.0,351.0,0.0686,9050,7205,1845,0.2039,106,345,0.0626
2913507,20201.0,13768.0,6433.0,0.3184,175.0,704.0,0.0638,20202.0,14116.0,6086.0,0.3013,168.0,729.0,0.0635,17709,13083,4626,0.2612,202,629,0.0635
2913606,129210.0,104499.0,24711.0,0.1912,1358.0,3087.0,0.0425,129171.0,104998.0,24173.0,0.1871,1529.0,4288.0,0.0554,130310,103570,26740,0.2052,1863,3364,0.0505
2913705,28053.0,21208.0,6845.0,0.244,347.0,887.0,0.0582,28053.0,21675.0,6378.0,0.2274,352.0,995.0,0.0621,27722,21968,5754,0.2076,459,901,0.0619
2913804,14119.0,11417.0,2702.0,0.1914,126.0,419.0,0.0477,14119.0,11329.0,2790.0,0.1976,160.0,460.0,0.0547,15029,11991,3038,0.2021,157,423,0.0484
2913903,31690.0,24795.0,6895.0,0.2176,331.0,938.0,0.0512,31693.0,24954.0,6739.0,0.2126,304.0,1051.0,0.0543,32735,25189,7546,0.2305,413,975,0.0551
2914000,46611.0,36890.0,9721.0,0.2086,447.0,1888.0,0.0633,46613.0,37159.0,9454.0,0.2028,429.0,1874.0,0.062,47871,37048,10823,0.2261,571,1664,0.0603
2914109,8575.0,6774.0,1801.0,0.21,75.0,189.0,0.039,8576.0,6877.0,1699.0,0.1981,68.0,229.0,0.0432,8953,7494,1459,0.163,123,219,0.0456
2914208,5378.0,4130.0,1248.0,0.2321,54.0,174.0,0.0552,5379.0,4128.0,1251.0,0.2326,43.0,141.0,0.0446,5507,4246,1261,0.229,55,188,0.0572
2914307,9158.0,6688.0,2470.0,0.2697,101.0,258.0,0.0537,9158.0,6699.0,2459.0,0.2685,77.0,322.0,0.0596,8556,6962,1594,0.1863,91,223,0.0451
2914406,18569.0,15055.0,3514.0,0.1892,159.0,533.0,0.046,18579.0,15290.0,3289.0,0.177,140.0,417.0,0.0364,19044,15807,3237,0.17,212,415,0.0397
2914505,25601.0,19506.0,6095.0,0.2381,261.0,724.0,0.0505,25603.0,19603.0,6000.0,0.2343,255.0,917.0,0.0598,25619,20527,5092,0.1988,370,815,0.0577
2914604,48529.0,40729.0,7800.0,0.1607,426.0,1378.0,0.0443,48527.0,41128.0,7399.0,0.1525,464.0,1577.0,0.0496,51249,42791,8458,0.165,624,1488,0.0494
2914653,24238.0,16738.0,7500.0,0.3094,258.0,606.0,0.0516,24239.0,16765.0,7474.0,0.3083,243.0,717.0,0.0573,22120,16559,5561,0.2514,306,729,0.0625
2914703,48752.0,39374.0,9378.0,0.1924,459.0,1680.0,0.0543,48757.0,39657.0,9100.0,0.1866,485.0,1959.0,0.0616,48749,40338,8411,0.1725,614,1657,0.0563
2914802,156617.0,117744.0,38873.0,0.2482,1534.0,2920.0,0.0378,156597.0,118243.0,38354.0,0.2449,1708.0,4435.0,0.052,141524,115006,26518,0.1874,1894,3236,0.0446
2914901,18557.0,14027.0,4530.0,0.2441,157.0,423.0,0.0413,18564.0,14133.0,4431.0,0.2387,150.0,549.0,0.0495,19616,14756,4860,0.2478,195,504,0.0474
2915007,11410.0,8236.0,3174.0,0.2782,95.0,364.0,0.0557,11411.0,8323.0,3088.0,0.2706,77.0,407.0,0.0582,11361,8626,2735,0.2407,126,408,0.0619
2915106,10231.0,7583.0,2648.0,0.2588,85.0,352.0,0.0576,10231.0,7671.0,2560.0,0.2502,87.0,392.0,0.0624,10639,8050,2589,0.2433,101,325,0.0529
2915205,12089.0,9208.0,2881.0,0.2383,96.0,343.0,0.0477,12090.0,9212.0,2878.0,0.238,99.0,367.0,0.0506,13131,10144,2987,0.2275,119,447,0.0558
2915304,6116.0,4486.0,1630.0,0.2665,56.0,167.0,0.0497,6120.0,4351.0,1769.0,0.2891,48.0,188.0,0.0542,6636,4863,1773,0.2672,51,183,0.0481
2915353,10847.0,8341.0,2506.0,0.231,56.0,216.0,0.0326,10852.0,8316.0,2536.0,0.2337,64.0,205.0,0.0323,10842,8843,1999,0.1844,69,115,0.0208
2915403,5512.0,4072.0,1440.0,0.2612,23.0,120.0,0.0351,5512.0,3944.0,1568.0,0.2845,22.0,175.0,0.0499,6225,4689,1536,0.2467,32,117,0.0318
2915502,17648.0,12975.0,4673.0,0.2648,160.0,457.0,0.0476,17649.0,12908.0,4741.0,0.2686,164.0,564.0,0.0564,16067,12772,3295,0.2051,190,401,0.0463
2915601,47506.0,35523.0,11983.0,0.2522,447.0,1057.0,0.0423,47514.0,35638.0,11876.0,0.2499,417.0,1397.0,0.0509,45999,35519,10480,0.2278,518,1396,0.0539
2915700,6646.0,4798.0,1848.0,0.2781,47.0,212.0,0.054,6645.0,4780.0,1865.0,0.2807,41.0,220.0,0.0546,6100,4696,1404,0.2302,82,186,0.0571
2915809,20015.0,14510.0,5505.0,0.275,139.0,552.0,0.0476,20020.0,14512.0,5508.0,0.2751,152.0,585.0,0.0508,17831,14076,3755,0.2106,172,391,0.04
2915908,6317.0,4633.0,1684.0,0.2666,44.0,131.0,0.0378,6317.0,4622.0,1695.0,0.2683,59.0,174.0,0.0504,6668,4904,1764,0.2645,71,165,0.0481
2916005,16403.0,11412.0,4991.0,0.3043,119.0,496.0,0.0539,16400.0,11531.0,4869.0,0.2969,149.0,505.0,0.0567,14916,10934,3982,0.267,143,423,0.0518
2916104,18318.0,14798.0,3520.0,0.1922,206.0,488.0,0.0469,18319.0,14925.0,3394.0,0.1853,167.0,657.0,0.0552,20044,15799,4245,0.2118,240,535,0.0491
2916203,9365.0,6608.0,2757.0,0.2944,70.0,259.0,0.0498,9366.0,6591.0,2775.0,0.2963,77.0,329.0,0.0616,8428,6552,1876,0.2226,87,266,0.0539
2916302,8088.0,5872.0,2216.0,0.274,54.0,211.0,0.0451,8089.0,5789.0,2300.0,0.2843,49.0,240.0,0.0499,8383,5881,2502,0.2985,61,172,0.0396
2916401,49685.0,38582.0,11103.0,0.2235,571.0,1118.0,0.0438,49688.0,38764.0,10924.0,0.2199,559.0,1574.0,0.055,48314,38690,9624,0.1992,727,1187,0.0495
2916500,24918.0,17869.0,7049.0,0.2829,198.0,901.0,0.0615,24913.0,18205.0,6708.0,0.2693,190.0,824.0,0.0557,23461,19195,4266,0.1818,233,811,0.0544
2916609,6749.0,4656.0,2093.0,0.3101,27.0,136.0,0.035,6749.0,4670.0,2079.0,0.308,45.0,163.0,0.0445,5934,4706,1228,0.2069,40,141,0.0385
2916708,6509.0,4950.0,1559.0,0.2395,74.0,230.0,0.0614,6511.0,5018.0,1493.0,0.2293,62.0,221.0,0.0564,6754,5124,1630,0.2413,73,209,0.055
2916807,14397.0,10737.0,3660.0,0.2542,107.0,389.0,0.0462,14397.0,10664.0,3733.0,0.2593,123.0,444.0,0.0532,13931,10864,3067,0.2202,164,351,0.0474
2916856,12871.0,10086.0,2785.0,0.2164,164.0,352.0,0.0512,12872.0,10257.0,2615.0,0.2032,145.0,495.0,0.0624,12954,10709,2245,0.1733,189,416,0.0565
2916906,9651.0,7196.0,2455.0,0.2544,111.0,315.0,0.0592,9651.0,7233.0,2418.0,0.2505,89.0,330.0,0.0579,8937,7075,1862,0.2083,115,325,0.0622
2917003,29995.0,21725.0,8270.0,0.2757,331.0,628.0,0.0441,30015.0,21796.0,8219.0,0.2738,329.0,791.0,0.0514,27758,22581,5177,0.1865,314,615,0.0411
2917102,17346.0,12562.0,4784.0,0.2758,128.0,469.0,0.0475,17344.0,12531.0,4813.0,0.2775,142.0,539.0,0.0543,16355,12624,3731,0.2281,173,455,0.0497
2917201,15527.0,12495.0,3032.0,0.1953,219.0,544.0,0.0611,15527.0,12687.0,2840.0,0.1829,198.0,551.0,0.059,15600,12748,2852,0.1828,251,534,0.0616
2917300,19659.0,13600.0,6059.0,0.3082,235.0,539.0,0.0569,19660.0,13344.0,6316.0,0.3213,234.0,662.0,0.0671,17839,13902,3937,0.2207,300,540,0.0604
2917409,12025.0,8828.0,3197.0,0.2659,76.0,322.0,0.0451,12027.0,9008.0,3019.0,0.251,86.0,356.0,0.0491,11808,9375,2433,0.206,104,289,0.0419
2917508,59396.0,47899.0,11497.0,0.1936,589.0,1910.0,0.0522,59398.0,48320.0,11078.0,0.1865,589.0,2295.0,0.0597,61665,49411,12254,0.1987,769,1783,0.0516
2917607,34547.0,26767.0,7780.0,0.2252,356.0,1189.0,0.0577,34550.0,27324.0,7226.0,0.2091,362.0,1195.0,0.057,35855,27805,8050,0.2245,492,1409,0.0684
2917706,22032.0,17610.0,4422.0,0.2007,286.0,586.0,0.0495,22032.0,17727.0,4305.0,0.1954,266.0,728.0,0.0561,23294,19437,3857,0.1656,329,631,0.0494
2917805,15200.0,11930.0,3270.0,0.2151,238.0,427.0,0.0557,15200.0,11892.0,3308.0,0.2176,253.0,555.0,0.0679,15393,12295,3098,0.2013,259,467,0.059
2917904,9161.0,6503.0,2658.0,0.2901,49.0,236.0,0.0438,9161.0,6420.0,2741.0,0.2992,52.0,263.0,0.0491,9074,7124,1950,0.2149,63,214,0.0389
2918001,114776.0,93874.0,20902.0,0.1821,1355.0,3557.0,0.0523,114790.0,95108.0,19682.0,0.1715,1305.0,4286.0,0.0588,119040,97318,21722,0.1825,1774,3819,0.0575
2918100,28966.0,22650.0,6316.0,0.218,160.0,841.0,0.0442,28954.0,22902.0,6052.0,0.209,183.0,872.0,0.0461,29071,24022,5049,0.1737,226,697,0.0384
2918209,11556.0,8723.0,2833.0,0.2452,187.0,296.0,0.0554,11557.0,8781.0,2776.0,0.2402,157.0,428.0,0.0666,11479,9293,2186,0.1904,199,377,0.062
2918308,12157.0,9529.0,2628.0,0.2162,111.0,493.0,0.0634,12156.0,9471.0,2685.0,0.2209,102.0,478.0,0.0612,12992,10124,2868,0.2208,111,399,0.0504
2918407,156647.0,130947.0,25700.0,0.1641,1497.0,2948.0,0.0339,156651.0,132148.0,24503.0,0.1564,1570.0,3933.0,0.0416,165666,136940,28726,0.1734,1961,3131,0.0372
2918456,8727.0,6486.0,2241.0,0.2568,66.0,284.0,0.054,8727.0,6472.0,2255.0,0.2584,77.0,296.0,0.0576,8448,6476,1972,0.2334,96,322,0.0645
2918506,13576.0,10552.0,3024.0,0.2227,72.0,396.0,0.0444,13576.0,10757.0,2819.0,0.2076,102.0,413.0,0.0479,14126,11556,2570,0.1819,104,383,0.0421
2918605,6812.0,5332.0,1480.0,0.2173,115.0,211.0,0.0611,6810.0,5402.0,1408.0,0.2068,92.0,228.0,0.0592,6499,5426,1073,0.1651,97,202,0.0551
2918704,3905.0,3346.0,559.0,0.1431,58.0,144.0,0.0604,3905.0,3329.0,576.0,0.1475,34.0,125.0,0.0478,4471,3625,846,0.1892,48,178,0.0623
2918753,10632.0,8356.0,2276.0,0.2141,77.0,355.0,0.0517,10633.0,8618.0,2015.0,0.1895,108.0,356.0,0.0538,10624,8987,1637,0.1541,89,379,0.0521
2918803,20479.0,15764.0,4715.0,0.2302,195.0,644.0,0.0532,20479.0,16238.0,4241.0,0.2071,198.0,768.0,0.0595,20749,16559,4190,0.2019,223,756,0.0591
2918902,4778.0,3321.0,1457.0,0.3049,23.0,112.0,0.0407,4777.0,3324.0,1453.0,0.3042,23.0,93.0,0.0349,4258,3201,1057,0.2482,26,101,0.0397
2919009,3582.0,2792.0,790.0,0.2205,20.0,152.0,0.0616,3582.0,2767.0,815.0,0.2275,19.0,122.0,0.051,3619,2835,784,0.2166,22,97,0.042
2919058,6539.0,4959.0,1580.0,0.2416,82.0,209.0,0.0587,6538.0,5046.0,1492.0,0.2282,64.0,214.0,0.0551,6287,5025,1262,0.2007,102,226,0.0653
2919108,8471.0,6004.0,2467.0,0.2912,63.0,224.0,0.0478,8472.0,5930.0,2542.0,0.3,50.0,254.0,0.0513,8523,6560,1963,0.2303,94,226,0.0488
2919207,157311.0,123743.0,33568.0,0.2134,1979.0,4271.0,0.0505,157336.0,127480.0,29856.0,0.1898,1846.0,5921.0,0.0609,163871,126329,37542,0.2291,2397,4587,0.0553
2919306,8196.0,6241.0,1955.0,0.2385,48.0,222.0,0.0433,8189.0,6294.0,1895.0,0.2314,39.0,212.0,0.0399,7895,6154,1741,0.2205,64,179,0.0395
2919405,9873.0,7833.0,2040.0,0.2066,133.0,327.0,0.0587,9873.0,7931.0,1942.0,0.1967,123.0,304.0,0.0538,10121,8487,1634,0.1614,150,252,0.0474
2919504,35281.0,28152.0,7129.0,0.2021,408.0,864.0,0.0452,35285.0,28693.0,6592.0,0.1868,412.0,903.0,0.0458,34703,29383,5320,0.1533,482,824,0.0444
2919603,10444.0,7326.0,3118.0,0.2985,80.0,393.0,0.0646,10443.0,7273.0,3170.0,0.3036,69.0,425.0,0.0679,10033,7464,2569,0.2561,123,337,0.0616
2919702,13809.0,9731.0,4078.0,0.2953,104.0,521.0,0.0642,13809.0,9875.0,3934.0,0.2849,116.0,544.0,0.0668,12841,9670,3171,0.2469,154,515,0.0692
2919801,34695.0,25523.0,9172.0,0.2644,289.0,1026.0,0.0515,34696.0,26013.0,8683.0,0.2503,287.0,883.0,0.045,32963,26214,6749,0.2047,394,1025,0.0541
2919900,6857.0,5264.0,1593.0,0.2323,47.0,158.0,0.0389,6851.0,5079.0,1772.0,0.2586,52.0,175.0,0.0447,6566,5330,1236,0.1882,31,138,0.0317
2920007,7722.0,5763.0,1959.0,0.2537,57.0,275.0,0.0576,7722.0,5780.0,1942.0,0.2515,74.0,277.0,0.0607,7260,5685,1575,0.2169,91,234,0.0572
2920106,14557.0,10658.0,3899.0,0.2678,174.0,508.0,0.064,14555.0,10797.0,3758.0,0.2582,154.0,580.0,0.068,13826,10815,3011,0.2178,185,512,0.0644
2920205,13978.0,10534.0,3444.0,0.2464,133.0,270.0,0.0383,13979.0,10536.0,3443.0,0.2463,134.0,301.0,0.0413,13151,10709,2442,0.1857,161,249,0.0383
2920304,7499.0,6279.0,1220.0,0.1627,68.0,222.0,0.0462,7501.0,6310.0,1191.0,0.1588,75.0,171.0,0.039,7896,6484,1412,0.1788,104,191,0.0455
2920403,12626.0,9919.0,2707.0,0.2144,82.0,311.0,0.0396,12627.0,9865.0,2762.0,0.2187,113.0,277.0,0.0395,13181,10534,2647,0.2008,85,289,0.0355
2920502,22137.0,16297.0,5840.0,0.2638,244.0,549.0,0.0487,22139.0,16551.0,5588.0,0.2524,192.0,620.0,0.0491,21719,16972,4747,0.2186,312,685,0.0587
2920601,34987.0,27802.0,7185.0,0.2054,311.0,792.0,0.0397,34986.0,27981.0,7005.0,0.2002,353.0,1084.0,0.0514,34902,28791,6111,0.1751,435,903,0.0465
2920700,15248.0,11125.0,4123.0,0.2704,140.0,432.0,0.0514,15251.0,11087.0,4164.0,0.273,155.0,534.0,0.0621,16481,12482,3999,0.2426,157,483,0.0513
2920809,7880.0,5759.0,2121.0,0.2692,64.0,310.0,0.0649,7881.0,5738.0,2143.0,0.2719,61.0,230.0,0.0507,7767,6060,1707,0.2198,88,230,0.0525
2920908,10003.0,6906.0,3097.0,0.3096,56.0,206.0,0.0379,10001.0,6820.0,3181.0,0.3181,74.0,273.0,0.0509,9177,6972,2205,0.2403,66,220,0.041
2921005,42116.0,32473.0,9643.0,0.229,624.0,1289.0,0.0589,42121.0,32831.0,9290.0,0.2206,590.0,1546.0,0.0651,43098,33881,9217,0.2139,867,1383,0.0664
2921054,9667.0,7622.0,2045.0,0.2115,88.0,363.0,0.0592,9669.0,7792.0,1877.0,0.1941,63.0,328.0,0.0502,9556,7633,1923,0.2012,117,276,0.0515
2921104,19375.0,14594.0,4781.0,0.2468,149.0,600.0,0.0513,19375.0,14629.0,4746.0,0.245,140.0,584.0,0.0495,18663,14622,4041,0.2165,189,587,0.0531
2921203,21938.0,16065.0,5873.0,0.2677,160.0,714.0,0.0544,21939.0,16059.0,5880.0,0.268,148.0,795.0,0.0587,19996,16001,3995,0.1998,200,750,0.0594
2921302,9277.0,7163.0,2114.0,0.2279,59.0,266.0,0.0454,9278.0,7091.0,2187.0,0.2357,52.0,314.0,0.0516,8823,7138,1685,0.191,116,304,0.0588
2921401,11835.0,9734.0,2101.0,0.1775,100.0,357.0,0.0469,11835.0,9600.0,2235.0,0.1888,105.0,389.0,0.0515,12693,10205,2488,0.196,108,292,0.0392
2921450,8248.0,6103.0,2145.0,0.2601,58.0,218.0,0.0452,8248.0,6125.0,2123.0,0.2574,75.0,219.0,0.048,8301,6596,1705,0.2054,69,228,0.045
2921500,44713.0,32432.0,12281.0,0.2747,291.0,1153.0,0.0445,44717.0,32739.0,11978.0,0.2679,299.0,1145.0,0.0441,41809,34145,7664,0.1833,323,984,0.0383
2921609,7848.0,5903.0,1945.0,0.2478,54.0,187.0,0.0408,7848.0,5925.0,1923.0,0.245,50.0,180.0,0.0388,7604,5951,1653,0.2174,72,190,0.044
2921708,26169.0,20482.0,5687.0,0.2173,246.0,744.0,0.0483,26172.0,20402.0,5770.0,0.2205,258.0,848.0,0.0542,26151,20787,5364,0.2051,284,870,0.0555
2921807,9725.0,7027.0,2698.0,0.2774,61.0,264.0,0.0463,9725.0,7158.0,2567.0,0.264,74.0,311.0,0.0538,9597,7456,2141,0.2231,97,333,0.0577
2921906,9690.0,7887.0,1803.0,0.1861,119.0,387.0,0.0642,9690.0,7933.0,1757.0,0.1813,100.0,424.0,0.0661,9863,8381,1482,0.1503,160,364,0.0625
2922003,30438.0,21205.0,9233.0,0.3033,268.0,568.0,0.0394,30447.0,21242.0,9205.0,0.3023,262.0,713.0,0.0459,27873,20987,6886,0.247,303,649,0.0454
2922052,11144.0,8570.0,2574.0,0.231,87.0,240.0,0.0382,11144.0,8577.0,2567.0,0.2303,103.0,270.0,0.0435,10988,9211,1777,0.1617,99,213,0.0339
2922102,16053.0,11534.0,4519.0,0.2815,144.0,592.0,0.0638,16050.0,11697.0,4353.0,0.2712,116.0,674.0,0.0675,14921,11669,3252,0.2179,151,514,0.057
2922201,7646.0,6499.0,1147.0,0.15,57.0,240.0,0.0457,7645.0,6516.0,1129.0,0.1477,75.0,255.0,0.0506,8206,6969,1237,0.1507,87,249,0.0482
2922250,9704.0,7410.0,2294.0,0.2364,42.0,149.0,0.0258,9702.0,7327.0,2375.0,0.2448,59.0,170.0,0.0313,9684,7835,1849,0.1909,69,133,0.0258
2922300,23025.0,17961.0,5064.0,0.2199,308.0,694.0,0.0558,23026.0,18203.0,4823.0,0.2095,302.0,815.0,0.0614,23640,18019,5621,0.2378,348,792,0.0633
2922409,18969.0,14041.0,4928.0,0.2598,244.0,677.0,0.0656,18976.0,14393.0,4583.0,0.2415,266.0,869.0,0.0789,17909,14152,3757,0.2098,238,749,0.0697
2922508,22434.0,17840.0,4594.0,0.2048,219.0,514.0,0.0411,22435.0,17931.0,4504.0,0.2008,260.0,729.0,0.0552,22055,17968,4087,0.1853,328,568,0.0499
2922607,9746.0,7577.0,2169.0,0.2226,150.0,373.0,0.069,9746.0,7534.0,2212.0,0.227,120.0,451.0,0.0758,10011,8012,1999,0.1997,174,345,0.0648
2922706,13194.0,9311.0,3883.0,0.2943,72.0,420.0,0.0528,13194.0,9510.0,3684.0,0.2792,87.0,403.0,0.0515,12377,9547,2830,0.2286,100,385,0.0508
2922730,7749.0,6162.0,1587.0,0.2048,88.0,262.0,0.0568,7749.0,6116.0,1633.0,0.2107,105.0,256.0,0.059,7957,6597,1360,0.1709,87,219,0.0464
2922805,6580.0,5045.0,1535.0,0.2333,64.0,230.0,0.0583,6580.0,5081.0,1499.0,0.2278,72.0,198.0,0.0531,6607,5467,1140,0.1725,80,154,0.0428
2922854,6539.0,4899.0,1640.0,0.2508,45.0,149.0,0.0396,6539.0,4993.0,1546.0,0.2364,50.0,174.0,0.0449,6421,5099,1322,0.2059,38,141,0.0351
2922904,21647.0,15947.0,5700.0,0.2633,138.0,680.0,0.0513,21649.0,16146.0,5503.0,0.2542,182.0,594.0,0.0481,21207,16499,4708,0.222,164,519,0.0414
2923001,32287.0,23274.0,9013.0,0.2792,297.0,723.0,0.0438,32288.0,23265.0,9023.0,0.2795,249.0,874.0,0.0483,30989,24101,6888,0.2223,355,784,0.0473
2923050,8695.0,6230.0,2465.0,0.2835,37.0,239.0,0.0443,8692.0,6219.0,2473.0,0.2845,59.0,297.0,0.0572,8227,6381,1846,0.2244,35,213,0.0389
2923100,20997.0,14931.0,6066.0,0.2889,172.0,510.0,0.0457,20993.0,15000.0,5993.0,0.2855,165.0,482.0,0.0431,19699,15471,4228,0.2146,191,440,0.0408
2923209,17080.0,13013.0,4067.0,0.2381,133.0,425.0,0.0429,17082.0,13189.0,3893.0,0.2279,148.0,392.0,0.0409,16618,13886,2732,0.1644,140,408,0.0395
2923308,7240.0,5462.0,1778.0,0.2456,81.0,261.0,0.0626,7240.0,5404.0,1836.0,0.2536,70.0,299.0,0.0683,7224,5732,1492,0.2065,96,253,0.0609
2923357,13352.0,10917.0,2435.0,0.1824,106.0,346.0,0.0414,13351.0,10927.0,2424.0,0.1816,109.0,413.0,0.0478,14353,11337,3016,0.2101,107,445,0.0487
2923407,17481.0,13932.0,3549.0,0.203,145.0,634.0,0.0559,17482.0,14064.0,3418.0,0.1955,134.0,474.0,0.0432,17255,14073,3182,0.1844,167,411,0.0411
2923506,7696.0,6261.0,1435.0,0.1865,49.0,232.0,0.0449,7693.0,6348.0,1345.0,0.1748,55.0,193.0,0.0391,7857,6433,1424,0.1812,74,201,0.0427
2923605,17315.0,13286.0,4029.0,0.2327,202.0,470.0,0.0506,17318.0,13514.0,3804.0,0.2197,185.0,420.0,0.0448,16913,13807,3106,0.1836,255,447,0.0508
2923704,24475.0,18594.0,5881.0,0.2403,131.0,565.0,0.0374,24475.0,18830.0,5645.0,0.2306,152.0,524.0,0.0359,24228,19165,5063,0.209,206,523,0.038
2923803,22800.0,18253.0,4547.0,0.1994,247.0,535.0,0.0428,22801.0,18635.0,4166.0,0.1827,242.0,619.0,0.0462,23527,19240,4287,0.1822,333,635,0.0503
2923902,7907.0,5844.0,2063.0,0.2609,49.0,172.0,0.0378,7906.0,5879.0,2027.0,0.2564,44.0,260.0,0.0517,7547,6106,1441,0.1909,43,187,0.0377
2924009,87392.0,64933.0,22459.0,0.257,656.0,1702.0,0.0363,87461.0,65454.0,22007.0,0.2516,651.0,1828.0,0.0379,83620,65344,18276,0.2186,921,1508,0.0372
2924108,6559.0,5173.0,1386.0,0.2113,52.0,159.0,0.0408,6560.0,5089.0,1471.0,0.2242,56.0,164.0,0.0432,6573,5279,1294,0.1969,88,149,0.0449
2924207,10401.0,7779.0,2622.0,0.2521,74.0,328.0,0.0517,10396.0,7711.0,2685.0,0.2583,72.0,342.0,0.0537,10164,8389,1775,0.1746,76,256,0.0396
2924306,17408.0,12916.0,4492.0,0.258,179.0,711.0,0.0689,17410.0,13029.0,4381.0,0.2516,221.0,788.0,0.0774,17470,13440,4030,0.2307,230,763,0.0739
2924405,28211.0,21461.0,6750.0,0.2393,149.0,665.0,0.0379,28213.0,21190.0,7023.0,0.2489,201.0,674.0,0.0413,28531,23193,5338,0.1871,142,665,0.0348
2924504,12907.0,10435.0,2472.0,0.1915,132.0,394.0,0.0504,12905.0,10581.0,2324.0,0.1801,126.0,400.0,0.0497,12750,10761,1989,0.156,125,333,0.0426
2924603,15796.0,12493.0,3303.0,0.2091,137.0,321.0,0.0367,15800.0,12407.0,3393.0,0.2147,186.0,412.0,0.0482,16173,13416,2757,0.1705,211,375,0.0437
2924678,6873.0,5485.0,1388.0,0.2019,70.0,218.0,0.0525,6874.0,5372.0,1502.0,0.2185,63.0,272.0,0.0624,7100,5813,1287,0.1813,94,202,0.0509
2924702,9599.0,6465.0,3134.0,0.3265,54.0,234.0,0.0445,9599.0,6476.0,3123.0,0.3253,86.0,314.0,0.0618,8923,6598,2325,0.2606,78,216,0.0446
2924801,14727.0,11181.0,3546.0,0.2408,98.0,481.0,0.0518,14729.0,11146.0,3583.0,0.2433,108.0,583.0,0.062,14292,11380,2912,0.2038,150,475,0.0549
2924900,6954.0,5418.0,1536.0,0.2209,108.0,249.0,0.0659,6954.0,5368.0,1586.0,0.2281,72.0,217.0,0.0538,6975,5503,1472,0.211,103,252,0.0645
2925006,19967.0,15616.0,4351.0,0.2179,227.0,650.0,0.0562,19968.0,15783.0,4185.0,0.2096,229.0,812.0,0.066,20252,16462,3790,0.1871,281,634,0.0556
2925105,38900.0,28443.0,10457.0,0.2688,309.0,978.0,0.0452,38900.0,28677.0,10223.0,0.2628,349.0,1113.0,0.051,37374,29493,7881,0.2109,414,884,0.044
2925204,28086.0,22464.0,5622.0,0.2002,659.0,1055.0,0.0763,28086.0,22849.0,5237.0,0.1865,541.0,1259.0,0.0788,29229,23259,5970,0.2042,696,1086,0.0766
2925253,14702.0,10488.0,4214.0,0.2866,128.0,337.0,0.0443,14703.0,10588.0,4115.0,0.2799,127.0,441.0,0.0536,15183,12456,2727,0.1796,179,345,0.0421
2925303,106016.0,81659.0,24357.0,0.2297,1112.0,2545.0,0.0448,105466.0,82405.0,23061.0,0.2187,1027.0,3077.0,0.0498,116587,88955,27632,0.237,1470,2807,0.0481
2925402,9195.0,6047.0,3148.0,0.3424,54.0,224.0,0.046,9195.0,5994.0,3201.0,0.3481,66.0,227.0,0.0489,7860,5995,1865,0.2373,72,211,0.0472
2925501,24591.0,17746.0,6845.0,0.2784,174.0,516.0,0.0389,24598.0,17803.0,6795.0,0.2762,203.0,625.0,0.0465,25814,19884,5930,0.2297,275,709,0.0495
2925600,11269.0,9732.0,1537.0,0.1364,64.0,223.0,0.0295,11271.0,9772.0,1499.0,0.133,65.0,207.0,0.0278,11979,10244,1735,0.1448,97,213,0.0303
2925709,11917.0,7804.0,4113.0,0.3451,53.0,359.0,0.0528,11917.0,7913.0,4004.0,0.336,76.0,291.0,0.0464,10674,7823,2851,0.2671,84,285,0.0472
2925758,22042.0,17021.0,5021.0,0.2278,260.0,720.0,0.0576,22044.0,17254.0,4790.0,0.2173,277.0,867.0,0.0663,21689,17793,3896,0.1796,304,761,0.0599
2925808,20954.0,15742.0,5212.0,0.2487,183.0,503.0,0.0436,20958.0,15830.0,5128.0,0.2447,199.0,575.0,0.0489,20515,16685,3830,0.1867,232,507,0.0443
2925907,22081.0,16719.0,5362.0,0.2428,183.0,589.0,0.0462,22083.0,16914.0,5169.0,0.2341,217.0,695.0,0.0539,21197,17545,3652,0.1723,182,522,0.0401
2926004,32470.0,24787.0,7683.0,0.2366,208.0,858.0,0.043,32474.0,25190.0,7284.0,0.2243,284.0,859.0,0.0454,32212,25810,6402,0.1987,207,723,0.036
2926103,12472.0,10203.0,2269.0,0.1819,150.0,340.0,0.048,12474.0,10088.0,2386.0,0.1913,137.0,401.0,0.0533,12901,10779,2122,0.1645,163,368,0.0493
2926202,20081.0,14829.0,5252.0,0.2615,126.0,475.0,0.0405,20084.0,14886.0,5198.0,0.2588,86.0,465.0,0.037,19206,15052,4154,0.2163,129,348,0.0317
2926301,27431.0,22887.0,4544.0,0.1657,269.0,661.0,0.0406,27429.0,23091.0,4338.0,0.1582,318.0,840.0,0.0501,27708,23622,4086,0.1475,339,763,0.0467
2926400,24144.0,18559.0,5585.0,0.2313,261.0,636.0,0.0483,24144.0,18922.0,5222.0,0.2163,202.0,608.0,0.0428,23737,18798,4939,0.2081,345,527,0.0464
2926509,12597.0,9311.0,3286.0,0.2609,105.0,409.0,0.0552,12598.0,9199.0,3399.0,0.2698,123.0,455.0,0.0628,12452,10009,2443,0.1962,139,378,0.0517
2926608,41818.0,33822.0,7996.0,0.1912,408.0,1001.0,0.0417,41818.0,33897.0,7921.0,0.1894,381.0,1152.0,0.0452,45064,36167,8897,0.1974,572,1144,0.0474
2926657,8092.0,6194.0,1898.0,0.2346,76.0,205.0,0.0454,8092.0,6210.0,1882.0,0.2326,70.0,250.0,0.0515,8797,6579,2218,0.2521,73,180,0.0385
2926707,12313.0,9631.0,2682.0,0.2178,140.0,362.0,0.0521,12316.0,9744.0,2572.0,0.2088,123.0,383.0,0.0519,12117,10173,1944,0.1604,150,375,0.0516
2926806,11504.0,8522.0,2982.0,0.2592,86.0,349.0,0.051,11505.0,8655.0,2850.0,0.2477,107.0,339.0,0.0515,10690,8962,1728,0.1616,109,242,0.0392
2926905,9926.0,6639.0,3287.0,0.3312,82.0,264.0,0.0521,9927.0,6578.0,3349.0,0.3374,70.0,231.0,0.0458,11178,7754,3424,0.3063,87,313,0.0516
2927002,30049.0,22267.0,7782.0,0.259,419.0,800.0,0.0547,30050.0,22546.0,7504.0,0.2497,382.0,983.0,0.0605,29286,23841,5445,0.1859,466,827,0.0542
2927101,7345.0,6057.0,1288.0,0.1754,28.0,126.0,0.0254,7344.0,5966.0,1378.0,0.1876,38.0,160.0,0.0332,7602,6193,1409,0.1853,52,143,0.0315
2927200,25075.0,18282.0,6793.0,0.2709,216.0,955.0,0.0641,25075.0,18317.0,6758.0,0.2695,209.0,900.0,0.0605,23977,18674,5303,0.2212,341,964,0.0699
2927309,14256.0,11277.0,2979.0,0.209,173.0,357.0,0.047,14258.0,11177.0,3081.0,0.2161,174.0,421.0,0.0532,16000,12334,3666,0.2291,215,428,0.0521
2927408,1986087.0,1630614.0,355473.0,0.179,30233.0,73672.0,0.0637,1985963.0,1666570.0,319393.0,0.1608,28140.0,97400.0,0.0753,1955479,1561593,393886,0.2014,37013,77566,0.0734
2927507,19551.0,15826.0,3725.0,0.1905,158.0,484.0,0.0406,19552.0,15896.0,3656.0,0.187,157.0,547.0,0.0443,20163,16324,3839,0.1904,221,544,0.0469
2927606,12438.0,9045.0,3393.0,0.2728,79.0,353.0,0.0478,12438.0,9005.0,3433.0,0.276,72.0,353.0,0.0472,11939,9279,2660,0.2228,108,314,0.0455
2927705,22217.0,16507.0,5710.0,0.257,234.0,540.0,0.0469,22221.0,16542.0,5679.0,0.2556,207.0,643.0,0.0514,25527,18430,7097,0.278,271,588,0.0466
2927804,5039.0,3401.0,1638.0,0.3251,21.0,146.0,0.0491,5040.0,3356.0,1684.0,0.3341,40.0,193.0,0.0694,4922,3563,1359,0.2761,57,134,0.0536
2927903,8578.0,6073.0,2505.0,0.292,96.0,223.0,0.0525,8579.0,6130.0,2449.0,0.2855,76.0,228.0,0.0496,8217,6301,1916,0.2332,115,213,0.0521
2928000,32092.0,25091.0,7001.0,0.2182,341.0,1029.0,0.0546,32099.0,25384.0,6715.0,0.2092,329.0,1224.0,0.0612,32102,26577,5525,0.1721,443,1151,0.06
2928109,31806.0,24151.0,7655.0,0.2407,257.0,877.0,0.047,31807.0,24250.0,7557.0,0.2376,265.0,952.0,0.0502,30271,24825,5446,0.1799,317,789,0.0446
2928208,21488.0,16377.0,5111.0,0.2379,161.0,602.0,0.0466,21491.0,16649.0,4842.0,0.2253,153.0,578.0,0.0439,21022,16849,4173,0.1985,204,551,0.0448
2928307,9301.0,7258.0,2043.0,0.2197,143.0,284.0,0.0588,9301.0,7146.0,2155.0,0.2317,100.0,315.0,0.0581,9599,7651,1948,0.2029,191,305,0.0648
2928505,9340.0,7022.0,2318.0,0.2482,96.0,293.0,0.0554,9340.0,6945.0,2395.0,0.2564,104.0,347.0,0.0649,9441,7700,1741,0.1844,117,300,0.0542
2928604,49786.0,39040.0,10746.0,0.2158,635.0,1320.0,0.0501,49791.0,38988.0,10803.0,0.217,663.0,1691.0,0.0604,47773,37730,10043,0.2102,834,1382,0.0587
2928703,74578.0,61172.0,13406.0,0.1798,796.0,2245.0,0.0497,74586.0,62477.0,12109.0,0.1623,848.0,2874.0,0.0596,77886,63969,13917,0.1787,1097,2855,0.0618
2928802,37880.0,31036.0,6844.0,0.1807,385.0,1134.0,0.0489,37881.0,31272.0,6609.0,0.1745,355.0,1325.0,0.0537,39754,32217,7537,0.1896,511,1322,0.0569
2928901,24739.0,20250.0,4489.0,0.1815,179.0,511.0,0.0341,24744.0,20470.0,4274.0,0.1727,165.0,508.0,0.0329,28595,22878,5717,0.1999,220,441,0.0289
2929008,10673.0,8438.0,2235.0,0.2094,137.0,227.0,0.0431,10675.0,8390.0,2285.0,0.2141,131.0,295.0,0.0508,10118,8288,1830,0.1809,151,278,0.0518
2928950,7902.0,6562.0,1340.0,0.1696,81.0,191.0,0.0415,7899.0,6539.0,1360.0,0.1722,90.0,275.0,0.0558,7986,6814,1172,0.1468,81,247,0.0481
2929107,17761.0,13980.0,3781.0,0.2129,207.0,399.0,0.0433,17762.0,14090.0,3672.0,0.2067,236.0,525.0,0.054,17802,14773,3029,0.1701,290,544,0.0565
2929057,12494.0,10128.0,2366.0,0.1894,102.0,393.0,0.0489,12495.0,10175.0,2320.0,0.1857,133.0,386.0,0.051,12580,10408,2172,0.1727,140,318,0.044
2929206,32861.0,26836.0,6025.0,0.1833,388.0,792.0,0.044,32862.0,26964.0,5898.0,0.1795,367.0,1033.0,0.0519,33764,25755,8009,0.2372,488,775,0.049
2929305,29406.0,24328.0,5078.0,0.1727,340.0,801.0,0.0469,29406.0,24576.0,4830.0,0.1643,299.0,965.0,0.0514,30041,24850,5191,0.1728,496,867,0.0548
2929370,8806.0,6585.0,2221.0,0.2522,134.0,325.0,0.0697,8806.0,6727.0,2079.0,0.2361,113.0,338.0,0.067,8830,7017,1813,0.2053,141,261,0.0573
2929404,9363.0,7710.0,1653.0,0.1765,69.0,259.0,0.0425,9364.0,7701.0,1663.0,0.1776,61.0,285.0,0.0449,9030,7672,1358,0.1504,101,238,0.0442
2929503,35161.0,27876.0,7285.0,0.2072,338.0,923.0,0.0452,35163.0,28153.0,7010.0,0.1994,358.0,1166.0,0.0541,34046,27067,6979,0.205,409,891,0.048
2929602,15402.0,12736.0,2666.0,0.1731,199.0,441.0,0.0503,15401.0,12841.0,2560.0,0.1662,194.0,537.0,0.0569,16207,13261,2946,0.1818,302,568,0.0656
2929701,14364.0,10339.0,4025.0,0.2802,137.0,414.0,0.0533,14364.0,10410.0,3954.0,0.2753,157.0,477.0,0.0609,14469,11327,3142,0.2172,207,422,0.0555
2929750,12761.0,9973.0,2788.0,0.2185,152.0,319.0,0.0472,12761.0,9863.0,2898.0,0.2271,151.0,415.0,0.0574,13374,10317,3057,0.2286,220,369,0.0571
2929800,9290.0,6866.0,2424.0,0.2609,76.0,286.0,0.0527,9291.0,6875.0,2416.0,0.26,80.0,298.0,0.055,9154,6963,2191,0.2393,104,347,0.0648
2929909,33299.0,27991.0,5308.0,0.1594,280.0,872.0,0.0412,33306.0,28455.0,4851.0,0.1456,266.0,893.0,0.0407,35799,30252,5547,0.1549,418,1085,0.0497
2930006,7200.0,5607.0,1593.0,0.2212,66.0,232.0,0.0531,7198.0,5702.0,1496.0,0.2078,81.0,192.0,0.0479,7218,5962,1256,0.174,70,122,0.0322
2930105,51914.0,41727.0,10187.0,0.1962,703.0,1451.0,0.0516,51926.0,42359.0,9567.0,0.1842,672.0,1825.0,0.0589,53709,43744,9965,0.1855,714,1717,0.0556
2930204,30841.0,22910.0,7931.0,0.2572,214.0,507.0,0.0315,30841.0,22627.0,8214.0,0.2663,240.0,635.0,0.0387,30127,24637,5490,0.1822,350,681,0.0418
2930154,26593.0,19553.0,7040.0,0.2647,201.0,620.0,0.042,26594.0,19605.0,6989.0,0.2628,208.0,701.0,0.0464,26065,21368,4697,0.1802,222,451,0.0315
2930303,15290.0,11298.0,3992.0,0.2611,138.0,358.0,0.0439,15291.0,11440.0,3851.0,0.2518,130.0,360.0,0.0428,15281,11851,3430,0.2245,192,353,0.046
2930402,17664.0,13542.0,4122.0,0.2334,159.0,446.0,0.0447,17663.0,13323.0,4340.0,0.2457,154.0,484.0,0.0479,17262,13521,3741,0.2167,196,447,0.0476
2930501,61588.0,51236.0,10352.0,0.1681,640.0,2278.0,0.057,61590.0,51353.0,10237.0,0.1662,580.0,2549.0,0.0609,63689,52079,11610,0.1823,819,2196,0.0579
2930600,10313.0,8361.0,1952.0,0.1893,96.0,446.0,0.0648,10312.0,8290.0,2022.0,0.1961,120.0,441.0,0.0677,11033,8904,2129,0.193,138,366,0.0566
2930709,87502.0,70532.0,16970.0,0.1939,1220.0,2562.0,0.0536,87505.0,72023.0,15482.0,0.1769,1152.0,3408.0,0.0633,90003,71439,18564,0.2063,1605,2762,0.0611
2930758,10921.0,8334.0,2587.0,0.2369,70.0,179.0,0.0299,10921.0,8304.0,2617.0,0.2396,70.0,237.0,0.037,11257,9228,2029,0.1802,102,192,0.0319
2930808,14457.0,11161.0,3296.0,0.228,96.0,169.0,0.0237,14457.0,11278.0,3179.0,0.2199,111.0,213.0,0.0287,14232,11656,2576,0.181,146,228,0.0321
2930907,11024.0,8055.0,2969.0,0.2693,88.0,223.0,0.0386,11027.0,8141.0,2886.0,0.2617,112.0,218.0,0.0405,11241,8657,2584,0.2299,112,235,0.0401
2931004,17845.0,14431.0,3414.0,0.1913,168.0,467.0,0.044,17847.0,14760.0,3087.0,0.173,174.0,527.0,0.0475,17984,14985,2999,0.1668,185,392,0.0385
2931103,7478.0,6123.0,1355.0,0.1812,50.0,153.0,0.0332,7477.0,6101.0,1376.0,0.184,50.0,200.0,0.041,7717,6444,1273,0.165,63,169,0.036
2931202,14301.0,11062.0,3239.0,0.2265,166.0,522.0,0.0622,14301.0,10968.0,3333.0,0.2331,147.0,554.0,0.0639,14359,11297,3062,0.2132,177,475,0.0577
2931301,11987.0,8369.0,3618.0,0.3018,103.0,571.0,0.0805,11986.0,8298.0,3688.0,0.3077,84.0,584.0,0.0805,11283,8616,2667,0.2364,120,581,0.0814
2931400,6938.0,5554.0,1384.0,0.1995,59.0,210.0,0.0484,6938.0,5457.0,1481.0,0.2135,56.0,225.0,0.0515,6868,5631,1237,0.1801,76,187,0.0467
2931509,18904.0,13622.0,5282.0,0.2794,122.0,499.0,0.0456,18907.0,13655.0,5252.0,0.2778,116.0,541.0,0.0481,18692,14304,4388,0.2348,183,458,0.0448
2931608,11678.0,8981.0,2697.0,0.2309,100.0,363.0,0.0516,11678.0,8965.0,2713.0,0.2323,114.0,358.0,0.0526,11256,8977,2279,0.2025,118,314,0.0481
2931707,10436.0,8228.0,2208.0,0.2116,113.0,340.0,0.0551,10436.0,8154.0,2282.0,0.2187,92.0,379.0,0.0578,10480,8323,2157,0.2058,138,335,0.0568
2931806,16482.0,11252.0,5230.0,0.3173,101.0,510.0,0.0543,16484.0,11469.0,5015.0,0.3042,114.0,629.0,0.0648,15421,11551,3870,0.251,105,475,0.0502
2931905,39480.0,31478.0,8002.0,0.2027,327.0,1048.0,0.0437,39483.0,31481.0,8002.0,0.2027,297.0,1257.0,0.0494,41771,33428,8343,0.1997,448,1178,0.0486
2932002,22538.0,17117.0,5421.0,0.2405,174.0,544.0,0.0419,22538.0,17147.0,5391.0,0.2392,194.0,511.0,0.0411,22079,18137,3942,0.1785,223,461,0.0377
2932101,16727.0,12410.0,4317.0,0.2581,192.0,517.0,0.0571,16727.0,12576.0,4151.0,0.2482,187.0,617.0,0.0639,15896,12630,3266,0.2055,210,565,0.0614
2932200,14261.0,10649.0,3612.0,0.2533,102.0,334.0,0.0409,14260.0,10579.0,3681.0,0.2581,134.0,451.0,0.0553,14272,10679,3593,0.2518,124,341,0.0435
2932309,11942.0,9279.0,2663.0,0.223,112.0,342.0,0.0489,11939.0,9284.0,2655.0,0.2224,109.0,434.0,0.0585,11980,9222,2758,0.2302,121,389,0.0553
2932408,12116.0,9766.0,2350.0,0.194,105.0,312.0,0.0427,12119.0,9975.0,2144.0,0.1769,120.0,303.0,0.0424,12012,9971,2041,0.1699,159,267,0.0427
2932457,10971.0,8918.0,2053.0,0.1871,98.0,342.0,0.0493,10971.0,8743.0,2228.0,0.2031,112.0,373.0,0.0555,11651,9235,2416,0.2074,77,279,0.0385
2932507,16003.0,11870.0,4133.0,0.2583,152.0,493.0,0.0543,16004.0,11706.0,4298.0,0.2686,149.0,639.0,0.0673,16864,12601,4263,0.2528,194,471,0.0528
2932606,13432.0,10226.0,3206.0,0.2387,141.0,343.0,0.0473,13432.0,10371.0,3061.0,0.2279,111.0,337.0,0.0432,13766,11131,2635,0.1914,127,231,0.0322
2932705,18709.0,13818.0,4891.0,0.2614,132.0,511.0,0.0465,18711.0,13697.0,5014.0,0.268,140.0,712.0,0.0622,18222,13919,4303,0.2361,159,550,0.0509
2932804,13324.0,9777.0,3547.0,0.2662,75.0,361.0,0.0446,13328.0,9855.0,3473.0,0.2606,93.0,458.0,0.0559,13057,10190,2867,0.2196,98,346,0.0436
2932903,64400.0,51388.0,13012.0,0.202,1100.0,2562.0,0.0713,64412.0,52005.0,12407.0,0.1926,1000.0,3115.0,0.0791,66657,52894,13763,0.2065,1296,2474,0.0713
2933000,19999.0,16434.0,3565.0,0.1783,299.0,637.0,0.057,20003.0,16347.0,3656.0,0.1828,275.0,844.0,0.0685,20175,17431,2744,0.136,273,669,0.054
2933109,7062.0,5402.0,1660.0,0.2351,66.0,181.0,0.0457,7061.0,5367.0,1694.0,0.2399,50.0,216.0,0.0496,7284,5905,1379,0.1893,77,223,0.0508
2933174,8718.0,7219.0,1499.0,0.1719,58.0,209.0,0.037,8718.0,7251.0,1467.0,0.1683,78.0,280.0,0.0494,9468,7868,1600,0.169,84,288,0.0473
2933208,32993.0,26973.0,6020.0,0.1825,412.0,797.0,0.0448,32998.0,27075.0,5923.0,0.1795,421.0,1140.0,0.0577,36715,29228,7487,0.2039,506,836,0.0459
2933257,6795.0,4987.0,1808.0,0.2661,43.0,168.0,0.0423,6794.0,5015.0,1779.0,0.2618,49.0,168.0,0.0433,6714,5103,1611,0.2399,49,144,0.0378
2933307,252199.0,211850.0,40349.0,0.16,2996.0,6884.0,0.0466,252115.0,214472.0,37643.0,0.1493,3224.0,9713.0,0.0603,265595,216286,49309,0.1857,4195,7707,0.055
2933406,7340.0,5318.0,2022.0,0.2755,58.0,198.0,0.0481,7340.0,5324.0,2016.0,0.2747,60.0,203.0,0.0494,6804,5413,1391,0.2044,69,184,0.0467
2933505,16867.0,12656.0,4211.0,0.2497,133.0,423.0,0.0439,16867.0,12418.0,4449.0,0.2638,157.0,557.0,0.0575,16675,13076,3599,0.2158,198,460,0.0503
2933604,36744.0,26975.0,9769.0,0.2659,248.0,986.0,0.0457,36743.0,27345.0,9398.0,0.2558,303.0,1112.0,0.0517,35384,27416,7968,0.2252,364,1012,0.0502
2919157,22663.0,18317.0,4346.0,0.1918,161.0,526.0,0.0375,22662.0,18377.0,4285.0,0.1891,163.0,495.0,0.0358,22037,18767,3270,0.1484,240,461,0.0374
2919926,15619.0,13199.0,2420.0,0.1549,126.0,326.0,0.0342,15619.0,13260.0,2359.0,0.151,144.0,425.0,0.0429,17110,13732,3378,0.1974,176,305,0.035
2919959,7264.0,4773.0,2491.0,0.3429,45.0,247.0,0.0612,7265.0,4811.0,2454.0,0.3378,52.0,243.0,0.0613,6722,4986,1736,0.2583,49,226,0.0552
2920452,10522.0,7082.0,3440.0,0.3269,44.0,160.0,0.0288,10522.0,6841.0,3681.0,0.3498,61.0,189.0,0.0365,10491,7288,3203,0.3053,43,193,0.0324
2922656,10807.0,7822.0,2985.0,0.2762,94.0,347.0,0.0564,10806.0,7976.0,2830.0,0.2619,84.0,355.0,0.055,10580,8554,2026,0.1915,105,310,0.0485
2924058,12080.0,9535.0,2545.0,0.2107,140.0,328.0,0.0491,12080.0,9629.0,2451.0,0.2029,148.0,404.0,0.0573,12191,10070,2121,0.174,138,419,0.0553
2924652,8550.0,6507.0,2043.0,0.2389,97.0,246.0,0.0527,8550.0,6676.0,1874.0,0.2192,99.0,325.0,0.0635,8931,6623,2308,0.2584,102,301,0.0608
2925931,8917.0,6758.0,2159.0,0.2421,138.0,260.0,0.0589,8917.0,6880.0,2037.0,0.2284,114.0,279.0,0.0571,8784,7134,1650,0.1878,152,330,0.0676
2925956,19439.0,13789.0,5650.0,0.2907,198.0,629.0,0.06,19439.0,14047.0,5392.0,0.2774,183.0,671.0,0.0608,19049,14618,4431,0.2326,179,738,0.0627
2928059,9930.0,6412.0,3518.0,0.3543,56.0,268.0,0.0505,9930.0,6302.0,3628.0,0.3654,63.0,334.0,0.063,9034,6939,2095,0.2319,71,222,0.0422
2929255,15706.0,13200.0,2506.0,0.1596,114.0,368.0,0.0365,15707.0,13182.0,2525.0,0.1608,118.0,431.0,0.0416,16440,13973,2467,0.1501,148,357,0.0361
2930766,10209.0,7668.0,2541.0,0.2489,59.0,305.0,0.0475,10203.0,7745.0,2458.0,0.2409,74.0,272.0,0.0447,9929,8232,1697,0.1709,74,285,0.0436
2931053,14507.0,11523.0,2984.0,0.2057,170.0,452.0,0.054,14507.0,11763.0,2744.0,0.1892,168.0,349.0,0.044,14688,12236,2452,0.1669,271,414,0.056
2929354,5080.0,3783.0,1297.0,0.2553,45.0,108.0,0.0404,5080.0,3703.0,1377.0,0.2711,45.0,182.0,0.0613,5258,3954,1304,0.248,52,170,0.0561
2931350,112580.0,81993.0,30587.0,0.2717,1052.0,2419.0,0.0423,112573.0,83401.0,29172.0,0.2591,1060.0,3044.0,0.0492,105045,81717,23328,0.2221,1269,2350,0.0443
2923035,8904.0,7499.0,1405.0,0.1578,87.0,186.0,0.0364,8903.0,7522.0,1381.0,0.1551,99.0,216.0,0.0419,9200,7689,1511,0.1642,117,200,0.0412
2933158,10791.0,8070.0,2721.0,0.2522,105.0,348.0,0.0561,10791.0,8136.0,2655.0,0.246,124.0,392.0,0.0634,10874,8855,2019,0.1857,142,397,0.0609
2922755,5498.0,4083.0,1415.0,0.2574,59.0,136.0,0.0478,5497.0,4018.0,1479.0,0.2691,68.0,159.0,0.0565,5509,4460,1049,0.1904,61,157,0.0489
2933059,11488.0,8396.0,3092.0,0.2692,204.0,490.0,0.0827,11490.0,8449.0,3041.0,0.2647,172.0,474.0,0.0765,10928,8692,2236,0.2046,205,395,0.069
2930774,19989.0,15566.0,4423.0,0.2213,149.0,362.0,0.0328,19988.0,15757.0,4231.0,0.2117,156.0,422.0,0.0367,20427,15975,4452,0.2179,194,410,0.0378
2933455,10906.0,8461.0,2445.0,0.2242,64.0,165.0,0.0271,10906.0,8504.0,2402.0,0.2202,52.0,188.0,0.0282,10702,8494,2208,0.2063,82,172,0.0299
3101631,5774.0,4896.0,878.0,0.1521,101.0,210.0,0.0635,5776.0,4984.0,792.0,0.1371,69.0,190.0,0.052,6138,5037,1101,0.1794,112,224,0.0667
3100104,5706.0,4606.0,1100.0,0.1928,72.0,156.0,0.0495,5706.0,4689.0,1017.0,0.1782,50.0,128.0,0.038,5720,4597,1123,0.1963,66,157,0.0485
3103751,6413.0,5073.0,1340.0,0.209,62.0,107.0,0.0333,6413.0,5236.0,1177.0,0.1835,42.0,111.0,0.0292,7006,5494,1512,0.2158,71,120,0.0348
3100203,18927.0,14188.0,4739.0,0.2504,274.0,334.0,0.0429,18935.0,14451.0,4484.0,0.2368,189.0,264.0,0.0313,17445,13969,3476,0.1993,264,340,0.0432
3108552,11709.0,8964.0,2745.0,0.2344,76.0,179.0,0.0284,11712.0,9051.0,2661.0,0.2272,74.0,134.0,0.023,12436,9458,2978,0.2395,83,199,0.0298
3100302,11459.0,9157.0,2302.0,0.2009,210.0,319.0,0.0578,11460.0,9303.0,2157.0,0.1882,162.0,184.0,0.0372,12103,9483,2620,0.2165,197,366,0.0594
3112653,4071.0,2779.0,1292.0,0.3174,37.0,111.0,0.0533,4071.0,2829.0,1242.0,0.3051,24.0,63.0,0.0308,4057,3006,1051,0.2591,39,90,0.0429
3100401,3537.0,2661.0,876.0,0.2477,38.0,115.0,0.0575,3536.0,2674.0,862.0,0.2438,26.0,78.0,0.0389,3518,2683,835,0.2374,39,129,0.0626
3114550,7664.0,6100.0,1564.0,0.2041,42.0,119.0,0.0264,7667.0,6245.0,1422.0,0.1855,29.0,108.0,0.0219,7997,6153,1844,0.2306,54,156,0.0341
3100500,8599.0,5595.0,3004.0,0.3493,126.0,244.0,0.0661,8599.0,5663.0,2936.0,0.3414,91.0,157.0,0.0438,8227,5412,2815,0.3422,114,225,0.0626
3115458,8043.0,5720.0,2323.0,0.2888,50.0,277.0,0.0572,8045.0,5696.0,2349.0,0.292,52.0,178.0,0.0404,8492,6132,2360,0.2779,68,240,0.0502
3100609,11852.0,7754.0,4098.0,0.3458,60.0,328.0,0.05,11853.0,7858.0,3995.0,0.337,55.0,214.0,0.0342,11836,8050,3786,0.3199,98,321,0.052
3122355,5245.0,3875.0,1370.0,0.2612,56.0,194.0,0.0645,5245.0,3891.0,1354.0,0.2582,34.0,121.0,0.0398,5228,3872,1356,0.2594,44,180,0.0579
3100708,2379.0,1815.0,564.0,0.2371,21.0,43.0,0.0353,2378.0,1823.0,555.0,0.2334,16.0,48.0,0.0351,2699,2102,597,0.2212,23,56,0.0376
3122454,6859.0,5108.0,1751.0,0.2553,78.0,257.0,0.0656,6859.0,5217.0,1642.0,0.2394,59.0,134.0,0.037,7088,5252,1836,0.259,78,198,0.0526
3100807,4005.0,3167.0,838.0,0.2092,79.0,145.0,0.0707,4006.0,3237.0,769.0,0.192,64.0,127.0,0.059,4331,3305,1026,0.2369,86,123,0.0632
3123528,6569.0,5045.0,1524.0,0.232,61.0,174.0,0.0466,6567.0,5128.0,1439.0,0.2191,52.0,109.0,0.0314,6586,5067,1519,0.2306,78,177,0.0503
3100906,15899.0,11143.0,4756.0,0.2991,128.0,476.0,0.0542,15909.0,11484.0,4425.0,0.2781,132.0,319.0,0.0393,14491,11041,3450,0.2381,125,387,0.0464
3123858,5856.0,4439.0,1417.0,0.242,70.0,142.0,0.0478,5857.0,4599.0,1258.0,0.2148,41.0,100.0,0.0307,5891,4557,1334,0.2264,57,117,0.0382
3101003,10297.0,6922.0,3375.0,0.3278,106.0,312.0,0.0604,10297.0,7011.0,3286.0,0.3191,108.0,261.0,0.0526,10868,7559,3309,0.3045,101,309,0.0542
3125952,8014.0,6608.0,1406.0,0.1754,107.0,264.0,0.0561,8016.0,6835.0,1181.0,0.1473,87.0,189.0,0.0404,8564,6934,1630,0.1903,109,270,0.0547
3101102,19166.0,14152.0,5014.0,0.2616,190.0,261.0,0.0319,19161.0,14398.0,4763.0,0.2486,187.0,242.0,0.0298,19149,14096,5053,0.2639,237,277,0.0365
3126752,5057.0,3387.0,1670.0,0.3302,31.0,156.0,0.0552,5057.0,3440.0,1617.0,0.3198,24.0,110.0,0.039,5005,3414,1591,0.3179,47,124,0.0501
3101201,5159.0,3932.0,1227.0,0.2378,60.0,157.0,0.0552,5159.0,4046.0,1113.0,0.2157,60.0,95.0,0.0383,4838,3792,1046,0.2162,85,182,0.0704
3130051,8437.0,6236.0,2201.0,0.2609,43.0,149.0,0.0308,8437.0,6310.0,2127.0,0.2521,63.0,97.0,0.0254,8823,6683,2140,0.2425,38,131,0.0253
3101300,2473.0,1927.0,546.0,0.2208,32.0,46.0,0.0405,2472.0,1997.0,475.0,0.1922,33.0,35.0,0.0341,2619,2046,573,0.2188,41,40,0.0396
3131158,14062.0,10073.0,3989.0,0.2837,142.0,198.0,0.0338,14064.0,10160.0,3904.0,0.2776,112.0,157.0,0.0265,13853,10437,3416,0.2466,203,269,0.0452
3101409,2981.0,2354.0,627.0,0.2103,40.0,58.0,0.0416,2981.0,2402.0,579.0,0.1942,21.0,55.0,0.0316,3575,2790,785,0.2196,41,75,0.0416
3135050,25207.0,19223.0,5984.0,0.2374,211.0,692.0,0.047,25211.0,19503.0,5708.0,0.2264,193.0,459.0,0.0334,27130,20441,6689,0.2466,258,652,0.0445
3101508,27984.0,21461.0,6523.0,0.2331,304.0,456.0,0.0354,27985.0,21588.0,6397.0,0.2286,298.0,488.0,0.0364,27004,20323,6681,0.2474,386,487,0.043
3135076,4296.0,3057.0,1239.0,0.2884,33.0,124.0,0.0514,4296.0,3064.0,1232.0,0.2868,34.0,73.0,0.0349,4243,3107,1136,0.2677,42,104,0.047
3101607,61203.0,46998.0,14205.0,0.2321,929.0,1081.0,0.0428,61211.0,47936.0,13275.0,0.2169,714.0,993.0,0.0356,61027,45855,15172,0.2486,1133,1080,0.0483
3136652,22889.0,18274.0,4615.0,0.2016,402.0,686.0,0.0595,22889.0,18375.0,4514.0,0.1972,325.0,595.0,0.0501,25040,19315,5725,0.2286,504,709,0.0628
3101706,30392.0,21985.0,8407.0,0.2766,235.0,925.0,0.0528,30392.0,22266.0,8126.0,0.2674,252.0,599.0,0.0382,31120,22411,8709,0.2799,277,783,0.0473
3137536,7459.0,5759.0,1700.0,0.2279,65.0,120.0,0.0321,7462.0,5905.0,1557.0,0.2087,80.0,92.0,0.0291,7611,5868,1743,0.229,65,115,0.0307
3101805,6485.0,4580.0,1905.0,0.2938,59.0,130.0,0.0413,6485.0,4634.0,1851.0,0.2854,53.0,79.0,0.0285,6064,4701,1363,0.2248,91,110,0.0428
3138625,6094.0,4980.0,1114.0,0.1828,56.0,100.0,0.0313,6095.0,5079.0,1016.0,0.1667,50.0,85.0,0.0266,6632,5254,1378,0.2078,61,111,0.0327
3101904,15778.0,12394.0,3384.0,0.2145,177.0,271.0,0.0361,15776.0,12783.0,2993.0,0.1897,155.0,297.0,0.0354,16047,12536,3511,0.2188,206,329,0.0427
3138658,8260.0,5904.0,2356.0,0.2852,52.0,205.0,0.0435,8260.0,5994.0,2266.0,0.2743,50.0,145.0,0.0325,8567,6276,2291,0.2674,65,170,0.0374
3102001,12074.0,9651.0,2423.0,0.2007,182.0,240.0,0.0437,12075.0,9899.0,2176.0,0.1802,109.0,200.0,0.0312,12246,9725,2521,0.2059,203,236,0.0451
3139250,5634.0,4671.0,963.0,0.1709,37.0,120.0,0.0336,5634.0,4713.0,921.0,0.1635,54.0,98.0,0.0323,6126,5028,1098,0.1792,37,101,0.0274
3102100,10234.0,7548.0,2686.0,0.2625,132.0,288.0,0.0556,10237.0,7557.0,2680.0,0.2618,117.0,188.0,0.0404,10053,7171,2882,0.2867,167,277,0.0619
3140555,6778.0,5156.0,1622.0,0.2393,46.0,250.0,0.0574,6780.0,5144.0,1636.0,0.2413,47.0,175.0,0.0432,7529,5810,1719,0.2283,74,182,0.0441
3102209,4239.0,3406.0,833.0,0.1965,32.0,58.0,0.0264,4242.0,3467.0,775.0,0.1827,36.0,53.0,0.0257,4518,3572,946,0.2094,38,72,0.0308
3140852,6964.0,5107.0,1857.0,0.2667,60.0,178.0,0.0466,6964.0,5065.0,1899.0,0.2727,43.0,90.0,0.0263,7349,5520,1829,0.2489,40,154,0.0351
3102308,13078.0,10299.0,2779.0,0.2125,117.0,421.0,0.0522,13077.0,10327.0,2750.0,0.2103,121.0,314.0,0.0421,13098,9877,3221,0.2459,226,449,0.0683
3143450,5943.0,4250.0,1693.0,0.2849,48.0,248.0,0.0696,5944.0,4307.0,1637.0,0.2754,56.0,172.0,0.0529,5966,4492,1474,0.2471,67,180,0.055
3102407,4381.0,3105.0,1276.0,0.2913,32.0,142.0,0.056,4381.0,3153.0,1228.0,0.2803,39.0,106.0,0.046,4946,3336,1610,0.3255,57,170,0.068
3144359,5439.0,4051.0,1388.0,0.2552,83.0,129.0,0.0523,5439.0,4100.0,1339.0,0.2462,74.0,111.0,0.0451,5485,4014,1471,0.2682,72,133,0.0511
3102506,4629.0,3634.0,995.0,0.2149,50.0,146.0,0.0539,4629.0,3621.0,1008.0,0.2178,31.0,67.0,0.0271,4531,3508,1023,0.2258,48,100,0.0422
3145356,8992.0,5865.0,3127.0,0.3478,58.0,355.0,0.0704,8991.0,5969.0,3022.0,0.3361,61.0,237.0,0.0499,9100,6032,3068,0.3371,102,352,0.0753
3102605,30400.0,23628.0,6772.0,0.2228,536.0,787.0,0.056,30408.0,24082.0,6326.0,0.208,370.0,680.0,0.0436,30179,22852,7327,0.2428,614,775,0.0608
3146750,6166.0,4116.0,2050.0,0.3325,53.0,242.0,0.0717,6166.0,4244.0,1922.0,0.3117,72.0,157.0,0.054,6338,4357,1981,0.3126,70,232,0.0693
3102704,7121.0,5019.0,2102.0,0.2952,77.0,214.0,0.058,7121.0,5115.0,2006.0,0.2817,52.0,106.0,0.0309,6975,4954,2021,0.2897,84,176,0.0525
3149150,7900.0,5401.0,2499.0,0.3163,47.0,160.0,0.0383,7901.0,5423.0,2478.0,0.3136,48.0,101.0,0.0275,8112,5735,2377,0.293,61,133,0.0338
3102803,9931.0,7376.0,2555.0,0.2573,202.0,341.0,0.0736,9933.0,7575.0,2358.0,0.2374,146.0,292.0,0.0578,9886,7216,2670,0.2701,212,256,0.0649
3149952,6547.0,4610.0,1937.0,0.2959,60.0,98.0,0.0343,6550.0,4752.0,1798.0,0.2745,56.0,67.0,0.0259,6318,4670,1648,0.2608,80,112,0.0411
3102902,9730.0,7756.0,1974.0,0.2029,198.0,304.0,0.0647,9734.0,7866.0,1868.0,0.1919,124.0,244.0,0.0468,9889,7776,2113,0.2137,228,300,0.0679
3152170,9443.0,6438.0,3005.0,0.3182,79.0,353.0,0.0671,9443.0,6458.0,2985.0,0.3161,62.0,212.0,0.0424,9457,6545,2912,0.3079,96,366,0.0706
3103009,8831.0,6757.0,2074.0,0.2349,96.0,244.0,0.0503,8831.0,6788.0,2043.0,0.2313,107.0,171.0,0.041,9101,6790,2311,0.2539,134,250,0.0566
3154457,5669.0,4211.0,1458.0,0.2572,35.0,86.0,0.0287,5668.0,4294.0,1374.0,0.2424,47.0,78.0,0.0291,6015,4532,1483,0.2466,45,117,0.0357
3103108,1775.0,1515.0,260.0,0.1465,21.0,31.0,0.0343,1775.0,1505.0,270.0,0.1521,21.0,29.0,0.0332,1915,1551,364,0.1901,19,39,0.0374
3156452,5069.0,4113.0,956.0,0.1886,96.0,145.0,0.0586,5069.0,4186.0,883.0,0.1742,72.0,107.0,0.0428,5195,4191,1004,0.1933,100,137,0.0565
3103207,2350.0,1974.0,376.0,0.16,30.0,61.0,0.0461,2351.0,1951.0,400.0,0.1701,16.0,51.0,0.0343,2834,2208,626,0.2209,40,65,0.0476
3157252,7302.0,5677.0,1625.0,0.2225,110.0,238.0,0.0613,7301.0,5861.0,1440.0,0.1972,83.0,160.0,0.0415,6925,5555,1370,0.1978,114,235,0.0628
3103306,2473.0,2021.0,452.0,0.1828,29.0,77.0,0.0524,2474.0,1916.0,558.0,0.2255,30.0,68.0,0.0511,2839,2130,709,0.2497,48,95,0.0671
3159357,5971.0,4597.0,1374.0,0.2301,71.0,187.0,0.0561,5970.0,4778.0,1192.0,0.1997,58.0,125.0,0.0383,5935,4733,1202,0.2025,94,194,0.0608
3103405,27968.0,18931.0,9037.0,0.3231,244.0,638.0,0.0466,27974.0,19340.0,8634.0,0.3086,211.0,450.0,0.0342,28297,19735,8562,0.3026,316,572,0.045
3158953,23775.0,18000.0,5775.0,0.2429,242.0,397.0,0.0355,23778.0,18191.0,5587.0,0.235,230.0,305.0,0.0294,25815,19903,5912,0.229,324,370,0.0349
3103504,89195.0,69081.0,20114.0,0.2255,851.0,1606.0,0.0356,89205.0,70578.0,18627.0,0.2088,736.0,1622.0,0.0334,90272,69735,20537,0.2275,1081,1670,0.0394
3162252,4882.0,3733.0,1149.0,0.2354,42.0,98.0,0.0375,4882.0,3776.0,1106.0,0.2265,35.0,85.0,0.0318,5131,3925,1206,0.235,43,110,0.039
3103603,2718.0,2200.0,518.0,0.1906,47.0,103.0,0.0682,2718.0,2242.0,476.0,0.1751,40.0,70.0,0.0491,2872,2240,632,0.2201,64,81,0.0647
3162559,9127.0,7293.0,1834.0,0.2009,97.0,137.0,0.0321,9129.0,7612.0,1517.0,0.1662,77.0,90.0,0.0219,9811,7770,2041,0.208,87,196,0.0364
3103702,6798.0,5349.0,1449.0,0.2132,149.0,304.0,0.0847,6798.0,5458.0,1340.0,0.1971,121.0,178.0,0.0548,6500,5353,1147,0.1765,155,284,0.082
3162575,5187.0,3776.0,1411.0,0.272,56.0,96.0,0.0403,5184.0,3875.0,1309.0,0.2525,54.0,66.0,0.031,5242,4216,1026,0.1957,49,70,0.0282
3103801,3219.0,2481.0,738.0,0.2293,62.0,86.0,0.0597,3217.0,2582.0,635.0,0.1974,29.0,67.0,0.0372,3487,2711,776,0.2225,62,101,0.0601
3162658,3927.0,2921.0,1006.0,0.2562,15.0,109.0,0.0425,3928.0,2943.0,985.0,0.2508,24.0,71.0,0.0323,4046,2923,1123,0.2776,20,75,0.0325
3103900,6447.0,5336.0,1111.0,0.1723,132.0,136.0,0.0502,6448.0,5432.0,1016.0,0.1576,80.0,117.0,0.0363,6636,5551,1085,0.1635,88,150,0.0429
3162955,19682.0,16206.0,3476.0,0.1766,304.0,477.0,0.0482,19684.0,16301.0,3383.0,0.1719,236.0,399.0,0.039,19738,16356,3382,0.1713,367,486,0.0522
3104007,79859.0,62902.0,16957.0,0.2123,1140.0,1803.0,0.0468,79893.0,63719.0,16174.0,0.2024,893.0,1750.0,0.0415,81839,63006,18833,0.2301,1325,1802,0.0496
3165537,24998.0,20516.0,4482.0,0.1793,487.0,641.0,0.055,25002.0,20933.0,4069.0,0.1627,370.0,549.0,0.0439,26228,21426,4802,0.1831,568,704,0.0594
3104106,7367.0,5900.0,1467.0,0.1991,118.0,253.0,0.0629,7367.0,5979.0,1388.0,0.1884,96.0,226.0,0.0539,7685,6043,1642,0.2137,139,236,0.0621
3165560,3583.0,2677.0,906.0,0.2529,31.0,95.0,0.0471,3583.0,2494.0,1089.0,0.3039,28.0,65.0,0.0373,3765,2653,1112,0.2954,49,77,0.0475
3104205,32220.0,26026.0,6194.0,0.1922,694.0,896.0,0.0611,32222.0,26391.0,5831.0,0.181,539.0,829.0,0.0518,33540,26302,7238,0.2158,714,756,0.0559
3165578,5426.0,4370.0,1056.0,0.1946,83.0,112.0,0.0446,5426.0,4526.0,900.0,0.1659,72.0,101.0,0.0382,6008,4778,1230,0.2047,72,117,0.0396
3104304,11760.0,9207.0,2553.0,0.2171,210.0,252.0,0.0502,11763.0,9384.0,2379.0,0.2022,152.0,253.0,0.0432,11770,9048,2722,0.2313,219,245,0.0513
3170057,10455.0,7924.0,2531.0,0.2421,113.0,256.0,0.0466,10458.0,8050.0,2408.0,0.2303,76.0,178.0,0.0316,10135,8231,1904,0.1879,90,239,0.04
3104403,2931.0,2318.0,613.0,0.2091,33.0,46.0,0.0341,2931.0,2319.0,612.0,0.2088,23.0,47.0,0.0302,3035,2438,597,0.1967,29,49,0.032
3170529,7720.0,5417.0,2303.0,0.2983,29.0,169.0,0.0366,7720.0,5477.0,2243.0,0.2905,54.0,120.0,0.0318,7988,5768,2220,0.2779,43,171,0.0371
3104502,13839.0,9649.0,4190.0,0.3028,101.0,270.0,0.0384,13845.0,9984.0,3861.0,0.2789,116.0,201.0,0.0318,14460,10322,4138,0.2862,110,317,0.0414
3170578,6088.0,4321.0,1767.0,0.2902,66.0,157.0,0.0516,6087.0,4440.0,1647.0,0.2706,48.0,104.0,0.0342,5430,4195,1235,0.2274,60,145,0.0489
3104601,10796.0,8700.0,2096.0,0.1941,116.0,230.0,0.0398,10799.0,8835.0,1964.0,0.1819,122.0,168.0,0.0328,10808,8655,2153,0.1992,168,222,0.0451
3136579,3430.0,2239.0,1191.0,0.3472,17.0,108.0,0.0558,3430.0,2245.0,1185.0,0.3455,21.0,76.0,0.0432,3576,2383,1193,0.3336,23,148,0.0718
3104700,11334.0,7677.0,3657.0,0.3227,73.0,284.0,0.0465,11336.0,7731.0,3605.0,0.318,71.0,191.0,0.0339,11033,7658,3375,0.3059,80,261,0.0445
3136959,5636.0,3839.0,1797.0,0.3188,47.0,142.0,0.0492,5637.0,3845.0,1792.0,0.3179,34.0,92.0,0.0328,5569,3927,1642,0.2948,36,130,0.0423
3104809,4304.0,2978.0,1326.0,0.3081,38.0,97.0,0.0453,4305.0,3025.0,1280.0,0.2973,28.0,88.0,0.0383,4467,3101,1366,0.3058,55,99,0.0497
3138351,4242.0,2923.0,1319.0,0.3109,37.0,112.0,0.051,4242.0,2965.0,1277.0,0.301,38.0,79.0,0.0395,4360,3065,1295,0.297,36,103,0.0454
3104908,15487.0,12195.0,3292.0,0.2126,232.0,319.0,0.0452,15491.0,12619.0,2872.0,0.1854,186.0,307.0,0.0391,15621,12336,3285,0.2103,238,363,0.0487
3138674,5579.0,4410.0,1169.0,0.2095,78.0,119.0,0.0447,5579.0,4691.0,888.0,0.1592,74.0,82.0,0.0333,5861,4645,1216,0.2075,81,114,0.042
3105004,7113.0,5575.0,1538.0,0.2162,116.0,132.0,0.0445,7111.0,5608.0,1503.0,0.2114,76.0,104.0,0.0321,7093,5685,1408,0.1985,123,157,0.0493
3138682,6482.0,4576.0,1906.0,0.294,17.0,90.0,0.0234,6482.0,4602.0,1880.0,0.29,33.0,70.0,0.0224,6783,4856,1927,0.2841,44,104,0.0305
3105103,19068.0,14478.0,4590.0,0.2407,254.0,447.0,0.0484,19072.0,14681.0,4391.0,0.2302,182.0,323.0,0.0344,19001,14059,4942,0.2601,369,420,0.0561
3140159,12398.0,9983.0,2415.0,0.1948,229.0,388.0,0.0618,12398.0,10154.0,2244.0,0.181,160.0,311.0,0.0464,12178,9817,2361,0.1939,312,350,0.0674
3105202,4539.0,3242.0,1297.0,0.2857,43.0,221.0,0.0814,4539.0,3297.0,1242.0,0.2736,40.0,106.0,0.0443,4576,3218,1358,0.2968,51,185,0.0733
3140530,7772.0,6078.0,1694.0,0.218,76.0,185.0,0.0429,7772.0,6199.0,1573.0,0.2024,53.0,116.0,0.0273,8197,6323,1874,0.2286,107,183,0.0459
3105301,5262.0,4150.0,1112.0,0.2113,101.0,86.0,0.0451,5263.0,4215.0,1048.0,0.1991,50.0,91.0,0.0335,5237,4136,1101,0.2102,89,103,0.0464
3142254,4049.0,2622.0,1427.0,0.3524,26.0,136.0,0.0618,4049.0,2666.0,1383.0,0.3416,30.0,73.0,0.0386,4128,2728,1400,0.3391,28,112,0.0513
3105400,24716.0,19768.0,4948.0,0.2002,506.0,761.0,0.0641,24717.0,20044.0,4673.0,0.1891,365.0,650.0,0.0506,24133,19178,4955,0.2053,638,826,0.0763
3143153,4530.0,2849.0,1681.0,0.3711,27.0,148.0,0.0614,4530.0,2898.0,1632.0,0.3603,29.0,119.0,0.0511,4603,3069,1534,0.3333,47,165,0.0691
3105509,5512.0,4312.0,1200.0,0.2177,41.0,147.0,0.0436,5511.0,4323.0,1188.0,0.2156,35.0,102.0,0.0317,5613,4270,1343,0.2393,49,105,0.0361
3144375,3092.0,2400.0,692.0,0.2238,32.0,37.0,0.0288,3093.0,2430.0,663.0,0.2144,35.0,29.0,0.0263,3571,2743,828,0.2319,41,42,0.0303
3105608,99119.0,79994.0,19125.0,0.1929,1581.0,3172.0,0.0594,99142.0,81039.0,18103.0,0.1826,1150.0,2636.0,0.0467,99361,78398,20963,0.211,1985,3090,0.0647
3144656,8341.0,5609.0,2732.0,0.3275,120.0,341.0,0.0822,8341.0,5768.0,2573.0,0.3085,105.0,262.0,0.0636,8803,6286,2517,0.2859,130,347,0.0759
3105707,5772.0,4396.0,1376.0,0.2384,83.0,164.0,0.0562,5772.0,4402.0,1370.0,0.2374,49.0,126.0,0.0398,5500,4133,1367,0.2485,90,178,0.0648
3144672,3629.0,2587.0,1042.0,0.2871,36.0,75.0,0.0429,3629.0,2670.0,959.0,0.2643,31.0,53.0,0.0315,3553,2678,875,0.2463,41,78,0.0444
3169356,24233.0,18166.0,6067.0,0.2504,268.0,500.0,0.0423,24231.0,18350.0,5881.0,0.2427,248.0,449.0,0.038,24921,18101,6820,0.2737,422,564,0.0545
3145059,5699.0,4714.0,985.0,0.1728,64.0,139.0,0.0431,5697.0,4824.0,873.0,0.1532,43.0,90.0,0.0276,6102,5030,1072,0.1757,75,135,0.0417
3105905,17357.0,14012.0,3345.0,0.1927,358.0,532.0,0.0635,17360.0,14093.0,3267.0,0.1882,287.0,483.0,0.0546,17476,13791,3685,0.2109,525,610,0.0823
3145372,4762.0,3474.0,1288.0,0.2705,61.0,206.0,0.0769,4763.0,3541.0,1222.0,0.2566,62.0,87.0,0.0421,4973,3721,1252,0.2518,50,196,0.0661
3106002,7948.0,6530.0,1418.0,0.1784,105.0,203.0,0.0472,7948.0,6537.0,1411.0,0.1775,105.0,172.0,0.0424,8231,6598,1633,0.1984,162,196,0.0543
3145455,5306.0,3920.0,1386.0,0.2612,32.0,125.0,0.0401,5306.0,3952.0,1354.0,0.2552,41.0,68.0,0.0276,5281,4034,1247,0.2361,52,106,0.0392
3106101,3008.0,2447.0,561.0,0.1865,25.0,48.0,0.0298,3006.0,2462.0,544.0,0.181,24.0,30.0,0.0219,3228,2593,635,0.1967,35,61,0.037
3145851,4440.0,3479.0,961.0,0.2164,52.0,144.0,0.0563,4442.0,3453.0,989.0,0.2226,45.0,100.0,0.042,4326,3455,871,0.2013,79,123,0.0585
3106200,2011672.0,1574139.0,437533.0,0.2175,27938.0,46002.0,0.047,2011694.0,1608868.0,402826.0,0.2002,24802.0,45763.0,0.0439,1966966,1502632,464334,0.2361,30483,41661,0.048
3145877,6438.0,4983.0,1455.0,0.226,74.0,122.0,0.0393,6438.0,5113.0,1325.0,0.2058,60.0,112.0,0.0336,6817,5181,1636,0.24,74,107,0.0349
3106309,19792.0,14862.0,4930.0,0.2491,249.0,425.0,0.0454,19792.0,14949.0,4843.0,0.2447,208.0,337.0,0.0365,20697,15361,5336,0.2578,280,454,0.0478
3146255,4968.0,3173.0,1795.0,0.3613,40.0,142.0,0.0574,4968.0,3207.0,1761.0,0.3545,30.0,70.0,0.0312,5095,3276,1819,0.357,44,120,0.0501
3106408,8004.0,6534.0,1470.0,0.1837,135.0,256.0,0.0598,8006.0,6640.0,1366.0,0.1706,79.0,202.0,0.0423,8588,6828,1760,0.2049,160,213,0.0546
3146552,5335.0,3939.0,1396.0,0.2617,44.0,201.0,0.0622,5335.0,3952.0,1383.0,0.2592,36.0,101.0,0.0347,5550,4178,1372,0.2472,34,172,0.0493
3106507,9055.0,5839.0,3216.0,0.3552,83.0,300.0,0.0656,9056.0,5857.0,3199.0,0.3532,93.0,153.0,0.042,8995,6020,2975,0.3307,118,272,0.0648
3147956,5267.0,3836.0,1431.0,0.2717,38.0,73.0,0.0289,5267.0,3807.0,1460.0,0.2772,38.0,75.0,0.0297,5226,3921,1305,0.2497,47,105,0.0388
3106606,4279.0,3093.0,1186.0,0.2772,19.0,150.0,0.0546,4278.0,3124.0,1154.0,0.2698,21.0,80.0,0.0323,4066,3094,972,0.2391,27,92,0.0385
3148756,5760.0,4806.0,954.0,0.1656,95.0,180.0,0.0572,5760.0,4921.0,839.0,0.1457,67.0,103.0,0.0345,6260,5120,1140,0.1821,95,176,0.0529
3106705,291366.0,247749.0,43617.0,0.1497,5318.0,9395.0,0.0594,291368.0,248571.0,42797.0,0.1469,4102.0,8291.0,0.0499,301594,247276,54318,0.1801,6411,8890,0.0619
3150158,7994.0,5876.0,2118.0,0.2649,105.0,192.0,0.0505,7993.0,6082.0,1911.0,0.2391,85.0,126.0,0.0347,7808,5984,1824,0.2336,99,199,0.0498
3106804,3749.0,2944.0,805.0,0.2147,58.0,93.0,0.0513,3749.0,2892.0,857.0,0.2286,39.0,85.0,0.0429,3816,2828,988,0.2589,65,103,0.0594
3150539,4147.0,3193.0,954.0,0.23,41.0,121.0,0.0507,4147.0,3278.0,869.0,0.2095,45.0,75.0,0.0366,4149,3129,1020,0.2458,49,125,0.0556
3106903,11624.0,8952.0,2672.0,0.2299,115.0,248.0,0.0405,11625.0,9029.0,2596.0,0.2233,120.0,266.0,0.0428,11578,8861,2717,0.2347,132,278,0.0463
3150570,6507.0,4265.0,2242.0,0.3446,58.0,112.0,0.0399,6506.0,4431.0,2075.0,0.3189,52.0,92.0,0.0325,6546,4537,2009,0.3069,67,117,0.0406
3107000,2461.0,1971.0,490.0,0.1991,36.0,66.0,0.0518,2461.0,2045.0,416.0,0.169,25.0,41.0,0.0323,2682,2023,659,0.2457,36,70,0.0524
3152131,3854.0,2630.0,1224.0,0.3176,27.0,92.0,0.0452,3856.0,2640.0,1216.0,0.3154,35.0,73.0,0.0409,3901,2700,1201,0.3079,20,97,0.0433
3107109,32226.0,24351.0,7875.0,0.2444,549.0,667.0,0.0499,32230.0,24838.0,7392.0,0.2294,399.0,517.0,0.0369,32515,24278,8237,0.2533,599,564,0.0479
3154150,5848.0,4486.0,1362.0,0.2329,41.0,117.0,0.0352,5847.0,4617.0,1230.0,0.2104,44.0,78.0,0.0264,5853,4484,1369,0.2339,64,104,0.0375
3107208,4479.0,3533.0,946.0,0.2112,77.0,118.0,0.0552,4478.0,3600.0,878.0,0.1961,69.0,130.0,0.0553,4428,3389,1039,0.2346,64,129,0.0569
3157278,3283.0,2612.0,671.0,0.2044,21.0,86.0,0.041,3284.0,2707.0,577.0,0.1757,34.0,56.0,0.0332,3595,2790,805,0.2239,41,80,0.0434
3107307,37149.0,28095.0,9054.0,0.2437,388.0,831.0,0.0434,37149.0,28979.0,8170.0,0.2199,432.0,673.0,0.0381,35646,27974,7672,0.2152,521,773,0.0463
3157336,6518.0,5309.0,1209.0,0.1855,144.0,189.0,0.0627,6519.0,5426.0,1093.0,0.1677,113.0,173.0,0.0527,6469,5278,1191,0.1841,146,165,0.0589
3107406,38801.0,30008.0,8793.0,0.2266,791.0,887.0,0.0559,38792.0,30610.0,8182.0,0.2109,485.0,717.0,0.0393,39052,29939,9113,0.2334,761,789,0.0518
3157377,4336.0,2988.0,1348.0,0.3109,39.0,157.0,0.0656,4336.0,3045.0,1291.0,0.2977,45.0,105.0,0.0493,4496,3155,1341,0.2983,53,147,0.0634
3107505,5892.0,4635.0,1257.0,0.2133,100.0,158.0,0.0557,5892.0,4754.0,1138.0,0.1931,81.0,134.0,0.0452,6321,4986,1335,0.2112,102,157,0.0519
3157658,5419.0,3835.0,1584.0,0.2923,29.0,255.0,0.0741,5419.0,3962.0,1457.0,0.2689,33.0,103.0,0.0343,5344,4022,1322,0.2474,36,168,0.0507
3107604,3527.0,2827.0,700.0,0.1985,58.0,99.0,0.0555,3529.0,2860.0,669.0,0.1896,33.0,71.0,0.0364,3674,2935,739,0.2011,48,80,0.0436
3160454,6282.0,4547.0,1735.0,0.2762,55.0,234.0,0.0636,6282.0,4550.0,1732.0,0.2757,44.0,164.0,0.0457,6670,4979,1691,0.2535,51,189,0.0482
3107703,5090.0,4020.0,1070.0,0.2102,83.0,201.0,0.0706,5090.0,4125.0,965.0,0.1896,55.0,162.0,0.0526,5181,3935,1246,0.2405,98,164,0.0666
3160959,5388.0,4174.0,1214.0,0.2253,74.0,140.0,0.0513,5387.0,4268.0,1119.0,0.2077,60.0,62.0,0.0286,5911,4751,1160,0.1962,63,129,0.0404
3107802,12435.0,9489.0,2946.0,0.2369,170.0,374.0,0.0573,12435.0,9735.0,2700.0,0.2171,125.0,226.0,0.0361,12062,9454,2608,0.2162,180,372,0.0584
3161056,3194.0,2443.0,751.0,0.2351,37.0,90.0,0.052,3195.0,2457.0,738.0,0.231,23.0,47.0,0.0285,3799,2762,1037,0.273,27,73,0.0362
3107901,8916.0,7520.0,1396.0,0.1566,147.0,210.0,0.0475,8916.0,7647.0,1269.0,0.1423,138.0,175.0,0.0409,10209,8264,1945,0.1905,189,251,0.0532
3161650,3176.0,2284.0,892.0,0.2809,25.0,66.0,0.0398,3175.0,2308.0,867.0,0.2731,23.0,49.0,0.0312,3221,2428,793,0.2462,33,101,0.0552
3108008,15501.0,11614.0,3887.0,0.2508,335.0,411.0,0.0642,15506.0,11740.0,3766.0,0.2429,188.0,361.0,0.0468,15102,11063,4039,0.2674,353,412,0.0691
3162450,9468.0,7094.0,2374.0,0.2507,92.0,349.0,0.0622,9468.0,7190.0,2278.0,0.2406,77.0,196.0,0.038,9981,7496,2485,0.249,75,301,0.0502
3108107,7064.0,5565.0,1499.0,0.2122,177.0,210.0,0.0695,7062.0,5636.0,1426.0,0.2019,114.0,214.0,0.0582,7317,5596,1721,0.2352,184,201,0.0688
3162922,21338.0,16769.0,4569.0,0.2141,328.0,645.0,0.058,21344.0,16961.0,4383.0,0.2054,274.0,505.0,0.0459,25074,19114,5960,0.2377,467,694,0.0607
3108206,5022.0,3590.0,1432.0,0.2851,49.0,77.0,0.0351,5025.0,3679.0,1346.0,0.2679,56.0,68.0,0.0337,5046,3663,1383,0.2741,59,66,0.0341
3162948,6561.0,5120.0,1441.0,0.2196,90.0,113.0,0.0396,6562.0,5202.0,1360.0,0.2073,65.0,103.0,0.0323,6753,5247,1506,0.223,89,130,0.0417
3108305,13284.0,10369.0,2915.0,0.2194,206.0,324.0,0.0511,13285.0,10560.0,2725.0,0.2051,155.0,320.0,0.045,13454,10648,2806,0.2086,219,340,0.0525
3102050,4302.0,3631.0,671.0,0.156,37.0,52.0,0.0245,4304.0,3706.0,598.0,0.1389,28.0,57.0,0.0229,4564,3796,768,0.1683,36,62,0.0258
3108404,12897.0,9757.0,3140.0,0.2435,149.0,245.0,0.0404,12896.0,9915.0,2981.0,0.2312,122.0,236.0,0.0361,12776,9614,3162,0.2475,190,245,0.0452
3102852,6722.0,4693.0,2029.0,0.3018,71.0,194.0,0.0565,6722.0,4742.0,1980.0,0.2946,62.0,125.0,0.0394,6879,4967,1912,0.2779,66,209,0.0554
3108503,5408.0,3823.0,1585.0,0.2931,46.0,181.0,0.0594,5406.0,3830.0,1576.0,0.2915,43.0,111.0,0.0402,5656,4038,1618,0.2861,71,206,0.0686
3104452,4852.0,3456.0,1396.0,0.2877,72.0,179.0,0.0726,4852.0,3426.0,1426.0,0.2939,44.0,105.0,0.0435,5172,3782,1390,0.2688,88,130,0.0576
3108602,27158.0,19496.0,7662.0,0.2821,300.0,606.0,0.0465,27164.0,19817.0,7347.0,0.2705,268.0,516.0,0.0396,27089,19651,7438,0.2746,321,532,0.0434
3106655,3987.0,3129.0,858.0,0.2152,28.0,132.0,0.0511,3988.0,3171.0,817.0,0.2049,41.0,108.0,0.047,4307,3356,951,0.2208,40,117,0.0468
3108701,4577.0,3242.0,1335.0,0.2917,50.0,123.0,0.0534,4574.0,3377.0,1197.0,0.2617,40.0,71.0,0.0329,4684,3291,1393,0.2974,63,120,0.0556
3108255,8229.0,5695.0,2534.0,0.3079,40.0,214.0,0.0446,8229.0,5656.0,2573.0,0.3127,53.0,130.0,0.0324,8624,6063,2561,0.297,68,266,0.0551
3108800,4409.0,3073.0,1336.0,0.303,54.0,140.0,0.0631,4410.0,3144.0,1266.0,0.2871,47.0,94.0,0.0448,4386,3009,1377,0.314,58,142,0.0665
3109253,4421.0,3224.0,1197.0,0.2708,39.0,68.0,0.0332,4421.0,3241.0,1180.0,0.2669,32.0,57.0,0.0275,4366,3276,1090,0.2497,57,83,0.0427
3108909,12754.0,9578.0,3176.0,0.249,248.0,340.0,0.0614,12754.0,9826.0,2928.0,0.2296,213.0,321.0,0.0543,12541,9376,3165,0.2524,246,316,0.0599
3109451,5502.0,4112.0,1390.0,0.2526,66.0,101.0,0.0406,5502.0,4114.0,1388.0,0.2523,64.0,71.0,0.0328,5891,4408,1483,0.2517,55,97,0.0345
3109006,32273.0,25974.0,6299.0,0.1952,536.0,983.0,0.0585,32274.0,26247.0,6027.0,0.1867,452.0,826.0,0.0487,35366,27822,7544,0.2133,610,917,0.0549
3111150,4117.0,2841.0,1276.0,0.3099,21.0,78.0,0.0348,4117.0,2802.0,1315.0,0.3194,35.0,62.0,0.0346,4494,3090,1404,0.3124,33,66,0.032
3109105,8896.0,6779.0,2117.0,0.238,185.0,198.0,0.0565,8894.0,7032.0,1862.0,0.2094,136.0,181.0,0.0451,8694,6580,2114,0.2432,133,177,0.0471
3112059,3757.0,2613.0,1144.0,0.3045,33.0,129.0,0.062,3757.0,2673.0,1084.0,0.2885,37.0,82.0,0.0445,3858,2699,1159,0.3004,40,129,0.0626
3109204,8455.0,5342.0,3113.0,0.3682,101.0,197.0,0.0558,8458.0,5394.0,3064.0,0.3623,78.0,173.0,0.0465,8547,5459,3088,0.3613,91,200,0.0533
3115359,4821.0,3905.0,916.0,0.19,86.0,161.0,0.0633,4821.0,3900.0,921.0,0.191,67.0,142.0,0.0536,5156,4007,1149,0.2228,111,159,0.0674
3109303,19030.0,14158.0,4872.0,0.256,127.0,328.0,0.0321,19033.0,14460.0,4573.0,0.2403,165.0,291.0,0.0315,20584,15278,5306,0.2578,148,301,0.0294
3115474,4401.0,3319.0,1082.0,0.2459,41.0,143.0,0.0554,4401.0,3360.0,1041.0,0.2365,39.0,105.0,0.0429,4594,3563,1031,0.2244,32,132,0.046
3109402,19475.0,14313.0,5162.0,0.2651,218.0,524.0,0.0518,19476.0,14468.0,5008.0,0.2571,187.0,438.0,0.0432,20491,15147,5344,0.2608,335,682,0.0671
3116159,8856.0,6516.0,2340.0,0.2642,52.0,205.0,0.0394,8857.0,6583.0,2274.0,0.2567,77.0,195.0,0.0413,9589,7119,2470,0.2576,60,194,0.0357
3109501,9583.0,7603.0,1980.0,0.2066,114.0,152.0,0.035,9584.0,7707.0,1877.0,0.1958,90.0,141.0,0.03,9574,7449,2125,0.222,155,181,0.0451
3117836,6167.0,4453.0,1714.0,0.2779,39.0,196.0,0.0528,6167.0,4493.0,1674.0,0.2714,61.0,126.0,0.0416,6340,4748,1592,0.2511,66,160,0.0476
3109600,3528.0,2867.0,661.0,0.1874,45.0,69.0,0.0398,3529.0,2883.0,646.0,0.1831,45.0,65.0,0.0382,3473,2846,627,0.1805,63,76,0.0488
3117876,6588.0,5563.0,1025.0,0.1556,67.0,148.0,0.0386,6587.0,5543.0,1044.0,0.1585,66.0,99.0,0.0298,7057,5797,1260,0.1785,107,144,0.0433
3109709,9696.0,7838.0,1858.0,0.1916,124.0,222.0,0.0441,9696.0,7966.0,1730.0,0.1784,95.0,204.0,0.0375,10111,8049,2062,0.2039,177,261,0.0544
3119955,5251.0,4293.0,958.0,0.1824,114.0,166.0,0.0652,5251.0,4402.0,849.0,0.1617,87.0,172.0,0.0588,5391,4457,934,0.1733,109,162,0.0608
3109808,2402.0,1877.0,525.0,0.2186,15.0,37.0,0.0277,2403.0,1878.0,525.0,0.2185,18.0,36.0,0.0288,2798,2016,782,0.2795,14,34,0.0238
3120151,4798.0,3380.0,1418.0,0.2955,13.0,187.0,0.0592,4800.0,3399.0,1401.0,0.2919,23.0,107.0,0.0382,4714,3282,1432,0.3038,32,136,0.0512
3109907,8714.0,7023.0,1691.0,0.1941,120.0,294.0,0.0589,8713.0,7046.0,1667.0,0.1913,94.0,269.0,0.0515,8761,7177,1584,0.1808,164,285,0.0626
3120839,4254.0,2855.0,1399.0,0.3289,23.0,53.0,0.0266,4253.0,2856.0,1397.0,0.3285,15.0,35.0,0.0175,3950,3087,863,0.2185,33,61,0.0305
3110004,34189.0,26922.0,7267.0,0.2126,556.0,896.0,0.0539,34192.0,27144.0,7048.0,0.2061,408.0,885.0,0.0476,34347,26117,8230,0.2396,734,950,0.0645
3120870,6363.0,4645.0,1718.0,0.27,50.0,201.0,0.054,6363.0,4788.0,1575.0,0.2475,47.0,144.0,0.0399,6816,5024,1792,0.2629,55,202,0.0512
3110103,4140.0,3321.0,819.0,0.1978,52.0,115.0,0.0503,4140.0,3374.0,766.0,0.185,41.0,76.0,0.0347,4437,3532,905,0.204,63,126,0.0535
3121258,6870.0,5343.0,1527.0,0.2223,110.0,137.0,0.0462,6870.0,5351.0,1519.0,0.2211,62.0,100.0,0.0303,7483,5798,1685,0.2252,149,169,0.0548
3110202,4573.0,3760.0,813.0,0.1778,88.0,141.0,0.0609,4573.0,3778.0,795.0,0.1738,54.0,91.0,0.0384,4769,3867,902,0.1891,99,132,0.0597
3122470,3558.0,2709.0,849.0,0.2386,25.0,42.0,0.0247,3559.0,2738.0,821.0,0.2307,21.0,36.0,0.0208,3779,2917,862,0.2281,26,56,0.0281
3110301,10964.0,8514.0,2450.0,0.2235,151.0,275.0,0.05,10964.0,8664.0,2300.0,0.2098,96.0,232.0,0.0379,10805,8369,2436,0.2255,157,268,0.0508
3126950,3510.0,2626.0,884.0,0.2519,50.0,144.0,0.0739,3510.0,2652.0,858.0,0.2444,42.0,80.0,0.046,3669,2716,953,0.2597,40,116,0.0574
3110400,2991.0,2550.0,441.0,0.1474,68.0,94.0,0.0635,2991.0,2610.0,381.0,0.1274,50.0,52.0,0.0391,3110,2563,547,0.1759,94,76,0.0663
3127073,5070.0,3192.0,1878.0,0.3704,30.0,260.0,0.0909,5068.0,3221.0,1847.0,0.3644,33.0,92.0,0.0388,5143,3286,1857,0.3611,43,260,0.0922
3110509,18290.0,13839.0,4451.0,0.2434,388.0,424.0,0.0587,18291.0,14178.0,4113.0,0.2249,228.0,330.0,0.0394,18995,13918,5077,0.2673,375,425,0.0575
3127339,4519.0,3507.0,1012.0,0.2239,18.0,138.0,0.0445,4519.0,3497.0,1022.0,0.2262,19.0,62.0,0.0232,4725,3774,951,0.2013,26,99,0.0331
3110608,21948.0,16768.0,5180.0,0.236,349.0,577.0,0.0552,21952.0,17162.0,4790.0,0.2182,283.0,581.0,0.0503,22533,16922,5611,0.249,357,576,0.0551
3127354,3770.0,3116.0,654.0,0.1735,39.0,53.0,0.0295,3770.0,3095.0,675.0,0.179,30.0,51.0,0.0262,4010,3222,788,0.1965,34,60,0.0292
3110707,10256.0,7811.0,2445.0,0.2384,152.0,304.0,0.0584,10259.0,7896.0,2363.0,0.2303,117.0,252.0,0.0467,10157,7452,2705,0.2663,174,282,0.0612
3127370,2892.0,2276.0,616.0,0.213,38.0,73.0,0.0488,2893.0,2318.0,575.0,0.1988,23.0,38.0,0.0263,3104,2354,750,0.2416,33,69,0.0433
3110806,3377.0,2271.0,1106.0,0.3275,27.0,85.0,0.0493,3378.0,2276.0,1102.0,0.3262,22.0,58.0,0.0351,3378,2388,990,0.2931,29,89,0.0494
3127388,4112.0,3217.0,895.0,0.2177,34.0,76.0,0.0342,4119.0,3270.0,849.0,0.2061,34.0,87.0,0.037,4491,3442,1049,0.2336,41,106,0.0427
3110905,12493.0,9609.0,2884.0,0.2308,236.0,292.0,0.0549,12503.0,9793.0,2710.0,0.2167,166.0,251.0,0.0426,12729,9480,3249,0.2552,226,283,0.0537
3128253,4901.0,3966.0,935.0,0.1908,34.0,118.0,0.0383,4901.0,4094.0,807.0,0.1647,45.0,80.0,0.0305,5315,4164,1151,0.2166,50,95,0.0348
3111002,16832.0,13207.0,3625.0,0.2154,344.0,354.0,0.0529,16832.0,13534.0,3298.0,0.1959,258.0,313.0,0.0422,16477,12997,3480,0.2112,411,358,0.0592
3129657,5945.0,4003.0,1942.0,0.3267,41.0,150.0,0.0477,5945.0,3904.0,2041.0,0.3433,52.0,110.0,0.0415,5860,4108,1752,0.299,44,108,0.037
3111101,14721.0,10968.0,3753.0,0.2549,124.0,232.0,0.0325,14725.0,11476.0,3249.0,0.2206,113.0,214.0,0.0285,14505,11012,3493,0.2408,153,256,0.0371
3130556,5342.0,4254.0,1088.0,0.2037,47.0,131.0,0.0418,5342.0,4366.0,976.0,0.1827,31.0,71.0,0.0234,5725,4487,1238,0.2162,40,120,0.0357
3111200,39892.0,30266.0,9626.0,0.2413,731.0,1069.0,0.0595,39894.0,31134.0,8760.0,0.2196,554.0,904.0,0.0468,39354,29228,10126,0.2573,828,912,0.0595
3130655,6258.0,4225.0,2033.0,0.3249,46.0,224.0,0.0639,6258.0,4452.0,1806.0,0.2886,39.0,136.0,0.0393,6438,4574,1864,0.2895,39,174,0.0466
3111309,10099.0,7766.0,2333.0,0.231,172.0,229.0,0.0516,10099.0,7844.0,2255.0,0.2233,148.0,163.0,0.0396,10449,7950,2499,0.2392,191,195,0.0486
3135357,8345.0,6081.0,2264.0,0.2713,61.0,216.0,0.0456,8345.0,6051.0,2294.0,0.2749,61.0,166.0,0.0375,8549,6336,2213,0.2589,108,247,0.056
3111408,6362.0,4961.0,1401.0,0.2202,53.0,97.0,0.0302,6362.0,5024.0,1338.0,0.2103,34.0,98.0,0.0263,6473,5085,1388,0.2144,69,106,0.0344
3135456,5948.0,3709.0,2239.0,0.3764,33.0,186.0,0.059,5948.0,3783.0,2165.0,0.364,39.0,108.0,0.0389,6076,3823,2253,0.3708,55,200,0.0667
3111507,10465.0,7350.0,3115.0,0.2977,135.0,186.0,0.0437,10465.0,7500.0,2965.0,0.2833,116.0,162.0,0.0371,10084,7016,3068,0.3042,171,173,0.049
3136520,3787.0,2616.0,1171.0,0.3092,36.0,108.0,0.055,3787.0,2545.0,1242.0,0.328,27.0,85.0,0.044,3806,2711,1095,0.2877,40,131,0.0631
3111606,20717.0,15655.0,5062.0,0.2443,324.0,465.0,0.0504,20717.0,15917.0,4800.0,0.2317,262.0,334.0,0.0374,20481,15354,5127,0.2503,412,451,0.0562
3136553,4239.0,2790.0,1449.0,0.3418,26.0,136.0,0.0581,4240.0,2851.0,1389.0,0.3276,33.0,91.0,0.0435,4368,2919,1449,0.3317,32,132,0.0562
3111705,4319.0,3580.0,739.0,0.1711,70.0,137.0,0.0578,4320.0,3649.0,671.0,0.1553,42.0,94.0,0.0373,4403,3690,713,0.1619,80,134,0.058
3164431,2752.0,2340.0,412.0,0.1497,46.0,89.0,0.0577,2754.0,2375.0,379.0,0.1376,33.0,76.0,0.0459,3045,2447,598,0.1964,58,75,0.0544
3111804,8806.0,6643.0,2163.0,0.2456,70.0,149.0,0.033,8809.0,6851.0,1958.0,0.2223,73.0,145.0,0.0318,8776,6477,2299,0.262,82,133,0.0332
3164472,5566.0,3848.0,1718.0,0.3087,49.0,126.0,0.0455,5566.0,3970.0,1596.0,0.2867,29.0,79.0,0.0272,5604,4238,1366,0.2438,43,164,0.0488
3111903,4763.0,3875.0,888.0,0.1864,52.0,110.0,0.0418,4763.0,3942.0,821.0,0.1724,53.0,61.0,0.0289,4983,3989,994,0.1995,94,100,0.0486
3166956,3966.0,3041.0,925.0,0.2332,35.0,111.0,0.048,3967.0,3092.0,875.0,0.2206,31.0,71.0,0.033,4136,3227,909,0.2198,47,100,0.0456
3112000,12153.0,9310.0,2843.0,0.2339,366.0,464.0,0.0892,12158.0,9609.0,2549.0,0.2097,183.0,306.0,0.0509,11511,9101,2410,0.2094,387,385,0.0848
3165552,8993.0,5785.0,3208.0,0.3567,47.0,392.0,0.0759,8993.0,5919.0,3074.0,0.3418,59.0,230.0,0.0488,9306,6219,3087,0.3317,65,372,0.0703
3112109,4310.0,3419.0,891.0,0.2067,46.0,94.0,0.0409,4311.0,3503.0,808.0,0.1874,30.0,54.0,0.024,4641,3609,1032,0.2224,58,90,0.041
3168051,3651.0,2818.0,833.0,0.2282,34.0,81.0,0.0408,3651.0,2874.0,777.0,0.2128,32.0,69.0,0.0351,4088,3026,1062,0.2598,41,78,0.0393
3112208,4457.0,3705.0,752.0,0.1687,167.0,169.0,0.0907,4457.0,3731.0,726.0,0.1629,101.0,114.0,0.0576,4746,3797,949,0.2,171,159,0.0869
3170438,2989.0,2454.0,535.0,0.179,11.0,45.0,0.0228,2989.0,2485.0,504.0,0.1686,16.0,33.0,0.0197,3158,2431,727,0.2302,16,40,0.023
3112307,29421.0,21655.0,7766.0,0.264,421.0,852.0,0.0588,29425.0,22226.0,7199.0,0.2447,320.0,591.0,0.041,31072,23167,7905,0.2544,482,818,0.0561
3170479,3483.0,2561.0,922.0,0.2647,23.0,71.0,0.0367,3482.0,2587.0,895.0,0.257,31.0,46.0,0.0298,3686,2721,965,0.2618,30,72,0.0375
3112406,5714.0,4183.0,1531.0,0.2679,60.0,140.0,0.0478,5714.0,4247.0,1467.0,0.2567,38.0,130.0,0.0396,5621,4135,1486,0.2644,97,131,0.0551
3170651,4201.0,3150.0,1051.0,0.2502,32.0,117.0,0.0473,4201.0,3186.0,1015.0,0.2416,26.0,96.0,0.0383,4199,3265,934,0.2224,13,115,0.0392
3112505,8143.0,6622.0,1521.0,0.1868,159.0,257.0,0.0628,8143.0,6687.0,1456.0,0.1788,99.0,206.0,0.0456,8469,6827,1642,0.1939,177,217,0.0577
3170750,6554.0,5087.0,1467.0,0.2238,81.0,93.0,0.0342,6556.0,5173.0,1383.0,0.211,67.0,80.0,0.0284,6717,5202,1515,0.2255,84,125,0.0402
3112604,11501.0,8896.0,2605.0,0.2265,99.0,182.0,0.0316,11509.0,9194.0,2315.0,0.2011,78.0,159.0,0.0258,11606,8920,2686,0.2314,106,173,0.0313
3171030,6916.0,4874.0,2042.0,0.2953,57.0,174.0,0.0474,6916.0,4873.0,2043.0,0.2954,47.0,115.0,0.0332,6974,5108,1866,0.2676,69,156,0.044
3112703,12475.0,9425.0,3050.0,0.2445,121.0,354.0,0.0504,12474.0,9559.0,2915.0,0.2337,124.0,295.0,0.0438,13076,9795,3281,0.2509,154,355,0.052
3171071,5075.0,3750.0,1325.0,0.2611,58.0,160.0,0.0581,5075.0,3834.0,1241.0,0.2445,67.0,111.0,0.0464,5268,3963,1305,0.2477,57,141,0.05
3112802,7836.0,6007.0,1829.0,0.2334,87.0,159.0,0.041,7843.0,6221.0,1622.0,0.2068,71.0,155.0,0.0363,8244,6184,2060,0.2499,99,151,0.0404
3171154,4778.0,3799.0,979.0,0.2049,87.0,156.0,0.064,4778.0,3854.0,924.0,0.1934,70.0,90.0,0.0415,5097,3894,1203,0.236,96,141,0.0609
3112901,8073.0,6398.0,1675.0,0.2075,183.0,224.0,0.0636,8073.0,6648.0,1425.0,0.1765,104.0,149.0,0.0381,7830,6539,1291,0.1649,173,235,0.0624
3169059,3970.0,3339.0,631.0,0.1589,92.0,96.0,0.0563,3970.0,3407.0,563.0,0.1418,76.0,101.0,0.052,4159,3482,677,0.1628,91,99,0.0546
3113008,14958.0,9798.0,5160.0,0.345,123.0,635.0,0.0774,14960.0,9810.0,5150.0,0.3443,105.0,393.0,0.0508,15521,10639,4882,0.3145,169,580,0.0704
3113107,3205.0,2646.0,559.0,0.1744,73.0,124.0,0.0745,3205.0,2647.0,558.0,0.1741,59.0,93.0,0.0574,3454,2753,701,0.203,80,138,0.0792
3113206,20394.0,17158.0,3236.0,0.1587,598.0,698.0,0.0755,20399.0,17369.0,3030.0,0.1485,419.0,599.0,0.0586,20681,16996,3685,0.1782,724,611,0.0785
3113305,25273.0,18892.0,6381.0,0.2525,252.0,576.0,0.0438,25272.0,19149.0,6123.0,0.2423,220.0,465.0,0.0358,23082,18200,4882,0.2115,321,524,0.0464
3113404,65032.0,48267.0,16765.0,0.2578,859.0,1546.0,0.0498,65045.0,49526.0,15519.0,0.2386,663.0,1149.0,0.0366,60397,47222,13175,0.2181,829,1358,0.0463
3113503,7984.0,5775.0,2209.0,0.2767,104.0,273.0,0.0653,7983.0,5868.0,2115.0,0.2649,81.0,161.0,0.0412,8159,5955,2204,0.2701,154,243,0.0667
3113602,5085.0,4016.0,1069.0,0.2102,48.0,90.0,0.0344,5083.0,4045.0,1038.0,0.2042,43.0,108.0,0.0373,5368,4200,1168,0.2176,54,111,0.0393
3113701,16553.0,11211.0,5342.0,0.3227,166.0,379.0,0.0486,16553.0,11256.0,5297.0,0.32,136.0,287.0,0.0376,16296,11190,5106,0.3133,198,388,0.0524
3113800,2405.0,1802.0,603.0,0.2507,14.0,85.0,0.0549,2403.0,1841.0,562.0,0.2339,9.0,66.0,0.0407,2716,1946,770,0.2835,27,75,0.0524
3113909,9591.0,7266.0,2325.0,0.2424,169.0,263.0,0.0595,9590.0,7383.0,2207.0,0.2301,133.0,219.0,0.0477,9450,6991,2459,0.2602,207,292,0.0714
3114006,9930.0,7875.0,2055.0,0.2069,169.0,274.0,0.0563,9927.0,7939.0,1988.0,0.2003,100.0,251.0,0.0442,9616,7648,1968,0.2047,214,275,0.0639
3114105,10001.0,7859.0,2142.0,0.2142,162.0,222.0,0.0489,10004.0,8004.0,2000.0,0.1999,96.0,232.0,0.041,9819,7695,2124,0.2163,189,303,0.0639
3114204,18663.0,15400.0,3263.0,0.1748,382.0,481.0,0.056,18664.0,15561.0,3103.0,0.1663,253.0,383.0,0.0409,19084,15442,3642,0.1908,380,417,0.0516
3114303,22761.0,16760.0,6001.0,0.2637,409.0,531.0,0.0561,22766.0,17684.0,5082.0,0.2232,270.0,389.0,0.0373,22245,17026,5219,0.2346,380,475,0.0502
3114402,15740.0,12317.0,3423.0,0.2175,215.0,290.0,0.041,15745.0,12528.0,3217.0,0.2043,162.0,281.0,0.0354,15908,12322,3586,0.2254,235,314,0.0446
3114501,14140.0,11583.0,2557.0,0.1808,265.0,378.0,0.0555,14142.0,11893.0,2249.0,0.159,170.0,327.0,0.0418,13900,11785,2115,0.1522,256,322,0.049
3114600,3492.0,2756.0,736.0,0.2108,38.0,73.0,0.0403,3492.0,2815.0,677.0,0.1939,35.0,78.0,0.0401,3441,2657,784,0.2278,57,86,0.0538
3114709,3255.0,2656.0,599.0,0.184,32.0,67.0,0.0373,3255.0,2709.0,546.0,0.1677,33.0,57.0,0.0332,3407,2675,732,0.2149,48,85,0.0497
3114808,4034.0,3258.0,776.0,0.1924,74.0,166.0,0.0737,4034.0,3334.0,700.0,0.1735,72.0,154.0,0.0678,3994,3264,730,0.1828,100,184,0.087
3114907,2540.0,2216.0,324.0,0.1276,40.0,83.0,0.0555,2542.0,2227.0,315.0,0.1239,32.0,88.0,0.0539,3027,2462,565,0.1867,42,65,0.0435
3115003,3517.0,2668.0,849.0,0.2414,20.0,52.0,0.027,3521.0,2699.0,822.0,0.2335,20.0,40.0,0.0222,3773,2919,854,0.2263,34,62,0.0329
3115102,14326.0,10458.0,3868.0,0.27,157.0,351.0,0.0486,14327.0,10842.0,3485.0,0.2432,141.0,315.0,0.0421,13923,9792,4131,0.2967,198,315,0.0524
3115201,3688.0,3073.0,615.0,0.1668,53.0,130.0,0.0596,3688.0,3059.0,629.0,0.1706,36.0,79.0,0.0376,3677,2992,685,0.1863,77,106,0.0612
3115300,53655.0,41376.0,12279.0,0.2289,616.0,1183.0,0.0435,53665.0,41724.0,11941.0,0.2225,495.0,1232.0,0.0414,52112,39504,12608,0.2419,712,1160,0.0474
3115409,3858.0,3025.0,833.0,0.2159,60.0,99.0,0.0526,3857.0,3019.0,838.0,0.2173,49.0,66.0,0.0381,4149,3189,960,0.2314,67,132,0.0624
3115508,18038.0,13075.0,4963.0,0.2751,229.0,358.0,0.0449,18040.0,13378.0,4662.0,0.2584,219.0,340.0,0.0418,17661,12585,5076,0.2874,276,360,0.0505
3115607,1284.0,943.0,341.0,0.2656,21.0,28.0,0.052,1284.0,935.0,349.0,0.2718,19.0,26.0,0.0481,1420,1026,394,0.2775,10,26,0.0351
3115706,5977.0,4201.0,1776.0,0.2971,51.0,104.0,0.0369,5977.0,4322.0,1655.0,0.2769,47.0,94.0,0.0326,5637,4437,1200,0.2129,70,121,0.043
3115805,7350.0,5824.0,1526.0,0.2076,77.0,115.0,0.033,7351.0,5987.0,1364.0,0.1856,68.0,108.0,0.0294,7672,5946,1726,0.225,104,114,0.0367
3115904,3612.0,3069.0,543.0,0.1503,35.0,54.0,0.029,3612.0,3023.0,589.0,0.1631,29.0,56.0,0.0281,4371,3452,919,0.2102,46,80,0.0365
3116001,5231.0,4203.0,1028.0,0.1965,59.0,111.0,0.0404,5231.0,4350.0,881.0,0.1684,48.0,79.0,0.0292,5275,4353,922,0.1748,62,130,0.0441
3116100,9356.0,5763.0,3593.0,0.384,74.0,349.0,0.0734,9356.0,5873.0,3483.0,0.3723,75.0,196.0,0.0461,9254,5807,3447,0.3725,85,263,0.0599
3116209,2930.0,2408.0,522.0,0.1782,20.0,85.0,0.0436,2928.0,2395.0,533.0,0.182,22.0,46.0,0.0284,3296,2611,685,0.2078,42,104,0.0559
3116308,5783.0,3931.0,1852.0,0.3202,135.0,147.0,0.0717,5783.0,4091.0,1692.0,0.2926,76.0,110.0,0.0455,5815,3932,1883,0.3238,137,146,0.072
3116407,4579.0,3666.0,913.0,0.1994,32.0,30.0,0.0169,4579.0,3800.0,779.0,0.1701,29.0,37.0,0.0174,5081,4011,1070,0.2106,41,69,0.0274
3116506,7468.0,5883.0,1585.0,0.2122,83.0,203.0,0.0486,7471.0,5939.0,1532.0,0.2051,80.0,157.0,0.0399,7507,5807,1700,0.2265,95,197,0.0503
3116605,21770.0,17893.0,3877.0,0.1781,542.0,605.0,0.0641,21771.0,18208.0,3563.0,0.1637,331.0,473.0,0.0442,22834,18369,4465,0.1955,488,535,0.0557
3116704,6326.0,5287.0,1039.0,0.1642,131.0,262.0,0.0743,6327.0,5414.0,913.0,0.1443,99.0,189.0,0.0532,6598,5394,1204,0.1825,167,245,0.0764
3116803,6834.0,4781.0,2053.0,0.3004,78.0,282.0,0.0753,6834.0,4838.0,1996.0,0.2921,67.0,181.0,0.0513,6936,4834,2102,0.3031,106,248,0.0732
3116902,2821.0,2098.0,723.0,0.2563,20.0,34.0,0.0257,2822.0,2211.0,611.0,0.2165,24.0,32.0,0.0253,2849,2229,620,0.2176,18,29,0.0211
3117009,6777.0,4683.0,2094.0,0.309,51.0,223.0,0.0585,6778.0,4729.0,2049.0,0.3023,60.0,129.0,0.04,6685,4681,2004,0.2998,56,176,0.0496
3117108,8060.0,6424.0,1636.0,0.203,126.0,132.0,0.0402,8060.0,6450.0,1610.0,0.1998,70.0,117.0,0.029,8307,6439,1868,0.2249,121,158,0.0433
3117207,2697.0,2178.0,519.0,0.1924,67.0,94.0,0.0739,2698.0,2234.0,464.0,0.172,41.0,77.0,0.0528,2816,2219,597,0.212,53,96,0.0671
3117306,19614.0,15131.0,4483.0,0.2286,201.0,327.0,0.0349,19618.0,15533.0,4085.0,0.2082,140.0,287.0,0.0275,20159,15441,4718,0.234,250,310,0.0363
3117405,4204.0,3297.0,907.0,0.2157,28.0,91.0,0.0361,4203.0,3363.0,840.0,0.1999,44.0,61.0,0.0312,4497,3459,1038,0.2308,27,76,0.0298
3117504,18090.0,13283.0,4807.0,0.2657,243.0,635.0,0.0661,18090.0,13451.0,4639.0,0.2564,171.0,395.0,0.0421,19793,14000,5793,0.2927,323,636,0.0685
3117603,5111.0,4020.0,1091.0,0.2135,69.0,83.0,0.0378,5111.0,4133.0,978.0,0.1914,54.0,93.0,0.0356,5489,4298,1191,0.217,98,121,0.051
3117702,10382.0,7982.0,2400.0,0.2312,204.0,264.0,0.0586,10383.0,8068.0,2315.0,0.223,140.0,190.0,0.0409,10403,7814,2589,0.2489,240,266,0.0648
3117801,8612.0,7330.0,1282.0,0.1489,170.0,232.0,0.0548,8613.0,7436.0,1177.0,0.1367,113.0,214.0,0.044,9042,7576,1466,0.1621,164,226,0.0515
3117900,9324.0,7641.0,1683.0,0.1805,147.0,176.0,0.0423,9325.0,7821.0,1504.0,0.1613,114.0,167.0,0.0359,9730,7897,1833,0.1884,171,205,0.0476
3118007,42137.0,35112.0,7025.0,0.1667,804.0,1369.0,0.0619,42158.0,35377.0,6781.0,0.1608,603.0,1297.0,0.0537,43886,34664,9222,0.2101,980,1248,0.0643
3118106,4227.0,2961.0,1266.0,0.2995,61.0,253.0,0.106,4227.0,3021.0,1206.0,0.2853,45.0,174.0,0.0725,4429,3102,1327,0.2996,66,237,0.0977
3118205,5418.0,4397.0,1021.0,0.1884,63.0,126.0,0.043,5418.0,4477.0,941.0,0.1737,54.0,130.0,0.0411,5471,4422,1049,0.1917,74,111,0.0418
3118304,97138.0,81120.0,16018.0,0.1649,1608.0,3276.0,0.0602,97146.0,81796.0,15350.0,0.158,1264.0,3072.0,0.053,94215,78620,15595,0.1655,2028,3136,0.0657
3118403,16853.0,11791.0,5062.0,0.3004,169.0,320.0,0.0415,16854.0,11944.0,4910.0,0.2913,154.0,237.0,0.0327,15714,12020,3694,0.2351,197,277,0.0394
3118502,1923.0,1421.0,502.0,0.2611,24.0,38.0,0.0436,1923.0,1452.0,471.0,0.2449,21.0,33.0,0.0372,2032,1522,510,0.251,36,38,0.0486
3118601,452513.0,379437.0,73076.0,0.1615,7042.0,12954.0,0.0527,452496.0,383547.0,68949.0,0.1524,5714.0,12137.0,0.0465,463466,375467,87999,0.1899,8230,11955,0.0538
3118700,7725.0,5975.0,1750.0,0.2265,107.0,184.0,0.0487,7725.0,6081.0,1644.0,0.2128,75.0,159.0,0.0385,7797,5963,1834,0.2352,134,176,0.052
3118809,21213.0,15589.0,5624.0,0.2651,157.0,506.0,0.0425,21220.0,15758.0,5462.0,0.2574,163.0,390.0,0.0351,21928,15860,6068,0.2767,189,480,0.0422
3118908,7189.0,5620.0,1569.0,0.2183,96.0,135.0,0.0411,7187.0,5648.0,1539.0,0.2141,49.0,134.0,0.0324,6880,5451,1429,0.2077,127,139,0.0488
3119005,2729.0,2148.0,581.0,0.2129,27.0,68.0,0.0442,2730.0,2186.0,544.0,0.1993,23.0,48.0,0.0325,2969,2289,680,0.229,34,69,0.045
3119104,20020.0,14057.0,5963.0,0.2979,209.0,374.0,0.0415,20022.0,14225.0,5797.0,0.2895,170.0,308.0,0.0336,19765,13842,5923,0.2997,320,390,0.0513
3119203,7624.0,5799.0,1825.0,0.2394,89.0,351.0,0.0759,7623.0,5858.0,1765.0,0.2315,76.0,217.0,0.05,7969,6125,1844,0.2314,117,340,0.0746
3119302,24082.0,18440.0,5642.0,0.2343,302.0,461.0,0.0414,24089.0,18812.0,5277.0,0.2191,240.0,437.0,0.036,24503,18942,5561,0.227,319,464,0.0413
3119401,81620.0,61975.0,19645.0,0.2407,878.0,1530.0,0.0389,81638.0,62797.0,18841.0,0.2308,740.0,1186.0,0.0307,79951,59892,20059,0.2509,1076,1383,0.0411
3119500,7155.0,5361.0,1794.0,0.2507,88.0,227.0,0.0588,7157.0,5426.0,1731.0,0.2419,67.0,126.0,0.0356,7295,5450,1845,0.2529,91,175,0.0488
3119609,2857.0,2350.0,507.0,0.1775,39.0,81.0,0.0511,2857.0,2386.0,471.0,0.1649,32.0,71.0,0.0432,3068,2490,578,0.1884,48,87,0.0542
3119708,2942.0,2427.0,515.0,0.1751,59.0,102.0,0.0663,2942.0,2466.0,476.0,0.1618,48.0,74.0,0.0495,3179,2574,605,0.1903,91,100,0.0742
3119807,3048.0,2279.0,769.0,0.2523,25.0,61.0,0.0377,3048.0,2289.0,759.0,0.249,27.0,40.0,0.0293,3391,2407,984,0.2902,37,77,0.0474
3119906,4122.0,3253.0,869.0,0.2108,59.0,108.0,0.0513,4122.0,3332.0,790.0,0.1917,42.0,85.0,0.0381,4380,3386,994,0.2269,78,113,0.0564
3120003,3524.0,2675.0,849.0,0.2409,40.0,62.0,0.0381,3525.0,2645.0,880.0,0.2496,16.0,46.0,0.0234,3921,2910,1011,0.2578,43,95,0.0474
3120102,3838.0,2744.0,1094.0,0.285,42.0,129.0,0.0623,3839.0,2730.0,1109.0,0.2889,50.0,74.0,0.0454,3916,2779,1137,0.2903,56,117,0.0623
3120201,8400.0,6667.0,1733.0,0.2063,168.0,248.0,0.0624,8400.0,6804.0,1596.0,0.19,128.0,176.0,0.0447,8667,6737,1930,0.2227,205,255,0.0683
3120300,5134.0,3618.0,1516.0,0.2953,54.0,156.0,0.058,5134.0,3622.0,1512.0,0.2945,57.0,125.0,0.0502,5202,3722,1480,0.2845,67,155,0.0596
3120409,4425.0,3664.0,761.0,0.172,108.0,199.0,0.0838,4425.0,3696.0,729.0,0.1647,65.0,163.0,0.0617,4448,3676,772,0.1736,125,161,0.0778
3120508,8226.0,6332.0,1894.0,0.2302,120.0,259.0,0.0599,8228.0,6464.0,1764.0,0.2144,94.0,212.0,0.0473,8297,6239,2058,0.248,139,292,0.0691
3120607,5388.0,4201.0,1187.0,0.2203,121.0,165.0,0.0681,5388.0,4273.0,1115.0,0.2069,68.0,143.0,0.0494,5672,4324,1348,0.2377,125,173,0.0689
3120706,3896.0,3175.0,721.0,0.1851,34.0,53.0,0.0274,3897.0,3270.0,627.0,0.1609,33.0,42.0,0.0229,4351,3446,905,0.208,38,56,0.0273
3120805,12960.0,10056.0,2904.0,0.2241,222.0,313.0,0.0532,12962.0,10236.0,2726.0,0.2103,182.0,272.0,0.0444,12917,9864,3053,0.2364,290,269,0.0567
3120904,60043.0,45926.0,14117.0,0.2351,1022.0,1305.0,0.0507,60053.0,46689.0,13364.0,0.2225,759.0,1210.0,0.0422,61304,46111,15193,0.2478,1224,1277,0.0542
3121001,4990.0,3723.0,1267.0,0.2539,71.0,163.0,0.0629,4990.0,3772.0,1218.0,0.2441,45.0,119.0,0.0435,5139,3752,1387,0.2699,91,162,0.0674
3121100,6720.0,5328.0,1392.0,0.2071,131.0,166.0,0.0557,6721.0,5461.0,1260.0,0.1875,103.0,142.0,0.0449,6363,5127,1236,0.1942,110,187,0.0579
3121209,6182.0,4572.0,1610.0,0.2604,63.0,126.0,0.0413,6177.0,4724.0,1453.0,0.2352,67.0,113.0,0.0381,6314,4693,1621,0.2567,72,112,0.0392
3121308,4463.0,3584.0,879.0,0.197,62.0,111.0,0.0483,4464.0,3673.0,791.0,0.1772,37.0,117.0,0.0419,4548,3606,942,0.2071,58,118,0.0488
3121407,6125.0,4983.0,1142.0,0.1864,268.0,193.0,0.0925,6125.0,5086.0,1039.0,0.1696,157.0,174.0,0.0651,6445,5105,1340,0.2079,226,175,0.0786
3121506,3546.0,3040.0,506.0,0.1427,47.0,162.0,0.0688,3544.0,3035.0,509.0,0.1436,43.0,94.0,0.0451,4211,3475,736,0.1748,54,169,0.0642
3121605,37878.0,28449.0,9429.0,0.2489,397.0,968.0,0.048,37887.0,28732.0,9155.0,0.2416,339.0,684.0,0.0356,38586,28296,10290,0.2667,563,785,0.0476
3121704,3752.0,2991.0,761.0,0.2028,38.0,160.0,0.0662,3752.0,2997.0,755.0,0.2012,33.0,106.0,0.0464,3860,2894,966,0.2503,57,158,0.0743
3121803,6934.0,4900.0,2034.0,0.2933,91.0,195.0,0.0584,6934.0,5024.0,1910.0,0.2755,65.0,122.0,0.0372,6910,4772,2138,0.3094,62,121,0.0383
3121902,4519.0,3654.0,865.0,0.1914,35.0,93.0,0.035,4518.0,3712.0,806.0,0.1784,40.0,87.0,0.0342,5015,3994,1021,0.2036,56,119,0.0438
3122009,15861.0,11790.0,4071.0,0.2567,187.0,313.0,0.0424,15863.0,12181.0,3682.0,0.2321,142.0,200.0,0.0281,16044,11652,4392,0.2737,212,266,0.041
3122108,4687.0,3186.0,1501.0,0.3202,48.0,104.0,0.0477,4687.0,3282.0,1405.0,0.2998,34.0,71.0,0.032,4710,3492,1218,0.2586,40,110,0.043
3122207,6435.0,4236.0,2199.0,0.3417,86.0,247.0,0.0786,6436.0,4299.0,2137.0,0.332,78.0,139.0,0.0505,6375,4562,1813,0.2844,67,214,0.0616
3122306,170748.0,140671.0,30077.0,0.1761,2716.0,4277.0,0.0497,170768.0,143119.0,27649.0,0.1619,2044.0,3866.0,0.0413,171705,139696,32009,0.1864,3081,4216,0.0522
3122405,4897.0,3879.0,1018.0,0.2079,40.0,99.0,0.0358,4897.0,3915.0,982.0,0.2005,47.0,91.0,0.0352,5108,3900,1208,0.2365,82,110,0.0492
3122504,4120.0,3337.0,783.0,0.19,50.0,115.0,0.0494,4123.0,3384.0,739.0,0.1792,34.0,72.0,0.0313,4341,3484,857,0.1974,42,129,0.0491
3122603,4031.0,3027.0,1004.0,0.2491,31.0,174.0,0.0677,4034.0,3043.0,991.0,0.2457,27.0,90.0,0.0384,4274,3046,1228,0.2873,78,166,0.0801
3122702,4461.0,3468.0,993.0,0.2226,49.0,155.0,0.0588,4461.0,3543.0,918.0,0.2058,34.0,110.0,0.0406,4478,3384,1094,0.2443,62,126,0.0556
3122801,2873.0,2421.0,452.0,0.1573,44.0,52.0,0.0397,2873.0,2434.0,439.0,0.1528,36.0,63.0,0.0407,3158,2547,611,0.1935,54,52,0.0416
3122900,5607.0,4682.0,925.0,0.165,60.0,102.0,0.0346,5610.0,4741.0,869.0,0.1549,43.0,86.0,0.0272,5779,4810,969,0.1677,77,101,0.037
3123007,7812.0,6769.0,1043.0,0.1335,213.0,309.0,0.0771,7812.0,6884.0,928.0,0.1188,140.0,275.0,0.0603,8082,6917,1165,0.1441,267,311,0.0836
3123106,5134.0,3714.0,1420.0,0.2766,51.0,210.0,0.0703,5131.0,3778.0,1353.0,0.2637,58.0,118.0,0.0466,5278,3730,1548,0.2933,81,169,0.067
3123205,11305.0,8089.0,3216.0,0.2845,136.0,214.0,0.0433,11307.0,8350.0,2957.0,0.2615,91.0,186.0,0.0332,10109,7567,2542,0.2515,146,199,0.0456
3123304,5206.0,3977.0,1229.0,0.2361,50.0,134.0,0.0463,5206.0,4040.0,1166.0,0.224,60.0,79.0,0.0344,5453,4092,1361,0.2496,81,143,0.0547
3123403,2263.0,1557.0,706.0,0.312,23.0,38.0,0.0392,2263.0,1587.0,676.0,0.2987,22.0,24.0,0.029,2217,1539,678,0.3058,35,30,0.0422
3123502,1980.0,1633.0,347.0,0.1753,17.0,28.0,0.0276,1980.0,1635.0,345.0,0.1742,17.0,37.0,0.033,2127,1671,456,0.2144,20,30,0.0299
3123601,19982.0,16009.0,3973.0,0.1988,322.0,442.0,0.0477,19986.0,16161.0,3825.0,0.1914,249.0,357.0,0.0375,19976,15638,4338,0.2172,447,500,0.0606
3123700,7828.0,5424.0,2404.0,0.3071,89.0,186.0,0.0507,7830.0,5535.0,2295.0,0.2931,97.0,140.0,0.0428,7790,5977,1813,0.2327,102,200,0.0505
3123809,6207.0,4560.0,1647.0,0.2653,56.0,181.0,0.052,6207.0,4618.0,1589.0,0.256,50.0,146.0,0.0424,6173,4708,1465,0.2373,79,156,0.0499
3123908,12464.0,10019.0,2445.0,0.1962,192.0,350.0,0.0541,12468.0,10115.0,2353.0,0.1887,142.0,319.0,0.0456,12811,9963,2848,0.2223,203,363,0.0568
3124005,15521.0,12964.0,2557.0,0.1647,567.0,619.0,0.0915,15525.0,13306.0,2219.0,0.1429,376.0,426.0,0.0603,16479,13217,3262,0.1979,646,564,0.0915
3124104,52959.0,41226.0,11733.0,0.2215,973.0,1428.0,0.0582,52963.0,41636.0,11327.0,0.2139,677.0,1127.0,0.0433,56992,43358,13634,0.2392,1270,1443,0.0626
3124203,17907.0,13897.0,4010.0,0.2239,240.0,459.0,0.0503,17913.0,14432.0,3481.0,0.1943,190.0,323.0,0.0355,18168,14087,4081,0.2246,322,476,0.0566
3124302,23270.0,18187.0,5083.0,0.2184,252.0,510.0,0.0419,23274.0,18419.0,4855.0,0.2086,273.0,388.0,0.0359,23564,18704,4860,0.2062,265,421,0.0367
3124401,5089.0,4142.0,947.0,0.1861,73.0,145.0,0.0526,5089.0,4168.0,921.0,0.181,33.0,112.0,0.0348,5532,4304,1228,0.222,75,145,0.0511
3124500,9251.0,7683.0,1568.0,0.1695,200.0,225.0,0.0553,9253.0,7804.0,1449.0,0.1566,146.0,241.0,0.0496,9545,7813,1732,0.1815,201,235,0.0558
3124609,2764.0,2158.0,606.0,0.2192,23.0,61.0,0.0389,2765.0,2044.0,721.0,0.2608,25.0,55.0,0.0391,2914,2173,741,0.2543,32,77,0.0502
3124708,2932.0,2161.0,771.0,0.263,32.0,63.0,0.044,2932.0,2164.0,768.0,0.2619,26.0,62.0,0.0407,2723,2037,686,0.2519,32,73,0.0515
3124807,5746.0,4450.0,1296.0,0.2255,68.0,123.0,0.0429,5746.0,4534.0,1212.0,0.2109,55.0,102.0,0.0346,5930,4646,1284,0.2165,71,132,0.0437
3124906,9081.0,7240.0,1841.0,0.2027,100.0,183.0,0.0391,9082.0,7290.0,1792.0,0.1973,69.0,139.0,0.0285,8752,7011,1741,0.1989,100,195,0.0421
3125002,4252.0,3452.0,800.0,0.1881,38.0,90.0,0.0371,4252.0,3492.0,760.0,0.1787,30.0,66.0,0.0275,4497,3506,991,0.2204,44,92,0.0388
3125101,37041.0,28306.0,8735.0,0.2358,653.0,900.0,0.0549,37041.0,28723.0,8318.0,0.2246,474.0,779.0,0.0436,43712,32395,11317,0.2589,903,980,0.0581
3125200,3140.0,2369.0,771.0,0.2455,39.0,41.0,0.0338,3138.0,2416.0,722.0,0.2301,23.0,34.0,0.0236,3353,2458,895,0.2669,53,57,0.0448
3125309,3193.0,2546.0,647.0,0.2026,29.0,66.0,0.0373,3193.0,2483.0,710.0,0.2224,15.0,64.0,0.0318,3325,2653,672,0.2021,37,87,0.0467
3125408,5024.0,3337.0,1687.0,0.3358,56.0,148.0,0.0611,5023.0,3338.0,1685.0,0.3355,54.0,104.0,0.0473,5047,3318,1729,0.3426,63,154,0.0654
3125507,3016.0,2116.0,900.0,0.2984,31.0,123.0,0.0728,3017.0,2203.0,814.0,0.2698,30.0,94.0,0.0563,3128,2190,938,0.2999,50,104,0.0703
3125606,5634.0,3827.0,1807.0,0.3207,37.0,238.0,0.0719,5635.0,3914.0,1721.0,0.3054,47.0,140.0,0.0478,5960,4088,1872,0.3141,42,179,0.0541
3125705,11816.0,8681.0,3135.0,0.2653,180.0,212.0,0.0452,11818.0,8881.0,2937.0,0.2485,124.0,186.0,0.0349,12556,9282,3274,0.2608,258,255,0.0553
3125804,2756.0,1938.0,818.0,0.2968,21.0,88.0,0.0562,2754.0,1983.0,771.0,0.28,18.0,37.0,0.0277,2576,1993,583,0.2263,43,59,0.0512
3125903,8657.0,6183.0,2474.0,0.2858,93.0,301.0,0.0637,8658.0,6304.0,2354.0,0.2719,84.0,206.0,0.046,8590,5994,2596,0.3022,101,285,0.0644
3126000,6637.0,5291.0,1346.0,0.2028,90.0,176.0,0.0503,6630.0,5356.0,1274.0,0.1922,74.0,152.0,0.0422,6984,5450,1534,0.2196,129,142,0.0497
3126109,54800.0,43052.0,11748.0,0.2144,1006.0,1466.0,0.0574,54812.0,43870.0,10942.0,0.1996,675.0,1379.0,0.0468,54476,42299,12177,0.2235,1090,1422,0.0594
3126208,5839.0,4472.0,1367.0,0.2341,43.0,155.0,0.0443,5844.0,4538.0,1306.0,0.2235,45.0,123.0,0.037,6282,4844,1438,0.2289,45,125,0.0351
3126307,3297.0,2342.0,955.0,0.2897,52.0,97.0,0.0636,3297.0,2419.0,878.0,0.2663,40.0,76.0,0.048,3215,2375,840,0.2613,64,84,0.0623
3126406,2633.0,2271.0,362.0,0.1375,27.0,52.0,0.0348,2635.0,2216.0,419.0,0.159,23.0,36.0,0.0266,3012,2482,530,0.176,45,51,0.0387
3126505,7224.0,4600.0,2624.0,0.3632,72.0,211.0,0.0615,7224.0,4643.0,2581.0,0.3573,49.0,137.0,0.0401,7239,4624,2615,0.3612,98,189,0.0621
3126604,4175.0,3115.0,1060.0,0.2539,28.0,107.0,0.0433,4175.0,3153.0,1022.0,0.2448,39.0,71.0,0.0349,4726,3320,1406,0.2975,43,100,0.0431
3126703,19551.0,14384.0,5167.0,0.2643,178.0,533.0,0.0494,19550.0,14681.0,4869.0,0.2491,154.0,359.0,0.0349,19570,14611,4959,0.2534,207,447,0.0448
3126802,5343.0,3898.0,1445.0,0.2704,38.0,183.0,0.0567,5342.0,3901.0,1441.0,0.2697,31.0,106.0,0.0351,5965,4421,1544,0.2588,44,260,0.0688
3126901,6960.0,4936.0,2024.0,0.2908,51.0,139.0,0.0385,6959.0,5022.0,1937.0,0.2783,46.0,98.0,0.0287,6787,5315,1472,0.2169,65,137,0.038
3127008,10337.0,7910.0,2427.0,0.2348,78.0,183.0,0.033,10338.0,8065.0,2273.0,0.2199,65.0,157.0,0.0275,10748,8098,2650,0.2466,109,189,0.0368
3127107,41868.0,30846.0,11022.0,0.2633,497.0,651.0,0.0372,41910.0,32228.0,9682.0,0.231,354.0,608.0,0.0298,42351,31389,10962,0.2588,554,663,0.0388
3127206,4914.0,3869.0,1045.0,0.2127,44.0,126.0,0.0439,4921.0,3832.0,1089.0,0.2213,41.0,109.0,0.0391,5397,4191,1206,0.2235,70,136,0.0492
3127305,5462.0,3750.0,1712.0,0.3134,42.0,87.0,0.0344,5462.0,3851.0,1611.0,0.2949,34.0,53.0,0.0226,5434,3883,1551,0.2854,59,76,0.0348
3127404,4011.0,3032.0,979.0,0.2441,79.0,111.0,0.0627,4010.0,3110.0,900.0,0.2244,56.0,86.0,0.0457,4111,3096,1015,0.2469,59,112,0.0552
3127503,4874.0,3132.0,1742.0,0.3574,45.0,163.0,0.0664,4874.0,3183.0,1691.0,0.3469,40.0,115.0,0.0487,4583,3242,1341,0.2926,84,162,0.0759
3127602,10568.0,7900.0,2668.0,0.2525,154.0,317.0,0.0596,10569.0,7910.0,2659.0,0.2516,132.0,248.0,0.048,10625,7788,2837,0.267,185,331,0.0663
3127701,215941.0,153317.0,62624.0,0.29,2723.0,3885.0,0.0431,215890.0,156410.0,59480.0,0.2755,2112.0,3086.0,0.0332,193573,148641,44932,0.2321,2934,3424,0.0428
3127800,11922.0,8333.0,3589.0,0.301,86.0,376.0,0.0554,11923.0,8504.0,3419.0,0.2868,88.0,250.0,0.0397,12003,8242,3761,0.3133,110,327,0.053
3127909,1642.0,1294.0,348.0,0.2119,13.0,35.0,0.0371,1643.0,1349.0,294.0,0.1789,11.0,35.0,0.0341,1789,1421,368,0.2057,19,27,0.0324
3128006,25099.0,17418.0,7681.0,0.306,327.0,830.0,0.0664,25106.0,17731.0,7375.0,0.2938,272.0,578.0,0.0479,25045,17032,8013,0.3199,394,734,0.0662
3128105,10867.0,8307.0,2560.0,0.2356,194.0,238.0,0.052,10865.0,8463.0,2402.0,0.2211,131.0,176.0,0.0363,10938,8200,2738,0.2503,272,249,0.0635
3128204,8272.0,6294.0,1978.0,0.2391,124.0,304.0,0.068,8273.0,6458.0,1815.0,0.2194,85.0,190.0,0.0426,8024,6106,1918,0.239,118,281,0.0653
3128303,15367.0,11758.0,3609.0,0.2349,259.0,360.0,0.0526,15362.0,12092.0,3270.0,0.2129,182.0,352.0,0.0442,14892,11400,3492,0.2345,277,362,0.0561
3128402,6952.0,5474.0,1478.0,0.2126,66.0,171.0,0.0433,6953.0,5518.0,1435.0,0.2064,63.0,156.0,0.0397,6718,5204,1514,0.2254,76,185,0.0502
3128501,3548.0,2788.0,760.0,0.2142,35.0,97.0,0.0473,3547.0,2796.0,751.0,0.2117,36.0,67.0,0.0368,3674,2910,764,0.2079,51,91,0.0488
3128600,5915.0,4377.0,1538.0,0.26,70.0,93.0,0.0372,5915.0,4418.0,1497.0,0.2531,47.0,82.0,0.0292,6295,4668,1627,0.2585,64,79,0.0306
3128709,38732.0,29818.0,8914.0,0.2301,571.0,936.0,0.0505,38736.0,30689.0,8047.0,0.2077,460.0,929.0,0.0453,39360,29509,9851,0.2503,730,931,0.0563
3128808,6403.0,5260.0,1143.0,0.1785,89.0,170.0,0.0492,6403.0,5350.0,1053.0,0.1645,78.0,164.0,0.0452,6718,5498,1220,0.1816,108,152,0.0473
3128907,6922.0,5337.0,1585.0,0.229,91.0,188.0,0.0523,6922.0,5475.0,1447.0,0.209,69.0,154.0,0.0407,6658,5354,1304,0.1959,96,163,0.0484
3129004,7226.0,5946.0,1280.0,0.1771,119.0,265.0,0.0646,7222.0,6099.0,1123.0,0.1555,102.0,195.0,0.0487,7504,6016,1488,0.1983,147,224,0.0617
3129103,5000.0,3622.0,1378.0,0.2756,21.0,68.0,0.0246,5002.0,3675.0,1327.0,0.2653,29.0,63.0,0.025,5083,3744,1339,0.2634,25,78,0.0275
3129202,5127.0,4198.0,929.0,0.1812,81.0,137.0,0.0519,5124.0,4258.0,866.0,0.169,68.0,103.0,0.0402,5308,4335,973,0.1833,89,162,0.0579
3129301,8550.0,6206.0,2344.0,0.2742,90.0,163.0,0.0408,8550.0,6368.0,2182.0,0.2552,66.0,137.0,0.0319,8427,6273,2154,0.2556,105,199,0.0485
3129400,4983.0,3894.0,1089.0,0.2185,64.0,134.0,0.0508,4983.0,4022.0,961.0,0.1929,55.0,81.0,0.0338,4944,3841,1103,0.2231,87,90,0.0461
3129509,17187.0,12652.0,4535.0,0.2639,235.0,323.0,0.0441,17189.0,12991.0,4198.0,0.2442,157.0,285.0,0.034,16840,12582,4258,0.2529,249,303,0.0439
3129608,6558.0,4469.0,2089.0,0.3185,42.0,128.0,0.038,6558.0,4502.0,2056.0,0.3135,46.0,93.0,0.0309,6806,4750,2056,0.3021,57,158,0.0453
3129707,9110.0,7081.0,2029.0,0.2227,85.0,164.0,0.0352,9111.0,7292.0,1819.0,0.1996,73.0,129.0,0.0277,9469,7228,2241,0.2367,118,173,0.0403
3129806,125613.0,101655.0,23958.0,0.1907,2343.0,3592.0,0.0584,125612.0,102977.0,22635.0,0.1802,1777.0,3060.0,0.047,122338,98887,23451,0.1917,2946,3417,0.0643
3129905,3325.0,2677.0,648.0,0.1949,50.0,110.0,0.0598,3324.0,2722.0,602.0,0.1811,28.0,62.0,0.0331,3709,2850,859,0.2316,42,85,0.0446
3130002,2557.0,2013.0,544.0,0.2127,48.0,61.0,0.0541,2557.0,2046.0,511.0,0.1998,35.0,53.0,0.043,2602,2024,578,0.2221,29,68,0.0479
3130101,31870.0,25239.0,6631.0,0.2081,513.0,901.0,0.056,31878.0,25576.0,6302.0,0.1977,435.0,747.0,0.0462,35009,26961,8048,0.2299,643,823,0.0544
3130200,8101.0,6569.0,1532.0,0.1891,155.0,181.0,0.0511,8101.0,6695.0,1406.0,0.1736,108.0,173.0,0.042,8345,6710,1635,0.1959,198,183,0.0568
3130309,6451.0,4999.0,1452.0,0.2251,87.0,120.0,0.0414,6451.0,5105.0,1346.0,0.2086,52.0,93.0,0.0284,6258,4724,1534,0.2451,128,158,0.0605
3130408,5396.0,4520.0,876.0,0.1623,128.0,187.0,0.0697,5397.0,4546.0,851.0,0.1577,75.0,160.0,0.0517,5796,4726,1070,0.1846,142,223,0.0772
3130507,9824.0,7773.0,2051.0,0.2088,149.0,176.0,0.0418,9825.0,7984.0,1841.0,0.1874,102.0,146.0,0.0311,9938,7645,2293,0.2307,179,164,0.0449
3130606,6358.0,5117.0,1241.0,0.1952,95.0,110.0,0.0401,6358.0,5229.0,1129.0,0.1776,71.0,88.0,0.0304,6559,5079,1480,0.2256,98,128,0.0445
3130705,4877.0,3926.0,951.0,0.195,41.0,133.0,0.0443,4877.0,3982.0,895.0,0.1835,36.0,99.0,0.0339,5187,4097,1090,0.2101,65,102,0.0408
3130804,2477.0,2135.0,342.0,0.1381,47.0,53.0,0.0468,2477.0,2139.0,338.0,0.1365,37.0,46.0,0.0388,2824,2328,496,0.1756,67,78,0.0623
3130903,20137.0,14938.0,5199.0,0.2582,189.0,405.0,0.0398,20147.0,15295.0,4852.0,0.2408,141.0,271.0,0.0269,19666,14830,4836,0.2459,210,354,0.038
3131000,5721.0,4619.0,1102.0,0.1926,88.0,152.0,0.052,5723.0,4702.0,1021.0,0.1784,50.0,118.0,0.0357,5730,4510,1220,0.2129,93,161,0.0563
3131109,6285.0,4796.0,1489.0,0.2369,72.0,129.0,0.0419,6285.0,4796.0,1489.0,0.2369,63.0,121.0,0.0384,6575,4812,1763,0.2681,126,135,0.0542
3131208,15549.0,11407.0,4142.0,0.2664,142.0,327.0,0.0411,15547.0,11625.0,3922.0,0.2523,116.0,236.0,0.0303,16009,11560,4449,0.2779,191,335,0.0455
3131307,180176.0,138636.0,41540.0,0.2306,1917.0,3005.0,0.0355,180143.0,141135.0,39008.0,0.2165,1707.0,2707.0,0.0313,176630,133577,43053,0.2437,2084,2956,0.0377
3131406,3691.0,2704.0,987.0,0.2674,11.0,69.0,0.0296,3692.0,2814.0,878.0,0.2378,18.0,46.0,0.0227,3926,2773,1153,0.2937,36,51,0.0314
3131505,7762.0,6306.0,1456.0,0.1876,88.0,134.0,0.0352,7762.0,6415.0,1347.0,0.1735,69.0,110.0,0.0279,7715,6152,1563,0.2026,128,148,0.0449
3131604,6096.0,4992.0,1104.0,0.1811,81.0,116.0,0.0395,6095.0,5148.0,947.0,0.1554,52.0,125.0,0.0344,6872,5472,1400,0.2037,89,142,0.0422
3131703,91094.0,74681.0,16413.0,0.1802,1579.0,3275.0,0.065,91115.0,75505.0,15610.0,0.1713,1278.0,2997.0,0.0566,88413,72453,15960,0.1805,1966,3024,0.0689
3131802,8151.0,6268.0,1883.0,0.231,109.0,189.0,0.0475,8150.0,6352.0,1798.0,0.2206,85.0,175.0,0.0409,8908,7083,1825,0.2049,109,188,0.0419
3131901,42901.0,34562.0,8339.0,0.1944,938.0,1448.0,0.069,42908.0,34777.0,8131.0,0.1895,690.0,1323.0,0.0579,45012,35175,9837,0.2185,1194,1403,0.0738
3132008,4578.0,3512.0,1066.0,0.2329,37.0,86.0,0.035,4580.0,3418.0,1162.0,0.2537,43.0,65.0,0.0316,4825,3661,1164,0.2412,42,125,0.0456
3132107,13692.0,9368.0,4324.0,0.3158,139.0,406.0,0.0582,13694.0,9474.0,4220.0,0.3082,123.0,308.0,0.0455,14164,9878,4286,0.3026,150,336,0.0492
3132206,10865.0,8827.0,2038.0,0.1876,345.0,406.0,0.0851,10865.0,8968.0,1897.0,0.1746,203.0,375.0,0.0645,10982,8851,2131,0.194,342,367,0.0801
3132305,9285.0,6068.0,3217.0,0.3465,92.0,343.0,0.0717,9284.0,6217.0,3067.0,0.3304,95.0,229.0,0.0521,9564,6619,2945,0.3079,109,333,0.0668
3132404,73287.0,56775.0,16512.0,0.2253,1035.0,1560.0,0.0457,73291.0,58281.0,15010.0,0.2048,868.0,1503.0,0.0407,68385,54696,13689,0.2002,1162,1588,0.0503
3132503,25662.0,19262.0,6400.0,0.2494,502.0,895.0,0.0725,25663.0,19709.0,5954.0,0.232,437.0,647.0,0.055,26424,20009,6415,0.2428,480,771,0.0625
3132602,3637.0,2927.0,710.0,0.1952,36.0,82.0,0.0403,3637.0,2937.0,700.0,0.1925,30.0,86.0,0.0395,3881,3079,802,0.2066,51,108,0.0516
3132701,18459.0,12229.0,6230.0,0.3375,142.0,571.0,0.0583,18459.0,12370.0,6089.0,0.3299,131.0,347.0,0.0386,18385,12520,5865,0.319,186,544,0.0583
3132800,2491.0,2018.0,473.0,0.1899,26.0,94.0,0.0595,2493.0,2033.0,460.0,0.1845,32.0,71.0,0.0507,2720,2065,655,0.2408,35,76,0.0538
3132909,9319.0,7118.0,2201.0,0.2362,133.0,313.0,0.0627,9322.0,7277.0,2045.0,0.2194,101.0,255.0,0.0489,9062,6853,2209,0.2438,144,257,0.0585
3133006,11925.0,9468.0,2457.0,0.206,184.0,299.0,0.051,11929.0,9717.0,2212.0,0.1854,140.0,260.0,0.0412,12325,9588,2737,0.2221,209,300,0.0531
3133105,12483.0,9923.0,2560.0,0.2051,193.0,273.0,0.047,12480.0,10095.0,2385.0,0.1911,166.0,277.0,0.0439,12883,9955,2928,0.2273,214,250,0.0466
3133204,9654.0,6833.0,2821.0,0.2922,95.0,268.0,0.0531,9655.0,6953.0,2702.0,0.2799,70.0,185.0,0.0367,9623,6987,2636,0.2739,85,268,0.0505
3133303,16429.0,11674.0,4755.0,0.2894,175.0,411.0,0.0502,16431.0,11735.0,4696.0,0.2858,144.0,301.0,0.0379,16895,11918,4977,0.2946,262,439,0.0588
3133402,10277.0,7878.0,2399.0,0.2334,76.0,159.0,0.0298,10277.0,8053.0,2224.0,0.2164,87.0,141.0,0.0283,10384,7905,2479,0.2387,84,161,0.031
3133501,17869.0,14513.0,3356.0,0.1878,346.0,546.0,0.0615,17881.0,14744.0,3137.0,0.1754,213.0,426.0,0.0433,17090,14346,2744,0.1606,377,555,0.065
3133600,8499.0,6463.0,2036.0,0.2396,116.0,178.0,0.0455,8500.0,6774.0,1726.0,0.2031,114.0,156.0,0.0399,9518,7026,2492,0.2618,163,253,0.0592
3133709,10516.0,8334.0,2182.0,0.2075,224.0,330.0,0.0665,10516.0,8390.0,2126.0,0.2022,144.0,206.0,0.0417,12385,9608,2777,0.2242,269,277,0.0568
3133808,71232.0,57226.0,14006.0,0.1966,1209.0,1972.0,0.0556,71243.0,58301.0,12942.0,0.1817,863.0,1771.0,0.0452,70855,56012,14843,0.2095,1322,1846,0.0566
3133907,5635.0,4659.0,976.0,0.1732,129.0,211.0,0.073,5635.0,4736.0,899.0,0.1595,73.0,155.0,0.0481,5696,4731,965,0.1694,100,208,0.0651
3134004,11263.0,7749.0,3514.0,0.312,72.0,349.0,0.0543,11263.0,7853.0,3410.0,0.3028,70.0,171.0,0.0307,11490,8208,3282,0.2856,86,293,0.0462
3134103,4954.0,3751.0,1203.0,0.2428,58.0,81.0,0.0371,4955.0,4015.0,940.0,0.1897,53.0,55.0,0.0269,5084,3969,1115,0.2193,51,94,0.0365
3134202,77091.0,58439.0,18652.0,0.2419,622.0,1106.0,0.0296,77096.0,59671.0,17425.0,0.226,566.0,1010.0,0.0264,77491,57105,20386,0.2631,811,1026,0.0322
3134301,6023.0,4748.0,1275.0,0.2117,128.0,199.0,0.0689,6023.0,4827.0,1196.0,0.1986,90.0,168.0,0.0534,5825,4706,1119,0.1921,138,193,0.0703
3134400,30125.0,22646.0,7479.0,0.2483,252.0,504.0,0.0334,30126.0,23234.0,6892.0,0.2288,185.0,415.0,0.0258,30000,22049,7951,0.265,270,485,0.0342
3134509,3752.0,2981.0,771.0,0.2055,51.0,101.0,0.051,3752.0,3008.0,744.0,0.1983,39.0,96.0,0.0449,3559,2877,682,0.1916,92,138,0.0799
3134608,15047.0,11936.0,3111.0,0.2068,181.0,420.0,0.0504,15053.0,12089.0,2964.0,0.1969,137.0,286.0,0.035,16254,12450,3804,0.234,254,404,0.0529
3134707,9191.0,6538.0,2653.0,0.2887,81.0,280.0,0.0552,9196.0,6616.0,2580.0,0.2806,99.0,183.0,0.0426,9221,6350,2871,0.3114,102,308,0.0646
3134806,6414.0,4699.0,1715.0,0.2674,113.0,157.0,0.0575,6415.0,4923.0,1492.0,0.2326,68.0,141.0,0.0425,6410,4881,1529,0.2385,108,177,0.0584
3134905,18947.0,14586.0,4361.0,0.2302,222.0,344.0,0.0388,18949.0,14947.0,4002.0,0.2112,147.0,325.0,0.0316,19258,14814,4444,0.2308,239,411,0.0439
3135001,3137.0,2496.0,641.0,0.2043,50.0,46.0,0.0385,3137.0,2518.0,619.0,0.1973,23.0,40.0,0.025,3209,2592,617,0.1923,54,64,0.0455
3135100,52918.0,40823.0,12095.0,0.2286,664.0,1357.0,0.0495,52922.0,41368.0,11554.0,0.2183,461.0,1013.0,0.0356,55304,42923,12381,0.2239,808,1242,0.0478
3135209,50509.0,35352.0,15157.0,0.3001,397.0,1090.0,0.0421,50517.0,35708.0,14809.0,0.2931,398.0,842.0,0.0347,51291,36555,14736,0.2873,560,924,0.0406
3135308,3488.0,2922.0,566.0,0.1623,63.0,83.0,0.05,3489.0,2946.0,543.0,0.1556,59.0,70.0,0.0438,3685,3062,623,0.1691,55,70,0.0408
3135407,5985.0,4847.0,1138.0,0.1901,129.0,154.0,0.0584,5985.0,4858.0,1127.0,0.1883,73.0,144.0,0.0447,5837,4786,1051,0.1801,137,158,0.0616
3135506,10352.0,7701.0,2651.0,0.2561,155.0,412.0,0.0736,10350.0,7751.0,2599.0,0.2511,99.0,226.0,0.0419,10390,7535,2855,0.2748,155,377,0.0706
3135605,6648.0,4499.0,2149.0,0.3233,75.0,165.0,0.0533,6648.0,4562.0,2086.0,0.3138,63.0,159.0,0.0487,6548,4448,2100,0.3207,71,187,0.058
3135704,5812.0,4636.0,1176.0,0.2023,71.0,184.0,0.055,5811.0,4655.0,1156.0,0.1989,58.0,133.0,0.041,5903,4749,1154,0.1955,80,167,0.052
3135803,18163.0,12417.0,5746.0,0.3164,125.0,523.0,0.0522,18170.0,12552.0,5618.0,0.3092,123.0,368.0,0.0391,18092,12319,5773,0.3191,136,483,0.0502
3135902,4251.0,3313.0,938.0,0.2207,45.0,123.0,0.0507,4252.0,3370.0,882.0,0.2074,45.0,102.0,0.0436,4445,3447,998,0.2245,50,138,0.0545
3136009,10889.0,7311.0,3578.0,0.3286,108.0,396.0,0.0689,10890.0,7455.0,3435.0,0.3154,103.0,260.0,0.0487,11145,7650,3495,0.3136,146,365,0.0668
3136108,5028.0,3566.0,1462.0,0.2908,50.0,153.0,0.0569,5028.0,3641.0,1387.0,0.2759,43.0,112.0,0.0426,5118,3613,1505,0.2941,61,123,0.0509
3136207,60517.0,47815.0,12702.0,0.2099,980.0,1571.0,0.0534,60533.0,48414.0,12119.0,0.2002,746.0,1375.0,0.0438,61219,46909,14310,0.2338,1232,1487,0.058
3136306,38168.0,28205.0,9963.0,0.261,442.0,542.0,0.0349,38163.0,28291.0,9872.0,0.2587,345.0,423.0,0.0271,38832,28601,10231,0.2635,521,579,0.0385
3136405,3485.0,2461.0,1024.0,0.2938,26.0,85.0,0.0451,3485.0,2485.0,1000.0,0.2869,33.0,77.0,0.0443,3756,2584,1172,0.312,52,93,0.0561
3136504,7687.0,5396.0,2291.0,0.298,56.0,299.0,0.0658,7685.0,5438.0,2247.0,0.2924,53.0,188.0,0.0443,7734,5468,2266,0.293,61,282,0.0627
3136603,5554.0,4261.0,1293.0,0.2328,84.0,177.0,0.0613,5557.0,4354.0,1203.0,0.2165,51.0,125.0,0.0404,5802,4308,1494,0.2575,93,124,0.0504
3136702,419353.0,333309.0,86044.0,0.2052,5341.0,10510.0,0.0476,419293.0,338194.0,81099.0,0.1934,4658.0,10931.0,0.0461,395457,322505,72952,0.1845,6610,10205,0.0521
3136801,4476.0,3627.0,849.0,0.1897,35.0,113.0,0.0408,4477.0,3626.0,851.0,0.1901,46.0,75.0,0.0334,4669,3697,972,0.2082,59,105,0.0444
3136900,9027.0,7366.0,1661.0,0.184,134.0,136.0,0.0367,9028.0,7588.0,1440.0,0.1595,97.0,150.0,0.0326,9242,7506,1736,0.1878,143,150,0.039
3137007,12310.0,7905.0,4405.0,0.3578,96.0,594.0,0.0873,12312.0,7979.0,4333.0,0.3519,105.0,301.0,0.0509,12287,8124,4163,0.3388,97,624,0.0887
3137106,6486.0,4956.0,1530.0,0.2359,55.0,90.0,0.0293,6486.0,5120.0,1366.0,0.2106,48.0,66.0,0.0223,6403,4964,1439,0.2247,58,100,0.0318
3137205,36407.0,28484.0,7923.0,0.2176,653.0,876.0,0.0537,36412.0,29085.0,7327.0,0.2012,413.0,722.0,0.039,37445,28487,8958,0.2392,623,744,0.048
3137304,3759.0,2638.0,1121.0,0.2982,24.0,129.0,0.058,3760.0,2663.0,1097.0,0.2918,18.0,83.0,0.0379,3774,2740,1034,0.274,30,109,0.0507
3137403,10064.0,8634.0,1430.0,0.1421,297.0,398.0,0.0805,10065.0,8756.0,1309.0,0.1301,216.0,364.0,0.0662,10425,8768,1657,0.1589,323,378,0.0799
3137502,14659.0,12083.0,2576.0,0.1757,314.0,287.0,0.0497,14658.0,12383.0,2275.0,0.1552,241.0,298.0,0.0435,15873,13002,2871,0.1809,333,265,0.046
3137601,49584.0,40083.0,9501.0,0.1916,843.0,1112.0,0.0488,49600.0,40439.0,9161.0,0.1847,650.0,1048.0,0.042,54891,43627,11264,0.2052,930,1169,0.0481
3137700,14889.0,12218.0,2671.0,0.1794,207.0,432.0,0.0523,14889.0,12631.0,2258.0,0.1517,144.0,270.0,0.0328,16637,13110,3527,0.212,219,409,0.0479
3137809,16948.0,13279.0,3669.0,0.2165,184.0,421.0,0.0456,16954.0,13525.0,3429.0,0.2023,131.0,362.0,0.0365,17336,13195,4141,0.2389,223,454,0.0513
3137908,3518.0,2809.0,709.0,0.2015,56.0,110.0,0.0591,3518.0,2907.0,611.0,0.1737,46.0,68.0,0.0392,3521,2757,764,0.217,94,86,0.0653
3138005,5582.0,4526.0,1056.0,0.1892,39.0,127.0,0.0367,5583.0,4591.0,992.0,0.1777,35.0,113.0,0.0322,5921,4668,1253,0.2116,55,119,0.0373
3138104,5817.0,4204.0,1613.0,0.2773,44.0,150.0,0.0461,5814.0,4248.0,1566.0,0.2693,33.0,104.0,0.0323,6216,4389,1827,0.2939,62,160,0.0506
3138203,74499.0,59134.0,15365.0,0.2062,1414.0,2405.0,0.0646,74529.0,60017.0,14512.0,0.1947,1005.0,2152.0,0.0526,75558,57260,18298,0.2422,1648,2336,0.0696
3138302,3323.0,2636.0,687.0,0.2067,39.0,65.0,0.0395,3323.0,2650.0,673.0,0.2025,37.0,50.0,0.0328,3322,2575,747,0.2249,34,69,0.04
3138401,41030.0,31789.0,9241.0,0.2252,484.0,705.0,0.0374,41030.0,31788.0,9242.0,0.2252,458.0,644.0,0.0347,40162,30447,9715,0.2419,683,716,0.0459
3138500,4421.0,3465.0,956.0,0.2162,60.0,160.0,0.0635,4422.0,3506.0,916.0,0.2071,57.0,118.0,0.0499,4275,3446,829,0.1939,56,125,0.0525
3138609,14575.0,11243.0,3332.0,0.2286,160.0,395.0,0.0494,14572.0,11532.0,3040.0,0.2086,151.0,346.0,0.0431,14497,10928,3569,0.2462,223,399,0.0569
3138708,4452.0,3641.0,811.0,0.1822,97.0,132.0,0.0629,4453.0,3682.0,771.0,0.1731,67.0,112.0,0.0486,4351,3665,686,0.1577,140,159,0.0816
3138807,14842.0,10781.0,4061.0,0.2736,221.0,281.0,0.0466,14840.0,11086.0,3754.0,0.253,180.0,223.0,0.0364,14672,10679,3993,0.2722,253,311,0.0528
3138906,6001.0,4434.0,1567.0,0.2611,33.0,179.0,0.0478,6003.0,4541.0,1462.0,0.2435,45.0,124.0,0.0372,5799,4472,1327,0.2288,44,136,0.0403
3139003,30235.0,23679.0,6556.0,0.2168,465.0,666.0,0.0478,30239.0,24121.0,6118.0,0.2023,347.0,620.0,0.0401,30436,23169,7267,0.2388,613,793,0.0607
3139102,4329.0,3612.0,717.0,0.1656,76.0,133.0,0.0579,4329.0,3630.0,699.0,0.1615,43.0,118.0,0.0444,4478,3653,825,0.1842,80,176,0.0701
3139201,15563.0,10300.0,5263.0,0.3382,125.0,452.0,0.056,15568.0,10533.0,5035.0,0.3234,136.0,318.0,0.0431,15507,10636,4871,0.3141,176,428,0.0568
3139300,16166.0,11367.0,4799.0,0.2969,115.0,456.0,0.0502,16168.0,11433.0,4735.0,0.2929,110.0,269.0,0.0331,16127,11533,4594,0.2849,149,385,0.0463
3139409,60241.0,46740.0,13501.0,0.2241,769.0,1201.0,0.0421,60238.0,48147.0,12091.0,0.2007,600.0,978.0,0.0328,62011,47704,14307,0.2307,859,1157,0.0423
3139508,17103.0,12908.0,4195.0,0.2453,187.0,378.0,0.0438,17107.0,13081.0,4026.0,0.2353,153.0,316.0,0.0359,17013,12673,4340,0.2551,237,369,0.0478
3139607,20760.0,14833.0,5927.0,0.2855,165.0,361.0,0.0355,20765.0,15217.0,5548.0,0.2672,145.0,302.0,0.0294,19156,14836,4320,0.2255,195,325,0.035
3139706,6278.0,5220.0,1058.0,0.1685,52.0,123.0,0.0335,6277.0,5282.0,995.0,0.1585,53.0,96.0,0.0282,6311,5196,1115,0.1767,90,126,0.0416
3139805,10029.0,8294.0,1735.0,0.173,135.0,275.0,0.0494,10025.0,8427.0,1598.0,0.1594,102.0,228.0,0.0392,10443,8419,2024,0.1938,153,274,0.0507
3139904,12111.0,9951.0,2160.0,0.1784,182.0,234.0,0.0418,12111.0,10028.0,2083.0,0.172,139.0,262.0,0.04,12214,9712,2502,0.2048,209,258,0.0481
3140001,50731.0,40868.0,9863.0,0.1944,922.0,1833.0,0.0674,50737.0,40905.0,9832.0,0.1938,686.0,1423.0,0.0516,52424,40170,12254,0.2337,1316,1848,0.0788
3140100,4450.0,3107.0,1343.0,0.3018,40.0,118.0,0.0509,4450.0,3098.0,1352.0,0.3038,27.0,82.0,0.0352,4681,3492,1189,0.254,56,132,0.0538
3140209,3000.0,2410.0,590.0,0.1967,25.0,82.0,0.0444,3000.0,2471.0,529.0,0.1763,26.0,78.0,0.0421,3150,2486,664,0.2108,36,85,0.0487
3140308,4292.0,3385.0,907.0,0.2113,44.0,91.0,0.0399,4295.0,3443.0,852.0,0.1984,37.0,61.0,0.0285,4514,3488,1026,0.2273,42,95,0.0393
3140407,2916.0,2365.0,551.0,0.189,46.0,74.0,0.0507,2916.0,2396.0,520.0,0.1783,40.0,70.0,0.0459,3077,2416,661,0.2148,59,81,0.0579
3140506,11488.0,8621.0,2867.0,0.2496,226.0,233.0,0.0532,11490.0,8844.0,2646.0,0.2303,135.0,168.0,0.0343,11161,8481,2680,0.2401,216,183,0.047
3140605,4445.0,2796.0,1649.0,0.371,60.0,156.0,0.0773,4445.0,2801.0,1644.0,0.3699,39.0,111.0,0.0536,4509,2871,1638,0.3633,64,147,0.0735
3140704,27500.0,21191.0,6309.0,0.2294,551.0,899.0,0.0684,27499.0,21428.0,6071.0,0.2208,367.0,727.0,0.0511,29334,21698,7636,0.2603,675,880,0.0717
3140803,11979.0,9603.0,2376.0,0.1983,125.0,308.0,0.0451,11981.0,9855.0,2126.0,0.1774,121.0,271.0,0.0398,11981,9444,2537,0.2118,188,296,0.0512
3140902,14062.0,11388.0,2674.0,0.1902,226.0,417.0,0.0565,14062.0,11841.0,2221.0,0.1579,180.0,303.0,0.0408,15216,11954,3262,0.2144,258,395,0.0546
3141009,10619.0,8609.0,2010.0,0.1893,116.0,284.0,0.0465,10619.0,8627.0,1992.0,0.1876,89.0,199.0,0.0334,10840,8910,1930,0.178,103,310,0.0464
3141108,30069.0,24111.0,5958.0,0.1981,600.0,951.0,0.0643,30070.0,24332.0,5738.0,0.1908,446.0,837.0,0.0527,30120,23432,6688,0.222,718,848,0.0668
3141207,3481.0,2524.0,957.0,0.2749,43.0,92.0,0.0535,3481.0,2600.0,881.0,0.2531,33.0,65.0,0.0377,3386,2608,778,0.2298,50,94,0.0552
3141306,3108.0,2406.0,702.0,0.2259,30.0,39.0,0.0287,3108.0,2469.0,639.0,0.2056,29.0,35.0,0.0259,3335,2557,778,0.2333,43,55,0.0383
3141405,16184.0,11552.0,4632.0,0.2862,165.0,467.0,0.0547,16184.0,11694.0,4490.0,0.2774,167.0,287.0,0.0388,16321,11940,4381,0.2684,205,529,0.0615
3141504,5227.0,3714.0,1513.0,0.2895,49.0,139.0,0.0506,5228.0,3931.0,1297.0,0.2481,59.0,117.0,0.0448,4977,3685,1292,0.2596,66,105,0.0464
3141603,8795.0,6802.0,1993.0,0.2266,118.0,264.0,0.0562,8794.0,6919.0,1875.0,0.2132,91.0,197.0,0.0416,8100,6443,1657,0.2046,137,249,0.0599
3141702,5557.0,3826.0,1731.0,0.3115,60.0,155.0,0.0562,5557.0,3936.0,1621.0,0.2917,46.0,82.0,0.0325,5447,3692,1755,0.3222,67,105,0.0466
3141801,22359.0,13909.0,8450.0,0.3779,178.0,755.0,0.0671,22360.0,14211.0,8149.0,0.3644,166.0,494.0,0.0464,22788,14773,8015,0.3517,249,843,0.0739
3141900,3292.0,2577.0,715.0,0.2172,35.0,68.0,0.04,3292.0,2617.0,675.0,0.205,23.0,55.0,0.0298,3240,2503,737,0.2275,54,91,0.0579
3142007,11499.0,8508.0,2991.0,0.2601,99.0,245.0,0.0404,11499.0,8635.0,2864.0,0.2491,95.0,186.0,0.0325,10866,8709,2157,0.1985,100,224,0.0372
3142106,8088.0,6575.0,1513.0,0.1871,101.0,256.0,0.0543,8089.0,6693.0,1396.0,0.1726,94.0,202.0,0.0442,8125,6418,1707,0.2101,137,208,0.0538
3142205,10546.0,8081.0,2465.0,0.2337,106.0,244.0,0.0433,10546.0,8200.0,2346.0,0.2225,98.0,215.0,0.0382,10695,8329,2366,0.2212,120,309,0.0515
3142304,4969.0,4221.0,748.0,0.1505,67.0,141.0,0.0493,4972.0,4273.0,699.0,0.1406,51.0,116.0,0.0391,5316,4304,1012,0.1904,85,141,0.0525
3142403,6684.0,5172.0,1512.0,0.2262,97.0,144.0,0.0466,6684.0,5307.0,1377.0,0.206,81.0,146.0,0.0428,6829,5420,1409,0.2063,93,131,0.0413
3142502,2293.0,1606.0,687.0,0.2996,11.0,58.0,0.043,2293.0,1638.0,655.0,0.2857,15.0,46.0,0.0372,2627,1695,932,0.3548,21,68,0.0525
3142601,6950.0,5452.0,1498.0,0.2155,122.0,170.0,0.0536,6952.0,5627.0,1325.0,0.1906,74.0,137.0,0.0375,6960,5355,1605,0.2306,125,194,0.0596
3142700,13064.0,8952.0,4112.0,0.3148,96.0,346.0,0.0494,13064.0,9022.0,4042.0,0.3094,88.0,248.0,0.0372,13202,9373,3829,0.29,108,372,0.0512
3142809,15459.0,11193.0,4266.0,0.276,170.0,331.0,0.0448,15465.0,11591.0,3874.0,0.2505,116.0,283.0,0.0344,15409,11176,4233,0.2747,214,284,0.0446
3142908,17531.0,13809.0,3722.0,0.2123,185.0,510.0,0.0503,17534.0,14005.0,3529.0,0.2013,158.0,314.0,0.0337,17843,14307,3536,0.1982,197,515,0.0498
3143005,10976.0,8515.0,2461.0,0.2242,210.0,239.0,0.0527,10976.0,8672.0,2304.0,0.2099,155.0,232.0,0.0446,10838,8452,2386,0.2202,201,211,0.0487
3143104,36381.0,28062.0,8319.0,0.2287,462.0,823.0,0.0458,36400.0,28906.0,7494.0,0.2059,344.0,656.0,0.0346,35703,27556,8147,0.2282,569,677,0.0452
3143203,17280.0,12730.0,4550.0,0.2633,337.0,496.0,0.0654,17285.0,13025.0,4260.0,0.2465,238.0,434.0,0.0516,17062,12243,4819,0.2824,380,492,0.0712
3143302,288433.0,233621.0,54812.0,0.19,3759.0,7480.0,0.0481,288412.0,238281.0,50131.0,0.1738,3170.0,7276.0,0.0438,283875,233349,50526,0.178,4741,7534,0.0526
3143401,18576.0,14553.0,4023.0,0.2166,244.0,327.0,0.0392,18577.0,15078.0,3499.0,0.1884,189.0,294.0,0.032,18682,14693,3989,0.2135,235,323,0.038
3143500,7297.0,5459.0,1838.0,0.2519,102.0,162.0,0.0484,7297.0,5604.0,1693.0,0.232,59.0,149.0,0.0371,7207,5644,1563,0.2169,100,167,0.0473
3143609,2852.0,2131.0,721.0,0.2528,28.0,57.0,0.0399,2852.0,2157.0,695.0,0.2437,21.0,47.0,0.0315,3045,2202,843,0.2768,29,57,0.0391
3143708,3681.0,2751.0,930.0,0.2526,23.0,170.0,0.0702,3682.0,2808.0,874.0,0.2374,33.0,109.0,0.0506,3968,2802,1166,0.2939,41,178,0.0782
3143807,5926.0,4719.0,1207.0,0.2037,109.0,133.0,0.0513,5927.0,4855.0,1072.0,0.1809,103.0,121.0,0.0461,6066,4715,1351,0.2227,102,119,0.0469
3143906,78180.0,62810.0,15370.0,0.1966,995.0,2033.0,0.0482,78182.0,63428.0,14754.0,0.1887,810.0,1747.0,0.0403,78840,62984,15856,0.2011,1218,1954,0.0504
3144003,21386.0,16485.0,4901.0,0.2292,250.0,434.0,0.0415,21388.0,16986.0,4402.0,0.2058,219.0,304.0,0.0308,21564,16489,5075,0.2353,236,367,0.0366
3144102,18046.0,13960.0,4086.0,0.2264,258.0,319.0,0.0413,18051.0,14203.0,3848.0,0.2132,215.0,278.0,0.0347,17966,13777,4189,0.2332,305,318,0.0452
3144201,2907.0,1801.0,1106.0,0.3805,14.0,82.0,0.0533,2906.0,1873.0,1033.0,0.3555,19.0,51.0,0.0374,2825,1903,922,0.3264,18,102,0.0631
3144300,29719.0,20561.0,9158.0,0.3082,293.0,577.0,0.0423,29734.0,20964.0,8770.0,0.2949,268.0,437.0,0.0336,29314,20546,8768,0.2991,358,613,0.0473
3144409,4109.0,3240.0,869.0,0.2115,99.0,144.0,0.075,4105.0,3313.0,792.0,0.1929,77.0,94.0,0.0516,4090,3254,836,0.2044,93,136,0.0704
3144508,6537.0,5288.0,1249.0,0.1911,101.0,157.0,0.0488,6537.0,5350.0,1187.0,0.1816,85.0,136.0,0.0413,6298,5258,1040,0.1651,160,179,0.0645
3144607,20948.0,15962.0,4986.0,0.238,326.0,610.0,0.0586,20952.0,16441.0,4511.0,0.2153,242.0,456.0,0.0425,20890,15482,5408,0.2589,400,576,0.063
3144706,15051.0,11496.0,3555.0,0.2362,189.0,389.0,0.0503,15050.0,11548.0,3502.0,0.2327,163.0,330.0,0.0427,15012,11184,3828,0.255,288,383,0.06
3144805,76347.0,61685.0,14662.0,0.192,1070.0,1889.0,0.048,76370.0,62499.0,13871.0,0.1816,923.0,1941.0,0.0458,77107,63499,13608,0.1765,1356,1916,0.0515
3144904,3669.0,2607.0,1062.0,0.2895,30.0,97.0,0.0487,3669.0,2569.0,1100.0,0.2998,23.0,62.0,0.0331,3589,2721,868,0.2419,23,104,0.0467
3145000,12637.0,9543.0,3094.0,0.2448,117.0,258.0,0.0393,12632.0,9741.0,2891.0,0.2289,94.0,213.0,0.0315,13442,10051,3391,0.2523,173,236,0.0407
3145109,12885.0,10438.0,2447.0,0.1899,278.0,332.0,0.0584,12886.0,10650.0,2236.0,0.1735,176.0,259.0,0.0408,13447,10781,2666,0.1983,269,324,0.055
3145208,59483.0,48470.0,11013.0,0.1851,964.0,963.0,0.0398,59487.0,49650.0,9837.0,0.1654,717.0,786.0,0.0303,67377,55835,11542,0.1713,1088,931,0.0362
3145307,24848.0,15073.0,9775.0,0.3934,191.0,895.0,0.072,24844.0,15411.0,9433.0,0.3797,195.0,592.0,0.0511,24963,15861,9102,0.3646,258,873,0.0713
3145406,2265.0,1785.0,480.0,0.2119,26.0,55.0,0.0454,2265.0,1809.0,456.0,0.2013,32.0,44.0,0.042,2313,1800,513,0.2218,23,64,0.0483
3145505,2662.0,2074.0,588.0,0.2209,29.0,69.0,0.0473,2662.0,2102.0,560.0,0.2104,27.0,63.0,0.0428,2869,2165,704,0.2454,35,101,0.0628
3145604,33361.0,26738.0,6623.0,0.1985,653.0,922.0,0.0589,33381.0,27028.0,6353.0,0.1903,482.0,773.0,0.0464,33504,26140,7364,0.2198,825,937,0.0674
3145703,2422.0,2011.0,411.0,0.1697,26.0,46.0,0.0358,2422.0,2018.0,404.0,0.1668,20.0,42.0,0.0307,2731,2154,577,0.2113,49,70,0.0552
3145802,3313.0,2651.0,662.0,0.1998,31.0,43.0,0.0279,3313.0,2655.0,658.0,0.1986,25.0,33.0,0.0218,3368,2694,674,0.2001,39,54,0.0345
3145901,31447.0,25576.0,5871.0,0.1867,498.0,768.0,0.0495,31448.0,25934.0,5514.0,0.1753,372.0,736.0,0.0427,30112,24831,5281,0.1754,596,751,0.0542
3146008,25223.0,19320.0,5903.0,0.234,434.0,535.0,0.0502,25224.0,19721.0,5503.0,0.2182,292.0,472.0,0.0387,25443,18942,6501,0.2555,462,574,0.0547
3146107,63593.0,51811.0,11782.0,0.1853,1008.0,1824.0,0.0547,63593.0,51815.0,11778.0,0.1852,786.0,1570.0,0.0455,64302,50483,13819,0.2149,1412,1781,0.0632
3146206,7037.0,5035.0,2002.0,0.2845,61.0,179.0,0.0477,7037.0,4994.0,2043.0,0.2903,66.0,122.0,0.0376,7237,5264,1973,0.2726,68,167,0.0446
3146305,14155.0,9330.0,4825.0,0.3409,122.0,427.0,0.0588,14156.0,9434.0,4722.0,0.3336,114.0,306.0,0.0445,14207,9774,4433,0.312,171,418,0.0603
3146404,4223.0,3259.0,964.0,0.2283,45.0,90.0,0.0414,4223.0,3328.0,895.0,0.2119,52.0,79.0,0.0394,3921,3170,751,0.1915,71,104,0.0552
3146503,6811.0,5457.0,1354.0,0.1988,80.0,135.0,0.0394,6814.0,5570.0,1244.0,0.1826,82.0,124.0,0.037,6914,5397,1517,0.2194,99,115,0.0397
3146602,1754.0,1397.0,357.0,0.2035,23.0,39.0,0.0444,1755.0,1392.0,363.0,0.2068,26.0,51.0,0.0553,1859,1495,364,0.1958,26,50,0.0508
3146701,5352.0,4162.0,1190.0,0.2223,56.0,97.0,0.0368,5351.0,4181.0,1170.0,0.2187,43.0,81.0,0.0297,5273,4012,1261,0.2391,58,96,0.0384
3127057,3943.0,3050.0,893.0,0.2265,37.0,159.0,0.0643,3943.0,3138.0,805.0,0.2042,31.0,87.0,0.0376,4372,3172,1200,0.2745,26,107,0.0419
3146909,11460.0,9613.0,1847.0,0.1612,178.0,242.0,0.0437,11454.0,9703.0,1751.0,0.1529,120.0,230.0,0.0361,11723,9691,2032,0.1733,200,248,0.0462
3147006,66565.0,51037.0,15528.0,0.2333,1071.0,1172.0,0.0439,66560.0,51431.0,15129.0,0.2273,718.0,989.0,0.0332,68278,52502,15776,0.2311,1284,1082,0.0451
3147105,65994.0,52760.0,13234.0,0.2005,1211.0,2138.0,0.0635,65995.0,54052.0,11943.0,0.181,784.0,1806.0,0.0479,67632,53206,14426,0.2133,1344,1929,0.0615
3147204,16917.0,13171.0,3746.0,0.2214,266.0,304.0,0.0433,16917.0,13492.0,3425.0,0.2025,232.0,275.0,0.0376,16696,13027,3669,0.2198,351,348,0.0537
3147303,16432.0,12855.0,3577.0,0.2177,262.0,431.0,0.0539,16438.0,13105.0,3333.0,0.2028,198.0,386.0,0.0446,16472,12685,3787,0.2299,303,462,0.0603
3147402,20124.0,16361.0,3763.0,0.187,313.0,557.0,0.0532,20120.0,16397.0,3723.0,0.185,226.0,424.0,0.0396,19694,16076,3618,0.1837,407,518,0.0575
3147501,1815.0,1428.0,387.0,0.2132,15.0,59.0,0.0518,1815.0,1442.0,373.0,0.2055,18.0,35.0,0.0368,1914,1461,453,0.2367,23,52,0.0513
3147600,13348.0,10635.0,2713.0,0.2033,223.0,334.0,0.0524,13349.0,10810.0,2539.0,0.1902,145.0,327.0,0.0437,13298,10482,2816,0.2118,252,338,0.0563
3147709,7633.0,5845.0,1788.0,0.2342,181.0,304.0,0.083,7635.0,5946.0,1689.0,0.2212,94.0,269.0,0.061,7354,5927,1427,0.194,199,346,0.092
3147808,2224.0,1907.0,317.0,0.1425,19.0,56.0,0.0393,2224.0,1912.0,312.0,0.1403,25.0,39.0,0.0335,2493,2021,472,0.1893,24,52,0.0376
3147907,80615.0,62141.0,18474.0,0.2292,1215.0,1779.0,0.0482,80638.0,63387.0,17251.0,0.2139,999.0,1695.0,0.0425,81108,62818,18290,0.2255,1559,1780,0.0532
3148004,114390.0,88200.0,26190.0,0.229,1764.0,2304.0,0.0461,114370.0,90431.0,23939.0,0.2093,1292.0,2234.0,0.039,116646,90467,26179,0.2244,1640,2211,0.0426
3148103,67715.0,52944.0,14771.0,0.2181,1280.0,1476.0,0.0521,67740.0,54491.0,13249.0,0.1956,845.0,1342.0,0.0401,65612,53327,12285,0.1872,1280,1361,0.0495
3148202,5176.0,4137.0,1039.0,0.2007,47.0,133.0,0.0435,5178.0,4144.0,1034.0,0.1997,45.0,108.0,0.0369,5085,4207,878,0.1727,57,127,0.0437
3148301,7745.0,6062.0,1683.0,0.2173,103.0,242.0,0.0569,7748.0,6101.0,1647.0,0.2126,86.0,177.0,0.0431,7817,6052,1765,0.2258,118,211,0.0544
3148400,4306.0,2996.0,1310.0,0.3042,36.0,137.0,0.0577,4306.0,3017.0,1289.0,0.2993,28.0,93.0,0.0401,4222,2854,1368,0.324,51,135,0.0652
3148509,6220.0,4491.0,1729.0,0.278,33.0,248.0,0.0626,6220.0,4552.0,1668.0,0.2682,42.0,151.0,0.0424,6314,4430,1884,0.2984,76,206,0.0637
3148608,13549.0,9042.0,4507.0,0.3326,121.0,428.0,0.0607,13551.0,9237.0,4314.0,0.3184,124.0,295.0,0.0454,11993,8706,3287,0.2741,168,392,0.0643
3148707,18536.0,12268.0,6268.0,0.3382,145.0,675.0,0.0668,18534.0,12307.0,6227.0,0.336,148.0,429.0,0.0469,18355,12472,5883,0.3205,174,588,0.0611
3148806,3263.0,2763.0,500.0,0.1532,49.0,130.0,0.0648,3263.0,2808.0,455.0,0.1394,26.0,83.0,0.0388,3516,2808,708,0.2014,70,110,0.0641
3148905,3628.0,2942.0,686.0,0.1891,72.0,101.0,0.0588,3628.0,3013.0,615.0,0.1695,48.0,66.0,0.0378,3864,3143,721,0.1866,67,122,0.0601
3149002,2738.0,2263.0,475.0,0.1735,17.0,82.0,0.0437,2738.0,2248.0,490.0,0.179,26.0,71.0,0.0431,2730,2215,515,0.1886,29,86,0.0519
3149101,9502.0,7420.0,2082.0,0.2191,185.0,251.0,0.0588,9502.0,7619.0,1883.0,0.1982,123.0,204.0,0.0429,9379,7240,2139,0.2281,185,256,0.0609
3149200,3146.0,2523.0,623.0,0.198,37.0,54.0,0.0361,3147.0,2554.0,593.0,0.1884,26.0,49.0,0.0294,3421,2673,748,0.2186,41,52,0.0348
3149309,48402.0,39529.0,8873.0,0.1833,836.0,1349.0,0.0553,48410.0,39956.0,8454.0,0.1746,669.0,1131.0,0.045,49124,39110,10014,0.2039,1048,1296,0.0599
3149408,2323.0,1993.0,330.0,0.1421,21.0,41.0,0.0311,2320.0,1995.0,325.0,0.1401,22.0,43.0,0.0326,2507,2090,417,0.1663,42,52,0.045
3149507,3205.0,2537.0,668.0,0.2084,32.0,67.0,0.039,3204.0,2536.0,668.0,0.2085,33.0,64.0,0.0382,3368,2673,695,0.2064,49,72,0.0453
3149606,3660.0,2995.0,665.0,0.1817,46.0,70.0,0.0387,3663.0,3018.0,645.0,0.1761,35.0,55.0,0.0298,3981,3348,633,0.159,52,82,0.04
3149705,8062.0,6570.0,1492.0,0.1851,126.0,143.0,0.0409,8063.0,6686.0,1377.0,0.1708,81.0,127.0,0.0311,8537,6952,1585,0.1857,128,164,0.042
3149804,13552.0,10055.0,3497.0,0.258,143.0,197.0,0.0338,13542.0,10291.0,3251.0,0.2401,96.0,185.0,0.0273,14146,10558,3588,0.2536,156,241,0.0376
3149903,17256.0,13679.0,3577.0,0.2073,329.0,538.0,0.0634,17258.0,13962.0,3296.0,0.191,218.0,406.0,0.0447,17292,13566,3726,0.2155,408,431,0.0618
3150000,3577.0,2380.0,1197.0,0.3346,27.0,99.0,0.0529,3578.0,2398.0,1180.0,0.3298,32.0,60.0,0.0384,3581,2477,1104,0.3083,25,114,0.0561
3150109,3031.0,2518.0,513.0,0.1693,42.0,68.0,0.0437,3032.0,2537.0,495.0,0.1633,28.0,69.0,0.0382,3238,2639,599,0.185,42,66,0.0409
3150208,3833.0,2951.0,882.0,0.2301,41.0,124.0,0.0559,3834.0,3002.0,832.0,0.217,47.0,69.0,0.0386,3812,2903,909,0.2385,54,92,0.0503
3150307,4085.0,3090.0,995.0,0.2436,64.0,169.0,0.0754,4084.0,3170.0,914.0,0.2238,59.0,105.0,0.0517,4083,3119,964,0.2361,76,139,0.0689
3150406,5040.0,3821.0,1219.0,0.2419,134.0,120.0,0.0665,5040.0,3968.0,1072.0,0.2127,89.0,75.0,0.0413,5270,3917,1353,0.2567,144,122,0.0679
3150505,6967.0,5569.0,1398.0,0.2007,182.0,180.0,0.065,6967.0,5703.0,1264.0,0.1814,119.0,165.0,0.0498,7313,5750,1563,0.2137,182,179,0.0628
3150604,5582.0,4884.0,698.0,0.125,164.0,195.0,0.0735,5582.0,4981.0,601.0,0.1077,97.0,180.0,0.0556,6032,5130,902,0.1495,185,209,0.0768
3150703,4376.0,3380.0,996.0,0.2276,50.0,90.0,0.0414,4376.0,3473.0,903.0,0.2064,34.0,64.0,0.0282,4817,3703,1114,0.2313,57,83,0.0378
3150802,13867.0,9763.0,4104.0,0.296,260.0,511.0,0.079,13868.0,9779.0,4089.0,0.2949,161.0,328.0,0.05,14052,9476,4576,0.3256,247,480,0.0767
3150901,4649.0,3701.0,948.0,0.2039,65.0,84.0,0.0403,4649.0,3787.0,862.0,0.1854,45.0,92.0,0.0362,4789,3809,980,0.2046,74,102,0.0462
3151008,7144.0,5763.0,1381.0,0.1933,119.0,178.0,0.0515,7144.0,5869.0,1275.0,0.1785,88.0,146.0,0.0399,7298,5881,1417,0.1942,104,169,0.0464
3151107,9825.0,7984.0,1841.0,0.1874,85.0,211.0,0.0371,9825.0,8066.0,1759.0,0.179,79.0,182.0,0.0324,9414,7637,1777,0.1888,140,259,0.0522
3151206,41385.0,31129.0,10256.0,0.2478,606.0,1135.0,0.0559,41388.0,31657.0,9731.0,0.2351,446.0,1042.0,0.047,41904,31291,10613,0.2533,706,1190,0.0606
3151305,9626.0,7620.0,2006.0,0.2084,135.0,242.0,0.0495,9625.0,7868.0,1757.0,0.1825,107.0,205.0,0.0397,9664,7566,2098,0.2171,130,206,0.0444
3151404,21172.0,17394.0,3778.0,0.1784,306.0,418.0,0.0416,21172.0,17539.0,3633.0,0.1716,246.0,378.0,0.0356,21464,17160,4304,0.2005,341,407,0.0436
3151503,25611.0,19453.0,6158.0,0.2404,388.0,492.0,0.0452,25661.0,20227.0,5434.0,0.2118,283.0,426.0,0.0351,26253,19578,6675,0.2543,406,508,0.0467
3151602,8307.0,6169.0,2138.0,0.2574,99.0,161.0,0.0421,8308.0,6344.0,1964.0,0.2364,76.0,130.0,0.0325,8677,6319,2358,0.2718,106,142,0.0392
3151701,13003.0,10417.0,2586.0,0.1989,260.0,257.0,0.0496,13003.0,10734.0,2269.0,0.1745,206.0,255.0,0.0429,12809,10223,2586,0.2019,299,254,0.0541
3151800,122534.0,92130.0,30404.0,0.2481,1455.0,2630.0,0.0443,122529.0,93445.0,29084.0,0.2374,1383.0,2758.0,0.0443,122866,90264,32602,0.2653,1852,2674,0.0501
3151909,7445.0,5606.0,1839.0,0.247,58.0,177.0,0.0419,7445.0,5717.0,1728.0,0.2321,54.0,100.0,0.0269,7548,5629,1919,0.2542,65,165,0.0409
3152006,24181.0,18467.0,5714.0,0.2363,366.0,725.0,0.0591,24195.0,19044.0,5151.0,0.2129,259.0,442.0,0.0368,24330,18202,6128,0.2519,470,699,0.0642
3152105,44716.0,36017.0,8699.0,0.1945,565.0,947.0,0.042,44713.0,35583.0,9130.0,0.2042,490.0,723.0,0.0341,44494,34655,9839,0.2211,781,923,0.0492
3152204,31299.0,23897.0,7402.0,0.2365,343.0,958.0,0.0544,31305.0,24381.0,6924.0,0.2212,279.0,657.0,0.0384,31682,24520,7162,0.2261,380,809,0.0485
3152303,9116.0,7041.0,2075.0,0.2276,133.0,292.0,0.0604,9118.0,7139.0,1979.0,0.217,85.0,154.0,0.0335,9025,6628,2397,0.2656,133,233,0.0552
3152402,12528.0,8481.0,4047.0,0.323,112.0,513.0,0.0737,12529.0,8611.0,3918.0,0.3127,105.0,287.0,0.0455,12644,8911,3733,0.2952,112,477,0.0661
3152501,109143.0,87468.0,21675.0,0.1986,1672.0,2691.0,0.0499,109107.0,88345.0,20762.0,0.1903,1324.0,2631.0,0.0448,112425,87556,24869,0.2212,1922,2754,0.0534
3152600,5521.0,4501.0,1020.0,0.1847,98.0,107.0,0.0455,5521.0,4548.0,973.0,0.1762,68.0,129.0,0.0433,5593,4492,1101,0.1969,100,133,0.0519
3152709,7313.0,6175.0,1138.0,0.1556,176.0,315.0,0.0795,7313.0,6258.0,1055.0,0.1443,122.0,234.0,0.0569,7485,6199,1286,0.1718,249,302,0.0889
3152808,22201.0,16178.0,6023.0,0.2713,172.0,262.0,0.0268,22198.0,16707.0,5491.0,0.2474,146.0,259.0,0.0242,22334,16315,6019,0.2695,280,276,0.0341
3152907,7472.0,5787.0,1685.0,0.2255,116.0,223.0,0.0586,7473.0,5848.0,1625.0,0.2174,79.0,228.0,0.0525,7457,5733,1724,0.2312,118,242,0.0628
3153004,2992.0,2352.0,640.0,0.2139,56.0,57.0,0.048,2992.0,2364.0,628.0,0.2099,33.0,55.0,0.0372,3312,2568,744,0.2246,43,49,0.0358
3153103,5668.0,4204.0,1464.0,0.2583,60.0,171.0,0.0549,5670.0,4221.0,1449.0,0.2556,58.0,101.0,0.0377,5729,4029,1700,0.2967,77,134,0.0524
3153202,4107.0,2696.0,1411.0,0.3436,28.0,101.0,0.0478,4107.0,2747.0,1360.0,0.3311,16.0,76.0,0.0335,4089,2754,1335,0.3265,43,101,0.0523
3153301,2916.0,2289.0,627.0,0.215,17.0,102.0,0.052,2916.0,2297.0,619.0,0.2123,19.0,73.0,0.0401,3087,2388,699,0.2264,22,105,0.0532
3153400,16419.0,11975.0,4444.0,0.2707,205.0,380.0,0.0489,16421.0,12328.0,4093.0,0.2493,175.0,347.0,0.0423,16281,12133,4148,0.2548,191,364,0.0457
3153509,6983.0,5642.0,1341.0,0.192,73.0,148.0,0.0392,6983.0,5756.0,1227.0,0.1757,70.0,123.0,0.0335,7177,5776,1401,0.1952,95,160,0.0441
3153608,8128.0,6900.0,1228.0,0.1511,197.0,344.0,0.0784,8130.0,6925.0,1205.0,0.1482,116.0,312.0,0.0618,8555,6964,1591,0.186,229,341,0.0818
3153707,3292.0,2731.0,561.0,0.1704,50.0,76.0,0.0461,3291.0,2646.0,645.0,0.196,34.0,64.0,0.037,3749,2930,819,0.2185,63,116,0.0611
3153806,2525.0,2105.0,420.0,0.1663,30.0,62.0,0.0437,2525.0,2118.0,407.0,0.1612,27.0,72.0,0.0467,2785,2252,533,0.1914,32,67,0.044
3153905,13324.0,11226.0,2098.0,0.1575,242.0,410.0,0.0581,13324.0,11359.0,1965.0,0.1475,203.0,425.0,0.0553,12906,10860,2046,0.1585,292,404,0.0641
3154002,18113.0,13800.0,4313.0,0.2381,210.0,480.0,0.05,18115.0,13959.0,4156.0,0.2294,161.0,391.0,0.0395,18357,13799,4558,0.2483,255,510,0.0554
3154101,7910.0,6108.0,1802.0,0.2278,85.0,160.0,0.0401,7910.0,6156.0,1754.0,0.2217,67.0,151.0,0.0354,7959,5878,2081,0.2615,105,164,0.0458
3154200,9364.0,7724.0,1640.0,0.1751,170.0,308.0,0.0619,9366.0,7743.0,1623.0,0.1733,119.0,277.0,0.0511,9645,7807,1838,0.1906,222,276,0.0638
3154309,13071.0,9066.0,4005.0,0.3064,102.0,178.0,0.0309,13072.0,9241.0,3831.0,0.2931,99.0,136.0,0.0254,12729,9093,3636,0.2856,145,155,0.033
3154408,4246.0,3620.0,626.0,0.1474,61.0,132.0,0.0533,4245.0,3632.0,613.0,0.1444,60.0,102.0,0.0446,4433,3766,667,0.1505,83,136,0.0582
3154507,7831.0,5674.0,2157.0,0.2754,62.0,219.0,0.0495,7832.0,5627.0,2205.0,0.2815,65.0,168.0,0.0414,8031,5857,2174,0.2707,86,233,0.0545
3154606,224164.0,176094.0,48070.0,0.2144,4213.0,6464.0,0.0606,224176.0,179260.0,44916.0,0.2004,3004.0,5049.0,0.0449,218584,173134,45450,0.2079,5289,6195,0.0663
3154705,3308.0,2742.0,566.0,0.1711,48.0,96.0,0.0525,3308.0,2763.0,545.0,0.1648,47.0,94.0,0.051,3461,2807,654,0.189,62,126,0.067
3154804,8553.0,7071.0,1482.0,0.1733,144.0,224.0,0.052,8554.0,7180.0,1374.0,0.1606,111.0,222.0,0.0464,8371,6923,1448,0.173,179,243,0.061
3154903,11103.0,7994.0,3109.0,0.28,149.0,312.0,0.0577,11103.0,8096.0,3007.0,0.2708,111.0,215.0,0.0403,10834,7690,3144,0.2902,168,310,0.0622
3155009,2474.0,2030.0,444.0,0.1795,36.0,75.0,0.0547,2473.0,2039.0,434.0,0.1755,21.0,59.0,0.0392,2624,2103,521,0.1986,41,106,0.0699
3155108,4251.0,3012.0,1239.0,0.2915,34.0,142.0,0.0584,4251.0,3052.0,1199.0,0.2821,38.0,79.0,0.0383,4338,3149,1189,0.2741,34,129,0.0518
3155207,5590.0,4240.0,1350.0,0.2415,114.0,173.0,0.0677,5591.0,4248.0,1343.0,0.2402,93.0,136.0,0.0539,5784,4186,1598,0.2763,141,162,0.0724
3155306,4722.0,3819.0,903.0,0.1912,54.0,134.0,0.0492,4722.0,3865.0,857.0,0.1815,36.0,120.0,0.0404,5025,3961,1064,0.2117,72,125,0.0497
3155405,7267.0,5689.0,1578.0,0.2171,80.0,193.0,0.048,7268.0,5776.0,1492.0,0.2053,69.0,164.0,0.0403,7131,5412,1719,0.2411,92,200,0.054
3155504,11074.0,8087.0,2987.0,0.2697,162.0,229.0,0.0483,11073.0,8340.0,2733.0,0.2468,112.0,206.0,0.0381,11055,8467,2588,0.2341,172,243,0.049
3155603,21495.0,15706.0,5789.0,0.2693,208.0,798.0,0.0641,21493.0,15870.0,5623.0,0.2616,198.0,605.0,0.0506,22281,17182,5099,0.2288,204,691,0.0521
3155702,12373.0,9551.0,2822.0,0.2281,217.0,393.0,0.0639,12373.0,9602.0,2771.0,0.224,166.0,328.0,0.0514,12444,9329,3115,0.2503,284,337,0.0666
3155801,14218.0,11286.0,2932.0,0.2062,240.0,387.0,0.0556,14217.0,11558.0,2659.0,0.187,171.0,351.0,0.0452,13402,10726,2676,0.1997,248,325,0.0534
3155900,5285.0,4148.0,1137.0,0.2151,44.0,93.0,0.033,5285.0,4211.0,1074.0,0.2032,41.0,83.0,0.0294,5409,4196,1213,0.2243,46,98,0.0343
3156007,10837.0,6442.0,4395.0,0.4056,125.0,397.0,0.081,10837.0,6608.0,4229.0,0.3902,111.0,224.0,0.0507,10175,6096,4079,0.4009,148,311,0.0753
3156106,4691.0,3754.0,937.0,0.1997,80.0,178.0,0.0687,4691.0,3765.0,926.0,0.1974,47.0,124.0,0.0454,4803,3792,1011,0.2105,101,171,0.0717
3156205,2435.0,1948.0,487.0,0.2,21.0,55.0,0.039,2436.0,1972.0,464.0,0.1905,17.0,62.0,0.0401,2917,2207,710,0.2434,33,75,0.0489
3156304,6671.0,5400.0,1271.0,0.1905,91.0,163.0,0.047,6671.0,5507.0,1164.0,0.1745,65.0,111.0,0.032,6844,5497,1347,0.1968,105,145,0.0455
3156403,3182.0,2614.0,568.0,0.1785,26.0,74.0,0.0383,3182.0,2644.0,538.0,0.1691,22.0,49.0,0.0269,3430,2790,640,0.1866,27,75,0.0366
3156502,7446.0,4833.0,2613.0,0.3509,52.0,264.0,0.0654,7446.0,4907.0,2539.0,0.341,53.0,122.0,0.0357,7524,5007,2517,0.3345,94,293,0.0773
3156601,6877.0,4917.0,1960.0,0.285,60.0,231.0,0.0592,6879.0,4948.0,1931.0,0.2807,57.0,171.0,0.0461,7158,5130,2028,0.2833,81,235,0.0616
3156700,97838.0,77953.0,19885.0,0.2032,2054.0,2867.0,0.0631,97849.0,79280.0,18569.0,0.1898,1465.0,2468.0,0.0496,94323,76541,17782,0.1885,2516,2894,0.0707
3156809,12675.0,8322.0,4353.0,0.3434,158.0,445.0,0.0725,12677.0,8468.0,4209.0,0.332,126.0,283.0,0.0483,12417,8119,4298,0.3461,210,313,0.0644
3156908,20028.0,15414.0,4614.0,0.2304,214.0,359.0,0.0372,20030.0,15637.0,4393.0,0.2193,156.0,356.0,0.0327,20911,15963,4948,0.2366,226,324,0.0345
3157005,32462.0,24046.0,8416.0,0.2593,358.0,985.0,0.0559,32468.0,24651.0,7817.0,0.2408,328.0,555.0,0.0358,33019,24619,8400,0.2544,467,880,0.0547
3157104,4958.0,3589.0,1369.0,0.2761,43.0,152.0,0.0543,4958.0,3608.0,1350.0,0.2723,36.0,121.0,0.0435,4987,3564,1423,0.2853,52,163,0.0603
3157203,23800.0,19210.0,4590.0,0.1929,369.0,693.0,0.0553,23800.0,19456.0,4344.0,0.1825,327.0,577.0,0.0465,24261,18611,5650,0.2329,509,669,0.0633
3157302,4437.0,3528.0,909.0,0.2049,51.0,149.0,0.0567,4437.0,3597.0,840.0,0.1893,35.0,105.0,0.0389,4340,3453,887,0.2044,81,170,0.0727
3157401,4858.0,3838.0,1020.0,0.21,51.0,141.0,0.05,4858.0,3838.0,1020.0,0.21,46.0,101.0,0.0383,4879,3864,1015,0.208,60,138,0.0512
3157500,4174.0,2639.0,1535.0,0.3678,84.0,150.0,0.0887,4174.0,2734.0,1440.0,0.345,57.0,99.0,0.0571,3985,2875,1110,0.2785,86,158,0.0849
3157609,3556.0,2449.0,1107.0,0.3113,17.0,65.0,0.0335,3556.0,2353.0,1203.0,0.3383,19.0,46.0,0.0276,3706,2457,1249,0.337,20,61,0.033
3157708,10506.0,8458.0,2048.0,0.1949,114.0,173.0,0.0339,10504.0,8628.0,1876.0,0.1786,71.0,152.0,0.0258,11819,9175,2644,0.2237,149,192,0.0372
3157807,169122.0,137210.0,31912.0,0.1887,3314.0,4855.0,0.0595,169128.0,138684.0,30444.0,0.18,2387.0,4066.0,0.0465,164668,132961,31707,0.1926,3857,4572,0.0634
3157906,12820.0,10373.0,2447.0,0.1909,170.0,332.0,0.0484,12820.0,10799.0,2021.0,0.1576,133.0,227.0,0.0333,12910,10833,2077,0.1609,215,285,0.0462
3158003,8736.0,6863.0,1873.0,0.2144,130.0,311.0,0.0643,8736.0,6940.0,1796.0,0.2056,99.0,246.0,0.0497,8798,6719,2079,0.2363,154,268,0.0628
3158102,4422.0,3042.0,1380.0,0.3121,49.0,158.0,0.068,4421.0,3087.0,1334.0,0.3017,40.0,126.0,0.0538,4598,3126,1472,0.3201,56,185,0.0771
3158201,12342.0,7867.0,4475.0,0.3626,62.0,342.0,0.0514,12345.0,7989.0,4356.0,0.3529,64.0,231.0,0.0369,12134,7557,4577,0.3772,78,279,0.0472
3158300,5950.0,5020.0,930.0,0.1563,121.0,179.0,0.0598,5950.0,5071.0,879.0,0.1477,82.0,129.0,0.0416,5973,4928,1045,0.175,155,149,0.0617
3158409,3208.0,2686.0,522.0,0.1627,31.0,78.0,0.0406,3208.0,2783.0,425.0,0.1325,36.0,54.0,0.0323,3385,2780,605,0.1787,41,70,0.0399
3158508,7403.0,5713.0,1690.0,0.2283,86.0,168.0,0.0445,7401.0,5830.0,1571.0,0.2123,59.0,128.0,0.0321,7165,5609,1556,0.2172,102,178,0.0499
3158607,3365.0,2744.0,621.0,0.1845,37.0,57.0,0.0343,3365.0,2782.0,583.0,0.1733,34.0,49.0,0.0298,3542,2877,665,0.1877,32,76,0.0375
3158706,2279.0,1861.0,418.0,0.1834,42.0,81.0,0.0661,2279.0,1880.0,399.0,0.1751,23.0,61.0,0.0447,2352,1860,492,0.2092,44,102,0.0785
3158805,3989.0,3134.0,855.0,0.2143,85.0,135.0,0.0702,3992.0,3223.0,769.0,0.1926,52.0,76.0,0.0397,3915,3176,739,0.1888,121,130,0.079
3158904,7699.0,5788.0,1911.0,0.2482,66.0,140.0,0.0356,7699.0,5927.0,1772.0,0.2302,73.0,102.0,0.0295,7807,5981,1826,0.2339,90,131,0.037
3159001,5658.0,4323.0,1335.0,0.2359,54.0,106.0,0.037,5658.0,4386.0,1272.0,0.2248,41.0,102.0,0.0326,6031,4449,1582,0.2623,65,104,0.038
3159100,3757.0,3080.0,677.0,0.1802,99.0,116.0,0.0698,3758.0,3045.0,713.0,0.1897,63.0,88.0,0.0496,3869,3077,792,0.2047,112,119,0.0751
3159209,7038.0,5626.0,1412.0,0.2006,59.0,123.0,0.0323,7039.0,5739.0,1300.0,0.1847,56.0,140.0,0.0342,7062,5550,1512,0.2141,65,152,0.0391
3159308,4192.0,3447.0,745.0,0.1777,36.0,90.0,0.0366,4192.0,3503.0,689.0,0.1644,48.0,78.0,0.036,4360,3543,817,0.1874,59,100,0.0449
3159407,3326.0,2604.0,722.0,0.2171,32.0,84.0,0.0445,3326.0,2585.0,741.0,0.2228,33.0,81.0,0.0441,3384,2548,836,0.247,44,121,0.0648
3159506,5046.0,3712.0,1334.0,0.2644,45.0,94.0,0.0374,5046.0,3823.0,1223.0,0.2424,41.0,67.0,0.0283,5151,3924,1227,0.2382,53,90,0.0364
3159605,30943.0,24953.0,5990.0,0.1936,618.0,603.0,0.0489,30956.0,25343.0,5613.0,0.1813,450.0,664.0,0.044,31737,24619,7118,0.2243,679,660,0.0544
3159704,3289.0,2428.0,861.0,0.2618,40.0,55.0,0.0391,3289.0,2457.0,832.0,0.253,33.0,46.0,0.0322,3513,2538,975,0.2775,62,68,0.0512
3159803,17279.0,13191.0,4088.0,0.2366,151.0,240.0,0.0296,17283.0,13379.0,3904.0,0.2259,149.0,233.0,0.0286,17312,13055,4257,0.2459,173,256,0.0329
3159902,14052.0,11123.0,2929.0,0.2084,300.0,414.0,0.0642,14051.0,11341.0,2710.0,0.1929,172.0,318.0,0.0432,14255,11062,3193,0.224,409,422,0.0751
3160009,3591.0,2900.0,691.0,0.1924,55.0,86.0,0.0486,3594.0,2968.0,626.0,0.1742,37.0,72.0,0.0367,3747,3075,672,0.1793,62,103,0.0537
3160108,3948.0,3060.0,888.0,0.2249,49.0,118.0,0.0546,3946.0,3078.0,868.0,0.22,40.0,70.0,0.0357,3941,2985,956,0.2426,66,107,0.058
3160207,3924.0,2339.0,1585.0,0.4039,39.0,130.0,0.0723,3923.0,2371.0,1552.0,0.3956,31.0,95.0,0.0531,3863,2335,1528,0.3955,52,141,0.0827
3160306,9328.0,6409.0,2919.0,0.3129,85.0,357.0,0.069,9329.0,6499.0,2830.0,0.3034,64.0,253.0,0.0488,9461,6462,2999,0.317,116,414,0.082
3160405,20332.0,16122.0,4210.0,0.2071,291.0,383.0,0.0418,20340.0,16483.0,3857.0,0.1896,229.0,317.0,0.0331,21033,16679,4354,0.207,273,341,0.0368
3160504,2127.0,1529.0,598.0,0.2811,27.0,83.0,0.0719,2127.0,1591.0,536.0,0.252,17.0,46.0,0.0396,2393,1614,779,0.3255,27,60,0.0539
3160603,3039.0,2127.0,912.0,0.3001,40.0,83.0,0.0578,3040.0,2086.0,954.0,0.3138,18.0,64.0,0.0393,3387,2216,1171,0.3457,35,89,0.056
3160702,38413.0,30060.0,8353.0,0.2175,580.0,880.0,0.0486,38415.0,30465.0,7950.0,0.207,437.0,837.0,0.0418,37567,28793,8774,0.2336,723,895,0.0562
3160801,4164.0,3264.0,900.0,0.2161,74.0,128.0,0.0619,4164.0,3363.0,801.0,0.1924,54.0,94.0,0.044,4193,3202,991,0.2363,95,105,0.0625
3160900,3580.0,2827.0,753.0,0.2103,66.0,106.0,0.0608,3577.0,2828.0,749.0,0.2094,45.0,93.0,0.0488,3755,2875,880,0.2344,62,126,0.0654
3161007,14208.0,11030.0,3178.0,0.2237,167.0,368.0,0.0485,14216.0,11236.0,2980.0,0.2096,129.0,320.0,0.04,14284,10568,3716,0.2602,193,350,0.0514
3161106,41333.0,28407.0,12926.0,0.3127,260.0,624.0,0.0311,41351.0,29019.0,12332.0,0.2982,293.0,536.0,0.0286,41950,29479,12471,0.2973,320,572,0.0303
3161205,5968.0,4825.0,1143.0,0.1915,79.0,169.0,0.0514,5968.0,4883.0,1085.0,0.1818,75.0,104.0,0.0367,5996,4841,1155,0.1926,102,151,0.0523
3161304,4623.0,3653.0,970.0,0.2098,34.0,81.0,0.0315,4622.0,3725.0,897.0,0.1941,33.0,63.0,0.0258,4637,3717,920,0.1984,49,93,0.0382
3161403,4003.0,3399.0,604.0,0.1509,40.0,99.0,0.0409,4002.0,3423.0,579.0,0.1447,36.0,76.0,0.0327,4163,3387,776,0.1864,40,118,0.0466
3161502,7089.0,5703.0,1386.0,0.1955,121.0,184.0,0.0535,7090.0,5805.0,1285.0,0.1812,81.0,145.0,0.0389,7348,5693,1655,0.2252,139,150,0.0508
3161601,3952.0,2496.0,1456.0,0.3684,38.0,84.0,0.0489,3952.0,2557.0,1395.0,0.353,29.0,58.0,0.034,3667,2577,1090,0.2972,47,102,0.0578
3161700,5238.0,4019.0,1219.0,0.2327,42.0,103.0,0.0361,5239.0,4087.0,1152.0,0.2199,40.0,69.0,0.0267,5648,4277,1371,0.2427,85,95,0.0421
3161809,8719.0,6996.0,1723.0,0.1976,161.0,222.0,0.0547,8721.0,7170.0,1551.0,0.1778,113.0,181.0,0.041,8689,7304,1385,0.1594,195,268,0.0634
3161908,10462.0,9103.0,1359.0,0.1299,190.0,362.0,0.0606,10463.0,9206.0,1257.0,0.1201,157.0,288.0,0.0483,11721,9683,2038,0.1739,288,380,0.069
3162005,19242.0,14504.0,4738.0,0.2462,279.0,392.0,0.0463,19241.0,14491.0,4750.0,0.2469,214.0,360.0,0.0396,19134,14017,5117,0.2674,372,438,0.0578
3162104,29120.0,21212.0,7908.0,0.2716,496.0,649.0,0.054,29128.0,21787.0,7341.0,0.252,301.0,477.0,0.0357,28579,22371,6208,0.2172,462,588,0.0469
3162203,6245.0,4961.0,1284.0,0.2056,99.0,130.0,0.0462,6246.0,5123.0,1123.0,0.1798,77.0,102.0,0.0349,6432,5114,1318,0.2049,106,137,0.0475
3162302,2995.0,2378.0,617.0,0.206,47.0,69.0,0.0488,2995.0,2424.0,571.0,0.1907,44.0,51.0,0.0392,3192,2499,693,0.2171,51,81,0.0528
3162401,22574.0,15118.0,7456.0,0.3303,148.0,512.0,0.0437,22576.0,15307.0,7269.0,0.322,134.0,330.0,0.0303,22992,15955,7037,0.3061,170,476,0.0405
3162500,70023.0,56611.0,13412.0,0.1915,1310.0,1904.0,0.0568,70045.0,57712.0,12333.0,0.1761,993.0,1689.0,0.0465,70117,55472,14645,0.2089,1423,1719,0.0566
3162609,7249.0,5320.0,1929.0,0.2661,87.0,165.0,0.0474,7250.0,5445.0,1805.0,0.249,74.0,97.0,0.0314,6955,5420,1535,0.2207,76,158,0.0432
3162708,17267.0,12516.0,4751.0,0.2751,344.0,806.0,0.0919,17267.0,12787.0,4480.0,0.2595,226.0,570.0,0.0623,18054,13840,4214,0.2334,296,804,0.0795
3162807,12751.0,8988.0,3763.0,0.2951,85.0,321.0,0.0452,12751.0,9196.0,3555.0,0.2788,96.0,206.0,0.0328,12840,9136,3704,0.2885,151,298,0.0491
3162906,20538.0,16052.0,4486.0,0.2184,268.0,458.0,0.0452,20540.0,16238.0,4302.0,0.2094,230.0,461.0,0.0426,20106,15601,4505,0.2241,287,430,0.046
3163003,3952.0,2752.0,1200.0,0.3036,29.0,116.0,0.0527,3952.0,2738.0,1214.0,0.3072,29.0,57.0,0.0314,4189,2987,1202,0.2869,30,98,0.0429
3163102,3850.0,2961.0,889.0,0.2309,61.0,93.0,0.052,3850.0,3042.0,808.0,0.2099,47.0,55.0,0.0335,3988,3154,834,0.2091,66,92,0.0501
3163201,3671.0,2967.0,704.0,0.1918,77.0,125.0,0.0681,3670.0,3002.0,668.0,0.182,49.0,96.0,0.0483,3727,2948,779,0.209,79,109,0.0638
3163300,3341.0,2404.0,937.0,0.2805,24.0,103.0,0.0528,3341.0,2433.0,908.0,0.2718,19.0,69.0,0.0362,3170,2479,691,0.218,26,90,0.0468
3163409,4742.0,3465.0,1277.0,0.2693,51.0,147.0,0.0571,4742.0,3537.0,1205.0,0.2541,46.0,114.0,0.0452,4897,3634,1263,0.2579,56,122,0.049
3163508,5313.0,3870.0,1443.0,0.2716,63.0,232.0,0.0762,5321.0,3975.0,1346.0,0.253,50.0,123.0,0.0435,5252,3952,1300,0.2475,83,223,0.0774
3163607,2763.0,2252.0,511.0,0.1849,32.0,76.0,0.048,2764.0,2317.0,447.0,0.1617,31.0,38.0,0.0298,3068,2389,679,0.2213,58,59,0.049
3163706,34593.0,26811.0,7782.0,0.225,492.0,779.0,0.0474,34605.0,27133.0,7472.0,0.2159,387.0,714.0,0.0406,34836,26571,8265,0.2373,558,792,0.0508
3163805,6052.0,5117.0,935.0,0.1545,125.0,247.0,0.0727,6052.0,5142.0,910.0,0.1504,93.0,173.0,0.0517,6021,5019,1002,0.1664,140,175,0.0628
3163904,4253.0,3328.0,925.0,0.2175,83.0,109.0,0.0577,4253.0,3403.0,850.0,0.1999,49.0,90.0,0.0408,4328,3346,982,0.2269,73,110,0.0547
3164001,6466.0,4639.0,1827.0,0.2826,53.0,181.0,0.0504,6466.0,4689.0,1777.0,0.2748,57.0,140.0,0.042,6402,4632,1770,0.2765,80,175,0.0551
3164100,4756.0,3499.0,1257.0,0.2643,34.0,167.0,0.0574,4756.0,3533.0,1223.0,0.2571,35.0,99.0,0.0379,4666,3371,1295,0.2775,39,140,0.0531
3164209,7142.0,4601.0,2541.0,0.3558,44.0,163.0,0.045,7146.0,4718.0,2428.0,0.3398,46.0,112.0,0.0335,7275,4826,2449,0.3366,62,162,0.0464
3164308,5647.0,4314.0,1333.0,0.2361,73.0,108.0,0.042,5647.0,4511.0,1136.0,0.2012,51.0,90.0,0.0313,5891,4505,1386,0.2353,65,92,0.0349
3164407,5697.0,4508.0,1189.0,0.2087,64.0,104.0,0.0373,5698.0,4577.0,1121.0,0.1967,50.0,75.0,0.0273,6472,4940,1532,0.2367,96,113,0.0423
3164506,8909.0,5589.0,3320.0,0.3727,87.0,272.0,0.0642,8912.0,5703.0,3209.0,0.3601,64.0,161.0,0.0395,8934,5734,3200,0.3582,85,250,0.0584
3164605,6160.0,5168.0,992.0,0.161,78.0,118.0,0.0379,6161.0,5259.0,902.0,0.1464,49.0,113.0,0.0308,7573,6212,1361,0.1797,121,183,0.0489
3164704,50982.0,38104.0,12878.0,0.2526,699.0,1203.0,0.0499,50990.0,38613.0,12377.0,0.2427,561.0,1209.0,0.0458,51162,37885,13277,0.2595,844,1174,0.0533
3164803,1868.0,1349.0,519.0,0.2778,22.0,35.0,0.0423,1867.0,1340.0,527.0,0.2823,14.0,37.0,0.0381,2043,1394,649,0.3177,25,41,0.0473
3164902,2073.0,1742.0,331.0,0.1597,28.0,63.0,0.0522,2073.0,1760.0,313.0,0.151,22.0,48.0,0.0398,2163,1777,386,0.1785,35,56,0.0512
3165008,9090.0,7430.0,1660.0,0.1826,247.0,295.0,0.0729,9091.0,7473.0,1618.0,0.178,196.0,271.0,0.0625,9396,7599,1797,0.1913,232,312,0.0716
3165107,5901.0,4463.0,1438.0,0.2437,58.0,108.0,0.0372,5899.0,4504.0,1395.0,0.2365,54.0,104.0,0.0351,5951,4495,1456,0.2447,89,125,0.0476
3165206,4875.0,3989.0,886.0,0.1817,71.0,120.0,0.0479,4874.0,4009.0,865.0,0.1775,59.0,101.0,0.0399,5182,4045,1137,0.2194,86,105,0.0472
3165305,5694.0,4436.0,1258.0,0.2209,77.0,155.0,0.0523,5696.0,4486.0,1210.0,0.2124,67.0,122.0,0.0421,5681,4258,1423,0.2505,86,170,0.0601
3165404,5546.0,4318.0,1228.0,0.2214,76.0,133.0,0.0484,5546.0,4338.0,1208.0,0.2178,62.0,119.0,0.0417,6091,4629,1462,0.24,104,155,0.056
3165503,5012.0,3303.0,1709.0,0.341,90.0,186.0,0.0836,5012.0,3339.0,1673.0,0.3338,51.0,137.0,0.0563,4955,3659,1296,0.2616,84,227,0.085
3165602,2436.0,1986.0,450.0,0.1847,32.0,63.0,0.0478,2434.0,1967.0,467.0,0.1919,20.0,59.0,0.0402,2545,2012,533,0.2094,33,61,0.0467
3165701,6810.0,5269.0,1541.0,0.2263,94.0,223.0,0.0602,6811.0,5403.0,1408.0,0.2067,75.0,196.0,0.0502,7117,5485,1632,0.2293,127,177,0.0554
3165800,2225.0,1765.0,460.0,0.2067,24.0,39.0,0.0357,2225.0,1783.0,442.0,0.1987,17.0,19.0,0.0202,2481,1977,504,0.2031,39,60,0.0501
3165909,4578.0,3032.0,1546.0,0.3377,55.0,150.0,0.0676,4578.0,3124.0,1454.0,0.3176,37.0,86.0,0.0394,4784,3148,1636,0.342,41,133,0.0553
3166006,5556.0,4320.0,1236.0,0.2225,106.0,166.0,0.063,5552.0,4468.0,1084.0,0.1952,76.0,109.0,0.0414,5747,4342,1405,0.2445,117,118,0.0541
3166105,3252.0,2273.0,979.0,0.301,33.0,130.0,0.0717,3252.0,2300.0,952.0,0.2927,25.0,63.0,0.0383,3323,2269,1054,0.3172,50,111,0.071
3166204,8231.0,6754.0,1477.0,0.1794,103.0,331.0,0.0643,8231.0,6839.0,1392.0,0.1691,94.0,235.0,0.0481,8367,6735,1632,0.1951,122,367,0.0726
3166303,6606.0,5293.0,1313.0,0.1988,104.0,164.0,0.0506,6610.0,5372.0,1238.0,0.1873,76.0,117.0,0.0359,7087,5686,1401,0.1977,99,156,0.0448
3166402,1884.0,1487.0,397.0,0.2107,19.0,67.0,0.0578,1884.0,1506.0,378.0,0.2006,21.0,50.0,0.0471,2045,1593,452,0.221,24,60,0.0527
3166501,3681.0,2329.0,1352.0,0.3673,52.0,186.0,0.1022,3681.0,2330.0,1351.0,0.367,50.0,82.0,0.0567,3725,2283,1442,0.3871,52,155,0.0907
3166600,1097.0,915.0,182.0,0.1659,11.0,15.0,0.0284,1097.0,843.0,254.0,0.2315,10.0,14.0,0.0285,1281,989,292,0.2279,5,21,0.0263
3166709,5683.0,4118.0,1565.0,0.2754,50.0,105.0,0.0376,5686.0,4162.0,1524.0,0.268,46.0,99.0,0.0348,6251,4590,1661,0.2657,64,116,0.0392
3166808,9285.0,6998.0,2287.0,0.2463,113.0,162.0,0.0393,9286.0,7361.0,1925.0,0.2073,90.0,101.0,0.0259,9396,7551,1845,0.1964,131,141,0.036
3166907,6547.0,4908.0,1639.0,0.2503,99.0,134.0,0.0475,6547.0,4988.0,1559.0,0.2381,76.0,126.0,0.0405,6378,4837,1541,0.2416,114,161,0.0569
3167004,2085.0,1666.0,419.0,0.201,28.0,47.0,0.045,2085.0,1654.0,431.0,0.2067,20.0,48.0,0.0411,2075,1662,413,0.199,36,61,0.0584
3167103,17279.0,11668.0,5611.0,0.3247,189.0,575.0,0.0655,17282.0,11783.0,5499.0,0.3182,130.0,439.0,0.0483,17103,11396,5707,0.3337,287,559,0.0742
3167202,172853.0,140332.0,32521.0,0.1881,3679.0,5685.0,0.0667,172863.0,142641.0,30222.0,0.1748,2534.0,5061.0,0.0532,167416,137452,29964,0.179,4040,5338,0.0682
3167301,2529.0,2228.0,301.0,0.119,25.0,83.0,0.0485,2527.0,2185.0,342.0,0.1353,33.0,48.0,0.0371,2977,2485,492,0.1653,26,66,0.037
3167400,4875.0,3818.0,1057.0,0.2168,59.0,102.0,0.0422,4875.0,3842.0,1033.0,0.2119,59.0,83.0,0.037,4859,3753,1106,0.2276,56,116,0.0458
3167509,2989.0,2493.0,496.0,0.1659,19.0,47.0,0.0265,2989.0,2459.0,530.0,0.1773,24.0,45.0,0.0281,3145,2596,549,0.1746,27,70,0.0374
3167608,15695.0,12107.0,3588.0,0.2286,274.0,428.0,0.058,15696.0,12426.0,3270.0,0.2083,198.0,325.0,0.0421,16466,12769,3697,0.2245,339,453,0.062
3167707,4477.0,3177.0,1300.0,0.2904,65.0,122.0,0.0589,4477.0,3226.0,1251.0,0.2794,38.0,79.0,0.0363,4076,3223,853,0.2093,51,139,0.059
3167806,5044.0,4009.0,1035.0,0.2052,70.0,116.0,0.0464,5045.0,4068.0,977.0,0.1937,50.0,101.0,0.0371,5000,3921,1079,0.2158,95,111,0.0525
3167905,4228.0,3218.0,1010.0,0.2389,47.0,110.0,0.0488,4227.0,3335.0,892.0,0.211,36.0,95.0,0.0393,4006,3165,841,0.2099,52,130,0.0575
3168002,26339.0,19858.0,6481.0,0.2461,268.0,743.0,0.0509,26317.0,20222.0,6095.0,0.2316,213.0,543.0,0.0374,27594,21029,6565,0.2379,281,791,0.051
3168101,4568.0,3637.0,931.0,0.2038,44.0,56.0,0.0275,4569.0,3657.0,912.0,0.1996,43.0,54.0,0.0265,4968,3984,984,0.1981,37,48,0.0213
3168200,1859.0,1505.0,354.0,0.1904,22.0,22.0,0.0292,1859.0,1517.0,342.0,0.184,19.0,18.0,0.0244,1974,1559,415,0.2102,13,31,0.0282
3168309,4754.0,3692.0,1062.0,0.2234,62.0,123.0,0.0501,4754.0,3790.0,964.0,0.2028,54.0,82.0,0.0359,5759,4281,1478,0.2566,80,176,0.0598
3168408,10738.0,7508.0,3230.0,0.3008,112.0,265.0,0.0502,10738.0,7785.0,2953.0,0.275,79.0,198.0,0.0356,10127,7876,2251,0.2223,97,242,0.043
3168507,10536.0,8352.0,2184.0,0.2073,143.0,370.0,0.0614,10539.0,8472.0,2067.0,0.1961,116.0,272.0,0.0458,10098,8123,1975,0.1956,185,342,0.0649
3168606,106397.0,77221.0,29176.0,0.2742,1238.0,2691.0,0.0509,106392.0,78657.0,27735.0,0.2607,1012.0,2010.0,0.0384,106567,77223,29344,0.2754,1449,2385,0.0496
3168705,59677.0,47174.0,12503.0,0.2095,725.0,1139.0,0.0395,59684.0,47717.0,11967.0,0.2005,610.0,1027.0,0.0343,59600,45764,13836,0.2321,830,1069,0.0415
3168804,6924.0,5681.0,1243.0,0.1795,104.0,177.0,0.0495,6928.0,5793.0,1135.0,0.1638,81.0,158.0,0.0413,6892,5608,1284,0.1863,118,154,0.0485
3168903,6246.0,4392.0,1854.0,0.2968,78.0,124.0,0.046,6247.0,4530.0,1717.0,0.2749,69.0,97.0,0.0366,6214,4727,1487,0.2393,80,124,0.0432
3169000,13421.0,10782.0,2639.0,0.1966,259.0,404.0,0.0615,13422.0,10959.0,2463.0,0.1835,262.0,324.0,0.0535,12649,10533,2116,0.1673,253,335,0.0558
3169109,6374.0,4956.0,1418.0,0.2225,89.0,158.0,0.0498,6375.0,5075.0,1300.0,0.2039,84.0,124.0,0.041,7507,5720,1787,0.238,94,150,0.0427
3169208,7194.0,5551.0,1643.0,0.2284,71.0,162.0,0.042,7196.0,5619.0,1577.0,0.2191,57.0,131.0,0.0335,6714,5435,1279,0.1905,77,125,0.0372
3169307,57063.0,44520.0,12543.0,0.2198,1218.0,1516.0,0.0614,57065.0,45121.0,11944.0,0.2093,861.0,1456.0,0.0514,56588,42028,14560,0.2573,1348,1493,0.0676
3169406,45139.0,36242.0,8897.0,0.1971,861.0,887.0,0.0482,45139.0,36709.0,8430.0,0.1868,670.0,781.0,0.0395,45341,35448,9893,0.2182,1126,934,0.0581
3169505,5480.0,3856.0,1624.0,0.2964,44.0,105.0,0.0386,5480.0,3909.0,1571.0,0.2867,36.0,67.0,0.0263,5517,3947,1570,0.2846,46,111,0.0398
3169604,20217.0,15480.0,4737.0,0.2343,199.0,331.0,0.0342,20219.0,15796.0,4423.0,0.2188,148.0,278.0,0.027,20966,15919,5047,0.2407,256,403,0.0414
3169703,15812.0,12223.0,3589.0,0.227,169.0,400.0,0.0466,15812.0,12383.0,3429.0,0.2169,171.0,308.0,0.0387,16553,12926,3627,0.2191,234,356,0.0456
3169802,4578.0,3601.0,977.0,0.2134,65.0,108.0,0.048,4579.0,3622.0,957.0,0.209,56.0,94.0,0.0414,4957,3891,1066,0.215,88,139,0.0583
3169901,71751.0,57243.0,14508.0,0.2022,1042.0,1704.0,0.048,71763.0,58080.0,13683.0,0.1907,801.0,1509.0,0.0398,71547,55425,16122,0.2253,1179,1580,0.0498
3170008,9432.0,6765.0,2667.0,0.2828,65.0,236.0,0.0445,9433.0,6713.0,2720.0,0.2883,52.0,132.0,0.0274,9797,7106,2691,0.2747,60,206,0.0374
3170107,234036.0,186570.0,47466.0,0.2028,2751.0,4913.0,0.0411,233858.0,189228.0,44630.0,0.1908,2109.0,4652.0,0.0357,236838,186055,50783,0.2144,3280,4530,0.042
3170206,516587.0,417539.0,99048.0,0.1917,6474.0,12612.0,0.0457,516519.0,423731.0,92788.0,0.1796,5501.0,12271.0,0.0419,540033,429516,110517,0.2046,7763,11832,0.0456
3170305,2645.0,1842.0,803.0,0.3036,28.0,71.0,0.0537,2645.0,1879.0,766.0,0.2896,42.0,55.0,0.0516,2736,1965,771,0.2818,45,57,0.0519
3170404,63073.0,47949.0,15124.0,0.2398,715.0,970.0,0.0351,63073.0,49684.0,13389.0,0.2123,627.0,820.0,0.0291,64172,49422,14750,0.2299,689,921,0.0326
3170503,8613.0,6743.0,1870.0,0.2171,154.0,290.0,0.0658,8614.0,6773.0,1841.0,0.2137,95.0,188.0,0.0418,8712,6603,2109,0.2421,169,336,0.0765
3170602,2592.0,1945.0,647.0,0.2496,24.0,43.0,0.0344,2593.0,1956.0,637.0,0.2457,16.0,28.0,0.0225,2601,1853,748,0.2876,23,32,0.0297
3170701,103144.0,83261.0,19883.0,0.1928,1764.0,2454.0,0.0507,103133.0,84200.0,18933.0,0.1836,1379.0,2260.0,0.0432,104607,80512,24095,0.2303,2069,2233,0.0534
3170800,27026.0,19740.0,7286.0,0.2696,386.0,721.0,0.0561,27037.0,20020.0,7017.0,0.2595,297.0,509.0,0.0403,27190,20137,7053,0.2594,385,744,0.0561
3170909,16194.0,11023.0,5171.0,0.3193,142.0,371.0,0.0465,16195.0,11086.0,5109.0,0.3155,117.0,250.0,0.0331,17159,12040,5119,0.2983,124,306,0.0357
3171006,16627.0,12571.0,4056.0,0.2439,162.0,309.0,0.0375,16632.0,12771.0,3861.0,0.2321,166.0,262.0,0.0335,16950,12750,4200,0.2478,218,270,0.0383
3172202,2468.0,2099.0,369.0,0.1495,20.0,67.0,0.0414,2469.0,2139.0,330.0,0.1337,19.0,61.0,0.0374,2695,2158,537,0.1993,44,77,0.0561
3171105,3033.0,2244.0,789.0,0.2601,16.0,51.0,0.0299,3034.0,2293.0,741.0,0.2442,17.0,38.0,0.024,3223,2393,830,0.2575,34,52,0.0359
3171204,89307.0,71207.0,18100.0,0.2027,1581.0,2353.0,0.0552,89311.0,72171.0,17140.0,0.1919,1142.0,2016.0,0.0438,87691,70909,16782,0.1914,2077,2405,0.0632
3171303,60384.0,48281.0,12103.0,0.2004,1004.0,1446.0,0.0507,60419.0,49429.0,10990.0,0.1819,839.0,1353.0,0.0443,61609,47857,13752,0.2232,1154,1365,0.0526
3171402,3670.0,3136.0,534.0,0.1455,38.0,80.0,0.0376,3670.0,3112.0,558.0,0.152,38.0,58.0,0.0308,4007,3254,753,0.1879,37,92,0.0396
3171501,3291.0,2371.0,920.0,0.2796,23.0,57.0,0.0337,3291.0,2348.0,943.0,0.2865,15.0,51.0,0.0281,3363,2475,888,0.264,29,72,0.0408
3171600,10237.0,6871.0,3366.0,0.3288,91.0,374.0,0.0677,10240.0,6798.0,3442.0,0.3361,58.0,253.0,0.0457,10159,6883,3276,0.3225,106,326,0.0628
3171709,7270.0,5846.0,1424.0,0.1959,92.0,119.0,0.0361,7270.0,5936.0,1334.0,0.1835,56.0,118.0,0.0293,7521,5997,1524,0.2026,108,128,0.0394
3171808,8918.0,6038.0,2880.0,0.3229,109.0,293.0,0.0666,8918.0,6133.0,2785.0,0.3123,106.0,230.0,0.0548,8530,5953,2577,0.3021,129,290,0.0704
3171907,4584.0,3176.0,1408.0,0.3072,53.0,143.0,0.0617,4585.0,3236.0,1349.0,0.2942,44.0,114.0,0.0488,4613,3277,1336,0.2896,48,135,0.0558
3172004,30349.0,24334.0,6015.0,0.1982,500.0,717.0,0.05,30352.0,24765.0,5587.0,0.1841,396.0,554.0,0.0384,30721,24362,6359,0.207,616,756,0.0563
3172103,4338.0,3097.0,1241.0,0.2861,37.0,87.0,0.04,4338.0,3149.0,1189.0,0.2741,40.0,62.0,0.0324,4431,3143,1288,0.2907,58,90,0.0471
3133758,12316.0,9408.0,2908.0,0.2361,196.0,328.0,0.0557,12316.0,9473.0,2843.0,0.2308,153.0,332.0,0.0512,12435,9407,3028,0.2435,218,330,0.0583
5006002,15594.0,11088.0,4506.0,0.289,105.0,177.0,0.0254,15595.0,11105.0,4490.0,0.2879,114.0,294.0,0.0367,16244,10655,5589,0.3441,120,163,0.0266
5000252,3605.0,2697.0,908.0,0.2519,17.0,50.0,0.0248,3605.0,2702.0,903.0,0.2505,24.0,84.0,0.04,3809,2915,894,0.2347,22,57,0.0271
5005251,5249.0,4383.0,866.0,0.165,22.0,66.0,0.0201,5250.0,4394.0,856.0,0.163,32.0,123.0,0.0353,5465,4275,1190,0.2177,30,63,0.0218
5004809,5877.0,4559.0,1318.0,0.2243,15.0,187.0,0.0443,5877.0,4575.0,1302.0,0.2215,35.0,217.0,0.0551,6581,5053,1528,0.2322,20,167,0.037
5006259,3857.0,2994.0,863.0,0.2237,23.0,69.0,0.0307,3857.0,2960.0,897.0,0.2326,28.0,87.0,0.0389,3610,2856,754,0.2089,33,60,0.0326
5006275,4224.0,3064.0,1160.0,0.2746,21.0,58.0,0.0258,4225.0,2999.0,1226.0,0.2902,30.0,110.0,0.0467,4335,3179,1156,0.2667,35,57,0.0289
5003900,2462.0,1950.0,512.0,0.208,10.0,16.0,0.0133,2463.0,1926.0,537.0,0.218,16.0,62.0,0.0405,2805,2152,653,0.2328,27,37,0.0297
3204658,7586.0,6234.0,1352.0,0.1782,88.0,133.0,0.0355,7585.0,6243.0,1342.0,0.1769,96.0,176.0,0.0436,8443,6738,1705,0.2019,87,153,0.0356
3200102,25365.0,18642.0,6723.0,0.2651,369.0,524.0,0.0479,25367.0,18614.0,6753.0,0.2662,343.0,726.0,0.0574,26254,19358,6896,0.2627,343,543,0.0458
3200169,10632.0,7910.0,2722.0,0.256,95.0,201.0,0.0374,10630.0,7932.0,2698.0,0.2538,119.0,288.0,0.0513,11111,8575,2536,0.2282,133,273,0.0473
3200201,23807.0,18405.0,5402.0,0.2269,316.0,414.0,0.0397,23809.0,18420.0,5389.0,0.2263,268.0,678.0,0.0514,23554,17940,5614,0.2383,293,569,0.048
3202652,11092.0,8401.0,2691.0,0.2426,141.0,194.0,0.0399,11092.0,8661.0,2431.0,0.2192,126.0,282.0,0.0471,11392,8659,2733,0.2399,167,273,0.0508
3200300,12478.0,9701.0,2777.0,0.2226,209.0,257.0,0.048,12476.0,9882.0,2594.0,0.2079,169.0,340.0,0.0515,12984,10050,2934,0.226,186,261,0.0445
3200359,6366.0,4564.0,1802.0,0.2831,55.0,98.0,0.0335,6366.0,4632.0,1734.0,0.2724,81.0,151.0,0.0501,6545,5055,1490,0.2277,96,138,0.0463
3200409,22580.0,18832.0,3748.0,0.166,317.0,434.0,0.0399,22585.0,18871.0,3714.0,0.1644,295.0,622.0,0.0486,24797,20320,4477,0.1805,351,497,0.0417
3205150,7327.0,6128.0,1199.0,0.1636,65.0,119.0,0.03,7328.0,6135.0,1193.0,0.1628,61.0,185.0,0.0401,7761,6574,1187,0.1529,94,140,0.0356
3200508,6169.0,4790.0,1379.0,0.2235,51.0,125.0,0.0367,6168.0,4792.0,1376.0,0.2231,50.0,214.0,0.0551,6320,4906,1414,0.2237,72,148,0.0448
3203346,13416.0,10978.0,2438.0,0.1817,259.0,296.0,0.0506,13417.0,10963.0,2454.0,0.1829,220.0,403.0,0.0568,14378,11387,2991,0.208,264,305,0.05
3200607,72231.0,55817.0,16414.0,0.2272,918.0,1463.0,0.0427,72234.0,56199.0,16035.0,0.222,778.0,1810.0,0.0461,75118,57900,17218,0.2292,1135,1556,0.0465
3203320,31290.0,24376.0,6914.0,0.221,343.0,398.0,0.0304,31289.0,24597.0,6692.0,0.2139,343.0,587.0,0.0378,33342,27300,6042,0.1812,395,555,0.0348
3200706,8868.0,7200.0,1668.0,0.1881,77.0,113.0,0.0264,8868.0,7220.0,1648.0,0.1858,72.0,212.0,0.0393,9255,7559,1696,0.1833,100,146,0.0325
3201159,10205.0,7517.0,2688.0,0.2634,136.0,207.0,0.0456,10203.0,7539.0,2664.0,0.2611,126.0,323.0,0.0596,10987,8056,2931,0.2668,120,231,0.0436
3200805,23923.0,18622.0,5301.0,0.2216,314.0,504.0,0.0439,23926.0,18546.0,5380.0,0.2249,273.0,627.0,0.0485,24892,19243,5649,0.2269,336,497,0.0433
3204955,9527.0,7793.0,1734.0,0.182,159.0,222.0,0.0489,9523.0,7903.0,1620.0,0.1701,108.0,275.0,0.0485,9890,7809,2081,0.2104,197,255,0.0579
3200904,33758.0,24406.0,9352.0,0.277,277.0,542.0,0.0336,33762.0,24689.0,9073.0,0.2687,258.0,785.0,0.0422,34548,25607,8941,0.2588,356,625,0.0383
3205010,20120.0,15025.0,5095.0,0.2532,269.0,396.0,0.0443,20121.0,15125.0,4996.0,0.2483,232.0,570.0,0.053,20980,15359,5621,0.2679,317,450,0.0499
3201001,10744.0,8521.0,2223.0,0.2069,114.0,193.0,0.036,10744.0,8565.0,2179.0,0.2028,116.0,293.0,0.0478,11266,8994,2272,0.2017,113,260,0.0415
3204252,6402.0,4810.0,1592.0,0.2487,63.0,103.0,0.0345,6402.0,4819.0,1583.0,0.2473,72.0,177.0,0.0517,6490,4985,1505,0.2319,53,156,0.0419
3201100,7412.0,6106.0,1306.0,0.1762,73.0,218.0,0.0477,7415.0,6062.0,1353.0,0.1825,87.0,257.0,0.0567,8487,6731,1756,0.2069,99,244,0.051
3205176,12401.0,10074.0,2327.0,0.1876,150.0,223.0,0.037,12397.0,10010.0,2387.0,0.1925,131.0,329.0,0.046,12919,10536,2383,0.1845,143,255,0.0378
3201209,141866.0,112457.0,29409.0,0.2073,2082.0,2186.0,0.038,141861.0,113382.0,28479.0,0.2008,1780.0,3083.0,0.0429,134177,109971,24206,0.1804,2218,2288,0.041
3201308,272885.0,217978.0,54907.0,0.2012,4101.0,5128.0,0.0423,272884.0,218011.0,54873.0,0.2011,3673.0,7387.0,0.0507,274339,213804,60535,0.2207,4511,4845,0.0438
3201407,29340.0,23261.0,6079.0,0.2072,409.0,576.0,0.0423,29344.0,23652.0,5692.0,0.194,358.0,736.0,0.0463,30033,23863,6170,0.2054,407,577,0.0412
3201506,92534.0,72147.0,20387.0,0.2203,1299.0,1796.0,0.0429,92541.0,72951.0,19590.0,0.2117,1081.0,2264.0,0.0459,87109,71035,16074,0.1845,1287,1630,0.0411
3202256,8810.0,6808.0,2002.0,0.2272,106.0,185.0,0.0427,8809.0,6953.0,1856.0,0.2107,92.0,250.0,0.0492,9107,7005,2102,0.2308,114,196,0.0443
3201605,23661.0,16687.0,6974.0,0.2947,286.0,590.0,0.0525,23662.0,16572.0,7090.0,0.2996,262.0,787.0,0.0633,25964,18471,7493,0.2886,302,636,0.0508
3201704,10305.0,7640.0,2665.0,0.2586,199.0,271.0,0.0615,10305.0,7764.0,2541.0,0.2466,150.0,318.0,0.0603,9986,7743,2243,0.2246,187,295,0.0622
3201803,4303.0,3454.0,849.0,0.1973,51.0,88.0,0.0402,4303.0,3469.0,834.0,0.1938,66.0,114.0,0.0519,4889,3960,929,0.19,60,132,0.0485
3201902,28563.0,23512.0,5051.0,0.1768,572.0,573.0,0.0487,28563.0,23672.0,4891.0,0.1712,497.0,764.0,0.0533,29145,23671,5474,0.1878,510,594,0.0466
3202009,6143.0,4834.0,1309.0,0.2131,81.0,160.0,0.0499,6143.0,4937.0,1206.0,0.1963,67.0,196.0,0.0533,6285,4953,1332,0.2119,75,194,0.0543
3202108,19257.0,14286.0,4971.0,0.2581,164.0,301.0,0.0325,19257.0,14296.0,4961.0,0.2576,194.0,474.0,0.0467,19065,14249,4816,0.2526,192,326,0.0364
3202207,14178.0,11221.0,2957.0,0.2086,200.0,334.0,0.0476,14179.0,11197.0,2982.0,0.2103,163.0,480.0,0.0574,14736,11542,3194,0.2167,196,321,0.0448
3202306,21754.0,16434.0,5320.0,0.2446,287.0,435.0,0.0439,21757.0,16713.0,5044.0,0.2318,248.0,573.0,0.0491,22346,16843,5503,0.2463,315,490,0.0478
3202405,96485.0,74754.0,21731.0,0.2252,1307.0,1870.0,0.0425,96502.0,74362.0,22140.0,0.2294,1186.0,2448.0,0.0489,101964,77508,24456,0.2398,1526,2023,0.0458
3202504,9692.0,7626.0,2066.0,0.2132,129.0,272.0,0.0526,9694.0,7623.0,2071.0,0.2136,117.0,330.0,0.0586,9933,7627,2306,0.2322,148,232,0.0498
3202553,6965.0,5738.0,1227.0,0.1762,77.0,142.0,0.0382,6965.0,5807.0,1158.0,0.1663,93.0,203.0,0.051,7471,6145,1326,0.1775,97,191,0.0469
3202603,11328.0,9178.0,2150.0,0.1898,172.0,247.0,0.0457,11328.0,9260.0,2068.0,0.1826,158.0,341.0,0.0539,11401,9176,2225,0.1952,184,260,0.0484
3202702,11672.0,8950.0,2722.0,0.2332,156.0,223.0,0.0423,11674.0,8984.0,2690.0,0.2304,132.0,327.0,0.0511,11742,8774,2968,0.2528,154,221,0.0427
3202801,35373.0,28118.0,7255.0,0.2051,350.0,473.0,0.0293,35377.0,28151.0,7226.0,0.2043,385.0,766.0,0.0409,36630,29271,7359,0.2009,390,608,0.0341
3202900,9441.0,7483.0,1958.0,0.2074,150.0,245.0,0.0528,9441.0,7522.0,1919.0,0.2033,124.0,308.0,0.0574,9584,7362,2222,0.2318,109,245,0.0481
3203007,20760.0,16043.0,4717.0,0.2272,270.0,365.0,0.0396,20761.0,16313.0,4448.0,0.2142,233.0,495.0,0.0446,21285,16206,5079,0.2386,291,437,0.0449
3203106,9954.0,7750.0,2204.0,0.2214,115.0,232.0,0.0448,9954.0,7731.0,2223.0,0.2233,141.0,318.0,0.0594,10071,7877,2194,0.2179,140,290,0.0546
3203130,12813.0,10205.0,2608.0,0.2035,199.0,332.0,0.052,12812.0,10359.0,2453.0,0.1915,144.0,395.0,0.052,12793,10056,2737,0.2139,177,297,0.0471
3203205,118586.0,91121.0,27465.0,0.2316,2047.0,2906.0,0.0544,118576.0,91462.0,27114.0,0.2287,1619.0,3478.0,0.0557,122598,93119,29479,0.2405,2221,2927,0.0553
3203304,10942.0,7541.0,3401.0,0.3108,110.0,207.0,0.042,10946.0,7711.0,3235.0,0.2955,118.0,271.0,0.0504,10402,7733,2669,0.2566,116,207,0.0418
3203403,19531.0,16070.0,3461.0,0.1772,304.0,468.0,0.048,19531.0,16126.0,3405.0,0.1743,255.0,707.0,0.0597,19748,15702,4046,0.2049,346,600,0.0602
3203502,14911.0,11106.0,3805.0,0.2552,161.0,286.0,0.0402,14917.0,11141.0,3776.0,0.2531,178.0,403.0,0.0521,15424,11634,3790,0.2457,171,351,0.0449
3203601,5068.0,3924.0,1144.0,0.2257,35.0,94.0,0.0329,5068.0,3886.0,1182.0,0.2332,53.0,146.0,0.0512,5141,4033,1108,0.2155,46,120,0.0412
3203700,14357.0,11075.0,3282.0,0.2286,230.0,336.0,0.0511,14362.0,11226.0,3136.0,0.2184,198.0,443.0,0.0571,14757,11402,3355,0.2273,242,353,0.0522
3203809,11026.0,9075.0,1951.0,0.1769,166.0,248.0,0.0456,11027.0,9063.0,1964.0,0.1781,175.0,321.0,0.0547,11078,8912,2166,0.1955,168,258,0.0478
3203908,39636.0,29813.0,9823.0,0.2478,449.0,582.0,0.0346,39629.0,29477.0,10152.0,0.2562,441.0,890.0,0.0452,41191,31567,9624,0.2336,551,667,0.0386
3204005,16135.0,11337.0,4798.0,0.2974,142.0,229.0,0.0327,16134.0,11411.0,4723.0,0.2927,149.0,401.0,0.0482,15876,11563,4313,0.2717,157,283,0.0381
3204104,17988.0,13840.0,4148.0,0.2306,161.0,301.0,0.0334,17991.0,13899.0,4092.0,0.2274,186.0,469.0,0.0471,18818,14638,4180,0.2221,201,333,0.0365
3204203,17009.0,13248.0,3761.0,0.2211,191.0,387.0,0.0436,17010.0,13192.0,3818.0,0.2245,173.0,454.0,0.0475,17326,14061,3265,0.1884,223,392,0.0437
3204302,12248.0,9827.0,2421.0,0.1977,102.0,177.0,0.0284,12248.0,9889.0,2359.0,0.1926,108.0,260.0,0.0372,13256,10449,2807,0.2118,152,256,0.039
3204401,8668.0,7344.0,1324.0,0.1527,153.0,161.0,0.0428,8669.0,7367.0,1302.0,0.1502,117.0,193.0,0.0421,8808,7274,1534,0.1742,157,152,0.0425
3204500,10045.0,8064.0,1981.0,0.1972,184.0,207.0,0.0485,10043.0,8109.0,1934.0,0.1926,129.0,354.0,0.0596,10108,7992,2116,0.2093,173,226,0.0499
3204609,20158.0,15563.0,4595.0,0.2279,341.0,484.0,0.053,20149.0,15581.0,4568.0,0.2267,284.0,584.0,0.0557,20737,15389,5348,0.2579,302,458,0.0494
3204708,25528.0,19587.0,5941.0,0.2327,293.0,454.0,0.0381,25498.0,19160.0,6338.0,0.2486,258.0,569.0,0.0432,26249,20668,5581,0.2126,360,453,0.0393
3204807,8634.0,6974.0,1660.0,0.1923,114.0,297.0,0.0589,8633.0,6991.0,1642.0,0.1902,103.0,330.0,0.0619,9759,7649,2110,0.2162,124,302,0.0557
3204906,88221.0,66807.0,21414.0,0.2427,1007.0,1520.0,0.0378,88234.0,66953.0,21281.0,0.2412,994.0,2285.0,0.049,92268,70059,22209,0.2407,1214,1735,0.0421
3205002,349886.0,278493.0,71393.0,0.204,5088.0,7196.0,0.0441,349889.0,277912.0,71977.0,0.2057,4623.0,9612.0,0.0512,361737,281829,79908,0.2209,5585,7404,0.0461
3205101,51440.0,42043.0,9397.0,0.1827,742.0,922.0,0.0396,51439.0,42049.0,9390.0,0.1825,725.0,1387.0,0.0502,54374,43912,10462,0.1924,853,1004,0.0423
3205200,337357.0,278695.0,58662.0,0.1739,4439.0,6029.0,0.0376,337286.0,278801.0,58485.0,0.1734,4748.0,8250.0,0.0466,347987,281119,66868,0.1922,4988,6067,0.0393
3205309,265334.0,220306.0,45028.0,0.1697,3092.0,4188.0,0.033,265264.0,220945.0,44319.0,0.1671,3789.0,6385.0,0.046,267102,216724,50378,0.1886,3317,4131,0.0344
3203353,10421.0,8698.0,1723.0,0.1653,193.0,271.0,0.0533,10422.0,8829.0,1593.0,0.1528,139.0,349.0,0.0553,10864,8906,1958,0.1802,169,259,0.0481
3202454,18408.0,14875.0,3533.0,0.1919,242.0,403.0,0.0434,18405.0,15256.0,3149.0,0.1711,203.0,499.0,0.046,19598,15766,3832,0.1955,259,505,0.0485
3204351,15328.0,11795.0,3533.0,0.2305,255.0,303.0,0.0473,15329.0,12034.0,3295.0,0.215,195.0,436.0,0.0524,15535,11994,3541,0.2279,250,300,0.0459
3203056,22438.0,17516.0,4922.0,0.2194,300.0,322.0,0.0355,22443.0,17455.0,4988.0,0.2223,258.0,568.0,0.0473,24297,19037,5260,0.2165,355,413,0.0403
3204054,18537.0,13207.0,5330.0,0.2875,151.0,404.0,0.042,18539.0,13181.0,5358.0,0.289,173.0,542.0,0.0542,18937,13508,5429,0.2867,197,414,0.0452
3203163,9217.0,7667.0,1550.0,0.1682,154.0,214.0,0.048,9217.0,7806.0,1411.0,0.1531,110.0,284.0,0.0505,9495,7904,1591,0.1676,134,223,0.0452
3204559,30217.0,24944.0,5273.0,0.1745,479.0,509.0,0.0396,30216.0,24803.0,5413.0,0.1791,425.0,661.0,0.0438,31314,25523,5791,0.1849,497,543,0.0407
3205036,15708.0,12544.0,3164.0,0.2014,238.0,251.0,0.039,15711.0,12722.0,2989.0,0.1902,182.0,356.0,0.0423,16002,12821,3181,0.1988,206,287,0.0385
3205069,19033.0,14639.0,4394.0,0.2309,301.0,365.0,0.0455,19033.0,14964.0,4069.0,0.2138,261.0,411.0,0.0449,20198,15486,4712,0.2333,349,394,0.048
3200136,8583.0,6735.0,1848.0,0.2153,57.0,96.0,0.0227,8583.0,6768.0,1815.0,0.2115,77.0,178.0,0.0377,8898,7156,1742,0.1958,88,118,0.0288
3304151,19111.0,14934.0,4177.0,0.2186,226.0,263.0,0.0327,19114.0,14973.0,4141.0,0.2166,183.0,317.0,0.0334,19085,15070,4015,0.2104,282,310,0.0393
3300100,133082.0,101766.0,31316.0,0.2353,1558.0,2419.0,0.0391,132935.0,101990.0,30945.0,0.2328,1185.0,2268.0,0.0339,137071,105351,31720,0.2314,1918,2424,0.0412
3304128,10842.0,8792.0,2050.0,0.1891,154.0,207.0,0.0411,10844.0,8832.0,2012.0,0.1855,117.0,187.0,0.0344,10505,8746,1759,0.1674,157,184,0.039
3300209,103882.0,78928.0,24954.0,0.2402,1299.0,2093.0,0.043,103879.0,78568.0,25311.0,0.2437,1010.0,2000.0,0.0383,111370,86031,25339,0.2275,1655,2179,0.0446
3300456,338464.0,263381.0,75083.0,0.2218,4665.0,7382.0,0.0457,338507.0,267317.0,71190.0,0.2103,3040.0,6678.0,0.0364,346172,267145,79027,0.2283,6212,8250,0.0541
3300308,70414.0,54346.0,16068.0,0.2282,948.0,1356.0,0.0424,70418.0,54121.0,16297.0,0.2314,770.0,1336.0,0.0389,69309,52804,16505,0.2381,1115,1257,0.0449
3301157,12104.0,8964.0,3140.0,0.2594,106.0,164.0,0.0301,12105.0,9160.0,2945.0,0.2433,82.0,150.0,0.0253,12616,10038,2578,0.2043,142,207,0.0348
3300407,135878.0,107968.0,27910.0,0.2054,1803.0,3178.0,0.0461,135908.0,108555.0,27353.0,0.2013,1578.0,3272.0,0.0447,133855,105213,28642,0.214,2232,2997,0.0497
3306156,8658.0,6777.0,1881.0,0.2173,107.0,238.0,0.0509,8658.0,6987.0,1671.0,0.193,87.0,225.0,0.0447,8788,7061,1727,0.1965,123,202,0.046
3300506,22337.0,17203.0,5134.0,0.2298,345.0,752.0,0.0638,22336.0,17654.0,4682.0,0.2096,243.0,677.0,0.0521,22628,17795,4833,0.2136,363,634,0.056
3301850,42161.0,33002.0,9159.0,0.2172,460.0,678.0,0.0345,42174.0,32663.0,9511.0,0.2255,364.0,622.0,0.0302,44941,35197,9744,0.2168,673,752,0.0405
3300605,30316.0,23177.0,7139.0,0.2355,264.0,442.0,0.0305,30313.0,23239.0,7074.0,0.2334,249.0,502.0,0.0323,28472,22578,5894,0.207,308,466,0.0343
3304144,94256.0,80360.0,13896.0,0.1474,1338.0,2087.0,0.0426,94270.0,80218.0,14052.0,0.1491,1021.0,1913.0,0.0366,104602,86949,17653,0.1688,1876,2273,0.0477
3300704,163996.0,126011.0,37985.0,0.2316,1708.0,2771.0,0.0355,163793.0,126354.0,37439.0,0.2286,1424.0,2889.0,0.0341,179682,137352,42330,0.2356,2238,3140,0.0392
3302270,75198.0,58785.0,16413.0,0.2183,1117.0,1548.0,0.0453,75208.0,58272.0,16936.0,0.2252,817.0,1420.0,0.0384,76652,59933,16719,0.2181,1466,1727,0.0533
3300803,45683.0,35349.0,10334.0,0.2262,591.0,866.0,0.0412,45691.0,35503.0,10188.0,0.223,450.0,790.0,0.0349,46722,36497,10225,0.2188,709,917,0.0446
3300951,8100.0,6779.0,1321.0,0.1631,76.0,137.0,0.0314,8099.0,6769.0,1330.0,0.1642,89.0,174.0,0.0389,8033,6820,1213,0.151,125,156,0.0412
3300902,12309.0,9770.0,2539.0,0.2063,98.0,183.0,0.0288,12314.0,9773.0,2541.0,0.2064,88.0,180.0,0.0274,12296,9936,2360,0.1919,120,196,0.0318
3300159,9704.0,7987.0,1717.0,0.1769,118.0,178.0,0.0371,9710.0,7989.0,1721.0,0.1772,95.0,165.0,0.0325,10135,8277,1858,0.1833,116,189,0.0368
3301009,370040.0,288843.0,81197.0,0.2194,5712.0,8369.0,0.0487,370038.0,284261.0,85777.0,0.2318,3852.0,7983.0,0.0416,370466,290458,80008,0.216,7954,10340,0.063
3304524,92235.0,72920.0,19315.0,0.2094,979.0,1813.0,0.0383,92258.0,73735.0,18523.0,0.2008,839.0,1901.0,0.0372,107737,82940,24797,0.2302,1232,1943,0.0383
3301108,15972.0,12596.0,3376.0,0.2114,229.0,384.0,0.0487,15970.0,12609.0,3361.0,0.2105,173.0,393.0,0.0449,15148,12210,2938,0.194,215,384,0.0491
3300225,9803.0,7923.0,1880.0,0.1918,125.0,175.0,0.0379,9803.0,7902.0,1901.0,0.1939,112.0,229.0,0.0432,10270,8231,2039,0.1985,157,231,0.0471
3301207,14716.0,11754.0,2962.0,0.2013,135.0,371.0,0.043,14716.0,11853.0,2863.0,0.1946,121.0,368.0,0.0413,14237,11760,2477,0.174,141,359,0.0425
3303955,18076.0,14492.0,3584.0,0.1983,198.0,273.0,0.0325,18079.0,14417.0,3662.0,0.2026,181.0,292.0,0.0328,18820,14774,4046,0.215,251,289,0.0366
3301306,33804.0,25897.0,7907.0,0.2339,298.0,581.0,0.0339,33805.0,25827.0,7978.0,0.236,252.0,559.0,0.0314,35993,27742,8251,0.2292,391,593,0.0355
3301876,27037.0,20830.0,6207.0,0.2296,246.0,431.0,0.0325,27045.0,20903.0,6142.0,0.2271,238.0,446.0,0.0327,30569,24735,5834,0.1908,377,485,0.0348
3301405,17816.0,13782.0,4034.0,0.2264,240.0,362.0,0.0437,17817.0,13795.0,4022.0,0.2257,197.0,386.0,0.0423,16681,13501,3180,0.1906,289,348,0.0472
3304755,38772.0,28408.0,10364.0,0.2673,594.0,599.0,0.042,38784.0,28006.0,10778.0,0.2779,339.0,507.0,0.0302,39905,29553,10352,0.2594,571,662,0.0417
3301504,17190.0,13685.0,3505.0,0.2039,196.0,425.0,0.0454,17196.0,13701.0,3495.0,0.2032,179.0,416.0,0.0434,16926,14174,2752,0.1626,244,439,0.0482
3300936,12835.0,10077.0,2758.0,0.2149,145.0,174.0,0.0317,12835.0,9960.0,2875.0,0.224,110.0,192.0,0.0303,13468,10972,2496,0.1853,171,212,0.0349
3301603,9980.0,8048.0,1932.0,0.1936,108.0,288.0,0.0492,9981.0,8043.0,1938.0,0.1942,91.0,247.0,0.042,10314,8229,2085,0.2022,142,277,0.0509
3304110,17705.0,14339.0,3366.0,0.1901,188.0,335.0,0.0365,17707.0,14292.0,3415.0,0.1929,175.0,309.0,0.0339,17925,14828,3097,0.1728,212,338,0.0371
3301702,671564.0,529756.0,141808.0,0.2112,9071.0,16705.0,0.0487,671599.0,535291.0,136308.0,0.203,6575.0,15597.0,0.0414,634694,520622,114072,0.1797,11784,17392,0.056
3305133,7351.0,5940.0,1411.0,0.1919,81.0,132.0,0.0359,7351.0,5985.0,1366.0,0.1858,70.0,115.0,0.0309,7636,6085,1551,0.2031,77,151,0.0375
3301801,11065.0,9004.0,2061.0,0.1863,117.0,185.0,0.0335,11066.0,8955.0,2111.0,0.1908,109.0,234.0,0.0383,11116,9203,1913,0.1721,148,242,0.0424
3305752,25408.0,20588.0,4820.0,0.1897,323.0,411.0,0.0357,25407.0,20390.0,5017.0,0.1975,265.0,354.0,0.0304,26468,21225,5243,0.1981,438,445,0.0416
3301900,176155.0,138404.0,37751.0,0.2143,2433.0,3464.0,0.0426,176187.0,137978.0,38209.0,0.2169,1898.0,3276.0,0.0375,177920,137637,40283,0.2264,3203,3617,0.0496
3302452,7135.0,5868.0,1267.0,0.1776,85.0,181.0,0.0453,7135.0,5761.0,1374.0,0.1926,58.0,133.0,0.0332,7132,6062,1070,0.15,100,151,0.0414
3302007,94549.0,74312.0,20237.0,0.214,1274.0,1777.0,0.0411,94559.0,73950.0,20609.0,0.2179,986.0,1648.0,0.0356,100542,78836,21706,0.2159,1646,1863,0.0445
3300233,32760.0,25196.0,7564.0,0.2309,319.0,420.0,0.0293,32767.0,25145.0,7622.0,0.2326,260.0,440.0,0.0278,36236,28170,8066,0.2226,384,450,0.0296
3302106,20213.0,15909.0,4304.0,0.2129,267.0,434.0,0.0441,20214.0,16022.0,4192.0,0.2074,200.0,438.0,0.0398,19120,15625,3495,0.1828,275,421,0.0445
3305554,57909.0,45917.0,11992.0,0.2071,683.0,1074.0,0.0383,57909.0,45899.0,12010.0,0.2074,528.0,985.0,0.033,60965,47439,13526,0.2219,988,1192,0.046
3302205,75385.0,57759.0,17626.0,0.2338,842.0,1072.0,0.0331,75402.0,58065.0,17337.0,0.2299,698.0,1045.0,0.03,76037,58153,17884,0.2352,886,995,0.0323
3302254,25859.0,20121.0,5738.0,0.2219,314.0,398.0,0.0354,25863.0,20242.0,5621.0,0.2173,286.0,390.0,0.0334,26584,20766,5818,0.2189,334,368,0.0338
3302304,7369.0,5690.0,1679.0,0.2278,81.0,127.0,0.0366,7368.0,5683.0,1685.0,0.2287,70.0,119.0,0.0333,6944,5593,1351,0.1946,83,156,0.0427
3302858,136171.0,108624.0,27547.0,0.2023,1699.0,2859.0,0.042,136190.0,107414.0,28776.0,0.2113,1261.0,2681.0,0.0367,136302,106290,30012,0.2202,2094,2699,0.0451
3302403,173974.0,132502.0,41472.0,0.2384,2321.0,3267.0,0.0422,173983.0,132124.0,41859.0,0.2406,1812.0,3184.0,0.0378,186241,144452,41789,0.2244,3075,3351,0.0445
3302502,197331.0,155223.0,42108.0,0.2134,2547.0,3771.0,0.0407,197335.0,155010.0,42325.0,0.2145,1922.0,3472.0,0.0348,192902,155240,37662,0.1952,3496,4164,0.0493
3302601,39317.0,29375.0,9942.0,0.2529,355.0,564.0,0.0313,39322.0,28941.0,10381.0,0.264,283.0,532.0,0.0282,46501,34080,12421,0.2671,487,653,0.0335
3302700,143856.0,114380.0,29476.0,0.2049,1370.0,2511.0,0.0339,143859.0,115388.0,28471.0,0.1979,1077.0,2295.0,0.0292,185609,144516,41093,0.2214,2414,3228,0.039
3302809,15755.0,12258.0,3497.0,0.222,187.0,379.0,0.0462,15755.0,12246.0,3509.0,0.2227,174.0,380.0,0.0452,14878,11878,3000,0.2016,220,345,0.0476
3302908,24004.0,18674.0,5330.0,0.222,251.0,445.0,0.0373,23998.0,18609.0,5389.0,0.2246,187.0,434.0,0.0334,24781,19231,5550,0.224,307,462,0.04
3303005,22633.0,17374.0,5259.0,0.2324,257.0,551.0,0.0465,22645.0,17379.0,5266.0,0.2325,222.0,485.0,0.0407,21056,17130,3926,0.1865,338,519,0.05
3303104,12827.0,9947.0,2880.0,0.2245,137.0,333.0,0.0473,12828.0,9945.0,2883.0,0.2247,120.0,304.0,0.0426,12453,9709,2744,0.2203,169,323,0.0507
3303203,130852.0,104664.0,26188.0,0.2001,1504.0,2592.0,0.0391,130859.0,103223.0,27636.0,0.2112,1185.0,2555.0,0.0362,128648,100545,28103,0.2184,1877,2654,0.0451
3303302,405914.0,327588.0,78326.0,0.193,4004.0,7040.0,0.0337,405962.0,331016.0,74946.0,0.1846,4050.0,8898.0,0.0391,412252,331432,80820,0.196,5106,7611,0.0384
3303401,155071.0,119475.0,35596.0,0.2295,2226.0,4491.0,0.0562,155090.0,121288.0,33802.0,0.218,1824.0,4432.0,0.0516,155366,120112,35254,0.2269,2522,4174,0.0557
3303500,611431.0,485184.0,126247.0,0.2065,8749.0,15642.0,0.0503,611499.0,483496.0,128003.0,0.2093,6262.0,13650.0,0.0412,614931,477139,137792,0.2241,11543,15716,0.0571
3303609,33888.0,26777.0,7111.0,0.2098,387.0,713.0,0.0411,33891.0,26799.0,7092.0,0.2093,338.0,673.0,0.0377,33690,26463,7227,0.2145,569,731,0.0491
3303708,34429.0,26519.0,7910.0,0.2297,508.0,787.0,0.0488,34430.0,26414.0,8016.0,0.2328,380.0,810.0,0.0451,34304,26694,7610,0.2218,570,727,0.0486
3303807,32614.0,25099.0,7515.0,0.2304,367.0,519.0,0.0353,32618.0,25175.0,7443.0,0.2282,263.0,497.0,0.0302,35461,26975,8486,0.2393,423,527,0.0352
3303906,243868.0,185397.0,58471.0,0.2398,3538.0,5677.0,0.0497,243893.0,187008.0,56885.0,0.2332,2926.0,6098.0,0.0483,239569,181654,57915,0.2417,4373,5866,0.0564
3304003,22940.0,18062.0,4878.0,0.2126,252.0,430.0,0.0378,22946.0,17935.0,5011.0,0.2184,218.0,397.0,0.0343,23699,18342,5357,0.226,348,484,0.0454
3304102,14431.0,10635.0,3796.0,0.263,163.0,345.0,0.0478,14433.0,10732.0,3701.0,0.2564,158.0,353.0,0.0476,13293,10352,2941,0.2212,164,334,0.0481
3304201,96623.0,74845.0,21778.0,0.2254,1281.0,1862.0,0.042,96647.0,75444.0,21203.0,0.2194,1116.0,2012.0,0.0415,98020,75536,22484,0.2294,1507,1752,0.0431
3304300,45253.0,36288.0,8965.0,0.1981,559.0,962.0,0.0419,45271.0,36221.0,9050.0,0.1999,463.0,943.0,0.0388,45412,36336,9076,0.1999,665,862,0.042
3304409,15709.0,12095.0,3614.0,0.2301,190.0,312.0,0.0415,15711.0,12156.0,3555.0,0.2263,159.0,335.0,0.0406,14700,11979,2721,0.1851,215,326,0.0452
3304508,8587.0,6619.0,1968.0,0.2292,78.0,151.0,0.0346,8589.0,6729.0,1860.0,0.2166,53.0,136.0,0.0281,8711,6898,1813,0.2081,104,172,0.04
3304607,9011.0,7043.0,1968.0,0.2184,97.0,244.0,0.0484,9011.0,6956.0,2055.0,0.2281,76.0,230.0,0.044,8846,7002,1844,0.2085,127,252,0.0541
3304706,33230.0,25177.0,8053.0,0.2423,353.0,635.0,0.0392,33224.0,25484.0,7740.0,0.233,277.0,598.0,0.0343,33702,25788,7914,0.2348,417,682,0.0426
3304805,31896.0,23761.0,8135.0,0.255,358.0,479.0,0.0352,31896.0,23900.0,7996.0,0.2507,278.0,450.0,0.0305,30178,23697,6481,0.2148,354,540,0.0377
3304904,669781.0,518664.0,151117.0,0.2256,8852.0,17591.0,0.051,669880.0,522871.0,147009.0,0.2195,6511.0,16796.0,0.0446,653184,499941,153243,0.2346,10938,16351,0.0546
3305000,38241.0,30653.0,7588.0,0.1984,561.0,840.0,0.0457,38248.0,30163.0,8085.0,0.2114,401.0,792.0,0.0396,43094,34890,8204,0.1904,851,1037,0.0541
3305109,376911.0,289658.0,87253.0,0.2315,4856.0,8995.0,0.0478,376942.0,292826.0,84116.0,0.2232,3309.0,8252.0,0.0395,340128,276761,63367,0.1863,6306,9194,0.056
3305208,69271.0,53912.0,15359.0,0.2217,733.0,1030.0,0.0327,69288.0,53855.0,15433.0,0.2227,628.0,1033.0,0.0308,74913,58503,16410,0.2191,993,1212,0.0377
3305307,7743.0,6304.0,1439.0,0.1858,72.0,186.0,0.0409,7743.0,6173.0,1570.0,0.2028,62.0,183.0,0.0397,7793,6027,1766,0.2266,96,210,0.0508
3305406,16594.0,12948.0,3646.0,0.2197,187.0,367.0,0.0428,16595.0,13040.0,3555.0,0.2142,132.0,332.0,0.0356,15786,12569,3217,0.2038,229,317,0.0434
3305505,73477.0,56271.0,17206.0,0.2342,794.0,1596.0,0.0425,73485.0,56860.0,16625.0,0.2262,618.0,1518.0,0.0376,92059,71981,20078,0.2181,1341,1993,0.0463
3305604,19575.0,14870.0,4705.0,0.2404,220.0,347.0,0.0381,19581.0,14771.0,4810.0,0.2456,168.0,308.0,0.0322,18674,14909,3765,0.2016,249,381,0.0423
3305703,14510.0,11310.0,3200.0,0.2205,220.0,270.0,0.0433,14510.0,11837.0,2673.0,0.1842,153.0,258.0,0.0347,14193,11828,2365,0.1666,229,239,0.0396
3305802,129536.0,100023.0,29513.0,0.2278,1782.0,3017.0,0.048,129565.0,101937.0,27628.0,0.2132,1412.0,3030.0,0.0436,133712,103299,30413,0.2275,2213,3021,0.0507
3305901,8733.0,7126.0,1607.0,0.184,104.0,253.0,0.0501,8733.0,7160.0,1573.0,0.1801,80.0,225.0,0.0426,9269,7465,1804,0.1946,104,251,0.0476
3306008,63070.0,49389.0,13681.0,0.2169,879.0,1151.0,0.0411,63077.0,50004.0,13073.0,0.2073,699.0,1291.0,0.0398,62480,48890,13590,0.2175,1232,1235,0.0505
3306107,57723.0,42684.0,15039.0,0.2605,793.0,1288.0,0.0488,57740.0,43080.0,14660.0,0.2539,620.0,1208.0,0.0424,56821,41924,14897,0.2622,889,1152,0.0487
3306206,30781.0,23357.0,7424.0,0.2412,416.0,602.0,0.0436,30782.0,23220.0,7562.0,0.2457,315.0,554.0,0.0374,29259,23203,6056,0.207,497,566,0.0458
3306305,225820.0,179687.0,46133.0,0.2043,2677.0,4465.0,0.0397,225848.0,179563.0,46285.0,0.2049,2236.0,4533.0,0.0377,221957,172409,49548,0.2232,3284,4167,0.0432
3300258,32951.0,24233.0,8718.0,0.2646,259.0,409.0,0.0276,32968.0,24135.0,8833.0,0.2679,221.0,424.0,0.0267,35242,27352,7890,0.2239,418,499,0.0335
3302056,11702.0,8827.0,2875.0,0.2457,96.0,174.0,0.0306,11702.0,9018.0,2684.0,0.2294,93.0,176.0,0.0298,11648,9165,2483,0.2132,131,187,0.0347
3303856,23302.0,18230.0,5072.0,0.2177,275.0,356.0,0.0346,23298.0,18202.0,5096.0,0.2187,208.0,343.0,0.0303,24302,19033,5269,0.2168,272,301,0.0301
3305158,16974.0,12948.0,4026.0,0.2372,180.0,265.0,0.0344,16975.0,13386.0,3589.0,0.2114,156.0,280.0,0.0326,16230,12969,3261,0.2009,260,269,0.0408
3304557,5002848.0,3792447.0,1210401.0,0.2419,59815.0,124348.0,0.0486,5003062.0,3837082.0,1165980.0,0.2331,49785.0,123929.0,0.0453,4952612,3658898,1293714,0.2612,73440,113584,0.0511
3515350,7114.0,4804.0,2310.0,0.3247,51.0,128.0,0.0373,7114.0,4928.0,2186.0,0.3073,65.0,137.0,0.041,6336,4525,1811,0.2858,66,91,0.0347
3500105,27635.0,20642.0,6993.0,0.253,465.0,514.0,0.0474,27651.0,21077.0,6574.0,0.2377,379.0,639.0,0.0483,25494,19779,5715,0.2242,463,445,0.0459
3507456,2222.0,1742.0,480.0,0.216,24.0,42.0,0.0379,2222.0,1754.0,468.0,0.2106,25.0,51.0,0.0433,2400,1890,510,0.2125,41,53,0.0497
3500204,4298.0,3229.0,1069.0,0.2487,65.0,80.0,0.0449,4301.0,3255.0,1046.0,0.2432,44.0,93.0,0.0421,3977,3105,872,0.2193,49,84,0.0428
3553955,11706.0,9330.0,2376.0,0.203,164.0,200.0,0.039,11706.0,9389.0,2317.0,0.1979,135.0,216.0,0.0374,11526,9118,2408,0.2089,163,180,0.0376
3500303,24068.0,18207.0,5861.0,0.2435,490.0,681.0,0.0643,24074.0,18469.0,5605.0,0.2328,408.0,728.0,0.0615,24235,18144,6091,0.2513,618,732,0.0744
3532058,3577.0,2801.0,776.0,0.2169,61.0,81.0,0.0507,3578.0,2813.0,765.0,0.2138,51.0,87.0,0.0491,3384,2659,725,0.2142,62,98,0.0602
3500402,6322.0,4842.0,1480.0,0.2341,91.0,128.0,0.0452,6320.0,4931.0,1389.0,0.2198,93.0,186.0,0.0566,5911,4728,1183,0.2001,89,140,0.0484
3519253,4573.0,3140.0,1433.0,0.3134,64.0,68.0,0.042,4573.0,3108.0,1465.0,0.3204,53.0,80.0,0.0428,4414,3086,1328,0.3009,69,88,0.0509
3500501,14900.0,11586.0,3314.0,0.2224,234.0,437.0,0.0579,14902.0,11818.0,3084.0,0.207,210.0,475.0,0.058,14061,11507,2554,0.1816,229,394,0.0541
3518859,5901.0,4502.0,1399.0,0.2371,86.0,133.0,0.0486,5900.0,4552.0,1348.0,0.2285,76.0,145.0,0.0486,5765,4284,1481,0.2569,136,140,0.0644
3500600,3972.0,3134.0,838.0,0.211,33.0,59.0,0.0294,3973.0,3112.0,861.0,0.2167,40.0,87.0,0.0408,4335,3337,998,0.2302,39,83,0.0366
3513850,1626.0,1297.0,329.0,0.2023,14.0,34.0,0.037,1626.0,1279.0,347.0,0.2134,26.0,21.0,0.0367,1702,1354,348,0.2045,25,28,0.0391
3500709,30494.0,23314.0,7180.0,0.2355,539.0,874.0,0.0606,30496.0,23433.0,7063.0,0.2316,449.0,1037.0,0.0634,28853,22394,6459,0.2239,516,881,0.0624
3515194,3530.0,2647.0,883.0,0.2501,47.0,71.0,0.0446,3530.0,2670.0,860.0,0.2436,44.0,84.0,0.0479,3546,2622,924,0.2606,43,70,0.0431
3500808,4047.0,3160.0,887.0,0.2192,41.0,64.0,0.0332,4047.0,3213.0,834.0,0.2061,33.0,76.0,0.0339,3964,3163,801,0.2021,61,81,0.0449
3544251,15322.0,10304.0,5018.0,0.3275,140.0,224.0,0.0353,15323.0,10450.0,4873.0,0.318,137.0,275.0,0.0394,14263,9788,4475,0.3137,161,240,0.041
3500907,3194.0,2419.0,775.0,0.2426,38.0,66.0,0.043,3195.0,2460.0,735.0,0.23,33.0,63.0,0.039,2954,2405,549,0.1858,51,72,0.0511
3514957,2375.0,1906.0,469.0,0.1975,47.0,53.0,0.0525,2375.0,1928.0,447.0,0.1882,20.0,57.0,0.0399,2448,2014,434,0.1773,43,61,0.0516
3501004,12382.0,9885.0,2497.0,0.2017,250.0,334.0,0.0591,12385.0,10044.0,2341.0,0.189,195.0,316.0,0.0509,12706,9911,2795,0.22,315,357,0.0678
3520442,21606.0,15210.0,6396.0,0.296,231.0,550.0,0.0513,21612.0,15530.0,6082.0,0.2814,237.0,646.0,0.0569,20245,14197,6048,0.2987,256,506,0.0537
3501103,3642.0,2790.0,852.0,0.2339,36.0,65.0,0.0362,3643.0,2889.0,754.0,0.207,25.0,92.0,0.0405,3662,2899,763,0.2084,50,73,0.0424
3501152,14510.0,11464.0,3046.0,0.2099,251.0,332.0,0.0509,14511.0,11503.0,3008.0,0.2073,228.0,392.0,0.0539,14040,11163,2877,0.2049,269,284,0.0495
3501202,3800.0,2875.0,925.0,0.2434,48.0,90.0,0.048,3800.0,2979.0,821.0,0.2161,45.0,78.0,0.0413,3612,2875,737,0.204,62,74,0.0473
3537156,2779.0,2218.0,561.0,0.2019,22.0,59.0,0.0365,2779.0,2240.0,539.0,0.194,22.0,72.0,0.042,2726,2175,551,0.2021,19,50,0.0317
3501301,19226.0,14769.0,4457.0,0.2318,306.0,394.0,0.0474,19225.0,15064.0,4161.0,0.2164,251.0,424.0,0.0448,17955,14324,3631,0.2022,343,386,0.0509
3502754,17247.0,13110.0,4137.0,0.2399,232.0,354.0,0.0447,17245.0,13183.0,4062.0,0.2355,220.0,412.0,0.0479,17829,13212,4617,0.259,303,325,0.0475
3501400,3008.0,2262.0,746.0,0.248,54.0,117.0,0.0756,3009.0,2258.0,751.0,0.2496,46.0,101.0,0.0651,2756,2069,687,0.2493,71,107,0.086
3506359,48181.0,36089.0,12092.0,0.251,529.0,839.0,0.0379,48180.0,36104.0,12076.0,0.2506,480.0,1026.0,0.0417,52928,38880,14048,0.2654,716,963,0.0432
3501509,2717.0,2071.0,646.0,0.2378,47.0,47.0,0.0454,2717.0,2135.0,582.0,0.2142,37.0,67.0,0.0487,2634,2103,531,0.2016,46,59,0.0499
3552551,2946.0,2311.0,635.0,0.2155,42.0,75.0,0.0506,2948.0,2321.0,627.0,0.2127,53.0,98.0,0.0651,2988,2323,665,0.2226,59,69,0.0551
3501608,180462.0,144445.0,36017.0,0.1996,2680.0,4547.0,0.05,180473.0,145871.0,34602.0,0.1917,2568.0,5367.0,0.0544,181216,143139,38077,0.2101,2564,3986,0.0458
3548054,7001.0,5652.0,1349.0,0.1927,60.0,79.0,0.0246,6996.0,5705.0,1291.0,0.1845,58.0,94.0,0.0266,7290,5757,1533,0.2103,71,101,0.0299
3501707,28575.0,22548.0,6027.0,0.2109,473.0,924.0,0.062,28579.0,22691.0,5888.0,0.206,412.0,1001.0,0.0623,27310,21741,5569,0.2039,533,895,0.0657
3510153,3907.0,3195.0,712.0,0.1822,83.0,104.0,0.0585,3907.0,3156.0,751.0,0.1922,71.0,120.0,0.0605,4337,3339,998,0.2301,115,96,0.0632
3501806,4938.0,4029.0,909.0,0.1841,69.0,104.0,0.0429,4940.0,4078.0,862.0,0.1745,61.0,125.0,0.0456,4769,3929,840,0.1761,69,101,0.0433
3505351,4797.0,3638.0,1159.0,0.2416,107.0,119.0,0.0621,4797.0,3728.0,1069.0,0.2228,102.0,161.0,0.0705,4672,3544,1128,0.2414,92,121,0.0601
3501905,57379.0,43808.0,13571.0,0.2365,1096.0,1720.0,0.0643,57384.0,44262.0,13122.0,0.2287,845.0,1941.0,0.0629,53743,42020,11723,0.2181,1092,1533,0.0625
3515129,2725.0,2144.0,581.0,0.2132,29.0,26.0,0.0257,2725.0,2222.0,503.0,0.1846,28.0,42.0,0.0315,2716,2057,659,0.2426,36,52,0.0428
3502002,4540.0,3232.0,1308.0,0.2881,63.0,93.0,0.0483,4542.0,3158.0,1384.0,0.3047,72.0,110.0,0.0576,4681,3285,1396,0.2982,54,96,0.0457
3533254,3670.0,2934.0,736.0,0.2005,43.0,134.0,0.0603,3670.0,2939.0,731.0,0.1992,44.0,106.0,0.051,3922,3125,797,0.2032,77,131,0.0666
3502101,45531.0,34584.0,10947.0,0.2404,724.0,950.0,0.0484,45538.0,35159.0,10379.0,0.2279,576.0,1054.0,0.0464,42476,32796,9680,0.2279,776,858,0.0498
3532843,2037.0,1495.0,542.0,0.2661,43.0,40.0,0.0555,2037.0,1529.0,508.0,0.2494,31.0,49.0,0.0523,2275,1667,608,0.2673,30,58,0.0528
3502200,18371.0,13796.0,4575.0,0.249,381.0,541.0,0.0668,18374.0,14036.0,4338.0,0.2361,310.0,617.0,0.066,17865,13465,4400,0.2463,351,515,0.0643
3545159,6863.0,5661.0,1202.0,0.1751,103.0,90.0,0.0341,6863.0,5789.0,1074.0,0.1565,80.0,131.0,0.0364,7141,5860,1281,0.1794,95,92,0.0319
3502309,5905.0,4033.0,1872.0,0.317,81.0,113.0,0.0481,5904.0,4022.0,1882.0,0.3188,79.0,130.0,0.052,5471,3833,1638,0.2994,96,113,0.0545
3555356,4636.0,3500.0,1136.0,0.245,77.0,85.0,0.0463,4636.0,3577.0,1059.0,0.2284,52.0,108.0,0.0447,4496,3440,1056,0.2349,62,99,0.0468
3502408,3398.0,2659.0,739.0,0.2175,36.0,60.0,0.0361,3398.0,2702.0,696.0,0.2048,42.0,62.0,0.0385,3315,2634,681,0.2054,36,59,0.0361
3509254,24122.0,17206.0,6916.0,0.2867,320.0,424.0,0.0432,24122.0,17313.0,6809.0,0.2823,296.0,586.0,0.0509,22016,16849,5167,0.2347,357,407,0.0453
3502507,28542.0,22751.0,5791.0,0.2029,383.0,438.0,0.0361,28544.0,22813.0,5731.0,0.2008,379.0,554.0,0.0409,26836,22028,4808,0.1792,393,417,0.0368
3509452,4950.0,3876.0,1074.0,0.217,69.0,144.0,0.055,4951.0,3888.0,1063.0,0.2147,70.0,146.0,0.0556,4857,3822,1035,0.2131,70,104,0.0455
3502606,3998.0,3028.0,970.0,0.2426,44.0,76.0,0.0396,3998.0,3063.0,935.0,0.2339,36.0,74.0,0.0359,3777,2954,823,0.2179,37,55,0.0311
3503950,1894.0,1496.0,398.0,0.2101,18.0,27.0,0.0301,1896.0,1520.0,376.0,0.1983,11.0,36.0,0.0309,1875,1492,383,0.2043,10,26,0.0241
3502705,20466.0,14656.0,5810.0,0.2839,381.0,502.0,0.0602,20460.0,14761.0,5699.0,0.2785,344.0,580.0,0.0626,18737,14137,4600,0.2455,412,529,0.0666
3556354,6933.0,4972.0,1961.0,0.2829,140.0,227.0,0.0738,6934.0,5068.0,1866.0,0.2691,102.0,234.0,0.0663,6582,5133,1449,0.2201,138,201,0.066
3502804,153847.0,118795.0,35052.0,0.2278,1836.0,2936.0,0.0402,153805.0,120478.0,33327.0,0.2167,1760.0,3625.0,0.0447,145128,112599,32529,0.2241,1897,2714,0.041
3540754,13083.0,10337.0,2746.0,0.2099,204.0,210.0,0.0401,13086.0,10426.0,2660.0,0.2033,160.0,262.0,0.0405,12546,10270,2276,0.1814,196,220,0.0405
3502903,24769.0,20004.0,4765.0,0.1924,536.0,650.0,0.0593,24769.0,20235.0,4534.0,0.1831,391.0,725.0,0.0552,26408,20448,5960,0.2257,499,621,0.0548
3500758,4929.0,3953.0,976.0,0.198,78.0,104.0,0.046,4930.0,4004.0,926.0,0.1878,67.0,118.0,0.0462,5139,4082,1057,0.2057,90,120,0.0514
3503000,4608.0,3512.0,1096.0,0.2378,52.0,87.0,0.0396,4608.0,3602.0,1006.0,0.2183,58.0,102.0,0.0444,4523,3529,994,0.2198,54,87,0.04
3522158,3089.0,2215.0,874.0,0.2829,44.0,53.0,0.0438,3092.0,2234.0,858.0,0.2775,43.0,88.0,0.0586,3039,2286,753,0.2478,35,54,0.0389
3503109,5810.0,4453.0,1357.0,0.2336,105.0,132.0,0.0532,5810.0,4501.0,1309.0,0.2253,89.0,147.0,0.0524,5528,4350,1178,0.2131,103,122,0.0517
3554953,5506.0,4225.0,1281.0,0.2327,119.0,160.0,0.066,5506.0,4317.0,1189.0,0.2159,92.0,173.0,0.0614,5542,4373,1169,0.2109,108,151,0.0592
3503208,181462.0,137801.0,43661.0,0.2406,2656.0,5204.0,0.057,181417.0,139766.0,41651.0,0.2296,2531.0,5778.0,0.0594,170310,133193,37117,0.2179,3034,4837,0.0591
3503158,2479.0,1874.0,605.0,0.2441,27.0,68.0,0.0507,2479.0,1901.0,578.0,0.2332,34.0,73.0,0.0563,2505,1989,516,0.206,29,89,0.0593
3503307,101577.0,80242.0,21335.0,0.21,2020.0,3004.0,0.0626,101579.0,81230.0,20349.0,0.2003,1616.0,3402.0,0.0618,96612,77666,18946,0.1961,2023,2763,0.0616
3557303,9436.0,7609.0,1827.0,0.1936,118.0,269.0,0.0509,9437.0,7623.0,1814.0,0.1922,106.0,315.0,0.0552,9490,7618,1872,0.1973,113,299,0.0541
3503406,6381.0,4927.0,1454.0,0.2279,94.0,141.0,0.0477,6381.0,4998.0,1383.0,0.2167,81.0,142.0,0.0446,6343,4791,1552,0.2447,120,157,0.0578
3515152,14927.0,11535.0,3392.0,0.2272,181.0,312.0,0.0427,14925.0,11696.0,3229.0,0.2163,164.0,364.0,0.0451,14967,11751,3216,0.2149,212,306,0.0441
3503505,3257.0,2673.0,584.0,0.1793,49.0,57.0,0.0397,3258.0,2656.0,602.0,0.1848,41.0,82.0,0.0463,3463,2748,715,0.2065,42,66,0.0393
3543253,6704.0,5203.0,1501.0,0.2239,144.0,149.0,0.0563,6704.0,5265.0,1439.0,0.2146,143.0,172.0,0.0598,6413,5169,1244,0.194,183,154,0.0652
3503604,8556.0,6755.0,1801.0,0.2105,216.0,211.0,0.0632,8556.0,6788.0,1768.0,0.2066,169.0,236.0,0.0597,8193,6656,1537,0.1876,243,208,0.0678
3519071,165599.0,132903.0,32696.0,0.1974,2620.0,4079.0,0.0504,165592.0,134163.0,31429.0,0.1898,2279.0,4679.0,0.0519,164481,132760,31721,0.1929,3045,3915,0.0524
3503703,6959.0,5418.0,1541.0,0.2214,111.0,173.0,0.0524,6959.0,5502.0,1457.0,0.2094,93.0,201.0,0.0534,6455,5118,1337,0.2071,148,161,0.0604
3519055,12272.0,10157.0,2115.0,0.1723,216.0,290.0,0.0498,12272.0,10178.0,2094.0,0.1706,189.0,343.0,0.0523,12570,10185,2385,0.1897,209,273,0.0473
3503802,38409.0,31198.0,7211.0,0.1877,728.0,1053.0,0.0571,38410.0,31610.0,6800.0,0.177,580.0,1119.0,0.0537,38528,31478,7050,0.183,699,1033,0.055
3514924,2726.0,2220.0,506.0,0.1856,41.0,63.0,0.0468,2726.0,2232.0,494.0,0.1812,36.0,59.0,0.0426,2737,2185,552,0.2017,40,60,0.0458
3503901,71032.0,56833.0,14199.0,0.1999,1188.0,2025.0,0.0565,71035.0,56883.0,14152.0,0.1992,1118.0,2253.0,0.0593,71347,57081,14266,0.2,1383,1882,0.0572
3507159,3335.0,2595.0,740.0,0.2219,30.0,47.0,0.0297,3335.0,2606.0,729.0,0.2186,40.0,61.0,0.0388,3289,2545,744,0.2262,47,47,0.0369
3504008,73871.0,55763.0,18108.0,0.2451,1018.0,1352.0,0.0425,73871.0,56782.0,17089.0,0.2313,893.0,1658.0,0.0449,69743,53502,16241,0.2329,1018,1293,0.0432
3540259,3289.0,2475.0,814.0,0.2475,45.0,58.0,0.0416,3289.0,2517.0,772.0,0.2347,28.0,50.0,0.031,3157,2478,679,0.2151,51,59,0.0444
3504107,120132.0,93173.0,26959.0,0.2244,2162.0,3293.0,0.0585,120163.0,94048.0,26115.0,0.2173,1939.0,3840.0,0.0614,119210,94263,24947,0.2093,2227,3008,0.0555
3536257,2728.0,2155.0,573.0,0.21,17.0,73.0,0.0418,2729.0,2185.0,544.0,0.1993,20.0,77.0,0.0444,3085,2312,773,0.2506,35,66,0.0437
3504206,10943.0,8810.0,2133.0,0.1949,130.0,188.0,0.0361,10942.0,8961.0,1981.0,0.181,116.0,228.0,0.0384,11053,8644,2409,0.2179,144,210,0.041
3553856,5031.0,3895.0,1136.0,0.2258,95.0,109.0,0.0524,5030.0,3962.0,1068.0,0.2123,88.0,141.0,0.0578,5121,3988,1133,0.2212,91,118,0.0524
3504305,4141.0,3138.0,1003.0,0.2422,34.0,71.0,0.0335,4141.0,3138.0,1003.0,0.2422,32.0,79.0,0.0354,4189,3124,1065,0.2542,64,83,0.0471
3528858,2770.0,2166.0,604.0,0.2181,29.0,52.0,0.0374,2770.0,2218.0,552.0,0.1993,32.0,71.0,0.0464,2797,2283,514,0.1838,30,51,0.0355
3504404,7905.0,6047.0,1858.0,0.235,136.0,174.0,0.0513,7903.0,6109.0,1794.0,0.227,115.0,201.0,0.0517,7452,5799,1653,0.2218,159,164,0.0557
3549250,1720.0,1353.0,367.0,0.2134,17.0,36.0,0.0392,1720.0,1384.0,336.0,0.1953,12.0,38.0,0.0361,1809,1365,444,0.2454,19,25,0.0322
3504503,68651.0,51035.0,17616.0,0.2566,1393.0,1882.0,0.0642,68659.0,51672.0,16987.0,0.2474,1136.0,2117.0,0.063,64380,49354,15026,0.2334,1398,1714,0.0631
3549953,12457.0,9379.0,3078.0,0.2471,234.0,338.0,0.061,12457.0,9450.0,3007.0,0.2414,248.0,407.0,0.0693,11946,9342,2604,0.218,279,324,0.0645
3504602,14324.0,11374.0,2950.0,0.2059,155.0,351.0,0.0445,14322.0,11558.0,2764.0,0.193,136.0,374.0,0.0441,16956,13139,3817,0.2251,206,358,0.0429
3557154,2459.0,1903.0,556.0,0.2261,16.0,73.0,0.0468,2460.0,1928.0,532.0,0.2163,21.0,71.0,0.0477,2570,1957,613,0.2385,32,65,0.0496
3504701,1532.0,1133.0,399.0,0.2604,11.0,36.0,0.0415,1532.0,1130.0,402.0,0.2624,13.0,36.0,0.0434,1423,1050,373,0.2621,27,25,0.0495
3522653,3328.0,2594.0,734.0,0.2206,78.0,73.0,0.0582,3332.0,2651.0,681.0,0.2044,69.0,78.0,0.0555,3305,2564,741,0.2242,81,79,0.0624
3504800,7480.0,6000.0,1480.0,0.1979,132.0,174.0,0.051,7479.0,6132.0,1347.0,0.1801,123.0,207.0,0.0538,7397,5855,1542,0.2085,138,136,0.0468
3529658,1782.0,1387.0,395.0,0.2217,17.0,23.0,0.0288,1782.0,1392.0,390.0,0.2189,16.0,37.0,0.0381,1887,1440,447,0.2369,28,21,0.034
3504909,8775.0,6670.0,2105.0,0.2399,95.0,230.0,0.0487,8777.0,6692.0,2085.0,0.2376,88.0,256.0,0.0514,8233,6569,1664,0.2021,138,239,0.0574
3532827,7129.0,5541.0,1588.0,0.2228,95.0,94.0,0.0341,7129.0,5570.0,1559.0,0.2187,85.0,137.0,0.0399,6959,5460,1499,0.2154,111,124,0.043
3505104,5259.0,4020.0,1239.0,0.2356,58.0,119.0,0.044,5259.0,4069.0,1190.0,0.2263,53.0,135.0,0.0462,4970,3786,1184,0.2382,57,115,0.0454
3520426,12786.0,8678.0,4108.0,0.3213,114.0,275.0,0.0448,12791.0,8721.0,4070.0,0.3182,115.0,304.0,0.048,13297,8942,4355,0.3275,171,323,0.0552
3505005,2786.0,2098.0,688.0,0.2469,49.0,72.0,0.0577,2786.0,2141.0,645.0,0.2315,42.0,75.0,0.0546,2926,2170,756,0.2584,48,84,0.0608
3527256,1954.0,1474.0,480.0,0.2456,22.0,32.0,0.0366,1953.0,1498.0,455.0,0.233,17.0,40.0,0.0381,1877,1478,399,0.2126,17,31,0.0325
3505203,25217.0,18819.0,6398.0,0.2537,529.0,650.0,0.0626,25216.0,18931.0,6285.0,0.2492,408.0,716.0,0.0594,23149,17855,5294,0.2287,548,645,0.0668
3554656,2586.0,1932.0,654.0,0.2529,34.0,64.0,0.0507,2587.0,1948.0,639.0,0.247,35.0,77.0,0.0575,2545,1988,557,0.2189,36,69,0.0528
3505302,30101.0,23485.0,6616.0,0.2198,559.0,799.0,0.0578,30112.0,23752.0,6360.0,0.2112,479.0,931.0,0.0594,28333,22612,5721,0.2019,552,725,0.0565
3503356,2249.0,1726.0,523.0,0.2325,28.0,23.0,0.0295,2249.0,1754.0,495.0,0.2201,21.0,36.0,0.0325,2331,1722,609,0.2613,30,31,0.0354
3505401,7233.0,4583.0,2650.0,0.3664,66.0,127.0,0.0421,7233.0,4611.0,2622.0,0.3625,60.0,150.0,0.0455,6314,4321,1993,0.3156,61,127,0.0435
3507753,2572.0,2028.0,544.0,0.2115,32.0,73.0,0.0518,2573.0,2038.0,535.0,0.2079,25.0,71.0,0.0471,2875,2128,747,0.2598,51,51,0.0479
3505500,90889.0,66147.0,24742.0,0.2722,1354.0,1873.0,0.0488,90900.0,67543.0,23357.0,0.257,1081.0,2157.0,0.0479,85200,65118,20082,0.2357,1339,1661,0.0461
3509957,3935.0,3090.0,845.0,0.2147,42.0,94.0,0.044,3935.0,3116.0,819.0,0.2081,37.0,118.0,0.0497,3959,3217,742,0.1874,55,99,0.0479
3505609,24531.0,19521.0,5010.0,0.2042,496.0,588.0,0.0555,24531.0,19655.0,4876.0,0.1988,393.0,615.0,0.0513,23638,19286,4352,0.1841,556,539,0.0568
3540853,1354.0,1102.0,252.0,0.1861,32.0,19.0,0.0463,1356.0,1105.0,251.0,0.1851,15.0,29.0,0.0398,1476,1132,344,0.2331,16,25,0.0362
3505708,279689.0,225326.0,54363.0,0.1944,4369.0,6759.0,0.0494,279705.0,224675.0,55030.0,0.1967,4125.0,7866.0,0.0534,298024,230934,67090,0.2251,5211,6629,0.0513
3541059,4899.0,3669.0,1230.0,0.2511,115.0,104.0,0.0597,4899.0,3646.0,1253.0,0.2558,80.0,112.0,0.0527,4725,3601,1124,0.2379,109,106,0.0597
3505807,18084.0,13647.0,4437.0,0.2454,336.0,284.0,0.0454,18083.0,13919.0,4164.0,0.2303,281.0,375.0,0.0471,16975,12769,4206,0.2478,323,288,0.0479
3541653,3805.0,2824.0,981.0,0.2578,60.0,66.0,0.0446,3805.0,2878.0,927.0,0.2436,44.0,99.0,0.0497,4032,2938,1094,0.2713,54,82,0.0463
3505906,44988.0,34381.0,10607.0,0.2358,899.0,1106.0,0.0583,45000.0,34742.0,10258.0,0.228,777.0,1217.0,0.0574,42270,33884,8386,0.1984,981,1027,0.0593
3546256,2189.0,1642.0,547.0,0.2499,25.0,53.0,0.0475,2189.0,1659.0,530.0,0.2421,21.0,71.0,0.0555,2342,1785,557,0.2378,32,72,0.0583
3506003,280644.0,216681.0,63963.0,0.2279,4834.0,7240.0,0.0557,280616.0,218344.0,62272.0,0.2219,4327.0,8303.0,0.0578,278336,208436,69900,0.2511,5162,6782,0.0573
3547650,1717.0,1407.0,310.0,0.1805,23.0,25.0,0.0341,1716.0,1413.0,303.0,0.1766,25.0,32.0,0.0403,1836,1536,300,0.1634,18,30,0.0312
3506102,59974.0,44922.0,15052.0,0.251,1126.0,1216.0,0.0521,59974.0,45688.0,14286.0,0.2382,868.0,1384.0,0.0493,56372,43512,12860,0.2281,940,1070,0.0462
3556958,1627.0,1334.0,293.0,0.1801,21.0,40.0,0.0457,1627.0,1369.0,258.0,0.1586,13.0,43.0,0.0409,1673,1433,240,0.1435,34,42,0.053
3506201,2160.0,1696.0,464.0,0.2148,25.0,39.0,0.0377,2160.0,1731.0,429.0,0.1986,21.0,38.0,0.0341,2146,1610,536,0.2498,18,38,0.0348
3521150,4378.0,3426.0,952.0,0.2175,60.0,71.0,0.0382,4378.0,3444.0,934.0,0.2133,42.0,81.0,0.0357,4916,3695,1221,0.2484,67,79,0.0395
3506300,8450.0,6389.0,2061.0,0.2439,134.0,188.0,0.0504,8449.0,6447.0,2002.0,0.237,102.0,210.0,0.0484,7724,6020,1704,0.2206,165,166,0.055
3553658,2298.0,1803.0,495.0,0.2154,42.0,42.0,0.0466,2298.0,1850.0,448.0,0.195,27.0,51.0,0.0422,2275,1854,421,0.1851,34,45,0.0426
3506409,6407.0,4972.0,1435.0,0.224,70.0,134.0,0.041,6410.0,5115.0,1295.0,0.202,49.0,165.0,0.0418,6346,4911,1435,0.2261,74,99,0.0352
3515657,1586.0,1202.0,384.0,0.2421,28.0,36.0,0.0532,1586.0,1235.0,351.0,0.2213,21.0,36.0,0.0462,1689,1319,370,0.2191,30,32,0.047
3506508,89200.0,69319.0,19881.0,0.2229,1457.0,2668.0,0.0595,89216.0,71038.0,18178.0,0.2038,1035.0,2857.0,0.0548,84471,65944,18527,0.2193,1372,2397,0.0572
3516853,4125.0,3249.0,876.0,0.2124,81.0,89.0,0.0523,4125.0,3242.0,883.0,0.2141,93.0,92.0,0.0571,4165,3257,908,0.218,93,100,0.0593
3506607,23966.0,18809.0,5157.0,0.2152,606.0,664.0,0.0675,23965.0,18684.0,5281.0,0.2204,518.0,811.0,0.0711,24212,18392,5820,0.2404,699,582,0.0696
3525854,2434.0,1875.0,559.0,0.2297,34.0,51.0,0.0453,2435.0,1890.0,545.0,0.2238,29.0,63.0,0.0487,2457,1933,524,0.2133,51,41,0.0476
3506706,10485.0,8144.0,2341.0,0.2233,182.0,272.0,0.0557,10487.0,8112.0,2375.0,0.2265,161.0,278.0,0.0541,9706,7558,2148,0.2213,254,333,0.0777
3532157,2337.0,1762.0,575.0,0.246,18.0,18.0,0.0204,2337.0,1789.0,548.0,0.2345,18.0,32.0,0.0279,2206,1680,526,0.2384,22,29,0.0304
3506805,9128.0,7123.0,2005.0,0.2197,171.0,273.0,0.0623,9127.0,7120.0,2007.0,0.2199,129.0,269.0,0.0559,8535,6784,1751,0.2052,200,264,0.0684
3532868,1283.0,1014.0,269.0,0.2097,16.0,12.0,0.0276,1283.0,1023.0,260.0,0.2027,17.0,22.0,0.0381,1375,1077,298,0.2167,12,19,0.0288
3506904,8598.0,6161.0,2437.0,0.2834,170.0,246.0,0.0675,8598.0,6169.0,2429.0,0.2825,122.0,238.0,0.0584,8935,6520,2415,0.2703,147,262,0.0627
3534757,7498.0,5941.0,1557.0,0.2077,95.0,176.0,0.0456,7499.0,6030.0,1469.0,0.1959,91.0,177.0,0.0444,7997,6125,1872,0.2341,97,180,0.0452
3507001,46399.0,35474.0,10925.0,0.2355,741.0,1352.0,0.059,46401.0,36095.0,10306.0,0.2221,671.0,1568.0,0.062,47624,36823,10801,0.2268,750,1380,0.0578
3536570,1907.0,1474.0,433.0,0.2271,28.0,37.0,0.0441,1907.0,1467.0,440.0,0.2307,21.0,43.0,0.0436,1993,1499,494,0.2479,23,40,0.042
3507100,18377.0,14437.0,3940.0,0.2144,313.0,513.0,0.0572,18380.0,14535.0,3845.0,0.2092,245.0,574.0,0.0563,18368,14596,3772,0.2054,388,457,0.0579
3543238,1880.0,1524.0,356.0,0.1894,38.0,45.0,0.0545,1876.0,1537.0,339.0,0.1807,32.0,40.0,0.0468,1918,1485,433,0.2258,33,55,0.0593
3507209,1039.0,847.0,192.0,0.1848,18.0,20.0,0.0449,1039.0,831.0,208.0,0.2002,13.0,28.0,0.0493,1094,862,232,0.2121,18,22,0.0464
3554755,1585.0,1279.0,306.0,0.1931,27.0,45.0,0.0563,1585.0,1249.0,336.0,0.212,15.0,32.0,0.0376,1649,1305,344,0.2086,27,35,0.0475
3507308,3989.0,3117.0,872.0,0.2186,81.0,101.0,0.0584,3991.0,3113.0,878.0,0.22,52.0,111.0,0.0524,3884,3083,801,0.2062,75,89,0.0532
3507407,11540.0,8731.0,2809.0,0.2434,168.0,284.0,0.0518,11542.0,8934.0,2608.0,0.226,145.0,338.0,0.0541,10738,8423,2315,0.2156,154,254,0.0484
3507506,107523.0,87330.0,20193.0,0.1878,2068.0,3688.0,0.0659,107506.0,87443.0,20063.0,0.1866,1832.0,4235.0,0.0694,111048,85728,25320,0.228,2198,3377,0.065
3507605,135539.0,105736.0,29803.0,0.2199,2624.0,3679.0,0.0596,135540.0,106630.0,28910.0,0.2133,2275.0,4520.0,0.0637,131308,105040,26268,0.2,2765,3456,0.0592
3507704,4272.0,3442.0,830.0,0.1943,53.0,78.0,0.0381,4269.0,3448.0,821.0,0.1923,45.0,98.0,0.0415,4231,3408,823,0.1945,56,77,0.039
3507803,18148.0,14142.0,4006.0,0.2207,312.0,489.0,0.0566,18149.0,14538.0,3611.0,0.199,270.0,558.0,0.057,17196,14225,2971,0.1728,299,427,0.051
3507902,18919.0,13849.0,5070.0,0.268,335.0,464.0,0.0577,18924.0,14022.0,4902.0,0.259,243.0,520.0,0.0544,17821,13455,4366,0.245,357,454,0.0603
3508009,15827.0,11875.0,3952.0,0.2497,302.0,263.0,0.0476,15829.0,12109.0,3720.0,0.235,260.0,335.0,0.0491,14878,11504,3374,0.2268,282,325,0.0528
3508108,13663.0,10087.0,3576.0,0.2617,199.0,301.0,0.0496,13666.0,10408.0,3258.0,0.2384,167.0,370.0,0.0516,13143,9997,3146,0.2394,165,288,0.0453
3508207,3820.0,3005.0,815.0,0.2134,46.0,74.0,0.0399,3823.0,3072.0,751.0,0.1964,46.0,85.0,0.0426,4125,3249,876,0.2124,34,63,0.0299
3508306,3392.0,2656.0,736.0,0.217,53.0,63.0,0.0437,3393.0,2671.0,722.0,0.2128,42.0,72.0,0.0427,3698,2809,889,0.2404,58,70,0.0456
3508405,35420.0,28000.0,7420.0,0.2095,679.0,947.0,0.0581,35416.0,28205.0,7211.0,0.2036,524.0,1031.0,0.0551,36426,28306,8120,0.2229,701,909,0.0569
3508504,74797.0,58780.0,16017.0,0.2141,1331.0,1968.0,0.0561,74798.0,59234.0,15564.0,0.2081,1213.0,2402.0,0.061,72595,58092,14503,0.1998,1485,1911,0.0585
3508603,25478.0,19329.0,6149.0,0.2413,363.0,440.0,0.0415,25488.0,19507.0,5981.0,0.2347,353.0,566.0,0.0471,23891,18723,5168,0.2163,365,466,0.0444
3508702,14573.0,10635.0,3938.0,0.2702,245.0,331.0,0.0542,14578.0,10898.0,3680.0,0.2524,184.0,394.0,0.053,13333,10204,3129,0.2347,276,337,0.0601
3508801,13214.0,9817.0,3397.0,0.2571,239.0,235.0,0.0483,13207.0,9965.0,3242.0,0.2455,206.0,302.0,0.051,12245,9332,2913,0.2379,247,264,0.0548
3508900,3315.0,2758.0,557.0,0.168,33.0,51.0,0.0305,3316.0,2802.0,514.0,0.155,33.0,64.0,0.0346,3330,2673,657,0.1973,65,70,0.0505
3509007,70844.0,56944.0,13900.0,0.1962,1193.0,2055.0,0.057,70847.0,57369.0,13478.0,0.1902,1101.0,2360.0,0.0603,72229,55767,16462,0.2279,1437,2039,0.0623
3509106,3939.0,2944.0,995.0,0.2526,26.0,70.0,0.0326,3939.0,3004.0,935.0,0.2374,31.0,70.0,0.0336,3755,2731,1024,0.2727,35,66,0.037
3509205,67967.0,54245.0,13722.0,0.2019,1209.0,1776.0,0.055,67972.0,54440.0,13532.0,0.1991,1129.0,2099.0,0.0593,70021,55655,14366,0.2052,1570,1869,0.0618
3509304,7842.0,6038.0,1804.0,0.23,112.0,167.0,0.0462,7845.0,6168.0,1677.0,0.2138,82.0,190.0,0.0441,7437,6308,1129,0.1518,130,184,0.0498
3509403,19306.0,14452.0,4854.0,0.2514,321.0,509.0,0.0574,19307.0,14650.0,4657.0,0.2412,231.0,530.0,0.0519,18240,14255,3985,0.2185,349,476,0.0579
3509502,881377.0,688269.0,193108.0,0.2191,12347.0,22383.0,0.0505,881208.0,693770.0,187438.0,0.2127,12075.0,26665.0,0.0558,873613,667699,205914,0.2357,13544,20935,0.0516
3509601,61518.0,48306.0,13212.0,0.2148,1080.0,1884.0,0.0614,61520.0,48471.0,13049.0,0.2121,956.0,2156.0,0.0642,59440,46746,12694,0.2136,1211,1780,0.064
3509700,39846.0,29464.0,10382.0,0.2606,865.0,1020.0,0.064,39858.0,29930.0,9928.0,0.2491,643.0,1236.0,0.0628,38107,29253,8854,0.2323,853,1010,0.0637
3509809,3795.0,2895.0,900.0,0.2372,50.0,43.0,0.0321,3795.0,2934.0,861.0,0.2269,47.0,59.0,0.0361,3805,2936,869,0.2284,44,49,0.0317
3509908,9926.0,7702.0,2224.0,0.2241,135.0,207.0,0.0444,9934.0,7631.0,2303.0,0.2318,146.0,238.0,0.0503,10410,7657,2753,0.2645,125,199,0.0423
3510005,24697.0,18647.0,6050.0,0.245,437.0,551.0,0.053,24684.0,18969.0,5715.0,0.2315,346.0,616.0,0.0507,22894,18047,4847,0.2117,450,512,0.0533
3510104,2573.0,2005.0,568.0,0.2208,56.0,51.0,0.0534,2573.0,2039.0,534.0,0.2075,41.0,70.0,0.0544,2853,2165,688,0.2411,55,47,0.0471
3510203,36479.0,27504.0,8975.0,0.246,827.0,772.0,0.0581,36479.0,27812.0,8667.0,0.2376,707.0,1036.0,0.0627,34293,26967,7326,0.2136,772,709,0.0549
3510302,14894.0,11581.0,3313.0,0.2224,364.0,322.0,0.0592,14894.0,11907.0,2987.0,0.2006,299.0,425.0,0.0608,14543,11575,2968,0.2041,341,333,0.0582
3510401,39229.0,30738.0,8491.0,0.2164,661.0,1035.0,0.0552,39227.0,31209.0,8018.0,0.2044,574.0,1177.0,0.0561,37609,30223,7386,0.1964,682,957,0.0542
3510500,105485.0,80815.0,24670.0,0.2339,1682.0,2553.0,0.0524,105324.0,80214.0,25110.0,0.2384,1487.0,2816.0,0.0536,106446,82290,24156,0.2269,1956,2638,0.0558
3510609,300528.0,235328.0,65200.0,0.217,5642.0,8264.0,0.0591,300524.0,236364.0,64160.0,0.2135,5121.0,8963.0,0.0596,290495,217457,73038,0.2514,6268,7665,0.0641
3510708,10218.0,7121.0,3097.0,0.3031,108.0,224.0,0.0466,10224.0,7315.0,2909.0,0.2845,105.0,232.0,0.0461,9593,6836,2757,0.2874,113,197,0.0453
3510807,20835.0,15282.0,5553.0,0.2665,407.0,465.0,0.0571,20838.0,15565.0,5273.0,0.253,297.0,578.0,0.0562,19558,14620,4938,0.2525,437,490,0.0634
3510906,2813.0,2044.0,769.0,0.2734,41.0,93.0,0.0656,2813.0,2117.0,696.0,0.2474,26.0,89.0,0.0543,2667,2089,578,0.2167,45,98,0.0685
3511003,15730.0,11977.0,3753.0,0.2386,192.0,279.0,0.0393,15727.0,12233.0,3494.0,0.2222,188.0,367.0,0.0454,15377,11741,3636,0.2365,226,291,0.044
3511102,87973.0,69360.0,18613.0,0.2116,1368.0,2461.0,0.0552,87997.0,70268.0,17729.0,0.2015,1040.0,2717.0,0.0535,86119,66332,19787,0.2298,1332,2161,0.0527
3511201,5823.0,4730.0,1093.0,0.1877,95.0,255.0,0.074,5823.0,4762.0,1061.0,0.1822,66.0,254.0,0.0672,5688,4653,1035,0.182,109,224,0.0716
3511300,7697.0,6114.0,1583.0,0.2057,109.0,171.0,0.0458,7697.0,6247.0,1450.0,0.1884,92.0,184.0,0.0442,8582,6771,1811,0.211,110,164,0.0405
3511409,16032.0,11549.0,4483.0,0.2796,318.0,351.0,0.0579,16032.0,11631.0,4401.0,0.2745,288.0,425.0,0.0613,14958,10939,4019,0.2687,354,304,0.0602
3511508,36775.0,28557.0,8218.0,0.2235,723.0,1123.0,0.0646,36773.0,28811.0,7962.0,0.2165,601.0,1255.0,0.0644,36003,28281,7722,0.2145,622,1034,0.0586
3511607,13963.0,10575.0,3388.0,0.2426,415.0,605.0,0.0965,13965.0,10742.0,3223.0,0.2308,309.0,660.0,0.0902,13804,10658,3146,0.2279,379,512,0.0836
3511706,13297.0,10412.0,2885.0,0.217,216.0,297.0,0.0493,13297.0,10557.0,2740.0,0.2061,182.0,332.0,0.0487,13212,10348,2864,0.2168,209,284,0.0476
3557204,8771.0,7317.0,1454.0,0.1658,153.0,223.0,0.0514,8771.0,7339.0,1432.0,0.1633,139.0,240.0,0.0516,8675,6860,1815,0.2092,170,172,0.0499
3511904,5522.0,4352.0,1170.0,0.2119,59.0,127.0,0.0427,5523.0,4447.0,1076.0,0.1948,45.0,131.0,0.0396,5273,4258,1015,0.1925,55,105,0.0376
3512001,15008.0,11171.0,3837.0,0.2557,215.0,332.0,0.049,15009.0,11330.0,3679.0,0.2451,153.0,358.0,0.0451,14048,10829,3219,0.2291,225,298,0.0483
3512100,5830.0,4278.0,1552.0,0.2662,40.0,117.0,0.0367,5830.0,4326.0,1504.0,0.258,49.0,124.0,0.04,5800,4336,1464,0.2524,63,130,0.0445
3512209,22058.0,17704.0,4354.0,0.1974,485.0,470.0,0.0539,22056.0,17913.0,4143.0,0.1878,325.0,545.0,0.0486,20926,17362,3564,0.1703,458,446,0.0521
3512308,13757.0,9781.0,3976.0,0.289,219.0,255.0,0.0485,13765.0,10077.0,3688.0,0.2679,165.0,326.0,0.0487,12626,9081,3545,0.2808,187,227,0.0456
3512407,19833.0,15752.0,4081.0,0.2058,309.0,478.0,0.05,19840.0,15919.0,3921.0,0.1976,283.0,532.0,0.0512,19567,15826,3741,0.1912,327,468,0.0502
3512506,4180.0,3336.0,844.0,0.2019,49.0,71.0,0.036,4179.0,3383.0,796.0,0.1905,40.0,91.0,0.0387,4020,3234,786,0.1955,57,75,0.0408
3512605,3831.0,3141.0,690.0,0.1801,61.0,83.0,0.0458,3831.0,3106.0,725.0,0.1892,52.0,70.0,0.0393,3793,3042,751,0.198,73,64,0.045
3512704,3516.0,2758.0,758.0,0.2156,52.0,119.0,0.062,3516.0,2761.0,755.0,0.2147,51.0,121.0,0.0623,3523,2690,833,0.2364,63,102,0.0613
3512803,46420.0,35839.0,10581.0,0.2279,789.0,1378.0,0.0605,46424.0,36111.0,10313.0,0.2221,659.0,1423.0,0.0577,44573,34897,9676,0.2171,829,1249,0.0595
3512902,7127.0,5583.0,1544.0,0.2166,75.0,104.0,0.0321,7127.0,5708.0,1419.0,0.1991,74.0,131.0,0.0359,7030,5573,1457,0.2073,112,109,0.0397
3513009,185153.0,149520.0,35633.0,0.1925,3285.0,4454.0,0.0518,185146.0,149346.0,35800.0,0.1934,3227.0,5451.0,0.0581,194159,150089,44070,0.227,4030,4683,0.0581
3513108,27315.0,20682.0,6633.0,0.2428,523.0,834.0,0.0656,27324.0,20954.0,6370.0,0.2331,389.0,908.0,0.0619,27124,20416,6708,0.2473,533,792,0.0649
3513207,7453.0,5775.0,1678.0,0.2251,103.0,177.0,0.0485,7453.0,5883.0,1570.0,0.2107,93.0,177.0,0.0459,7311,5630,1681,0.2299,108,160,0.0476
3513306,2013.0,1660.0,353.0,0.1754,28.0,35.0,0.038,2013.0,1656.0,357.0,0.1773,27.0,27.0,0.0326,1966,1641,325,0.1653,41,28,0.042
3513405,60201.0,46434.0,13767.0,0.2287,983.0,1780.0,0.0595,60216.0,46767.0,13449.0,0.2233,839.0,2035.0,0.0615,56188,44461,11727,0.2087,1047,1607,0.0597
3513504,94224.0,74358.0,19866.0,0.2108,1216.0,2070.0,0.0442,94231.0,73837.0,20394.0,0.2164,1229.0,2417.0,0.0494,90311,71956,18355,0.2032,1493,2056,0.0493
3513603,17420.0,14053.0,3367.0,0.1933,357.0,425.0,0.0556,17421.0,14486.0,2935.0,0.1685,286.0,513.0,0.0552,18135,14157,3978,0.2194,394,445,0.0593
3513702,25197.0,19406.0,5791.0,0.2298,622.0,879.0,0.0773,25208.0,19675.0,5533.0,0.2195,495.0,983.0,0.0751,24907,18448,6459,0.2593,564,760,0.0718
3513801,339282.0,272229.0,67053.0,0.1976,5467.0,10226.0,0.0576,339301.0,273282.0,66019.0,0.1946,4935.0,11119.0,0.0587,331016,256159,74857,0.2261,6592,10002,0.0648
3513900,9523.0,7753.0,1770.0,0.1859,225.0,366.0,0.0762,9525.0,7866.0,1659.0,0.1742,148.0,390.0,0.0684,9543,7570,1973,0.2067,178,350,0.0697
3514007,6536.0,5171.0,1365.0,0.2088,115.0,175.0,0.0561,6536.0,5253.0,1283.0,0.1963,96.0,181.0,0.0527,6727,5229,1498,0.2227,115,178,0.056
3514106,19951.0,14444.0,5507.0,0.276,392.0,406.0,0.0552,19955.0,14660.0,5295.0,0.2653,301.0,506.0,0.055,18565,14011,4554,0.2453,375,438,0.058
3514205,2182.0,1738.0,444.0,0.2035,32.0,38.0,0.0403,2182.0,1749.0,433.0,0.1984,18.0,51.0,0.0395,2355,1902,453,0.1924,42,54,0.0505
3514304,7314.0,5563.0,1751.0,0.2394,182.0,271.0,0.0814,7314.0,5622.0,1692.0,0.2313,130.0,290.0,0.0747,6798,5418,1380,0.203,192,287,0.0884
3514403,35295.0,26553.0,8742.0,0.2477,420.0,559.0,0.0369,35299.0,27059.0,8240.0,0.2334,427.0,689.0,0.0412,33614,25385,8229,0.2448,432,525,0.0377
3514502,10505.0,7905.0,2600.0,0.2475,159.0,257.0,0.0526,10506.0,8044.0,2462.0,0.2343,147.0,263.0,0.051,9858,7522,2336,0.237,161,243,0.0537
3514601,7142.0,5749.0,1393.0,0.195,130.0,178.0,0.0536,7142.0,5834.0,1308.0,0.1831,105.0,182.0,0.0492,7337,5907,1430,0.1949,125,181,0.0518
3514700,5289.0,4022.0,1267.0,0.2396,63.0,99.0,0.0403,5288.0,4067.0,1221.0,0.2309,48.0,122.0,0.0418,5070,3856,1214,0.2394,48,108,0.0405
3514809,11780.0,8221.0,3559.0,0.3021,137.0,183.0,0.0389,11783.0,8431.0,3352.0,0.2845,136.0,260.0,0.047,10787,7758,3029,0.2808,168,215,0.0494
3514908,14084.0,11094.0,2990.0,0.2123,280.0,458.0,0.0665,14085.0,11261.0,2824.0,0.2005,168.0,475.0,0.0571,13526,10995,2531,0.1871,290,446,0.0669
3515004,199646.0,164723.0,34923.0,0.1749,4059.0,6167.0,0.0621,199632.0,164029.0,35603.0,0.1783,3196.0,6526.0,0.0593,206389,161385,45004,0.2181,4870,6177,0.0685
3515103,56345.0,42016.0,14329.0,0.2543,1042.0,1673.0,0.0646,56349.0,42351.0,13998.0,0.2484,1009.0,1853.0,0.0676,53717,40136,13581,0.2528,1213,1635,0.071
3515202,7304.0,5542.0,1762.0,0.2412,146.0,165.0,0.0561,7307.0,5649.0,1658.0,0.2269,96.0,176.0,0.0482,7128,5558,1570,0.2203,130,144,0.0493
3515301,2563.0,2010.0,553.0,0.2158,27.0,37.0,0.0318,2563.0,2004.0,559.0,0.2181,27.0,52.0,0.0394,2464,1912,552,0.224,18,43,0.0319
3515400,13240.0,9975.0,3265.0,0.2466,196.0,272.0,0.0469,13242.0,10161.0,3081.0,0.2327,197.0,343.0,0.0531,12518,9599,2919,0.2332,220,260,0.05
3515509,54223.0,39951.0,14272.0,0.2632,822.0,1011.0,0.0459,54240.0,40992.0,13248.0,0.2442,652.0,1143.0,0.0438,50193,38284,11909,0.2373,757,882,0.0428
3515608,5091.0,3976.0,1115.0,0.219,112.0,111.0,0.0561,5091.0,3953.0,1138.0,0.2235,92.0,122.0,0.0541,5086,3961,1125,0.2212,124,125,0.0629
3515707,133756.0,106877.0,26879.0,0.201,2590.0,4229.0,0.0638,133757.0,106611.0,27146.0,0.203,2289.0,4653.0,0.0651,128931,103663,25268,0.196,3124,4268,0.0713
3515806,1582.0,1145.0,437.0,0.2762,13.0,17.0,0.0262,1582.0,1160.0,422.0,0.2668,8.0,21.0,0.025,1428,1058,370,0.2591,19,25,0.0416
3515905,2658.0,2139.0,519.0,0.1953,39.0,63.0,0.0477,2659.0,2150.0,509.0,0.1914,26.0,71.0,0.0451,2670,2044,626,0.2345,42,61,0.0504
3516002,8064.0,6160.0,1904.0,0.2361,125.0,149.0,0.0445,8066.0,6255.0,1811.0,0.2245,90.0,179.0,0.043,7407,5701,1706,0.2303,118,134,0.0442
3516101,2704.0,2130.0,574.0,0.2123,28.0,51.0,0.0371,2704.0,2101.0,603.0,0.223,31.0,52.0,0.0395,2673,2076,597,0.2233,40,30,0.0337
3516200,247641.0,194756.0,52885.0,0.2136,4046.0,5851.0,0.0508,247647.0,197876.0,49771.0,0.201,3648.0,6829.0,0.0529,241902,189925,51977,0.2149,3989,5489,0.0499
3516309,131241.0,101632.0,29609.0,0.2256,2544.0,3694.0,0.0614,131236.0,102463.0,28773.0,0.2192,2088.0,4011.0,0.0595,126796,95350,31446,0.248,3256,3927,0.0753
3516408,105107.0,82696.0,22411.0,0.2132,2062.0,3623.0,0.0687,105104.0,82973.0,22131.0,0.2106,1688.0,3826.0,0.0665,107865,79907,27958,0.2592,2521,3775,0.0788
3516507,2552.0,2095.0,457.0,0.1791,37.0,71.0,0.0516,2552.0,2128.0,424.0,0.1661,24.0,76.0,0.047,2682,2183,499,0.1861,25,76,0.0463
3516606,5261.0,3916.0,1345.0,0.2557,78.0,140.0,0.0557,5261.0,3932.0,1329.0,0.2526,69.0,127.0,0.0498,4626,3580,1046,0.2261,90,135,0.0628
3516705,35475.0,26479.0,8996.0,0.2536,816.0,905.0,0.065,35490.0,26796.0,8694.0,0.245,637.0,1106.0,0.065,32368,24892,7476,0.231,837,902,0.0699
3516804,2863.0,2326.0,537.0,0.1876,34.0,46.0,0.0344,2863.0,2331.0,532.0,0.1858,27.0,54.0,0.0347,2869,2288,581,0.2025,48,38,0.0376
3516903,8369.0,6421.0,1948.0,0.2328,89.0,149.0,0.0371,8372.0,6547.0,1825.0,0.218,93.0,149.0,0.037,7966,6001,1965,0.2467,108,133,0.0402
3517000,8071.0,5535.0,2536.0,0.3142,105.0,156.0,0.0472,8073.0,5655.0,2418.0,0.2995,73.0,180.0,0.0447,7043,5012,2031,0.2884,152,163,0.0628
3517109,3869.0,2984.0,885.0,0.2287,48.0,63.0,0.0372,3869.0,3030.0,839.0,0.2169,58.0,78.0,0.0449,3987,3077,910,0.2282,47,88,0.0439
3517208,8688.0,6419.0,2269.0,0.2612,166.0,197.0,0.0566,8688.0,6494.0,2194.0,0.2525,123.0,212.0,0.0516,8162,6085,2077,0.2545,179,184,0.0597
3517307,4721.0,3570.0,1151.0,0.2438,71.0,134.0,0.0574,4723.0,3582.0,1141.0,0.2416,73.0,148.0,0.0617,4479,3379,1100,0.2456,86,115,0.0595
3517406,30900.0,21151.0,9749.0,0.3155,539.0,558.0,0.0519,30903.0,21931.0,8972.0,0.2903,422.0,698.0,0.0511,28555,21044,7511,0.263,493,627,0.0532
3517505,15549.0,12140.0,3409.0,0.2192,269.0,384.0,0.0538,15549.0,12428.0,3121.0,0.2007,236.0,389.0,0.0503,15943,12311,3632,0.2278,285,378,0.0539
3517604,15058.0,10943.0,4115.0,0.2733,259.0,331.0,0.0539,15058.0,11142.0,3916.0,0.2601,211.0,359.0,0.0512,13629,10424,3205,0.2352,279,356,0.0609
3517703,14114.0,11509.0,2605.0,0.1846,227.0,324.0,0.0479,14112.0,11575.0,2537.0,0.1798,167.0,350.0,0.0447,14159,11255,2904,0.2051,227,304,0.0472
3517802,6646.0,5050.0,1596.0,0.2401,97.0,130.0,0.045,6646.0,5107.0,1539.0,0.2316,77.0,162.0,0.0468,6153,4657,1496,0.2431,90,130,0.0472
3517901,8551.0,6435.0,2116.0,0.2475,101.0,171.0,0.0423,8551.0,6480.0,2071.0,0.2422,82.0,202.0,0.0438,8095,6363,1732,0.214,122,191,0.0492
3518008,1631.0,1346.0,285.0,0.1747,17.0,32.0,0.0364,1631.0,1355.0,276.0,0.1692,10.0,23.0,0.0244,1783,1366,417,0.2339,19,39,0.0425
3518107,5176.0,3897.0,1279.0,0.2471,108.0,87.0,0.05,5177.0,3949.0,1228.0,0.2372,70.0,117.0,0.0474,4765,3625,1140,0.2392,104,83,0.0516
3518206,23376.0,18728.0,4648.0,0.1988,326.0,509.0,0.0446,23378.0,19020.0,4358.0,0.1864,326.0,590.0,0.0482,23595,17719,5876,0.249,345,473,0.0462
3518305,25643.0,20198.0,5445.0,0.2123,459.0,605.0,0.0527,25645.0,20272.0,5373.0,0.2095,366.0,719.0,0.0535,26373,20623,5750,0.218,534,599,0.0549
3518404,95487.0,75136.0,20351.0,0.2131,1473.0,1587.0,0.0407,95467.0,75953.0,19514.0,0.2044,1387.0,2216.0,0.0474,90805,72520,18285,0.2014,1741,1560,0.0455
3518503,9533.0,7554.0,1979.0,0.2076,355.0,329.0,0.0905,9533.0,7645.0,1888.0,0.198,281.0,416.0,0.0912,8903,7197,1706,0.1916,339,335,0.0937
3518602,29548.0,22911.0,6637.0,0.2246,497.0,623.0,0.0489,29548.0,23106.0,6442.0,0.218,455.0,690.0,0.0496,28368,22553,5815,0.205,582,607,0.0527
3518701,236111.0,188365.0,47746.0,0.2022,3968.0,5992.0,0.0529,236009.0,186814.0,49195.0,0.2084,3638.0,7135.0,0.0577,238913,183440,55473,0.2322,5001,5997,0.06
3518800,928653.0,780097.0,148556.0,0.16,16848.0,34699.0,0.0661,928597.0,781452.0,147145.0,0.1585,14481.0,38048.0,0.0672,948908,766248,182660,0.1925,19732,33047,0.0689
3518909,3547.0,2774.0,773.0,0.2179,51.0,83.0,0.0483,3547.0,2824.0,723.0,0.2038,57.0,88.0,0.0513,3558,2668,890,0.2501,64,72,0.051
3519006,7222.0,5506.0,1716.0,0.2376,76.0,191.0,0.0485,7222.0,5587.0,1635.0,0.2264,58.0,205.0,0.0471,6937,5231,1706,0.2459,112,172,0.0543
3519105,8592.0,6731.0,1861.0,0.2166,143.0,147.0,0.0431,8592.0,6793.0,1799.0,0.2094,97.0,168.0,0.039,8269,6532,1737,0.2101,130,167,0.0455
3519204,5129.0,3943.0,1186.0,0.2312,80.0,106.0,0.0472,5130.0,3952.0,1178.0,0.2296,62.0,108.0,0.043,4766,3554,1212,0.2543,70,95,0.0464
3519303,26294.0,20266.0,6028.0,0.2293,613.0,815.0,0.0705,26294.0,20377.0,5917.0,0.225,451.0,865.0,0.0646,26265,20188,6077,0.2314,734,768,0.0744
3519402,9335.0,7234.0,2101.0,0.2251,154.0,212.0,0.0506,9337.0,7394.0,1943.0,0.2081,114.0,215.0,0.0445,9094,7401,1693,0.1862,125,195,0.0432
3519501,5241.0,4107.0,1134.0,0.2164,122.0,102.0,0.0545,5242.0,4163.0,1079.0,0.2058,107.0,137.0,0.0586,5070,4018,1052,0.2075,122,113,0.0585
3519600,44182.0,33714.0,10468.0,0.2369,809.0,1030.0,0.0545,44187.0,34295.0,9892.0,0.2239,652.0,1156.0,0.0527,41272,32544,8728,0.2115,919,965,0.0579
3519709,63362.0,47781.0,15581.0,0.2459,1342.0,1853.0,0.0669,63365.0,48628.0,14737.0,0.2326,1143.0,2205.0,0.0688,61951,47665,14286,0.2306,1349,1818,0.0664
3519808,6323.0,4841.0,1482.0,0.2344,46.0,104.0,0.031,6328.0,4895.0,1433.0,0.2265,55.0,136.0,0.039,6049,4739,1310,0.2166,53,130,0.0386
3519907,6338.0,4960.0,1378.0,0.2174,58.0,92.0,0.0302,6338.0,5046.0,1292.0,0.2038,56.0,125.0,0.0359,5971,4758,1213,0.2031,64,118,0.0383
3520004,18740.0,14764.0,3976.0,0.2122,579.0,717.0,0.0878,18742.0,14729.0,4013.0,0.2141,424.0,804.0,0.0834,17539,14099,3440,0.1961,556,646,0.0853
3520103,21417.0,15284.0,6133.0,0.2864,293.0,325.0,0.0404,21421.0,15530.0,5891.0,0.275,261.0,397.0,0.0424,19718,14828,4890,0.248,319,371,0.0465
3520202,9095.0,7000.0,2095.0,0.2303,105.0,202.0,0.0439,9096.0,7058.0,2038.0,0.2241,126.0,280.0,0.0575,9443,7353,2090,0.2213,158,250,0.0555
3520301,23676.0,16714.0,6962.0,0.2941,310.0,495.0,0.0482,23676.0,16862.0,6814.0,0.2878,284.0,553.0,0.0496,22106,16551,5555,0.2513,366,449,0.0492
3520400,29356.0,22505.0,6851.0,0.2334,372.0,568.0,0.0418,29367.0,22728.0,6639.0,0.2261,400.0,656.0,0.0465,31086,23512,7574,0.2436,477,609,0.0462
3520509,189139.0,151030.0,38109.0,0.2015,3154.0,5268.0,0.0558,189115.0,152432.0,36683.0,0.194,2991.0,6159.0,0.06,192534,156644,35890,0.1864,3196,4975,0.0522
3520608,3937.0,3303.0,634.0,0.161,59.0,67.0,0.0381,3937.0,3357.0,580.0,0.1473,55.0,87.0,0.0423,4063,3295,768,0.189,68,85,0.0464
3520707,2989.0,2474.0,515.0,0.1723,29.0,51.0,0.0323,2985.0,2490.0,495.0,0.1658,30.0,57.0,0.0349,3164,2452,712,0.225,39,53,0.0375
3520806,3031.0,2503.0,528.0,0.1742,45.0,72.0,0.0467,3030.0,2542.0,488.0,0.1611,40.0,81.0,0.0476,3159,2551,608,0.1925,59,80,0.0545
3520905,10747.0,8328.0,2419.0,0.2251,227.0,250.0,0.0573,10748.0,8376.0,2372.0,0.2207,184.0,295.0,0.0572,9987,7964,2023,0.2026,225,184,0.0514
3521002,21405.0,16545.0,4860.0,0.227,392.0,718.0,0.0671,21406.0,16611.0,4795.0,0.224,400.0,745.0,0.0689,21605,16363,5242,0.2426,498,659,0.0707
3521101,5646.0,4391.0,1255.0,0.2223,61.0,135.0,0.0446,5646.0,4437.0,1209.0,0.2141,69.0,135.0,0.046,5852,4469,1383,0.2363,72,129,0.045
3521200,3438.0,2429.0,1009.0,0.2935,47.0,68.0,0.0473,3440.0,2479.0,961.0,0.2794,43.0,83.0,0.0508,3303,2515,788,0.2386,53,76,0.0513
3521309,11489.0,9067.0,2422.0,0.2108,147.0,190.0,0.0372,11489.0,9257.0,2232.0,0.1943,143.0,229.0,0.0402,11207,8788,2419,0.2158,211,211,0.048
3521408,18048.0,14855.0,3193.0,0.1769,239.0,386.0,0.0421,18049.0,14921.0,3128.0,0.1733,208.0,469.0,0.0454,17617,14686,2931,0.1664,289,390,0.0462
3521507,5690.0,4181.0,1509.0,0.2652,95.0,107.0,0.0483,5690.0,4375.0,1315.0,0.2311,70.0,112.0,0.0416,5489,4217,1272,0.2317,105,104,0.0496
3521606,5028.0,3731.0,1297.0,0.258,92.0,98.0,0.0509,5028.0,3785.0,1243.0,0.2472,88.0,119.0,0.0547,4556,3469,1087,0.2386,101,115,0.0623
3521705,14312.0,11137.0,3175.0,0.2218,284.0,263.0,0.0491,14313.0,11323.0,2990.0,0.2089,242.0,304.0,0.0482,13507,10754,2753,0.2038,300,212,0.0476
3521804,17507.0,13352.0,4155.0,0.2373,349.0,392.0,0.0555,17509.0,13746.0,3763.0,0.2149,316.0,468.0,0.057,16732,12980,3752,0.2242,354,382,0.0567
3521903,12706.0,9879.0,2827.0,0.2225,198.0,270.0,0.0474,12706.0,10133.0,2573.0,0.2025,146.0,345.0,0.0485,12328,9945,2383,0.1933,179,299,0.0481
3522000,3174.0,2364.0,810.0,0.2552,50.0,56.0,0.0448,3174.0,2396.0,778.0,0.2451,37.0,68.0,0.0438,3176,2438,738,0.2324,53,56,0.0447
3522109,84735.0,60973.0,23762.0,0.2804,1253.0,2068.0,0.0545,84756.0,60974.0,23782.0,0.2806,1067.0,2259.0,0.0545,85052,61240,23812,0.28,1498,2113,0.059
3522208,123805.0,97950.0,25855.0,0.2088,2383.0,3253.0,0.0575,123801.0,98152.0,25649.0,0.2072,2082.0,3656.0,0.0585,124081,97109,26972,0.2174,2824,3452,0.0646
3522307,117925.0,91375.0,26550.0,0.2251,2651.0,2952.0,0.0613,117917.0,92420.0,25497.0,0.2162,2207.0,3545.0,0.0622,114451,89745,24706,0.2159,2465,2952,0.0604
3522406,71937.0,54583.0,17354.0,0.2412,1536.0,1498.0,0.0556,71963.0,55289.0,16674.0,0.2317,1339.0,1725.0,0.0554,68478,52193,16285,0.2378,1514,1386,0.0556
3522505,164056.0,130592.0,33464.0,0.204,3420.0,4460.0,0.0603,164041.0,129963.0,34078.0,0.2077,3000.0,4751.0,0.0596,168609,127450,41159,0.2441,4218,4303,0.0669
3522604,57417.0,44333.0,13084.0,0.2279,1424.0,2126.0,0.0801,57426.0,45092.0,12334.0,0.2148,1030.0,2305.0,0.074,53362,42746,10616,0.1989,1395,1863,0.0762
3522703,31352.0,23154.0,8198.0,0.2615,585.0,662.0,0.0539,31350.0,23779.0,7571.0,0.2415,409.0,709.0,0.047,28904,22621,6283,0.2174,541,567,0.049
3522802,11620.0,8510.0,3110.0,0.2676,176.0,209.0,0.0452,11618.0,8800.0,2818.0,0.2426,189.0,264.0,0.0515,11006,8332,2674,0.243,177,207,0.0461
3522901,10185.0,7869.0,2316.0,0.2274,189.0,211.0,0.0508,10184.0,7904.0,2280.0,0.2239,187.0,265.0,0.0572,9473,7622,1851,0.1954,272,225,0.0652
3523008,3778.0,2628.0,1150.0,0.3044,48.0,73.0,0.046,3778.0,2621.0,1157.0,0.3062,38.0,84.0,0.0465,3647,2655,992,0.272,41,84,0.0471
3523107,251441.0,199510.0,51931.0,0.2065,5634.0,8271.0,0.0697,251442.0,199756.0,51686.0,0.2056,4654.0,8574.0,0.0662,258019,196053,61966,0.2402,6463,8213,0.0749
3523206,36467.0,26414.0,10053.0,0.2757,726.0,675.0,0.053,36473.0,26862.0,9611.0,0.2635,650.0,836.0,0.0553,33780,25369,8411,0.249,710,632,0.0529
3523305,9764.0,6970.0,2794.0,0.2862,112.0,192.0,0.0436,9764.0,6966.0,2798.0,0.2866,108.0,243.0,0.0504,9789,7164,2625,0.2682,123,210,0.0465
3523404,85610.0,67969.0,17641.0,0.2061,1541.0,2039.0,0.0527,85609.0,68490.0,17119.0,0.2,1387.0,2466.0,0.0563,85162,68525,16637,0.1954,1459,2018,0.0507
3523503,13875.0,10969.0,2906.0,0.2094,331.0,444.0,0.0707,13877.0,11093.0,2784.0,0.2006,239.0,474.0,0.0643,14071,10707,3364,0.2391,328,398,0.0678
3523602,10159.0,7903.0,2256.0,0.2221,187.0,240.0,0.054,10160.0,7971.0,2189.0,0.2155,159.0,261.0,0.0527,10400,7821,2579,0.248,216,263,0.0612
3523701,5088.0,3830.0,1258.0,0.2472,75.0,96.0,0.0446,5088.0,3914.0,1174.0,0.2307,53.0,105.0,0.0404,5150,3797,1353,0.2627,67,91,0.0416
3523800,6293.0,4920.0,1373.0,0.2182,142.0,130.0,0.0553,6293.0,4881.0,1412.0,0.2244,91.0,167.0,0.0529,6007,4736,1271,0.2116,160,129,0.061
3523909,127155.0,99228.0,27927.0,0.2196,2048.0,3530.0,0.0562,127124.0,99583.0,27541.0,0.2166,1879.0,4049.0,0.0595,128825,97582,31243,0.2425,2273,3374,0.0579
3524006,45119.0,35822.0,9297.0,0.2061,745.0,1202.0,0.0544,45126.0,35994.0,9132.0,0.2024,605.0,1352.0,0.0544,48390,37573,10817,0.2235,831,1208,0.0543
3524105,29972.0,21746.0,8226.0,0.2745,415.0,540.0,0.0439,29977.0,22194.0,7783.0,0.2596,381.0,655.0,0.0467,27366,20862,6504,0.2377,452,555,0.0483
3524204,5223.0,4201.0,1022.0,0.1957,97.0,127.0,0.0533,5223.0,4257.0,966.0,0.185,79.0,118.0,0.0463,5006,4025,981,0.196,100,136,0.0586
3524303,55023.0,40650.0,14373.0,0.2612,825.0,973.0,0.0442,55033.0,41404.0,13629.0,0.2477,791.0,1296.0,0.0504,50931,39215,11716,0.23,832,937,0.0451
3524402,176928.0,138986.0,37942.0,0.2144,2696.0,4244.0,0.0499,176960.0,140452.0,36508.0,0.2063,2598.0,5275.0,0.0561,171394,136930,34464,0.2011,2880,4011,0.0503
3524501,5765.0,4494.0,1271.0,0.2205,79.0,115.0,0.0432,5767.0,4611.0,1156.0,0.2005,62.0,135.0,0.0427,5828,4526,1302,0.2234,91,141,0.0513
3524600,13562.0,9582.0,3980.0,0.2935,156.0,208.0,0.038,13562.0,9665.0,3897.0,0.2873,142.0,268.0,0.0424,12334,9302,3032,0.2458,159,219,0.0406
3524709,44927.0,35187.0,9740.0,0.2168,746.0,995.0,0.0495,44930.0,35295.0,9635.0,0.2144,673.0,1243.0,0.0543,45186,35856,9330,0.2065,832,1031,0.052
3524808,38429.0,29429.0,9000.0,0.2342,667.0,1020.0,0.0573,38436.0,29972.0,8464.0,0.2202,500.0,1050.0,0.0517,36025,28481,7544,0.2094,628,895,0.0535
3524907,4961.0,3951.0,1010.0,0.2036,71.0,96.0,0.0423,4962.0,3954.0,1008.0,0.2031,61.0,123.0,0.0465,4996,3951,1045,0.2092,72,113,0.0468
3525003,81071.0,64430.0,16641.0,0.2053,1552.0,2087.0,0.0565,81076.0,64745.0,16331.0,0.2014,1429.0,2426.0,0.0595,76022,59943,16079,0.2115,1783,1943,0.0622
3525102,30537.0,22467.0,8070.0,0.2643,610.0,758.0,0.0609,30540.0,22981.0,7559.0,0.2475,438.0,871.0,0.057,29784,22642,7142,0.2398,723,739,0.0646
3525201,26388.0,19867.0,6521.0,0.2471,393.0,666.0,0.0533,26387.0,20131.0,6256.0,0.2371,348.0,771.0,0.0556,26768,20168,6600,0.2466,497,671,0.0579
3525300,105000.0,82380.0,22620.0,0.2154,2070.0,2548.0,0.0561,104987.0,83249.0,21738.0,0.2071,1621.0,2821.0,0.0534,98725,79752,18973,0.1922,2088,2320,0.0553
3525409,3041.0,2487.0,554.0,0.1822,30.0,53.0,0.0334,3041.0,2495.0,546.0,0.1795,33.0,65.0,0.0393,3344,2653,691,0.2066,32,72,0.0392
3525508,9958.0,7765.0,2193.0,0.2202,184.0,299.0,0.0622,9959.0,7879.0,2080.0,0.2089,159.0,350.0,0.0646,9451,7657,1794,0.1898,212,257,0.0613
3525607,3437.0,2732.0,705.0,0.2051,58.0,95.0,0.056,3437.0,2744.0,693.0,0.2016,38.0,108.0,0.0532,3518,2606,912,0.2592,57,111,0.0645
3525706,28351.0,21634.0,6717.0,0.2369,462.0,509.0,0.0449,28356.0,22171.0,6185.0,0.2181,333.0,605.0,0.0423,27281,21248,6033,0.2211,480,495,0.0459
3525805,3791.0,3015.0,776.0,0.2047,64.0,75.0,0.0461,3790.0,2988.0,802.0,0.2116,52.0,83.0,0.0452,3690,2791,899,0.2436,90,90,0.0645
3525904,331825.0,267799.0,64026.0,0.193,5055.0,10319.0,0.0574,331774.0,268622.0,63152.0,0.1903,5015.0,12172.0,0.064,337851,266331,71520,0.2117,5158,9341,0.0544
3526001,13887.0,10812.0,3075.0,0.2214,216.0,364.0,0.0536,13889.0,11005.0,2884.0,0.2076,181.0,360.0,0.0492,14112,10703,3409,0.2416,237,293,0.0495
3526100,17109.0,11385.0,5724.0,0.3346,206.0,307.0,0.0451,17109.0,11378.0,5731.0,0.335,194.0,405.0,0.0526,15229,10975,4254,0.2793,207,335,0.0494
3526209,23898.0,18153.0,5745.0,0.2404,368.0,572.0,0.0518,23901.0,18168.0,5733.0,0.2399,394.0,687.0,0.0595,22815,17904,4911,0.2153,448,611,0.0591
3526308,5295.0,4215.0,1080.0,0.204,99.0,127.0,0.0536,5296.0,4209.0,1087.0,0.2052,95.0,141.0,0.0561,5475,4282,1193,0.2179,106,122,0.0532
3526407,22067.0,16625.0,5442.0,0.2466,380.0,461.0,0.0506,22070.0,16765.0,5305.0,0.2404,283.0,571.0,0.0509,20780,15961,4819,0.2319,345,449,0.0497
3526506,3954.0,3058.0,896.0,0.2266,70.0,96.0,0.0543,3956.0,3096.0,860.0,0.2174,57.0,112.0,0.0546,3884,3010,874,0.225,67,104,0.0568
3526605,6283.0,5061.0,1222.0,0.1945,92.0,170.0,0.0518,6283.0,5065.0,1218.0,0.1939,90.0,189.0,0.0551,6102,5026,1076,0.1763,127,196,0.0643
3526704,75657.0,58777.0,16880.0,0.2231,1511.0,2336.0,0.0655,75658.0,59784.0,15874.0,0.2098,1134.0,2646.0,0.0632,72901,57445,15456,0.212,1622,2061,0.0641
3526803,51350.0,40747.0,10603.0,0.2065,956.0,1266.0,0.0545,51354.0,41192.0,10162.0,0.1979,793.0,1455.0,0.0546,50784,40096,10688,0.2105,956,1143,0.0523
3526902,230581.0,182755.0,47826.0,0.2074,3414.0,5640.0,0.0495,230567.0,185674.0,44893.0,0.1947,2912.0,6636.0,0.0514,219483,180045,39438,0.1797,3339,5256,0.0477
3527009,5912.0,4673.0,1239.0,0.2096,60.0,155.0,0.046,5914.0,4696.0,1218.0,0.206,49.0,175.0,0.0477,5869,4717,1152,0.1963,59,172,0.049
3527108,57956.0,42957.0,14999.0,0.2588,904.0,1270.0,0.0506,57967.0,43492.0,14475.0,0.2497,693.0,1412.0,0.0484,53771,40399,13372,0.2487,912,1124,0.0504
3527207,64985.0,50321.0,14664.0,0.2257,1041.0,1235.0,0.0452,64982.0,51039.0,13943.0,0.2146,950.0,1630.0,0.0505,61172,49285,11887,0.1943,1079,1208,0.0464
3527306,37266.0,30666.0,6600.0,0.1771,571.0,835.0,0.0458,37271.0,30933.0,6338.0,0.1701,577.0,980.0,0.0503,39253,31018,8235,0.2098,566,762,0.0428
3527405,13547.0,10432.0,3115.0,0.2299,207.0,294.0,0.048,13544.0,10621.0,2923.0,0.2158,172.0,346.0,0.0488,13549,9986,3563,0.263,210,274,0.0485
3527504,2126.0,1693.0,433.0,0.2037,36.0,34.0,0.0413,2126.0,1664.0,462.0,0.2173,27.0,43.0,0.0421,2146,1647,499,0.2325,29,38,0.0407
3527603,10202.0,7696.0,2506.0,0.2456,150.0,283.0,0.0563,10202.0,7712.0,2490.0,0.2441,115.0,285.0,0.0519,10065,7584,2481,0.2465,158,256,0.0546
3527702,3919.0,3031.0,888.0,0.2266,43.0,81.0,0.0409,3919.0,3101.0,818.0,0.2087,25.0,109.0,0.0432,3792,3025,767,0.2023,50,78,0.0423
3527801,3468.0,2675.0,793.0,0.2287,50.0,55.0,0.0393,3468.0,2695.0,773.0,0.2229,55.0,73.0,0.0475,3317,2529,788,0.2376,57,74,0.0518
3527900,2455.0,1928.0,527.0,0.2147,30.0,39.0,0.0358,2455.0,1949.0,506.0,0.2061,16.0,54.0,0.0359,2380,1872,508,0.2134,28,40,0.0363
3528007,13268.0,10583.0,2685.0,0.2024,314.0,278.0,0.0559,13272.0,10568.0,2704.0,0.2037,221.0,341.0,0.0532,12402,10061,2341,0.1888,301,268,0.0566
3528106,6157.0,4886.0,1271.0,0.2064,133.0,126.0,0.053,6157.0,4975.0,1182.0,0.192,122.0,163.0,0.0573,5924,4871,1053,0.1778,129,128,0.0528
3528205,3601.0,2843.0,758.0,0.2105,62.0,86.0,0.0521,3601.0,2890.0,711.0,0.1974,46.0,93.0,0.0481,4105,3059,1046,0.2548,59,77,0.0445
3528304,2659.0,2182.0,477.0,0.1794,17.0,54.0,0.0325,2660.0,2239.0,421.0,0.1583,20.0,48.0,0.0304,2793,2215,578,0.2069,49,49,0.0442
3528403,40227.0,31250.0,8977.0,0.2232,872.0,1199.0,0.0663,40224.0,31412.0,8812.0,0.2191,748.0,1368.0,0.0674,38466,30221,8245,0.2143,900,1184,0.069
3528502,65763.0,51549.0,14214.0,0.2161,1063.0,1841.0,0.0563,65766.0,51815.0,13951.0,0.2121,979.0,2134.0,0.0601,65733,51202,14531,0.2211,1289,1782,0.06
3528601,7445.0,5759.0,1686.0,0.2265,148.0,190.0,0.0587,7446.0,5793.0,1653.0,0.222,129.0,242.0,0.064,7096,5593,1503,0.2118,177,182,0.0642
3528700,3097.0,2323.0,774.0,0.2499,25.0,66.0,0.0392,3097.0,2326.0,771.0,0.249,28.0,70.0,0.0421,3188,2248,940,0.2949,30,50,0.0356
3528809,10916.0,8617.0,2299.0,0.2106,144.0,184.0,0.0381,10916.0,8677.0,2239.0,0.2051,139.0,204.0,0.0395,10406,8368,2038,0.1958,153,188,0.0408
3528908,3060.0,2406.0,654.0,0.2137,65.0,55.0,0.0499,3060.0,2423.0,637.0,0.2082,56.0,82.0,0.057,2872,2336,536,0.1866,63,65,0.0548
3529005,181995.0,139722.0,42273.0,0.2323,2999.0,4364.0,0.0527,181966.0,141502.0,40464.0,0.2224,2435.0,4864.0,0.0516,172936,132416,40520,0.2343,2971,4093,0.0533
3529104,1798.0,1427.0,371.0,0.2063,23.0,38.0,0.0427,1798.0,1435.0,363.0,0.2019,15.0,51.0,0.046,1754,1445,309,0.1762,29,39,0.0471
3529203,17919.0,14400.0,3519.0,0.1964,226.0,327.0,0.0384,17922.0,14645.0,3277.0,0.1828,196.0,385.0,0.0397,18046,13829,4217,0.2337,286,368,0.0473
3529302,66198.0,52222.0,13976.0,0.2111,1235.0,2004.0,0.062,66206.0,53045.0,13161.0,0.1988,998.0,2105.0,0.0585,63725,50300,13425,0.2107,1285,1697,0.0593
3529401,315813.0,254056.0,61757.0,0.1955,5314.0,11768.0,0.0672,315821.0,254902.0,60919.0,0.1929,4612.0,12700.0,0.0679,310407,240003,70404,0.2268,6344,10972,0.0721
3529500,5041.0,3902.0,1139.0,0.2259,51.0,107.0,0.0405,5041.0,4001.0,1040.0,0.2063,48.0,115.0,0.0407,5260,4092,1168,0.2221,72,129,0.0491
3529609,3643.0,2965.0,678.0,0.1861,57.0,88.0,0.0489,3644.0,2997.0,647.0,0.1776,55.0,123.0,0.0594,3765,2975,790,0.2098,53,83,0.0457
3529708,14751.0,11677.0,3074.0,0.2084,159.0,267.0,0.0365,14752.0,11913.0,2839.0,0.1924,146.0,290.0,0.0366,15123,11605,3518,0.2326,202,256,0.0395
3529807,9347.0,7193.0,2154.0,0.2304,259.0,225.0,0.0673,9349.0,7209.0,2140.0,0.2289,184.0,291.0,0.0659,8683,6804,1879,0.2164,253,238,0.0722
3529906,16726.0,11460.0,5266.0,0.3148,158.0,317.0,0.0414,16723.0,11559.0,5164.0,0.3088,169.0,396.0,0.0489,15311,11182,4129,0.2697,212,340,0.0494
3530003,2755.0,2079.0,676.0,0.2454,29.0,64.0,0.0447,2754.0,2082.0,672.0,0.244,26.0,62.0,0.0423,2892,2216,676,0.2337,33,58,0.0411
3530102,19999.0,14332.0,5667.0,0.2834,294.0,458.0,0.0525,20003.0,14608.0,5395.0,0.2697,232.0,549.0,0.0535,17999,13323,4676,0.2598,313,476,0.0592
3530201,13228.0,9919.0,3309.0,0.2502,128.0,179.0,0.031,13226.0,10088.0,3138.0,0.2373,123.0,223.0,0.0343,12713,9202,3511,0.2762,161,193,0.0385
3530300,45077.0,35019.0,10058.0,0.2231,669.0,1024.0,0.0483,45085.0,35750.0,9335.0,0.2071,589.0,1191.0,0.0498,43661,34490,9171,0.2101,799,937,0.0503
3530409,4084.0,3239.0,845.0,0.2069,60.0,83.0,0.0441,4084.0,3284.0,800.0,0.1959,46.0,102.0,0.0451,4130,3209,921,0.223,60,88,0.0461
3530508,53324.0,38721.0,14603.0,0.2739,1145.0,1558.0,0.0698,53333.0,39606.0,13727.0,0.2574,829.0,1809.0,0.0666,49126,37333,11793,0.2401,1166,1452,0.0701
3530607,333165.0,263359.0,69806.0,0.2095,6642.0,9761.0,0.0623,333140.0,262688.0,70452.0,0.2115,5983.0,11552.0,0.0668,334039,256542,77497,0.232,7368,9236,0.0647
3530706,120178.0,94156.0,26022.0,0.2165,2140.0,3545.0,0.0604,120164.0,95157.0,25007.0,0.2081,1724.0,3982.0,0.06,114358,91795,22563,0.1973,2146,3109,0.0572
3530805,71204.0,55385.0,15819.0,0.2222,1481.0,2078.0,0.0643,71218.0,56043.0,15175.0,0.2131,1137.0,2343.0,0.0621,67646,54055,13591,0.2009,1320,1759,0.057
3530904,3246.0,2565.0,681.0,0.2098,58.0,74.0,0.0515,3246.0,2570.0,676.0,0.2083,49.0,114.0,0.0634,3151,2498,653,0.2072,56,98,0.0616
3531001,2043.0,1613.0,430.0,0.2105,35.0,57.0,0.057,2044.0,1646.0,398.0,0.1947,29.0,67.0,0.0583,2121,1723,398,0.1876,29,45,0.0429
3531100,49835.0,35284.0,14551.0,0.292,638.0,1124.0,0.0499,49842.0,35209.0,14633.0,0.2936,583.0,1212.0,0.051,50491,34990,15501,0.307,863,1222,0.0596
3531209,6585.0,5173.0,1412.0,0.2144,115.0,234.0,0.0675,6586.0,5244.0,1342.0,0.2038,117.0,287.0,0.077,6336,5119,1217,0.1921,125,230,0.0693
3531308,38209.0,28692.0,9517.0,0.2491,770.0,920.0,0.0589,38217.0,29405.0,8812.0,0.2306,633.0,1111.0,0.0593,36025,27876,8149,0.2262,747,793,0.0552
3531407,17828.0,13563.0,4265.0,0.2392,303.0,407.0,0.0523,17836.0,13871.0,3965.0,0.2223,237.0,463.0,0.0505,16980,13147,3833,0.2257,302,371,0.0512
3531506,14198.0,11404.0,2794.0,0.1968,263.0,326.0,0.0516,14198.0,11499.0,2699.0,0.1901,243.0,396.0,0.0556,14242,11195,3047,0.2139,267,319,0.0523
3531605,3488.0,2804.0,684.0,0.1961,29.0,54.0,0.0296,3488.0,2835.0,653.0,0.1872,29.0,71.0,0.0353,3327,2631,696,0.2092,41,69,0.0418
3531704,3959.0,3071.0,888.0,0.2243,46.0,82.0,0.0417,3958.0,3123.0,835.0,0.211,60.0,99.0,0.0509,3833,3083,750,0.1957,53,100,0.0496
3531803,47441.0,36317.0,11124.0,0.2345,851.0,1295.0,0.0591,47446.0,36709.0,10737.0,0.2263,734.0,1406.0,0.0583,47316,36862,10454,0.2209,1042,1294,0.0634
3531902,21173.0,16190.0,4983.0,0.2353,317.0,580.0,0.0554,21175.0,16388.0,4787.0,0.2261,267.0,671.0,0.0572,20181,15877,4304,0.2133,388,572,0.0605
3532009,10761.0,8636.0,2125.0,0.1975,215.0,306.0,0.0603,10761.0,8737.0,2024.0,0.1881,150.0,333.0,0.0553,10613,8626,1987,0.1872,174,311,0.0562
3532108,3492.0,2729.0,763.0,0.2185,40.0,98.0,0.0506,3494.0,2770.0,724.0,0.2072,36.0,68.0,0.0375,3341,2578,763,0.2284,51,75,0.0489
3532207,4462.0,3550.0,912.0,0.2044,45.0,62.0,0.0301,4462.0,3601.0,861.0,0.193,66.0,82.0,0.0411,4458,3572,886,0.1987,63,72,0.0378
3532306,5995.0,4339.0,1656.0,0.2762,82.0,156.0,0.0549,5995.0,4360.0,1635.0,0.2727,60.0,182.0,0.0555,5669,4410,1259,0.2221,76,158,0.0531
3532405,15044.0,11467.0,3577.0,0.2378,326.0,478.0,0.0701,15044.0,11491.0,3553.0,0.2362,278.0,563.0,0.0732,14473,11394,3079,0.2127,298,440,0.0648
3532504,7684.0,5939.0,1745.0,0.2271,152.0,194.0,0.0583,7687.0,6065.0,1622.0,0.211,120.0,203.0,0.0533,7059,5640,1419,0.201,177,188,0.0647
3532603,7758.0,6154.0,1604.0,0.2068,98.0,140.0,0.0387,7759.0,6225.0,1534.0,0.1977,87.0,170.0,0.0413,7745,5912,1833,0.2367,121,125,0.0416
3532702,3948.0,2974.0,974.0,0.2467,54.0,65.0,0.04,3948.0,3028.0,920.0,0.233,40.0,73.0,0.0373,3881,3015,866,0.2231,54,79,0.0441
3532801,5211.0,4143.0,1068.0,0.205,59.0,112.0,0.0413,5213.0,4187.0,1026.0,0.1968,61.0,145.0,0.0492,5431,4199,1232,0.2268,77,144,0.0526
3532900,7777.0,6000.0,1777.0,0.2285,123.0,161.0,0.0473,7777.0,6069.0,1708.0,0.2196,115.0,202.0,0.0522,7172,5645,1527,0.2129,172,180,0.0624
3533007,15934.0,11998.0,3936.0,0.247,247.0,389.0,0.053,15931.0,12179.0,3752.0,0.2355,177.0,419.0,0.0489,14794,11257,3537,0.2391,246,353,0.0532
3533106,1985.0,1503.0,482.0,0.2428,23.0,49.0,0.0479,1985.0,1581.0,404.0,0.2035,18.0,63.0,0.0512,2019,1536,483,0.2392,33,52,0.0553
3533205,3249.0,2609.0,640.0,0.197,39.0,62.0,0.0387,3249.0,2634.0,615.0,0.1893,40.0,72.0,0.0425,3505,2637,868,0.2476,49,79,0.0485
3533304,2672.0,2181.0,491.0,0.1838,27.0,59.0,0.0394,2672.0,2167.0,505.0,0.189,30.0,67.0,0.0448,2635,2101,534,0.2027,42,58,0.0476
3533403,47848.0,38275.0,9573.0,0.2001,723.0,1195.0,0.0501,47846.0,38676.0,9170.0,0.1917,673.0,1418.0,0.0541,47408,38977,8431,0.1778,740,1076,0.0466
3533502,30229.0,22606.0,7623.0,0.2522,429.0,487.0,0.0405,30235.0,22783.0,7452.0,0.2465,381.0,604.0,0.0432,28606,21686,6920,0.2419,437,477,0.0421
3533601,5941.0,4670.0,1271.0,0.2139,89.0,150.0,0.0512,5942.0,4746.0,1196.0,0.2013,80.0,148.0,0.048,6023,4706,1317,0.2187,111,158,0.0572
3533700,3292.0,2686.0,606.0,0.1841,51.0,89.0,0.0521,3292.0,2725.0,567.0,0.1722,35.0,100.0,0.0495,3441,2626,815,0.2368,43,67,0.0419
3533809,2541.0,1927.0,614.0,0.2416,48.0,57.0,0.0545,2541.0,1951.0,590.0,0.2322,42.0,75.0,0.06,2420,1929,491,0.2029,36,54,0.0467
3533908,43512.0,32775.0,10737.0,0.2468,671.0,836.0,0.046,43519.0,33209.0,10310.0,0.2369,555.0,944.0,0.0451,41874,32569,9305,0.2222,765,872,0.0503
3534005,4138.0,3273.0,865.0,0.209,70.0,70.0,0.0428,4138.0,3297.0,841.0,0.2032,57.0,98.0,0.047,4387,3374,1013,0.2309,67,85,0.0451
3534104,5017.0,4156.0,861.0,0.1716,91.0,137.0,0.0549,5017.0,4188.0,829.0,0.1652,77.0,152.0,0.0547,5159,3989,1170,0.2268,88,135,0.0559
3534203,5007.0,3937.0,1070.0,0.2137,50.0,125.0,0.0445,5007.0,3994.0,1013.0,0.2023,52.0,133.0,0.0463,5003,3904,1099,0.2197,62,133,0.0499
3534302,31689.0,23992.0,7697.0,0.2429,539.0,928.0,0.0611,31701.0,24495.0,7206.0,0.2273,466.0,1015.0,0.0605,29493,23307,6186,0.2097,577,835,0.0606
3534401,588524.0,466617.0,121907.0,0.2071,9338.0,16344.0,0.055,588531.0,468991.0,119540.0,0.2031,8988.0,18962.0,0.0596,583991,447953,136038,0.2329,10881,15315,0.0585
3534500,2519.0,1936.0,583.0,0.2314,21.0,40.0,0.0315,2520.0,1928.0,592.0,0.2349,15.0,39.0,0.028,2450,1867,583,0.238,23,29,0.0279
3534609,24692.0,18133.0,6559.0,0.2656,380.0,500.0,0.0485,24698.0,18630.0,6068.0,0.2457,306.0,573.0,0.0472,22809,17277,5532,0.2425,358,444,0.0464
3534708,80867.0,61324.0,19543.0,0.2417,1350.0,1656.0,0.049,80877.0,61966.0,18911.0,0.2338,1137.0,1999.0,0.0506,76480,58680,17800,0.2327,1426,1647,0.0524
3534807,6147.0,4718.0,1429.0,0.2325,75.0,116.0,0.0405,6147.0,4813.0,1334.0,0.217,75.0,137.0,0.044,6097,4549,1548,0.2539,94,100,0.0426
3534906,8617.0,6204.0,2413.0,0.28,114.0,159.0,0.044,8621.0,6366.0,2255.0,0.2616,108.0,177.0,0.0448,7523,5763,1760,0.2339,112,161,0.0474
3535002,9193.0,6937.0,2256.0,0.2454,118.0,181.0,0.0431,9194.0,7070.0,2124.0,0.231,126.0,210.0,0.0475,8996,6852,2144,0.2383,150,182,0.0485
3535101,7852.0,6348.0,1504.0,0.1915,160.0,209.0,0.0581,7852.0,6420.0,1432.0,0.1824,108.0,227.0,0.0522,7352,6153,1199,0.1631,176,266,0.0718
3535200,7937.0,5772.0,2165.0,0.2728,116.0,132.0,0.043,7937.0,6002.0,1935.0,0.2438,107.0,153.0,0.0433,7437,5666,1771,0.2381,136,144,0.0494
3535309,17259.0,13023.0,4236.0,0.2454,258.0,306.0,0.0433,17265.0,13276.0,3989.0,0.231,215.0,376.0,0.0445,16108,12536,3572,0.2218,268,318,0.0467
3535408,10774.0,8312.0,2462.0,0.2285,157.0,243.0,0.0481,10775.0,8319.0,2456.0,0.2279,120.0,242.0,0.0435,9923,7852,2071,0.2087,188,235,0.0539
3535507,32522.0,24070.0,8452.0,0.2599,538.0,628.0,0.0484,32520.0,24525.0,7995.0,0.2458,462.0,760.0,0.0498,29958,22537,7421,0.2477,525,566,0.0484
3535606,14261.0,10848.0,3413.0,0.2393,158.0,255.0,0.0381,14262.0,11082.0,3180.0,0.223,165.0,343.0,0.0458,13836,10974,2862,0.2069,163,269,0.0394
3535705,4507.0,3782.0,725.0,0.1609,95.0,160.0,0.0674,4507.0,3809.0,698.0,0.1549,63.0,168.0,0.0606,4547,3751,796,0.1751,94,163,0.0685
3535804,14259.0,10958.0,3301.0,0.2315,232.0,324.0,0.0507,14259.0,11155.0,3104.0,0.2177,189.0,321.0,0.0457,13591,10925,2666,0.1962,206,320,0.0481
3535903,3425.0,2832.0,593.0,0.1731,56.0,55.0,0.0392,3425.0,2882.0,543.0,0.1585,47.0,79.0,0.0437,3392,2795,597,0.176,65,74,0.0497
3536000,8260.0,6222.0,2038.0,0.2467,171.0,184.0,0.0571,8259.0,6283.0,1976.0,0.2393,111.0,222.0,0.053,7605,5963,1642,0.2159,185,204,0.0652
3536109,5720.0,4430.0,1290.0,0.2255,93.0,166.0,0.0585,5720.0,4436.0,1284.0,0.2245,85.0,193.0,0.0627,6139,4535,1604,0.2613,89,149,0.0525
3536208,15599.0,11545.0,4054.0,0.2599,276.0,352.0,0.0544,15596.0,11607.0,3989.0,0.2558,228.0,419.0,0.0557,14302,11220,3082,0.2155,274,358,0.0563
3536307,10841.0,8201.0,2640.0,0.2435,159.0,178.0,0.0411,10843.0,8399.0,2444.0,0.2254,156.0,220.0,0.0448,10549,8172,2377,0.2253,173,185,0.0438
3536406,5949.0,4538.0,1411.0,0.2372,72.0,124.0,0.0432,5951.0,4609.0,1342.0,0.2255,61.0,124.0,0.0401,5955,4491,1464,0.2458,87,96,0.0407
3536505,84110.0,67297.0,16813.0,0.1999,1065.0,1804.0,0.0426,84113.0,67885.0,16228.0,0.1929,1091.0,2178.0,0.0482,89901,72666,17235,0.1917,1171,1727,0.0399
3536604,6424.0,4743.0,1681.0,0.2617,40.0,175.0,0.0453,6419.0,4808.0,1611.0,0.251,47.0,172.0,0.0455,6111,4465,1646,0.2694,66,170,0.0529
3536703,34557.0,26886.0,7671.0,0.222,623.0,779.0,0.0521,34573.0,27269.0,7304.0,0.2113,503.0,963.0,0.0538,32588,26187,6401,0.1964,672,735,0.0537
3536802,5212.0,3999.0,1213.0,0.2327,113.0,138.0,0.0628,5213.0,4092.0,1121.0,0.215,85.0,154.0,0.0584,4810,3826,984,0.2046,111,117,0.0596
3536901,2332.0,1916.0,416.0,0.1784,35.0,56.0,0.0475,2332.0,1950.0,382.0,0.1638,29.0,52.0,0.0415,2682,2064,618,0.2304,39,45,0.0407
3537008,11865.0,9596.0,2269.0,0.1912,172.0,287.0,0.0478,11866.0,9507.0,2359.0,0.1988,150.0,298.0,0.0471,12296,9508,2788,0.2267,214,291,0.0531
3537107,35307.0,27294.0,8013.0,0.227,649.0,1176.0,0.0669,35310.0,27576.0,7734.0,0.219,488.0,1270.0,0.0638,33383,26784,6599,0.1977,610,1048,0.0619
3537206,8427.0,5694.0,2733.0,0.3243,102.0,153.0,0.0448,8428.0,5663.0,2765.0,0.3281,94.0,186.0,0.0494,7891,5542,2349,0.2977,114,143,0.0464
3537305,47386.0,35338.0,12048.0,0.2543,702.0,1084.0,0.0505,47411.0,36123.0,11288.0,0.2381,610.0,1210.0,0.0504,43746,34393,9353,0.2138,668,989,0.0482
3537404,20476.0,14629.0,5847.0,0.2856,294.0,409.0,0.0481,20484.0,14863.0,5621.0,0.2744,240.0,448.0,0.0463,19125,13862,5263,0.2752,295,367,0.0478
3537503,6833.0,5066.0,1767.0,0.2586,125.0,153.0,0.0549,6830.0,5049.0,1781.0,0.2608,102.0,177.0,0.0553,6469,4973,1496,0.2313,115,154,0.0541
3537602,61567.0,43417.0,18150.0,0.2948,754.0,1353.0,0.0485,61581.0,43785.0,17796.0,0.289,706.0,1624.0,0.0532,59840,43174,16666,0.2785,899,1281,0.0505
3537701,4678.0,3674.0,1004.0,0.2146,40.0,115.0,0.0422,4678.0,3747.0,931.0,0.199,34.0,121.0,0.0414,4487,3525,962,0.2144,39,110,0.0423
3537800,43430.0,32264.0,11166.0,0.2571,993.0,997.0,0.0617,43429.0,32842.0,10587.0,0.2438,860.0,1243.0,0.064,42011,31515,10496,0.2498,965,1009,0.0626
3537909,23375.0,17835.0,5540.0,0.237,485.0,540.0,0.0575,23378.0,18238.0,5140.0,0.2199,393.0,592.0,0.054,22434,17046,5388,0.2402,451,520,0.057
3538006,122439.0,95696.0,26743.0,0.2184,2291.0,3193.0,0.0573,122417.0,96476.0,25941.0,0.2119,2092.0,3756.0,0.0606,119275,94638,24637,0.2066,2589,3122,0.0603
3538105,11407.0,8700.0,2707.0,0.2373,208.0,281.0,0.0562,11407.0,8909.0,2498.0,0.219,148.0,280.0,0.048,10497,8505,1992,0.1898,216,255,0.0554
3515186,33750.0,24938.0,8812.0,0.2611,612.0,875.0,0.0596,33761.0,25357.0,8404.0,0.2489,528.0,1077.0,0.0633,30946,23615,7331,0.2369,688,784,0.0623
3538204,11742.0,8821.0,2921.0,0.2488,267.0,393.0,0.0748,11743.0,9064.0,2679.0,0.2281,207.0,639.0,0.0933,11384,8920,2464,0.2164,266,353,0.0694
3538303,2966.0,2387.0,579.0,0.1952,34.0,65.0,0.0415,2966.0,2430.0,536.0,0.1807,25.0,84.0,0.0449,3115,2348,767,0.2462,45,86,0.0558
3538501,10064.0,7949.0,2115.0,0.2102,149.0,212.0,0.0454,10064.0,8023.0,2041.0,0.2028,135.0,262.0,0.0495,10045,7560,2485,0.2474,193,209,0.0532
3538600,22616.0,17402.0,5214.0,0.2305,386.0,554.0,0.054,22617.0,17563.0,5054.0,0.2235,339.0,775.0,0.0634,21552,17153,4399,0.2041,392,539,0.0543
3538709,308006.0,240088.0,67918.0,0.2205,5157.0,7547.0,0.0529,308001.0,242529.0,65472.0,0.2126,4394.0,8807.0,0.0544,311212,239268,71944,0.2312,5227,7086,0.0515
3538808,23939.0,17611.0,6328.0,0.2643,400.0,576.0,0.0554,23946.0,17847.0,6099.0,0.2547,349.0,709.0,0.0593,21986,16481,5505,0.2504,429,578,0.0611
3538907,16222.0,11972.0,4250.0,0.262,287.0,324.0,0.051,16220.0,11992.0,4228.0,0.2607,200.0,362.0,0.0469,14814,11332,3482,0.235,305,325,0.0556
3539004,8538.0,6559.0,1979.0,0.2318,167.0,219.0,0.0589,8539.0,6655.0,1884.0,0.2206,118.0,227.0,0.0518,7897,6247,1650,0.2089,161,162,0.0517
3539103,13266.0,10731.0,2535.0,0.1911,186.0,255.0,0.0411,13267.0,10624.0,2643.0,0.1992,191.0,302.0,0.0464,14158,10664,3494,0.2468,232,290,0.0489
3539202,21167.0,15903.0,5264.0,0.2487,279.0,395.0,0.0424,21178.0,16116.0,5062.0,0.239,265.0,411.0,0.0419,19385,15174,4211,0.2172,286,352,0.042
3539301,59126.0,45047.0,14079.0,0.2381,1137.0,1464.0,0.0577,59136.0,45694.0,13442.0,0.2273,939.0,1715.0,0.0581,55163,42950,12213,0.2214,1095,1332,0.0565
3539400,9596.0,7773.0,1823.0,0.19,176.0,199.0,0.0482,9606.0,7869.0,1737.0,0.1808,146.0,221.0,0.0466,10141,7958,2183,0.2153,149,196,0.0434
3539509,26820.0,20294.0,6526.0,0.2433,483.0,694.0,0.058,26822.0,20565.0,6257.0,0.2333,407.0,762.0,0.0568,24981,19797,5184,0.2075,549,674,0.0618
3539608,4144.0,3152.0,992.0,0.2394,44.0,90.0,0.0425,4144.0,3200.0,944.0,0.2278,34.0,88.0,0.0381,3962,3047,915,0.2309,38,105,0.0469
3539707,2712.0,2111.0,601.0,0.2216,45.0,47.0,0.0436,2712.0,2128.0,584.0,0.2153,34.0,51.0,0.0399,2775,2118,657,0.2368,36,50,0.0406
3539806,94810.0,75499.0,19311.0,0.2037,1685.0,2624.0,0.0571,94816.0,75636.0,19180.0,0.2023,1552.0,3012.0,0.0603,89811,72857,16954,0.1888,1815,2567,0.0601
3539905,4542.0,3477.0,1065.0,0.2345,70.0,96.0,0.0477,4543.0,3552.0,991.0,0.2181,50.0,118.0,0.0473,4510,3611,899,0.1993,83,105,0.0521
3540002,16834.0,13152.0,3682.0,0.2187,219.0,354.0,0.0436,16833.0,13283.0,3550.0,0.2109,191.0,430.0,0.0468,16138,12785,3353,0.2078,204,341,0.0426
3540101,3067.0,2388.0,679.0,0.2214,23.0,48.0,0.0297,3068.0,2401.0,667.0,0.2174,21.0,50.0,0.0296,2952,2316,636,0.2154,39,66,0.0453
3540200,29983.0,23681.0,6302.0,0.2102,674.0,1055.0,0.073,29982.0,23834.0,6148.0,0.2051,437.0,1075.0,0.0634,28287,23043,5244,0.1854,741,1018,0.0763
3540309,2364.0,1777.0,587.0,0.2483,25.0,42.0,0.0377,2365.0,1826.0,539.0,0.2279,29.0,47.0,0.0416,2368,1811,557,0.2352,28,41,0.0381
3540408,3773.0,2923.0,850.0,0.2253,43.0,81.0,0.0424,3773.0,2955.0,818.0,0.2168,41.0,102.0,0.0484,3679,2877,802,0.218,51,100,0.0525
3540507,7420.0,5541.0,1879.0,0.2532,129.0,189.0,0.0574,7420.0,5703.0,1717.0,0.2314,111.0,224.0,0.0587,7483,5656,1827,0.2442,125,198,0.0571
3540606,42572.0,32652.0,9920.0,0.233,871.0,850.0,0.0527,42574.0,33132.0,9442.0,0.2218,730.0,1109.0,0.0555,41162,32714,8448,0.2052,885,895,0.0544
3540705,42475.0,32419.0,10056.0,0.2368,866.0,1376.0,0.0692,42480.0,32811.0,9669.0,0.2276,728.0,1396.0,0.0647,39960,30811,9149,0.229,907,1043,0.0633
3540804,13674.0,10906.0,2768.0,0.2024,221.0,338.0,0.0513,13675.0,11123.0,2552.0,0.1866,179.0,347.0,0.0473,13860,10928,2932,0.2115,252,313,0.0517
3540903,13883.0,11013.0,2870.0,0.2067,226.0,415.0,0.0582,13884.0,11050.0,2834.0,0.2041,202.0,455.0,0.0595,13603,11248,2355,0.1731,261,393,0.0581
3541000,249419.0,190059.0,59360.0,0.238,3497.0,5583.0,0.0478,249393.0,190009.0,59384.0,0.2381,3236.0,6565.0,0.0516,265311,193212,72099,0.2718,4639,5853,0.0543
3541109,3451.0,2669.0,782.0,0.2266,43.0,55.0,0.0367,3451.0,2684.0,767.0,0.2223,39.0,92.0,0.0488,3391,2579,812,0.2395,29,87,0.045
3541208,11206.0,8165.0,3041.0,0.2714,149.0,147.0,0.0363,11215.0,8439.0,2776.0,0.2475,153.0,143.0,0.0351,10209,7593,2616,0.2562,141,159,0.0395
3541307,32006.0,22726.0,9280.0,0.2899,442.0,628.0,0.0471,32017.0,22993.0,9024.0,0.2819,388.0,683.0,0.0466,29804,21994,7810,0.262,475,563,0.0472
3541406,181282.0,135131.0,46151.0,0.2546,2365.0,3052.0,0.0401,181278.0,137457.0,43821.0,0.2417,2155.0,3628.0,0.0421,165528,128762,36766,0.2221,2337,2850,0.0403
3541505,28920.0,21341.0,7579.0,0.2621,360.0,584.0,0.0442,28919.0,21680.0,7239.0,0.2503,327.0,680.0,0.0464,26379,20105,6274,0.2378,440,528,0.0481
3541604,28436.0,20525.0,7911.0,0.2782,431.0,548.0,0.0477,28435.0,20975.0,7460.0,0.2624,358.0,658.0,0.0484,26512,19275,7237,0.273,451,603,0.0547
3541703,10124.0,7996.0,2128.0,0.2102,159.0,207.0,0.0458,10125.0,8101.0,2024.0,0.1999,133.0,243.0,0.0464,10121,7773,2348,0.232,148,175,0.0416
3541802,3288.0,2426.0,862.0,0.2622,50.0,61.0,0.0458,3288.0,2437.0,851.0,0.2588,37.0,71.0,0.0443,3299,2460,839,0.2543,41,67,0.0439
3541901,7172.0,5695.0,1477.0,0.2059,81.0,142.0,0.0392,7171.0,5690.0,1481.0,0.2065,78.0,176.0,0.0446,7112,5474,1638,0.2303,105,119,0.0409
3542008,5470.0,4275.0,1195.0,0.2185,74.0,126.0,0.0468,5472.0,4327.0,1145.0,0.2092,66.0,142.0,0.0481,5214,4073,1141,0.2188,81,130,0.0518
3542107,7412.0,5982.0,1430.0,0.1929,117.0,164.0,0.047,7412.0,6039.0,1373.0,0.1852,98.0,196.0,0.0487,7253,6047,1206,0.1663,110,177,0.0475
3542206,24482.0,18107.0,6375.0,0.2604,373.0,427.0,0.0442,24483.0,18288.0,6195.0,0.253,290.0,557.0,0.0463,22888,17380,5508,0.2407,349,383,0.0421
3542305,4236.0,3144.0,1092.0,0.2578,67.0,70.0,0.0436,4235.0,3213.0,1022.0,0.2413,60.0,96.0,0.0486,4304,3269,1035,0.2405,64,95,0.0486
3542404,15241.0,12425.0,2816.0,0.1848,208.0,311.0,0.0418,15243.0,12627.0,2616.0,0.1716,166.0,358.0,0.0415,15711,12378,3333,0.2121,245,302,0.0442
3542503,4977.0,3816.0,1161.0,0.2333,60.0,104.0,0.043,4975.0,3835.0,1140.0,0.2291,56.0,145.0,0.0524,4734,3698,1036,0.2188,85,109,0.0525
3542602,48243.0,35303.0,12940.0,0.2682,656.0,851.0,0.0427,48244.0,35268.0,12976.0,0.269,624.0,1172.0,0.0509,45214,34201,11013,0.2436,723,778,0.0439
3542701,6736.0,5175.0,1561.0,0.2317,80.0,114.0,0.0375,6737.0,5230.0,1507.0,0.2237,63.0,128.0,0.0365,6817,5160,1657,0.2431,104,114,0.0422
3542800,3027.0,2333.0,694.0,0.2293,27.0,52.0,0.0339,3028.0,2341.0,687.0,0.2269,30.0,59.0,0.038,2889,2212,677,0.2343,39,46,0.0384
3542909,9210.0,6661.0,2549.0,0.2768,159.0,238.0,0.0596,9210.0,6733.0,2477.0,0.2689,146.0,284.0,0.0639,8616,6308,2308,0.2679,174,234,0.0647
3543006,15076.0,11331.0,3745.0,0.2484,231.0,306.0,0.0474,15077.0,11496.0,3581.0,0.2375,265.0,361.0,0.0545,14335,11062,3273,0.2283,257,316,0.0518
3543105,4288.0,3268.0,1020.0,0.2379,52.0,79.0,0.0401,4288.0,3398.0,890.0,0.2076,43.0,96.0,0.0409,4387,3296,1091,0.2487,58,97,0.047
3543204,3804.0,3180.0,624.0,0.164,52.0,82.0,0.0421,3804.0,3234.0,570.0,0.1498,43.0,86.0,0.0399,3926,3186,740,0.1885,57,72,0.0405
3543303,90818.0,71956.0,18862.0,0.2077,1547.0,3011.0,0.0633,90834.0,72355.0,18479.0,0.2034,1380.0,3457.0,0.0669,85765,68809,16956,0.1977,1627,2785,0.0641
3543402,469562.0,362598.0,106964.0,0.2278,6247.0,13456.0,0.0543,469473.0,367001.0,102472.0,0.2183,5824.0,15030.0,0.0568,473134,360767,112367,0.2375,6806,12318,0.053
3543501,4636.0,3560.0,1076.0,0.2321,94.0,98.0,0.0539,4636.0,3616.0,1020.0,0.22,78.0,135.0,0.0589,4559,3590,969,0.2125,73,107,0.0501
3543600,4506.0,3414.0,1092.0,0.2423,32.0,74.0,0.031,4506.0,3445.0,1061.0,0.2355,31.0,65.0,0.0279,5127,3789,1338,0.261,61,53,0.0301
3543709,7697.0,5851.0,1846.0,0.2398,157.0,231.0,0.0663,7697.0,5865.0,1832.0,0.238,119.0,238.0,0.0609,7171,5498,1673,0.2333,173,237,0.0746
3543808,7700.0,5838.0,1862.0,0.2418,109.0,160.0,0.0461,7698.0,5952.0,1746.0,0.2268,91.0,181.0,0.0457,7452,5472,1980,0.2657,125,157,0.0515
3543907,156616.0,122454.0,34162.0,0.2181,2569.0,4938.0,0.0613,156604.0,124097.0,32507.0,0.2076,2161.0,5546.0,0.0621,151298,119236,32062,0.2119,2592,4556,0.0599
3544004,25076.0,20234.0,4842.0,0.1931,453.0,559.0,0.05,25076.0,20402.0,4674.0,0.1864,349.0,671.0,0.05,25297,20003,5294,0.2093,490,558,0.0524
3544103,35718.0,28235.0,7483.0,0.2095,786.0,1183.0,0.0697,35718.0,28182.0,7536.0,0.211,661.0,1238.0,0.0674,33722,26874,6848,0.2031,937,1140,0.0773
3544202,7319.0,5598.0,1721.0,0.2351,73.0,139.0,0.0379,7323.0,5635.0,1688.0,0.2305,69.0,161.0,0.0408,7103,5513,1590,0.2238,86,160,0.0446
3544301,8564.0,6926.0,1638.0,0.1913,138.0,155.0,0.0423,8568.0,6953.0,1615.0,0.1885,138.0,199.0,0.0485,8328,6837,1491,0.179,155,152,0.0449
3544400,2282.0,1873.0,409.0,0.1792,38.0,55.0,0.0497,2282.0,1854.0,428.0,0.1876,29.0,54.0,0.0448,2390,1813,577,0.2414,32,44,0.0419
3544509,3266.0,2436.0,830.0,0.2541,35.0,83.0,0.0484,3267.0,2472.0,795.0,0.2433,28.0,97.0,0.0506,3917,2976,941,0.2402,39,93,0.0444
3544608,4609.0,3329.0,1280.0,0.2777,71.0,137.0,0.0625,4609.0,3401.0,1208.0,0.2621,51.0,128.0,0.0526,4352,3170,1182,0.2716,78,112,0.0599
3544707,2094.0,1620.0,474.0,0.2264,25.0,51.0,0.0469,2094.0,1635.0,459.0,0.2192,26.0,57.0,0.0508,2091,1560,531,0.2539,40,44,0.0538
3544806,5140.0,3928.0,1212.0,0.2358,58.0,107.0,0.042,5140.0,4002.0,1138.0,0.2214,42.0,121.0,0.0407,5354,4162,1192,0.2226,63,108,0.0411
3544905,8322.0,6775.0,1547.0,0.1859,128.0,212.0,0.0502,8322.0,6806.0,1516.0,0.1822,120.0,257.0,0.0554,8527,6830,1697,0.199,165,230,0.0578
3545001,15403.0,11966.0,3437.0,0.2231,272.0,346.0,0.0516,15403.0,12055.0,3348.0,0.2174,262.0,453.0,0.0593,14725,11914,2811,0.1909,321,376,0.0585
3545100,4043.0,3103.0,940.0,0.2325,53.0,61.0,0.0367,4043.0,3133.0,910.0,0.2251,49.0,90.0,0.0444,3874,2931,943,0.2434,75,90,0.0563
3545209,97010.0,76805.0,20205.0,0.2083,1672.0,2674.0,0.0566,97030.0,77632.0,19398.0,0.1999,1478.0,3083.0,0.0588,95308,76046,19262,0.2021,1683,2544,0.0556
3545308,30702.0,24442.0,6260.0,0.2039,801.0,1069.0,0.0765,30705.0,24727.0,5978.0,0.1947,654.0,1124.0,0.0719,31402,23882,7520,0.2395,856,1000,0.0777
3545407,6364.0,5185.0,1179.0,0.1853,132.0,185.0,0.0611,6365.0,5203.0,1162.0,0.1826,97.0,200.0,0.0571,6580,5118,1462,0.2222,132,161,0.0572
3545506,3495.0,2623.0,872.0,0.2495,24.0,43.0,0.0255,3496.0,2642.0,854.0,0.2443,20.0,64.0,0.0318,4876,3421,1455,0.2984,35,74,0.0319
3545605,11753.0,8790.0,2963.0,0.2521,196.0,318.0,0.0585,11754.0,8806.0,2948.0,0.2508,151.0,306.0,0.0519,10828,8298,2530,0.2337,182,267,0.0541
3545704,5212.0,4077.0,1135.0,0.2178,83.0,115.0,0.0486,5212.0,4111.0,1101.0,0.2112,60.0,126.0,0.0452,5093,4097,996,0.1956,65,110,0.0427
3545803,146265.0,116641.0,29624.0,0.2025,2587.0,4149.0,0.0577,146263.0,117911.0,28352.0,0.1938,2255.0,4767.0,0.0596,138487,113037,25450,0.1838,2396,3468,0.0519
3500550,5357.0,3899.0,1458.0,0.2722,85.0,119.0,0.0523,5359.0,3945.0,1414.0,0.2639,61.0,137.0,0.0502,5392,4011,1381,0.2561,66,138,0.0509
3546009,12356.0,9337.0,3019.0,0.2443,192.0,287.0,0.0513,12358.0,9331.0,3027.0,0.2449,189.0,326.0,0.0552,11889,9146,2743,0.2307,195,236,0.0471
3546108,2376.0,1800.0,576.0,0.2424,24.0,42.0,0.0367,2381.0,1838.0,543.0,0.2281,22.0,54.0,0.0413,2441,1860,581,0.238,39,34,0.0392
3546207,4076.0,3230.0,846.0,0.2076,48.0,89.0,0.0424,4076.0,3248.0,828.0,0.2031,44.0,119.0,0.0502,4140,3244,896,0.2164,48,118,0.0512
3546306,21218.0,16936.0,4282.0,0.2018,425.0,628.0,0.0622,21220.0,17130.0,4090.0,0.1927,307.0,698.0,0.0587,21443,16335,5108,0.2382,490,590,0.0661
3546405,35845.0,26726.0,9119.0,0.2544,587.0,657.0,0.0465,35833.0,27189.0,8644.0,0.2412,512.0,864.0,0.0506,34041,25988,8053,0.2366,593,614,0.0464
3546504,5013.0,4114.0,899.0,0.1793,67.0,133.0,0.0486,5013.0,4138.0,875.0,0.1745,72.0,131.0,0.0491,5040,4072,968,0.1921,95,121,0.053
3546603,27029.0,20049.0,6980.0,0.2582,392.0,606.0,0.0498,27036.0,20416.0,6620.0,0.2449,345.0,662.0,0.0493,25810,19531,6279,0.2433,428,556,0.0504
3546702,18853.0,15266.0,3587.0,0.1903,329.0,463.0,0.0519,18853.0,15425.0,3428.0,0.1818,242.0,537.0,0.0505,19153,15369,3784,0.1976,289,440,0.0474
3546801,43162.0,33879.0,9283.0,0.2151,800.0,1312.0,0.0623,43158.0,33787.0,9371.0,0.2171,646.0,1485.0,0.0631,41696,33292,8404,0.2016,820,1206,0.0609
3546900,6813.0,5352.0,1461.0,0.2144,154.0,244.0,0.0744,6813.0,5354.0,1459.0,0.2141,120.0,259.0,0.0708,6326,4994,1332,0.2106,175,262,0.0875
3547007,4309.0,3307.0,1002.0,0.2325,81.0,102.0,0.0553,4310.0,3379.0,931.0,0.216,61.0,109.0,0.0503,4225,3204,1021,0.2417,81,101,0.0568
3547106,2743.0,1975.0,768.0,0.28,29.0,46.0,0.038,2743.0,1965.0,778.0,0.2836,35.0,55.0,0.0458,2679,2025,654,0.2441,44,42,0.0425
3547205,1595.0,1222.0,373.0,0.2339,21.0,39.0,0.0491,1595.0,1251.0,344.0,0.2157,15.0,38.0,0.0424,1925,1440,485,0.2519,24,45,0.0479
3547304,100571.0,81869.0,18702.0,0.186,1539.0,2039.0,0.0437,100574.0,82148.0,18426.0,0.1832,1657.0,2914.0,0.0556,111635,86413,25222,0.2259,1914,2312,0.0489
3547403,2482.0,1903.0,579.0,0.2333,33.0,42.0,0.0394,2482.0,1952.0,530.0,0.2135,41.0,47.0,0.0451,2471,1960,511,0.2068,42,34,0.0388
3547502,19995.0,15495.0,4500.0,0.2251,333.0,484.0,0.0527,19995.0,15741.0,4254.0,0.2128,289.0,530.0,0.052,19993,15060,4933,0.2467,310,388,0.0463
3547601,19797.0,14572.0,5225.0,0.2639,417.0,651.0,0.0733,19799.0,14820.0,4979.0,0.2515,340.0,721.0,0.0716,18030,13978,4052,0.2247,443,594,0.0742
3547700,15266.0,11958.0,3308.0,0.2167,235.0,366.0,0.0503,15266.0,12233.0,3033.0,0.1987,211.0,410.0,0.0508,15054,11263,3791,0.2518,263,331,0.0527
3547809,583180.0,461588.0,121592.0,0.2085,8128.0,18647.0,0.058,583219.0,463394.0,119825.0,0.2055,8394.0,21903.0,0.0654,573503,439659,133844,0.2334,9207,17309,0.0603
3547908,5366.0,4388.0,978.0,0.1823,85.0,140.0,0.0513,5366.0,4440.0,926.0,0.1726,60.0,165.0,0.0507,5700,4518,1182,0.2074,96,167,0.0582
3548005,17066.0,13392.0,3674.0,0.2153,331.0,363.0,0.0518,17067.0,13512.0,3555.0,0.2083,269.0,400.0,0.0495,16288,13173,3115,0.1912,352,356,0.0537
3548104,5441.0,4113.0,1328.0,0.2441,103.0,119.0,0.054,5441.0,4212.0,1229.0,0.2259,82.0,123.0,0.0487,5173,4033,1140,0.2204,124,130,0.063
3548203,6380.0,4947.0,1433.0,0.2246,142.0,159.0,0.0608,6382.0,5052.0,1330.0,0.2084,113.0,197.0,0.0614,6113,4986,1127,0.1844,136,172,0.0618
3548302,2761.0,2150.0,611.0,0.2213,26.0,62.0,0.0409,2762.0,2192.0,570.0,0.2064,26.0,78.0,0.0474,2682,2039,643,0.2397,31,60,0.0446
3548401,3241.0,2544.0,697.0,0.2151,49.0,87.0,0.0535,3244.0,2575.0,669.0,0.2062,42.0,72.0,0.0443,3231,2679,552,0.1708,33,76,0.0407
3548500,353658.0,273434.0,80224.0,0.2268,4014.0,7446.0,0.0419,353566.0,274188.0,79378.0,0.2245,4738.0,9883.0,0.0533,348832,263935,84897,0.2434,4535,7110,0.0441
3548609,9533.0,7314.0,2219.0,0.2328,191.0,268.0,0.0628,9532.0,7473.0,2059.0,0.216,163.0,329.0,0.0658,9073,7235,1838,0.2026,164,251,0.0574
3548708,639874.0,517048.0,122826.0,0.192,8833.0,19420.0,0.0546,639926.0,518576.0,121350.0,0.1896,9024.0,22400.0,0.0606,626647,490146,136501,0.2178,10847,19148,0.0612
3548807,146344.0,119310.0,27034.0,0.1847,1577.0,3250.0,0.0405,146352.0,120393.0,25959.0,0.1774,2158.0,4786.0,0.0577,147744,122421,25323,0.1714,1753,3153,0.0401
3548906,195107.0,151536.0,43571.0,0.2233,3496.0,6697.0,0.0673,195010.0,151889.0,43121.0,0.2211,3024.0,7176.0,0.0672,196964,150391,46573,0.2365,3915,6034,0.0662
3549003,2527.0,1907.0,620.0,0.2454,46.0,45.0,0.0477,2529.0,1955.0,574.0,0.227,31.0,54.0,0.0435,2505,1980,525,0.2096,34,52,0.0434
3549102,71386.0,54814.0,16572.0,0.2321,1254.0,1923.0,0.058,71394.0,55677.0,15717.0,0.2201,1067.0,2148.0,0.0577,67128,52797,14331,0.2135,1309,1613,0.0553
3549201,2273.0,1782.0,491.0,0.216,30.0,48.0,0.0438,2273.0,1820.0,453.0,0.1993,27.0,55.0,0.0451,2242,1819,423,0.1887,42,38,0.044
3549300,2021.0,1619.0,402.0,0.1989,17.0,34.0,0.0315,2021.0,1635.0,386.0,0.191,18.0,28.0,0.0281,1906,1519,387,0.203,20,29,0.0323
3549409,38026.0,28855.0,9171.0,0.2412,690.0,806.0,0.0518,38027.0,29385.0,8642.0,0.2273,583.0,959.0,0.0525,35828,27590,8238,0.2299,710,791,0.0544
3549508,6950.0,5049.0,1901.0,0.2735,129.0,145.0,0.0543,6950.0,5162.0,1788.0,0.2573,95.0,156.0,0.0486,6916,4945,1971,0.285,148,154,0.0611
3549607,3797.0,2948.0,849.0,0.2236,31.0,75.0,0.036,3800.0,2996.0,804.0,0.2116,41.0,104.0,0.0484,3579,2822,757,0.2115,47,92,0.0493
3549706,42621.0,31432.0,11189.0,0.2625,840.0,1008.0,0.0588,42637.0,31943.0,10694.0,0.2508,648.0,1176.0,0.0571,39191,29873,9318,0.2378,849,955,0.0604
3549805,345936.0,268891.0,77045.0,0.2227,4376.0,7778.0,0.0452,345863.0,273012.0,72851.0,0.2106,4174.0,9148.0,0.0488,344760,262952,81808,0.2373,4709,7193,0.0453
3549904,558868.0,447335.0,111533.0,0.1996,7745.0,11572.0,0.0432,558885.0,450595.0,108290.0,0.1938,8176.0,14808.0,0.051,540217,438934,101283,0.1875,8359,10858,0.0438
3550001,9970.0,7994.0,1976.0,0.1982,190.0,246.0,0.0545,9971.0,8060.0,1911.0,0.1917,192.0,308.0,0.062,10204,8061,2143,0.21,182,257,0.0545
3550100,31089.0,24041.0,7048.0,0.2267,731.0,949.0,0.0699,31088.0,24146.0,6942.0,0.2233,558.0,999.0,0.0645,29305,23139,6166,0.2104,816,929,0.0754
3550209,25654.0,19566.0,6088.0,0.2373,467.0,723.0,0.0608,25653.0,19895.0,5758.0,0.2245,435.0,749.0,0.0595,24440,18934,5506,0.2253,477,719,0.0632
3550308,9320706.0,7339532.0,1981174.0,0.2126,152752.0,294142.0,0.0609,9320585.0,7372124.0,1948461.0,0.209,153859.0,348860.0,0.0682,9145124,7006411,2138713,0.2339,174614,278977,0.0647
3550407,27195.0,20651.0,6544.0,0.2406,401.0,562.0,0.0466,27188.0,20853.0,6335.0,0.233,335.0,680.0,0.0487,28554,21314,7240,0.2536,377,596,0.0457
3550506,5735.0,4464.0,1271.0,0.2216,91.0,105.0,0.0439,5735.0,4553.0,1182.0,0.2061,65.0,113.0,0.0391,5673,4459,1214,0.214,81,96,0.0397
3550605,63506.0,48153.0,15353.0,0.2418,1357.0,1660.0,0.0627,63512.0,48423.0,15089.0,0.2376,1219.0,1926.0,0.0649,60260,46767,13493,0.2239,1370,1693,0.0655
3550704,66365.0,51276.0,15089.0,0.2274,865.0,1326.0,0.0427,66377.0,51092.0,15285.0,0.2303,871.0,1564.0,0.0477,68037,52701,15336,0.2254,1060,1448,0.0476
3550803,8531.0,6694.0,1837.0,0.2153,144.0,255.0,0.0596,8538.0,6749.0,1789.0,0.2095,132.0,274.0,0.0602,8398,6450,1948,0.232,182,272,0.0704
3550902,12089.0,9129.0,2960.0,0.2449,194.0,308.0,0.055,12092.0,9092.0,3000.0,0.2481,146.0,405.0,0.0606,11158,8562,2596,0.2327,185,278,0.0541
3551009,259151.0,201308.0,57843.0,0.2232,3921.0,6070.0,0.0496,259161.0,199431.0,59730.0,0.2305,3499.0,7075.0,0.053,256025,189005,67020,0.2618,5041,5972,0.0583
3551108,7602.0,6014.0,1588.0,0.2089,156.0,255.0,0.0683,7602.0,6036.0,1566.0,0.206,123.0,287.0,0.0679,7398,5972,1426,0.1928,141,229,0.062
3551207,3168.0,2456.0,712.0,0.2247,32.0,72.0,0.0423,3168.0,2446.0,722.0,0.2279,27.0,83.0,0.045,3202,2378,824,0.2573,44,73,0.0492
3551306,3019.0,2380.0,639.0,0.2117,61.0,74.0,0.0567,3019.0,2431.0,588.0,0.1948,45.0,82.0,0.0522,3007,2434,573,0.1906,60,67,0.0522
3551405,7948.0,5988.0,1960.0,0.2466,99.0,176.0,0.0459,7950.0,5986.0,1964.0,0.247,87.0,162.0,0.0416,7366,5719,1647,0.2236,110,180,0.0507
3551504,34745.0,26857.0,7888.0,0.227,548.0,828.0,0.0512,34754.0,27231.0,7523.0,0.2165,423.0,909.0,0.0489,33570,26433,7137,0.2126,642,803,0.0547
3551603,23362.0,17545.0,5817.0,0.249,323.0,540.0,0.0492,23369.0,17701.0,5668.0,0.2425,277.0,695.0,0.0549,22277,17278,4999,0.2244,345,527,0.0505
3551702,96930.0,75450.0,21480.0,0.2216,1728.0,2889.0,0.0612,96953.0,76225.0,20728.0,0.2138,1388.0,3200.0,0.0602,93301,74755,18546,0.1988,2000,2702,0.0629
3551801,11283.0,7789.0,3494.0,0.3097,122.0,225.0,0.0446,11283.0,7812.0,3471.0,0.3076,122.0,265.0,0.0495,10260,7606,2654,0.2587,140,238,0.0497
3551900,12276.0,9616.0,2660.0,0.2167,260.0,242.0,0.0522,12276.0,9789.0,2487.0,0.2026,200.0,288.0,0.0499,11642,9609,2033,0.1746,201,229,0.0447
3552007,5406.0,4221.0,1185.0,0.2192,104.0,128.0,0.055,5407.0,4289.0,1118.0,0.2068,95.0,140.0,0.0548,5404,4324,1080,0.1999,113,120,0.0539
3552106,31323.0,24018.0,7305.0,0.2332,415.0,907.0,0.055,31329.0,24689.0,6640.0,0.2119,350.0,1068.0,0.0574,30482,24681,5801,0.1903,431,803,0.05
3552205,515096.0,422059.0,93037.0,0.1806,9079.0,17170.0,0.0622,515112.0,423764.0,91348.0,0.1773,8213.0,19142.0,0.0646,531342,420351,110991,0.2089,9929,16051,0.0618
3552304,6307.0,4827.0,1480.0,0.2347,84.0,140.0,0.0464,6307.0,4908.0,1399.0,0.2218,77.0,144.0,0.045,6041,4605,1436,0.2377,102,114,0.0469
3552403,198749.0,156244.0,42505.0,0.2139,3140.0,4795.0,0.0508,198720.0,157731.0,40989.0,0.2063,2648.0,5408.0,0.0511,199975,154690,45285,0.2265,3537,4485,0.0519
3552502,228799.0,183576.0,45223.0,0.1977,5036.0,7198.0,0.0666,228813.0,183080.0,45733.0,0.1999,4238.0,7999.0,0.0668,235588,181888,53700,0.2279,5789,6834,0.0694
3552601,9265.0,7305.0,1960.0,0.2115,178.0,296.0,0.0649,9266.0,7444.0,1822.0,0.1966,127.0,304.0,0.0579,8762,7108,1654,0.1888,181,259,0.0619
3552700,11613.0,8828.0,2785.0,0.2398,256.0,289.0,0.0617,11614.0,9010.0,2604.0,0.2242,160.0,339.0,0.0554,10716,8467,2249,0.2099,258,261,0.0613
3552809,223824.0,178639.0,45185.0,0.2019,3685.0,6309.0,0.0559,223825.0,179813.0,44012.0,0.1966,3512.0,6809.0,0.0574,212014,170529,41485,0.1957,4282,6196,0.0614
3552908,4941.0,4151.0,790.0,0.1599,41.0,67.0,0.026,4941.0,4226.0,715.0,0.1447,42.0,71.0,0.0267,5069,4104,965,0.1904,48,83,0.0319
3553005,9229.0,7290.0,1939.0,0.2101,130.0,179.0,0.0424,9231.0,7352.0,1879.0,0.2036,102.0,202.0,0.0413,9253,7444,1809,0.1955,154,173,0.0439
3553104,4819.0,3674.0,1145.0,0.2376,76.0,116.0,0.0523,4817.0,3690.0,1127.0,0.234,60.0,112.0,0.0466,4509,3591,918,0.2036,104,101,0.0571
3553203,4752.0,3591.0,1161.0,0.2443,68.0,83.0,0.042,4754.0,3616.0,1138.0,0.2394,63.0,104.0,0.0462,4396,3489,907,0.2063,74,63,0.0393
3553302,15922.0,12650.0,3272.0,0.2055,287.0,399.0,0.0542,15918.0,12791.0,3127.0,0.1964,238.0,492.0,0.0571,15898,12384,3514,0.221,337,399,0.0594
3553401,20631.0,15952.0,4679.0,0.2268,218.0,389.0,0.0381,20644.0,16192.0,4452.0,0.2157,218.0,459.0,0.0418,19937,15638,4299,0.2156,281,373,0.0418
3553500,6538.0,4600.0,1938.0,0.2964,109.0,130.0,0.052,6538.0,4724.0,1814.0,0.2775,99.0,188.0,0.0608,6269,4627,1642,0.2619,108,123,0.0499
3553609,10468.0,7943.0,2525.0,0.2412,181.0,276.0,0.0575,10473.0,8022.0,2451.0,0.234,149.0,304.0,0.0565,9228,7432,1796,0.1946,203,315,0.0697
3553708,40729.0,30093.0,10636.0,0.2611,799.0,847.0,0.0547,40735.0,30696.0,10039.0,0.2464,713.0,993.0,0.0556,38620,29295,9325,0.2415,878,882,0.0601
3553807,17365.0,14063.0,3302.0,0.1902,486.0,355.0,0.0598,17368.0,14164.0,3204.0,0.1845,417.0,435.0,0.0602,18080,14294,3786,0.2094,468,383,0.0595
3553906,5602.0,4243.0,1359.0,0.2426,53.0,138.0,0.045,5605.0,4331.0,1274.0,0.2273,61.0,145.0,0.0476,5176,4110,1066,0.206,61,113,0.0423
3554003,92492.0,69055.0,23437.0,0.2534,1990.0,3235.0,0.0757,92496.0,70246.0,22250.0,0.2406,1712.0,3442.0,0.0734,88765,67073,21692,0.2444,1937,2847,0.0713
3554102,239069.0,186153.0,52916.0,0.2213,4061.0,5825.0,0.0531,239083.0,188214.0,50869.0,0.2128,3707.0,7013.0,0.057,239956,184434,55522,0.2314,4344,5736,0.0547
3554201,3745.0,2813.0,932.0,0.2489,37.0,72.0,0.0387,3745.0,2821.0,924.0,0.2467,38.0,63.0,0.0358,3456,2709,747,0.2161,49,74,0.0454
3554300,18314.0,13233.0,5081.0,0.2774,176.0,269.0,0.0336,18317.0,13490.0,4827.0,0.2635,185.0,350.0,0.0397,17020,12467,4553,0.2675,217,271,0.0391
3554409,6049.0,5048.0,1001.0,0.1655,110.0,158.0,0.0531,6050.0,5121.0,929.0,0.1536,98.0,180.0,0.0543,6363,5102,1261,0.1982,138,170,0.0604
3554508,30729.0,23641.0,7088.0,0.2307,451.0,782.0,0.0522,30726.0,23847.0,6879.0,0.2239,441.0,911.0,0.0567,29070,23157,5913,0.2034,437,718,0.0499
3554607,2411.0,1852.0,559.0,0.2319,28.0,83.0,0.0599,2411.0,1833.0,578.0,0.2397,30.0,86.0,0.0633,2427,1889,538,0.2217,34,67,0.0535
3554706,7367.0,5699.0,1668.0,0.2264,146.0,163.0,0.0542,7367.0,5712.0,1655.0,0.2247,89.0,198.0,0.0502,6691,5337,1354,0.2024,164,153,0.0594
3554805,30323.0,23711.0,6612.0,0.2181,503.0,674.0,0.0496,30328.0,23853.0,6475.0,0.2135,452.0,866.0,0.0553,29627,23668,5959,0.2011,530,687,0.0514
3554904,5142.0,3803.0,1339.0,0.2604,75.0,107.0,0.0479,5142.0,3890.0,1252.0,0.2435,77.0,116.0,0.0496,5256,4041,1215,0.2312,118,126,0.0604
3555000,50476.0,37430.0,13046.0,0.2585,683.0,988.0,0.0446,50488.0,38015.0,12473.0,0.247,565.0,1138.0,0.0448,47261,35999,11262,0.2383,706,928,0.0454
3555109,11448.0,8718.0,2730.0,0.2385,123.0,227.0,0.0401,11445.0,8845.0,2600.0,0.2272,112.0,253.0,0.0413,10833,8388,2445,0.2257,130,212,0.0408
3555208,1685.0,1288.0,397.0,0.2356,16.0,30.0,0.0357,1686.0,1322.0,364.0,0.2159,11.0,33.0,0.0333,1661,1285,376,0.2264,10,31,0.0319
3555307,1868.0,1428.0,440.0,0.2355,17.0,50.0,0.0469,1868.0,1446.0,422.0,0.2259,26.0,60.0,0.0595,1955,1500,455,0.2327,22,59,0.054
3555406,75891.0,56125.0,19766.0,0.2605,1105.0,1573.0,0.0477,75915.0,56524.0,19391.0,0.2554,935.0,1859.0,0.0494,77900,58669,19231,0.2469,1064,1591,0.0453
3555505,4189.0,3171.0,1018.0,0.243,57.0,68.0,0.0394,4190.0,3221.0,969.0,0.2313,43.0,69.0,0.0348,3995,2997,998,0.2498,52,62,0.038
3555604,8079.0,6400.0,1679.0,0.2078,139.0,243.0,0.0597,8080.0,6468.0,1612.0,0.1995,91.0,263.0,0.0547,8307,6431,1876,0.2258,154,236,0.0606
3555703,1614.0,1232.0,382.0,0.2367,17.0,23.0,0.0325,1614.0,1227.0,387.0,0.2398,15.0,30.0,0.0367,1703,1333,370,0.2173,14,26,0.03
3555802,6889.0,5489.0,1400.0,0.2032,147.0,189.0,0.0612,6884.0,5586.0,1298.0,0.1886,116.0,206.0,0.0576,6898,5589,1309,0.1898,137,166,0.0542
3555901,1509.0,1189.0,320.0,0.2121,16.0,30.0,0.0387,1510.0,1174.0,336.0,0.2225,15.0,34.0,0.0417,1622,1235,387,0.2386,16,43,0.0478
3556008,11166.0,8372.0,2794.0,0.2502,184.0,249.0,0.0517,11169.0,8632.0,2537.0,0.2271,128.0,296.0,0.0491,10624,8341,2283,0.2149,182,201,0.0459
3556107,10223.0,8013.0,2210.0,0.2162,189.0,239.0,0.0534,10224.0,8176.0,2048.0,0.2003,137.0,257.0,0.0482,10146,8186,1960,0.1932,156,219,0.0458
3556206,96227.0,75303.0,20924.0,0.2174,1478.0,2309.0,0.0503,96246.0,76625.0,19621.0,0.2039,1400.0,2932.0,0.0565,94676,76783,17893,0.189,1433,2192,0.0472
3556305,16852.0,12381.0,4471.0,0.2653,218.0,249.0,0.0377,16852.0,12736.0,4116.0,0.2442,187.0,301.0,0.0383,15952,11240,4712,0.2954,209,248,0.0407
3556404,32076.0,24376.0,7700.0,0.2401,834.0,770.0,0.0658,32081.0,24771.0,7310.0,0.2279,648.0,956.0,0.0648,30430,23353,7077,0.2326,785,671,0.0623
3556503,83453.0,68012.0,15441.0,0.185,1590.0,2768.0,0.0641,83460.0,68117.0,15343.0,0.1838,1305.0,2936.0,0.0623,84729,66602,18127,0.2139,1672,2476,0.0623
3556602,7774.0,6378.0,1396.0,0.1796,115.0,254.0,0.0579,7775.0,6458.0,1317.0,0.1694,93.0,288.0,0.059,7886,6174,1712,0.2171,123,225,0.0564
3556701,62933.0,50548.0,12385.0,0.1968,922.0,1360.0,0.0451,62935.0,51374.0,11561.0,0.1837,936.0,1775.0,0.0528,65669,51564,14105,0.2148,961,1297,0.0438
3556800,12907.0,10728.0,2179.0,0.1688,273.0,267.0,0.0503,12908.0,10918.0,1990.0,0.1542,211.0,291.0,0.046,13103,10717,2386,0.1821,238,288,0.0491
3556909,6135.0,4758.0,1377.0,0.2244,87.0,130.0,0.0456,6135.0,4863.0,1272.0,0.2073,70.0,137.0,0.0426,5990,4690,1300,0.217,128,145,0.0582
3557006,90779.0,73200.0,17579.0,0.1936,1807.0,2630.0,0.0606,90795.0,73727.0,17068.0,0.188,1555.0,2906.0,0.0605,92608,71340,21268,0.2297,1757,2399,0.0583
3557105,72557.0,55390.0,17167.0,0.2366,1097.0,1858.0,0.0533,72588.0,56520.0,16068.0,0.2214,931.0,2028.0,0.0524,68927,54426,14501,0.2104,990,1622,0.048
3556453,40794.0,32745.0,8049.0,0.1973,747.0,1014.0,0.0538,40789.0,32794.0,7995.0,0.196,674.0,1258.0,0.0589,42997,33334,9663,0.2247,828,1034,0.0559
1700251,2339.0,1899.0,440.0,0.1881,10.0,38.0,0.0253,2339.0,1815.0,524.0,0.224,9.0,25.0,0.0187,2525,2037,488,0.1933,13,52,0.0319
1717206,2189.0,1801.0,388.0,0.1772,9.0,52.0,0.0339,2189.0,1661.0,528.0,0.2412,9.0,25.0,0.0205,2394,1956,438,0.183,6,44,0.0256
1718550,3605.0,2911.0,694.0,0.1925,16.0,54.0,0.024,3605.0,2760.0,845.0,0.2344,23.0,53.0,0.0275,3503,2929,574,0.1639,13,60,0.0249
1706506,4105.0,3303.0,802.0,0.1954,23.0,74.0,0.0294,4105.0,3182.0,923.0,0.2248,30.0,62.0,0.0289,4743,3828,915,0.1929,23,102,0.0327
1713809,4080.0,3341.0,739.0,0.1811,28.0,89.0,0.035,4081.0,3156.0,925.0,0.2267,27.0,53.0,0.0253,4232,3438,794,0.1876,23,96,0.0346
1712801,3181.0,2598.0,583.0,0.1833,10.0,77.0,0.0335,3183.0,2512.0,671.0,0.2108,16.0,62.0,0.0311,3586,2907,679,0.1893,18,111,0.0444
1703826,1853.0,1455.0,398.0,0.2148,11.0,34.0,0.0309,1854.0,1347.0,507.0,0.2735,16.0,22.0,0.0282,2029,1661,368,0.1814,7,36,0.0259
1701051,2681.0,2124.0,557.0,0.2078,10.0,68.0,0.0367,2680.0,1967.0,713.0,0.266,14.0,44.0,0.0295,2806,2275,531,0.1892,14,49,0.0277
1715705,3759.0,3106.0,653.0,0.1737,13.0,88.0,0.0325,3760.0,2925.0,835.0,0.2221,24.0,54.0,0.0267,4317,3558,759,0.1758,21,118,0.0391
1703842,6082.0,5096.0,986.0,0.1621,29.0,140.0,0.0332,6083.0,4898.0,1185.0,0.1948,39.0,119.0,0.0323,6887,5710,1177,0.1709,34,182,0.0378
1720150,1593.0,1275.0,318.0,0.1996,6.0,37.0,0.0337,1595.0,1132.0,463.0,0.2903,10.0,21.0,0.0274,1852,1560,292,0.1577,7,56,0.0404
1711951,2992.0,2466.0,526.0,0.1758,9.0,81.0,0.0365,2992.0,2368.0,624.0,0.2086,15.0,67.0,0.0346,3307,2774,533,0.1612,19,104,0.0443
1703305,3208.0,2655.0,553.0,0.1724,20.0,66.0,0.0324,3208.0,2604.0,604.0,0.1883,20.0,54.0,0.0284,3672,3122,550,0.1498,21,104,0.04
1718881,2510.0,2037.0,473.0,0.1884,13.0,44.0,0.028,2510.0,1920.0,590.0,0.2351,14.0,33.0,0.0245,2546,2090,456,0.1791,4,50,0.0258
1715150,2047.0,1630.0,417.0,0.2037,14.0,57.0,0.0436,2043.0,1504.0,539.0,0.2638,10.0,28.0,0.0253,2099,1629,470,0.2239,14,83,0.0595
1718840,3342.0,2715.0,627.0,0.1876,16.0,78.0,0.0346,3342.0,2590.0,752.0,0.225,8.0,38.0,0.0178,3566,2769,797,0.2235,11,86,0.035
1720937,1931.0,1412.0,519.0,0.2688,7.0,55.0,0.0439,1931.0,1343.0,588.0,0.3045,9.0,34.0,0.032,2033,1488,545,0.2681,16,67,0.0558
1715259,2127.0,1709.0,418.0,0.1965,17.0,73.0,0.0527,2125.0,1656.0,469.0,0.2207,18.0,60.0,0.0471,2344,1819,525,0.224,11,63,0.0407
1720200,7793.0,6663.0,1130.0,0.145,40.0,163.0,0.0305,7793.0,6492.0,1301.0,0.1669,62.0,129.0,0.0294,9833,8416,1417,0.1441,54,194,0.0295
1708254,3061.0,2443.0,618.0,0.2019,18.0,56.0,0.0303,3061.0,2404.0,657.0,0.2146,29.0,51.0,0.0333,3073,2483,590,0.192,20,81,0.0407
1710904,3244.0,2684.0,560.0,0.1726,22.0,71.0,0.0346,3244.0,2569.0,675.0,0.2081,18.0,53.0,0.0276,3403,2873,530,0.1557,16,108,0.0432
1704105,1813.0,1538.0,275.0,0.1517,1.0,28.0,0.0189,1813.0,1429.0,384.0,0.2118,11.0,31.0,0.0294,1930,1592,338,0.1751,6,58,0.0402
1718501,2831.0,2349.0,482.0,0.1703,11.0,82.0,0.0396,2831.0,2227.0,604.0,0.2134,15.0,48.0,0.0283,2936,2485,451,0.1536,10,47,0.0229
1721307,1840.0,1428.0,412.0,0.2239,9.0,34.0,0.0301,1840.0,1355.0,485.0,0.2636,13.0,28.0,0.0303,1797,1457,340,0.1892,15,50,0.0446
1703602,1804.0,1517.0,287.0,0.1591,10.0,36.0,0.0303,1804.0,1430.0,374.0,0.2073,15.0,20.0,0.0245,1994,1666,328,0.1645,11,58,0.0414
1711803,2040.0,1722.0,318.0,0.1559,10.0,42.0,0.0302,2040.0,1606.0,434.0,0.2127,4.0,22.0,0.0162,2277,1869,408,0.1792,17,44,0.0326
1716307,3391.0,2709.0,682.0,0.2011,14.0,60.0,0.0273,3391.0,2551.0,840.0,0.2477,11.0,47.0,0.0227,3551,2897,654,0.1842,15,75,0.0311
1712702,1952.0,1602.0,350.0,0.1793,13.0,53.0,0.0412,1952.0,1554.0,398.0,0.2039,9.0,41.0,0.0322,2000,1588,412,0.206,13,52,0.0409
1720101,4506.0,3619.0,887.0,0.1968,14.0,86.0,0.0276,4506.0,3372.0,1134.0,0.2517,26.0,54.0,0.0237,5456,4377,1079,0.1978,41,107,0.0338
1707405,6013.0,4742.0,1271.0,0.2114,26.0,122.0,0.0312,6014.0,4598.0,1416.0,0.2355,43.0,86.0,0.0281,6625,5219,1406,0.2122,35,159,0.0372
1703867,3499.0,2834.0,665.0,0.1901,8.0,50.0,0.0205,3499.0,2763.0,736.0,0.2103,20.0,45.0,0.0235,3798,3047,751,0.1977,19,78,0.0318
1702158,3565.0,2889.0,676.0,0.1896,16.0,58.0,0.0256,3565.0,2732.0,833.0,0.2337,14.0,49.0,0.0231,3552,2919,633,0.1782,11,71,0.0281
1703883,2331.0,1911.0,420.0,0.1802,4.0,48.0,0.0272,2331.0,1832.0,499.0,0.2141,12.0,29.0,0.0224,2413,1973,440,0.1823,11,63,0.0375
1701309,4435.0,3635.0,800.0,0.1804,17.0,82.0,0.0272,4435.0,3457.0,978.0,0.2205,15.0,45.0,0.0174,4450,3646,804,0.1807,28,99,0.0348
1713957,2647.0,2209.0,438.0,0.1655,9.0,49.0,0.0263,2647.0,2091.0,556.0,0.21,7.0,37.0,0.021,2874,2365,509,0.1771,11,62,0.0309
1718865,5150.0,4190.0,960.0,0.1864,16.0,88.0,0.0248,5150.0,4042.0,1108.0,0.2151,25.0,64.0,0.022,5526,4527,999,0.1808,20,144,0.0362
1711506,2815.0,2234.0,581.0,0.2064,9.0,46.0,0.0246,2815.0,2163.0,652.0,0.2316,15.0,37.0,0.024,3092,2434,658,0.2128,20,71,0.0374
1720853,1618.0,1363.0,255.0,0.1576,7.0,29.0,0.0264,1619.0,1310.0,309.0,0.1909,13.0,24.0,0.0282,1762,1475,287,0.1629,10,53,0.0427
1711902,8512.0,6810.0,1702.0,0.2,35.0,104.0,0.0204,8513.0,6679.0,1834.0,0.2154,43.0,61.0,0.0156,10221,8235,1986,0.1943,30,128,0.0192
1720259,2358.0,1763.0,595.0,0.2523,5.0,54.0,0.0335,2358.0,1661.0,697.0,0.2956,9.0,48.0,0.0343,2701,1961,740,0.274,5,73,0.0398
1712009,3275.0,2585.0,690.0,0.2107,19.0,53.0,0.0279,3275.0,2468.0,807.0,0.2464,11.0,34.0,0.0182,3504,2843,661,0.1886,21,49,0.0246
1718709,2502.0,2035.0,467.0,0.1867,14.0,46.0,0.0295,2502.0,1944.0,558.0,0.223,21.0,26.0,0.0242,2668,2164,504,0.1889,13,76,0.0411
1703891,3062.0,2432.0,630.0,0.2057,10.0,78.0,0.0362,3062.0,2239.0,823.0,0.2688,8.0,40.0,0.0214,3567,2807,760,0.2131,17,114,0.0467
1718659,2040.0,1558.0,482.0,0.2363,9.0,32.0,0.0263,2040.0,1461.0,579.0,0.2838,7.0,30.0,0.0253,2139,1580,559,0.2613,15,46,0.0386
1721000,199700.0,165690.0,34010.0,0.1703,1567.0,3190.0,0.0287,199646.0,163388.0,36258.0,0.1816,1617.0,3095.0,0.0288,219783,183243,36540,0.1663,1849,3468,0.029
1721257,1886.0,1540.0,346.0,0.1835,14.0,62.0,0.0494,1885.0,1443.0,442.0,0.2345,13.0,47.0,0.0416,1851,1511,340,0.1837,17,45,0.041
1715507,1586.0,1219.0,367.0,0.2314,10.0,19.0,0.0238,1586.0,1175.0,411.0,0.2591,6.0,18.0,0.0204,1692,1383,309,0.1826,9,28,0.0268
1704600,2195.0,1806.0,389.0,0.1772,7.0,32.0,0.0216,2195.0,1698.0,497.0,0.2264,11.0,26.0,0.0218,2545,2012,533,0.2094,11,38,0.0244
1705102,2766.0,2228.0,538.0,0.1945,15.0,99.0,0.0512,2766.0,2107.0,659.0,0.2383,14.0,34.0,0.0228,3103,2481,622,0.2005,21,104,0.0504
1720978,2556.0,1980.0,576.0,0.2254,12.0,38.0,0.0253,2554.0,1900.0,654.0,0.2561,15.0,31.0,0.0242,2560,1935,625,0.2441,10,56,0.0341
1700301,3752.0,3064.0,688.0,0.1834,25.0,74.0,0.0323,3752.0,2989.0,763.0,0.2034,30.0,60.0,0.0301,3952,3162,790,0.1999,20,94,0.0361
1712454,2447.0,2066.0,381.0,0.1557,9.0,44.0,0.0257,2447.0,1924.0,523.0,0.2137,18.0,35.0,0.0275,2601,2196,405,0.1557,11,92,0.0469
1720002,2051.0,1720.0,331.0,0.1614,9.0,47.0,0.0326,2051.0,1639.0,412.0,0.2009,16.0,45.0,0.0372,2106,1710,396,0.188,12,59,0.0415
1718899,2021.0,1675.0,346.0,0.1712,9.0,29.0,0.0227,2019.0,1552.0,467.0,0.2313,17.0,20.0,0.0238,2126,1676,450,0.2117,8,32,0.0239
1706258,1599.0,1324.0,275.0,0.172,4.0,13.0,0.0128,1599.0,1288.0,311.0,0.1945,7.0,10.0,0.0132,1827,1466,361,0.1976,7,37,0.03
1713700,2374.0,1937.0,437.0,0.1841,11.0,30.0,0.0212,2374.0,1891.0,483.0,0.2035,13.0,22.0,0.0185,2559,2066,493,0.1927,18,59,0.0373
1718451,2049.0,1668.0,381.0,0.1859,11.0,61.0,0.0432,2049.0,1622.0,427.0,0.2084,12.0,39.0,0.0314,2328,1923,405,0.174,12,41,0.0276
1703057,2636.0,2225.0,411.0,0.1559,13.0,37.0,0.0225,2636.0,2131.0,505.0,0.1916,15.0,30.0,0.0211,2799,2389,410,0.1465,14,46,0.0251
1709807,1690.0,1457.0,233.0,0.1379,7.0,30.0,0.0254,1690.0,1324.0,366.0,0.2166,5.0,16.0,0.0159,1997,1603,394,0.1973,9,37,0.0287
1712157,1768.0,1431.0,337.0,0.1906,8.0,35.0,0.03,1764.0,1329.0,435.0,0.2466,15.0,22.0,0.0278,2002,1654,348,0.1738,13,64,0.0466
1703073,3599.0,2910.0,689.0,0.1914,15.0,92.0,0.0368,3599.0,2743.0,856.0,0.2378,16.0,66.0,0.0299,4021,3265,756,0.188,18,131,0.0456
5101837,,,,,,,,,,,,,,,4326,3245,1081,0.2499,21,35,0.0173
4108551,2734.0,2149.0,585.0,0.214,27.0,57.0,0.0391,2734.0,2134.0,600.0,0.2195,23.0,41.0,0.03,2850,2218,632,0.2218,27,41,0.0307
4100103,5940.0,4557.0,1383.0,0.2328,68.0,78.0,0.032,5942.0,4692.0,1250.0,0.2104,62.0,84.0,0.0311,5976,4452,1524,0.255,69,77,0.0328
4109757,5186.0,3954.0,1232.0,0.2376,52.0,53.0,0.0266,5186.0,3974.0,1212.0,0.2337,38.0,53.0,0.0229,5098,3991,1107,0.2171,65,79,0.0361
4100202,5449.0,4171.0,1278.0,0.2345,47.0,173.0,0.0527,5449.0,4117.0,1332.0,0.2444,44.0,68.0,0.0272,5781,4351,1430,0.2474,67,83,0.0345
4113452,4973.0,3996.0,977.0,0.1965,38.0,59.0,0.0243,4973.0,3999.0,974.0,0.1959,33.0,29.0,0.0155,5116,4026,1090,0.2131,49,48,0.0241
4100301,8005.0,6638.0,1367.0,0.1708,110.0,165.0,0.0414,8005.0,6597.0,1408.0,0.1759,84.0,119.0,0.0308,8981,7262,1719,0.1914,176,149,0.0448
4117453,4939.0,4052.0,887.0,0.1796,42.0,90.0,0.0326,4938.0,4059.0,879.0,0.178,36.0,64.0,0.0246,5332,4405,927,0.1739,66,78,0.0327
4100400,75146.0,59992.0,15154.0,0.2017,1413.0,1562.0,0.0496,75146.0,60346.0,14800.0,0.1969,1050.0,1258.0,0.0382,77677,59864,17813,0.2293,1600,1423,0.0505
4124020,9419.0,7581.0,1838.0,0.1951,97.0,139.0,0.0311,9420.0,7618.0,1802.0,0.1913,78.0,102.0,0.0236,10278,8260,2018,0.1963,104,116,0.0266
4100608,10838.0,8301.0,2537.0,0.2341,98.0,171.0,0.0324,10840.0,8555.0,2285.0,0.2108,91.0,150.0,0.0282,10406,7914,2492,0.2395,123,148,0.0342
4101051,2697.0,2192.0,505.0,0.1872,22.0,41.0,0.0287,2697.0,2246.0,451.0,0.1672,15.0,33.0,0.0214,2828,2356,472,0.1669,24,42,0.028
4100707,7395.0,5736.0,1659.0,0.2243,67.0,118.0,0.0323,7402.0,5866.0,1536.0,0.2075,65.0,108.0,0.0295,7426,5623,1803,0.2428,91,104,0.0347
4101150,2642.0,2229.0,413.0,0.1563,30.0,54.0,0.0377,2642.0,2240.0,402.0,0.1522,22.0,52.0,0.033,2817,2321,496,0.1761,36,44,0.0345
4100806,7034.0,5612.0,1422.0,0.2022,87.0,137.0,0.0399,7036.0,5742.0,1294.0,0.1839,62.0,90.0,0.0265,7430,5830,1600,0.2153,70,108,0.0305
4103024,2274.0,1985.0,289.0,0.1271,19.0,26.0,0.0227,2274.0,1961.0,313.0,0.1376,19.0,20.0,0.0199,2309,1942,367,0.1589,20,26,0.0237
4100905,3953.0,3250.0,703.0,0.1778,41.0,100.0,0.0434,3953.0,3272.0,681.0,0.1723,29.0,68.0,0.0296,4058,3144,914,0.2252,34,66,0.0318
4103222,2989.0,2507.0,482.0,0.1613,22.0,27.0,0.0195,2990.0,2507.0,483.0,0.1615,18.0,30.0,0.0191,3020,2562,458,0.1517,27,21,0.0187
4101002,14917.0,12197.0,2720.0,0.1823,154.0,156.0,0.0254,14919.0,12372.0,2547.0,0.1707,108.0,169.0,0.0224,14532,12167,2365,0.1627,176,252,0.0352
4103370,3079.0,2524.0,555.0,0.1803,42.0,55.0,0.0384,3080.0,2546.0,534.0,0.1734,23.0,43.0,0.0259,3350,2658,692,0.2066,31,47,0.0293
4101101,16516.0,12869.0,3647.0,0.2208,184.0,388.0,0.0444,16525.0,13069.0,3456.0,0.2091,148.0,384.0,0.0407,16359,12461,3898,0.2383,203,382,0.0469
4103479,4061.0,3281.0,780.0,0.1921,27.0,72.0,0.0302,4061.0,3291.0,770.0,0.1896,31.0,52.0,0.0252,4161,3278,883,0.2122,38,45,0.0253
4101200,15463.0,11877.0,3586.0,0.2319,208.0,238.0,0.0376,15462.0,11942.0,3520.0,0.2277,147.0,177.0,0.0271,15653,11626,4027,0.2573,201,163,0.0313
4104428,11621.0,9377.0,2244.0,0.1931,122.0,182.0,0.0324,11621.0,9376.0,2245.0,0.1932,86.0,121.0,0.0221,12050,9741,2309,0.1916,162,169,0.034
4101309,6659.0,5396.0,1263.0,0.1897,133.0,140.0,0.0506,6659.0,5468.0,1191.0,0.1789,88.0,86.0,0.0318,6911,5516,1395,0.2019,142,148,0.0526
4106571,3618.0,2984.0,634.0,0.1752,17.0,41.0,0.0194,3617.0,2932.0,685.0,0.1894,32.0,34.0,0.0225,3622,2910,712,0.1966,30,40,0.0241
4101408,94488.0,75388.0,19100.0,0.2021,1375.0,2207.0,0.0475,94482.0,76487.0,17995.0,0.1905,1086.0,1893.0,0.0389,94187,73788,20399,0.2166,1473,1841,0.0449
4107124,3240.0,2490.0,750.0,0.2315,20.0,35.0,0.0221,3240.0,2402.0,838.0,0.2586,19.0,24.0,0.0179,3479,2637,842,0.242,33,32,0.0246
4101507,82597.0,67121.0,15476.0,0.1874,1200.0,1910.0,0.0463,82608.0,68659.0,13949.0,0.1689,814.0,1588.0,0.035,84444,67094,17350,0.2055,1243,1505,0.041
4107538,3593.0,3093.0,500.0,0.1392,25.0,30.0,0.0178,3593.0,3054.0,539.0,0.15,21.0,25.0,0.0151,3721,3139,582,0.1564,24,30,0.0172
4101606,19325.0,15009.0,4316.0,0.2233,283.0,364.0,0.0431,19326.0,15285.0,4041.0,0.2091,215.0,216.0,0.0282,19003,14323,4680,0.2463,323,247,0.0398
4107553,2747.0,2280.0,467.0,0.17,26.0,54.0,0.0351,2747.0,2296.0,451.0,0.1642,26.0,40.0,0.0287,2837,2246,591,0.2083,37,37,0.0329
4101705,11237.0,8996.0,2241.0,0.1994,139.0,199.0,0.0376,11237.0,9114.0,2123.0,0.1889,124.0,195.0,0.035,10853,8853,2000,0.1843,144,195,0.0383
4107652,83570.0,65446.0,18124.0,0.2169,1462.0,1675.0,0.0479,83573.0,66078.0,17495.0,0.2093,1063.0,1391.0,0.0371,94019,72128,21891,0.2328,1859,1654,0.0487
4114906,7238.0,5786.0,1452.0,0.2006,110.0,124.0,0.0404,7238.0,5798.0,1440.0,0.1989,84.0,107.0,0.0329,7142,5563,1579,0.2211,109,101,0.0377
4107850,4476.0,3743.0,733.0,0.1638,46.0,49.0,0.0254,4476.0,3719.0,757.0,0.1691,41.0,31.0,0.0194,4381,3519,862,0.1968,47,64,0.0315
4101804,105019.0,86040.0,18979.0,0.1807,1806.0,2398.0,0.0489,105010.0,86584.0,18426.0,0.1755,1441.0,2161.0,0.0416,112066,89402,22664,0.2022,2261,2334,0.0514
4109658,4285.0,3544.0,741.0,0.1729,29.0,43.0,0.0203,4285.0,3525.0,760.0,0.1774,26.0,29.0,0.0156,4366,3492,874,0.2002,29,40,0.0198
4101903,12511.0,9756.0,2755.0,0.2202,153.0,227.0,0.039,12512.0,9892.0,2620.0,0.2094,144.0,176.0,0.0323,12321,9270,3051,0.2476,140,149,0.0312
4110052,2005.0,1658.0,347.0,0.1731,13.0,21.0,0.0205,2005.0,1673.0,332.0,0.1656,9.0,26.0,0.0209,2131,1763,368,0.1727,19,28,0.0267
4102109,20828.0,16060.0,4768.0,0.2289,221.0,341.0,0.035,20834.0,16603.0,4231.0,0.2031,176.0,270.0,0.0269,19627,15664,3963,0.2019,202,261,0.0296
4110656,2385.0,1891.0,494.0,0.2071,16.0,44.0,0.0317,2385.0,1912.0,473.0,0.1983,19.0,25.0,0.023,2427,1945,482,0.1986,18,42,0.0308
4102208,3560.0,2938.0,622.0,0.1747,23.0,60.0,0.0283,3561.0,2977.0,584.0,0.164,35.0,31.0,0.0222,3479,2853,626,0.1799,38,36,0.0259
4117297,2795.0,2401.0,394.0,0.141,36.0,52.0,0.0367,2795.0,2390.0,405.0,0.1449,36.0,41.0,0.0322,2996,2464,532,0.1776,41,49,0.0365
4102307,11578.0,9562.0,2016.0,0.1741,184.0,269.0,0.0474,11584.0,9690.0,1894.0,0.1635,153.0,215.0,0.038,12129,9934,2195,0.181,223,233,0.0459
4111258,20189.0,17318.0,2871.0,0.1422,297.0,270.0,0.0327,20193.0,17549.0,2644.0,0.1309,262.0,246.0,0.0289,21624,18183,3441,0.1591,417,309,0.0399
4102406,25023.0,19495.0,5528.0,0.2209,254.0,392.0,0.0331,25032.0,19823.0,5209.0,0.2081,215.0,296.0,0.0258,24411,18610,5801,0.2376,248,284,0.0286
4111555,5698.0,4511.0,1187.0,0.2083,40.0,77.0,0.0259,5698.0,4581.0,1117.0,0.196,52.0,64.0,0.0253,5439,4359,1080,0.1986,55,78,0.0305
4102505,8874.0,6702.0,2172.0,0.2448,83.0,179.0,0.0391,8876.0,6791.0,2085.0,0.2349,66.0,145.0,0.0311,8859,6664,2195,0.2478,103,184,0.0431
4113429,3526.0,2678.0,848.0,0.2405,41.0,67.0,0.0403,3526.0,2759.0,767.0,0.2175,24.0,56.0,0.029,3461,2860,601,0.1736,26,50,0.0266
4102604,7535.0,6060.0,1475.0,0.1958,47.0,99.0,0.0241,7537.0,6123.0,1414.0,0.1876,34.0,70.0,0.017,7600,6109,1491,0.1962,73,85,0.0259
4115358,5101.0,4261.0,840.0,0.1647,34.0,59.0,0.0218,5101.0,4326.0,775.0,0.1519,18.0,37.0,0.0127,5176,4379,797,0.154,42,33,0.0171
4102703,2621.0,2171.0,450.0,0.1717,32.0,53.0,0.0392,2621.0,2155.0,466.0,0.1778,31.0,33.0,0.0297,2805,2239,566,0.2018,37,48,0.038
4115739,3278.0,2609.0,669.0,0.2041,28.0,84.0,0.0429,3278.0,2640.0,638.0,0.1946,20.0,52.0,0.0273,3238,2567,671,0.2072,31,56,0.0339
4102802,12524.0,9911.0,2613.0,0.2086,151.0,242.0,0.0397,12527.0,10087.0,2440.0,0.1948,135.0,195.0,0.0327,12282,9270,3012,0.2452,164,202,0.0395
4115754,7337.0,5940.0,1397.0,0.1904,72.0,140.0,0.0357,7337.0,5814.0,1523.0,0.2076,57.0,92.0,0.0256,7691,6042,1649,0.2144,76,121,0.0326
4102901,12089.0,10052.0,2037.0,0.1685,181.0,193.0,0.0372,12089.0,9954.0,2135.0,0.1766,118.0,164.0,0.0283,12808,10386,2422,0.1891,211,225,0.042
4115853,4782.0,4104.0,678.0,0.1418,30.0,45.0,0.0183,4782.0,4123.0,659.0,0.1378,38.0,33.0,0.0172,4929,4258,671,0.1361,32,33,0.0153
4103008,3826.0,3139.0,687.0,0.1796,46.0,68.0,0.0363,3825.0,3203.0,622.0,0.1626,35.0,53.0,0.0275,3974,3222,752,0.1892,47,52,0.0307
4117057,7993.0,6449.0,1544.0,0.1932,55.0,91.0,0.0226,7993.0,6531.0,1462.0,0.1829,33.0,72.0,0.0161,8591,6765,1826,0.2125,59,129,0.0278
4103107,9710.0,7586.0,2124.0,0.2187,140.0,178.0,0.0419,9711.0,7691.0,2020.0,0.208,104.0,156.0,0.0338,10205,7649,2556,0.2505,199,171,0.0484
4117214,3600.0,2853.0,747.0,0.2075,49.0,61.0,0.0386,3600.0,2817.0,783.0,0.2175,39.0,63.0,0.0362,3758,2960,798,0.2123,44,62,0.0358
4103206,5246.0,4295.0,951.0,0.1813,60.0,140.0,0.0466,5246.0,4295.0,951.0,0.1813,45.0,95.0,0.0326,5316,4219,1097,0.2064,76,94,0.0403
4118451,4431.0,3758.0,673.0,0.1519,25.0,42.0,0.0178,4436.0,3725.0,711.0,0.1603,19.0,26.0,0.0121,4506,3808,698,0.1549,28,45,0.0192
4103305,6640.0,5288.0,1352.0,0.2036,61.0,116.0,0.0335,6641.0,5305.0,1336.0,0.2012,60.0,109.0,0.0319,6279,5169,1110,0.1768,73,92,0.0319
4119251,2212.0,1939.0,273.0,0.1234,15.0,19.0,0.0175,2212.0,1952.0,260.0,0.1175,15.0,17.0,0.0164,2579,2134,445,0.1725,32,34,0.0309
4103404,2181.0,1875.0,306.0,0.1403,19.0,67.0,0.0459,2181.0,1880.0,301.0,0.138,12.0,49.0,0.0324,2223,1837,386,0.1736,21,53,0.0403
4119657,2600.0,2063.0,537.0,0.2065,33.0,39.0,0.0349,2600.0,2106.0,494.0,0.19,18.0,26.0,0.0209,2622,2106,516,0.1968,31,34,0.0309
4103503,6869.0,5681.0,1188.0,0.173,100.0,121.0,0.0389,6870.0,5763.0,1107.0,0.1611,76.0,105.0,0.0314,6940,5618,1322,0.1905,120,129,0.0443
4120853,3796.0,3279.0,517.0,0.1362,23.0,39.0,0.0189,3799.0,3319.0,480.0,0.1263,11.0,34.0,0.0136,4065,3580,485,0.1193,15,21,0.0101
4103602,18103.0,14076.0,4027.0,0.2224,242.0,425.0,0.0474,18107.0,14350.0,3757.0,0.2075,143.0,386.0,0.0369,17864,13252,4612,0.2582,277,422,0.0527
4121257,3597.0,2752.0,845.0,0.2349,22.0,45.0,0.0243,3597.0,2742.0,855.0,0.2377,25.0,24.0,0.0179,3754,2915,839,0.2235,24,31,0.0189
4103701,74074.0,60009.0,14065.0,0.1899,1077.0,1800.0,0.0479,74085.0,60973.0,13112.0,0.177,841.0,1597.0,0.04,76178,59684,16494,0.2165,1186,1518,0.0453
4121356,2420.0,1889.0,531.0,0.2194,24.0,37.0,0.0323,2419.0,1940.0,479.0,0.198,18.0,28.0,0.0237,2352,1922,430,0.1828,22,40,0.0323
4103800,6148.0,5121.0,1027.0,0.167,82.0,123.0,0.04,6148.0,5202.0,946.0,0.1539,65.0,90.0,0.0298,6442,5192,1250,0.194,91,117,0.0401
4122156,11038.0,9023.0,2015.0,0.1826,82.0,96.0,0.0197,11038.0,8738.0,2300.0,0.2084,68.0,102.0,0.0195,11105,8541,2564,0.2309,125,139,0.0309
4103909,12292.0,9475.0,2817.0,0.2292,132.0,217.0,0.0368,12298.0,9672.0,2626.0,0.2135,136.0,208.0,0.0356,12371,9562,2809,0.2271,146,169,0.0329
4123824,3306.0,2615.0,691.0,0.209,23.0,37.0,0.0229,3306.0,2639.0,667.0,0.2018,33.0,29.0,0.0235,3289,2546,743,0.2259,28,53,0.0318
4104006,33375.0,27061.0,6314.0,0.1892,516.0,694.0,0.0447,33379.0,27381.0,5998.0,0.1797,357.0,528.0,0.0323,35488,27795,7693,0.2168,590,556,0.0412
4104055,3618.0,2932.0,686.0,0.1896,20.0,43.0,0.0215,3618.0,2950.0,668.0,0.1846,29.0,25.0,0.0183,3695,2888,807,0.2184,32,44,0.0263
4104105,6101.0,5121.0,980.0,0.1606,78.0,111.0,0.0369,6101.0,5109.0,992.0,0.1626,79.0,78.0,0.0307,6393,5237,1156,0.1808,92,75,0.0319
4123857,8787.0,6484.0,2303.0,0.2621,68.0,122.0,0.0293,8787.0,6506.0,2281.0,0.2596,52.0,96.0,0.0227,8019,6335,1684,0.21,87,149,0.0373
4104204,91175.0,74911.0,16264.0,0.1784,1725.0,2036.0,0.0502,91183.0,75545.0,15638.0,0.1715,1296.0,1686.0,0.0395,94798,76479,18319,0.1932,1795,1649,0.045
4123956,2710.0,2192.0,518.0,0.1911,18.0,30.0,0.0219,2710.0,2200.0,510.0,0.1882,17.0,25.0,0.0191,2710,2106,604,0.2229,22,33,0.0261
4104303,68917.0,55781.0,13136.0,0.1906,736.0,1104.0,0.033,68927.0,56567.0,12360.0,0.1793,748.0,935.0,0.0298,70262,56172,14090,0.2005,903,988,0.0337
4125555,1970.0,1616.0,354.0,0.1797,20.0,41.0,0.0377,1970.0,1643.0,327.0,0.166,16.0,25.0,0.025,2070,1673,397,0.1918,25,19,0.0263
4104402,11639.0,9219.0,2420.0,0.2079,157.0,254.0,0.0446,11638.0,9186.0,2452.0,0.2107,129.0,183.0,0.034,11738,9075,2663,0.2269,170,201,0.0409
4125753,5042.0,4009.0,1033.0,0.2049,40.0,99.0,0.0347,5042.0,4069.0,973.0,0.193,31.0,56.0,0.0214,5033,3999,1034,0.2054,51,102,0.0383
4104501,15850.0,12350.0,3500.0,0.2208,107.0,151.0,0.0209,15853.0,12606.0,3247.0,0.2048,92.0,161.0,0.0201,15204,12180,3024,0.1989,164,185,0.0287
4127882,5266.0,4157.0,1109.0,0.2106,66.0,109.0,0.0421,5266.0,4152.0,1114.0,0.2115,52.0,49.0,0.0243,5500,4269,1231,0.2238,68,85,0.0358
4104600,12365.0,9382.0,2983.0,0.2412,94.0,140.0,0.0249,12365.0,9522.0,2843.0,0.2299,78.0,133.0,0.0222,11861,9287,2574,0.217,122,152,0.0295
4128534,7286.0,6134.0,1152.0,0.1581,147.0,144.0,0.0474,7286.0,6158.0,1128.0,0.1548,118.0,119.0,0.0385,7525,6162,1363,0.1811,172,141,0.0508
4104709,11903.0,9166.0,2737.0,0.2299,139.0,285.0,0.0463,11902.0,9374.0,2528.0,0.2124,122.0,208.0,0.0352,12148,9214,2934,0.2415,153,223,0.0408
4128625,2990.0,2269.0,721.0,0.2411,34.0,40.0,0.0326,2991.0,2267.0,724.0,0.2421,26.0,40.0,0.0291,3269,2336,933,0.2854,29,27,0.024
4104808,234299.0,190650.0,43649.0,0.1863,2592.0,3643.0,0.0327,234353.0,192956.0,41397.0,0.1766,2204.0,3311.0,0.0286,239954,194330,45624,0.1901,2801,3041,0.0301
4128633,4873.0,3993.0,880.0,0.1806,87.0,116.0,0.0508,4873.0,4030.0,843.0,0.173,54.0,86.0,0.0347,5209,4089,1120,0.215,104,96,0.0489
4104907,54403.0,44651.0,9752.0,0.1793,1170.0,1058.0,0.0499,54399.0,44986.0,9413.0,0.173,805.0,853.0,0.0369,55971,44474,11497,0.2054,1273,903,0.0489
4128658,3492.0,2913.0,579.0,0.1658,34.0,56.0,0.0309,3492.0,2907.0,585.0,0.1675,41.0,44.0,0.0292,3584,2914,670,0.1869,33,40,0.0251
4105003,7433.0,5567.0,1866.0,0.251,97.0,126.0,0.0401,7434.0,5595.0,1839.0,0.2474,62.0,87.0,0.0266,7097,5507,1590,0.224,82,115,0.0358
4113254,4636.0,3632.0,1004.0,0.2166,31.0,49.0,0.022,4639.0,3591.0,1048.0,0.2259,33.0,45.0,0.0217,4694,3690,1004,0.2139,39,61,0.0271
4105102,8624.0,6812.0,1812.0,0.2101,92.0,177.0,0.0395,8624.0,6894.0,1730.0,0.2006,62.0,138.0,0.029,8551,6534,2017,0.2359,82,163,0.0375
4110953,9318.0,7672.0,1646.0,0.1766,63.0,110.0,0.0225,9318.0,7733.0,1585.0,0.1701,56.0,72.0,0.0166,9902,8239,1663,0.1679,78,93,0.0208
4105201,13220.0,10562.0,2658.0,0.2011,260.0,190.0,0.0426,13221.0,10668.0,2553.0,0.1931,194.0,212.0,0.0381,13491,10494,2997,0.2221,277,259,0.0511
4116950,4657.0,4005.0,652.0,0.14,50.0,34.0,0.021,4657.0,3980.0,677.0,0.1454,33.0,33.0,0.0166,5165,4335,830,0.1607,67,49,0.0268
4105409,16652.0,13537.0,3115.0,0.1871,148.0,251.0,0.0295,16654.0,13704.0,2950.0,0.1771,124.0,212.0,0.0245,16864,13477,3387,0.2008,206,242,0.0332
4119152,94844.0,77310.0,17534.0,0.1849,1377.0,1809.0,0.0412,94857.0,77664.0,17193.0,0.1813,1276.0,1774.0,0.0393,99265,79507,19758,0.199,1584,1503,0.0388
4105508,57792.0,45620.0,12172.0,0.2106,701.0,1006.0,0.0374,57804.0,46714.0,11090.0,0.1919,575.0,775.0,0.0289,58478,45860,12618,0.2158,717,732,0.0316
4126272,5235.0,4281.0,954.0,0.1822,44.0,61.0,0.0245,5237.0,4255.0,982.0,0.1875,37.0,57.0,0.0221,5302,4043,1259,0.2375,47,62,0.027
4105607,9289.0,7052.0,2237.0,0.2408,77.0,160.0,0.0336,9289.0,7109.0,2180.0,0.2347,60.0,122.0,0.0256,8899,6816,2083,0.2341,79,126,0.0301
4101853,2324.0,1922.0,402.0,0.173,17.0,37.0,0.0281,2326.0,1893.0,433.0,0.1862,20.0,18.0,0.0201,2527,2024,503,0.1991,27,39,0.0326
4105706,13106.0,10238.0,2868.0,0.2188,135.0,162.0,0.029,13106.0,10290.0,2816.0,0.2149,83.0,122.0,0.0199,13247,10109,3138,0.2369,132,185,0.0314
4101655,3209.0,2638.0,571.0,0.1779,25.0,60.0,0.0322,3209.0,2621.0,588.0,0.1832,19.0,36.0,0.021,3263,2734,529,0.1621,28,55,0.0304
4114401,13444.0,10898.0,2546.0,0.1894,119.0,170.0,0.0265,13447.0,10956.0,2491.0,0.1852,107.0,115.0,0.0203,13764,10802,2962,0.2152,142,181,0.0299
4102752,2959.0,2488.0,471.0,0.1592,24.0,45.0,0.0277,2959.0,2496.0,463.0,0.1565,22.0,23.0,0.018,2988,2483,505,0.169,33,43,0.0306
4105805,156182.0,127228.0,28954.0,0.1854,2784.0,3165.0,0.0468,156183.0,128154.0,28029.0,0.1795,2172.0,2610.0,0.0373,161954,129119,32835,0.2027,3283,2796,0.0471
4103040,5042.0,4185.0,857.0,0.17,37.0,84.0,0.0289,5042.0,4156.0,886.0,0.1757,32.0,59.0,0.0219,5080,4184,896,0.1764,60,73,0.0318
4105904,19288.0,14817.0,4471.0,0.2318,198.0,427.0,0.0422,19293.0,15141.0,4152.0,0.2152,193.0,394.0,0.0388,17627,13943,3684,0.209,248,352,0.043
4103156,3492.0,2975.0,517.0,0.1481,26.0,27.0,0.0178,3492.0,2957.0,535.0,0.1532,20.0,23.0,0.0145,3699,3069,630,0.1703,26,53,0.0257
4106001,6576.0,5160.0,1416.0,0.2153,76.0,111.0,0.0362,6576.0,5183.0,1393.0,0.2118,74.0,89.0,0.0314,6609,4934,1675,0.2534,63,111,0.0353
4103958,3644.0,2862.0,782.0,0.2146,56.0,54.0,0.0384,3644.0,2857.0,787.0,0.216,33.0,59.0,0.0322,3735,2942,793,0.2123,80,71,0.0513
4106100,2980.0,2390.0,590.0,0.198,25.0,70.0,0.0397,2980.0,2391.0,589.0,0.1977,20.0,45.0,0.0272,3221,2469,752,0.2335,39,62,0.0409
4104253,20094.0,16566.0,3528.0,0.1756,341.0,449.0,0.0477,20093.0,16587.0,3506.0,0.1745,245.0,280.0,0.0317,21484,17157,4327,0.2014,400,387,0.0459
4106209,12822.0,10696.0,2126.0,0.1658,259.0,242.0,0.0468,12822.0,10862.0,1960.0,0.1529,174.0,204.0,0.0348,13638,11203,2435,0.1785,331,221,0.0493
4104659,16435.0,13740.0,2695.0,0.164,288.0,371.0,0.048,16435.0,13930.0,2505.0,0.1524,251.0,281.0,0.0382,17446,14314,3132,0.1795,329,315,0.045
4106308,14334.0,11401.0,2933.0,0.2046,135.0,173.0,0.027,14338.0,11594.0,2744.0,0.1914,112.0,153.0,0.0229,13858,11380,2478,0.1788,160,139,0.0263
4106456,5081.0,3997.0,1084.0,0.2133,49.0,75.0,0.031,5081.0,4000.0,1081.0,0.2128,39.0,56.0,0.0238,5280,4052,1228,0.2326,55,63,0.0291
4106407,35481.0,28439.0,7042.0,0.1985,425.0,697.0,0.0395,35493.0,28920.0,6573.0,0.1852,355.0,624.0,0.0339,35102,26949,8153,0.2323,448,548,0.037
4106852,2832.0,2172.0,660.0,0.2331,23.0,45.0,0.0313,2832.0,2182.0,650.0,0.2295,19.0,48.0,0.0307,2730,2172,558,0.2044,26,45,0.0327
4106506,17412.0,14276.0,3136.0,0.1801,160.0,259.0,0.0293,17413.0,14503.0,2910.0,0.1671,130.0,216.0,0.0239,17708,14440,3268,0.1845,245,249,0.0342
4106555,3583.0,2810.0,773.0,0.2157,39.0,79.0,0.042,3583.0,2840.0,743.0,0.2074,35.0,70.0,0.037,3757,2871,886,0.2358,51,67,0.0411
4106605,17314.0,13019.0,4295.0,0.2481,183.0,275.0,0.0352,17309.0,13370.0,3939.0,0.2276,140.0,212.0,0.0263,16510,12582,3928,0.2379,187,241,0.034
4107520,2039.0,1611.0,428.0,0.2099,22.0,26.0,0.0298,2039.0,1623.0,416.0,0.204,15.0,21.0,0.0222,2112,1598,514,0.2434,19,14,0.0207
4106704,3998.0,3177.0,821.0,0.2054,33.0,61.0,0.0296,3998.0,3278.0,720.0,0.1801,34.0,57.0,0.0278,3922,3022,900,0.2295,41,68,0.0361
4107546,4375.0,3319.0,1056.0,0.2414,29.0,74.0,0.031,4375.0,3309.0,1066.0,0.2437,21.0,47.0,0.0206,4416,3425,991,0.2244,42,50,0.0269
4106803,13616.0,11248.0,2368.0,0.1739,251.0,363.0,0.0546,13616.0,11271.0,2345.0,0.1722,154.0,300.0,0.0403,13735,11224,2511,0.1828,277,293,0.0508
4107736,5350.0,4502.0,848.0,0.1585,61.0,99.0,0.0355,5351.0,4500.0,851.0,0.159,54.0,59.0,0.0251,5554,4504,1050,0.1891,91,104,0.0433
4106902,1416706.0,1154309.0,262397.0,0.1852,18925.0,27330.0,0.0401,1416681.0,1163770.0,252911.0,0.1785,20635.0,31138.0,0.0445,1415148,1136092,279056,0.1972,19244,23414,0.0375
4108452,4366.0,3379.0,987.0,0.2261,32.0,60.0,0.0272,4366.0,3309.0,1057.0,0.2421,33.0,47.0,0.0242,4360,3317,1043,0.2392,41,67,0.0326
4107009,10792.0,8188.0,2604.0,0.2413,229.0,294.0,0.0639,10792.0,8412.0,2380.0,0.2205,168.0,226.0,0.0468,10807,7971,2836,0.2624,196,216,0.0517
4108650,5326.0,4270.0,1056.0,0.1983,42.0,76.0,0.0276,5326.0,4209.0,1117.0,0.2097,39.0,60.0,0.0235,5428,4222,1206,0.2222,61,76,0.0324
4107108,4556.0,3471.0,1085.0,0.2381,49.0,63.0,0.0323,4557.0,3509.0,1048.0,0.23,37.0,47.0,0.0239,4379,3358,1021,0.2332,43,60,0.0307
4107157,3805.0,3003.0,802.0,0.2108,18.0,30.0,0.016,3806.0,3014.0,792.0,0.2081,20.0,39.0,0.0196,3758,3038,720,0.1916,36,47,0.0273
4107207,32629.0,26714.0,5915.0,0.1813,375.0,344.0,0.0269,32628.0,27019.0,5609.0,0.1719,304.0,274.0,0.0214,33146,27530,5616,0.1694,399,384,0.0284
4108957,6469.0,5559.0,910.0,0.1407,109.0,124.0,0.0419,6469.0,5595.0,874.0,0.1351,62.0,83.0,0.0259,6603,5591,1012,0.1533,127,90,0.0388
4107306,5112.0,4140.0,972.0,0.1901,66.0,98.0,0.0396,5110.0,4205.0,905.0,0.1771,51.0,78.0,0.0307,5175,4166,1009,0.195,53,75,0.0307
4110078,8337.0,6938.0,1399.0,0.1678,151.0,242.0,0.0566,8337.0,6950.0,1387.0,0.1664,107.0,153.0,0.0374,8865,7089,1776,0.2003,180,211,0.0552
4107405,5434.0,4462.0,972.0,0.1789,50.0,61.0,0.0249,5434.0,4496.0,938.0,0.1726,37.0,55.0,0.0205,5490,4541,949,0.1729,65,58,0.0271
4114351,2965.0,2468.0,497.0,0.1676,12.0,34.0,0.0186,2967.0,2388.0,579.0,0.1951,20.0,21.0,0.0172,3122,2555,567,0.1816,28,38,0.0258
4107504,10827.0,8335.0,2492.0,0.2302,105.0,149.0,0.0305,10827.0,8426.0,2401.0,0.2218,100.0,105.0,0.0243,10063,7894,2169,0.2155,111,151,0.0332
4115457,3727.0,3129.0,598.0,0.1605,25.0,59.0,0.0268,3728.0,3051.0,677.0,0.1816,25.0,37.0,0.0203,3876,3071,805,0.2077,46,55,0.0329
4107603,12654.0,9701.0,2953.0,0.2334,134.0,187.0,0.0331,12655.0,9775.0,2880.0,0.2276,131.0,141.0,0.0278,12177,9681,2496,0.205,128,153,0.029
4118857,5372.0,4310.0,1062.0,0.1977,58.0,100.0,0.0367,5372.0,4386.0,986.0,0.1835,53.0,61.0,0.026,5670,4490,1180,0.2081,64,67,0.0292
4107702,4083.0,3134.0,949.0,0.2324,45.0,84.0,0.0412,4083.0,3138.0,945.0,0.2314,39.0,62.0,0.0322,3851,3045,806,0.2093,40,84,0.0407
4119954,21262.0,16155.0,5107.0,0.2402,222.0,304.0,0.0326,21271.0,16108.0,5163.0,0.2427,225.0,269.0,0.0307,24938,18431,6507,0.2609,303,336,0.0347
4107801,4437.0,3746.0,691.0,0.1557,45.0,84.0,0.0344,4437.0,3785.0,652.0,0.1469,35.0,63.0,0.0259,4346,3674,672,0.1546,74,67,0.0384
4120150,3109.0,2608.0,501.0,0.1611,20.0,33.0,0.0203,3107.0,2528.0,579.0,0.1864,13.0,21.0,0.0134,3139,2461,678,0.216,27,27,0.0219
4107900,6963.0,5710.0,1253.0,0.18,49.0,110.0,0.0278,6964.0,5734.0,1230.0,0.1766,54.0,90.0,0.0251,8070,6397,1673,0.2073,69,114,0.0286
4120333,3142.0,2588.0,554.0,0.1763,17.0,48.0,0.0251,3142.0,2607.0,535.0,0.1703,20.0,39.0,0.0226,3188,2604,584,0.1832,34,43,0.0296
4108007,9267.0,7826.0,1441.0,0.1555,77.0,132.0,0.0267,9267.0,7812.0,1455.0,0.157,76.0,109.0,0.0237,9394,7649,1745,0.1858,132,119,0.0328
4120655,3655.0,2886.0,769.0,0.2104,30.0,36.0,0.0229,3655.0,2943.0,712.0,0.1948,32.0,29.0,0.0207,3470,2841,629,0.1813,32,43,0.0264
4108106,2300.0,1987.0,313.0,0.1361,19.0,24.0,0.0216,2300.0,1979.0,321.0,0.1396,18.0,37.0,0.0278,2410,2002,408,0.1693,35,34,0.0345
4121752,5381.0,4181.0,1200.0,0.223,53.0,74.0,0.0304,5381.0,4144.0,1237.0,0.2299,28.0,58.0,0.0208,5460,4162,1298,0.2377,59,97,0.0375
4108205,6336.0,4903.0,1433.0,0.2262,64.0,120.0,0.0375,6336.0,5046.0,1290.0,0.2036,69.0,104.0,0.0343,6080,4763,1317,0.2166,78,126,0.0428
4122172,3582.0,2674.0,908.0,0.2535,32.0,77.0,0.0408,3582.0,2611.0,971.0,0.2711,28.0,50.0,0.0299,3520,2677,843,0.2395,32,74,0.0396
4108304,198888.0,161195.0,37693.0,0.1895,2036.0,2867.0,0.0304,198699.0,161717.0,36982.0,0.1861,1777.0,2446.0,0.0261,209121,165077,44044,0.2106,2343,2598,0.0299
4126355,4381.0,3651.0,730.0,0.1666,37.0,60.0,0.0266,4385.0,3668.0,717.0,0.1635,33.0,44.0,0.021,4396,3730,666,0.1515,34,45,0.0212
4108403,68476.0,55385.0,13091.0,0.1912,663.0,828.0,0.0269,68480.0,55789.0,12691.0,0.1853,574.0,764.0,0.024,66806,55715,11091,0.166,847,835,0.0302
4126678,8370.0,6510.0,1860.0,0.2222,96.0,128.0,0.0344,8370.0,6465.0,1905.0,0.2276,82.0,96.0,0.0275,9024,6765,2259,0.2503,104,116,0.0325
4108502,8622.0,6682.0,1940.0,0.225,117.0,121.0,0.0356,8620.0,6722.0,1898.0,0.2202,73.0,96.0,0.0251,8667,6763,1904,0.2197,149,119,0.0396
4108601,22583.0,17146.0,5437.0,0.2408,260.0,335.0,0.0347,22589.0,17617.0,4972.0,0.2201,226.0,268.0,0.028,21161,16694,4467,0.2111,266,250,0.0309
4108809,23485.0,18404.0,5081.0,0.2164,222.0,293.0,0.028,23470.0,18559.0,4911.0,0.2092,198.0,238.0,0.0235,23809,18348,5461,0.2294,265,254,0.0283
4108908,5141.0,4135.0,1006.0,0.1957,44.0,101.0,0.0351,5140.0,4168.0,972.0,0.1891,47.0,67.0,0.0274,5399,4147,1252,0.2319,61,80,0.034
4122651,4947.0,3612.0,1335.0,0.2699,51.0,100.0,0.0418,4947.0,3578.0,1369.0,0.2767,47.0,72.0,0.0333,4714,3859,855,0.1814,49,67,0.0301
4109005,3731.0,3049.0,682.0,0.1828,30.0,87.0,0.0384,3731.0,3030.0,701.0,0.1879,27.0,61.0,0.029,4064,3125,939,0.2311,60,82,0.0454
4117271,5753.0,4673.0,1080.0,0.1877,52.0,72.0,0.0265,5755.0,4647.0,1108.0,0.1925,51.0,72.0,0.0265,6025,4857,1168,0.1939,67,109,0.0362
4109104,1981.0,1582.0,399.0,0.2014,8.0,26.0,0.0215,1981.0,1598.0,383.0,0.1933,10.0,21.0,0.0194,1979,1518,461,0.2329,21,24,0.0296
4126652,2813.0,2384.0,429.0,0.1525,27.0,43.0,0.0294,2813.0,2397.0,416.0,0.1479,22.0,39.0,0.0254,2942,2403,539,0.1832,34,55,0.037
4109203,4219.0,3472.0,747.0,0.1771,32.0,73.0,0.0302,4217.0,3512.0,705.0,0.1672,26.0,48.0,0.0211,4224,3363,861,0.2038,36,44,0.0238
4113734,5762.0,4557.0,1205.0,0.2091,60.0,92.0,0.0334,5762.0,4581.0,1181.0,0.205,55.0,67.0,0.0266,5953,4672,1281,0.2152,84,88,0.0368
4109302,11226.0,8827.0,2399.0,0.2137,93.0,128.0,0.025,11226.0,8863.0,2363.0,0.2105,92.0,114.0,0.0232,11100,8592,2508,0.2259,91,128,0.0255
4109401,132448.0,107463.0,24985.0,0.1886,1817.0,2119.0,0.0366,132461.0,108671.0,23790.0,0.1796,1430.0,1766.0,0.0294,133846,107679,26167,0.1955,2185,2132,0.0401
4109500,6933.0,5405.0,1528.0,0.2204,66.0,103.0,0.0313,6933.0,5171.0,1762.0,0.2541,65.0,70.0,0.0261,7430,5377,2053,0.2763,71,88,0.0296
4109609,28533.0,21954.0,6579.0,0.2306,285.0,463.0,0.0341,28536.0,22167.0,6369.0,0.2232,225.0,344.0,0.0257,32489,24109,8380,0.2579,343,393,0.0305
4109708,21622.0,16608.0,5014.0,0.2319,312.0,446.0,0.0456,21628.0,16873.0,4755.0,0.2199,253.0,342.0,0.0353,21627,16410,5217,0.2412,335,346,0.0415
4109807,39836.0,31295.0,8541.0,0.2144,621.0,827.0,0.0463,39840.0,31974.0,7866.0,0.1974,453.0,826.0,0.04,39987,30302,9685,0.2422,648,702,0.0446
4109906,7249.0,5555.0,1694.0,0.2337,82.0,105.0,0.0337,7251.0,5657.0,1594.0,0.2198,58.0,84.0,0.0251,7070,5465,1605,0.227,82,69,0.0276
4110003,3912.0,3132.0,780.0,0.1994,24.0,69.0,0.0297,3909.0,3164.0,745.0,0.1906,24.0,48.0,0.0228,4057,3246,811,0.1999,37,52,0.0274
4110102,23269.0,19418.0,3851.0,0.1655,396.0,478.0,0.045,23269.0,19257.0,4012.0,0.1724,262.0,316.0,0.03,23461,19338,4123,0.1757,458,352,0.0419
4110201,8144.0,6768.0,1376.0,0.169,91.0,190.0,0.0415,8144.0,6652.0,1492.0,0.1832,80.0,145.0,0.0338,8367,6843,1524,0.1821,126,161,0.0419
4110300,2349.0,1929.0,420.0,0.1788,18.0,28.0,0.0238,2349.0,1899.0,450.0,0.1916,20.0,31.0,0.0269,2546,1995,551,0.2164,14,30,0.0221
4110508,11156.0,9526.0,1630.0,0.1461,225.0,241.0,0.0489,11156.0,9623.0,1533.0,0.1374,162.0,175.0,0.035,11267,9449,1818,0.1614,242,186,0.0453
4110607,11950.0,9414.0,2536.0,0.2122,114.0,219.0,0.0354,11950.0,9436.0,2514.0,0.2104,102.0,175.0,0.0294,12170,9270,2900,0.2383,183,198,0.0411
4110706,45670.0,37803.0,7867.0,0.1723,734.0,927.0,0.0439,45676.0,38188.0,7488.0,0.1639,578.0,857.0,0.0376,45672,37334,8338,0.1826,1000,894,0.0507
4110805,7978.0,6131.0,1847.0,0.2315,107.0,182.0,0.0471,7977.0,6192.0,1785.0,0.2238,92.0,132.0,0.0362,7961,5963,1998,0.251,107,146,0.0424
4110904,3590.0,2769.0,821.0,0.2287,23.0,75.0,0.0354,3590.0,2802.0,788.0,0.2195,28.0,62.0,0.0321,3512,2823,689,0.1962,21,50,0.0252
4111001,5122.0,3856.0,1266.0,0.2472,55.0,96.0,0.0392,5120.0,3970.0,1150.0,0.2246,38.0,66.0,0.0262,5267,3965,1302,0.2472,60,85,0.0366
4111100,5213.0,4209.0,1004.0,0.1926,55.0,113.0,0.0399,5213.0,4237.0,976.0,0.1872,55.0,90.0,0.0342,5052,4241,811,0.1605,54,66,0.0283
4111209,9227.0,7447.0,1780.0,0.1929,91.0,100.0,0.0256,9227.0,7592.0,1635.0,0.1772,57.0,86.0,0.0188,9159,7521,1638,0.1788,130,140,0.0359
4111308,3046.0,2217.0,829.0,0.2722,28.0,51.0,0.0356,3046.0,2220.0,826.0,0.2712,25.0,48.0,0.0329,2788,2109,679,0.2435,23,40,0.0299
4111407,10271.0,8813.0,1458.0,0.142,147.0,189.0,0.0381,10271.0,8854.0,1417.0,0.138,116.0,117.0,0.0263,10656,8953,1703,0.1598,158,181,0.0379
4111506,25488.0,19754.0,5734.0,0.225,265.0,395.0,0.0334,25494.0,19920.0,5574.0,0.2186,262.0,343.0,0.0304,24012,19485,4527,0.1885,350,359,0.0364
4111605,2792.0,2082.0,710.0,0.2543,17.0,38.0,0.0264,2793.0,2090.0,703.0,0.2517,18.0,43.0,0.0292,3152,2356,796,0.2525,30,43,0.031
4111704,4205.0,3461.0,744.0,0.1769,51.0,85.0,0.0393,4207.0,3543.0,664.0,0.1578,38.0,57.0,0.0268,4523,3655,868,0.1919,69,81,0.041
4111803,29832.0,23598.0,6234.0,0.209,412.0,493.0,0.0384,29836.0,24049.0,5787.0,0.194,266.0,414.0,0.0283,29711,22752,6959,0.2342,494,493,0.0434
4111902,10577.0,8282.0,2295.0,0.217,118.0,222.0,0.0411,10577.0,8432.0,2145.0,0.2028,87.0,181.0,0.0318,11056,8207,2849,0.2577,158,176,0.0407
4112009,25634.0,20750.0,4884.0,0.1905,357.0,423.0,0.0376,25636.0,21010.0,4626.0,0.1804,316.0,305.0,0.0296,25982,20088,5894,0.2268,417,297,0.0355
4112108,16355.0,13519.0,2836.0,0.1734,197.0,306.0,0.0372,16365.0,13712.0,2653.0,0.1621,165.0,286.0,0.0329,16534,13213,3321,0.2009,212,250,0.035
4112207,4978.0,3844.0,1134.0,0.2278,59.0,98.0,0.0408,4978.0,3900.0,1078.0,0.2166,49.0,79.0,0.0328,4944,3817,1127,0.228,68,81,0.039
4112306,3723.0,2957.0,766.0,0.2057,43.0,74.0,0.0396,3723.0,3021.0,702.0,0.1886,34.0,46.0,0.0265,3943,3048,895,0.227,53,63,0.0381
4112405,7195.0,5896.0,1299.0,0.1805,78.0,109.0,0.0317,7195.0,5989.0,1206.0,0.1676,67.0,105.0,0.0287,7452,6040,1412,0.1895,91,88,0.0296
4112504,9652.0,7369.0,2283.0,0.2365,92.0,141.0,0.0316,9654.0,7526.0,2128.0,0.2204,83.0,125.0,0.0276,9012,7358,1654,0.1835,106,132,0.0323
4112603,1232.0,1052.0,180.0,0.1461,11.0,18.0,0.0276,1232.0,1050.0,182.0,0.1477,11.0,13.0,0.0229,1350,1142,208,0.1541,8,21,0.0254
4112702,9455.0,7526.0,1929.0,0.204,135.0,198.0,0.0442,9455.0,7722.0,1733.0,0.1833,88.0,168.0,0.0332,9482,7361,2121,0.2237,142,167,0.042
4112801,9227.0,7292.0,1935.0,0.2097,118.0,207.0,0.0446,9229.0,7470.0,1759.0,0.1906,86.0,157.0,0.0325,9226,7084,2142,0.2322,129,147,0.039
4112900,2676.0,2059.0,617.0,0.2306,25.0,44.0,0.0335,2675.0,2084.0,591.0,0.2209,20.0,24.0,0.0211,2911,2192,719,0.247,33,39,0.0328
4113007,5510.0,4456.0,1054.0,0.1913,73.0,107.0,0.0404,5510.0,4543.0,967.0,0.1755,52.0,110.0,0.0357,5485,4348,1137,0.2073,75,99,0.04
4113106,3807.0,3208.0,599.0,0.1573,42.0,79.0,0.0377,3807.0,3247.0,560.0,0.1471,42.0,54.0,0.0296,4004,3354,650,0.1623,47,51,0.0292
4113205,36392.0,30242.0,6150.0,0.169,778.0,901.0,0.0555,36399.0,30460.0,5939.0,0.1632,528.0,706.0,0.0405,36461,29526,6935,0.1902,844,722,0.053
4113304,24223.0,19576.0,4647.0,0.1918,208.0,360.0,0.029,24231.0,19578.0,4653.0,0.192,188.0,323.0,0.0261,24304,18535,5769,0.2374,294,365,0.0356
4113403,3389.0,2767.0,622.0,0.1835,32.0,78.0,0.0398,3390.0,2807.0,583.0,0.172,26.0,59.0,0.0303,3502,2866,636,0.1816,31,56,0.0304
4113502,15039.0,12382.0,2657.0,0.1767,165.0,227.0,0.0317,15032.0,12599.0,2433.0,0.1619,135.0,175.0,0.0246,15869,12634,3235,0.2039,184,188,0.0294
4113601,3789.0,3155.0,634.0,0.1673,45.0,84.0,0.0409,3789.0,3196.0,593.0,0.1565,27.0,76.0,0.0322,3851,3104,747,0.194,43,101,0.0464
4113700,394766.0,318372.0,76394.0,0.1935,5027.0,8400.0,0.0422,394670.0,322579.0,72091.0,0.1827,4766.0,8541.0,0.0413,394978,312425,82553,0.209,5621,7477,0.0419
4113809,3940.0,3213.0,727.0,0.1845,32.0,107.0,0.0433,3939.0,3238.0,701.0,0.178,29.0,86.0,0.0355,4003,3225,778,0.1944,46,75,0.0375
4113908,10665.0,8821.0,1844.0,0.1729,155.0,243.0,0.0451,10665.0,8896.0,1769.0,0.1659,124.0,200.0,0.0364,10552,8656,1896,0.1797,196,224,0.0485
4114005,10819.0,8804.0,2015.0,0.1862,116.0,202.0,0.0361,10820.0,8915.0,1905.0,0.1761,90.0,117.0,0.0232,10615,8484,2131,0.2008,113,131,0.0288
4114104,19465.0,14967.0,4498.0,0.2311,275.0,389.0,0.0444,19467.0,15282.0,4185.0,0.215,190.0,344.0,0.0349,19903,15370,4533,0.2278,294,367,0.043
4114203,28076.0,22344.0,5732.0,0.2042,375.0,605.0,0.0439,28078.0,22930.0,5148.0,0.1833,311.0,517.0,0.0361,27663,21467,6196,0.224,386,505,0.0415
4114302,18932.0,15471.0,3461.0,0.1828,306.0,407.0,0.0461,18933.0,15491.0,3442.0,0.1818,222.0,289.0,0.033,19907,15854,4053,0.2036,371,325,0.0439
4114500,10592.0,8742.0,1850.0,0.1747,92.0,168.0,0.0297,10593.0,8892.0,1701.0,0.1606,73.0,119.0,0.0216,11018,8861,2157,0.1958,97,135,0.0262
4114609,41229.0,33097.0,8132.0,0.1972,298.0,485.0,0.0237,41247.0,32963.0,8284.0,0.2008,263.0,356.0,0.0188,40475,33318,7157,0.1768,339,383,0.0217
4114708,4726.0,3885.0,841.0,0.178,34.0,61.0,0.0245,4725.0,3915.0,810.0,0.1714,40.0,48.0,0.0225,4789,3792,997,0.2082,46,48,0.0248
4114807,30261.0,23445.0,6816.0,0.2252,394.0,549.0,0.0402,30267.0,23967.0,6300.0,0.2081,323.0,497.0,0.0342,30178,23953,6225,0.2063,413,404,0.0341
4115101,8161.0,6237.0,1924.0,0.2358,85.0,142.0,0.0364,8161.0,6398.0,1763.0,0.216,62.0,126.0,0.0294,7588,5953,1635,0.2155,105,127,0.039
4115200,295661.0,236912.0,58749.0,0.1987,2869.0,4586.0,0.0315,295684.0,240443.0,55241.0,0.1868,3332.0,5175.0,0.0354,302812,239058,63754,0.2105,3024,3892,0.0289
4115309,5262.0,4387.0,875.0,0.1663,36.0,71.0,0.0244,5262.0,4451.0,811.0,0.1541,49.0,65.0,0.0256,5494,4452,1042,0.1897,70,93,0.0366
4115408,11491.0,9504.0,1987.0,0.1729,109.0,127.0,0.0248,11492.0,9577.0,1915.0,0.1666,112.0,125.0,0.0247,11778,9535,2243,0.1904,159,151,0.0325
4115507,3702.0,3207.0,495.0,0.1337,41.0,76.0,0.0365,3703.0,3222.0,481.0,0.1299,30.0,68.0,0.0304,3950,3306,644,0.163,39,65,0.0315
4115606,13890.0,10696.0,3194.0,0.2299,114.0,138.0,0.0236,13892.0,10902.0,2990.0,0.2152,82.0,128.0,0.0193,13751,11141,2610,0.1898,115,126,0.0216
4115804,38584.0,30204.0,8380.0,0.2172,365.0,500.0,0.0286,38591.0,30638.0,7953.0,0.2061,294.0,434.0,0.0238,37479,30093,7386,0.1971,397,425,0.0273
4115903,2169.0,1684.0,485.0,0.2236,12.0,26.0,0.0226,2169.0,1639.0,530.0,0.2444,17.0,15.0,0.0195,2160,1620,540,0.25,31,27,0.0358
4116000,1755.0,1539.0,216.0,0.1231,18.0,22.0,0.026,1755.0,1514.0,241.0,0.1373,16.0,21.0,0.0244,1851,1570,281,0.1518,16,24,0.0255
4116109,9750.0,7596.0,2154.0,0.2209,120.0,237.0,0.047,9750.0,7724.0,2026.0,0.2078,92.0,133.0,0.0291,9161,7378,1783,0.1946,140,144,0.0385
4116208,13744.0,10937.0,2807.0,0.2042,157.0,244.0,0.0367,13746.0,10947.0,2799.0,0.2036,138.0,177.0,0.0288,14680,11241,3439,0.2343,216,190,0.0361
4116307,3370.0,2785.0,585.0,0.1736,38.0,38.0,0.0273,3369.0,2801.0,568.0,0.1686,28.0,43.0,0.0253,3547,2859,688,0.194,44,46,0.0315
4116406,3062.0,2538.0,524.0,0.1711,31.0,58.0,0.0351,3062.0,2557.0,505.0,0.1649,32.0,36.0,0.0266,3173,2531,642,0.2023,42,58,0.0395
4116505,1444.0,1213.0,231.0,0.16,8.0,20.0,0.0231,1444.0,1203.0,241.0,0.1669,6.0,18.0,0.02,1565,1242,323,0.2064,12,20,0.0258
4116604,3096.0,2649.0,447.0,0.1444,31.0,61.0,0.0347,3096.0,2609.0,487.0,0.1573,26.0,54.0,0.0307,3349,2818,531,0.1586,29,50,0.028
4116802,5894.0,4753.0,1141.0,0.1936,37.0,95.0,0.0278,5894.0,4742.0,1152.0,0.1955,52.0,74.0,0.0266,6004,4848,1156,0.1925,54,102,0.0322
4116901,20990.0,15875.0,5115.0,0.2437,222.0,341.0,0.0355,20992.0,16256.0,4736.0,0.2256,181.0,277.0,0.0282,19494,15448,4046,0.2076,248,252,0.0324
4117008,6385.0,4781.0,1604.0,0.2512,78.0,106.0,0.0385,6385.0,4823.0,1562.0,0.2446,68.0,105.0,0.0359,6087,4706,1381,0.2269,85,105,0.0404
4117107,10592.0,7587.0,3005.0,0.2837,91.0,172.0,0.0347,10595.0,7686.0,2909.0,0.2746,59.0,144.0,0.0264,9738,7327,2411,0.2476,88,115,0.0277
4117305,19007.0,14506.0,4501.0,0.2368,207.0,342.0,0.0378,19008.0,14549.0,4459.0,0.2346,194.0,225.0,0.0288,20079,14859,5220,0.26,292,328,0.0417
4117404,2856.0,2322.0,534.0,0.187,29.0,65.0,0.0405,2856.0,2349.0,507.0,0.1775,27.0,56.0,0.0353,2830,2377,453,0.1601,33,56,0.0374
4117503,29015.0,23045.0,5970.0,0.2058,494.0,616.0,0.0482,29015.0,23322.0,5693.0,0.1962,358.0,495.0,0.0366,30395,23736,6659,0.2191,479,545,0.0431
4117602,32159.0,24078.0,8081.0,0.2513,428.0,388.0,0.0339,32167.0,24354.0,7813.0,0.2429,282.0,296.0,0.0237,32266,23743,8523,0.2641,539,489,0.0433
4117701,26573.0,22243.0,4330.0,0.1629,461.0,522.0,0.0442,26576.0,22490.0,4086.0,0.1537,319.0,400.0,0.032,26972,22033,4939,0.1831,535,428,0.0437
4117800,10869.0,8494.0,2375.0,0.2185,65.0,151.0,0.0254,10869.0,8563.0,2306.0,0.2122,73.0,122.0,0.0228,10879,8568,2311,0.2124,104,180,0.0331
4117909,24958.0,19960.0,4998.0,0.2003,200.0,276.0,0.0238,24969.0,20420.0,4549.0,0.1822,156.0,267.0,0.0207,24632,20293,4339,0.1762,203,246,0.0221
4118006,9958.0,7950.0,2008.0,0.2016,97.0,144.0,0.0303,9959.0,8094.0,1865.0,0.1873,77.0,146.0,0.0276,9490,7477,2013,0.2121,134,136,0.0361
4118105,7875.0,5994.0,1881.0,0.2389,65.0,144.0,0.0349,7875.0,6121.0,1754.0,0.2227,56.0,135.0,0.0312,7616,5742,1874,0.2461,94,139,0.0406
4118204,105449.0,85575.0,19874.0,0.1885,1365.0,1594.0,0.0346,105430.0,85699.0,19731.0,0.1871,1266.0,1431.0,0.0315,108469,86218,22251,0.2051,1664,1313,0.0345
4118303,2081.0,1763.0,318.0,0.1528,14.0,32.0,0.0261,2081.0,1737.0,344.0,0.1653,12.0,24.0,0.0207,2106,1751,355,0.1686,19,26,0.0257
4118402,63940.0,50858.0,13082.0,0.2046,682.0,1074.0,0.0345,63945.0,51730.0,12215.0,0.191,675.0,931.0,0.031,63954,49673,14281,0.2233,832,894,0.0347
4118501,65096.0,51766.0,13330.0,0.2048,633.0,731.0,0.0263,65138.0,52371.0,12767.0,0.196,620.0,774.0,0.0266,64406,52385,12021,0.1866,707,694,0.0267
4118600,4506.0,3723.0,783.0,0.1738,63.0,89.0,0.0408,4506.0,3780.0,726.0,0.1611,40.0,71.0,0.0294,4763,3862,901,0.1892,72,76,0.0383
4118709,5528.0,4715.0,813.0,0.1471,130.0,123.0,0.0537,5528.0,4755.0,773.0,0.1398,80.0,87.0,0.0351,5698,4774,924,0.1622,127,91,0.0457
4118808,10574.0,8143.0,2431.0,0.2299,121.0,202.0,0.0397,10576.0,8282.0,2294.0,0.2169,105.0,168.0,0.033,9916,7919,1997,0.2014,138,187,0.041
4119004,5381.0,4379.0,1002.0,0.1862,38.0,71.0,0.0249,5381.0,4460.0,921.0,0.1712,30.0,40.0,0.0157,5285,4450,835,0.158,47,49,0.0216
4119103,10004.0,8759.0,1245.0,0.1245,181.0,200.0,0.0435,10004.0,8803.0,1201.0,0.1201,98.0,138.0,0.0268,10850,9389,1461,0.1347,180,145,0.0346
4119202,5497.0,4451.0,1046.0,0.1903,65.0,110.0,0.0393,5496.0,4511.0,985.0,0.1792,64.0,69.0,0.0295,5879,4715,1164,0.198,69,72,0.0299
4119301,23747.0,18118.0,5629.0,0.237,296.0,401.0,0.0385,23760.0,18318.0,5442.0,0.229,242.0,309.0,0.0301,23849,17870,5979,0.2507,337,458,0.0445
4119400,18825.0,15160.0,3665.0,0.1947,469.0,406.0,0.0577,18826.0,15341.0,3485.0,0.1851,319.0,307.0,0.0408,18800,14835,3965,0.2109,488,299,0.0531
4119509,69458.0,55236.0,14222.0,0.2048,1158.0,1377.0,0.0459,69457.0,55521.0,13936.0,0.2006,917.0,1153.0,0.0373,73929,57125,16804,0.2273,1442,1274,0.0475
4119608,27151.0,20922.0,6229.0,0.2294,285.0,404.0,0.0329,27152.0,20980.0,6172.0,0.2273,260.0,308.0,0.0271,25677,20236,5441,0.2119,336,378,0.0353
4119707,3195.0,2685.0,510.0,0.1596,24.0,57.0,0.0302,3195.0,2713.0,482.0,0.1509,21.0,49.0,0.0258,3432,2818,614,0.1789,41,49,0.0319
4119806,10664.0,8505.0,2159.0,0.2025,77.0,120.0,0.0232,10673.0,8587.0,2086.0,0.1954,59.0,105.0,0.0191,10281,8403,1878,0.1827,123,125,0.0295
4119905,252530.0,206981.0,45549.0,0.1804,4132.0,4980.0,0.044,252531.0,209008.0,43523.0,0.1723,3775.0,4777.0,0.0409,258390,207347,51043,0.1975,4708,4309,0.0435
4120002,9798.0,7651.0,2147.0,0.2191,91.0,157.0,0.0324,9801.0,7782.0,2019.0,0.206,94.0,142.0,0.0303,9608,7359,2249,0.2341,92,126,0.0296
4120101,3777.0,3092.0,685.0,0.1814,79.0,77.0,0.0505,3777.0,3078.0,699.0,0.1851,63.0,66.0,0.0419,3870,3036,834,0.2155,80,59,0.0458
4120200,2558.0,2155.0,403.0,0.1575,14.0,38.0,0.0241,2557.0,2154.0,403.0,0.1576,9.0,27.0,0.0167,3003,2382,621,0.2068,19,20,0.0164
4120309,3151.0,2549.0,602.0,0.1911,48.0,57.0,0.0412,3151.0,2591.0,560.0,0.1777,34.0,49.0,0.032,3274,2660,614,0.1875,67,50,0.044
4120408,4024.0,3155.0,869.0,0.216,34.0,72.0,0.0336,4024.0,3192.0,832.0,0.2068,34.0,66.0,0.0313,3887,3068,819,0.2107,51,72,0.0401
4120507,8770.0,7065.0,1705.0,0.1944,95.0,156.0,0.0355,8769.0,7217.0,1552.0,0.177,87.0,150.0,0.0328,8333,6642,1691,0.2029,100,118,0.0328
4120606,38743.0,31688.0,7055.0,0.1821,649.0,726.0,0.0434,38742.0,32123.0,6619.0,0.1708,405.0,505.0,0.0283,39039,31831,7208,0.1846,617,631,0.0392
4120705,6660.0,5373.0,1287.0,0.1932,85.0,138.0,0.0415,6662.0,5516.0,1146.0,0.172,67.0,115.0,0.033,6645,5239,1406,0.2116,108,101,0.0399
4120804,16711.0,13863.0,2848.0,0.1704,222.0,371.0,0.0428,16710.0,13994.0,2716.0,0.1625,176.0,323.0,0.0357,18192,14519,3673,0.2019,263,338,0.0414
4121000,7855.0,6548.0,1307.0,0.1664,53.0,116.0,0.0258,7855.0,6596.0,1259.0,0.1603,58.0,92.0,0.0227,7996,6331,1665,0.2082,58,127,0.0292
4121109,4366.0,3423.0,943.0,0.216,40.0,62.0,0.0298,4366.0,3444.0,922.0,0.2112,31.0,53.0,0.0244,4291,3470,821,0.1913,36,79,0.0331
4121208,13474.0,11481.0,1993.0,0.1479,249.0,279.0,0.046,13474.0,11601.0,1873.0,0.139,149.0,204.0,0.0304,14118,11851,2267,0.1606,256,248,0.0425
4121307,3122.0,2526.0,596.0,0.1909,23.0,71.0,0.0372,3122.0,2626.0,496.0,0.1589,23.0,62.0,0.0324,3224,2565,659,0.2044,27,46,0.0285
4121406,14781.0,11573.0,3208.0,0.217,118.0,196.0,0.0271,14782.0,11777.0,3005.0,0.2033,116.0,175.0,0.0247,14524,11643,2881,0.1984,130,204,0.0287
4121505,11915.0,10104.0,1811.0,0.152,204.0,219.0,0.0419,11914.0,10080.0,1834.0,0.1539,165.0,187.0,0.0349,12151,9996,2155,0.1774,284,208,0.0492
4121604,5259.0,4383.0,876.0,0.1666,40.0,75.0,0.0262,5259.0,4415.0,844.0,0.1605,38.0,57.0,0.0215,5351,4344,1007,0.1882,65,79,0.0331
4121703,20500.0,15665.0,4835.0,0.2359,260.0,423.0,0.0436,20502.0,15995.0,4507.0,0.2198,221.0,300.0,0.0326,20369,15295,5074,0.2491,349,370,0.047
4121802,9774.0,7463.0,2311.0,0.2364,121.0,243.0,0.0488,9774.0,7696.0,2078.0,0.2126,80.0,211.0,0.0378,9867,7430,2437,0.247,136,203,0.0456
4121901,10427.0,7966.0,2461.0,0.236,105.0,193.0,0.0374,10429.0,7994.0,2435.0,0.2335,95.0,166.0,0.0326,10165,7463,2702,0.2658,129,201,0.0442
4122008,10882.0,9486.0,1396.0,0.1283,193.0,272.0,0.049,10882.0,9536.0,1346.0,0.1237,120.0,202.0,0.0338,11268,9643,1625,0.1442,221,201,0.0438
4122107,2969.0,2415.0,554.0,0.1866,39.0,61.0,0.0414,2969.0,2432.0,537.0,0.1809,35.0,61.0,0.0395,3019,2434,585,0.1938,37,60,0.0399
4122206,26383.0,22000.0,4383.0,0.1661,369.0,416.0,0.0357,26384.0,22242.0,4142.0,0.157,313.0,345.0,0.0296,27280,22137,5143,0.1885,499,432,0.0421
4122305,23887.0,19377.0,4510.0,0.1888,448.0,423.0,0.045,23882.0,19784.0,4098.0,0.1716,320.0,345.0,0.0336,24158,19314,4844,0.2005,451,315,0.0397
4122404,49226.0,39124.0,10102.0,0.2052,841.0,1063.0,0.0487,49234.0,39809.0,9425.0,0.1914,569.0,885.0,0.0365,49517,38397,11120,0.2246,856,792,0.0429
4122503,8677.0,6995.0,1682.0,0.1938,96.0,188.0,0.0406,8677.0,7067.0,1610.0,0.1855,82.0,142.0,0.0317,8952,7066,1886,0.2107,91,162,0.0358
4122602,7421.0,5873.0,1548.0,0.2086,65.0,127.0,0.0327,7421.0,5939.0,1482.0,0.1997,51.0,98.0,0.0251,6991,5628,1363,0.195,102,93,0.0346
4122701,6059.0,5074.0,985.0,0.1626,79.0,146.0,0.0443,6059.0,5209.0,850.0,0.1403,63.0,109.0,0.033,6748,5451,1297,0.1922,70,100,0.0312
4122800,3560.0,2992.0,568.0,0.1596,54.0,55.0,0.0364,3561.0,3034.0,527.0,0.148,43.0,43.0,0.0283,3590,3068,522,0.1454,44,60,0.0339
4122909,4289.0,3449.0,840.0,0.1958,64.0,108.0,0.0499,4289.0,3473.0,816.0,0.1903,50.0,101.0,0.0435,4614,3640,974,0.2111,77,106,0.0503
4123006,11164.0,9168.0,1996.0,0.1788,88.0,121.0,0.0228,11164.0,9176.0,1988.0,0.1781,59.0,97.0,0.017,11161,9035,2126,0.1905,148,152,0.0332
4123105,3043.0,2441.0,602.0,0.1978,32.0,60.0,0.0377,3037.0,2405.0,632.0,0.2081,29.0,39.0,0.0283,3048,2428,620,0.2034,50,39,0.0367
4123204,3071.0,2469.0,602.0,0.196,26.0,83.0,0.0441,3071.0,2446.0,625.0,0.2035,33.0,56.0,0.0364,3121,2572,549,0.1759,27,54,0.0315
4123303,6418.0,5375.0,1043.0,0.1625,72.0,128.0,0.0372,6419.0,5419.0,1000.0,0.1558,62.0,77.0,0.0257,6773,5402,1371,0.2024,67,85,0.0281
4123402,8937.0,7184.0,1753.0,0.1962,93.0,142.0,0.0327,8938.0,7368.0,1570.0,0.1757,73.0,138.0,0.0286,9149,7198,1951,0.2132,97,128,0.0313
4123600,1702.0,1430.0,272.0,0.1598,7.0,23.0,0.021,1704.0,1431.0,273.0,0.1602,10.0,29.0,0.0273,1684,1437,247,0.1467,9,19,0.0195
4123709,6919.0,5545.0,1374.0,0.1986,75.0,122.0,0.0355,6921.0,5595.0,1326.0,0.1916,61.0,94.0,0.0277,7006,5481,1525,0.2177,81,80,0.0294
4123808,9179.0,7408.0,1771.0,0.1929,80.0,120.0,0.027,9184.0,7568.0,1616.0,0.176,55.0,91.0,0.0193,8780,7082,1698,0.1934,80,121,0.0284
4123907,9481.0,7283.0,2198.0,0.2318,145.0,184.0,0.0452,9483.0,7405.0,2078.0,0.2191,108.0,144.0,0.034,9361,7151,2210,0.2361,111,132,0.034
4124004,4476.0,3566.0,910.0,0.2033,87.0,91.0,0.0499,4476.0,3656.0,820.0,0.1832,53.0,67.0,0.0328,4659,3651,1008,0.2164,94,87,0.0496
4124400,14976.0,12388.0,2588.0,0.1728,115.0,203.0,0.0257,14976.0,12349.0,2627.0,0.1754,117.0,124.0,0.0195,15509,12757,2752,0.1774,163,206,0.0289
4124103,32605.0,25730.0,6875.0,0.2109,527.0,599.0,0.0438,32608.0,26157.0,6451.0,0.1978,395.0,453.0,0.0324,32125,24489,7636,0.2377,577,472,0.0428
4124202,2341.0,1857.0,484.0,0.2067,21.0,41.0,0.0334,2340.0,1938.0,402.0,0.1718,18.0,39.0,0.0294,2358,1949,409,0.1735,29,44,0.0375
4124301,2110.0,1772.0,338.0,0.1602,22.0,26.0,0.0271,2111.0,1764.0,347.0,0.1644,27.0,29.0,0.0317,2247,1753,494,0.2198,27,20,0.0268
4124509,4549.0,3824.0,725.0,0.1594,27.0,79.0,0.0277,4549.0,3800.0,749.0,0.1647,30.0,76.0,0.0279,4802,3751,1051,0.2189,43,66,0.0291
4124608,5369.0,4350.0,1019.0,0.1898,58.0,96.0,0.0354,5369.0,4429.0,940.0,0.1751,44.0,83.0,0.0287,5076,4210,866,0.1706,77,96,0.0411
4124707,8437.0,6439.0,1998.0,0.2368,96.0,205.0,0.0467,8439.0,6420.0,2019.0,0.2392,78.0,203.0,0.0438,8538,6292,2246,0.2631,85,173,0.041
4124806,8977.0,7490.0,1487.0,0.1656,95.0,142.0,0.0316,8978.0,7590.0,1388.0,0.1546,55.0,123.0,0.0235,9177,7518,1659,0.1808,84,145,0.0305
4124905,4856.0,3781.0,1075.0,0.2214,47.0,77.0,0.0328,4855.0,3827.0,1028.0,0.2117,43.0,70.0,0.0295,4585,3762,823,0.1795,61,63,0.033
4125001,9026.0,6962.0,2064.0,0.2287,92.0,168.0,0.0373,9029.0,7146.0,1883.0,0.2086,80.0,146.0,0.0316,9056,7017,2039,0.2252,96,131,0.0324
4125100,11254.0,9538.0,1716.0,0.1525,281.0,192.0,0.0496,11254.0,9625.0,1629.0,0.1447,190.0,127.0,0.0329,11623,9608,2015,0.1734,402,189,0.0615
4125308,4792.0,3839.0,953.0,0.1989,36.0,74.0,0.0287,4792.0,3927.0,865.0,0.1805,32.0,78.0,0.028,4820,4044,776,0.161,56,62,0.0292
4125209,7865.0,6778.0,1087.0,0.1382,81.0,107.0,0.0277,7866.0,6794.0,1072.0,0.1363,67.0,84.0,0.0222,8006,6734,1272,0.1589,92,87,0.0266
4125407,4612.0,3719.0,893.0,0.1936,55.0,116.0,0.046,4612.0,3751.0,861.0,0.1867,50.0,79.0,0.0344,4737,3784,953,0.2012,48,94,0.0375
4125506,212218.0,172530.0,39688.0,0.187,3305.0,4216.0,0.0436,212222.0,174236.0,37986.0,0.179,2741.0,3797.0,0.0375,227539,181359,46180,0.203,3803,3848,0.0422
4125605,33748.0,27940.0,5808.0,0.1721,651.0,580.0,0.0441,33752.0,28186.0,5566.0,0.1649,456.0,498.0,0.0338,34022,27626,6396,0.188,787,560,0.0488
4125704,22729.0,17699.0,5030.0,0.2213,145.0,265.0,0.0232,22733.0,17883.0,4850.0,0.2133,123.0,221.0,0.0192,21857,17616,4241,0.194,177,245,0.024
4125803,6989.0,5571.0,1418.0,0.2029,89.0,149.0,0.0427,6990.0,5649.0,1341.0,0.1918,70.0,132.0,0.0358,6943,5492,1451,0.209,89,125,0.039
4125902,2417.0,2019.0,398.0,0.1647,16.0,42.0,0.0287,2417.0,2019.0,398.0,0.1647,12.0,27.0,0.0193,2695,2141,554,0.2056,24,33,0.0266
4126009,6730.0,5353.0,1377.0,0.2046,67.0,125.0,0.0359,6731.0,5386.0,1345.0,0.1998,63.0,95.0,0.0293,6561,5079,1482,0.2259,80,95,0.0345
4126108,4596.0,3769.0,827.0,0.1799,50.0,88.0,0.0366,4596.0,3764.0,832.0,0.181,50.0,70.0,0.0319,4816,3755,1061,0.2203,72,91,0.0434
4126207,5368.0,4163.0,1205.0,0.2245,67.0,107.0,0.0418,5369.0,4255.0,1114.0,0.2075,65.0,100.0,0.0388,5485,4239,1246,0.2272,81,107,0.0444
4126306,13633.0,10746.0,2887.0,0.2118,207.0,384.0,0.055,13635.0,10853.0,2782.0,0.204,174.0,247.0,0.0388,13757,10738,3019,0.2195,215,268,0.045
4126405,4772.0,3956.0,816.0,0.171,45.0,98.0,0.0361,4772.0,4036.0,736.0,0.1542,44.0,85.0,0.032,4818,3914,904,0.1876,51,69,0.0307
4126504,13107.0,10632.0,2475.0,0.1888,152.0,215.0,0.0345,13108.0,10842.0,2266.0,0.1729,113.0,192.0,0.0281,13311,10470,2841,0.2134,138,164,0.0288
4126603,15979.0,12518.0,3461.0,0.2166,215.0,456.0,0.0536,15982.0,12733.0,3249.0,0.2033,185.0,408.0,0.0466,16432,12725,3707,0.2256,247,420,0.0524
4126702,4082.0,3284.0,798.0,0.1955,36.0,135.0,0.0521,4083.0,3345.0,738.0,0.1807,37.0,96.0,0.0398,4157,3275,882,0.2122,66,109,0.0534
4126801,12371.0,9421.0,2950.0,0.2385,135.0,203.0,0.0359,12372.0,9668.0,2704.0,0.2186,95.0,177.0,0.0281,11635,8963,2672,0.2297,135,193,0.0366
4127007,7840.0,6478.0,1362.0,0.1737,98.0,125.0,0.0344,7842.0,6495.0,1347.0,0.1718,83.0,123.0,0.0317,8083,6447,1636,0.2024,144,129,0.0423
4127106,50721.0,42009.0,8712.0,0.1718,830.0,888.0,0.0409,50731.0,42158.0,8573.0,0.169,731.0,726.0,0.0346,51913,40930,10983,0.2116,985,747,0.0423
4127205,13310.0,10663.0,2647.0,0.1989,174.0,247.0,0.0395,13306.0,10840.0,2466.0,0.1853,133.0,206.0,0.0313,13355,10330,3025,0.2265,184,187,0.0359
4127304,11948.0,9212.0,2736.0,0.229,105.0,225.0,0.0358,11948.0,9362.0,2586.0,0.2164,100.0,168.0,0.0286,11783,9017,2766,0.2347,136,174,0.0344
4127403,13435.0,10877.0,2558.0,0.1904,118.0,187.0,0.028,13437.0,11131.0,2306.0,0.1716,102.0,153.0,0.0229,13332,10761,2571,0.1928,109,179,0.0268
4127502,14514.0,11507.0,3007.0,0.2072,234.0,235.0,0.0408,14513.0,11606.0,2907.0,0.2003,228.0,219.0,0.0385,14864,11255,3609,0.2428,291,260,0.049
4127601,11972.0,9886.0,2086.0,0.1742,210.0,225.0,0.044,11974.0,9991.0,1983.0,0.1656,192.0,197.0,0.0389,13059,10737,2322,0.1778,272,234,0.0471
4127700,104683.0,85839.0,18844.0,0.18,1020.0,1601.0,0.0305,104639.0,87342.0,17297.0,0.1653,902.0,1447.0,0.0269,108119,88198,19921,0.1843,1162,1468,0.0298
4127809,6473.0,5184.0,1289.0,0.1991,70.0,148.0,0.0421,6473.0,5241.0,1232.0,0.1903,57.0,109.0,0.0317,6647,5297,1350,0.2031,81,117,0.0374
4127908,6919.0,5232.0,1687.0,0.2438,58.0,124.0,0.0348,6920.0,5476.0,1444.0,0.2087,55.0,69.0,0.0226,6721,5290,1431,0.2129,54,83,0.0259
4128005,19537.0,15234.0,4303.0,0.2202,185.0,248.0,0.0284,19536.0,15510.0,4026.0,0.2061,175.0,194.0,0.0238,19130,15260,3870,0.2023,236,235,0.0309
4128104,81317.0,64190.0,17127.0,0.2106,813.0,1172.0,0.0309,81354.0,65652.0,15702.0,0.193,728.0,1054.0,0.0271,82990,65258,17732,0.2137,856,912,0.0271
4128203,40367.0,31872.0,8495.0,0.2104,657.0,673.0,0.0417,40368.0,32327.0,8041.0,0.1992,495.0,683.0,0.0364,40654,31382,9272,0.2281,788,603,0.0443
4128302,2123.0,1786.0,337.0,0.1587,16.0,20.0,0.0202,2125.0,1791.0,334.0,0.1572,18.0,12.0,0.0168,2155,1786,369,0.1712,17,31,0.0269
4128401,8586.0,7031.0,1555.0,0.1811,99.0,177.0,0.0393,8586.0,7089.0,1497.0,0.1744,88.0,162.0,0.0353,8555,6745,1810,0.2116,101,138,0.0354
4128500,14679.0,11341.0,3338.0,0.2274,209.0,302.0,0.0451,14679.0,11509.0,3170.0,0.216,186.0,233.0,0.0364,14549,11068,3481,0.2393,209,196,0.0366
4128609,7021.0,5946.0,1075.0,0.1531,76.0,85.0,0.0271,7019.0,5994.0,1025.0,0.146,48.0,64.0,0.0187,6888,5840,1048,0.1521,93,94,0.032
4128708,5720.0,4494.0,1226.0,0.2143,40.0,69.0,0.0243,5720.0,4639.0,1081.0,0.189,37.0,64.0,0.0218,5942,4949,993,0.1671,52,58,0.0222
4128807,5219.0,4231.0,988.0,0.1893,48.0,63.0,0.0262,5219.0,4282.0,937.0,0.1795,41.0,44.0,0.0199,5375,4140,1235,0.2298,48,54,0.0246
4100509,14789.0,11519.0,3270.0,0.2211,192.0,278.0,0.0408,14789.0,11794.0,2995.0,0.2025,137.0,212.0,0.0296,14510,11306,3204,0.2208,164,184,0.0308
4102000,27782.0,21786.0,5996.0,0.2158,247.0,436.0,0.0314,27783.0,22317.0,5466.0,0.1967,218.0,349.0,0.0254,27256,21731,5525,0.2027,307,379,0.0316
4120903,24614.0,18462.0,6152.0,0.2499,200.0,327.0,0.0285,24620.0,18423.0,6197.0,0.2517,138.0,217.0,0.0193,23209,17989,5220,0.2249,230,283,0.0285
4105300,9008.0,7185.0,1823.0,0.2024,76.0,116.0,0.0267,9008.0,7339.0,1669.0,0.1853,63.0,98.0,0.0219,8788,7186,1602,0.1823,87,114,0.028
4108700,5214.0,3847.0,1367.0,0.2622,43.0,99.0,0.0369,5216.0,3849.0,1367.0,0.2621,38.0,85.0,0.032,4758,3729,1029,0.2163,57,74,0.0351
4110409,3823.0,3066.0,757.0,0.198,44.0,89.0,0.0434,3823.0,3111.0,712.0,0.1862,42.0,60.0,0.0328,3803,3007,796,0.2093,60,78,0.0459
4115705,32119.0,23293.0,8826.0,0.2748,366.0,508.0,0.0375,32128.0,23420.0,8708.0,0.271,339.0,426.0,0.0327,35293,24935,10358,0.2935,442,504,0.0379
4116703,10112.0,8249.0,1863.0,0.1842,99.0,138.0,0.0287,10106.0,8381.0,1725.0,0.1707,78.0,138.0,0.0258,9631,8096,1535,0.1594,119,133,0.0311
4117206,4893.0,3926.0,967.0,0.1976,43.0,76.0,0.0303,4894.0,3983.0,911.0,0.1861,35.0,56.0,0.0228,4854,3834,1020,0.2101,58,74,0.0344
4118907,9318.0,7240.0,2078.0,0.223,123.0,144.0,0.0369,9326.0,7416.0,1910.0,0.2048,82.0,113.0,0.0263,9508,7238,2270,0.2387,111,132,0.0336
4123501,21259.0,17116.0,4143.0,0.1949,146.0,292.0,0.0256,21259.0,17103.0,4156.0,0.1955,129.0,182.0,0.0182,21071,17035,4036,0.1915,178,228,0.0238
4126900,4750.0,3760.0,990.0,0.2084,43.0,85.0,0.034,4750.0,3766.0,984.0,0.2072,40.0,54.0,0.025,4694,3554,1140,0.2429,55,69,0.0349
4115002,6156.0,4585.0,1571.0,0.2552,58.0,120.0,0.0388,6156.0,4671.0,1485.0,0.2412,55.0,79.0,0.0287,5989,4620,1369,0.2286,58,79,0.0297
4108320,6051.0,4691.0,1360.0,0.2248,50.0,100.0,0.032,6051.0,4755.0,1296.0,0.2142,37.0,65.0,0.0215,6100,4580,1520,0.2492,69,69,0.0301
4117222,6897.0,5927.0,970.0,0.1406,36.0,47.0,0.014,6895.0,5983.0,912.0,0.1323,38.0,40.0,0.013,7055,6057,998,0.1415,36,43,0.013
4103057,7007.0,5433.0,1574.0,0.2246,66.0,108.0,0.032,7007.0,5480.0,1527.0,0.2179,61.0,98.0,0.029,7107,5615,1492,0.2099,76,110,0.0331
4103354,4606.0,3612.0,994.0,0.2158,41.0,73.0,0.0316,4606.0,3676.0,930.0,0.2019,33.0,64.0,0.0264,4330,3495,835,0.1928,56,63,0.034
4103453,13274.0,10737.0,2537.0,0.1911,127.0,194.0,0.0299,13272.0,10923.0,2349.0,0.177,110.0,160.0,0.0247,13247,10940,2307,0.1742,137,164,0.0275
4127858,9174.0,7488.0,1686.0,0.1838,86.0,140.0,0.0302,9175.0,7462.0,1713.0,0.1867,89.0,84.0,0.0232,9120,7448,1672,0.1833,142,119,0.035
4128559,6926.0,5391.0,1535.0,0.2216,51.0,126.0,0.0328,6926.0,5478.0,1448.0,0.2091,50.0,82.0,0.0241,6593,5320,1273,0.1931,64,107,0.0321
4120358,4627.0,3907.0,720.0,0.1556,34.0,71.0,0.0269,4627.0,3948.0,679.0,0.1467,32.0,50.0,0.0208,4649,3942,707,0.1521,39,43,0.0208
4127957,5988.0,5157.0,831.0,0.1388,62.0,85.0,0.0285,5989.0,5200.0,789.0,0.1317,53.0,72.0,0.024,6257,5172,1085,0.1734,76,67,0.0276
4117255,8611.0,7134.0,1477.0,0.1715,74.0,68.0,0.0199,8611.0,7138.0,1473.0,0.1711,53.0,68.0,0.017,8864,7237,1627,0.1836,80,68,0.0205
4112751,7525.0,5995.0,1530.0,0.2033,98.0,142.0,0.04,7526.0,6111.0,1415.0,0.188,68.0,123.0,0.0313,7384,6049,1335,0.1808,103,136,0.0395
4125357,5136.0,4133.0,1003.0,0.1953,46.0,74.0,0.029,5136.0,4206.0,930.0,0.1811,40.0,50.0,0.0214,5235,4155,1080,0.2063,42,73,0.0277
4211058,7150.0,5605.0,1545.0,0.2161,128.0,85.0,0.038,7150.0,5734.0,1416.0,0.198,93.0,73.0,0.029,6989,5522,1467,0.2099,178,111,0.0523
4200101,12788.0,9693.0,3095.0,0.242,117.0,132.0,0.0257,12788.0,9815.0,2973.0,0.2325,93.0,93.0,0.019,12625,9585,3040,0.2408,125,114,0.0249
4207650,7272.0,6193.0,1079.0,0.1484,125.0,109.0,0.0378,7274.0,6268.0,1006.0,0.1383,86.0,90.0,0.0281,7715,6538,1177,0.1526,96,116,0.0324
4200200,8001.0,6789.0,1212.0,0.1515,98.0,120.0,0.0321,8000.0,6944.0,1056.0,0.132,58.0,101.0,0.0229,8211,6967,1244,0.1515,101,89,0.0273
4209854,3636.0,2998.0,638.0,0.1755,55.0,58.0,0.0377,3636.0,3037.0,599.0,0.1647,44.0,40.0,0.0277,3810,3064,746,0.1958,42,43,0.0277
4200309,4339.0,3729.0,610.0,0.1406,33.0,73.0,0.0284,4339.0,3825.0,514.0,0.1185,34.0,60.0,0.0246,4554,4019,535,0.1175,31,63,0.0234
4201257,8190.0,6683.0,1507.0,0.184,115.0,137.0,0.0377,8192.0,6769.0,1423.0,0.1737,88.0,94.0,0.0269,8375,6985,1390,0.166,96,126,0.0318
4200408,5446.0,4432.0,1014.0,0.1862,45.0,60.0,0.0237,5447.0,4520.0,927.0,0.1702,46.0,46.0,0.0204,5464,4418,1046,0.1914,53,57,0.0249
4205159,3009.0,2493.0,516.0,0.1715,29.0,29.0,0.0233,3009.0,2523.0,486.0,0.1615,25.0,38.0,0.025,3081,2556,525,0.1704,38,35,0.0286
4200507,4758.0,3892.0,866.0,0.182,61.0,62.0,0.0316,4758.0,3994.0,764.0,0.1606,31.0,76.0,0.0268,4732,3872,860,0.1817,53,69,0.0315
4209151,4293.0,3509.0,784.0,0.1826,50.0,56.0,0.0302,4293.0,3596.0,697.0,0.1624,30.0,44.0,0.0206,4540,3708,832,0.1833,36,49,0.0229
4200606,6051.0,5304.0,747.0,0.1235,111.0,154.0,0.05,6051.0,5328.0,723.0,0.1195,76.0,170.0,0.0462,6493,5654,839,0.1292,120,135,0.0451
4219358,4470.0,3643.0,827.0,0.185,55.0,54.0,0.0299,4470.0,3691.0,779.0,0.1743,29.0,47.0,0.0206,4377,3696,681,0.1556,54,53,0.029
4200705,7658.0,6724.0,934.0,0.122,113.0,117.0,0.0342,7658.0,6755.0,903.0,0.1179,92.0,107.0,0.0295,8139,7007,1132,0.1391,88,84,0.0245
4218855,2469.0,2126.0,343.0,0.1389,26.0,29.0,0.0259,2469.0,2131.0,338.0,0.1369,25.0,23.0,0.0225,2463,2067,396,0.1608,14,27,0.0198
4200804,4952.0,4201.0,751.0,0.1517,59.0,80.0,0.0331,4952.0,4255.0,697.0,0.1408,54.0,58.0,0.0263,4991,4175,816,0.1635,57,77,0.0321
4218954,2357.0,1981.0,376.0,0.1595,34.0,36.0,0.0353,2357.0,1987.0,370.0,0.157,32.0,22.0,0.0272,2525,2043,482,0.1909,39,33,0.0352
4200903,4978.0,4391.0,587.0,0.1179,79.0,77.0,0.0355,4980.0,4406.0,574.0,0.1153,84.0,94.0,0.0404,5017,4390,627,0.125,85,78,0.0371
4207759,3666.0,3109.0,557.0,0.1519,46.0,28.0,0.0238,3666.0,3132.0,534.0,0.1457,42.0,33.0,0.0239,3717,3234,483,0.1299,41,33,0.0229
4201000,7460.0,5771.0,1689.0,0.2264,126.0,110.0,0.0409,7462.0,5812.0,1650.0,0.2211,99.0,98.0,0.0339,6943,5608,1335,0.1923,140,112,0.0449
4218251,5726.0,4410.0,1316.0,0.2298,86.0,78.0,0.0372,5726.0,4389.0,1337.0,0.2335,83.0,64.0,0.0335,5898,4446,1452,0.2462,93,74,0.0376
4201109,3143.0,2719.0,424.0,0.1349,47.0,63.0,0.0405,3143.0,2680.0,463.0,0.1473,53.0,64.0,0.0437,3343,2832,511,0.1529,44,49,0.0328
4200051,2503.0,2134.0,369.0,0.1474,24.0,36.0,0.0281,2503.0,2174.0,329.0,0.1314,17.0,26.0,0.0198,2681,2241,440,0.1641,20,29,0.0219
4201208,8327.0,7289.0,1038.0,0.1247,98.0,118.0,0.0296,8329.0,7418.0,911.0,0.1094,85.0,161.0,0.0332,9356,8116,1240,0.1325,81,128,0.0258
4215653,7420.0,6137.0,1283.0,0.1729,90.0,94.0,0.03,7420.0,6201.0,1219.0,0.1643,84.0,98.0,0.0294,7760,6325,1435,0.1849,78,87,0.0261
4201307,23903.0,18537.0,5366.0,0.2245,275.0,276.0,0.0297,23905.0,18834.0,5071.0,0.2121,207.0,298.0,0.0268,28342,22246,6096,0.2151,354,311,0.0299
4204152,2580.0,2181.0,399.0,0.1547,35.0,40.0,0.0344,2580.0,2191.0,389.0,0.1508,34.0,32.0,0.0301,2766,2292,474,0.1714,45,39,0.0366
4201406,52829.0,41945.0,10884.0,0.206,617.0,792.0,0.0336,52833.0,42400.0,10433.0,0.1975,512.0,735.0,0.0294,55064,43949,11115,0.2019,577,671,0.0284
4217550,2814.0,2444.0,370.0,0.1315,46.0,27.0,0.0299,2812.0,2471.0,341.0,0.1213,22.0,18.0,0.0162,2818,2482,336,0.1192,40,31,0.0286
4201505,6536.0,5608.0,928.0,0.142,58.0,78.0,0.0243,6537.0,5673.0,864.0,0.1322,42.0,60.0,0.018,7195,6141,1054,0.1465,60,82,0.0231
4204251,14340.0,11454.0,2886.0,0.2013,176.0,302.0,0.0417,14341.0,11665.0,2676.0,0.1866,131.0,275.0,0.0348,14810,11744,3066,0.207,133,239,0.0317
4201604,3173.0,2671.0,502.0,0.1582,28.0,51.0,0.0296,3173.0,2708.0,465.0,0.1465,34.0,47.0,0.0299,3124,2613,511,0.1636,23,31,0.0207
4211454,3942.0,3430.0,512.0,0.1299,42.0,25.0,0.0195,3942.0,3460.0,482.0,0.1223,38.0,36.0,0.0214,3921,3442,479,0.1222,49,42,0.0264
4201703,6347.0,5148.0,1199.0,0.1889,107.0,107.0,0.0416,6347.0,5232.0,1115.0,0.1757,68.0,102.0,0.0325,6551,5405,1146,0.1749,91,96,0.0346
4215679,6569.0,5482.0,1087.0,0.1655,93.0,93.0,0.0339,6569.0,5554.0,1015.0,0.1545,68.0,60.0,0.023,6527,5454,1073,0.1644,121,63,0.0337
4201802,2896.0,2511.0,385.0,0.1329,31.0,38.0,0.0275,2897.0,2521.0,376.0,0.1298,28.0,22.0,0.0198,2919,2550,369,0.1264,28,24,0.0204
4210852,2319.0,1959.0,360.0,0.1552,27.0,31.0,0.0296,2319.0,1979.0,340.0,0.1466,19.0,21.0,0.0202,2265,1951,314,0.1386,29,19,0.0246
4201901,5108.0,4445.0,663.0,0.1298,59.0,72.0,0.0295,5111.0,4524.0,587.0,0.1149,22.0,47.0,0.0153,5541,4881,660,0.1191,45,44,0.0182
4204178,3209.0,2627.0,582.0,0.1814,45.0,57.0,0.0388,3209.0,2643.0,566.0,0.1764,40.0,22.0,0.0235,3206,2668,538,0.1678,38,48,0.0322
4202008,104708.0,82929.0,21779.0,0.208,843.0,1286.0,0.0257,104610.0,84210.0,20400.0,0.195,956.0,1408.0,0.0281,111138,85936,25202,0.2268,814,1133,0.0227
4212254,7272.0,5816.0,1456.0,0.2002,102.0,122.0,0.0385,7273.0,5865.0,1408.0,0.1936,86.0,98.0,0.0314,9128,7246,1882,0.2062,113,123,0.0326
4202107,26941.0,19781.0,7160.0,0.2658,306.0,365.0,0.0339,26946.0,20445.0,6501.0,0.2413,214.0,334.0,0.0268,29651,22988,6663,0.2247,339,354,0.0301
4202859,3086.0,2721.0,365.0,0.1183,28.0,29.0,0.0209,3086.0,2776.0,310.0,0.1005,23.0,33.0,0.0202,3307,2846,461,0.1394,31,28,0.0207
4202206,8241.0,6811.0,1430.0,0.1735,127.0,143.0,0.0396,8241.0,6916.0,1325.0,0.1608,95.0,132.0,0.0328,8293,6986,1307,0.1576,107,116,0.0319
4217758,2422.0,2142.0,280.0,0.1156,38.0,38.0,0.0355,2424.0,2138.0,286.0,0.118,23.0,22.0,0.021,2414,2139,275,0.1139,35,33,0.0318
4202305,52989.0,43081.0,9908.0,0.187,846.0,1126.0,0.0458,52995.0,43410.0,9585.0,0.1809,601.0,1113.0,0.0395,57679,46142,11537,0.2,888,1017,0.0413
4219150,2574.0,2038.0,536.0,0.2082,21.0,22.0,0.0211,2574.0,2067.0,507.0,0.197,17.0,26.0,0.0208,2628,2167,461,0.1754,41,39,0.0369
4202404,263100.0,217291.0,45809.0,0.1741,3101.0,5594.0,0.04,263075.0,219850.0,43225.0,0.1643,2648.0,5654.0,0.0378,269370,218352,51018,0.1894,2932,4627,0.0346
4201273,3837.0,3203.0,634.0,0.1652,27.0,66.0,0.029,3837.0,3243.0,594.0,0.1548,31.0,60.0,0.0281,3907,3393,514,0.1316,36,73,0.0321
4202602,6485.0,5345.0,1140.0,0.1758,82.0,101.0,0.0342,6487.0,5314.0,1173.0,0.1808,81.0,105.0,0.035,6588,5336,1252,0.19,77,87,0.0307
4200556,2493.0,2181.0,312.0,0.1252,22.0,34.0,0.0257,2493.0,2220.0,273.0,0.1095,30.0,31.0,0.0275,2566,2259,307,0.1196,25,29,0.0239
4202701,4314.0,3828.0,486.0,0.1127,79.0,101.0,0.047,4311.0,3860.0,451.0,0.1046,49.0,76.0,0.0324,4908,4235,673,0.1371,88,101,0.0446
4206652,5843.0,4984.0,859.0,0.147,67.0,80.0,0.0295,5843.0,5032.0,811.0,0.1388,65.0,63.0,0.0254,6236,5293,943,0.1512,77,83,0.0302
4202800,24776.0,20533.0,4243.0,0.1713,317.0,338.0,0.0319,24780.0,20932.0,3848.0,0.1553,200.0,296.0,0.0237,25562,21378,4184,0.1637,275,268,0.0254
4213153,2756.0,2369.0,387.0,0.1404,32.0,37.0,0.0291,2756.0,2393.0,363.0,0.1317,20.0,24.0,0.0184,2907,2488,419,0.1441,41,55,0.0386
4202909,94774.0,79644.0,15130.0,0.1596,1108.0,1696.0,0.0352,94776.0,81310.0,13466.0,0.1421,888.0,1553.0,0.03,101563,84692,16871,0.1661,1179,1315,0.0294
4215075,4080.0,3352.0,728.0,0.1784,34.0,51.0,0.0254,4081.0,3420.0,661.0,0.162,32.0,38.0,0.0205,3992,3396,596,0.1493,42,48,0.0265
4203006,53680.0,41688.0,11992.0,0.2234,925.0,730.0,0.0397,53679.0,42184.0,11495.0,0.2141,717.0,712.0,0.0339,53297,41071,12226,0.2294,923,753,0.0408
4209458,1469.0,1308.0,161.0,0.1096,13.0,13.0,0.0199,1469.0,1308.0,161.0,0.1096,12.0,14.0,0.0199,1593,1371,222,0.1394,22,11,0.0241
4203105,4917.0,4121.0,796.0,0.1619,35.0,74.0,0.0264,4922.0,4215.0,707.0,0.1436,32.0,50.0,0.0195,5294,4401,893,0.1687,37,60,0.022
4215059,2309.0,1898.0,411.0,0.178,16.0,25.0,0.0216,2309.0,1916.0,393.0,0.1702,23.0,23.0,0.024,2423,2042,381,0.1572,31,13,0.0215
4203204,56899.0,44766.0,12133.0,0.2132,728.0,892.0,0.0362,56905.0,45749.0,11156.0,0.196,545.0,825.0,0.0299,62278,48278,14000,0.2248,744,838,0.0328
4212270,3326.0,2717.0,609.0,0.1831,24.0,33.0,0.021,3326.0,2767.0,559.0,0.1681,25.0,20.0,0.0163,3505,2761,744,0.2123,35,45,0.029
4203303,9797.0,7987.0,1810.0,0.1848,132.0,165.0,0.0372,9798.0,8169.0,1629.0,0.1663,89.0,127.0,0.0264,10133,8298,1835,0.1811,119,104,0.0269
4216255,5123.0,4386.0,737.0,0.1439,50.0,87.0,0.0312,5121.0,4438.0,683.0,0.1334,45.0,74.0,0.0268,5102,4494,608,0.1192,43,72,0.0256
4203402,5974.0,4881.0,1093.0,0.183,69.0,111.0,0.0369,5974.0,4936.0,1038.0,0.1738,56.0,77.0,0.0269,5981,4811,1170,0.1956,103,102,0.0426
4203154,3202.0,2438.0,764.0,0.2386,38.0,44.0,0.0336,3202.0,2353.0,849.0,0.2651,26.0,17.0,0.0183,3186,2432,754,0.2367,38,39,0.0317
4203501,7224.0,5803.0,1421.0,0.1967,83.0,85.0,0.029,7224.0,5851.0,1373.0,0.1901,72.0,61.0,0.0227,7540,6015,1525,0.2023,86,111,0.0328
4202057,10844.0,8103.0,2741.0,0.2528,75.0,115.0,0.0234,10843.0,8295.0,2548.0,0.235,59.0,124.0,0.0221,11418,8792,2626,0.23,89,132,0.0251
4203600,26646.0,20923.0,5723.0,0.2148,399.0,320.0,0.0344,26647.0,21303.0,5344.0,0.2005,293.0,248.0,0.0254,26900,20968,5932,0.2205,440,264,0.0336
4212239,3715.0,2950.0,765.0,0.2059,34.0,44.0,0.0264,3715.0,3042.0,673.0,0.1812,36.0,43.0,0.026,3609,2957,652,0.1807,54,50,0.0352
4203709,9201.0,7541.0,1660.0,0.1804,125.0,175.0,0.0398,9202.0,7694.0,1508.0,0.1639,87.0,147.0,0.0304,10123,8284,1839,0.1817,162,157,0.0385
4215554,2263.0,1967.0,296.0,0.1308,34.0,29.0,0.032,2262.0,1962.0,300.0,0.1326,34.0,30.0,0.0326,2208,1933,275,0.1245,47,39,0.0445
4203808,42831.0,33760.0,9071.0,0.2118,738.0,529.0,0.0375,42833.0,34653.0,8180.0,0.191,661.0,959.0,0.0467,42693,33805,8888,0.2082,766,487,0.0371
4202156,2404.0,1985.0,419.0,0.1743,30.0,28.0,0.0292,2404.0,1986.0,418.0,0.1739,27.0,28.0,0.0277,2400,2039,361,0.1504,33,28,0.0299
4203907,17180.0,14126.0,3054.0,0.1778,260.0,275.0,0.0379,17185.0,14386.0,2799.0,0.1629,202.0,250.0,0.0314,17174,13971,3203,0.1865,213,241,0.0325
4211652,2468.0,2160.0,308.0,0.1248,33.0,28.0,0.0282,2468.0,2152.0,316.0,0.128,22.0,14.0,0.0167,2570,2180,390,0.1518,32,32,0.0294
4204004,8208.0,6828.0,1380.0,0.1681,66.0,67.0,0.0195,8208.0,6964.0,1244.0,0.1516,54.0,78.0,0.019,8118,6922,1196,0.1473,109,87,0.0283
4217154,1716.0,1421.0,295.0,0.1719,23.0,14.0,0.026,1716.0,1435.0,281.0,0.1638,11.0,17.0,0.0195,1757,1453,304,0.173,14,23,0.0255
4204103,4364.0,3715.0,649.0,0.1487,45.0,46.0,0.0245,4364.0,3752.0,612.0,0.1402,38.0,30.0,0.0181,4374,3729,645,0.1475,54,56,0.0295
4201653,2445.0,2120.0,325.0,0.1329,21.0,20.0,0.0193,2445.0,2137.0,308.0,0.126,29.0,23.0,0.0243,2620,2246,374,0.1427,21,22,0.0191
4204202,160241.0,131705.0,28536.0,0.1781,1644.0,2002.0,0.0277,160200.0,133345.0,26855.0,0.1676,1494.0,1914.0,0.0256,164327,134475,29852,0.1817,1879,1900,0.0281
4207684,5563.0,4576.0,987.0,0.1774,38.0,69.0,0.0234,5565.0,4591.0,974.0,0.175,39.0,43.0,0.0179,5697,4540,1157,0.2031,46,78,0.0273
4204301,59510.0,48692.0,10818.0,0.1818,719.0,895.0,0.0331,59511.0,49485.0,10026.0,0.1685,532.0,731.0,0.0255,60391,48952,11439,0.1894,717,715,0.0293
4211850,2012.0,1658.0,354.0,0.1759,21.0,25.0,0.0277,2012.0,1678.0,334.0,0.166,10.0,19.0,0.0173,2040,1718,322,0.1578,25,25,0.0291
4204400,8147.0,6898.0,1249.0,0.1533,111.0,94.0,0.0297,8147.0,7015.0,1132.0,0.1389,86.0,106.0,0.0274,8081,6781,1300,0.1609,103,102,0.0302
4207858,2046.0,1741.0,305.0,0.1491,23.0,32.0,0.0316,2046.0,1748.0,298.0,0.1457,40.0,16.0,0.032,2036,1682,354,0.1739,26,29,0.0327
4204509,11460.0,9985.0,1475.0,0.1287,149.0,244.0,0.0394,11457.0,10073.0,1384.0,0.1208,101.0,211.0,0.031,11990,10361,1629,0.1359,138,213,0.0339
4205431,2403.0,2015.0,388.0,0.1615,38.0,21.0,0.0293,2403.0,2057.0,346.0,0.144,28.0,10.0,0.0185,2622,2140,482,0.1838,35,25,0.028
4204608,153034.0,122113.0,30921.0,0.2021,1936.0,2746.0,0.0383,152992.0,123026.0,29966.0,0.1959,1688.0,2636.0,0.0351,154435,122582,31853,0.2063,1907,2094,0.0326
4210050,1770.0,1484.0,286.0,0.1616,18.0,25.0,0.029,1770.0,1473.0,297.0,0.1678,17.0,17.0,0.0231,2360,1922,438,0.1856,30,23,0.0276
4204707,8544.0,7552.0,992.0,0.1161,111.0,128.0,0.0316,8545.0,7584.0,961.0,0.1125,67.0,117.0,0.0243,8864,7691,1173,0.1323,104,142,0.032
4213351,2613.0,2015.0,598.0,0.2289,38.0,47.0,0.0422,2614.0,2071.0,543.0,0.2077,30.0,30.0,0.029,2635,2021,614,0.233,48,57,0.052
4204806,31412.0,24026.0,7386.0,0.2351,529.0,511.0,0.0433,31411.0,24488.0,6923.0,0.2204,405.0,439.0,0.0345,31343,23999,7344,0.2343,672,460,0.0472
4216057,3495.0,2707.0,788.0,0.2255,33.0,43.0,0.0281,3495.0,2681.0,814.0,0.2329,45.0,47.0,0.0343,3557,2721,836,0.235,53,35,0.0323
4204905,7016.0,5935.0,1081.0,0.1541,85.0,95.0,0.0303,7016.0,6026.0,990.0,0.1411,64.0,86.0,0.0249,7241,6123,1118,0.1544,76,75,0.0247
4219176,4056.0,3315.0,741.0,0.1827,33.0,38.0,0.0214,4057.0,3386.0,671.0,0.1654,24.0,48.0,0.0213,3962,3305,657,0.1658,43,51,0.0284
4205001,11651.0,8717.0,2934.0,0.2518,103.0,112.0,0.0247,11651.0,8740.0,2911.0,0.2498,92.0,95.0,0.0214,12090,9086,3004,0.2485,106,151,0.0283
4202453,16879.0,13508.0,3371.0,0.1997,205.0,387.0,0.0438,16883.0,13539.0,3344.0,0.1981,182.0,367.0,0.0405,19110,15061,4049,0.2119,184,345,0.0351
4205100,3222.0,2700.0,522.0,0.162,34.0,67.0,0.0374,3222.0,2752.0,470.0,0.1459,28.0,49.0,0.028,3429,2860,569,0.1659,42,55,0.0339
4215455,8437.0,6958.0,1479.0,0.1753,78.0,110.0,0.027,8437.0,7118.0,1319.0,0.1563,75.0,74.0,0.0209,8877,7363,1514,0.1706,78,88,0.0225
4205209,3963.0,3285.0,678.0,0.1711,43.0,37.0,0.0244,3963.0,3332.0,631.0,0.1592,39.0,46.0,0.0255,3844,3215,629,0.1636,46,51,0.0302
4203956,17719.0,14470.0,3249.0,0.1834,229.0,331.0,0.0387,17721.0,14633.0,3088.0,0.1743,180.0,303.0,0.033,18207,14976,3231,0.1775,238,283,0.0348
4205308,8853.0,7425.0,1428.0,0.1613,88.0,116.0,0.0275,8854.0,7450.0,1404.0,0.1586,90.0,87.0,0.0238,8705,7336,1369,0.1573,128,150,0.0379
4204350,4009.0,3430.0,579.0,0.1444,38.0,44.0,0.0239,4009.0,3466.0,543.0,0.1354,38.0,30.0,0.0196,4131,3589,542,0.1312,51,39,0.0251
4205407,403556.0,331426.0,72130.0,0.1787,4142.0,6817.0,0.0331,403452.0,331041.0,72411.0,0.1795,4730.0,8472.0,0.0399,423969,337472,86497,0.204,4419,6221,0.0315
4205456,20780.0,17487.0,3293.0,0.1585,286.0,284.0,0.0326,20781.0,17437.0,3344.0,0.1609,209.0,235.0,0.0255,22444,18619,3825,0.1704,256,231,0.0262
4205506,27883.0,21496.0,6387.0,0.2291,450.0,431.0,0.041,27889.0,21939.0,5950.0,0.2133,338.0,336.0,0.0307,26265,21030,5235,0.1993,408,367,0.0369
4211256,2785.0,2304.0,481.0,0.1727,40.0,52.0,0.0399,2785.0,2352.0,433.0,0.1555,33.0,38.0,0.0302,2721,2367,354,0.1301,31,28,0.0249
4205605,2711.0,2312.0,399.0,0.1472,35.0,25.0,0.026,2711.0,2305.0,406.0,0.1498,31.0,30.0,0.0265,2750,2317,433,0.1575,46,39,0.0367
4204459,1967.0,1715.0,252.0,0.1281,28.0,19.0,0.0274,1967.0,1711.0,256.0,0.1301,28.0,27.0,0.0321,2010,1690,320,0.1592,30,29,0.0349
4206009,14661.0,12298.0,2363.0,0.1612,174.0,277.0,0.0367,14663.0,12469.0,2194.0,0.1496,146.0,261.0,0.0326,16835,13967,2868,0.1704,173,228,0.0287
4216354,3745.0,3079.0,666.0,0.1778,36.0,39.0,0.0244,3745.0,3137.0,608.0,0.1623,30.0,32.0,0.0198,4277,3600,677,0.1583,27,48,0.0208
4205704,21215.0,17402.0,3813.0,0.1797,267.0,349.0,0.0354,21218.0,17466.0,3752.0,0.1768,256.0,393.0,0.0372,24086,19276,4810,0.1997,288,343,0.0327
4208955,1602.0,1441.0,161.0,0.1005,18.0,12.0,0.0208,1602.0,1436.0,166.0,0.1036,20.0,11.0,0.0216,1699,1490,209,0.123,25,15,0.0268
4205803,11743.0,9674.0,2069.0,0.1762,136.0,157.0,0.0303,11746.0,9867.0,1879.0,0.16,129.0,160.0,0.0293,12187,9930,2257,0.1852,152,162,0.0316
4205191,2207.0,1969.0,238.0,0.1078,29.0,29.0,0.0295,2207.0,1977.0,230.0,0.1042,17.0,27.0,0.0223,2711,2368,343,0.1265,21,25,0.0194
4205902,49313.0,39946.0,9367.0,0.1899,591.0,824.0,0.0354,49329.0,40655.0,8674.0,0.1758,440.0,776.0,0.0299,51557,41865,9692,0.188,614,742,0.0324
4217253,4138.0,3591.0,547.0,0.1322,52.0,73.0,0.0348,4139.0,3599.0,540.0,0.1305,36.0,68.0,0.0289,4795,4138,657,0.137,50,76,0.0304
4206108,5599.0,4832.0,767.0,0.137,80.0,116.0,0.0406,5599.0,4911.0,688.0,0.1229,60.0,83.0,0.0291,5610,4935,675,0.1203,72,92,0.0332
4215695,1442.0,1260.0,182.0,0.1262,24.0,24.0,0.0381,1442.0,1275.0,167.0,0.1158,14.0,19.0,0.0259,1538,1264,274,0.1782,14,21,0.0277
4206207,8987.0,7533.0,1454.0,0.1618,96.0,119.0,0.0285,8989.0,7596.0,1393.0,0.155,70.0,101.0,0.0225,9437,8020,1417,0.1502,96,78,0.0217
4202131,5115.0,4256.0,859.0,0.1679,95.0,83.0,0.0418,5115.0,4326.0,789.0,0.1543,85.0,58.0,0.0331,5321,4395,926,0.174,92,62,0.035
4206306,16014.0,14115.0,1899.0,0.1186,261.0,328.0,0.0417,16014.0,14314.0,1700.0,0.1062,205.0,298.0,0.0351,17162,14901,2261,0.1317,252,275,0.0354
4203253,2923.0,2375.0,548.0,0.1875,37.0,40.0,0.0324,2920.0,2361.0,559.0,0.1914,35.0,23.0,0.0246,3120,2576,544,0.1744,42,33,0.0291
4206405,9043.0,7622.0,1421.0,0.1571,97.0,133.0,0.0302,9043.0,7690.0,1353.0,0.1496,96.0,107.0,0.0264,8880,7715,1165,0.1312,108,98,0.0267
4211892,2498.0,2014.0,484.0,0.1938,21.0,36.0,0.0283,2499.0,2010.0,489.0,0.1957,32.0,21.0,0.0264,2599,2125,474,0.1824,27,26,0.0249
4206504,32136.0,25989.0,6147.0,0.1913,348.0,382.0,0.0281,32139.0,26527.0,5612.0,0.1746,256.0,361.0,0.0233,33628,27273,6355,0.189,362,339,0.0257
4202438,3127.0,2634.0,493.0,0.1577,22.0,36.0,0.022,3127.0,2633.0,494.0,0.158,33.0,19.0,0.0197,3180,2708,472,0.1484,38,42,0.0295
4206603,4005.0,3257.0,748.0,0.1868,45.0,60.0,0.0322,4005.0,3327.0,678.0,0.1693,43.0,20.0,0.0189,3992,3237,755,0.1891,53,57,0.034
4200754,1845.0,1526.0,319.0,0.1729,19.0,36.0,0.036,1845.0,1544.0,301.0,0.1631,26.0,29.0,0.0356,1764,1496,268,0.1519,22,31,0.0354
4206702,16818.0,13554.0,3264.0,0.1941,176.0,157.0,0.0246,16822.0,13769.0,3053.0,0.1815,163.0,140.0,0.022,16804,13479,3325,0.1979,202,179,0.0283
4205555,2272.0,1843.0,429.0,0.1888,34.0,36.0,0.038,2272.0,1866.0,406.0,0.1787,24.0,23.0,0.0252,2251,1915,336,0.1493,31,24,0.0287
4206801,2984.0,2475.0,509.0,0.1706,29.0,37.0,0.0267,2984.0,2517.0,467.0,0.1565,35.0,31.0,0.0262,3018,2535,483,0.16,37,38,0.0296
4218350,3991.0,3253.0,738.0,0.1849,62.0,86.0,0.0455,3991.0,3264.0,727.0,0.1822,49.0,84.0,0.0407,3946,3276,670,0.1698,46,60,0.0324
4206900,15207.0,11852.0,3355.0,0.2206,155.0,270.0,0.0359,15207.0,12231.0,2976.0,0.1957,128.0,241.0,0.0302,15466,12112,3354,0.2169,162,235,0.0328
4207577,2766.0,2349.0,417.0,0.1508,38.0,18.0,0.0238,2766.0,2391.0,375.0,0.1356,34.0,34.0,0.0284,2888,2494,394,0.1364,36,25,0.0245
4207007,42201.0,33997.0,8204.0,0.1944,489.0,726.0,0.0357,42206.0,34524.0,7682.0,0.182,389.0,636.0,0.0297,43842,35401,8441,0.1925,485,527,0.0286
4202537,2501.0,2072.0,429.0,0.1715,18.0,21.0,0.0188,2501.0,2108.0,393.0,0.1571,15.0,18.0,0.0157,2593,2177,416,0.1604,15,31,0.0211
4207106,11345.0,9155.0,2190.0,0.193,106.0,235.0,0.0372,11346.0,9313.0,2033.0,0.1792,114.0,222.0,0.0361,12431,10029,2402,0.1932,142,189,0.033
4206751,1825.0,1563.0,262.0,0.1436,18.0,21.0,0.025,1825.0,1599.0,226.0,0.1238,17.0,10.0,0.0169,1985,1656,329,0.1657,16,13,0.0175
4207205,9540.0,7717.0,1823.0,0.1911,135.0,228.0,0.047,9540.0,7823.0,1717.0,0.18,108.0,183.0,0.0372,10187,8030,2157,0.2117,147,194,0.0425
4205175,2973.0,2444.0,529.0,0.1779,26.0,44.0,0.0286,2973.0,2440.0,533.0,0.1793,39.0,23.0,0.0254,3097,2592,505,0.1631,31,41,0.0278
4207304,39438.0,30220.0,9218.0,0.2337,445.0,762.0,0.0399,39447.0,30579.0,8868.0,0.2248,390.0,734.0,0.0368,42184,32129,10055,0.2384,547,699,0.0388
4211876,1936.0,1593.0,343.0,0.1772,23.0,18.0,0.0257,1937.0,1606.0,331.0,0.1709,23.0,14.0,0.023,1999,1676,323,0.1616,26,19,0.0268
4207403,4901.0,4304.0,597.0,0.1218,71.0,55.0,0.0293,4901.0,4354.0,547.0,0.1116,73.0,62.0,0.031,5201,4552,649,0.1248,72,72,0.0316
4202578,1888.0,1639.0,249.0,0.1319,23.0,28.0,0.0311,1888.0,1658.0,230.0,0.1218,13.0,22.0,0.0211,1876,1642,234,0.1247,26,23,0.0298
4207502,48460.0,38357.0,10103.0,0.2085,572.0,937.0,0.0393,48458.0,39418.0,9040.0,0.1866,426.0,891.0,0.0334,50898,41003,9895,0.1944,563,844,0.0343
4215752,2458.0,2098.0,360.0,0.1465,16.0,33.0,0.0234,2458.0,2074.0,384.0,0.1562,26.0,19.0,0.0217,2576,2153,423,0.1642,33,41,0.0344
4207601,3840.0,3192.0,648.0,0.1688,46.0,64.0,0.0345,3840.0,3263.0,577.0,0.1503,40.0,60.0,0.0306,3857,3352,505,0.1309,65,53,0.0352
4215687,2453.0,1930.0,523.0,0.2132,49.0,26.0,0.0389,2453.0,1972.0,481.0,0.1961,28.0,18.0,0.0233,2456,1997,459,0.1869,48,29,0.0386
4207700,6043.0,5067.0,976.0,0.1615,74.0,68.0,0.028,6043.0,5134.0,909.0,0.1504,48.0,79.0,0.0247,6026,4834,1192,0.1978,95,115,0.0434
4215356,3285.0,2674.0,611.0,0.186,50.0,42.0,0.0344,3284.0,2669.0,615.0,0.1873,40.0,36.0,0.0285,3274,2691,583,0.1781,68,46,0.0424
4207809,7513.0,6295.0,1218.0,0.1621,107.0,105.0,0.0337,7513.0,6401.0,1112.0,0.148,67.0,82.0,0.0233,7724,6434,1290,0.167,132,91,0.0347
4209177,2136.0,1894.0,242.0,0.1133,21.0,30.0,0.0269,2136.0,1891.0,245.0,0.1147,15.0,22.0,0.0196,2255,1916,339,0.1503,22,32,0.0282
4207908,8020.0,6601.0,1419.0,0.1769,110.0,105.0,0.0326,8020.0,6681.0,1339.0,0.167,88.0,114.0,0.0302,8228,6844,1384,0.1682,114,112,0.033
4212056,2839.0,2356.0,483.0,0.1701,37.0,38.0,0.0318,2839.0,2374.0,465.0,0.1638,33.0,45.0,0.0329,3317,2709,608,0.1833,32,46,0.0288
4208005,5998.0,4940.0,1058.0,0.1764,48.0,94.0,0.0287,5999.0,4951.0,1048.0,0.1747,57.0,74.0,0.0265,5888,4955,933,0.1585,69,88,0.0317
4202081,2893.0,2385.0,508.0,0.1756,35.0,38.0,0.0306,2893.0,2413.0,480.0,0.1659,17.0,25.0,0.0174,2976,2474,502,0.1687,41,37,0.0315
4208104,16989.0,13494.0,3495.0,0.2057,305.0,322.0,0.0465,16990.0,13832.0,3158.0,0.1859,219.0,237.0,0.033,16680,13654,3026,0.1814,261,215,0.0349
4205357,1731.0,1445.0,286.0,0.1652,24.0,26.0,0.0346,1731.0,1428.0,303.0,0.175,10.0,24.0,0.0238,1772,1492,280,0.158,30,23,0.0355
4208203,165962.0,137130.0,28832.0,0.1737,1972.0,2859.0,0.0352,165908.0,138159.0,27749.0,0.1673,1716.0,2774.0,0.0325,183857,148540,35317,0.1921,2231,2527,0.032
4204756,1761.0,1554.0,207.0,0.1175,22.0,22.0,0.0283,1761.0,1549.0,212.0,0.1204,19.0,21.0,0.0258,1868,1652,216,0.1156,22,19,0.0248
4208302,50348.0,39445.0,10903.0,0.2166,470.0,648.0,0.0283,50360.0,40191.0,10169.0,0.2019,410.0,644.0,0.0262,60041,46829,13212,0.22,460,577,0.0221
4214151,2559.0,2130.0,429.0,0.1676,31.0,25.0,0.0263,2559.0,2165.0,394.0,0.154,17.0,33.0,0.0231,2564,2208,356,0.1388,31,31,0.0281
4208401,12338.0,10212.0,2126.0,0.1723,155.0,166.0,0.0314,12340.0,10350.0,1990.0,0.1613,120.0,151.0,0.0262,12187,9945,2242,0.184,103,136,0.024
4208450,17514.0,13684.0,3830.0,0.2187,167.0,329.0,0.0362,17515.0,13882.0,3633.0,0.2074,141.0,295.0,0.0314,21623,16344,5279,0.2441,253,327,0.0355
4208500,19049.0,15980.0,3069.0,0.1611,206.0,268.0,0.0297,19054.0,16372.0,2682.0,0.1408,147.0,208.0,0.0217,19872,16751,3121,0.1571,197,186,0.0229
4217956,1997.0,1675.0,322.0,0.1612,31.0,21.0,0.031,1997.0,1675.0,322.0,0.1612,15.0,15.0,0.0179,2043,1713,330,0.1615,34,19,0.0309
4208609,3800.0,3282.0,518.0,0.1363,43.0,38.0,0.0247,3800.0,3307.0,493.0,0.1297,35.0,35.0,0.0212,3843,3342,501,0.1304,31,43,0.0221
4204194,2564.0,2264.0,300.0,0.117,19.0,36.0,0.0243,2560.0,2312.0,248.0,0.0969,19.0,29.0,0.0208,2708,2397,311,0.1148,33,31,0.0267
4208708,9100.0,7485.0,1615.0,0.1775,141.0,132.0,0.0365,9100.0,7634.0,1466.0,0.1611,119.0,97.0,0.0283,9165,7654,1511,0.1649,121,112,0.0304
4201950,11543.0,8667.0,2876.0,0.2492,115.0,155.0,0.0312,11546.0,8775.0,2771.0,0.24,86.0,159.0,0.0279,13141,10217,2924,0.2225,164,194,0.035
4208807,15180.0,12234.0,2946.0,0.1941,174.0,195.0,0.0302,15182.0,12522.0,2660.0,0.1752,175.0,179.0,0.0283,16425,13414,3011,0.1833,230,187,0.0311
4202073,10501.0,8017.0,2484.0,0.2365,88.0,171.0,0.0323,10503.0,8175.0,2328.0,0.2217,77.0,145.0,0.0272,12988,9920,3068,0.2362,129,161,0.0292
4208906,122958.0,105810.0,17148.0,0.1395,1426.0,1821.0,0.0307,122929.0,107048.0,15881.0,0.1292,1164.0,1877.0,0.0284,131454,111510,19944,0.1517,1262,1620,0.0258
4202099,1843.0,1482.0,361.0,0.1959,30.0,24.0,0.0364,1843.0,1510.0,333.0,0.1807,23.0,14.0,0.0245,1855,1572,283,0.1526,33,19,0.0331
4209003,22534.0,18246.0,4288.0,0.1903,185.0,223.0,0.0224,22554.0,18535.0,4019.0,0.1782,204.0,268.0,0.0255,22370,18023,4347,0.1943,247,228,0.0264
4202875,2771.0,2316.0,455.0,0.1642,31.0,35.0,0.0285,2771.0,2305.0,466.0,0.1682,26.0,21.0,0.0204,2907,2397,510,0.1754,34,35,0.0288
4209102,430270.0,358371.0,71899.0,0.1671,4428.0,7311.0,0.0328,430150.0,361916.0,68234.0,0.1586,4112.0,7839.0,0.033,443225,364105,79120,0.1785,4761,6475,0.0309
4210035,5008.0,4302.0,706.0,0.141,45.0,43.0,0.0205,5009.0,4365.0,644.0,0.1286,55.0,58.0,0.0259,4829,4267,562,0.1164,50,45,0.0223
4209201,2023.0,1715.0,308.0,0.1522,20.0,21.0,0.0239,2024.0,1757.0,267.0,0.1319,18.0,17.0,0.0199,1979,1738,241,0.1218,24,24,0.0276
4219853,2995.0,2517.0,478.0,0.1596,36.0,65.0,0.0401,2995.0,2611.0,384.0,0.1282,33.0,52.0,0.0326,3214,2728,486,0.1512,35,46,0.0297
4209300,126263.0,100216.0,26047.0,0.2063,1895.0,1949.0,0.0384,126269.0,101766.0,24503.0,0.1941,1624.0,1728.0,0.0329,125222,98934,26288,0.2099,1974,1538,0.0355
4209409,35848.0,28455.0,7393.0,0.2062,467.0,670.0,0.04,35849.0,28438.0,7411.0,0.2067,375.0,618.0,0.0349,36422,28784,7638,0.2097,516,570,0.0377
4209508,5979.0,5107.0,872.0,0.1458,77.0,89.0,0.0325,5979.0,5238.0,741.0,0.1239,64.0,97.0,0.0307,6020,5327,693,0.1151,76,88,0.0308
4209607,12278.0,10193.0,2085.0,0.1698,167.0,299.0,0.0457,12281.0,10245.0,2036.0,0.1658,141.0,288.0,0.0419,12330,10074,2256,0.183,181,251,0.0429
4209706,8895.0,6802.0,2093.0,0.2353,132.0,146.0,0.0409,8896.0,6851.0,2045.0,0.2299,92.0,105.0,0.0288,8737,6913,1824,0.2088,168,145,0.0453
4209805,3179.0,2737.0,442.0,0.139,61.0,49.0,0.0402,3177.0,2753.0,424.0,0.1335,43.0,54.0,0.0352,3293,2834,459,0.1394,57,51,0.0381
4209904,8996.0,7350.0,1646.0,0.183,113.0,140.0,0.0344,8996.0,7502.0,1494.0,0.1661,75.0,108.0,0.0244,9347,7717,1630,0.1744,124,123,0.032
4210001,9927.0,8474.0,1453.0,0.1464,89.0,135.0,0.0264,9927.0,8548.0,1379.0,0.1389,70.0,114.0,0.0215,10211,8927,1284,0.1257,91,105,0.022
4210100,41447.0,34814.0,6633.0,0.16,808.0,775.0,0.0455,41449.0,35311.0,6138.0,0.1481,565.0,650.0,0.0344,42431,34619,7812,0.1841,818,578,0.0403
4210209,3109.0,2518.0,591.0,0.1901,49.0,57.0,0.0421,3109.0,2597.0,512.0,0.1647,26.0,40.0,0.0254,3305,2616,689,0.2085,47,53,0.0382
4210308,5905.0,4885.0,1020.0,0.1727,93.0,94.0,0.0383,5905.0,4957.0,948.0,0.1605,95.0,71.0,0.0335,6050,4973,1077,0.178,115,110,0.0452
4210506,20259.0,16532.0,3727.0,0.184,221.0,239.0,0.0278,20256.0,16406.0,3850.0,0.1901,158.0,228.0,0.0235,20395,17120,3275,0.1606,198,213,0.024
4210555,2002.0,1796.0,206.0,0.1029,20.0,20.0,0.0223,2003.0,1763.0,240.0,0.1198,23.0,23.0,0.0261,2215,1880,335,0.1512,25,28,0.0282
4210605,13028.0,11045.0,1983.0,0.1522,126.0,214.0,0.0308,13027.0,11226.0,1801.0,0.1383,94.0,206.0,0.0267,13335,11271,2064,0.1548,123,183,0.0271
4210704,2462.0,1894.0,568.0,0.2307,33.0,36.0,0.0364,2462.0,1859.0,603.0,0.2449,29.0,33.0,0.0334,2463,1902,561,0.2278,48,31,0.0415
4210803,6048.0,5095.0,953.0,0.1576,40.0,67.0,0.021,6048.0,5208.0,840.0,0.1389,46.0,68.0,0.0219,5868,5146,722,0.123,62,58,0.0233
4210902,3391.0,2921.0,470.0,0.1386,33.0,43.0,0.026,3391.0,2960.0,431.0,0.1271,35.0,42.0,0.026,3479,3036,443,0.1273,40,32,0.0237
4211009,7679.0,6327.0,1352.0,0.1761,88.0,117.0,0.0324,7678.0,6395.0,1283.0,0.1671,73.0,95.0,0.0263,7441,6405,1036,0.1392,60,112,0.0269
4211108,7159.0,5604.0,1555.0,0.2172,147.0,108.0,0.0455,7159.0,5668.0,1491.0,0.2083,114.0,77.0,0.0337,6982,5765,1217,0.1743,129,99,0.0395
4211207,13470.0,11126.0,2344.0,0.174,156.0,204.0,0.0324,13471.0,11340.0,2131.0,0.1582,124.0,154.0,0.0245,14207,11673,2534,0.1784,151,132,0.0242
4211306,60955.0,45858.0,15097.0,0.2477,727.0,955.0,0.0367,60960.0,46908.0,14052.0,0.2305,559.0,888.0,0.0308,66392,51547,14845,0.2236,847,878,0.0335
4211405,3860.0,3334.0,526.0,0.1363,39.0,54.0,0.0279,3860.0,3391.0,469.0,0.1215,30.0,64.0,0.0277,4037,3417,620,0.1536,37,59,0.0281
4211504,10755.0,9089.0,1666.0,0.1549,203.0,252.0,0.0501,10757.0,9333.0,1424.0,0.1324,125.0,204.0,0.0353,11343,9549,1794,0.1582,161,184,0.0361
4211603,12189.0,10298.0,1891.0,0.1551,143.0,188.0,0.0321,12189.0,10474.0,1715.0,0.1407,119.0,140.0,0.0247,12429,10484,1945,0.1565,126,120,0.0235
4211702,19160.0,15643.0,3517.0,0.1836,244.0,325.0,0.0364,19161.0,15902.0,3259.0,0.1701,180.0,272.0,0.0284,19333,15775,3558,0.184,222,230,0.0287
4211801,5814.0,4857.0,957.0,0.1646,64.0,81.0,0.0299,5816.0,4964.0,852.0,0.1465,45.0,88.0,0.0268,5678,4755,923,0.1626,75,85,0.0336
4211900,141010.0,114752.0,26258.0,0.1862,2150.0,2917.0,0.0442,141022.0,115405.0,25617.0,0.1817,1616.0,2871.0,0.0389,154633,124348,30285,0.1959,2206,2513,0.0379
4212007,5713.0,4515.0,1198.0,0.2097,55.0,60.0,0.0255,5712.0,4534.0,1178.0,0.2062,36.0,56.0,0.0203,5410,4492,918,0.1697,70,68,0.0307
4212106,12206.0,10055.0,2151.0,0.1762,156.0,141.0,0.0295,12204.0,10254.0,1950.0,0.1598,109.0,121.0,0.0224,12297,10125,2172,0.1766,148,127,0.0272
4212205,14302.0,12196.0,2106.0,0.1473,287.0,220.0,0.0416,14303.0,12387.0,1916.0,0.134,209.0,168.0,0.0304,14658,12135,2523,0.1721,354,221,0.0474
4212304,6610.0,5620.0,990.0,0.1498,94.0,133.0,0.0404,6607.0,5671.0,936.0,0.1417,77.0,112.0,0.0333,7411,6251,1160,0.1565,106,115,0.0354
4212403,4152.0,3389.0,763.0,0.1838,66.0,81.0,0.0434,4152.0,3450.0,702.0,0.1691,56.0,62.0,0.0342,4152,3444,708,0.1705,57,67,0.036
4212502,22145.0,17688.0,4457.0,0.2013,251.0,316.0,0.0321,22145.0,17996.0,4149.0,0.1874,203.0,328.0,0.0295,26267,20511,5756,0.2191,283,350,0.0309
4212601,2740.0,2359.0,381.0,0.1391,29.0,37.0,0.028,2740.0,2386.0,354.0,0.1292,19.0,33.0,0.0218,2879,2554,325,0.1129,34,35,0.027
4212700,5393.0,4701.0,692.0,0.1283,72.0,97.0,0.0359,5393.0,4705.0,688.0,0.1276,57.0,53.0,0.0234,5523,4861,662,0.1199,55,59,0.0235
4212809,18440.0,14412.0,4028.0,0.2184,178.0,216.0,0.0273,18446.0,14747.0,3699.0,0.2005,152.0,230.0,0.0259,23277,17702,5575,0.2395,229,265,0.0279
4212908,15042.0,12920.0,2122.0,0.1411,169.0,210.0,0.0293,15036.0,13032.0,2004.0,0.1333,146.0,189.0,0.0257,15631,13146,2485,0.159,174,232,0.0309
4213005,2794.0,2367.0,427.0,0.1528,31.0,34.0,0.0275,2796.0,2425.0,371.0,0.1327,21.0,33.0,0.0223,3010,2440,570,0.1894,38,32,0.0287
4213104,5070.0,4339.0,731.0,0.1442,59.0,77.0,0.0313,5072.0,4382.0,690.0,0.136,47.0,62.0,0.0249,5246,4446,800,0.1525,55,87,0.0319
4213203,25907.0,21205.0,4702.0,0.1815,309.0,501.0,0.0382,25901.0,21253.0,4648.0,0.1795,243.0,433.0,0.0318,27227,21941,5286,0.1941,281,453,0.0335
4213302,4146.0,3292.0,854.0,0.206,64.0,71.0,0.041,4147.0,3325.0,822.0,0.1982,48.0,50.0,0.0295,4025,3325,700,0.1739,64,73,0.0412
4213401,7950.0,6523.0,1427.0,0.1795,79.0,110.0,0.029,7951.0,6646.0,1305.0,0.1641,77.0,86.0,0.0245,8142,6390,1752,0.2152,83,123,0.0322
4213500,16774.0,12905.0,3869.0,0.2307,175.0,280.0,0.0353,16784.0,13133.0,3651.0,0.2175,142.0,263.0,0.0308,20041,15465,4576,0.2283,200,236,0.0282
4213609,25715.0,19849.0,5866.0,0.2281,317.0,370.0,0.0346,25723.0,20228.0,5495.0,0.2136,311.0,352.0,0.0328,25684,19773,5911,0.2301,374,348,0.0365
4213708,11808.0,9746.0,2062.0,0.1746,156.0,122.0,0.0285,11808.0,9912.0,1896.0,0.1606,89.0,105.0,0.0196,12260,10040,2220,0.1811,145,104,0.0248
4213807,6349.0,5304.0,1045.0,0.1646,71.0,116.0,0.0353,6348.0,5316.0,1032.0,0.1626,72.0,107.0,0.0337,6688,5553,1135,0.1697,78,98,0.0317
4213906,1626.0,1403.0,223.0,0.1371,10.0,20.0,0.0214,1626.0,1419.0,207.0,0.1273,6.0,13.0,0.0134,1670,1476,194,0.1162,17,11,0.019
4214003,13599.0,11248.0,2351.0,0.1729,175.0,239.0,0.0368,13599.0,11501.0,2098.0,0.1543,118.0,193.0,0.027,14268,11794,2474,0.1734,157,173,0.028
4214102,2195.0,1785.0,410.0,0.1868,29.0,37.0,0.037,2195.0,1824.0,371.0,0.169,25.0,33.0,0.0318,2237,1866,371,0.1658,35,27,0.0332
4214201,8176.0,7006.0,1170.0,0.1431,105.0,97.0,0.0288,8177.0,7125.0,1052.0,0.1287,100.0,111.0,0.0296,8066,6713,1353,0.1677,97,128,0.0335
4214300,3139.0,2714.0,425.0,0.1354,54.0,49.0,0.038,3137.0,2714.0,423.0,0.1348,42.0,53.0,0.035,3744,3177,567,0.1514,57,42,0.0312
4214409,5294.0,4254.0,1040.0,0.1964,79.0,70.0,0.035,5292.0,4257.0,1035.0,0.1956,57.0,54.0,0.0261,5383,4519,864,0.1605,70,65,0.0299
4214508,5282.0,4519.0,763.0,0.1445,45.0,75.0,0.0266,5285.0,4622.0,663.0,0.1254,41.0,47.0,0.019,5436,4679,757,0.1393,47,54,0.0216
4214607,5979.0,5067.0,912.0,0.1525,86.0,94.0,0.0355,5979.0,5197.0,782.0,0.1308,55.0,68.0,0.0237,6043,5155,888,0.1469,66,70,0.0264
4214706,8797.0,7269.0,1528.0,0.1737,108.0,173.0,0.0387,8798.0,7439.0,1359.0,0.1545,83.0,174.0,0.0345,8999,7713,1286,0.1429,113,142,0.0331
4214805,51291.0,41035.0,10256.0,0.2,535.0,798.0,0.0325,51301.0,42005.0,9296.0,0.1812,428.0,717.0,0.0273,51075,41429,9646,0.1889,493,629,0.0271
4214904,4343.0,3925.0,418.0,0.0962,53.0,84.0,0.0349,4343.0,3972.0,371.0,0.0854,48.0,60.0,0.0272,4372,3984,388,0.0887,45,50,0.0238
4215000,32147.0,25083.0,7064.0,0.2197,499.0,530.0,0.041,32155.0,25601.0,6554.0,0.2038,325.0,491.0,0.0319,31740,24953,6787,0.2138,406,416,0.0329
4215109,9777.0,8004.0,1773.0,0.1813,165.0,198.0,0.0454,9775.0,8174.0,1601.0,0.1638,98.0,175.0,0.0334,9464,8157,1307,0.1381,148,164,0.0382
4215208,3926.0,3400.0,526.0,0.134,70.0,61.0,0.0385,3926.0,3400.0,526.0,0.134,53.0,52.0,0.0309,4125,3433,692,0.1678,75,49,0.0361
4215307,6054.0,5065.0,989.0,0.1634,72.0,78.0,0.0296,6056.0,5161.0,895.0,0.1478,60.0,82.0,0.0275,6344,5347,997,0.1572,70,93,0.0305
4215406,3460.0,2909.0,551.0,0.1592,37.0,76.0,0.0388,3461.0,2953.0,508.0,0.1468,33.0,63.0,0.0325,3446,2864,582,0.1689,35,59,0.0328
4215505,13009.0,9531.0,3478.0,0.2674,241.0,201.0,0.0464,13009.0,9688.0,3321.0,0.2553,170.0,139.0,0.0319,12255,9243,3012,0.2458,265,157,0.0457
4215604,1978.0,1706.0,272.0,0.1375,32.0,42.0,0.0434,1978.0,1732.0,246.0,0.1244,29.0,35.0,0.037,2019,1774,245,0.1213,33,29,0.0349
4215703,19039.0,16249.0,2790.0,0.1465,257.0,403.0,0.0406,19042.0,16394.0,2648.0,0.1391,195.0,401.0,0.0364,20294,17289,3005,0.1481,212,344,0.0322
4215802,63015.0,51205.0,11810.0,0.1874,938.0,1128.0,0.0403,63018.0,52231.0,10787.0,0.1712,740.0,1018.0,0.0337,63838,51505,12333,0.1932,856,833,0.0328
4215901,2775.0,2397.0,378.0,0.1362,52.0,70.0,0.0509,2775.0,2429.0,346.0,0.1247,39.0,48.0,0.0358,2932,2484,448,0.1528,52,43,0.0382
4216008,8248.0,7025.0,1223.0,0.1483,101.0,105.0,0.0293,8248.0,7092.0,1156.0,0.1402,82.0,112.0,0.0274,8222,6971,1251,0.1522,99,105,0.0293
4216107,7261.0,6204.0,1057.0,0.1456,93.0,89.0,0.0293,7262.0,6295.0,967.0,0.1332,91.0,70.0,0.0256,7343,6096,1247,0.1698,119,98,0.0356
4216206,39548.0,30006.0,9542.0,0.2413,441.0,548.0,0.033,39557.0,30432.0,9125.0,0.2307,374.0,522.0,0.0294,42667,32132,10535,0.2469,496,555,0.0327
4216305,22748.0,18114.0,4634.0,0.2037,309.0,363.0,0.0371,22745.0,18626.0,4119.0,0.1811,204.0,320.0,0.0281,23144,18767,4377,0.1891,269,284,0.0295
4216404,6682.0,5686.0,996.0,0.1491,96.0,115.0,0.0371,6683.0,5730.0,953.0,0.1426,89.0,84.0,0.0302,7398,6243,1155,0.1561,98,81,0.0287
4216503,19306.0,15156.0,4150.0,0.215,300.0,311.0,0.0403,19311.0,15379.0,3932.0,0.2036,269.0,289.0,0.0363,19522,14885,4637,0.2375,352,247,0.0402
4216602,187585.0,154036.0,33549.0,0.1788,2497.0,3964.0,0.0419,187620.0,154585.0,33035.0,0.1761,2168.0,4076.0,0.0404,195574,157752,37822,0.1934,2496,3224,0.0363
4216701,11343.0,9246.0,2097.0,0.1849,132.0,161.0,0.0317,11342.0,9458.0,1884.0,0.1661,100.0,131.0,0.0244,10947,9309,1638,0.1496,145,154,0.0321
4216800,7440.0,6240.0,1200.0,0.1613,92.0,88.0,0.0288,7440.0,6314.0,1126.0,0.1513,83.0,66.0,0.0236,7722,6586,1136,0.1471,108,108,0.0328
4216909,19115.0,15340.0,3775.0,0.1975,275.0,245.0,0.0339,19112.0,15509.0,3603.0,0.1885,214.0,205.0,0.027,19026,15319,3707,0.1948,237,208,0.029
4217006,9198.0,7862.0,1336.0,0.1452,113.0,119.0,0.0295,9199.0,7976.0,1223.0,0.1329,93.0,94.0,0.0234,9949,8534,1415,0.1422,113,85,0.0232
4217105,3234.0,2836.0,398.0,0.1231,40.0,44.0,0.0296,3234.0,2870.0,364.0,0.1126,28.0,47.0,0.0261,3230,2871,359,0.1111,31,32,0.0219
4217204,31771.0,25368.0,6403.0,0.2015,370.0,430.0,0.0315,31776.0,25836.0,5940.0,0.1869,310.0,334.0,0.0249,32021,25505,6516,0.2035,311,298,0.0239
4217303,7513.0,6650.0,863.0,0.1149,79.0,107.0,0.028,7514.0,6705.0,809.0,0.1077,53.0,101.0,0.023,7589,6674,915,0.1206,72,95,0.025
4217402,13813.0,11542.0,2271.0,0.1644,146.0,199.0,0.0299,13813.0,11734.0,2079.0,0.1505,109.0,184.0,0.025,14004,12098,1906,0.1361,140,166,0.0253
4217501,14522.0,11865.0,2657.0,0.183,193.0,268.0,0.0389,14522.0,12002.0,2520.0,0.1735,156.0,218.0,0.0312,13942,11508,2434,0.1746,214,214,0.0372
4217600,11088.0,8728.0,2360.0,0.2128,121.0,187.0,0.0353,11088.0,8933.0,2155.0,0.1944,115.0,192.0,0.0344,11784,9259,2525,0.2143,143,156,0.0323
4217709,22659.0,18099.0,4560.0,0.2012,269.0,375.0,0.0356,22659.0,18436.0,4223.0,0.1864,185.0,338.0,0.0284,22226,18470,3756,0.169,255,277,0.0288
4217808,14512.0,11976.0,2536.0,0.1748,176.0,207.0,0.032,14514.0,12197.0,2317.0,0.1596,123.0,179.0,0.0248,14737,11846,2891,0.1962,128,166,0.0248
4217907,6585.0,5514.0,1071.0,0.1626,86.0,90.0,0.0319,6590.0,5600.0,990.0,0.1502,69.0,81.0,0.0268,6620,5449,1171,0.1769,97,77,0.0319
4218004,31748.0,24942.0,6806.0,0.2144,383.0,597.0,0.0393,31748.0,25337.0,6411.0,0.2019,284.0,528.0,0.032,36911,28818,8093,0.2193,398,530,0.0322
4218202,34114.0,28055.0,6059.0,0.1776,394.0,658.0,0.0375,34113.0,28575.0,5538.0,0.1623,328.0,608.0,0.0328,35846,29611,6235,0.1739,366,572,0.0317
4218301,14930.0,11674.0,3256.0,0.2181,242.0,229.0,0.0403,14929.0,11799.0,3130.0,0.2097,213.0,180.0,0.0333,15074,11704,3370,0.2236,329,221,0.047
4218400,6584.0,5600.0,984.0,0.1495,102.0,107.0,0.0373,6581.0,5669.0,912.0,0.1386,63.0,72.0,0.0238,6518,5669,849,0.1303,87,59,0.0258
4218509,6148.0,5185.0,963.0,0.1566,69.0,69.0,0.0266,6150.0,5259.0,891.0,0.1449,62.0,62.0,0.0236,6439,5464,975,0.1514,58,75,0.0243
4218608,5229.0,4404.0,825.0,0.1578,67.0,66.0,0.0302,5229.0,4544.0,685.0,0.131,46.0,59.0,0.0231,5524,4626,898,0.1626,56,55,0.024
4218707,80920.0,64811.0,16109.0,0.1991,925.0,1460.0,0.0368,80939.0,66009.0,14930.0,0.1845,843.0,1402.0,0.034,82210,66393,15817,0.1924,891,1208,0.0316
4218756,4028.0,3433.0,595.0,0.1477,61.0,74.0,0.0393,4028.0,3505.0,523.0,0.1298,34.0,68.0,0.0291,4043,3596,447,0.1106,35,67,0.0284
4218806,9947.0,8632.0,1315.0,0.1322,109.0,132.0,0.0279,9947.0,8736.0,1211.0,0.1217,88.0,105.0,0.0221,10409,8943,1466,0.1408,97,94,0.0214
4218905,8393.0,6427.0,1966.0,0.2342,66.0,98.0,0.0255,8394.0,6625.0,1769.0,0.2107,62.0,76.0,0.0208,8139,6765,1374,0.1688,74,76,0.0222
4219002,17455.0,13230.0,4225.0,0.2421,169.0,307.0,0.036,17458.0,13660.0,3798.0,0.2176,163.0,268.0,0.0316,17330,13000,4330,0.2499,190,213,0.031
4219101,2930.0,2553.0,377.0,0.1287,36.0,59.0,0.0372,2930.0,2550.0,380.0,0.1297,29.0,53.0,0.0322,2999,2447,552,0.1841,47,42,0.0364
4219200,5338.0,4586.0,752.0,0.1409,79.0,72.0,0.0329,5338.0,4636.0,702.0,0.1315,56.0,66.0,0.0263,5308,4595,713,0.1343,78,73,0.0329
4219309,38561.0,30616.0,7945.0,0.206,527.0,576.0,0.036,38567.0,31319.0,7248.0,0.1879,345.0,545.0,0.0284,39175,30986,8189,0.209,517,481,0.0322
4219408,3467.0,2907.0,560.0,0.1615,52.0,76.0,0.044,3467.0,2929.0,538.0,0.1552,44.0,76.0,0.041,3494,3003,491,0.1405,43,77,0.04
4219507,36006.0,29115.0,6891.0,0.1914,370.0,409.0,0.0268,36008.0,29625.0,6383.0,0.1773,332.0,386.0,0.0242,34911,29079,5832,0.1671,391,427,0.0281
4219606,3515.0,3073.0,442.0,0.1257,36.0,39.0,0.0244,3515.0,3125.0,390.0,0.111,31.0,27.0,0.0186,3388,2927,461,0.1361,66,35,0.0345
4219705,22548.0,18861.0,3687.0,0.1635,268.0,296.0,0.0299,22550.0,19071.0,3479.0,0.1543,214.0,252.0,0.0244,22987,19026,3961,0.1723,291,270,0.0295
4202503,3619.0,2906.0,713.0,0.197,45.0,56.0,0.0348,3615.0,2931.0,684.0,0.1892,31.0,40.0,0.0242,3852,3042,810,0.2103,44,41,0.0279
4220000,12415.0,9573.0,2842.0,0.2289,117.0,156.0,0.0285,12418.0,9604.0,2814.0,0.2266,98.0,135.0,0.0243,13698,10558,3140,0.2292,158,185,0.0325
4210407,6311.0,5303.0,1008.0,0.1597,101.0,107.0,0.0392,6309.0,5330.0,979.0,0.1552,84.0,102.0,0.0349,6447,5512,935,0.145,84,95,0.0325
4212650,7662.0,6806.0,856.0,0.1117,97.0,143.0,0.0353,7663.0,6747.0,916.0,0.1195,84.0,150.0,0.0347,8428,7383,1045,0.124,120,127,0.0335
4218103,4527.0,3737.0,790.0,0.1745,61.0,66.0,0.034,4527.0,3763.0,764.0,0.1688,44.0,63.0,0.0284,4542,3909,633,0.1394,54,59,0.0289
4204558,11866.0,9929.0,1937.0,0.1632,178.0,167.0,0.0347,11868.0,10039.0,1829.0,0.1541,176.0,137.0,0.0312,12108,10038,2070,0.171,213,163,0.0375
4211751,13342.0,10965.0,2377.0,0.1782,128.0,207.0,0.0306,13341.0,11086.0,2255.0,0.169,154.0,183.0,0.0304,12683,10699,1984,0.1564,180,157,0.0315
4104451,9167.0,7095.0,2072.0,0.226,77.0,168.0,0.0345,9165.0,7070.0,2095.0,0.2286,80.0,104.0,0.026,9118,6886,2232,0.2448,102,184,0.0415
4127965,11606.0,9473.0,2133.0,0.1838,124.0,175.0,0.0316,11606.0,9518.0,2088.0,0.1799,132.0,153.0,0.0299,11863,9595,2268,0.1912,154,188,0.0356
4100459,3395.0,2639.0,756.0,0.2227,24.0,55.0,0.0299,3396.0,2635.0,761.0,0.2241,32.0,49.0,0.0307,3441,2655,786,0.2284,35,52,0.0328
4107751,6478.0,5065.0,1413.0,0.2181,95.0,139.0,0.0462,6478.0,5089.0,1389.0,0.2144,72.0,114.0,0.0365,6360,4771,1589,0.2498,88,112,0.0419
4113759,4223.0,3334.0,889.0,0.2105,47.0,80.0,0.0381,4223.0,3331.0,892.0,0.2112,51.0,60.0,0.0333,4235,3322,913,0.2156,72,71,0.043
4126256,68553.0,53281.0,15272.0,0.2228,1061.0,1299.0,0.0443,68553.0,54184.0,14369.0,0.2096,830.0,1131.0,0.0362,72031,54578,17453,0.2423,1252,1183,0.0446
4112959,6284.0,4961.0,1323.0,0.2105,66.0,107.0,0.0349,6284.0,5103.0,1181.0,0.1879,47.0,94.0,0.0276,6202,5110,1092,0.1761,63,85,0.029
4107256,6689.0,5376.0,1313.0,0.1963,51.0,95.0,0.0272,6693.0,5528.0,1165.0,0.1741,50.0,64.0,0.0206,6988,5603,1385,0.1982,74,64,0.0246
4124053,17953.0,14806.0,3147.0,0.1753,147.0,274.0,0.0284,17955.0,14899.0,3056.0,0.1702,136.0,183.0,0.0214,18871,15304,3567,0.189,166,223,0.0254
4116059,9330.0,7727.0,1603.0,0.1718,57.0,125.0,0.0236,9315.0,7740.0,1575.0,0.1691,37.0,87.0,0.016,9671,8108,1563,0.1616,63,96,0.0196
4125456,3313.0,2736.0,577.0,0.1742,38.0,60.0,0.0358,3313.0,2741.0,572.0,0.1727,40.0,41.0,0.0296,3463,2757,706,0.2039,40,41,0.0294
4301552,3104.0,2802.0,302.0,0.0973,75.0,45.0,0.0428,3104.0,2841.0,263.0,0.0847,63.0,60.0,0.0433,3213,2816,397,0.1236,81,43,0.044
4321634,2456.0,2093.0,363.0,0.1478,48.0,36.0,0.0401,2456.0,2133.0,323.0,0.1315,35.0,44.0,0.037,2549,2135,414,0.1624,43,38,0.0379
4313359,3061.0,2681.0,380.0,0.1241,54.0,63.0,0.0436,3061.0,2712.0,349.0,0.114,33.0,50.0,0.0306,3182,2735,447,0.1405,42,43,0.0311
4315156,4933.0,4326.0,607.0,0.123,59.0,62.0,0.028,4931.0,4362.0,569.0,0.1154,45.0,95.0,0.0321,4932,4213,719,0.1458,83,91,0.0413
4314555,2285.0,1712.0,573.0,0.2508,23.0,30.0,0.031,2285.0,1761.0,524.0,0.2293,26.0,51.0,0.0437,2336,1710,626,0.268,34,58,0.0538
4310850,3238.0,2673.0,565.0,0.1745,38.0,45.0,0.0311,3240.0,2744.0,496.0,0.1531,51.0,82.0,0.0485,3370,2742,628,0.1864,52,67,0.0434
4318440,2451.0,2150.0,301.0,0.1228,42.0,21.0,0.0293,2453.0,2213.0,240.0,0.0978,27.0,45.0,0.0325,2437,2145,292,0.1198,23,37,0.028
4300554,1763.0,1522.0,241.0,0.1367,32.0,19.0,0.0335,1765.0,1535.0,230.0,0.1303,38.0,33.0,0.0463,1850,1555,295,0.1595,31,21,0.0334
4313060,14448.0,12368.0,2080.0,0.144,224.0,221.0,0.036,14448.0,12479.0,1969.0,0.1363,187.0,323.0,0.0409,14667,12367,2300,0.1568,249,241,0.0396
4306452,2996.0,2543.0,453.0,0.1512,49.0,47.0,0.0378,2996.0,2578.0,418.0,0.1395,47.0,43.0,0.0349,3119,2567,552,0.177,49,53,0.0397
4318051,2624.0,2239.0,385.0,0.1467,65.0,53.0,0.0527,2624.0,2292.0,332.0,0.1265,45.0,47.0,0.0401,2596,2143,453,0.1745,48,38,0.0401
4322152,3343.0,2776.0,567.0,0.1696,47.0,30.0,0.0277,3343.0,2788.0,555.0,0.166,46.0,56.0,0.0366,3346,2758,588,0.1757,66,57,0.0446
4318424,4126.0,3592.0,534.0,0.1294,140.0,69.0,0.0582,4127.0,3663.0,464.0,0.1124,109.0,91.0,0.0546,4198,3554,644,0.1534,147,68,0.0605
4309258,1404.0,1185.0,219.0,0.156,41.0,17.0,0.0489,1401.0,1218.0,183.0,0.1306,21.0,29.0,0.0411,1395,1164,231,0.1656,26,20,0.0395
4315354,3610.0,3087.0,523.0,0.1449,28.0,40.0,0.022,3610.0,3085.0,525.0,0.1454,35.0,56.0,0.0295,3825,3263,562,0.1469,31,49,0.0245
4306734,3937.0,3372.0,565.0,0.1435,32.0,57.0,0.0264,3937.0,3353.0,584.0,0.1483,38.0,71.0,0.0325,3822,3207,615,0.1609,39,59,0.0306
4304689,7757.0,6593.0,1164.0,0.1501,99.0,134.0,0.0353,7757.0,6583.0,1174.0,0.1513,81.0,164.0,0.0372,8031,6536,1495,0.1862,127,141,0.041
4311122,3491.0,2740.0,751.0,0.2151,70.0,73.0,0.0522,3491.0,2776.0,715.0,0.2048,52.0,85.0,0.0494,3757,2832,925,0.2462,94,78,0.0607
4322558,2026.0,1731.0,295.0,0.1456,60.0,26.0,0.0497,2027.0,1763.0,264.0,0.1302,48.0,47.0,0.0539,2018,1687,331,0.164,56,23,0.0468
4302451,5439.0,4616.0,823.0,0.1513,67.0,52.0,0.0258,5439.0,4652.0,787.0,0.1447,65.0,100.0,0.0355,5325,4466,859,0.1613,100,80,0.0403
4307864,2350.0,2069.0,281.0,0.1196,26.0,31.0,0.0275,2350.0,2113.0,237.0,0.1009,17.0,33.0,0.0237,2439,2050,389,0.1595,32,24,0.0273
4300059,3098.0,2702.0,396.0,0.1278,33.0,17.0,0.0185,3097.0,2763.0,334.0,0.1078,36.0,44.0,0.029,3300,2789,511,0.1548,40,30,0.0251
4320651,2230.0,1839.0,391.0,0.1753,33.0,35.0,0.037,2230.0,1888.0,342.0,0.1534,32.0,68.0,0.053,2147,1745,402,0.1872,42,38,0.0458
4309951,3511.0,2915.0,596.0,0.1698,40.0,27.0,0.023,3511.0,2983.0,528.0,0.1504,38.0,66.0,0.0349,3410,2753,657,0.1927,47,49,0.0349
4309753,3566.0,3038.0,528.0,0.1481,59.0,50.0,0.0359,3566.0,3033.0,533.0,0.1495,57.0,69.0,0.0415,3655,2986,669,0.183,101,72,0.0579
4313953,8243.0,6677.0,1566.0,0.19,106.0,91.0,0.0295,8243.0,6670.0,1573.0,0.1908,121.0,181.0,0.0453,8416,6607,1809,0.2149,171,154,0.0492
4310439,5468.0,4611.0,857.0,0.1567,81.0,81.0,0.0351,5469.0,4688.0,781.0,0.1428,60.0,102.0,0.0346,5497,4596,901,0.1639,70,70,0.0305
4321956,5123.0,4310.0,813.0,0.1587,67.0,67.0,0.0311,5125.0,4422.0,703.0,0.1372,65.0,124.0,0.0427,5879,4722,1157,0.1968,97,103,0.0424
4300109,12419.0,11026.0,1393.0,0.1122,268.0,130.0,0.0361,12418.0,11001.0,1417.0,0.1141,222.0,215.0,0.0397,12534,10697,1837,0.1466,333,181,0.0481
4307054,2822.0,2397.0,425.0,0.1506,20.0,22.0,0.0175,2822.0,2396.0,426.0,0.151,18.0,38.0,0.0234,2930,2432,498,0.17,38,43,0.0333
4300208,5898.0,4991.0,907.0,0.1538,48.0,50.0,0.0196,5900.0,5071.0,829.0,0.1405,60.0,82.0,0.028,5799,4948,851,0.1467,49,74,0.0249
4306353,2562.0,2076.0,486.0,0.1897,41.0,33.0,0.0356,2562.0,2081.0,481.0,0.1877,42.0,48.0,0.0432,2615,2008,607,0.2321,50,39,0.0443
4300307,5475.0,4690.0,785.0,0.1434,58.0,76.0,0.0286,5475.0,4714.0,761.0,0.139,55.0,117.0,0.0365,5602,4697,905,0.1615,70,96,0.0353
4302659,3875.0,3380.0,495.0,0.1277,62.0,90.0,0.045,3875.0,3403.0,472.0,0.1218,57.0,124.0,0.0532,3961,3365,596,0.1505,79,110,0.0562
4300406,58197.0,42569.0,15628.0,0.2685,661.0,558.0,0.0286,58207.0,42899.0,15308.0,0.263,698.0,1000.0,0.0396,55756,40720,15036,0.2697,804,651,0.0357
4306973,2532.0,2088.0,444.0,0.1754,32.0,48.0,0.0383,2532.0,2141.0,391.0,0.1544,21.0,68.0,0.0416,2616,2106,510,0.195,37,54,0.0432
4300505,6225.0,5041.0,1184.0,0.1902,134.0,62.0,0.0389,6225.0,5172.0,1053.0,0.1692,115.0,110.0,0.0435,6272,4976,1296,0.2066,160,66,0.0454
4306932,7272.0,6010.0,1262.0,0.1735,106.0,101.0,0.0344,7274.0,6108.0,1166.0,0.1603,89.0,148.0,0.0388,7421,6030,1391,0.1874,102,139,0.04
4300604,138026.0,108896.0,29130.0,0.211,2549.0,2378.0,0.0452,138031.0,108621.0,29410.0,0.2131,2090.0,3344.0,0.05,135997,103478,32519,0.2391,3051,2539,0.054
4313037,4241.0,3572.0,669.0,0.1577,118.0,113.0,0.0647,4242.0,3578.0,664.0,0.1565,107.0,129.0,0.066,4338,3535,803,0.1851,108,124,0.0656
4300703,4781.0,4110.0,671.0,0.1403,101.0,102.0,0.0494,4781.0,4227.0,554.0,0.1159,98.0,86.0,0.0435,4872,4088,784,0.1609,89,64,0.0374
4314159,5849.0,4890.0,959.0,0.164,82.0,108.0,0.0389,5848.0,4845.0,1003.0,0.1715,69.0,130.0,0.0411,6036,5037,999,0.1655,91,98,0.0375
4300802,10532.0,9125.0,1407.0,0.1336,152.0,170.0,0.0353,10541.0,9341.0,1200.0,0.1138,149.0,177.0,0.0349,10712,9149,1563,0.1459,152,127,0.0305
4321436,7604.0,6179.0,1425.0,0.1874,116.0,104.0,0.0356,7604.0,6268.0,1336.0,0.1757,127.0,163.0,0.0463,7779,6198,1581,0.2032,151,135,0.0461
4300901,6274.0,5371.0,903.0,0.1439,101.0,61.0,0.0302,6274.0,5461.0,813.0,0.1296,100.0,108.0,0.0381,6202,5214,988,0.1593,101,80,0.0347
4309555,3912.0,3493.0,419.0,0.1071,68.0,90.0,0.0452,3911.0,3517.0,394.0,0.1007,50.0,85.0,0.0384,4102,3602,500,0.1219,69,60,0.0358
4301008,16612.0,14567.0,2045.0,0.1231,225.0,262.0,0.0334,16610.0,14108.0,2502.0,0.1506,187.0,290.0,0.0338,17325,14887,2438,0.1407,224,282,0.034
4304101,3163.0,2570.0,593.0,0.1875,67.0,22.0,0.0346,3163.0,2648.0,515.0,0.1628,62.0,62.0,0.0468,3183,2571,612,0.1923,86,52,0.0537
4301107,10306.0,8197.0,2109.0,0.2046,241.0,168.0,0.0499,10307.0,8230.0,2077.0,0.2015,227.0,276.0,0.0611,10249,7862,2387,0.2329,249,178,0.0543
4305157,2572.0,2109.0,463.0,0.18,36.0,36.0,0.0341,2575.0,2424.0,151.0,0.0586,34.0,145.0,0.0738,2482,1923,559,0.2252,30,44,0.0385
4301206,10353.0,8590.0,1763.0,0.1703,208.0,165.0,0.0434,10354.0,8655.0,1699.0,0.1641,157.0,207.0,0.0421,9941,8400,1541,0.155,235,173,0.0486
4310462,1960.0,1686.0,274.0,0.1398,21.0,29.0,0.0297,1963.0,1730.0,233.0,0.1187,10.0,42.0,0.0301,2098,1794,304,0.1449,23,28,0.0284
4301305,14746.0,11946.0,2800.0,0.1899,228.0,184.0,0.0345,14744.0,11893.0,2851.0,0.1934,249.0,332.0,0.0489,14461,11337,3124,0.216,329,239,0.0501
4311254,4591.0,3803.0,788.0,0.1716,92.0,59.0,0.0397,4591.0,3813.0,778.0,0.1695,73.0,125.0,0.0519,4895,4002,893,0.1824,120,76,0.049
4301404,8652.0,7248.0,1404.0,0.1623,248.0,132.0,0.0524,8653.0,7440.0,1213.0,0.1402,139.0,193.0,0.0446,8656,7028,1628,0.1881,225,131,0.0507
4307559,4854.0,4159.0,695.0,0.1432,73.0,97.0,0.0409,4854.0,4217.0,637.0,0.1312,80.0,112.0,0.0455,4871,4102,769,0.1579,68,76,0.0351
4301503,5769.0,5033.0,736.0,0.1276,66.0,71.0,0.0272,5769.0,5155.0,614.0,0.1064,57.0,84.0,0.0274,5869,4992,877,0.1494,76,78,0.0308
4301057,7847.0,6205.0,1642.0,0.2093,102.0,142.0,0.0393,7848.0,6281.0,1567.0,0.1997,108.0,166.0,0.0436,9495,7314,2181,0.2297,133,134,0.0365
4301602,91060.0,69172.0,21888.0,0.2404,1415.0,1260.0,0.0387,91075.0,68909.0,22166.0,0.2434,1288.0,1869.0,0.0458,87802,64359,23443,0.267,2027,1538,0.0554
4318481,3525.0,3169.0,356.0,0.101,58.0,59.0,0.0369,3525.0,3214.0,311.0,0.0882,37.0,57.0,0.0292,3728,3254,474,0.1271,42,46,0.027
4301701,5400.0,4668.0,732.0,0.1356,135.0,102.0,0.0508,5401.0,4761.0,640.0,0.1185,95.0,139.0,0.0491,5354,4550,804,0.1502,117,87,0.0448
4314456,2315.0,1994.0,321.0,0.1387,21.0,29.0,0.0251,2315.0,2006.0,309.0,0.1335,42.0,45.0,0.0434,2557,2162,395,0.1545,31,39,0.0324
4301800,4356.0,3508.0,848.0,0.1947,95.0,64.0,0.0453,4358.0,3590.0,768.0,0.1762,81.0,102.0,0.051,4352,3446,906,0.2082,150,101,0.0728
4321667,7869.0,6827.0,1042.0,0.1324,78.0,93.0,0.025,7870.0,6956.0,914.0,0.1161,77.0,137.0,0.0308,8189,6962,1227,0.1498,89,93,0.0261
4301909,10327.0,8106.0,2221.0,0.2151,163.0,158.0,0.0396,10330.0,8106.0,2224.0,0.2153,152.0,268.0,0.0518,10239,7742,2497,0.2439,201,190,0.0505
4319752,2282.0,2010.0,272.0,0.1192,44.0,38.0,0.0408,2282.0,2004.0,278.0,0.1218,32.0,50.0,0.0409,2409,2073,336,0.1395,35,30,0.0314
4302006,8416.0,6792.0,1624.0,0.193,159.0,118.0,0.0408,8418.0,6769.0,1649.0,0.1959,137.0,195.0,0.049,8271,6374,1897,0.2294,186,109,0.0463
4315172,1879.0,1642.0,237.0,0.1261,50.0,28.0,0.0475,1879.0,1688.0,191.0,0.1016,38.0,35.0,0.0432,1939,1636,303,0.1563,53,13,0.0403
4302105,91482.0,75343.0,16139.0,0.1764,1161.0,1458.0,0.0348,91497.0,76571.0,14926.0,0.1631,1037.0,1690.0,0.0356,92061,75165,16896,0.1835,1154,1152,0.0307
4315131,1631.0,1403.0,228.0,0.1398,21.0,18.0,0.0278,1631.0,1429.0,202.0,0.1239,15.0,36.0,0.0357,1660,1358,302,0.1819,21,35,0.0412
4302204,5517.0,4826.0,691.0,0.1252,85.0,69.0,0.0319,5521.0,4876.0,645.0,0.1168,72.0,84.0,0.032,5645,4878,767,0.1359,93,71,0.0336
4307831,2460.0,2022.0,438.0,0.178,48.0,35.0,0.041,2458.0,2059.0,399.0,0.1623,37.0,51.0,0.0427,2554,2072,482,0.1887,46,33,0.0381
4302303,8353.0,6583.0,1770.0,0.2119,171.0,114.0,0.0433,8352.0,6667.0,1685.0,0.2017,178.0,181.0,0.0538,8592,6551,2041,0.2375,234,150,0.0586
4306056,6346.0,5119.0,1227.0,0.1934,95.0,87.0,0.0356,6346.0,5022.0,1324.0,0.2086,98.0,158.0,0.051,6418,5037,1381,0.2152,113,98,0.0419
4302402,9782.0,8278.0,1504.0,0.1538,166.0,170.0,0.0406,9785.0,8188.0,1597.0,0.1632,149.0,218.0,0.0448,9902,8160,1742,0.1759,187,203,0.0478
4319158,5822.0,4830.0,992.0,0.1704,76.0,42.0,0.0244,5823.0,4850.0,973.0,0.1671,78.0,88.0,0.0342,5911,4706,1205,0.2039,103,99,0.0429
4302501,5104.0,4077.0,1027.0,0.2012,122.0,51.0,0.0424,5106.0,4111.0,995.0,0.1949,129.0,120.0,0.0606,5117,3861,1256,0.2455,135,100,0.0609
4309050,6526.0,5209.0,1317.0,0.2018,103.0,101.0,0.0392,6526.0,5333.0,1193.0,0.1828,100.0,137.0,0.0444,6780,5325,1455,0.2146,105,118,0.0419
4302600,2844.0,2333.0,511.0,0.1797,35.0,32.0,0.0287,2844.0,2301.0,543.0,0.1909,45.0,75.0,0.0522,2865,2264,601,0.2098,86,58,0.0636
4320263,5553.0,4639.0,914.0,0.1646,130.0,73.0,0.0438,5553.0,4665.0,888.0,0.1599,85.0,108.0,0.0414,5695,4663,1032,0.1812,125,76,0.0431
4302709,14837.0,11894.0,2943.0,0.1984,279.0,202.0,0.0404,14836.0,11892.0,2944.0,0.1984,264.0,327.0,0.0497,14823,11318,3505,0.2365,382,256,0.0564
4300455,3282.0,2762.0,520.0,0.1584,59.0,34.0,0.0337,3285.0,2796.0,489.0,0.1489,50.0,66.0,0.0415,3209,2656,553,0.1723,53,46,0.0373
4302808,25179.0,20104.0,5075.0,0.2016,501.0,345.0,0.0421,25191.0,20319.0,4872.0,0.1934,535.0,723.0,0.0619,25010,19252,5758,0.2302,709,505,0.0631
4316436,2664.0,2332.0,332.0,0.1246,35.0,30.0,0.0279,2664.0,2350.0,314.0,0.1179,35.0,52.0,0.037,2529,2161,368,0.1455,28,29,0.0264
4302907,8555.0,6713.0,1842.0,0.2153,95.0,88.0,0.0273,8561.0,6722.0,1839.0,0.2148,110.0,187.0,0.0442,8495,6350,2145,0.2525,136,112,0.0391
4318465,2070.0,1587.0,483.0,0.2333,22.0,26.0,0.0302,2070.0,1600.0,470.0,0.2271,31.0,55.0,0.0538,2231,1634,597,0.2676,33,43,0.0465
4303004,66710.0,49372.0,17338.0,0.2599,1075.0,647.0,0.0349,66730.0,49825.0,16905.0,0.2533,1099.0,1214.0,0.0464,64488,46429,18059,0.28,1272,794,0.0445
4323507,2475.0,2166.0,309.0,0.1248,32.0,12.0,0.0203,2475.0,2155.0,320.0,0.1293,24.0,29.0,0.0246,2612,2170,442,0.1692,30,47,0.0355
4303103,104351.0,82104.0,22247.0,0.2132,1601.0,1638.0,0.0394,104373.0,83049.0,21324.0,0.2043,1492.0,2567.0,0.0489,102594,78636,23958,0.2335,1686,1534,0.0409
4310751,1864.0,1519.0,345.0,0.1851,27.0,34.0,0.0402,1864.0,1533.0,331.0,0.1776,52.0,47.0,0.0646,1809,1439,370,0.2045,47,36,0.0577
4303202,3979.0,3385.0,594.0,0.1493,91.0,37.0,0.0378,3980.0,3463.0,517.0,0.1299,78.0,97.0,0.0505,3985,3246,739,0.1854,93,69,0.0499
4323408,3567.0,3069.0,498.0,0.1396,63.0,41.0,0.0339,3568.0,3126.0,442.0,0.1239,48.0,58.0,0.0339,3675,3119,556,0.1513,53,46,0.0317
4303301,4000.0,3362.0,638.0,0.1595,45.0,43.0,0.0262,4000.0,3394.0,606.0,0.1515,52.0,98.0,0.0442,4013,3290,723,0.1802,72,83,0.0471
4321329,2718.0,2377.0,341.0,0.1255,56.0,40.0,0.0404,2717.0,2413.0,304.0,0.1119,40.0,46.0,0.0356,2822,2421,401,0.1421,47,46,0.0384
4303400,4264.0,3628.0,636.0,0.1492,46.0,35.0,0.0223,4264.0,3654.0,610.0,0.1431,49.0,71.0,0.0328,4303,3565,738,0.1715,54,49,0.0289
4310330,20730.0,15301.0,5429.0,0.2619,251.0,231.0,0.0315,20732.0,15493.0,5239.0,0.2527,232.0,344.0,0.0372,24070,17643,6427,0.267,303,314,0.035
4303509,50613.0,39858.0,10755.0,0.2125,904.0,589.0,0.0375,50612.0,40079.0,10533.0,0.2081,790.0,893.0,0.042,49751,38943,10808,0.2172,1000,667,0.0428
4320230,2409.0,2104.0,305.0,0.1266,23.0,35.0,0.0276,2409.0,2095.0,314.0,0.1303,29.0,56.0,0.0406,2508,2116,392,0.1563,34,44,0.0369
4303608,4933.0,4066.0,867.0,0.1758,88.0,82.0,0.0418,4933.0,4124.0,809.0,0.164,88.0,116.0,0.0495,5136,4132,1004,0.1955,117,105,0.0537
4322251,4238.0,3734.0,504.0,0.1189,72.0,53.0,0.0335,4238.0,3753.0,485.0,0.1144,60.0,63.0,0.0328,4296,3734,562,0.1308,56,38,0.0252
4303707,5132.0,4401.0,731.0,0.1424,56.0,89.0,0.0329,5133.0,4425.0,708.0,0.1379,61.0,121.0,0.0411,4989,4213,776,0.1555,68,87,0.0368
4315750,4016.0,3428.0,588.0,0.1464,73.0,78.0,0.044,4016.0,3469.0,547.0,0.1362,54.0,126.0,0.0519,4370,3715,655,0.1499,89,82,0.046
4303806,4595.0,3955.0,640.0,0.1393,47.0,51.0,0.0248,4595.0,4009.0,586.0,0.1275,52.0,72.0,0.0309,4618,3984,634,0.1373,51,51,0.0256
4315453,2040.0,1644.0,396.0,0.1941,22.0,32.0,0.0328,2041.0,1707.0,334.0,0.1636,23.0,43.0,0.0387,2167,1706,461,0.2127,23,25,0.0281
4303905,52779.0,42991.0,9788.0,0.1855,719.0,749.0,0.0341,52775.0,43433.0,9342.0,0.177,715.0,1016.0,0.0399,51980,42252,9728,0.1871,775,716,0.0353
4310363,2684.0,2200.0,484.0,0.1803,48.0,68.0,0.0527,2684.0,2184.0,500.0,0.1863,42.0,61.0,0.0472,2800,2301,499,0.1782,35,68,0.0448
4304002,4095.0,3274.0,821.0,0.2005,58.0,36.0,0.0287,4095.0,3281.0,814.0,0.1988,40.0,84.0,0.0378,3967,3147,820,0.2067,70,63,0.0423
4305454,11224.0,8194.0,3030.0,0.27,136.0,131.0,0.0326,11224.0,8148.0,3076.0,0.2741,136.0,205.0,0.0419,12724,8689,4035,0.3171,178,168,0.0398
4304200,22411.0,18787.0,3624.0,0.1617,533.0,401.0,0.0497,22402.0,18538.0,3864.0,0.1725,450.0,515.0,0.0521,22407,17964,4443,0.1983,595,382,0.0544
4312351,1475.0,1239.0,236.0,0.16,28.0,22.0,0.0404,1475.0,1291.0,184.0,0.1247,26.0,27.0,0.0411,1514,1283,231,0.1526,27,24,0.0398
4304309,5527.0,4969.0,558.0,0.101,73.0,79.0,0.0306,5526.0,5024.0,502.0,0.0908,77.0,85.0,0.0322,5545,4904,641,0.1156,85,69,0.0314
4323705,2647.0,2191.0,456.0,0.1723,24.0,58.0,0.0374,2647.0,2186.0,461.0,0.1742,25.0,71.0,0.0439,2652,2180,472,0.178,37,49,0.0394
4304408,34274.0,26519.0,7755.0,0.2263,718.0,607.0,0.05,34291.0,26797.0,7494.0,0.2185,605.0,775.0,0.0515,34975,26661,8314,0.2377,734,589,0.0496
4323606,1598.0,1365.0,233.0,0.1458,16.0,29.0,0.033,1598.0,1406.0,192.0,0.1202,26.0,25.0,0.0363,1657,1396,261,0.1575,28,30,0.0415
4304507,44235.0,35032.0,9203.0,0.208,1245.0,781.0,0.0578,44235.0,34992.0,9243.0,0.209,1037.0,1049.0,0.0596,43549,34433,9116,0.2093,1229,668,0.0551
4304952,3085.0,2553.0,532.0,0.1724,65.0,34.0,0.0388,3086.0,2618.0,468.0,0.1517,52.0,55.0,0.0409,3182,2523,659,0.2071,62,50,0.0444
4304606,258594.0,206664.0,51930.0,0.2008,3925.0,4406.0,0.0403,258563.0,207042.0,51521.0,0.1993,3804.0,6244.0,0.0485,253142,194295,58847,0.2325,4442,4329,0.0451
4310553,2678.0,2143.0,535.0,0.1998,35.0,25.0,0.028,2676.0,2151.0,525.0,0.1962,50.0,58.0,0.0502,2718,2122,596,0.2193,38,34,0.0339
4304705,47119.0,37750.0,9369.0,0.1988,643.0,550.0,0.0316,47127.0,38286.0,8841.0,0.1876,629.0,811.0,0.0376,45685,36342,9343,0.2045,646,585,0.0339
4306957,2645.0,2103.0,542.0,0.2049,37.0,32.0,0.0328,2652.0,2157.0,495.0,0.1867,34.0,42.0,0.0352,2654,2082,572,0.2155,27,41,0.0327
4304804,22755.0,19948.0,2807.0,0.1234,309.0,358.0,0.0334,22754.0,20178.0,2576.0,0.1132,292.0,477.0,0.0381,23696,20426,3270,0.138,287,311,0.0293
4305173,6925.0,5772.0,1153.0,0.1665,134.0,85.0,0.0379,6925.0,5868.0,1057.0,0.1526,138.0,178.0,0.0539,7118,5806,1312,0.1843,179,133,0.0537
4304903,7620.0,6392.0,1228.0,0.1612,159.0,99.0,0.0404,7624.0,6556.0,1068.0,0.1401,116.0,135.0,0.0383,7527,6381,1146,0.1523,149,101,0.0392
4303558,2494.0,2118.0,376.0,0.1508,37.0,43.0,0.0378,2494.0,2170.0,324.0,0.1299,17.0,48.0,0.03,2637,2249,388,0.1471,46,41,0.0387
4305009,7497.0,6448.0,1049.0,0.1399,130.0,85.0,0.0333,7499.0,6549.0,950.0,0.1267,126.0,163.0,0.0441,7517,6385,1132,0.1506,129,129,0.0404
4314027,5327.0,4592.0,735.0,0.138,96.0,63.0,0.0346,5327.0,4592.0,735.0,0.138,75.0,97.0,0.0375,5367,4494,873,0.1627,110,94,0.0454
4305108,344546.0,282686.0,61860.0,0.1795,5439.0,7655.0,0.0463,344640.0,286300.0,58340.0,0.1693,4808.0,9638.0,0.0505,342998,278726,64272,0.1874,5693,6865,0.0451
4305207,10032.0,8513.0,1519.0,0.1514,83.0,186.0,0.0316,10032.0,8564.0,1468.0,0.1463,116.0,252.0,0.043,10195,8425,1770,0.1736,133,192,0.0386
4308052,2332.0,1919.0,413.0,0.1771,37.0,34.0,0.037,2332.0,1947.0,385.0,0.1651,29.0,45.0,0.038,2419,1924,495,0.2046,38,37,0.039
4305306,7769.0,6759.0,1010.0,0.13,141.0,101.0,0.0358,7770.0,6851.0,919.0,0.1183,152.0,176.0,0.0479,7697,6576,1121,0.1456,181,124,0.0464
4300638,4626.0,3782.0,844.0,0.1824,131.0,70.0,0.0531,4624.0,3751.0,873.0,0.1888,118.0,130.0,0.0661,4601,3674,927,0.2015,135,100,0.064
4305405,3491.0,2903.0,588.0,0.1684,42.0,25.0,0.0231,3493.0,2935.0,558.0,0.1597,48.0,51.0,0.0337,3635,2952,683,0.1879,38,38,0.0257
4323309,3286.0,2895.0,391.0,0.119,38.0,45.0,0.0287,3286.0,2940.0,346.0,0.1053,26.0,57.0,0.0282,3442,2969,473,0.1374,46,35,0.0273
4305504,3688.0,3182.0,506.0,0.1372,95.0,40.0,0.0424,3688.0,3228.0,460.0,0.1247,88.0,92.0,0.0558,3627,3052,575,0.1585,120,58,0.0583
4305132,3656.0,2977.0,679.0,0.1857,91.0,51.0,0.0477,3656.0,2991.0,665.0,0.1819,61.0,92.0,0.0512,3490,2847,643,0.1842,78,60,0.0485
4305603,3031.0,2544.0,487.0,0.1607,51.0,37.0,0.0346,3031.0,2597.0,434.0,0.1432,43.0,32.0,0.0289,2995,2450,545,0.182,43,33,0.031
4300661,1321.0,1109.0,212.0,0.1605,22.0,15.0,0.0334,1321.0,1090.0,231.0,0.1749,22.0,15.0,0.0339,1399,1152,247,0.1766,25,20,0.0391
4305702,5887.0,4746.0,1141.0,0.1938,81.0,73.0,0.0324,5887.0,4785.0,1102.0,0.1872,67.0,111.0,0.0372,6118,4880,1238,0.2024,71,89,0.0328
4314753,1996.0,1697.0,299.0,0.1498,33.0,26.0,0.0348,1996.0,1696.0,300.0,0.1503,33.0,36.0,0.0407,2014,1727,287,0.1425,32,42,0.0428
4305801,8234.0,6743.0,1491.0,0.1811,121.0,93.0,0.0317,8235.0,7020.0,1215.0,0.1475,114.0,154.0,0.0382,8077,6582,1495,0.1851,137,112,0.0378
4321857,3883.0,3285.0,598.0,0.154,68.0,33.0,0.0307,3883.0,3339.0,544.0,0.1401,49.0,72.0,0.0362,4078,3326,752,0.1844,78,72,0.0451
4305900,6012.0,4840.0,1172.0,0.1949,69.0,66.0,0.0279,6012.0,4863.0,1149.0,0.1911,63.0,115.0,0.0366,5810,4514,1296,0.2231,76,112,0.0416
4312757,2742.0,2402.0,340.0,0.124,53.0,56.0,0.0454,2742.0,2445.0,297.0,0.1083,43.0,63.0,0.0434,2805,2399,406,0.1447,69,52,0.0504
4306007,10744.0,8731.0,2013.0,0.1874,183.0,166.0,0.04,10745.0,8810.0,1935.0,0.1801,139.0,237.0,0.0427,10489,8499,1990,0.1897,188,175,0.0427
4312450,5276.0,4328.0,948.0,0.1797,163.0,118.0,0.0649,5276.0,4343.0,933.0,0.1768,131.0,165.0,0.0682,5309,4211,1098,0.2068,149,91,0.057
4306106,47431.0,36741.0,10690.0,0.2254,559.0,524.0,0.0295,47449.0,36921.0,10528.0,0.2219,536.0,836.0,0.0372,45724,35238,10486,0.2293,732,680,0.0401
4316956,5169.0,4697.0,472.0,0.0913,106.0,157.0,0.056,5169.0,4707.0,462.0,0.0894,86.0,167.0,0.0537,5271,4700,571,0.1083,102,108,0.0447
4306205,9471.0,8189.0,1282.0,0.1354,173.0,180.0,0.0431,9468.0,8098.0,1370.0,0.1447,121.0,221.0,0.0422,9328,7633,1695,0.1817,140,159,0.0392
4301651,4943.0,4406.0,537.0,0.1086,77.0,104.0,0.0411,4943.0,4421.0,522.0,0.1056,73.0,130.0,0.0459,5073,4432,641,0.1264,72,92,0.037
4306304,3982.0,3424.0,558.0,0.1401,111.0,47.0,0.0461,3983.0,3498.0,485.0,0.1218,94.0,79.0,0.0495,4085,3465,620,0.1518,107,46,0.0442
4306767,25992.0,21386.0,4606.0,0.1772,372.0,407.0,0.0364,25997.0,21434.0,4563.0,0.1755,381.0,707.0,0.0508,26775,20473,6302,0.2354,457,456,0.0446
4306403,24708.0,20835.0,3873.0,0.1568,345.0,402.0,0.0359,24722.0,21248.0,3474.0,0.1405,298.0,546.0,0.0397,24787,21009,3778,0.1524,317,383,0.0333
4306502,10420.0,8560.0,1860.0,0.1785,274.0,171.0,0.052,10420.0,8594.0,1826.0,0.1752,254.0,322.0,0.067,10375,8328,2047,0.1973,352,194,0.0656
4300570,2751.0,2331.0,420.0,0.1527,51.0,77.0,0.0549,2751.0,2359.0,392.0,0.1425,37.0,69.0,0.0449,2870,2414,456,0.1589,29,56,0.0352
4306601,29740.0,22100.0,7640.0,0.2569,350.0,332.0,0.0309,29742.0,22192.0,7550.0,0.2538,361.0,634.0,0.0448,29233,21267,7966,0.2725,505,427,0.0438
4300646,5759.0,4987.0,772.0,0.1341,67.0,65.0,0.0265,5762.0,5089.0,673.0,0.1168,55.0,116.0,0.0336,6067,5217,850,0.1401,74,94,0.0322
4306700,3018.0,2522.0,496.0,0.1643,51.0,31.0,0.0325,3018.0,2520.0,498.0,0.165,34.0,78.0,0.0444,3059,2482,577,0.1886,47,51,0.0395
4300851,3506.0,2702.0,804.0,0.2293,43.0,39.0,0.0303,3505.0,2724.0,781.0,0.2228,43.0,76.0,0.0437,3684,2780,904,0.2454,52,59,0.0399
4306809,17648.0,14175.0,3473.0,0.1968,245.0,268.0,0.0362,17650.0,14313.0,3337.0,0.1891,201.0,350.0,0.0385,16617,13949,2668,0.1606,215,242,0.0328
4301750,4469.0,3802.0,667.0,0.1493,110.0,63.0,0.0455,4469.0,3850.0,619.0,0.1385,117.0,111.0,0.0592,4618,3764,854,0.1849,103,67,0.0452
4306908,18805.0,15152.0,3653.0,0.1943,482.0,298.0,0.0515,18804.0,15273.0,3531.0,0.1878,437.0,583.0,0.0668,18702,14421,4281,0.2289,632,387,0.0707
4301859,2546.0,2081.0,465.0,0.1826,19.0,19.0,0.0183,2548.0,2112.0,436.0,0.1711,20.0,53.0,0.0346,2600,2045,555,0.2135,28,55,0.0406
4307005,80186.0,65895.0,14291.0,0.1782,1143.0,1107.0,0.0341,80189.0,66648.0,13541.0,0.1689,1049.0,1542.0,0.0389,79130,64734,14396,0.1819,1151,1111,0.0349
4301925,1735.0,1515.0,220.0,0.1268,34.0,44.0,0.0515,1735.0,1535.0,200.0,0.1153,28.0,57.0,0.0554,1751,1569,182,0.1039,32,28,0.0382
4307104,5217.0,4006.0,1211.0,0.2321,81.0,71.0,0.0379,5217.0,4015.0,1202.0,0.2304,96.0,131.0,0.0565,5214,3961,1253,0.2403,105,102,0.0523
4301958,2671.0,2301.0,370.0,0.1385,26.0,25.0,0.0222,2671.0,2337.0,334.0,0.125,37.0,34.0,0.0304,2716,2366,350,0.1289,43,39,0.0347
4307203,4222.0,3559.0,663.0,0.157,81.0,58.0,0.0391,4222.0,3595.0,627.0,0.1485,75.0,103.0,0.0495,4359,3616,743,0.1705,84,81,0.0456
4302154,1942.0,1584.0,358.0,0.1843,19.0,10.0,0.0183,1946.0,1628.0,318.0,0.1634,17.0,38.0,0.0338,2075,1687,388,0.187,26,27,0.0314
4307302,5522.0,4631.0,891.0,0.1614,61.0,55.0,0.025,5519.0,4641.0,878.0,0.1591,72.0,133.0,0.0442,5497,4507,990,0.1801,97,74,0.0379
4302378,2333.0,1902.0,431.0,0.1847,25.0,23.0,0.0252,2333.0,1848.0,485.0,0.2079,26.0,41.0,0.0363,2604,2113,491,0.1886,30,28,0.0274
4307401,2708.0,2127.0,581.0,0.2145,39.0,19.0,0.0273,2708.0,2189.0,519.0,0.1917,39.0,47.0,0.0393,2884,2222,662,0.2295,59,37,0.0432
4303673,2705.0,2242.0,463.0,0.1712,43.0,47.0,0.0401,2706.0,2301.0,405.0,0.1497,37.0,55.0,0.04,2886,2357,529,0.1833,44,41,0.0361
4307500,12594.0,10543.0,2051.0,0.1629,143.0,94.0,0.0225,12596.0,10683.0,1913.0,0.1519,143.0,227.0,0.0346,12400,10172,2228,0.1797,145,163,0.0303
4304358,7890.0,6432.0,1458.0,0.1848,115.0,86.0,0.0312,7892.0,6320.0,1572.0,0.1992,115.0,141.0,0.0405,8121,6277,1844,0.2271,165,121,0.0456
4307609,37013.0,30294.0,6719.0,0.1815,563.0,697.0,0.0416,37035.0,30687.0,6348.0,0.1714,487.0,849.0,0.0435,37229,30359,6870,0.1845,549,666,0.04
4304697,2757.0,2361.0,396.0,0.1436,52.0,43.0,0.0402,2758.0,2381.0,377.0,0.1367,39.0,70.0,0.0458,2872,2398,474,0.165,56,47,0.043
4307708,68275.0,53519.0,14756.0,0.2161,922.0,1006.0,0.036,68282.0,53682.0,14600.0,0.2138,941.0,1457.0,0.0447,65833,50212,15621,0.2373,1079,988,0.0412
4304853,1377.0,1192.0,185.0,0.1344,28.0,14.0,0.0352,1377.0,1231.0,146.0,0.106,22.0,32.0,0.0439,1396,1193,203,0.1454,26,26,0.0436
4307807,25860.0,21071.0,4789.0,0.1852,314.0,336.0,0.0308,25856.0,20666.0,5190.0,0.2007,253.0,412.0,0.0322,24675,20238,4437,0.1798,279,300,0.0286
4305116,2600.0,2314.0,286.0,0.11,30.0,22.0,0.0225,2601.0,2358.0,243.0,0.0934,31.0,36.0,0.0284,2650,2331,319,0.1204,51,30,0.0347
4307906,57217.0,47400.0,9817.0,0.1716,912.0,1016.0,0.0407,57229.0,48065.0,9164.0,0.1601,787.0,1191.0,0.0412,57062,47177,9885,0.1732,910,908,0.0385
4305371,2451.0,2044.0,407.0,0.1661,35.0,37.0,0.0352,2451.0,2118.0,333.0,0.1359,29.0,70.0,0.0467,2510,2085,425,0.1693,35,45,0.0384
4308003,5756.0,4760.0,996.0,0.173,90.0,61.0,0.0317,5758.0,4790.0,968.0,0.1681,101.0,112.0,0.0445,5638,4489,1149,0.2038,79,71,0.0334
4305587,2274.0,1966.0,308.0,0.1354,26.0,51.0,0.0392,2274.0,1932.0,342.0,0.1504,25.0,68.0,0.0481,2354,1990,364,0.1546,21,55,0.0382
4308102,10789.0,9223.0,1566.0,0.1451,143.0,201.0,0.0373,10792.0,9370.0,1422.0,0.1318,140.0,260.0,0.0427,11110,9340,1770,0.1593,152,178,0.0353
4305850,2333.0,1996.0,337.0,0.1444,36.0,25.0,0.0306,2333.0,2037.0,296.0,0.1269,32.0,30.0,0.0304,2451,2085,366,0.1493,41,32,0.035
4308201,24575.0,20931.0,3644.0,0.1483,294.0,466.0,0.0363,24577.0,21384.0,3193.0,0.1299,260.0,523.0,0.0366,25103,21134,3969,0.1581,272,371,0.0304
4305871,2551.0,2220.0,331.0,0.1298,30.0,25.0,0.0248,2550.0,2216.0,334.0,0.131,29.0,52.0,0.0366,2668,2293,375,0.1406,28,29,0.0249
4308300,8354.0,6625.0,1729.0,0.207,155.0,88.0,0.0367,8354.0,6722.0,1632.0,0.1954,116.0,202.0,0.0473,8245,6394,1851,0.2245,190,142,0.0519
4305975,2663.0,2288.0,375.0,0.1408,27.0,27.0,0.0236,2664.0,2313.0,351.0,0.1318,21.0,40.0,0.0264,2867,2374,493,0.172,34,30,0.027
4308409,5668.0,4601.0,1067.0,0.1882,107.0,119.0,0.0491,5669.0,4625.0,1044.0,0.1842,124.0,181.0,0.0659,5763,4482,1281,0.2223,122,138,0.058
4306320,2746.0,2242.0,504.0,0.1835,13.0,26.0,0.0174,2745.0,2231.0,514.0,0.1872,16.0,51.0,0.03,2624,2151,473,0.1803,37,42,0.0367
4308508,25529.0,20603.0,4926.0,0.193,359.0,272.0,0.0306,25537.0,20856.0,4681.0,0.1833,301.0,403.0,0.0338,25048,20123,4925,0.1966,389,313,0.0349
4306429,1928.0,1633.0,295.0,0.153,20.0,12.0,0.0196,1928.0,1643.0,285.0,0.1478,25.0,34.0,0.0359,2066,1663,403,0.1951,30,29,0.0355
4308607,25764.0,22254.0,3510.0,0.1362,373.0,415.0,0.0354,25767.0,22519.0,3248.0,0.1261,333.0,481.0,0.0361,26403,22601,3802,0.144,385,314,0.0309
4306924,1211.0,988.0,223.0,0.1841,36.0,17.0,0.0536,1211.0,1014.0,197.0,0.1627,28.0,33.0,0.0602,1179,970,209,0.1773,27,21,0.0495
4308706,5164.0,4435.0,729.0,0.1412,113.0,67.0,0.0406,5165.0,4531.0,634.0,0.1227,89.0,103.0,0.0424,5195,4462,733,0.1411,81,77,0.0354
4308656,2571.0,2037.0,534.0,0.2077,29.0,27.0,0.0275,2573.0,2011.0,562.0,0.2184,24.0,36.0,0.0298,2516,1871,645,0.2564,27,42,0.0369
4308805,6193.0,5044.0,1149.0,0.1855,63.0,77.0,0.0278,6195.0,5078.0,1117.0,0.1803,105.0,141.0,0.0484,6173,4813,1360,0.2203,118,97,0.0447
4308854,1622.0,1365.0,257.0,0.1584,23.0,19.0,0.0308,1624.0,1381.0,243.0,0.1496,21.0,23.0,0.0319,1673,1422,251,0.15,17,27,0.0309
4319802,7205.0,5535.0,1670.0,0.2318,128.0,97.0,0.0407,7206.0,5625.0,1581.0,0.2194,97.0,163.0,0.0462,6760,5250,1510,0.2234,142,108,0.0476
4309126,2213.0,1847.0,366.0,0.1654,24.0,25.0,0.0265,2214.0,1866.0,348.0,0.1572,23.0,58.0,0.0434,2631,2121,510,0.1938,31,47,0.0368
4308904,13193.0,10514.0,2679.0,0.2031,218.0,218.0,0.0415,13196.0,10723.0,2473.0,0.1874,201.0,280.0,0.0449,12197,10349,1848,0.1515,196,205,0.0387
4309159,3015.0,2491.0,524.0,0.1738,56.0,28.0,0.0337,3015.0,2502.0,513.0,0.1701,46.0,68.0,0.0456,3049,2461,588,0.1929,60,24,0.0341
4309001,12775.0,10599.0,2176.0,0.1703,149.0,134.0,0.0267,12778.0,10744.0,2034.0,0.1592,133.0,207.0,0.0316,12735,10454,2281,0.1791,148,178,0.0312
4309654,4767.0,3904.0,863.0,0.181,47.0,41.0,0.0225,4769.0,3886.0,883.0,0.1852,57.0,98.0,0.0399,4884,3803,1081,0.2213,90,62,0.04
4309100,33380.0,26321.0,7059.0,0.2115,447.0,533.0,0.0372,33383.0,26707.0,6676.0,0.2,471.0,632.0,0.0413,34790,27195,7595,0.2183,498,432,0.0342
4310413,1978.0,1608.0,370.0,0.1871,18.0,19.0,0.023,1978.0,1594.0,384.0,0.1941,18.0,39.0,0.0358,2071,1625,446,0.2154,24,29,0.0326
4309209,191604.0,152025.0,39579.0,0.2066,3521.0,3471.0,0.046,191612.0,152539.0,39073.0,0.2039,2869.0,4721.0,0.0498,192077,147860,44217,0.2302,3821,3416,0.0489
4310579,1783.0,1494.0,289.0,0.1621,28.0,41.0,0.0462,1783.0,1498.0,285.0,0.1598,32.0,39.0,0.0474,1824,1466,358,0.1963,53,24,0.0525
4309308,75551.0,59688.0,15863.0,0.21,1316.0,1092.0,0.0403,75549.0,60020.0,15529.0,0.2055,1199.0,1747.0,0.0491,74475,57904,16571,0.2225,1643,1323,0.0512
4311429,1999.0,1612.0,387.0,0.1936,20.0,26.0,0.0285,1999.0,1658.0,341.0,0.1706,26.0,46.0,0.0434,2108,1613,495,0.2348,39,30,0.0428
4309407,18660.0,15967.0,2693.0,0.1443,309.0,262.0,0.0358,18662.0,16225.0,2437.0,0.1306,254.0,328.0,0.0359,18948,15896,3052,0.1611,268,228,0.0312
4311270,1601.0,1382.0,219.0,0.1368,21.0,18.0,0.0282,1601.0,1393.0,208.0,0.1299,14.0,25.0,0.028,1717,1479,238,0.1386,9,14,0.0156
4309506,5904.0,5104.0,800.0,0.1355,96.0,82.0,0.0349,5905.0,5124.0,781.0,0.1323,67.0,120.0,0.0365,5851,4901,950,0.1624,81,94,0.0357
4311627,4562.0,3944.0,618.0,0.1355,79.0,109.0,0.0477,4562.0,3943.0,619.0,0.1357,56.0,118.0,0.0441,4683,3983,700,0.1495,93,78,0.0429
4309605,14654.0,12405.0,2249.0,0.1535,129.0,145.0,0.0221,14643.0,12080.0,2563.0,0.175,110.0,201.0,0.0257,14887,12200,2687,0.1805,140,159,0.0245
4311643,1444.0,1207.0,237.0,0.1641,21.0,25.0,0.0381,1446.0,1223.0,223.0,0.1542,29.0,38.0,0.0548,1511,1262,249,0.1648,18,29,0.0372
4305355,25328.0,20379.0,4949.0,0.1954,374.0,390.0,0.0375,25317.0,20501.0,4816.0,0.1902,399.0,532.0,0.0454,24424,19758,4666,0.191,473,425,0.0454
4311759,5493.0,4382.0,1111.0,0.2023,69.0,60.0,0.0294,5494.0,4418.0,1076.0,0.1959,60.0,101.0,0.0364,5536,4355,1181,0.2133,73,87,0.0367
4309704,4096.0,3483.0,613.0,0.1497,37.0,46.0,0.0238,4096.0,3535.0,561.0,0.137,35.0,80.0,0.0325,4020,3441,579,0.144,58,59,0.034
4311775,5822.0,4914.0,908.0,0.156,91.0,79.0,0.0346,5822.0,4945.0,877.0,0.1506,82.0,139.0,0.0447,5922,4859,1063,0.1795,119,108,0.0467
4309803,3925.0,3403.0,522.0,0.133,80.0,50.0,0.0382,3926.0,3454.0,472.0,0.1202,99.0,73.0,0.0498,3988,3395,593,0.1487,66,66,0.0389
4311791,2323.0,2020.0,303.0,0.1304,28.0,43.0,0.0351,2321.0,2012.0,309.0,0.1331,18.0,54.0,0.0358,2435,2094,341,0.14,29,28,0.0272
4309902,5383.0,4631.0,752.0,0.1397,108.0,77.0,0.0399,5383.0,4725.0,658.0,0.1222,88.0,89.0,0.0375,5419,4596,823,0.1519,116,88,0.0444
4311981,3541.0,2909.0,632.0,0.1785,60.0,46.0,0.0364,3541.0,2934.0,607.0,0.1714,47.0,98.0,0.0494,3608,2829,779,0.2159,67,51,0.0417
4310009,16232.0,13849.0,2383.0,0.1468,197.0,174.0,0.0268,16230.0,14006.0,2224.0,0.137,210.0,246.0,0.0326,16439,13882,2557,0.1555,221,189,0.0295
4312138,2742.0,2321.0,421.0,0.1535,18.0,16.0,0.0146,2742.0,2384.0,358.0,0.1306,23.0,45.0,0.0285,3019,2532,487,0.1613,28,33,0.0241
4310108,27505.0,22786.0,4719.0,0.1716,428.0,380.0,0.0355,27501.0,22988.0,4513.0,0.1641,358.0,481.0,0.0365,26693,22609,4084,0.153,402,350,0.0333
4312153,3925.0,3361.0,564.0,0.1437,79.0,64.0,0.0425,3925.0,3369.0,556.0,0.1417,61.0,100.0,0.0478,4115,3510,605,0.147,78,68,0.0416
4310207,64805.0,52656.0,12149.0,0.1875,750.0,571.0,0.0251,64777.0,53229.0,11548.0,0.1783,728.0,1012.0,0.0327,63737,51659,12078,0.1895,860,856,0.0332
4312252,6261.0,5114.0,1147.0,0.1832,105.0,85.0,0.0372,6256.0,5124.0,1132.0,0.1809,105.0,143.0,0.0484,6369,5022,1347,0.2115,154,103,0.0512
4310306,3577.0,2985.0,592.0,0.1655,71.0,46.0,0.0392,3578.0,3035.0,543.0,0.1518,62.0,83.0,0.0478,3634,3006,628,0.1728,65,54,0.0396
4312385,3009.0,2604.0,405.0,0.1346,34.0,36.0,0.0269,3011.0,2664.0,347.0,0.1152,32.0,51.0,0.0312,3034,2573,461,0.1519,31,44,0.0291
4310405,5477.0,4651.0,826.0,0.1508,71.0,44.0,0.0247,5475.0,4684.0,791.0,0.1445,61.0,74.0,0.0288,5501,4604,897,0.1631,56,78,0.0291
4312427,2696.0,2259.0,437.0,0.1621,34.0,36.0,0.031,2696.0,2255.0,441.0,0.1636,28.0,51.0,0.035,2764,2281,483,0.1747,38,35,0.032
4310504,6485.0,4845.0,1640.0,0.2529,101.0,101.0,0.0417,6485.0,4918.0,1567.0,0.2416,75.0,136.0,0.0429,5812,4618,1194,0.2054,101,98,0.0431
4312443,3070.0,2656.0,414.0,0.1349,41.0,45.0,0.0324,3070.0,2711.0,359.0,0.1169,40.0,54.0,0.0347,3216,2721,495,0.1539,45,50,0.0349
4310603,27899.0,19911.0,7988.0,0.2863,285.0,256.0,0.0272,27908.0,20076.0,7832.0,0.2806,295.0,357.0,0.0325,26152,18680,7472,0.2857,320,303,0.0334
4312476,5353.0,4663.0,690.0,0.1289,73.0,103.0,0.0377,5353.0,4735.0,618.0,0.1154,70.0,116.0,0.0393,5415,4717,698,0.1289,62,95,0.0333
4310702,3490.0,2976.0,514.0,0.1473,30.0,40.0,0.0235,3488.0,3000.0,488.0,0.1399,30.0,101.0,0.0437,3342,2748,594,0.1777,59,63,0.0444
4312625,2099.0,1736.0,363.0,0.1729,54.0,24.0,0.0449,2099.0,1774.0,325.0,0.1548,50.0,44.0,0.053,2237,1811,426,0.1904,57,26,0.0458
4310801,16282.0,14544.0,1738.0,0.1067,204.0,310.0,0.0353,16282.0,14703.0,1579.0,0.097,221.0,363.0,0.0397,17002,14844,2158,0.1269,198,253,0.0304
4312674,2195.0,1789.0,406.0,0.185,31.0,19.0,0.0279,2195.0,1804.0,391.0,0.1781,28.0,33.0,0.0338,2406,1897,509,0.2116,30,21,0.0269
4310900,2928.0,2495.0,433.0,0.1479,76.0,50.0,0.0505,2928.0,2565.0,363.0,0.124,49.0,65.0,0.0444,2991,2547,444,0.1484,61,53,0.0448
4312955,1991.0,1763.0,228.0,0.1145,35.0,25.0,0.034,1991.0,1784.0,207.0,0.104,30.0,42.0,0.0404,2028,1797,231,0.1139,33,28,0.0339
4311007,20850.0,15987.0,4863.0,0.2332,348.0,288.0,0.0398,20850.0,15955.0,4895.0,0.2348,361.0,465.0,0.0518,20370,15075,5295,0.2599,519,377,0.0594
4313086,2399.0,2045.0,354.0,0.1476,19.0,35.0,0.0264,2401.0,2104.0,297.0,0.1237,21.0,39.0,0.0285,2410,2058,352,0.1461,18,22,0.0194
4311106,8628.0,7266.0,1362.0,0.1579,241.0,125.0,0.0504,8626.0,7389.0,1237.0,0.1434,193.0,223.0,0.0563,8702,7006,1696,0.1949,199,161,0.0514
4313375,18852.0,15214.0,3638.0,0.193,269.0,206.0,0.0312,18849.0,15198.0,3651.0,0.1937,226.0,347.0,0.0377,20466,15912,4554,0.2225,295,255,0.0346
4311205,15078.0,12311.0,2767.0,0.1835,188.0,132.0,0.026,15083.0,12439.0,2644.0,0.1753,179.0,306.0,0.039,14988,11776,3212,0.2143,247,188,0.0369
4313490,3609.0,3153.0,456.0,0.1264,61.0,50.0,0.0352,3609.0,3193.0,416.0,0.1153,63.0,64.0,0.0398,3794,3204,590,0.1555,74,69,0.0446
4311304,20154.0,16613.0,3541.0,0.1757,400.0,222.0,0.0374,20153.0,16819.0,3334.0,0.1654,280.0,425.0,0.0419,19900,16053,3847,0.1933,406,274,0.0424
4313425,3143.0,2678.0,465.0,0.1479,29.0,28.0,0.0213,3143.0,2718.0,425.0,0.1352,35.0,52.0,0.032,3081,2548,533,0.173,43,27,0.0275
4311403,63247.0,51823.0,11424.0,0.1806,914.0,905.0,0.0351,63216.0,50067.0,13149.0,0.208,712.0,1097.0,0.0361,64158,51871,12287,0.1915,1002,811,0.035
4313441,1847.0,1548.0,299.0,0.1619,25.0,19.0,0.0284,1847.0,1575.0,272.0,0.1473,28.0,46.0,0.047,1973,1635,338,0.1713,32,29,0.0373
4311502,5467.0,4499.0,968.0,0.1771,104.0,89.0,0.0429,5468.0,4476.0,992.0,0.1814,83.0,140.0,0.0498,5420,4290,1130,0.2085,148,123,0.0632
4314035,3301.0,2864.0,437.0,0.1324,46.0,43.0,0.0311,3301.0,2873.0,428.0,0.1297,38.0,48.0,0.0299,3442,2887,555,0.1612,49,36,0.0294
4311601,4406.0,3577.0,829.0,0.1882,113.0,51.0,0.0458,4406.0,3610.0,796.0,0.1807,96.0,108.0,0.0565,4425,3443,982,0.2219,112,70,0.0529
4314076,4959.0,4361.0,598.0,0.1206,91.0,63.0,0.0353,4960.0,4371.0,589.0,0.1188,70.0,101.0,0.0391,5251,4492,759,0.1445,91,62,0.0341
4311700,4671.0,3986.0,685.0,0.1466,77.0,80.0,0.0394,4671.0,4099.0,572.0,0.1225,74.0,118.0,0.0468,4842,4053,789,0.1629,83,91,0.0429
4314423,4460.0,3810.0,650.0,0.1457,62.0,93.0,0.0407,4461.0,3808.0,653.0,0.1464,64.0,110.0,0.0457,4533,3866,667,0.1471,36,86,0.0316
4311809,31922.0,26519.0,5403.0,0.1693,535.0,384.0,0.0347,31928.0,26942.0,4986.0,0.1562,447.0,543.0,0.0367,31646,26683,4963,0.1568,486,397,0.0331
4314472,3594.0,2934.0,660.0,0.1836,57.0,36.0,0.0317,3594.0,2978.0,616.0,0.1714,48.0,71.0,0.04,3602,2847,755,0.2096,77,53,0.0457
4311908,3838.0,3239.0,599.0,0.1561,48.0,46.0,0.029,3838.0,3297.0,541.0,0.141,45.0,88.0,0.0403,3896,3244,652,0.1674,50,57,0.033
4314498,3666.0,3142.0,524.0,0.1429,46.0,46.0,0.0293,3668.0,3109.0,559.0,0.1524,47.0,72.0,0.0383,3806,3159,647,0.17,46,63,0.0345
4312005,2155.0,1812.0,343.0,0.1592,47.0,19.0,0.0364,2155.0,1856.0,299.0,0.1387,50.0,33.0,0.0447,2211,1829,382,0.1728,63,37,0.0547
4314779,3320.0,2824.0,496.0,0.1494,39.0,28.0,0.0237,3321.0,2893.0,428.0,0.1289,34.0,61.0,0.0328,3373,2867,506,0.15,34,35,0.0241
4312104,4064.0,3273.0,791.0,0.1946,118.0,59.0,0.0541,4064.0,3319.0,745.0,0.1833,94.0,83.0,0.0533,4013,3144,869,0.2165,127,56,0.0582
4314787,1784.0,1579.0,205.0,0.1149,27.0,15.0,0.0266,1784.0,1588.0,196.0,0.1099,31.0,32.0,0.0397,1828,1624,204,0.1116,35,21,0.0345
4312203,4004.0,3308.0,696.0,0.1738,82.0,68.0,0.0453,4005.0,3385.0,620.0,0.1548,63.0,79.0,0.0419,3954,3195,759,0.192,86,89,0.0548
4315057,2247.0,1878.0,369.0,0.1642,32.0,18.0,0.0266,2248.0,1904.0,344.0,0.153,22.0,37.0,0.031,2251,1844,407,0.1808,25,27,0.0282
4312302,4193.0,3558.0,635.0,0.1514,51.0,36.0,0.0245,4193.0,3541.0,652.0,0.1555,45.0,84.0,0.0364,4473,3666,807,0.1804,70,71,0.0385
4315073,1692.0,1410.0,282.0,0.1667,14.0,23.0,0.0262,1692.0,1422.0,270.0,0.1596,14.0,26.0,0.0281,1761,1440,321,0.1823,21,19,0.0278
4312401,48428.0,38048.0,10380.0,0.2143,781.0,723.0,0.0395,48428.0,37654.0,10774.0,0.2225,734.0,1023.0,0.0467,47579,36893,10686,0.2246,897,700,0.0433
4315149,2520.0,2273.0,247.0,0.098,37.0,73.0,0.0484,2520.0,2300.0,220.0,0.0873,34.0,66.0,0.0435,2670,2346,324,0.1213,27,54,0.0345
4312500,8927.0,7090.0,1837.0,0.2058,149.0,174.0,0.0456,8930.0,7184.0,1746.0,0.1955,146.0,251.0,0.0553,9243,6942,2301,0.2489,176,207,0.0552
4315321,2343.0,1911.0,432.0,0.1844,45.0,34.0,0.0413,2343.0,1924.0,419.0,0.1788,54.0,43.0,0.0504,2385,1777,608,0.2549,63,28,0.0512
4312609,4117.0,3506.0,611.0,0.1484,88.0,54.0,0.0405,4116.0,3519.0,597.0,0.145,73.0,85.0,0.0449,3973,3272,701,0.1764,77,57,0.041
4315552,2911.0,2354.0,557.0,0.1913,62.0,28.0,0.0382,2911.0,2360.0,551.0,0.1893,39.0,50.0,0.0377,2854,2224,630,0.2207,55,31,0.0387
4312658,13120.0,11172.0,1948.0,0.1485,163.0,127.0,0.026,13117.0,11147.0,1970.0,0.1502,121.0,189.0,0.0278,13469,11249,2220,0.1648,123,138,0.0232
4316428,2250.0,1862.0,388.0,0.1724,31.0,18.0,0.0263,2250.0,1884.0,366.0,0.1627,30.0,50.0,0.0425,2272,1834,438,0.1928,38,39,0.042
4312708,9460.0,7644.0,1816.0,0.192,126.0,109.0,0.0307,9464.0,7779.0,1685.0,0.178,104.0,162.0,0.0342,9663,7504,2159,0.2234,120,127,0.0329
4316477,2621.0,2308.0,313.0,0.1194,48.0,43.0,0.0394,2621.0,2314.0,307.0,0.1171,40.0,52.0,0.0398,2746,2341,405,0.1475,33,46,0.0337
4312807,3996.0,3314.0,682.0,0.1707,54.0,60.0,0.0344,3996.0,3366.0,630.0,0.1577,41.0,62.0,0.0306,4136,3438,698,0.1688,66,38,0.0303
4316758,5346.0,4631.0,715.0,0.1337,97.0,136.0,0.0503,5346.0,4563.0,783.0,0.1465,79.0,135.0,0.0469,5711,4872,839,0.1469,90,97,0.0384
4312906,7103.0,6204.0,899.0,0.1266,114.0,82.0,0.0316,7105.0,6332.0,773.0,0.1088,87.0,101.0,0.0297,7205,6187,1018,0.1413,106,71,0.0286
4317251,1724.0,1504.0,220.0,0.1276,30.0,28.0,0.0386,1724.0,1501.0,223.0,0.1294,27.0,34.0,0.0406,1750,1478,272,0.1554,31,39,0.0474
4313003,2723.0,2336.0,387.0,0.1421,21.0,33.0,0.0231,2723.0,2390.0,333.0,0.1223,39.0,55.0,0.0393,2805,2372,433,0.1544,46,27,0.0308
4317558,1923.0,1661.0,262.0,0.1362,34.0,20.0,0.0325,1923.0,1687.0,236.0,0.1227,35.0,50.0,0.0504,2077,1761,316,0.1521,35,36,0.0403
4313102,5164.0,4367.0,797.0,0.1543,61.0,60.0,0.0277,5166.0,4433.0,733.0,0.1419,85.0,120.0,0.0462,5060,4188,872,0.1723,62,77,0.0332
4317756,2040.0,1785.0,255.0,0.125,18.0,19.0,0.0207,2040.0,1788.0,252.0,0.1235,15.0,31.0,0.0257,2163,1903,260,0.1202,15,29,0.0231
4313201,17074.0,14509.0,2565.0,0.1502,221.0,344.0,0.0389,17067.0,14400.0,2667.0,0.1563,227.0,406.0,0.044,18127,15293,2834,0.1563,196,261,0.0299
4317954,2210.0,1893.0,317.0,0.1434,49.0,26.0,0.0396,2210.0,1932.0,278.0,0.1258,46.0,37.0,0.043,2242,1850,392,0.1748,63,25,0.0476
4313300,18436.0,15917.0,2519.0,0.1366,251.0,261.0,0.0322,18436.0,16078.0,2358.0,0.1279,231.0,318.0,0.0341,18975,15857,3118,0.1643,240,215,0.0287
4318432,2569.0,2100.0,469.0,0.1826,28.0,32.0,0.0286,2569.0,2111.0,458.0,0.1783,34.0,44.0,0.0369,2578,2079,499,0.1936,34,33,0.0322
4313409,180917.0,144673.0,36244.0,0.2003,2559.0,2673.0,0.0362,180892.0,145884.0,35008.0,0.1935,2369.0,3582.0,0.0408,174486,137242,37244,0.2134,2543,2430,0.0362
4318622,3120.0,2422.0,698.0,0.2237,34.0,32.0,0.0273,3120.0,2447.0,673.0,0.2157,41.0,49.0,0.0368,3387,2591,796,0.235,51,27,0.0301
4313508,37182.0,29292.0,7890.0,0.2122,577.0,538.0,0.0381,37204.0,29562.0,7642.0,0.2054,554.0,767.0,0.0447,37247,28999,8248,0.2214,680,589,0.0438
4318499,2222.0,1954.0,268.0,0.1206,33.0,32.0,0.0333,2222.0,1975.0,247.0,0.1112,29.0,34.0,0.0319,2244,1948,296,0.1319,28,40,0.0349
4313607,3832.0,3231.0,601.0,0.1568,42.0,44.0,0.0266,3832.0,3315.0,517.0,0.1349,46.0,65.0,0.0335,3753,3087,666,0.1775,78,80,0.0512
4318457,2191.0,1847.0,344.0,0.157,26.0,25.0,0.0276,2191.0,1867.0,324.0,0.1479,19.0,41.0,0.0321,2443,1956,487,0.1993,50,37,0.0445
4313706,23999.0,19862.0,4137.0,0.1724,289.0,249.0,0.0271,23999.0,20105.0,3894.0,0.1623,310.0,479.0,0.0392,24062,19581,4481,0.1862,364,374,0.0377
4319125,3078.0,2456.0,622.0,0.2021,43.0,44.0,0.0354,3078.0,2498.0,580.0,0.1884,44.0,64.0,0.0432,3157,2453,704,0.223,64,47,0.0453
4313805,5912.0,5098.0,814.0,0.1377,74.0,68.0,0.0279,5912.0,5130.0,782.0,0.1323,96.0,127.0,0.0435,5953,4953,1000,0.168,105,110,0.0434
4319356,3125.0,2769.0,356.0,0.1139,60.0,71.0,0.0473,3125.0,2813.0,312.0,0.0998,52.0,70.0,0.0434,3188,2805,383,0.1201,51,61,0.0399
4313904,31801.0,26507.0,5294.0,0.1665,377.0,331.0,0.0267,31805.0,27000.0,4805.0,0.1511,357.0,469.0,0.0306,32201,26585,5616,0.1744,396,380,0.0292
4319372,2542.0,2222.0,320.0,0.1259,31.0,35.0,0.0297,2541.0,2247.0,294.0,0.1157,27.0,61.0,0.0392,2665,2220,445,0.167,39,49,0.0396
4314001,6118.0,5207.0,911.0,0.1489,136.0,77.0,0.0409,6117.0,5314.0,803.0,0.1313,103.0,90.0,0.0363,5977,5205,772,0.1292,106,59,0.0317
4319711,2209.0,1853.0,356.0,0.1612,49.0,33.0,0.0443,2209.0,1881.0,328.0,0.1485,27.0,31.0,0.0308,2224,1818,406,0.1826,36,21,0.0314
4314100,150385.0,121173.0,29212.0,0.1942,1964.0,1469.0,0.0283,150360.0,122417.0,27943.0,0.1858,2004.0,2421.0,0.0361,150021,119665,30356,0.2023,2159,1681,0.0321
4319737,2254.0,1777.0,477.0,0.2116,10.0,26.0,0.0203,2254.0,1799.0,455.0,0.2019,11.0,55.0,0.0367,2348,1925,423,0.1802,21,30,0.0265
4314209,6964.0,5422.0,1542.0,0.2214,98.0,86.0,0.0339,6966.0,5367.0,1599.0,0.2295,102.0,186.0,0.0537,6862,5181,1681,0.245,159,144,0.0585
4320354,4197.0,3398.0,799.0,0.1904,99.0,57.0,0.0459,4197.0,3414.0,783.0,0.1866,96.0,110.0,0.0603,4237,3371,866,0.2044,128,74,0.0599
4314308,3091.0,2621.0,470.0,0.1521,34.0,30.0,0.0244,3091.0,2651.0,440.0,0.1423,42.0,59.0,0.0381,3096,2583,513,0.1657,60,56,0.0449
4320453,2007.0,1726.0,281.0,0.14,43.0,32.0,0.0435,2007.0,1722.0,285.0,0.142,45.0,51.0,0.0557,2072,1715,357,0.1723,53,30,0.0484
4314407,248685.0,202887.0,45798.0,0.1842,4247.0,5088.0,0.046,248748.0,203552.0,45196.0,0.1817,4291.0,7445.0,0.0577,244459,194447,50012,0.2046,5350,5191,0.0542
4320552,5335.0,4346.0,989.0,0.1854,79.0,57.0,0.0313,5335.0,4428.0,907.0,0.17,92.0,111.0,0.0458,5324,4316,1008,0.1893,85,64,0.0345
4314506,10128.0,7663.0,2465.0,0.2434,218.0,191.0,0.0534,10127.0,7659.0,2468.0,0.2437,211.0,339.0,0.0718,9524,6980,2544,0.2671,315,230,0.0781
4320677,6802.0,6047.0,755.0,0.111,101.0,122.0,0.0369,6802.0,5984.0,818.0,0.1203,96.0,167.0,0.044,6825,5764,1061,0.1555,114,131,0.0425
4314605,14782.0,11895.0,2887.0,0.1953,336.0,204.0,0.0454,14781.0,11991.0,2790.0,0.1888,321.0,385.0,0.0589,14591,11124,3467,0.2376,495,300,0.0715
4321477,4577.0,3702.0,875.0,0.1912,53.0,78.0,0.0354,4581.0,3698.0,883.0,0.1928,52.0,108.0,0.0433,4724,3727,997,0.211,93,97,0.051
4314704,8020.0,6446.0,1574.0,0.1963,134.0,113.0,0.0383,8020.0,6503.0,1517.0,0.1892,101.0,175.0,0.0424,7977,6202,1775,0.2225,162,148,0.05
4321626,1960.0,1725.0,235.0,0.1199,27.0,30.0,0.033,1957.0,1728.0,229.0,0.117,33.0,42.0,0.0434,1983,1745,238,0.12,29,40,0.0395
4314803,25391.0,20870.0,4521.0,0.1781,402.0,465.0,0.0415,25400.0,21001.0,4399.0,0.1732,336.0,642.0,0.0466,25742,20712,5030,0.1954,461,474,0.0451
4321832,2874.0,2391.0,483.0,0.1681,43.0,46.0,0.0372,2874.0,2417.0,457.0,0.159,43.0,55.0,0.0405,3297,2659,638,0.1935,53,44,0.0365
4314902,1104720.0,856337.0,248383.0,0.2248,13601.0,14743.0,0.0331,1104493.0,858443.0,246050.0,0.2228,15862.0,24284.0,0.0468,1064200,808867,255333,0.2399,16272,15818,0.0397
4322186,1461.0,1210.0,251.0,0.1718,34.0,28.0,0.0512,1461.0,1240.0,221.0,0.1513,30.0,29.0,0.0476,1474,1171,303,0.2056,57,17,0.0632
4315008,3930.0,3235.0,695.0,0.1768,52.0,34.0,0.0266,3930.0,3267.0,663.0,0.1687,41.0,73.0,0.0349,3887,3059,828,0.213,56,56,0.0366
4322350,1505.0,1280.0,225.0,0.1495,21.0,12.0,0.0258,1505.0,1309.0,196.0,0.1302,24.0,18.0,0.0321,1523,1276,247,0.1622,22,13,0.0274
4315107,7722.0,6522.0,1200.0,0.1554,101.0,102.0,0.0311,7724.0,6564.0,1160.0,0.1502,94.0,141.0,0.0358,7966,6572,1394,0.175,132,144,0.042
4322533,8234.0,7071.0,1163.0,0.1412,183.0,119.0,0.0427,8236.0,7094.0,1142.0,0.1387,146.0,174.0,0.0451,8086,6709,1377,0.1703,271,158,0.0639
4315206,3878.0,3011.0,867.0,0.2236,74.0,43.0,0.0389,3880.0,3078.0,802.0,0.2067,62.0,63.0,0.0406,3807,2932,875,0.2298,76,28,0.0355
4322541,4816.0,4091.0,725.0,0.1505,74.0,75.0,0.0364,4812.0,4145.0,667.0,0.1386,53.0,93.0,0.0352,4872,4155,717,0.1472,85,64,0.0359
4315305,17681.0,13671.0,4010.0,0.2268,214.0,148.0,0.0265,17687.0,13810.0,3877.0,0.2192,191.0,294.0,0.0351,17670,13317,4353,0.2463,313,250,0.0423
4323457,3783.0,2954.0,829.0,0.2191,82.0,43.0,0.0423,3784.0,3018.0,766.0,0.2024,71.0,76.0,0.0487,3746,2910,836,0.2232,99,67,0.057
4315404,6738.0,5160.0,1578.0,0.2342,59.0,43.0,0.0198,6739.0,5109.0,1630.0,0.2419,65.0,135.0,0.0391,6768,5303,1465,0.2165,77,131,0.0392
4323754,3334.0,2753.0,581.0,0.1743,28.0,24.0,0.0189,3334.0,2812.0,522.0,0.1566,26.0,50.0,0.027,3443,2745,698,0.2027,43,44,0.0317
4315503,12411.0,10288.0,2123.0,0.1711,213.0,138.0,0.0341,12412.0,10279.0,2133.0,0.1718,212.0,263.0,0.0462,12277,9824,2453,0.1998,259,202,0.0469
4323804,12264.0,9884.0,2380.0,0.1941,123.0,122.0,0.0248,12267.0,10091.0,2176.0,0.1774,152.0,181.0,0.033,14765,11724,3041,0.206,133,137,0.023
4315602,156177.0,118329.0,37848.0,0.2423,2345.0,2694.0,0.0426,156181.0,118514.0,37667.0,0.2412,2262.0,3998.0,0.0528,150202,109190,41012,0.273,3012,2894,0.0541
4302253,2493.0,2092.0,401.0,0.1609,39.0,34.0,0.0349,2493.0,2133.0,360.0,0.1444,45.0,49.0,0.0441,2527,2117,410,0.1622,38,20,0.0274
4315701,29798.0,23165.0,6633.0,0.2226,514.0,342.0,0.037,29799.0,23089.0,6710.0,0.2252,450.0,630.0,0.0468,28673,21696,6977,0.2433,597,465,0.0489
4306379,3063.0,2448.0,615.0,0.2008,40.0,35.0,0.0306,3065.0,2452.0,613.0,0.2,43.0,51.0,0.0383,3281,2517,764,0.2329,49,45,0.0373
4315800,7730.0,6741.0,989.0,0.1279,142.0,125.0,0.0396,7732.0,6664.0,1068.0,0.1381,119.0,167.0,0.0429,7666,6333,1333,0.1739,136,118,0.0401
4304671,3702.0,3018.0,684.0,0.1848,43.0,55.0,0.0325,3703.0,3013.0,690.0,0.1863,61.0,89.0,0.0498,3711,3014,697,0.1878,49,63,0.0372
4315909,5094.0,4352.0,742.0,0.1457,50.0,44.0,0.0216,5095.0,4409.0,686.0,0.1346,65.0,116.0,0.0411,5375,4486,889,0.1654,83,80,0.0363
4313011,2529.0,2300.0,229.0,0.0905,59.0,56.0,0.05,2535.0,2321.0,214.0,0.0844,43.0,42.0,0.0366,2588,2318,270,0.1043,37,48,0.0367
4316006,16216.0,13896.0,2320.0,0.1431,249.0,226.0,0.0342,16219.0,14069.0,2150.0,0.1326,259.0,384.0,0.0457,16313,13862,2451,0.1502,289,240,0.0382
4308250,1880.0,1543.0,337.0,0.1793,20.0,22.0,0.0272,1880.0,1579.0,301.0,0.1601,23.0,36.0,0.0374,1811,1480,331,0.1828,32,31,0.0426
4316105,7303.0,6263.0,1040.0,0.1424,91.0,48.0,0.0222,7303.0,6356.0,947.0,0.1297,102.0,120.0,0.0349,7415,6214,1201,0.162,125,62,0.0301
4305447,4231.0,3687.0,544.0,0.1286,98.0,58.0,0.0423,4231.0,3689.0,542.0,0.1281,88.0,90.0,0.0483,4354,3745,609,0.1399,106,52,0.0422
4316204,4615.0,3958.0,657.0,0.1424,89.0,54.0,0.0361,4616.0,4036.0,580.0,0.1256,81.0,75.0,0.0387,4481,3830,651,0.1453,93,56,0.0389
4307450,3010.0,2558.0,452.0,0.1502,26.0,27.0,0.0207,3010.0,2508.0,502.0,0.1668,37.0,54.0,0.0363,3315,2753,562,0.1695,37,82,0.0432
4316303,5386.0,4640.0,746.0,0.1385,82.0,72.0,0.0332,5386.0,4650.0,736.0,0.1367,84.0,99.0,0.0394,5416,4484,932,0.1721,94,95,0.0421
4306759,2092.0,1713.0,379.0,0.1812,36.0,32.0,0.0397,2092.0,1774.0,318.0,0.152,31.0,40.0,0.04,2080,1684,396,0.1904,40,32,0.0428
4316402,32082.0,23696.0,8386.0,0.2614,397.0,295.0,0.0292,32087.0,23737.0,8350.0,0.2602,446.0,534.0,0.0413,31276,22846,8430,0.2695,569,442,0.0443
4309571,2541.0,2132.0,409.0,0.161,26.0,25.0,0.0239,2541.0,2128.0,413.0,0.1625,20.0,46.0,0.031,2629,2097,532,0.2024,50,32,0.0391
4316501,5476.0,4808.0,668.0,0.122,96.0,95.0,0.0397,5478.0,4836.0,642.0,0.1172,82.0,122.0,0.0422,5640,4809,831,0.1473,105,97,0.042
4304713,6406.0,5002.0,1404.0,0.2192,141.0,84.0,0.045,6406.0,5069.0,1337.0,0.2087,144.0,192.0,0.0663,6518,5104,1414,0.2169,168,109,0.0543
4316600,13231.0,11138.0,2093.0,0.1582,265.0,144.0,0.0367,13243.0,11414.0,1829.0,0.1381,224.0,232.0,0.04,13017,11015,2002,0.1538,230,188,0.0379
4308078,3455.0,2903.0,552.0,0.1598,58.0,62.0,0.0413,3455.0,2882.0,573.0,0.1658,46.0,111.0,0.0545,3798,3101,697,0.1835,52,78,0.0419
4316709,6952.0,5728.0,1224.0,0.1761,119.0,54.0,0.0302,6953.0,5845.0,1108.0,0.1594,100.0,116.0,0.037,6723,5583,1140,0.1696,139,90,0.041
4310538,4265.0,3552.0,713.0,0.1672,49.0,39.0,0.0248,4265.0,3592.0,673.0,0.1578,44.0,70.0,0.0317,4530,3630,900,0.1987,49,41,0.0248
4316808,105606.0,86510.0,19096.0,0.1808,1697.0,1474.0,0.0367,105597.0,86772.0,18825.0,0.1783,1605.0,2260.0,0.0445,105305,85005,20300,0.1928,2063,1484,0.0417
4307815,2931.0,2488.0,443.0,0.1511,62.0,55.0,0.047,2931.0,2494.0,437.0,0.1491,50.0,66.0,0.0465,2953,2399,554,0.1876,51,39,0.0375
4316907,209652.0,165731.0,43921.0,0.2095,2997.0,2489.0,0.0331,209634.0,166345.0,43289.0,0.2065,3032.0,3929.0,0.0418,207115,158051,49064,0.2369,3510,2538,0.0383
4302055,2071.0,1679.0,392.0,0.1893,15.0,12.0,0.0161,2071.0,1711.0,360.0,0.1738,21.0,34.0,0.0321,2125,1673,452,0.2127,32,29,0.0365
4317004,6440.0,5084.0,1356.0,0.2106,215.0,98.0,0.0616,6442.0,5075.0,1367.0,0.2122,196.0,187.0,0.0755,6598,4933,1665,0.2523,268,112,0.077
4311718,3953.0,3050.0,903.0,0.2284,38.0,27.0,0.0213,3955.0,3033.0,922.0,0.2331,45.0,49.0,0.031,3970,2905,1065,0.2683,52,58,0.0379
4317103,73658.0,52129.0,21529.0,0.2923,986.0,585.0,0.0301,73654.0,52116.0,21538.0,0.2924,900.0,1214.0,0.0406,72220,50896,21324,0.2953,1375,833,0.0434
4306551,2450.0,2119.0,331.0,0.1351,28.0,28.0,0.0264,2450.0,2125.0,325.0,0.1327,41.0,52.0,0.0438,2646,2251,395,0.1493,26,41,0.0298
4317202,57678.0,47489.0,10189.0,0.1767,626.0,533.0,0.0244,57632.0,47109.0,10523.0,0.1826,578.0,763.0,0.0285,57973,47423,10550,0.182,687,556,0.0262
4322376,2637.0,2123.0,514.0,0.1949,36.0,26.0,0.0292,2637.0,2109.0,528.0,0.2002,38.0,46.0,0.0398,2687,2064,623,0.2319,56,27,0.0402
4317301,24529.0,17805.0,6724.0,0.2741,332.0,298.0,0.0354,24538.0,17432.0,7106.0,0.2896,346.0,501.0,0.0486,23324,16553,6771,0.2903,513,424,0.0566
4322327,3402.0,2787.0,615.0,0.1808,61.0,53.0,0.0409,3402.0,2775.0,627.0,0.1843,59.0,68.0,0.0458,3449,2819,630,0.1827,54,59,0.0401
4317400,40952.0,31054.0,9898.0,0.2417,650.0,446.0,0.0353,40968.0,31322.0,9646.0,0.2355,657.0,703.0,0.0434,39884,29302,10582,0.2653,927,543,0.0502
4306072,2502.0,2133.0,369.0,0.1475,40.0,29.0,0.0323,2502.0,2153.0,349.0,0.1395,40.0,51.0,0.0423,2662,2235,427,0.1604,51,44,0.0425
4317509,60967.0,47084.0,13883.0,0.2277,740.0,540.0,0.0272,60975.0,47520.0,13455.0,0.2207,704.0,979.0,0.0354,58898,45016,13882,0.2357,822,819,0.0365
4312617,2720.0,2187.0,533.0,0.196,55.0,29.0,0.0384,2719.0,2203.0,516.0,0.1898,54.0,46.0,0.0454,2854,2218,636,0.2228,62,17,0.0356
4317608,34027.0,26738.0,7289.0,0.2142,670.0,484.0,0.0432,34023.0,27044.0,6979.0,0.2051,598.0,832.0,0.0529,33692,26377,7315,0.2171,744,597,0.0508
4313334,2020.0,1731.0,289.0,0.1431,23.0,23.0,0.0266,2029.0,1772.0,257.0,0.1267,25.0,36.0,0.0344,2039,1730,309,0.1515,22,30,0.0301
4317707,8659.0,6837.0,1822.0,0.2104,124.0,85.0,0.0306,8658.0,6842.0,1816.0,0.2097,141.0,164.0,0.0446,8347,6411,1936,0.2319,151,136,0.0448
4311130,2823.0,2364.0,459.0,0.1626,90.0,41.0,0.0554,2823.0,2393.0,430.0,0.1523,75.0,51.0,0.0527,2794,2264,530,0.1897,99,34,0.0587
4317806,11212.0,9187.0,2025.0,0.1806,123.0,139.0,0.0285,11218.0,9330.0,1888.0,0.1683,134.0,213.0,0.0372,11312,9233,2079,0.1838,160,185,0.0374
4322343,1864.0,1650.0,214.0,0.1148,20.0,15.0,0.0212,1864.0,1657.0,207.0,0.1111,25.0,29.0,0.0326,1894,1650,244,0.1288,30,26,0.0339
4317905,12930.0,11051.0,1879.0,0.1453,152.0,140.0,0.0264,12933.0,11103.0,1830.0,0.1415,159.0,212.0,0.0334,12562,10952,1610,0.1282,182,199,0.0348
4301875,3078.0,2348.0,730.0,0.2372,37.0,21.0,0.0247,3079.0,2285.0,794.0,0.2579,36.0,29.0,0.0284,3355,2467,888,0.2647,56,34,0.0365
4318002,48448.0,36251.0,12197.0,0.2518,494.0,424.0,0.0253,48451.0,36546.0,11905.0,0.2457,492.0,747.0,0.0339,46604,34613,11991,0.2573,651,599,0.0361
4305124,5460.0,4377.0,1083.0,0.1984,152.0,84.0,0.0539,5460.0,4404.0,1056.0,0.1934,133.0,137.0,0.0613,5309,4121,1188,0.2238,198,124,0.0781
4318101,14507.0,11808.0,2699.0,0.186,348.0,201.0,0.0465,14508.0,11902.0,2606.0,0.1796,296.0,322.0,0.0519,14252,11173,3079,0.216,493,277,0.0689
4322525,3094.0,2546.0,548.0,0.1771,71.0,46.0,0.046,3094.0,2538.0,556.0,0.1797,62.0,95.0,0.0619,3292,2560,732,0.2224,73,72,0.0566
4318200,15633.0,12797.0,2836.0,0.1814,402.0,252.0,0.0511,15636.0,12902.0,2734.0,0.1749,318.0,421.0,0.0573,16421,12807,3614,0.2201,443,302,0.0582
4313391,3663.0,3090.0,573.0,0.1564,63.0,50.0,0.0366,3665.0,3062.0,603.0,0.1645,56.0,68.0,0.0405,3764,3086,678,0.1801,80,39,0.0386
4318309,45614.0,34122.0,11492.0,0.2519,635.0,467.0,0.0323,45630.0,34345.0,11285.0,0.2473,651.0,819.0,0.0428,43890,32078,11812,0.2691,770,548,0.0411
4320578,1794.0,1536.0,258.0,0.1438,31.0,18.0,0.0319,1793.0,1547.0,246.0,0.1372,25.0,32.0,0.0368,1804,1504,300,0.1663,43,34,0.0512
4318408,15431.0,12724.0,2707.0,0.1754,309.0,244.0,0.0435,15430.0,12713.0,2717.0,0.1761,284.0,378.0,0.0521,15910,12391,3519,0.2212,363,280,0.0519
4320859,3861.0,3260.0,601.0,0.1557,54.0,48.0,0.0313,3861.0,3264.0,597.0,0.1546,53.0,81.0,0.0411,4093,3344,749,0.183,75,75,0.0449
4318507,20377.0,16743.0,3634.0,0.1783,502.0,408.0,0.0544,20378.0,16737.0,3641.0,0.1787,458.0,635.0,0.0653,20679,16176,4503,0.2178,594,472,0.0659
4323358,2135.0,1868.0,267.0,0.1251,38.0,21.0,0.0316,2135.0,1929.0,206.0,0.0965,41.0,29.0,0.0363,2175,1868,307,0.1411,35,31,0.0353
4318606,5764.0,4955.0,809.0,0.1404,132.0,83.0,0.0434,5766.0,5088.0,678.0,0.1176,115.0,112.0,0.0446,5762,4871,891,0.1546,121,84,0.0421
4320321,2618.0,2289.0,329.0,0.1257,14.0,36.0,0.0218,2618.0,2297.0,321.0,0.1226,26.0,33.0,0.0257,2669,2299,370,0.1386,14,28,0.0183
4318705,167872.0,131924.0,35948.0,0.2141,2331.0,2253.0,0.0347,167873.0,132714.0,35159.0,0.2094,2206.0,3539.0,0.0433,162766,124484,38282,0.2352,2601,2360,0.0399
4322855,2234.0,1890.0,344.0,0.154,50.0,18.0,0.036,2234.0,1933.0,301.0,0.1347,36.0,26.0,0.0321,2485,2051,434,0.1746,38,10,0.0234
4318804,35902.0,28330.0,7572.0,0.2109,567.0,493.0,0.0374,35905.0,28530.0,7375.0,0.2054,516.0,806.0,0.0463,35085,27526,7559,0.2154,653,479,0.0411
4312377,3258.0,2486.0,772.0,0.237,68.0,32.0,0.0402,3258.0,2619.0,639.0,0.1961,52.0,57.0,0.0416,3352,2594,758,0.2261,77,34,0.0428
4318903,26946.0,20339.0,6607.0,0.2452,386.0,339.0,0.0356,26946.0,20528.0,6418.0,0.2382,384.0,549.0,0.0455,26267,19950,6317,0.2405,469,410,0.0441
4312054,3479.0,2912.0,567.0,0.163,48.0,59.0,0.0367,3479.0,2894.0,585.0,0.1682,25.0,66.0,0.0314,3511,2903,608,0.1732,61,58,0.041
4319000,16122.0,14031.0,2091.0,0.1297,274.0,393.0,0.0475,16133.0,14158.0,1975.0,0.1224,224.0,454.0,0.0479,16687,14092,2595,0.1555,286,305,0.0419
4305439,4563.0,3340.0,1223.0,0.268,122.0,67.0,0.0566,4564.0,3241.0,1323.0,0.2899,96.0,104.0,0.0617,4888,3464,1424,0.2913,173,127,0.0866
4319109,4857.0,4191.0,666.0,0.1371,57.0,75.0,0.0315,4859.0,4216.0,643.0,0.1323,50.0,90.0,0.0332,4808,4087,721,0.15,79,62,0.0345
4300877,5751.0,4750.0,1001.0,0.1741,82.0,81.0,0.0343,5751.0,4847.0,904.0,0.1572,72.0,100.0,0.0355,6414,5296,1118,0.1743,94,81,0.033
4319208,4089.0,3352.0,737.0,0.1802,69.0,68.0,0.0409,4090.0,3346.0,744.0,0.1819,79.0,99.0,0.0532,4337,3379,958,0.2209,61,115,0.0521
4314068,3759.0,3163.0,596.0,0.1586,89.0,38.0,0.0402,3759.0,3172.0,587.0,0.1562,55.0,87.0,0.0448,3747,3074,673,0.1796,101,52,0.0498
4319307,5223.0,4407.0,816.0,0.1562,55.0,57.0,0.0254,5223.0,4408.0,815.0,0.156,71.0,94.0,0.0374,5214,4327,887,0.1701,65,76,0.0326
4321493,2676.0,2285.0,391.0,0.1461,69.0,41.0,0.0481,2676.0,2296.0,380.0,0.142,69.0,67.0,0.0592,2745,2238,507,0.1847,69,39,0.0483
4319406,12751.0,10488.0,2263.0,0.1775,263.0,219.0,0.046,12753.0,10627.0,2126.0,0.1667,241.0,313.0,0.0521,12686,9933,2753,0.217,320,200,0.0524
4301636,9821.0,7144.0,2677.0,0.2726,135.0,154.0,0.0405,9822.0,7163.0,2659.0,0.2707,113.0,229.0,0.0477,11040,7698,3342,0.3027,181,203,0.0499
4319505,17122.0,14457.0,2665.0,0.1556,253.0,265.0,0.0358,17126.0,14563.0,2563.0,0.1497,227.0,364.0,0.0406,17536,14180,3356,0.1914,288,269,0.0393
4311734,2853.0,2423.0,430.0,0.1507,38.0,33.0,0.0293,2848.0,2433.0,415.0,0.1457,41.0,55.0,0.0395,3155,2668,487,0.1544,31,62,0.0349
4319604,17046.0,13940.0,3106.0,0.1822,262.0,183.0,0.0319,17047.0,14021.0,3026.0,0.1775,261.0,438.0,0.0499,17079,13286,3793,0.2221,361,274,0.0478
4319703,3092.0,2612.0,480.0,0.1552,49.0,39.0,0.0337,3092.0,2666.0,426.0,0.1378,50.0,52.0,0.0383,3073,2546,527,0.1715,50,37,0.0342
4300034,3833.0,3040.0,793.0,0.2069,46.0,31.0,0.0253,3833.0,3058.0,775.0,0.2022,45.0,52.0,0.0317,3982,3035,947,0.2378,68,39,0.0353
4319901,62191.0,51183.0,11008.0,0.177,904.0,844.0,0.0342,62190.0,51695.0,10495.0,0.1688,732.0,1208.0,0.0375,61250,50301,10949,0.1788,883,818,0.0338
4300471,1895.0,1670.0,225.0,0.1187,20.0,26.0,0.0275,1894.0,1671.0,223.0,0.1177,17.0,38.0,0.0329,1979,1679,300,0.1516,18,25,0.0256
4320008,105646.0,82056.0,23590.0,0.2233,1594.0,1483.0,0.0375,105646.0,82432.0,23214.0,0.2197,1416.0,2205.0,0.0439,102445,76799,25646,0.2503,1897,1594,0.0455
4301073,2697.0,2384.0,313.0,0.1161,34.0,28.0,0.026,2697.0,2395.0,302.0,0.112,42.0,42.0,0.0351,2775,2441,334,0.1204,27,20,0.0193
4320107,16718.0,14230.0,2488.0,0.1488,194.0,139.0,0.0234,16719.0,14406.0,2313.0,0.1383,198.0,265.0,0.0321,17132,14462,2670,0.1558,209,192,0.0277
4302220,2098.0,1745.0,353.0,0.1683,30.0,23.0,0.0304,2098.0,1755.0,343.0,0.1635,30.0,29.0,0.0336,2067,1676,391,0.1892,32,34,0.0394
4320206,9009.0,7680.0,1329.0,0.1475,128.0,79.0,0.027,9012.0,7762.0,1250.0,0.1387,120.0,155.0,0.0354,9356,7812,1544,0.165,157,125,0.0361
4302238,2137.0,1868.0,269.0,0.1259,24.0,11.0,0.0187,2137.0,1867.0,270.0,0.1263,35.0,31.0,0.0354,2195,1865,330,0.1503,28,25,0.0284
4320305,4375.0,3726.0,649.0,0.1483,56.0,45.0,0.0271,4377.0,3814.0,563.0,0.1286,56.0,83.0,0.0364,4334,3669,665,0.1534,61,42,0.0281
4302584,2358.0,2044.0,314.0,0.1332,27.0,15.0,0.0205,2360.0,2076.0,284.0,0.1203,13.0,38.0,0.0246,2625,2224,401,0.1528,27,21,0.0216
4320404,12519.0,10657.0,1862.0,0.1487,240.0,239.0,0.0449,12518.0,10838.0,1680.0,0.1342,158.0,265.0,0.039,12678,10747,1931,0.1523,176,212,0.0361
4304614,1819.0,1626.0,193.0,0.1061,31.0,22.0,0.0326,1819.0,1601.0,218.0,0.1198,28.0,38.0,0.0412,1944,1685,259,0.1332,33,27,0.0356
4320503,4900.0,4244.0,656.0,0.1339,61.0,76.0,0.0323,4901.0,4290.0,611.0,0.1247,59.0,108.0,0.0389,5015,4282,733,0.1462,64,64,0.0299
4304622,2036.0,1711.0,325.0,0.1596,26.0,23.0,0.0286,2036.0,1705.0,331.0,0.1626,20.0,23.0,0.0252,2112,1728,384,0.1818,35,27,0.0359
4320602,3439.0,2909.0,530.0,0.1541,74.0,53.0,0.0437,3439.0,2945.0,494.0,0.1436,58.0,79.0,0.0465,3414,2911,503,0.1473,62,58,0.0412
4304655,2890.0,2331.0,559.0,0.1934,48.0,25.0,0.0313,2890.0,2370.0,520.0,0.1799,46.0,50.0,0.0405,3105,2357,748,0.2409,62,42,0.0441
4304630,42264.0,32516.0,9748.0,0.2306,554.0,542.0,0.0337,42277.0,33021.0,9256.0,0.2189,491.0,729.0,0.0369,46049,34635,11414,0.2479,578,584,0.0335
4305835,1379.0,1157.0,222.0,0.161,15.0,13.0,0.0242,1380.0,1163.0,217.0,0.1572,29.0,32.0,0.0525,1351,1095,256,0.1895,12,18,0.0274
4320701,11386.0,9052.0,2334.0,0.205,192.0,151.0,0.0379,11391.0,9110.0,2281.0,0.2002,154.0,254.0,0.0448,10579,8592,1987,0.1878,202,161,0.0422
4305934,1512.0,1269.0,243.0,0.1607,33.0,10.0,0.0339,1512.0,1297.0,215.0,0.1422,20.0,27.0,0.0362,1569,1341,228,0.1453,21,16,0.0276
4320800,21526.0,18032.0,3494.0,0.1623,275.0,291.0,0.0314,21523.0,18152.0,3371.0,0.1566,273.0,520.0,0.0437,21730,17575,4155,0.1912,324,320,0.0366
4306130,1987.0,1723.0,264.0,0.1329,29.0,22.0,0.0296,1987.0,1746.0,241.0,0.1213,24.0,39.0,0.0361,1928,1651,277,0.1437,28,28,0.0339
4320909,17056.0,14516.0,2540.0,0.1489,255.0,219.0,0.0327,17052.0,14864.0,2188.0,0.1283,232.0,284.0,0.0347,17490,14825,2665,0.1524,230,232,0.0312
4308433,2383.0,2095.0,288.0,0.1209,53.0,55.0,0.0516,2384.0,2086.0,298.0,0.125,39.0,42.0,0.0388,2588,2235,353,0.1364,53,29,0.0367
4321006,7975.0,6779.0,1196.0,0.15,98.0,105.0,0.0299,7975.0,6876.0,1099.0,0.1378,88.0,174.0,0.0381,7887,6570,1317,0.167,82,126,0.0317
4316733,1820.0,1568.0,252.0,0.1385,35.0,17.0,0.0332,1821.0,1610.0,211.0,0.1159,25.0,21.0,0.0286,1940,1626,314,0.1619,30,16,0.0283
4310652,3275.0,2686.0,589.0,0.1798,42.0,45.0,0.0324,3275.0,2731.0,544.0,0.1661,42.0,68.0,0.0403,3450,2863,587,0.1701,42,50,0.0321
4321105,11422.0,9164.0,2258.0,0.1977,186.0,157.0,0.0374,11425.0,9183.0,2242.0,0.1962,184.0,259.0,0.0482,11792,9086,2706,0.2295,222,192,0.0456
4310876,1965.0,1689.0,276.0,0.1405,25.0,11.0,0.0213,1965.0,1683.0,282.0,0.1435,28.0,28.0,0.0333,2056,1715,341,0.1659,22,30,0.0303
4321204,41938.0,33416.0,8522.0,0.2032,612.0,560.0,0.0351,41939.0,33646.0,8293.0,0.1977,565.0,736.0,0.0387,41562,32714,8848,0.2129,695,551,0.0381
4311239,2336.0,1919.0,417.0,0.1785,31.0,26.0,0.0297,2336.0,1955.0,381.0,0.1631,33.0,43.0,0.0389,2310,1884,426,0.1844,58,39,0.0515
4321303,19462.0,16308.0,3154.0,0.1621,386.0,263.0,0.0398,19462.0,16243.0,3219.0,0.1654,363.0,422.0,0.0483,19310,15668,3642,0.1886,462,268,0.0466
4312179,1615.0,1345.0,270.0,0.1672,19.0,17.0,0.0268,1615.0,1373.0,242.0,0.1498,24.0,36.0,0.0437,1617,1351,266,0.1645,21,16,0.0274
4321402,10407.0,8607.0,1800.0,0.173,107.0,121.0,0.0265,10408.0,8614.0,1794.0,0.1724,118.0,230.0,0.0404,10706,8672,2034,0.19,109,162,0.0312
4313466,1587.0,1332.0,255.0,0.1607,24.0,8.0,0.024,1587.0,1362.0,225.0,0.1418,26.0,22.0,0.0352,1591,1341,250,0.1571,38,22,0.0447
4321501,31449.0,24266.0,7183.0,0.2284,476.0,625.0,0.0454,31442.0,24676.0,6766.0,0.2152,472.0,741.0,0.0492,33260,25571,7689,0.2312,503,622,0.044
4314134,2052.0,1832.0,220.0,0.1072,30.0,27.0,0.0311,2052.0,1851.0,201.0,0.098,21.0,39.0,0.0324,2280,1966,314,0.1377,34,28,0.0315
4321600,37291.0,27277.0,10014.0,0.2685,499.0,445.0,0.0346,37291.0,27456.0,9835.0,0.2637,442.0,630.0,0.039,39076,28166,10910,0.2792,632,543,0.0417
4314464,2470.0,1905.0,565.0,0.2287,46.0,17.0,0.0331,2471.0,1955.0,516.0,0.2088,48.0,37.0,0.0435,2584,1993,591,0.2287,45,23,0.0341
4321709,17502.0,14887.0,2615.0,0.1494,294.0,257.0,0.037,17505.0,14968.0,2537.0,0.1449,204.0,345.0,0.0367,17414,14650,2764,0.1587,326,271,0.0408
4315313,1635.0,1409.0,226.0,0.1382,18.0,24.0,0.0298,1635.0,1432.0,203.0,0.1242,18.0,43.0,0.0426,1733,1405,328,0.1893,18,11,0.0206
4321808,17902.0,15413.0,2489.0,0.139,250.0,192.0,0.0287,17903.0,15315.0,2588.0,0.1446,206.0,263.0,0.0306,18415,15581,2834,0.1539,261,172,0.0278
4315958,2341.0,1952.0,389.0,0.1662,40.0,22.0,0.0318,2341.0,1963.0,378.0,0.1615,32.0,51.0,0.0423,2396,1956,440,0.1836,35,54,0.0455
4321907,18422.0,15658.0,2764.0,0.15,226.0,287.0,0.0328,18422.0,15779.0,2643.0,0.1435,228.0,427.0,0.0415,18437,15206,3231,0.1752,249,333,0.0383
4322004,21951.0,17563.0,4388.0,0.1999,329.0,348.0,0.0385,21953.0,17774.0,4179.0,0.1904,322.0,555.0,0.0493,21936,17071,4865,0.2218,409,368,0.0455
4316972,2628.0,2166.0,462.0,0.1758,36.0,28.0,0.0295,2627.0,2145.0,482.0,0.1835,40.0,41.0,0.0378,2829,2235,594,0.21,52,38,0.0403
4322103,4756.0,4045.0,711.0,0.1495,32.0,68.0,0.0247,4757.0,4065.0,692.0,0.1455,39.0,85.0,0.0305,4755,4032,723,0.1521,39,67,0.0263
4318614,1948.0,1737.0,211.0,0.1083,49.0,43.0,0.053,1948.0,1740.0,208.0,0.1068,45.0,47.0,0.0529,2065,1779,286,0.1385,36,32,0.0382
4322202,16276.0,13003.0,3273.0,0.2011,242.0,180.0,0.0325,16278.0,13181.0,3097.0,0.1903,220.0,344.0,0.0428,15943,12350,3593,0.2254,278,207,0.0393
4319364,1589.0,1322.0,267.0,0.168,31.0,15.0,0.0348,1589.0,1324.0,265.0,0.1668,23.0,26.0,0.037,1650,1330,320,0.1939,41,37,0.0586
4322301,7107.0,5937.0,1170.0,0.1646,80.0,55.0,0.0227,7106.0,6028.0,1078.0,0.1517,83.0,80.0,0.027,7111,5974,1137,0.1599,80,83,0.0273
4321469,2526.0,2194.0,332.0,0.1314,39.0,26.0,0.0296,2526.0,2187.0,339.0,0.1342,32.0,35.0,0.0306,2707,2288,419,0.1548,34,35,0.0302
4322400,87692.0,63063.0,24629.0,0.2809,853.0,713.0,0.0248,87699.0,63603.0,24096.0,0.2748,819.0,1101.0,0.0302,84488,60523,23965,0.2836,1045,767,0.0299
4323770,2604.0,2283.0,321.0,0.1233,47.0,31.0,0.0342,2604.0,2256.0,348.0,0.1336,39.0,48.0,0.0386,2689,2339,350,0.1302,46,23,0.0295
4322509,47205.0,36736.0,10469.0,0.2218,811.0,567.0,0.0375,47211.0,37522.0,9689.0,0.2052,666.0,773.0,0.0384,47383,36918,10465,0.2209,932,587,0.0411
4314548,2404.0,2038.0,366.0,0.1522,28.0,45.0,0.0358,2404.0,2081.0,323.0,0.1344,30.0,42.0,0.0346,2438,2063,375,0.1538,22,31,0.0257
4322608,53500.0,44551.0,8949.0,0.1673,965.0,803.0,0.0397,53512.0,44683.0,8829.0,0.165,792.0,1089.0,0.0421,53327,43029,10298,0.1931,1068,890,0.0455
4314175,2000.0,1564.0,436.0,0.218,16.0,13.0,0.0185,2000.0,1558.0,442.0,0.221,18.0,35.0,0.034,1976,1484,492,0.249,20,27,0.0317
4322707,18542.0,16662.0,1880.0,0.1014,337.0,319.0,0.0394,18542.0,16692.0,1850.0,0.0998,293.0,494.0,0.0471,19445,16825,2620,0.1347,426,384,0.0481
4322806,18141.0,15684.0,2457.0,0.1354,325.0,286.0,0.039,18145.0,15877.0,2268.0,0.125,273.0,348.0,0.0391,18621,15581,3040,0.1633,280,256,0.0344
4322905,4167.0,3587.0,580.0,0.1392,75.0,55.0,0.0362,4167.0,3648.0,519.0,0.1246,60.0,78.0,0.0378,4028,3410,618,0.1534,69,56,0.0367
4323002,162845.0,130468.0,32377.0,0.1988,3106.0,3047.0,0.0472,162846.0,130255.0,32591.0,0.2001,2667.0,4245.0,0.0531,161662,123312,38350,0.2372,3858,3155,0.0569
4323101,3795.0,3116.0,679.0,0.1789,41.0,38.0,0.0254,3795.0,3145.0,650.0,0.1713,33.0,66.0,0.0315,3837,3041,796,0.2075,64,54,0.0388
4313656,10859.0,8162.0,2697.0,0.2484,122.0,130.0,0.0309,10859.0,8248.0,2611.0,0.2404,153.0,279.0,0.0524,10969,7992,2977,0.2714,159,168,0.0409
4323200,2508.0,2124.0,384.0,0.1531,41.0,14.0,0.0259,2507.0,2129.0,378.0,0.1508,30.0,23.0,0.0249,2531,2127,404,0.1596,23,29,0.0244
4321352,4540.0,3604.0,936.0,0.2062,57.0,83.0,0.0388,4540.0,3607.0,933.0,0.2055,73.0,137.0,0.0582,4533,3487,1046,0.2308,87,103,0.0545
4304663,17879.0,14771.0,3108.0,0.1738,389.0,304.0,0.0469,17881.0,14793.0,3088.0,0.1727,383.0,511.0,0.0604,18455,14663,3792,0.2055,499,415,0.0623
4316451,8004.0,6472.0,1532.0,0.1914,118.0,90.0,0.0321,8005.0,6511.0,1494.0,0.1866,133.0,162.0,0.0453,7867,6310,1557,0.1979,120,126,0.039
4305959,3504.0,2999.0,505.0,0.1441,74.0,59.0,0.0443,3504.0,3075.0,429.0,0.1224,71.0,75.0,0.0475,3488,2924,564,0.1617,68,43,0.038
5103254,17701.0,12442.0,5259.0,0.2971,126.0,138.0,0.0212,17697.0,12704.0,4993.0,0.2821,118.0,120.0,0.0187,19479,14190,5289,0.2715,129,229,0.0252
5103205,24009.0,18005.0,6004.0,0.2501,199.0,266.0,0.0258,24013.0,18495.0,5518.0,0.2298,164.0,213.0,0.0204,23598,18390,5208,0.2207,171,307,0.026
5103437,4336.0,3396.0,940.0,0.2168,18.0,73.0,0.0268,4333.0,3375.0,958.0,0.2211,21.0,62.0,0.0246,4408,3581,827,0.1876,34,74,0.0302
5106208,3671.0,2785.0,886.0,0.2414,19.0,54.0,0.0262,3668.0,2763.0,905.0,0.2467,21.0,50.0,0.0257,3832,2986,846,0.2208,22,73,0.0318
5106190,2929.0,2271.0,658.0,0.2247,20.0,47.0,0.0295,2926.0,2259.0,667.0,0.228,24.0,39.0,0.0279,3384,2589,795,0.2349,12,62,0.0286
5106307,15658.0,11205.0,4453.0,0.2844,94.0,133.0,0.0203,15663.0,11373.0,4290.0,0.2739,72.0,156.0,0.02,16917,12620,4297,0.254,78,215,0.0232
5107792,2641.0,1827.0,814.0,0.3082,15.0,38.0,0.029,2641.0,1819.0,822.0,0.3112,13.0,24.0,0.0203,2731,2028,703,0.2574,6,55,0.0301
5107909,108398.0,82876.0,25522.0,0.2354,867.0,978.0,0.0223,108369.0,86311.0,22058.0,0.2035,638.0,917.0,0.018,127167,98342,28825,0.2267,816,1380,0.0223
5100250,41455.0,30687.0,10768.0,0.2598,319.0,436.0,0.0246,41463.0,32011.0,9452.0,0.228,259.0,457.0,0.0224,43203,33253,9950,0.2303,297,561,0.0258
5101258,12029.0,8745.0,3284.0,0.273,109.0,156.0,0.0303,12030.0,8956.0,3074.0,0.2555,89.0,133.0,0.0248,11533,9018,2515,0.2181,82,214,0.0328
5105002,7652.0,5049.0,2603.0,0.3402,42.0,94.0,0.0269,7652.0,5129.0,2523.0,0.3297,45.0,77.0,0.0238,7115,5284,1831,0.2573,39,120,0.0301
5107107,14258.0,10266.0,3992.0,0.28,148.0,247.0,0.0385,14263.0,10543.0,3720.0,0.2608,101.0,195.0,0.0281,13117,10253,2864,0.2183,141,242,0.0374
5107206,3977.0,3030.0,947.0,0.2381,34.0,73.0,0.0353,3972.0,3014.0,958.0,0.2412,34.0,62.0,0.0319,3897,3051,846,0.2171,34,81,0.0377
5107578,2757.0,1907.0,850.0,0.3083,9.0,16.0,0.0131,2757.0,1879.0,878.0,0.3185,15.0,16.0,0.0165,3084,2298,786,0.2549,10,55,0.0283
5107750,2925.0,2281.0,644.0,0.2202,21.0,37.0,0.0254,2921.0,2291.0,630.0,0.2157,15.0,32.0,0.0205,3076,2408,668,0.2172,30,52,0.0341
5106752,32161.0,23415.0,8746.0,0.2719,269.0,404.0,0.0287,32163.0,23821.0,8342.0,0.2594,231.0,333.0,0.0237,34620,25860,8760,0.253,265,484,0.029
5100102,6661.0,5576.0,1085.0,0.1629,34.0,71.0,0.0188,6661.0,5293.0,1368.0,0.2054,43.0,57.0,0.0189,7353,6085,1268,0.1724,33,129,0.0266
5107297,2770.0,2114.0,656.0,0.2368,25.0,46.0,0.0336,2770.0,2124.0,646.0,0.2332,28.0,48.0,0.0358,3000,2376,624,0.208,19,65,0.0354
5000203,12237.0,8347.0,3890.0,0.3179,89.0,174.0,0.0315,12233.0,8206.0,4027.0,0.3292,84.0,240.0,0.0395,13465,8956,4509,0.3349,107,154,0.0291
5100359,4134.0,2934.0,1200.0,0.2903,15.0,34.0,0.0167,4134.0,2959.0,1175.0,0.2842,29.0,38.0,0.0226,4151,3236,915,0.2204,16,55,0.0219
5100300,12255.0,8983.0,3272.0,0.267,103.0,212.0,0.0351,12253.0,9019.0,3234.0,0.2639,66.0,195.0,0.0289,11527,8821,2706,0.2348,90,228,0.0361
5107065,15013.0,10744.0,4269.0,0.2844,67.0,96.0,0.0152,15016.0,10690.0,4326.0,0.2881,60.0,63.0,0.0115,18997,14247,4750,0.25,80,182,0.0184
5100409,8253.0,6213.0,2040.0,0.2472,57.0,118.0,0.0282,8256.0,6302.0,1954.0,0.2367,41.0,102.0,0.0227,8774,6836,1938,0.2209,73,170,0.0355
5102694,3692.0,2598.0,1094.0,0.2963,14.0,21.0,0.0135,3693.0,2614.0,1079.0,0.2922,17.0,15.0,0.0122,4167,3016,1151,0.2762,16,44,0.0199
5100508,6128.0,4645.0,1483.0,0.242,39.0,84.0,0.0265,6125.0,4582.0,1543.0,0.2519,36.0,82.0,0.0258,6195,4763,1432,0.2312,54,135,0.0397
5107248,3699.0,2881.0,818.0,0.2211,30.0,38.0,0.0236,3699.0,2948.0,751.0,0.203,15.0,24.0,0.0132,4178,3457,721,0.1726,37,44,0.0234
5000609,26302.0,20006.0,6296.0,0.2394,145.0,333.0,0.0239,26310.0,20073.0,6237.0,0.2371,139.0,726.0,0.0431,27203,18880,8323,0.306,145,313,0.0243
5108907,4273.0,3032.0,1241.0,0.2904,16.0,41.0,0.0188,4272.0,3071.0,1201.0,0.2811,19.0,35.0,0.0176,4626,3347,1279,0.2765,22,68,0.0269
5000708,18172.0,13545.0,4627.0,0.2546,107.0,182.0,0.0213,18175.0,13372.0,4803.0,0.2643,112.0,414.0,0.0393,18203,13312,4891,0.2687,150,208,0.0269
5108808,3900.0,2882.0,1018.0,0.261,28.0,40.0,0.0236,3899.0,2985.0,914.0,0.2344,24.0,29.0,0.0178,4119,3183,936,0.2272,35,57,0.0289
5000807,6224.0,4700.0,1524.0,0.2449,25.0,102.0,0.027,6226.0,4623.0,1603.0,0.2575,45.0,173.0,0.0472,6297,4777,1520,0.2414,38,111,0.0312
5108857,2688.0,2046.0,642.0,0.2388,16.0,24.0,0.0196,2688.0,2004.0,684.0,0.2545,15.0,26.0,0.0205,3030,2313,717,0.2366,30,40,0.0303
5000906,7595.0,5899.0,1696.0,0.2233,41.0,159.0,0.0339,7595.0,5893.0,1702.0,0.2241,48.0,283.0,0.0562,7911,6025,1886,0.2384,68,135,0.0337
5106851,3123.0,2401.0,722.0,0.2312,10.0,40.0,0.0208,3120.0,2357.0,763.0,0.2446,20.0,45.0,0.0276,3328,2665,663,0.1992,14,73,0.0326
5001003,19275.0,13819.0,5456.0,0.2831,186.0,332.0,0.0375,19278.0,14074.0,5204.0,0.2699,183.0,510.0,0.0492,19558,14220,5338,0.2729,248,401,0.0456
5103957,2652.0,2045.0,607.0,0.2289,17.0,46.0,0.0308,2649.0,2055.0,594.0,0.2242,16.0,31.0,0.0229,2685,2133,552,0.2056,22,33,0.0258
5001102,35774.0,26410.0,9364.0,0.2618,214.0,358.0,0.0217,35779.0,25913.0,9866.0,0.2757,230.0,814.0,0.0403,36393,25813,10580,0.2907,339,347,0.0266
5107941,7058.0,5065.0,1993.0,0.2824,44.0,57.0,0.0199,7056.0,5129.0,1927.0,0.2731,36.0,45.0,0.0158,8039,5923,2116,0.2632,46,81,0.0214
5101209,1041.0,833.0,208.0,0.1998,2.0,17.0,0.0228,1042.0,797.0,245.0,0.2351,5.0,11.0,0.0201,1233,963,270,0.219,6,21,0.028
5107354,4470.0,2944.0,1526.0,0.3414,27.0,57.0,0.0285,4470.0,2925.0,1545.0,0.3456,17.0,45.0,0.0212,5340,3691,1649,0.3088,31,74,0.0284
5101308,8042.0,6122.0,1920.0,0.2387,57.0,103.0,0.0261,8043.0,6063.0,1980.0,0.2462,62.0,123.0,0.0305,7881,6273,1608,0.204,61,160,0.0352
5100805,5707.0,4262.0,1445.0,0.2532,36.0,61.0,0.0228,5708.0,4289.0,1419.0,0.2486,31.0,58.0,0.0208,6340,4798,1542,0.2432,29,98,0.0265
5101407,13979.0,9352.0,4627.0,0.331,93.0,113.0,0.022,13975.0,9644.0,4331.0,0.3099,81.0,90.0,0.0177,17103,11768,5335,0.3119,102,183,0.0242
5103353,22053.0,16157.0,5896.0,0.2674,158.0,217.0,0.0232,22060.0,16227.0,5833.0,0.2644,140.0,150.0,0.0179,26068,19945,6123,0.2349,157,328,0.0243
5001508,6146.0,4793.0,1353.0,0.2201,31.0,90.0,0.0252,6150.0,4696.0,1454.0,0.2364,54.0,176.0,0.049,6799,5054,1745,0.2567,51,114,0.0326
5105234,4388.0,3150.0,1238.0,0.2821,20.0,62.0,0.026,4387.0,3106.0,1281.0,0.292,28.0,49.0,0.0248,4215,3329,886,0.2102,35,89,0.0372
5101605,6134.0,4996.0,1138.0,0.1855,23.0,76.0,0.0198,6131.0,4703.0,1428.0,0.2329,26.0,59.0,0.0181,6862,5630,1232,0.1795,38,108,0.0259
5107263,2278.0,1743.0,535.0,0.2349,7.0,15.0,0.0126,2277.0,1714.0,563.0,0.2473,18.0,17.0,0.0204,2661,2073,588,0.221,22,40,0.0299
5101704,24063.0,17887.0,6176.0,0.2567,184.0,336.0,0.0291,24078.0,18031.0,6047.0,0.2511,171.0,327.0,0.0276,22360,17501,4859,0.2173,185,418,0.0345
5106455,2650.0,2030.0,620.0,0.234,12.0,33.0,0.0222,2650.0,2017.0,633.0,0.2389,14.0,34.0,0.0238,3110,2356,754,0.2424,18,58,0.0323
5101803,47592.0,34232.0,13360.0,0.2807,389.0,642.0,0.0301,47613.0,35075.0,12538.0,0.2633,323.0,590.0,0.026,47123,36137,10986,0.2331,379,639,0.0282
5108956,6099.0,4444.0,1655.0,0.2714,51.0,62.0,0.0254,6099.0,4558.0,1541.0,0.2527,30.0,48.0,0.0171,6036,4720,1316,0.218,51,81,0.028
5001904,19310.0,14098.0,5212.0,0.2699,224.0,273.0,0.0353,19312.0,13989.0,5323.0,0.2756,181.0,455.0,0.0455,19771,14263,5508,0.2786,237,310,0.0384
5106158,9301.0,6608.0,2693.0,0.2895,51.0,86.0,0.0207,9301.0,6712.0,2589.0,0.2784,49.0,90.0,0.0207,10127,7569,2558,0.2526,47,140,0.0247
5002001,8158.0,6226.0,1932.0,0.2368,67.0,138.0,0.0329,8159.0,6214.0,1945.0,0.2384,78.0,224.0,0.0486,8414,6130,2284,0.2715,60,130,0.031
5107404,3620.0,2766.0,854.0,0.2359,26.0,60.0,0.0311,3619.0,2743.0,876.0,0.2421,25.0,44.0,0.0252,3891,3119,772,0.1984,28,42,0.0224
5002100,16255.0,11946.0,4309.0,0.2651,92.0,187.0,0.0234,16258.0,11884.0,4374.0,0.269,69.0,364.0,0.0364,16420,11967,4453,0.2712,104,180,0.0237
5103379,8508.0,6201.0,2307.0,0.2712,62.0,94.0,0.0252,8505.0,6315.0,2190.0,0.2575,62.0,92.0,0.0244,7706,5971,1735,0.2251,41,132,0.029
5002209,17582.0,13562.0,4020.0,0.2286,114.0,211.0,0.024,17590.0,13493.0,4097.0,0.2329,91.0,356.0,0.0331,19254,14181,5073,0.2635,127,193,0.0226
5107198,2104.0,1674.0,430.0,0.2044,4.0,20.0,0.0143,2103.0,1656.0,447.0,0.2126,10.0,24.0,0.0205,2466,1979,487,0.1975,16,37,0.0268
5002308,9455.0,6443.0,3012.0,0.3186,73.0,133.0,0.032,9455.0,6456.0,2999.0,0.3172,52.0,211.0,0.0407,9576,6539,3037,0.3171,84,151,0.0359
5101902,11822.0,8354.0,3468.0,0.2934,68.0,112.0,0.0215,11821.0,8469.0,3352.0,0.2836,50.0,98.0,0.0175,12659,9205,3454,0.2728,57,182,0.026
5102504,65855.0,47577.0,18278.0,0.2775,429.0,694.0,0.0236,65893.0,47983.0,17910.0,0.2718,457.0,623.0,0.0225,62205,47292,14913,0.2397,525,914,0.0304
5102637,26832.0,19949.0,6883.0,0.2565,196.0,254.0,0.0226,26838.0,20554.0,6284.0,0.2341,157.0,193.0,0.017,31126,23767,7359,0.2364,256,357,0.0258
5002605,11086.0,8578.0,2508.0,0.2262,69.0,131.0,0.0233,11093.0,8486.0,2607.0,0.235,85.0,241.0,0.0384,10948,8240,2708,0.2474,83,154,0.0288
5102678,31570.0,24085.0,7485.0,0.2371,239.0,298.0,0.0223,31578.0,24238.0,7340.0,0.2324,206.0,254.0,0.019,33977,26361,7616,0.2242,281,383,0.0252
5002704,640807.0,528351.0,112456.0,0.1755,6700.0,10903.0,0.0333,640773.0,526179.0,114594.0,0.1788,7265.0,17899.0,0.0478,641185,512243,128942,0.2011,8120,10435,0.0362
5103056,8154.0,6294.0,1860.0,0.2281,54.0,78.0,0.021,8156.0,6429.0,1727.0,0.2117,37.0,82.0,0.0185,8579,6858,1721,0.2006,65,110,0.0255
5002803,4542.0,3515.0,1027.0,0.2261,14.0,42.0,0.0159,4542.0,3397.0,1145.0,0.2521,19.0,89.0,0.0318,4723,3636,1087,0.2302,16,41,0.0157
5102850,5727.0,4271.0,1456.0,0.2542,44.0,71.0,0.0269,5729.0,4284.0,1445.0,0.2522,39.0,74.0,0.0264,6035,4570,1465,0.2428,43,120,0.0357
5002407,20829.0,16362.0,4467.0,0.2145,153.0,339.0,0.0301,20833.0,16438.0,4395.0,0.211,135.0,552.0,0.0418,22152,16245,5907,0.2667,151,249,0.0246
5104906,6936.0,5584.0,1352.0,0.1949,28.0,88.0,0.0208,6936.0,5222.0,1714.0,0.2471,44.0,72.0,0.0222,7473,6087,1386,0.1855,45,128,0.0284
5002902,16075.0,11383.0,4692.0,0.2919,158.0,316.0,0.0416,16074.0,11574.0,4500.0,0.28,136.0,482.0,0.0534,15301,11165,4136,0.2703,149,315,0.0416
5105176,6321.0,4551.0,1770.0,0.28,51.0,47.0,0.0215,6317.0,4621.0,1696.0,0.2685,50.0,52.0,0.0221,7692,5618,2074,0.2696,54,107,0.0287
5103007,16716.0,12836.0,3880.0,0.2321,72.0,206.0,0.0217,16722.0,12660.0,4062.0,0.2429,86.0,162.0,0.0196,17941,13878,4063,0.2265,111,292,0.029
5105259,49453.0,37126.0,12327.0,0.2493,375.0,415.0,0.0213,49464.0,37956.0,11508.0,0.2327,292.0,368.0,0.0174,54792,42434,12358,0.2255,438,598,0.0244
5003108,4030.0,3056.0,974.0,0.2417,22.0,52.0,0.0242,4031.0,2962.0,1069.0,0.2652,38.0,93.0,0.0442,4479,3353,1126,0.2514,33,71,0.031
5105606,13219.0,9770.0,3449.0,0.2609,82.0,116.0,0.0203,13219.0,9984.0,3235.0,0.2447,63.0,95.0,0.0158,15134,11624,3510,0.2319,94,154,0.0213
5003207,70677.0,52639.0,18038.0,0.2552,492.0,764.0,0.0239,70691.0,51620.0,19071.0,0.2698,554.0,1432.0,0.0385,67548,51312,16236,0.2404,793,875,0.0325
5106224,32360.0,24771.0,7589.0,0.2345,221.0,234.0,0.0184,32370.0,25368.0,7002.0,0.2163,196.0,202.0,0.0157,37953,29958,7995,0.2107,357,377,0.0245
5003306,26119.0,19178.0,6941.0,0.2657,183.0,309.0,0.0257,26122.0,19101.0,7021.0,0.2688,172.0,562.0,0.0384,26464,19354,7110,0.2687,237,350,0.0303
5107180,7296.0,5152.0,2144.0,0.2939,37.0,69.0,0.0206,7298.0,5122.0,2176.0,0.2982,27.0,55.0,0.016,7618,5818,1800,0.2363,38,129,0.0287
5103403,428128.0,358944.0,69184.0,0.1616,3800.0,6835.0,0.0296,428204.0,358003.0,70201.0,0.1639,3659.0,6705.0,0.0289,456517,373302,83215,0.1823,4497,7189,0.0313
5108006,9016.0,6630.0,2386.0,0.2646,59.0,67.0,0.019,9013.0,6842.0,2171.0,0.2409,53.0,62.0,0.0168,9694,7642,2052,0.2117,49,108,0.0205
5103502,16349.0,12448.0,3901.0,0.2386,123.0,164.0,0.0231,16351.0,12625.0,3726.0,0.2279,101.0,125.0,0.0179,16562,12629,3933,0.2375,118,226,0.0272
5106653,4942.0,3804.0,1138.0,0.2303,37.0,46.0,0.0218,4942.0,3809.0,1133.0,0.2293,30.0,38.0,0.0179,5354,4339,1015,0.1896,33,79,0.0258
5103601,6334.0,4850.0,1484.0,0.2343,37.0,94.0,0.027,6335.0,4867.0,1468.0,0.2317,46.0,90.0,0.0279,6230,4997,1233,0.1979,37,120,0.0314
5107875,19042.0,13268.0,5774.0,0.3032,103.0,164.0,0.0201,19041.0,13648.0,5393.0,0.2832,77.0,155.0,0.017,20539,15044,5495,0.2675,158,234,0.0261
5003702,170006.0,134640.0,35366.0,0.208,1685.0,2751.0,0.0329,170000.0,135268.0,34732.0,0.2043,1654.0,4688.0,0.0469,166869,133124,33745,0.2022,1794,2498,0.0322
5102686,5284.0,3909.0,1375.0,0.2602,32.0,43.0,0.0192,5283.0,3957.0,1326.0,0.251,24.0,41.0,0.0164,6787,4982,1805,0.2659,47,78,0.0251
5003801,16528.0,13071.0,3457.0,0.2092,151.0,259.0,0.0314,16528.0,13146.0,3382.0,0.2046,168.0,469.0,0.0485,16886,13209,3677,0.2178,175,258,0.0328
5102793,7848.0,5837.0,2011.0,0.2562,80.0,92.0,0.0295,7848.0,5925.0,1923.0,0.245,78.0,78.0,0.0263,8400,6271,2129,0.2535,80,129,0.0333
5103908,4138.0,3120.0,1018.0,0.246,16.0,56.0,0.0231,4138.0,3081.0,1057.0,0.2554,15.0,39.0,0.0175,4719,3427,1292,0.2738,14,70,0.0245
5103700,6257.0,4593.0,1664.0,0.2659,29.0,56.0,0.0185,6253.0,4681.0,1572.0,0.2514,21.0,42.0,0.0135,7181,5403,1778,0.2476,35,65,0.0185
5004007,7715.0,6094.0,1621.0,0.2101,79.0,136.0,0.0353,7715.0,6044.0,1671.0,0.2166,76.0,204.0,0.0463,8125,6225,1900,0.2338,80,134,0.0344
5106265,5271.0,3879.0,1392.0,0.2641,44.0,42.0,0.0222,5271.0,3911.0,1360.0,0.258,33.0,44.0,0.0197,6075,4559,1516,0.2495,29,65,0.0206
5004106,7729.0,5738.0,1991.0,0.2576,59.0,132.0,0.0333,7730.0,5658.0,2072.0,0.268,76.0,231.0,0.0543,7950,5797,2153,0.2708,57,136,0.0333
5103858,5408.0,3992.0,1416.0,0.2618,31.0,39.0,0.0175,5410.0,4079.0,1331.0,0.246,22.0,32.0,0.0132,6795,5045,1750,0.2575,25,78,0.0204
5104203,8377.0,6422.0,1955.0,0.2334,39.0,129.0,0.0262,8379.0,6434.0,1945.0,0.2321,59.0,129.0,0.0292,8175,6391,1784,0.2182,49,172,0.0346
5108303,3018.0,2255.0,763.0,0.2528,9.0,10.0,0.0084,3018.0,2277.0,741.0,0.2455,4.0,11.0,0.0066,3630,2681,949,0.2614,15,26,0.0153
5004304,10607.0,7811.0,2796.0,0.2636,68.0,141.0,0.0268,10608.0,7740.0,2868.0,0.2704,60.0,224.0,0.0367,10722,7561,3161,0.2948,70,133,0.0268
5106182,4617.0,3124.0,1493.0,0.3234,21.0,50.0,0.0227,4614.0,3112.0,1502.0,0.3255,28.0,41.0,0.0222,4972,3458,1514,0.3045,21,82,0.0298
5004403,6522.0,4622.0,1900.0,0.2913,48.0,120.0,0.0363,6522.0,4554.0,1968.0,0.3017,39.0,177.0,0.0474,7251,4681,2570,0.3544,66,124,0.0406
5106240,7669.0,5627.0,2042.0,0.2663,49.0,63.0,0.0199,7668.0,5662.0,2006.0,0.2616,43.0,56.0,0.0175,7592,5648,1944,0.2561,38,73,0.0197
5004502,13968.0,11302.0,2666.0,0.1909,134.0,238.0,0.0329,13972.0,11432.0,2540.0,0.1818,126.0,368.0,0.0432,14201,11633,2568,0.1808,133,211,0.0296
5101852,5012.0,3481.0,1531.0,0.3055,12.0,36.0,0.0138,5012.0,3425.0,1587.0,0.3166,15.0,40.0,0.0161,5661,4160,1501,0.2651,18,89,0.0257
5104609,9113.0,6663.0,2450.0,0.2688,70.0,123.0,0.029,9114.0,6634.0,2480.0,0.2721,66.0,96.0,0.0244,9345,6976,2369,0.2535,90,147,0.034
5107883,1624.0,1156.0,468.0,0.2882,9.0,7.0,0.0138,1623.0,1123.0,500.0,0.3081,6.0,10.0,0.0142,1725,1183,542,0.3142,3,24,0.0228
5004700,20481.0,15906.0,4575.0,0.2234,178.0,325.0,0.0316,20481.0,16077.0,4404.0,0.215,185.0,488.0,0.0419,21196,15630,5566,0.2626,219,270,0.0313
5106315,1852.0,1290.0,562.0,0.3035,4.0,13.0,0.0132,1852.0,1253.0,599.0,0.3234,9.0,20.0,0.0231,2039,1440,599,0.2938,8,30,0.0264
5104807,20102.0,15658.0,4444.0,0.2211,147.0,316.0,0.0296,20108.0,15845.0,4263.0,0.212,113.0,254.0,0.0232,20547,15986,4561,0.222,146,330,0.0298
5106174,2753.0,1794.0,959.0,0.3483,8.0,68.0,0.0424,2749.0,1878.0,871.0,0.3168,11.0,22.0,0.0176,3521,2405,1116,0.317,8,81,0.037
5004908,5233.0,4085.0,1148.0,0.2194,29.0,74.0,0.0252,5233.0,3957.0,1276.0,0.2438,37.0,151.0,0.0475,6048,4510,1538,0.2543,36,87,0.0273
5107743,1872.0,1320.0,552.0,0.2949,8.0,21.0,0.022,1873.0,1317.0,556.0,0.2968,9.0,13.0,0.0167,2268,1651,617,0.272,7,34,0.0248
5005004,18315.0,13331.0,4984.0,0.2721,144.0,237.0,0.0286,18318.0,13366.0,4952.0,0.2703,132.0,404.0,0.0401,18633,13538,5095,0.2734,144,243,0.0286
5103361,3024.0,2163.0,861.0,0.2847,14.0,32.0,0.0213,3024.0,2192.0,832.0,0.2751,16.0,27.0,0.0196,3426,2438,988,0.2884,9,51,0.0246
5005103,4145.0,3374.0,771.0,0.186,16.0,40.0,0.0166,4145.0,3319.0,826.0,0.1993,29.0,74.0,0.031,4340,3367,973,0.2242,29,36,0.0193
5108352,2653.0,1940.0,713.0,0.2688,12.0,31.0,0.0222,2653.0,1947.0,706.0,0.2661,9.0,28.0,0.019,2721,2146,575,0.2113,10,48,0.027
5005202,14015.0,10364.0,3651.0,0.2605,101.0,143.0,0.0235,14020.0,10123.0,3897.0,0.278,106.0,296.0,0.0397,13609,10248,3361,0.247,141,192,0.0325
5107768,2338.0,1658.0,680.0,0.2908,8.0,9.0,0.0103,2335.0,1651.0,684.0,0.2929,14.0,22.0,0.0218,2606,2027,579,0.2222,17,29,0.0227
5105309,2187.0,1672.0,515.0,0.2355,5.0,15.0,0.012,2187.0,1634.0,553.0,0.2529,5.0,18.0,0.0141,2406,1888,518,0.2153,7,36,0.0228
5005400,28220.0,22252.0,5968.0,0.2115,209.0,355.0,0.0253,28228.0,22404.0,5824.0,0.2063,182.0,582.0,0.0341,29813,23048,6765,0.2269,207,317,0.0227
5104526,4839.0,3700.0,1139.0,0.2354,26.0,42.0,0.0184,4840.0,3809.0,1031.0,0.213,15.0,30.0,0.0118,5997,4774,1223,0.2039,25,46,0.0149
5105507,10521.0,7709.0,2812.0,0.2673,42.0,117.0,0.0206,10521.0,7455.0,3066.0,0.2914,47.0,111.0,0.0212,11198,8318,2880,0.2572,50,187,0.0285
5104542,5145.0,3847.0,1298.0,0.2523,26.0,24.0,0.013,5145.0,3979.0,1166.0,0.2266,14.0,25.0,0.0098,5239,4147,1092,0.2084,30,34,0.0154
5005608,19426.0,14654.0,4772.0,0.2457,122.0,261.0,0.0261,19426.0,14078.0,5348.0,0.2753,136.0,513.0,0.0461,20066,14503,5563,0.2772,140,242,0.0263
5005707,36877.0,27911.0,8966.0,0.2431,357.0,552.0,0.0326,36880.0,28032.0,8848.0,0.2399,311.0,931.0,0.0443,37528,27689,9839,0.2622,357,502,0.031
5005806,10671.0,8097.0,2574.0,0.2412,54.0,137.0,0.0236,10671.0,7922.0,2749.0,0.2576,50.0,221.0,0.0342,10377,7968,2409,0.2321,57,98,0.0195
5105903,11637.0,9155.0,2482.0,0.2133,65.0,126.0,0.0209,11639.0,9134.0,2505.0,0.2152,60.0,114.0,0.019,12502,9933,2569,0.2055,96,198,0.0296
5106000,4774.0,3762.0,1012.0,0.212,48.0,96.0,0.0383,4776.0,3688.0,1088.0,0.2278,36.0,79.0,0.0312,4871,3886,985,0.2022,55,127,0.0468
5106109,12134.0,9884.0,2250.0,0.1854,43.0,204.0,0.025,12134.0,9539.0,2595.0,0.2139,52.0,146.0,0.0208,13537,11129,2408,0.1779,68,282,0.0314
5006200,34818.0,25976.0,8842.0,0.2539,280.0,389.0,0.0258,34830.0,26068.0,8762.0,0.2516,303.0,757.0,0.0407,35629,25197,10432,0.2928,353,393,0.0296
5006309,31202.0,23502.0,7700.0,0.2468,339.0,540.0,0.0374,31204.0,23688.0,7516.0,0.2409,340.0,861.0,0.0507,31506,23316,8190,0.26,402,528,0.0399
5006408,5811.0,4372.0,1439.0,0.2476,24.0,63.0,0.0199,5812.0,4398.0,1414.0,0.2433,39.0,136.0,0.0398,6048,4611,1437,0.2376,45,104,0.0323
5106505,23996.0,18302.0,5694.0,0.2373,127.0,370.0,0.0272,23989.0,18262.0,5727.0,0.2387,107.0,251.0,0.0196,25545,19450,6095,0.2386,207,416,0.032
5006606,70109.0,53000.0,17109.0,0.244,858.0,1021.0,0.0355,70133.0,52850.0,17283.0,0.2464,667.0,1855.0,0.0477,69957,52170,17787,0.2543,984,1053,0.039
5106703,1919.0,1459.0,460.0,0.2397,9.0,18.0,0.0185,1919.0,1419.0,500.0,0.2606,10.0,25.0,0.0247,2037,1548,489,0.2401,20,44,0.0413
5106802,4002.0,3016.0,986.0,0.2464,40.0,33.0,0.0242,4001.0,3098.0,903.0,0.2257,25.0,36.0,0.0197,4455,3431,1024,0.2299,29,58,0.0254
5006903,8337.0,5621.0,2716.0,0.3258,42.0,84.0,0.0224,8336.0,5398.0,2938.0,0.3524,32.0,174.0,0.0382,8647,5768,2879,0.3329,58,88,0.0253
5107008,14441.0,9985.0,4456.0,0.3086,71.0,221.0,0.0292,14442.0,10035.0,4407.0,0.3052,68.0,197.0,0.0264,14509,10801,3708,0.2556,120,255,0.0347
5007109,14547.0,10282.0,4265.0,0.2932,139.0,200.0,0.033,14549.0,10206.0,4343.0,0.2985,105.0,349.0,0.0445,16370,11283,5087,0.3108,142,207,0.0309
5007208,25108.0,19499.0,5609.0,0.2234,213.0,313.0,0.027,25112.0,19463.0,5649.0,0.225,179.0,546.0,0.0373,26188,19729,6459,0.2466,231,303,0.0271
5007307,3930.0,3046.0,884.0,0.2249,25.0,53.0,0.0256,3931.0,3030.0,901.0,0.2292,26.0,112.0,0.0455,4176,3248,928,0.2222,38,66,0.032
5007406,14556.0,10754.0,3802.0,0.2612,77.0,170.0,0.023,14555.0,10637.0,3918.0,0.2692,79.0,295.0,0.0352,13917,10427,3490,0.2508,88,177,0.0254
5007505,4421.0,3419.0,1002.0,0.2266,34.0,76.0,0.0322,4421.0,3316.0,1105.0,0.2499,35.0,108.0,0.0431,4984,3705,1279,0.2566,49,78,0.0343
5107602,166681.0,129182.0,37499.0,0.225,1448.0,2520.0,0.0307,166688.0,130852.0,35836.0,0.215,1180.0,2108.0,0.0251,177622,136921,40701,0.2291,1599,2706,0.0314
5107701,12863.0,9797.0,3066.0,0.2384,79.0,168.0,0.0252,12863.0,9475.0,3388.0,0.2634,80.0,137.0,0.0229,13155,10185,2970,0.2258,85,243,0.0322
5107800,16268.0,13148.0,3120.0,0.1918,94.0,182.0,0.021,16269.0,12722.0,3547.0,0.218,88.0,153.0,0.0189,17145,13710,3435,0.2003,112,273,0.0281
5007901,33065.0,25668.0,7397.0,0.2237,252.0,428.0,0.0265,33066.0,25330.0,7736.0,0.234,249.0,844.0,0.0432,35153,25508,9645,0.2744,323,402,0.0284
5008008,13252.0,10456.0,2796.0,0.211,92.0,209.0,0.0288,13253.0,10220.0,3033.0,0.2289,95.0,388.0,0.0473,13850,10749,3101,0.2239,121,221,0.0318
5108105,2823.0,2150.0,673.0,0.2384,12.0,27.0,0.0181,2822.0,2005.0,817.0,0.2895,24.0,48.0,0.0359,2759,2101,658,0.2385,13,53,0.0314
5108204,3429.0,2701.0,728.0,0.2123,11.0,51.0,0.023,3429.0,2672.0,757.0,0.2208,10.0,48.0,0.0217,3727,2992,735,0.1972,14,69,0.0277
5008305,87949.0,65737.0,22212.0,0.2526,937.0,1394.0,0.0355,87963.0,66286.0,21677.0,0.2464,866.0,2057.0,0.0441,88506,65127,23379,0.2642,1250,1301,0.0392
5108402,178841.0,147431.0,31410.0,0.1756,1794.0,2778.0,0.031,178808.0,147458.0,31350.0,0.1753,1420.0,2343.0,0.0255,194985,156729,38256,0.1962,2100,2945,0.0322
5000856,8657.0,6470.0,2187.0,0.2526,73.0,121.0,0.03,8659.0,6543.0,2116.0,0.2444,75.0,208.0,0.0433,8695,6330,2365,0.272,82,134,0.0341
5001243,7493.0,6140.0,1353.0,0.1806,19.0,116.0,0.022,7491.0,6100.0,1391.0,0.1857,30.0,211.0,0.0395,8273,6400,1873,0.2264,41,124,0.0258
5003751,8929.0,6452.0,2477.0,0.2774,76.0,182.0,0.04,8938.0,6450.0,2488.0,0.2784,68.0,241.0,0.0479,8988,6302,2686,0.2988,79,136,0.0341
5003454,10405.0,8118.0,2287.0,0.2198,110.0,163.0,0.0336,10404.0,8071.0,2333.0,0.2242,120.0,306.0,0.0528,10690,8161,2529,0.2366,112,167,0.0342
5105622,19825.0,14707.0,5118.0,0.2582,173.0,339.0,0.0348,19825.0,15035.0,4790.0,0.2416,133.0,277.0,0.0273,19682,15377,4305,0.2187,198,402,0.039
5002951,21073.0,15574.0,5499.0,0.261,187.0,255.0,0.0284,21072.0,15925.0,5147.0,0.2443,152.0,407.0,0.0351,23000,17409,5591,0.2431,177,260,0.0251
5005681,14216.0,10748.0,3468.0,0.244,91.0,250.0,0.0317,14213.0,10837.0,3376.0,0.2375,108.0,458.0,0.0522,14988,10970,4018,0.2681,132,268,0.0365
5003488,8224.0,6355.0,1869.0,0.2273,44.0,108.0,0.0239,8224.0,6273.0,1951.0,0.2372,53.0,235.0,0.0459,8601,6512,2089,0.2429,68,98,0.0255
5106372,14218.0,10695.0,3523.0,0.2478,118.0,241.0,0.0336,14218.0,10932.0,3286.0,0.2311,120.0,196.0,0.0289,14477,11036,3441,0.2377,135,269,0.0366
5005152,5507.0,4166.0,1341.0,0.2435,24.0,99.0,0.0295,5507.0,4139.0,1368.0,0.2484,27.0,157.0,0.0445,5982,4327,1655,0.2767,29,82,0.0257
5107859,7653.0,5183.0,2470.0,0.3227,36.0,79.0,0.0222,7653.0,5172.0,2481.0,0.3242,36.0,58.0,0.0182,8490,5928,2562,0.3018,24,135,0.0268
5006358,8587.0,6319.0,2268.0,0.2641,45.0,220.0,0.0419,8587.0,6142.0,2445.0,0.2847,58.0,401.0,0.0747,9433,6257,3176,0.3367,45,262,0.0491
5107958,72106.0,52609.0,19497.0,0.2704,578.0,660.0,0.0235,72123.0,54288.0,17835.0,0.2473,539.0,638.0,0.0217,70136,54250,15886,0.2265,586,909,0.0276
5007554,5111.0,3781.0,1330.0,0.2602,50.0,91.0,0.0373,5111.0,3690.0,1421.0,0.278,49.0,148.0,0.0534,5541,3671,1870,0.3375,52,85,0.0373
5007935,11117.0,8424.0,2693.0,0.2422,72.0,125.0,0.0234,11120.0,8476.0,2644.0,0.2378,73.0,219.0,0.0345,11254,8636,2618,0.2326,100,135,0.0272
5105200,9267.0,6925.0,2342.0,0.2527,63.0,150.0,0.0308,9266.0,6981.0,2285.0,0.2466,57.0,118.0,0.0251,8751,7184,1567,0.1791,66,142,0.029
5008404,5695.0,4685.0,1010.0,0.1773,41.0,74.0,0.0245,5695.0,4667.0,1028.0,0.1805,59.0,143.0,0.0433,5998,4817,1181,0.1969,69,74,0.0297
5100201,19585.0,14320.0,5265.0,0.2688,112.0,176.0,0.0201,19596.0,14675.0,4921.0,0.2511,93.0,141.0,0.0159,21159,16113,5046,0.2385,125,247,0.0231
5102702,16376.0,11776.0,4600.0,0.2809,93.0,125.0,0.0185,16380.0,12196.0,4184.0,0.2554,76.0,140.0,0.0177,17766,13624,4142,0.2331,92,176,0.0197
5106257,16288.0,11329.0,4959.0,0.3045,104.0,179.0,0.025,16290.0,11851.0,4439.0,0.2725,88.0,171.0,0.0219,16249,12039,4210,0.2591,100,243,0.0285
5107776,4957.0,3513.0,1444.0,0.2913,17.0,88.0,0.0299,4957.0,3407.0,1550.0,0.3127,20.0,65.0,0.0249,5358,3919,1439,0.2686,17,114,0.0334
5107305,11556.0,8503.0,3053.0,0.2642,78.0,116.0,0.0228,11556.0,8662.0,2894.0,0.2504,70.0,88.0,0.0182,11217,8842,2375,0.2117,74,172,0.0278
1703206,3388.0,2791.0,597.0,0.1762,13.0,65.0,0.0279,3388.0,2698.0,690.0,0.2037,16.0,54.0,0.0259,3604,3002,602,0.167,19,91,0.0366
5200100,10813.0,8672.0,2141.0,0.198,118.0,174.0,0.0337,10812.0,8769.0,2043.0,0.189,81.0,155.0,0.0269,12586,9830,2756,0.219,114,275,0.0396
5203559,6721.0,5525.0,1196.0,0.1779,65.0,162.0,0.0411,6720.0,5535.0,1185.0,0.1763,66.0,141.0,0.0374,7873,6343,1530,0.1943,48,209,0.0405
5200209,2295.0,1830.0,465.0,0.2026,22.0,24.0,0.0251,2299.0,1782.0,517.0,0.2249,21.0,20.0,0.023,2635,2019,616,0.2338,22,35,0.0282
1703800,6333.0,5194.0,1139.0,0.1799,21.0,151.0,0.0331,6334.0,5125.0,1209.0,0.1909,50.0,97.0,0.0287,6689,5527,1162,0.1737,33,180,0.0385
5200308,20186.0,16130.0,4056.0,0.2009,209.0,305.0,0.0319,20190.0,16318.0,3872.0,0.1918,173.0,301.0,0.029,21974,17316,4658,0.212,188,429,0.0356
5204953,4036.0,3114.0,922.0,0.2284,22.0,47.0,0.0222,4036.0,2979.0,1057.0,0.2619,25.0,66.0,0.0305,4498,3203,1295,0.2879,22,100,0.0381
1700400,5090.0,4073.0,1017.0,0.1998,24.0,187.0,0.0518,5090.0,3938.0,1152.0,0.2263,41.0,115.0,0.0396,5592,4508,1084,0.1938,39,169,0.0461
1703909,3755.0,3043.0,712.0,0.1896,18.0,52.0,0.023,3755.0,2954.0,801.0,0.2133,7.0,50.0,0.0193,3951,3247,704,0.1782,18,93,0.0342
5200506,2067.0,1687.0,380.0,0.1838,28.0,34.0,0.0368,2067.0,1671.0,396.0,0.1916,26.0,33.0,0.0353,2168,1731,437,0.2016,21,52,0.0422
5205455,7025.0,5633.0,1392.0,0.1981,58.0,150.0,0.0369,7025.0,5662.0,1363.0,0.194,37.0,149.0,0.0329,7360,5958,1402,0.1905,45,178,0.0374
5200605,6942.0,5295.0,1647.0,0.2373,49.0,86.0,0.0255,6953.0,5276.0,1677.0,0.2412,55.0,78.0,0.0252,7682,5604,2078,0.2705,32,106,0.0246
5205521,3437.0,2539.0,898.0,0.2613,13.0,45.0,0.0228,3437.0,2377.0,1060.0,0.3084,20.0,43.0,0.0265,3848,2806,1042,0.2708,12,81,0.0331
1700707,7263.0,5705.0,1558.0,0.2145,34.0,142.0,0.0309,7263.0,5543.0,1720.0,0.2368,45.0,95.0,0.0253,8052,6210,1842,0.2288,41,194,0.0378
1705557,3674.0,3009.0,665.0,0.181,20.0,115.0,0.0449,3674.0,2953.0,721.0,0.1962,22.0,62.0,0.0284,3892,3263,629,0.1616,29,109,0.0423
5200803,6682.0,5105.0,1577.0,0.236,50.0,145.0,0.0382,6682.0,4921.0,1761.0,0.2635,49.0,98.0,0.0299,6780,5171,1609,0.2373,63,152,0.0416
5213855,2853.0,2371.0,482.0,0.1689,29.0,32.0,0.0257,2854.0,2330.0,524.0,0.1836,22.0,38.0,0.0258,3067,2526,541,0.1764,15,58,0.0289
5200902,3590.0,2892.0,698.0,0.1944,36.0,51.0,0.0301,3590.0,2982.0,608.0,0.1694,27.0,67.0,0.0315,3862,3071,791,0.2048,20,97,0.0381
1707108,5350.0,4353.0,997.0,0.1864,31.0,149.0,0.0414,5350.0,4271.0,1079.0,0.2017,29.0,95.0,0.029,5779,4675,1104,0.191,40,170,0.0449
1701002,7165.0,5790.0,1375.0,0.1919,52.0,177.0,0.0396,7165.0,5548.0,1617.0,0.2257,32.0,147.0,0.0323,7593,6342,1251,0.1648,55,169,0.0353
5207352,3985.0,3018.0,967.0,0.2427,21.0,48.0,0.0229,3985.0,3135.0,850.0,0.2133,24.0,46.0,0.0223,4159,3186,973,0.234,23,71,0.0295
5201108,287346.0,222156.0,65190.0,0.2269,3324.0,5228.0,0.0385,287348.0,225510.0,61838.0,0.2152,2779.0,5264.0,0.0357,288292,224064,64228,0.2228,3074,5519,0.0384
5207535,6171.0,4757.0,1414.0,0.2291,31.0,61.0,0.0193,6171.0,4713.0,1458.0,0.2363,48.0,86.0,0.0284,6624,4940,1684,0.2542,41,90,0.0265
5201207,1229.0,902.0,327.0,0.2661,3.0,20.0,0.0255,1229.0,887.0,342.0,0.2783,11.0,22.0,0.0372,1738,1093,645,0.3711,8,31,0.0357
1708304,4357.0,3655.0,702.0,0.1611,9.0,76.0,0.0233,4357.0,3430.0,927.0,0.2128,20.0,73.0,0.0271,4496,3747,749,0.1666,21,86,0.0286
5201306,14999.0,12188.0,2811.0,0.1874,154.0,272.0,0.035,15000.0,12276.0,2724.0,0.1816,140.0,231.0,0.0302,15170,12168,3002,0.1979,120,334,0.0373
5209150,3677.0,2987.0,690.0,0.1877,19.0,85.0,0.0348,3676.0,2973.0,703.0,0.1912,26.0,85.0,0.0373,4011,3073,938,0.2339,29,98,0.0413
5201405,335267.0,263327.0,71940.0,0.2146,3608.0,6757.0,0.0394,335249.0,266200.0,69049.0,0.206,3284.0,6101.0,0.0353,341263,268635,72628,0.2128,3349,7150,0.0391
5210562,4804.0,3999.0,805.0,0.1676,41.0,52.0,0.0233,4804.0,3967.0,837.0,0.1742,39.0,57.0,0.0242,5166,4218,948,0.1835,28,95,0.0292
5201504,3182.0,2316.0,866.0,0.2722,26.0,63.0,0.0384,3182.0,2307.0,875.0,0.275,24.0,46.0,0.0303,3455,2558,897,0.2596,28,81,0.0426
1712504,3445.0,2733.0,712.0,0.2067,29.0,83.0,0.041,3445.0,2697.0,748.0,0.2171,22.0,52.0,0.0274,3803,3046,757,0.1991,29,92,0.0397
5201603,4004.0,3333.0,671.0,0.1676,36.0,85.0,0.0363,4006.0,3306.0,700.0,0.1747,34.0,81.0,0.0348,4172,3496,676,0.162,24,110,0.0383
5212956,3708.0,2955.0,753.0,0.2031,15.0,49.0,0.0217,3709.0,2925.0,784.0,0.2114,22.0,37.0,0.0202,3955,3026,929,0.2349,14,104,0.039
5201702,13511.0,10332.0,3179.0,0.2353,103.0,192.0,0.0286,13515.0,10565.0,2950.0,0.2183,86.0,180.0,0.0252,13908,10669,3239,0.2329,107,212,0.0299
5213053,3015.0,2518.0,497.0,0.1648,24.0,47.0,0.0282,3019.0,2391.0,628.0,0.208,28.0,43.0,0.0297,3345,2686,659,0.197,19,86,0.0391
5201801,8745.0,6897.0,1848.0,0.2113,72.0,143.0,0.0312,8745.0,6945.0,1800.0,0.2058,65.0,134.0,0.0287,10215,8075,2140,0.2095,70,236,0.0379
5213756,9452.0,7358.0,2094.0,0.2215,70.0,152.0,0.0302,9452.0,7668.0,1784.0,0.1887,58.0,123.0,0.0236,9826,7810,2016,0.2052,90,161,0.0321
1701903,4769.0,3690.0,1079.0,0.2263,17.0,103.0,0.0325,4769.0,3587.0,1182.0,0.2479,26.0,72.0,0.0273,5135,4069,1066,0.2076,21,139,0.0393
1702000,6317.0,5000.0,1317.0,0.2085,19.0,122.0,0.0282,6317.0,4994.0,1323.0,0.2094,34.0,73.0,0.0214,6645,5239,1406,0.2116,29,158,0.0357
1715002,2720.0,2212.0,508.0,0.1868,10.0,42.0,0.0235,2720.0,2173.0,547.0,0.2011,12.0,35.0,0.0216,2880,2413,467,0.1622,17,63,0.0332
1702109,113277.0,93481.0,19796.0,0.1748,907.0,2345.0,0.0348,113290.0,92995.0,20295.0,0.1791,837.0,2163.0,0.0323,124170,103422,20748,0.1671,1151,2753,0.0377
1702208,21325.0,16820.0,4505.0,0.2113,134.0,483.0,0.0367,21326.0,16489.0,4837.0,0.2268,134.0,352.0,0.0295,22359,17698,4661,0.2085,155,578,0.0414
5215256,3691.0,2830.0,861.0,0.2333,29.0,54.0,0.0293,3691.0,2779.0,912.0,0.2471,39.0,57.0,0.0345,4131,3147,984,0.2382,26,71,0.0308
1702307,4686.0,3693.0,993.0,0.2119,23.0,123.0,0.0395,4685.0,3571.0,1114.0,0.2378,24.0,89.0,0.0316,4628,3613,1015,0.2193,26,126,0.0421
5215652,3565.0,2773.0,792.0,0.2222,19.0,43.0,0.0224,3565.0,2786.0,779.0,0.2185,13.0,36.0,0.0176,3576,2742,834,0.2332,16,65,0.0295
1702406,7828.0,5959.0,1869.0,0.2388,25.0,270.0,0.0495,7830.0,5885.0,1945.0,0.2484,46.0,137.0,0.0311,8201,6222,1979,0.2413,41,276,0.0509
1716653,4102.0,3465.0,637.0,0.1553,17.0,75.0,0.0266,4102.0,3338.0,764.0,0.1863,26.0,64.0,0.027,4371,3635,736,0.1684,20,87,0.0294
5202502,7076.0,4808.0,2268.0,0.3205,51.0,75.0,0.0262,7076.0,4740.0,2336.0,0.3301,34.0,77.0,0.0234,7391,5204,2187,0.2959,52,127,0.0344
1718006,2267.0,1767.0,500.0,0.2206,20.0,47.0,0.0379,2267.0,1710.0,557.0,0.2457,20.0,57.0,0.045,2639,2069,570,0.216,21,71,0.0445
5202601,3201.0,2446.0,755.0,0.2359,24.0,40.0,0.0262,3201.0,2501.0,700.0,0.2187,14.0,46.0,0.024,3295,2566,729,0.2212,18,62,0.0312
1718303,5508.0,4313.0,1195.0,0.217,29.0,136.0,0.0383,5508.0,4199.0,1309.0,0.2377,26.0,98.0,0.0295,5873,4644,1229,0.2093,38,155,0.0416
1702703,3042.0,2451.0,591.0,0.1943,25.0,87.0,0.0457,3035.0,2302.0,733.0,0.2415,24.0,66.0,0.0391,3314,2599,715,0.2158,25,139,0.0631
1718808,3670.0,2822.0,848.0,0.2311,20.0,88.0,0.0383,3670.0,2710.0,960.0,0.2616,26.0,63.0,0.0328,4157,3139,1018,0.2449,27,123,0.0478
5202809,3331.0,2743.0,588.0,0.1765,14.0,30.0,0.016,3330.0,2692.0,638.0,0.1916,21.0,33.0,0.0201,4465,3457,1008,0.2258,23,66,0.0257
5219258,4051.0,3059.0,992.0,0.2449,17.0,50.0,0.0219,4051.0,3058.0,993.0,0.2451,24.0,43.0,0.0219,4208,3150,1058,0.2514,16,68,0.0267
1702901,8754.0,7122.0,1632.0,0.1864,53.0,204.0,0.0361,8754.0,6987.0,1767.0,0.2019,50.0,190.0,0.0343,9184,7500,1684,0.1834,54,259,0.0417
1718907,4020.0,3363.0,657.0,0.1634,13.0,68.0,0.0241,4019.0,3147.0,872.0,0.217,15.0,58.0,0.0232,4257,3479,778,0.1828,29,112,0.0405
1703008,6313.0,5321.0,992.0,0.1571,38.0,153.0,0.0359,6313.0,5173.0,1140.0,0.1806,58.0,111.0,0.0327,6651,5646,1005,0.1511,60,192,0.0446
1719004,2862.0,2466.0,396.0,0.1384,17.0,63.0,0.0324,2862.0,2352.0,510.0,0.1782,19.0,53.0,0.0306,3061,2598,463,0.1513,14,92,0.0408
5203104,2864.0,2168.0,696.0,0.243,15.0,45.0,0.0277,2864.0,2070.0,794.0,0.2772,19.0,38.0,0.0275,3329,2496,833,0.2502,18,60,0.0312
5220058,2221.0,1687.0,534.0,0.2404,14.0,30.0,0.0261,2221.0,1705.0,516.0,0.2323,5.0,26.0,0.0182,2198,1650,548,0.2493,11,51,0.0376
5203203,9614.0,7314.0,2300.0,0.2392,66.0,167.0,0.0319,9614.0,7341.0,2273.0,0.2364,89.0,148.0,0.0323,10023,7589,2434,0.2428,69,183,0.0332
5220157,4764.0,3648.0,1116.0,0.2343,26.0,52.0,0.0214,4764.0,3587.0,1177.0,0.2471,33.0,43.0,0.0212,5107,3869,1238,0.2424,38,80,0.0305
5203302,23266.0,17496.0,5770.0,0.248,226.0,417.0,0.0368,23264.0,17956.0,5308.0,0.2282,211.0,389.0,0.0334,24222,18590,5632,0.2325,205,513,0.0386
5220264,3456.0,2896.0,560.0,0.162,28.0,57.0,0.0294,3455.0,2897.0,558.0,0.1615,27.0,54.0,0.028,4211,3517,694,0.1648,24,100,0.0353
5203401,6953.0,5383.0,1570.0,0.2258,31.0,91.0,0.0227,6953.0,5467.0,1486.0,0.2137,31.0,100.0,0.024,7603,5882,1721,0.2264,31,137,0.0286
1720499,3718.0,2929.0,789.0,0.2122,12.0,76.0,0.03,3718.0,2826.0,892.0,0.2399,18.0,44.0,0.0219,4075,3174,901,0.2211,21,95,0.0365
5203500,17567.0,13066.0,4501.0,0.2562,224.0,239.0,0.0354,17567.0,13183.0,4384.0,0.2496,160.0,235.0,0.03,18138,13665,4473,0.2466,259,395,0.0479
5220454,83902.0,66611.0,17291.0,0.2061,862.0,1566.0,0.0365,83899.0,66750.0,17149.0,0.2044,829.0,1370.0,0.0329,95243,74896,20347,0.2136,875,1981,0.0381
5203609,3534.0,2715.0,819.0,0.2317,46.0,56.0,0.0376,3534.0,2740.0,794.0,0.2247,35.0,44.0,0.0288,3891,3001,890,0.2287,27,84,0.037
5220686,5718.0,4243.0,1475.0,0.258,45.0,125.0,0.0401,5719.0,4195.0,1524.0,0.2665,49.0,87.0,0.0324,5580,4261,1319,0.2364,42,166,0.0488
1703701,3864.0,3229.0,635.0,0.1643,17.0,112.0,0.04,3864.0,3116.0,748.0,0.1936,27.0,76.0,0.0331,4228,3503,725,0.1715,29,116,0.0414
5203807,4752.0,3697.0,1055.0,0.222,40.0,62.0,0.0276,4752.0,3655.0,1097.0,0.2309,30.0,47.0,0.0211,5183,3943,1240,0.2392,37,84,0.0307
5221080,2714.0,1965.0,749.0,0.276,10.0,49.0,0.03,2714.0,1924.0,790.0,0.2911,7.0,58.0,0.0338,3252,2302,950,0.2921,13,84,0.0421
5203906,8389.0,6173.0,2216.0,0.2642,90.0,145.0,0.0381,8392.0,6182.0,2210.0,0.2633,65.0,137.0,0.0327,8690,6208,2482,0.2856,81,153,0.0377
5221452,2997.0,2229.0,768.0,0.2563,11.0,35.0,0.0206,2997.0,2187.0,810.0,0.2703,11.0,46.0,0.0261,3059,2281,778,0.2543,13,69,0.0359
5204003,6813.0,5355.0,1458.0,0.214,53.0,91.0,0.0269,6813.0,5347.0,1466.0,0.2152,60.0,100.0,0.0299,7447,5818,1629,0.2187,63,177,0.0413
5221551,4085.0,3175.0,910.0,0.2228,24.0,64.0,0.0277,4085.0,3198.0,887.0,0.2171,23.0,47.0,0.0219,4210,3337,873,0.2074,32,68,0.03
5204102,8240.0,6067.0,2173.0,0.2637,80.0,161.0,0.0397,8240.0,6133.0,2107.0,0.2557,74.0,130.0,0.0333,7723,5737,1986,0.2572,88,175,0.0458
5218789,3933.0,3017.0,916.0,0.2329,21.0,67.0,0.0292,3933.0,2942.0,991.0,0.252,23.0,74.0,0.033,4413,3415,998,0.2262,31,102,0.0389
5204201,1881.0,1426.0,455.0,0.2419,13.0,20.0,0.0231,1881.0,1379.0,502.0,0.2669,10.0,21.0,0.0225,2065,1581,484,0.2344,9,51,0.038
5204300,10858.0,8176.0,2682.0,0.247,77.0,201.0,0.034,10861.0,8423.0,2438.0,0.2245,76.0,204.0,0.0332,10792,8260,2532,0.2346,54,206,0.0315
5209457,2329.0,1870.0,459.0,0.1971,18.0,33.0,0.0273,2329.0,1784.0,545.0,0.234,18.0,31.0,0.0275,3062,2146,916,0.2992,16,50,0.0308
5204409,13188.0,9839.0,3349.0,0.2539,82.0,193.0,0.0279,13183.0,10137.0,3046.0,0.2311,72.0,189.0,0.0257,13208,10126,3082,0.2333,80,262,0.0338
5205513,15902.0,12255.0,3647.0,0.2293,191.0,272.0,0.0378,15904.0,12274.0,3630.0,0.2282,174.0,248.0,0.0344,17515,13396,4119,0.2352,200,374,0.0428
5204508,65465.0,49259.0,16206.0,0.2476,693.0,1411.0,0.0427,65471.0,49721.0,15750.0,0.2406,479.0,1288.0,0.0355,68138,51692,16446,0.2414,725,1522,0.0435
5219738,6192.0,4917.0,1275.0,0.2059,38.0,101.0,0.0283,6192.0,4930.0,1262.0,0.2038,53.0,100.0,0.031,7976,6260,1716,0.2151,44,147,0.0305
5204607,3728.0,2870.0,858.0,0.2302,27.0,25.0,0.0181,3728.0,2853.0,875.0,0.2347,25.0,36.0,0.0214,4041,3063,978,0.242,24,82,0.0346
5205471,8122.0,6344.0,1778.0,0.2189,49.0,97.0,0.023,8125.0,6525.0,1600.0,0.1969,48.0,81.0,0.0198,9497,7327,2170,0.2285,47,122,0.0231
5204706,9140.0,6911.0,2229.0,0.2439,79.0,118.0,0.0285,9142.0,6914.0,2228.0,0.2437,79.0,119.0,0.0286,9168,7121,2047,0.2233,66,155,0.031
5200555,6173.0,4566.0,1607.0,0.2603,31.0,63.0,0.0206,6173.0,4451.0,1722.0,0.279,27.0,59.0,0.0193,6397,4694,1703,0.2662,45,71,0.0247
5204805,5274.0,4158.0,1116.0,0.2116,50.0,87.0,0.0329,5274.0,4229.0,1045.0,0.1981,47.0,72.0,0.0281,5811,4651,1160,0.1996,40,109,0.032
5205059,3661.0,2666.0,995.0,0.2718,11.0,28.0,0.0146,3661.0,2790.0,871.0,0.2379,9.0,30.0,0.014,3999,2911,1088,0.2721,14,46,0.0206
5204904,14138.0,10825.0,3313.0,0.2343,113.0,298.0,0.038,14136.0,10840.0,3296.0,0.2332,131.0,269.0,0.0369,14899,11061,3838,0.2576,91,363,0.041
5212055,2482.0,1923.0,559.0,0.2252,21.0,35.0,0.0291,2482.0,1927.0,555.0,0.2236,15.0,40.0,0.0285,2726,2033,693,0.2542,7,48,0.0271
5205000,7072.0,5588.0,1484.0,0.2098,64.0,122.0,0.0333,7074.0,5701.0,1373.0,0.1941,45.0,115.0,0.0281,7229,5678,1551,0.2146,65,138,0.0358
5201454,2907.0,2220.0,687.0,0.2363,23.0,68.0,0.041,2907.0,2247.0,660.0,0.227,19.0,60.0,0.0352,3439,2516,923,0.2684,13,82,0.0378
5205109,74254.0,57771.0,16483.0,0.222,817.0,1296.0,0.0366,74268.0,59358.0,14910.0,0.2008,618.0,1253.0,0.0315,75393,58685,16708,0.2216,892,1452,0.0399
5205497,43597.0,35363.0,8234.0,0.1889,466.0,611.0,0.0305,43599.0,35758.0,7841.0,0.1798,487.0,593.0,0.0302,49714,39055,10659,0.2144,489,746,0.0316
5205208,4782.0,3793.0,989.0,0.2068,45.0,116.0,0.0424,4782.0,3794.0,988.0,0.2066,35.0,105.0,0.0369,5460,4236,1224,0.2242,48,151,0.047
5218391,3031.0,2384.0,647.0,0.2135,20.0,38.0,0.0243,3028.0,2396.0,632.0,0.2087,9.0,45.0,0.0225,3597,2825,772,0.2146,16,69,0.0301
5205307,7216.0,5388.0,1828.0,0.2533,29.0,154.0,0.034,7216.0,5258.0,1958.0,0.2713,36.0,150.0,0.0354,7953,5672,2281,0.2868,39,222,0.046
5216452,3065.0,2330.0,735.0,0.2398,16.0,30.0,0.0197,3065.0,2352.0,713.0,0.2326,15.0,32.0,0.02,3152,2352,800,0.2538,18,56,0.0315
5205406,16314.0,13532.0,2782.0,0.1705,153.0,220.0,0.0276,16318.0,13746.0,2572.0,0.1576,143.0,270.0,0.03,16940,13581,3359,0.1983,149,264,0.0304
5214879,2798.0,2077.0,721.0,0.2577,13.0,35.0,0.0231,2798.0,2056.0,742.0,0.2652,15.0,15.0,0.0146,2680,2100,580,0.2164,14,44,0.0276
5208301,4792.0,3573.0,1219.0,0.2544,30.0,123.0,0.0428,4789.0,3524.0,1265.0,0.2641,48.0,118.0,0.0471,5110,3748,1362,0.2665,26,163,0.0504
5203939,3313.0,2636.0,677.0,0.2043,22.0,39.0,0.0231,3311.0,2577.0,734.0,0.2217,32.0,35.0,0.026,3494,2739,755,0.2161,13,61,0.027
1705508,23054.0,18453.0,4601.0,0.1996,149.0,474.0,0.0338,23055.0,18299.0,4756.0,0.2063,135.0,313.0,0.0245,25353,20223,5130,0.2023,204,499,0.0348
5204557,3297.0,2560.0,737.0,0.2235,27.0,45.0,0.0281,3297.0,2610.0,687.0,0.2084,30.0,48.0,0.0299,4292,3303,989,0.2304,37,83,0.0363
1705607,3321.0,2499.0,822.0,0.2475,24.0,111.0,0.054,3311.0,2357.0,954.0,0.2881,17.0,65.0,0.0348,3643,2715,928,0.2547,15,132,0.0541
5209291,2630.0,2188.0,442.0,0.1681,35.0,30.0,0.0297,2630.0,2195.0,435.0,0.1654,26.0,34.0,0.0273,2781,2296,485,0.1744,27,64,0.0396
5205703,2954.0,2349.0,605.0,0.2048,13.0,34.0,0.02,2954.0,2379.0,575.0,0.1947,15.0,31.0,0.0193,3112,2512,600,0.1928,8,54,0.0247
5209937,4626.0,3657.0,969.0,0.2095,28.0,110.0,0.0377,4627.0,3702.0,925.0,0.1999,30.0,131.0,0.0435,4809,3767,1042,0.2167,43,129,0.0457
5205802,7521.0,5774.0,1747.0,0.2323,92.0,131.0,0.0386,7521.0,5781.0,1740.0,0.2314,85.0,149.0,0.0405,7930,6096,1834,0.2313,72,168,0.0394
5213772,3514.0,2719.0,795.0,0.2262,22.0,46.0,0.025,3517.0,2604.0,913.0,0.2596,16.0,46.0,0.0238,3716,2786,930,0.2503,4,55,0.0212
5205901,6840.0,5294.0,1546.0,0.226,75.0,102.0,0.0334,6840.0,5409.0,1431.0,0.2092,55.0,113.0,0.0311,7145,5463,1682,0.2354,50,166,0.0395
5219712,4008.0,3164.0,844.0,0.2106,37.0,56.0,0.0294,4008.0,3220.0,788.0,0.1966,26.0,46.0,0.0224,4303,3370,933,0.2168,50,117,0.0496
1706001,4294.0,3434.0,860.0,0.2003,21.0,73.0,0.0274,4294.0,3366.0,928.0,0.2161,27.0,50.0,0.0229,4816,3843,973,0.202,20,95,0.0299
5221197,6251.0,5130.0,1121.0,0.1793,61.0,117.0,0.0347,6251.0,5086.0,1165.0,0.1864,51.0,107.0,0.0311,6829,5501,1328,0.1945,46,164,0.0382
1706100,5359.0,4336.0,1023.0,0.1909,26.0,82.0,0.0249,5357.0,4181.0,1176.0,0.2195,25.0,78.0,0.0246,5530,4516,1014,0.1834,20,98,0.0261
5221577,2660.0,2072.0,588.0,0.2211,15.0,29.0,0.0212,2660.0,2004.0,656.0,0.2466,11.0,28.0,0.0195,3080,2251,829,0.2692,13,50,0.028
5206206,35470.0,26811.0,8659.0,0.2441,428.0,486.0,0.0341,35470.0,27328.0,8142.0,0.2295,331.0,436.0,0.0281,38974,30063,8911,0.2286,419,710,0.0376
5203962,3429.0,2471.0,958.0,0.2794,22.0,71.0,0.0376,3428.0,2420.0,1008.0,0.294,22.0,56.0,0.0322,3507,2604,903,0.2575,12,106,0.0453
5206305,3889.0,2943.0,946.0,0.2433,23.0,44.0,0.0228,3889.0,3004.0,885.0,0.2276,17.0,33.0,0.0166,4023,3064,959,0.2384,12,69,0.0264
5222203,3795.0,2781.0,1014.0,0.2672,19.0,40.0,0.0212,3796.0,2736.0,1060.0,0.2792,29.0,51.0,0.0292,4021,2903,1118,0.278,19,75,0.0324
5206404,12522.0,9395.0,3127.0,0.2497,91.0,143.0,0.0249,12522.0,9334.0,3188.0,0.2546,82.0,150.0,0.0249,13017,9329,3688,0.2833,63,259,0.0345
5221858,89249.0,72703.0,16546.0,0.1854,1137.0,1476.0,0.0359,89254.0,73477.0,15777.0,0.1768,1041.0,1437.0,0.0337,99112,79203,19909,0.2009,1063,1537,0.0328
5206503,3666.0,3053.0,613.0,0.1672,39.0,47.0,0.0282,3666.0,3063.0,603.0,0.1645,32.0,46.0,0.0255,3970,3291,679,0.171,28,76,0.0316
5215231,49369.0,40391.0,8978.0,0.1819,666.0,803.0,0.0364,49375.0,40881.0,8494.0,0.172,612.0,733.0,0.0329,58615,46570,12045,0.2055,796,1107,0.0409
5206602,2571.0,1973.0,598.0,0.2326,27.0,34.0,0.0309,2571.0,2052.0,519.0,0.2019,15.0,47.0,0.0302,2613,2000,613,0.2346,21,53,0.037
5200258,107528.0,86731.0,20797.0,0.1934,1496.0,1467.0,0.0342,107527.0,87984.0,19543.0,0.1817,1345.0,1324.0,0.0303,125210,98492,26718,0.2134,1637,2101,0.038
5206701,3787.0,2826.0,961.0,0.2538,48.0,99.0,0.052,3787.0,2785.0,1002.0,0.2646,59.0,82.0,0.0506,4024,3040,984,0.2445,30,94,0.0408
5200050,12218.0,9258.0,2960.0,0.2423,97.0,150.0,0.0267,12217.0,9397.0,2820.0,0.2308,79.0,110.0,0.0201,15631,11753,3878,0.2481,117,299,0.0354
5206800,3455.0,2800.0,655.0,0.1896,34.0,67.0,0.0361,3455.0,2802.0,653.0,0.189,29.0,87.0,0.0414,3634,2949,685,0.1885,29,94,0.0417
5200829,3081.0,2404.0,677.0,0.2197,17.0,41.0,0.0241,3081.0,2365.0,716.0,0.2324,24.0,32.0,0.0237,2969,2213,756,0.2546,20,67,0.0393
5206909,3589.0,2685.0,904.0,0.2519,22.0,37.0,0.022,3589.0,2656.0,933.0,0.26,15.0,55.0,0.0264,4145,2949,1196,0.2885,20,49,0.0234
5203575,3293.0,2508.0,785.0,0.2384,7.0,25.0,0.0128,3292.0,2403.0,889.0,0.27,20.0,36.0,0.0233,3730,2706,1024,0.2745,16,48,0.0237
1707009,12696.0,10143.0,2553.0,0.2011,110.0,348.0,0.0452,12697.0,9913.0,2784.0,0.2193,89.0,253.0,0.0345,13191,10516,2675,0.2028,125,382,0.0482
5218052,3617.0,2667.0,950.0,0.2626,20.0,39.0,0.0221,3617.0,2676.0,941.0,0.2602,20.0,44.0,0.0239,3963,2845,1118,0.2821,16,50,0.0232
5207105,2289.0,1853.0,436.0,0.1905,10.0,33.0,0.0232,2288.0,1868.0,420.0,0.1836,15.0,29.0,0.0236,2503,1972,531,0.2121,19,29,0.0243
5219456,2758.0,2205.0,553.0,0.2005,20.0,29.0,0.0222,2758.0,2233.0,525.0,0.1904,13.0,36.0,0.0219,3048,2383,665,0.2182,18,52,0.0294
1707207,4899.0,3888.0,1011.0,0.2064,24.0,124.0,0.0381,4896.0,3786.0,1110.0,0.2267,27.0,73.0,0.0264,5082,4100,982,0.1932,24,143,0.0407
1707306,3336.0,2713.0,623.0,0.1868,22.0,76.0,0.0361,3336.0,2645.0,691.0,0.2071,21.0,48.0,0.0261,3669,2966,703,0.1916,24,77,0.0341
5220280,2346.0,1891.0,455.0,0.1939,26.0,41.0,0.0354,2346.0,1915.0,431.0,0.1837,21.0,48.0,0.036,2457,1988,469,0.1909,24,63,0.0438
5207402,9617.0,7466.0,2151.0,0.2237,78.0,145.0,0.0299,9616.0,7541.0,2075.0,0.2158,45.0,143.0,0.0249,9541,7424,2117,0.2219,74,223,0.04
5222302,5187.0,3985.0,1202.0,0.2317,38.0,65.0,0.0258,5187.0,3948.0,1239.0,0.2389,47.0,61.0,0.0274,6026,4696,1330,0.2207,29,82,0.0236
5207501,2946.0,2359.0,587.0,0.1993,14.0,41.0,0.0233,2947.0,2341.0,606.0,0.2056,22.0,40.0,0.0265,3214,2485,729,0.2268,17,75,0.037
5207600,5204.0,4301.0,903.0,0.1735,30.0,75.0,0.0244,5205.0,4265.0,940.0,0.1806,26.0,62.0,0.0206,5536,4450,1086,0.1962,37,126,0.0366
5210158,3038.0,2485.0,553.0,0.182,15.0,56.0,0.0286,3038.0,2429.0,609.0,0.2005,15.0,38.0,0.0218,3148,2501,647,0.2055,20,58,0.0312
1707702,6159.0,4996.0,1163.0,0.1888,14.0,156.0,0.034,6158.0,4758.0,1400.0,0.2273,38.0,79.0,0.0246,6244,5028,1216,0.1947,37,158,0.0388
5208152,3155.0,2623.0,532.0,0.1686,33.0,44.0,0.0294,3155.0,2649.0,506.0,0.1604,39.0,57.0,0.0362,3713,3007,706,0.1901,35,62,0.0323
5207808,8324.0,6620.0,1704.0,0.2047,55.0,91.0,0.0221,8328.0,6710.0,1618.0,0.1943,52.0,101.0,0.0228,8767,7097,1670,0.1905,65,159,0.0316
5204854,6123.0,4832.0,1291.0,0.2108,58.0,100.0,0.0327,6122.0,4834.0,1288.0,0.2104,48.0,85.0,0.0275,6772,5346,1426,0.2106,43,133,0.0329
5207907,6977.0,5103.0,1874.0,0.2686,33.0,83.0,0.0227,6977.0,5051.0,1926.0,0.276,33.0,99.0,0.0261,8526,6258,2268,0.266,32,208,0.0384
5212253,1596.0,1144.0,452.0,0.2832,12.0,19.0,0.0271,1598.0,1142.0,456.0,0.2854,12.0,27.0,0.0342,1783,1288,495,0.2776,10,29,0.0303
5208004,74889.0,59245.0,15644.0,0.2089,908.0,1406.0,0.0391,74905.0,60259.0,14646.0,0.1955,787.0,1360.0,0.0356,77711,60920,16791,0.2161,734,1512,0.0369
5208103,4557.0,3500.0,1057.0,0.232,22.0,69.0,0.026,4557.0,3490.0,1067.0,0.2341,26.0,58.0,0.0241,4706,3481,1225,0.2603,20,82,0.0293
1708205,13683.0,10887.0,2796.0,0.2043,82.0,211.0,0.0269,13684.0,10666.0,3018.0,0.2205,75.0,146.0,0.0207,14141,11167,2974,0.2103,85,277,0.0324
5208400,10430.0,8205.0,2225.0,0.2133,89.0,162.0,0.0306,10429.0,8204.0,2225.0,0.2133,80.0,136.0,0.0263,10753,8631,2122,0.1973,84,198,0.0327
5208509,4251.0,3518.0,733.0,0.1724,32.0,73.0,0.0298,4251.0,3586.0,665.0,0.1564,21.0,78.0,0.0276,4561,3750,811,0.1778,36,87,0.0328
5208608,57030.0,43692.0,13338.0,0.2339,636.0,908.0,0.0353,57034.0,44853.0,12181.0,0.2136,503.0,847.0,0.0301,59437,45856,13581,0.2285,663,1130,0.0391
5208707,1034132.0,821831.0,212301.0,0.2053,9028.0,18161.0,0.0331,1034245.0,832124.0,202121.0,0.1954,9695.0,20239.0,0.036,1019261,816529,202732,0.1989,7528,17906,0.0311
5208806,41080.0,30940.0,10140.0,0.2468,397.0,584.0,0.0317,41081.0,31189.0,9892.0,0.2408,317.0,530.0,0.0272,47570,35824,11746,0.2469,475,980,0.0406
5208905,19589.0,14797.0,4792.0,0.2446,137.0,291.0,0.0289,19595.0,14957.0,4638.0,0.2367,143.0,267.0,0.0274,19216,14381,4835,0.2516,119,393,0.0356
5209101,26733.0,21190.0,5543.0,0.2073,306.0,608.0,0.0431,26739.0,21761.0,4978.0,0.1862,263.0,599.0,0.0396,27861,22201,5660,0.2032,298,711,0.0454
5209200,13784.0,10476.0,3308.0,0.24,139.0,251.0,0.0372,13784.0,10543.0,3241.0,0.2351,105.0,252.0,0.0339,14861,11398,3463,0.233,118,366,0.0425
5209408,4153.0,3415.0,738.0,0.1777,31.0,76.0,0.0313,4153.0,3357.0,796.0,0.1917,33.0,81.0,0.034,4796,3975,821,0.1712,15,153,0.0423
1709500,58069.0,46606.0,11463.0,0.1974,454.0,1141.0,0.0342,58085.0,46496.0,11589.0,0.1995,464.0,1028.0,0.0321,61239,49136,12103,0.1976,563,1154,0.0349
5209606,3968.0,3127.0,841.0,0.2119,40.0,62.0,0.0326,3968.0,3101.0,867.0,0.2185,29.0,43.0,0.0232,4192,3286,906,0.2161,28,82,0.0335
5209705,18746.0,14664.0,4082.0,0.2178,178.0,371.0,0.0374,18746.0,14710.0,4036.0,0.2153,162.0,342.0,0.0343,23574,18181,5393,0.2288,180,485,0.0366
5209804,3584.0,3010.0,574.0,0.1602,27.0,42.0,0.0229,3584.0,2966.0,618.0,0.1724,36.0,57.0,0.0314,3869,3078,791,0.2044,33,60,0.0302
5209903,7794.0,6084.0,1710.0,0.2194,48.0,149.0,0.0324,7794.0,5994.0,1800.0,0.2309,82.0,137.0,0.0365,8526,6593,1933,0.2267,40,209,0.0378
5210000,41015.0,31920.0,9095.0,0.2217,458.0,921.0,0.0432,41018.0,32372.0,8646.0,0.2108,389.0,837.0,0.0379,40854,32068,8786,0.2151,407,1017,0.0444
5210109,20193.0,15471.0,4722.0,0.2338,205.0,340.0,0.0352,20196.0,15856.0,4340.0,0.2149,160.0,339.0,0.0315,20506,15655,4851,0.2366,216,435,0.0416
5210208,25812.0,19811.0,6001.0,0.2325,243.0,368.0,0.0308,25824.0,20278.0,5546.0,0.2148,179.0,343.0,0.0257,26609,20449,6160,0.2315,195,467,0.0324
5210307,2794.0,2136.0,658.0,0.2355,13.0,30.0,0.0201,2794.0,2160.0,634.0,0.2269,20.0,33.0,0.0245,2989,2269,720,0.2409,22,67,0.0392
5210406,31808.0,24359.0,7449.0,0.2342,310.0,488.0,0.0328,31817.0,24961.0,6856.0,0.2155,256.0,411.0,0.0267,33230,25401,7829,0.2356,350,604,0.0376
1710508,5317.0,4391.0,926.0,0.1742,27.0,128.0,0.0353,5318.0,4287.0,1031.0,0.1939,26.0,103.0,0.0301,5446,4612,834,0.1531,29,132,0.0349
5210604,5255.0,4378.0,877.0,0.1669,55.0,71.0,0.0288,5256.0,4427.0,829.0,0.1577,60.0,86.0,0.033,5268,4402,866,0.1644,39,111,0.0341
1710706,4415.0,3547.0,868.0,0.1966,19.0,105.0,0.035,4415.0,3417.0,998.0,0.226,16.0,72.0,0.0258,4717,3890,827,0.1753,21,126,0.0378
5210802,3647.0,2843.0,804.0,0.2205,25.0,55.0,0.0281,3647.0,2840.0,807.0,0.2213,20.0,51.0,0.025,3668,2870,798,0.2176,17,63,0.0279
5210901,15406.0,11843.0,3563.0,0.2313,164.0,251.0,0.035,15406.0,11950.0,3456.0,0.2243,123.0,239.0,0.0303,15697,11803,3894,0.2481,119,289,0.0346
5211008,6704.0,5176.0,1528.0,0.2279,35.0,113.0,0.0286,6706.0,5232.0,1474.0,0.2198,44.0,92.0,0.026,6866,5237,1629,0.2373,29,119,0.0283
1711100,2337.0,1995.0,342.0,0.1463,7.0,45.0,0.0261,2337.0,1822.0,515.0,0.2204,10.0,17.0,0.0148,2703,2234,469,0.1735,16,44,0.0269
5211206,21602.0,17578.0,4024.0,0.1863,235.0,310.0,0.031,21604.0,17757.0,3847.0,0.1781,205.0,289.0,0.0278,21491,17637,3854,0.1793,186,400,0.0332
5211305,4378.0,3358.0,1020.0,0.233,34.0,59.0,0.0277,4377.0,3352.0,1025.0,0.2342,43.0,66.0,0.0325,4683,3529,1154,0.2464,30,103,0.0377
5211404,7099.0,5955.0,1144.0,0.1611,73.0,110.0,0.0307,7101.0,5940.0,1161.0,0.1635,62.0,122.0,0.031,7690,6335,1355,0.1762,63,159,0.035
5211503,74364.0,56629.0,17735.0,0.2385,809.0,1288.0,0.037,74373.0,58595.0,15778.0,0.2121,631.0,1246.0,0.032,74876,57334,17542,0.2343,815,1543,0.0411
5211602,2779.0,2138.0,641.0,0.2307,19.0,22.0,0.0192,2779.0,2153.0,626.0,0.2253,19.0,36.0,0.0255,3148,2345,803,0.2551,9,59,0.029
5211701,5970.0,4711.0,1259.0,0.2109,43.0,125.0,0.0357,5970.0,4777.0,1193.0,0.1998,45.0,121.0,0.0347,5992,4880,1112,0.1856,37,117,0.0316
5211800,32211.0,25953.0,6258.0,0.1943,369.0,459.0,0.0319,32215.0,26203.0,6012.0,0.1866,294.0,459.0,0.0287,33457,26202,7255,0.2168,289,487,0.0296
5211909,71708.0,54415.0,17293.0,0.2412,713.0,1149.0,0.0342,71722.0,56039.0,15683.0,0.2187,600.0,1167.0,0.0315,73593,56961,16632,0.226,742,1306,0.036
5212006,2731.0,2142.0,589.0,0.2157,15.0,22.0,0.0173,2732.0,2080.0,652.0,0.2387,15.0,28.0,0.0207,3160,2402,758,0.2399,12,65,0.0321
5212105,5446.0,4437.0,1009.0,0.1853,53.0,120.0,0.039,5454.0,4489.0,965.0,0.1769,47.0,109.0,0.0348,5772,4724,1048,0.1816,50,152,0.0428
5212204,14451.0,11200.0,3251.0,0.225,103.0,243.0,0.0309,14450.0,11361.0,3089.0,0.2138,100.0,267.0,0.0323,14816,11544,3272,0.2208,102,325,0.037
5212303,6628.0,5201.0,1427.0,0.2153,65.0,137.0,0.0388,6628.0,5257.0,1371.0,0.2068,58.0,117.0,0.0333,7348,5776,1572,0.2139,75,178,0.0438
5212501,126135.0,100241.0,25894.0,0.2053,1807.0,2318.0,0.0412,126119.0,102565.0,23554.0,0.1868,1365.0,2258.0,0.0353,136763,106954,29809,0.218,1628,2696,0.0404
5212600,2688.0,2137.0,551.0,0.205,24.0,46.0,0.0328,2688.0,2093.0,595.0,0.2214,16.0,41.0,0.0272,3493,2739,754,0.2159,19,58,0.0281
5212709,5948.0,4594.0,1354.0,0.2276,44.0,121.0,0.0359,5947.0,4634.0,1313.0,0.2208,34.0,85.0,0.0257,6519,5112,1407,0.2158,33,117,0.0293
5212808,8205.0,6390.0,1815.0,0.2212,66.0,109.0,0.0274,8206.0,6384.0,1822.0,0.222,65.0,127.0,0.0301,9165,6931,2234,0.2438,56,179,0.0339
5212907,2558.0,2000.0,558.0,0.2181,22.0,43.0,0.0325,2562.0,1995.0,567.0,0.2213,20.0,41.0,0.0306,3001,2245,756,0.2519,17,61,0.0347
5216304,7008.0,5401.0,1607.0,0.2293,61.0,110.0,0.0317,7012.0,5447.0,1565.0,0.2232,57.0,111.0,0.0308,7170,5566,1604,0.2237,72,177,0.0447
5213004,7018.0,5390.0,1628.0,0.232,64.0,124.0,0.0349,7018.0,5477.0,1541.0,0.2196,58.0,90.0,0.027,7553,5972,1581,0.2093,66,156,0.0372
5213103,47752.0,36599.0,11153.0,0.2336,506.0,890.0,0.0381,47759.0,36732.0,11027.0,0.2309,379.0,768.0,0.0312,51739,39413,12326,0.2382,485,1040,0.0387
1713205,14095.0,11301.0,2794.0,0.1982,89.0,359.0,0.0396,14097.0,11020.0,3077.0,0.2183,80.0,283.0,0.0329,14418,11631,2787,0.1933,107,370,0.041
1713304,9715.0,7867.0,1848.0,0.1902,59.0,207.0,0.0338,9715.0,7769.0,1946.0,0.2003,64.0,170.0,0.0301,10079,8207,1872,0.1857,65,264,0.0401
5213400,2275.0,1766.0,509.0,0.2237,22.0,24.0,0.026,2273.0,1759.0,514.0,0.2261,18.0,21.0,0.0222,2507,1865,642,0.2561,8,35,0.0231
5213509,5531.0,4161.0,1370.0,0.2477,47.0,101.0,0.0356,5532.0,3991.0,1541.0,0.2786,34.0,109.0,0.0358,5622,4118,1504,0.2675,20,144,0.0398
1713601,4602.0,3734.0,868.0,0.1886,24.0,92.0,0.0311,4602.0,3566.0,1036.0,0.2251,25.0,61.0,0.0241,5125,4064,1061,0.207,25,119,0.0354
5213707,6711.0,5253.0,1458.0,0.2173,45.0,74.0,0.0227,6711.0,5272.0,1439.0,0.2144,37.0,81.0,0.0224,7109,5522,1587,0.2232,44,109,0.0277
5213806,36238.0,27734.0,8504.0,0.2347,394.0,558.0,0.0343,36239.0,28267.0,7972.0,0.22,281.0,571.0,0.0301,37180,28972,8208,0.2208,377,703,0.0373
5213905,4568.0,3679.0,889.0,0.1946,45.0,42.0,0.0236,4568.0,3682.0,886.0,0.194,36.0,65.0,0.0274,4636,3597,1039,0.2241,32,87,0.0331
5214002,12378.0,8861.0,3517.0,0.2841,115.0,170.0,0.0322,12376.0,8853.0,3523.0,0.2847,86.0,148.0,0.0264,12318,8869,3449,0.28,84,216,0.0338
5214101,3397.0,2620.0,777.0,0.2287,31.0,34.0,0.0248,3400.0,2679.0,721.0,0.2121,12.0,33.0,0.0168,3622,2896,726,0.2004,16,58,0.0256
1714203,6542.0,5202.0,1340.0,0.2048,32.0,200.0,0.0446,6542.0,4947.0,1595.0,0.2438,43.0,111.0,0.0311,6806,5354,1452,0.2133,41,225,0.0497
1714302,4025.0,3379.0,646.0,0.1605,27.0,79.0,0.0314,4025.0,3166.0,859.0,0.2134,31.0,60.0,0.0287,4125,3475,650,0.1576,27,109,0.0391
5214408,7275.0,5684.0,1591.0,0.2187,52.0,103.0,0.0273,7278.0,5758.0,1520.0,0.2088,53.0,101.0,0.0267,7694,6034,1660,0.2158,40,146,0.0308
5214507,23995.0,18090.0,5905.0,0.2461,220.0,383.0,0.0333,24001.0,18399.0,5602.0,0.2334,202.0,418.0,0.0337,25856,19344,6512,0.2519,222,535,0.0391
5214606,27499.0,20657.0,6842.0,0.2488,237.0,481.0,0.0348,27503.0,20594.0,6909.0,0.2512,202.0,468.0,0.0325,28256,20780,7476,0.2646,174,609,0.0377
5214705,2470.0,2055.0,415.0,0.168,24.0,51.0,0.0365,2470.0,2025.0,445.0,0.1802,24.0,58.0,0.0405,2769,2298,471,0.1701,21,73,0.0409
5214804,2106.0,1760.0,346.0,0.1643,20.0,39.0,0.0335,2106.0,1815.0,291.0,0.1382,19.0,48.0,0.0369,2328,1900,428,0.1838,34,57,0.0479
5214903,2815.0,2130.0,685.0,0.2433,32.0,49.0,0.038,2815.0,2054.0,761.0,0.2703,30.0,64.0,0.0458,3006,2208,798,0.2655,12,79,0.0412
5215009,7938.0,6231.0,1707.0,0.215,58.0,131.0,0.0303,7938.0,6414.0,1524.0,0.192,63.0,130.0,0.0301,8553,6611,1942,0.2271,61,156,0.0328
1715101,3781.0,3103.0,678.0,0.1793,13.0,98.0,0.0358,3781.0,2927.0,854.0,0.2259,16.0,63.0,0.027,4119,3405,714,0.1733,22,123,0.0426
5215207,3301.0,2709.0,592.0,0.1793,17.0,45.0,0.0229,3301.0,2638.0,663.0,0.2008,29.0,40.0,0.0262,3599,2844,755,0.2098,33,64,0.0341
5215306,11921.0,9389.0,2532.0,0.2124,171.0,237.0,0.0435,11921.0,9574.0,2347.0,0.1969,114.0,260.0,0.0391,12089,9720,2369,0.196,116,271,0.0398
5215405,3736.0,3020.0,716.0,0.1916,39.0,89.0,0.0424,3736.0,3037.0,699.0,0.1871,40.0,85.0,0.0412,3766,3086,680,0.1806,27,97,0.0402
5215504,8665.0,6930.0,1735.0,0.2002,75.0,152.0,0.0328,8666.0,7050.0,1616.0,0.1865,51.0,153.0,0.0289,10501,8142,2359,0.2246,122,249,0.0456
5215603,18773.0,14510.0,4263.0,0.2271,161.0,341.0,0.0346,18794.0,14733.0,4061.0,0.2161,211.0,288.0,0.0339,20391,15761,4630,0.2271,182,497,0.0431
5215702,21950.0,16914.0,5036.0,0.2294,210.0,372.0,0.0344,21945.0,17093.0,4852.0,0.2211,176.0,336.0,0.03,23454,18144,5310,0.2264,181,434,0.0339
5215801,2188.0,1795.0,393.0,0.1796,9.0,32.0,0.0228,2186.0,1761.0,425.0,0.1944,13.0,28.0,0.0233,2406,1837,569,0.2365,16,59,0.0408
5215900,4065.0,3270.0,795.0,0.1956,16.0,48.0,0.0196,4064.0,3284.0,780.0,0.1919,22.0,47.0,0.021,4428,3477,951,0.2148,22,62,0.0242
5216007,2603.0,1956.0,647.0,0.2486,39.0,30.0,0.0353,2603.0,2001.0,602.0,0.2313,30.0,29.0,0.0295,3038,2367,671,0.2209,31,66,0.041
1716109,33118.0,26813.0,6305.0,0.1904,291.0,592.0,0.0329,33120.0,26796.0,6324.0,0.1909,239.0,501.0,0.0276,36056,29215,6841,0.1897,330,707,0.0355
1716208,7924.0,5996.0,1928.0,0.2433,35.0,304.0,0.0565,7923.0,5776.0,2147.0,0.271,25.0,166.0,0.0331,8577,6437,2140,0.2495,29,349,0.0587
5216403,8976.0,6616.0,2360.0,0.2629,92.0,153.0,0.037,8974.0,6853.0,2121.0,0.2363,56.0,128.0,0.0268,9273,7140,2133,0.23,52,234,0.0401
1716505,9838.0,7953.0,1885.0,0.1916,47.0,219.0,0.0334,9838.0,7771.0,2067.0,0.2101,62.0,144.0,0.0265,10799,8757,2042,0.1891,64,250,0.0359
1716604,7044.0,5573.0,1471.0,0.2088,25.0,205.0,0.0413,7044.0,5361.0,1683.0,0.2389,32.0,111.0,0.0267,7284,5747,1537,0.211,28,186,0.0372
1716703,6382.0,5185.0,1197.0,0.1876,41.0,138.0,0.0345,6381.0,5030.0,1351.0,0.2117,52.0,108.0,0.0318,6526,5419,1107,0.1696,46,176,0.041
5216809,7392.0,5732.0,1660.0,0.2246,87.0,148.0,0.041,7393.0,5808.0,1585.0,0.2144,83.0,152.0,0.0405,7530,6127,1403,0.1863,81,194,0.0449
1709005,8113.0,6628.0,1485.0,0.183,33.0,315.0,0.0525,8114.0,6352.0,1762.0,0.2172,53.0,192.0,0.0386,8809,7313,1496,0.1698,48,277,0.0444
5216908,3659.0,2837.0,822.0,0.2247,40.0,39.0,0.0278,3659.0,2683.0,976.0,0.2667,26.0,39.0,0.0242,3938,2761,1177,0.2989,32,59,0.033
1717008,3575.0,2908.0,667.0,0.1866,22.0,95.0,0.0402,3572.0,2789.0,783.0,0.2192,5.0,77.0,0.0294,3710,3002,708,0.1908,13,113,0.042
5217104,18870.0,14058.0,4812.0,0.255,186.0,273.0,0.0327,18871.0,14492.0,4379.0,0.232,152.0,314.0,0.0322,18846,14331,4515,0.2396,168,374,0.0378
5217203,9295.0,7243.0,2052.0,0.2208,64.0,169.0,0.0322,9294.0,7411.0,1883.0,0.2026,50.0,145.0,0.0263,9094,7206,1888,0.2076,43,218,0.0362
5217302,19935.0,15764.0,4171.0,0.2092,270.0,399.0,0.0424,19939.0,15972.0,3967.0,0.199,199.0,380.0,0.0363,20745,16355,4390,0.2116,267,469,0.045
5217401,21768.0,16613.0,5155.0,0.2368,247.0,470.0,0.0432,21769.0,16950.0,4819.0,0.2214,162.0,473.0,0.0375,22071,16866,5205,0.2358,282,541,0.0488
1717503,5821.0,4593.0,1228.0,0.211,25.0,108.0,0.029,5821.0,4345.0,1476.0,0.2536,18.0,77.0,0.0219,5965,4706,1259,0.2111,27,115,0.0302
5217708,14207.0,11376.0,2831.0,0.1993,129.0,276.0,0.0356,14208.0,11420.0,2788.0,0.1962,113.0,256.0,0.0323,14364,11555,2809,0.1956,130,332,0.04
1717800,3399.0,2681.0,718.0,0.2112,13.0,118.0,0.0489,3399.0,2627.0,772.0,0.2271,16.0,70.0,0.0327,3642,2922,720,0.1977,19,105,0.0424
1717909,5346.0,4283.0,1063.0,0.1988,24.0,150.0,0.0406,5347.0,4105.0,1242.0,0.2323,27.0,71.0,0.0239,5628,4528,1100,0.1955,32,170,0.0446
5218003,30945.0,23695.0,7250.0,0.2343,225.0,445.0,0.0283,30949.0,23902.0,7047.0,0.2277,233.0,371.0,0.0253,30959,23783,7176,0.2318,264,573,0.0352
5218102,3149.0,2453.0,696.0,0.221,40.0,81.0,0.0493,3149.0,2499.0,650.0,0.2064,26.0,66.0,0.0368,3416,2650,766,0.2242,30,79,0.0411
1718204,42782.0,35497.0,7285.0,0.1703,276.0,815.0,0.0307,42782.0,35077.0,7705.0,0.1801,293.0,731.0,0.0292,47070,38653,8417,0.1788,374,965,0.0346
5218300,24322.0,19183.0,5139.0,0.2113,239.0,465.0,0.0367,24318.0,19373.0,4945.0,0.2033,211.0,440.0,0.0336,25339,20138,5201,0.2053,214,509,0.0359
5218508,34430.0,27000.0,7430.0,0.2158,354.0,659.0,0.0375,34431.0,27674.0,6757.0,0.1962,307.0,596.0,0.0326,35296,27307,7989,0.2263,382,728,0.0406
5218607,8934.0,7030.0,1904.0,0.2131,77.0,117.0,0.0276,8935.0,7123.0,1812.0,0.2028,73.0,103.0,0.0247,9232,7418,1814,0.1965,83,147,0.031
5218706,3812.0,3073.0,739.0,0.1939,44.0,80.0,0.0404,3812.0,3042.0,770.0,0.202,33.0,69.0,0.0335,3946,3135,811,0.2055,38,98,0.0434
1712405,2948.0,2352.0,596.0,0.2022,7.0,90.0,0.0412,2947.0,1977.0,970.0,0.3291,10.0,52.0,0.0314,3099,2382,717,0.2314,14,124,0.0579
5218805,143226.0,112739.0,30487.0,0.2129,1629.0,2218.0,0.0341,143191.0,115426.0,27765.0,0.1939,1265.0,2061.0,0.0288,153307,121346,31961,0.2085,1729,2573,0.0355
5218904,15250.0,12079.0,3171.0,0.2079,160.0,261.0,0.0349,15248.0,12110.0,3138.0,0.2058,133.0,250.0,0.0316,15629,12024,3605,0.2307,135,313,0.0373
5219001,7047.0,5606.0,1441.0,0.2045,59.0,106.0,0.0294,7047.0,5652.0,1395.0,0.198,57.0,97.0,0.0272,7135,5803,1332,0.1867,50,144,0.0334
5219100,5368.0,4254.0,1114.0,0.2075,50.0,68.0,0.0277,5368.0,4250.0,1118.0,0.2083,33.0,66.0,0.0233,5600,4542,1058,0.1889,48,79,0.028
5219209,3210.0,2507.0,703.0,0.219,21.0,38.0,0.0235,3210.0,2448.0,762.0,0.2374,15.0,49.0,0.0261,3504,2753,751,0.2143,28,85,0.041
5219308,29449.0,23285.0,6164.0,0.2093,431.0,559.0,0.0425,29448.0,23912.0,5536.0,0.188,286.0,501.0,0.0329,30181,23953,6228,0.2064,373,693,0.0445
5219407,4424.0,3259.0,1165.0,0.2633,34.0,68.0,0.0313,4424.0,3295.0,1129.0,0.2552,27.0,78.0,0.0319,4460,3305,1155,0.259,32,83,0.0348
5219506,3096.0,2606.0,490.0,0.1583,29.0,51.0,0.0307,3096.0,2608.0,488.0,0.1576,28.0,52.0,0.0307,3527,2913,614,0.1741,26,78,0.0357
5219605,3169.0,2384.0,785.0,0.2477,17.0,51.0,0.0285,3168.0,2383.0,785.0,0.2478,17.0,51.0,0.0285,3838,2745,1093,0.2848,27,75,0.0372
5219704,7604.0,5963.0,1641.0,0.2158,56.0,97.0,0.0257,7605.0,5926.0,1679.0,0.2208,55.0,92.0,0.0248,8524,6260,2264,0.2656,44,175,0.035
5219803,7097.0,5240.0,1857.0,0.2617,50.0,130.0,0.0344,7102.0,5192.0,1910.0,0.2689,66.0,136.0,0.0389,7284,5326,1958,0.2688,48,236,0.0533
5219902,4702.0,3794.0,908.0,0.1931,50.0,102.0,0.0401,4702.0,3795.0,907.0,0.1929,44.0,92.0,0.0358,5392,4195,1197,0.222,62,137,0.0474
5217609,60989.0,47389.0,13600.0,0.223,805.0,944.0,0.0369,60989.0,48649.0,12340.0,0.2023,715.0,937.0,0.034,66587,50984,15603,0.2343,831,1288,0.0416
5220009,7035.0,5477.0,1558.0,0.2215,82.0,114.0,0.0358,7035.0,5518.0,1517.0,0.2156,78.0,135.0,0.0386,7763,6089,1674,0.2156,44,185,0.0376
5220108,24045.0,18734.0,5311.0,0.2209,198.0,334.0,0.0284,24048.0,19289.0,4759.0,0.1979,159.0,363.0,0.0271,24563,19503,5060,0.206,195,478,0.0345
5220207,18306.0,13720.0,4586.0,0.2505,79.0,299.0,0.0276,18308.0,13711.0,4597.0,0.2511,95.0,227.0,0.0235,18389,13689,4700,0.2556,106,341,0.0327
1720309,3193.0,2578.0,615.0,0.1926,11.0,42.0,0.0206,3193.0,2487.0,706.0,0.2211,8.0,38.0,0.0185,3364,2729,635,0.1888,20,85,0.0385
5220405,13807.0,10313.0,3494.0,0.2531,110.0,220.0,0.032,13814.0,10470.0,3344.0,0.2421,89.0,217.0,0.0292,13332,9888,3444,0.2583,143,258,0.0406
5220504,6271.0,4684.0,1587.0,0.2531,54.0,92.0,0.0312,6271.0,4801.0,1470.0,0.2344,45.0,80.0,0.026,6621,4887,1734,0.2619,50,109,0.0325
5220603,15596.0,12531.0,3065.0,0.1965,207.0,235.0,0.0353,15604.0,12789.0,2815.0,0.1804,156.0,249.0,0.0317,16325,13159,3166,0.1939,150,312,0.0351
5220702,3146.0,2148.0,998.0,0.3172,21.0,58.0,0.0368,3145.0,2070.0,1075.0,0.3418,27.0,52.0,0.0382,3498,2370,1128,0.3225,15,96,0.0468
1720804,7671.0,6345.0,1326.0,0.1729,33.0,143.0,0.0277,7670.0,6173.0,1497.0,0.1952,32.0,107.0,0.0225,8078,6730,1348,0.1669,55,171,0.0336
1720903,10414.0,8183.0,2231.0,0.2142,63.0,337.0,0.0489,10416.0,8080.0,2336.0,0.2243,64.0,223.0,0.0355,11231,8816,2415,0.215,76,393,0.0532
5221007,4555.0,3498.0,1057.0,0.2321,41.0,79.0,0.0343,4555.0,3520.0,1035.0,0.2272,37.0,94.0,0.0372,4447,3523,924,0.2078,38,89,0.036
1721109,4866.0,4100.0,766.0,0.1574,18.0,84.0,0.0249,4866.0,4028.0,838.0,0.1722,29.0,45.0,0.0184,5453,4696,757,0.1388,22,111,0.0283
1721208,15706.0,13046.0,2660.0,0.1694,80.0,348.0,0.0328,15708.0,12941.0,2767.0,0.1762,101.0,278.0,0.0293,16077,13360,2717,0.169,131,347,0.0358
5221304,3592.0,2801.0,791.0,0.2202,25.0,56.0,0.0289,3591.0,2803.0,788.0,0.2194,22.0,46.0,0.0243,3894,2948,946,0.2429,34,92,0.0427
5221403,89354.0,69691.0,19663.0,0.2201,896.0,1368.0,0.0325,89365.0,70884.0,18481.0,0.2068,743.0,1407.0,0.0303,95914,74885,21029,0.2192,891,1839,0.0365
1709302,16801.0,13741.0,3060.0,0.1821,101.0,411.0,0.0373,16798.0,13549.0,3249.0,0.1934,95.0,280.0,0.0277,17602,14604,2998,0.1703,111,418,0.0362
1718402,2674.0,2231.0,443.0,0.1657,14.0,82.0,0.043,2674.0,2136.0,538.0,0.2012,14.0,63.0,0.036,2825,2353,472,0.1671,17,93,0.0467
5221502,4729.0,3752.0,977.0,0.2066,48.0,51.0,0.0264,4729.0,3752.0,977.0,0.2066,45.0,51.0,0.0256,4582,3634,948,0.2069,36,81,0.0322
5221601,29060.0,22294.0,6766.0,0.2328,279.0,453.0,0.0328,29077.0,22553.0,6524.0,0.2244,235.0,385.0,0.0275,30439,23078,7361,0.2418,258,569,0.0358
5221700,10406.0,8341.0,2065.0,0.1984,80.0,206.0,0.0343,10405.0,8439.0,1966.0,0.1889,80.0,185.0,0.0314,10812,8703,2109,0.1951,94,273,0.0422
5221809,3395.0,2712.0,683.0,0.2012,34.0,50.0,0.031,3396.0,2645.0,751.0,0.2211,35.0,42.0,0.0291,3949,3057,892,0.2259,30,79,0.0357
5221908,3835.0,2912.0,923.0,0.2407,26.0,56.0,0.0282,3835.0,2970.0,865.0,0.2256,16.0,62.0,0.0263,4454,3448,1006,0.2259,34,115,0.0432
5222005,10643.0,8539.0,2104.0,0.1977,124.0,181.0,0.0357,10654.0,8764.0,1890.0,0.1774,80.0,169.0,0.0284,11287,9013,2274,0.2015,80,223,0.0336
1722107,8328.0,6702.0,1626.0,0.1952,45.0,171.0,0.0322,8329.0,6637.0,1692.0,0.2031,56.0,131.0,0.0282,8639,7075,1564,0.181,42,172,0.0302
5200134,15173.0,11822.0,3351.0,0.2209,136.0,229.0,0.0309,15173.0,12094.0,3079.0,0.2029,102.0,185.0,0.0237,15970,12583,3387,0.2121,117,304,0.0335
5213087,22453.0,16666.0,5787.0,0.2577,161.0,264.0,0.0255,22451.0,16702.0,5749.0,0.2561,172.0,230.0,0.0241,22408,16554,5854,0.2612,177,351,0.0319
1715754,5517.0,4488.0,1029.0,0.1865,36.0,109.0,0.0323,5517.0,4455.0,1062.0,0.1925,27.0,76.0,0.0231,6163,4986,1177,0.191,40,154,0.0389
5214051,4862.0,3716.0,1146.0,0.2357,29.0,55.0,0.0226,4862.0,3712.0,1150.0,0.2365,21.0,56.0,0.0207,5366,3985,1381,0.2574,23,108,0.0329
5214838,9063.0,6631.0,2432.0,0.2683,46.0,100.0,0.022,9063.0,6477.0,2586.0,0.2853,40.0,93.0,0.0205,9335,7150,2185,0.2341,43,171,0.0299
5214861,6655.0,5381.0,1274.0,0.1914,62.0,102.0,0.0305,6655.0,5418.0,1237.0,0.1859,53.0,104.0,0.029,6881,5510,1371,0.1992,76,134,0.0381
5222054,6298.0,5183.0,1115.0,0.177,58.0,117.0,0.0338,6298.0,5165.0,1133.0,0.1799,44.0,102.0,0.0283,7110,5758,1352,0.1902,58,159,0.0377
1720655,4485.0,3637.0,848.0,0.1891,22.0,98.0,0.033,4485.0,3530.0,955.0,0.2129,34.0,75.0,0.0309,4865,4025,840,0.1727,28,111,0.0345
5200852,5193.0,4172.0,1021.0,0.1966,36.0,79.0,0.0276,5193.0,4171.0,1022.0,0.1968,42.0,66.0,0.0259,5599,4485,1114,0.199,37,120,0.035
1714880,7821.0,6434.0,1387.0,0.1773,42.0,200.0,0.0376,7821.0,6395.0,1426.0,0.1823,50.0,157.0,0.0324,8132,6728,1404,0.1727,58,214,0.0404
1722081,6893.0,5541.0,1352.0,0.1961,40.0,205.0,0.0442,6893.0,5367.0,1526.0,0.2214,39.0,144.0,0.0341,7391,5987,1404,0.19,50,221,0.0453
1707652,4442.0,3617.0,825.0,0.1857,18.0,69.0,0.0241,4442.0,3539.0,903.0,0.2033,39.0,59.0,0.0277,4679,3723,956,0.2043,25,88,0.0304
5202155,6035.0,4602.0,1433.0,0.2374,48.0,79.0,0.0276,6037.0,4504.0,1533.0,0.2539,31.0,72.0,0.0229,6011,4651,1360,0.2263,22,109,0.0282
5202353,3294.0,2641.0,653.0,0.1982,13.0,32.0,0.017,3296.0,2577.0,719.0,0.2181,10.0,43.0,0.0206,3626,2817,809,0.2231,24,48,0.0256
5204250,7113.0,5430.0,1683.0,0.2366,48.0,105.0,0.0282,7115.0,5531.0,1584.0,0.2226,56.0,92.0,0.0268,7232,5537,1695,0.2344,46,170,0.039
5207253,5739.0,4508.0,1231.0,0.2145,37.0,65.0,0.0226,5740.0,4561.0,1179.0,0.2054,48.0,91.0,0.0305,5670,4547,1123,0.1981,15,106,0.0266
5219753,43049.0,34009.0,9040.0,0.21,570.0,628.0,0.0352,43051.0,34217.0,8834.0,0.2052,484.0,622.0,0.0323,46706,36393,10313,0.2208,615,955,0.0431
1718758,4045.0,3448.0,597.0,0.1476,13.0,71.0,0.0244,4045.0,3246.0,799.0,0.1975,23.0,50.0,0.0225,4294,3701,593,0.1381,16,68,0.0227
5209952,11720.0,9022.0,2698.0,0.2302,139.0,246.0,0.0427,11720.0,9233.0,2487.0,0.2122,108.0,214.0,0.0349,12731,9889,2842,0.2232,105,261,0.037
1707553,3196.0,2622.0,574.0,0.1796,15.0,36.0,0.0195,3196.0,2524.0,672.0,0.2103,19.0,32.0,0.0202,3389,2718,671,0.198,30,69,0.0364
1702554,12479.0,10062.0,2417.0,0.1937,79.0,321.0,0.0398,12481.0,9949.0,2532.0,0.2029,68.0,203.0,0.0272,13639,10941,2698,0.1978,105,372,0.0436
5204656,3495.0,2725.0,770.0,0.2203,26.0,48.0,0.0272,3495.0,2653.0,842.0,0.2409,22.0,40.0,0.0234,3775,2764,1011,0.2678,26,65,0.0329
5219357,3700.0,2943.0,757.0,0.2046,31.0,43.0,0.0251,3701.0,2930.0,771.0,0.2083,27.0,53.0,0.0273,3820,2974,846,0.2215,19,77,0.0323
5200159,2794.0,2230.0,564.0,0.2019,17.0,37.0,0.0242,2794.0,2206.0,588.0,0.2105,11.0,27.0,0.0172,2963,2362,601,0.2028,17,54,0.0301
5200175,4623.0,3483.0,1140.0,0.2466,40.0,55.0,0.0273,4623.0,3533.0,1090.0,0.2358,37.0,65.0,0.0289,5099,3881,1218,0.2389,31,96,0.0327
1700350,4202.0,3337.0,865.0,0.2059,19.0,100.0,0.0357,4202.0,3237.0,965.0,0.2297,24.0,82.0,0.0327,4304,3420,884,0.2054,35,93,0.0374
1701101,3905.0,3356.0,549.0,0.1406,25.0,114.0,0.0414,3905.0,3301.0,604.0,0.1547,15.0,74.0,0.027,4670,4006,664,0.1422,27,109,0.0339
1703107,4461.0,3659.0,802.0,0.1798,39.0,82.0,0.0331,4461.0,3647.0,814.0,0.1825,27.0,53.0,0.0219,4903,4083,820,0.1672,42,111,0.0375
5300108,2206996.0,1819900.0,387096.0,0.1754,25162.0,32163.0,0.0315,2207628.0,1838492.0,369136.0,0.1672,29663.0,38203.0,0.0369,2258320,1831396,426924,0.189,25362,33226,0.032
5002159,6653.0,5128.0,1525.0,0.2292,31.0,97.0,0.025,6654.0,4966.0,1688.0,0.2537,50.0,162.0,0.0427,6487,4931,1556,0.2399,53,84,0.0278
5003256,22516.0,16083.0,6433.0,0.2857,158.0,323.0,0.0299,22516.0,16108.0,6408.0,0.2846,161.0,505.0,0.0413,22355,16061,6294,0.2815,189,307,0.0309
5003504,4701.0,4081.0,620.0,0.1319,18.0,79.0,0.0238,4701.0,4077.0,624.0,0.1327,24.0,139.0,0.04,4920,4131,789,0.1604,19,92,0.0269
5004601,14272.0,10269.0,4003.0,0.2805,101.0,231.0,0.0323,14274.0,10190.0,4084.0,0.2861,137.0,358.0,0.0486,14628,10129,4499,0.3076,96,189,0.0281
5007695,21678.0,16515.0,5163.0,0.2382,144.0,250.0,0.0239,21688.0,16562.0,5126.0,0.2364,139.0,378.0,0.0312,23080,17363,5717,0.2477,192,231,0.0244
5007802,6772.0,5167.0,1605.0,0.237,63.0,136.0,0.0385,6773.0,4986.0,1787.0,0.2638,62.0,207.0,0.054,7236,5241,1995,0.2757,109,166,0.0525
5007703,7313.0,5590.0,1723.0,0.2356,46.0,161.0,0.037,7315.0,5583.0,1732.0,0.2368,53.0,255.0,0.0552,7773,5750,2023,0.2603,56,150,0.0358
5007950,6702.0,4896.0,1806.0,0.2695,36.0,111.0,0.03,6702.0,4834.0,1868.0,0.2787,45.0,226.0,0.0561,7003,4663,2340,0.3341,53,120,0.0371
5007976,3538.0,2813.0,725.0,0.2049,16.0,41.0,0.0203,3539.0,2825.0,714.0,0.2018,25.0,86.0,0.0393,3942,2946,996,0.2527,16,35,0.0173
5105101,24409.0,17705.0,6704.0,0.2747,176.0,252.0,0.0242,24412.0,18404.0,6008.0,0.2461,144.0,242.0,0.021,25464,19298,6166,0.2421,205,371,0.0298
4321451,25028.0,21215.0,3813.0,0.1523,344.0,421.0,0.0361,25023.0,20687.0,4336.0,0.1733,328.0,507.0,0.0404,25631,21270,4361,0.1701,403,412,0.0383
4302352,10264.0,8895.0,1369.0,0.1334,180.0,115.0,0.0332,10263.0,8975.0,1288.0,0.1255,138.0,137.0,0.0306,10683,9224,1459,0.1366,124,123,0.0268
4314050,39493.0,32598.0,6895.0,0.1746,603.0,752.0,0.0416,39493.0,32791.0,6702.0,0.1697,510.0,960.0,0.0448,39009,32509,6500,0.1666,676,757,0.0441
4308458,3708.0,3252.0,456.0,0.123,51.0,34.0,0.0261,3707.0,3238.0,469.0,0.1265,41.0,49.0,0.0278,3686,3162,524,0.1422,45,43,0.0278
4311155,6159.0,5286.0,873.0,0.1417,72.0,59.0,0.0248,6157.0,5307.0,850.0,0.1381,74.0,105.0,0.0337,6196,5089,1107,0.1787,98,68,0.0326
5105150,33375.0,23957.0,9418.0,0.2822,305.0,341.0,0.027,33395.0,24695.0,8700.0,0.2605,221.0,321.0,0.0219,34218,25061,9157,0.2676,293,498,0.0316
5103452,5629.0,4512.0,1117.0,0.1984,41.0,62.0,0.0228,5629.0,4519.0,1110.0,0.1972,40.0,74.0,0.0252,5710,4645,1065,0.1865,54,125,0.0385
1301852,36529.0,30796.0,5733.0,0.1569,216.0,413.0,0.0204,36530.0,29307.0,7223.0,0.1977,239.0,1174.0,0.0482,45948,37750,8198,0.1784,356,617,0.0258
1301951,7352.0,5095.0,2257.0,0.307,17.0,122.0,0.0273,7353.0,5062.0,2291.0,0.3116,31.0,247.0,0.0549,7343,5529,1814,0.247,27,127,0.0279
1302553,14591.0,10959.0,3632.0,0.2489,46.0,176.0,0.0203,14592.0,9986.0,4606.0,0.3157,57.0,461.0,0.0519,15304,11733,3571,0.2333,67,270,0.0287
1303536,25232.0,18491.0,6741.0,0.2672,112.0,275.0,0.0209,25234.0,17719.0,7515.0,0.2978,150.0,596.0,0.0421,28343,20363,7980,0.2816,167,355,0.0256
1303569,18139.0,14387.0,3752.0,0.2068,91.0,217.0,0.0214,18139.0,13492.0,4647.0,0.2562,126.0,533.0,0.0488,23243,17468,5775,0.2485,171,280,0.0258
1303957,7352.0,5637.0,1715.0,0.2333,36.0,89.0,0.0222,7353.0,5095.0,2258.0,0.3071,58.0,212.0,0.053,7748,5883,1865,0.2407,54,112,0.0282
1304062,36929.0,27441.0,9488.0,0.2569,135.0,453.0,0.0214,36945.0,27574.0,9371.0,0.2536,214.0,1410.0,0.0589,40230,31680,8550,0.2125,260,592,0.0269
1304260,8898.0,6700.0,2198.0,0.247,30.0,78.0,0.0161,8901.0,6299.0,2602.0,0.2923,34.0,242.0,0.0438,9798,7782,2016,0.2058,29,137,0.0213
1304237,10552.0,8099.0,2453.0,0.2325,18.0,149.0,0.0206,10552.0,7960.0,2592.0,0.2456,27.0,328.0,0.0446,11653,9426,2227,0.1911,37,135,0.0182
2311355,14169.0,12285.0,1884.0,0.133,168.0,204.0,0.0303,14170.0,12327.0,1843.0,0.1301,113.0,282.0,0.032,14956,12879,2077,0.1389,181,416,0.0464
2313757,15231.0,12461.0,2770.0,0.1819,142.0,254.0,0.0318,15231.0,12250.0,2981.0,0.1957,117.0,266.0,0.0313,16067,13194,2873,0.1788,184,392,0.0437
2313955,16757.0,12855.0,3902.0,0.2329,161.0,324.0,0.0377,16757.0,12856.0,3901.0,0.2328,225.0,423.0,0.0504,15992,13452,2540,0.1588,249,497,0.0555
5003157,11692.0,9200.0,2492.0,0.2131,48.0,284.0,0.0361,11690.0,9115.0,2575.0,0.2203,63.0,432.0,0.0543,12105,9894,2211,0.1827,85,230,0.0318
5100607,7396.0,5462.0,1934.0,0.2615,48.0,89.0,0.0251,7397.0,5444.0,1953.0,0.264,40.0,76.0,0.0213,7979,6010,1969,0.2468,64,121,0.0308
5101001,3173.0,2339.0,834.0,0.2628,11.0,28.0,0.0167,3173.0,2347.0,826.0,0.2603,21.0,41.0,0.0264,3259,2444,815,0.2501,26,54,0.0327
5102603,10212.0,7418.0,2794.0,0.2736,53.0,120.0,0.0233,10212.0,7552.0,2660.0,0.2605,57.0,114.0,0.0226,11507,8377,3130,0.272,41,151,0.0229
5103106,4816.0,3232.0,1584.0,0.3289,11.0,42.0,0.0164,4816.0,3199.0,1617.0,0.3358,8.0,34.0,0.0131,5454,3797,1657,0.3038,31,76,0.0282
5104559,4231.0,2975.0,1256.0,0.2969,15.0,42.0,0.0192,4231.0,3030.0,1201.0,0.2839,19.0,26.0,0.0149,4349,3288,1061,0.244,20,70,0.0274
5105580,8924.0,6212.0,2712.0,0.3039,53.0,86.0,0.0224,8926.0,6502.0,2424.0,0.2716,31.0,88.0,0.0183,9499,6934,2565,0.27,47,176,0.0322
5106232,12507.0,9399.0,3108.0,0.2485,133.0,236.0,0.0393,12507.0,9551.0,2956.0,0.2363,115.0,185.0,0.0314,12967,10181,2786,0.2149,150,277,0.0419
5106216,9984.0,7201.0,2783.0,0.2787,93.0,68.0,0.0224,9983.0,7349.0,2634.0,0.2638,71.0,86.0,0.0214,10256,7787,2469,0.2407,77,177,0.0326
5106281,5330.0,3907.0,1423.0,0.267,13.0,55.0,0.0174,5328.0,3979.0,1349.0,0.2532,25.0,55.0,0.0201,5505,4151,1354,0.246,22,99,0.0291
5106273,3101.0,2313.0,788.0,0.2541,18.0,32.0,0.0216,3101.0,2414.0,687.0,0.2215,20.0,24.0,0.0182,3305,2604,701,0.2121,16,42,0.0223
5106422,22867.0,16821.0,6046.0,0.2644,175.0,283.0,0.0272,22868.0,17141.0,5727.0,0.2504,161.0,246.0,0.0237,23802,17679,6123,0.2572,180,306,0.0275
5106299,9182.0,6886.0,2296.0,0.2501,64.0,90.0,0.0224,9184.0,7148.0,2036.0,0.2217,63.0,76.0,0.0194,9406,7248,2158,0.2294,66,135,0.0277
5106778,8266.0,5718.0,2548.0,0.3083,44.0,99.0,0.025,8268.0,5724.0,2544.0,0.3077,52.0,78.0,0.0227,7904,6045,1859,0.2352,49,119,0.0278
5106828,7716.0,5599.0,2117.0,0.2744,34.0,117.0,0.027,7717.0,5496.0,2221.0,0.2878,44.0,88.0,0.024,8053,5944,2109,0.2619,32,173,0.0345
5107040,49910.0,38998.0,10912.0,0.2186,404.0,557.0,0.0246,49910.0,39759.0,10151.0,0.2034,300.0,514.0,0.0205,57120,44309,12811,0.2243,411,680,0.0246
5107156,1948.0,1383.0,565.0,0.29,7.0,29.0,0.026,1944.0,1361.0,583.0,0.2999,12.0,17.0,0.0213,1838,1465,373,0.2029,14,36,0.0341
5107925,67221.0,52185.0,15036.0,0.2237,451.0,560.0,0.0194,67239.0,53738.0,13501.0,0.2008,338.0,456.0,0.0148,76028,59713,16315,0.2146,486,769,0.021
5108055,8647.0,6322.0,2325.0,0.2689,69.0,75.0,0.0228,8645.0,6489.0,2156.0,0.2494,52.0,80.0,0.0203,9125,6971,2154,0.2361,83,115,0.0284
5108501,7152.0,5307.0,1845.0,0.258,76.0,84.0,0.0301,7152.0,5459.0,1693.0,0.2367,46.0,71.0,0.0214,7850,6174,1676,0.2135,62,115,0.0287
5108600,14298.0,9833.0,4465.0,0.3123,73.0,137.0,0.0214,14300.0,10098.0,4202.0,0.2938,60.0,140.0,0.0198,13846,10315,3531,0.255,95,196,0.0282
5103304,14231.0,10109.0,4122.0,0.2896,92.0,224.0,0.0313,14233.0,10157.0,4076.0,0.2864,75.0,152.0,0.0223,14317,10499,3818,0.2667,80,264,0.0328
5103809,3027.0,2177.0,850.0,0.2808,22.0,39.0,0.028,3027.0,2228.0,799.0,0.264,12.0,32.0,0.0197,2866,2325,541,0.1888,20,56,0.0327
5104104,22602.0,16340.0,6262.0,0.2771,151.0,203.0,0.0217,22601.0,17005.0,5596.0,0.2476,124.0,169.0,0.0172,22729,17632,5097,0.2243,131,266,0.0225
5104500,1932.0,1518.0,414.0,0.2143,13.0,17.0,0.0198,1928.0,1490.0,438.0,0.2272,11.0,30.0,0.0275,2028,1663,365,0.18,9,42,0.0307
