ibge,municipio,uf,capital,aptos_26,ausentes_26,votos_lula_26,votos_flavio_26,votos_terceiros_26,terceiros_26_pct,caiado_26_pct,renan_26_pct,cury_26_pct,lula_22_pct,bolsonaro_22_pct,lula_2t22_pct,abstencao_22_pct,arranjo_codigo,arranjo_nome
1100015,Alta Floresta D'Oeste,RO,0,18187,3835,3533,9816,662,4.7,1.5,1.2,1.8,29.0,65.9,28.8,27.4,,
1100023,Ariquemes,RO,0,72512,16850,9939,41652,3001,5.5,1.1,2.0,2.2,21.0,73.5,20.9,26.2,,
1100031,Cabixi,RO,0,4950,998,1046,2646,178,4.6,1.3,1.0,2.1,32.3,62.8,31.5,24.9,,
1100049,Cacoal,RO,0,69974,14942,12099,37751,3964,7.4,2.3,2.2,2.5,24.0,69.5,24.7,23.2,,
1100056,Cerejeiras,RO,0,13278,2867,1805,7945,485,4.7,1.2,1.5,1.8,19.9,74.7,20.2,22.4,,
1100064,Colorado Do Oeste,RO,0,13478,3331,2228,7050,586,5.9,1.8,1.5,2.2,26.1,68.2,26.4,27.4,,
1100072,Corumbiara,RO,0,5751,1165,1317,2944,234,5.2,1.6,1.3,2.0,35.4,58.1,36.2,21.6,,
1100080,Costa Marques,RO,0,9103,2058,2216,4413,276,4.0,1.2,1.4,1.3,37.8,57.6,36.5,27.6,,
1100098,Espigão Do Oeste,RO,0,23348,4936,3530,13446,1047,5.8,2.1,1.3,2.0,24.1,70.6,23.6,23.7,,
1100106,Guajará-Mirim,RO,0,28928,7015,7825,12523,1101,5.1,1.4,1.7,1.8,34.2,59.1,34.5,25.6,,
1100114,Jaru,RO,0,41260,9555,6201,22967,1796,5.8,1.3,1.9,2.3,23.4,71.0,23.1,30.2,,
1100122,Ji-Paraná,RO,0,97939,22328,16702,52832,4562,6.2,1.7,2.1,2.1,24.2,69.8,24.5,24.7,,
1100130,Machadinho D'Oeste,RO,0,25008,6491,4362,12914,938,5.2,1.6,1.3,2.0,29.2,65.4,29.2,30.1,,
1100148,Nova Brasilândia D'Oeste,RO,0,13407,2372,2620,7601,599,5.5,1.9,1.2,2.1,27.1,67.3,27.7,25.3,,
1100155,Ouro Preto Do Oeste,RO,0,28282,6454,5142,14956,1254,5.9,1.3,1.7,2.6,28.0,66.0,28.6,31.0,,
1100189,Pimenta Bueno,RO,0,27485,6112,4520,15080,1190,5.7,1.7,1.6,2.2,24.8,69.8,24.8,23.0,,
1100205,Porto Velho,RO,1,367902,73500,90889,169992,25457,8.9,2.1,2.7,3.6,34.2,56.8,35.4,21.0,1100205,Porto Velho/RO
1100254,Presidente Médici,RO,0,15677,3572,2807,8293,723,6.1,1.8,1.7,2.4,25.8,67.7,26.7,26.1,,
1100262,Rio Crespo,RO,0,3508,827,539,1981,109,4.2,1.8,0.8,1.2,25.4,69.6,25.2,28.1,,
1100288,Rolim De Moura,RO,0,41088,9724,7001,21501,2022,6.6,1.8,1.9,2.6,26.0,67.9,26.0,26.2,,
1100296,Santa Luzia D'Oeste,RO,0,6813,1483,1580,3293,302,5.8,1.7,1.5,2.4,33.0,60.2,34.2,28.1,,
1100304,Vilhena,RO,0,71595,16995,10327,39614,3314,6.2,1.5,2.1,2.2,22.2,71.9,22.6,23.7,,
1100320,São Miguel Do Guaporé,RO,0,17091,3357,3704,8939,793,5.9,1.6,1.6,2.4,31.6,62.2,31.8,25.6,,
1100338,Nova Mamoré,RO,0,19455,4215,2781,11731,478,3.2,0.8,1.1,1.2,23.1,73.2,22.1,25.6,,
1100346,Alvorada Do Oeste,RO,0,11029,2351,2658,5358,465,5.5,1.5,1.0,2.7,34.8,58.9,35.6,29.9,,
1100379,Alto Alegre Dos Parecis,RO,0,8837,1774,1931,4627,330,4.8,1.7,1.3,1.7,31.1,63.0,31.9,22.7,,
1100403,Alto Paraíso,RO,0,12087,2664,1746,7110,370,4.0,1.2,1.2,1.4,24.3,71.6,23.7,26.5,,
1100452,Buritis,RO,0,23318,5531,2889,13793,796,4.5,1.0,1.1,2.2,20.9,74.6,20.7,30.9,,
1100502,Novo Horizonte Do Oeste,RO,0,7035,1200,1737,3639,339,5.9,2.0,1.3,2.3,34.9,58.8,35.1,20.5,,
1100601,Cacaulândia,RO,0,3901,800,599,2278,156,5.1,1.4,1.4,2.0,24.7,70.0,23.9,24.3,,
1100700,Campo Novo De Rondônia,RO,0,7516,1602,1270,4218,337,5.8,1.6,1.6,2.5,27.3,66.8,27.7,28.2,,
1100809,Candeias Do Jamari,RO,0,20465,4945,4864,9310,1022,6.7,2.0,1.9,2.6,38.3,55.7,37.6,27.5,1100205,Porto Velho/RO
1100908,Castanheiras,RO,0,3409,694,879,1616,159,6.0,2.1,1.7,2.1,39.4,54.9,38.9,25.3,,
1100924,Chupinguaia,RO,0,7696,2197,1426,3752,216,4.0,1.3,1.1,1.5,33.5,62.4,32.1,30.0,,
1100940,Cujubim,RO,0,11176,2558,1481,6631,341,4.0,1.2,1.1,1.6,23.4,72.3,22.9,28.8,,
1101005,Governador Jorge Teixeira,RO,0,7203,1443,1339,3949,345,6.1,2.1,1.5,2.3,29.2,64.6,29.8,27.0,,
1101104,Itapuã Do Oeste,RO,0,7204,1761,1485,3460,391,7.3,1.7,1.4,4.1,38.2,55.5,37.5,29.2,,
1101203,Ministro Andreazza,RO,0,6153,1222,1471,3093,248,5.2,1.9,1.2,1.9,34.0,60.6,34.5,22.8,,
1101302,Mirante Da Serra,RO,0,8333,1667,2125,4003,367,5.7,1.9,1.5,2.0,36.6,58.2,37.1,28.6,,
1101401,Monte Negro,RO,0,10191,2366,1662,5613,409,5.3,1.8,1.2,2.2,25.4,69.4,24.9,27.5,,
1101435,Nova União,RO,0,5350,999,1634,2424,216,5.0,1.6,1.3,1.9,43.1,52.5,43.4,25.8,,
1101450,Parecis,RO,0,3875,914,942,1765,195,6.7,2.6,1.6,2.5,39.2,55.1,39.1,23.9,,
1101468,Pimenteiras Do Oeste,RO,0,2286,528,485,1185,66,3.8,0.7,0.7,2.3,33.9,60.8,34.4,24.1,,
1101476,Primavera De Rondônia,RO,0,3047,545,540,1746,150,6.2,2.1,1.7,2.1,26.5,67.7,25.5,21.2,,
1101484,São Felipe D'Oeste,RO,0,4530,915,1007,2293,209,6.0,1.6,1.2,2.9,30.4,61.7,31.9,22.9,,
1101492,São Francisco Do Guaporé,RO,0,12702,2603,2210,7180,547,5.5,1.5,1.4,2.5,28.6,66.9,28.3,25.3,,
1101500,Seringueiras,RO,0,9666,1782,2248,5117,367,4.8,1.6,1.0,1.9,34.0,60.8,34.3,26.4,,
1101559,Teixeirópolis,RO,0,3927,753,1035,1938,132,4.2,1.4,0.9,1.7,37.2,58.7,36.8,25.5,,
1101609,Theobroma,RO,0,7587,1560,1638,3966,307,5.2,1.5,0.9,2.5,31.5,62.0,31.9,27.6,,
1101708,Urupá,RO,0,9186,1881,2027,4765,350,4.9,1.4,1.2,2.2,32.6,61.9,33.5,28.6,,
1101757,Vale Do Anari,RO,0,6627,1451,1270,3524,291,5.7,1.6,1.0,2.9,28.1,65.8,28.9,25.7,,
1101807,Vale Do Paraíso,RO,0,5538,1125,1356,2755,212,4.9,1.6,1.4,1.7,34.9,59.9,35.2,28.1,,
1200013,Acrelândia,AC,0,10207,2152,1508,5940,343,4.4,1.8,1.1,1.5,21.3,73.6,21.5,23.4,,
1200054,Assis Brasil,AC,0,7294,1549,2015,3274,232,4.2,0.9,0.7,2.2,41.1,55.3,41.1,21.5,,
1200104,Brasiléia,AC,0,19978,4071,3965,10709,713,4.6,1.2,1.3,1.9,29.5,64.7,29.2,20.1,1200104,Internacional de Cobija/Bolívia - Brasiléia/Brasil
1200138,Bujari,AC,0,11152,2495,2394,5531,383,4.6,1.6,0.8,2.0,29.3,62.0,29.4,24.3,,
1200179,Capixaba,AC,0,8170,1657,1732,4227,339,5.4,2.1,1.2,1.7,27.1,65.6,27.4,21.3,,
1200203,Cruzeiro Do Sul,AC,0,63851,12369,12368,34218,3070,6.2,1.4,1.9,2.7,23.8,68.5,23.4,21.2,,
1200252,Epitaciolândia,AC,0,14599,2897,2656,8129,497,4.4,1.2,1.2,1.8,26.8,67.2,26.8,20.6,1200104,Internacional de Cobija/Bolívia - Brasiléia/Brasil
1200302,Feijó,AC,0,24197,6041,7435,9069,792,4.6,1.2,0.9,2.2,52.1,40.7,52.7,30.3,,
1200328,Jordão,AC,0,5999,1485,2147,1935,217,5.0,1.0,0.3,3.5,55.1,37.7,58.0,25.9,,
1200336,Mâncio Lima,AC,0,14657,2568,3481,7749,459,3.9,0.6,1.1,2.2,31.6,63.1,30.0,23.3,,
1200344,Manoel Urbano,AC,0,8602,1885,2415,3823,194,3.0,0.8,0.9,1.2,37.9,56.8,41.5,25.9,,
1200351,Marechal Thaumaturgo,AC,0,11897,2545,3365,5369,344,3.8,1.1,0.5,2.1,40.2,51.5,42.5,27.1,,
1200385,Plácido De Castro,AC,0,12291,2360,2473,6580,515,5.4,1.7,1.2,2.2,26.0,66.1,27.2,21.1,,
1200393,Porto Walter,AC,0,8032,1512,3208,2780,308,4.9,1.0,0.8,3.1,48.3,38.9,52.9,21.8,,
1200401,Rio Branco,AC,1,270174,54610,56423,131895,18536,9.0,2.5,2.3,3.8,26.3,64.0,27.5,21.0,,
1200427,Rodrigues Alves,AC,0,12185,1967,2355,7154,422,4.2,1.5,0.8,1.9,20.7,73.9,19.5,22.9,,
1200435,Santa Rosa Do Purus,AC,0,3927,1043,1384,1258,100,3.6,0.9,0.6,2.0,53.9,40.8,51.9,30.7,,
1200450,Senador Guiomard,AC,0,18638,3472,3536,10111,909,6.2,1.8,1.3,2.8,25.6,66.4,26.0,20.2,,
1200500,Sena Madureira,AC,0,30864,6203,5787,16640,1215,5.1,1.2,1.5,2.3,26.7,65.7,26.8,25.9,,
1200609,Tarauacá,AC,0,29970,7367,8099,12435,974,4.5,1.2,1.0,1.8,43.5,49.4,42.9,30.1,,
1200708,Xapuri,AC,0,12774,2489,3366,6055,383,3.9,1.0,1.3,1.4,40.3,54.9,41.1,20.0,,
1200807,Porto Acre,AC,0,14284,2675,2658,7926,544,4.9,1.5,1.0,2.0,24.3,68.8,23.9,19.7,,
1300029,Alvarães,AM,0,12444,2605,6537,2691,472,4.9,0.8,1.1,2.9,70.8,23.5,74.0,23.4,,
1300060,Amaturá,AM,0,7522,1153,4735,1348,169,2.7,1.0,0.5,1.1,73.0,21.7,76.7,20.5,,
1300086,Anamã,AM,0,9177,2301,4272,2182,280,4.2,0.8,0.7,2.6,61.7,32.1,64.5,25.3,,
1300102,Anori,AM,0,11109,2374,4628,3499,449,5.2,1.2,1.3,2.7,56.5,37.9,56.9,24.1,,
1300144,Apuí,AM,0,11540,3090,2042,5895,369,4.4,1.1,0.9,2.4,37.0,58.9,36.3,32.1,,
1300201,Atalaia Do Norte,AM,0,9508,2543,4854,1732,229,3.4,1.6,0.8,0.9,77.9,17.3,80.4,30.9,,
1300300,Autazes,AM,0,32340,8273,13259,9013,1117,4.8,0.8,1.2,2.8,63.4,32.1,64.3,24.1,,
1300409,Barcelos,AM,0,12648,4642,4187,3161,423,5.4,0.9,1.2,3.1,63.3,31.1,65.0,36.0,,
1300508,Barreirinha,AM,0,22727,4294,15878,1612,615,3.4,0.7,0.7,1.9,89.2,7.3,91.4,20.6,,
1300607,Benjamin Constant,AM,0,24218,4131,15294,3717,677,3.4,0.7,0.9,1.8,82.0,14.2,83.6,23.9,,
1300631,Beruri,AM,0,15139,3591,6883,4072,395,3.5,1.2,1.0,1.3,62.6,33.4,63.0,24.6,,
1300680,Boa Vista Do Ramos,AM,0,13666,3040,8778,1339,353,3.4,0.6,1.0,1.7,86.4,10.3,88.0,23.8,,
1300706,Boca Do Acre,AM,0,23223,5629,6531,9804,723,4.2,1.4,0.9,1.8,46.0,48.6,45.3,29.4,,
1300805,Borba,AM,0,24462,5454,13307,4560,722,3.9,0.7,0.8,2.4,76.4,19.9,79.0,20.7,,
1300839,Caapiranga,AM,0,9486,2419,4291,2313,302,4.4,0.7,0.7,2.8,65.0,30.2,66.8,26.0,,
1300904,Canutama,AM,0,10740,2808,3653,3655,420,5.4,1.9,0.9,2.5,56.2,38.9,54.5,30.2,,
1301001,Carauari,AM,0,20927,6009,9690,3935,831,5.8,1.5,1.4,2.8,74.0,19.5,78.9,34.7,,
1301100,Careiro,AM,0,27452,7236,11262,7072,1192,6.1,1.5,1.3,3.1,61.3,32.1,64.1,27.5,,
1301159,Careiro Da Várzea,AM,0,18436,4387,7982,5092,665,4.8,1.6,0.7,2.4,60.3,33.0,62.5,22.2,,
1301209,Coari,AM,0,51479,13338,21874,14023,1476,4.0,0.8,1.0,2.0,58.3,36.3,60.7,30.6,,
1301308,Codajás,AM,0,17092,3930,7344,4984,540,4.2,0.8,1.1,2.2,59.1,37.1,60.4,27.7,,
1301407,Eirunepé,AM,0,22838,7244,8665,5334,943,6.3,2.0,0.7,3.5,71.1,23.1,74.1,27.6,,
1301506,Envira,AM,0,10870,3030,4354,2465,694,9.2,2.1,1.1,5.8,69.3,22.9,72.0,37.7,,
1301605,Fonte Boa,AM,0,17120,4057,9303,3063,432,3.4,0.9,0.7,1.8,74.3,21.4,77.2,28.6,,
1301654,Guajará,AM,0,12171,2969,3049,5489,356,4.0,1.0,0.6,2.3,40.4,53.5,39.6,32.5,,
1301704,Humaitá,AM,0,34907,7448,10608,14741,1490,5.5,1.1,1.3,2.9,52.6,41.1,53.1,25.7,,
1301803,Ipixuna,AM,0,11575,3120,4479,3302,354,4.3,2.2,0.6,1.6,64.3,27.7,68.1,35.4,,
1301852,Iranduba,AM,0,45948,8198,18677,15886,2214,6.0,1.3,1.4,3.2,54.3,39.2,54.9,15.7,,
1301902,Itacoatiara,AM,0,76067,17682,33740,20163,3250,5.7,1.1,1.4,3.1,62.0,31.5,64.0,22.9,,
1301951,Itamarati,AM,0,7343,1814,3274,1863,238,4.4,1.7,0.8,1.9,72.8,22.7,76.9,30.7,,
1302009,Itapiranga,AM,0,9689,2221,3895,3096,345,4.7,0.8,1.4,2.4,57.9,38.5,59.0,22.7,,
1302108,Japurá,AM,0,5709,1793,1775,1856,211,5.5,1.2,0.5,3.7,56.4,34.7,61.1,33.6,,
1302207,Juruá,AM,0,7620,2004,2919,2202,288,5.3,1.5,0.7,3.0,58.7,33.2,61.4,32.4,,
1302306,Jutaí,AM,0,15903,4919,6095,4178,389,3.6,1.0,0.7,1.9,70.0,22.6,75.6,33.7,,
1302405,Lábrea,AM,0,29351,6888,12464,8489,1054,4.8,1.4,0.9,2.5,63.8,30.8,65.2,29.3,,
1302504,Manacapuru,AM,0,81115,17036,32183,27295,3083,4.9,1.0,1.2,2.6,54.1,40.6,54.5,20.8,,
1302553,Manaquiri,AM,0,15304,3571,7301,3563,532,4.7,1.2,0.7,2.6,67.1,28.2,69.3,24.9,,
1302603,Manaus,AM,1,1477265,254036,439027,641864,101648,8.6,1.5,2.1,4.5,37.0,53.5,38.7,15.2,,
1302702,Manicoré,AM,0,33789,6950,15214,10039,1073,4.1,0.9,0.9,2.2,63.9,30.9,65.3,26.0,,
1302801,Maraã,AM,0,9995,2967,4369,2282,221,3.2,0.8,0.5,1.8,70.1,25.7,72.5,39.6,,
1302900,Maués,AM,0,38063,9297,22574,4655,960,3.4,0.6,1.1,1.7,83.0,13.8,85.0,25.9,,
1303007,Nhamundá,AM,0,15833,3558,9762,1952,349,2.9,0.7,0.7,1.5,83.9,13.1,86.0,22.2,1303007,Nhamundá/AM
1303106,Nova Olinda Do Norte,AM,0,19945,4237,10308,3902,1108,7.2,0.9,1.2,5.1,76.9,18.0,79.1,24.9,,
1303205,Novo Airão,AM,0,13332,3574,4507,4377,613,6.5,1.1,1.5,3.8,51.7,42.2,52.8,22.7,,
1303304,Novo Aripuanã,AM,0,13283,3360,6403,2938,361,3.7,0.9,0.6,2.1,73.8,21.9,76.2,31.0,,
1303403,Parintins,AM,0,73020,16329,43822,9489,2400,4.3,0.7,1.4,2.1,79.5,14.6,82.6,24.3,,
1303502,Pauini,AM,0,11565,3000,4710,3345,322,3.8,1.1,0.6,2.1,68.7,27.0,68.4,32.3,,
1303536,Presidente Figueiredo,AM,0,28343,7980,9258,9206,1377,6.9,1.0,1.6,4.2,51.6,41.5,53.2,26.7,,
1303569,Rio Preto Da Eva,AM,0,23243,5775,8281,7738,998,5.9,1.1,1.4,3.1,51.9,41.5,52.6,20.7,,
1303601,Santa Isabel Do Rio Negro,AM,0,9379,2799,4355,1730,252,4.0,1.1,0.8,2.0,71.0,23.3,73.9,37.5,,
1303700,Santo Antônio Do Içá,AM,0,18469,3488,10172,3983,530,3.6,0.9,0.8,1.9,71.5,24.3,73.8,22.0,,
1303809,São Gabriel Da Cachoeira,AM,0,32420,8328,18454,4638,697,2.9,0.6,1.0,1.2,79.1,17.5,80.6,32.5,,
1303908,São Paulo De Olivença,AM,0,21421,3503,13914,3067,631,3.6,1.2,0.6,1.8,81.4,13.9,84.2,19.6,,
1303957,São Sebastião Do Uatumã,AM,0,7748,1865,2895,2539,283,5.0,1.1,1.1,2.6,51.4,42.1,52.8,23.3,,
1304005,Silves,AM,0,9656,2115,5612,1480,323,4.4,0.9,0.9,2.4,79.9,16.2,81.5,21.8,,
1304062,Tabatinga,AM,0,40230,8550,19470,10073,1285,4.2,1.3,1.1,1.6,64.9,29.0,66.9,25.7,,
1304104,Tapauá,AM,0,14621,3867,4807,5234,460,4.4,1.4,0.8,2.1,50.0,44.3,54.0,30.8,,
1304203,Tefé,AM,0,49827,10341,22775,14319,1654,4.3,1.0,1.0,2.2,62.6,32.8,64.2,19.1,,
1304237,Tonantins,AM,0,11653,2227,7157,1855,242,2.6,0.7,0.6,1.4,80.2,15.6,82.9,23.2,,
1304260,Uarini,AM,0,9798,2016,4761,2576,279,3.7,1.1,0.5,2.0,65.8,28.2,67.9,24.7,,
1304302,Urucará,AM,0,12648,3241,6578,2309,291,3.2,0.6,0.8,1.7,75.8,20.0,76.8,26.7,,
1304401,Urucurituba,AM,0,14200,3418,7749,2490,354,3.3,0.8,0.9,1.6,78.6,18.8,79.4,25.9,,
1400027,Amajari,RR,0,7631,1111,1426,4635,282,4.5,1.1,1.0,2.2,21.8,73.0,22.8,13.8,,
1400050,Alto Alegre,RR,0,13408,2061,2657,7951,498,4.5,1.0,1.2,2.0,26.0,67.6,26.0,14.8,,
1400100,Boa Vista,RR,1,241509,41938,37547,143225,14422,7.4,1.3,2.6,3.1,19.1,72.3,20.5,17.2,,
1400159,Bonfim,RR,0,12329,2238,3037,6564,291,2.9,0.6,0.9,1.3,30.7,64.9,31.4,15.2,,
1400175,Cantá,RR,0,17613,2978,3667,10037,657,4.6,1.3,1.2,1.9,26.4,66.8,27.2,15.4,,
1400209,Caracaraí,RR,0,15259,2807,2987,8598,585,4.8,0.9,1.4,2.3,28.1,66.0,27.8,17.4,,
1400233,Caroebe,RR,0,7649,1037,1201,4989,283,4.4,1.1,1.4,1.7,19.5,75.4,19.8,13.1,,
1400282,Iracema,RR,0,7593,1440,1295,4384,304,5.1,0.9,1.1,2.9,29.5,64.5,29.7,13.4,,
1400308,Mucajaí,RR,0,14383,2380,2022,9218,494,4.2,0.9,1.2,1.9,21.9,73.1,21.2,16.2,,
1400407,Normandia,RR,0,9686,1319,3558,4440,249,3.0,0.4,0.7,1.8,40.9,56.1,41.8,12.7,,
1400456,Pacaraima,RR,0,9762,1678,3065,4619,257,3.2,0.5,1.1,1.5,34.2,61.5,36.1,19.4,,
1400472,Rorainópolis,RR,0,23761,4707,4189,13503,902,4.8,0.7,1.7,2.2,27.0,67.3,26.7,18.6,,
1400506,São João Da Baliza,RR,0,5728,885,1154,3319,256,5.4,1.3,1.6,2.3,33.0,60.8,33.1,13.5,,
1400605,São Luiz,RR,0,6082,968,1240,3513,230,4.6,0.9,1.3,2.2,28.9,65.5,27.8,15.5,,
1400704,Uiramutã,RR,0,9128,1202,5375,2327,93,1.2,0.2,0.3,0.6,66.6,31.6,68.2,12.5,,
1500107,Abaetetuba,PA,0,123890,17568,74035,24765,4076,4.0,0.6,1.5,1.7,72.0,22.6,74.2,16.4,,
1500131,Abel Figueiredo,PA,0,6010,1409,2182,2081,141,3.2,0.3,0.8,1.9,57.4,37.7,57.1,22.4,,
1500206,Acará,PA,0,48817,7955,25654,11954,1590,4.1,1.1,1.0,1.8,65.4,27.1,69.1,14.7,,
1500305,Afuá,PA,0,29760,6459,14123,7018,1102,5.0,0.7,1.0,3.2,61.6,27.9,66.9,21.6,,
1500347,Água Azul Do Norte,PA,0,10878,2515,2433,5316,376,4.6,1.3,0.8,2.5,41.0,54.7,41.4,22.0,,
1500404,Alenquer,PA,0,45624,8602,16099,18312,1436,4.0,0.7,1.1,2.0,48.4,44.3,50.7,19.1,,
1500503,Almeirim,PA,0,23890,6012,11089,5534,585,3.4,0.3,1.2,1.8,67.8,27.6,70.2,25.1,1600279,Laranjal do Jari/AP - Almeirim/PA
1500602,Altamira,PA,0,86743,19285,20416,41004,3410,5.3,1.0,1.9,2.1,36.9,57.8,37.5,27.1,,
1500701,Anajás,PA,0,22636,4725,8404,7411,1226,7.2,1.0,1.8,4.3,46.6,44.4,50.8,26.7,,
1500800,Ananindeua,PA,0,358249,60843,127573,130954,25122,8.9,1.7,2.9,3.8,45.3,43.6,49.7,17.5,1501402,Belém/PA
1500859,Anapu,PA,0,25278,6149,4771,13113,569,3.1,1.1,0.8,1.2,38.8,57.2,38.4,25.3,,
1500909,Augusto Corrêa,PA,0,39219,7575,20300,8171,1526,5.1,0.9,1.1,3.0,67.7,23.5,73.1,19.6,,
1500958,Aurora Do Pará,PA,0,18265,3617,8980,4466,502,3.6,0.6,1.0,1.9,68.7,25.1,71.3,25.9,,
1501006,Aveiro,PA,0,11870,2777,4498,4043,275,3.1,1.0,0.7,1.4,58.3,36.3,60.0,29.0,,
1501105,Bagre,PA,0,16607,3448,9427,2849,349,2.8,0.3,0.9,1.5,75.4,19.8,78.7,25.5,,
1501204,Baião,PA,0,27595,4628,15458,6006,654,3.0,0.5,0.8,1.5,72.5,22.4,74.8,20.2,,
1501253,Bannach,PA,0,3170,777,690,1525,107,4.6,1.6,1.0,1.9,38.9,56.8,37.1,24.7,,
1501303,Barcarena,PA,0,102889,19175,47254,27194,5730,7.2,0.9,2.4,3.6,61.1,30.8,64.7,17.7,,
1501402,Belém,PA,1,1048781,182252,396570,361377,68271,8.3,1.8,2.6,3.4,45.7,43.2,50.3,17.1,1501402,Belém/PA
1501451,Belterra,PA,0,17778,3425,6023,7175,635,4.6,1.0,1.8,1.8,50.5,43.1,51.9,18.7,,
1501501,Benevides,PA,0,49269,7914,19932,17146,2383,6.0,1.2,1.9,2.6,51.8,40.2,54.3,18.7,1501402,Belém/PA
1501576,Bom Jesus Do Tocantins,PA,0,12477,2846,4360,4521,375,4.0,0.8,1.0,2.1,53.5,41.0,54.9,20.1,,
1501600,Bonito,PA,0,12897,2276,6451,3159,470,4.7,0.9,1.2,2.5,67.8,24.5,70.9,16.7,,
1501709,Bragança,PA,0,94963,18480,41880,26670,4914,6.7,1.2,1.7,3.6,58.4,32.9,62.5,21.2,,
1501725,Brasil Novo,PA,0,16697,3221,3429,9164,436,3.4,0.8,1.0,1.4,32.5,62.6,33.7,19.7,,
1501758,Brejo Grande Do Araguaia,PA,0,6821,1405,2648,2433,151,2.9,0.6,1.0,1.2,56.1,39.4,56.9,16.9,,
1501782,Breu Branco,PA,0,32173,7814,11864,10484,980,4.2,0.7,1.2,2.1,55.9,38.6,57.2,30.8,,
1501808,Breves,PA,0,77288,15391,35854,20877,2574,4.3,0.7,1.4,2.1,60.3,33.1,63.1,25.5,,
1501907,Bujaru,PA,0,21846,2947,12347,5255,654,3.6,1.1,0.7,1.7,67.2,26.3,70.3,17.2,,
1501956,Cachoeira Do Piriá,PA,0,14421,2730,7191,3590,406,3.6,0.6,0.9,2.1,70.7,23.6,73.6,27.0,,
1502004,Cachoeira Do Arari,PA,0,18975,3728,11255,2982,374,2.6,0.9,0.5,1.1,75.8,17.9,79.5,23.7,,
1502103,Cametá,PA,0,106190,13897,67400,19380,2549,2.9,0.3,1.1,1.3,73.8,20.9,76.0,16.4,,
1502152,Canaã Dos Carajás,PA,0,73378,18350,16676,33546,3185,6.0,0.8,2.0,3.0,36.5,59.0,37.0,25.5,,
1502202,Capanema,PA,0,54759,9694,23613,16976,2517,5.8,0.9,2.1,2.6,57.8,35.2,60.0,18.6,,
1502301,Capitão Poço,PA,0,42609,6865,20007,12771,1521,4.4,0.6,1.5,2.3,61.3,32.4,64.1,16.6,,
1502400,Castanhal,PA,0,143934,23565,49063,57961,8818,7.6,1.6,2.1,3.7,44.3,46.5,47.8,16.9,,
1502509,Chaves,PA,0,15966,4479,7098,3305,423,3.9,1.0,0.6,2.3,63.5,27.9,67.3,29.2,,
1502608,Colares,PA,0,12702,2259,7126,2462,442,4.4,0.8,1.1,2.3,71.2,20.7,75.4,19.7,,
1502707,Conceição Do Araguaia,PA,0,33537,8448,8907,13757,1297,5.4,1.8,1.4,2.0,42.9,50.4,44.2,26.1,,
1502756,Concórdia Do Pará,PA,0,24113,3935,11158,7737,536,2.8,0.5,1.0,1.1,61.1,34.0,63.2,19.8,,
1502764,Cumaru Do Norte,PA,0,8216,2116,1929,3864,137,2.3,0.5,0.5,1.2,36.7,60.0,37.6,24.4,,
1502772,Curionópolis,PA,0,17009,3930,4765,7212,557,4.4,0.5,1.5,2.3,46.3,48.9,47.1,27.4,,
1502806,Curralinho,PA,0,25964,4511,15895,4207,548,2.6,0.4,1.3,0.9,76.0,19.5,78.1,20.7,,
1502855,Curuá,PA,0,11427,1834,6668,2292,348,3.7,0.3,0.6,2.7,73.6,20.5,77.0,15.3,,
1502905,Curuçá,PA,0,36832,7567,19407,7417,1088,3.9,0.7,1.0,2.1,69.6,24.2,72.7,21.1,,
1502939,Dom Eliseu,PA,0,30137,6016,10038,12367,952,4.1,0.6,1.7,1.7,52.4,42.9,51.8,24.6,,
1502954,Eldorado Dos Carajás,PA,0,20306,4051,6895,8096,630,4.0,1.0,1.3,1.7,49.2,45.6,49.5,27.7,,
1503002,Faro,PA,0,7131,1714,3894,1242,144,2.7,0.2,1.0,1.5,79.2,17.5,80.0,26.0,1303007,Nhamundá/AM
1503044,Floresta Do Araguaia,PA,0,13756,2917,4084,5926,407,3.9,0.9,1.0,1.9,45.2,50.2,46.5,22.6,,
1503077,Garrafão Do Norte,PA,0,22326,4184,10723,5663,780,4.5,0.9,1.2,2.3,69.0,23.5,73.2,24.2,,
1503093,Goianésia Do Pará,PA,0,21405,4564,7830,7667,693,4.3,0.9,1.1,2.2,56.4,38.1,57.0,27.4,,
1503101,Gurupá,PA,0,24520,3864,13613,5808,542,2.7,0.4,0.9,1.4,69.4,25.5,71.6,18.6,,
1503200,Igarapé-Açu,PA,0,31175,4874,16703,7277,1044,4.2,0.8,1.3,2.0,69.0,24.1,72.5,19.9,,
1503309,Igarapé-Miri,PA,0,53657,7701,27542,14783,1893,4.3,1.0,1.1,2.0,61.3,32.0,64.2,18.7,,
1503408,Inhangapi,PA,0,9354,1359,4430,2860,385,5.0,1.4,1.1,2.4,58.5,33.3,62.9,13.5,,
1503457,Ipixuna Do Pará,PA,0,24689,5346,10829,6832,689,3.8,0.6,1.3,1.8,63.8,30.4,65.8,26.1,,
1503507,Irituia,PA,0,26388,4311,14585,5721,1009,4.7,0.8,1.2,2.6,70.5,22.2,74.7,21.3,,
1503606,Itaituba,PA,0,85347,21702,16245,42299,2700,4.4,0.8,1.4,2.1,36.9,57.8,37.5,31.2,,
1503705,Itupiranga,PA,0,32730,7234,12516,11137,992,4.0,0.7,1.2,2.0,59.9,35.4,60.5,28.4,,
1503754,Jacareacanga,PA,0,13777,3551,4694,4841,173,1.8,0.4,0.5,0.8,49.7,45.2,53.1,32.2,,
1503804,Jacundá,PA,0,30585,6064,10825,11463,1106,4.7,1.0,1.3,2.3,54.6,39.5,55.9,27.4,,
1503903,Juruti,PA,0,39112,7328,17817,11942,1143,3.7,0.4,1.0,2.2,56.9,37.5,58.9,20.7,,
1504000,Limoeiro Do Ajuru,PA,0,22959,3388,13910,4401,529,2.8,0.4,0.8,1.6,69.6,23.8,73.2,16.8,,
1504059,Mãe Do Rio,PA,0,25345,4468,9709,9396,853,4.3,0.7,1.3,2.1,52.4,40.5,54.3,25.3,,
1504109,Magalhães Barata,PA,0,8796,1626,4579,2100,279,4.0,0.9,1.1,2.0,65.9,27.5,69.9,20.2,,
1504208,Marabá,PA,0,179940,34252,56350,76354,7602,5.4,1.0,1.8,2.4,44.8,49.0,46.0,23.1,,
1504307,Maracanã,PA,0,27798,4836,14545,6786,894,4.0,0.5,0.8,2.6,65.5,28.1,68.8,17.3,,
1504406,Marapanim,PA,0,25293,4504,12915,6308,781,3.9,0.8,1.1,1.9,64.0,28.5,67.4,17.9,,
1504422,Marituba,PA,0,90873,15816,35565,30495,5667,7.9,1.5,2.6,3.5,50.2,40.6,53.9,17.6,1501402,Belém/PA
1504455,Medicilândia,PA,0,20484,4102,3806,11318,662,4.2,0.9,1.2,1.9,31.7,62.5,32.7,22.6,,
1504505,Melgaço,PA,0,19565,4258,9241,4952,455,3.1,0.4,1.1,1.5,64.0,30.7,67.7,28.3,,
1504604,Mocajuba,PA,0,29081,4908,16587,5901,872,3.7,0.4,1.2,2.0,71.8,22.8,74.4,19.4,,
1504703,Moju,PA,0,56811,9581,29900,13493,2064,4.5,0.7,1.4,2.2,69.5,24.9,72.1,19.5,,
1504752,Mojuí Dos Campos,PA,0,24248,5081,5740,11924,790,4.3,1.1,1.4,1.7,39.3,54.5,41.0,20.5,,
1504802,Monte Alegre,PA,0,52563,9605,18579,21437,1607,3.9,0.8,1.0,2.0,46.8,46.2,48.4,21.8,,
1504901,Muaná,PA,0,30413,5588,17644,5394,765,3.2,0.6,1.0,1.6,72.4,21.9,75.8,20.6,,
1504950,Nova Esperança Do Piriá,PA,0,15528,3052,5714,5759,396,3.3,0.6,1.0,1.7,55.2,39.0,57.6,24.1,,
1504976,Nova Ipixuna,PA,0,11487,2329,3953,4349,439,5.0,1.0,1.3,2.5,51.6,41.3,53.4,18.8,,
1505007,Nova Timboteua,PA,0,11967,2088,6158,2761,414,4.4,0.7,1.4,2.3,69.6,24.3,72.9,17.6,,
1505031,Novo Progresso,PA,0,24783,6694,2357,14798,434,2.5,0.5,0.9,1.1,17.6,79.6,17.1,31.4,,
1505064,Novo Repartimento,PA,0,45702,9766,12531,20744,1388,4.0,1.1,1.0,1.8,43.2,52.2,43.8,27.1,,
1505106,Óbidos,PA,0,39920,7465,20194,9826,1361,4.3,0.7,1.1,2.4,67.4,26.6,69.9,22.0,,
1505205,Oeiras Do Pará,PA,0,25487,4067,16001,4029,563,2.7,0.4,1.0,1.2,77.3,17.4,80.2,17.9,,
1505304,Oriximiná,PA,0,50827,11629,18589,17678,1554,4.1,0.6,1.2,2.2,55.2,37.7,57.0,24.6,,
1505403,Ourém,PA,0,16525,2945,8947,3455,554,4.3,0.7,1.3,2.2,70.9,22.3,74.4,22.3,,
1505437,Ourilândia Do Norte,PA,0,25886,6407,6063,11989,856,4.5,0.9,1.3,2.1,38.7,57.2,38.8,31.7,,
1505486,Pacajá,PA,0,29481,6497,6201,15214,791,3.6,1.1,1.0,1.3,39.2,55.3,39.9,26.4,,
1505494,Palestina Do Pará,PA,0,5862,1239,2208,2087,135,3.0,0.5,1.0,1.5,58.6,37.3,59.3,17.4,,
1505502,Paragominas,PA,0,76388,15772,20989,34754,2769,4.7,0.8,1.9,1.8,40.5,53.8,40.8,23.4,,
1505536,Parauapebas,PA,0,201342,44534,51646,89244,10509,6.9,0.9,2.2,3.6,39.0,55.3,40.2,21.7,,
1505551,Pau D'Arco,PA,0,8655,1970,2411,3802,247,3.8,0.8,1.0,2.0,45.0,49.0,45.4,28.7,,
1505601,Peixe-Boi,PA,0,9487,1620,4783,2429,298,4.0,0.9,1.1,1.8,66.3,27.6,70.7,19.4,,
1505635,Piçarra,PA,0,9403,1848,3063,3981,244,3.4,0.8,0.9,1.6,46.0,49.2,47.1,27.5,,
1505650,Placas,PA,0,14807,2874,2777,8356,368,3.2,0.8,0.9,1.3,35.0,59.8,35.7,23.0,,
1505700,Ponta De Pedras,PA,0,23302,4781,13032,4000,666,3.8,0.8,1.1,1.7,72.0,21.5,74.5,19.8,,
1505809,Portel,PA,0,41746,9709,18831,10679,947,3.1,0.3,1.1,1.6,63.8,29.8,66.2,30.2,,
1505908,Porto De Moz,PA,0,23709,5138,9783,7591,624,3.5,0.3,0.8,2.2,64.1,31.4,62.7,23.8,,
1506005,Prainha,PA,0,27386,5361,10767,10016,480,2.3,0.3,0.6,1.3,56.4,39.7,57.5,21.2,,
1506104,Primavera,PA,0,11339,2626,5798,2136,388,4.7,0.7,1.5,2.4,70.7,22.2,75.3,23.4,,
1506112,Quatipuru,PA,0,10484,2700,5282,1860,354,4.7,0.8,1.1,2.8,71.0,22.6,75.5,26.3,,
1506138,Redenção,PA,0,62358,12312,11726,34761,2123,4.4,1.0,1.4,1.9,31.1,64.0,30.8,26.6,,
1506161,Rio Maria,PA,0,13846,3126,3376,6461,496,4.8,1.9,1.1,1.6,41.5,53.6,41.4,25.8,,
1506187,Rondon Do Pará,PA,0,26999,5989,7754,11652,707,3.5,0.8,1.2,1.5,46.1,49.3,46.6,31.1,,
1506195,Rurópolis,PA,0,20247,4291,3946,10826,612,4.0,1.0,1.2,1.6,38.5,55.8,39.4,26.8,,
1506203,Salinópolis,PA,0,38078,7192,17220,10812,1660,5.6,0.6,1.8,3.0,61.9,31.2,65.1,18.6,,
1506302,Salvaterra,PA,0,20320,3719,11124,4050,631,4.0,0.9,1.1,1.9,67.2,25.6,71.4,21.4,1507904,Soure - Salvaterra/PA
1506351,Santa Bárbara Do Pará,PA,0,18358,3315,7853,5763,775,5.4,1.1,1.8,2.3,52.9,38.4,56.9,19.6,,
1506401,Santa Cruz Do Arari,PA,0,7042,1996,3307,1400,78,1.6,0.4,0.3,0.8,69.8,25.3,72.2,34.1,,
1506500,Santa Izabel Do Pará,PA,0,49185,7667,19808,17718,2223,5.6,1.2,1.6,2.5,50.9,40.2,54.1,20.0,,
1506559,Santa Luzia Do Pará,PA,0,18518,3574,9388,4286,496,3.5,0.5,1.1,1.7,71.0,22.8,73.7,23.3,,
1506583,Santa Maria Das Barreiras,PA,0,13340,3281,2749,6587,381,3.9,1.5,0.7,1.6,37.7,58.0,37.8,25.1,,
1506609,Santa Maria Do Pará,PA,0,22313,3928,8568,8061,909,5.2,0.9,1.4,2.8,53.2,39.7,56.4,16.1,,
1506708,Santana Do Araguaia,PA,0,25280,6450,5193,12320,622,3.4,0.9,1.0,1.4,36.9,59.0,35.9,31.8,,
1506807,Santarém,PA,0,253605,47695,78382,108078,12197,6.1,1.1,1.9,2.8,41.8,49.4,44.4,19.5,,
1506906,Santarém Novo,PA,0,6794,1075,3967,1397,175,3.2,0.3,0.9,1.9,72.6,22.3,75.1,16.3,,
1507003,Santo Antônio Do Tauá,PA,0,26159,3972,12601,7569,1132,5.3,0.8,1.3,3.0,60.7,32.1,63.7,20.6,,
1507102,São Caetano De Odivelas,PA,0,15886,2637,8792,3231,704,5.5,0.8,1.5,3.1,69.9,22.4,74.4,23.2,,
1507151,São Domingos Do Araguaia,PA,0,15405,3157,5838,5526,402,3.4,0.9,0.8,1.6,56.2,38.5,57.3,28.8,,
1507201,São Domingos Do Capim,PA,0,25155,4448,14001,5026,805,4.1,0.9,1.0,2.0,71.4,21.0,75.3,16.6,,
1507300,São Félix Do Xingu,PA,0,43015,10080,7515,23071,1327,4.2,1.3,1.1,1.8,33.0,63.1,33.4,29.6,,
1507409,São Francisco Do Pará,PA,0,15923,2274,7503,5029,538,4.1,0.8,1.1,2.1,60.2,33.5,63.1,18.0,,
1507458,São Geraldo Do Araguaia,PA,0,19494,3879,5631,8816,614,4.1,0.9,1.1,2.0,43.0,52.6,43.5,29.3,1507458,São Geraldo do Araguaia/PA
1507466,São João Da Ponta,PA,0,6367,1216,3174,1472,241,4.9,1.0,1.3,2.5,66.0,26.7,69.8,16.5,,
1507474,São João De Pirabas,PA,0,18795,3911,9710,3996,560,3.9,0.5,1.0,2.3,67.3,26.3,70.5,22.1,,
1507508,São João Do Araguaia,PA,0,13212,2962,5336,4197,307,3.1,0.7,0.9,1.4,58.8,36.1,60.3,24.0,,
1507607,São Miguel Do Guamá,PA,0,42257,6985,20545,11437,1913,5.6,1.1,1.4,3.0,63.0,28.2,68.1,20.7,,
1507706,São Sebastião Da Boa Vista,PA,0,23902,4401,13805,4401,630,3.3,0.5,1.1,1.7,72.8,22.5,75.9,20.5,,
1507755,Sapucaia,PA,0,5430,1376,1615,2099,149,3.9,1.1,0.8,1.9,52.3,43.1,51.1,23.5,,
1507805,Senador José Porfírio,PA,0,14884,3497,3870,6729,374,3.4,0.9,0.9,1.4,51.8,43.2,52.4,24.4,,
1507904,Soure,PA,0,22800,4652,12917,3861,625,3.6,0.6,0.9,2.0,72.3,20.9,76.5,22.8,1507904,Soure - Salvaterra/PA
1507953,Tailândia,PA,0,55596,11703,16699,22994,2180,5.2,0.6,1.7,2.8,52.3,42.2,53.5,23.7,,
1507961,Terra Alta,PA,0,12581,2670,5918,3236,380,4.0,0.9,1.0,2.0,63.6,29.8,65.9,20.9,,
1507979,Terra Santa,PA,0,15511,3224,5682,5591,652,5.5,0.3,1.5,3.5,56.9,37.9,58.4,25.4,,
1508001,Tomé-Açu,PA,0,52852,11521,20574,16970,1913,4.8,0.7,1.8,2.2,58.3,35.8,60.6,24.3,,
1508035,Tracuateua,PA,0,25730,4813,15002,4403,650,3.2,0.7,0.9,1.5,75.0,19.2,78.6,20.2,,
1508050,Trairão,PA,0,12441,3254,1848,6697,335,3.8,0.7,0.8,2.2,32.4,63.7,31.9,27.9,,
1508084,Tucumã,PA,0,28014,7129,5046,14240,1028,5.1,1.5,1.4,2.1,34.2,61.6,34.1,28.7,,
1508100,Tucuruí,PA,0,73025,17039,26736,24019,3120,5.8,0.8,2.3,2.5,55.1,38.6,56.5,26.6,,
1508126,Ulianópolis,PA,0,20159,4078,6506,8453,591,3.8,0.7,1.4,1.6,50.5,45.7,50.2,25.4,,
1508159,Uruará,PA,0,31993,6761,4745,18737,838,3.5,0.8,1.0,1.6,26.2,69.0,26.7,24.9,,
1508209,Vigia,PA,0,39656,7847,19402,9291,1799,5.9,0.7,1.9,3.1,66.6,26.5,69.8,24.2,,
1508308,Viseu,PA,0,43477,8541,25524,6907,986,3.0,0.6,0.9,1.4,78.1,17.6,80.6,27.3,,
1508357,Vitória Do Xingu,PA,0,16489,3342,5134,7026,537,4.2,0.9,1.5,1.7,47.8,46.6,48.0,21.0,,
1508407,Xinguara,PA,0,35427,7612,7894,17605,1317,4.9,1.4,1.4,2.0,36.5,58.5,36.8,27.8,,
1600055,Serra Do Navio,AP,0,4111,1071,1054,1693,224,7.5,1.6,1.9,3.9,39.5,54.5,39.9,21.6,,
1600105,Amapá,AP,0,7523,1261,3379,2277,458,7.5,1.3,1.8,4.2,59.1,33.0,62.6,20.2,,
1600154,Pedra Branca Do Amapari,AP,0,9909,2790,3492,3026,433,6.2,1.3,1.2,3.4,54.5,39.9,55.7,25.0,,
1600204,Calçoene,AP,0,8907,1898,3476,2832,561,8.2,1.7,1.9,4.5,58.0,34.5,61.7,24.4,,
1600212,Cutias,AP,0,6300,1109,2645,2125,322,6.3,1.4,1.1,3.7,56.7,36.1,59.6,17.7,,
1600238,Ferreira Gomes,AP,0,7861,1601,2788,2889,440,7.2,1.2,2.0,3.8,50.6,40.8,53.6,17.2,,
1600253,Itaubal,AP,0,8881,1527,3646,3107,475,6.6,1.6,1.2,3.7,51.5,40.4,53.6,18.4,,
1600279,Laranjal Do Jari,AP,0,28170,7055,10748,8386,1422,6.9,1.4,2.3,3.0,58.9,34.7,60.6,26.4,1600279,Laranjal do Jari/AP - Almeirim/PA
1600303,Macapá,AP,1,321597,51063,114179,124378,25161,9.5,2.1,2.6,4.4,40.9,46.0,45.1,18.5,1600303,Macapá/AP
1600402,Mazagão,AP,0,22212,3223,11092,6402,1159,6.2,1.3,1.6,3.2,60.9,30.6,63.0,14.3,,
1600501,Oiapoque,AP,0,24220,6704,9792,6109,1040,6.1,1.4,1.9,2.7,63.1,30.9,64.7,31.7,,
1600535,Porto Grande,AP,0,15533,3195,5770,5300,943,7.8,1.4,2.4,3.8,53.4,39.3,55.5,25.3,,
1600550,Pracuúba,AP,0,4022,709,1612,1469,184,5.6,1.1,1.0,3.3,54.6,40.5,54.3,17.3,,
1600600,Santana,AP,0,85900,12723,29279,35791,6358,8.9,1.5,2.8,4.4,42.3,47.9,43.9,16.4,1600303,Macapá/AP
1600709,Tartarugalzinho,AP,0,11437,2163,4727,3826,486,5.4,1.1,1.7,2.4,56.5,37.5,57.7,21.2,,
1600808,Vitória Do Jari,AP,0,10405,2334,4824,2668,411,5.2,1.0,1.8,2.2,66.5,28.7,68.6,23.4,1600279,Laranjal do Jari/AP - Almeirim/PA
1700251,Abreulândia,TO,0,2525,488,884,1013,75,3.8,1.4,1.0,1.4,56.8,39.8,57.9,18.8,,
1700301,Aguiarnópolis,TO,0,3952,790,1660,1221,167,5.5,1.0,1.8,2.5,62.8,32.6,64.2,18.3,2104057,Estreito/MA
1700350,Aliança Do Tocantins,TO,0,4304,884,1361,1738,193,5.9,2.8,0.8,2.2,53.9,41.1,53.8,20.6,,
1700400,Almas,TO,0,5592,1084,2446,1590,264,6.1,3.0,0.9,2.1,65.9,28.7,67.0,20.0,,
1700707,Alvorada,TO,0,8052,1842,2101,3557,317,5.3,2.5,1.4,1.3,45.0,50.1,45.1,21.4,,
1701002,Ananás,TO,0,7593,1251,3337,2493,288,4.7,1.6,0.9,2.2,59.9,35.5,60.0,19.2,,
1701051,Angico,TO,0,2806,531,1101,985,126,5.7,2.1,1.5,2.1,56.6,36.8,58.9,20.8,,
1701101,Aparecida Do Rio Negro,TO,0,4670,664,1683,1997,190,4.9,1.9,0.8,2.2,55.3,40.2,55.3,14.1,,
1701309,Aragominas,TO,0,4450,804,1882,1484,153,4.3,1.9,0.8,1.5,62.2,33.6,62.4,18.0,,
1701903,Araguacema,TO,0,5135,1066,2084,1647,178,4.5,2.1,0.7,1.7,63.0,32.2,61.0,22.6,,
1702000,Araguaçu,TO,0,6645,1406,1177,3585,290,5.7,3.4,0.9,1.2,29.8,65.5,29.6,20.9,,
1702109,Araguaína,TO,0,124170,20748,35210,57270,7038,7.1,2.1,2.0,2.7,40.2,53.0,41.8,17.5,,
1702158,Araguanã,TO,0,3552,633,1321,1397,119,4.2,1.3,1.1,1.7,49.6,47.2,50.2,19.0,,
1702208,Araguatins,TO,0,22359,4661,8731,7176,1058,6.2,1.4,1.6,3.0,57.1,37.2,59.1,21.1,,
1702307,Arapoema,TO,0,4628,1015,1638,1658,165,4.8,2.0,0.9,1.8,55.8,39.7,56.5,21.2,,
1702406,Arraias,TO,0,8201,1979,3928,1650,327,5.5,3.2,0.7,1.5,71.5,24.0,74.4,23.9,,
1702554,Augustinópolis,TO,0,13639,2698,5553,4391,520,5.0,1.1,1.4,2.4,58.8,36.7,59.9,19.4,,
1702703,Aurora Do Tocantins,TO,0,3314,715,1288,990,157,6.5,3.4,1.1,1.9,63.4,31.2,65.0,19.4,,
1702901,Axixá Do Tocantins,TO,0,9184,1684,3979,2982,226,3.1,1.2,0.6,1.4,59.5,37.1,59.8,18.6,,
1703008,Babaçulândia,TO,0,6651,1005,3268,1916,210,3.9,1.4,0.7,1.6,66.7,28.5,68.0,15.7,,
1703057,Bandeirantes Do Tocantins,TO,0,2799,410,906,1308,115,4.9,1.5,1.2,2.3,48.0,48.5,47.2,15.6,,
1703073,Barra Do Ouro,TO,0,4021,756,1758,1263,95,3.0,1.0,0.5,1.4,64.7,30.8,64.3,19.1,,
1703107,Barrolândia,TO,0,4903,820,1710,2004,216,5.5,2.7,0.8,2.0,52.1,43.4,51.3,18.0,,
1703206,Bernardo Sayão,TO,0,3604,602,1155,1602,135,4.7,1.9,1.1,1.7,47.1,47.7,46.7,17.6,,
1703305,Bom Jesus Do Tocantins,TO,0,3672,550,1390,1483,124,4.1,1.3,0.9,1.8,54.9,41.2,55.1,17.2,1716505,Pedro Afonso/TO
1703602,Brasilândia Do Tocantins,TO,0,1994,328,752,762,83,5.2,1.6,1.2,2.3,57.9,37.9,56.9,15.9,,
1703701,Brejinho De Nazaré,TO,0,4228,725,1612,1562,184,5.5,3.4,0.5,1.5,54.2,40.3,55.8,16.4,,
1703800,Buriti Do Tocantins,TO,0,6689,1162,2793,2296,225,4.2,1.2,0.8,2.1,59.4,36.0,60.2,18.0,,
1703826,Cachoeirinha,TO,0,2029,368,968,553,97,6.0,1.4,0.7,3.9,62.2,32.1,64.9,21.5,,
1703842,Campos Lindos,TO,0,6887,1177,2712,2434,348,6.3,2.4,1.0,2.9,65.2,30.2,63.3,16.2,,
1703867,Cariri Do Tocantins,TO,0,3798,751,1184,1621,145,4.9,2.1,0.8,2.0,50.9,43.9,50.4,19.0,,
1703883,Carmolândia,TO,0,2413,440,998,809,92,4.8,1.1,1.1,2.7,59.1,34.4,61.3,18.0,,
1703891,Carrasco Bonito,TO,0,3567,760,1575,1031,70,2.6,0.3,0.9,1.3,66.2,30.7,67.4,20.6,,
1703909,Caseara,TO,0,3951,704,1470,1518,148,4.7,1.9,0.6,2.1,61.0,35.5,60.6,19.0,,
1704105,Centenário,TO,0,1930,338,858,599,71,4.7,2.0,0.8,1.8,64.5,29.9,69.1,15.2,,
1704600,Chapada De Areia,TO,0,2545,533,767,1063,133,6.8,2.7,0.7,3.3,49.9,46.2,48.9,17.7,,
1705102,Chapada Da Natividade,TO,0,3103,622,1550,688,118,5.0,1.9,0.3,2.8,74.8,21.2,76.2,19.4,,
1705508,Colinas Do Tocantins,TO,0,25353,5130,6858,11628,1034,5.3,1.8,1.3,2.1,41.8,53.6,42.0,20.0,,
1705557,Combinado,TO,0,3892,629,1339,1548,238,7.6,4.5,0.8,2.3,51.0,44.7,51.6,18.1,,
1705607,Conceição Do Tocantins,TO,0,3643,928,1636,781,151,5.9,4.0,0.3,1.3,72.7,22.2,75.8,24.8,,
1706001,Couto Magalhães,TO,0,4816,973,1989,1624,115,3.1,1.1,0.6,1.3,62.6,34.1,62.5,20.0,,
1706100,Cristalândia,TO,0,5530,1014,1834,2327,237,5.4,2.4,0.7,2.1,54.3,40.8,54.3,19.1,,
1706258,Crixás Do Tocantins,TO,0,1827,361,679,679,64,4.5,2.2,0.6,1.6,54.2,40.8,52.7,17.2,,
1706506,Darcinópolis,TO,0,4743,915,1929,1600,174,4.7,1.8,0.8,2.0,62.0,33.3,63.4,19.5,,
1707009,Dianópolis,TO,0,13191,2675,5368,3935,706,7.0,2.5,1.1,3.4,63.2,31.4,64.2,20.1,,
1707108,Divinópolis Do Tocantins,TO,0,5779,1104,2086,2153,226,5.1,1.6,1.1,2.3,60.1,36.3,60.7,18.6,,
1707207,Dois Irmãos Do Tocantins,TO,0,5082,982,1986,1712,235,6.0,2.6,0.6,2.7,64.3,30.7,65.6,20.6,,
1707306,Dueré,TO,0,3669,703,1352,1307,206,7.2,3.6,1.6,1.7,59.6,34.5,61.1,18.7,,
1707405,Esperantina,TO,0,6625,1406,3289,1521,215,4.3,1.2,1.2,1.8,70.6,25.9,71.9,21.1,,
1707553,Fátima,TO,0,3389,671,1010,1482,127,4.8,2.1,0.8,1.8,47.8,48.5,47.9,18.0,,
1707652,Figueirópolis,TO,0,4679,956,1365,2037,208,5.8,3.0,1.2,1.4,47.5,46.7,48.9,18.6,,
1707702,Filadélfia,TO,0,6244,1216,2649,1965,219,4.5,1.9,1.2,1.3,61.3,33.6,62.7,18.9,2102804,Carolina/MA
1708205,Formoso Do Araguaia,TO,0,14141,2974,4014,6319,472,4.4,2.1,0.7,1.6,45.2,50.6,45.0,20.4,,
1708254,Tabocão,TO,0,3073,590,1114,1131,137,5.8,2.8,1.1,1.8,53.6,40.7,54.1,20.2,,
1708304,Goianorte,TO,0,4496,749,1516,1893,231,6.3,3.4,0.7,2.2,53.3,41.6,52.4,16.1,,
1709005,Goiatins,TO,0,8809,1496,4537,2163,288,4.1,1.8,0.6,1.6,70.8,24.5,71.9,18.3,,
1709302,Guaraí,TO,0,17602,2998,5367,7851,857,6.1,2.2,1.4,2.4,45.3,49.3,45.9,18.2,,
1709500,Gurupi,TO,0,61239,12103,15383,28803,3233,6.8,3.0,1.4,2.2,39.9,53.3,40.7,19.7,,
1709807,Ipueiras,TO,0,1997,394,965,527,65,4.2,2.1,0.3,1.8,72.0,24.2,72.9,13.8,,
1710508,Itacajá,TO,0,5446,834,2542,1737,172,3.9,1.8,0.6,1.4,62.9,32.3,63.9,17.4,,
1710706,Itaguatins,TO,0,4717,827,2252,1330,161,4.3,1.4,1.1,1.7,65.2,30.6,67.6,19.7,,
1710904,Itapiratins,TO,0,3403,530,1439,1106,204,7.4,1.1,0.6,5.6,62.1,32.4,64.4,17.3,,
1711100,Itaporã Do Tocantins,TO,0,2703,469,1022,1055,97,4.5,2.1,0.3,2.1,55.4,40.5,54.5,14.6,,
1711506,Jaú Do Tocantins,TO,0,3092,658,1083,1165,95,4.0,2.6,0.3,1.1,55.6,40.4,54.1,20.6,,
1711803,Juarina,TO,0,2277,408,901,812,95,5.2,1.9,0.8,2.4,56.0,39.7,55.5,15.6,,
1711902,Lagoa Da Confusão,TO,0,10221,1986,3194,4535,348,4.3,1.6,1.0,1.7,50.1,46.0,49.7,20.0,,
1711951,Lagoa Do Tocantins,TO,0,3307,533,1443,1060,148,5.6,1.6,0.6,3.3,66.0,29.8,67.2,17.6,,
1712009,Lajeado,TO,0,3504,661,1187,1432,154,5.5,2.4,1.1,1.9,52.2,43.1,51.9,21.1,,
1712157,Lavandeira,TO,0,2002,348,807,630,140,8.9,4.8,1.5,2.4,62.6,31.8,64.5,19.1,,
1712405,Lizarda,TO,0,3099,717,1412,727,105,4.7,1.6,0.5,2.5,71.0,24.7,75.2,20.2,,
1712454,Luzinópolis,TO,0,2601,405,1109,870,114,5.5,1.2,1.1,3.0,61.3,33.8,63.7,15.6,,
1712504,Marianópolis Do Tocantins,TO,0,3803,757,1265,1528,132,4.5,1.7,1.0,1.6,55.1,40.7,53.9,20.7,,
1712702,Mateiros,TO,0,2000,412,984,494,45,3.0,0.9,0.5,1.5,66.3,30.0,68.2,17.9,,
1712801,Maurilândia Do Tocantins,TO,0,3586,679,1869,786,123,4.4,0.9,0.8,2.7,72.6,21.7,75.2,18.3,,
1713205,Miracema Do Tocantins,TO,0,14418,2787,5810,4603,741,6.6,2.2,1.2,2.9,59.5,34.9,60.6,19.8,1713205,Miracema do Tocantins/TO
1713304,Miranorte,TO,0,10079,1872,3139,4303,436,5.5,2.1,1.0,2.4,49.7,45.6,50.2,19.0,,
1713601,Monte Do Carmo,TO,0,5125,1061,1977,1709,234,6.0,2.6,0.6,2.8,61.0,31.2,63.0,18.9,,
1713700,Monte Santo Do Tocantins,TO,0,2559,493,702,1199,88,4.4,3.0,0.5,0.8,43.5,51.6,43.2,18.4,,
1713809,Palmeiras Do Tocantins,TO,0,4232,794,1841,1336,142,4.3,1.4,1.0,1.9,61.0,34.3,62.4,18.1,,
1713957,Muricilândia,TO,0,2874,509,1254,939,99,4.3,1.1,1.1,1.8,63.4,32.6,63.3,16.6,,
1714203,Natividade,TO,0,6806,1452,2522,2187,379,7.5,4.0,0.8,2.6,59.2,34.8,61.1,20.5,,
1714302,Nazaré,TO,0,4125,650,2150,968,221,6.6,2.2,1.7,2.6,69.4,23.7,73.1,16.1,,
1714880,Nova Olinda,TO,0,8132,1404,3104,3064,288,4.5,1.4,0.9,2.1,53.0,42.5,54.2,17.7,,
1715002,Nova Rosalândia,TO,0,2880,467,901,1312,120,5.1,1.5,1.6,2.0,46.9,47.7,44.8,18.7,,
1715101,Novo Acordo,TO,0,4119,714,1507,1598,155,4.8,1.8,0.7,2.2,55.8,39.3,57.1,17.9,,
1715150,Novo Alegre,TO,0,2099,470,820,572,140,9.1,5.5,1.5,2.1,62.2,34.5,63.9,20.4,,
1715259,Novo Jardim,TO,0,2344,525,1034,614,97,5.6,2.5,1.1,1.9,68.5,27.2,70.5,19.6,,
1715507,Oliveira De Fátima,TO,0,1692,309,632,657,57,4.2,1.6,1.0,1.6,57.6,38.1,56.6,23.1,,
1715705,Palmeirante,TO,0,4317,759,1886,1367,166,4.9,2.1,0.8,1.9,65.5,29.6,66.8,17.4,,
1715754,Palmeirópolis,TO,0,6163,1177,1716,2777,299,6.2,3.8,1.1,1.2,44.6,50.6,45.0,18.6,,
1716109,Paraíso Do Tocantins,TO,0,36056,6841,7337,19188,1653,5.9,2.2,1.4,2.1,32.0,62.7,32.0,19.0,,
1716208,Paranã,TO,0,8577,2140,4160,1562,337,5.6,3.1,0.6,1.7,76.5,19.6,79.7,24.3,,
1716307,Pau D'Arco,TO,0,3551,654,1333,1331,143,5.1,2.4,0.6,2.0,53.9,42.7,52.4,20.1,,
1716505,Pedro Afonso,TO,0,10799,2042,3415,4586,442,5.2,1.7,1.1,2.3,49.9,45.1,50.7,19.2,1716505,Pedro Afonso/TO
1716604,Peixe,TO,0,7284,1537,3189,2029,315,5.7,2.6,0.9,2.1,65.1,30.6,66.2,20.9,,
1716653,Pequizeiro,TO,0,4371,736,1786,1616,126,3.6,1.2,0.6,1.7,56.9,39.0,57.0,15.5,,
1716703,Colméia,TO,0,6526,1107,1803,3168,226,4.3,2.0,0.8,1.5,38.7,56.4,38.6,18.8,,
1717008,Pindorama Do Tocantins,TO,0,3710,708,1463,1283,130,4.5,2.2,0.8,1.5,59.4,36.3,60.3,18.7,,
1717206,Piraquê,TO,0,2394,438,983,826,97,5.1,2.0,0.8,2.1,57.8,35.5,59.9,17.7,,
1717503,Pium,TO,0,5965,1259,1825,2519,220,4.8,2.2,0.9,1.8,50.1,46.3,49.2,21.1,,
1717800,Ponte Alta Do Bom Jesus,TO,0,3642,720,1609,1014,175,6.2,3.1,0.5,2.5,66.3,28.2,69.7,21.1,,
1717909,Ponte Alta Do Tocantins,TO,0,5628,1100,1852,2221,253,5.8,3.3,0.6,1.8,51.2,43.5,52.2,19.9,,
1718006,Porto Alegre Do Tocantins,TO,0,2639,570,1140,705,132,6.7,2.5,0.7,3.1,68.3,25.4,70.4,22.1,,
1718204,Porto Nacional,TO,0,47070,8417,16193,18594,2527,6.8,2.1,1.3,3.2,51.2,42.2,52.6,17.0,,
1718303,Praia Norte,TO,0,5873,1229,2766,1475,210,4.7,1.3,1.2,2.2,67.4,28.8,68.6,21.7,,
1718402,Presidente Kennedy,TO,0,2825,472,1051,1067,125,5.6,2.5,0.5,2.5,52.5,42.4,55.0,16.6,,
1718451,Pugmil,TO,0,2328,405,743,1038,89,4.8,1.0,0.8,2.9,46.4,49.1,46.9,18.6,,
1718501,Recursolândia,TO,0,2936,451,1591,760,77,3.2,1.0,0.5,1.7,71.6,24.4,72.9,17.0,,
1718550,Riachinho,TO,0,3503,574,1535,1220,101,3.5,1.0,0.8,1.7,61.4,34.7,62.4,19.2,,
1718659,Rio Da Conceição,TO,0,2139,559,894,527,98,6.5,2.6,1.1,2.6,65.9,29.2,67.8,23.6,,
1718709,Rio Dos Bois,TO,0,2668,504,1142,840,93,4.5,1.5,0.6,2.1,61.8,33.2,63.1,18.7,,
1718758,Rio Sono,TO,0,4294,593,1783,1690,144,4.0,1.7,0.4,1.8,55.6,39.9,57.6,14.8,,
1718808,Sampaio,TO,0,4157,1018,1927,966,96,3.2,0.9,0.7,1.6,68.8,27.8,69.9,23.1,,
1718840,Sandolândia,TO,0,3566,797,1002,1523,147,5.5,3.9,0.6,0.9,48.0,47.5,48.0,18.8,,
1718865,Santa Fé Do Araguaia,TO,0,5526,999,2164,2038,161,3.7,1.4,0.8,1.4,56.5,38.7,57.3,18.6,,
1718881,Santa Maria Do Tocantins,TO,0,2546,456,897,1050,89,4.4,1.6,0.6,2.1,55.6,39.9,55.3,18.8,,
1718899,Santa Rita Do Tocantins,TO,0,2126,450,643,898,95,5.8,2.1,0.2,3.3,50.8,43.4,51.1,17.1,,
1718907,Santa Rosa Do Tocantins,TO,0,4257,778,1923,1253,162,4.8,2.2,0.6,2.0,69.6,26.8,69.9,16.3,,
1719004,Santa Tereza Do Tocantins,TO,0,3061,463,1049,1296,147,5.9,2.8,0.7,2.4,48.9,45.0,51.3,13.8,,
1720002,Santa Terezinha Do Tocantins,TO,0,2106,396,913,601,125,7.6,3.2,0.8,3.5,62.5,30.9,64.6,16.1,,
1720101,São Bento Do Tocantins,TO,0,5456,1079,2518,1476,235,5.6,1.6,1.2,2.7,68.5,27.0,70.4,19.7,,
1720150,São Félix Do Tocantins,TO,0,1852,292,878,510,109,7.3,3.0,1.2,3.0,69.2,25.1,74.1,20.0,,
1720200,São Miguel Do Tocantins,TO,0,9833,1417,4432,3258,478,5.8,1.4,1.7,2.7,63.3,32.4,64.7,14.5,,
1720259,São Salvador Do Tocantins,TO,0,2701,740,1155,586,142,7.5,5.4,0.8,1.1,68.9,25.6,69.8,25.2,,
1720309,São Sebastião Do Tocantins,TO,0,3364,635,1712,812,100,3.8,0.8,1.3,1.6,71.2,24.8,72.4,19.3,,
1720499,São Valério,TO,0,4075,901,1792,1087,179,5.8,2.5,0.8,2.5,71.3,24.6,72.8,21.2,,
1720655,Silvanópolis,TO,0,4865,840,1834,1827,225,5.8,3.2,0.9,1.5,61.1,34.4,59.9,18.9,,
1720804,Sítio Novo Do Tocantins,TO,0,8078,1348,3992,2187,325,5.0,1.5,1.4,2.0,66.9,28.2,68.6,17.3,,
1720853,Sucupira,TO,0,1762,287,608,725,79,5.6,2.5,0.8,2.0,52.3,41.3,51.9,15.8,,
1720903,Taguatinga,TO,0,11231,2415,4524,3353,470,5.6,2.9,0.9,1.8,62.0,32.8,64.5,21.4,,
1720937,Taipas Do Tocantins,TO,0,2033,545,973,366,66,4.7,1.9,1.1,1.6,72.3,21.7,75.7,26.9,,
1720978,Talismã,TO,0,2560,625,763,1008,98,5.2,2.9,0.8,1.5,54.1,41.9,53.0,22.5,,
1721000,Palmas,TO,1,219783,36540,59524,103652,14750,8.3,2.4,2.3,3.2,38.1,54.7,39.7,17.0,,
1721109,Tocantínia,TO,0,5453,757,3206,1234,123,2.7,0.9,0.6,1.1,71.4,25.9,72.0,15.7,1713205,Miracema do Tocantins/TO
1721208,Tocantinópolis,TO,0,16077,2717,7921,4330,631,4.9,1.3,1.5,2.0,66.0,29.7,67.4,16.9,1721208,Tocantinópolis/TO - Porto Franco/MA
1721257,Tupirama,TO,0,1851,340,770,619,60,4.1,1.3,0.8,1.9,60.2,35.3,58.9,18.4,1716505,Pedro Afonso/TO
1721307,Tupiratins,TO,0,1797,340,798,526,68,4.9,1.1,0.2,3.4,64.8,29.2,67.8,22.4,,
1722081,Wanderlândia,TO,0,7391,1404,2933,2519,264,4.6,1.3,1.5,1.8,60.0,35.6,60.4,19.6,,
1722107,Xambioá,TO,0,8639,1564,3006,3568,287,4.2,1.1,1.6,1.3,48.6,47.3,49.6,19.5,1507458,São Geraldo do Araguaia/PA
2100055,Açailândia,MA,0,78000,14815,23910,34351,3165,5.2,1.0,1.7,2.1,45.2,49.7,46.0,20.7,,
2100105,Afonso Cunha,MA,0,7467,1432,4920,793,151,2.6,0.7,0.6,1.3,87.5,10.1,89.4,23.9,,
2100154,Água Doce Do Maranhão,MA,0,11520,2805,6572,1493,276,3.3,0.8,1.2,1.2,81.8,14.6,83.6,31.7,,
2100204,Alcântara,MA,0,17613,3226,10696,2724,523,3.8,1.0,1.0,1.6,77.5,17.7,79.8,26.6,,
2100303,Aldeias Altas,MA,0,18506,4387,10166,2651,523,3.9,1.0,1.0,1.7,81.9,14.2,84.6,29.6,,
2100402,Altamira Do Maranhão,MA,0,5758,1270,2890,1234,163,3.8,0.7,1.1,1.9,75.3,21.4,77.3,29.7,,
2100436,Alto Alegre Do Maranhão,MA,0,18076,3679,9952,3495,426,3.1,0.9,0.8,1.2,78.0,18.9,79.7,28.7,,
2100477,Alto Alegre Do Pindaré,MA,0,20251,4580,11178,3285,605,4.0,0.9,1.3,1.5,81.1,15.8,83.1,31.1,,
2100501,Alto Parnaíba,MA,0,8142,1797,3531,2257,289,4.8,2.0,0.5,2.0,68.0,28.0,69.8,26.7,2100501,Alto Parnaíba/MA - Santa Filomena/PI
2100550,Amapá Do Maranhão,MA,0,4953,565,2816,1209,187,4.4,0.8,1.7,1.9,74.5,22.3,76.9,28.0,,
2100600,Amarante Do Maranhão,MA,0,28108,5448,10878,10256,777,3.5,1.1,1.1,1.1,57.1,38.6,57.5,25.4,,
2100709,Anajatuba,MA,0,20568,4001,12395,2995,614,3.8,1.0,0.8,1.9,81.7,14.8,84.1,20.5,,
2100808,Anapurus,MA,0,14136,2466,8150,2663,371,3.3,0.8,0.9,1.4,78.3,17.9,80.7,20.8,,
2100832,Apicum-Açu,MA,0,13470,2604,7164,2991,485,4.6,1.1,1.0,2.4,71.2,24.3,74.6,24.6,,
2100873,Araguanã,MA,0,8007,1815,4443,1383,231,3.8,1.1,0.9,1.8,80.1,16.1,82.0,31.9,,
2100907,Araioses,MA,0,32649,6687,19509,4020,869,3.6,0.9,1.4,1.1,82.1,13.8,84.3,28.9,,
2100956,Arame,MA,0,20826,4070,10385,5520,427,2.6,0.8,0.7,0.9,71.8,25.9,72.5,27.1,,
2101004,Arari,MA,0,24000,5562,12643,4280,844,4.8,1.0,1.4,2.3,74.2,20.6,77.0,26.9,,
2101103,Axixá,MA,0,11529,1886,6913,1987,376,4.0,1.0,1.1,1.8,78.0,18.3,80.2,14.3,2107100,Morros - Axixá/MA
2101202,Bacabal,MA,0,71838,12738,34459,19904,2444,4.3,0.8,1.5,1.7,64.5,31.1,66.1,18.9,,
2101251,Bacabeira,MA,0,16057,2850,9140,2955,629,4.9,1.3,1.3,2.2,78.0,17.7,80.8,16.1,,
2101301,Bacuri,MA,0,13893,3012,8219,1972,350,3.3,1.0,0.8,1.5,81.9,14.3,85.1,28.3,,
2101350,Bacurituba,MA,0,5647,1569,3283,521,132,3.4,1.2,0.8,1.0,86.9,9.8,89.1,26.9,,
2101400,Balsas,MA,0,71213,14327,21256,30716,3411,6.2,1.3,1.7,2.9,51.6,43.2,51.8,21.5,,
2101509,Barão De Grajaú,MA,0,16130,3275,9666,2003,613,5.0,1.3,1.3,2.1,84.6,10.6,87.6,24.2,2203909,Floriano/PI
2101608,Barra Do Corda,MA,0,63831,12660,30259,17483,1760,3.6,0.8,1.3,1.3,64.7,31.6,66.4,22.6,,
2101707,Barreirinhas,MA,0,52533,8726,30786,9885,1680,4.0,0.6,1.2,2.0,78.5,17.5,80.5,17.0,,
2101731,Belágua,MA,0,8091,1503,5424,782,130,2.0,0.5,0.6,0.9,89.3,9.0,91.0,14.8,,
2101772,Bela Vista Do Maranhão,MA,0,10096,1979,5466,2095,222,2.9,0.6,0.8,1.3,77.3,19.5,79.2,27.9,,
2101806,Benedito Leite,MA,0,4638,881,2541,961,130,3.6,1.1,0.6,1.3,79.0,17.9,79.9,22.5,2211209,Uruçuí/PI
2101905,Bequimão,MA,0,18606,3951,10825,2619,557,4.0,1.6,0.8,1.4,80.0,15.4,83.2,26.3,,
2101939,Bernardo Do Mearim,MA,0,5015,817,2773,1132,141,3.5,0.9,0.8,1.6,73.2,22.3,75.4,23.3,,
2101970,Boa Vista Do Gurupi,MA,0,6551,1344,3395,1469,193,3.8,0.6,1.3,1.8,71.9,24.4,75.0,26.6,,
2102002,Bom Jardim,MA,0,26888,5982,13949,5407,785,3.9,0.8,1.2,1.6,74.2,21.9,76.5,30.7,,
2102036,Bom Jesus Das Selvas,MA,0,19650,4287,8298,6061,547,3.7,1.0,0.9,1.6,66.8,30.2,67.5,28.4,,
2102077,Bom Lugar,MA,0,11468,2156,6419,2528,209,2.3,0.9,0.6,0.7,76.6,21.2,77.1,20.1,,
2102101,Brejo,MA,0,25937,5240,14728,4593,686,3.4,1.1,0.7,1.3,78.5,18.1,80.8,20.8,,
2102150,Brejo De Areia,MA,0,8475,2215,3797,2037,180,3.0,0.9,0.5,1.2,74.2,21.1,76.8,28.7,,
2102200,Buriti,MA,0,22995,5129,14151,2468,470,2.8,0.6,1.0,1.0,86.2,10.6,87.8,27.4,,
2102309,Buriti Bravo,MA,0,17755,4016,9932,2540,430,3.3,1.0,1.0,1.3,83.3,12.8,85.9,30.7,,
2102325,Buriticupu,MA,0,42732,9756,18151,12440,1461,4.6,1.0,1.7,1.6,66.9,29.9,67.6,21.7,,
2102358,Buritirana,MA,0,10837,1991,4432,3637,414,4.9,1.2,1.4,2.0,61.0,35.3,61.8,24.8,,
2102374,Cachoeira Grande,MA,0,9001,1991,5206,1417,202,3.0,0.6,0.9,1.3,80.0,16.5,82.1,28.6,2109205,Presidente Juscelino - Cachoeira Grande/MA
2102408,Cajapió,MA,0,10224,2618,6114,957,211,2.9,1.0,0.6,1.0,86.3,10.0,89.8,26.1,,
2102507,Cajari,MA,0,16136,3651,9996,1796,354,2.9,0.9,0.6,1.3,84.9,11.8,87.8,23.0,,
2102556,Campestre Do Maranhão,MA,0,9948,2157,4390,2975,234,3.1,0.5,1.1,1.3,68.4,27.8,69.0,27.7,,
2102606,Cândido Mendes,MA,0,14853,1981,8785,3165,525,4.2,0.9,0.8,2.3,73.0,23.1,75.5,28.2,,
2102705,Cantanhede,MA,0,14177,2980,8211,2177,353,3.3,0.8,1.0,1.3,81.5,15.6,83.4,28.9,,
2102754,Capinzal Do Norte,MA,0,8689,1582,4549,1917,292,4.3,0.7,1.0,2.4,73.3,22.2,76.4,24.6,,
2102804,Carolina,MA,0,18310,3871,7629,5545,811,5.8,1.7,1.3,2.5,62.4,33.1,63.6,26.2,2102804,Carolina/MA
2102903,Carutapera,MA,0,19093,4200,9499,4184,707,4.9,0.8,1.8,2.1,70.7,24.7,73.3,25.8,,
2103000,Caxias,MA,0,113420,22948,58914,22555,5136,5.9,1.2,2.1,2.4,74.1,20.4,77.2,19.8,,
2103109,Cedral,MA,0,9329,1756,5405,1497,338,4.7,1.2,1.4,2.0,78.2,17.6,81.6,28.1,,
2103125,Central Do Maranhão,MA,0,7808,2018,4630,701,193,3.5,1.2,0.6,1.4,88.5,8.9,90.6,31.5,,
2103158,Centro Do Guilherme,MA,0,7966,1287,4607,1614,281,4.3,0.6,1.0,2.5,80.0,17.4,82.4,24.3,,
2103174,Centro Novo Do Maranhão,MA,0,11932,2338,6297,2573,445,4.8,1.2,1.0,2.3,77.7,18.5,79.4,25.5,,
2103208,Chapadinha,MA,0,60242,12195,31922,12515,2007,4.3,0.9,1.3,2.0,72.3,23.5,74.0,18.8,,
2103257,Cidelândia,MA,0,10660,2043,5207,2700,428,5.1,1.0,1.6,2.4,69.8,26.1,70.7,26.5,,
2103307,Codó,MA,0,82435,20486,42197,14191,2646,4.5,1.2,1.3,1.8,73.6,21.0,76.9,25.8,,
2103406,Coelho Neto,MA,0,33370,7563,19424,4492,900,3.6,0.9,1.3,1.3,79.9,15.9,82.0,22.9,,
2103505,Colinas,MA,0,28426,5939,14991,5491,897,4.2,1.0,1.0,2.0,78.4,18.3,80.4,21.3,,
2103554,Conceição Do Lago-Açu,MA,0,11878,2536,6422,2320,318,3.5,1.0,0.8,1.7,74.9,21.0,77.2,25.9,,
2103604,Coroatá,MA,0,46886,12249,22485,9126,1265,3.9,1.2,1.1,1.3,72.6,23.9,74.5,26.1,,
2103703,Cururupu,MA,0,26322,6158,15051,3666,725,3.7,0.9,1.0,1.7,81.2,15.4,83.4,28.4,,
2103752,Davinópolis,MA,0,12223,2359,5232,3840,579,6.0,1.4,2.0,2.5,63.0,32.3,63.8,26.4,2105302,Imperatriz/MA
2103802,Dom Pedro,MA,0,17803,3186,8464,5025,566,4.0,0.8,1.3,1.7,67.5,28.6,69.0,24.6,,
2103901,Duque Bacelar,MA,0,9654,1732,6461,1029,221,2.9,0.7,1.1,1.1,86.8,9.7,89.1,26.6,,
2104008,Esperantinópolis,MA,0,14795,3068,7640,3135,420,3.8,0.8,1.1,1.7,74.0,22.7,75.8,22.0,,
2104057,Estreito,MA,0,24146,5142,8519,8837,1182,6.4,1.4,1.9,2.9,54.1,41.2,55.4,21.8,2104057,Estreito/MA
2104073,Feira Nova Do Maranhão,MA,0,6389,1178,2786,1908,326,6.5,2.0,0.5,3.7,64.7,30.4,66.9,19.2,,
2104081,Fernando Falcão,MA,0,9487,1527,5426,2134,182,2.4,0.7,0.4,1.1,76.1,21.4,78.0,17.5,,
2104099,Formosa Da Serra Negra,MA,0,14076,2361,5562,5141,595,5.3,2.4,0.7,1.8,61.1,33.6,63.2,17.8,,
2104107,Fortaleza Dos Nogueiras,MA,0,10569,1749,5243,2988,300,3.5,0.9,0.7,1.6,68.4,27.7,69.8,19.5,,
2104206,Fortuna,MA,0,13022,2930,7200,2023,347,3.6,0.8,1.1,1.6,79.5,16.4,82.0,27.7,,
2104305,Godofredo Viana,MA,0,7329,1010,3803,1995,285,4.7,1.3,0.9,2.3,69.0,27.1,71.4,29.0,,
2104404,Gonçalves Dias,MA,0,13629,3106,7073,2746,278,2.8,0.9,0.8,0.8,75.3,20.8,77.8,30.2,,
2104503,Governador Archer,MA,0,8077,1669,4545,1374,221,3.6,0.9,1.3,1.3,79.2,16.7,82.1,28.8,,
2104552,Governador Edison Lobão,MA,0,15378,2949,6192,5060,842,7.0,1.6,2.0,3.1,61.0,34.2,62.1,23.4,,
2104602,Governador Eugênio Barros,MA,0,10692,2183,5965,1991,256,3.1,0.6,1.2,1.2,79.6,17.2,81.4,29.3,,
2104628,Governador Luiz Rocha,MA,0,6417,1284,3196,1493,181,3.7,0.9,1.0,1.5,71.0,25.5,73.0,28.1,,
2104651,Governador Newton Bello,MA,0,7695,1514,4307,1494,190,3.2,0.9,0.7,1.5,78.8,17.7,81.3,30.1,,
2104677,Governador Nunes Freire,MA,0,17561,3728,8240,4747,541,4.0,1.1,1.2,1.6,68.3,28.3,70.0,28.9,,
2104701,Graça Aranha,MA,0,6274,1142,3624,1235,138,2.8,0.4,0.9,1.3,78.5,18.4,79.8,24.9,,
2104800,Grajaú,MA,0,52273,10069,23002,16331,1779,4.3,1.1,1.2,1.9,65.0,30.8,65.6,19.0,,
2104909,Guimarães,MA,0,9820,2300,5705,1113,264,3.7,1.2,0.8,1.5,84.0,12.5,87.3,25.0,,
2105005,Humberto De Campos,MA,0,23439,4869,13787,3292,764,4.3,1.2,1.0,2.0,79.9,16.1,82.6,25.9,,
2105104,Icatu,MA,0,23106,3838,14496,3547,652,3.5,1.1,0.9,1.4,79.3,16.5,81.8,15.6,,
2105153,Igarapé Do Meio,MA,0,10867,2280,6350,1646,287,3.5,0.6,0.9,1.8,81.3,15.4,83.2,30.1,,
2105203,Igarapé Grande,MA,0,8484,1369,4053,2571,209,3.1,0.6,1.3,1.0,63.5,31.7,65.8,15.7,,
2105302,Imperatriz,MA,0,195325,36937,60008,81738,12017,7.8,2.0,2.6,2.9,43.3,49.3,45.2,19.2,2105302,Imperatriz/MA
2105351,Itaipava Do Grajaú,MA,0,11234,2731,5629,2454,259,3.1,1.0,0.7,1.4,75.6,21.3,76.9,20.8,,
2105401,Itapecuru Mirim,MA,0,47851,10613,25994,8120,1882,5.2,1.2,1.5,2.4,77.0,18.3,79.6,22.2,,
2105427,Itinga Do Maranhão,MA,0,17555,3333,6167,7048,561,4.1,1.0,1.4,1.6,52.7,42.9,53.0,25.2,,
2105450,Jatobá,MA,0,7205,1572,3987,1219,143,2.7,0.7,0.8,1.2,80.8,16.4,82.6,27.4,,
2105476,Jenipapo Dos Vieiras,MA,0,13237,2622,7398,2548,264,2.6,0.9,0.7,0.8,76.6,19.0,79.9,20.6,,
2105500,João Lisboa,MA,0,21876,3846,9489,6924,1049,6.0,1.3,1.8,2.6,63.2,31.7,64.2,17.9,,
2105609,Joselândia,MA,0,12529,2635,6750,2503,344,3.6,0.6,1.2,1.7,77.0,19.7,78.8,20.3,,
2105658,Junco Do Maranhão,MA,0,5092,1202,2795,873,125,3.3,0.8,0.7,1.8,78.8,18.0,80.9,27.0,,
2105708,Lago Da Pedra,MA,0,34283,6916,14008,11613,882,3.3,0.9,1.1,1.1,59.1,38.0,58.8,20.3,,
2105807,Lago Do Junco,MA,0,8447,1346,4831,1936,154,2.2,0.3,0.9,0.8,75.7,21.8,76.8,24.9,,
2105906,Lago Verde,MA,0,12196,2570,7269,1896,271,2.9,0.5,1.1,1.1,82.2,15.4,83.3,28.9,,
2105922,Lagoa Do Mato,MA,0,8284,1688,4934,1123,144,2.3,0.8,0.6,0.7,84.8,12.4,86.8,30.5,,
2105948,Lago Dos Rodrigues,MA,0,8271,1254,4759,1860,196,2.9,0.7,1.2,0.8,75.7,21.4,76.7,22.9,,
2105963,Lagoa Grande Do Maranhão,MA,0,9997,2179,5113,2246,241,3.2,0.8,0.9,1.3,77.8,19.1,79.1,24.7,,
2105989,Lajeado Novo,MA,0,6682,1161,2658,2513,240,4.4,1.4,1.1,1.8,58.4,37.1,59.6,17.2,,
2106003,Lima Campos,MA,0,11183,2239,5377,2824,344,4.0,1.1,1.2,1.5,66.9,28.9,68.7,23.9,,
2106102,Loreto,MA,0,8569,1553,4513,1894,265,4.0,0.6,1.3,2.0,75.9,20.2,77.7,24.5,,
2106201,Luís Domingues,MA,0,6072,1308,2796,1552,225,4.9,0.7,1.6,2.3,65.3,29.6,68.6,26.3,,
2106300,Magalhães De Almeida,MA,0,12195,2339,6787,2179,458,4.9,1.2,1.8,1.6,75.8,19.1,77.5,29.9,,
2106326,Maracaçumé,MA,0,15698,4091,6625,4102,472,4.2,0.9,1.2,2.0,67.4,28.1,69.4,25.8,,
2106359,Marajá Do Sena,MA,0,6771,1566,3150,1693,177,3.5,1.2,0.6,1.4,75.8,20.6,77.9,27.2,,
2106375,Maranhãozinho,MA,0,8133,1596,4596,1560,226,3.5,0.8,0.8,1.9,77.6,18.4,81.2,25.5,,
2106409,Mata Roma,MA,0,16271,2990,9424,2877,397,3.1,0.6,0.9,1.5,78.8,17.4,81.3,16.3,,
2106508,Matinha,MA,0,20053,3634,11163,4061,581,3.7,1.1,0.8,1.7,74.7,21.8,76.9,19.1,,
2106607,Matões,MA,0,27285,6366,15815,3771,543,2.7,0.6,0.9,1.1,82.3,13.8,84.4,24.2,,
2106631,Matões Do Norte,MA,0,7654,1922,4248,1098,191,3.5,0.8,1.1,1.4,82.7,13.8,85.2,20.7,,
2106672,Milagres Do Maranhão,MA,0,6650,1238,4133,940,153,2.9,0.6,1.2,1.0,82.3,13.8,85.6,24.8,,
2106706,Mirador,MA,0,16373,2939,9313,3187,410,3.2,1.1,0.7,1.2,81.2,16.3,82.8,19.2,,
2106755,Miranda Do Norte,MA,0,16991,3559,8792,3649,595,4.6,0.9,1.5,2.0,73.4,22.4,75.6,26.7,,
2106805,Mirinzal,MA,0,12016,2629,6686,1942,372,4.1,1.3,1.1,1.6,77.2,18.5,80.0,21.5,,
2106904,Monção,MA,0,21263,5038,11953,3245,477,3.0,1.0,0.8,1.1,79.8,16.2,81.5,25.0,,
2107001,Montes Altos,MA,0,7514,1433,3408,2195,302,5.1,1.4,1.1,2.4,64.7,30.1,66.2,17.4,,
2107100,Morros,MA,0,16701,2724,10072,3083,445,3.3,0.9,0.9,1.4,77.7,18.9,79.2,23.4,2107100,Morros - Axixá/MA
2107209,Nina Rodrigues,MA,0,10518,2233,6043,1705,236,3.0,1.0,0.9,0.8,80.7,15.5,83.1,23.7,,
2107258,Nova Colinas,MA,0,4514,828,2215,1115,179,5.1,1.2,0.8,2.9,73.7,21.1,75.2,20.0,,
2107308,Nova Iorque,MA,0,4134,849,2365,742,85,2.7,0.9,0.7,0.9,80.0,16.6,81.7,22.0,,
2107357,Nova Olinda Do Maranhão,MA,0,13507,3134,7088,2449,442,4.4,1.0,1.0,2.3,77.1,18.7,80.5,27.6,,
2107407,Olho D'Água Das Cunhãs,MA,0,14387,2784,7830,2692,493,4.5,0.9,1.8,1.6,76.7,19.2,79.5,28.8,,
2107456,Olinda Nova Do Maranhão,MA,0,11175,2631,6298,1573,348,4.2,1.4,0.9,1.8,80.4,14.6,84.7,31.5,,
2107506,Paço Do Lumiar,MA,0,90287,13221,42191,26083,5996,8.1,1.8,2.4,3.5,60.5,31.8,63.6,14.2,2111300,São Luís/MA
2107605,Palmeirândia,MA,0,17179,4435,9975,1949,397,3.2,1.1,0.8,1.3,83.5,13.6,86.5,29.7,,
2107704,Paraibano,MA,0,14960,3809,8082,2263,282,2.6,0.6,0.8,1.2,81.8,15.2,83.7,24.6,,
2107803,Parnarama,MA,0,26242,6271,15317,2921,657,3.5,0.7,1.1,1.2,84.9,11.5,87.0,31.3,,
2107902,Passagem Franca,MA,0,14692,3209,7791,2538,437,4.1,1.4,1.0,1.4,78.7,17.1,81.3,23.3,,
2108009,Pastos Bons,MA,0,15148,3179,8003,3103,402,3.5,1.0,0.9,1.4,78.8,18.5,80.6,22.5,,
2108058,Paulino Neves,MA,0,15080,2673,9352,2204,518,4.3,1.0,1.2,2.0,80.5,14.8,83.5,26.1,,
2108108,Paulo Ramos,MA,0,16850,3875,7966,4106,369,3.0,0.5,1.0,1.4,72.2,24.7,73.9,23.1,,
2108207,Pedreiras,MA,0,28040,4973,13363,7977,1059,4.7,0.8,1.9,1.8,63.8,32.1,65.7,25.5,2108207,Pedreiras/MA
2108256,Pedro Do Rosário,MA,0,18241,4491,10516,2319,434,3.3,1.0,0.8,1.4,83.2,13.8,85.9,30.4,,
2108306,Penalva,MA,0,26013,6706,15251,2746,641,3.4,0.8,0.8,1.7,84.2,12.6,86.7,32.9,,
2108405,Peri Mirim,MA,0,11291,2236,6900,1564,241,2.8,0.9,0.8,0.9,81.2,16.0,82.9,28.3,,
2108454,Peritoró,MA,0,16364,3759,8907,2690,427,3.5,1.0,1.2,1.2,80.9,16.1,82.5,21.2,,
2108504,Pindaré-Mirim,MA,0,25951,6097,13575,4802,763,4.0,0.9,1.3,1.7,75.7,20.4,76.8,23.8,,
2108603,Pinheiro,MA,0,62812,14646,31826,12115,2595,5.6,1.3,1.6,2.4,71.5,22.8,74.7,22.8,,
2108702,Pio Xii,MA,0,18787,3719,10313,3667,490,3.4,0.6,1.2,1.4,78.0,18.6,79.8,28.4,,
2108801,Pirapemas,MA,0,12904,3351,7017,1827,314,3.4,1.3,1.0,0.9,81.0,15.7,83.1,25.3,,
2108900,Poção De Pedras,MA,0,14763,3052,7691,3189,311,2.8,0.7,0.7,1.2,71.6,24.2,74.3,21.8,,
2109007,Porto Franco,MA,0,18862,3654,7812,6221,819,5.5,1.2,1.5,2.6,59.9,35.4,61.1,19.6,1721208,Tocantinópolis/TO - Porto Franco/MA
2109056,Porto Rico Do Maranhão,MA,0,7200,1875,3587,1362,239,4.6,1.3,0.9,2.3,71.5,23.6,75.3,30.2,,
2109106,Presidente Dutra,MA,0,32781,5612,15452,9559,1147,4.4,0.8,1.5,1.9,65.9,30.4,67.7,18.9,,
2109205,Presidente Juscelino,MA,0,10017,2190,5992,1356,256,3.4,0.7,0.9,1.6,81.2,14.9,83.6,29.1,2109205,Presidente Juscelino - Cachoeira Grande/MA
2109239,Presidente Médici,MA,0,5728,1136,3182,1076,191,4.3,0.3,1.3,2.5,78.2,16.5,82.1,24.8,,
2109270,Presidente Sarney,MA,0,15655,4081,8815,1887,558,5.0,1.0,1.6,2.2,82.0,14.8,84.8,32.8,,
2109304,Presidente Vargas,MA,0,10343,2151,6488,1179,279,3.5,0.9,0.8,1.7,84.5,11.8,87.0,25.5,,
2109403,Primeira Cruz,MA,0,11110,1890,7136,1408,307,3.5,1.2,0.8,1.3,85.2,11.7,88.1,26.0,,
2109452,Raposa,MA,0,24288,3822,11674,6856,1237,6.3,1.3,1.9,2.8,65.0,29.9,66.9,17.0,2111300,São Luís/MA
2109502,Riachão,MA,0,16914,3616,7981,4283,527,4.1,1.3,0.8,1.8,71.0,25.8,72.2,22.6,,
2109551,Ribamar Fiquene,MA,0,6276,1256,2865,1786,258,5.3,1.4,1.3,2.4,65.4,30.4,67.1,25.3,,
2109601,Rosário,MA,0,32344,6270,17853,5916,1460,5.8,1.4,1.9,2.4,74.7,19.9,77.6,18.1,,
2109700,Sambaíba,MA,0,5411,1009,2482,1624,146,3.4,1.0,0.7,1.5,70.0,26.9,69.6,22.6,,
2109759,Santa Filomena Do Maranhão,MA,0,6119,1104,3503,1242,122,2.5,0.5,0.5,1.4,79.8,17.0,80.6,17.5,,
2109809,Santa Helena,MA,0,24651,6433,12149,4631,830,4.7,0.8,1.6,2.2,74.7,21.6,76.6,26.0,2109809,Santa Helena - Turilândia/MA
2109908,Santa Inês,MA,0,63447,12418,29154,17834,2437,4.9,1.0,1.8,1.9,64.6,30.8,66.3,20.0,,
2110005,Santa Luzia,MA,0,45122,10033,22466,10041,1331,3.9,0.8,1.2,1.8,76.3,20.6,77.5,21.7,,
2110039,Santa Luzia Do Paruá,MA,0,17081,3690,8146,4219,578,4.5,1.1,1.4,1.8,70.6,25.8,72.4,26.4,,
2110104,Santa Quitéria Do Maranhão,MA,0,21175,4401,12320,3215,537,3.3,1.1,0.9,0.9,80.1,15.9,82.8,29.1,,
2110203,Santa Rita,MA,0,28000,6522,15361,4539,767,3.7,0.9,1.0,1.6,78.5,17.0,80.8,21.8,,
2110237,Santana Do Maranhão,MA,0,8165,1915,4555,1309,192,3.2,0.8,1.2,0.9,79.2,18.0,81.0,31.6,,
2110278,Santo Amaro Do Maranhão,MA,0,13330,2410,8084,1987,459,4.4,1.3,1.1,1.9,82.6,13.8,85.5,21.1,,
2110302,Santo Antônio Dos Lopes,MA,0,15375,2657,8069,3736,452,3.7,0.7,1.6,1.2,70.9,24.8,73.4,21.6,,
2110401,São Benedito Do Rio Preto,MA,0,16310,3041,10179,2271,384,3.0,0.9,0.8,1.1,84.0,13.5,85.5,17.0,,
2110500,São Bento,MA,0,29322,7662,15522,4479,756,3.6,0.9,1.1,1.4,78.6,17.8,80.9,26.7,,
2110609,São Bernardo,MA,0,21808,4669,11932,3867,581,3.5,1.0,1.1,1.3,77.9,18.0,79.7,27.7,,
2110658,São Domingos Do Azeitão,MA,0,6763,1128,3578,1623,222,4.1,1.4,0.7,1.7,77.1,19.4,76.7,17.7,,
2110708,São Domingos Do Maranhão,MA,0,28537,5394,13306,7793,826,3.8,0.9,1.1,1.5,68.1,28.3,69.8,26.2,,
2110807,São Félix De Balsas,MA,0,4224,927,1987,1005,146,4.7,1.4,0.6,2.1,76.2,21.5,78.5,27.3,,
2110856,São Francisco Do Brejão,MA,0,8123,1641,3230,2839,233,3.7,0.9,1.0,1.6,59.9,36.1,60.2,23.3,,
2110906,São Francisco Do Maranhão,MA,0,9159,1913,5660,1033,202,2.9,1.0,0.8,0.9,86.1,10.7,88.5,27.8,2200509,Amarante/PI - São Francisco do Maranhão/MA
2111003,São João Batista,MA,0,20103,5016,12009,2214,412,2.8,0.9,0.6,1.2,84.4,12.3,87.4,25.0,,
2111029,São João Do Carú,MA,0,10141,2704,4808,2140,263,3.6,1.1,0.8,1.6,73.4,23.0,75.6,33.5,,
2111052,São João Do Paraíso,MA,0,8599,1354,3697,3013,363,5.1,1.5,0.6,2.8,61.4,34.3,62.9,23.2,,
2111078,São João Do Soter,MA,0,14327,3359,8738,1565,304,2.9,0.5,1.1,1.1,86.1,11.1,87.9,22.4,,
2111102,São João Dos Patos,MA,0,19533,3980,10402,3700,699,4.7,1.0,1.4,2.2,76.2,19.3,78.6,26.6,,
2111201,São José De Ribamar,MA,0,131324,21624,61232,36443,7863,7.5,1.7,2.3,3.0,61.6,31.4,64.1,17.4,2111300,São Luís/MA
2111250,São José Dos Basílios,MA,0,6388,1201,3950,920,159,3.2,0.5,1.3,1.2,84.0,13.3,85.5,20.6,,
2111300,São Luís,MA,1,761443,119443,337598,229253,52471,8.5,2.2,2.4,3.4,56.5,34.4,60.4,15.9,2111300,São Luís/MA
2111409,São Luís Gonzaga Do Maranhão,MA,0,17211,4175,10117,2181,272,2.2,0.7,0.8,0.6,84.0,13.3,85.9,25.3,,
2111508,São Mateus Do Maranhão,MA,0,30147,7392,15258,5836,779,3.6,0.9,1.4,1.1,74.9,21.6,76.3,23.6,,
2111532,São Pedro Da Água Branca,MA,0,9693,2527,3683,3052,247,3.5,0.9,1.1,1.4,63.7,32.9,63.9,29.0,,
2111573,São Pedro Dos Crentes,MA,0,4689,789,1195,2477,130,3.4,1.6,0.3,1.1,37.4,58.6,37.7,19.1,,
2111607,São Raimundo Das Mangabeiras,MA,0,15701,3036,7163,4486,528,4.3,0.9,1.4,1.9,68.3,28.3,69.7,25.8,,
2111631,São Raimundo Do Doca Bezerra,MA,0,5160,1136,2738,978,139,3.6,0.7,1.0,1.8,77.7,17.5,80.8,29.1,,
2111672,São Roberto,MA,0,4547,982,2521,811,110,3.2,0.8,0.9,1.3,80.7,16.7,83.3,25.3,,
2111706,São Vicente Ferrer,MA,0,16729,4429,9148,2069,425,3.6,1.4,0.8,1.4,81.5,15.2,84.3,28.6,,
2111722,Satubinha,MA,0,7469,1371,4078,1559,225,3.8,0.8,1.0,1.9,74.2,20.7,77.6,24.3,,
2111748,Senador Alexandre Costa,MA,0,8450,2026,4446,1587,167,2.7,0.6,0.7,1.4,77.0,20.0,79.0,29.5,,
2111763,Senador La Rocque,MA,0,12262,2361,5633,3366,581,6.1,1.3,1.7,2.9,67.6,28.5,69.1,27.6,,
2111789,Serrano Do Maranhão,MA,0,9228,2167,5912,743,162,2.4,0.6,0.7,1.0,89.4,8.7,91.9,24.9,,
2111805,Sítio Novo,MA,0,13984,2057,6635,4420,552,4.8,1.5,0.8,2.4,66.0,28.9,67.5,14.8,,
2111904,Sucupira Do Norte,MA,0,8257,1294,4731,1795,175,2.6,0.8,0.6,1.2,77.9,19.4,79.8,23.6,,
2111953,Sucupira Do Riachão,MA,0,4707,1030,2696,610,125,3.6,1.6,0.7,1.2,86.0,10.2,88.4,25.4,,
2112001,Tasso Fragoso,MA,0,6854,1260,2715,2390,293,5.4,1.0,0.8,3.2,64.7,31.3,65.5,22.1,,
2112100,Timbiras,MA,0,21254,5771,11441,2776,593,4.0,1.1,1.3,1.4,80.4,15.1,83.7,27.8,,
2112209,Timon,MA,0,124767,19409,67010,28444,5475,5.4,1.1,1.8,2.3,71.0,22.8,74.0,16.1,2211001,Teresina/PI
2112233,Trizidela Do Vale,MA,0,16878,2983,8059,4744,626,4.7,0.9,1.7,1.8,66.0,29.0,68.7,19.8,2108207,Pedreiras/MA
2112274,Tufilândia,MA,0,6051,1542,3161,1024,147,3.4,0.7,1.0,1.5,80.8,17.2,82.4,25.1,,
2112308,Tuntum,MA,0,28443,5872,13758,7114,761,3.5,0.7,1.0,1.7,69.6,26.3,71.5,20.3,,
2112407,Turiaçu,MA,0,28166,5406,16792,4502,802,3.6,1.0,0.8,1.6,78.8,17.9,80.6,26.8,,
2112456,Turilândia,MA,0,15977,4252,8018,2773,569,5.0,1.1,0.9,2.8,78.5,18.1,79.5,33.5,2109809,Santa Helena - Turilândia/MA
2112506,Tutóia,MA,0,43215,9301,23022,7838,1572,4.8,1.0,1.4,2.4,73.4,20.4,77.1,21.8,,
2112605,Urbano Santos,MA,0,25803,5466,15137,3826,528,2.7,0.6,1.0,1.1,81.9,15.3,83.8,19.1,,
2112704,Vargem Grande,MA,0,32648,7172,17844,5599,956,3.9,1.2,1.1,1.4,80.2,16.2,82.5,22.5,,
2112803,Viana,MA,0,39769,8727,19880,8910,1308,4.3,1.3,1.0,1.9,70.5,25.4,72.9,22.7,,
2112852,Vila Nova Dos Martírios,MA,0,8903,2232,3534,2666,285,4.4,1.1,0.8,2.4,62.2,33.1,63.2,25.8,,
2112902,Vitória Do Mearim,MA,0,24683,5345,12723,5409,647,3.5,0.8,0.9,1.6,71.2,25.3,73.2,31.4,,
2113009,Vitorino Freire,MA,0,22898,4428,11621,5446,724,4.1,1.1,1.2,1.6,71.1,25.0,73.1,28.9,,
2114007,Zé Doca,MA,0,33014,7115,16901,7316,912,3.6,1.0,1.1,1.4,71.9,24.3,73.5,22.4,,
2200053,Acauã,PI,0,6390,643,4315,793,335,6.2,1.0,1.4,3.5,87.7,8.4,89.8,9.9,,
2200103,Agricolândia,PI,0,5547,1074,3373,792,160,3.7,1.0,1.0,1.6,81.1,14.0,83.2,20.5,,
2200202,Água Branca,PI,0,15858,2655,8457,3820,477,3.7,0.6,1.5,1.6,71.5,24.6,71.9,17.0,,
2200251,Alagoinha Do Piauí,PI,0,6145,818,3537,1249,248,4.9,1.6,1.1,2.0,74.8,20.1,77.6,13.7,,
2200277,Alegrete Do Piauí,PI,0,4534,932,2512,864,135,3.9,0.7,1.1,2.1,78.6,17.3,80.2,20.2,,
2200301,Alto Longá,PI,0,12857,1728,8458,1876,422,3.9,1.0,1.1,1.7,80.5,14.1,83.7,13.9,,
2200400,Altos,PI,0,37002,5118,23026,5950,1540,5.0,0.9,1.6,2.3,80.8,14.1,83.0,13.4,,
2200459,Alvorada Do Gurguéia,PI,0,4659,837,2725,824,144,3.9,0.5,1.2,2.0,80.5,15.5,81.7,17.9,,
2200509,Amarante,PI,0,16004,3193,10090,1905,343,2.8,0.4,1.1,1.1,82.5,13.1,83.9,20.1,2200509,Amarante/PI - São Francisco do Maranhão/MA
2200608,Angical Do Piauí,PI,0,6640,1196,4025,1006,202,3.9,0.5,1.6,1.6,79.2,16.5,81.8,21.5,2200608,Angical do Piauí/PI
2200707,Anísio De Abreu,PI,0,7166,1105,4957,765,131,2.2,0.5,0.4,1.3,85.9,10.4,88.5,16.8,,
2200806,Antônio Almeida,PI,0,3064,565,1517,837,69,2.9,0.9,0.6,1.4,70.2,25.3,71.1,18.9,,
2200905,Aroazes,PI,0,5575,1088,3445,735,130,3.0,0.6,1.3,1.0,83.5,13.0,86.1,19.8,,
2200954,Aroeiras Do Itaim,PI,0,4352,424,2937,682,162,4.3,1.1,1.6,1.3,82.0,14.2,83.2,9.6,,
2201002,Arraial,PI,0,4367,707,2858,534,134,3.8,0.7,1.1,1.9,81.9,12.4,85.1,19.4,,
2201051,Assunção Do Piauí,PI,0,7632,2200,4225,725,211,4.1,1.1,0.8,2.1,86.3,8.9,89.4,26.1,,
2201101,Avelino Lopes,PI,0,9563,2042,5070,1751,384,5.3,2.0,0.6,2.6,73.8,19.9,77.5,21.1,,
2201150,Baixa Grande Do Ribeiro,PI,0,11444,1779,4996,3764,522,5.6,1.1,0.9,3.5,69.1,26.9,70.1,12.8,,
2201176,Barra D'Alcântara,PI,0,3576,697,2172,468,59,2.2,0.4,0.8,0.8,83.1,12.9,85.3,21.5,,
2201200,Barras,PI,0,38201,7260,21523,6806,1297,4.4,0.9,1.2,2.1,75.9,19.0,78.4,21.4,,
2201309,Barreiras Do Piauí,PI,0,3633,1016,1816,565,153,6.0,2.8,0.8,2.5,77.2,17.5,80.6,24.2,,
2201408,Barro Duro,PI,0,6411,1279,3441,1375,198,4.0,1.2,1.1,1.6,72.2,23.2,74.9,22.4,,
2201507,Batalha,PI,0,22539,5435,11524,4032,651,4.0,0.9,1.1,1.9,73.6,21.1,76.3,25.7,,
2201556,Bela Vista Do Piauí,PI,0,3462,253,2195,514,208,7.1,1.6,2.1,3.4,79.2,11.0,84.4,8.8,,
2201572,Belém Do Piauí,PI,0,3328,338,2161,570,118,4.1,0.6,1.2,2.2,81.5,13.2,84.5,13.2,,
2201606,Beneditinos,PI,0,9612,1647,6156,1172,330,4.3,1.2,1.1,1.9,84.0,10.9,86.2,16.7,,
2201705,Bertolínia,PI,0,4969,816,2718,1054,216,5.4,1.2,1.5,2.7,74.3,20.1,73.7,15.9,,
2201739,Betânia Do Piauí,PI,0,5865,807,3969,605,284,5.8,1.1,0.9,3.8,88.8,7.3,91.3,14.3,,
2201770,Boa Hora,PI,0,6884,1314,4079,1055,217,4.1,1.0,1.1,1.9,78.4,15.8,81.1,20.9,,
2201804,Bocaina,PI,0,5573,785,3541,890,223,4.8,0.5,2.2,1.8,77.3,18.1,77.8,12.3,,
2201903,Bom Jesus,PI,0,19900,3110,9349,6023,735,4.6,0.8,1.1,2.5,67.6,27.2,69.5,15.2,,
2201919,Bom Princípio Do Piauí,PI,0,6778,1001,3906,1365,200,3.7,0.5,0.9,2.2,77.8,18.3,78.7,15.7,,
2201929,Bonfim Do Piauí,PI,0,4967,800,3549,344,107,2.7,0.7,0.9,1.1,89.7,6.5,92.6,17.6,,
2201945,Boqueirão Do Piauí,PI,0,6086,1324,3701,698,191,4.2,0.6,1.3,2.1,83.4,12.1,86.7,22.7,,
2201960,Brasileira,PI,0,8739,1966,5054,1122,260,4.0,0.6,1.5,1.8,81.7,14.1,84.9,21.9,,
2201988,Brejo Do Piauí,PI,0,3894,741,2605,379,51,1.7,0.3,0.6,0.7,89.9,8.3,90.4,16.8,,
2202000,Buriti Dos Lopes,PI,0,17653,2788,9990,3553,637,4.5,0.8,1.2,2.4,72.5,23.4,74.4,17.2,,
2202026,Buriti Dos Montes,PI,0,6972,950,4749,917,178,3.0,0.5,1.1,1.2,85.5,9.8,87.9,13.8,,
2202059,Cabeceiras Do Piauí,PI,0,9837,2115,6010,1060,333,4.5,1.1,1.0,2.3,84.9,9.7,87.7,21.1,,
2202075,Cajazeiras Do Piauí,PI,0,3662,715,2349,387,59,2.1,0.4,0.6,0.9,82.9,11.4,85.7,17.3,,
2202083,Cajueiro Da Praia,PI,0,7643,1177,4555,1453,219,3.5,0.4,0.9,1.9,78.2,17.7,80.1,15.8,,
2202091,Caldeirão Grande Do Piauí,PI,0,5176,746,3290,786,233,5.4,0.9,0.9,3.5,81.1,12.9,83.8,12.6,,
2202109,Campinas Do Piauí,PI,0,5376,1139,3523,429,93,2.3,0.6,0.7,1.0,90.9,6.6,93.1,20.5,,
2202117,Campo Alegre Do Fidalgo,PI,0,4536,554,2978,654,160,4.2,0.6,0.9,2.6,87.6,9.1,89.7,13.5,,
2202133,Campo Grande Do Piauí,PI,0,5304,839,3478,571,187,4.4,1.0,1.2,2.1,84.8,10.2,87.7,18.3,,
2202174,Campo Largo Do Piauí,PI,0,5863,1164,3349,1007,144,3.2,0.8,1.3,1.0,79.1,15.9,82.1,18.9,,
2202208,Campo Maior,PI,0,35864,5457,20616,6975,1467,5.0,0.9,1.8,2.1,72.9,21.1,75.0,15.8,,
2202251,Canavieira,PI,0,3447,723,1968,596,66,2.5,0.9,0.4,1.0,82.4,13.4,84.7,20.4,,
2202307,Canto Do Buriti,PI,0,16253,3587,8739,2803,460,3.8,1.0,0.9,1.8,77.8,17.1,80.3,21.0,,
2202406,Capitão De Campos,PI,0,10509,2112,6107,1419,430,5.4,1.0,1.4,2.8,80.2,13.9,83.5,20.8,,
2202455,Capitão Gervásio Oliveira,PI,0,4054,552,2776,416,144,4.3,0.5,1.0,2.8,90.6,7.0,92.4,14.6,,
2202505,Caracol,PI,0,8414,1497,5324,1087,200,3.0,0.8,0.7,1.5,84.0,11.6,86.9,17.8,,
2202539,Caraúbas Do Piauí,PI,0,5366,924,2861,1115,194,4.7,0.8,1.1,2.6,75.8,19.2,77.7,17.2,,
2202554,Caridade Do Piauí,PI,0,5023,774,3235,617,235,5.8,1.6,1.3,2.9,86.2,9.4,89.1,16.8,,
2202604,Castelo Do Piauí,PI,0,16956,3973,8570,3228,574,4.6,0.8,1.6,2.1,74.6,20.4,76.9,22.9,,
2202653,Caxingó,PI,0,5777,795,3632,884,204,4.3,0.7,1.4,2.1,80.9,13.0,85.3,15.5,,
2202703,Cocal,PI,0,23420,3755,12569,5217,752,4.1,0.8,1.3,1.9,76.5,18.8,78.4,17.7,,
2202711,Cocal De Telha,PI,0,4645,1056,2737,485,148,4.4,0.8,1.5,2.0,87.2,9.3,87.9,23.2,,
2202729,Cocal Dos Alves,PI,0,5586,972,3550,597,194,4.5,1.1,1.0,2.4,89.0,7.2,90.8,18.9,,
2202737,Coivaras,PI,0,5672,624,3652,991,210,4.3,1.4,1.5,1.4,78.5,16.1,80.8,10.7,,
2202752,Colônia Do Gurguéia,PI,0,5574,1133,3182,960,142,3.3,0.8,1.3,1.2,78.5,17.9,81.1,18.5,,
2202778,Colônia Do Piauí,PI,0,6180,1377,3861,669,96,2.1,0.4,0.5,1.1,84.5,11.8,86.7,23.5,,
2202802,Conceição Do Canindé,PI,0,5002,790,2949,819,199,5.0,1.3,0.9,2.6,81.4,12.7,86.1,16.3,,
2202851,Coronel José Dias,PI,0,5395,716,3773,588,165,3.6,1.1,1.2,1.2,89.4,7.1,92.0,12.9,,
2202901,Corrente,PI,0,21194,4351,10577,4663,809,5.0,1.7,0.8,2.5,71.3,23.1,74.4,21.0,,
2203008,Cristalândia Do Piauí,PI,0,6237,1342,3580,912,189,4.0,1.4,0.6,2.0,82.2,13.1,82.2,18.6,,
2203107,Cristino Castro,PI,0,8594,1481,4894,1679,263,3.9,0.6,1.6,1.6,79.5,17.1,81.0,19.3,,
2203206,Curimatá,PI,0,9386,1726,5040,1968,343,4.7,1.7,1.1,1.9,74.5,21.3,73.9,19.1,,
2203230,Currais,PI,0,6287,893,3786,1233,199,3.8,0.7,0.9,2.3,81.6,15.0,83.3,14.8,,
2203255,Curralinhos,PI,0,5297,781,3589,673,136,3.1,0.6,0.9,1.5,84.4,12.1,86.5,14.8,,
2203271,Curral Novo Do Piauí,PI,0,5409,750,3797,528,171,3.8,0.5,1.5,1.8,90.1,7.4,92.1,14.8,,
2203305,Demerval Lobão,PI,0,13788,1905,8346,2594,479,4.2,0.8,1.5,1.8,75.6,19.2,77.4,16.7,,
2203354,Dirceu Arcoverde,PI,0,6674,1152,4615,659,115,2.1,0.5,1.0,0.6,87.2,8.7,90.2,17.1,,
2203404,Dom Expedito Lopes,PI,0,6542,779,4187,1136,210,3.8,0.7,1.4,1.6,79.5,15.9,80.7,11.3,,
2203420,Domingos Mourão,PI,0,4268,830,2707,504,108,3.2,0.8,1.0,1.4,86.0,10.1,87.8,19.9,,
2203453,Dom Inocêncio,PI,0,7564,1099,5136,852,247,4.0,0.6,0.8,2.5,88.8,7.5,90.3,13.8,,
2203503,Elesbão Veloso,PI,0,13416,2785,8078,1712,388,3.8,0.7,1.3,1.6,83.7,11.5,85.1,22.6,,
2203602,Eliseu Martins,PI,0,4015,925,2265,573,107,3.6,1.1,0.7,1.7,79.4,15.9,82.4,21.5,,
2203701,Esperantina,PI,0,32709,6902,16844,6841,915,3.7,0.7,1.2,1.7,72.1,23.1,73.8,21.9,,
2203750,Fartura Do Piauí,PI,0,4753,816,3403,361,93,2.4,0.8,0.5,1.1,91.4,6.3,92.5,17.0,,
2203800,Flores Do Piauí,PI,0,4318,1032,2453,586,100,3.2,1.0,0.7,1.2,81.3,14.4,84.1,22.3,,
2203859,Floresta Do Piauí,PI,0,2599,549,1606,258,84,4.3,1.4,1.3,1.4,85.7,10.3,87.8,24.5,,
2203909,Floriano,PI,0,44933,8236,24255,9154,1932,5.5,1.2,1.7,2.4,73.2,20.8,75.7,19.4,2203909,Floriano/PI
2204006,Francinópolis,PI,0,4556,880,3013,418,91,2.6,0.7,0.8,0.8,85.5,10.5,87.6,22.5,,
2204105,Francisco Ayres,PI,0,5168,1161,3009,671,180,4.7,1.6,1.4,1.6,81.2,12.5,84.8,19.9,,
2204154,Francisco Macedo,PI,0,2841,407,1794,421,115,4.9,0.4,0.4,3.9,81.0,12.8,85.0,16.1,,
2204204,Francisco Santos,PI,0,7087,1209,4396,967,277,4.9,0.7,2.4,1.6,80.6,13.6,84.2,19.4,,
2204303,Fronteiras,PI,0,9541,1708,5572,1648,312,4.1,0.8,1.4,1.8,78.3,17.1,80.5,17.9,,
2204352,Geminiano,PI,0,6469,781,4329,905,208,3.8,0.9,1.4,1.4,83.2,12.4,85.5,13.9,2208007,Picos/PI
2204402,Gilbués,PI,0,8660,1687,4968,1432,306,4.6,1.5,0.7,2.3,79.6,16.2,81.7,19.9,,
2204501,Guadalupe,PI,0,8682,2217,4444,1419,280,4.6,0.9,1.7,1.7,78.2,17.2,80.4,25.4,,
2204550,Guaribas,PI,0,4478,1060,2943,352,65,1.9,0.4,0.6,0.9,92.1,5.6,93.9,22.0,,
2204600,Hugo Napoleão,PI,0,4428,805,2556,806,124,3.6,0.8,1.4,1.3,79.5,16.0,81.7,16.1,,
2204659,Ilha Grande,PI,0,9354,1474,5736,1475,301,4.0,0.8,1.6,1.5,79.1,16.0,81.4,18.6,,
2204709,Inhuma,PI,0,13109,2474,7909,1757,466,4.6,1.1,1.9,1.4,81.3,14.2,83.0,21.2,,
2204808,Ipiranga Do Piauí,PI,0,7746,1255,5053,916,231,3.7,1.1,0.9,1.6,85.9,10.2,88.4,18.0,,
2204907,Isaías Coelho,PI,0,6463,1104,4360,582,146,2.9,0.8,0.7,1.3,88.9,7.2,92.1,16.8,,
2205003,Itainópolis,PI,0,9605,1595,5887,1422,226,3.0,0.5,1.1,1.2,81.3,14.5,83.4,16.7,,
2205102,Itaueira,PI,0,9279,2065,5029,1583,235,3.4,0.9,0.9,1.5,77.3,17.2,79.9,21.2,,
2205151,Jacobina Do Piauí,PI,0,5231,467,3262,888,324,7.2,1.0,1.2,4.9,83.3,12.3,86.2,10.8,,
2205201,Jaicós,PI,0,14188,3216,7799,2034,439,4.3,1.0,1.4,1.8,80.2,14.5,83.5,23.4,,
2205250,Jardim Do Mulato,PI,0,4530,704,2752,815,143,3.9,1.1,1.0,1.6,77.6,17.6,78.7,18.0,,
2205276,Jatobá Do Piauí,PI,0,6898,1033,4558,943,186,3.3,0.5,1.1,1.5,83.7,12.4,85.4,14.2,,
2205300,Jerumenha,PI,0,4814,949,2797,803,119,3.2,1.2,0.8,1.1,79.6,16.8,81.0,19.5,,
2205359,João Costa,PI,0,3918,690,2470,524,94,3.0,0.6,0.7,1.7,82.7,12.2,86.4,15.5,,
2205409,Joaquim Pires,PI,0,11817,2374,6401,2315,262,2.9,0.9,0.6,1.2,76.1,20.6,77.9,19.3,,
2205458,Joca Marques,PI,0,5603,970,3383,943,122,2.7,0.5,0.7,1.5,80.7,15.0,81.4,20.4,,
2205508,José De Freitas,PI,0,35332,4847,23802,4387,1205,4.1,0.7,1.1,2.2,83.2,11.9,86.0,14.4,,
2205516,Juazeiro Do Piauí,PI,0,5440,783,3306,919,261,5.8,0.8,1.9,3.0,78.3,15.7,81.8,15.5,,
2205524,Júlio Borges,PI,0,5222,1236,3178,515,175,4.5,2.1,0.6,1.8,84.3,9.7,87.9,20.0,,
2205532,Jurema,PI,0,5184,974,3338,573,123,3.0,0.8,0.5,1.7,86.4,9.7,88.1,17.0,,
2205540,Lagoinha Do Piauí,PI,0,3244,685,1883,499,84,3.4,0.2,1.3,1.7,80.8,15.1,82.3,19.5,,
2205557,Lagoa Alegre,PI,0,8599,1238,5855,1041,297,4.1,1.0,1.1,2.0,84.3,11.4,86.6,15.0,,
2205565,Lagoa Do Barro Do Piauí,PI,0,4646,668,3000,627,141,3.7,0.7,0.8,2.0,87.5,9.3,88.6,15.2,,
2205573,Lagoa De São Francisco,PI,0,6040,1338,3355,931,214,4.8,0.9,1.7,2.0,81.8,13.3,84.6,21.0,,
2205581,Lagoa Do Piauí,PI,0,5239,659,3226,1008,202,4.5,0.9,1.1,2.3,77.3,17.1,79.7,13.9,,
2205599,Lagoa Do Sítio,PI,0,4865,809,3155,617,104,2.7,0.7,0.9,0.9,82.3,12.7,85.9,17.6,,
2205607,Landri Sales,PI,0,5122,1165,2837,808,117,3.1,1.3,0.5,1.2,83.7,12.7,84.8,24.0,,
2205706,Luis Correia,PI,0,27367,4769,15245,5200,1021,4.8,0.8,1.4,2.4,76.1,18.6,78.2,18.9,,
2205805,Luzilândia,PI,0,20147,3990,11189,3705,516,3.4,0.6,1.0,1.5,76.9,19.3,78.4,20.3,,
2205854,Madeiro,PI,0,6714,1481,3945,922,139,2.8,0.6,0.7,1.3,81.1,15.5,83.1,25.7,,
2205904,Manoel Emídio,PI,0,4913,849,3075,716,142,3.6,0.7,0.9,1.9,83.1,12.8,85.0,18.8,,
2205953,Marcolândia,PI,0,8736,1245,4537,2140,420,5.9,0.7,1.1,4.0,73.8,20.7,75.0,14.4,2601102,Araripina/PE
2206001,Marcos Parente,PI,0,4326,840,2279,972,129,3.8,1.2,0.7,1.7,70.2,25.0,72.2,20.6,,
2206050,Massapê Do Piauí,PI,0,6452,1406,3825,591,213,4.6,1.3,1.3,1.9,86.8,6.3,90.8,18.3,,
2206100,Matias Olímpio,PI,0,9161,2015,4920,1663,229,3.4,0.7,1.2,1.4,77.7,18.0,80.2,24.3,,
2206209,Miguel Alves,PI,0,27719,6412,16281,3438,731,3.6,0.6,0.8,2.0,80.9,13.6,83.6,24.3,,
2206308,Miguel Leão,PI,0,1890,260,1001,514,47,3.0,0.5,1.3,1.1,68.2,26.4,62.2,15.4,,
2206357,Milton Brandão,PI,0,7087,1770,3324,1569,176,3.5,0.9,1.1,1.3,68.3,26.3,68.2,25.8,,
2206407,Monsenhor Gil,PI,0,10476,1560,6557,1698,372,4.3,0.9,1.3,2.1,79.5,15.8,81.4,15.6,,
2206506,Monsenhor Hipólito,PI,0,7493,1135,4911,995,204,3.3,0.4,1.3,1.6,83.9,11.2,85.7,13.8,,
2206605,Monte Alegre Do Piauí,PI,0,9415,2008,5533,1386,276,3.8,1.2,0.7,1.9,82.9,12.9,85.7,21.2,,
2206654,Morro Cabeça No Tempo,PI,0,4202,819,2551,540,118,3.7,1.1,0.6,1.9,80.8,14.2,79.4,19.1,,
2206670,Morro Do Chapéu Do Piauí,PI,0,5871,1153,3554,825,126,2.8,0.6,0.9,1.1,81.1,15.4,82.3,23.5,,
2206696,Murici Dos Portelas,PI,0,6070,1149,3539,877,235,5.0,1.3,1.1,2.5,77.9,16.2,81.9,18.4,,
2206704,Nazaré Do Piauí,PI,0,6697,1299,4398,623,175,3.4,0.9,0.8,1.5,88.1,8.6,90.5,20.8,,
2206720,Nazária,PI,0,11555,1728,7259,1919,359,3.8,0.8,0.8,2.0,78.8,17.0,81.0,17.2,,
2206753,Nossa Senhora De Nazaré,PI,0,6117,863,4250,669,204,4.0,0.7,1.4,1.7,85.4,11.0,87.4,15.0,,
2206803,Nossa Senhora Dos Remédios,PI,0,8627,1470,5088,1551,229,3.3,0.7,1.1,1.5,78.7,16.9,80.0,17.3,,
2206902,Novo Oriente Do Piauí,PI,0,5158,973,3316,539,149,3.7,0.6,0.9,2.0,87.1,8.9,89.1,21.6,,
2206951,Novo Santo Antônio,PI,0,4732,753,3169,549,159,4.1,1.0,1.4,1.7,84.8,10.8,87.9,14.7,,
2207009,Oeiras,PI,0,31021,5602,18390,5135,810,3.3,0.8,1.1,1.2,76.1,19.6,77.5,18.9,,
2207108,Olho D'Água Do Piauí,PI,0,2708,484,1711,396,70,3.2,0.9,1.1,1.0,79.1,15.3,81.8,20.0,,
2207207,Padre Marcos,PI,0,6038,1058,3749,844,142,3.0,1.0,0.9,1.1,80.8,14.4,83.4,17.6,,
2207306,Paes Landim,PI,0,4499,961,2407,866,92,2.7,0.7,0.7,1.2,70.3,22.9,72.9,15.6,,
2207355,Pajeú Do Piauí,PI,0,3407,735,1992,489,75,2.9,0.6,0.5,1.8,80.5,14.0,84.6,21.9,,
2207405,Palmeira Do Piauí,PI,0,4922,791,2492,1233,228,5.8,0.9,1.1,3.7,74.7,19.6,78.6,16.4,,
2207504,Palmeirais,PI,0,13336,2364,8728,1639,294,2.8,0.7,0.6,1.3,84.0,12.3,86.5,17.9,,
2207553,Paquetá,PI,0,4173,501,2884,603,108,3.0,0.2,1.3,1.4,81.9,13.7,83.1,11.4,,
2207603,Parnaguá,PI,0,7624,1640,4413,1147,211,3.7,1.2,0.8,1.6,83.3,13.0,84.8,21.4,,
2207702,Parnaíba,PI,0,118423,18501,58315,31881,5749,6.0,0.9,2.1,2.8,62.8,29.8,65.7,17.3,,
2207751,Passagem Franca Do Piauí,PI,0,4164,1084,2169,729,100,3.3,0.6,1.1,1.5,76.9,20.8,77.5,23.4,,
2207777,Patos Do Piauí,PI,0,5568,955,3479,638,177,4.1,1.6,0.9,1.6,85.1,9.9,87.8,17.5,,
2207793,Pau D'Arco Do Piauí,PI,0,5401,690,3500,814,220,4.8,1.1,1.4,2.2,82.2,12.8,84.9,14.8,,
2207801,Paulistana,PI,0,17052,2612,10282,2641,688,5.0,0.9,1.6,2.4,82.4,13.4,85.1,16.4,,
2207850,Pavussu,PI,0,3909,811,2522,393,79,2.6,1.3,0.6,0.6,87.6,8.5,90.0,21.8,,
2207900,Pedro Ii,PI,0,35312,8245,18322,6395,1169,4.5,0.7,1.6,2.1,73.7,20.4,76.7,23.8,,
2207934,Pedro Laurentino,PI,0,3276,490,1935,635,81,3.1,0.8,1.0,1.2,68.2,28.0,70.2,13.3,,
2207959,Nova Santa Rita,PI,0,4142,613,2847,424,148,4.3,1.3,0.9,2.1,89.8,6.8,92.0,12.2,,
2208007,Picos,PI,0,54212,6905,31334,11917,2161,4.8,0.7,2.0,1.9,71.5,23.2,73.2,14.6,2208007,Picos/PI
2208106,Pimenteiras,PI,0,9384,1841,5552,1377,245,3.4,0.7,1.1,1.4,79.7,15.6,83.3,18.3,,
2208205,Pio Ix,PI,0,15109,2402,9583,2050,458,3.8,0.8,1.0,1.8,83.7,11.8,86.0,16.3,,
2208304,Piracuruca,PI,0,25821,4799,13792,5216,1005,5.0,0.6,1.9,2.3,76.5,19.4,78.0,19.3,,
2208403,Piripiri,PI,0,53170,12449,26574,10092,1876,4.9,0.8,1.7,2.3,73.1,21.6,75.3,24.5,,
2208502,Porto,PI,0,10000,2175,5256,2049,220,2.9,0.7,1.1,1.0,78.4,17.9,76.3,23.3,,
2208551,Porto Alegre Do Piauí,PI,0,2106,357,1138,456,53,3.2,0.8,0.9,1.4,76.4,17.6,79.4,18.1,,
2208601,Prata Do Piauí,PI,0,3706,703,2402,422,83,2.9,1.0,0.8,1.0,84.3,11.8,88.4,20.5,,
2208650,Queimada Nova,PI,0,7227,1231,3958,1115,319,5.9,1.0,1.3,3.5,85.1,10.8,87.4,12.9,,
2208700,Redenção Do Gurguéia,PI,0,7001,1289,3652,1634,206,3.8,1.1,0.6,1.9,70.7,23.4,72.3,21.3,,
2208809,Regeneração,PI,0,14520,3184,8908,1635,313,2.9,0.8,1.1,0.9,84.1,11.8,86.4,24.5,,
2208858,Riacho Frio,PI,0,4492,835,2936,491,119,3.4,1.2,0.7,1.4,87.1,9.2,89.3,17.4,,
2208874,Ribeira Do Piauí,PI,0,3891,723,2426,498,107,3.5,1.0,0.6,1.8,84.0,12.0,86.8,17.6,,
2208908,Ribeiro Gonçalves,PI,0,5577,969,2910,1277,248,5.6,1.2,1.3,3.1,74.6,21.3,75.1,18.9,,
2209005,Rio Grande Do Piauí,PI,0,5426,1026,3407,705,112,2.6,1.2,0.5,0.9,84.3,12.2,86.2,19.4,,
2209104,Santa Cruz Do Piauí,PI,0,5902,710,4000,845,140,2.8,0.6,1.3,0.9,84.9,11.7,85.5,12.7,,
2209153,Santa Cruz Dos Milagres,PI,0,3971,713,2465,598,130,4.1,1.0,0.8,2.3,80.6,14.3,84.0,21.8,,
2209203,Santa Filomena,PI,0,5554,1049,2782,1327,226,5.2,1.3,0.6,3.1,74.0,21.3,73.9,18.2,2100501,Alto Parnaíba/MA - Santa Filomena/PI
2209302,Santa Luz,PI,0,5273,758,2874,1309,145,3.4,0.6,1.0,1.8,73.0,22.5,75.9,14.4,,
2209351,Santana Do Piauí,PI,0,4214,570,2859,519,120,3.4,0.6,1.4,1.3,81.8,13.5,82.2,14.5,,
2209377,Santa Rosa Do Piauí,PI,0,4981,1108,2769,817,123,3.3,0.7,1.2,1.3,75.2,20.5,77.9,23.2,,
2209401,Santo Antônio De Lisboa,PI,0,6371,900,3867,1202,161,3.1,0.7,1.1,1.1,78.3,16.8,77.8,14.3,,
2209450,Santo Antônio Dos Milagres,PI,0,1955,328,1236,297,35,2.2,0.5,0.8,0.8,83.2,14.2,83.4,16.9,2200608,Angical do Piauí/PI
2209500,Santo Inácio Do Piauí,PI,0,3644,552,2407,524,80,2.7,0.8,1.1,0.8,85.2,12.6,86.3,16.4,,
2209559,São Braz Do Piauí,PI,0,4155,685,2923,318,112,3.3,1.0,0.8,1.4,90.1,6.7,92.3,17.0,,
2209609,São Félix Do Piauí,PI,0,3968,703,2210,809,144,4.5,1.6,1.0,1.8,73.7,19.3,73.3,18.8,,
2209658,São Francisco De Assis Do Piauí,PI,0,4780,602,2515,958,380,9.9,0.7,0.7,8.1,74.8,17.0,77.5,12.2,,
2209708,São Francisco Do Piauí,PI,0,6210,1453,3051,1261,156,3.5,0.8,1.3,1.4,70.5,24.7,71.5,22.6,,
2209757,São Gonçalo Do Gurguéia,PI,0,2882,612,1579,522,89,4.1,0.7,0.6,2.7,78.2,17.1,81.7,18.2,,
2209807,São Gonçalo Do Piauí,PI,0,5172,832,2937,1080,166,4.0,0.7,1.3,1.8,73.2,20.5,75.9,19.2,,
2209856,São João Da Canabrava,PI,0,4502,797,3026,466,119,3.3,0.4,1.2,1.6,85.2,11.1,86.9,16.8,,
2209872,São João Da Fronteira,PI,0,5375,961,3006,957,194,4.7,0.9,0.8,2.8,81.2,14.0,82.3,19.5,,
2209906,São João Da Serra,PI,0,6905,1205,4113,1112,260,4.7,1.4,1.1,2.0,79.2,15.4,82.4,20.5,,
2209955,São João Da Varjota,PI,0,4131,708,2780,467,66,2.0,0.7,0.5,0.7,82.7,13.8,82.2,19.4,,
2209971,São João Do Arraial,PI,0,7625,1301,4112,1834,97,1.6,0.4,0.7,0.4,72.4,24.4,73.6,19.7,,
2210003,São João Do Piauí,PI,0,15077,2552,8975,2474,495,4.1,0.6,1.4,2.0,77.8,17.5,80.8,17.9,,
2210052,São José Do Divino,PI,0,5071,757,3106,733,248,6.1,0.7,1.7,3.6,82.0,12.3,84.4,14.8,,
2210102,São José Do Peixe,PI,0,3371,814,1893,469,66,2.7,1.1,0.7,0.9,83.2,12.7,85.9,22.3,,
2210201,São José Do Piauí,PI,0,6004,1142,3825,711,127,2.7,0.5,0.9,1.3,84.5,13.1,85.6,18.1,,
2210300,São Julião,PI,0,5605,868,3497,962,172,3.7,0.7,0.8,2.1,67.7,27.5,70.0,16.9,,
2210359,São Lourenço Do Piauí,PI,0,4860,737,3309,480,150,3.8,1.1,1.2,1.4,88.5,7.1,91.7,15.7,,
2210375,São Luis Do Piauí,PI,0,3574,716,2170,470,125,4.5,0.3,1.5,2.6,83.8,11.7,83.0,13.0,,
2210383,São Miguel Da Baixa Grande,PI,0,2835,585,1473,607,109,5.0,0.9,1.1,2.9,76.6,19.6,79.8,19.5,,
2210391,São Miguel Do Fidalgo,PI,0,3027,648,1933,341,40,1.7,0.3,0.7,0.6,88.1,9.1,90.8,20.8,,
2210409,São Miguel Do Tapuio,PI,0,15612,3870,8834,1941,405,3.6,1.1,1.3,1.2,83.6,12.1,86.1,25.3,,
2210508,São Pedro Do Piauí,PI,0,11541,1942,6649,2176,353,3.9,0.6,1.3,1.9,76.0,18.9,77.9,17.2,,
2210607,São Raimundo Nonato,PI,0,27458,4119,17439,4275,821,3.6,0.8,1.3,1.4,82.8,13.5,84.8,13.9,,
2210623,Sebastião Barros,PI,0,4633,816,2554,934,185,5.0,2.4,0.5,2.2,80.8,14.8,84.0,17.8,,
2210631,Sebastião Leal,PI,0,4234,483,2090,1419,102,2.8,0.6,0.7,1.5,66.1,30.9,66.3,11.8,,
2210656,Sigefredo Pacheco,PI,0,9278,1256,6007,1382,356,4.6,0.5,1.2,2.8,82.1,13.7,84.7,14.2,,
2210706,Simões,PI,0,12484,2254,7549,1755,396,4.1,1.0,1.1,1.9,83.3,12.6,85.7,18.4,,
2210805,Simplício Mendes,PI,0,10329,1542,6487,1542,389,4.6,1.0,1.4,2.1,81.4,13.0,83.8,13.9,,
2210904,Socorro Do Piauí,PI,0,4300,888,2548,604,133,4.0,0.9,0.8,2.0,78.0,15.8,82.8,19.2,,
2210938,Sussuapara,PI,0,6735,848,4388,995,241,4.3,0.6,1.6,2.0,82.4,13.5,84.2,15.2,,
2210953,Tamboril Do Piauí,PI,0,2989,525,1804,438,102,4.3,0.4,0.9,3.0,82.7,12.6,85.5,19.2,,
2210979,Tanque Do Piauí,PI,0,2725,425,1664,369,127,5.9,1.6,1.6,2.7,79.8,14.4,82.4,17.2,,
2211001,Teresina,PI,1,592974,88646,296190,152350,35650,7.4,1.5,2.4,3.1,62.4,28.6,66.4,15.2,2211001,Teresina/PI
2211100,União,PI,0,38750,6024,23153,6896,1204,3.9,1.0,1.1,1.6,76.5,18.4,78.8,15.7,,
2211209,Uruçuí,PI,0,18909,3029,9150,5337,764,5.0,0.9,1.2,2.8,68.7,26.4,69.7,17.6,2211209,Uruçuí/PI
2211308,Valença Do Piauí,PI,0,17671,3039,10447,2933,531,3.8,0.7,1.6,1.3,76.9,17.9,79.4,17.0,,
2211357,Várzea Branca,PI,0,4694,749,3211,455,113,3.0,1.0,0.8,1.0,88.1,8.3,90.3,17.4,,
2211407,Várzea Grande,PI,0,4174,931,2281,616,120,4.0,1.0,1.3,1.6,79.2,15.5,82.3,22.0,,
2211506,Vera Mendes,PI,0,3670,649,2270,406,132,4.7,1.0,0.7,2.9,84.9,10.9,88.3,17.1,,
2211605,Vila Nova Do Piauí,PI,0,3001,307,1886,526,168,6.5,1.3,1.6,3.6,78.3,15.4,81.7,11.8,,
2211704,Wall Ferraz,PI,0,4305,477,2839,731,121,3.3,0.9,0.8,1.5,79.3,17.1,79.2,11.9,,
2300101,Abaiara,CE,0,7775,1536,4634,1036,210,3.6,0.4,1.0,2.1,85.5,10.4,87.4,17.9,,
2300150,Acarape,CE,0,12546,1678,6079,3847,438,4.2,0.4,1.2,2.5,62.2,32.4,64.0,13.2,2311603,Redenção - Acarape/CE
2300200,Acaraú,CE,0,49197,9366,23817,12267,1525,4.0,0.4,1.5,2.1,69.5,23.4,73.1,19.1,,
2300309,Acopiara,CE,0,38571,6167,23458,6153,1016,3.3,0.5,1.2,1.5,79.4,13.3,83.4,21.4,,
2300408,Aiuaba,CE,0,11440,2399,7142,1196,301,3.5,0.7,1.1,1.6,84.0,9.9,88.5,26.2,,
2300507,Alcântaras,CE,0,10265,2076,5939,1437,346,4.5,0.9,1.2,2.4,78.3,10.9,86.3,21.3,,
2300606,Altaneira,CE,0,6949,1279,4500,669,244,4.5,0.4,2.4,1.6,85.8,7.0,90.8,17.4,,
2300705,Alto Santo,CE,0,12108,1952,7184,2157,430,4.4,0.5,1.8,2.0,80.0,15.5,81.8,21.8,,
2300754,Amontada,CE,0,36349,6716,19857,7402,1052,3.7,0.6,1.4,1.6,75.0,19.1,77.9,19.1,,
2300804,Antonina Do Norte,CE,0,7089,1621,4169,791,238,4.6,0.4,2.6,1.5,82.3,10.6,87.1,28.4,,
2300903,Apuiarés,CE,0,12696,1974,7375,2442,524,5.1,0.7,1.9,2.3,75.9,17.3,79.4,14.8,,
2301000,Aquiraz,CE,0,69632,9885,33019,20298,3248,5.7,0.8,1.8,3.0,62.6,30.0,65.5,14.0,2304400,Fortaleza/CE
2301109,Aracati,CE,0,57417,8684,29308,14510,2523,5.4,0.5,1.5,3.3,67.1,25.4,70.2,14.8,,
2301208,Aracoiaba,CE,0,24943,3179,14493,5701,791,3.8,0.5,1.4,1.8,73.8,20.6,75.8,14.4,,
2301257,Ararendá,CE,0,9705,1620,5559,1943,253,3.3,0.6,1.0,1.5,75.8,18.8,77.7,23.4,,
2301307,Araripe,CE,0,17494,3312,11246,1870,404,3.0,0.4,1.2,1.3,87.9,6.8,91.5,27.4,,
2301406,Aratuba,CE,0,12289,2056,6776,2571,396,4.1,0.7,1.2,2.1,75.2,17.7,79.2,16.2,,
2301505,Arneiroz,CE,0,6939,1476,3885,1157,222,4.2,0.6,1.2,2.3,77.9,15.2,82.5,23.6,,
2301604,Assaré,CE,0,18914,3901,11066,2518,677,4.8,0.5,1.6,2.4,83.1,10.8,87.0,26.4,,
2301703,Aurora,CE,0,20292,4096,11216,3343,668,4.4,0.7,1.5,2.1,80.3,12.8,84.4,21.8,,
2301802,Baixio,CE,0,5464,882,3608,682,128,2.9,0.5,1.1,1.2,82.3,11.2,87.1,21.8,,
2301851,Banabuiú,CE,0,15673,2488,9529,2774,424,3.3,0.7,1.2,1.4,80.2,14.7,83.2,16.0,,
2301901,Barbalha,CE,0,53415,8783,28658,11693,2071,4.9,0.6,1.8,2.4,73.0,20.3,76.2,16.5,2307304,Juazeiro do Norte/CE
2301950,Barreira,CE,0,19586,2671,9176,6410,506,3.1,0.7,1.1,1.3,59.9,33.8,61.3,13.3,,
2302008,Barro,CE,0,17005,3812,10047,1938,472,3.8,0.7,1.4,1.6,84.2,10.1,87.7,23.5,,
2302057,Barroquinha,CE,0,15207,3165,7660,3225,500,4.4,0.5,1.3,2.5,76.3,15.2,81.9,19.2,,
2302107,Baturité,CE,0,28552,4603,15878,5988,934,4.1,0.5,1.7,1.8,74.1,20.2,76.6,16.0,,
2302206,Beberibe,CE,0,46979,6478,24758,11429,1975,5.2,0.8,1.5,2.7,67.5,25.0,71.3,17.7,,
2302305,Bela Cruz,CE,0,21553,3798,10504,5325,798,4.8,0.3,1.9,2.4,66.1,24.4,70.7,18.9,,
2302404,Boa Viagem,CE,0,42595,8098,24219,6541,1991,6.1,0.9,1.4,3.6,83.2,10.9,86.7,19.6,,
2302503,Brejo Santo,CE,0,36964,6351,22036,6049,1111,3.8,0.4,1.6,1.7,79.2,15.7,81.9,17.4,,
2302602,Camocim,CE,0,50991,9714,24861,12134,2250,5.7,0.5,2.0,3.1,64.9,22.9,72.6,19.2,,
2302701,Campos Sales,CE,0,20555,4077,12519,2654,596,3.8,0.4,1.5,1.8,83.8,11.4,86.2,27.1,,
2302800,Canindé,CE,0,60219,10359,34478,11278,1970,4.1,0.5,1.6,1.9,76.9,17.5,79.6,18.8,,
2302909,Capistrano,CE,0,16205,2473,9626,3111,466,3.5,0.5,1.1,1.8,77.6,16.4,80.8,17.1,,
2303006,Caridade,CE,0,17474,2801,9972,3364,648,4.6,0.6,1.6,2.4,79.0,16.0,81.5,15.7,,
2303105,Cariré,CE,0,15391,2933,8007,3225,448,3.8,0.5,1.4,1.7,71.3,20.9,76.0,19.0,,
2303204,Caririaçu,CE,0,24954,4312,14590,4254,884,4.5,0.5,1.4,2.4,79.0,14.2,82.5,19.2,,
2303303,Cariús,CE,0,15846,2728,9699,2359,443,3.5,0.3,1.2,1.9,81.4,14.0,84.0,17.3,2307403,Jucás - Cariús/CE
2303402,Carnaubal,CE,0,14575,3035,6757,3375,546,5.1,0.8,1.7,2.5,68.3,23.4,71.7,22.7,,
2303501,Cascavel,CE,0,60466,9131,29406,16340,2642,5.5,0.7,1.7,2.8,64.5,27.7,68.5,15.4,,
2303600,Catarina,CE,0,9892,2516,5288,1492,281,4.0,0.7,1.0,2.2,80.7,13.9,82.7,28.7,,
2303659,Catunda,CE,0,9313,1642,5840,1372,195,2.6,0.5,1.0,1.0,82.1,11.3,87.0,18.2,,
2303709,Caucaia,CE,0,249622,34206,114126,76282,13449,6.6,0.9,2.4,3.1,58.5,32.5,61.8,13.7,2304400,Fortaleza/CE
2303808,Cedro,CE,0,20348,3929,11931,3046,611,3.9,0.5,1.8,1.5,78.0,14.1,83.8,19.7,,
2303907,Chaval,CE,0,10966,2349,6298,1561,312,3.8,0.5,1.2,2.0,79.8,14.1,83.1,21.6,,
2303931,Choró,CE,0,11642,2142,6995,1858,284,3.1,0.5,1.1,1.4,80.7,14.7,82.7,17.4,,
2303956,Chorozinho,CE,0,18301,2511,10147,4194,557,3.7,0.4,1.4,1.9,71.2,22.0,73.4,14.8,,
2304004,Coreaú,CE,0,19700,3431,10639,4123,577,3.8,0.5,1.4,1.8,73.2,17.6,79.0,19.6,,
2304103,Crateús,CE,0,60099,9807,33967,12345,1399,2.9,0.4,1.2,1.2,74.5,18.8,77.3,19.0,,
2304202,Crato,CE,0,95932,13236,61083,14782,3482,4.4,0.5,1.8,1.8,81.1,13.2,84.3,13.6,2307304,Juazeiro do Norte/CE
2304236,Croatá,CE,0,15338,3328,7967,2654,622,5.5,0.7,1.9,2.8,78.1,13.7,82.3,23.0,,
2304251,Cruz,CE,0,23786,4212,10525,6951,946,5.1,0.4,1.6,3.0,63.7,29.2,63.8,18.5,,
2304269,Deputado Irapuan Pinheiro,CE,0,7474,1209,4534,1086,311,5.2,1.1,1.8,2.2,83.5,9.5,88.3,19.7,,
2304277,Ereré,CE,0,5605,1027,3476,746,167,3.8,0.8,1.1,1.9,82.3,12.1,85.8,23.4,,
2304285,Eusébio,CE,0,59877,9404,22791,21798,3510,7.3,1.1,2.4,3.6,53.1,38.3,55.4,14.9,2304400,Fortaleza/CE
2304301,Farias Brito,CE,0,17579,2795,11341,2198,515,3.7,0.6,1.5,1.5,84.5,9.8,87.9,14.6,,
2304350,Forquilha,CE,0,19740,2723,9481,5378,1018,6.4,0.9,2.5,2.9,60.5,24.1,69.2,14.7,2312908,Sobral/CE
2304400,Fortaleza,CE,1,1795713,233859,797002,586251,107121,7.2,1.2,2.5,3.0,53.2,35.2,58.2,16.5,2304400,Fortaleza/CE
2304459,Fortim,CE,0,17196,2523,8552,4725,755,5.4,0.4,1.7,3.1,66.2,27.5,69.0,13.0,,
2304509,Frecheirinha,CE,0,13849,2178,6692,3748,484,4.4,0.4,1.8,2.1,70.3,21.2,75.7,16.4,,
2304608,General Sampaio,CE,0,8274,1563,4759,1488,247,3.8,0.8,1.1,1.7,78.3,16.1,82.0,19.3,,
2304657,Graça,CE,0,12854,2346,7532,1913,494,5.0,0.8,2.0,2.1,84.1,9.8,88.5,28.8,,
2304707,Granja,CE,0,44060,8665,26283,5594,1174,3.5,0.4,1.5,1.6,82.6,11.3,86.4,19.2,,
2304806,Granjeiro,CE,0,6328,1190,4014,798,171,3.4,0.5,1.0,1.8,84.9,10.4,88.4,23.3,,
2304905,Groaíras,CE,0,9842,1830,4258,2725,425,5.7,1.3,1.6,2.6,63.6,25.3,69.3,16.2,,
2304954,Guaiúba,CE,0,20884,2759,12008,4665,624,3.6,0.6,1.1,1.8,73.1,21.0,75.6,13.2,,
2305001,Guaraciaba Do Norte,CE,0,34685,7046,16748,7903,1298,5.0,0.8,1.5,2.5,71.7,20.1,76.3,22.2,,
2305100,Guaramiranga,CE,0,6646,1199,3543,1378,237,4.6,0.7,1.9,1.8,74.9,18.3,78.7,16.3,,
2305209,Hidrolândia,CE,0,16000,2616,9004,3339,509,4.0,0.5,1.2,2.2,73.5,17.8,78.9,17.9,,
2305233,Horizonte,CE,0,62776,9188,29252,17836,3390,6.7,0.7,2.3,3.5,61.4,30.6,64.4,15.1,,
2305266,Ibaretama,CE,0,13532,2066,8395,2252,362,3.3,0.6,1.3,1.4,77.5,16.0,80.7,14.7,,
2305308,Ibiapina,CE,0,20158,4027,9010,5084,950,6.3,1.1,1.9,3.2,68.7,20.1,74.7,19.9,,
2305332,Ibicuitinga,CE,0,12514,1762,6902,2982,398,3.9,0.5,1.1,2.1,74.2,21.0,76.3,16.3,,
2305357,Icapuí,CE,0,17718,2629,8929,4848,626,4.3,0.5,1.5,2.3,68.3,26.1,69.5,13.7,,
2305407,Icó,CE,0,51307,10377,28786,8660,1618,4.1,0.6,1.5,1.9,76.7,16.9,80.5,21.4,,
2305506,Iguatu,CE,0,71278,10562,44295,11296,2494,4.3,0.4,1.9,1.8,79.0,15.8,81.6,15.3,,
2305605,Independência,CE,0,21208,3573,11873,4523,507,3.0,1.0,0.8,1.2,73.0,21.3,75.1,23.7,,
2305654,Ipaporanga,CE,0,10349,2052,5753,1872,249,3.2,0.5,1.3,1.2,79.4,16.1,81.0,21.5,,
2305704,Ipaumirim,CE,0,9459,1523,5919,1334,299,4.0,0.6,1.2,2.1,81.0,13.2,84.2,22.0,,
2305803,Ipu,CE,0,33130,5095,18920,6549,1148,4.3,0.6,1.2,2.4,77.1,16.6,80.6,25.4,,
2305902,Ipueiras,CE,0,30943,6747,15705,6104,945,4.2,0.7,1.6,1.7,74.8,17.6,78.5,30.6,,
2306009,Iracema,CE,0,12096,2494,6861,2084,314,3.4,0.5,1.2,1.5,80.7,14.8,82.8,22.9,,
2306108,Irauçuba,CE,0,19467,2994,11742,3431,573,3.6,0.4,1.6,1.6,78.2,15.3,81.9,14.8,,
2306207,Itaiçaba,CE,0,7213,1012,3735,1889,311,5.2,0.6,1.5,2.9,67.3,24.1,71.3,14.1,,
2306256,Itaitinga,CE,0,38235,5040,17681,11752,2009,6.4,0.8,1.9,3.5,63.0,30.2,65.4,13.2,2304400,Fortaleza/CE
2306306,Itapajé,CE,0,39662,6057,19007,11791,1243,3.9,0.7,1.4,1.7,62.8,30.6,65.6,14.7,,
2306405,Itapipoca,CE,0,103228,13985,60812,21251,3518,4.1,0.6,1.7,1.7,74.0,18.7,77.4,14.4,,
2306504,Itapiúna,CE,0,16385,2820,8761,3651,459,3.6,0.6,1.0,1.9,72.9,19.9,76.5,17.6,,
2306553,Itarema,CE,0,34502,6446,15771,9901,956,3.6,0.4,1.0,2.1,62.3,30.1,65.6,20.0,,
2306603,Itatira,CE,0,19602,4551,10661,3158,557,3.9,0.7,1.3,1.9,80.9,14.7,83.4,22.9,,
2306702,Jaguaretama,CE,0,15538,2608,9178,2635,547,4.4,0.5,1.4,2.3,80.5,13.6,83.7,21.4,,
2306801,Jaguaribara,CE,0,8993,1215,5608,1602,265,3.5,0.5,1.2,1.7,78.3,17.2,81.1,18.7,,
2306900,Jaguaribe,CE,0,29394,5634,16798,4905,1088,4.8,0.8,1.8,2.0,77.9,16.4,81.1,20.6,,
2307007,Jaguaruana,CE,0,28915,4416,14451,7319,950,4.2,0.5,1.1,2.5,66.6,26.2,68.6,16.3,,
2307106,Jardim,CE,0,22592,4911,12667,3321,686,4.1,0.6,1.1,2.3,81.7,11.6,85.2,24.8,,
2307205,Jati,CE,0,7093,1429,4270,912,163,3.0,0.5,0.8,1.6,81.5,12.6,85.1,20.8,,
2307254,Jijoca De Jericoacoara,CE,0,21575,4047,9363,6378,981,5.9,0.5,2.1,3.2,64.7,27.9,67.7,18.2,,
2307304,Juazeiro Do Norte,CE,0,200346,31426,108543,42438,10840,6.7,0.7,2.7,3.1,72.5,19.9,76.3,15.9,2307304,Juazeiro do Norte/CE
2307403,Jucás,CE,0,20189,4223,10723,3580,717,4.8,0.9,1.6,2.1,75.5,16.6,80.2,22.7,2307403,Jucás - Cariús/CE
2307502,Lavras Da Mangabeira,CE,0,24134,4710,14299,3553,633,3.4,0.4,1.4,1.4,79.1,12.8,84.6,21.6,,
2307601,Limoeiro Do Norte,CE,0,46944,6936,26541,9496,2111,5.5,0.5,2.3,2.6,72.6,20.2,76.1,14.9,,
2307635,Madalena,CE,0,14764,2600,8623,2482,556,4.8,0.5,1.4,2.8,80.1,14.2,83.4,17.3,,
2307650,Maracanaú,CE,0,179488,22238,81340,58590,9774,6.5,0.9,2.4,3.0,57.5,33.8,60.7,12.0,2304400,Fortaleza/CE
2307700,Maranguape,CE,0,83544,10710,41673,24200,3564,5.1,0.8,1.8,2.4,63.5,29.7,65.9,13.8,2304400,Fortaleza/CE
2307809,Marco,CE,0,23434,3549,9649,8386,675,3.6,0.3,1.2,2.0,51.3,41.4,54.0,17.2,,
2307908,Martinópole,CE,0,10730,1621,6561,1777,349,4.0,0.2,1.7,2.0,81.2,12.9,84.7,14.5,,
2308005,Massapê,CE,0,31825,4276,16904,7777,1151,4.5,0.6,1.5,2.2,69.1,21.0,74.2,19.9,,
2308104,Mauriti,CE,0,36552,6174,20987,7084,869,3.0,0.4,1.3,1.3,75.9,17.9,78.2,19.3,,
2308203,Meruoca,CE,0,13277,1989,7134,2771,625,5.9,1.1,2.1,2.6,72.3,14.4,79.9,14.3,,
2308302,Milagres,CE,0,22637,4230,14430,2441,688,3.9,0.4,1.7,1.7,84.9,9.6,88.3,20.1,,
2308351,Milhã,CE,0,11291,1834,6941,1816,361,4.0,0.8,1.4,1.7,82.0,12.5,85.1,22.3,,
2308377,Miraíma,CE,0,12141,2047,7603,1798,335,3.4,0.7,1.2,1.5,81.8,12.3,86.0,17.2,,
2308401,Missão Velha,CE,0,30981,6174,18420,4370,795,3.4,0.4,1.4,1.4,80.9,13.8,83.5,17.9,,
2308500,Mombaça,CE,0,32520,6924,18333,5065,800,3.3,0.5,1.0,1.7,79.0,15.8,81.9,22.1,,
2308609,Monsenhor Tabosa,CE,0,14947,2975,8152,2823,357,3.1,0.6,1.1,1.3,79.2,15.2,82.7,27.7,,
2308708,Morada Nova,CE,0,56913,9314,27829,14382,2561,5.7,0.8,1.7,3.0,69.9,21.8,74.1,16.3,,
2308807,Moraújo,CE,0,8262,1537,4443,1694,247,3.9,0.5,1.2,2.0,74.8,17.8,78.4,16.5,,
2308906,Morrinhos,CE,0,19053,3014,7275,7387,586,3.8,0.3,1.6,1.8,51.5,42.5,52.1,18.1,,
2309003,Mucambo,CE,0,12736,2690,6515,2286,534,5.7,0.7,1.6,3.3,74.6,16.1,80.8,29.7,,
2309102,Mulungu,CE,0,9751,1660,5380,2121,220,2.9,0.4,1.1,1.3,74.3,20.5,77.1,16.9,,
2309201,Nova Olinda,CE,0,12790,2141,7654,2176,385,3.8,0.4,1.5,1.8,79.9,14.8,83.0,17.2,,
2309300,Nova Russas,CE,0,24866,4672,12738,5557,806,4.2,0.7,1.6,1.8,69.0,24.2,69.1,25.4,,
2309409,Novo Oriente,CE,0,23218,5276,12598,3784,504,3.0,0.4,1.2,1.2,80.4,14.1,83.7,26.2,,
2309458,Ocara,CE,0,25191,2933,14664,5798,955,4.5,0.5,1.4,2.4,71.9,21.7,74.8,13.7,,
2309508,Orós,CE,0,17682,3509,9994,3029,545,4.0,0.8,1.4,1.6,77.2,17.7,80.0,26.8,,
2309607,Pacajus,CE,0,54458,6848,25412,16650,2881,6.4,0.7,2.0,3.5,60.1,31.0,63.9,13.5,,
2309706,Pacatuba,CE,0,57825,8229,26240,18124,2833,6.0,0.9,2.1,2.9,60.4,31.8,63.1,13.2,2304400,Fortaleza/CE
2309805,Pacoti,CE,0,10776,1761,6128,2030,340,4.0,0.7,1.3,1.9,75.1,17.5,78.8,17.8,,
2309904,Pacujá,CE,0,6659,1293,3766,1011,314,6.2,1.2,1.4,3.5,80.6,9.4,87.5,23.2,,
2310001,Palhano,CE,0,9841,1477,4690,2924,391,4.9,0.8,1.6,2.4,63.8,26.1,68.9,15.0,,
2310100,Palmácia,CE,0,9908,1563,5319,2262,311,3.9,0.7,1.4,1.7,73.7,20.3,75.4,16.8,,
2310209,Paracuru,CE,0,33717,5595,16637,8698,1294,4.9,0.7,1.7,2.3,66.9,26.2,69.9,16.3,,
2310258,Paraipaba,CE,0,27584,4016,12809,8620,1081,4.8,0.5,1.6,2.6,60.5,32.5,63.1,14.2,,
2310308,Parambu,CE,0,27269,6593,12368,6286,680,3.5,0.7,1.4,1.3,69.9,23.6,71.4,28.5,,
2310407,Paramoti,CE,0,10188,1581,6004,1926,294,3.6,0.5,1.2,1.7,76.7,17.5,79.9,15.7,,
2310506,Pedra Branca,CE,0,34612,7660,20314,4261,948,3.7,0.5,1.4,1.8,85.2,10.3,87.7,22.6,,
2310605,Penaforte,CE,0,8694,1395,5295,1332,281,4.1,0.4,1.5,2.2,79.5,13.8,83.6,16.0,,
2310704,Pentecoste,CE,0,32386,5197,18206,6983,1052,4.0,0.6,1.4,1.9,74.0,20.9,76.1,15.5,,
2310803,Pereiro,CE,0,14487,2840,8549,2014,496,4.5,0.6,2.5,1.3,81.3,12.8,85.1,26.6,,
2310852,Pindoretama,CE,0,21261,3163,11798,4701,749,4.3,0.6,1.6,2.1,70.4,24.1,72.8,15.0,,
2310902,Piquet Carneiro,CE,0,12098,2224,6979,2145,268,2.9,0.5,1.2,1.1,82.6,13.3,85.3,18.5,,
2310951,Pires Ferreira,CE,0,8610,1131,5117,1705,358,5.0,0.8,1.0,3.1,74.7,15.5,81.3,19.4,,
2311009,Poranga,CE,0,10071,1956,6142,1375,232,3.0,0.4,1.2,1.3,83.6,11.7,85.9,28.0,,
2311108,Porteiras,CE,0,14641,2816,9360,1695,266,2.4,0.2,1.2,0.9,83.8,10.8,87.2,21.1,,
2311207,Potengi,CE,0,8102,1286,5486,846,169,2.6,0.5,1.1,1.0,87.2,7.6,90.1,22.1,,
2311231,Potiretama,CE,0,5834,743,3617,1173,169,3.4,0.5,1.1,1.8,84.2,12.9,85.6,15.1,,
2311264,Quiterianópolis,CE,0,16987,3194,9882,2581,571,4.4,1.0,0.8,2.5,80.2,13.7,84.6,24.0,,
2311306,Quixadá,CE,0,61599,9507,29771,17682,1998,4.0,0.6,1.5,1.8,63.0,30.9,64.3,16.4,,
2311355,Quixelô,CE,0,14956,2077,9804,2124,354,2.9,0.4,1.2,1.2,82.3,12.3,85.4,13.3,,
2311405,Quixeramobim,CE,0,60112,9875,35579,10848,2011,4.2,0.6,1.5,2.0,76.0,16.5,79.9,20.8,,
2311504,Quixeré,CE,0,18875,2956,10153,3863,1010,6.7,0.6,2.1,3.8,73.3,20.1,76.7,15.8,,
2311603,Redenção,CE,0,24248,4022,12747,5528,800,4.2,0.7,1.1,2.3,69.6,23.3,72.6,16.5,2311603,Redenção - Acarape/CE
2311702,Reriutaba,CE,0,15853,2541,9501,2552,641,5.0,0.8,1.7,2.4,76.4,14.0,83.0,25.1,,
2311801,Russas,CE,0,58537,8867,30006,14414,2893,6.1,0.7,2.1,3.1,68.2,24.2,71.2,15.2,,
2311900,Saboeiro,CE,0,12621,2435,7532,1884,302,3.1,0.4,1.4,1.3,81.1,14.6,84.1,27.2,,
2311959,Salitre,CE,0,14839,2575,8457,3054,281,2.4,0.3,0.7,1.3,78.9,12.9,83.8,22.3,,
2312007,Santana Do Acaraú,CE,0,25778,3856,15321,4717,846,4.0,0.5,1.2,2.2,76.2,16.8,80.0,18.7,,
2312106,Santana Do Cariri,CE,0,13899,2419,9167,1495,355,3.2,0.5,1.1,1.4,87.1,8.4,89.8,17.4,,
2312205,Santa Quitéria,CE,0,33618,5618,19711,5499,1389,5.2,0.8,1.8,2.4,76.7,13.7,82.7,17.8,,
2312304,São Benedito,CE,0,37548,7230,17707,8885,1361,4.9,0.7,1.8,2.1,71.1,20.6,74.6,20.8,,
2312403,São Gonçalo Do Amarante,CE,0,51355,8350,23120,15175,2426,6.0,0.8,1.8,3.3,61.9,30.4,65.1,15.1,,
2312502,São João Do Jaguaribe,CE,0,5965,1168,3586,748,187,4.1,0.8,1.6,1.8,78.4,13.4,83.3,25.8,,
2312601,São Luís Do Curu,CE,0,12630,2202,6697,2838,380,3.8,0.6,1.2,1.8,71.8,22.4,74.2,17.4,,
2312700,Senador Pompeu,CE,0,20302,3287,10688,4812,581,3.6,0.6,1.0,1.9,69.7,21.8,72.8,21.5,,
2312809,Senador Sá,CE,0,7038,958,3995,1468,326,5.6,0.6,1.7,3.2,72.2,19.4,78.6,17.7,,
2312908,Sobral,CE,0,153073,23379,71616,40500,7922,6.6,1.1,2.4,2.9,55.5,24.7,69.0,15.3,2312908,Sobral/CE
2313005,Solonópole,CE,0,14292,2552,8309,2426,595,5.2,0.8,1.3,3.0,81.7,13.1,85.0,22.0,,
2313104,Tabuleiro Do Norte,CE,0,26004,4779,15386,4033,878,4.3,0.4,1.7,2.1,77.4,16.8,80.6,22.1,,
2313203,Tamboril,CE,0,21345,4083,12211,3651,469,2.9,0.5,0.9,1.3,76.6,15.6,81.9,24.1,,
2313252,Tarrafas,CE,0,7393,1559,4471,835,203,3.7,0.6,1.4,1.7,84.9,9.6,88.9,26.5,,
2313302,Tauá,CE,0,47270,9266,23351,11128,1403,3.9,1.1,1.2,1.5,64.6,25.2,69.8,23.6,,
2313351,Tejuçuoca,CE,0,15973,2408,9096,3289,564,4.4,0.6,1.3,2.3,76.3,17.0,80.0,15.5,,
2313401,Tianguá,CE,0,59588,8531,25577,19329,2532,5.3,0.6,1.9,2.8,61.3,30.4,64.4,15.0,,
2313500,Trairi,CE,0,49869,7553,26868,11756,1716,4.2,0.6,1.4,2.1,70.5,22.1,74.2,16.1,,
2313559,Tururu,CE,0,15653,2195,8801,3534,480,3.8,0.6,1.1,2.0,73.3,21.0,75.3,15.0,,
2313609,Ubajara,CE,0,27963,4636,13622,7179,977,4.5,0.6,1.7,1.9,63.7,25.4,70.0,17.1,,
2313708,Umari,CE,0,6522,1150,3891,1114,159,3.1,0.4,1.0,1.6,73.4,18.2,77.7,23.2,,
2313757,Umirim,CE,0,16067,2873,8829,3337,452,3.6,0.5,1.4,1.6,74.7,19.5,77.7,18.2,,
2313807,Uruburetama,CE,0,18709,3114,10246,4048,536,3.6,0.5,1.3,1.8,71.2,22.8,73.9,15.3,,
2313906,Uruoca,CE,0,11317,1901,6441,2256,288,3.2,0.4,1.1,1.7,76.9,17.9,79.0,16.7,,
2313955,Varjota,CE,0,15992,2540,7596,4355,755,5.9,1.0,1.8,3.0,59.5,20.9,72.3,23.3,,
2314003,Várzea Alegre,CE,0,32554,5887,18931,5341,1027,4.1,0.7,1.5,1.8,80.0,14.5,83.1,19.5,,
2314102,Viçosa Do Ceará,CE,0,48288,8616,25776,9981,1393,3.8,0.6,1.3,1.7,74.0,18.5,77.2,19.4,,
2400109,Acari,RN,0,9368,1839,4256,2438,426,6.0,1.0,1.8,3.0,66.2,27.7,68.2,19.4,,
2400208,Assú,RN,0,45551,8608,24169,9376,1794,5.1,0.6,1.8,2.5,72.4,22.3,74.9,17.6,,
2400307,Afonso Bezerra,RN,0,10537,2082,5434,2322,369,4.5,0.6,1.4,2.5,69.9,24.5,73.3,18.9,,
2400406,Água Nova,RN,0,3009,478,1870,408,123,5.1,0.8,1.8,2.5,85.1,10.8,88.8,16.1,,
2400505,Alexandria,RN,0,11804,2352,7130,1673,291,3.2,0.4,1.0,1.7,83.3,12.8,85.0,19.0,,
2400604,Almino Afonso,RN,0,5166,827,3274,759,136,3.3,0.3,1.1,1.6,79.8,15.7,83.0,15.8,,
2400703,Alto Do Rodrigues,RN,0,12062,2484,6898,1811,472,5.1,0.6,1.9,2.6,78.3,17.0,80.7,19.1,,
2400802,Angicos,RN,0,10219,1823,5255,2434,368,4.6,0.7,1.3,2.4,66.9,27.6,69.3,16.9,,
2400901,Antônio Martins,RN,0,5912,885,3807,796,148,3.1,0.6,0.7,1.8,83.8,12.9,86.2,14.1,,
2401008,Apodi,RN,0,30219,4398,17301,5839,1523,6.2,0.7,2.5,2.8,74.3,18.6,78.0,14.3,,
2401107,Areia Branca,RN,0,22037,4503,10235,5319,988,6.0,0.4,2.5,2.9,66.4,27.6,68.4,19.5,,
2401206,Arez,RN,0,11506,2229,5474,2899,341,3.9,0.5,1.1,2.2,68.2,26.9,68.6,15.9,,
2401305,Campo Grande,RN,0,8816,1588,4590,2022,286,4.2,0.5,1.3,2.2,69.0,25.7,71.9,16.7,,
2401404,Baía Formosa,RN,0,7404,1498,3331,2045,275,4.9,1.0,1.5,2.2,61.4,33.3,63.9,20.5,,
2401453,Baraúna,RN,0,22038,3887,10688,5833,873,5.0,0.4,1.5,3.0,67.6,27.6,69.1,17.9,,
2401503,Barcelona,RN,0,4679,802,2122,1433,154,4.2,0.9,1.0,2.2,60.4,34.4,61.6,18.7,,
2401602,Bento Fernandes,RN,0,4926,778,2902,927,160,4.0,0.7,0.6,2.8,77.2,18.5,79.0,15.8,,
2401651,Bodó,RN,0,3784,843,2094,602,109,3.9,0.7,1.0,2.0,78.1,18.0,79.9,22.9,,
2401701,Bom Jesus,RN,0,9083,1605,4354,2466,342,4.8,0.8,1.2,2.7,63.0,32.7,64.4,18.9,,
2401800,Brejinho,RN,0,10102,2136,4750,2424,355,4.7,1.1,1.0,2.6,66.9,27.3,70.5,20.9,,
2401859,Caiçara Do Norte,RN,0,5551,1148,2536,1470,210,5.0,0.5,1.8,2.7,66.3,28.6,67.3,16.9,2401859,Caiçara do Norte/RN
2401909,Caiçara Do Rio Do Vento,RN,0,4196,683,2208,1023,150,4.4,0.7,0.8,2.9,71.9,23.3,74.8,14.1,,
2402006,Caicó,RN,0,45036,7107,21376,12738,2170,6.0,0.9,1.5,3.3,64.4,30.2,66.0,16.5,,
2402105,Campo Redondo,RN,0,8619,1607,5150,1330,212,3.2,0.5,1.0,1.6,81.2,15.3,83.1,17.3,,
2402204,Canguaretama,RN,0,24690,4723,13380,4971,807,4.2,0.4,1.3,2.4,73.9,21.4,75.9,20.4,,
2402303,Caraúbas,RN,0,18980,3172,11048,3295,733,4.9,0.7,1.6,2.4,76.5,18.1,79.1,18.5,,
2402402,Carnaúba Dos Dantas,RN,0,6324,1037,2382,2061,490,9.9,0.5,1.8,7.3,54.4,37.5,57.4,16.4,,
2402501,Carnaubais,RN,0,8684,1586,4791,1637,332,4.9,0.4,1.6,2.7,74.8,19.3,78.0,17.2,,
2402600,Ceará-Mirim,RN,0,60280,10776,31895,12957,2267,4.8,0.8,1.4,2.5,71.1,23.6,72.4,17.4,,
2402709,Cerro Corá,RN,0,9720,2192,5130,1660,346,4.8,0.7,1.1,2.9,76.0,18.7,78.5,22.2,,
2402808,Coronel Ezequiel,RN,0,4902,880,2630,1021,181,4.7,0.7,1.1,2.7,74.9,19.0,78.2,22.7,,
2402907,Coronel João Pessoa,RN,0,4073,739,2430,568,160,5.1,1.0,2.1,1.9,80.9,14.5,84.9,18.9,,
2403004,Cruzeta,RN,0,6955,1241,3654,1479,265,4.9,0.6,0.9,3.3,74.0,20.7,76.4,19.4,,
2403103,Currais Novos,RN,0,32922,6393,14921,8808,1446,5.7,0.9,1.5,3.1,61.3,32.5,63.3,20.1,,
2403202,Doutor Severiano,RN,0,6326,1110,4046,758,241,4.8,0.5,1.6,2.5,83.0,12.1,86.2,16.3,,
2403251,Parnamirim,RN,0,147649,25930,49084,59345,8114,7.0,1.1,2.3,3.2,43.7,48.7,46.3,16.9,2408102,Natal/RN
2403301,Encanto,RN,0,5141,949,3137,759,133,3.3,0.3,1.6,1.3,84.5,12.3,86.1,15.8,,
2403400,Equador,RN,0,4769,790,2470,1097,196,5.2,0.6,1.3,3.2,67.5,27.4,71.0,16.8,,
2403509,Espírito Santo,RN,0,7961,1581,3306,2483,246,4.1,0.6,1.5,1.9,57.9,39.0,58.7,20.1,,
2403608,Extremoz,RN,0,39504,6816,15787,13692,1854,5.9,0.8,1.9,3.0,55.8,38.6,57.6,15.3,2408102,Natal/RN
2403707,Felipe Guerra,RN,0,7070,1052,4477,1091,206,3.6,0.2,1.4,1.9,80.8,14.9,84.0,12.4,,
2403756,Fernando Pedroza,RN,0,3409,550,1763,871,83,3.0,0.6,0.7,1.5,69.1,25.5,72.7,14.0,,
2403806,Florânia,RN,0,8397,1529,4517,1722,349,5.3,1.1,1.1,2.9,73.2,21.9,75.6,16.2,,
2403905,Francisco Dantas,RN,0,2868,427,1754,486,110,4.7,0.6,1.3,2.6,80.1,15.8,82.7,17.1,,
2404002,Frutuoso Gomes,RN,0,4173,659,2677,608,131,3.8,0.6,1.5,1.7,81.7,14.6,83.3,18.1,,
2404101,Galinhos,RN,0,2858,532,1041,1089,123,5.5,0.4,1.3,3.5,55.8,39.6,58.0,15.3,,
2404200,Goianinha,RN,0,22264,3917,10212,6322,801,4.6,0.8,1.2,2.5,63.0,31.8,65.0,17.9,,
2404309,Governador Dix-Sept Rosado,RN,0,12132,2091,6889,2133,428,4.5,0.5,1.6,2.3,76.6,17.8,79.6,16.9,,
2404408,Grossos,RN,0,9557,1343,4909,2484,390,5.0,0.5,1.4,3.1,67.9,26.9,69.2,13.7,,
2404507,Guamaré,RN,0,15625,3559,7385,3479,695,6.0,0.6,1.4,3.9,67.8,26.0,70.3,20.4,,
2404606,Ielmo Marinho,RN,0,11530,1776,6124,2811,484,5.1,0.7,1.0,3.4,66.9,28.1,69.3,17.2,,
2404705,Ipanguaçu,RN,0,12911,2496,7437,2301,342,3.4,0.3,1.3,1.7,80.3,16.3,81.8,17.9,,
2404804,Ipueira,RN,0,2185,352,1276,441,73,4.1,0.7,0.9,2.5,76.2,18.0,79.4,13.3,,
2404853,Itajá,RN,0,7286,1312,3859,1693,223,3.9,0.6,1.3,1.9,71.3,24.4,72.8,19.1,,
2404903,Itaú,RN,0,5189,905,2930,976,195,4.8,0.6,1.6,2.5,76.2,19.0,78.7,17.4,,
2405009,Jaçanã,RN,0,6324,1077,3488,1293,211,4.2,0.8,0.9,2.3,74.2,20.6,76.8,18.9,,
2405108,Jandaíra,RN,0,6396,1070,3384,1514,206,4.0,0.5,1.0,2.5,70.9,24.8,72.6,14.2,,
2405207,Janduís,RN,0,4474,748,2715,778,101,2.8,0.2,1.0,1.4,80.7,16.7,81.7,17.1,,
2405306,Boa Saúde,RN,0,8062,1496,3665,2199,313,5.1,0.8,1.1,3.0,60.6,34.2,62.7,17.2,,
2405405,Japi,RN,0,5746,1032,3530,859,139,3.1,0.6,0.7,1.7,80.8,14.8,82.8,19.6,,
2405504,Jardim De Angicos,RN,0,3156,461,1865,587,149,5.7,0.7,1.0,3.8,74.9,18.9,78.9,13.4,,
2405603,Jardim De Piranhas,RN,0,11100,1580,7115,1680,383,4.2,0.3,1.6,2.2,81.0,14.7,82.9,15.4,,
2405702,Jardim Do Seridó,RN,0,10316,1571,5010,2599,536,6.6,0.8,1.7,3.9,66.3,28.0,68.4,15.0,,
2405801,João Câmara,RN,0,27705,4695,14852,6155,1022,4.6,0.5,1.2,2.8,70.8,24.3,72.2,16.1,,
2405900,João Dias,RN,0,3082,697,1689,494,87,3.8,0.4,1.2,1.9,79.8,15.6,81.6,20.9,,
2406007,José Da Penha,RN,0,5251,987,3329,627,123,3.0,0.7,0.8,1.4,84.6,11.9,87.3,18.5,,
2406106,Jucurutu,RN,0,15421,2489,8585,3261,539,4.3,0.5,1.3,2.5,72.3,23.3,74.2,16.0,,
2406155,Jundiá,RN,0,4775,850,2251,1282,191,5.1,0.9,0.9,3.2,65.4,28.6,68.2,17.8,,
2406205,Lagoa D'Anta,RN,0,6393,1279,3586,1160,162,3.3,0.4,1.1,1.7,75.8,19.9,77.8,18.7,,
2406304,Lagoa De Pedras,RN,0,7693,1316,4148,1589,297,4.9,0.8,1.4,2.6,74.5,20.0,77.4,19.2,,
2406403,Lagoa De Velhos,RN,0,3314,558,1665,834,137,5.2,0.6,1.3,3.1,65.8,29.0,68.2,18.4,,
2406502,Lagoa Nova,RN,0,12875,2755,6509,2666,438,4.6,0.6,1.2,2.6,72.7,22.0,74.7,21.2,,
2406601,Lagoa Salgada,RN,0,9613,1887,4669,2255,283,3.9,0.7,1.1,1.9,71.0,23.3,72.0,19.3,,
2406700,Lajes,RN,0,9481,1895,5008,1935,360,4.9,0.7,1.5,2.6,72.9,21.1,75.7,18.2,,
2406809,Lajes Pintadas,RN,0,5230,867,2695,1331,146,3.5,0.5,1.0,1.8,69.0,25.8,72.9,15.8,,
2406908,Lucrécia,RN,0,3467,463,2252,567,107,3.7,0.5,1.7,1.4,81.5,14.3,84.0,14.0,,
2407005,Luís Gomes,RN,0,7360,1718,4426,807,115,2.1,0.3,0.8,1.0,85.1,11.2,88.0,21.8,,
2407104,Macaíba,RN,0,54350,9246,25616,14839,2303,5.4,0.9,1.4,3.0,62.3,32.2,64.0,17.1,2408102,Natal/RN
2407203,Macau,RN,0,22534,4843,12556,3551,864,5.1,0.5,1.9,2.5,75.6,18.9,78.1,21.9,,
2407252,Major Sales,RN,0,3212,617,1944,438,104,4.2,0.6,1.2,2.2,81.5,14.3,84.0,16.7,,
2407302,Marcelino Vieira,RN,0,7032,1116,4576,942,143,2.5,0.3,1.0,1.2,85.5,11.2,87.1,15.4,,
2407401,Martins,RN,0,7611,1411,4300,1436,235,3.9,0.6,1.4,1.8,75.0,20.0,77.2,18.3,,
2407500,Maxaranguape,RN,0,10437,1935,4958,2810,380,4.7,0.8,0.9,2.8,66.4,28.8,66.6,16.8,,
2407609,Messias Targino,RN,0,4715,709,2586,1099,148,3.9,0.4,1.5,2.0,72.8,23.9,70.4,13.2,,
2407708,Montanhas,RN,0,9623,1915,5215,1797,291,4.0,0.6,0.8,2.5,75.8,19.5,78.6,19.7,,
2407807,Monte Alegre,RN,0,17267,3147,7772,5043,584,4.4,0.7,0.8,2.8,61.8,32.9,63.6,19.0,,
2407906,Monte Das Gameleiras,RN,0,3052,475,1480,875,109,4.4,0.5,1.2,2.7,68.9,26.6,71.5,16.4,,
2408003,Mossoró,RN,0,188013,30015,85507,54321,10336,6.9,0.7,2.7,3.3,61.1,32.1,63.3,18.1,,
2408102,Natal,RN,1,573148,117568,213790,192739,29848,6.8,1.2,2.2,3.0,50.1,42.0,53.0,20.1,2408102,Natal/RN
2408201,Nísia Floresta,RN,0,23401,3860,10173,7562,894,4.8,0.7,1.3,2.6,58.4,37.1,59.9,17.7,2412203,São José de Mipibu - Nísia Floresta/RN
2408300,Nova Cruz,RN,0,27948,5481,13168,7238,866,4.1,0.5,1.1,2.3,66.5,28.5,68.7,19.6,,
2408409,Olho D'Água Do Borges,RN,0,4689,893,2605,851,155,4.3,0.5,1.3,2.3,79.9,14.8,82.6,17.6,,
2408508,Ouro Branco,RN,0,4580,822,2406,975,187,5.2,0.7,1.5,2.9,73.3,22.0,74.4,13.5,,
2408607,Paraná,RN,0,4235,876,2700,461,81,2.5,0.5,0.9,1.0,87.0,9.5,89.7,21.1,,
2408706,Paraú,RN,0,4339,710,2319,963,157,4.6,0.3,1.1,3.0,71.8,23.1,74.1,15.0,,
2408805,Parazinho,RN,0,5532,996,2871,1337,144,3.3,0.5,0.9,1.9,70.0,25.7,71.4,16.8,,
2408904,Parelhas,RN,0,17461,2774,7308,5159,1178,8.6,0.6,1.8,6.0,58.2,34.6,60.7,15.0,,
2408953,Rio Do Fogo,RN,0,10982,1885,4901,3468,380,4.3,0.5,1.3,2.4,59.8,35.3,61.0,15.8,,
2409100,Passa E Fica,RN,0,10054,1815,4469,2928,385,5.0,0.7,1.3,2.7,64.1,30.2,65.8,17.3,,
2409209,Passagem,RN,0,4547,724,2090,1377,173,4.8,0.7,0.7,3.1,62.3,32.6,66.4,11.7,,
2409308,Patu,RN,0,9946,1636,5488,2113,361,4.5,0.5,1.6,2.3,73.9,21.3,76.4,15.4,,
2409332,Santa Maria,RN,0,5115,935,2502,1314,185,4.6,0.6,0.8,3.0,70.3,25.2,71.9,16.9,,
2409407,Pau Dos Ferros,RN,0,21145,3587,11673,4466,716,4.2,0.6,1.9,1.6,74.2,21.2,76.4,15.5,,
2409506,Pedra Grande,RN,0,4340,952,2292,832,152,4.6,0.6,0.8,3.0,74.0,21.4,75.5,16.9,,
2409605,Pedra Preta,RN,0,3295,570,1692,833,109,4.1,0.7,1.1,2.2,69.1,26.1,71.1,15.8,,
2409704,Pedro Avelino,RN,0,6554,1590,3214,1312,208,4.4,0.7,1.5,2.0,72.0,22.4,74.3,25.9,,
2409803,Pedro Velho,RN,0,11914,2189,6346,2551,352,3.8,0.6,1.1,2.0,72.2,23.0,74.7,19.0,,
2409902,Pendências,RN,0,10931,2353,6152,1752,340,4.1,0.6,1.5,1.9,77.5,18.1,79.3,17.6,,
2410009,Pilões,RN,0,3577,688,2330,406,76,2.7,0.6,1.1,1.0,86.6,10.8,88.0,21.2,,
2410108,Poço Branco,RN,0,11674,2090,7013,1756,364,4.0,0.5,1.2,2.1,78.6,17.1,81.1,17.0,,
2410207,Portalegre,RN,0,6896,1315,3291,1768,231,4.4,0.9,1.1,2.1,68.0,24.0,69.7,14.8,,
2410256,Porto Do Mangue,RN,0,5103,931,2980,823,207,5.2,0.2,1.8,3.1,77.3,17.7,80.4,16.9,,
2410306,Serra Caiada,RN,0,9065,1738,4688,2083,228,3.3,0.5,0.8,1.9,69.0,26.9,70.9,18.4,,
2410405,Pureza,RN,0,8502,1456,4754,1690,232,3.5,0.5,1.0,2.0,73.4,21.5,75.8,18.8,,
2410504,Rafael Fernandes,RN,0,4933,835,3032,744,134,3.4,0.2,1.8,1.4,81.4,15.2,83.4,14.9,,
2410603,Rafael Godeiro,RN,0,3667,650,1594,1268,75,2.5,0.3,1.2,0.9,61.6,33.4,60.8,20.7,,
2410702,Riacho Da Cruz,RN,0,2759,395,1712,499,67,2.9,0.7,1.0,1.3,79.5,15.9,74.7,14.7,,
2410801,Riacho De Santana,RN,0,3843,678,2436,470,114,3.8,0.6,1.2,1.9,83.6,13.0,85.9,16.3,,
2410900,Riachuelo,RN,0,6909,1144,3609,1781,176,3.2,0.6,0.8,1.7,70.8,24.9,72.2,13.9,,
2411007,Rodolfo Fernandes,RN,0,4641,773,2488,1095,148,4.0,0.3,1.3,2.2,77.9,16.6,80.8,16.0,,
2411056,Tibau,RN,0,9238,2218,3855,2514,341,5.1,0.5,1.4,3.0,66.7,28.7,68.5,19.2,,
2411106,Ruy Barbosa,RN,0,4188,816,1637,1503,112,3.4,0.5,1.2,1.7,54.0,41.4,53.7,18.1,,
2411205,Santa Cruz,RN,0,27658,4897,13899,6826,997,4.6,0.7,1.5,2.2,67.7,27.3,69.0,17.1,,
2411403,Santana Do Matos,RN,0,11151,2148,6393,1849,333,3.9,0.7,0.7,2.4,76.5,17.6,79.8,18.4,,
2411429,Santana Do Seridó,RN,0,2635,371,1264,645,202,9.6,0.9,1.9,6.6,62.2,29.0,67.5,13.0,,
2411502,Santo Antônio,RN,0,19114,3738,9964,4051,564,3.9,0.6,1.2,2.0,70.8,24.0,73.0,16.1,2411502,Santo Antônio/RN
2411601,São Bento Do Norte,RN,0,4259,916,2152,889,183,5.7,0.7,1.3,3.5,73.8,20.7,76.4,17.1,2401859,Caiçara do Norte/RN
2411700,São Bento Do Trairí,RN,0,4458,930,2312,879,148,4.4,1.0,0.9,2.5,72.9,22.0,75.4,20.8,,
2411809,São Fernando,RN,0,3720,517,2021,874,163,5.3,0.8,1.7,2.8,71.6,22.9,73.5,13.1,,
2411908,São Francisco Do Oeste,RN,0,4098,810,2283,710,153,4.9,0.7,1.6,2.5,75.5,17.7,80.8,19.0,,
2412005,São Gonçalo Do Amarante,RN,0,77509,12546,33449,24704,3851,6.2,1.0,1.8,3.2,57.7,36.4,59.4,16.4,2408102,Natal/RN
2412104,São João Do Sabugi,RN,0,5309,836,2979,1130,210,4.9,1.1,1.2,2.3,73.4,20.2,76.4,13.9,,
2412203,São José De Mipibu,RN,0,35789,6892,15658,10291,1411,5.2,0.8,1.5,2.8,61.8,32.8,63.1,19.1,2412203,São José de Mipibu - Nísia Floresta/RN
2412302,São José Do Campestre,RN,0,10539,1957,5388,2474,274,3.4,0.5,0.9,1.9,65.1,30.8,67.0,18.5,,
2412401,São José Do Seridó,RN,0,4515,635,2481,949,250,6.8,1.0,1.3,4.3,74.5,19.8,76.5,13.3,,
2412500,São Miguel,RN,0,19466,4227,10398,3195,660,4.6,0.6,1.7,2.2,79.2,15.6,82.5,22.3,,
2412559,São Miguel Do Gostoso,RN,0,9651,1642,4631,2645,363,4.8,0.5,1.0,3.0,65.8,29.5,67.6,17.3,,
2412609,São Paulo Do Potengi,RN,0,14677,2710,5861,5020,520,4.6,0.6,1.1,2.7,55.8,39.0,57.0,17.2,,
2412708,São Pedro,RN,0,6475,1132,3375,1510,221,4.3,0.6,0.8,2.8,70.7,24.6,73.1,15.8,,
2412807,São Rafael,RN,0,7520,1374,3929,1628,279,4.8,0.5,1.6,2.6,70.1,24.1,73.8,17.1,,
2412906,São Tomé,RN,0,9587,2139,3817,3127,226,3.1,0.5,0.7,1.8,55.3,40.6,57.1,22.4,,
2413003,São Vicente,RN,0,5396,882,2882,1190,212,5.0,0.5,1.3,3.0,69.7,25.5,71.5,17.7,,
2413102,Senador Elói De Souza,RN,0,5748,998,3126,1253,147,3.2,0.4,0.8,1.9,71.2,24.6,72.5,16.4,,
2413201,Senador Georgino Avelino,RN,0,3761,713,1717,1018,135,4.7,0.5,1.3,2.8,65.9,29.1,66.1,16.4,,
2413300,Serra De São Bento,RN,0,6185,1139,3082,1546,179,3.7,0.4,1.0,2.3,70.3,24.3,72.2,19.0,,
2413359,Serra Do Mel,RN,0,13225,1842,6263,4006,650,6.0,0.4,2.3,3.2,62.4,31.9,64.2,13.3,,
2413409,Serra Negra Do Norte,RN,0,6262,1124,2691,1988,193,4.0,0.6,1.2,2.1,68.3,27.3,68.1,18.0,,
2413508,Serrinha,RN,0,7068,1284,3563,1625,253,4.7,0.8,0.8,2.9,69.1,24.9,71.0,17.0,2411502,Santo Antônio/RN
2413557,Serrinha Dos Pintos,RN,0,4196,633,2625,651,114,3.4,0.6,0.9,1.8,81.5,14.6,84.3,15.3,,
2413607,Severiano Melo,RN,0,6813,1145,4033,1182,219,4.0,0.7,1.2,2.0,79.0,14.9,81.3,16.1,,
2413706,Sítio Novo,RN,0,5162,930,3015,865,154,3.8,0.6,1.0,2.2,79.2,16.8,81.3,18.7,,
2413805,Taboleiro Grande,RN,0,2762,510,1547,518,106,4.9,0.5,1.4,2.8,74.3,21.3,76.2,13.4,,
2413904,Taipu,RN,0,10547,1710,6177,1829,388,4.6,0.7,1.2,2.6,76.5,18.2,78.9,15.5,,
2414001,Tangará,RN,0,12583,2894,5529,3172,440,4.8,0.7,1.5,2.4,64.2,30.2,66.8,22.6,,
2414100,Tenente Ananias,RN,0,8205,1352,4324,2132,192,2.9,0.3,0.9,1.6,75.9,20.7,77.6,17.0,,
2414159,Tenente Laurentino Cruz,RN,0,5580,988,2896,1260,218,5.0,0.4,1.5,3.0,71.0,23.9,73.5,16.3,,
2414209,Tibau Do Sul,RN,0,13651,2594,6133,4010,421,4.0,0.6,1.2,2.0,64.4,31.2,65.6,17.7,,
2414308,Timbaúba Dos Batistas,RN,0,2748,382,1457,718,102,4.5,0.9,1.0,2.4,68.7,27.1,67.2,15.9,,
2414407,Touros,RN,0,28142,4753,13200,8127,977,4.4,0.7,1.1,2.5,62.4,33.1,64.0,17.6,,
2414456,Triunfo Potiguar,RN,0,4239,636,2190,1115,148,4.3,0.5,0.9,2.8,69.5,26.6,71.4,15.8,,
2414506,Umarizal,RN,0,8842,1487,5267,1466,260,3.7,0.3,1.3,1.9,78.2,16.9,80.8,18.1,,
2414605,Upanema,RN,0,12260,2128,5509,3690,440,4.6,0.8,1.6,2.0,59.7,34.7,62.6,14.9,,
2414704,Várzea,RN,0,5584,853,2759,1594,178,3.9,0.6,1.1,2.3,64.9,30.7,65.3,14.2,,
2414753,Venha-Ver,RN,0,3918,911,2222,531,120,4.2,0.6,1.5,1.8,84.9,10.7,89.2,24.0,,
2414803,Vera Cruz,RN,0,11417,2099,5595,2811,414,4.7,0.9,0.9,2.8,65.6,28.8,68.3,19.9,,
2414902,Viçosa,RN,0,1958,394,1080,357,51,3.4,0.4,1.3,1.6,76.9,18.0,80.5,18.8,,
2415008,Vila Flor,RN,0,3254,546,1758,704,86,3.4,0.3,1.0,2.1,73.9,22.2,75.8,18.4,,
2500106,Água Branca,PB,0,8397,1715,4874,1112,296,4.7,0.5,1.8,2.2,84.4,11.5,86.8,21.2,,
2500205,Aguiar,PB,0,4779,932,2862,719,135,3.6,0.4,0.8,2.3,80.5,15.5,82.6,20.4,,
2500304,Alagoa Grande,PB,0,23238,4888,11918,4323,688,4.1,0.7,1.2,2.1,73.2,22.1,75.5,21.8,,
2500403,Alagoa Nova,PB,0,16592,3278,8684,2785,719,5.9,0.7,1.9,3.0,73.5,18.9,77.3,20.0,,
2500502,Alagoinha,PB,0,12228,2255,7145,1803,376,4.0,0.3,1.4,2.2,79.6,15.7,82.2,19.6,,
2500536,Alcantil,PB,0,5001,670,2293,1483,255,6.3,1.0,1.6,3.5,58.6,33.9,62.8,12.8,,
2500577,Algodão De Jandaíra,PB,0,3119,583,1968,326,71,3.0,0.2,0.8,1.8,84.2,12.6,87.2,18.9,,
2500601,Alhandra,PB,0,21079,3937,8729,6439,754,4.7,0.6,1.1,2.9,59.4,35.9,60.2,16.8,,
2500700,São João Do Rio Do Peixe,PB,0,14571,2318,8769,2155,478,4.2,0.5,1.7,1.8,80.0,15.4,83.2,16.1,,
2500734,Amparo,PB,0,2665,404,1804,310,59,2.7,0.2,0.9,1.7,86.2,11.0,88.3,18.2,,
2500775,Aparecida,PB,0,7247,1266,4027,1376,226,4.0,0.7,1.4,1.9,74.4,21.1,77.1,15.9,,
2500809,Araçagi,PB,0,14344,2679,8271,2098,422,3.9,0.4,1.2,2.2,80.4,15.0,82.7,20.1,,
2500908,Arara,PB,0,9325,2005,4851,1569,364,5.4,0.5,1.4,3.3,74.0,19.7,77.3,23.1,,
2501005,Araruna,PB,0,14816,3501,6942,3109,411,3.9,0.5,1.1,2.1,71.8,22.2,74.7,24.0,,
2501104,Areia,PB,0,19068,3544,10722,2885,678,4.8,0.8,1.4,2.4,74.9,19.5,77.8,19.6,,
2501153,Areia De Baraúnas,PB,0,2502,567,1295,442,76,4.2,0.6,1.0,2.5,80.9,14.0,84.8,17.0,,
2501203,Areial,PB,0,6597,1112,3373,1368,301,6.0,0.7,1.6,3.4,71.2,22.2,74.8,18.4,,
2501302,Aroeiras,PB,0,16290,2792,9216,2635,600,4.8,0.4,1.6,2.7,77.9,17.7,80.6,18.0,,
2501351,Assunção,PB,0,4201,859,2137,888,117,3.7,0.6,0.8,2.1,75.7,20.3,77.7,19.9,,
2501401,Baía Da Traição,PB,0,8424,1624,4975,1295,190,2.9,0.3,0.8,1.7,81.2,15.2,83.0,16.8,,
2501500,Bananeiras,PB,0,19361,3947,10014,3567,705,4.9,0.6,1.2,3.0,76.8,17.1,80.3,20.6,2516003,Solânea - Bananeiras/PB
2501534,Baraúna,PB,0,4663,750,2681,761,202,5.5,0.6,1.1,3.7,79.9,15.2,82.5,19.1,,
2501575,Barra De Santana,PB,0,7793,1273,4182,1568,285,4.7,0.8,1.3,2.4,72.1,22.1,74.5,17.2,,
2501609,Barra De Santa Rosa,PB,0,11480,2041,6795,1760,341,3.8,0.4,1.1,2.2,79.5,16.5,79.6,18.8,,
2501708,Barra De São Miguel,PB,0,6048,820,3334,1388,198,4.0,0.4,1.2,2.4,70.7,24.6,73.2,13.2,,
2501807,Bayeux,PB,0,74369,11255,27912,27396,3849,6.5,0.9,1.6,3.7,51.0,42.4,52.5,14.3,2507507,João Pessoa/PB
2501906,Belém,PB,0,13281,2763,6371,2977,401,4.1,0.5,1.1,2.4,68.5,26.1,71.4,21.1,,
2502003,Belém Do Brejo Do Cruz,PB,0,6644,1417,3427,1347,189,3.8,0.3,1.6,1.9,72.7,22.4,75.2,19.9,,
2502052,Bernardino Batista,PB,0,3353,832,1873,407,66,2.8,0.3,0.9,1.3,82.1,13.8,85.2,22.8,,
2502102,Boa Ventura,PB,0,5167,1195,2894,658,151,4.1,0.6,0.9,2.5,79.7,15.3,82.0,23.8,,
2502151,Boa Vista,PB,0,6123,754,3243,1566,250,4.9,0.8,1.5,2.5,66.9,27.1,68.8,11.7,,
2502201,Bom Jesus,PB,0,3055,448,2041,350,108,4.3,0.6,2.3,1.4,86.5,9.7,88.9,17.7,,
2502300,Bom Sucesso,PB,0,4846,940,3112,572,94,2.5,0.3,0.9,1.2,85.1,9.4,88.2,16.2,,
2502409,Bonito De Santa Fé,PB,0,7923,1554,4356,1474,216,3.6,0.4,1.2,1.9,73.7,22.1,76.3,20.7,,
2502508,Boqueirão,PB,0,15970,2499,8029,3981,642,5.1,0.6,1.3,3.0,66.9,27.9,69.9,17.6,,
2502607,Igaracy,PB,0,5888,1368,3030,1022,249,5.8,0.7,1.1,3.8,77.4,16.2,81.1,25.0,,
2502706,Borborema,PB,0,4895,899,2623,919,154,4.2,0.7,0.8,2.5,76.5,18.3,79.7,21.5,,
2502805,Brejo Do Cruz,PB,0,10744,1861,5362,2640,398,4.7,0.6,1.4,2.7,69.4,25.0,70.9,18.5,,
2502904,Brejo Dos Santos,PB,0,5994,962,3382,1235,157,3.3,0.2,1.1,1.9,71.7,24.1,73.8,15.6,,
2503001,Caaporã,PB,0,17081,2912,8448,4214,607,4.6,0.5,1.2,2.7,66.6,28.9,68.2,15.9,,
2503100,Cabaceiras,PB,0,5237,712,2661,1327,235,5.6,0.7,2.2,2.4,64.3,28.5,68.3,14.2,,
2503209,Cabedelo,PB,0,54022,11228,19051,18499,2932,7.2,1.1,2.0,3.8,49.8,42.6,52.0,19.8,2507507,João Pessoa/PB
2503308,Cachoeira Dos Índios,PB,0,7912,1453,4922,842,279,4.6,0.5,1.6,2.4,83.4,12.7,86.3,19.9,,
2503407,Cacimba De Areia,PB,0,4343,774,2575,689,113,3.4,0.4,1.2,1.7,80.6,16.2,82.1,18.6,,
2503506,Cacimba De Dentro,PB,0,14334,3234,6977,2752,450,4.4,0.3,1.5,2.5,74.5,20.7,76.3,23.2,,
2503555,Cacimbas,PB,0,6623,1761,3612,744,180,4.0,0.3,1.2,2.4,84.6,11.8,86.4,25.9,,
2503605,Caiçara,PB,0,6526,1347,3075,1483,222,4.6,0.4,1.5,2.6,69.5,25.4,71.8,21.8,2503605,Caiçara - Logradouro/PB
2503704,Cajazeiras,PB,0,47827,7958,28253,7508,1932,5.1,0.6,2.0,2.4,78.5,16.7,80.7,16.6,,
2503753,Cajazeirinhas,PB,0,3758,737,2137,636,80,2.8,0.5,0.8,1.5,80.3,15.8,82.3,20.2,,
2503803,Caldas Brandão,PB,0,5445,828,3004,1126,150,3.5,0.4,1.2,1.9,74.8,20.7,76.4,16.5,,
2503902,Camalaú,PB,0,6294,1108,4206,588,113,2.3,0.3,0.7,1.2,87.3,9.5,89.7,17.9,,
2504009,Campina Grande,PB,0,305258,41838,118783,108991,17662,7.2,1.2,2.2,3.5,49.2,42.5,51.8,13.5,2504009,Campina Grande/PB
2504033,Capim,PB,0,7251,1576,3533,1424,203,3.9,0.3,1.4,2.1,71.8,22.1,75.0,20.2,,
2504074,Caraúbas,PB,0,4534,622,2687,850,148,4.0,0.6,1.1,2.1,77.8,17.4,80.0,13.8,,
2504108,Carrapateira,PB,0,2444,471,1522,273,69,3.7,0.3,0.5,2.8,82.2,13.4,86.0,21.2,,
2504157,Casserengue,PB,0,6406,1396,3513,921,203,4.4,0.4,1.1,2.7,80.5,13.7,83.8,22.3,,
2504207,Catingueira,PB,0,5416,1277,2742,1035,128,3.3,0.6,0.9,1.6,73.2,21.1,75.9,23.8,,
2504306,Catolé Do Rocha,PB,0,22557,3738,12601,4521,748,4.2,0.4,1.4,2.3,73.8,21.4,75.8,15.8,,
2504355,Caturité,PB,0,5518,763,3131,1030,253,5.7,0.8,1.4,3.3,74.5,19.2,77.6,13.9,,
2504405,Conceição,PB,0,15357,3251,8262,2644,403,3.6,0.5,1.2,1.6,77.3,18.2,79.5,20.0,,
2504504,Condado,PB,0,5803,1195,3307,865,156,3.6,0.2,0.9,2.3,79.6,15.7,82.2,18.7,,
2504603,Conde,PB,0,27248,5578,11440,7703,1065,5.3,0.7,1.5,2.9,60.5,34.6,61.8,17.1,2507507,João Pessoa/PB
2504702,Congo,PB,0,5388,824,3307,849,156,3.6,0.3,1.4,1.9,79.8,15.4,82.4,13.5,,
2504801,Coremas,PB,0,12873,2782,6382,2672,371,3.9,0.3,1.5,2.0,75.8,20.1,78.1,22.9,,
2504850,Coxixola,PB,0,2047,329,1203,333,72,4.5,0.8,1.4,2.2,78.2,16.9,81.4,15.9,,
2504900,Cruz Do Espírito Santo,PB,0,16431,2549,8410,3791,460,3.6,0.4,0.8,2.2,70.8,24.5,72.7,15.1,,
2505006,Cubati,PB,0,6956,1304,3612,1376,254,4.8,0.6,1.1,3.0,73.2,21.6,76.1,17.8,,
2505105,Cuité,PB,0,17388,3467,9903,2578,527,4.0,0.5,1.0,2.4,79.7,15.3,82.3,20.1,2505105,Cuité - Nova Floresta/PB
2505204,Cuitegi,PB,0,6098,1229,3216,1115,170,3.8,0.4,1.2,2.0,74.5,19.9,77.3,22.2,,
2505238,Cuité De Mamanguape,PB,0,7662,1556,4083,1324,201,3.6,0.3,1.4,1.7,79.6,16.0,82.2,21.5,,
2505279,Curral De Cima,PB,0,6226,1210,3335,1047,232,5.0,0.5,1.4,2.8,78.7,15.0,82.2,19.3,,
2505303,Curral Velho,PB,0,2327,483,1243,374,121,7.0,1.9,0.4,4.5,73.8,18.1,79.1,22.1,,
2505352,Damião,PB,0,4885,1051,2777,610,170,4.8,0.3,0.5,3.8,82.0,13.0,85.3,22.9,,
2505402,Desterro,PB,0,7716,1551,4244,1400,185,3.2,0.1,1.0,2.0,79.0,16.9,81.0,20.5,,
2505501,Vista Serrana,PB,0,3470,777,1934,521,118,4.6,0.7,1.6,2.2,73.2,20.5,77.0,23.4,,
2505600,Diamante,PB,0,5910,1365,3320,764,163,3.8,0.6,1.3,1.8,78.9,16.3,82.0,25.1,,
2505709,Dona Inês,PB,0,9272,1769,5492,1271,254,3.6,0.4,1.1,2.0,84.4,12.2,85.8,21.2,,
2505808,Duas Estradas,PB,0,3885,754,1932,865,125,4.3,0.7,1.1,2.4,74.7,20.5,76.8,17.9,2505808,Duas Estradas - Serra da Raiz/PB
2505907,Emas,PB,0,3824,908,1836,748,126,4.7,0.4,1.6,2.5,75.1,19.5,77.9,21.8,,
2506004,Esperança,PB,0,26015,4356,12496,6326,1211,6.0,0.6,1.8,3.5,65.7,27.7,68.6,18.5,,
2506103,Fagundes,PB,0,10547,1929,5939,1609,365,4.6,0.5,1.5,2.4,77.9,17.1,80.5,20.9,,
2506202,Frei Martinho,PB,0,2942,480,1521,634,148,6.4,0.8,1.6,3.7,71.7,22.6,74.4,16.1,,
2506251,Gado Bravo,PB,0,8093,1318,4811,1164,278,4.5,0.5,2.0,1.8,79.5,15.3,82.5,17.1,,
2506301,Guarabira,PB,0,43618,6931,19765,12337,2213,6.5,0.7,1.9,3.5,60.1,33.2,62.4,16.5,2506301,Guarabira/PB
2506400,Gurinhém,PB,0,11420,2148,6110,2096,340,4.0,0.5,1.5,2.0,73.6,22.2,76.1,18.6,,
2506509,Gurjão,PB,0,3193,452,2045,445,89,3.5,0.5,0.8,1.9,82.1,13.6,84.3,15.6,,
2506608,Ibiara,PB,0,5580,1192,3245,735,185,4.4,0.4,1.2,2.7,81.5,14.3,85.4,22.7,,
2506707,Imaculada,PB,0,9116,1982,5354,1160,207,3.1,0.4,1.0,1.6,84.9,11.6,86.9,24.9,,
2506806,Ingá,PB,0,15724,2960,7800,3666,438,3.7,0.4,1.2,1.9,68.5,26.7,70.5,19.5,,
2506905,Itabaiana,PB,0,19586,3290,9027,5524,751,4.9,0.8,1.3,2.7,61.5,33.9,63.2,17.0,,
2507002,Itaporanga,PB,0,17565,3642,9241,3220,682,5.2,0.7,1.6,2.7,74.5,19.7,77.3,21.6,,
2507101,Itapororoca,PB,0,14182,2325,7656,2933,520,4.7,0.7,1.1,2.7,73.2,21.4,75.6,17.4,,
2507200,Itatuba,PB,0,9118,1475,4811,2011,234,3.3,0.3,0.8,2.0,72.8,23.1,74.9,17.6,,
2507309,Jacaraú,PB,0,14325,3162,6352,3493,597,5.7,0.7,1.7,3.1,69.0,25.2,71.5,23.4,2507309,Jacaraú/PB
2507408,Jericó,PB,0,6938,1622,3696,1212,153,3.0,0.2,0.6,2.1,82.1,13.9,84.4,20.6,,
2507507,João Pessoa,PB,1,591750,95347,219023,215086,36861,7.8,1.3,2.3,3.8,47.4,44.5,50.1,15.1,2507507,João Pessoa/PB
2507606,Juarez Távora,PB,0,7954,1396,4374,1507,209,3.4,0.4,0.8,2.3,74.5,21.3,77.5,17.0,,
2507705,Juazeirinho,PB,0,14045,2592,7484,2803,343,3.2,0.3,1.0,1.8,74.6,21.0,76.5,19.4,,
2507804,Junco Do Seridó,PB,0,5990,1028,3154,1187,280,6.1,0.5,1.8,3.6,74.2,19.5,77.2,16.8,,
2507903,Juripiranga,PB,0,9829,1727,4914,2253,305,4.1,0.5,1.4,2.1,71.8,24.4,73.4,16.4,2607653,Itambé/PE - Pedras de Fogo/PB
2508000,Juru,PB,0,8201,1829,4766,1040,192,3.2,0.4,0.7,2.1,84.8,11.1,87.0,22.1,,
2508109,Lagoa,PB,0,4698,918,2777,595,168,4.8,0.3,1.5,2.6,82.7,13.0,85.4,21.5,,
2508208,Lagoa De Dentro,PB,0,7869,1894,3814,1519,280,5.0,0.5,1.5,2.9,74.9,20.0,78.0,22.7,,
2508307,Lagoa Seca,PB,0,22056,3298,10065,6181,903,5.3,0.8,1.4,2.9,60.4,32.8,63.2,14.7,2504009,Campina Grande/PB
2508406,Lastro,PB,0,4395,760,2619,717,130,3.8,0.6,1.1,1.8,81.8,14.7,84.2,17.4,,
2508505,Livramento,PB,0,5930,1209,3164,1034,198,4.5,0.6,0.9,2.9,75.0,20.2,77.5,21.4,,
2508554,Logradouro,PB,0,4789,823,2318,1245,174,4.7,0.4,1.7,2.4,66.3,28.3,68.1,16.0,2503605,Caiçara - Logradouro/PB
2508604,Lucena,PB,0,12879,2344,6131,3248,494,5.0,0.7,1.4,2.7,64.1,30.2,66.1,19.0,2507507,João Pessoa/PB
2508703,Mãe D'Água,PB,0,3876,642,2314,634,131,4.2,0.5,1.1,2.5,80.1,15.4,82.8,18.5,,
2508802,Malta,PB,0,5263,1055,3150,686,143,3.6,0.5,1.3,1.8,83.4,12.6,86.2,20.7,,
2508901,Mamanguape,PB,0,34604,6346,15315,9234,1536,5.9,0.7,1.8,3.3,66.0,28.4,68.0,17.7,2508901,Mamanguape - Rio Tinto/PB
2509008,Manaíra,PB,0,9110,1925,5507,922,217,3.3,0.6,1.0,1.4,84.8,10.4,87.8,22.1,,
2509057,Marcação,PB,0,7913,1466,4660,1194,182,3.0,0.4,1.0,1.5,82.6,13.9,84.6,16.3,,
2509107,Mari,PB,0,18460,2870,9729,4108,660,4.5,0.5,1.5,2.4,70.3,24.9,72.2,15.0,,
2509156,Marizópolis,PB,0,6301,1028,3079,1532,308,6.3,0.8,1.3,4.1,70.4,24.5,73.3,15.4,,
2509206,Massaranduba,PB,0,12155,1937,6224,2610,422,4.6,0.7,1.4,2.3,69.6,24.7,72.5,16.9,2504009,Campina Grande/PB
2509305,Mataraca,PB,0,8714,1897,4083,1965,282,4.5,0.6,1.6,2.3,69.6,26.2,71.4,22.9,,
2509339,Matinhas,PB,0,4881,979,2680,722,136,3.8,0.6,0.8,2.3,77.2,18.1,79.8,20.4,,
2509370,Mato Grosso,PB,0,3319,1090,1635,404,62,3.0,0.6,0.9,1.4,88.7,7.9,90.5,27.3,,
2509396,Maturéia,PB,0,5807,1099,3434,804,130,3.0,0.3,0.8,1.7,82.5,13.1,85.2,21.3,,
2509404,Mogeiro,PB,0,11482,1982,5739,2751,330,3.7,0.5,0.9,2.3,68.7,27.5,69.9,18.0,,
2509503,Montadas,PB,0,5373,853,2762,1153,234,5.6,0.6,1.1,3.8,70.1,24.4,72.5,15.4,,
2509602,Monte Horebe,PB,0,4313,944,2398,605,149,4.7,0.3,1.4,3.0,81.8,11.6,86.4,23.7,,
2509701,Monteiro,PB,0,27191,4843,15329,4647,931,4.5,0.5,1.9,1.9,76.8,18.6,79.0,17.8,,
2509800,Mulungu,PB,0,9094,1371,5094,1761,351,4.9,0.7,1.3,2.7,73.4,20.9,76.8,15.9,,
2509909,Natuba,PB,0,6840,1283,3551,1261,242,4.8,0.6,1.4,2.5,71.8,21.8,75.3,18.8,,
2510006,Nazarezinho,PB,0,7091,1236,4305,1039,188,3.4,0.4,1.0,2.0,83.2,12.8,86.4,16.4,,
2510105,Nova Floresta,PB,0,8307,1647,4309,1552,361,5.8,0.5,1.5,3.7,75.6,18.1,79.1,21.3,2505105,Cuité - Nova Floresta/PB
2510204,Nova Olinda,PB,0,5895,1654,3092,709,141,3.6,0.4,1.1,2.0,82.0,13.4,84.6,29.1,,
2510303,Nova Palmeira,PB,0,3681,429,2373,533,163,5.3,0.3,2.0,3.0,81.6,12.3,86.2,13.2,,
2510402,Olho D'Água,PB,0,7440,1706,3802,1266,214,4.0,0.5,1.2,2.3,77.3,16.6,79.6,23.8,,
2510501,Olivedos,PB,0,4073,672,2103,895,171,5.4,0.5,1.2,3.6,71.0,21.9,74.4,16.8,,
2510600,Ouro Velho,PB,0,3098,422,1975,476,76,3.0,0.4,0.9,1.7,78.7,17.9,81.4,14.1,,
2510659,Parari,PB,0,2403,351,1434,423,68,3.5,0.5,1.0,1.8,78.3,17.9,80.7,16.7,,
2510709,Passagem,PB,0,2846,564,1485,604,88,4.0,0.5,1.2,2.3,75.8,19.0,77.8,21.4,,
2510808,Patos,PB,0,67671,12023,31431,17681,3210,6.1,0.7,2.2,3.0,64.0,29.5,66.3,17.5,2510808,Patos/PB
2510907,Paulista,PB,0,10996,1943,5574,2536,435,5.1,0.3,1.6,3.2,71.8,23.7,74.0,17.8,,
2511004,Pedra Branca,PB,0,4075,883,2025,826,153,5.1,0.9,1.0,3.0,71.9,21.5,76.3,23.9,,
2511103,Pedra Lavrada,PB,0,5944,836,3540,1000,252,5.3,0.6,1.4,3.0,76.2,17.2,80.2,15.1,,
2511202,Pedras De Fogo,PB,0,25239,4529,12172,6368,814,4.2,0.5,1.5,2.1,65.4,29.2,68.2,18.3,2607653,Itambé/PE - Pedras de Fogo/PB
2511301,Piancó,PB,0,12777,2620,6507,2576,444,4.7,0.6,1.2,2.7,71.7,22.3,74.6,21.0,,
2511400,Picuí,PB,0,15036,2508,7815,3308,596,5.1,0.7,1.7,2.5,71.6,21.8,73.7,16.9,,
2511509,Pilar,PB,0,10756,1634,5404,2659,417,4.9,0.7,1.1,3.1,70.8,24.6,72.0,15.3,,
2511608,Pilões,PB,0,7122,1356,3896,1212,235,4.4,0.7,1.2,2.4,76.1,18.9,78.5,21.9,,
2511707,Pilõezinhos,PB,0,5890,1072,3287,995,197,4.4,0.4,1.3,2.5,78.5,16.1,81.8,19.3,2506301,Guarabira/PB
2511806,Pirpirituba,PB,0,8201,1396,4375,1621,392,6.1,0.8,1.7,3.5,72.3,21.1,75.3,19.7,,
2511905,Pitimbu,PB,0,13151,2701,6395,3089,419,4.2,0.4,0.8,2.9,67.5,28.9,68.6,17.9,,
2512002,Pocinhos,PB,0,15440,2589,7251,3914,653,5.5,0.7,1.5,3.1,63.9,29.9,66.6,17.8,,
2512036,Poço Dantas,PB,0,4135,890,2590,373,131,4.2,0.4,1.1,2.8,85.5,10.6,88.3,24.0,,
2512077,Poço De José De Moura,PB,0,4432,721,2786,561,148,4.2,0.3,1.6,2.1,81.8,13.8,84.7,18.1,,
2512101,Pombal,PB,0,25859,4815,12343,6509,1010,5.1,0.7,1.5,2.7,65.2,29.1,66.5,19.7,,
2512200,Prata,PB,0,4236,751,2273,904,101,3.1,0.5,0.9,1.5,72.3,23.3,73.9,17.0,,
2512309,Princesa Isabel,PB,0,16939,3740,9524,2283,557,4.5,0.4,1.9,2.0,82.2,13.5,84.4,21.8,,
2512408,Puxinanã,PB,0,12878,1857,6222,3204,660,6.5,0.8,1.8,3.8,65.9,27.6,68.4,14.3,2504009,Campina Grande/PB
2512507,Queimadas,PB,0,36681,6090,19096,7873,1387,4.9,0.5,1.6,2.5,70.0,24.7,72.2,16.3,2504009,Campina Grande/PB
2512606,Quixaba,PB,0,2501,412,1286,590,82,4.2,0.9,1.2,2.0,70.4,25.4,72.3,14.2,2510808,Patos/PB
2512705,Remígio,PB,0,15062,2854,8385,2589,536,4.7,0.4,1.3,2.8,76.0,19.1,78.2,20.1,,
2512721,Pedro Régis,PB,0,5725,1408,2448,1273,213,5.4,0.9,1.2,3.2,71.3,22.4,74.2,26.2,2507309,Jacaraú/PB
2512747,Riachão,PB,0,3550,755,1975,588,74,2.8,0.6,0.6,1.5,77.4,18.4,79.9,22.1,,
2512754,Riachão Do Bacamarte,PB,0,4999,806,2576,1069,164,4.3,0.5,1.2,2.3,74.1,20.8,76.4,16.2,,
2512762,Riachão Do Poço,PB,0,4868,772,2455,1211,157,4.1,0.6,1.0,2.4,68.6,26.1,72.2,15.5,,
2512788,Riacho De Santo Antônio,PB,0,2834,424,1389,799,82,3.6,0.5,1.0,2.1,68.6,27.1,69.9,13.4,,
2512804,Riacho Dos Cavalos,PB,0,8428,1302,5133,1403,212,3.1,0.4,0.9,1.8,82.0,14.3,83.6,14.4,,
2512903,Rio Tinto,PB,0,18838,2842,9588,4688,676,4.5,0.6,1.3,2.5,68.4,26.7,70.5,13.7,2508901,Mamanguape - Rio Tinto/PB
2513000,Salgadinho,PB,0,3477,774,1645,738,143,5.7,0.3,1.3,3.9,75.4,18.4,80.1,21.9,,
2513109,Salgado De São Félix,PB,0,10366,2037,5369,2070,340,4.4,0.4,1.4,2.3,71.4,23.3,73.8,19.3,,
2513158,Santa Cecília,PB,0,7090,920,3979,1537,269,4.7,0.6,1.2,2.8,72.5,22.0,76.4,12.5,,
2513208,Santa Cruz,PB,0,5529,846,3572,780,151,3.4,0.6,1.1,1.6,81.9,14.5,84.6,17.2,,
2513307,Santa Helena,PB,0,5959,1093,3803,620,180,3.9,0.5,2.3,1.1,86.0,10.4,88.5,17.6,,
2513356,Santa Inês,PB,0,3848,821,2441,361,76,2.6,0.4,0.7,1.4,89.1,7.6,91.7,21.0,,
2513406,Santa Luzia,PB,0,12261,1863,6173,3022,564,5.8,0.6,1.6,3.4,69.5,24.6,71.8,15.4,,
2513505,Santana De Mangueira,PB,0,4562,1001,2757,444,132,4.0,0.5,0.9,2.3,86.0,9.8,89.3,21.2,,
2513604,Santana Dos Garrotes,PB,0,6318,1367,3327,1039,226,4.9,0.6,1.4,2.7,74.0,19.4,77.8,24.4,,
2513653,Joca Claudino,PB,0,2516,517,1496,297,84,4.5,0.8,1.8,1.7,81.3,13.1,86.3,22.1,,
2513703,Santa Rita,PB,0,103539,16482,42713,32912,4965,6.2,0.8,1.7,3.4,56.5,37.1,58.0,16.0,2507507,João Pessoa/PB
2513802,Santa Teresinha,PB,0,5773,1100,2993,1199,202,4.6,0.5,1.6,2.5,73.2,21.5,75.4,17.8,,
2513851,Santo André,PB,0,3035,565,1688,546,88,3.8,0.6,0.3,2.7,79.3,15.8,82.3,19.8,,
2513901,São Bento,PB,0,29523,4913,11253,10379,1615,7.0,0.5,1.7,4.7,54.7,39.3,55.5,16.3,,
2513927,São Bentinho,PB,0,3802,797,2216,494,106,3.8,0.6,1.1,1.9,82.6,13.1,85.2,20.6,,
2513943,São Domingos Do Cariri,PB,0,3072,581,1592,644,119,5.0,0.2,1.6,3.0,70.0,23.2,74.5,20.4,,
2513968,São Domingos,PB,0,3287,664,1758,616,74,3.0,0.3,1.0,1.6,74.0,19.6,77.3,19.4,,
2513984,São Francisco,PB,0,4138,631,2305,810,172,5.2,0.5,0.8,3.8,75.8,19.1,78.5,13.9,,
2514008,São João Do Cariri,PB,0,4578,683,2856,752,109,2.9,0.5,1.0,1.3,79.4,15.7,81.9,16.7,,
2514107,São João Do Tigre,PB,0,3965,634,2396,568,88,2.9,0.5,1.0,1.2,80.3,15.6,83.0,17.0,,
2514206,São José Da Lagoa Tapada,PB,0,7125,1276,4164,1047,187,3.5,0.6,1.3,1.4,81.2,15.2,82.3,17.6,,
2514305,São José De Caiana,PB,0,5643,1560,2958,778,163,4.2,0.4,1.8,1.9,79.4,16.3,83.0,26.2,,
2514404,São José De Espinharas,PB,0,4450,703,2660,773,131,3.7,0.5,1.2,1.9,78.6,17.5,80.0,18.5,,
2514453,São José Dos Ramos,PB,0,5940,1168,3104,1118,165,3.8,0.5,0.9,2.2,75.2,19.9,77.8,19.5,,
2514503,São José De Piranhas,PB,0,15561,2972,9261,2068,538,4.5,0.6,1.6,2.3,82.7,13.5,84.1,19.1,,
2514552,São José De Princesa,PB,0,3236,646,1990,317,69,2.9,0.7,0.8,1.2,86.5,9.3,84.6,18.2,,
2514602,São José Do Bonfim,PB,0,4531,784,2365,995,145,4.1,0.5,1.1,2.5,73.4,22.2,75.2,16.7,,
2514651,São José Do Brejo Do Cruz,PB,0,2613,500,1293,620,102,5.1,0.5,1.3,3.1,70.2,23.7,70.6,14.2,,
2514701,São José Do Sabugi,PB,0,4227,400,2460,1023,149,4.1,0.5,0.7,2.7,72.4,22.1,74.5,9.8,,
2514800,São José Dos Cordeiros,PB,0,3778,675,2297,557,82,2.8,0.9,0.7,0.9,80.9,15.2,83.0,19.7,,
2514909,São Mamede,PB,0,7110,1508,3456,1627,265,5.0,0.6,1.1,3.0,70.1,23.9,73.2,20.4,,
2515005,São Miguel De Taipu,PB,0,6576,1104,2823,2023,202,4.0,0.6,1.0,2.2,57.9,38.0,59.9,16.6,,
2515104,São Sebastião De Lagoa De Roça,PB,0,9171,1659,4471,1963,405,5.9,0.8,1.9,3.0,67.4,25.2,71.2,20.6,,
2515203,São Sebastião Do Umbuzeiro,PB,0,3304,581,2085,357,75,3.0,0.4,0.9,1.7,84.4,11.2,87.6,18.1,,
2515302,Sapé,PB,0,38037,6567,18302,9366,1336,4.6,0.8,1.3,2.3,66.2,28.0,68.2,16.4,,
2515401,São Vicente Do Seridó,PB,0,9254,1659,5352,1370,341,4.8,0.6,0.9,3.1,76.0,18.5,79.7,21.2,,
2515500,Serra Branca,PB,0,10863,1935,5775,2291,352,4.2,0.6,1.7,1.8,69.8,24.1,72.9,19.2,,
2515609,Serra Da Raiz,PB,0,3167,572,1584,738,102,4.2,0.7,1.1,2.1,69.3,23.6,73.8,19.2,2505808,Duas Estradas - Serra da Raiz/PB
2515708,Serra Grande,PB,0,3110,657,1915,324,99,4.2,0.7,1.6,1.8,81.4,13.0,85.8,23.3,,
2515807,Serra Redonda,PB,0,6492,961,3722,1205,224,4.3,0.5,0.8,2.8,73.0,20.7,76.6,15.9,,
2515906,Serraria,PB,0,4595,969,2346,793,190,5.7,0.9,1.6,3.0,73.3,20.6,75.9,23.2,,
2515930,Sertãozinho,PB,0,5104,854,2759,991,224,5.6,0.5,1.8,3.3,75.6,19.8,78.5,18.4,,
2515971,Sobrado,PB,0,8060,1373,4051,1914,239,3.9,0.8,0.8,2.2,68.5,25.0,72.1,17.7,,
2516003,Solânea,PB,0,22196,4345,11013,4787,889,5.3,0.6,1.3,3.2,69.9,23.9,72.9,20.9,2516003,Solânea - Bananeiras/PB
2516102,Soledade,PB,0,11716,1855,6151,2579,430,4.7,0.7,1.1,2.8,69.1,25.2,72.1,17.7,,
2516151,Sossêgo,PB,0,3672,498,2347,534,109,3.6,0.2,1.0,2.4,83.2,11.6,85.5,17.0,,
2516201,Sousa,PB,0,48187,7419,24676,11592,2255,5.8,0.7,1.9,3.1,68.7,25.5,71.7,15.3,,
2516300,Sumé,PB,0,14168,2646,8123,2432,400,3.6,0.4,1.4,1.6,78.3,17.7,80.5,18.1,,
2516409,Tacima,PB,0,8148,1731,4139,1635,249,4.1,0.6,1.2,2.2,74.1,21.6,76.8,20.1,,
2516508,Taperoá,PB,0,11366,2503,6102,1825,293,3.6,0.5,1.0,2.0,77.7,17.3,80.2,23.7,,
2516607,Tavares,PB,0,11897,2847,7091,1172,227,2.7,0.2,1.4,1.0,86.6,9.9,88.6,25.4,,
2516706,Teixeira,PB,0,12091,2355,6957,1901,296,3.2,0.4,1.1,1.7,79.5,16.2,81.9,19.1,,
2516755,Tenório,PB,0,3314,563,1889,622,82,3.2,0.3,1.0,1.8,79.2,16.4,82.3,15.2,,
2516805,Triunfo,PB,0,7597,1405,4848,823,239,4.0,0.4,1.3,2.3,85.2,10.5,88.1,20.8,,
2516904,Uiraúna,PB,0,13083,2378,7431,2143,495,4.9,0.6,1.5,2.7,78.9,16.8,80.5,16.5,,
2517001,Umbuzeiro,PB,0,7797,1383,4314,1366,280,4.7,0.7,1.5,2.3,76.7,19.1,78.9,19.1,,
2517100,Várzea,PB,0,2845,374,1755,502,114,4.8,0.8,1.2,2.6,82.2,13.9,83.8,13.1,,
2517209,Vieirópolis,PB,0,5431,942,3189,877,151,3.6,0.6,1.1,1.8,79.1,16.2,82.3,18.8,,
2517407,Zabelê,PB,0,2666,506,1616,318,68,3.4,0.3,1.6,1.5,83.3,12.5,86.4,19.1,,
2600054,Abreu E Lima,PE,0,79387,11460,36334,24301,3561,5.5,1.3,1.6,2.5,57.5,37.7,58.7,18.0,2611606,Recife/PE
2600104,Afogados Da Ingazeira,PE,0,30094,5911,16835,5300,924,4.0,0.8,1.3,1.8,76.7,20.2,77.9,21.2,,
2600203,Afrânio,PE,0,17488,3586,8397,3770,725,5.6,1.8,1.1,2.6,74.5,20.1,77.7,20.1,,
2600302,Agrestina,PE,0,20932,3701,11514,3992,735,4.5,1.0,1.5,2.0,75.4,21.3,76.5,16.3,,
2600401,Água Preta,PE,0,20198,4551,10808,3432,541,3.7,0.9,1.1,1.5,73.1,23.9,74.6,32.6,,
2600500,Águas Belas,PE,0,35255,9687,17727,5239,1233,5.1,1.4,1.6,1.9,77.8,19.3,78.6,27.4,,
2600609,Alagoinha,PE,0,12070,1985,8034,1235,365,3.8,1.3,1.2,1.2,87.1,10.3,88.0,21.8,,
2600708,Aliança,PE,0,29186,6358,14569,5825,1033,4.8,1.8,1.0,1.9,70.4,26.3,71.4,23.0,,
2600807,Altinho,PE,0,17270,2896,9814,3028,614,4.6,1.5,1.0,1.9,76.0,20.4,76.9,17.0,,
2600906,Amaraji,PE,0,17368,3499,8734,3900,501,3.8,1.1,0.7,1.9,66.9,29.1,68.8,19.8,,
2601003,Angelim,PE,0,9105,1823,5111,1511,265,3.9,0.9,1.3,1.5,76.6,19.6,78.2,25.9,,
2601052,Araçoiaba,PE,0,17404,3089,9092,3680,755,5.6,1.9,1.1,2.4,69.0,27.1,70.3,14.3,2611606,Recife/PE
2601102,Araripina,PE,0,60070,12071,32160,10820,2295,5.1,0.9,1.4,2.7,76.7,18.4,79.3,21.3,2601102,Araripina/PE
2601201,Arcoverde,PE,0,51729,9478,28253,10211,1998,4.9,0.9,1.5,2.3,73.2,22.7,74.5,17.7,,
2601300,Barra De Guabiraba,PE,0,10106,1674,4988,2835,271,3.4,0.9,0.8,1.5,63.5,33.1,63.7,14.9,,
2601409,Barreiros,PE,0,30474,6911,13980,7196,930,4.2,1.0,1.1,2.0,63.5,32.7,64.6,23.8,,
2601508,Belém De Maria,PE,0,9176,1501,5113,1864,348,4.8,1.1,1.2,2.4,73.6,23.1,74.5,20.9,,
2601607,Belém Do São Francisco,PE,0,15567,3269,9306,1927,553,4.7,0.9,1.4,2.3,82.8,13.5,84.4,19.4,,
2601706,Belo Jardim,PE,0,60920,10995,30166,13557,2798,6.0,1.2,1.6,3.0,68.2,26.3,70.2,21.4,,
2601805,Betânia,PE,0,10088,2100,6368,873,293,3.9,1.1,0.7,2.0,87.3,10.3,88.8,29.1,,
2601904,Bezerros,PE,0,48313,8188,25506,10523,1912,5.0,1.3,1.4,2.2,71.1,25.0,72.3,15.6,,
2602001,Bodocó,PE,0,27831,5300,17737,2881,877,4.1,1.1,1.2,1.6,86.8,9.3,89.2,18.6,,
2602100,Bom Conselho,PE,0,34189,7290,19346,5154,1104,4.3,1.4,1.1,1.7,78.5,18.0,80.1,30.1,,
2602209,Bom Jardim,PE,0,30623,5848,16995,5347,949,4.1,1.2,1.1,1.7,75.4,21.3,76.6,19.7,,
2602308,Bonito,PE,0,30694,6057,14524,7418,1197,5.2,1.7,1.4,1.9,66.7,30.5,67.2,19.4,,
2602407,Brejão,PE,0,9703,1649,5721,1588,340,4.5,1.2,1.2,1.8,81.1,16.7,82.0,18.4,,
2602506,Brejinho,PE,0,7811,1853,4350,1009,271,4.8,1.6,1.1,2.0,83.4,13.2,85.1,26.4,,
2602605,Brejo Da Madre De Deus,PE,0,36268,7846,16581,8750,1493,5.6,1.1,1.5,2.8,67.5,28.5,69.0,21.4,,
2602704,Buenos Aires,PE,0,11990,2231,6822,2089,289,3.1,1.1,0.8,1.1,76.2,20.8,77.2,17.6,,
2602803,Buíque,PE,0,42576,11784,23785,4117,1156,4.0,1.7,1.0,1.1,85.5,11.6,87.1,29.2,,
2602902,Cabo De Santo Agostinho,PE,0,172140,28761,88386,37650,8001,6.0,1.3,1.5,3.0,66.6,28.7,68.1,15.0,2611606,Recife/PE
2603009,Cabrobó,PE,0,25723,4714,15648,3541,962,4.8,0.8,1.3,2.7,81.8,14.8,83.2,22.0,,
2603108,Cachoeirinha,PE,0,16068,2768,8924,3036,587,4.7,1.4,1.5,1.7,74.0,22.1,75.8,19.4,,
2603207,Caetés,PE,0,20683,5218,12694,1472,428,2.9,0.5,1.4,0.9,89.7,7.9,90.8,26.4,2603207,Caetés - Capoeiras/PE
2603306,Calçado,PE,0,7893,1445,4938,898,288,4.7,1.7,1.0,1.9,85.4,10.9,87.8,15.6,,
2603405,Calumbi,PE,0,7378,1414,4824,735,215,3.7,1.0,0.9,1.8,87.6,11.0,88.4,19.8,,
2603454,Camaragibe,PE,0,127152,19244,54971,40322,6687,6.6,1.6,1.7,3.0,54.6,39.7,56.4,13.2,2611606,Recife/PE
2603504,Camocim De São Félix,PE,0,15623,2788,8145,3386,568,4.7,1.2,1.2,2.2,72.7,24.4,73.3,17.1,,
2603603,Camutanga,PE,0,7337,1500,3655,1582,258,4.7,1.4,1.3,1.8,70.9,25.6,71.5,20.9,2607653,Itambé/PE - Pedras de Fogo/PB
2603702,Canhotinho,PE,0,17167,3494,9050,3486,371,2.9,0.7,0.8,1.2,71.4,25.3,72.0,20.5,,
2603801,Capoeiras,PE,0,16542,3976,9833,1509,509,4.3,1.3,1.4,1.5,86.2,10.8,88.2,26.8,2603207,Caetés - Capoeiras/PE
2603900,Carnaíba,PE,0,16879,3754,10126,1896,433,3.5,0.9,1.0,1.5,86.1,11.4,86.9,22.8,,
2603926,Carnaubeira Da Penha,PE,0,12559,2533,8527,839,288,3.0,0.6,0.7,1.6,91.3,7.0,92.3,25.3,,
2604007,Carpina,PE,0,59993,9110,25652,19665,2678,5.6,1.5,1.4,2.4,54.5,40.9,56.0,14.0,,
2604106,Caruaru,PE,0,255270,38138,109691,82763,13260,6.5,1.5,1.8,2.9,56.0,38.5,57.7,14.3,,
2604155,Casinhas,PE,0,12078,2351,6872,1766,403,4.5,1.5,0.9,1.9,79.8,15.6,81.8,20.8,,
2604205,Catende,PE,0,25872,5497,13575,4962,844,4.3,1.1,1.2,1.9,72.3,24.1,73.2,23.0,,
2604304,Cedro,PE,0,10190,2506,5762,1180,412,5.6,1.6,1.3,2.6,85.5,10.2,88.2,24.2,,
2604403,Chã De Alegria,PE,0,11584,1975,6192,2563,306,3.4,1.1,0.6,1.5,71.2,25.9,71.2,16.4,,
2604502,Chã Grande,PE,0,18860,3038,9418,4736,764,5.1,1.2,1.1,2.7,67.1,29.1,68.3,18.2,,
2604601,Condado,PE,0,19764,3545,10200,4387,672,4.4,1.1,1.4,1.9,69.7,26.7,71.0,23.9,,
2604700,Correntes,PE,0,14583,4255,7601,1808,399,4.1,1.0,1.4,1.7,83.8,13.0,85.2,30.0,,
2604809,Cortês,PE,0,11265,2455,5846,2088,433,5.2,1.7,1.5,1.8,71.0,24.7,72.7,22.6,,
2604908,Cumaru,PE,0,14479,2341,8371,2624,454,4.0,1.1,1.1,1.7,76.3,20.9,77.1,23.1,,
2605004,Cupira,PE,0,19864,3574,9537,5083,769,5.0,0.9,1.1,2.8,64.0,32.2,65.6,19.5,,
2605103,Custódia,PE,0,29588,7000,17343,3202,1015,4.7,1.3,1.2,2.0,87.0,10.9,87.4,25.1,,
2605152,Dormentes,PE,0,16158,2768,8436,3325,826,6.6,1.4,1.2,3.9,76.9,18.8,78.9,20.8,,
2605202,Escada,PE,0,48189,8287,25252,10368,2012,5.3,1.1,1.2,2.9,68.9,26.9,70.3,17.0,,
2605301,Exu,PE,0,29164,6347,17334,3357,900,4.2,1.0,1.2,1.9,85.5,10.8,87.3,22.8,,
2605400,Feira Nova,PE,0,18025,2988,8818,4585,696,4.9,1.7,1.3,1.8,63.7,31.9,65.4,20.8,,
2605459,Fernando De Noronha,PE,0,3657,1194,1153,1019,182,7.7,1.3,1.7,4.2,52.4,41.5,53.7,30.3,,
2605509,Ferreiros,PE,0,10137,1794,5312,2096,383,4.9,1.7,1.1,2.0,71.5,25.1,72.7,18.7,,
2605608,Flores,PE,0,16541,3738,9756,1801,485,4.0,1.2,1.1,1.6,85.9,11.8,86.9,22.5,,
2605707,Floresta,PE,0,25254,5489,15329,2854,777,4.1,0.7,1.4,1.8,84.2,13.0,85.7,21.0,,
2605806,Frei Miguelinho,PE,0,12929,1782,7028,3174,522,4.9,1.7,0.7,2.3,72.1,25.1,73.0,14.4,,
2605905,Gameleira,PE,0,14871,3356,7190,3167,474,4.4,1.1,1.1,2.0,67.9,28.5,69.3,23.3,,
2606002,Garanhuns,PE,0,99315,18733,53078,19550,4102,5.3,0.8,2.0,2.3,72.1,23.5,73.8,17.8,,
2606101,Glória Do Goitá,PE,0,23472,4196,12792,4406,788,4.4,1.0,1.3,1.9,74.4,22.4,75.4,18.0,,
2606200,Goiana,PE,0,67037,10292,32987,18178,2709,5.0,1.1,1.4,2.4,63.4,32.8,64.6,14.2,,
2606309,Granito,PE,0,6958,1168,4418,917,241,4.3,1.3,1.3,1.7,84.4,11.3,86.9,16.3,,
2606408,Gravatá,PE,0,67863,12065,30773,18368,3080,5.9,1.1,1.5,3.1,62.2,33.1,63.4,21.3,,
2606507,Iati,PE,0,16331,4738,8880,1655,424,3.9,1.0,1.2,1.6,84.5,12.6,86.3,30.7,,
2606606,Ibimirim,PE,0,21737,5258,13547,1891,538,3.4,0.7,1.1,1.4,88.0,10.0,88.9,26.1,,
2606705,Ibirajuba,PE,0,6807,1300,3979,1036,210,4.0,1.0,1.2,1.7,79.9,17.0,81.2,21.2,,
2606804,Igarassu,PE,0,89866,14938,43364,23072,4200,6.0,1.3,1.7,2.8,64.0,31.6,65.1,15.3,2611606,Recife/PE
2606903,Iguaracy,PE,0,9100,1866,5541,1109,248,3.6,1.1,0.9,1.6,84.2,12.5,85.9,20.6,,
2607000,Inajá,PE,0,15906,3654,10390,1209,275,2.3,0.5,0.6,1.2,89.4,8.8,90.3,22.6,,
2607109,Ingazeira,PE,0,4249,688,2829,462,105,3.1,1.0,0.4,1.6,87.3,10.8,87.7,16.6,,
2607208,Ipojuca,PE,0,89076,16362,47651,17919,3597,5.2,1.1,1.4,2.6,71.0,25.3,72.2,17.0,2611606,Recife/PE
2607307,Ipubi,PE,0,24789,6308,12714,3679,1079,6.2,1.1,1.4,3.5,81.4,14.8,83.2,25.6,,
2607406,Itacuruba,PE,0,4741,945,3081,507,100,2.7,0.3,0.9,1.5,85.2,11.8,87.3,17.4,,
2607505,Itaíba,PE,0,21182,4721,11977,2758,861,5.5,1.6,1.3,2.6,82.3,14.2,84.1,25.0,,
2607604,Ilha De Itamaracá,PE,0,18612,3643,9986,3718,690,4.8,1.4,1.0,2.2,71.2,25.2,72.3,20.1,2611606,Recife/PE
2607653,Itambé,PE,0,24464,4802,12589,5144,821,4.4,1.6,1.1,1.5,71.0,25.6,72.1,19.7,2607653,Itambé/PE - Pedras de Fogo/PB
2607703,Itapetim,PE,0,11940,2317,7010,1690,385,4.2,1.2,1.1,1.8,81.8,16.0,82.3,24.4,,
2607752,Itapissuma,PE,0,21440,3162,11659,4738,876,5.1,1.2,1.3,2.5,71.0,25.6,72.0,13.7,2611606,Recife/PE
2607802,Itaquitinga,PE,0,12828,1999,6809,2990,457,4.5,1.1,1.1,2.2,67.5,28.8,68.4,23.0,,
2607901,Jaboatão Dos Guararapes,PE,0,498555,103443,199975,147539,24534,6.6,1.4,1.9,3.0,54.2,40.1,55.8,19.0,2611606,Recife/PE
2607950,Jaqueira,PE,0,9225,2120,4771,1751,260,3.8,1.3,1.0,1.5,71.7,25.2,74.5,29.4,,
2608008,Jataúba,PE,0,15816,3592,8687,2465,540,4.6,0.9,1.3,2.3,79.3,17.5,80.8,22.3,,
2608057,Jatobá,PE,0,11616,2749,7017,1157,371,4.3,0.8,1.4,2.0,83.8,13.4,85.5,22.6,,
2608107,João Alfredo,PE,0,24726,5334,13280,4046,942,5.2,1.2,1.3,2.5,77.0,18.5,80.0,25.6,,
2608206,Joaquim Nabuco,PE,0,14094,3011,7120,2975,438,4.2,1.0,0.8,2.2,70.6,25.9,71.2,25.4,,
2608255,Jucati,PE,0,10180,1909,6329,1232,262,3.4,0.9,0.9,1.4,83.4,13.1,85.6,18.4,,
2608305,Jupi,PE,0,13003,1992,8218,1694,538,5.2,1.3,1.8,2.0,82.8,13.5,84.2,17.7,,
2608404,Jurema,PE,0,12362,2699,6985,1809,352,3.9,1.1,1.2,1.6,76.8,18.5,79.1,24.3,,
2608453,Lagoa Do Carro,PE,0,15710,2318,8436,3689,571,4.5,1.2,1.0,2.2,69.5,27.3,70.4,13.6,,
2608503,Lagoa De Itaenga,PE,0,18474,3053,9561,4164,711,4.9,1.5,1.0,2.2,65.9,29.3,68.0,20.4,,
2608602,Lagoa Do Ouro,PE,0,12046,2866,6822,1468,386,4.5,1.3,1.4,1.6,84.2,13.4,85.2,23.8,,
2608701,Lagoa Dos Gatos,PE,0,11190,1950,6686,1848,305,3.5,1.1,0.8,1.5,77.8,19.1,79.6,25.5,,
2608750,Lagoa Grande,PE,0,20661,4151,11618,3252,903,5.7,0.9,1.5,3.2,79.0,16.8,80.3,24.1,,
2608800,Lajedo,PE,0,32462,6312,15821,7567,1377,5.6,1.2,1.6,2.6,68.4,26.8,70.2,17.5,,
2608909,Limoeiro,PE,0,45789,7188,24895,9746,1747,4.8,1.2,1.5,1.9,70.6,25.2,72.1,16.5,,
2609006,Macaparana,PE,0,20026,4305,9088,4843,812,5.5,1.7,1.1,2.6,65.1,30.6,67.0,23.6,,
2609105,Machados,PE,0,11111,2071,6219,1954,351,4.1,1.2,0.9,1.9,76.2,19.9,77.2,19.5,,
2609154,Manari,PE,0,14245,3620,8703,1131,400,3.9,1.0,1.1,1.7,88.5,9.2,89.4,28.1,,
2609204,Maraial,PE,0,8002,1792,4055,1657,204,3.5,1.0,1.0,1.3,70.3,26.5,71.1,32.4,,
2609303,Mirandiba,PE,0,11941,2864,6695,1675,283,3.3,1.3,0.8,1.1,80.8,16.7,81.6,22.6,,
2609402,Moreno,PE,0,48774,8600,23371,11818,2083,5.6,1.7,1.2,2.6,63.4,31.7,65.1,16.6,2611606,Recife/PE
2609501,Nazaré Da Mata,PE,0,25649,4434,12367,6506,976,4.9,1.4,1.1,2.2,61.5,34.6,63.2,16.9,,
2609600,Olinda,PE,0,301943,45467,139200,89168,14839,6.1,1.5,1.8,2.6,57.0,37.2,58.8,13.2,2611606,Recife/PE
2609709,Orobó,PE,0,18326,3457,10699,2665,609,4.4,1.3,1.1,1.9,77.3,17.4,80.3,28.7,,
2609808,Orocó,PE,0,12481,2042,7581,1975,506,5.0,1.4,1.0,2.5,79.3,16.5,81.0,23.0,,
2609907,Ouricuri,PE,0,48563,9863,29476,5890,1578,4.3,0.9,1.2,2.0,83.7,12.6,85.9,26.6,,
2610004,Palmares,PE,0,40845,8584,20803,8493,1484,4.8,1.1,1.4,2.1,68.3,27.5,69.8,22.1,,
2610103,Palmeirina,PE,0,6511,1884,3348,760,208,4.8,1.2,1.2,2.1,81.7,14.6,83.9,32.4,,
2610202,Panelas,PE,0,19612,3652,11111,3284,729,4.8,1.0,1.3,2.4,76.2,20.4,77.1,29.5,,
2610301,Paranatama,PE,0,11943,2096,7313,1502,437,4.7,1.4,1.6,1.6,84.0,12.8,85.9,18.6,,
2610400,Parnamirim,PE,0,18517,3705,12372,1618,422,2.9,0.9,0.9,1.1,89.0,8.5,90.5,20.1,,
2610509,Passira,PE,0,26110,4873,14147,5048,844,4.2,1.2,0.9,1.9,74.0,22.6,75.5,19.0,,
2610608,Paudalho,PE,0,45812,7101,20935,13362,1927,5.3,1.4,1.4,2.5,59.5,36.5,60.8,19.6,2611606,Recife/PE
2610707,Paulista,PE,0,237186,38007,106250,70764,12458,6.6,1.4,1.9,3.0,56.4,37.8,58.3,14.3,2611606,Recife/PE
2610806,Pedra,PE,0,18714,3535,11159,2621,443,3.1,0.7,0.9,1.4,81.5,14.9,83.3,25.1,,
2610905,Pesqueira,PE,0,52492,12270,30246,6886,1515,3.9,1.3,1.0,1.5,81.8,14.9,82.8,24.6,,
2611002,Petrolândia,PE,0,26448,6444,14390,4002,824,4.3,0.6,1.5,2.0,80.3,17.0,81.1,23.3,,
2611101,Petrolina,PE,0,249120,45231,116703,63545,13681,7.0,1.2,2.2,3.5,65.3,28.4,67.6,17.1,2611101,Petrolina/PE - Juazeiro/BA
2611200,Poção,PE,0,10334,2382,5867,1253,329,4.4,1.5,0.9,1.9,83.5,13.4,84.6,22.6,,
2611309,Pombos,PE,0,20453,3069,9886,5573,720,4.5,1.3,0.9,2.1,64.4,31.9,65.9,12.7,,
2611408,Primavera,PE,0,11000,2071,5828,2270,388,4.6,1.3,1.1,2.2,70.9,25.5,72.1,23.5,,
2611507,Quipapá,PE,0,15431,3950,8335,2002,433,4.0,0.9,1.1,2.0,80.0,16.9,81.8,35.6,,
2611533,Quixaba,PE,0,6216,1065,4270,594,140,2.8,0.8,0.9,1.1,89.0,8.9,90.2,18.8,,
2611606,Recife,PE,1,1230407,196129,543548,377268,62322,6.3,1.6,1.8,2.6,54.0,39.2,56.3,14.2,2611606,Recife/PE
2611705,Riacho Das Almas,PE,0,20962,2731,11183,5157,813,4.7,1.8,1.1,1.7,70.7,25.6,71.9,12.5,,
2611804,Ribeirão,PE,0,28323,6127,14271,5912,901,4.3,1.2,1.0,2.0,68.4,28.1,69.6,20.6,,
2611903,Rio Formoso,PE,0,16933,3558,8823,3363,498,3.9,0.9,1.0,1.8,70.5,26.1,71.7,21.7,,
2612000,Sairé,PE,0,11278,1661,5754,2705,493,5.5,1.4,1.0,3.0,69.6,26.1,71.1,13.5,,
2612109,Salgadinho,PE,0,7134,1650,3858,1170,227,4.3,1.3,0.9,2.0,75.2,21.1,77.0,26.2,,
2612208,Salgueiro,PE,0,43388,8251,25069,7068,1664,4.9,1.3,1.5,2.0,79.0,17.2,80.7,19.4,,
2612307,Saloá,PE,0,13660,3964,7578,1238,361,3.9,1.0,1.3,1.5,86.8,10.6,88.5,30.9,,
2612406,Sanharó,PE,0,16323,3303,9184,2633,479,3.9,0.9,1.2,1.7,78.4,18.3,79.6,20.0,,
2612455,Santa Cruz,PE,0,12838,2169,8183,1632,493,4.8,0.7,1.0,3.1,85.7,11.6,88.0,18.3,,
2612471,Santa Cruz Da Baixa Verde,PE,0,9916,1799,5922,1341,465,6.0,1.4,1.7,2.7,84.3,12.8,85.2,17.5,,
2612505,Santa Cruz Do Capibaribe,PE,0,66108,9022,21949,28844,3928,7.2,1.1,2.0,3.9,46.1,48.3,47.9,14.0,,
2612554,Santa Filomena,PE,0,12092,2270,7455,1575,438,4.6,1.2,0.7,2.7,84.5,10.9,88.0,23.6,,
2612604,Santa Maria Da Boa Vista,PE,0,30641,5253,18695,4687,1009,4.1,1.0,1.0,2.1,81.0,15.0,82.8,22.4,,
2612703,Santa Maria Do Cambucá,PE,0,11524,2088,5875,2553,419,4.7,1.0,1.3,2.4,69.7,26.5,71.8,20.3,,
2612802,Santa Terezinha,PE,0,8044,1664,4646,1133,294,4.8,1.2,1.2,2.4,82.2,14.2,83.9,20.2,,
2612901,São Benedito Do Sul,PE,0,7832,1896,4156,1160,239,4.3,1.1,1.0,2.0,76.9,19.5,78.9,33.7,,
2613008,São Bento Do Una,PE,0,38192,9188,19371,6778,1297,4.7,1.1,1.4,2.1,73.8,22.5,75.4,24.1,,
2613107,São Caitano,PE,0,30888,4714,17925,5396,1136,4.6,0.9,1.3,2.3,76.2,19.8,77.9,16.0,,
2613206,São João,PE,0,18178,3992,10944,1951,566,4.2,1.1,1.2,1.9,84.9,12.2,86.2,25.6,,
2613305,São Joaquim Do Monte,PE,0,17631,3181,9591,3343,591,4.4,1.2,1.4,1.7,72.6,23.5,73.7,18.9,,
2613404,São José Da Coroa Grande,PE,0,17746,4377,7302,4845,513,4.0,1.2,1.2,1.5,57.9,39.3,58.0,24.4,2704500,Maragogi/AL - São José da Coroa Grande/PE
2613503,São José Do Belmonte,PE,0,28341,6603,16729,3081,756,3.7,0.5,1.2,1.8,86.1,11.0,87.3,23.9,,
2613602,São José Do Egito,PE,0,24100,4702,13817,3901,802,4.3,1.1,1.3,1.8,78.8,18.2,79.8,19.6,,
2613701,São Lourenço Da Mata,PE,0,83623,13173,39605,22712,4024,6.1,1.4,1.7,2.8,60.5,34.4,62.4,13.4,2611606,Recife/PE
2613800,São Vicente Férrer,PE,0,14551,2842,7759,2819,464,4.2,1.0,1.0,2.1,75.3,21.0,76.1,20.4,,
2613909,Serra Talhada,PE,0,63665,11720,34785,11797,2903,5.9,1.0,1.6,3.2,76.6,20.2,77.4,18.7,,
2614006,Serrita,PE,0,17061,4243,9943,1846,498,4.0,1.1,1.3,1.6,87.5,8.7,89.5,24.4,,
2614105,Sertânia,PE,0,27423,6488,16273,3071,736,3.7,1.4,1.2,1.0,84.2,12.8,85.7,26.0,,
2614204,Sirinhaém,PE,0,28560,5955,13760,6642,1020,4.8,1.1,1.0,2.5,65.5,31.0,66.9,21.5,,
2614303,Moreilândia,PE,0,9938,2159,6275,944,277,3.7,1.1,1.4,1.0,86.0,10.2,88.7,22.1,,
2614402,Solidão,PE,0,5531,1097,3621,547,116,2.7,0.5,1.0,1.2,88.0,10.4,88.4,21.5,,
2614501,Surubim,PE,0,48477,7920,23893,12256,2037,5.3,1.4,1.4,2.4,68.0,28.2,69.1,17.0,,
2614600,Tabira,PE,0,21365,4065,12416,3527,739,4.4,1.2,1.7,1.4,82.5,15.0,83.0,19.9,,
2614709,Tacaimbó,PE,0,11013,1930,5938,2047,470,5.6,1.7,1.0,2.7,75.8,19.4,77.3,18.1,,
2614808,Tacaratu,PE,0,18225,3825,11478,1930,454,3.3,1.0,1.1,1.1,85.9,11.4,87.5,21.3,,
2614857,Tamandaré,PE,0,20268,4291,9800,4895,553,3.6,1.0,1.0,1.5,66.1,30.7,66.8,19.8,,
2615003,Taquaritinga Do Norte,PE,0,22236,3292,9132,8137,860,4.7,1.3,1.1,2.2,56.2,40.4,57.4,15.5,,
2615102,Terezinha,PE,0,6630,1328,3910,898,214,4.3,1.3,1.1,1.8,82.5,14.8,83.6,24.3,,
2615201,Terra Nova,PE,0,8841,1567,6165,634,268,3.8,0.7,1.2,1.9,90.3,6.8,92.3,15.6,,
2615300,Timbaúba,PE,0,42020,8052,20430,9840,1826,5.7,1.7,1.5,2.2,65.7,29.8,67.6,20.0,,
2615409,Toritama,PE,0,35207,5026,14612,13043,1452,5.0,0.9,1.5,2.5,54.6,42.0,55.5,15.2,,
2615508,Tracunhaém,PE,0,12070,2033,6394,2652,410,4.3,1.1,1.0,2.1,68.9,27.8,70.2,16.1,,
2615607,Trindade,PE,0,25102,6152,12140,5094,866,4.8,0.9,1.1,2.6,73.3,21.9,75.2,24.0,,
2615706,Triunfo,PE,0,12186,2113,7422,1636,549,5.7,1.2,1.8,2.5,83.2,12.9,84.4,17.9,,
2615805,Tupanatinga,PE,0,16635,3714,9268,2330,513,4.2,1.2,1.0,1.9,81.3,14.6,84.0,32.0,,
2615904,Tuparetama,PE,0,7990,1509,5171,952,180,2.9,1.0,0.6,1.2,85.3,12.0,86.3,20.2,,
2616001,Venturosa,PE,0,14784,2878,8562,2303,505,4.4,1.1,1.7,1.6,80.6,15.5,82.4,22.4,,
2616100,Verdejante,PE,0,8411,1614,5392,864,263,4.0,1.6,0.8,1.6,86.6,9.9,88.5,18.5,,
2616183,Vertente Do Lério,PE,0,8292,1438,4812,1394,299,4.6,1.4,1.4,1.8,78.9,17.0,80.9,18.7,,
2616209,Vertentes,PE,0,16698,2290,8792,4323,643,4.7,1.1,1.1,2.3,69.3,27.2,70.5,20.0,,
2616308,Vicência,PE,0,22237,4615,10651,5046,836,5.1,1.6,1.0,2.2,66.4,29.8,67.7,21.8,,
2616407,Vitória De Santo Antão,PE,0,103948,16125,45410,32439,4737,5.7,1.4,1.5,2.7,57.2,38.0,58.9,14.4,,
2616506,Xexéu,PE,0,11213,2638,5583,2137,354,4.4,1.2,1.0,2.1,68.8,26.5,70.3,25.3,,
2700102,Água Branca,AL,0,16513,4689,9576,1230,300,2.7,0.3,1.1,1.2,86.2,8.3,90.3,30.2,,
2700201,Anadia,AL,0,13090,2946,6524,2600,317,3.4,0.4,0.7,2.2,72.5,20.9,75.3,28.7,,
2700300,Arapiraca,AL,0,158990,28114,60304,56513,7004,5.7,0.7,1.7,3.1,50.8,41.4,52.7,19.1,,
2700409,Atalaia,AL,0,32403,6943,14076,8726,952,4.0,0.8,1.2,1.9,61.5,31.4,63.9,24.5,,
2700508,Barra De Santo Antônio,AL,0,14944,3288,5771,4637,495,4.5,0.6,1.1,2.6,57.7,36.6,59.0,22.4,2704302,Maceió/AL
2700607,Barra De São Miguel,AL,0,8063,1288,2858,3227,308,4.8,0.9,1.2,2.5,46.4,46.9,48.5,16.3,,
2700706,Batalha,AL,0,13574,2776,6197,3579,383,3.8,0.5,1.1,2.0,65.1,28.4,68.2,24.0,,
2700805,Belém,AL,0,5054,1172,2501,956,139,3.9,0.4,0.8,2.5,70.0,22.6,73.1,26.5,,
2700904,Belo Monte,AL,0,6030,1161,3116,1314,177,3.8,0.7,0.8,2.3,71.5,22.6,74.7,23.0,,
2701001,Boca Da Mata,AL,0,19738,4740,7804,5779,487,3.5,0.4,1.0,1.8,57.6,36.0,59.0,27.6,,
2701100,Branquinha,AL,0,9119,2424,4114,1877,200,3.2,0.4,1.3,1.4,69.1,24.0,72.0,30.0,,
2701209,Cacimbinhas,AL,0,8774,2396,4073,1698,143,2.4,0.4,0.9,1.1,70.3,22.0,74.2,26.8,,
2701308,Cajueiro,AL,0,14474,3499,6630,3135,405,4.0,0.7,1.3,1.8,64.8,28.4,68.2,27.8,,
2701357,Campestre,AL,0,6077,1491,2798,1276,168,4.0,0.2,1.0,2.6,66.4,26.6,71.2,26.0,,
2701407,Campo Alegre,AL,0,27042,6732,11781,6532,730,3.8,0.4,1.3,2.0,65.5,29.2,65.6,26.9,,
2701506,Campo Grande,AL,0,9154,2032,4622,1720,272,4.1,0.6,1.2,2.3,77.5,17.3,80.8,23.1,,
2701605,Canapi,AL,0,14793,3724,8006,2051,323,3.1,0.1,0.7,2.1,80.7,13.3,84.6,29.1,,
2701704,Capela,AL,0,12900,2588,5533,3700,381,4.0,0.6,1.4,1.8,57.8,35.8,59.7,23.3,,
2701803,Carneiros,AL,0,7751,1813,4217,1143,204,3.7,0.3,1.5,1.8,78.3,14.4,82.8,24.8,,
2701902,Chã Preta,AL,0,6923,1440,3457,1422,206,4.0,0.3,1.3,2.3,73.0,20.8,76.5,24.3,,
2702009,Coité Do Nóia,AL,0,9481,1960,4983,1712,330,4.7,0.4,1.6,2.7,76.3,16.8,78.5,22.5,,
2702108,Colônia Leopoldina,AL,0,15416,3792,5409,5068,345,3.2,0.4,0.9,1.6,53.6,40.7,54.8,27.2,,
2702207,Coqueiro Seco,AL,0,5554,911,2300,1798,248,5.7,1.0,1.5,3.0,59.8,32.8,61.1,16.1,2704302,Maceió/AL
2702306,Coruripe,AL,0,41885,9196,13895,15184,1299,4.3,0.6,1.2,2.3,45.8,47.3,46.6,24.1,,
2702355,Craíbas,AL,0,21887,4446,11551,4159,683,4.2,0.3,1.1,2.6,75.9,17.8,79.0,20.5,,
2702405,Delmiro Gouveia,AL,0,41407,9303,23510,5750,1157,3.8,0.4,1.6,1.7,79.2,15.7,81.8,24.3,,
2702504,Dois Riachos,AL,0,9497,2719,4352,1799,170,2.7,0.4,1.0,1.2,73.0,21.4,76.3,27.5,,
2702553,Estrela De Alagoas,AL,0,13040,3544,6859,1613,264,3.0,0.5,0.9,1.5,79.8,13.7,84.2,31.2,,
2702603,Feira Grande,AL,0,19459,3791,10417,3614,592,4.0,0.4,1.1,2.4,73.8,19.8,77.7,21.9,,
2702702,Feliz Deserto,AL,0,3975,971,1653,1030,83,3.0,0.2,0.9,1.8,66.7,29.0,69.8,26.9,,
2702801,Flexeiras,AL,0,8538,1876,2943,2989,222,3.6,0.4,1.2,1.9,49.2,44.0,49.6,25.6,,
2702900,Girau Do Ponciano,AL,0,28504,6415,15661,4370,657,3.2,0.3,1.1,1.7,78.5,15.9,81.8,25.9,,
2703007,Ibateguara,AL,0,11536,2792,4702,3064,271,3.4,0.5,0.9,1.6,60.4,32.7,64.0,26.7,,
2703106,Igaci,AL,0,20525,5231,10470,3134,594,4.2,0.6,1.2,2.2,77.3,16.9,80.5,28.1,,
2703205,Igreja Nova,AL,0,17729,3814,8952,3533,436,3.4,0.6,0.9,1.8,73.1,21.1,76.5,23.0,,
2703304,Inhapi,AL,0,14561,3920,7926,1691,297,3.0,0.4,0.8,1.7,80.8,13.4,83.9,28.7,,
2703403,Jacaré Dos Homens,AL,0,5258,1068,3067,809,119,3.0,0.2,0.8,1.8,77.9,16.8,81.1,24.1,,
2703502,Jacuípe,AL,0,6044,1064,3113,1434,162,3.4,0.2,1.0,2.1,68.5,26.1,72.2,22.4,,
2703601,Japaratinga,AL,0,9190,1798,2992,3709,225,3.2,0.5,0.9,1.6,44.5,50.5,45.4,20.2,,
2703700,Jaramataia,AL,0,5223,895,2962,994,108,2.7,0.4,0.5,1.7,75.6,18.7,78.7,21.4,,
2703759,Jequiá Da Praia,AL,0,8245,1627,3053,2915,276,4.4,0.5,1.1,2.8,50.0,43.6,49.8,20.3,,
2703809,Joaquim Gomes,AL,0,15470,3422,7394,3430,323,2.9,0.5,0.9,1.4,68.4,26.0,71.1,24.1,,
2703908,Jundiá,AL,0,4851,1036,2027,1399,135,3.8,0.8,1.0,1.8,60.1,32.8,63.5,26.2,,
2704005,Junqueiro,AL,0,20177,4387,8286,5637,761,5.2,0.6,1.2,3.0,63.7,29.4,66.0,24.5,,
2704104,Lagoa Da Canoa,AL,0,17008,3641,8122,3911,420,3.4,0.4,1.1,1.7,70.4,23.8,70.9,20.9,,
2704203,Limoeiro De Anadia,AL,0,20414,4193,10464,4249,430,2.8,0.3,0.9,1.6,74.2,20.8,75.9,22.2,,
2704302,Maceió,AL,1,646463,120917,203850,259789,32477,6.5,1.4,2.0,2.8,40.4,49.6,42.8,19.1,2704302,Maceió/AL
2704401,Major Isidoro,AL,0,15675,3445,7056,4009,308,2.7,0.4,0.7,1.5,66.4,27.6,67.9,25.5,,
2704500,Maragogi,AL,0,26019,5751,7431,10898,676,3.6,0.5,1.1,1.8,41.6,53.0,42.3,22.0,2704500,Maragogi/AL - São José da Coroa Grande/PE
2704609,Maravilha,AL,0,8963,2273,4409,1473,280,4.5,0.4,1.1,2.9,75.8,17.8,79.4,26.7,,
2704708,Marechal Deodoro,AL,0,47095,8580,15178,19001,1945,5.4,1.1,1.6,2.5,43.4,48.5,44.5,19.0,2704302,Maceió/AL
2704807,Maribondo,AL,0,11142,1970,5141,3067,319,3.7,0.5,1.3,1.7,64.0,30.3,66.3,21.3,,
2704906,Mar Vermelho,AL,0,3653,583,1933,811,123,4.3,1.0,1.3,1.8,69.2,23.5,71.3,17.6,,
2705002,Mata Grande,AL,0,18418,4784,10073,2337,314,2.5,0.3,0.8,1.3,79.9,15.4,82.4,30.0,,
2705101,Matriz De Camaragibe,AL,0,18656,4067,5701,7489,442,3.2,0.5,1.3,1.4,42.5,51.8,45.2,26.3,,
2705200,Messias,AL,0,14073,2760,5892,4282,391,3.7,0.6,1.2,1.6,57.7,36.7,58.5,22.7,2704302,Maceió/AL
2705309,Minador Do Negrão,AL,0,5111,1167,2356,1106,155,4.3,0.5,1.1,2.6,70.2,22.4,73.9,24.3,,
2705408,Monteirópolis,AL,0,6417,1389,3332,1141,213,4.5,0.5,0.9,2.9,72.2,18.8,77.4,27.6,,
2705507,Murici,AL,0,20644,4033,8996,5628,518,3.4,0.5,1.3,1.5,61.0,32.2,63.0,24.2,,
2705606,Novo Lino,AL,0,10016,2211,3432,3612,254,3.5,0.6,1.0,1.6,49.4,44.2,50.0,26.0,,
2705705,Olho D'Água Das Flores,AL,0,16240,3605,6905,4518,474,4.0,0.6,1.2,2.1,62.2,31.5,64.9,24.8,,
2705804,Olho D'Água Do Casado,AL,0,7631,1993,4368,752,179,3.4,0.2,1.3,1.8,85.0,9.8,88.4,26.2,,
2705903,Olho D'Água Grande,AL,0,5133,1152,2711,889,127,3.4,0.3,1.1,2.0,78.1,16.2,82.6,25.4,,
2706000,Olivença,AL,0,10337,1868,5213,2379,325,4.1,0.5,1.2,2.2,71.3,22.1,75.2,23.8,,
2706109,Ouro Branco,AL,0,10029,2276,5183,1771,375,5.1,0.4,1.1,3.4,75.9,18.0,79.2,22.4,,
2706208,Palestina,AL,0,4992,1270,2636,737,145,4.1,0.5,0.6,2.9,73.9,18.2,78.2,27.5,,
2706307,Palmeira Dos Índios,AL,0,54544,11498,23887,14385,1950,4.8,0.8,1.6,2.2,62.3,31.2,63.9,21.3,,
2706406,Pão De Açúcar,AL,0,18843,4377,9813,3331,515,3.8,0.6,1.2,1.8,73.3,20.6,76.5,24.7,,
2706422,Pariconha,AL,0,9772,2233,6310,658,193,2.7,0.3,1.1,1.2,87.0,7.6,91.1,26.0,,
2706448,Paripueira,AL,0,12721,2514,4101,4999,505,5.3,1.0,1.6,2.4,46.8,46.1,47.2,19.8,2704302,Maceió/AL
2706505,Passo De Camaragibe,AL,0,12513,2258,5161,4176,285,3.0,0.5,0.7,1.7,58.5,36.5,59.7,20.9,,
2706604,Paulo Jacinto,AL,0,6620,1154,3368,1472,231,4.6,0.8,1.1,2.5,68.6,24.3,71.0,21.1,,
2706703,Penedo,AL,0,44742,10224,18884,12036,1675,5.1,0.7,1.5,2.8,61.5,32.1,63.8,25.0,2706703,Penedo/AL
2706802,Piaçabuçu,AL,0,13930,2992,6409,3508,387,3.8,0.5,0.9,2.2,66.2,28.3,67.0,23.5,,
2706901,Pilar,AL,0,29494,5567,11359,10026,996,4.5,0.7,1.4,2.3,53.6,38.6,55.7,20.9,,
2707008,Pindoba,AL,0,2895,488,1393,827,56,2.5,0.4,0.7,1.3,66.7,28.7,68.0,19.6,,
2707107,Piranhas,AL,0,20101,4785,11382,2561,497,3.4,0.2,1.2,1.9,81.3,13.4,84.8,26.1,,
2707206,Poço Das Trincheiras,AL,0,11257,2423,6344,1471,362,4.4,0.6,0.9,2.7,81.8,11.4,86.0,24.0,,
2707305,Porto Calvo,AL,0,21598,4380,6941,8667,523,3.2,0.5,0.8,1.8,45.3,48.4,47.6,24.4,,
2707404,Porto De Pedras,AL,0,8457,1572,2989,3285,219,3.4,0.3,1.0,1.9,52.8,41.6,54.9,20.6,,
2707503,Porto Real Do Colégio,AL,0,17563,3434,9542,3236,483,3.6,0.5,1.1,2.0,76.5,18.3,79.3,21.4,,
2707602,Quebrangulo,AL,0,10425,2149,5305,2236,233,3.0,0.6,1.1,1.1,71.7,22.8,74.9,23.8,,
2707701,Rio Largo,AL,0,68061,10735,26017,24885,2849,5.3,0.8,1.7,2.5,50.7,41.8,52.0,18.1,2704302,Maceió/AL
2707800,Roteiro,AL,0,5776,1276,2463,1615,142,3.4,0.5,1.1,1.7,58.9,34.2,60.6,23.6,,
2707909,Santa Luzia Do Norte,AL,0,6471,1096,2912,1928,238,4.7,0.6,1.2,2.8,62.4,31.8,62.0,16.7,2704302,Maceió/AL
2708006,Santana Do Ipanema,AL,0,33109,6630,16402,7218,1233,5.0,0.5,1.6,2.7,71.4,22.3,73.9,21.7,,
2708105,Santana Do Mundaú,AL,0,9415,2212,4749,1753,271,4.0,0.6,1.2,2.2,73.5,20.3,77.1,25.7,,
2708204,São Brás,AL,0,7353,1504,3881,1467,186,3.4,0.4,1.0,1.8,71.8,24.1,74.2,21.7,,
2708303,São José Da Laje,AL,0,17824,4240,7218,4848,526,4.2,0.6,1.2,2.1,58.8,34.9,59.3,25.6,,
2708402,São José Da Tapera,AL,0,23495,6061,11832,3713,770,4.7,0.7,1.1,2.8,76.1,15.8,80.8,28.8,,
2708501,São Luís Do Quitunde,AL,0,23573,5437,7992,8292,550,3.3,0.4,1.1,1.6,52.8,41.9,53.9,26.8,,
2708600,São Miguel Dos Campos,AL,0,43051,9015,14939,15362,1557,4.9,0.8,1.5,2.3,48.9,44.0,50.9,21.8,,
2708709,São Miguel Dos Milagres,AL,0,8255,1638,2743,3235,224,3.6,0.7,1.1,1.7,49.8,44.1,52.0,22.2,,
2708808,São Sebastião,AL,0,27082,5695,13514,5637,843,4.2,0.5,1.4,2.2,73.8,20.7,74.8,24.4,,
2708907,Satuba,AL,0,15433,2286,5435,6429,660,5.3,0.8,1.8,2.5,47.2,45.1,48.3,16.3,2704302,Maceió/AL
2708956,Senador Rui Palmeira,AL,0,9681,2230,5297,1415,263,3.8,0.4,1.1,2.1,79.5,13.3,84.1,27.6,,
2709004,Tanque D'Arca,AL,0,6000,1459,3097,982,137,3.2,0.4,0.8,1.9,79.3,15.4,83.4,27.2,,
2709103,Taquarana,AL,0,15528,3227,8217,2862,329,2.9,0.4,0.9,1.4,74.6,19.4,78.1,25.0,,
2709152,Teotônio Vilela,AL,0,31106,8312,12294,7879,1047,4.9,0.7,1.5,2.6,61.7,31.8,64.6,29.4,,
2709202,Traipu,AL,0,19176,4454,10086,3046,455,3.4,0.6,1.1,1.5,76.2,16.9,80.7,26.0,,
2709301,União Dos Palmares,AL,0,48373,10672,20994,12989,1398,4.0,0.5,1.4,1.8,60.5,33.3,62.7,25.5,,
2709400,Viçosa,AL,0,20902,4309,9372,5490,650,4.2,0.6,1.2,2.1,62.8,30.9,65.1,22.2,,
2800100,Amparo De São Francisco,SE,0,3095,544,1618,719,126,5.1,1.9,0.9,2.1,68.4,25.4,72.1,16.7,,
2800209,Aquidabã,SE,0,17283,2970,9505,3403,761,5.6,1.6,1.2,2.6,74.0,20.8,76.8,19.6,,
2800308,Aracaju,SE,1,422179,69977,181481,125252,28938,8.6,2.4,2.2,3.6,52.6,37.1,57.3,16.8,2800308,Aracaju/SE
2800407,Arauá,SE,0,9692,1778,5591,1602,362,4.8,1.9,0.8,1.9,75.7,19.5,79.0,20.4,,
2800506,Areia Branca,SE,0,15286,2275,8136,3289,726,6.0,1.6,1.3,2.8,69.3,25.2,71.7,15.8,,
2800605,Barra Dos Coqueiros,SE,0,31707,5579,14554,8676,1767,7.1,1.9,1.8,3.0,58.3,33.8,61.9,20.8,2800308,Aracaju/SE
2800670,Boquim,SE,0,22028,4192,11208,4736,959,5.7,2.0,1.2,2.4,69.5,25.5,71.8,21.2,,
2800704,Brejo Grande,SE,0,8118,1797,4448,1324,245,4.1,1.2,0.8,2.0,77.2,19.5,79.2,21.2,,
2801009,Campo Do Brito,SE,0,15710,2852,8354,3073,692,5.7,1.8,1.2,2.5,71.8,23.3,75.4,20.4,,
2801108,Canhoba,SE,0,4709,719,2880,735,206,5.4,2.4,0.8,2.1,77.7,18.1,79.8,18.6,,
2801207,Canindé De São Francisco,SE,0,24727,5840,12724,4343,951,5.3,1.4,1.3,2.5,76.2,19.8,78.2,25.6,,
2801306,Capela,SE,0,27103,5983,12998,5595,1152,5.8,1.9,1.1,2.6,67.4,26.4,70.6,22.4,,
2801405,Carira,SE,0,17134,3181,8800,3576,784,6.0,2.1,1.4,2.2,70.0,24.3,73.9,20.2,,
2801504,Carmópolis,SE,0,12534,2960,5835,2721,480,5.3,1.5,1.3,2.4,65.3,29.6,67.4,24.4,2800308,Aracaju/SE
2801603,Cedro De São João,SE,0,5345,792,2813,1353,210,4.8,1.5,1.2,1.9,67.8,27.9,68.3,15.2,,
2801702,Cristinápolis,SE,0,14633,3338,7942,2390,517,4.8,1.7,1.3,1.7,79.0,17.3,80.3,24.0,,
2801900,Cumbe,SE,0,4501,656,2100,1268,250,6.9,2.7,1.1,3.0,60.8,32.7,64.2,14.7,,
2802007,Divina Pastora,SE,0,4411,787,2569,718,166,4.8,1.9,0.9,1.9,76.4,19.3,79.1,19.7,2800308,Aracaju/SE
2802106,Estância,SE,0,50966,9999,26942,9428,2482,6.4,1.9,1.6,2.7,70.2,23.6,73.2,21.5,,
2802205,Feira Nova,SE,0,6299,829,3759,1250,224,4.3,1.3,0.8,2.0,74.7,21.0,77.7,16.1,,
2802304,Frei Paulo,SE,0,13549,2264,5974,4012,585,5.5,2.3,0.7,2.5,60.7,35.1,62.2,18.1,,
2802403,Gararu,SE,0,9619,1760,5934,1310,276,3.7,1.6,0.6,1.3,81.6,13.9,84.1,18.5,,
2802502,General Maynard,SE,0,3345,569,1874,610,179,6.7,2.2,1.1,3.0,71.8,22.1,75.3,19.6,2800308,Aracaju/SE
2802601,Graccho Cardoso,SE,0,6449,955,3961,1107,216,4.1,1.2,1.1,1.6,79.0,16.4,81.5,15.4,,
2802700,Ilha Das Flores,SE,0,7753,1626,4309,1316,214,3.7,1.3,0.7,1.6,76.8,19.5,77.9,24.4,,
2802809,Indiaroba,SE,0,13697,2962,7874,1833,528,5.2,1.9,1.0,2.2,78.3,17.1,81.3,23.2,,
2802908,Itabaiana,SE,0,76645,10580,34172,22644,4526,7.4,2.0,1.7,3.4,58.6,34.5,62.5,14.9,,
2803005,Itabaianinha,SE,0,32189,5110,15014,9418,1295,5.0,1.5,1.0,2.4,61.8,33.4,64.4,16.9,,
2803104,Itabi,SE,0,4734,813,2448,1056,208,5.6,2.1,1.1,2.1,70.3,23.8,74.2,18.0,,
2803203,Itaporanga D'Ajuda,SE,0,29786,5718,15076,5962,1507,6.7,2.3,1.1,3.1,66.7,26.5,70.7,19.9,,
2803302,Japaratuba,SE,0,14930,3149,7993,2598,607,5.4,1.7,1.0,2.6,71.8,20.7,75.6,23.3,,
2803401,Japoatã,SE,0,11510,2154,6453,2074,375,4.2,1.9,0.6,1.6,74.4,21.5,76.5,19.6,,
2803500,Lagarto,SE,0,82331,12366,43033,18660,4221,6.4,1.6,1.9,2.7,68.0,26.3,70.8,16.4,,
2803609,Laranjeiras,SE,0,22132,3944,11262,4917,977,5.7,1.9,1.2,2.3,64.3,28.9,67.0,20.0,2800308,Aracaju/SE
2803708,Macambira,SE,0,6860,1118,3653,1486,264,4.9,1.8,1.0,2.1,68.7,25.6,72.0,17.8,,
2803807,Malhada Dos Bois,SE,0,4297,867,2390,761,147,4.5,1.1,1.3,1.9,76.6,19.3,77.0,19.5,,
2803906,Malhador,SE,0,10440,1694,5681,2103,430,5.2,1.8,1.3,2.0,71.5,23.6,74.5,16.8,,
2804003,Maruim,SE,0,13208,2724,7489,2003,488,4.9,1.8,1.0,1.9,74.7,19.9,77.9,20.2,2800308,Aracaju/SE
2804102,Moita Bonita,SE,0,9837,1627,4488,2536,502,6.7,2.6,1.3,2.5,63.0,30.5,66.8,16.9,,
2804201,Monte Alegre De Sergipe,SE,0,12763,2385,6602,2894,418,4.2,1.6,1.1,1.5,71.9,24.1,74.4,19.4,,
2804300,Muribeca,SE,0,7511,1269,4045,1610,316,5.3,1.6,1.1,2.5,70.2,24.4,72.9,18.5,,
2804409,Neópolis,SE,0,14406,2914,7966,2621,448,4.1,1.6,0.8,1.6,72.9,23.0,75.2,23.5,2706703,Penedo/AL
2804458,Nossa Senhora Aparecida,SE,0,7652,1268,3666,2047,255,4.3,1.6,0.5,2.1,62.6,32.5,66.3,16.9,,
2804508,Nossa Senhora Da Glória,SE,0,30467,4539,17417,5935,1511,6.1,1.8,1.3,2.9,75.1,19.9,77.7,16.1,,
2804607,Nossa Senhora Das Dores,SE,0,21460,3391,10407,5511,989,5.8,2.4,1.1,2.3,61.4,32.1,64.5,17.3,,
2804706,Nossa Senhora De Lourdes,SE,0,6277,943,3869,1043,211,4.1,1.2,1.0,1.8,78.3,18.3,80.3,17.1,,
2804805,Nossa Senhora Do Socorro,SE,0,123924,19020,54778,36266,8076,8.2,2.0,2.0,3.8,54.7,36.7,58.0,15.5,2800308,Aracaju/SE
2804904,Pacatuba,SE,0,11850,2484,6976,1457,467,5.2,2.4,0.9,1.9,79.0,15.9,82.0,25.3,,
2805000,Pedra Mole,SE,0,3372,544,1780,748,139,5.2,2.1,0.9,1.9,69.3,25.8,73.3,16.4,,
2805109,Pedrinhas,SE,0,7917,1532,4206,1611,275,4.5,1.6,1.0,1.7,71.9,24.1,73.9,22.9,,
2805208,Pinhão,SE,0,5635,964,3166,994,245,5.6,1.8,0.8,3.0,74.3,21.0,78.9,17.9,,
2805307,Pirambu,SE,0,8575,1938,4396,1513,414,6.5,2.3,1.3,2.6,69.5,24.1,72.2,24.0,,
2805406,Poço Redondo,SE,0,22765,4683,12006,4466,815,4.7,1.7,1.1,1.9,75.4,20.1,77.8,23.1,,
2805505,Poço Verde,SE,0,19505,3672,10749,3389,943,6.2,1.9,1.6,2.6,74.5,18.6,78.0,20.4,,
2805604,Porto Da Folha,SE,0,25098,4171,14534,4396,1108,5.5,2.0,1.0,2.4,76.4,18.8,78.9,19.5,,
2805703,Propriá,SE,0,20113,3532,9437,5700,752,4.7,1.2,1.3,2.1,62.5,32.8,64.4,18.9,2805703,Propriá/SE
2805802,Riachão Do Dantas,SE,0,17768,2872,10985,2500,692,4.9,2.1,0.9,1.9,78.5,17.1,81.7,17.8,,
2805901,Riachuelo,SE,0,8232,1694,4442,1487,290,4.7,1.6,1.1,1.9,72.7,22.6,75.0,20.1,2800308,Aracaju/SE
2806008,Ribeirópolis,SE,0,14762,2588,7041,3653,622,5.5,1.4,1.2,2.8,66.1,28.2,69.8,17.1,,
2806107,Rosário Do Catete,SE,0,8984,1892,4950,1501,326,4.8,1.9,1.0,1.7,71.3,21.8,75.7,21.6,2800308,Aracaju/SE
2806206,Salgado,SE,0,17916,2894,10275,3174,813,5.7,1.6,1.1,2.8,75.0,19.8,78.4,17.0,,
2806305,Santa Luzia Do Itanhy,SE,0,12169,2674,6727,1745,448,5.0,1.9,1.1,1.9,77.6,17.6,80.7,25.2,,
2806404,Santana Do São Francisco,SE,0,6340,1266,3316,1329,179,3.7,1.4,0.8,1.5,71.6,24.0,73.7,22.4,,
2806503,Santa Rosa De Lima,SE,0,4659,766,2488,988,202,5.5,2.2,0.8,2.4,71.1,23.5,73.3,16.1,,
2806602,Santo Amaro Das Brotas,SE,0,10453,2642,5958,1186,327,4.4,1.2,1.2,1.7,81.0,15.2,82.9,26.0,,
2806701,São Cristóvão,SE,0,61859,9592,30166,15555,3515,7.1,1.9,1.8,3.2,60.9,31.1,64.4,15.5,2800308,Aracaju/SE
2806800,São Domingos,SE,0,8598,1829,3925,2066,268,4.3,1.1,1.4,1.7,66.6,30.3,68.7,24.3,,
2806909,São Francisco,SE,0,3798,596,2123,814,141,4.6,1.8,0.7,1.9,72.9,21.9,75.0,17.4,,
2807006,São Miguel Do Aleixo,SE,0,3982,634,2203,774,176,5.6,2.2,1.1,2.1,72.7,22.4,76.4,19.1,,
2807105,Simão Dias,SE,0,37093,6311,19464,7480,1795,6.2,1.6,1.5,3.0,73.3,21.1,75.6,17.4,,
2807204,Siriri,SE,0,6787,1171,3887,1202,279,5.2,2.1,0.9,2.1,72.4,22.3,75.6,18.9,2800308,Aracaju/SE
2807303,Telha,SE,0,3641,558,1935,924,114,3.8,1.2,0.8,1.7,66.4,30.2,68.1,15.2,2805703,Propriá/SE
2807402,Tobias Barreto,SE,0,42750,7016,21687,10541,1969,5.8,1.8,1.3,2.4,67.1,27.8,69.7,17.8,,
2807501,Tomar Do Geru,SE,0,10522,2156,5316,2210,381,4.8,2.0,1.2,1.5,68.8,26.6,70.5,23.4,,
2807600,Umbaúba,SE,0,19761,3605,9796,4652,876,5.7,1.8,1.2,2.6,68.3,26.4,70.7,21.3,,
2900108,Abaíra,BA,0,6761,1381,3037,1651,252,5.1,1.6,1.6,1.7,64.7,28.3,64.1,24.0,,
2900207,Abaré,BA,0,14734,2445,8618,2961,280,2.4,0.3,0.5,1.4,76.3,20.2,77.6,18.0,,
2900306,Acajutiba,BA,0,12019,2402,6512,2121,407,4.5,1.2,1.5,1.7,77.3,17.6,79.2,24.6,,
2900355,Adustina,BA,0,12402,2163,7267,1979,417,4.3,0.7,1.1,2.4,80.1,14.5,83.1,18.3,,
2900405,Água Fria,BA,0,13416,2834,7386,1964,456,4.7,1.2,0.9,2.4,78.6,16.1,82.0,25.3,,
2900504,Érico Cardoso,BA,0,8440,1972,4545,1258,270,4.5,1.6,1.0,1.6,77.7,17.3,80.7,27.6,,
2900603,Aiquara,BA,0,4318,1032,2315,753,87,2.8,0.5,0.5,1.6,73.9,21.4,75.8,25.3,,
2900702,Alagoinhas,BA,0,114417,23878,55711,23628,5300,6.3,1.6,1.7,2.7,66.5,26.0,69.4,19.9,,
2900801,Alcobaça,BA,0,19171,4321,9507,4216,491,3.5,0.6,1.1,1.6,69.2,26.4,70.8,28.2,,
2900900,Almadina,BA,0,4923,1079,2943,719,71,1.9,0.6,0.5,0.7,78.5,17.6,79.8,29.2,,
2901007,Amargosa,BA,0,28384,5554,12926,7542,887,4.2,1.1,1.2,1.8,66.7,28.8,68.8,23.7,,
2901106,Amélia Rodrigues,BA,0,19625,3800,11248,2883,769,5.2,1.5,1.3,2.1,77.5,16.5,80.3,20.6,,
2901155,América Dourada,BA,0,12503,2260,7668,1902,322,3.3,0.8,0.7,1.6,82.6,13.8,84.3,24.8,,
2901205,Anagé,BA,0,18704,3669,10800,3004,568,4.0,1.0,1.0,1.8,75.2,18.6,78.9,24.5,,
2901304,Andaraí,BA,0,9794,2112,5844,1223,221,3.0,0.6,0.8,1.5,84.8,12.2,86.5,27.8,,
2901353,Andorinha,BA,0,13508,2217,9252,1289,348,3.2,0.5,0.8,1.9,88.9,8.4,90.3,18.3,,
2901403,Angical,BA,0,12831,2410,7073,2640,401,4.0,1.4,0.9,1.5,76.6,19.7,78.7,21.3,,
2901502,Anguera,BA,0,10304,1847,6206,1553,296,3.7,1.5,0.7,1.4,82.2,14.4,84.1,20.3,,
2901601,Antas,BA,0,10594,2004,5290,2611,318,3.9,0.6,1.1,2.1,70.1,24.1,69.5,22.9,,
2901700,Antônio Cardoso,BA,0,12130,2105,7868,1415,298,3.1,1.5,0.4,1.2,88.3,8.6,89.7,15.7,,
2901809,Antônio Gonçalves,BA,0,8672,1602,5000,1568,227,3.3,1.0,1.0,1.2,75.3,20.9,77.8,23.2,,
2901908,Aporá,BA,0,14198,2814,7517,2718,428,4.0,1.5,0.9,1.5,76.7,17.2,79.2,26.6,,
2901957,Apuarema,BA,0,6358,1373,3060,1452,213,4.5,1.0,0.7,2.6,70.3,25.3,72.9,21.1,,
2902005,Aracatu,BA,0,12568,2069,7400,2292,371,3.7,1.1,0.8,1.8,78.2,18.2,80.1,14.4,,
2902054,Araçás,BA,0,10800,2534,6357,1239,259,3.3,0.7,1.1,1.4,79.6,15.9,80.2,20.7,,
2902104,Araci,BA,0,40272,8486,24425,4872,1116,3.7,0.7,0.8,2.0,82.1,12.9,85.3,29.4,,
2902203,Aramari,BA,0,9785,2094,6003,1026,223,3.1,0.8,0.6,1.6,82.9,11.9,85.5,19.9,,
2902252,Arataca,BA,0,6559,1624,3188,1388,152,3.2,0.6,0.9,1.5,69.1,25.7,70.7,25.9,,
2902302,Aratuípe,BA,0,8424,1767,4711,1325,261,4.1,1.5,0.7,1.8,79.6,15.6,81.5,22.8,,
2902401,Aurelino Leal,BA,0,9612,2393,4612,1927,330,4.8,1.1,0.9,2.6,72.0,22.9,74.8,25.7,2932200,Ubaitaba - Aurelino Leal/BA
2902500,Baianópolis,BA,0,12451,2334,5937,3286,421,4.4,1.4,0.7,2.1,73.3,22.3,74.6,20.7,,
2902609,Baixa Grande,BA,0,15480,3320,8040,2989,377,3.3,0.9,0.9,1.4,69.0,25.3,71.6,28.0,,
2902658,Banzaê,BA,0,10902,2142,6255,1839,331,3.9,1.0,0.9,1.9,76.7,17.8,78.6,19.0,,
2902708,Barra,BA,0,37117,7889,22029,5261,829,3.0,0.7,0.8,1.3,80.8,15.2,82.2,27.7,,
2902807,Barra Da Estiva,BA,0,21065,2761,10707,5674,840,4.9,0.7,1.4,2.7,74.3,21.2,75.5,16.2,,
2902906,Barra Do Choça,BA,0,28911,5623,15560,5298,1117,5.1,1.0,1.2,2.7,76.9,17.5,79.0,24.5,,
2903003,Barra Do Mendes,BA,0,12115,2196,7970,1137,387,4.1,0.6,1.0,2.4,87.5,8.6,90.1,22.9,,
2903102,Barra Do Rocha,BA,0,4427,1177,1994,983,146,4.7,1.4,0.9,2.1,64.1,29.0,67.2,27.0,,
2903201,Barreiras,BA,0,109227,20368,43434,37394,4922,5.7,1.5,1.7,2.4,58.0,36.6,59.5,17.9,,
2903235,Barro Alto,BA,0,11523,2091,6560,1966,530,5.8,0.9,1.1,3.7,79.0,15.2,82.3,20.9,,
2903276,Barrocas,BA,0,14895,2504,9074,2245,565,4.8,0.9,1.4,2.3,83.3,12.5,84.6,17.8,,
2903300,Barro Preto,BA,0,5763,1232,2978,1109,186,4.3,1.0,1.0,2.2,71.2,22.3,73.9,25.6,,
2903409,Belmonte,BA,0,14778,3348,7238,3246,443,4.0,1.1,1.1,1.6,68.1,27.4,70.3,27.3,,
2903508,Belo Campo,BA,0,15726,3179,8380,3066,509,4.3,1.1,1.4,1.6,74.3,20.9,76.9,26.0,,
2903607,Biritinga,BA,0,13259,2680,8240,1376,328,3.3,0.9,0.8,1.5,84.9,11.0,87.5,20.1,,
2903706,Boa Nova,BA,0,13066,3535,7150,1440,391,4.3,0.9,1.4,1.9,83.3,11.7,86.3,35.1,,
2903805,Boa Vista Do Tupim,BA,0,14089,2981,6856,3177,381,3.7,1.5,0.6,1.4,72.0,23.1,72.4,24.2,,
2903904,Bom Jesus Da Lapa,BA,0,48946,8948,28130,8683,1578,4.1,1.0,1.2,1.8,76.2,19.7,78.1,23.8,,
2903953,Bom Jesus Da Serra,BA,0,9372,2230,5574,953,274,4.0,1.4,0.9,1.6,85.2,10.5,88.0,29.6,,
2904001,Boninal,BA,0,10945,2326,5416,2429,229,2.8,0.6,0.7,1.4,71.1,24.9,72.2,26.0,,
2904050,Bonito,BA,0,12270,2090,7146,2028,468,4.8,1.1,1.3,2.4,81.3,14.6,83.1,24.3,,
2904100,Boquira,BA,0,16616,3800,10524,1387,321,2.6,0.6,0.8,1.1,89.7,7.5,91.6,27.3,,
2904209,Botuporã,BA,0,9465,2025,5199,1506,312,4.5,1.1,1.6,1.6,81.4,14.1,83.6,27.8,,
2904308,Brejões,BA,0,10919,2197,5782,2146,304,3.7,1.2,0.8,1.5,72.2,23.0,74.4,27.6,2904308,Brejões - Nova Itarana/BA
2904407,Brejolândia,BA,0,8415,1975,3829,2092,218,3.5,1.4,0.8,1.2,70.5,24.1,73.0,25.2,,
2904506,Brotas De Macaúbas,BA,0,9505,1653,5353,1805,324,4.3,0.9,1.6,1.6,75.5,19.3,77.9,23.4,,
2904605,Brumado,BA,0,53467,8694,27162,13281,2124,5.0,1.0,1.5,2.3,67.8,27.4,69.6,15.4,,
2904704,Buerarema,BA,0,13021,3132,4039,4796,443,4.8,1.6,1.3,1.5,39.0,53.4,40.4,25.3,,
2904753,Buritirama,BA,0,15728,3309,8642,2901,354,3.0,0.9,0.7,1.3,77.0,17.8,79.0,27.2,,
2904803,Caatiba,BA,0,5851,1201,2687,1522,229,5.2,1.5,1.2,2.3,66.4,27.5,69.2,28.4,,
2904852,Cabaceiras Do Paraguaçu,BA,0,14433,2981,8550,1932,412,3.8,1.2,0.7,1.8,83.1,12.2,85.5,20.6,,
2904902,Cachoeira,BA,0,26041,5156,15771,3319,785,4.0,1.3,0.9,1.5,81.5,13.9,83.5,22.4,2904902,Cachoeira - Muritiba - Governador Mangabeira/BA
2905008,Caculé,BA,0,18021,2908,9136,4447,706,4.9,1.0,1.5,2.3,69.8,24.1,71.8,19.4,,
2905107,Caem,BA,0,8150,1654,4964,1082,186,3.0,0.8,0.6,1.5,81.5,13.9,84.4,22.0,,
2905156,Caetanos,BA,0,11192,2549,7101,1068,207,2.5,0.6,0.4,1.4,87.3,9.6,89.3,26.1,,
2905206,Caetité,BA,0,42181,7284,23679,7558,1817,5.5,1.1,1.4,2.8,77.3,17.8,80.0,18.0,,
2905305,Cafarnaum,BA,0,14513,2572,7525,3231,473,4.2,1.2,0.8,2.1,73.3,22.1,75.3,23.5,,
2905404,Cairu,BA,0,15480,3354,6883,3880,672,5.9,1.5,1.0,3.1,64.5,30.3,65.8,19.9,,
2905503,Caldeirão Grande,BA,0,10361,2192,5292,2218,274,3.5,1.1,0.9,1.4,79.5,15.5,75.2,27.0,,
2905602,Camacan,BA,0,17301,3673,7078,5250,637,4.9,1.3,1.6,1.9,57.9,35.8,60.6,26.1,,
2905701,Camaçari,BA,0,210762,43759,96949,48036,10942,7.0,1.7,1.9,3.2,64.8,27.8,67.2,17.2,2927408,Salvador/BA
2905800,Camamu,BA,0,24576,5981,10402,6073,991,5.7,2.0,0.8,2.8,63.9,29.7,66.6,31.0,,
2905909,Campo Alegre De Lourdes,BA,0,23549,4384,14703,3448,497,2.7,0.4,0.7,1.4,82.6,14.1,84.5,28.9,,
2906006,Campo Formoso,BA,0,57975,10101,29443,13710,1964,4.3,1.1,1.0,2.1,71.1,23.2,71.2,20.7,,
2906105,Canápolis,BA,0,8772,1566,5127,1559,243,3.5,1.3,1.0,1.1,79.9,17.0,81.6,22.5,,
2906204,Canarana,BA,0,20021,3583,11513,3640,622,3.9,0.7,1.0,2.2,78.4,16.9,80.5,21.7,,
2906303,Canavieiras,BA,0,25424,6796,10555,6239,873,4.9,1.3,1.2,2.2,63.2,30.4,65.5,27.0,,
2906402,Candeal,BA,0,7799,1243,4655,1385,161,2.6,1.1,0.5,0.9,76.8,19.2,79.5,17.9,,
2906501,Candeias,BA,0,64825,13997,37343,8127,2572,5.3,1.2,1.3,2.7,80.1,14.9,82.3,19.8,2927408,Salvador/BA
2906600,Candiba,BA,0,11498,2169,6160,2301,379,4.3,0.5,1.0,2.6,76.4,19.6,78.0,18.5,,
2906709,Cândido Sales,BA,0,20878,4571,10888,4302,552,3.5,0.7,1.0,1.8,70.6,24.4,73.7,23.4,,
2906808,Cansanção,BA,0,28890,5034,18443,3838,700,3.0,0.5,0.5,2.0,84.5,12.0,86.1,23.7,,
2906824,Canudos,BA,0,13077,2314,8248,1802,282,2.7,0.4,1.0,1.2,81.9,14.7,84.4,23.5,,
2906857,Capela Do Alto Alegre,BA,0,9756,1741,5263,1941,375,5.0,1.6,1.0,2.2,72.6,21.7,76.0,23.3,,
2906873,Capim Grosso,BA,0,24872,4561,11210,7103,930,4.8,1.0,1.3,2.5,64.5,30.0,66.3,23.4,,
2906899,Caraíbas,BA,0,8699,1829,4610,1687,290,4.4,1.1,0.9,2.2,74.6,18.6,78.0,26.6,,
2906907,Caravelas,BA,0,16260,3940,7550,3746,450,3.8,0.9,1.1,1.6,66.2,29.3,67.8,26.1,,
2907004,Cardeal Da Silva,BA,0,8041,1989,4771,763,154,2.7,0.6,0.5,1.5,87.5,9.2,89.4,27.2,,
2907103,Carinhanha,BA,0,22328,4013,10479,6390,620,3.5,0.9,0.9,1.6,66.0,29.2,67.6,24.4,,
2907202,Casa Nova,BA,0,57206,10148,32772,10605,1660,3.7,0.4,0.9,2.3,78.2,18.5,80.0,18.9,,
2907301,Castro Alves,BA,0,22931,3774,13426,3908,891,4.9,1.7,1.0,2.1,80.7,15.6,82.5,21.8,,
2907400,Catolândia,BA,0,4177,831,2197,890,167,5.1,1.4,1.0,2.6,78.5,17.9,79.2,18.1,,
2907509,Catu,BA,0,41271,7683,23954,5781,1476,4.7,0.9,1.4,2.4,76.0,17.7,78.7,20.3,,
2907558,Caturama,BA,0,7298,1453,4386,942,212,3.8,1.2,1.2,1.3,83.6,11.9,86.0,25.6,,
2907608,Central,BA,0,13497,2357,8102,2202,350,3.3,0.8,0.8,1.5,78.7,16.6,80.8,21.5,,
2907707,Chorrochó,BA,0,9081,1690,5965,1058,163,2.3,0.5,0.5,1.2,83.7,12.7,86.2,23.8,,
2907806,Cícero Dantas,BA,0,26260,5264,13507,5530,882,4.4,1.0,1.3,2.0,75.1,20.2,77.4,24.4,,
2907905,Cipó,BA,0,15277,3279,7344,3584,437,3.9,0.9,1.0,1.8,67.0,28.0,69.5,25.5,,
2908002,Coaraci,BA,0,15399,3326,7053,3954,503,4.4,1.4,1.1,1.7,65.3,29.5,66.8,28.6,,
2908101,Cocos,BA,0,16368,3649,7462,4354,413,3.4,1.0,0.8,1.5,67.8,28.7,69.7,23.0,,
2908200,Conceição Da Feira,BA,0,17483,3112,9602,2979,724,5.4,1.7,1.0,2.6,77.9,17.2,79.8,18.4,,
2908309,Conceição Do Almeida,BA,0,14213,2164,8790,2256,354,3.1,1.2,0.5,1.3,81.9,14.6,83.7,20.9,2908309,Conceição do Almeida - Sapeaçu/BA
2908408,Conceição Do Coité,BA,0,54576,8227,25726,16231,1762,4.0,0.8,1.2,1.9,63.0,32.1,63.7,18.5,,
2908507,Conceição Do Jacuípe,BA,0,29454,6328,13822,6321,1496,6.9,1.8,1.6,3.2,70.7,22.8,73.4,19.3,,
2908606,Conde,BA,0,19016,4261,10501,3043,473,3.4,0.8,0.9,1.6,76.8,18.2,79.3,25.9,,
2908705,Condeúba,BA,0,15144,3697,7133,3077,530,4.9,1.0,1.2,2.5,68.3,25.0,71.4,28.9,,
2908804,Contendas Do Sincorá,BA,0,4520,828,2469,959,113,3.2,0.6,0.6,1.8,75.2,19.6,78.1,19.8,,
2908903,Coração De Maria,BA,0,22538,4145,13081,3396,774,4.5,1.1,1.0,2.1,80.8,14.9,82.7,20.7,,
2909000,Cordeiros,BA,0,7148,1720,2886,1972,296,5.7,1.4,1.6,2.6,64.1,29.0,65.8,29.1,,
2909109,Coribe,BA,0,12810,3259,6041,2656,354,3.9,1.7,0.9,1.2,74.4,21.9,75.7,22.5,,
2909208,Coronel João Sá,BA,0,15065,2859,8067,3143,440,3.8,0.8,0.9,2.0,78.9,16.5,81.5,18.1,,
2909307,Correntina,BA,0,28078,5913,13258,6535,1258,6.0,3.2,1.0,1.6,73.9,21.6,75.3,25.8,,
2909406,Cotegipe,BA,0,11726,2466,6465,2269,319,3.5,1.5,0.8,1.2,80.0,17.1,80.8,24.6,,
2909505,Cravolândia,BA,0,4632,991,2704,636,103,3.0,0.6,1.1,1.2,81.5,14.5,84.4,27.6,,
2909604,Crisópolis,BA,0,16673,3576,9900,2227,374,3.0,0.7,1.0,1.2,83.5,12.4,85.5,31.0,,
2909703,Cristópolis,BA,0,12379,2419,6168,2967,352,3.7,1.4,0.8,1.3,72.3,22.6,75.9,23.5,,
2909802,Cruz Das Almas,BA,0,49209,7931,25171,12166,1867,4.8,1.4,1.2,2.1,67.2,27.4,69.5,15.4,,
2909901,Curaçá,BA,0,27548,4406,16607,4866,881,3.9,0.5,1.1,2.3,78.8,17.2,81.1,21.5,,
2910008,Dário Meira,BA,0,8515,1972,4661,1413,204,3.2,0.6,1.0,1.5,75.5,19.3,79.2,25.0,,
2910057,Dias D'Ávila,BA,0,53134,11878,26217,9615,2669,6.9,1.6,2.0,3.2,72.0,21.3,74.8,21.3,2927408,Salvador/BA
2910107,Dom Basílio,BA,0,10634,1484,6829,1680,309,3.5,1.0,0.9,1.5,85.3,11.5,86.7,16.6,,
2910206,Dom Macedo Costa,BA,0,4864,890,2216,1306,215,5.8,2.6,1.1,2.0,71.5,23.5,72.2,16.3,,
2910305,Elísio Medrado,BA,0,7650,1467,3821,1724,209,3.6,1.0,0.9,1.6,72.7,23.1,75.4,24.8,,
2910404,Encruzilhada,BA,0,15576,3602,8129,2998,345,3.0,0.5,0.7,1.7,72.2,22.7,75.0,24.0,,
2910503,Entre Rios,BA,0,31166,7392,16289,4888,1022,4.6,1.0,1.1,2.4,77.1,17.9,79.5,28.1,,
2910602,Esplanada,BA,0,26991,5608,14763,4667,765,3.8,1.0,0.9,1.8,77.4,18.2,79.3,23.3,,
2910701,Euclides Da Cunha,BA,0,45601,8421,27308,6876,1379,3.9,0.8,1.2,1.8,80.5,15.0,83.1,23.6,,
2910727,Eunápolis,BA,0,83372,18743,28976,28359,4080,6.6,1.4,1.9,3.2,51.4,42.3,53.5,22.2,,
2910750,Fátima,BA,0,15318,2517,9758,2004,437,3.6,0.6,1.4,1.4,83.3,11.7,85.9,22.8,,
2910776,Feira Da Mata,BA,0,5181,1045,2409,1488,140,3.5,1.3,0.6,1.4,62.9,33.6,64.6,24.4,,
2910800,Feira De Santana,BA,0,435631,74984,194272,121727,24032,7.1,2.4,1.7,2.8,61.7,31.2,64.0,15.1,,
2910859,Filadélfia,BA,0,15281,2722,8554,3021,417,3.5,0.8,1.0,1.6,74.4,20.6,76.1,25.5,,
2910909,Firmino Alves,BA,0,5527,1510,2361,1311,148,3.9,1.1,0.5,2.2,67.5,28.4,68.7,28.2,,
2911006,Floresta Azul,BA,0,7825,1709,4089,1483,266,4.6,0.9,1.1,2.3,74.2,21.0,76.7,26.5,,
2911105,Formosa Do Rio Preto,BA,0,20786,4036,9366,6090,650,4.0,1.4,0.9,1.7,69.9,25.6,71.5,23.0,,
2911204,Gandu,BA,0,23509,4620,9997,6926,880,4.9,1.6,1.1,2.0,60.9,33.9,63.5,21.5,,
2911253,Gavião,BA,0,4375,805,2055,1038,205,6.2,1.4,0.9,3.7,69.5,23.9,72.4,23.9,,
2911303,Gentio Do Ouro,BA,0,9718,1588,6148,1559,219,2.8,0.8,0.6,1.3,83.7,13.1,85.8,18.6,,
2911402,Glória,BA,0,13025,2617,8557,1201,241,2.4,0.6,0.8,1.0,86.9,10.2,88.6,24.4,,
2911501,Gongogi,BA,0,5380,1638,2633,779,147,4.1,1.1,0.8,2.1,75.3,20.1,77.6,28.7,,
2911600,Governador Mangabeira,BA,0,19120,4145,10179,3126,742,5.3,2.5,0.8,1.8,78.1,15.4,79.4,20.6,2904902,Cachoeira - Muritiba - Governador Mangabeira/BA
2911659,Guajeru,BA,0,6431,1580,3739,713,221,4.7,1.2,0.7,2.6,85.5,10.6,87.6,33.7,,
2911709,Guanambi,BA,0,67489,12072,30792,18945,2825,5.4,1.0,1.4,2.8,64.4,30.7,65.5,15.8,,
2911808,Guaratinga,BA,0,15720,3810,7102,3745,427,3.8,0.9,0.9,1.6,68.1,27.2,71.0,28.0,,
2911857,Heliópolis,BA,0,12729,2660,7776,1500,447,4.6,0.8,2.0,1.7,83.8,10.0,87.3,20.2,,
2911907,Iaçu,BA,0,20513,4674,11219,3300,459,3.1,1.0,0.8,1.2,79.4,16.8,81.6,32.8,,
2912004,Ibiassucê,BA,0,8476,1395,4318,2103,314,4.7,1.1,1.2,2.2,67.5,26.3,68.0,22.6,,
2912103,Ibicaraí,BA,0,17862,3756,8105,4725,625,4.7,1.2,1.0,2.3,63.0,31.3,64.8,25.5,,
2912202,Ibicoara,BA,0,15956,2633,7385,4432,596,4.8,0.8,1.0,2.9,67.5,28.0,69.2,18.4,,
2912301,Ibicuí,BA,0,11456,2555,5319,2714,409,4.8,0.9,1.3,2.5,70.6,24.6,72.1,24.4,,
2912400,Ibipeba,BA,0,13655,2215,8605,2014,420,3.8,0.6,1.0,2.1,84.1,12.9,86.1,20.3,,
2912509,Ibipitanga,BA,0,13075,2836,6281,2981,527,5.4,0.6,1.0,3.8,73.9,22.1,76.2,28.6,,
2912608,Ibiquera,BA,0,4187,997,2387,571,87,2.9,1.0,0.4,1.4,82.4,12.2,85.1,23.9,,
2912707,Ibirapitanga,BA,0,14359,3401,7118,2928,437,4.2,1.1,0.9,2.0,71.2,23.3,74.3,24.1,,
2912806,Ibirapuã,BA,0,7516,1385,2948,2772,169,2.9,0.6,0.9,1.2,52.3,44.4,53.3,22.1,,
2912905,Ibirataia,BA,0,16014,4028,6782,3886,562,5.0,1.4,1.3,2.1,62.3,31.2,65.6,25.4,,
2913002,Ibitiara,BA,0,12093,2587,6428,2153,440,4.9,1.1,0.8,2.9,76.7,18.8,78.6,20.3,,
2913101,Ibititá,BA,0,15648,2328,9615,2801,463,3.6,0.8,0.9,1.9,81.1,15.0,82.9,17.4,,
2913200,Ibotirama,BA,0,21431,4191,10583,5506,558,3.4,0.7,1.2,1.3,69.2,27.2,69.9,22.3,,
2913309,Ichu,BA,0,6009,885,3638,1021,262,5.3,0.6,2.1,2.5,77.1,18.6,79.0,16.2,,
2913408,Igaporã,BA,0,12265,2384,7336,1681,361,3.9,1.1,0.9,1.8,85.5,10.9,87.2,17.7,,
2913457,Igrapiúna,BA,0,9050,1845,4697,1732,325,4.8,1.4,0.8,2.4,73.5,19.9,76.3,32.5,,
2913507,Iguaí,BA,0,17709,4626,7300,4409,543,4.4,1.1,1.2,2.0,66.4,29.4,68.6,31.8,,
2913606,Ilhéus,BA,0,130310,26740,55886,35875,6582,6.7,1.9,1.8,2.7,57.9,34.1,61.1,19.1,,
2913705,Inhambupe,BA,0,27722,5754,15026,4765,817,4.0,1.1,1.0,1.6,76.9,17.8,79.4,24.4,,
2913804,Ipecaetá,BA,0,15029,3038,8661,2350,400,3.5,1.4,0.7,1.3,80.8,14.9,82.6,19.1,,
2913903,Ipiaú,BA,0,32735,7546,14346,8128,1327,5.6,1.3,1.4,2.6,64.8,30.2,67.0,21.8,,
2914000,Ipirá,BA,0,47871,10823,25020,8255,1538,4.4,1.5,1.1,1.7,78.0,16.9,80.3,20.9,,
2914109,Ipupiara,BA,0,8953,1459,4551,2265,336,4.7,0.9,1.1,2.6,70.5,25.1,68.6,21.0,,
2914208,Irajuba,BA,0,5507,1261,2944,927,132,3.3,0.7,1.0,1.4,77.7,19.0,80.5,23.2,,
2914307,Iramaia,BA,0,8556,1594,5071,1393,184,2.8,0.5,0.7,1.6,78.3,18.0,79.2,27.0,,
2914406,Iraquara,BA,0,19044,3237,12559,2077,544,3.6,0.7,0.9,1.9,88.3,9.0,89.7,18.9,,
2914505,Irará,BA,0,25619,5092,14354,4007,981,5.1,1.5,0.9,2.4,77.2,16.9,79.8,23.8,,
2914604,Irecê,BA,0,51249,8458,25731,12777,2171,5.3,0.8,1.5,2.8,69.7,25.4,71.6,16.1,,
2914653,Itabela,BA,0,22120,5561,7623,7069,832,5.4,1.1,1.6,2.5,60.6,35.2,62.3,30.9,,
2914703,Itaberaba,BA,0,48749,8411,25880,10089,2098,5.5,1.6,1.4,2.3,71.7,22.7,74.0,19.2,,
2914802,Itabuna,BA,0,141524,26518,55379,47182,7315,6.7,1.9,1.8,2.6,50.0,41.4,52.9,24.8,,
2914901,Itacaré,BA,0,19616,4860,9700,3841,516,3.7,0.9,1.1,1.5,72.4,24.1,73.7,24.4,,
2915007,Itaeté,BA,0,11361,2735,5470,2433,189,2.3,0.7,0.6,1.0,70.8,26.1,71.1,27.8,,
2915106,Itagi,BA,0,10639,2589,5103,2238,283,3.7,1.2,0.7,1.7,68.0,27.0,67.5,25.9,,
2915205,Itagibá,BA,0,13131,2987,5834,3250,494,5.2,1.1,1.1,2.8,66.9,28.6,68.2,23.8,,
2915304,Itagimirim,BA,0,6636,1773,2829,1530,270,5.8,0.8,1.3,3.5,66.6,27.5,69.3,26.6,,
2915353,Itaguaçu Da Bahia,BA,0,10842,1999,7403,1098,158,1.8,0.4,0.6,0.8,83.8,13.3,84.8,23.1,,
2915403,Itaju Do Colônia,BA,0,6225,1536,2862,1560,118,2.6,0.8,0.8,0.9,57.8,37.9,58.9,26.1,,
2915502,Itajuípe,BA,0,16067,3295,7925,3662,594,4.9,1.1,1.4,2.2,66.6,28.3,68.2,26.5,,
2915601,Itamaraju,BA,0,45999,10480,15069,17365,1171,3.5,0.9,1.0,1.4,49.1,46.2,50.2,25.2,,
2915700,Itamari,BA,0,6100,1404,2809,1437,182,4.1,0.9,0.8,2.4,67.9,27.2,69.1,27.8,,
2915809,Itambé,BA,0,17831,3755,9029,3903,581,4.3,1.1,1.3,1.9,68.7,26.0,71.3,27.5,,
2915908,Itanagra,BA,0,6668,1764,3565,930,173,3.7,1.2,1.1,1.3,80.2,15.7,82.5,26.7,,
2916005,Itanhém,BA,0,14916,3982,5976,3918,474,4.6,0.9,1.1,2.4,62.2,32.5,64.4,30.4,,
2916104,Itaparica,BA,0,20044,4245,11792,2680,552,3.7,1.3,0.7,1.5,78.2,17.3,79.9,19.2,2933208,Vera Cruz - Itaparica/BA
2916203,Itapé,BA,0,8428,1876,3650,2296,253,4.1,0.9,1.2,1.8,64.0,30.8,65.8,29.4,,
2916302,Itapebi,BA,0,8383,2502,4091,1380,177,3.1,0.6,1.0,1.5,73.2,22.6,75.2,27.4,,
2916401,Itapetinga,BA,0,48314,9624,19382,15640,1754,4.8,1.1,1.4,2.1,51.6,42.6,53.0,22.4,,
2916500,Itapicuru,BA,0,23461,4266,14089,3348,714,3.9,1.2,0.7,1.8,81.8,13.5,84.0,28.3,,
2916609,Itapitanga,BA,0,5934,1228,3139,1216,170,3.8,1.1,1.1,1.4,71.2,24.1,73.9,31.0,,
2916708,Itaquara,BA,0,6754,1630,3304,1379,159,3.3,0.9,0.6,1.6,74.2,21.6,76.3,23.9,,
2916807,Itarantim,BA,0,13931,3067,5837,4151,361,3.5,0.8,0.8,1.7,60.2,35.7,61.1,25.4,,
2916856,Itatim,BA,0,12954,2245,6602,3041,461,4.6,1.1,1.2,2.2,70.3,24.6,72.5,21.6,,
2916906,Itiruçu,BA,0,8937,1862,4697,1741,197,3.0,0.6,0.9,1.4,71.8,23.4,74.5,25.4,,
2917003,Itiúba,BA,0,27758,5177,15207,5709,736,3.4,0.7,0.8,1.8,71.7,23.7,74.1,27.6,,
2917102,Itororó,BA,0,16355,3731,7257,4167,572,4.8,0.8,1.4,2.4,63.1,31.6,65.3,27.6,,
2917201,Ituaçu,BA,0,15600,2852,7396,4012,555,4.6,0.8,1.0,2.6,69.5,25.1,71.0,19.5,,
2917300,Ituberá,BA,0,17839,3937,7615,4802,645,4.9,1.3,1.3,2.1,60.4,33.7,62.5,30.8,,
2917334,Iuiu,BA,0,8643,1625,4935,1571,258,3.8,0.8,0.9,2.0,79.7,17.5,81.3,23.6,,
2917359,Jaborandi,BA,0,10158,2413,4868,2144,358,4.9,2.4,0.8,1.4,75.2,21.4,76.7,20.9,,
2917409,Jacaraci,BA,0,11808,2433,6713,1875,394,4.4,0.9,1.4,2.1,79.3,16.3,81.9,26.6,,
2917508,Jacobina,BA,0,61665,12254,31691,12630,2538,5.4,1.5,1.2,2.5,71.2,23.6,73.4,19.4,,
2917607,Jaguaquara,BA,0,35855,8050,16206,8548,1150,4.4,1.0,1.1,2.2,67.6,28.3,69.7,22.5,,
2917706,Jaguarari,BA,0,23294,3857,13404,4249,824,4.5,0.9,1.5,1.9,73.3,20.2,76.4,20.1,,
2917805,Jaguaripe,BA,0,15393,3098,8755,2345,469,4.0,1.6,0.6,1.7,79.3,15.8,81.9,21.5,,
2917904,Jandaíra,BA,0,9074,1950,5476,1165,206,3.0,0.4,0.7,1.8,81.4,14.5,83.0,29.0,,
2918001,Jequié,BA,0,119040,21722,53993,31824,5908,6.4,1.7,1.8,2.7,62.1,31.3,64.5,18.2,,
2918100,Jeremoabo,BA,0,29071,5049,17774,4724,601,2.6,0.7,0.8,1.1,81.0,15.0,83.3,21.8,,
2918209,Jiquiriçá,BA,0,11479,2186,6026,2163,528,6.1,1.4,1.0,3.4,76.5,18.5,79.1,24.5,,
2918308,Jitaúna,BA,0,12992,2868,6894,2359,361,3.8,0.9,0.8,1.8,71.7,23.6,75.0,21.6,,
2918357,João Dourado,BA,0,19862,3626,9545,5456,653,4.2,0.8,1.0,2.3,65.2,30.3,67.3,23.9,,
2918407,Juazeiro,BA,0,165666,28726,83457,42135,6256,4.7,0.7,1.6,2.3,65.3,29.6,67.0,16.4,2611101,Petrolina/PE - Juazeiro/BA
2918456,Jucuruçu,BA,0,8448,1972,3830,1999,229,3.8,0.9,0.6,2.1,68.3,25.8,70.9,25.7,,
2918506,Jussara,BA,0,14126,2570,9304,1475,290,2.6,0.6,0.8,1.2,89.0,8.0,90.1,22.3,,
2918555,Jussari,BA,0,4647,1003,2342,1061,64,1.9,0.6,0.3,0.8,63.4,32.4,64.1,30.6,,
2918605,Jussiape,BA,0,6499,1073,3588,1358,181,3.5,1.0,0.9,1.6,75.2,19.5,77.2,21.7,,
2918704,Lafaiete Coutinho,BA,0,4471,846,2406,849,144,4.2,1.5,0.9,1.6,79.4,16.3,81.5,14.3,,
2918753,Lagoa Real,BA,0,10624,1637,6533,1653,333,3.9,0.8,1.1,1.9,82.8,12.3,85.4,21.4,,
2918803,Laje,BA,0,20749,4190,10552,4467,561,3.6,0.9,0.7,1.9,72.7,23.5,75.3,23.0,,
2918902,Lajedão,BA,0,4258,1057,1682,1291,101,3.3,0.8,0.7,1.7,59.3,37.0,60.3,30.5,,
2919009,Lajedinho,BA,0,3619,784,2091,548,77,2.8,0.7,0.6,1.5,80.5,15.7,82.3,22.1,,
2919058,Lajedo Do Tabocal,BA,0,6287,1262,3532,927,238,5.1,1.2,1.0,2.8,79.6,16.4,81.7,24.2,,
2919108,Lamarão,BA,0,8523,1963,5344,741,155,2.5,0.7,0.6,1.2,87.7,9.2,88.8,29.1,,
2919157,Lapão,BA,0,22037,3270,13144,4265,657,3.6,0.8,0.8,2.0,78.0,18.7,79.9,19.2,,
2919207,Lauro De Freitas,BA,0,163871,37542,70481,39471,9393,7.9,2.2,2.2,3.2,63.4,28.9,66.4,21.3,2927408,Salvador/BA
2919306,Lençóis,BA,0,7895,1741,4676,1037,198,3.4,0.7,0.9,1.7,83.5,13.7,85.2,23.9,,
2919405,Licínio De Almeida,BA,0,10121,1634,5512,2257,316,3.9,0.5,1.4,1.8,73.2,23.0,73.8,20.7,,
2919504,Livramento De Nossa Senhora,BA,0,34703,5320,19442,7513,1122,4.0,0.6,1.2,2.1,75.7,20.2,78.0,20.2,,
2919553,Luís Eduardo Magalhães,BA,0,81123,17190,20173,38496,3392,5.5,1.1,1.8,2.5,41.4,54.0,41.4,21.1,,
2919603,Macajuba,BA,0,10033,2569,5188,1598,218,3.1,1.3,0.6,1.1,75.0,20.1,77.7,29.9,,
2919702,Macarani,BA,0,12841,3171,5105,3536,360,4.0,0.9,1.0,2.0,59.6,35.4,61.3,29.5,,
2919801,Macaúbas,BA,0,32963,6749,17101,6619,1075,4.3,0.9,1.1,2.2,77.9,17.5,79.5,26.4,,
2919900,Macururé,BA,0,6566,1236,4260,738,163,3.2,0.8,0.7,1.6,83.2,11.9,86.3,23.2,,
2919926,Madre De Deus,BA,0,17110,3378,10107,2471,673,5.1,1.2,1.4,2.3,78.3,16.9,80.3,15.5,2927408,Salvador/BA
2919959,Maetinga,BA,0,6722,1736,3366,1145,200,4.2,1.0,0.9,2.3,75.8,17.5,79.2,34.3,,
2920007,Maiquinique,BA,0,7260,1575,2889,2275,196,3.7,0.9,0.8,1.8,60.7,35.5,61.6,25.4,,
2920106,Mairi,BA,0,13826,3011,7520,2232,366,3.6,1.1,0.6,1.7,75.4,19.5,78.0,26.8,,
2920205,Malhada,BA,0,13151,2442,6864,3149,286,2.8,0.6,0.8,1.3,71.0,25.7,72.7,24.6,,
2920304,Malhada De Pedras,BA,0,7896,1412,4197,1791,201,3.2,0.9,0.7,1.5,72.3,23.7,74.2,16.3,,
2920403,Manoel Vitorino,BA,0,13181,2647,7696,1951,513,5.0,0.8,1.6,2.5,80.9,14.6,83.9,21.4,,
2920452,Mansidão,BA,0,10491,3203,5720,1163,169,2.4,1.1,0.5,0.7,80.2,14.8,83.3,32.7,,
2920502,Maracás,BA,0,21719,4747,10774,4379,822,5.2,1.0,1.2,2.8,76.5,18.6,78.7,26.4,,
2920601,Maragogipe,BA,0,34902,6111,21252,5197,1004,3.7,1.5,0.8,1.2,79.6,15.8,81.1,20.5,,
2920700,Maraú,BA,0,16481,3999,8455,2857,530,4.5,1.2,0.9,2.2,75.6,19.2,78.2,27.0,,
2920809,Marcionílio Souza,BA,0,7767,1707,4348,1235,159,2.8,0.6,0.4,1.7,79.0,17.8,81.0,26.9,,
2920908,Mascote,BA,0,9177,2205,4564,1879,243,3.6,0.7,1.0,1.9,72.2,23.4,74.2,31.0,,
2921005,Mata De São João,BA,0,43098,9217,22616,7239,1776,5.6,1.5,1.3,2.6,75.8,19.2,77.5,22.9,2927408,Salvador/BA
2921054,Matina,BA,0,9556,1923,5861,1157,222,3.1,0.8,0.8,1.4,87.5,9.4,89.3,21.1,,
2921104,Medeiros Neto,BA,0,18663,4041,7356,5924,566,4.1,0.8,1.2,1.9,59.3,37.3,59.6,24.7,,
2921203,Miguel Calmon,BA,0,19996,3995,9764,4617,670,4.5,1.6,0.9,1.9,69.3,25.9,71.5,26.8,,
2921302,Milagres,BA,0,8823,1685,4673,1816,229,3.4,1.0,0.9,1.5,74.3,22.2,75.3,22.8,,
2921401,Mirangaba,BA,0,12693,2488,7379,2088,338,3.5,1.0,1.0,1.3,77.7,18.2,79.6,17.8,,
2921450,Mirante,BA,0,8301,1705,4716,1314,269,4.3,1.0,0.8,2.3,78.8,16.9,82.0,26.0,,
2921500,Monte Santo,BA,0,41809,7664,27711,4308,819,2.5,0.4,0.7,1.3,86.1,10.5,88.0,27.5,,
2921609,Morpará,BA,0,7604,1653,3912,1658,119,2.1,0.4,0.5,1.1,73.1,23.7,73.7,24.8,,
2921708,Morro Do Chapéu,BA,0,26151,5364,13770,4918,945,4.8,1.5,1.0,2.2,76.2,18.5,78.6,21.7,,
2921807,Mortugaba,BA,0,9597,2141,4000,2716,310,4.4,1.2,0.9,2.0,60.9,32.6,63.4,27.7,,
2921906,Mucugê,BA,0,9863,1482,5229,2316,312,4.0,0.8,1.0,1.9,68.5,26.8,67.2,18.6,,
2922003,Mucuri,BA,0,27873,6886,10146,8840,1049,5.2,1.0,1.7,2.3,54.8,40.2,56.1,30.3,,
2922052,Mulungu Do Morro,BA,0,10988,1777,7005,1357,537,6.0,0.6,1.1,4.3,86.6,9.0,88.7,23.1,,
2922102,Mundo Novo,BA,0,14921,3252,8071,2560,373,3.4,1.4,0.7,1.1,77.9,17.1,79.7,28.1,,
2922201,Muniz Ferreira,BA,0,8206,1237,4748,1583,302,4.5,1.4,0.8,2.2,77.3,18.1,80.0,15.0,,
2922250,Muquém Do São Francisco,BA,0,9684,1849,5249,2171,213,2.8,0.8,0.8,1.1,77.3,19.6,77.7,23.6,,
2922300,Muritiba,BA,0,23640,5621,13033,3162,684,4.0,1.3,0.9,1.7,80.1,14.5,82.9,22.0,2904902,Cachoeira - Muritiba - Governador Mangabeira/BA
2922409,Mutuípe,BA,0,17909,3757,8337,4127,701,5.3,1.6,0.8,2.8,71.6,22.4,73.7,26.0,,
2922508,Nazaré,BA,0,22055,4087,12434,3821,817,4.8,1.5,1.1,2.1,75.9,19.3,77.5,20.5,,
2922607,Nilo Peçanha,BA,0,10011,1999,5338,1868,287,3.8,1.1,0.7,2.0,73.2,21.1,75.5,22.3,,
2922656,Nordestina,BA,0,10580,2026,6269,1597,273,3.4,0.8,0.7,1.7,80.4,15.9,83.3,27.6,,
2922706,Nova Canaã,BA,0,12377,2830,6661,2070,331,3.6,0.8,1.0,1.7,77.6,18.1,79.7,29.4,,
2922730,Nova Fátima,BA,0,7957,1360,4311,1655,325,5.2,1.1,0.7,3.3,74.3,20.3,76.0,20.5,,
2922755,Nova Ibiá,BA,0,5509,1049,2634,1441,167,3.9,1.5,0.7,1.6,64.4,30.7,65.6,25.7,,
2922805,Nova Itarana,BA,0,6607,1140,3641,1434,158,3.0,1.0,0.8,1.2,75.3,20.5,76.9,23.3,2904308,Brejões - Nova Itarana/BA
2922854,Nova Redenção,BA,0,6421,1322,4105,698,117,2.4,0.6,0.6,1.1,85.9,10.8,88.6,25.1,,
2922904,Nova Soure,BA,0,21207,4708,13021,2292,503,3.2,0.8,0.9,1.4,84.3,11.3,86.8,26.3,,
2923001,Nova Viçosa,BA,0,30989,6888,11287,10817,858,3.7,0.8,1.1,1.6,51.7,43.5,52.8,27.9,,
2923035,Novo Horizonte,BA,0,9200,1511,5116,1899,357,4.8,0.7,0.9,3.1,76.3,18.4,79.1,15.8,,
2923050,Novo Triunfo,BA,0,8227,1846,4575,1354,204,3.3,0.7,1.2,1.3,79.4,14.9,81.7,28.4,,
2923100,Olindina,BA,0,19699,4228,11811,2497,532,3.6,1.0,1.0,1.5,82.8,13.4,84.9,28.9,,
2923209,Oliveira Dos Brejinhos,BA,0,16618,2732,9993,2937,408,3.1,0.9,0.8,1.2,81.0,15.4,82.2,23.8,,
2923308,Ouriçangas,BA,0,7224,1492,4265,855,263,4.9,1.8,0.7,2.1,83.5,10.9,85.3,24.6,,
2923357,Ourolândia,BA,0,14353,3016,6103,4267,415,3.9,1.1,1.1,1.7,61.4,35.2,62.4,18.2,,
2923407,Palmas De Monte Alto,BA,0,17255,3182,10470,2628,397,2.9,0.7,0.6,1.5,84.0,13.0,85.1,20.3,,
2923506,Palmeiras,BA,0,7857,1424,4978,974,206,3.4,0.6,0.5,1.9,85.1,12.1,86.2,18.6,,
2923605,Paramirim,BA,0,16913,3106,9668,2920,517,4.0,0.7,0.8,2.4,78.4,16.6,80.8,23.3,,
2923704,Paratinga,BA,0,24228,5063,14251,3700,485,2.6,0.8,0.6,1.1,83.0,13.9,84.6,24.0,,
2923803,Paripiranga,BA,0,23527,4287,13615,3927,730,4.0,1.0,1.2,1.6,78.9,16.4,81.5,19.9,,
2923902,Pau Brasil,BA,0,7547,1441,3689,2045,142,2.4,0.7,0.6,1.1,57.2,37.9,58.4,26.1,,
2924009,Paulo Afonso,BA,0,83620,18276,47173,13063,2679,4.3,0.5,1.8,1.8,77.3,18.4,79.0,25.7,,
2924058,Pé De Serra,BA,0,12191,2121,5666,3418,429,4.5,1.1,1.1,2.2,66.0,26.6,68.2,21.1,,
2924108,Pedrão,BA,0,6573,1294,4116,668,258,5.1,1.1,1.0,3.0,86.1,9.1,88.9,21.1,,
2924207,Pedro Alexandre,BA,0,10164,1775,6416,1331,310,3.9,1.0,0.8,2.0,81.9,12.0,85.7,25.2,,
2924306,Piatã,BA,0,17470,4030,8124,3438,885,7.1,1.6,2.2,3.2,71.0,20.5,76.3,25.8,,
2924405,Pilão Arcado,BA,0,28531,5338,17562,4132,692,3.1,0.8,0.7,1.4,82.6,13.5,84.8,23.9,,
2924504,Pindaí,BA,0,12750,1989,7588,2302,413,4.0,0.9,0.9,2.1,78.3,16.7,80.9,19.1,,
2924603,Pindobaçu,BA,0,16173,2757,8620,3819,391,3.0,0.8,0.8,1.3,69.0,26.9,70.7,20.9,,
2924652,Pintadas,BA,0,8931,2308,3780,2227,213,3.4,0.8,0.8,1.8,63.2,31.3,64.7,23.9,,
2924678,Piraí Do Norte,BA,0,7100,1287,3656,1590,271,4.9,1.4,1.2,2.3,72.3,22.2,75.0,20.2,,
2924702,Piripá,BA,0,8923,2325,4388,1595,321,5.1,0.9,1.6,2.4,75.5,18.3,79.1,32.6,,
2924801,Piritiba,BA,0,14292,2912,7330,2946,479,4.5,1.6,0.9,1.9,73.7,21.4,75.8,24.1,,
2924900,Planaltino,BA,0,6975,1472,3715,1247,186,3.6,1.1,0.8,1.6,79.8,15.9,82.5,22.1,,
2925006,Planalto,BA,0,20252,3790,10387,4489,671,4.3,1.0,1.3,1.7,68.4,24.9,71.7,21.8,,
2925105,Poções,BA,0,37374,7881,19478,7393,1324,4.7,1.2,1.3,2.0,73.4,21.2,75.9,26.9,,
2925204,Pojuca,BA,0,29229,5970,16067,4413,997,4.6,1.2,1.5,1.7,75.2,19.1,77.6,20.0,,
2925253,Ponto Novo,BA,0,15183,2727,8429,3032,471,4.0,0.9,0.9,2.0,76.9,17.7,79.0,28.7,,
2925303,Porto Seguro,BA,0,116587,27632,42129,37301,5248,6.2,1.0,1.8,3.1,54.9,39.7,56.7,23.0,,
2925402,Potiraguá,BA,0,7860,1865,3421,2126,165,2.9,0.8,0.7,1.2,62.9,33.0,64.0,34.2,,
2925501,Prado,BA,0,25814,5930,9774,8545,581,3.1,0.7,0.9,1.3,55.7,40.7,56.4,27.8,,
2925600,Presidente Dutra,BA,0,11979,1735,8285,1417,232,2.3,0.4,0.8,1.1,86.8,10.4,88.4,13.6,,
2925709,Presidente Jânio Quadros,BA,0,10674,2851,5660,1460,334,4.5,1.1,1.0,2.3,80.7,15.0,83.6,34.5,,
2925758,Presidente Tancredo Neves,BA,0,21689,3896,9981,5876,871,5.2,1.5,0.8,2.9,68.5,25.4,71.0,22.8,,
2925808,Queimadas,BA,0,20515,3830,10967,4310,669,4.2,1.1,1.0,1.9,72.9,22.2,74.9,24.9,,
2925907,Quijingue,BA,0,21197,3652,13742,2647,452,2.7,0.5,0.7,1.4,80.0,14.5,83.0,24.3,,
2925931,Quixabeira,BA,0,8784,1650,3523,2858,271,4.1,0.7,0.9,2.3,62.4,32.3,61.9,24.2,,
2925956,Rafael Jambeiro,BA,0,19049,4431,9556,3653,492,3.6,1.1,0.6,1.8,74.9,20.7,76.9,29.1,,
2926004,Remanso,BA,0,32212,6402,18991,5159,730,2.9,0.7,0.9,1.2,80.8,15.3,82.7,23.7,,
2926103,Retirolândia,BA,0,12901,2122,7245,2441,562,5.5,1.2,1.3,2.7,77.9,17.2,79.7,18.2,,
2926202,Riachão Das Neves,BA,0,19206,4154,10280,3857,438,3.0,0.7,0.8,1.5,77.1,20.2,78.1,26.1,,
2926301,Riachão Do Jacuípe,BA,0,27708,4086,16737,4506,1277,5.7,1.6,1.2,2.8,80.3,14.4,82.6,16.6,,
2926400,Riacho De Santana,BA,0,23737,4939,14242,3037,647,3.6,0.5,1.2,1.7,83.8,12.5,86.0,23.1,,
2926509,Ribeira Do Amparo,BA,0,12452,2443,7489,1739,264,2.8,0.7,0.7,1.2,80.4,14.2,83.6,26.1,,
2926608,Ribeira Do Pombal,BA,0,45064,8897,23991,8900,1560,4.5,0.9,1.3,2.2,74.5,20.4,76.6,19.1,,
2926657,Ribeirão Do Largo,BA,0,8797,2218,4425,1678,223,3.5,1.2,0.9,1.3,73.9,21.6,76.1,23.5,,
2926707,Rio De Contas,BA,0,12117,1944,6790,2493,365,3.8,0.7,1.1,1.7,74.3,20.6,76.1,21.8,,
2926806,Rio Do Antônio,BA,0,10690,1728,6628,1706,277,3.2,0.6,0.8,1.7,79.3,16.4,81.8,25.9,,
2926905,Rio Do Pires,BA,0,11178,3424,5350,1711,293,4.0,0.7,1.0,2.3,78.1,17.9,80.2,33.1,,
2927002,Rio Real,BA,0,29286,5445,15327,6058,1163,5.2,1.3,1.2,2.6,69.6,23.1,72.7,25.9,,
2927101,Rodelas,BA,0,7602,1409,4694,1132,172,2.9,0.4,1.1,1.4,81.7,15.1,82.8,17.5,,
2927200,Ruy Barbosa,BA,0,23977,5303,11694,4857,818,4.7,1.9,0.9,1.7,75.0,20.9,76.8,27.1,,
2927309,Salinas Da Margarida,BA,0,16000,3666,9248,1991,452,3.9,1.1,0.8,1.8,82.1,13.7,83.6,20.9,,
2927408,Salvador,BA,1,1955479,393886,944358,391188,111468,7.7,2.5,2.0,2.8,67.0,24.1,70.7,17.9,2927408,Salvador/BA
2927507,Santa Bárbara,BA,0,20163,3839,11603,3307,649,4.2,1.2,0.8,2.1,78.8,16.7,80.3,19.1,,
2927606,Santa Brígida,BA,0,11939,2660,7189,1369,299,3.4,0.5,1.1,1.7,83.8,12.2,86.1,27.3,,
2927705,Santa Cruz Cabrália,BA,0,25527,7097,9896,6755,920,5.2,1.1,1.4,2.5,61.0,34.3,62.3,25.7,,
2927804,Santa Cruz Da Vitória,BA,0,4922,1359,1924,1253,195,5.8,0.9,0.9,3.9,62.0,31.3,60.7,32.5,,
2927903,Santa Inês,BA,0,8217,1916,4647,1146,180,3.0,0.6,0.8,1.5,82.9,13.4,84.6,29.2,,
2928000,Santaluz,BA,0,32102,5525,16973,6733,1277,5.1,1.1,1.2,2.8,73.1,21.5,75.8,21.8,,
2928059,Santa Luzia,BA,0,9034,2095,4143,2247,256,3.9,1.1,0.8,1.8,66.6,28.1,68.7,35.4,,
2928109,Santa Maria Da Vitória,BA,0,30271,5446,15887,6763,1069,4.5,1.8,1.1,1.5,71.6,23.9,73.2,24.1,2928109,Santa Maria da Vitória/BA
2928208,Santana,BA,0,21022,4173,10420,5076,598,3.7,1.5,0.9,1.2,72.8,23.8,74.1,23.8,,
2928307,Santanópolis,BA,0,9599,1948,5327,1512,316,4.4,1.6,0.8,2.0,81.4,14.3,83.5,22.0,,
2928406,Santa Rita De Cássia,BA,0,22965,5225,12359,4071,584,3.4,1.0,0.9,1.4,76.8,18.8,79.2,26.2,,
2928505,Santa Terezinha,BA,0,9441,1741,5463,1566,254,3.5,1.3,0.7,1.4,79.0,16.7,81.3,24.8,,
2928604,Santo Amaro,BA,0,47773,10043,28779,5155,1580,4.5,1.6,0.9,1.8,81.5,12.8,84.7,21.6,,
2928703,Santo Antônio De Jesus,BA,0,77886,13917,36601,19640,3776,6.3,1.3,1.6,3.1,65.9,28.6,68.1,18.0,,
2928802,Santo Estevão,BA,0,39754,7537,23211,5841,1332,4.4,1.2,1.1,1.9,82.0,14.1,83.8,18.1,,
2928901,São Desidério,BA,0,28595,5717,13345,7931,941,4.2,1.2,1.2,1.7,68.8,27.5,69.7,18.1,,
2928950,São Domingos,BA,0,7986,1172,4375,1781,330,5.1,1.6,1.1,2.2,71.9,21.6,73.7,17.0,,
2929008,São Félix,BA,0,10118,1830,6190,1331,338,4.3,1.7,0.8,1.6,81.1,13.2,83.5,20.9,2904902,Cachoeira - Muritiba - Governador Mangabeira/BA
2929057,São Félix Do Coribe,BA,0,12580,2172,5660,3798,492,4.9,1.7,1.2,1.9,63.1,32.2,64.4,18.9,2928109,Santa Maria da Vitória/BA
2929107,São Felipe,BA,0,17802,3029,9543,3812,584,4.2,1.5,1.2,1.4,75.0,19.8,76.8,21.3,,
2929206,São Francisco Do Conde,BA,0,33764,8009,20076,3397,1019,4.2,1.1,0.8,2.1,81.7,13.0,84.4,18.3,2927408,Salvador/BA
2929255,São Gabriel,BA,0,16440,2467,10916,2122,430,3.2,0.7,0.8,1.6,86.0,10.8,87.5,16.0,,
2929305,São Gonçalo Dos Campos,BA,0,30041,5191,17586,4622,1279,5.5,1.9,1.0,2.4,79.1,15.8,81.5,17.3,,
2929354,São José Da Vitória,BA,0,5258,1304,2313,1258,161,4.3,1.2,1.1,1.9,58.9,34.9,61.4,25.5,,
2929370,São José Do Jacuípe,BA,0,8830,1813,4572,1782,261,4.0,0.9,0.8,2.0,75.3,19.1,78.2,25.2,,
2929404,São Miguel Das Matas,BA,0,9030,1358,5368,1637,328,4.5,1.2,1.2,1.8,76.5,19.6,77.2,17.6,,
2929503,São Sebastião Do Passé,BA,0,34046,6979,21232,3443,1092,4.2,1.3,1.2,1.7,83.7,11.5,86.5,20.7,2927408,Salvador/BA
2929602,Sapeaçu,BA,0,16207,2946,8881,2995,515,4.2,1.2,0.9,2.0,76.9,17.5,76.2,17.3,2908309,Conceição do Almeida - Sapeaçu/BA
2929701,Sátiro Dias,BA,0,14469,3142,7770,2452,476,4.5,1.4,1.2,1.8,76.9,17.1,79.5,28.0,,
2929750,Saubara,BA,0,13374,3057,7146,2147,435,4.5,1.9,0.8,1.7,77.2,17.8,79.4,21.9,,
2929800,Saúde,BA,0,9154,2191,4671,1588,253,3.9,1.2,0.9,1.7,75.8,19.2,77.3,26.1,,
2929909,Seabra,BA,0,35799,5547,21986,5468,1295,4.5,0.8,1.3,2.3,83.8,12.7,85.2,15.9,,
2930006,Sebastião Laranjeiras,BA,0,7218,1256,4001,1569,200,3.5,0.5,0.5,2.3,74.0,22.0,76.6,22.1,,
2930105,Senhor Do Bonfim,BA,0,53709,9965,25666,13819,1828,4.4,1.1,1.3,1.9,63.8,30.3,65.8,19.6,,
2930154,Serra Do Ramalho,BA,0,26065,4697,14982,5014,699,3.4,0.9,0.8,1.5,75.8,20.3,77.0,26.5,,
2930204,Sento Sé,BA,0,30127,5490,15344,7419,843,3.6,0.8,0.9,1.7,73.3,22.8,75.0,25.7,,
2930303,Serra Dourada,BA,0,15281,3430,6849,4114,343,3.0,1.2,0.7,1.1,64.5,31.8,65.1,26.1,,
2930402,Serra Preta,BA,0,17262,3741,10106,2311,461,3.6,1.2,0.7,1.7,82.4,13.7,84.2,23.3,,
2930501,Serrinha,BA,0,63689,11610,35445,11134,2485,5.1,1.2,1.4,2.3,73.1,21.7,75.9,16.8,,
2930600,Serrolândia,BA,0,11033,2129,5505,2507,388,4.6,1.1,0.9,2.5,70.2,24.8,72.5,18.9,,
2930709,Simões Filho,BA,0,90003,18564,44707,17661,4704,7.0,1.6,1.8,3.4,69.5,23.5,72.1,19.4,2927408,Salvador/BA
2930758,Sítio Do Mato,BA,0,11257,2029,6262,2402,270,3.0,1.0,0.6,1.4,75.6,20.6,76.3,23.7,,
2930766,Sítio Do Quinto,BA,0,9929,1697,5726,1852,295,3.8,0.8,0.9,1.9,80.6,14.7,83.4,24.9,,
2930774,Sobradinho,BA,0,20427,4452,10803,3814,754,4.9,0.5,1.6,2.7,75.2,20.4,76.8,22.1,,
2930808,Souto Soares,BA,0,14232,2576,9291,1545,446,4.0,0.8,1.0,2.0,88.2,8.2,90.3,22.8,,
2930907,Tabocas Do Brejo Velho,BA,0,11241,2584,5809,2130,371,4.5,1.3,0.7,2.4,79.2,16.4,81.3,26.9,,
2931004,Tanhaçu,BA,0,17984,2999,10305,3462,641,4.5,1.0,1.1,2.2,74.9,20.4,77.2,19.1,,
2931053,Tanque Novo,BA,0,14688,2452,8808,2212,531,4.6,0.6,1.1,2.8,82.4,13.8,84.2,20.6,,
2931103,Tanquinho,BA,0,7717,1273,4546,1427,239,3.9,1.6,0.5,1.7,78.1,18.4,79.1,18.1,,
2931202,Taperoá,BA,0,14359,3062,7311,2811,523,4.9,1.8,0.9,2.1,75.0,20.1,77.1,22.6,,
2931301,Tapiramutá,BA,0,11283,2667,5554,2051,310,3.9,1.6,0.7,1.5,81.0,15.0,82.1,30.2,,
2931350,Teixeira De Freitas,BA,0,105045,23328,35445,38670,3983,5.1,0.9,1.7,2.3,48.8,45.8,50.4,27.2,,
2931400,Teodoro Sampaio,BA,0,6868,1237,4544,630,194,3.6,0.9,0.7,1.9,86.7,8.8,89.5,19.9,,
2931509,Teofilândia,BA,0,18692,4388,11318,1918,427,3.1,0.7,0.7,1.6,84.3,11.7,86.2,27.9,,
2931608,Teolândia,BA,0,11256,2279,5969,2241,335,3.9,1.4,0.8,1.6,76.2,19.6,77.9,23.1,,
2931707,Terra Nova,BA,0,10480,2157,6144,1335,371,4.7,1.8,0.9,1.9,80.3,14.0,83.3,21.2,,
2931806,Tremedal,BA,0,15421,3870,7294,3188,489,4.5,1.1,0.9,2.3,76.7,18.0,78.6,31.7,,
2931905,Tucano,BA,0,41771,8343,23765,6849,1188,3.7,0.6,1.2,1.9,77.8,17.6,80.4,20.3,,
2932002,Uauá,BA,0,22079,3942,14202,2594,657,3.8,0.5,1.4,1.8,83.2,12.2,86.2,24.1,,
2932101,Ubaíra,BA,0,15896,3266,7651,3655,549,4.6,1.1,0.7,2.6,70.0,25.2,72.1,25.8,,
2932200,Ubaitaba,BA,0,14272,3593,6014,3709,491,4.8,1.4,0.9,2.2,61.5,32.4,64.0,25.3,2932200,Ubaitaba - Aurelino Leal/BA
2932309,Ubatã,BA,0,11980,2758,5152,3051,509,5.8,1.7,1.4,2.6,63.7,30.3,66.0,22.3,,
2932408,Uibaí,BA,0,12012,2041,7232,1954,359,3.8,0.8,1.2,1.7,78.5,17.6,80.2,19.4,,
2932457,Umburanas,BA,0,11651,2416,6133,2472,274,3.1,1.0,0.8,1.2,70.0,25.7,71.6,18.7,,
2932507,Una,BA,0,16864,4263,6538,4753,645,5.4,1.3,1.7,2.1,57.8,34.8,60.1,25.8,,
2932606,Urandi,BA,0,13766,2635,8062,2357,354,3.3,0.6,0.9,1.7,79.1,17.9,80.6,23.9,,
2932705,Uruçuca,BA,0,18222,4303,8109,4599,502,3.8,1.0,1.1,1.7,60.1,35.0,61.8,26.1,,
2932804,Utinga,BA,0,13057,2867,6959,2420,367,3.8,1.2,0.8,1.7,77.3,18.2,78.9,26.6,,
2932903,Valença,BA,0,66657,13763,30832,15367,2925,6.0,1.8,1.3,2.7,65.4,28.4,68.1,20.2,,
2933000,Valente,BA,0,20175,2744,9915,5598,976,5.9,1.3,1.3,3.1,64.5,28.6,66.6,17.8,,
2933059,Várzea Da Roça,BA,0,10928,2236,5793,1967,332,4.1,1.1,0.8,2.0,75.7,19.2,77.7,26.9,,
2933109,Várzea Do Poço,BA,0,7284,1379,3937,1426,242,4.3,0.9,0.8,2.2,72.1,22.4,74.5,23.5,,
2933158,Várzea Nova,BA,0,10874,2019,5666,2228,422,5.1,1.7,1.0,2.3,73.1,21.2,75.3,25.2,,
2933174,Varzedo,BA,0,9468,1600,4957,2167,372,5.0,1.8,0.8,2.3,72.6,22.4,76.4,17.2,,
2933208,Vera Cruz,BA,0,36715,7487,20718,5950,1218,4.4,1.3,0.9,2.0,75.6,19.2,77.8,18.2,2933208,Vera Cruz - Itaparica/BA
2933257,Vereda,BA,0,6714,1611,3074,1637,199,4.0,0.6,1.3,1.9,67.0,28.3,69.0,26.6,,
2933307,Vitória Da Conquista,BA,0,265595,49309,108011,82936,13437,6.6,1.5,1.9,2.8,55.4,36.5,58.3,16.0,,
2933406,Wagner,BA,0,6804,1391,3730,1268,162,3.1,0.8,0.8,1.4,76.7,19.1,78.9,27.6,,
2933455,Wanderley,BA,0,10702,2208,5088,2911,241,2.9,1.0,0.5,1.3,70.6,26.7,70.9,22.4,,
2933505,Wenceslau Guimarães,BA,0,16675,3599,7981,3965,472,3.8,1.1,0.8,1.8,69.5,24.6,71.4,25.0,,
2933604,Xique-Xique,BA,0,35384,7968,18111,6878,1051,4.0,1.3,1.1,1.5,77.0,18.2,78.3,26.6,,
3100104,Abadia Dos Dourados,MG,0,5720,1123,1742,2285,347,7.9,3.7,1.4,2.3,50.9,42.7,52.1,19.3,,
3100203,Abaeté,MG,0,17445,3476,4853,7518,994,7.4,2.1,1.6,2.8,45.1,47.9,45.0,25.0,,
3100302,Abre Campo,MG,0,12103,2620,4657,3728,535,6.0,1.1,1.6,2.8,58.0,36.4,59.1,20.1,,
3100401,Acaiaca,MG,0,3518,835,1577,776,162,6.4,1.4,1.0,3.3,67.9,26.5,69.4,24.8,,
3100500,Açucena,MG,0,8227,2815,2771,2061,241,4.8,0.9,1.1,2.5,59.8,35.5,61.8,34.9,,
3100609,Água Boa,MG,0,11836,3786,4211,3057,363,4.8,1.0,1.0,2.3,62.6,32.8,63.2,34.6,,
3100708,Água Comprida,MG,0,2699,597,753,1176,94,4.7,1.1,1.5,1.4,42.5,52.7,42.9,23.7,,
3100807,Aguanil,MG,0,4331,1026,1367,1443,286,9.2,3.4,1.8,3.7,51.0,42.0,52.8,20.9,,
3100906,Águas Formosas,MG,0,14491,3450,5334,4605,590,5.6,0.9,1.0,2.8,56.4,38.4,58.5,29.9,,
3101003,Águas Vermelhas,MG,0,10868,3309,4486,2268,395,5.5,1.2,1.0,3.0,67.6,25.5,70.1,32.8,,
3101102,Aimorés,MG,0,19149,5053,5379,7590,613,4.5,0.8,1.4,1.7,44.1,50.9,45.2,26.2,,
3101201,Aiuruoca,MG,0,4838,1046,1603,1634,288,8.2,2.1,2.0,3.1,51.5,41.6,53.8,23.8,,
3101300,Alagoa,MG,0,2619,573,573,1240,152,7.7,1.8,1.5,3.1,32.8,59.0,34.7,22.1,,
3101409,Albertina,MG,0,3575,785,748,1776,150,5.6,1.8,1.0,2.1,31.3,62.8,30.7,21.0,,
3101508,Além Paraíba,MG,0,27004,6681,9703,8346,1401,7.2,2.1,1.7,2.4,53.9,39.4,55.7,23.3,3101508,Além Paraíba/MG - Sapucaia/RJ
3101607,Alfenas,MG,0,61027,15172,15031,25475,3136,7.2,1.5,1.9,2.9,40.0,52.3,41.1,23.2,,
3101631,Alfredo Vasconcelos,MG,0,6138,1101,2215,1993,493,10.5,2.8,1.7,5.0,57.1,34.1,59.8,15.2,3105608,Barbacena/MG
3101706,Almenara,MG,0,31120,8709,14005,6331,1015,4.8,0.7,1.5,2.3,70.3,25.1,72.1,27.7,,
3101805,Alpercata,MG,0,6064,1363,2182,2117,201,4.5,0.6,1.4,1.8,54.9,40.4,55.2,29.4,,
3101904,Alpinópolis,MG,0,16047,3511,4443,6537,1021,8.5,1.7,1.9,4.2,44.1,48.0,45.1,21.4,,
3102001,Alterosa,MG,0,12246,2521,3615,5080,591,6.4,1.4,1.4,3.1,44.0,50.9,44.1,20.1,,
3102050,Alto Caparaó,MG,0,4564,768,1010,2512,176,4.8,1.1,1.1,2.0,28.7,67.3,29.3,15.6,,
3102100,Alto Rio Doce,MG,0,10053,2882,4069,2205,453,6.7,1.8,1.7,2.8,70.9,22.5,73.1,26.2,,
3102209,Alvarenga,MG,0,4518,946,1710,1586,166,4.8,1.0,1.6,1.9,55.0,41.3,55.1,19.6,,
3102308,Alvinópolis,MG,0,13098,3221,5519,3095,588,6.4,1.4,1.2,3.2,66.0,27.3,69.3,21.2,,
3102407,Alvorada De Minas,MG,0,4946,1610,1913,981,215,6.9,2.1,0.7,3.4,73.7,20.4,75.9,29.1,,
3102506,Amparo Do Serra,MG,0,4531,1023,2298,854,208,6.2,0.8,1.3,3.8,74.2,20.6,75.5,21.5,,
3102605,Andradas,MG,0,30179,7327,6054,13467,1942,9.1,2.1,2.0,2.9,32.3,59.4,33.6,22.3,,
3102704,Cachoeira De Pajeú,MG,0,6975,2021,2984,1503,207,4.4,1.5,0.7,2.0,68.3,27.2,69.0,29.5,,
3102803,Andrelândia,MG,0,9886,2670,3190,3036,522,7.7,1.8,1.5,3.4,54.4,37.2,55.7,25.7,,
3102852,Angelândia,MG,0,6879,1912,2069,2302,321,6.8,1.2,1.3,3.8,53.3,40.5,55.2,30.2,,
3102902,Antônio Carlos,MG,0,9889,2113,4036,2599,613,8.5,2.7,1.4,3.6,63.1,29.4,65.6,20.3,3105608,Barbacena/MG
3103009,Antônio Dias,MG,0,9101,2311,3172,2883,351,5.5,1.0,1.0,2.9,54.4,38.0,56.0,23.5,,
3103108,Antônio Prado De Minas,MG,0,1915,364,711,661,121,8.1,1.7,2.3,3.4,57.5,36.6,59.3,14.7,,
3103207,Araçaí,MG,0,2834,626,998,944,161,7.7,2.2,1.5,3.2,55.7,34.9,58.3,16.0,,
3103306,Aracitaba,MG,0,2839,709,1061,796,130,6.5,2.5,1.6,2.2,61.9,29.9,63.2,18.3,,
3103405,Araçuaí,MG,0,28297,8562,11299,6666,882,4.7,0.9,1.4,1.9,65.0,30.5,66.1,32.3,,
3103504,Araguari,MG,0,90272,20537,20925,40252,5807,8.7,3.4,2.0,2.5,37.1,55.2,38.3,22.6,,
3103603,Arantina,MG,0,2872,632,1167,751,177,8.4,1.6,1.6,4.9,67.6,26.2,69.3,19.1,,
3103702,Araponga,MG,0,6500,1147,3282,1333,299,6.1,1.8,1.7,2.3,73.0,21.3,74.5,21.3,,
3103751,Araporã,MG,0,7006,1512,2044,2786,473,8.9,4.1,2.2,2.1,49.2,44.7,49.6,20.9,5211503,Itumbiara/GO
3103801,Arapuá,MG,0,3487,776,703,1704,141,5.5,2.2,1.1,1.6,35.5,57.1,35.2,22.9,,
3103900,Araújos,MG,0,6636,1085,1557,3338,418,7.9,1.1,1.2,4.9,39.5,53.4,38.5,17.2,,
3104007,Araxá,MG,0,81839,18833,21347,31626,6906,11.5,1.9,1.9,2.8,43.1,47.0,44.4,21.2,3104007,Araxá/MG
3104106,Arceburgo,MG,0,7685,1642,1988,3193,487,8.6,1.6,3.3,3.0,41.1,51.4,42.4,19.9,,
3104205,Arcos,MG,0,33540,7238,8408,14028,2396,9.7,2.6,2.1,3.6,41.2,48.9,43.0,19.2,,
3104304,Areado,MG,0,11770,2722,2900,4959,725,8.4,2.2,1.8,3.8,38.9,52.6,40.7,21.7,,
3104403,Argirita,MG,0,3035,597,1434,807,119,5.0,1.4,1.3,2.0,68.4,27.1,70.5,20.9,,
3104452,Aricanduva,MG,0,5172,1390,2016,1263,285,8.0,1.5,1.1,5.1,67.8,26.5,70.4,28.8,,
3104502,Arinos,MG,0,14460,4138,5115,4172,608,6.1,2.1,1.6,2.2,59.9,34.6,60.7,30.3,,
3104601,Astolfo Dutra,MG,0,10808,2153,3703,4028,534,6.5,1.4,2.3,2.5,51.1,43.9,51.5,19.4,,
3104700,Ataléia,MG,0,11033,3375,4475,2507,335,4.6,0.9,0.8,2.3,67.2,28.5,68.8,32.3,,
3104809,Augusto De Lima,MG,0,4467,1366,1501,1234,212,7.2,2.5,1.1,3.1,56.8,36.2,59.0,30.8,,
3104908,Baependi,MG,0,15621,3285,3846,6905,984,8.4,2.1,2.1,3.5,35.1,57.6,37.6,21.3,3115508,Caxambu - Baependi/MG
3105004,Baldim,MG,0,7093,1408,2375,2492,538,9.9,3.9,1.2,3.7,50.1,40.5,51.7,21.6,,
3105103,Bambuí,MG,0,19001,4942,5851,6202,1217,9.2,3.0,2.0,3.4,52.1,40.1,53.3,24.1,,
3105202,Bandeira,MG,0,4576,1358,2237,630,115,3.9,0.5,0.6,2.6,78.2,17.3,81.8,28.6,,
3105301,Bandeira Do Sul,MG,0,5237,1101,1359,2242,343,8.7,3.0,2.2,2.7,39.2,53.3,42.9,21.1,,
3105400,Barão De Cocais,MG,0,24133,4955,7920,7794,2000,11.3,2.4,2.2,5.3,54.5,35.7,57.2,20.0,,
3105509,Barão De Monte Alto,MG,0,5613,1343,2394,1535,187,4.5,1.6,0.6,2.0,64.6,31.4,65.0,21.8,,
3105608,Barbacena,MG,0,99361,20963,35266,31062,6995,9.5,2.0,2.6,3.9,54.3,37.6,56.6,19.3,3105608,Barbacena/MG
3105707,Barra Longa,MG,0,5500,1367,2513,1145,207,5.4,1.4,0.6,2.7,71.6,22.7,72.5,23.8,,
3105905,Barroso,MG,0,17476,3685,6454,5110,1092,8.6,1.9,1.7,4.2,57.5,34.5,59.6,19.3,,
3106002,Bela Vista De Minas,MG,0,8231,1633,3508,2305,427,6.8,1.5,1.5,3.1,62.7,30.4,64.0,17.8,3136207,João Monlevade/MG
3106101,Belmiro Braga,MG,0,3228,635,1470,876,151,6.0,1.3,1.6,2.5,64.5,29.2,67.0,18.6,,
3106200,Belo Horizonte,MG,1,1966966,464334,592037,690960,147491,10.3,2.3,2.7,3.7,42.5,46.6,45.8,21.8,3106200,Belo Horizonte/MG
3106309,Belo Oriente,MG,0,20697,5336,6621,7209,797,5.5,0.7,1.6,2.7,51.7,43.5,52.2,24.9,3131307,Ipatinga/MG
3106408,Belo Vale,MG,0,8588,1760,3205,2728,522,8.1,2.4,1.4,3.6,58.1,34.7,60.0,18.4,,
3106507,Berilo,MG,0,8995,2975,3957,1369,304,5.4,1.3,1.2,2.3,73.8,20.8,76.8,35.5,,
3106606,Bertópolis,MG,0,4066,972,1961,912,102,3.4,0.5,0.8,1.8,70.8,25.6,72.8,27.7,,
3106655,Berizal,MG,0,4307,951,1952,1009,238,7.4,1.6,1.4,3.9,67.1,24.9,71.5,21.5,,
3106705,Betim,MG,0,301594,54318,95603,113009,23363,10.1,1.7,2.9,4.3,45.8,45.4,47.6,15.0,3106200,Belo Horizonte/MG
3106804,Bias Fortes,MG,0,3816,988,1690,817,153,5.8,1.8,0.5,2.8,70.2,22.4,73.5,21.5,,
3106903,Bicas,MG,0,11578,2717,3949,3887,615,7.3,1.6,1.8,3.3,51.5,40.4,54.3,23.0,3106903,Bicas/MG
3107000,Biquinhas,MG,0,2682,659,836,982,99,5.2,2.6,0.5,1.2,51.3,41.3,51.8,19.9,,
3107109,Boa Esperança,MG,0,32515,8237,9021,12418,1676,7.2,1.8,1.6,3.3,46.6,45.8,46.1,24.4,,
3107208,Bocaina De Minas,MG,0,4428,1039,1360,1534,302,9.4,1.9,1.8,4.6,53.4,38.4,56.8,21.1,,
3107307,Bocaiúva,MG,0,35646,7672,16819,8117,1744,6.5,0.9,1.4,3.7,69.1,25.6,70.7,24.4,,
3107406,Bom Despacho,MG,0,39052,9113,7553,18173,2663,9.4,3.0,2.0,3.2,33.2,57.8,33.4,22.7,,
3107505,Bom Jardim De Minas,MG,0,6321,1335,2288,2016,423,8.9,1.8,1.7,4.7,57.8,33.9,60.0,21.3,,
3107604,Bom Jesus Da Penha,MG,0,3674,739,882,1661,264,9.4,2.2,1.2,5.1,36.5,54.6,38.7,19.9,,
3107703,Bom Jesus Do Amparo,MG,0,5181,1246,1900,1377,396,10.8,1.7,1.7,6.3,59.7,32.6,62.5,21.0,,
3107802,Bom Jesus Do Galho,MG,0,12062,2608,4319,4199,384,4.3,0.8,1.0,2.1,54.4,41.5,55.4,23.7,,
3107901,Bom Repouso,MG,0,10209,1945,3018,4238,568,7.3,1.2,2.0,3.4,47.9,44.8,49.1,15.7,,
3108008,Bom Sucesso,MG,0,15102,4039,4823,4687,788,7.7,2.3,1.5,2.6,52.1,39.5,54.5,25.1,,
3108107,Bonfim,MG,0,7317,1721,2302,2255,654,12.6,2.8,2.5,6.2,53.2,35.7,56.7,21.2,,
3108206,Bonfinópolis De Minas,MG,0,5046,1383,1722,1493,323,9.1,1.1,0.9,6.9,57.6,36.4,58.9,28.5,,
3108255,Bonito De Minas,MG,0,8624,2561,4263,1086,380,6.6,1.4,1.4,3.5,79.8,15.0,82.6,30.8,,
3108305,Borda Da Mata,MG,0,13454,2806,3275,5900,914,9.1,2.0,1.9,4.1,37.5,52.1,40.2,21.9,,
3108404,Botelhos,MG,0,12776,3162,4353,4117,709,7.7,1.8,1.7,3.3,53.0,39.9,54.6,24.4,,
3108503,Botumirim,MG,0,5656,1618,2656,919,186,5.0,1.0,1.1,2.4,76.2,17.9,78.1,29.3,,
3108552,Brasilândia De Minas,MG,0,12436,2978,4395,4073,708,7.7,1.9,1.4,4.1,58.0,37.8,58.8,23.4,,
3108602,Brasília De Minas,MG,0,27089,7438,12141,5653,1004,5.3,1.1,1.0,2.6,68.7,25.8,70.6,28.2,,
3108701,Brás Pires,MG,0,4684,1393,1651,1243,214,6.9,1.5,1.2,3.6,60.5,34.2,62.0,29.2,,
3108800,Braúnas,MG,0,4386,1377,1494,1171,144,5.1,1.2,1.1,2.4,59.1,35.4,60.8,30.3,,
3108909,Brazópolis,MG,0,12541,3165,3305,4663,846,9.6,2.2,2.0,4.0,41.0,48.2,44.8,24.9,,
3109006,Brumadinho,MG,0,35366,7544,10586,12959,2750,10.5,1.8,2.4,5.5,46.8,43.0,49.2,19.5,3106200,Belo Horizonte/MG
3109105,Bueno Brandão,MG,0,8694,2114,1663,4040,567,9.0,2.3,2.5,2.7,31.7,59.3,33.0,23.8,,
3109204,Buenópolis,MG,0,8547,3088,2762,1985,421,8.2,1.9,1.1,4.5,60.8,31.8,62.5,36.8,,
3109253,Bugre,MG,0,4366,1090,1297,1671,168,5.4,1.5,1.4,2.0,49.1,45.4,48.7,27.1,3131307,Ipatinga/MG
3109303,Buritis,MG,0,20584,5306,5572,8399,858,5.8,2.4,1.2,1.9,46.1,48.1,45.5,25.6,,
3109402,Buritizeiro,MG,0,20491,5344,6943,6277,910,6.4,1.6,1.2,3.1,56.3,37.3,57.3,26.5,3151206,Pirapora - Buritizeiro/MG
3109451,Cabeceira Grande,MG,0,5891,1483,1680,2234,342,8.0,4.8,1.2,1.9,50.1,44.0,49.0,25.3,,
3109501,Cabo Verde,MG,0,9574,2125,3220,3393,500,7.0,1.9,1.7,2.9,50.8,42.8,52.5,20.7,,
3109600,Cachoeira Da Prata,MG,0,3473,627,1154,1267,286,10.6,2.4,1.4,5.0,50.2,40.3,51.9,18.7,,
3109709,Cachoeira De Minas,MG,0,10111,2062,2419,4410,782,10.3,2.7,2.4,3.6,34.7,54.6,37.9,19.2,,
3109808,Cachoeira Dourada,MG,0,2798,782,989,801,178,9.0,2.6,1.4,4.8,66.1,28.9,67.3,21.9,,
3109907,Caetanópolis,MG,0,8761,1584,2479,3638,611,9.1,2.8,1.4,3.8,41.7,49.4,42.9,19.4,3147402,Paraopeba/MG
3110004,Caeté,MG,0,34347,8230,11032,10061,3340,13.7,2.7,2.6,6.9,50.7,37.5,54.3,21.3,3106200,Belo Horizonte/MG
3110103,Caiana,MG,0,4437,905,1635,1486,222,6.6,1.8,2.3,2.1,56.4,37.8,56.7,19.8,,
3110202,Cajuri,MG,0,4769,902,2310,1102,224,6.2,1.9,1.2,2.3,70.9,24.4,72.7,17.8,3171303,Viçosa/MG
3110301,Caldas,MG,0,10805,2436,2671,4607,666,8.4,2.4,1.7,3.0,38.2,52.9,41.3,22.4,,
3110400,Camacho,MG,0,3110,547,1181,1096,116,4.8,0.8,1.2,2.2,57.9,36.4,57.9,14.7,,
3110509,Camanducaia,MG,0,18995,5077,4556,7679,883,6.7,1.2,2.0,2.5,42.1,51.3,43.2,24.3,,
3110608,Cambuí,MG,0,22533,5611,5482,8860,1647,10.3,1.7,2.4,4.9,39.4,49.4,41.7,23.6,3110608,Cambuí/MG
3110707,Cambuquira,MG,0,10157,2705,3008,3437,551,7.9,2.2,1.6,3.2,46.9,43.9,48.5,23.8,,
3110806,Campanário,MG,0,3378,990,1392,796,82,3.6,0.8,0.7,1.5,65.5,29.8,67.5,32.8,,
3110905,Campanha,MG,0,12729,3249,2706,5606,659,7.3,1.9,1.6,3.1,35.6,56.7,36.4,23.1,,
3111002,Campestre,MG,0,16477,3480,3891,7199,1138,9.3,2.7,2.4,3.1,35.6,54.4,37.9,21.5,,
3111101,Campina Verde,MG,0,14505,3493,4202,5723,678,6.4,2.2,1.1,2.7,47.3,47.6,47.5,25.5,,
3111150,Campo Azul,MG,0,4494,1404,2083,760,148,5.0,1.2,0.8,2.8,77.9,17.8,79.0,31.0,,
3111200,Campo Belo,MG,0,39354,10126,9729,15633,2126,7.7,1.7,1.7,3.5,40.7,51.4,41.6,24.1,,
3111309,Campo Do Meio,MG,0,10449,2499,3889,3261,414,5.5,1.1,1.8,2.4,58.5,35.9,59.5,23.1,,
3111408,Campo Florido,MG,0,6473,1388,2096,2540,274,5.6,1.5,1.6,2.2,55.0,41.0,53.7,22.0,,
3111507,Campos Altos,MG,0,10084,3068,2237,3890,545,8.2,2.0,1.6,2.9,40.1,53.5,40.2,29.8,,
3111606,Campos Gerais,MG,0,20481,5127,5690,7710,1091,7.5,1.4,1.9,3.3,43.2,49.9,44.7,24.4,,
3111705,Canaã,MG,0,4403,713,2262,986,228,6.6,1.3,1.4,3.4,71.6,21.0,73.8,17.1,,
3111804,Canápolis,MG,0,8776,2299,3266,2596,400,6.4,2.4,1.4,2.3,61.0,34.2,60.9,24.6,,
3111903,Cana Verde,MG,0,4983,994,1695,1829,271,7.1,0.8,1.4,4.2,49.8,45.0,51.9,18.6,,
3112000,Candeias,MG,0,11511,2410,3411,4266,652,7.8,1.9,1.3,4.0,47.4,45.9,47.2,23.4,,
3112059,Cantagalo,MG,0,3858,1159,1534,832,164,6.5,0.9,1.1,3.7,71.0,23.0,72.8,30.4,,
3112109,Caparaó,MG,0,4641,1032,1219,2024,218,6.3,1.9,1.2,2.4,40.3,54.1,40.8,20.7,,
3112208,Capela Nova,MG,0,4746,949,1935,1239,293,8.4,2.2,1.9,3.4,62.1,29.1,65.6,16.9,,
3112307,Capelinha,MG,0,31072,7905,9706,10539,1622,7.4,1.4,1.6,4.0,56.3,37.4,57.2,26.4,,
3112406,Capetinga,MG,0,5621,1486,1597,1985,325,8.3,2.5,1.7,3.3,46.2,46.5,47.3,26.8,,
3112505,Capim Branco,MG,0,8469,1642,2411,3379,643,10.0,3.0,2.4,3.6,41.7,49.7,42.9,18.7,3141108,Matozinhos/MG
3112604,Capinópolis,MG,0,11606,2686,3898,4129,614,7.1,2.5,1.3,3.0,56.8,38.5,56.4,22.6,,
3112653,Capitão Andrade,MG,0,4057,1051,1190,1485,202,7.0,1.1,1.9,3.5,48.0,46.5,49.3,31.7,,
3112703,Capitão Enéas,MG,0,13076,3281,5945,2801,540,5.8,1.2,1.0,3.2,70.0,25.2,71.5,24.4,,
3112802,Capitólio,MG,0,8244,2060,1824,3618,492,8.3,1.2,2.3,3.8,38.7,55.0,38.7,23.3,,
3112901,Caputira,MG,0,7830,1291,3284,2570,277,4.5,1.1,0.8,2.2,59.1,35.7,59.8,20.8,,
3113008,Caraí,MG,0,15521,4882,6827,2546,517,5.2,0.7,1.5,2.7,74.3,20.1,77.6,34.5,3113008,Caraí/MG
3113107,Caranaíba,MG,0,3454,701,1276,1033,226,8.9,2.0,1.2,4.7,57.0,34.1,59.8,17.4,,
3113206,Carandaí,MG,0,20681,3685,7083,7394,1184,7.6,1.5,2.1,3.3,53.0,39.8,54.9,15.9,,
3113305,Carangola,MG,0,23082,4882,8137,7936,1282,7.4,1.6,2.1,3.1,52.2,40.9,52.7,25.2,,
3113404,Caratinga,MG,0,60397,13175,18714,23415,2906,6.5,1.0,1.8,2.8,45.3,48.3,46.1,25.8,,
3113503,Carbonita,MG,0,8159,2204,2789,2273,496,8.9,1.5,1.4,5.5,64.1,30.7,65.6,27.7,,
3113602,Careaçu,MG,0,5368,1168,1509,2281,245,6.1,1.3,1.5,2.6,44.1,48.2,46.2,21.0,,
3113701,Carlos Chagas,MG,0,16296,5106,5856,4165,583,5.5,1.3,1.1,2.3,60.1,34.4,62.1,32.3,,
3113800,Carmésia,MG,0,2716,770,1007,670,167,9.1,2.1,1.2,5.0,60.4,33.3,61.7,25.1,,
3113909,Carmo Da Cachoeira,MG,0,9450,2459,3310,2726,456,7.0,1.8,1.1,3.2,55.4,35.2,58.9,24.2,,
3114006,Carmo Da Mata,MG,0,9616,1968,3618,2917,624,8.7,2.5,1.8,3.5,57.7,34.3,59.4,20.7,,
3114105,Carmo De Minas,MG,0,9819,2124,2866,3856,481,6.7,1.6,1.6,2.8,46.1,46.3,47.7,21.4,,
3114204,Carmo Do Cajuru,MG,0,19084,3642,5213,7916,1516,10.3,2.0,2.2,4.9,44.1,46.4,45.4,17.5,,
3114303,Carmo Do Paranaíba,MG,0,22245,5219,4509,10621,1041,6.4,2.4,1.5,1.8,35.0,59.1,35.0,26.4,,
3114402,Carmo Do Rio Claro,MG,0,15908,3586,3987,6702,1084,9.2,2.1,1.7,4.6,40.8,51.4,41.9,21.8,,
3114501,Carmópolis De Minas,MG,0,13900,2115,4392,5807,1008,9.0,2.4,2.0,3.4,48.2,43.9,50.5,18.1,,
3114550,Carneirinho,MG,0,7997,1844,2543,3105,295,5.0,1.7,0.7,2.4,51.0,44.4,51.0,20.4,,
3114600,Carrancas,MG,0,3441,784,1085,1213,216,8.6,3.0,1.6,2.8,52.0,39.0,54.4,21.1,,
3114709,Carvalhópolis,MG,0,3407,732,948,1425,169,6.7,1.1,2.0,3.1,42.8,52.6,43.5,18.4,,
3114808,Carvalhos,MG,0,3994,730,1343,1450,187,6.3,1.9,1.3,2.8,50.4,40.4,53.0,19.2,,
3114907,Casa Grande,MG,0,3027,565,822,1273,260,11.0,3.3,2.5,4.3,44.0,45.7,47.3,12.8,,
3115003,Cascalho Rico,MG,0,3773,854,1035,1602,186,6.6,3.5,1.2,1.7,43.1,51.2,43.2,24.1,,
3115102,Cássia,MG,0,13923,4131,3791,4684,804,8.7,2.3,1.5,4.0,46.3,45.9,47.6,27.0,,
3115201,Conceição Da Barra De Minas,MG,0,3677,685,1299,1253,257,9.2,2.0,1.0,5.1,56.6,35.5,59.8,16.7,,
3115300,Cataguases,MG,0,52112,12608,20582,14298,2752,7.3,1.4,2.2,3.1,58.9,34.1,61.1,22.9,,
3115359,Catas Altas,MG,0,5156,1149,1710,1462,565,15.1,2.2,3.0,8.3,56.0,32.9,60.3,19.0,,
3115409,Catas Altas Da Noruega,MG,0,4149,960,1675,1077,238,8.0,1.8,1.4,4.1,66.8,26.5,68.0,21.6,,
3115458,Catuji,MG,0,8492,2360,3945,1641,238,4.1,1.0,1.2,1.5,74.6,20.7,76.8,28.9,3113008,Caraí/MG
3115474,Catuti,MG,0,4594,1031,2294,931,174,5.1,0.7,1.1,3.0,70.8,22.6,73.7,24.6,,
3115508,Caxambu,MG,0,17661,5076,5437,5487,1025,8.6,2.7,1.8,3.2,48.9,42.0,50.7,27.5,3115508,Caxambu - Baependi/MG
3115607,Cedro Do Abaeté,MG,0,1420,394,393,529,68,6.9,2.1,1.3,2.5,48.3,43.6,47.2,26.6,,
3115706,Central De Minas,MG,0,5637,1200,1874,2186,186,4.4,1.1,1.5,1.2,48.3,46.8,49.9,29.7,,
3115805,Centralina,MG,0,7672,1726,3107,2226,395,6.9,3.0,1.3,2.3,64.6,30.9,65.0,20.8,,
3115904,Chácara,MG,0,4371,919,1532,1494,300,9.0,2.6,1.6,4.2,57.9,35.9,59.9,15.0,3136702,Juiz de Fora/MG
3116001,Chalé,MG,0,5275,922,1942,2046,173,4.2,0.8,1.1,1.8,52.9,43.7,52.7,19.6,,
3116100,Chapada Do Norte,MG,0,9254,3447,4207,969,283,5.2,1.0,0.9,2.9,81.5,14.0,84.5,38.4,,
3116159,Chapada Gaúcha,MG,0,9589,2470,3762,2702,401,5.8,2.0,2.1,1.6,65.0,30.6,66.2,26.4,,
3116209,Chiador,MG,0,3296,685,1046,1217,202,8.2,3.1,1.4,3.1,51.2,42.0,51.3,17.8,3306008,Três Rios - Paraíba do Sul/RJ
3116308,Cipotânea,MG,0,5815,1883,1985,1365,299,8.2,1.9,1.9,3.8,64.7,27.4,67.3,32.0,,
3116407,Claraval,MG,0,5081,1070,1004,2639,258,6.6,2.1,1.0,2.1,30.2,63.4,31.3,19.9,3516200,Franca/SP
3116506,Claro Dos Poções,MG,0,7507,1700,2890,2229,396,7.2,1.1,1.2,4.2,56.7,36.5,58.8,21.2,,
3116605,Cláudio,MG,0,22834,4465,4597,11132,1617,9.3,2.1,2.0,3.4,32.0,57.3,33.2,17.8,,
3116704,Coimbra,MG,0,6598,1204,2754,1779,449,9.0,2.3,1.9,4.2,61.3,30.8,64.0,16.4,,
3116803,Coluna,MG,0,6936,2102,2468,1697,315,7.0,1.3,1.1,4.2,65.4,28.9,66.1,30.0,,
3116902,Comendador Gomes,MG,0,2849,620,848,1216,118,5.4,1.5,1.3,2.6,42.8,52.2,43.0,25.6,,
3117009,Comercinho,MG,0,6685,2004,3327,958,164,3.7,0.6,0.8,2.0,76.8,18.3,79.2,30.9,,
3117108,Conceição Da Aparecida,MG,0,8307,1868,2425,3198,537,8.7,2.0,1.5,4.5,46.9,46.9,47.2,20.3,,
3117207,Conceição Das Pedras,MG,0,2816,597,778,1098,194,9.4,2.4,1.6,4.0,46.3,41.1,46.7,19.2,,
3117306,Conceição Das Alagoas,MG,0,20159,4718,6964,7158,759,5.1,1.1,1.5,2.2,56.0,39.7,55.4,22.9,,
3117405,Conceição De Ipanema,MG,0,4497,1038,1669,1544,143,4.3,1.1,0.7,2.3,57.6,39.0,58.9,21.6,,
3117504,Conceição Do Mato Dentro,MG,0,19793,5793,7457,4443,1141,8.8,1.5,2.0,4.4,67.5,26.2,69.5,26.6,,
3117603,Conceição Do Pará,MG,0,5489,1191,1147,2586,346,8.5,2.3,1.8,3.3,34.4,58.1,34.5,21.4,3151404,Pitangui/MG
3117702,Conceição Do Rio Verde,MG,0,10403,2589,3796,3035,477,6.5,1.6,1.4,2.9,57.0,36.7,58.0,23.1,,
3117801,Conceição Dos Ouros,MG,0,9042,1466,2290,4313,583,8.1,1.2,2.3,3.7,35.2,54.9,37.5,14.9,,
3117836,Cônego Marinho,MG,0,6340,1592,3425,786,311,6.9,1.0,1.4,4.0,80.4,13.4,84.4,27.8,,
3117876,Confins,MG,0,7057,1260,2015,3021,510,9.2,1.9,1.8,4.3,42.1,49.5,44.7,15.6,3106200,Belo Horizonte/MG
3117900,Congonhal,MG,0,9730,1833,2285,4684,552,7.3,1.7,1.8,3.1,35.6,55.8,37.7,18.1,,
3118007,Congonhas,MG,0,43886,9222,14236,14653,3547,10.9,2.3,2.5,5.2,50.0,39.6,54.2,16.7,3118304,Conselheiro Lafaiete/MG
3118106,Congonhas Do Norte,MG,0,4429,1327,1792,792,215,7.7,1.8,2.1,3.3,73.7,21.2,76.0,29.9,,
3118205,Conquista,MG,0,5471,1049,1914,2063,260,6.1,1.2,1.2,3.0,49.2,43.2,50.8,18.8,,
3118304,Conselheiro Lafaiete,MG,0,94215,15595,34018,30818,8620,11.7,2.4,2.9,5.3,53.5,36.5,57.0,16.5,3118304,Conselheiro Lafaiete/MG
3118403,Conselheiro Pena,MG,0,15714,3694,4427,6474,645,5.6,1.1,1.3,2.5,42.4,51.9,43.7,30.0,,
3118502,Consolação,MG,0,2032,510,516,818,114,7.9,1.4,1.3,2.4,44.1,46.0,46.7,26.1,,
3118601,Contagem,MG,0,463466,87999,139596,178639,37047,10.4,2.2,2.8,4.1,42.1,47.8,44.5,16.1,3106200,Belo Horizonte/MG
3118700,Coqueiral,MG,0,7797,1834,2276,2888,489,8.7,2.5,2.3,3.0,44.9,46.9,46.2,22.6,,
3118809,Coração De Jesus,MG,0,21928,6068,10327,4008,856,5.6,1.2,1.1,2.9,73.2,21.4,74.7,26.5,,
3118908,Cordisburgo,MG,0,6880,1429,2520,2310,355,6.8,2.3,0.7,3.0,54.1,38.9,54.9,21.8,,
3119005,Cordislândia,MG,0,2969,680,1099,986,101,4.6,1.2,0.8,2.3,54.1,38.9,57.0,21.3,,
3119104,Corinto,MG,0,19765,5923,6787,5359,986,7.5,1.9,1.4,3.5,58.4,35.4,59.8,29.8,,
3119203,Coroaci,MG,0,7969,1844,3029,2362,277,4.9,1.1,1.5,1.8,58.7,35.6,59.8,23.9,,
3119302,Coromandel,MG,0,24503,5561,5748,11001,1410,7.8,2.7,1.4,2.5,40.0,51.9,40.9,23.4,,
3119401,Coronel Fabriciano,MG,0,79951,20059,21203,32048,4182,7.3,1.1,2.2,3.1,40.4,53.4,41.3,24.1,3131307,Ipatinga/MG
3119500,Coronel Murta,MG,0,7295,1845,3450,1530,204,3.9,0.8,0.8,2.1,75.0,21.1,76.6,25.1,,
3119609,Coronel Pacheco,MG,0,3068,578,1194,997,164,7.0,1.8,1.6,3.1,55.9,36.8,58.1,17.8,,
3119708,Coronel Xavier Chaves,MG,0,3179,605,1237,932,214,9.0,1.7,2.3,3.7,61.6,29.5,62.5,17.5,3162500,São João del Rei/MG
3119807,Córrego Danta,MG,0,3391,984,965,1177,151,6.6,2.0,1.2,2.4,46.3,47.9,47.2,25.2,,
3119906,Córrego Do Bom Jesus,MG,0,4380,994,1166,1774,255,8.0,1.4,1.5,3.8,41.8,48.1,44.4,21.1,3110608,Cambuí/MG
3119955,Córrego Fundo,MG,0,5391,934,1182,2416,588,14.1,4.8,2.1,6.6,39.8,47.3,42.1,18.2,,
3120003,Córrego Novo,MG,0,3921,1011,1602,1063,107,3.9,0.5,0.9,2.1,64.4,31.6,65.5,24.1,,
3120102,Couto De Magalhães De Minas,MG,0,3916,1137,1825,597,184,7.1,1.2,1.8,3.7,75.3,18.5,78.4,28.5,,
3120151,Crisólita,MG,0,4714,1432,1927,1028,159,5.1,0.7,0.6,3.0,73.3,22.2,74.7,29.6,,
3120201,Cristais,MG,0,8667,1930,2463,3339,475,7.6,1.9,2.4,2.9,48.1,45.0,49.8,20.6,,
3120300,Cristália,MG,0,5202,1480,2363,976,161,4.6,0.9,0.8,2.7,72.4,22.6,75.3,29.5,,
3120409,Cristiano Otoni,MG,0,4448,772,1415,1681,294,8.7,2.0,1.9,3.9,47.5,43.5,50.9,17.2,,
3120508,Cristina,MG,0,8297,2058,2076,3196,536,9.2,3.2,2.1,2.7,39.2,52.1,39.6,23.0,,
3120607,Crucilândia,MG,0,5672,1348,1535,2088,403,10.0,3.4,2.3,3.3,46.1,45.4,46.6,22.0,,
3120706,Cruzeiro Da Fortaleza,MG,0,4351,905,1055,2032,265,7.9,2.2,1.7,3.6,42.7,51.2,42.5,18.5,,
3120805,Cruzília,MG,0,12917,3053,4528,4007,770,8.3,1.5,1.6,4.4,54.7,38.0,56.4,22.4,,
3120839,Cuparaque,MG,0,3950,863,1028,1826,139,4.6,1.2,1.7,1.4,39.0,56.3,39.2,32.9,,
3120870,Curral De Dentro,MG,0,6816,1792,2728,1803,236,5.0,1.3,0.7,2.2,58.7,35.5,62.2,27.0,,
3120904,Curvelo,MG,0,61304,15193,18959,20834,3817,8.8,2.2,1.7,3.8,50.9,41.1,52.2,23.5,3120904,Curvelo/MG
3121001,Datas,MG,0,5139,1387,2467,828,204,5.8,1.5,1.0,2.8,74.6,19.4,76.9,25.4,,
3121100,Delfim Moreira,MG,0,6363,1236,1816,2637,377,7.8,1.6,1.4,3.5,41.9,49.4,44.0,20.7,,
3121209,Delfinópolis,MG,0,6314,1621,1737,2458,314,7.0,2.1,1.4,2.8,44.4,49.1,45.2,26.0,,
3121258,Delta,MG,0,7483,1685,2717,2400,363,6.6,1.3,2.0,3.0,61.3,34.0,61.9,22.2,3520103,Igarapava/SP
3121308,Descoberto,MG,0,4548,942,1698,1406,326,9.5,2.1,1.3,5.6,57.0,34.0,59.4,19.7,,
3121407,Desterro De Entre Rios,MG,0,6445,1340,1533,2762,409,8.7,2.8,1.2,3.6,38.0,51.7,41.0,18.6,,
3121506,Desterro Do Melo,MG,0,4211,736,1424,1552,276,8.5,2.8,2.0,3.4,52.8,37.6,55.3,14.3,,
3121605,Diamantina,MG,0,38586,10290,16583,8152,2213,8.2,1.6,1.9,4.0,66.2,26.5,68.7,24.9,,
3121704,Diogo De Vasconcelos,MG,0,3860,966,1814,709,156,5.8,1.2,1.2,3.0,74.8,18.8,76.2,20.3,,
3121803,Dionísio,MG,0,6910,2138,2536,1809,244,5.3,1.1,1.1,2.4,58.2,36.9,58.6,29.3,,
3121902,Divinésia,MG,0,5015,1021,2293,1277,249,6.5,1.4,1.9,2.4,67.5,26.6,68.2,19.1,,
3122009,Divino,MG,0,16044,4392,5863,4774,537,4.8,1.1,1.1,2.1,57.5,38.0,57.5,25.7,,
3122108,Divino Das Laranjeiras,MG,0,4710,1218,1477,1672,193,5.8,1.4,1.7,1.9,48.6,45.9,48.9,32.0,,
3122207,Divinolândia De Minas,MG,0,6375,1813,2096,1860,325,7.6,1.0,1.5,4.5,59.2,35.1,60.8,34.2,,
3122306,Divinópolis,MG,0,171705,32009,49403,71478,11518,8.7,1.7,2.4,3.5,42.3,49.1,44.4,17.6,,
3122355,Divisa Alegre,MG,0,5228,1356,2047,1373,228,6.2,1.1,1.2,3.6,62.0,31.5,64.3,26.1,,
3122405,Divisa Nova,MG,0,5108,1208,1712,1753,243,6.5,1.9,1.8,2.2,50.8,42.7,52.0,20.8,,
3122454,Divisópolis,MG,0,7088,1836,2889,1853,234,4.7,1.8,1.0,1.4,65.8,29.1,67.8,25.5,,
3122470,Dom Bosco,MG,0,3779,862,1008,1656,171,6.0,1.9,1.3,2.7,46.1,49.5,46.7,23.9,,
3122504,Dom Cavati,MG,0,4341,857,1380,1731,202,6.1,0.8,2.5,2.3,46.4,49.0,46.5,19.0,,
3122603,Dom Joaquim,MG,0,4274,1228,1630,960,212,7.6,1.4,0.9,4.5,64.0,29.9,65.0,24.9,,
3122702,Dom Silvério,MG,0,4478,1094,1836,1137,223,7.0,0.9,0.7,4.9,65.1,26.7,68.0,22.3,,
3122801,Dom Viçoso,MG,0,3158,611,1010,1271,160,6.5,1.8,1.6,2.6,44.7,47.3,47.6,15.7,,
3122900,Dona Eusébia,MG,0,5779,969,2184,2154,294,6.3,1.2,2.1,2.8,54.4,40.9,56.0,16.5,,
3123007,Dores De Campos,MG,0,8082,1165,2540,3227,572,9.0,1.7,1.6,5.0,47.2,43.1,50.1,13.3,,
3123106,Dores De Guanhães,MG,0,5278,1548,1962,1336,182,5.2,1.4,1.0,2.3,63.0,31.9,63.6,27.7,,
3123205,Dores Do Indaiá,MG,0,10109,2542,2446,4269,507,7.0,2.5,1.3,2.6,39.2,53.6,40.8,28.4,,
3123304,Dores Do Turvo,MG,0,5453,1361,2123,1519,226,5.8,1.0,1.3,2.8,61.5,31.8,64.3,23.6,,
3123403,Doresópolis,MG,0,2217,678,514,867,93,6.3,2.0,0.8,2.9,45.5,48.5,47.6,31.2,,
3123502,Douradoquara,MG,0,2127,456,721,763,137,8.4,2.6,0.7,4.6,55.7,35.7,58.7,17.5,,
3123528,Durandé,MG,0,6586,1519,2470,2114,228,4.7,1.5,1.1,1.8,57.0,37.9,57.4,23.2,,
3123601,Elói Mendes,MG,0,19976,4338,5123,8279,1289,8.8,2.3,2.1,3.4,38.3,53.8,39.6,19.9,,
3123700,Engenheiro Caldas,MG,0,7790,1813,2560,2875,240,4.2,0.8,1.2,1.9,51.7,43.5,51.5,30.7,,
3123809,Engenheiro Navarro,MG,0,6173,1465,2920,1271,282,6.3,1.1,0.7,4.1,71.8,23.3,72.9,26.5,,
3123858,Entre Folhas,MG,0,5891,1334,2073,2150,160,3.6,0.6,1.3,0.9,51.6,44.2,51.1,24.2,,
3123908,Entre Rios De Minas,MG,0,12811,2848,4203,4146,1048,11.2,2.8,1.5,6.0,54.0,35.8,56.5,19.6,,
3124005,Ervália,MG,0,16479,3262,6779,4244,984,8.2,2.0,2.2,3.3,65.6,27.6,67.1,16.5,,
3124104,Esmeraldas,MG,0,56992,13634,18840,17976,3829,9.4,2.3,2.0,3.8,51.8,40.1,53.0,22.1,3106200,Belo Horizonte/MG
3124203,Espera Feliz,MG,0,18168,4081,6041,6308,940,7.1,1.2,2.2,3.2,52.0,42.9,52.1,22.4,,
3124302,Espinosa,MG,0,23564,4860,10628,6420,970,5.4,0.7,1.1,3.4,65.1,30.1,66.7,21.8,,
3124401,Espírito Santo Do Dourado,MG,0,5532,1228,1645,2178,261,6.4,1.8,1.1,3.0,48.6,43.8,50.6,18.6,,
3124500,Estiva,MG,0,9545,1732,2556,4164,657,8.9,2.3,2.0,3.7,41.5,48.8,44.0,16.9,,
3124609,Estrela Dalva,MG,0,2914,741,1179,761,124,6.0,1.2,1.0,3.6,61.5,32.7,63.5,21.9,,
3124708,Estrela Do Indaiá,MG,0,2723,686,830,986,116,6.0,1.5,1.4,2.5,47.8,45.0,49.7,26.3,,
3124807,Estrela Do Sul,MG,0,5930,1284,2209,1988,246,5.5,2.1,1.4,1.7,58.6,36.3,57.9,22.6,,
3124906,Eugenópolis,MG,0,8752,1741,2877,3482,357,5.3,1.4,1.7,1.9,50.0,44.9,51.3,20.3,,
3125002,Ewbank Da Câmara,MG,0,4497,991,1967,1239,164,4.9,1.3,1.4,2.0,67.0,28.7,67.3,18.8,3136702,Juiz de Fora/MG
3125101,Extrema,MG,0,43712,11317,10793,16484,3235,10.6,1.4,3.3,4.3,41.9,49.2,43.9,23.6,,
3125200,Fama,MG,0,3353,895,864,1328,156,6.6,1.4,1.9,2.3,47.3,47.6,46.1,24.6,,
3125309,Faria Lemos,MG,0,3325,672,1385,998,146,5.8,1.0,1.4,2.6,61.0,33.4,62.5,20.3,,
3125408,Felício Dos Santos,MG,0,5047,1729,1818,1015,268,8.6,1.0,1.1,4.9,60.6,29.0,65.6,33.6,,
3125507,São Gonçalo Do Rio Preto,MG,0,3128,938,1416,482,138,6.8,1.3,1.3,3.0,75.4,17.3,77.6,29.8,,
3125606,Felisburgo,MG,0,5960,1872,2471,1180,216,5.6,1.0,1.1,3.1,70.3,23.2,72.5,32.1,,
3125705,Felixlândia,MG,0,12556,3274,4475,3634,660,7.5,2.3,0.9,3.7,56.5,34.9,58.5,26.5,,
3125804,Fernandes Tourinho,MG,0,2576,583,819,980,92,4.9,0.6,1.3,2.3,48.7,45.4,48.4,29.7,,
3125903,Ferros,MG,0,8590,2596,3407,1866,335,6.0,1.3,1.4,2.6,66.5,27.2,68.3,28.6,,
3125952,Fervedouro,MG,0,8564,1630,3311,2933,311,4.7,1.2,1.1,2.1,57.7,37.0,58.8,17.5,,
3126000,Florestal,MG,0,6984,1534,2127,2412,640,12.4,3.5,2.4,4.7,48.5,41.5,52.6,20.3,,
3126109,Formiga,MG,0,54476,12177,12491,22936,4360,11.0,3.4,2.7,3.7,36.4,53.3,37.8,21.4,,
3126208,Formoso,MG,0,6282,1438,2304,2064,306,6.5,3.1,0.8,2.6,61.6,33.5,61.0,23.4,,
3126307,Fortaleza De Minas,MG,0,3215,840,835,1177,215,9.7,3.3,1.4,4.5,42.0,49.6,44.4,29.0,3147907,Passos/SP
3126406,Fortuna De Minas,MG,0,3012,530,1188,978,220,9.2,2.4,1.1,4.4,60.7,32.8,62.1,13.8,,
3126505,Francisco Badaró,MG,0,7239,2615,2670,1383,284,6.5,1.6,1.5,2.8,70.0,23.7,71.8,36.3,,
3126604,Francisco Dumont,MG,0,4726,1406,1763,1230,184,5.8,1.3,0.5,3.8,60.8,32.7,61.8,25.4,,
3126703,Francisco Sá,MG,0,19570,4959,9160,4027,770,5.5,1.0,1.1,3.0,71.6,23.6,72.7,26.4,,
3126752,Franciscópolis,MG,0,5005,1591,1982,1109,152,4.7,1.1,1.1,2.2,69.8,25.6,71.1,33.0,,
3126802,Frei Gaspar,MG,0,5965,1544,2408,1525,184,4.5,1.1,1.2,1.8,67.3,28.6,68.7,27.0,,
3126901,Frei Inocêncio,MG,0,6787,1472,2670,2200,243,4.8,1.0,1.2,1.9,56.8,37.8,58.3,29.1,,
3126950,Frei Lagonegro,MG,0,3669,953,1482,853,225,8.8,1.3,1.2,6.0,66.7,27.5,69.2,25.2,,
3127008,Fronteira,MG,0,10748,2650,3656,3750,394,5.0,1.1,1.3,2.1,53.6,42.1,54.2,23.5,,
3127057,Fronteira Dos Vales,MG,0,4372,1200,2145,711,183,6.0,0.9,1.5,3.2,75.5,18.9,78.5,22.6,,
3127073,Fruta De Leite,MG,0,5143,1857,2115,634,234,7.8,1.4,1.0,5.1,77.7,17.5,80.8,37.0,,
3127107,Frutal,MG,0,42351,10962,10858,17384,1930,6.4,1.7,1.6,2.5,43.1,50.9,43.8,26.3,,
3127206,Funilândia,MG,0,5397,1206,1513,2088,384,9.6,2.6,1.4,4.1,44.5,46.1,45.8,21.3,,
3127305,Galiléia,MG,0,5434,1551,1734,1839,175,4.7,1.2,1.0,1.8,50.4,46.3,51.3,31.3,,
3127339,Gameleiras,MG,0,4725,951,2319,1162,168,4.6,1.7,0.6,2.0,67.1,28.1,68.7,22.4,,
3127354,Glaucilândia,MG,0,4010,788,2014,964,150,4.8,1.3,1.0,2.2,70.5,24.6,71.9,17.4,,
3127370,Goiabeira,MG,0,3104,750,825,1344,83,3.7,1.5,0.7,0.9,41.7,52.6,43.0,21.3,,
3127388,Goianá,MG,0,4491,1049,1536,1479,280,8.5,1.8,1.7,4.2,53.1,39.8,55.6,21.8,,
3127404,Gonçalves,MG,0,4111,1015,895,1747,283,9.7,3.2,1.6,3.7,34.7,53.6,37.6,24.4,,
3127503,Gonzaga,MG,0,4583,1341,1557,1243,196,6.5,2.1,1.3,2.6,58.7,33.8,62.2,35.7,,
3127602,Gouveia,MG,0,10625,2837,4310,2437,525,7.2,1.6,1.6,3.3,68.0,25.3,70.1,25.2,,
3127701,Governador Valadares,MG,0,193573,44932,48763,84782,8738,6.1,1.0,2.0,2.2,36.4,57.6,37.2,29.0,,
3127800,Grão Mogol,MG,0,12003,3761,5198,2254,353,4.5,1.0,0.9,2.2,72.4,22.4,74.2,30.1,,
3127909,Grupiara,MG,0,1789,368,542,734,99,7.2,2.6,1.1,3.0,47.8,46.1,40.6,21.2,,
3128006,Guanhães,MG,0,25045,8013,7571,7012,1321,8.3,1.4,1.6,4.3,53.9,39.0,56.0,30.6,,
3128105,Guapé,MG,0,10938,2738,2327,4621,731,9.5,2.4,1.4,4.3,36.6,57.6,37.4,23.6,,
3128204,Guaraciaba,MG,0,8024,1918,3539,1687,481,8.4,2.6,1.3,4.0,68.2,24.4,71.4,23.9,,
3128253,Guaraciama,MG,0,5315,1151,3123,720,176,4.4,0.8,1.1,2.4,81.3,14.3,83.5,19.1,,
3128303,Guaranésia,MG,0,14892,3492,5442,4435,884,8.2,2.0,1.6,3.8,56.7,36.1,58.6,23.5,,
3128402,Guarani,MG,0,6718,1514,2893,1718,332,6.7,1.5,1.5,3.0,65.0,29.4,66.3,21.3,,
3128501,Guarará,MG,0,3674,764,1305,1248,215,7.8,1.8,1.9,3.5,53.6,39.2,56.1,21.4,3106903,Bicas/MG
3128600,Guarda-Mor,MG,0,6295,1627,1580,2672,273,6.0,3.0,0.7,1.8,48.0,46.4,47.1,26.0,,
3128709,Guaxupé,MG,0,39360,9851,11785,13687,2376,8.5,2.0,2.0,3.2,48.3,43.4,50.5,23.0,,
3128808,Guidoval,MG,0,6718,1220,2751,2197,290,5.5,1.6,1.3,2.3,59.5,34.1,60.7,17.9,,
3128907,Guimarânia,MG,0,6658,1304,1691,2958,446,8.8,2.3,1.3,4.7,45.1,47.1,45.6,22.9,,
3129004,Guiricema,MG,0,7504,1488,3005,2237,403,7.1,1.8,1.5,3.1,61.1,33.0,62.7,17.7,,
3129103,Gurinhatã,MG,0,5083,1339,1402,1991,248,6.8,3.0,1.0,2.3,47.6,45.9,48.8,27.6,,
3129202,Heliodora,MG,0,5308,973,1758,1836,490,12.0,1.6,1.3,8.5,52.2,37.2,54.3,18.1,,
3129301,Iapu,MG,0,8427,2154,2541,3122,306,5.1,1.2,1.7,1.9,47.3,48.4,47.4,27.4,,
3129400,Ibertioga,MG,0,4944,1103,2191,1206,267,7.3,2.2,1.6,3.1,70.2,23.5,71.9,21.9,,
3129509,Ibiá,MG,0,16840,4258,4647,6563,820,6.8,2.0,1.4,2.5,49.8,44.0,50.1,26.4,,
3129608,Ibiaí,MG,0,6806,2056,3120,1192,223,4.9,1.4,0.9,2.4,75.2,20.1,76.2,31.9,,
3129657,Ibiracatu,MG,0,5860,1752,2971,860,125,3.2,0.8,0.7,1.5,76.5,18.6,77.8,32.7,,
3129707,Ibiraci,MG,0,9469,2241,2573,3930,434,6.3,1.8,1.6,2.0,41.5,53.2,42.1,22.3,,
3129806,Ibirité,MG,0,122338,23451,39349,43183,9992,10.8,2.0,2.8,4.8,48.1,43.2,49.8,19.1,3106200,Belo Horizonte/MG
3129905,Ibitiúra De Minas,MG,0,3709,859,620,1941,162,6.0,1.6,1.2,2.1,28.2,65.5,28.4,19.5,,
3130002,Ibituruna,MG,0,2602,578,828,984,115,6.0,2.0,1.1,2.8,49.8,41.2,51.8,21.3,,
3130051,Icaraí De Minas,MG,0,8823,2140,4311,1990,213,3.3,0.5,0.7,1.6,71.4,24.9,71.6,26.1,,
3130101,Igarapé,MG,0,35009,8048,9974,12689,2832,11.1,1.9,2.5,5.4,45.9,45.5,47.7,20.8,3106200,Belo Horizonte/MG
3130200,Igaratinga,MG,0,8345,1635,2111,3735,483,7.6,1.4,1.4,4.3,43.0,51.2,43.1,18.9,,
3130309,Iguatama,MG,0,6258,1534,2058,2098,282,6.3,1.5,1.5,2.6,53.7,40.3,54.1,22.5,,
3130408,Ijaci,MG,0,5796,1070,1877,2122,362,8.3,2.1,2.0,3.2,47.7,40.2,52.4,16.2,3138203,Lavras/MG
3130507,Ilicínea,MG,0,9938,2293,3237,3635,430,5.9,1.5,1.0,2.9,50.9,43.5,51.3,20.9,,
3130556,Imbé De Minas,MG,0,5725,1238,2254,1865,208,4.8,0.7,1.2,2.5,58.5,37.0,57.8,20.4,,
3130606,Inconfidentes,MG,0,6559,1480,1802,2711,340,7.0,1.6,1.7,3.0,42.4,50.0,43.0,19.5,,
3130655,Indaiabira,MG,0,6438,1864,2280,1912,169,3.9,0.7,0.8,2.0,55.4,39.5,56.8,32.5,,
3130705,Indianópolis,MG,0,5187,1090,1785,1855,290,7.4,2.0,1.8,3.1,54.4,41.0,54.4,19.5,,
3130804,Ingaí,MG,0,2824,496,1043,991,149,6.8,2.2,1.5,2.2,56.4,35.3,58.8,13.8,,
3130903,Inhapim,MG,0,19666,4836,5930,7661,675,4.7,1.1,1.3,1.9,45.3,49.7,45.5,25.8,,
3131000,Inhaúma,MG,0,5730,1220,1771,2145,340,8.0,2.4,1.4,3.3,50.6,42.1,52.0,19.3,3167202,Sete Lagoas/MG
3131109,Inimutaba,MG,0,6575,1763,2195,1966,390,8.6,2.9,1.4,3.4,60.6,33.2,60.2,23.7,3120904,Curvelo/MG
3131158,Ipaba,MG,0,13853,3416,4196,5081,688,6.9,1.0,1.7,3.8,48.8,46.2,49.3,28.4,3131307,Ipatinga/MG
3131208,Ipanema,MG,0,16009,4449,4884,5573,577,5.2,1.1,1.1,2.6,49.1,45.8,49.8,26.6,,
3131307,Ipatinga,MG,0,176630,43053,40448,78548,9541,7.4,1.1,2.2,3.1,33.9,59.4,34.9,23.1,3131307,Ipatinga/MG
3131406,Ipiaçu,MG,0,3926,1153,1331,1205,150,5.6,1.9,1.0,2.4,61.2,34.0,61.4,26.7,,
3131505,Ipuiúna,MG,0,7715,1563,1994,3447,435,7.4,2.2,2.0,2.5,43.4,49.4,44.7,18.8,,
3131604,Iraí De Minas,MG,0,6872,1400,1801,3134,306,5.8,1.6,1.0,2.9,46.3,49.9,45.0,18.1,,
3131703,Itabira,MG,0,88413,15960,30883,29588,6992,10.4,2.2,2.4,4.4,50.2,39.0,53.8,18.0,,
3131802,Itabirinha,MG,0,8908,1825,3105,3363,318,4.7,1.2,1.5,1.6,50.4,44.6,51.8,23.1,,
3131901,Itabirito,MG,0,45012,9837,13370,14845,4363,13.4,3.2,2.9,5.5,50.3,37.3,54.7,19.4,,
3132008,Itacambira,MG,0,4825,1164,2521,796,177,5.1,1.2,0.8,2.5,77.4,17.1,79.9,23.3,,
3132107,Itacarambi,MG,0,14164,4286,6033,2908,451,4.8,0.9,1.2,2.5,69.9,26.0,70.8,31.6,,
3132206,Itaguara,MG,0,10982,2131,3019,4135,988,12.1,3.2,1.9,5.5,43.4,44.6,45.9,18.8,,
3132305,Itaipé,MG,0,9564,2945,3520,2249,408,6.6,0.9,1.7,3.4,66.5,27.2,68.6,34.6,,
3132404,Itajubá,MG,0,68385,13689,15948,31458,4540,8.7,1.6,2.6,3.2,32.7,57.8,34.5,22.5,3132404,Itajubá/MG
3132503,Itamarandiba,MG,0,26424,6415,8824,7751,2183,11.6,1.1,1.8,8.4,60.5,33.0,62.6,24.9,,
3132602,Itamarati De Minas,MG,0,3881,802,1568,1142,210,7.2,2.1,1.1,3.5,60.8,33.4,61.0,19.5,,
3132701,Itambacuri,MG,0,18385,5865,7168,4019,603,5.1,0.8,1.6,2.3,66.8,29.0,67.5,33.8,,
3132800,Itambé Do Mato Dentro,MG,0,2720,655,1165,648,141,7.2,3.0,0.8,2.7,64.3,26.4,68.4,19.0,,
3132909,Itamogi,MG,0,9062,2209,2530,3466,456,7.1,1.6,2.0,2.9,44.7,48.3,46.2,23.6,,
3133006,Itamonte,MG,0,12325,2737,2935,5436,708,7.8,1.8,1.8,3.6,37.5,54.0,39.3,20.6,,
3133105,Itanhandu,MG,0,12883,2928,3542,4961,988,10.4,2.5,2.6,4.5,43.1,46.9,45.9,20.5,,
3133204,Itanhomi,MG,0,9623,2636,3242,3026,366,5.5,1.2,1.1,3.0,55.1,40.3,56.1,29.2,,
3133303,Itaobim,MG,0,16895,4977,6035,4668,514,4.6,0.8,1.3,2.2,58.7,36.8,59.3,28.9,,
3133402,Itapagipe,MG,0,10384,2479,2767,4280,613,8.0,1.8,1.3,4.5,44.7,47.9,46.0,23.3,,
3133501,Itapecerica,MG,0,17090,2744,5723,6604,1087,8.1,2.1,1.8,3.4,53.0,39.4,53.8,18.8,,
3133600,Itapeva,MG,0,9518,2492,1977,4198,435,6.6,1.1,2.3,2.3,36.5,56.2,38.0,24.0,,
3133709,Itatiaiuçu,MG,0,12385,2777,2773,5524,765,8.4,1.9,1.7,3.6,38.7,54.1,40.1,20.8,3133808,Itaúna/MG
3133758,Itaú De Minas,MG,0,12435,3028,2966,4945,948,10.7,2.3,1.8,5.2,38.5,51.9,41.4,23.6,,
3133808,Itaúna,MG,0,70855,14843,14521,33311,5012,9.5,2.1,2.3,3.6,32.5,58.5,33.6,19.7,3133808,Itaúna/MG
3133907,Itaverava,MG,0,5696,965,2277,1811,335,7.6,1.8,1.8,3.4,60.0,32.4,61.9,17.3,,
3134004,Itinga,MG,0,11490,3282,5602,1991,236,3.0,0.8,0.9,1.1,77.3,19.7,78.1,31.2,,
3134103,Itueta,MG,0,5084,1115,1301,2381,142,3.7,0.9,1.1,1.1,35.6,59.8,36.5,24.3,,
3134202,Ituiutaba,MG,0,77491,20386,25289,25059,4920,8.9,2.9,2.0,3.5,55.2,38.6,55.8,24.2,,
3134301,Itumirim,MG,0,5825,1119,1967,1989,419,9.6,2.6,2.2,3.6,52.1,37.5,55.5,21.2,3138203,Lavras/MG
3134400,Iturama,MG,0,30000,7951,9402,10613,1279,6.0,1.5,1.6,2.4,53.1,42.2,53.2,24.8,,
3134509,Itutinga,MG,0,3559,682,1254,1198,195,7.4,2.3,1.9,2.4,60.7,32.1,62.9,20.6,,
3134608,Jaboticatubas,MG,0,16254,3804,5241,5355,1196,10.1,2.5,1.4,5.0,50.4,40.2,52.9,20.7,,
3134707,Jacinto,MG,0,9221,2871,3705,2016,219,3.7,0.6,1.3,1.6,65.2,30.2,67.3,28.9,,
3134806,Jacuí,MG,0,6410,1529,1091,3065,440,9.6,2.9,2.1,3.4,27.6,63.7,29.5,26.7,,
3134905,Jacutinga,MG,0,19258,4444,3173,10033,958,6.8,1.6,2.1,2.3,26.3,66.3,27.7,23.0,,
3135001,Jaguaraçu,MG,0,3209,617,1053,1311,110,4.5,0.6,1.1,2.3,46.2,48.4,47.8,20.4,3131307,Ipatinga/MG
3135050,Jaíba,MG,0,27130,6689,10039,8580,912,4.7,0.9,1.1,2.3,60.6,35.5,60.6,23.7,,
3135076,Jampruca,MG,0,4243,1136,1844,1014,103,3.5,0.7,0.8,1.2,68.8,26.9,70.5,28.8,,
3135100,Janaúba,MG,0,55304,12381,20155,18164,2554,6.2,1.2,1.4,3.1,54.5,40.0,55.6,22.9,3135100,Janaúba/MG
3135209,Januária,MG,0,51291,14736,24776,8458,1837,5.2,1.4,1.4,2.0,73.4,21.3,75.6,30.0,,
3135308,Japaraíba,MG,0,3685,623,1018,1590,329,11.2,3.8,2.0,4.4,44.7,44.1,47.1,16.2,3137205,Lagoa da Prata/MG
3135357,Japonvar,MG,0,8549,2213,4222,1500,259,4.3,1.0,0.8,2.4,77.9,17.0,79.7,27.1,,
3135407,Jeceaba,MG,0,5837,1051,2061,1883,547,12.2,2.7,2.9,5.9,59.3,32.1,62.5,19.0,3118304,Conselheiro Lafaiete/MG
3135456,Jenipapo De Minas,MG,0,6076,2253,2286,1036,246,6.9,1.1,1.2,4.2,73.2,22.0,75.5,37.6,,
3135506,Jequeri,MG,0,10390,2855,4313,2287,403,5.8,1.5,1.1,2.7,67.2,27.1,69.2,25.6,,
3135605,Jequitaí,MG,0,6548,2100,2667,1303,220,5.2,0.9,0.9,3.0,70.6,24.0,70.5,32.3,,
3135704,Jequitibá,MG,0,5903,1154,1916,2148,438,9.7,2.7,1.2,3.9,47.8,44.0,49.3,20.2,,
3135803,Jequitinhonha,MG,0,18092,5773,8358,2866,476,4.1,0.9,1.0,1.9,75.0,20.9,76.4,31.6,,
3135902,Jesuânia,MG,0,4445,998,1242,1705,312,9.6,3.1,1.3,4.3,44.6,47.0,44.6,22.1,,
3136009,Joaíma,MG,0,11145,3495,5021,1834,284,4.0,0.7,0.9,2.2,75.0,21.1,76.3,32.9,,
3136108,Joanésia,MG,0,5118,1505,1694,1544,191,5.6,1.6,0.9,2.5,55.2,38.3,56.8,29.1,,
3136207,João Monlevade,MG,0,61219,14310,19003,21256,3931,8.9,1.9,2.2,3.5,47.7,43.1,49.6,21.0,3136207,João Monlevade/MG
3136306,João Pinheiro,MG,0,38832,10231,10009,15663,1829,6.7,1.8,1.4,2.9,47.0,47.9,46.9,26.1,,
3136405,Joaquim Felício,MG,0,3756,1172,1225,1069,145,6.0,1.4,1.2,2.5,55.7,36.3,57.2,29.4,,
3136504,Jordânia,MG,0,7734,2266,2913,1962,250,4.9,1.1,1.2,2.2,62.0,33.6,64.9,29.8,,
3136520,José Gonçalves De Minas,MG,0,3806,1095,1579,773,188,7.4,1.7,1.1,3.6,70.4,22.8,72.5,30.9,,
3136553,José Raydan,MG,0,4368,1449,1575,1035,145,5.3,1.8,1.3,1.8,62.8,31.4,64.8,34.2,,
3136579,Josenópolis,MG,0,3576,1193,1424,697,91,4.1,0.8,0.9,2.4,73.5,22.5,75.3,34.7,,
3136603,Nova União,MG,0,5802,1494,1914,1723,454,11.1,2.5,1.5,6.3,57.7,33.9,58.3,23.3,,
3136652,Juatuba,MG,0,25040,5725,7798,8452,1852,10.2,2.1,2.8,4.2,47.5,43.9,49.1,20.2,3106200,Belo Horizonte/MG
3136702,Juiz De Fora,MG,0,395457,72952,151552,126964,27174,8.9,1.7,2.6,3.4,52.6,38.4,56.1,20.5,3136702,Juiz de Fora/MG
3136801,Juramento,MG,0,4669,972,2177,1202,154,4.4,1.2,1.0,1.9,68.0,26.7,69.4,19.0,,
3136900,Juruaia,MG,0,9242,1736,2072,4476,665,9.2,2.2,1.8,4.3,37.1,55.1,38.4,18.4,,
3136959,Juvenília,MG,0,5569,1642,2241,1327,193,5.1,1.4,0.8,2.5,66.8,28.7,67.9,31.9,,
3137007,Ladainha,MG,0,12287,4163,4853,2209,341,4.6,0.6,1.0,2.3,71.9,22.7,74.8,35.8,,
3137106,Lagamar,MG,0,6403,1439,1766,2754,286,6.0,2.0,0.8,2.6,44.2,49.2,43.8,23.6,,
3137205,Lagoa Da Prata,MG,0,37445,8958,8554,16332,2234,8.2,1.3,2.3,3.0,37.2,54.8,38.3,21.8,3137205,Lagoa da Prata/MG
3137304,Lagoa Dos Patos,MG,0,3774,1034,1412,1028,161,6.2,1.7,1.0,3.1,61.3,33.6,63.5,29.8,,
3137403,Lagoa Dourada,MG,0,10425,1657,3223,4044,800,9.9,1.7,4.5,3.1,47.3,43.7,50.0,14.2,,
3137502,Lagoa Formosa,MG,0,15873,2871,4301,7159,944,7.6,2.8,1.7,2.5,43.2,48.8,44.7,17.6,,
3137536,Lagoa Grande,MG,0,7611,1743,2480,2808,400,7.0,2.5,0.9,3.3,56.3,38.7,56.1,22.8,,
3137601,Lagoa Santa,MG,0,54891,11264,13679,23793,4056,9.8,2.1,2.5,3.8,36.1,54.4,38.5,19.2,3106200,Belo Horizonte/MG
3137700,Lajinha,MG,0,16637,3527,5181,6740,561,4.5,0.9,1.2,1.9,48.1,47.8,48.2,17.9,,
3137809,Lambari,MG,0,17336,4141,4210,7328,980,7.8,1.9,1.9,3.4,35.8,57.0,36.5,21.6,,
3137908,Lamim,MG,0,3521,764,1569,770,238,9.2,2.4,3.3,3.2,72.2,21.9,73.7,20.1,,
3138005,Laranjal,MG,0,5921,1253,1997,2286,211,4.7,1.2,1.4,1.9,50.0,45.8,50.2,18.9,,
3138104,Lassance,MG,0,6216,1827,2284,1542,341,8.2,1.3,0.9,5.4,64.3,30.5,65.3,27.7,,
3138203,Lavras,MG,0,75558,18298,21474,26718,5084,9.5,2.2,2.5,3.6,45.6,44.2,48.5,20.6,3138203,Lavras/MG
3138302,Leandro Ferreira,MG,0,3322,747,845,1462,165,6.7,1.7,1.5,2.9,42.0,50.8,43.1,20.7,3145208,Nova Serrana/MG
3138351,Leme Do Prado,MG,0,4360,1295,1899,819,208,7.1,1.2,1.5,3.7,71.4,22.4,73.1,31.1,,
3138401,Leopoldina,MG,0,40162,9715,15286,11528,2234,7.7,1.7,2.2,3.1,57.8,35.5,59.9,22.5,,
3138500,Liberdade,MG,0,4275,829,1726,1312,227,7.0,2.2,1.2,2.8,60.2,29.5,64.6,21.6,,
3138609,Lima Duarte,MG,0,14497,3569,6206,3278,822,8.0,1.8,2.1,3.4,67.6,25.4,70.4,22.9,,
3138625,Limeira Do Oeste,MG,0,6632,1378,2371,2461,250,4.9,1.3,1.0,2.4,55.3,40.7,56.2,18.3,,
3138658,Lontra,MG,0,8567,2291,3842,1895,304,5.0,0.9,1.2,2.9,72.8,22.1,73.6,28.5,,
3138674,Luisburgo,MG,0,5861,1216,1632,2491,327,7.3,1.8,1.4,3.3,39.1,52.9,40.0,20.9,,
3138682,Luislândia,MG,0,6783,1927,3584,911,213,4.5,0.7,1.2,2.5,81.3,15.1,82.8,29.4,,
3138708,Luminárias,MG,0,4351,686,1621,1470,275,8.2,2.2,2.2,2.8,54.6,36.6,55.4,18.2,,
3138807,Luz,MG,0,14672,3993,3641,5713,761,7.5,1.8,1.5,3.2,42.1,51.8,41.9,27.4,,
3138906,Machacalis,MG,0,5799,1327,2419,1629,244,5.7,1.0,1.8,2.5,62.9,32.8,64.7,26.1,,
3139003,Machado,MG,0,30436,7267,7234,13011,1518,7.0,1.3,1.8,3.1,37.1,55.9,38.5,21.7,,
3139102,Madre De Deus De Minas,MG,0,4478,825,1676,1458,263,7.7,2.0,0.9,3.8,58.5,33.6,61.1,16.6,,
3139201,Malacacheta,MG,0,15507,4871,5763,3776,493,4.9,0.9,1.0,2.6,64.5,30.2,66.0,33.8,,
3139250,Mamonas,MG,0,6126,1098,2990,1578,322,6.6,0.5,0.9,4.8,67.5,26.4,69.3,17.1,,
3139300,Manga,MG,0,16127,4594,6711,3883,405,3.7,0.7,0.8,1.7,64.8,31.1,65.7,29.7,,
3139409,Manhuaçu,MG,0,62011,14307,17692,25075,2921,6.4,1.2,1.8,2.6,43.2,50.3,44.0,22.4,,
3139508,Manhumirim,MG,0,17013,4340,5574,5762,731,6.1,1.3,1.4,2.6,48.5,44.8,50.0,24.5,,
3139607,Mantena,MG,0,19156,4320,5172,8400,744,5.2,1.2,1.6,1.9,39.6,54.7,41.2,28.6,,
3139706,Maravilhas,MG,0,6311,1115,1616,2874,490,9.8,2.5,1.7,4.9,42.6,49.6,43.9,16.9,,
3139805,Mar De Espanha,MG,0,10443,2024,3419,3980,593,7.4,2.1,1.8,2.9,50.2,42.7,53.5,17.3,,
3139904,Maria Da Fé,MG,0,12214,2502,3222,5267,756,8.2,1.9,1.9,3.2,34.9,55.1,37.0,17.8,,
3140001,Mariana,MG,0,52424,12254,21541,11762,3703,10.0,1.5,2.4,5.1,65.8,26.1,69.4,19.4,,
3140100,Marilac,MG,0,4681,1189,1798,1303,203,6.1,1.0,2.1,2.5,65.2,30.0,66.1,30.2,,
3140159,Mário Campos,MG,0,12178,2361,3583,4662,910,9.9,2.2,1.9,4.8,45.6,45.9,47.5,19.5,3106200,Belo Horizonte/MG
3140209,Maripá De Minas,MG,0,3150,664,1026,1163,176,7.4,1.2,1.1,4.1,48.3,45.5,49.0,19.7,,
3140308,Marliéria,MG,0,4514,1026,1556,1591,204,6.1,1.6,1.2,2.7,50.5,42.4,52.7,21.1,3131307,Ipatinga/MG
3140407,Marmelópolis,MG,0,3077,661,989,1090,197,8.7,2.8,1.4,3.6,45.4,44.8,50.2,18.9,,
3140506,Martinho Campos,MG,0,11161,2680,2379,5071,632,7.8,1.8,1.5,3.7,38.8,53.7,38.4,25.0,,
3140530,Martins Soares,MG,0,8197,1874,2912,2812,309,5.1,1.0,1.4,2.5,54.8,41.0,53.2,21.8,,
3140555,Mata Verde,MG,0,7529,1719,2922,2357,275,5.0,1.7,1.3,1.8,57.2,37.1,61.0,23.9,,
3140605,Materlândia,MG,0,4509,1638,1867,635,158,5.9,1.2,1.6,2.4,75.8,19.5,77.4,37.1,,
3140704,Mateus Leme,MG,0,29334,7636,7717,10122,2304,11.4,2.8,2.4,4.8,45.8,45.4,47.1,22.9,,
3140803,Matias Barbosa,MG,0,11981,2537,4471,3810,679,7.6,1.3,2.2,3.1,54.2,39.3,56.7,19.8,3136702,Juiz de Fora/MG
3140852,Matias Cardoso,MG,0,7349,1829,3616,1518,192,3.6,0.6,0.8,1.9,70.4,24.8,72.1,26.7,,
3140902,Matipó,MG,0,15216,3262,5578,5263,460,4.1,0.7,1.1,1.9,54.8,41.0,54.7,19.0,,
3141009,Mato Verde,MG,0,10840,1930,5025,3103,369,4.3,0.5,1.2,2.3,61.6,33.6,63.1,18.9,,
3141108,Matozinhos,MG,0,30120,6688,9068,10341,2457,11.2,2.8,2.4,4.8,47.9,42.7,49.1,19.8,3141108,Matozinhos/MG
3141207,Matutina,MG,0,3386,778,848,1440,176,7.1,3.2,0.8,2.4,47.0,45.9,46.4,27.5,,
3141306,Medeiros,MG,0,3335,778,852,1454,153,6.2,1.0,1.3,2.8,38.4,54.6,39.4,22.6,,
3141405,Medina,MG,0,16321,4381,7026,3738,442,3.9,0.6,1.0,2.1,67.8,28.5,68.5,28.6,,
3141504,Mendes Pimentel,MG,0,4977,1292,1727,1597,190,5.4,1.1,1.0,2.6,53.5,39.2,56.1,28.9,,
3141603,Mercês,MG,0,8100,1657,3396,2148,513,8.5,1.6,2.0,4.3,64.9,28.4,67.6,22.7,,
3141702,Mesquita,MG,0,5447,1755,1678,1643,199,5.7,1.1,1.0,3.0,52.2,41.9,53.0,31.1,,
3141801,Minas Novas,MG,0,22788,8015,9519,3576,586,4.3,0.7,1.0,2.3,76.9,18.8,78.8,37.8,,
3141900,Minduri,MG,0,3240,737,1115,1107,136,5.8,1.1,1.0,3.2,50.8,42.4,50.8,21.7,,
3142007,Mirabela,MG,0,10866,2157,5330,2521,534,6.4,0.8,1.1,4.2,70.1,25.0,72.2,26.0,,
3142106,Miradouro,MG,0,8125,1707,3113,2649,311,5.1,1.4,1.1,2.1,57.9,37.2,59.4,18.7,,
3142205,Miraí,MG,0,10695,2366,3298,4092,510,6.5,1.6,1.5,3.0,47.3,46.8,48.4,23.4,,
3142254,Miravânia,MG,0,4128,1400,1747,672,169,6.5,1.1,1.1,3.9,74.5,20.6,76.2,35.2,,
3142304,Moeda,MG,0,5316,1012,1734,1943,401,9.8,2.2,1.9,4.7,46.5,43.9,50.0,15.1,,
3142403,Moema,MG,0,6829,1409,1844,2900,452,8.7,3.0,1.5,3.4,44.5,47.8,45.6,22.6,,
3142502,Monjolos,MG,0,2627,932,908,601,97,6.0,2.2,0.8,2.7,63.8,30.4,65.8,30.0,,
3142601,Monsenhor Paulo,MG,0,6960,1605,2146,2609,281,5.6,1.3,1.3,2.4,48.5,44.2,49.2,21.6,,
3142700,Montalvânia,MG,0,13202,3829,5627,2836,430,4.8,1.2,0.8,2.5,68.6,26.8,69.9,31.5,,
3142809,Monte Alegre De Minas,MG,0,15409,4233,4677,5288,713,6.7,3.2,1.1,1.8,52.9,40.7,52.2,27.6,,
3142908,Monte Azul,MG,0,17843,3536,7858,5113,624,4.6,0.7,1.2,2.2,59.7,35.5,60.5,21.2,,
3143005,Monte Belo,MG,0,10838,2386,3272,4180,588,7.3,2.0,1.8,2.8,48.2,43.9,49.6,22.4,,
3143104,Monte Carmelo,MG,0,35703,8147,11046,13186,2078,7.9,2.8,1.5,2.8,51.1,42.3,51.7,22.9,,
3143153,Monte Formoso,MG,0,4603,1534,1968,708,181,6.3,0.5,1.1,4.3,73.9,19.9,77.7,37.1,,
3143203,Monte Santo De Minas,MG,0,17062,4819,4199,6241,931,8.2,2.1,1.5,3.4,44.0,47.1,45.8,26.3,,
3143302,Montes Claros,MG,0,283875,50526,94112,108875,18087,8.2,1.6,1.9,3.7,46.6,44.9,48.8,19.0,,
3143401,Monte Sião,MG,0,18682,3989,2794,10553,788,5.6,1.3,1.6,2.1,23.2,70.3,23.5,21.7,,
3143450,Montezuma,MG,0,5966,1474,2608,1440,197,4.6,1.1,1.1,2.1,65.4,26.8,69.4,28.5,,
3143500,Morada Nova De Minas,MG,0,7207,1563,2002,3104,271,5.0,1.3,0.9,2.2,45.4,49.4,45.0,25.2,,
3143609,Morro Da Garça,MG,0,3045,843,1302,668,146,6.9,2.5,0.7,3.0,69.1,25.2,70.1,25.3,,
3143708,Morro Do Pilar,MG,0,3968,1166,1435,906,242,9.4,1.9,0.6,6.5,68.3,25.8,71.0,25.3,,
3143807,Munhoz,MG,0,6066,1351,1587,2654,253,5.6,2.0,1.4,1.9,45.2,48.8,45.9,20.4,,
3143906,Muriaé,MG,0,78840,15856,25203,30669,3940,6.6,1.6,1.9,2.3,45.7,48.1,47.1,19.7,,
3144003,Mutum,MG,0,21564,5075,6442,8657,787,5.0,1.3,1.3,2.1,47.3,48.2,48.0,22.9,,
3144102,Muzambinho,MG,0,17966,4189,5075,7138,941,7.2,2.0,1.9,2.5,43.3,49.2,44.8,22.6,,
3144201,Nacip Raydan,MG,0,2825,922,1046,627,110,6.2,1.4,1.5,2.8,65.6,30.0,67.3,38.0,,
3144300,Nanuque,MG,0,29314,8768,9175,9501,899,4.6,0.9,1.2,1.8,49.1,46.3,50.0,30.8,,
3144359,Naque,MG,0,5485,1471,2004,1642,163,4.3,0.7,0.9,2.4,56.9,38.8,57.4,25.5,3131307,Ipatinga/MG
3144375,Natalândia,MG,0,3571,828,1319,1154,187,7.0,1.7,1.7,3.4,61.4,33.9,61.4,22.4,,
3144409,Natércia,MG,0,4090,836,990,1700,335,11.1,3.2,2.0,4.4,35.1,52.6,37.8,21.1,,
3144508,Nazareno,MG,0,6298,1040,2558,1963,398,8.1,2.5,1.2,3.6,63.5,29.1,65.5,19.1,,
3144607,Nepomuceno,MG,0,20890,5408,5909,7270,1327,9.2,2.6,1.8,3.9,46.1,45.7,48.0,23.8,,
3144656,Ninheira,MG,0,8803,2517,3440,1904,465,8.0,1.8,1.4,4.2,64.2,26.8,69.2,32.8,,
3144672,Nova Belém,MG,0,3553,875,1258,1179,122,4.8,1.6,0.8,1.9,54.4,40.7,55.6,28.7,,
3144706,Nova Era,MG,0,15012,3828,5702,3947,864,8.2,1.6,1.7,3.7,56.1,35.3,59.0,23.6,,
3144805,Nova Lima,MG,0,77107,13608,25643,27750,6834,11.3,2.5,2.8,4.4,47.6,41.0,51.1,19.2,3106200,Belo Horizonte/MG
3144904,Nova Módica,MG,0,3589,868,1411,1042,141,5.4,1.2,1.2,2.3,60.2,33.6,61.7,28.9,,
3145000,Nova Ponte,MG,0,13442,3391,3684,5375,583,6.0,1.8,1.9,1.9,48.1,46.6,48.4,24.5,,
3145059,Nova Porteirinha,MG,0,6102,1072,2737,1829,254,5.3,1.0,1.2,2.8,63.6,31.7,64.4,17.3,3135100,Janaúba/MG
3145109,Nova Resende,MG,0,13447,2666,3293,6135,760,7.5,1.6,1.7,3.6,39.8,52.6,40.6,19.0,,
3145208,Nova Serrana,MG,0,67377,11542,11437,38660,3719,6.9,1.0,2.1,3.1,27.4,66.8,27.7,18.5,3145208,Nova Serrana/MG
3145307,Novo Cruzeiro,MG,0,24963,9102,9854,4310,566,3.8,1.0,1.0,1.6,75.0,20.7,76.7,39.3,,
3145356,Novo Oriente De Minas,MG,0,9100,3068,3540,1750,288,5.2,0.9,1.4,2.4,70.4,24.5,73.5,34.8,,
3145372,Novorizonte,MG,0,4973,1252,1877,1436,162,4.7,0.9,0.9,2.5,59.9,33.8,62.7,27.1,,
3145406,Olaria,MG,0,2313,513,929,624,160,9.3,1.3,1.3,5.5,65.5,27.6,68.1,21.2,,
3145455,Olhos D'Água,MG,0,5281,1247,2554,1066,256,6.6,0.8,1.4,4.0,74.7,20.7,76.5,26.1,,
3145505,Olímpio Noronha,MG,0,2869,704,964,881,184,9.1,2.6,2.7,2.2,59.6,33.0,59.3,22.1,,
3145604,Oliveira,MG,0,33504,7364,10180,11980,2218,9.1,2.4,2.0,3.4,47.7,42.4,49.7,19.9,,
3145703,Oliveira Fortes,MG,0,2731,577,1239,654,142,7.0,2.1,2.1,2.6,70.3,23.1,72.0,17.0,,
3145802,Onça De Pitangui,MG,0,3368,674,828,1551,222,8.5,3.0,1.0,4.1,39.4,53.5,39.0,20.0,,
3145851,Oratórios,MG,0,4326,871,2241,824,188,5.8,1.4,1.8,2.4,74.3,20.4,76.3,21.6,3152105,Ponte Nova/MG
3145877,Orizânia,MG,0,6817,1636,2489,2247,264,5.3,1.8,1.0,2.0,55.3,39.3,55.1,22.6,,
3145901,Ouro Branco,MG,0,30112,5281,10187,10891,2406,10.2,2.0,2.6,4.4,49.4,41.4,52.1,18.7,3118304,Conselheiro Lafaiete/MG
3146008,Ouro Fino,MG,0,25443,6501,4826,11490,1590,8.9,2.0,2.0,3.5,31.0,59.3,32.4,23.4,,
3146107,Ouro Preto,MG,0,64302,13819,28812,14272,4206,8.9,1.8,2.0,4.0,66.5,25.2,69.9,18.5,,
3146206,Ouro Verde De Minas,MG,0,7237,1973,2709,2123,197,3.9,1.5,1.0,1.2,60.1,35.7,60.5,28.4,,
3146255,Padre Carvalho,MG,0,5095,1819,1940,983,189,6.1,1.8,0.6,3.4,70.1,25.9,71.0,36.1,,
3146305,Padre Paraíso,MG,0,14207,4433,4904,3819,462,5.0,0.7,1.4,2.5,59.8,34.5,62.1,34.1,,
3146404,Paineiras,MG,0,3921,751,1474,1290,231,7.7,1.6,1.9,3.5,58.5,33.8,59.7,22.8,,
3146503,Pains,MG,0,6914,1517,1761,3007,415,8.0,2.2,1.5,3.7,46.2,47.2,46.8,19.9,,
3146552,Pai Pedro,MG,0,5550,1372,2736,1076,160,4.0,1.2,1.0,1.6,75.1,20.4,75.5,26.2,,
3146602,Paiva,MG,0,1859,364,778,506,135,9.5,1.5,1.9,5.9,63.8,27.9,66.3,20.4,,
3146701,Palma,MG,0,5273,1261,2176,1485,197,5.1,1.7,1.4,1.7,63.1,32.1,63.9,22.2,,
3146750,Palmópolis,MG,0,6338,1981,2651,1177,227,5.6,1.2,1.3,2.9,71.6,22.2,74.9,33.2,,
3146909,Papagaios,MG,0,11723,2032,3626,4919,698,7.5,1.3,1.5,4.1,49.7,44.7,49.2,16.1,,
3147006,Paracatu,MG,0,68278,15776,16165,30159,3812,7.6,2.4,1.5,2.8,41.8,51.6,43.0,23.3,,
3147105,Pará De Minas,MG,0,67632,14426,13618,31055,5260,10.5,2.5,1.9,4.5,33.8,56.0,35.4,20.1,,
3147204,Paraguaçu,MG,0,16696,3669,4694,6695,939,7.6,1.7,1.6,3.1,44.1,48.7,45.9,22.1,,
3147303,Paraisópolis,MG,0,16472,3787,4167,6542,1211,10.2,2.4,2.6,3.9,37.5,51.4,40.0,21.8,,
3147402,Paraopeba,MG,0,19694,3618,5915,7978,1258,8.3,2.3,1.5,3.7,45.5,47.1,46.4,18.7,3147402,Paraopeba/MG
3147501,Passabém,MG,0,1914,453,734,543,109,7.9,2.4,1.3,3.3,60.0,30.7,62.7,21.3,,
3147600,Passa Quatro,MG,0,13298,2816,4297,4713,882,8.9,2.4,2.3,3.7,49.9,41.1,52.2,20.3,,
3147709,Passa Tempo,MG,0,7354,1427,2470,2392,520,9.7,2.4,1.8,4.4,56.5,35.8,57.5,23.4,,
3147808,Passa Vinte,MG,0,2493,472,849,925,171,8.8,2.1,3.9,2.5,50.7,39.8,54.1,14.2,,
3147907,Passos,MG,0,81108,18290,23112,30548,5819,9.8,2.4,2.3,4.0,45.0,47.1,46.9,22.9,3147907,Passos/SP
3147956,Patis,MG,0,5226,1305,2727,843,199,5.3,1.4,0.9,2.6,79.9,16.4,80.1,27.2,,
3148004,Patos De Minas,MG,0,116646,26179,24655,54527,7434,8.6,2.6,2.2,3.0,34.5,56.8,35.2,22.9,,
3148103,Patrocínio,MG,0,65612,12285,15427,31008,4251,8.4,2.3,1.8,3.6,37.9,53.8,38.9,21.8,,
3148202,Patrocínio Do Muriaé,MG,0,5085,878,1985,1810,228,5.7,1.4,1.3,2.4,55.2,39.3,57.2,20.1,,
3148301,Paula Cândido,MG,0,7817,1765,3669,1630,424,7.4,1.8,1.8,2.5,69.5,23.9,71.6,21.7,,
3148400,Paulistas,MG,0,4222,1368,1891,636,141,5.3,1.4,1.3,2.4,78.2,15.7,80.8,30.4,,
3148509,Pavão,MG,0,6314,1884,2570,1468,110,2.6,0.4,0.8,0.9,67.7,28.3,67.8,27.8,,
3148608,Peçanha,MG,0,11993,3287,4466,3062,618,7.6,1.8,1.3,3.7,64.4,29.8,65.6,33.3,,
3148707,Pedra Azul,MG,0,18355,5883,6480,4639,591,5.0,1.0,1.1,2.2,59.1,35.7,59.8,33.8,,
3148756,Pedra Bonita,MG,0,6260,1140,2172,2435,242,5.0,1.3,1.3,2.0,47.4,47.7,47.5,16.6,,
3148806,Pedra Do Anta,MG,0,3516,708,1669,815,144,5.5,1.5,0.9,2.9,69.4,23.8,73.0,15.3,,
3148905,Pedra Do Indaiá,MG,0,3864,721,965,1741,248,8.4,2.4,1.0,4.2,40.5,51.1,40.5,18.9,,
3149002,Pedra Dourada,MG,0,2730,515,1097,878,125,6.0,1.9,1.1,2.8,58.3,34.2,61.7,17.4,,
3149101,Pedralva,MG,0,9379,2139,2509,3793,497,7.3,1.8,1.6,3.2,40.2,50.0,40.9,21.9,,
3149150,Pedras De Maria Da Cruz,MG,0,8112,2377,4055,1322,164,3.0,0.6,0.5,1.7,76.7,20.1,77.3,31.6,,
3149200,Pedrinópolis,MG,0,3421,748,964,1419,197,7.6,1.8,1.7,3.4,47.7,45.6,48.2,19.8,,
3149309,Pedro Leopoldo,MG,0,49124,10014,13992,18757,4017,10.9,2.7,2.1,4.8,42.5,47.5,44.8,18.3,3106200,Belo Horizonte/MG
3149408,Pedro Teixeira,MG,0,2507,417,1251,578,167,8.4,1.4,1.8,4.3,72.9,18.8,77.5,14.2,,
3149507,Pequeri,MG,0,3368,695,1292,1080,180,7.0,1.7,1.2,3.6,56.1,38.1,57.2,20.8,,
3149606,Pequi,MG,0,3981,633,1253,1604,357,11.1,1.6,1.0,7.5,47.8,45.2,48.9,18.2,,
3149705,Perdigão,MG,0,8537,1585,1398,4724,538,8.1,1.1,1.9,4.2,24.5,69.0,24.5,18.5,,
3149804,Perdizes,MG,0,14146,3588,3221,6184,756,7.4,2.1,1.8,2.2,41.5,51.2,41.6,25.8,,
3149903,Perdões,MG,0,17292,3726,4660,6915,1152,9.1,2.1,2.0,4.1,43.3,49.2,44.8,20.7,,
3149952,Periquito,MG,0,6318,1648,2097,2159,222,5.0,0.8,0.8,2.4,52.3,44.0,52.9,29.6,,
3150000,Pescador,MG,0,3581,1104,1415,816,107,4.6,0.8,0.9,2.4,63.6,31.3,66.4,33.5,,
3150109,Piau,MG,0,3238,599,1399,948,184,7.3,1.6,1.9,3.2,62.1,31.8,65.5,16.9,,
3150158,Piedade De Caratinga,MG,0,7808,1824,2231,3192,263,4.6,0.7,1.1,2.3,45.8,49.7,44.9,26.5,,
3150208,Piedade De Ponte Nova,MG,0,3812,909,1749,852,156,5.7,1.4,1.5,2.4,68.9,26.7,71.0,23.0,,
3150307,Piedade Do Rio Grande,MG,0,4083,964,1409,1208,287,9.9,3.0,1.3,4.7,56.4,34.7,60.0,24.4,,
3150406,Piedade Dos Gerais,MG,0,5270,1353,1448,1853,350,9.6,2.0,1.5,5.2,49.4,43.3,48.9,24.2,,
3150505,Pimenta,MG,0,7313,1563,1778,3252,359,6.7,2.0,1.0,3.0,43.1,49.2,44.4,20.1,,
3150539,Pingo D'Água,MG,0,4149,1020,1670,1129,156,5.3,0.7,1.0,2.5,62.0,33.2,62.9,23.0,,
3150570,Pintópolis,MG,0,6546,2009,2798,1250,305,7.0,2.0,0.8,3.4,71.6,22.4,73.4,34.5,,
3150604,Piracema,MG,0,6032,902,2155,2063,518,10.9,3.0,1.6,5.3,57.2,33.5,59.0,12.5,,
3150703,Pirajuba,MG,0,4817,1114,1522,1856,185,5.2,1.0,1.1,2.9,53.5,43.0,53.0,22.8,,
3150802,Piranga,MG,0,14052,4576,4932,3026,791,9.0,1.5,2.1,4.5,62.2,28.6,65.9,29.6,,
3150901,Piranguçu,MG,0,4789,980,1254,2074,305,8.4,1.5,1.9,4.1,36.7,53.7,38.0,20.4,3132404,Itajubá/MG
3151008,Piranguinho,MG,0,7298,1417,2130,2982,496,8.8,1.9,2.4,3.3,44.0,46.7,46.2,19.3,3132404,Itajubá/MG
3151107,Pirapetinga,MG,0,9414,1777,3539,3304,395,5.5,1.7,1.5,1.8,54.6,40.9,55.7,18.7,3304706,Santo Antônio de Pádua/RJ
3151206,Pirapora,MG,0,41904,10613,11637,15504,2254,7.7,1.9,1.7,3.4,42.9,49.8,44.8,24.8,3151206,Pirapora - Buritizeiro/MG
3151305,Piraúba,MG,0,9664,2098,3680,3064,486,6.7,1.2,1.8,3.3,57.4,37.6,57.6,20.8,,
3151404,Pitangui,MG,0,21464,4304,4660,10412,1340,8.2,2.0,1.7,3.3,34.3,56.8,35.2,17.8,3151404,Pitangui/MG
3151503,Piumhi,MG,0,26253,6675,5561,11798,1305,7.0,1.8,1.8,2.5,35.5,58.6,36.2,24.0,,
3151602,Planura,MG,0,8677,2358,2628,3121,322,5.3,1.0,1.6,2.3,49.2,45.9,50.4,25.7,3151602,Planura/MG - Colômbia/SP
3151701,Poço Fundo,MG,0,12809,2586,3873,5067,730,7.5,1.7,1.8,3.4,49.0,43.8,49.3,19.9,,
3151800,Poços De Caldas,MG,0,122866,32602,31033,45922,8783,10.2,2.0,2.8,3.5,38.7,51.4,41.6,24.8,,
3151909,Pocrane,MG,0,7548,1919,2621,2601,177,3.3,0.9,0.9,1.2,51.4,43.5,52.7,24.7,,
3152006,Pompéu,MG,0,24330,6128,7718,7984,1331,7.8,1.8,1.5,3.6,56.0,38.0,55.9,23.6,,
3152105,Ponte Nova,MG,0,44494,9839,19696,10611,2644,8.0,1.6,2.0,3.4,64.2,28.8,66.7,19.4,3152105,Ponte Nova/MG
3152131,Ponto Chique,MG,0,3901,1201,1871,625,87,3.4,0.9,1.0,1.2,78.1,17.4,79.0,31.8,,
3152170,Ponto Dos Volantes,MG,0,9457,2912,3707,2053,323,5.3,1.0,1.0,2.9,67.6,26.5,70.4,31.8,,
3152204,Porteirinha,MG,0,31682,7162,13656,8563,1112,4.8,1.1,1.1,2.3,62.9,32.2,63.9,23.6,,
3152303,Porto Firme,MG,0,9025,2397,3598,2261,403,6.4,1.3,1.2,3.2,64.8,29.3,66.8,22.8,,
3152402,Poté,MG,0,12644,3733,4420,3526,376,4.5,1.0,1.1,1.9,58.1,37.2,59.2,32.3,,
3152501,Pouso Alegre,MG,0,112425,24869,28345,46748,7787,9.4,1.8,2.7,3.5,38.0,51.9,40.5,19.9,,
3152600,Pouso Alto,MG,0,5593,1101,1620,2337,302,7.1,2.6,1.4,2.7,40.9,49.2,44.1,18.5,3152600,Pouso Alto/MG
3152709,Prados,MG,0,7485,1286,2913,2223,512,9.1,1.9,2.5,4.0,59.8,31.4,63.2,15.6,,
3152808,Prata,MG,0,22334,6019,6185,7964,1610,10.2,1.5,1.1,7.1,52.9,41.6,53.3,27.1,,
3152907,Pratápolis,MG,0,7457,1724,2133,2807,433,8.1,2.8,1.6,3.2,47.1,45.9,47.7,22.6,,
3153004,Pratinha,MG,0,3312,744,690,1569,217,8.8,2.1,0.9,3.8,35.1,56.6,37.5,21.4,,
3153103,Presidente Bernardes,MG,0,5729,1700,2318,1243,257,6.7,1.6,1.3,3.2,67.3,26.3,70.2,25.8,,
3153202,Presidente Juscelino,MG,0,4089,1335,1485,959,166,6.4,2.1,0.5,3.0,66.2,27.6,67.4,34.4,,
3153301,Presidente Kubitschek,MG,0,3087,699,1671,401,189,8.4,1.1,1.7,5.3,82.8,12.6,84.5,21.5,,
3153400,Presidente Olegário,MG,0,16281,4148,4356,6239,983,8.5,2.8,2.0,3.1,47.6,44.6,47.8,27.1,,
3153509,Alto Jequitibá,MG,0,7177,1401,1767,3473,281,5.1,0.8,1.6,2.0,35.0,60.3,35.6,19.2,,
3153608,Prudente De Morais,MG,0,8555,1591,2611,3238,545,8.5,2.0,1.7,3.5,47.1,44.3,48.1,15.1,3167202,Sete Lagoas/MG
3153707,Quartel Geral,MG,0,3749,819,1286,1283,182,6.6,2.5,1.1,2.4,57.5,34.6,58.8,17.0,,
3153806,Queluzito,MG,0,2785,533,985,935,233,10.8,2.9,1.7,5.0,52.5,37.5,55.6,16.6,3118304,Conselheiro Lafaiete/MG
3153905,Raposos,MG,0,12906,2046,5196,3629,1339,13.2,3.2,2.9,5.8,58.1,30.4,62.5,15.8,3106200,Belo Horizonte/MG
3154002,Raul Soares,MG,0,18357,4558,6994,5220,820,6.3,1.5,1.8,2.5,58.3,35.5,59.6,23.8,,
3154101,Recreio,MG,0,7959,2081,3204,2129,276,4.9,0.9,1.3,2.4,60.8,34.3,61.5,22.8,,
3154150,Reduto,MG,0,5853,1369,1916,2116,284,6.6,1.1,1.5,3.4,52.3,42.6,51.3,23.3,,
3154200,Resende Costa,MG,0,9645,1838,3132,3368,809,11.1,3.1,2.1,4.9,51.5,36.9,53.9,17.5,,
3154309,Resplendor,MG,0,12729,3636,2968,5450,375,4.3,1.0,1.1,1.6,35.3,60.1,36.2,30.6,,
3154408,Ressaquinha,MG,0,4433,667,1893,1258,396,11.2,3.1,2.2,4.2,59.7,30.2,63.3,14.7,,
3154457,Riachinho,MG,0,6015,1483,2241,1703,426,9.8,2.8,1.1,5.4,63.3,30.4,63.9,25.7,,
3154507,Riacho Dos Machados,MG,0,8031,2174,3358,1835,345,6.2,1.4,1.2,3.0,69.6,25.2,71.9,27.5,,
3154606,Ribeirão Das Neves,MG,0,218584,45450,71008,75218,15424,9.5,1.9,2.5,4.1,49.3,42.7,50.6,21.4,3106200,Belo Horizonte/MG
3154705,Ribeirão Vermelho,MG,0,3461,654,1330,1080,209,8.0,1.6,2.4,3.1,55.6,35.3,59.5,17.1,3138203,Lavras/MG
3154804,Rio Acima,MG,0,8371,1448,2964,2825,712,10.9,2.9,1.8,5.2,52.9,37.3,54.8,17.3,3106200,Belo Horizonte/MG
3154903,Rio Casca,MG,0,10834,3144,4258,2429,525,7.3,1.6,2.1,3.2,64.0,30.1,66.2,28.0,,
3155009,Rio Doce,MG,0,2624,521,1224,628,104,5.3,1.3,1.4,2.2,64.9,29.0,67.1,17.9,,
3155108,Rio Do Prado,MG,0,4338,1189,2098,781,107,3.6,0.6,0.9,1.6,77.5,18.3,79.8,29.1,,
3155207,Rio Espera,MG,0,5784,1598,2022,1517,344,8.9,2.0,2.7,3.6,60.0,32.7,62.8,24.1,,
3155306,Rio Manso,MG,0,5025,1064,1672,1654,438,11.6,3.2,1.7,5.9,54.7,36.6,56.4,19.1,,
3155405,Rio Novo,MG,0,7131,1719,2595,2162,363,7.1,1.4,2.0,3.1,56.6,37.0,59.1,21.7,,
3155504,Rio Paranaíba,MG,0,11055,2588,3107,4434,511,6.3,2.2,1.4,2.2,51.1,43.0,50.9,27.0,,
3155603,Rio Pardo De Minas,MG,0,22281,5099,9138,6231,918,5.6,1.1,1.0,2.9,58.2,34.9,60.8,26.9,,
3155702,Rio Piracicaba,MG,0,12444,3115,4544,3402,762,8.8,1.8,1.7,4.2,58.3,32.6,60.6,22.8,,
3155801,Rio Pomba,MG,0,13402,2676,5195,4244,714,7.0,1.5,1.9,3.1,55.9,37.4,58.3,20.6,,
3155900,Rio Preto,MG,0,5409,1213,2242,1543,267,6.6,1.6,1.6,2.9,63.0,30.5,64.7,21.5,3306107,Valença/RJ
3156007,Rio Vermelho,MG,0,10175,4079,3386,1856,395,7.0,2.2,1.3,3.0,67.9,25.2,70.3,40.6,,
3156106,Ritápolis,MG,0,4803,1011,1859,1335,326,9.3,3.0,2.1,3.4,60.8,29.8,63.9,20.0,,
3156205,Rochedo De Minas,MG,0,2917,710,926,1026,147,7.0,1.7,1.6,3.2,48.5,44.9,50.4,20.0,,
3156304,Rodeiro,MG,0,6844,1347,2283,2639,325,6.2,1.8,1.6,2.3,52.0,43.1,53.1,19.1,3169901,Ubá/MG
3156403,Romaria,MG,0,3430,640,1402,1110,176,6.5,3.2,1.2,1.9,63.3,32.1,63.5,17.9,,
3156452,Rosário Da Limeira,MG,0,5195,1004,2080,1581,293,7.4,1.9,1.6,3.2,59.4,32.6,63.1,18.9,,
3156502,Rubelita,MG,0,7524,2517,3363,1030,227,4.9,1.1,0.8,2.8,80.7,14.9,82.3,35.1,,
3156601,Rubim,MG,0,7158,2028,3179,1362,273,5.7,1.1,1.4,2.9,70.4,24.0,72.7,28.5,,
3156700,Sabará,MG,0,94323,17782,31450,32586,7095,10.0,2.2,2.4,4.1,48.0,42.2,50.6,20.3,3106200,Belo Horizonte/MG
3156809,Sabinópolis,MG,0,12417,4298,4853,2260,483,6.4,1.2,1.4,3.1,71.2,23.9,72.6,34.3,,
3156908,Sacramento,MG,0,20911,4948,5315,8728,1370,8.9,1.9,2.1,3.6,41.4,51.4,41.4,23.0,,
3157005,Salinas,MG,0,33019,8400,12741,9122,1409,6.0,0.9,1.5,3.2,60.3,33.8,62.0,25.9,,
3157104,Salto Da Divisa,MG,0,4987,1423,2008,1212,129,3.9,0.7,1.1,1.7,65.5,29.1,68.1,27.6,,
3157203,Santa Bárbara,MG,0,24261,5650,9234,6288,1911,11.0,2.1,2.1,5.4,59.4,31.4,62.8,19.3,,
3157252,Santa Bárbara Do Leste,MG,0,6925,1370,2273,2623,310,6.0,1.0,1.4,3.0,49.0,45.3,48.5,22.2,,
3157278,Santa Bárbara Do Monte Verde,MG,0,3595,805,1422,1083,164,6.1,1.6,0.9,3.1,60.8,32.7,63.9,20.4,,
3157302,Santa Bárbara Do Tugúrio,MG,0,4340,887,2017,978,207,6.5,1.4,1.5,3.1,73.2,20.6,74.6,20.5,,
3157336,Santa Cruz De Minas,MG,0,6469,1191,1881,2608,478,9.6,2.3,2.0,4.1,43.0,47.8,44.3,18.6,3162500,São João del Rei/MG
3157377,Santa Cruz De Salinas,MG,0,4496,1341,2175,574,206,7.0,1.9,0.8,3.8,79.7,14.0,84.1,31.1,,
3157401,Santa Cruz Do Escalvado,MG,0,4879,1015,2393,1089,184,5.0,1.2,1.6,1.9,69.8,26.0,72.3,21.0,,
3157500,Santa Efigênia De Minas,MG,0,3985,1110,1437,1008,186,7.1,1.7,1.3,3.6,64.6,29.4,67.4,36.8,,
3157609,Santa Fé De Minas,MG,0,3706,1249,1626,627,123,5.2,1.1,0.9,3.2,73.7,21.4,75.8,31.1,,
3157658,Santa Helena De Minas,MG,0,5344,1322,2539,1127,152,4.0,0.7,0.6,2.3,71.8,22.9,74.7,29.2,,
3157708,Santa Juliana,MG,0,11819,2644,3259,5141,434,4.9,1.1,1.3,2.2,48.3,47.4,47.1,19.5,,
3157807,Santa Luzia,MG,0,164668,31707,51624,59701,13207,10.6,2.1,2.5,4.8,46.1,44.7,48.2,18.9,3106200,Belo Horizonte/MG
3157906,Santa Margarida,MG,0,12910,2077,4888,4913,532,5.2,1.6,1.4,1.6,48.5,46.8,49.9,19.1,,
3158003,Santa Maria De Itabira,MG,0,8798,2079,3692,2143,462,7.3,2.6,1.0,2.8,65.4,27.4,67.3,21.4,,
3158102,Santa Maria Do Salto,MG,0,4598,1472,1625,1115,145,5.0,1.1,1.2,2.1,60.1,34.8,62.5,31.2,,
3158201,Santa Maria Do Suaçuí,MG,0,12134,4577,4151,2651,398,5.5,1.3,1.5,2.2,64.8,31.2,65.7,36.3,,
3158300,Santana Da Vargem,MG,0,5973,1045,1941,2273,410,8.9,2.4,2.3,3.8,51.0,41.1,51.8,15.6,,
3158409,Santana De Cataguases,MG,0,3385,605,1178,1331,160,6.0,1.8,1.3,2.2,49.5,43.6,52.5,16.3,,
3158508,Santana De Pirapama,MG,0,7165,1556,2431,2418,480,9.0,4.5,0.5,2.9,56.5,34.8,58.5,22.8,,
3158607,Santana Do Deserto,MG,0,3542,665,1550,1052,167,6.0,1.8,1.1,2.4,63.9,29.5,65.4,18.4,3306008,Três Rios - Paraíba do Sul/RJ
3158706,Santana Do Garambéu,MG,0,2352,492,1034,563,117,6.8,1.1,1.2,4.0,69.5,24.7,71.8,18.3,,
3158805,Santana Do Jacaré,MG,0,3915,739,1359,1355,211,7.2,1.5,1.7,3.4,52.0,40.5,53.4,21.4,,
3158904,Santana Do Manhuaçu,MG,0,7807,1826,2934,2529,297,5.2,0.9,1.4,2.2,58.9,36.5,58.6,24.8,,
3158953,Santana Do Paraíso,MG,0,25815,5912,6686,11146,1377,7.2,1.0,2.0,3.5,39.3,55.3,40.2,24.3,3131307,Ipatinga/MG
3159001,Santana Do Riacho,MG,0,6031,1582,2289,1645,346,8.1,2.3,1.5,3.2,61.1,32.1,62.6,23.6,,
3159100,Santana Dos Montes,MG,0,3869,792,1457,1181,208,7.3,2.0,0.8,3.8,58.8,33.2,62.3,18.0,,
3159209,Santa Rita De Caldas,MG,0,7062,1512,1532,3341,460,8.6,2.2,1.8,3.9,35.3,57.0,37.1,20.1,,
3159308,Santa Rita De Jacutinga,MG,0,4360,817,1734,1426,224,6.6,2.1,1.6,2.4,60.4,33.4,63.0,17.8,,
3159357,Santa Rita De Minas,MG,0,5935,1202,1949,2256,240,5.4,0.9,1.6,2.2,47.1,47.0,48.5,23.0,,
3159407,Santa Rita De Ibitipoca,MG,0,3384,836,1404,724,255,10.7,2.4,1.1,6.5,69.5,21.4,73.7,21.7,,
3159506,Santa Rita Do Itueto,MG,0,5151,1227,1341,2283,157,4.2,1.3,0.9,1.4,41.0,53.9,41.4,26.4,,
3159605,Santa Rita Do Sapucaí,MG,0,31737,7118,6239,14359,2682,11.5,2.4,2.8,4.1,30.7,57.1,33.4,19.4,,
3159704,Santa Rosa Da Serra,MG,0,3513,975,1002,1268,138,5.7,1.0,1.5,2.4,53.1,42.0,52.1,26.2,,
3159803,Santa Vitória,MG,0,17312,4257,6187,5586,853,6.8,2.3,1.6,2.5,57.7,37.2,58.2,23.7,,
3159902,Santo Antônio Do Amparo,MG,0,14255,3193,5854,3683,694,6.8,1.6,1.4,3.1,65.1,28.8,66.5,20.8,,
3160009,Santo Antônio Do Aventureiro,MG,0,3747,672,1382,1287,241,8.3,1.8,2.0,4.0,54.4,38.0,56.7,19.2,,
3160108,Santo Antônio Do Grama,MG,0,3941,956,1756,874,182,6.5,0.7,1.8,3.6,70.2,23.7,71.2,22.5,,
3160207,Santo Antônio Do Itambé,MG,0,3863,1528,1452,538,152,7.1,2.3,1.4,2.7,74.8,17.6,78.6,40.4,,
3160306,Santo Antônio Do Jacinto,MG,0,9461,2999,3158,2550,224,3.8,1.1,1.0,1.4,60.3,35.0,62.2,31.3,,
3160405,Santo Antônio Do Monte,MG,0,21033,4354,3696,11398,971,6.0,1.6,1.3,2.2,26.4,67.2,27.4,20.7,,
3160454,Santo Antônio Do Retiro,MG,0,6670,1691,3076,1406,257,5.4,1.1,0.9,2.7,68.5,25.2,71.6,27.6,,
3160504,Santo Antônio Do Rio Abaixo,MG,0,2393,779,837,579,111,7.3,3.6,0.7,2.7,62.4,30.7,63.0,28.1,,
3160603,Santo Hipólito,MG,0,3387,1171,1282,621,189,9.0,1.5,1.8,5.0,69.3,24.6,72.2,30.0,,
3160702,Santos Dumont,MG,0,37567,8774,15053,9912,2210,8.1,2.1,2.1,3.0,59.1,32.7,61.8,21.8,,
3160801,São Bento Abade,MG,0,4193,991,1276,1390,336,11.2,2.9,3.3,4.4,49.3,42.0,51.1,21.6,,
3160900,São Brás Do Suaçuí,MG,0,3755,880,1383,1060,244,9.1,2.8,1.3,4.6,60.2,30.3,63.4,21.0,3118304,Conselheiro Lafaiete/MG
3160959,São Domingos Das Dores,MG,0,5911,1160,1929,2382,248,5.4,0.7,1.3,2.5,46.2,47.6,46.0,22.5,,
3161007,São Domingos Do Prata,MG,0,14284,3716,5369,3879,777,7.8,1.8,1.3,3.8,60.3,32.4,61.8,22.4,,
3161056,São Félix De Minas,MG,0,3799,1037,1177,1366,119,4.5,1.2,1.0,1.9,52.9,42.4,53.0,23.5,,
3161106,São Francisco,MG,0,41950,12471,17831,9161,1595,5.6,1.3,1.1,2.6,66.8,27.9,68.3,31.3,,
3161205,São Francisco De Paula,MG,0,5996,1155,2468,1756,364,7.9,2.4,2.1,3.0,60.1,31.5,62.4,19.1,,
3161304,São Francisco De Sales,MG,0,4637,920,1865,1481,229,6.4,1.3,1.1,3.6,60.1,36.3,60.8,21.0,,
3161403,São Francisco Do Glória,MG,0,4163,776,1808,1257,164,5.1,0.9,1.4,2.1,64.0,30.9,64.3,15.1,,
3161502,São Geraldo,MG,0,7348,1655,3199,1861,344,6.4,1.1,1.2,3.4,65.3,29.1,65.4,19.6,,
3161601,São Geraldo Da Piedade,MG,0,3667,1090,1394,898,136,5.6,1.8,0.7,2.5,63.5,28.8,65.2,36.8,,
3161650,São Geraldo Do Baixio,MG,0,3221,793,1024,1155,115,5.0,1.7,0.8,2.0,53.3,41.3,54.9,28.1,,
3161700,São Gonçalo Do Abaeté,MG,0,5648,1371,1728,2118,251,6.1,1.6,1.1,2.8,51.0,43.3,50.6,23.3,,
3161809,São Gonçalo Do Pará,MG,0,8689,1385,2351,3850,640,9.4,1.7,1.9,4.8,43.8,46.9,44.5,19.8,,
3161908,São Gonçalo Do Rio Abaixo,MG,0,11721,2038,4108,4113,794,8.8,2.0,1.8,4.0,56.9,34.6,59.7,13.0,,
3162005,São Gonçalo Do Sapucaí,MG,0,19134,5117,5411,6699,1097,8.3,2.1,1.8,3.1,45.1,46.0,46.4,24.6,,
3162104,São Gotardo,MG,0,28579,6208,5818,14127,1376,6.5,1.8,1.7,2.2,38.0,56.6,37.5,27.2,,
3162203,São João Batista Do Glória,MG,0,6432,1318,1620,2890,361,7.4,2.3,1.4,2.7,40.5,53.0,41.2,20.6,,
3162252,São João Da Lagoa,MG,0,5131,1206,2405,1059,308,8.2,1.8,1.3,4.3,72.8,21.6,73.8,23.5,,
3162302,São João Da Mata,MG,0,3192,693,731,1477,159,6.7,1.4,1.8,2.8,37.0,55.3,38.9,20.6,,
3162401,São João Da Ponte,MG,0,22992,7037,11436,3219,654,4.3,0.6,0.7,2.7,79.7,16.1,81.0,33.0,,
3162450,São João Das Missões,MG,0,9981,2485,4897,2041,182,2.6,0.6,0.3,1.3,75.3,21.7,75.7,25.1,,
3162500,São João Del Rei,MG,0,70117,14645,21946,25618,4766,9.1,2.1,2.2,3.5,44.8,45.0,47.7,19.1,3162500,São João del Rei/MG
3162559,São João Do Manhuaçu,MG,0,9811,2041,3126,4078,283,3.8,0.8,0.9,1.6,47.5,49.0,47.3,20.1,,
3162575,São João Do Manteninha,MG,0,5242,1026,1875,2019,203,5.0,1.0,1.2,2.5,50.3,45.1,50.5,27.2,,
3162609,São João Do Oriente,MG,0,6955,1535,2506,2444,236,4.5,0.7,1.4,1.9,54.5,42.0,54.2,26.6,,
3162658,São João Do Pacuí,MG,0,4046,1123,1986,674,168,5.9,1.1,0.6,3.9,74.7,19.1,77.5,25.6,,
3162708,São João Do Paraíso,MG,0,18054,4214,5914,5958,868,6.8,1.1,1.9,3.2,50.8,40.8,53.6,27.5,,
3162807,São João Evangelista,MG,0,12840,3704,5385,2739,563,6.5,1.5,1.3,3.2,70.4,24.6,71.9,29.5,,
3162906,São João Nepomuceno,MG,0,20106,4505,6580,6904,1400,9.4,2.0,2.1,4.4,49.2,42.1,51.9,21.8,,
3162922,São Joaquim De Bicas,MG,0,25074,5960,8138,8139,1676,9.3,1.6,2.5,4.3,52.1,40.5,53.8,21.4,3106200,Belo Horizonte/MG
3162948,São José Da Barra,MG,0,6753,1506,1951,2668,409,8.1,2.1,0.9,4.6,46.9,45.0,48.2,22.0,,
3162955,São José Da Lapa,MG,0,19738,3382,5944,8081,1478,9.5,2.2,2.5,3.9,43.9,47.4,45.5,17.7,3106200,Belo Horizonte/MG
3163003,São José Da Safira,MG,0,4189,1202,1639,1098,122,4.3,1.0,0.7,2.3,60.5,34.3,60.7,30.4,,
3163102,São José Da Varginha,MG,0,3988,834,1171,1581,244,8.1,1.7,0.9,4.7,48.6,43.2,48.7,23.1,,
3163201,São José Do Alegre,MG,0,3727,779,854,1707,199,7.2,1.9,1.6,2.5,37.5,52.5,38.5,19.2,3132404,Itajubá/MG
3163300,São José Do Divino,MG,0,3170,691,1002,1279,82,3.5,0.9,0.8,1.2,47.5,47.1,49.6,28.1,,
3163409,São José Do Goiabal,MG,0,4897,1263,2082,1148,226,6.5,1.4,1.6,2.9,67.1,27.3,67.8,26.9,,
3163508,São José Do Jacuri,MG,0,5252,1300,2200,1233,213,5.8,1.2,1.1,2.9,68.6,25.5,71.0,27.2,,
3163607,São José Do Mantimento,MG,0,3068,679,1221,963,88,3.9,1.2,0.8,1.6,59.4,36.1,59.1,18.5,,
3163706,São Lourenço,MG,0,34836,8265,8155,15030,2036,8.1,1.9,2.1,3.2,34.1,57.1,36.6,22.5,3163706,São Lourenço/MG
3163805,São Miguel Do Anta,MG,0,6021,1002,2867,1524,313,6.7,1.7,1.6,2.9,66.2,25.9,68.6,15.4,,
3163904,São Pedro Da União,MG,0,4328,982,1127,1815,221,7.0,2.3,1.2,2.8,42.1,50.9,43.9,21.8,,
3164001,São Pedro Dos Ferros,MG,0,6402,1770,2860,1213,304,7.0,1.7,2.1,2.7,71.4,23.5,72.2,28.3,,
3164100,São Pedro Do Suaçuí,MG,0,4666,1295,1806,1193,193,6.0,1.3,1.2,2.8,62.7,32.2,65.6,26.4,,
3164209,São Romão,MG,0,7275,2449,2763,1649,190,4.1,0.6,0.8,2.4,68.5,27.3,69.5,35.6,,
3164308,São Roque De Minas,MG,0,5891,1386,979,3085,284,6.5,2.3,0.8,2.4,24.8,69.4,25.6,23.6,,
3164407,São Sebastião Da Bela Vista,MG,0,6472,1532,1754,2627,350,7.4,1.9,1.7,2.7,46.1,46.5,46.9,20.9,,
3164431,São Sebastião Da Vargem Alegre,MG,0,3045,598,1104,1018,192,8.3,2.2,2.0,3.5,55.1,38.0,57.5,15.0,,
3164472,São Sebastião Do Anta,MG,0,5604,1366,1644,2202,185,4.6,0.9,1.6,1.9,48.7,46.9,48.4,30.9,,
3164506,São Sebastião Do Maranhão,MG,0,8934,3200,3061,2048,290,5.4,1.4,1.1,2.5,62.0,32.4,63.6,37.3,,
3164605,São Sebastião Do Oeste,MG,0,7573,1361,2501,3047,360,6.1,1.5,1.3,2.5,50.1,43.2,51.0,16.1,,
3164704,São Sebastião Do Paraíso,MG,0,51162,13277,12696,19067,4104,11.4,2.9,2.3,4.6,41.0,47.5,44.0,25.3,,
3164803,São Sebastião Do Rio Preto,MG,0,2043,649,607,619,102,7.7,2.5,0.6,3.5,53.8,38.7,55.5,27.8,,
3164902,São Sebastião Do Rio Verde,MG,0,2163,386,572,969,145,8.6,3.0,1.9,3.0,36.0,53.7,38.7,16.0,3152600,Pouso Alto/MG
3165008,São Tiago,MG,0,9396,1797,2913,3273,869,12.3,3.3,2.9,4.7,48.9,36.4,53.7,18.3,,
3165107,São Tomás De Aquino,MG,0,5951,1456,1654,2178,449,10.5,3.4,1.4,4.0,44.9,44.6,47.4,24.4,,
3165206,São Thomé Das Letras,MG,0,5182,1137,2318,1261,275,7.1,1.6,1.5,3.4,67.6,25.8,69.8,18.2,,
3165305,São Vicente De Minas,MG,0,5681,1423,1940,1806,256,6.4,2.0,1.2,2.5,51.9,40.6,54.9,22.1,,
3165404,Sapucaí-Mirim,MG,0,6091,1462,1604,2425,341,7.8,1.8,2.2,3.1,42.9,47.3,45.3,22.1,,
3165503,Sardoá,MG,0,4955,1296,1629,1479,240,7.2,0.7,1.6,4.5,57.4,36.5,58.9,34.1,,
3165537,Sarzedo,MG,0,26228,4802,7093,10834,2227,11.1,2.1,2.8,4.8,42.7,48.9,44.0,17.9,3106200,Belo Horizonte/MG
3165552,Setubinha,MG,0,9306,3087,3959,1563,260,4.5,0.8,1.0,2.4,77.7,17.8,79.9,35.7,,
3165560,Sem Peixe,MG,0,3765,1112,1534,803,190,7.5,3.1,1.2,2.8,68.7,25.4,69.9,25.3,,
3165578,Senador Amaral,MG,0,6008,1230,1372,2898,319,7.0,1.2,2.8,2.3,41.6,52.5,41.2,19.5,,
3165602,Senador Cortes,MG,0,2545,533,1020,765,133,6.9,2.8,1.2,2.4,59.9,32.7,62.2,18.5,,
3165701,Senador Firmino,MG,0,7117,1632,3028,1729,424,8.2,1.4,2.4,3.4,66.7,26.1,68.6,22.6,,
3165800,Senador José Bento,MG,0,2481,504,646,1116,116,6.2,2.1,1.6,2.1,40.2,52.5,40.8,20.7,,
3165909,Senador Modestino Gonçalves,MG,0,4784,1636,1784,985,205,6.9,1.6,1.8,3.1,70.4,23.4,71.0,33.8,,
3166006,Senhora De Oliveira,MG,0,5747,1405,2466,1306,335,8.2,2.0,1.7,3.9,70.7,23.2,73.3,22.2,,
3166105,Senhora Do Porto,MG,0,3323,1054,1159,770,179,8.5,2.0,1.1,5.0,62.4,30.9,65.0,30.1,,
3166204,Senhora Dos Remédios,MG,0,8367,1632,3325,2390,531,8.5,2.3,1.8,3.8,64.4,28.6,66.3,17.9,,
3166303,Sericita,MG,0,7087,1401,2427,2758,246,4.5,1.8,0.9,1.6,46.8,49.6,48.5,19.9,,
3166402,Seritinga,MG,0,2045,452,722,689,98,6.5,1.5,1.3,3.2,58.2,36.0,58.8,21.1,3167004,Serranos - Seritinga/MG
3166501,Serra Azul De Minas,MG,0,3725,1442,1258,647,171,8.2,3.5,0.4,3.7,72.2,20.8,74.7,36.7,,
3166600,Serra Da Saudade,MG,0,1281,292,360,531,72,7.5,2.6,1.2,2.3,44.4,47.1,46.1,16.6,,
3166709,Serra Dos Aimorés,MG,0,6251,1661,2562,1648,200,4.5,0.8,1.0,1.9,62.1,32.7,63.2,27.5,,
3166808,Serra Do Salitre,MG,0,9396,1845,2516,4358,405,5.6,1.4,1.1,2.6,43.9,51.3,44.2,24.6,,
3166907,Serrania,MG,0,6378,1541,2041,2194,327,7.2,1.3,1.2,3.6,50.2,43.1,51.6,25.0,,
3166956,Serranópolis De Minas,MG,0,4136,909,1967,971,142,4.6,1.1,0.9,2.4,69.8,25.4,71.9,23.3,,
3167004,Serranos,MG,0,2075,413,803,656,106,6.8,2.0,1.1,2.8,57.6,34.6,58.8,20.1,3167004,Serranos - Seritinga/MG
3167103,Serro,MG,0,17103,5707,6898,2952,700,6.6,1.5,1.2,2.9,71.9,22.8,73.8,32.5,,
3167202,Sete Lagoas,MG,0,167416,29964,44239,70304,13531,10.6,2.5,2.3,4.0,39.3,50.1,41.6,18.8,3167202,Sete Lagoas/MG
3167301,Silveirânia,MG,0,2977,492,1333,854,206,8.6,0.9,2.6,4.8,65.6,26.8,68.1,11.9,,
3167400,Silvianópolis,MG,0,4859,1106,1247,2020,314,8.8,2.5,1.9,3.3,40.6,50.3,42.3,21.7,,
3167509,Simão Pereira,MG,0,3145,549,1220,1099,180,7.2,2.0,1.4,2.7,55.1,38.3,57.8,16.6,3136702,Juiz de Fora/MG
3167608,Simonésia,MG,0,16466,3697,5363,5855,759,6.3,1.8,1.4,2.7,50.4,43.5,50.2,22.9,,
3167707,Sobrália,MG,0,4076,853,1472,1407,154,5.1,1.0,1.1,2.5,50.8,43.0,52.9,29.0,,
3167806,Soledade De Minas,MG,0,5000,1079,1533,1896,286,7.7,1.9,2.2,2.8,45.6,46.4,46.7,20.5,3163706,São Lourenço/MG
3167905,Tabuleiro,MG,0,4006,841,1579,1211,193,6.5,1.3,1.2,3.3,59.4,33.2,61.6,23.9,,
3168002,Taiobeiras,MG,0,27594,6565,7283,11580,1094,5.5,0.8,1.4,2.6,41.5,52.8,42.2,24.6,,
3168051,Taparuba,MG,0,4088,1062,1544,1243,120,4.1,0.8,0.8,2.1,58.7,36.6,59.0,22.8,,
3168101,Tapira,MG,0,4968,984,871,2754,274,7.0,1.5,1.3,1.8,28.2,65.5,27.3,20.4,3104007,Araxá/MG
3168200,Tapiraí,MG,0,1974,415,676,718,121,8.0,2.0,1.4,4.0,52.8,39.9,51.9,19.0,,
3168309,Taquaraçu De Minas,MG,0,5759,1478,1557,2110,358,8.9,2.6,1.4,3.6,43.5,46.7,48.0,22.3,,
3168408,Tarumirim,MG,0,10127,2251,3462,3744,331,4.4,1.1,1.3,1.5,52.7,43.1,52.0,30.1,,
3168507,Teixeiras,MG,0,10098,1975,4307,2702,587,7.7,2.0,1.8,3.2,64.0,29.8,65.8,20.7,,
3168606,Teófilo Otoni,MG,0,106567,29344,34828,34422,4139,5.6,0.9,1.8,2.1,48.7,45.3,50.2,27.4,,
3168705,Timóteo,MG,0,59600,13836,15867,24867,3131,7.1,1.0,2.2,3.0,38.8,54.6,40.0,20.9,3131307,Ipatinga/MG
3168804,Tiradentes,MG,0,6892,1284,2399,2556,381,7.1,1.9,1.6,3.0,50.4,41.3,53.1,17.9,3162500,São João del Rei/MG
3168903,Tiros,MG,0,6214,1487,1080,3195,248,5.5,2.1,1.2,2.0,33.3,61.1,33.2,29.7,,
3169000,Tocantins,MG,0,12649,2116,4550,4696,699,7.0,1.6,1.7,3.1,51.8,41.2,52.9,19.7,,
3169059,Tocos Do Moji,MG,0,4159,677,1430,1513,349,10.6,2.5,2.0,4.8,51.8,36.9,54.1,15.9,,
3169109,Toledo,MG,0,7507,1787,1673,3420,383,7.0,1.9,2.1,2.2,38.5,55.2,38.8,22.2,,
3169208,Tombos,MG,0,6714,1279,2516,2487,230,4.4,1.4,1.0,1.7,55.4,40.4,57.1,22.8,,
3169307,Três Corações,MG,0,56588,14560,13698,21745,3744,9.6,2.5,2.1,4.0,37.2,51.8,40.1,22.0,,
3169356,Três Marias,MG,0,24921,6820,7107,8632,1376,8.0,2.2,1.8,3.3,48.6,44.8,48.9,25.0,,
3169406,Três Pontas,MG,0,45341,9893,14545,15431,3412,10.2,2.8,2.4,4.2,50.0,40.4,51.9,19.7,,
3169505,Tumiritinga,MG,0,5517,1570,1898,1745,147,3.9,1.1,1.1,1.5,56.9,38.6,56.0,29.6,,
3169604,Tupaciguara,MG,0,20966,5047,7105,7260,895,5.9,2.5,1.3,1.7,54.5,40.6,54.6,23.4,,
3169703,Turmalina,MG,0,16553,3627,7373,4187,776,6.3,0.9,2.0,2.9,69.4,25.5,70.8,22.7,,
3169802,Turvolândia,MG,0,4957,1066,1444,1952,268,7.3,1.4,2.0,3.2,45.1,46.3,48.1,21.3,,
3169901,Ubá,MG,0,71547,16122,23492,25035,4139,7.9,1.6,2.3,3.1,49.9,42.8,51.3,20.2,3169901,Ubá/MG
3170008,Ubaí,MG,0,9797,2691,4902,1682,256,3.7,1.0,0.9,1.6,74.8,20.3,76.4,28.3,,
3170057,Ubaporanga,MG,0,10135,1904,3185,4333,384,4.9,0.9,1.4,2.1,43.1,51.7,42.9,24.2,,
3170107,Uberaba,MG,0,236838,50783,68891,91107,18247,10.2,2.9,2.7,3.3,44.1,47.0,46.0,20.3,,
3170206,Uberlândia,MG,0,540033,110517,163879,206793,39249,9.6,3.0,2.6,2.9,44.7,46.4,46.9,19.2,,
3170305,Umburatiba,MG,0,2736,771,1120,657,86,4.6,0.7,0.5,3.1,70.5,25.5,72.1,30.4,,
3170404,Unaí,MG,0,64172,14750,13714,30244,3854,8.1,2.9,1.9,2.7,38.8,53.9,39.9,24.0,,
3170438,União De Minas,MG,0,3158,727,1185,1088,102,4.3,1.2,0.8,2.0,59.7,36.8,60.7,17.9,,
3170479,Uruana De Minas,MG,0,3686,965,1099,1338,182,7.0,2.9,0.5,3.2,51.4,43.3,52.4,26.5,,
3170503,Urucânia,MG,0,8712,2109,3550,2210,338,5.5,1.0,1.6,2.3,63.5,31.8,64.8,21.7,,
3170529,Urucuia,MG,0,7988,2220,3034,2148,372,6.7,1.7,0.8,3.3,62.1,31.9,63.7,29.8,,
3170578,Vargem Alegre,MG,0,5430,1235,1956,1881,153,3.8,0.7,1.0,1.6,54.9,42.3,54.1,29.0,,
3170602,Vargem Bonita,MG,0,2601,748,611,1079,108,6.0,1.6,0.9,2.7,39.8,54.9,40.0,25.0,,
3170651,Vargem Grande Do Rio Pardo,MG,0,4199,934,1399,1501,237,7.5,1.5,2.5,3.2,46.7,45.4,47.9,25.0,,
3170701,Varginha,MG,0,104607,24095,25551,42950,7709,10.1,2.3,2.5,4.0,36.5,52.7,39.5,19.3,,
3170750,Varjão De Minas,MG,0,6717,1515,1998,2610,385,7.7,1.5,1.7,4.2,51.8,42.3,51.6,22.4,,
3170800,Várzea Da Palma,MG,0,27190,7053,8491,9205,1312,6.9,1.4,1.2,3.5,52.3,40.4,53.6,27.0,,
3170909,Varzelândia,MG,0,17159,5119,8365,2895,350,3.0,0.4,0.9,1.5,74.2,21.8,75.3,31.9,,
3171006,Vazante,MG,0,16950,4200,4982,6165,1115,9.1,3.8,2.2,2.7,51.6,40.9,52.6,24.4,,
3171030,Verdelândia,MG,0,6974,1866,3283,1414,186,3.8,0.5,0.7,2.4,73.2,23.3,74.2,29.5,,
3171071,Veredinha,MG,0,5268,1305,2210,1228,327,8.7,1.0,1.6,5.4,71.3,23.2,73.6,26.1,,
3171105,Veríssimo,MG,0,3223,830,1104,1041,162,7.0,2.7,1.3,2.0,56.2,37.4,56.8,26.0,,
3171154,Vermelho Novo,MG,0,5097,1203,1851,1569,237,6.5,1.0,1.3,3.5,55.5,38.1,55.4,20.5,,
3171204,Vespasiano,MG,0,87691,16782,27581,32456,6390,9.6,1.9,2.5,4.2,46.7,45.3,47.9,20.3,3106200,Belo Horizonte/MG
3171303,Viçosa,MG,0,61609,13752,27070,14071,4197,9.3,2.1,2.3,3.8,64.4,27.5,67.5,20.0,3171303,Viçosa/MG
3171402,Vieiras,MG,0,4007,753,1602,1371,152,4.9,1.4,1.0,2.0,57.0,37.8,57.1,14.6,,
3171501,Mathias Lobato,MG,0,3363,888,1314,1001,59,2.5,0.4,0.8,1.1,61.5,35.4,62.0,28.0,,
3171600,Virgem Da Lapa,MG,0,10159,3276,4174,2009,268,4.2,1.0,1.1,1.8,70.0,24.9,71.2,32.9,,
3171709,Virgínia,MG,0,7521,1524,2687,2645,429,7.5,2.2,1.5,3.2,49.2,41.6,53.2,19.6,,
3171808,Virginópolis,MG,0,8530,2577,2913,1988,633,11.4,2.6,1.4,6.4,64.0,26.9,66.8,32.3,,
3171907,Virgolândia,MG,0,4613,1336,2006,911,177,5.7,0.8,1.1,3.1,70.3,23.1,72.9,30.7,,
3172004,Visconde Do Rio Branco,MG,0,30721,6359,11462,9901,1627,7.1,1.5,1.9,3.0,56.4,37.7,57.4,19.8,,
3172103,Volta Grande,MG,0,4431,1288,1691,1122,182,6.1,1.1,1.8,2.5,62.2,32.8,63.9,28.6,,
3172202,Wenceslau Braz,MG,0,2695,537,778,1084,175,8.6,1.9,2.8,3.1,43.7,46.8,43.4,14.9,3132404,Itajubá/MG
3200102,Afonso Cláudio,ES,0,26254,6896,6192,10999,1281,6.9,2.1,1.7,2.8,36.8,55.4,37.9,26.5,,
3200136,Águia Branca,ES,0,8898,1742,3478,3094,378,5.4,1.4,1.1,2.8,57.7,37.5,58.0,21.5,,
3200169,Água Doce Do Norte,ES,0,11111,2536,3930,3834,405,5.0,1.2,1.5,1.9,51.5,43.6,52.5,25.6,,
3200201,Alegre,ES,0,23554,5614,7395,8645,1038,6.1,1.8,1.8,2.1,45.5,48.0,46.3,22.7,,
3200300,Alfredo Chaves,ES,0,12984,2934,2428,6510,665,6.9,2.3,1.4,2.9,30.0,63.0,31.2,22.3,,
3200359,Alto Rio Novo,ES,0,6545,1490,2489,2039,293,6.1,0.7,1.5,3.6,53.8,39.8,54.8,28.3,,
3200409,Anchieta,ES,0,24797,4477,7084,11105,1283,6.6,1.3,2.3,2.7,40.5,53.2,41.3,16.6,,
3200508,Apiacá,ES,0,6320,1414,2122,2315,249,5.3,1.5,1.8,1.8,47.9,46.5,48.0,22.4,,
3200607,Aracruz,ES,0,75118,17218,20915,30223,4071,7.4,1.4,2.3,3.2,41.4,52.5,42.8,22.7,,
3200706,Atílio Vivácqua,ES,0,9255,1696,2859,4111,343,4.7,1.5,1.2,1.8,45.4,49.8,45.1,18.8,,
3200805,Baixo Guandu,ES,0,24892,5649,6841,10475,1094,5.9,1.0,2.0,2.4,42.8,51.7,42.9,22.2,,
3200904,Barra De São Francisco,ES,0,34548,8941,10054,13193,1379,5.6,1.2,1.8,2.2,44.6,50.5,45.2,27.7,,
3201001,Boa Esperança,ES,0,11266,2272,4123,4047,451,5.2,1.5,1.2,2.3,52.0,42.6,53.0,20.7,,
3201100,Bom Jesus Do Norte,ES,0,8487,1756,2703,3286,399,6.2,1.6,1.8,2.7,46.1,47.4,46.8,17.6,3300605,Bom Jesus do Itabapoana/RJ
3201159,Brejetuba,ES,0,10987,2931,2919,4344,442,5.7,1.2,1.8,2.4,42.0,51.4,41.5,26.3,,
3201209,Cachoeiro De Itapemirim,ES,0,134177,24206,28830,69303,7332,7.0,2.0,2.1,2.4,29.5,63.8,30.6,20.7,,
3201308,Cariacica,ES,0,274339,60535,81394,106008,17046,8.3,1.8,2.8,3.2,42.2,50.1,43.6,20.1,3205309,Vitória/ES
3201407,Castelo,ES,0,30033,6170,5019,16359,1501,6.6,2.0,1.8,2.2,25.1,67.9,26.1,20.7,,
3201506,Colatina,ES,0,87109,16074,20830,41676,5612,8.2,2.4,2.5,3.0,34.8,57.0,36.5,22.0,,
3201605,Conceição Da Barra,ES,0,25964,7493,10532,6160,841,4.8,0.7,1.4,2.5,61.6,33.2,62.5,29.5,,
3201704,Conceição Do Castelo,ES,0,9986,2243,1857,4899,505,7.0,2.1,1.9,2.4,27.9,64.2,29.7,25.9,,
3201803,Divino De São Lourenço,ES,0,4889,929,1358,2246,164,4.3,1.6,1.1,1.4,39.2,54.2,39.5,19.7,,
3201902,Domingos Martins,ES,0,29145,5474,5442,15389,1736,7.7,2.6,2.1,2.6,28.4,63.7,30.6,17.7,,
3202009,Dores Do Rio Preto,ES,0,6285,1332,1771,2630,283,6.0,1.6,1.6,2.5,43.3,50.6,43.1,21.3,,
3202108,Ecoporanga,ES,0,19065,4816,7063,5927,741,5.4,1.5,1.2,2.3,55.6,39.3,57.0,25.8,,
3202207,Fundão,ES,0,14736,3194,4938,5417,670,6.1,1.5,1.8,2.5,47.5,46.4,48.5,20.9,3205309,Vitória/ES
3202256,Governador Lindenberg,ES,0,9107,2102,2763,3438,494,7.4,1.8,1.9,3.4,49.9,43.5,49.6,22.7,,
3202306,Guaçuí,ES,0,22346,5503,6083,8905,1050,6.5,1.6,1.8,2.7,39.3,53.7,40.5,24.5,,
3202405,Guarapari,ES,0,101964,24456,23362,44951,5646,7.6,1.8,2.5,2.9,32.8,59.7,34.5,22.5,,
3202454,Ibatiba,ES,0,19598,3832,4166,9995,841,5.6,1.2,1.7,2.2,30.5,63.9,30.7,19.2,,
3202504,Ibiraçu,ES,0,9933,2306,2695,4043,509,7.0,1.1,1.9,3.5,40.1,53.5,41.6,21.3,,
3202553,Ibitirama,ES,0,7471,1326,1829,3733,295,5.0,1.3,1.1,2.4,31.8,61.5,31.4,17.6,,
3202603,Iconha,ES,0,11401,2225,2638,5485,609,7.0,1.8,1.7,3.2,35.8,57.0,37.3,19.0,,
3202652,Irupi,ES,0,11392,2733,2128,5719,372,4.5,1.3,1.3,1.7,28.9,65.7,28.5,24.3,,
3202702,Itaguaçu,ES,0,11742,2968,3242,4628,529,6.3,1.9,1.6,2.5,43.2,50.0,43.4,23.3,,
3202801,Itapemirim,ES,0,36630,7359,8314,18531,1428,5.0,1.1,1.7,2.0,31.1,63.8,31.5,20.5,,
3202900,Itarana,ES,0,9584,2222,1999,4502,507,7.2,1.9,1.8,3.1,35.2,56.8,35.6,20.7,,
3203007,Iúna,ES,0,21285,5079,4361,10234,883,5.7,1.4,1.5,2.5,30.1,63.9,30.1,22.7,,
3203056,Jaguaré,ES,0,24297,5260,9787,7603,879,4.8,1.0,1.4,2.1,59.0,36.7,59.0,21.9,,
3203106,Jerônimo Monteiro,ES,0,10071,2194,3034,3838,575,7.7,3.1,1.1,3.2,44.2,48.1,44.4,22.1,,
3203130,João Neiva,ES,0,12793,2737,3454,5474,654,6.8,1.9,1.8,2.7,38.6,55.0,40.0,20.4,,
3203163,Laranja Da Terra,ES,0,9495,1591,2372,4748,427,5.7,1.9,1.2,2.2,37.8,56.0,37.8,16.8,,
3203205,Linhares,ES,0,122598,29479,30016,52025,5930,6.7,1.7,2.2,2.5,37.3,55.6,38.4,23.2,,
3203304,Mantenópolis,ES,0,10402,2669,2994,4072,344,4.6,0.8,1.6,2.0,43.3,52.5,43.9,31.1,,
3203320,Marataízes,ES,0,33342,6042,7868,17081,1401,5.3,0.9,1.9,2.2,31.1,63.8,32.5,22.1,,
3203346,Marechal Floriano,ES,0,14378,2991,3207,6720,891,8.2,2.1,2.5,3.2,34.5,57.4,37.2,18.2,,
3203353,Marilândia,ES,0,10864,1958,2666,5309,503,5.9,1.5,1.8,2.5,36.3,57.8,36.7,16.5,,
3203403,Mimoso Do Sul,ES,0,19748,4046,6736,7119,901,6.1,2.1,1.6,2.0,50.3,43.0,51.5,17.7,,
3203502,Montanha,ES,0,15424,3790,5650,4965,497,4.5,0.9,1.4,2.0,54.8,40.2,54.5,25.5,,
3203601,Mucurici,ES,0,5141,1108,2237,1450,180,4.7,1.5,0.8,2.2,61.2,33.9,63.3,22.6,3204252,Ponto Belo - Mucurici/ES
3203700,Muniz Freire,ES,0,14757,3355,4172,5925,710,6.6,1.9,1.6,2.8,43.1,49.8,44.2,22.9,,
3203809,Muqui,ES,0,11078,2166,3552,4377,557,6.6,2.3,1.7,2.2,44.3,48.1,45.7,17.7,,
3203908,Nova Venécia,ES,0,41191,9624,12907,15483,1959,6.5,1.6,1.7,2.8,46.6,47.5,47.1,24.8,,
3204005,Pancas,ES,0,15876,4313,4617,5953,553,5.0,1.3,1.4,2.0,45.9,48.6,46.3,29.7,,
3204054,Pedro Canário,ES,0,18937,5429,7033,5187,677,5.2,0.7,1.5,2.8,57.9,36.9,58.5,28.8,,
3204104,Pinheiros,ES,0,18818,4180,7910,5400,794,5.6,1.0,1.4,2.9,60.3,34.7,60.9,23.1,,
3204203,Piúma,ES,0,17326,3265,4820,7769,857,6.4,1.1,2.2,2.7,38.8,55.9,39.1,22.1,,
3204252,Ponto Belo,ES,0,6490,1505,2777,1791,208,4.4,0.9,0.9,2.4,62.5,32.6,64.7,24.9,3204252,Ponto Belo - Mucurici/ES
3204302,Presidente Kennedy,ES,0,13256,2807,3170,6428,443,4.4,1.2,1.0,1.8,36.6,59.1,36.5,19.8,,
3204351,Rio Bananal,ES,0,15535,3541,4332,6438,674,5.9,1.9,1.4,2.5,45.1,48.8,44.9,23.1,,
3204401,Rio Novo Do Sul,ES,0,8808,1534,1727,4864,374,5.4,1.4,1.6,2.1,27.9,66.6,28.1,15.3,,
3204500,Santa Leopoldina,ES,0,10108,2116,3146,3859,588,7.7,2.3,2.2,3.1,44.2,47.0,46.9,19.7,,
3204559,Santa Maria De Jetibá,ES,0,31314,5791,5506,17156,1821,7.4,1.9,2.2,3.1,29.7,64.2,30.9,17.4,,
3204609,Santa Teresa,ES,0,20737,5348,4255,9197,1177,8.1,2.3,2.1,3.2,33.5,59.1,35.0,22.8,,
3204658,São Domingos Do Norte,ES,0,8443,1705,2860,3271,367,5.7,1.6,1.3,2.6,49.8,45.4,49.1,17.8,,
3204708,São Gabriel Da Palha,ES,0,26249,5581,7347,11256,1252,6.3,1.2,1.7,3.0,42.6,52.4,42.9,23.3,,
3204807,São José Do Calçado,ES,0,9759,2110,3568,3292,363,5.0,2.0,1.1,1.8,51.6,41.8,52.3,19.2,,
3204906,São Mateus,ES,0,92268,22209,32351,30661,4098,6.1,1.3,2.1,2.4,50.6,42.7,51.9,24.3,,
3204955,São Roque Do Canaã,ES,0,9890,2081,2523,4394,440,6.0,1.8,1.7,2.2,40.1,53.3,40.7,18.2,,
3205002,Serra,ES,0,361737,79908,113186,132177,23477,8.7,1.7,3.1,3.5,44.9,47.2,46.9,20.4,3205309,Vitória/ES
3205010,Sooretama,ES,0,20980,5621,6248,7438,906,6.2,1.2,1.9,3.0,50.2,44.7,49.7,25.3,,
3205036,Vargem Alta,ES,0,16002,3181,3249,8436,643,5.2,1.7,1.3,1.9,27.7,66.2,28.7,20.1,,
3205069,Venda Nova Do Imigrante,ES,0,20198,4712,3095,10649,999,6.8,1.6,1.9,2.7,24.2,68.3,25.8,23.1,,
3205101,Viana,ES,0,54374,10462,16824,21924,3307,7.9,1.8,2.4,3.4,43.6,49.0,44.9,18.3,3205309,Vitória/ES
3205150,Vila Pavão,ES,0,7761,1187,2976,2975,389,6.1,1.5,1.3,3.1,51.4,42.5,52.7,16.4,,
3205176,Vila Valério,ES,0,12919,2383,4691,4812,635,6.3,1.4,1.8,2.8,54.4,41.4,54.3,18.8,,
3205200,Vila Velha,ES,0,347987,66868,95998,149819,24247,9.0,1.9,3.1,3.3,36.2,54.8,39.1,17.4,3205309,Vitória/ES
3205309,Vitória,ES,1,267102,50378,87021,103461,18794,9.0,2.1,3.0,3.1,41.9,48.2,45.3,17.0,3205309,Vitória/ES
3300100,Angra Dos Reis,RJ,0,137071,31720,31859,62802,6348,6.3,1.4,2.0,2.5,32.6,61.8,33.4,23.5,,
3300159,Aperibé,RJ,0,10135,1858,2646,4917,409,5.1,1.6,1.3,1.9,38.8,55.8,40.9,17.7,3302106,Itaocara/RJ
3300209,Araruama,RJ,0,111370,25339,23451,53415,5331,6.5,1.8,1.9,2.4,30.5,62.0,32.2,24.0,3300209,Araruama/RJ
3300225,Areal,RJ,0,10270,2039,2663,4555,625,8.0,2.5,1.7,3.2,38.0,53.1,41.1,19.2,3303906,Petrópolis/RJ
3300233,Armação Dos Búzios,RJ,0,36236,8066,8225,17294,1817,6.7,1.4,2.2,2.7,31.9,61.5,34.0,23.1,3300704,Cabo Frio/RJ
3300258,Arraial Do Cabo,RJ,0,35242,7890,8652,15959,1824,6.9,1.5,2.2,2.9,34.2,59.1,35.9,26.5,3300704,Cabo Frio/RJ
3300308,Barra Do Piraí,RJ,0,69309,16505,21967,24526,3939,7.8,2.4,2.0,2.9,47.3,44.4,50.0,22.8,,
3300407,Barra Mansa,RJ,0,133855,28642,39813,52367,7804,7.8,2.1,2.3,2.9,43.5,48.4,45.8,20.5,3306305,Volta Redonda - Barra Mansa/RJ
3300456,Belford Roxo,RJ,0,346172,79027,91783,144676,16224,6.4,1.8,1.9,2.3,38.9,54.8,39.8,22.2,3304557,Rio de Janeiro/RJ
3300506,Bom Jardim,RJ,0,22628,4833,5896,9554,1348,8.0,2.8,2.2,2.6,39.3,51.6,43.3,23.0,,
3300605,Bom Jesus Do Itabapoana,RJ,0,28472,5894,8216,12229,1359,6.2,2.0,1.7,2.2,41.9,51.9,43.8,23.6,3300605,Bom Jesus do Itabapoana/RJ
3300704,Cabo Frio,RJ,0,179682,42330,39944,83213,8817,6.7,1.5,2.0,2.7,30.9,61.9,33.3,23.2,3300704,Cabo Frio/RJ
3300803,Cachoeiras De Macacu,RJ,0,46722,10225,11917,20791,2163,6.2,1.9,1.7,2.2,37.6,56.1,38.9,22.6,,
3300902,Cambuci,RJ,0,12296,2360,4249,4932,439,4.6,1.8,1.2,1.4,48.1,46.6,50.4,20.6,,
3300936,Carapebus,RJ,0,13468,2496,3896,6124,569,5.4,1.3,1.5,2.4,42.0,52.7,43.8,21.5,3302403,Macaé - Rio das Ostras/RJ
3300951,Comendador Levy Gasparian,RJ,0,8033,1213,3289,2713,537,8.2,2.6,2.1,2.9,56.1,37.2,58.9,16.3,3306008,Três Rios - Paraíba do Sul/RJ
3301009,Campos Dos Goytacazes,RJ,0,370466,80008,91105,160859,20200,7.4,2.3,1.8,2.9,34.2,58.0,36.9,21.9,3301009,Campos dos Goytacazes/RJ
3301108,Cantagalo,RJ,0,15148,2938,4618,6198,795,6.8,2.4,1.7,2.3,43.6,49.2,46.6,21.1,3301504,Cordeiro - Cantagalo/RJ
3301157,Cardoso Moreira,RJ,0,12616,2578,3073,6014,602,6.2,2.2,1.7,2.0,37.4,57.2,38.8,25.9,,
3301207,Carmo,RJ,0,14237,2477,4920,5468,872,7.7,2.7,1.9,2.9,51.9,41.9,54.6,20.1,,
3301306,Casimiro De Abreu,RJ,0,35993,8251,7582,17595,1581,5.9,1.6,1.7,2.3,30.7,63.2,32.8,23.4,3302403,Macaé - Rio das Ostras/RJ
3301405,Conceição De Macabu,RJ,0,16681,3180,6013,5959,892,6.9,2.2,1.6,2.8,49.6,42.9,52.0,22.6,3302403,Macaé - Rio das Ostras/RJ
3301504,Cordeiro,RJ,0,16926,2752,5304,7210,977,7.2,1.8,1.8,3.2,43.4,49.6,45.6,20.4,3301504,Cordeiro - Cantagalo/RJ
3301603,Duas Barras,RJ,0,10314,2085,3249,3919,642,8.2,3.5,1.7,2.5,47.7,44.2,50.9,19.4,,
3301702,Duque De Caxias,RJ,0,634694,114072,183125,274289,34032,6.9,1.9,2.1,2.4,40.1,53.2,41.7,21.1,3304557,Rio de Janeiro/RJ
3301801,Engenheiro Paulo De Frontin,RJ,0,11116,1913,3652,4502,659,7.5,2.1,1.9,2.9,47.1,45.3,49.6,18.6,3302809,Mendes - Engenheiro Paulo de Frontin/RJ
3301850,Guapimirim,RJ,0,44941,9744,11616,19835,2321,6.9,1.7,2.0,2.7,37.8,55.2,39.0,21.7,3304557,Rio de Janeiro/RJ
3301876,Iguaba Grande,RJ,0,30569,5834,6773,15517,1583,6.6,1.7,1.9,2.5,29.7,63.4,31.9,23.0,3300209,Araruama/RJ
3301900,Itaboraí,RJ,0,177920,40283,49680,71796,9341,7.1,2.1,2.1,2.6,40.4,53.0,42.1,21.4,3304557,Rio de Janeiro/RJ
3302007,Itaguaí,RJ,0,100542,21706,24715,44965,5647,7.5,1.9,2.3,2.9,33.9,58.9,35.7,21.4,3304557,Rio de Janeiro/RJ
3302056,Italva,RJ,0,11648,2483,2457,5937,453,5.1,1.7,1.3,1.8,33.0,61.6,35.1,24.6,,
3302106,Itaocara,RJ,0,19120,3495,4313,9761,855,5.7,2.1,1.3,2.1,32.6,60.9,34.7,21.3,3302106,Itaocara/RJ
3302205,Itaperuna,RJ,0,76037,17884,17011,35918,3343,5.9,2.1,1.6,1.9,32.6,61.0,34.7,23.4,,
3302254,Itatiaia,RJ,0,26584,5818,7164,11270,1630,8.1,2.4,2.5,2.7,41.0,51.2,42.3,22.2,3304201,Resende/RJ
3302270,Japeri,RJ,0,76652,16719,22217,30840,3683,6.5,1.8,1.7,2.6,40.8,53.0,41.7,21.8,3304557,Rio de Janeiro/RJ
3302304,Laje Do Muriaé,RJ,0,6944,1351,2843,2210,301,5.6,2.4,0.8,2.0,57.7,37.2,59.5,22.8,,
3302403,Macaé,RJ,0,186241,41789,55742,71870,10414,7.5,1.6,2.1,3.2,42.9,49.4,45.6,23.8,3302403,Macaé - Rio das Ostras/RJ
3302452,Macuco,RJ,0,7132,1070,2504,2946,361,6.2,2.4,1.2,2.4,48.6,44.9,51.1,17.8,,
3302502,Magé,RJ,0,192902,37662,51814,85481,10285,7.0,2.0,1.9,2.6,38.6,55.0,40.0,21.3,3304557,Rio de Janeiro/RJ
3302601,Mangaratiba,RJ,0,46501,12421,10613,20418,1909,5.8,1.6,1.8,2.1,34.7,58.8,36.1,25.3,3304557,Rio de Janeiro/RJ
3302700,Maricá,RJ,0,185609,41093,59972,69193,9709,7.0,1.7,2.2,2.6,45.8,47.8,48.3,20.5,3304557,Rio de Janeiro/RJ
3302809,Mendes,RJ,0,14878,3000,4966,5529,818,7.2,2.1,2.1,2.5,46.6,45.4,49.0,22.2,3302809,Mendes - Engenheiro Paulo de Frontin/RJ
3302858,Mesquita,RJ,0,136302,30012,36083,58774,6640,6.5,1.7,2.0,2.4,37.2,55.9,38.3,20.2,3304557,Rio de Janeiro/RJ
3302908,Miguel Pereira,RJ,0,24781,5550,6675,10499,1288,7.0,2.1,2.0,2.5,39.3,52.9,41.9,22.2,3303856,Paty do Alferes - Miguel Pereira/RJ
3303005,Miracema,RJ,0,21056,3926,7909,7380,984,6.0,2.3,1.6,1.9,51.3,42.4,53.6,23.2,,
3303104,Natividade,RJ,0,12453,2744,3856,4648,713,7.7,2.5,2.1,2.8,45.5,47.5,48.4,22.4,,
3303203,Nilópolis,RJ,0,128648,28103,35389,54213,6412,6.7,1.7,2.0,2.4,37.8,54.8,39.4,20.0,3304557,Rio de Janeiro/RJ
3303302,Niterói,RJ,0,412252,80820,154098,139309,25308,7.9,2.2,2.5,2.6,46.6,42.9,51.2,19.3,3304557,Rio de Janeiro/RJ
3303401,Nova Friburgo,RJ,0,155366,35254,39479,63538,10399,9.2,2.5,2.6,3.5,37.2,53.3,40.6,22.9,,
3303500,Nova Iguaçu,RJ,0,614931,137792,151528,267454,30898,6.9,1.8,2.1,2.5,35.8,57.3,37.0,20.6,3304557,Rio de Janeiro/RJ
3303609,Paracambi,RJ,0,33690,7227,9799,13601,1763,7.0,1.7,2.0,2.8,38.3,55.2,39.8,21.0,3304557,Rio de Janeiro/RJ
3303708,Paraíba Do Sul,RJ,0,34304,7610,9988,13407,2002,7.9,2.5,1.9,2.9,41.2,50.1,44.2,23.0,3306008,Três Rios - Paraíba do Sul/RJ
3303807,Paraty,RJ,0,35461,8486,8622,15758,1645,6.3,1.4,1.9,2.6,34.7,59.1,37.2,23.0,,
3303856,Paty Do Alferes,RJ,0,24302,5269,5718,11511,1231,6.7,2.2,1.6,2.5,35.0,57.3,37.3,21.8,3303856,Paty do Alferes - Miguel Pereira/RJ
3303906,Petrópolis,RJ,0,239569,57915,57572,95783,18060,10.5,2.9,2.9,3.9,34.0,55.2,37.8,24.0,3303906,Petrópolis/RJ
3303955,Pinheiral,RJ,0,18820,4046,6639,6497,1098,7.7,1.9,2.3,3.0,52.0,41.0,54.1,19.8,3306305,Volta Redonda - Barra Mansa/RJ
3304003,Piraí,RJ,0,23699,5357,7529,8680,1301,7.4,2.4,2.0,2.6,46.0,46.3,48.4,21.3,,
3304102,Porciúncula,RJ,0,13293,2941,4729,4476,649,6.6,2.7,1.5,2.1,52.2,41.3,53.9,26.3,,
3304110,Porto Real,RJ,0,17925,3097,5071,8172,1035,7.2,1.9,2.1,2.9,41.6,52.1,43.2,19.0,3304201,Resende/RJ
3304128,Quatis,RJ,0,10505,1759,3560,4272,573,6.8,2.2,1.8,2.4,48.2,45.3,50.3,18.9,3304201,Resende/RJ
3304144,Queimados,RJ,0,104602,17653,30676,45795,6329,7.6,1.9,2.3,2.9,39.5,53.4,41.1,14.7,3304557,Rio de Janeiro/RJ
3304151,Quissamã,RJ,0,19085,4015,6028,7550,900,6.2,1.9,1.3,2.7,50.5,43.4,52.1,21.9,,
3304201,Resende,RJ,0,98020,22484,22536,43226,6515,9.0,2.9,2.5,3.0,35.7,55.0,38.1,22.5,3304201,Resende/RJ
3304300,Rio Bonito,RJ,0,45412,9076,10836,21566,2407,6.9,2.2,1.8,2.5,32.6,59.8,34.8,19.8,,
3304409,Rio Claro,RJ,0,14700,2721,5215,5372,851,7.4,2.4,2.1,2.7,48.7,44.5,51.4,23.0,,
3304508,Rio Das Flores,RJ,0,8711,1813,3781,2476,365,5.5,2.0,1.3,1.8,61.6,32.0,64.7,22.9,,
3304524,Rio Das Ostras,RJ,0,107737,24797,25447,48383,5935,7.4,1.4,2.4,3.1,33.5,59.4,35.9,20.9,3302403,Macaé - Rio das Ostras/RJ
3304557,Rio De Janeiro,RJ,1,4952612,1293714,1524517,1662354,285003,8.2,2.4,2.5,2.6,43.5,47.0,47.3,24.2,3304557,Rio de Janeiro/RJ
3304607,Santa Maria Madalena,RJ,0,8846,1844,2847,3277,499,7.5,2.9,1.6,2.7,47.9,44.1,51.5,21.8,,
3304706,Santo Antônio De Pádua,RJ,0,33702,7914,8371,14849,1469,6.0,2.4,1.3,1.9,37.6,56.5,39.4,24.2,3304706,Santo Antônio de Pádua/RJ
3304755,São Francisco De Itabapoana,RJ,0,39905,10352,8000,18882,1438,5.1,1.9,1.2,1.8,32.3,61.8,33.0,26.7,,
3304805,São Fidélis,RJ,0,30178,6481,7229,14248,1326,5.8,1.8,1.6,2.1,34.1,59.9,36.8,25.5,,
3304904,São Gonçalo,RJ,0,653184,153243,190984,247529,34139,7.2,1.9,2.1,2.7,42.4,50.1,44.6,22.6,3304557,Rio de Janeiro/RJ
3305000,São João Da Barra,RJ,0,43094,8204,10656,19786,2560,7.8,2.4,1.6,3.5,37.2,56.1,39.3,19.8,3301009,Campos dos Goytacazes/RJ
3305109,São João De Meriti,RJ,0,340128,63367,96017,147563,17681,6.8,2.0,2.0,2.4,38.9,54.3,40.0,23.1,3304557,Rio de Janeiro/RJ
3305133,São José De Ubá,RJ,0,7636,1551,1881,3697,279,4.8,1.7,1.1,1.6,36.2,57.4,39.3,19.2,,
3305158,São José Do Vale Do Rio Preto,RJ,0,16230,3261,2314,9219,907,7.3,2.0,2.0,2.8,19.4,74.1,21.9,23.7,,
3305208,São Pedro Da Aldeia,RJ,0,74913,16410,14421,38306,3571,6.3,1.5,1.9,2.6,26.3,67.1,27.9,22.2,3300704,Cabo Frio/RJ
3305307,São Sebastião Do Alto,RJ,0,7793,1766,2181,3248,292,5.1,2.7,0.8,1.3,44.5,50.0,45.2,18.6,,
3305406,Sapucaia,RJ,0,15786,3217,4495,6814,714,5.9,2.3,1.5,1.7,41.5,53.0,43.2,22.0,3101508,Além Paraíba/MG - Sapucaia/RJ
3305505,Saquarema,RJ,0,92059,20078,20288,44175,4184,6.1,1.5,1.9,2.3,32.5,60.6,34.9,23.4,3304557,Rio de Janeiro/RJ
3305554,Seropédica,RJ,0,60965,13526,15730,26529,3000,6.6,1.8,1.8,2.6,36.3,56.8,37.9,20.7,3304557,Rio de Janeiro/RJ
3305604,Silva Jardim,RJ,0,18674,3765,4450,8932,897,6.3,2.0,1.5,2.5,35.8,57.9,38.1,24.0,,
3305703,Sumidouro,RJ,0,14193,2365,3345,7366,649,5.7,2.2,1.5,1.7,32.7,61.9,35.7,22.1,,
3305752,Tanguá,RJ,0,26468,5243,7530,11510,1302,6.4,2.2,1.5,2.5,40.8,53.6,42.0,19.0,3304557,Rio de Janeiro/RJ
3305802,Teresópolis,RJ,0,133712,30413,28112,61584,8369,8.5,2.4,2.5,3.2,29.1,62.1,32.1,22.8,,
3305901,Trajano De Moraes,RJ,0,9269,1804,3122,3561,427,6.0,2.3,1.1,2.5,50.2,43.2,53.5,18.4,,
3306008,Três Rios,RJ,0,62480,13590,20997,21385,4041,8.7,2.7,2.2,3.2,50.1,42.0,53.0,21.7,3306008,Três Rios - Paraíba do Sul/RJ
3306107,Valença,RJ,0,56821,14897,20463,16207,3213,8.1,2.7,1.9,2.9,54.3,37.1,57.4,26.1,3306107,Valença/RJ
3306156,Varre-Sai,RJ,0,8788,1727,2102,4219,415,6.2,2.6,1.4,1.8,33.5,59.9,36.5,21.7,,
3306206,Vassouras,RJ,0,29259,6056,9316,11112,1712,7.7,2.5,2.0,2.7,45.9,46.5,49.0,24.1,,
3306305,Volta Redonda,RJ,0,221957,49548,69383,82586,12989,7.9,1.9,2.5,2.9,44.5,47.1,47.1,20.4,3306305,Volta Redonda - Barra Mansa/RJ
3500105,Adamantina,SP,0,25494,5715,3957,13609,1305,6.9,2.0,2.2,2.4,23.9,68.8,25.5,25.3,3500105,Adamantina - Lucélia/SP
3500204,Adolfo,SP,0,3977,872,865,1974,133,4.5,1.0,1.2,1.8,35.7,59.1,35.7,24.9,,
3500303,Aguaí,SP,0,24235,6091,5594,9806,1394,8.3,2.0,2.7,3.1,37.5,53.6,39.8,24.4,,
3500402,Águas Da Prata,SP,0,5911,1183,1387,2743,369,8.2,2.8,2.2,2.5,33.7,56.3,37.6,23.4,3549102,São João da Boa Vista/SP
3500501,Águas De Lindóia,SP,0,14061,2554,2614,7494,776,7.1,1.4,2.4,2.7,26.8,64.8,28.2,22.2,3500501,Águas de Lindóia/SP
3500550,Águas De Santa Bárbara,SP,0,5392,1381,1024,2545,238,6.2,1.4,1.9,2.5,32.8,59.3,34.2,27.2,,
3500600,Águas De São Pedro,SP,0,4335,998,904,2037,274,8.5,2.2,2.7,2.9,29.5,60.7,32.2,21.1,3550407,São Pedro/SP
3500709,Agudos,SP,0,28853,6459,5754,13759,1484,7.1,1.9,2.3,2.6,31.5,60.4,33.3,23.6,,
3500758,Alambari,SP,0,5139,1057,1075,2568,229,5.9,1.8,1.9,2.1,32.5,60.5,34.2,19.8,3522307,Itapetininga/SP
3500808,Alfredo Marcondes,SP,0,3964,801,984,1905,132,4.4,1.2,1.5,1.6,37.9,57.4,38.3,21.9,3541406,Presidente Prudente/SP
3500907,Altair,SP,0,2954,549,818,1377,87,3.8,0.7,1.0,1.8,43.5,50.6,43.9,24.3,,
3501004,Altinópolis,SP,0,12706,2795,3465,4946,828,9.0,3.1,2.0,3.0,44.5,46.0,46.1,20.2,,
3501103,Alto Alegre,SP,0,3662,763,728,1927,121,4.4,1.2,1.0,2.0,29.8,63.9,32.4,23.4,,
3501152,Alumínio,SP,0,14040,2877,4061,5333,1216,11.5,2.5,3.6,4.8,43.5,44.9,47.1,21.0,3552205,Sorocaba/SP
3501202,Álvares Florence,SP,0,3612,737,800,1819,120,4.4,1.6,0.8,1.7,33.0,60.9,34.5,24.3,3557105,Votuporanga/SP
3501301,Álvares Machado,SP,0,17955,3631,4420,8267,908,6.7,2.0,1.9,2.5,37.7,54.9,39.8,23.2,3541406,Presidente Prudente/SP
3501400,Álvaro De Carvalho,SP,0,2756,687,762,1024,105,5.5,1.7,1.6,2.0,47.9,46.3,48.2,24.8,,
3501509,Alvinlândia,SP,0,2634,531,841,1075,82,4.1,1.2,1.4,1.2,45.7,49.2,47.1,23.8,,
3501608,Americana,SP,0,181216,38077,37768,86854,11967,8.8,1.7,2.9,3.5,29.6,60.1,32.7,20.0,3501608,Americana - Santa Bárbara d´Oeste/SP
3501707,Américo Brasiliense,SP,0,27310,5569,9640,9080,1593,7.8,1.5,2.5,3.4,52.6,39.2,54.9,21.1,3503208,Araraquara/SP
3501806,Américo De Campos,SP,0,4769,840,1093,2437,229,6.1,1.8,1.5,2.4,35.4,58.8,36.2,18.4,,
3501905,Amparo,SP,0,53743,11723,10258,25719,3418,8.7,2.2,2.8,3.2,29.1,60.9,32.2,23.6,3501905,Amparo/SP
3502002,Analândia,SP,0,4681,1396,838,2077,220,7.0,1.7,1.8,3.1,30.7,60.4,33.3,28.8,,
3502101,Andradina,SP,0,42476,9680,9695,19337,2130,6.8,1.7,2.2,2.6,35.0,57.1,36.6,24.0,,
3502200,Angatuba,SP,0,17865,4400,4612,6951,1036,8.2,2.4,2.3,3.3,41.9,49.7,44.2,24.9,,
3502309,Anhembi,SP,0,5471,1638,1153,2283,188,5.2,1.7,1.2,1.9,38.6,55.5,39.3,31.7,,
3502408,Anhumas,SP,0,3315,681,842,1563,134,5.3,1.6,1.5,1.8,39.8,54.6,40.5,21.8,3541406,Presidente Prudente/SP
3502507,Aparecida,SP,0,26836,4808,6815,12371,2032,9.6,2.6,2.8,3.5,33.5,55.5,37.1,20.3,3518404,Guaratinguetá/SP
3502606,Aparecida D'Oeste,SP,0,3777,823,1156,1563,143,5.0,1.5,1.1,2.3,46.2,49.0,47.7,24.3,,
3502705,Apiaí,SP,0,18737,4600,5202,7059,935,7.1,1.7,2.2,2.9,44.7,47.0,46.7,28.4,,
3502754,Araçariguama,SP,0,17829,4617,4437,7114,1033,8.2,1.7,2.7,3.3,41.1,50.5,42.6,24.0,,
3502804,Araçatuba,SP,0,145128,32529,28686,70541,8761,8.1,2.1,2.4,3.2,28.4,62.9,30.8,22.8,,
3502903,Araçoiaba Da Serra,SP,0,26408,5960,5366,12431,1531,7.9,2.2,2.4,2.8,30.8,59.6,34.1,19.2,3552205,Sorocaba/SP
3503000,Aramina,SP,0,4523,994,1376,1798,214,6.3,2.0,1.7,2.4,50.3,43.2,51.1,23.8,3520103,Igarapava/SP
3503109,Arandu,SP,0,5528,1178,1229,2669,227,5.5,2.0,1.1,2.2,40.1,54.3,40.8,23.4,,
3503158,Arapeí,SP,0,2505,516,843,928,100,5.3,1.9,1.1,2.2,48.6,44.5,51.4,24.4,,
3503208,Araraquara,SP,0,170310,37117,56181,57432,11709,9.3,2.1,3.2,3.3,46.2,42.9,50.5,24.1,3503208,Araraquara/SP
3503307,Araras,SP,0,96612,18946,19003,47054,6823,9.4,2.6,2.6,3.5,28.6,60.7,31.7,21.0,,
3503356,Arco-Íris,SP,0,2331,609,440,1144,77,4.6,1.8,1.3,1.4,33.5,58.3,37.2,23.2,3555000,Tupã/SP
3503406,Arealva,SP,0,6343,1552,1225,3026,263,5.8,1.5,1.9,2.3,33.1,60.5,34.5,22.8,,
3503505,Areias,SP,0,3463,715,1401,1036,203,7.7,2.0,2.0,3.5,60.2,33.4,62.6,17.9,,
3503604,Areiópolis,SP,0,8193,1537,2439,3337,429,6.9,1.1,2.1,3.5,43.4,50.2,44.9,21.1,,
3503703,Ariranha,SP,0,6455,1337,1453,3085,271,5.6,1.9,1.4,2.0,35.1,58.8,36.5,22.1,3545605,Santa Adélia - Palmares Paulista - Ariranha/SP
3503802,Artur Nogueira,SP,0,38528,7050,8832,18749,2165,7.3,1.7,2.5,2.7,34.5,57.9,36.5,18.8,3503802,Artur Nogueira/SP
3503901,Arujá,SP,0,71347,14266,19322,28627,5867,10.9,2.5,3.9,3.9,39.7,49.1,42.7,20.0,3550308,São Paulo/SP
3503950,Aspásia,SP,0,1875,383,555,820,81,5.6,1.9,1.5,1.9,39.8,54.2,41.8,21.0,,
3504008,Assis,SP,0,69743,16241,15889,31310,3992,7.8,2.1,2.3,3.0,34.9,56.3,37.6,24.5,,
3504107,Atibaia,SP,0,119210,24947,25773,53602,9653,10.8,2.6,3.6,3.9,32.1,55.5,36.3,22.4,3504107,Atibaia/SP
3504206,Auriflama,SP,0,11053,2409,2289,5621,380,4.6,1.2,1.3,1.9,31.9,62.6,33.2,19.5,,
3504305,Avaí,SP,0,4189,1065,1296,1521,160,5.4,1.7,1.4,2.1,49.0,44.6,50.5,24.2,,
3504404,Avanhandava,SP,0,7452,1653,2166,2956,354,6.5,1.6,1.8,2.8,48.1,46.2,49.2,23.5,,
3504503,Avaré,SP,0,64380,15026,13487,28677,4078,8.8,2.3,2.7,3.4,33.9,56.9,36.4,25.7,,
3504602,Bady Bassitt,SP,0,16956,3817,3272,8284,1019,8.1,1.8,2.7,3.2,29.0,63.7,30.9,20.6,3549805,São José do Rio Preto/SP
3504701,Balbinos,SP,0,1423,373,356,578,64,6.4,1.4,2.0,2.7,41.6,53.8,40.9,26.0,3538907,Pirajuí/SP
3504800,Bálsamo,SP,0,7397,1542,1357,3816,408,7.3,1.7,2.5,2.7,30.9,58.9,33.1,19.8,3549805,São José do Rio Preto/SP
3504909,Bananal,SP,0,8233,1664,2941,2827,424,6.8,1.7,2.0,2.9,53.5,39.6,55.3,24.0,,
3505005,Barão De Antonina,SP,0,2926,756,804,1109,125,6.1,1.6,1.3,2.9,46.9,45.6,50.9,24.7,,
3505104,Barbosa,SP,0,4970,1184,1315,2130,169,4.7,1.7,0.8,2.1,42.1,51.5,42.4,23.6,,
3505203,Bariri,SP,0,23149,5294,4064,11292,1306,7.8,2.5,2.2,2.6,26.1,65.3,28.3,25.4,,
3505302,Barra Bonita,SP,0,28333,5721,5911,13626,1798,8.4,2.2,2.5,3.2,31.9,58.6,34.3,22.0,3505302,Barra Bonita - Igaraçu do Tietê/SP
3505351,Barra Do Chapéu,SP,0,4672,1128,1210,1919,202,6.1,1.3,1.8,2.7,46.6,41.9,50.2,24.2,,
3505401,Barra Do Turvo,SP,0,6314,1993,1858,2075,200,4.8,1.5,2.1,1.2,50.5,44.7,50.9,36.6,,
3505500,Barretos,SP,0,85200,20082,19752,37186,5180,8.3,2.4,2.4,3.2,35.0,56.1,37.2,27.2,,
3505609,Barrinha,SP,0,23638,4352,7932,8897,1362,7.5,1.4,1.9,3.8,50.2,43.0,51.5,20.4,,
3505708,Barueri,SP,0,298024,67090,89466,106619,23009,10.5,2.2,3.7,3.9,44.2,43.5,48.3,19.4,3550308,São Paulo/SP
3505807,Bastos,SP,0,16975,4206,2712,8701,745,6.1,1.9,1.9,2.1,26.4,66.1,28.5,24.5,,
3505906,Batatais,SP,0,42270,8386,11161,17582,3133,9.8,3.2,2.4,3.6,40.7,48.9,43.4,23.6,,
3506003,Bauru,SP,0,278336,69900,64967,112236,19289,9.8,2.6,3.0,3.5,35.5,53.8,39.0,22.8,3506003,Bauru/SP
3506102,Bebedouro,SP,0,56372,12860,10720,27408,3374,8.1,1.9,2.2,3.7,28.7,63.1,31.1,25.1,,
3506201,Bento De Abreu,SP,0,2146,536,580,925,49,3.1,1.0,0.7,1.4,39.3,55.0,41.2,21.5,3556305,Valparaíso/SP
3506300,Bernardino De Campos,SP,0,7724,1704,1750,3537,402,7.1,2.0,1.4,3.4,35.8,56.8,37.5,24.4,,
3506359,Bertioga,SP,0,52928,14048,13965,20207,3029,8.1,1.8,2.7,3.3,40.7,50.9,43.4,25.1,,
3506409,Bilac,SP,0,6346,1435,1277,3224,237,5.0,1.3,1.6,1.8,29.1,65.5,30.3,22.4,,
3506508,Birigui,SP,0,84471,18527,14393,43666,4116,6.6,1.6,2.3,2.4,25.5,67.6,26.8,22.3,3506508,Birigui/SP
3506607,Biritiba Mirim,SP,0,24212,5820,5695,9816,1600,9.3,2.8,2.7,3.3,37.0,51.6,39.8,21.5,3550308,São Paulo/SP
3506706,Boa Esperança Do Sul,SP,0,9706,2148,3125,3383,463,6.6,1.6,1.8,3.0,56.1,37.8,57.8,22.3,,
3506805,Bocaina,SP,0,8535,1751,1583,4264,473,7.5,2.3,2.1,2.5,30.3,62.0,32.8,22.0,,
3506904,Bofete,SP,0,8935,2415,2069,3653,389,6.4,1.9,1.6,2.6,37.0,55.6,39.4,28.3,,
3507001,Boituva,SP,0,47624,10801,10083,21770,2840,8.2,1.8,2.8,3.0,31.3,59.9,33.7,23.6,3507001,Boituva - Iperó/SP
3507100,Bom Jesus Dos Perdões,SP,0,18368,3772,4112,8278,1361,9.9,2.2,3.3,3.7,35.6,55.3,37.7,21.4,3504107,Atibaia/SP
3507159,Bom Sucesso De Itararé,SP,0,3289,744,1057,1249,145,5.9,1.2,1.9,2.7,53.9,40.0,55.2,22.2,,
3507209,Borá,SP,0,1094,232,247,537,38,4.6,2.3,0.5,1.7,39.4,54.9,41.8,18.5,3535507,Paraguaçu Paulista/SP
3507308,Boracéia,SP,0,3884,801,934,1797,188,6.4,1.6,2.0,2.5,40.3,53.0,41.6,21.9,,
3507407,Borborema,SP,0,10738,2315,2040,5454,521,6.5,2.0,1.9,2.4,29.2,63.5,32.0,24.3,,
3507456,Borebi,SP,0,2400,510,593,1096,107,6.0,1.6,1.9,2.1,40.2,53.0,41.8,21.6,,
3507506,Botucatu,SP,0,111048,25320,27979,43436,8738,10.9,2.8,3.1,4.4,37.1,50.3,41.6,18.8,,
3507605,Bragança Paulista,SP,0,131308,26268,26994,61726,10099,10.2,2.4,3.3,3.8,29.6,58.9,33.1,22.0,,
3507704,Braúna,SP,0,4231,823,903,2250,122,3.7,0.9,1.2,1.5,30.4,65.4,31.2,19.4,3506508,Birigui/SP
3507753,Brejo Alegre,SP,0,2875,747,898,1027,101,5.0,1.2,1.1,2.6,53.8,42.5,53.8,21.1,3506508,Birigui/SP
3507803,Brodowski,SP,0,17196,2971,3343,9098,1058,7.8,2.1,2.4,2.8,30.7,61.7,32.0,22.1,3543402,Ribeirão Preto/SP
3507902,Brotas,SP,0,17821,4366,3126,8559,959,7.6,2.2,2.2,2.6,27.7,63.3,30.7,26.8,,
3508009,Buri,SP,0,14878,3374,3376,7013,508,4.7,1.1,1.6,1.8,38.2,57.0,39.5,25.0,,
3508108,Buritama,SP,0,13143,3146,2889,6141,514,5.4,1.2,1.7,2.3,35.0,59.9,35.9,26.2,,
3508207,Buritizal,SP,0,4125,876,827,2163,162,5.1,1.2,1.8,1.9,29.2,65.7,31.2,21.3,,
3508306,Cabrália Paulista,SP,0,3698,889,991,1489,201,7.5,1.7,2.5,3.1,45.4,47.7,48.0,21.7,,
3508405,Cabreúva,SP,0,36426,8120,8047,16272,2377,8.9,1.6,3.1,3.6,36.1,55.9,37.4,20.9,3525904,Jundiaí/SP
3508504,Caçapava,SP,0,72595,14503,16135,33129,5432,9.9,2.5,3.1,3.5,30.1,58.5,33.7,21.4,3549904,São José dos Campos/SP
3508603,Cachoeira Paulista,SP,0,23891,5168,6209,10113,1570,8.8,2.5,2.5,3.2,38.4,51.9,41.1,24.1,,
3508702,Caconde,SP,0,13333,3129,3481,5378,732,7.6,1.9,1.8,3.1,42.4,50.8,44.0,27.0,,
3508801,Cafelândia,SP,0,12245,2913,2791,5398,632,7.2,2.0,2.1,2.7,35.4,55.7,37.5,25.7,,
3508900,Caiabu,SP,0,3330,657,1019,1377,142,5.6,2.7,1.0,1.7,46.8,45.9,49.5,16.8,3541406,Presidente Prudente/SP
3509007,Caieiras,SP,0,72229,16462,21382,25538,5371,10.3,2.3,3.6,3.8,44.8,43.8,48.5,19.6,3550308,São Paulo/SP
3509106,Caiuá,SP,0,3755,1024,1257,1239,134,5.1,1.1,1.1,2.5,55.6,38.7,56.5,25.3,3541505,Presidente Venceslau/SP
3509205,Cajamar,SP,0,70021,14366,20433,26010,5773,11.1,2.0,3.7,4.6,45.6,42.6,49.1,20.2,3550308,São Paulo/SP
3509254,Cajati,SP,0,22016,5167,4395,10715,975,6.1,1.5,1.9,2.3,31.4,62.4,33.4,28.7,,
3509304,Cajobi,SP,0,7437,1129,1876,3766,352,5.9,1.4,1.5,2.6,38.1,57.0,38.6,23.0,,
3509403,Cajuru,SP,0,18240,3985,5265,7179,986,7.3,2.2,2.2,2.6,45.8,46.8,47.7,25.1,,
3509452,Campina Do Monte Alegre,SP,0,4857,1035,1201,2213,234,6.4,2.5,1.5,2.0,37.8,54.4,39.8,21.7,,
3509502,Campinas,SP,0,873613,205914,241972,329733,61515,9.7,2.2,3.2,3.3,39.8,49.1,43.8,21.9,3509502,Campinas/SP
3509601,Campo Limpo Paulista,SP,0,59440,12694,15625,23507,4623,10.6,2.1,3.5,4.2,38.7,50.6,41.8,21.5,3525904,Jundiaí/SP
3509700,Campos Do Jordão,SP,0,38107,8854,8117,16257,3016,11.0,2.8,2.9,4.5,34.1,53.7,37.4,26.1,,
3509809,Campos Novos Paulista,SP,0,3805,869,896,1828,119,4.2,1.2,1.6,1.3,36.1,59.8,37.9,23.7,,
3509908,Cananéia,SP,0,10410,2753,2848,3998,487,6.6,1.7,2.0,2.5,39.2,51.9,42.7,22.4,,
3509957,Canas,SP,0,3959,742,1071,1754,238,7.8,2.5,1.9,3.2,38.4,52.7,40.1,21.5,3527207,Lorena/SP
3510005,Cândido Mota,SP,0,22894,4847,4340,11608,1137,6.7,1.7,2.4,2.2,29.6,63.7,30.8,24.5,,
3510104,Cândido Rodrigues,SP,0,2853,688,526,1435,102,4.9,1.3,1.4,1.8,32.0,61.2,33.0,22.1,,
3510153,Canitar,SP,0,4337,998,1210,1703,215,6.9,2.5,1.7,2.3,48.1,46.8,46.8,18.2,3534708,Ourinhos/SP
3510203,Capão Bonito,SP,0,34293,7326,8190,15272,2024,7.9,1.9,2.7,3.0,36.4,53.9,38.9,24.6,3510203,Capão Bonito/SP
3510302,Capela Do Alto,SP,0,14543,2968,2836,7373,692,6.3,1.7,1.7,2.7,30.3,61.5,32.5,22.2,,
3510401,Capivari,SP,0,37609,7386,7639,18583,2362,8.3,2.1,2.5,3.2,29.4,61.6,31.6,21.6,3510401,Capivari/SP
3510500,Caraguatatuba,SP,0,106446,24156,27242,43425,7029,9.1,1.9,3.2,3.3,37.8,53.2,40.6,23.4,3510500,Caraguatatuba - Ubatuba - São Sebastião/SP
3510609,Carapicuíba,SP,0,290495,73038,94231,88178,21115,10.4,2.5,3.4,3.9,50.0,38.4,53.5,21.7,3550308,São Paulo/SP
3510708,Cardoso,SP,0,9593,2757,2603,3590,333,5.1,1.9,1.1,1.9,45.2,49.3,45.1,30.3,,
3510807,Casa Branca,SP,0,19558,4938,3836,8681,1176,8.6,2.2,2.8,3.1,31.1,60.6,33.4,26.6,,
3510906,Cássia Dos Coqueiros,SP,0,2667,578,765,1045,136,7.0,2.2,1.5,2.8,44.8,47.6,47.1,27.3,,
3511003,Castilho,SP,0,15377,3636,5417,5179,628,5.6,1.3,1.8,2.2,53.4,39.6,55.8,23.9,,
3511102,Catanduva,SP,0,86119,19787,16022,42040,4777,7.6,1.9,2.4,2.9,28.9,62.9,30.5,21.2,3511102,Catanduva/SP
3511201,Catiguá,SP,0,5688,1035,1282,2825,213,4.9,1.7,1.6,1.4,32.5,62.2,33.7,18.8,3511102,Catanduva/SP
3511300,Cedral,SP,0,8582,1811,1580,4391,526,8.1,2.4,2.2,3.2,26.7,65.6,28.4,20.6,3549805,São José do Rio Preto/SP
3511409,Cerqueira César,SP,0,14958,4019,3052,6301,928,9.0,2.1,2.4,4.1,37.4,53.1,40.0,28.0,,
3511508,Cerquilho,SP,0,36003,7722,5950,18458,2217,8.3,2.0,2.7,3.0,25.7,65.4,27.9,22.4,3511508,Cerquilho - Tietê/SP
3511607,Cesário Lange,SP,0,13804,3146,2390,6790,587,6.0,1.7,1.7,2.3,28.4,64.1,30.0,24.3,,
3511706,Charqueada,SP,0,13212,2864,2525,6708,622,6.3,1.7,1.8,2.5,29.2,64.0,30.2,21.7,3538709,Piracicaba/SP
3511904,Clementina,SP,0,5273,1015,1217,2675,206,5.0,1.2,1.8,1.8,35.4,59.5,35.8,21.2,,
3512001,Colina,SP,0,14048,3219,3238,5023,2045,19.8,0.8,1.6,17.3,44.6,46.8,46.5,25.6,,
3512100,Colômbia,SP,0,5800,1464,1753,2161,229,5.5,1.0,1.7,2.7,46.5,47.4,47.7,26.6,3151602,Planura/MG - Colômbia/SP
3512209,Conchal,SP,0,20926,3564,3897,11709,852,5.2,1.2,1.8,1.9,26.5,68.2,27.4,19.7,,
3512308,Conchas,SP,0,12626,3545,2184,5863,620,7.2,2.5,1.8,2.6,27.9,63.0,30.0,28.9,,
3512407,Cordeirópolis,SP,0,19567,3741,4002,9796,1233,8.2,1.6,2.7,3.3,32.0,59.2,33.8,20.6,,
3512506,Coroados,SP,0,4020,786,840,2118,144,4.6,1.1,1.4,1.9,30.6,64.5,31.1,20.2,3506508,Birigui/SP
3512605,Coronel Macedo,SP,0,3793,751,1534,1242,129,4.4,1.3,1.3,1.8,59.8,34.4,61.7,18.0,,
3512704,Corumbataí,SP,0,3523,833,587,1735,203,8.0,2.7,2.6,2.3,27.4,63.7,29.5,21.6,,
3512803,Cosmópolis,SP,0,44573,9676,12237,18023,2559,7.8,1.4,2.8,3.0,40.1,52.6,41.9,22.8,3509502,Campinas/SP
3512902,Cosmorama,SP,0,7030,1457,1770,3341,241,4.5,1.2,1.2,1.9,38.2,56.9,37.4,21.7,,
3513009,Cotia,SP,0,194159,44070,59084,65331,16961,12.0,2.6,4.1,4.4,46.0,40.6,50.9,19.2,3550308,São Paulo/SP
3513108,Cravinhos,SP,0,27124,6708,5301,12009,1781,9.3,2.1,2.7,4.0,31.0,59.9,33.0,24.3,3543402,Ribeirão Preto/SP
3513207,Cristais Paulista,SP,0,7311,1681,1798,3118,446,8.3,2.4,1.9,3.6,39.9,52.1,41.4,22.5,3516200,Franca/SP
3513306,Cruzália,SP,0,1966,325,446,1051,75,4.8,1.3,1.5,1.8,35.1,57.4,35.5,17.5,,
3513405,Cruzeiro,SP,0,56188,11727,13867,23478,4462,10.7,3.0,3.0,4.0,37.0,51.5,40.5,22.9,3513405,Cruzeiro/SP
3513504,Cubatão,SP,0,90311,18355,31652,30373,6382,9.3,2.0,3.0,3.8,49.0,41.5,52.1,21.1,3548500,Baixada Santista/SP
3513603,Cunha,SP,0,18135,3978,4850,7621,847,6.4,2.1,1.7,2.2,42.5,49.0,45.2,19.3,,
3513702,Descalvado,SP,0,24907,6459,4177,11312,1635,9.6,3.1,2.8,3.2,28.8,61.2,31.3,23.0,,
3513801,Diadema,SP,0,331016,74857,125594,89832,24139,10.1,2.0,3.5,3.9,56.3,33.0,60.0,19.8,3550308,São Paulo/SP
3513850,Dirce Reis,SP,0,1702,348,522,694,85,6.5,1.5,1.5,3.5,46.7,45.2,47.9,20.2,3524808,Jales/SP
3513900,Divinolândia,SP,0,9543,1973,1763,4814,465,6.6,1.9,1.8,2.5,30.3,62.1,32.5,18.6,,
3514007,Dobrada,SP,0,6727,1498,2273,2329,334,6.8,1.2,2.5,2.9,54.0,39.3,55.8,20.9,3529302,Matão/SP
3514106,Dois Córregos,SP,0,18565,4554,3689,8674,835,6.3,1.8,1.7,2.6,32.4,60.1,33.9,27.6,,
3514205,Dolcinópolis,SP,0,2355,453,972,736,98,5.4,1.6,1.7,2.0,59.6,35.1,60.8,20.4,,
3514304,Dourado,SP,0,6798,1380,1578,2967,394,8.0,2.5,2.7,2.4,40.6,50.8,43.1,23.9,,
3514403,Dracena,SP,0,33614,8229,5457,17378,1593,6.5,1.8,2.0,2.4,27.1,65.5,29.2,24.8,,
3514502,Duartina,SP,0,9858,2336,2362,4219,537,7.5,2.5,1.8,3.0,38.9,53.7,41.2,24.8,,
3514601,Dumont,SP,0,7337,1430,1523,3615,463,8.3,1.4,1.9,4.8,34.7,59.4,36.0,19.5,,
3514700,Echaporã,SP,0,5070,1214,1108,2418,174,4.7,1.8,1.2,1.4,35.7,58.2,36.9,24.0,,
3514809,Eldorado,SP,0,10787,3029,3061,3950,364,4.9,1.6,1.1,1.9,44.4,50.3,45.8,30.2,,
3514908,Elias Fausto,SP,0,13526,2531,2714,6844,701,6.8,1.9,2.5,2.3,31.1,62.8,32.2,21.2,,
3514924,Elisiário,SP,0,2737,552,548,1414,123,5.9,1.6,1.7,2.5,31.1,62.4,32.6,18.6,3511102,Catanduva/SP
3514957,Embaúba,SP,0,2448,434,655,1170,85,4.5,0.8,1.4,2.1,41.4,53.4,41.1,19.8,3511102,Catanduva/SP
3515004,Embu Das Artes,SP,0,206389,45004,73774,61194,15370,10.2,2.2,3.3,4.1,53.9,34.9,57.2,17.5,3550308,São Paulo/SP
3515103,Embu-Guaçu,SP,0,53717,13581,15697,17338,4253,11.4,3.0,3.4,4.3,47.0,40.3,50.9,25.4,3550308,São Paulo/SP
3515129,Emilianópolis,SP,0,2716,659,790,1108,71,3.6,1.3,1.0,1.3,47.4,48.9,48.5,21.3,3541406,Presidente Prudente/SP
3515152,Engenheiro Coelho,SP,0,14967,3216,3287,7129,817,7.3,1.3,2.8,2.7,34.8,58.8,36.4,22.7,,
3515186,Espírito Santo Do Pinhal,SP,0,30946,7331,6613,13097,2433,11.0,3.9,2.9,3.7,33.9,56.1,36.8,26.1,,
3515194,Espírito Santo Do Turvo,SP,0,3546,924,953,1408,148,5.9,1.6,1.5,2.5,47.0,47.0,47.1,25.0,,
3515202,Estrela D'Oeste,SP,0,7128,1570,1352,3592,340,6.4,2.3,1.9,1.9,31.5,60.8,33.6,24.1,,
3515301,Estrela Do Norte,SP,0,2464,552,869,881,101,5.5,1.7,1.4,2.3,53.0,39.8,55.2,21.6,,
3515350,Euclides Da Cunha Paulista,SP,0,6336,1811,2581,1614,173,4.0,0.6,1.2,2.0,62.8,31.7,63.8,32.5,,
3515400,Fartura,SP,0,12518,2919,3335,5029,755,8.3,2.4,2.6,3.0,43.6,47.5,46.5,24.7,,
3515509,Fernandópolis,SP,0,50193,11909,11144,22834,2667,7.3,2.0,2.0,2.9,35.7,56.4,37.3,26.3,3515509,Fernandópolis/SP
3515608,Fernando Prestes,SP,0,5086,1125,995,2465,252,6.8,2.1,1.7,2.8,32.8,60.7,33.8,21.9,,
3515657,Fernão,SP,0,1689,370,335,854,68,5.4,2.1,1.2,2.0,34.1,59.8,34.5,24.2,,
3515707,Ferraz De Vasconcelos,SP,0,128931,25268,46739,39648,9884,10.3,2.2,3.4,4.0,52.0,37.2,55.5,20.1,3550308,São Paulo/SP
3515806,Flora Rica,SP,0,1428,370,431,543,40,3.9,1.4,1.0,1.5,50.5,45.6,49.1,27.6,,
3515905,Floreal,SP,0,2670,626,707,1105,129,6.7,1.0,2.2,3.0,42.3,51.3,44.2,19.5,,
3516002,Flórida Paulista,SP,0,7407,1706,1651,3552,246,4.5,1.3,1.5,1.6,36.7,58.1,37.5,23.6,,
3516101,Florínea,SP,0,2673,597,843,1017,146,7.3,1.6,1.6,3.9,49.8,44.1,50.4,21.2,,
3516200,Franca,SP,0,241902,51977,54199,108462,17786,9.9,2.4,3.0,3.5,33.6,56.6,36.1,21.4,3516200,Franca/SP
3516309,Francisco Morato,SP,0,126796,31446,46068,33873,8226,9.3,1.7,3.2,3.9,57.9,33.5,59.8,22.6,3550308,São Paulo/SP
3516408,Franco Da Rocha,SP,0,107865,27958,34732,31599,7280,9.9,2.2,3.4,3.7,52.2,38.6,54.5,21.3,3550308,São Paulo/SP
3516507,Gabriel Monteiro,SP,0,2682,499,483,1497,102,4.9,1.7,1.0,2.1,27.5,65.8,30.3,17.9,,
3516606,Gália,SP,0,4626,1046,1424,1702,229,6.8,2.2,1.4,2.8,49.7,43.5,50.6,25.6,,
3516705,Garça,SP,0,32368,7476,6384,14942,1827,7.9,2.7,2.3,2.5,30.4,61.7,32.4,25.4,,
3516804,Gastão Vidigal,SP,0,2869,581,1077,987,138,6.3,1.8,1.2,3.1,54.7,39.1,56.3,18.8,3516804,Gastão Vidigal - Monções/SP
3516853,Gavião Peixoto,SP,0,4165,908,1455,1395,214,7.0,1.2,2.0,3.5,55.2,37.1,57.7,21.2,3503208,Araraquara/SP
3516903,General Salgado,SP,0,7966,1965,1723,3732,305,5.3,1.8,1.1,2.1,34.5,58.7,35.8,23.3,,
3517000,Getulina,SP,0,7043,2031,1708,2684,305,6.5,2.3,1.2,2.7,42.3,51.4,43.5,31.4,,
3517109,Glicério,SP,0,3987,910,969,1818,155,5.3,1.5,1.5,1.8,41.0,54.2,42.0,22.9,,
3517208,Guaiçara,SP,0,8162,2077,1835,3502,385,6.7,1.8,2.0,2.6,39.4,54.5,39.9,26.1,,
3517307,Guaimbê,SP,0,4479,1100,1247,1750,181,5.7,1.7,1.9,1.9,46.4,46.0,47.6,24.4,,
3517406,Guaíra,SP,0,28555,7511,5830,12619,1475,7.4,2.1,1.8,3.1,36.0,56.1,37.3,31.6,,
3517505,Guapiaçu,SP,0,15943,3632,3511,7292,845,7.2,1.7,2.0,3.3,34.6,58.0,36.4,21.9,3549805,São José do Rio Preto/SP
3517604,Guapiara,SP,0,13629,3205,4821,4437,531,5.4,1.7,1.6,1.9,55.7,39.0,58.4,27.3,,
3517703,Guará,SP,0,14159,2904,4428,5566,730,6.8,1.8,1.8,2.8,49.7,43.9,50.0,18.5,,
3517802,Guaraçaí,SP,0,6153,1496,1314,2866,257,5.8,2.0,1.4,2.0,34.5,59.6,35.3,24.0,,
3517901,Guaraci,SP,0,8095,1732,2620,3064,366,6.0,1.5,1.7,2.4,50.1,43.5,50.9,24.8,,
3518008,Guarani D'Oeste,SP,0,1783,417,605,625,78,6.0,2.5,1.6,1.9,51.0,41.7,52.0,17.5,,
3518107,Guarantã,SP,0,4765,1140,1095,2126,217,6.3,2.0,1.5,2.4,38.1,56.8,39.6,24.7,,
3518206,Guararapes,SP,0,23595,5876,4633,11131,1137,6.7,2.1,2.1,2.2,30.8,61.6,33.0,19.9,,
3518305,Guararema,SP,0,26373,5750,5752,12347,1391,7.1,1.8,2.4,2.5,33.7,57.1,36.4,21.2,,
3518404,Guaratinguetá,SP,0,90805,18285,20859,41429,6931,10.0,3.0,2.8,3.6,30.9,57.9,34.7,21.3,3518404,Guaratinguetá/SP
3518503,Guareí,SP,0,8903,1706,1731,4369,423,6.5,1.9,1.4,2.9,33.9,58.6,35.5,20.8,,
3518602,Guariba,SP,0,28368,5815,8112,11439,1813,8.5,2.0,2.2,4.0,43.8,48.4,46.1,22.5,3518602,Guariba/SP
3518701,Guarujá,SP,0,238913,55473,66023,89532,16887,9.8,2.2,2.9,4.0,40.7,49.3,43.4,20.2,3548500,Baixada Santista/SP
3518800,Guarulhos,SP,0,948908,182660,286898,351178,75393,10.6,2.3,3.5,4.1,42.8,45.5,46.3,16.0,3550308,São Paulo/SP
3518859,Guatapará,SP,0,5765,1481,1705,2020,283,7.1,1.6,1.9,3.1,52.4,40.8,54.1,23.7,,
3518909,Guzolândia,SP,0,3558,890,1121,1286,125,4.9,1.5,1.5,1.7,49.0,43.8,52.6,21.8,,
3519006,Herculândia,SP,0,6937,1706,1452,3281,214,4.3,1.2,1.5,1.5,38.6,56.2,39.3,23.8,,
3519055,Holambra,SP,0,12570,2385,2335,6538,830,8.6,2.2,2.7,2.7,29.6,61.6,32.7,17.2,3503802,Artur Nogueira/SP
3519071,Hortolândia,SP,0,164481,31721,47873,66202,11725,9.3,1.6,3.3,3.7,43.2,48.3,45.4,19.7,3509502,Campinas/SP
3519105,Iacanga,SP,0,8269,1737,1660,4188,387,6.2,1.5,2.1,2.4,32.6,61.2,34.8,21.7,,
3519204,Iacri,SP,0,4766,1212,892,2338,159,4.7,1.9,1.1,1.3,32.3,62.1,33.8,23.1,,
3519253,Iaras,SP,0,4414,1328,1335,1407,187,6.4,1.5,1.8,2.7,52.8,41.6,53.6,31.3,,
3519303,Ibaté,SP,0,26265,6077,6914,10283,1489,8.0,2.2,2.6,2.9,44.8,45.9,46.5,22.9,3548906,São Carlos/SP
3519402,Ibirá,SP,0,9094,1693,1828,4868,385,5.4,1.6,1.6,2.0,30.6,63.6,31.7,22.5,,
3519501,Ibirarema,SP,0,5070,1052,981,2605,197,5.2,1.5,1.4,1.9,29.4,64.5,31.4,21.6,,
3519600,Ibitinga,SP,0,41272,8728,8698,19795,2167,7.1,1.9,2.1,2.6,33.1,59.8,35.3,23.7,,
3519709,Ibiúna,SP,0,61951,14286,12381,28049,4068,9.1,2.9,2.4,3.4,30.8,57.5,33.5,24.6,,
3519808,Icém,SP,0,6049,1310,1843,2435,278,6.1,1.2,1.8,2.7,45.8,47.3,47.2,23.4,,
3519907,Iepê,SP,0,5971,1213,1494,2823,259,5.7,1.6,1.7,2.2,38.3,55.5,39.0,21.7,,
3520004,Igaraçu Do Tietê,SP,0,17539,3440,4316,7652,929,7.2,2.2,2.0,2.5,39.5,52.5,40.8,21.2,3505302,Barra Bonita - Igaraçu do Tietê/SP
3520103,Igarapava,SP,0,19718,4890,5687,7253,1198,8.5,2.7,2.3,3.0,47.7,43.9,49.9,28.6,3520103,Igarapava/SP
3520202,Igaratá,SP,0,9443,2090,2078,4241,626,9.0,2.9,2.5,3.3,34.6,54.7,38.3,23.0,,
3520301,Iguape,SP,0,22106,5555,6014,8806,916,5.8,1.6,1.7,2.2,38.9,53.4,41.0,29.4,3520301,Iguape/SP
3520400,Ilhabela,SP,0,31086,7574,8385,12001,2040,9.1,1.6,3.4,3.5,39.8,50.3,44.3,23.3,3510500,Caraguatatuba - Ubatuba - São Sebastião/SP
3520426,Ilha Comprida,SP,0,13297,4355,3332,4498,618,7.3,1.6,2.4,2.8,40.5,51.0,43.3,32.1,3520301,Iguape/SP
3520442,Ilha Solteira,SP,0,20245,6048,5065,7282,1088,8.1,2.0,2.5,3.1,39.8,49.7,44.0,29.6,,
3520509,Indaiatuba,SP,0,192534,35890,43398,89515,15560,10.5,2.1,3.5,4.0,32.2,56.2,35.8,20.1,,
3520608,Indiana,SP,0,4063,768,939,2042,161,5.1,1.6,1.2,1.9,34.8,58.9,37.0,16.1,3541406,Presidente Prudente/SP
3520707,Indiaporã,SP,0,3164,712,997,1219,144,6.1,1.7,1.4,2.5,47.7,45.9,49.5,17.2,,
3520806,Inúbia Paulista,SP,0,3159,608,551,1750,111,4.6,1.8,1.2,1.3,25.3,69.4,27.6,17.4,3500105,Adamantina - Lucélia/SP
3520905,Ipaussu,SP,0,9987,2023,2163,4762,630,8.3,2.5,2.5,3.0,35.5,56.2,38.1,22.5,,
3521002,Iperó,SP,0,21605,5242,5940,7950,1316,8.7,1.9,2.9,3.4,45.1,46.1,48.0,22.7,3507001,Boituva - Iperó/SP
3521101,Ipeúna,SP,0,5852,1383,1047,2967,254,6.0,1.5,2.2,1.9,28.6,64.7,29.8,22.2,3543907,Rio Claro/SP
3521150,Ipiguá,SP,0,4916,1221,915,2432,202,5.7,1.6,1.6,2.1,29.2,64.5,30.4,21.8,3549805,São José do Rio Preto/SP
3521200,Iporanga,SP,0,3303,788,1298,957,131,5.5,1.3,2.2,1.8,55.3,36.9,57.2,29.4,,
3521309,Ipuã,SP,0,11207,2419,3636,4115,615,7.3,1.8,2.4,2.8,53.1,41.7,54.2,21.1,,
3521408,Iracemápolis,SP,0,17617,2931,3687,9319,1001,7.2,1.9,2.3,2.5,29.6,63.8,31.3,17.7,3526902,Limeira/SP
3521507,Irapuã,SP,0,5489,1272,990,2885,133,3.3,0.8,1.5,1.0,28.8,68.0,28.1,26.5,,
3521606,Irapuru,SP,0,4556,1087,1088,1984,181,5.6,1.9,1.8,1.8,37.9,55.5,39.3,25.8,,
3521705,Itaberá,SP,0,13507,2753,3744,5931,567,5.5,1.4,1.6,2.4,45.6,48.6,46.6,22.2,,
3521804,Itaí,SP,0,16732,3752,4939,6532,773,6.3,1.5,1.7,2.8,49.2,43.2,51.1,23.7,,
3521903,Itajobi,SP,0,12328,2383,2044,6929,494,5.2,1.4,1.7,1.9,24.6,69.8,25.9,22.2,,
3522000,Itaju,SP,0,3176,738,774,1406,149,6.4,2.2,1.7,2.4,35.4,58.4,37.1,25.5,,
3522109,Itanhaém,SP,0,85052,23812,23188,29274,5167,9.0,2.4,3.0,2.9,41.9,48.5,45.0,28.0,3548500,Baixada Santista/SP
3522158,Itaoca,SP,0,3039,753,1144,964,89,4.0,0.9,1.5,1.5,54.2,40.6,56.1,28.3,,
3522208,Itapecerica Da Serra,SP,0,124081,26972,44540,37068,9225,10.2,2.2,3.6,3.8,53.8,35.1,57.5,20.9,3550308,São Paulo/SP
3522307,Itapetininga,SP,0,114451,24706,22147,55271,6910,8.2,2.3,2.5,2.9,30.0,60.1,32.7,22.5,3522307,Itapetininga/SP
3522406,Itapeva,SP,0,68478,16285,15240,30581,3472,7.0,1.8,2.2,2.7,35.1,56.5,36.9,24.1,,
3522505,Itapevi,SP,0,168609,41159,56175,49798,12956,10.9,2.4,3.6,4.3,53.2,36.2,56.2,20.4,3550308,São Paulo/SP
3522604,Itapira,SP,0,53362,10616,10212,25885,3391,8.6,2.3,2.5,3.1,29.8,60.4,32.6,22.8,,
3522653,Itapirapuã Paulista,SP,0,3305,741,990,1315,99,4.1,1.0,0.7,2.4,57.4,37.4,56.5,22.1,,
3522703,Itápolis,SP,0,28904,6283,5184,14916,1413,6.6,1.6,2.0,2.7,28.9,64.3,30.2,26.1,,
3522802,Itaporanga,SP,0,11006,2674,2636,4862,450,5.7,1.6,1.4,2.4,39.8,52.9,41.8,26.8,,
3522901,Itapuí,SP,0,9473,1851,2256,4349,520,7.3,1.9,2.2,2.9,39.3,52.9,41.5,22.7,,
3523008,Itapura,SP,0,3647,992,1583,793,154,6.1,1.4,1.3,3.0,68.7,23.5,72.3,30.4,,
3523107,Itaquaquecetuba,SP,0,258019,61966,83516,79910,17951,9.9,2.1,3.3,4.0,50.5,39.3,53.3,20.6,3550308,São Paulo/SP
3523206,Itararé,SP,0,33780,8411,7095,15088,1844,7.7,2.2,2.0,3.1,34.5,55.7,36.5,27.6,,
3523305,Itariri,SP,0,9789,2625,2381,4051,399,5.8,1.8,1.9,1.8,36.4,56.4,38.9,28.6,,
3523404,Itatiba,SP,0,85162,16637,18113,40307,6628,10.2,2.5,3.3,3.6,30.0,58.1,33.4,20.6,,
3523503,Itatinga,SP,0,14071,3364,3203,5954,824,8.3,2.2,2.1,3.6,39.1,52.9,40.6,20.9,,
3523602,Itirapina,SP,0,10400,2579,2573,4246,523,7.1,1.9,2.3,2.5,39.6,53.4,40.9,22.2,,
3523701,Itirapuã,SP,0,5150,1353,1685,1709,245,6.7,2.2,1.5,2.7,52.1,42.0,54.4,24.7,3516200,Franca/SP
3523800,Itobi,SP,0,6007,1271,1516,2606,325,7.3,2.3,1.8,3.0,43.5,49.5,44.0,21.8,,
3523909,Itu,SP,0,128825,31243,26916,55736,9283,10.1,2.5,3.3,3.7,32.7,56.7,35.9,22.0,3523909,Itu - Salto/SP
3524006,Itupeva,SP,0,48390,10817,10639,21462,3433,9.7,2.2,3.0,3.8,34.0,56.2,36.8,20.6,3525904,Jundiaí/SP
3524105,Ituverava,SP,0,27366,6504,6613,11847,1395,7.0,2.1,1.9,2.5,38.1,54.6,39.7,27.4,,
3524204,Jaborandi,SP,0,5006,981,1469,2035,285,7.5,0.9,1.4,5.2,47.2,48.3,48.2,19.6,,
3524303,Jaboticabal,SP,0,50931,11716,11143,22901,3402,9.1,2.8,2.4,3.4,32.7,57.2,35.8,26.1,,
3524402,Jacareí,SP,0,171394,34464,41901,75767,12371,9.5,2.2,3.1,3.4,33.6,54.2,37.4,21.4,3549904,São José dos Campos/SP
3524501,Jaci,SP,0,5828,1302,1439,2553,302,7.0,1.9,2.3,2.6,38.2,53.8,40.3,22.1,3549805,São José do Rio Preto/SP
3524600,Jacupiranga,SP,0,12334,3032,2404,5889,631,7.1,1.9,2.1,2.6,30.4,62.6,32.2,29.4,,
3524709,Jaguariúna,SP,0,45186,9330,9461,21186,3346,9.8,2.3,3.3,3.4,32.1,56.6,35.4,21.7,,
3524808,Jales,SP,0,36025,7544,7063,18113,1782,6.6,1.6,2.1,2.5,29.6,62.4,31.8,23.4,3524808,Jales/SP
3524907,Jambeiro,SP,0,4996,1045,1191,2255,320,8.5,2.4,2.1,3.5,35.4,54.8,38.7,20.4,3549904,São José dos Campos/SP
3525003,Jandira,SP,0,76022,16079,24546,25516,6155,10.9,2.5,3.7,4.2,47.3,41.2,50.8,20.5,3550308,São Paulo/SP
3525102,Jardinópolis,SP,0,29784,7142,6140,13263,1777,8.4,2.4,2.2,3.4,32.3,60.3,34.6,26.4,3543402,Ribeirão Preto/SP
3525201,Jarinu,SP,0,26768,6600,5802,11454,1744,9.2,2.2,3.0,3.4,34.5,57.3,36.5,24.7,3525904,Jundiaí/SP
3525300,Jaú,SP,0,98725,18973,17705,51878,5761,7.7,2.1,2.5,2.6,25.7,65.6,28.1,21.5,,
3525409,Jeriquara,SP,0,3344,691,1060,1270,219,8.6,1.2,1.6,5.3,50.8,43.5,52.4,18.2,,
3525508,Joanópolis,SP,0,9451,1794,1865,4751,572,8.0,2.3,2.2,2.9,30.6,60.8,33.2,22.0,,
3525607,João Ramalho,SP,0,3518,912,949,1369,120,4.9,1.1,1.2,2.3,44.6,49.9,45.9,20.5,,
3525706,José Bonifácio,SP,0,27281,6033,5461,13238,1574,7.8,2.0,2.3,3.1,32.9,59.9,34.5,23.7,,
3525805,Júlio Mesquita,SP,0,3690,899,1188,1281,142,5.4,1.3,1.7,2.2,53.6,41.3,54.9,20.5,,
3525854,Jumirim,SP,0,2457,524,491,1218,132,7.2,1.9,2.3,2.7,33.4,59.2,34.1,23.0,,
3525904,Jundiaí,SP,0,337851,71520,76564,145880,29388,11.7,2.5,3.9,4.3,31.9,54.9,36.3,19.3,3525904,Jundiaí/SP
3526001,Junqueirópolis,SP,0,14112,3409,2679,6784,710,7.0,1.6,2.2,2.8,31.8,61.3,33.3,22.1,,
3526100,Juquiá,SP,0,15229,4254,3585,6200,648,6.2,1.8,1.9,2.1,36.3,56.6,38.6,33.5,,
3526209,Juquitiba,SP,0,22815,4911,6972,8344,1529,9.1,2.4,2.4,3.9,46.7,43.0,49.5,24.0,,
3526308,Lagoinha,SP,0,5475,1193,1392,2298,364,9.0,3.4,1.9,3.4,38.4,47.0,44.7,20.4,,
3526407,Laranjal Paulista,SP,0,20780,4819,3192,10912,1063,7.0,1.9,2.3,2.5,26.6,66.1,28.1,24.7,,
3526506,Lavínia,SP,0,3884,874,1062,1604,173,6.1,1.4,1.8,2.6,44.7,49.1,46.3,22.7,,
3526605,Lavrinhas,SP,0,6102,1076,1822,2430,451,9.6,2.7,2.4,4.2,46.7,43.7,48.6,19.4,3513405,Cruzeiro/SP
3526704,Leme,SP,0,72901,15456,15762,34155,3845,7.2,2.0,2.2,2.5,32.3,58.8,34.9,22.3,3526704,Leme/SP
3526803,Lençóis Paulista,SP,0,50784,10688,8014,26942,3041,8.0,2.0,2.6,2.9,23.9,67.8,25.6,20.6,,
3526902,Limeira,SP,0,219483,39438,39100,118783,13567,7.9,1.7,2.8,2.9,24.6,67.3,26.6,20.7,3526902,Limeira/SP
3527009,Lindóia,SP,0,5869,1152,1095,3103,288,6.4,1.9,2.5,1.7,28.4,64.5,29.3,21.0,3500501,Águas de Lindóia/SP
3527108,Lins,SP,0,53771,13372,9307,26053,3003,7.8,2.2,2.5,2.6,26.3,65.9,28.2,25.9,,
3527207,Lorena,SP,0,61172,11887,14475,28205,4318,9.2,2.5,2.8,3.3,31.3,57.7,34.6,22.6,3527207,Lorena/SP
3527256,Lourdes,SP,0,1877,399,438,850,142,9.9,6.4,1.3,2.0,37.2,56.5,38.4,24.6,,
3527306,Louveira,SP,0,39253,8235,8855,18102,2733,9.2,1.6,3.1,4.0,33.5,57.1,36.3,17.7,3525904,Jundiaí/SP
3527405,Lucélia,SP,0,13549,3563,2762,6101,639,6.7,1.7,2.1,2.6,34.1,57.8,36.4,23.0,3500105,Adamantina - Lucélia/SP
3527504,Lucianópolis,SP,0,2146,499,657,843,80,5.1,1.3,1.7,2.0,48.1,47.3,48.8,20.4,,
3527603,Luís Antônio,SP,0,10065,2481,2706,3859,605,8.4,1.6,2.7,3.6,45.5,46.6,46.7,24.6,,
3527702,Luiziânia,SP,0,3792,767,1050,1719,128,4.4,1.0,0.9,2.3,42.7,51.7,43.6,22.7,,
3527801,Lupércio,SP,0,3317,788,993,1280,125,5.2,2.0,1.4,1.6,46.4,47.8,46.9,22.9,,
3527900,Lutécia,SP,0,2380,508,747,968,89,4.9,1.8,1.2,1.6,46.5,49.4,47.3,21.5,,
3528007,Macatuba,SP,0,12402,2341,2586,6232,674,7.1,1.8,2.2,2.8,30.0,62.4,31.3,20.2,,
3528106,Macaubal,SP,0,5924,1053,1161,3176,277,6.0,1.5,1.4,2.7,27.6,64.2,30.5,20.6,,
3528205,Macedônia,SP,0,4105,1046,898,1827,198,6.8,3.1,1.6,2.0,39.0,55.1,39.3,21.1,3515509,Fernandópolis/SP
3528304,Magda,SP,0,2793,578,789,1225,103,4.9,0.9,1.4,2.5,41.5,52.0,42.0,17.9,,
3528403,Mairinque,SP,0,38466,8245,10289,14763,3085,11.0,2.6,3.5,4.2,41.3,46.9,44.6,22.3,3550605,São Roque - Mairinque/SP
3528502,Mairiporã,SP,0,65733,14531,16105,27633,4393,9.1,2.4,2.8,3.3,36.6,53.2,39.4,21.6,3550308,São Paulo/SP
3528601,Manduri,SP,0,7096,1503,1603,3140,491,9.4,2.5,2.1,4.4,37.0,52.6,40.8,22.6,,
3528700,Marabá Paulista,SP,0,3188,940,1071,998,99,4.6,1.9,0.9,1.6,58.5,35.8,59.6,25.0,,
3528809,Maracaí,SP,0,10406,2038,2450,5095,482,6.0,1.7,1.9,2.0,35.5,58.3,37.1,21.1,,
3528858,Marapoama,SP,0,2797,514,440,1646,116,5.3,1.7,1.4,1.8,23.6,70.6,23.8,21.8,3511102,Catanduva/SP
3528908,Mariápolis,SP,0,2872,536,784,1273,151,6.8,2.6,1.2,2.9,40.7,52.3,42.5,21.4,3500105,Adamantina - Lucélia/SP
3529005,Marília,SP,0,172936,40520,32441,83178,9733,7.8,2.0,2.5,2.8,28.5,62.9,30.6,23.2,3529005,Marília/SP
3529104,Marinópolis,SP,0,1754,309,562,749,66,4.8,1.4,1.8,1.5,44.5,48.9,46.6,20.6,,
3529203,Martinópolis,SP,0,18046,4217,4223,8092,860,6.5,2.1,1.6,2.6,35.7,56.9,38.0,19.6,,
3529302,Matão,SP,0,63725,13425,15256,28421,3641,7.7,2.0,2.2,3.1,37.1,54.2,39.0,21.1,3529302,Matão/SP
3529401,Mauá,SP,0,310407,70404,102086,95900,24701,11.1,2.2,3.8,4.3,49.3,38.9,53.2,19.6,3550308,São Paulo/SP
3529500,Mendonça,SP,0,5260,1168,1301,2407,183,4.7,1.1,1.5,1.9,39.4,55.2,40.4,22.6,,
3529609,Meridiano,SP,0,3765,790,958,1683,198,7.0,1.3,3.5,2.0,40.3,51.4,41.7,18.6,,
3529658,Mesópolis,SP,0,1887,447,513,818,60,4.3,0.7,0.9,2.4,42.9,51.3,43.3,22.2,,
3529708,Miguelópolis,SP,0,15123,3518,4441,6124,582,5.2,1.4,1.5,2.0,48.4,46.9,47.7,20.8,,
3529807,Mineiros Do Tietê,SP,0,8683,1879,1592,4286,435,6.9,1.9,1.9,2.8,28.9,62.8,30.7,23.0,,
3529906,Miracatu,SP,0,15311,4129,3758,6295,577,5.4,1.6,1.5,2.0,35.3,57.8,38.1,31.5,,
3530003,Mira Estrela,SP,0,2892,676,785,1237,103,4.8,1.7,1.0,1.9,42.5,51.4,44.9,24.5,,
3530102,Mirandópolis,SP,0,17999,4676,3216,8475,843,6.7,2.0,2.1,2.4,29.6,63.4,31.4,28.3,,
3530201,Mirante Do Paranapanema,SP,0,12713,3511,4500,3937,411,4.7,1.2,1.4,1.9,57.8,36.7,58.8,25.0,,
3530300,Mirassol,SP,0,43661,9171,8899,21179,2676,8.2,2.1,2.5,3.0,30.0,61.5,32.0,22.3,3549805,São José do Rio Preto/SP
3530409,Mirassolândia,SP,0,4130,921,986,1892,183,6.0,1.7,1.3,2.7,35.0,57.8,36.0,20.7,3549805,São José do Rio Preto/SP
3530508,Mococa,SP,0,49126,11793,9944,21848,2923,8.4,2.3,1.9,3.7,32.2,58.2,35.2,27.4,,
3530607,Mogi Das Cruzes,SP,0,334039,77497,88346,124249,27343,11.4,2.8,3.8,4.0,38.8,47.7,43.2,20.9,3550308,São Paulo/SP
3530706,Mogi Guaçu,SP,0,114358,22563,21740,57443,7357,8.5,2.1,2.7,3.2,27.1,64.3,29.6,21.6,3530706,Mogi Guaçu - Mogi Mirim/SP
3530805,Mogi Mirim,SP,0,67646,13591,12646,33902,4428,8.7,2.3,2.6,3.1,26.8,63.6,29.7,22.2,3530706,Mogi Guaçu - Mogi Mirim/SP
3530904,Mombuca,SP,0,3151,653,577,1613,154,6.6,1.6,2.0,2.6,30.8,62.1,32.2,21.0,,
3531001,Monções,SP,0,2121,398,550,985,114,6.9,2.2,2.1,2.6,37.9,53.0,39.4,21.1,3516804,Gastão Vidigal - Monções/SP
3531100,Mongaguá,SP,0,50491,15501,14198,15684,3023,9.2,2.7,3.1,2.8,45.0,45.0,48.4,29.2,3548500,Baixada Santista/SP
3531209,Monte Alegre Do Sul,SP,0,6336,1217,1270,3096,398,8.3,2.4,2.4,2.8,29.2,60.4,32.4,21.4,3501905,Amparo/SP
3531308,Monte Alto,SP,0,36025,8149,6401,17490,2445,9.3,2.5,2.4,3.9,28.2,62.2,30.3,24.9,,
3531407,Monte Aprazível,SP,0,16980,3833,3829,7723,922,7.4,2.0,2.4,2.5,34.1,58.3,35.8,23.9,,
3531506,Monte Azul Paulista,SP,0,14242,3047,2763,7069,777,7.3,1.8,1.6,3.5,32.5,59.6,33.9,19.7,,
3531605,Monte Castelo,SP,0,3327,696,973,1442,106,4.2,1.3,1.8,1.0,47.3,48.0,48.1,19.6,,
3531704,Monteiro Lobato,SP,0,3833,750,1179,1561,190,6.5,1.9,1.6,2.4,43.7,47.1,46.4,22.4,3549904,São José dos Campos/SP
3531803,Monte Mor,SP,0,47316,10454,13140,18255,3131,9.1,2.0,2.9,3.6,43.1,48.5,45.1,23.4,3509502,Campinas/SP
3531902,Morro Agudo,SP,0,20181,4304,5236,8632,1049,7.0,1.9,1.9,2.8,41.8,51.3,43.2,23.5,,
3532009,Morungaba,SP,0,10613,1987,2073,5462,606,7.4,2.1,2.3,2.6,31.0,60.3,32.7,19.8,,
3532058,Motuca,SP,0,3384,725,1098,1244,157,6.3,1.4,2.0,2.6,49.6,43.5,51.1,21.7,,
3532108,Murutinga Do Sul,SP,0,3341,763,755,1590,107,4.4,0.9,2.0,1.4,37.2,58.0,38.0,21.9,,
3532157,Nantes,SP,0,2206,526,672,881,76,4.7,1.5,1.4,1.7,49.5,44.4,49.5,24.6,,
3532207,Narandiba,SP,0,4458,886,1459,1749,229,6.7,1.6,1.3,3.6,51.9,41.5,52.3,20.4,3539202,Pirapozinho/SP
3532306,Natividade Da Serra,SP,0,5669,1259,1341,2508,327,7.8,2.8,2.0,2.7,37.4,53.8,40.6,27.6,,
3532405,Nazaré Paulista,SP,0,14473,3079,3115,6534,1007,9.4,3.4,2.1,3.6,35.6,54.4,38.1,23.8,,
3532504,Neves Paulista,SP,0,7059,1419,1709,3180,386,7.3,2.1,1.9,2.8,37.6,55.0,39.0,22.7,3549805,São José do Rio Preto/SP
3532603,Nhandeara,SP,0,7745,1833,1384,3928,354,6.2,1.5,1.4,3.0,29.3,63.5,31.5,20.7,,
3532702,Nipoã,SP,0,3881,866,994,1703,185,6.4,1.3,1.6,3.4,41.2,53.4,41.4,24.7,,
3532801,Nova Aliança,SP,0,5431,1232,1156,2578,244,6.1,1.6,1.3,2.9,33.0,59.9,35.4,20.5,3549805,São José do Rio Preto/SP
3532827,Nova Campina,SP,0,6959,1499,1915,3031,279,5.3,1.2,1.9,2.0,46.1,48.1,46.8,22.3,,
3532843,Nova Canaã Paulista,SP,0,2275,608,645,816,118,7.5,1.7,2.9,2.6,46.1,45.5,48.5,26.6,,
3532868,Nova Castilho,SP,0,1375,298,324,659,63,6.0,1.7,2.3,1.8,36.0,57.9,37.3,21.0,,
3532900,Nova Europa,SP,0,7172,1527,2382,2485,426,8.1,1.3,2.5,3.9,53.1,39.5,55.5,22.9,,
3533007,Nova Granada,SP,0,14794,3537,4018,5963,677,6.3,1.7,2.0,2.4,45.1,49.1,45.9,24.7,3533007,Nova Granada/SP
3533106,Nova Guataporanga,SP,0,2019,483,605,792,54,3.7,0.7,1.4,1.5,49.8,45.7,51.5,24.3,3555109,Tupi Paulista/SP
3533205,Nova Independência,SP,0,3505,868,945,1451,113,4.5,1.2,1.2,1.8,45.6,49.4,45.6,19.7,,
3533254,Novais,SP,0,3922,797,996,1781,140,4.8,1.3,1.9,1.6,38.6,56.7,38.7,20.1,3511102,Catanduva/SP
3533304,Nova Luzitânia,SP,0,2635,534,882,967,152,7.6,1.7,1.9,3.9,52.1,41.6,51.5,18.4,3548054,Santo Antônio do Aracanguá/SP
3533403,Nova Odessa,SP,0,47408,8431,11562,22205,3394,9.1,1.8,3.1,3.7,34.6,56.3,37.5,20.0,3501608,Americana - Santa Bárbara d´Oeste/SP
3533502,Novo Horizonte,SP,0,28606,6920,5217,14302,1253,6.0,1.6,2.0,2.1,29.5,64.3,30.8,25.2,,
3533601,Nuporanga,SP,0,6023,1317,1305,2813,319,7.2,2.0,2.5,2.2,35.5,57.1,37.4,21.4,,
3533700,Ocauçu,SP,0,3441,815,894,1480,142,5.6,2.1,1.4,2.0,44.2,49.8,44.3,18.4,,
3533809,Óleo,SP,0,2420,491,566,1129,144,7.8,2.5,1.5,3.6,34.1,57.0,36.6,24.2,,
3533908,Olímpia,SP,0,41874,9305,8606,19840,2486,8.0,2.0,2.2,3.5,33.1,59.5,34.8,24.7,,
3534005,Onda Verde,SP,0,4387,1013,1167,1826,229,7.1,1.9,1.7,3.3,40.5,51.6,42.6,20.9,3533007,Nova Granada/SP
3534104,Oriente,SP,0,5159,1170,1135,2438,193,5.1,1.4,1.8,1.6,37.3,56.0,36.8,17.2,3529005,Marília/SP
3534203,Orindiúva,SP,0,5003,1099,1445,1996,268,7.2,1.4,2.0,3.5,46.8,46.1,48.1,21.4,3536604,Paulo de Faria - Orindiúva/SP
3534302,Orlândia,SP,0,29493,6186,6990,13024,1881,8.6,2.8,2.3,2.9,35.6,55.1,38.6,24.3,,
3534401,Osasco,SP,0,583991,136038,182778,191726,47253,11.2,2.5,3.8,4.1,45.7,41.2,50.4,20.7,3550308,São Paulo/SP
3534500,Oscar Bressane,SP,0,2450,583,432,1295,88,4.8,1.9,1.3,1.5,29.4,63.0,31.7,23.1,,
3534609,Osvaldo Cruz,SP,0,22809,5532,3830,11605,1040,6.3,1.9,1.7,2.4,27.9,64.5,29.9,26.6,,
3534708,Ourinhos,SP,0,76480,17800,17114,33838,4655,8.4,2.3,2.5,3.2,35.6,56.1,37.5,24.2,3534708,Ourinhos/SP
3534757,Ouroeste,SP,0,7997,1872,1964,3551,333,5.7,1.1,2.0,2.4,40.5,53.7,41.7,20.8,,
3534807,Ouro Verde,SP,0,6097,1548,1796,2364,195,4.5,1.2,1.1,1.9,49.1,45.9,49.5,23.2,,
3534906,Pacaembu,SP,0,7523,1760,1597,3593,300,5.5,1.6,1.7,2.0,32.6,59.4,34.1,28.0,,
3535002,Palestina,SP,0,8996,2144,2217,3916,387,5.9,2.1,1.4,2.4,37.8,55.0,39.3,24.5,,
3535101,Palmares Paulista,SP,0,7352,1199,2187,3152,372,6.5,1.3,1.6,3.2,45.9,47.5,46.6,19.1,3545605,Santa Adélia - Palmares Paulista - Ariranha/SP
3535200,Palmeira D'Oeste,SP,0,7437,1771,1754,3295,337,6.3,1.7,1.7,2.6,38.0,55.0,39.9,27.3,,
3535309,Palmital,SP,0,16108,3572,3290,7880,780,6.5,1.6,2.1,2.4,34.3,58.7,34.9,24.5,,
3535408,Panorama,SP,0,9923,2071,2531,4551,347,4.7,1.1,1.5,1.9,38.5,56.1,39.9,22.9,,
3535507,Paraguaçu Paulista,SP,0,29958,7421,7446,12647,1353,6.3,1.8,1.9,2.3,39.6,53.7,41.0,26.0,3535507,Paraguaçu Paulista/SP
3535606,Paraibuna,SP,0,13836,2862,4210,5564,768,7.3,1.6,2.5,2.8,45.0,46.2,48.5,23.9,,
3535705,Paraíso,SP,0,4547,796,940,2314,240,6.9,1.8,1.8,3.0,34.0,58.8,36.1,16.1,,
3535804,Paranapanema,SP,0,13591,2666,3529,6313,557,5.4,1.1,1.6,2.5,43.1,51.8,43.2,23.1,,
3535903,Paranapuã,SP,0,3392,597,943,1610,103,3.9,1.2,0.9,1.6,41.6,52.2,42.9,17.3,,
3536000,Parapuã,SP,0,7605,1642,1602,3650,322,5.8,1.7,1.7,2.1,34.9,59.3,35.1,24.7,,
3536109,Pardinho,SP,0,6139,1604,1254,2714,329,7.7,2.2,2.4,2.7,37.5,54.7,39.2,22.6,,
3536208,Pariquera-Açu,SP,0,14302,3082,2894,7032,662,6.2,1.2,2.3,2.3,30.0,62.8,32.8,26.0,,
3536257,Parisi,SP,0,3085,773,676,1425,110,5.0,1.4,1.3,1.7,36.5,57.7,39.0,21.0,3557105,Votuporanga/SP
3536307,Patrocínio Paulista,SP,0,10549,2377,2474,4628,712,9.1,3.2,1.7,3.6,37.0,53.6,39.1,24.4,3516200,Franca/SP
3536406,Paulicéia,SP,0,5955,1464,1341,2771,196,4.5,1.2,1.3,1.9,37.9,57.6,37.8,23.7,,
3536505,Paulínia,SP,0,89901,17235,23575,39264,6929,9.9,1.8,3.4,3.9,37.1,52.1,40.8,20.0,3509502,Campinas/SP
3536570,Paulistânia,SP,0,1993,494,457,896,83,5.8,2.6,0.8,2.0,36.3,56.8,36.7,22.7,,
3536604,Paulo De Faria,SP,0,6111,1646,1832,2130,267,6.3,1.7,1.9,2.5,49.7,44.6,51.6,26.2,3536604,Paulo de Faria - Orindiúva/SP
3536703,Pederneiras,SP,0,32588,6401,6409,16572,1799,7.3,1.7,2.4,2.8,29.7,63.3,31.2,22.2,,
3536802,Pedra Bela,SP,0,4810,984,1125,2189,284,7.9,2.2,2.4,2.8,39.9,50.7,41.2,23.3,,
3536901,Pedranópolis,SP,0,2682,618,704,1158,118,6.0,1.1,2.7,2.1,42.6,51.4,44.2,17.8,3515509,Fernandópolis/SP
3537008,Pedregulho,SP,0,12296,2788,4022,4448,533,5.9,1.3,2.0,2.1,53.6,41.5,54.2,19.1,,
3537107,Pedreira,SP,0,33383,6599,5780,17474,1872,7.5,1.8,2.6,2.6,26.5,64.9,28.1,22.7,,
3537156,Pedrinhas Paulista,SP,0,2726,551,518,1451,137,6.5,1.6,1.9,2.9,32.5,59.7,33.5,20.2,,
3537206,Pedro De Toledo,SP,0,7891,2349,2065,2824,396,7.5,1.9,2.4,2.8,42.5,48.9,45.3,32.4,,
3537305,Penápolis,SP,0,43746,9353,9312,21170,2254,6.9,1.8,2.0,2.8,32.8,60.1,34.4,25.4,,
3537404,Pereira Barreto,SP,0,19125,5263,4868,7498,834,6.3,1.9,1.8,2.4,39.7,51.9,42.8,28.6,,
3537503,Pereiras,SP,0,6469,1496,1463,2918,323,6.9,2.0,2.0,2.8,38.6,52.8,41.1,25.9,,
3537602,Peruíbe,SP,0,59840,16666,15550,21904,3540,8.6,2.3,2.8,2.9,38.7,51.3,42.1,29.5,,
3537701,Piacatu,SP,0,4487,962,1084,2151,141,4.2,0.9,1.1,2.0,36.9,57.4,37.6,21.5,,
3537800,Piedade,SP,0,42011,10496,9014,17910,2617,8.9,2.8,2.5,3.1,33.4,56.0,36.6,25.7,,
3537909,Pilar Do Sul,SP,0,22434,5388,4458,10501,1116,6.9,2.1,1.9,2.6,33.8,57.8,35.8,23.7,,
3538006,Pindamonhangaba,SP,0,119275,24637,27531,52407,8989,10.1,2.7,2.9,3.7,32.7,56.1,36.0,21.8,3554102,Taubaté - Pindamonhangaba/SP
3538105,Pindorama,SP,0,10497,1992,2204,5292,538,6.7,1.6,2.0,2.8,32.3,60.5,33.8,23.7,3511102,Catanduva/SP
3538204,Pinhalzinho,SP,0,11384,2464,2277,5431,593,7.1,2.2,1.9,2.5,31.1,59.9,33.3,24.9,,
3538303,Piquerobi,SP,0,3115,767,941,1196,80,3.6,0.6,1.0,2.0,48.2,46.3,50.5,19.5,,
3538501,Piquete,SP,0,10045,2485,2188,4334,636,8.9,3.1,2.0,3.1,31.1,57.0,34.7,21.0,,
3538600,Piracaia,SP,0,21552,4399,4282,10426,1514,9.3,2.7,2.5,3.5,29.2,59.4,33.3,23.1,,
3538709,Piracicaba,SP,0,311212,71944,62618,143775,20562,9.1,2.1,3.0,3.2,29.4,61.1,32.1,22.1,3538709,Piracicaba/SP
3538808,Piraju,SP,0,21986,5505,5085,8961,1428,9.2,2.4,2.6,3.9,38.1,52.3,41.1,26.4,,
3538907,Pirajuí,SP,0,14814,3482,3215,6696,791,7.4,2.2,2.3,2.5,32.9,60.1,34.8,26.2,3538907,Pirajuí/SP
3539004,Pirangi,SP,0,7897,1650,1354,4168,402,6.8,2.1,2.1,2.5,30.8,62.7,31.5,23.2,,
3539103,Pirapora Do Bom Jesus,SP,0,14158,3494,4626,4634,882,8.7,1.7,3.4,3.1,51.7,37.9,54.5,19.1,3550308,São Paulo/SP
3539202,Pirapozinho,SP,0,19385,4211,4853,8574,1109,7.6,2.1,2.3,3.0,37.5,53.9,40.3,24.9,3539202,Pirapozinho/SP
3539301,Pirassununga,SP,0,55163,12213,10388,26402,3733,9.2,2.7,2.7,3.1,27.0,62.5,30.4,23.8,,
3539400,Piratininga,SP,0,10141,2183,1933,5067,613,8.1,2.3,2.5,2.7,28.5,61.7,31.4,19.0,3506003,Bauru/SP
3539509,Pitangueiras,SP,0,24981,5184,7041,10212,1321,7.1,1.7,2.2,2.8,44.3,49.2,45.6,24.3,,
3539608,Planalto,SP,0,3962,915,1182,1600,122,4.2,0.7,1.6,1.8,47.5,48.5,47.8,23.9,,
3539707,Platina,SP,0,2775,657,563,1365,104,5.1,1.0,2.3,1.7,34.5,60.2,36.1,22.2,,
3539806,Poá,SP,0,89811,16954,29359,31643,7473,10.9,2.4,3.9,3.9,44.5,43.4,48.7,20.4,3550308,São Paulo/SP
3539905,Poloni,SP,0,4510,899,1114,2137,172,5.0,1.6,1.2,2.1,35.7,57.5,36.5,23.4,,
3540002,Pompéia,SP,0,16138,3353,2549,8930,761,6.2,1.6,2.1,2.2,27.6,65.8,28.9,21.9,3540002,Pompéia/SP
3540101,Pongaí,SP,0,2952,636,586,1499,126,5.7,1.7,1.5,2.3,29.7,65.9,32.4,22.1,,
3540200,Pontal,SP,0,28287,5244,8148,11460,1676,7.9,2.1,2.3,3.1,46.0,46.8,47.3,21.0,,
3540259,Pontalinda,SP,0,3157,679,1029,1222,117,4.9,1.4,1.7,1.9,50.2,44.8,51.1,24.8,,
3540309,Pontes Gestal,SP,0,2368,557,609,1049,84,4.8,1.2,1.3,2.2,40.8,53.5,42.7,24.8,3544202,Riolândia/SP
3540408,Populina,SP,0,3679,802,1317,1280,129,4.7,1.7,1.5,1.4,54.6,39.1,56.7,22.5,,
3540507,Porangaba,SP,0,7483,1827,1844,3165,324,6.1,2.1,1.4,2.1,38.3,52.8,41.3,25.3,,
3540606,Porto Feliz,SP,0,41162,8448,8121,20277,2536,8.2,1.9,2.6,3.2,29.5,61.9,32.0,23.3,,
3540705,Porto Ferreira,SP,0,39960,9149,7306,18883,2672,9.3,2.7,2.6,3.5,28.8,60.7,31.9,23.7,,
3540754,Potim,SP,0,12546,2276,3416,5554,884,9.0,2.3,2.8,3.6,38.2,53.3,40.7,21.0,3518404,Guaratinguetá/SP
3540804,Potirendaba,SP,0,13860,2932,3030,6684,649,6.3,1.9,1.7,2.4,33.3,60.5,34.9,20.2,,
3540853,Pracinha,SP,0,1476,344,409,629,53,4.9,1.6,1.1,1.8,44.8,51.0,44.9,18.6,3500105,Adamantina - Lucélia/SP
3540903,Pradópolis,SP,0,13603,2355,3605,6051,938,8.8,1.8,2.7,4.0,39.7,51.9,42.0,20.7,,
3541000,Praia Grande,SP,0,265311,72099,66444,98944,17332,9.5,2.3,3.3,3.3,38.3,51.5,41.7,23.8,3548500,Baixada Santista/SP
3541059,Pratânia,SP,0,4725,1124,1166,2010,210,6.2,1.1,1.9,3.0,42.6,52.0,44.1,25.1,,
3541109,Presidente Alves,SP,0,3391,812,906,1399,158,6.4,2.3,1.3,2.5,38.0,53.5,40.7,22.7,,
3541208,Presidente Bernardes,SP,0,10209,2616,2362,4540,391,5.4,1.3,1.7,2.1,38.0,55.9,39.5,27.1,3541406,Presidente Prudente/SP
3541307,Presidente Epitácio,SP,0,29804,7810,7733,11934,1289,6.2,1.6,2.1,2.2,39.2,53.4,41.2,29.0,,
3541406,Presidente Prudente,SP,0,165528,36766,33929,80401,9245,7.5,2.2,2.5,2.5,29.5,62.1,32.0,25.5,3541406,Presidente Prudente/SP
3541505,Presidente Venceslau,SP,0,26379,6274,5014,12868,1255,6.6,2.0,1.9,2.3,30.9,61.5,31.9,26.2,3541505,Presidente Venceslau/SP
3541604,Promissão,SP,0,26512,7237,6110,10868,1243,6.8,2.0,2.0,2.5,39.4,54.3,40.2,27.8,,
3541653,Quadra,SP,0,4032,1094,888,1730,184,6.6,2.1,1.3,2.9,39.1,50.9,40.9,25.8,,
3541703,Quatá,SP,0,10121,2348,2182,4814,454,6.1,1.6,1.9,2.4,35.3,58.0,37.1,21.0,,
3541802,Queiroz,SP,0,3299,839,869,1410,73,3.1,0.8,1.0,1.2,45.0,51.2,44.5,26.2,3555000,Tupã/SP
3541901,Queluz,SP,0,7112,1638,2385,2446,419,8.0,1.6,2.7,3.4,51.7,40.3,53.5,20.6,,
3542008,Quintana,SP,0,5214,1141,1101,2568,193,5.0,1.2,1.6,1.9,39.2,55.8,39.3,21.9,3540002,Pompéia/SP
3542107,Rafard,SP,0,7253,1206,1446,3890,424,7.4,1.7,2.4,2.7,28.0,64.1,30.7,19.3,3510401,Capivari/SP
3542206,Rancharia,SP,0,22888,5508,5825,9527,1296,7.8,3.2,2.2,2.1,40.1,51.2,42.4,26.0,,
3542305,Redenção Da Serra,SP,0,4304,1035,1155,1689,266,8.6,3.4,1.8,3.0,42.5,47.5,46.2,25.8,3554102,Taubaté - Pindamonhangaba/SP
3542404,Regente Feijó,SP,0,15711,3333,3669,7406,756,6.4,1.8,1.8,2.4,35.1,57.7,37.3,18.5,3541406,Presidente Prudente/SP
3542503,Reginópolis,SP,0,4734,1036,833,2430,241,6.9,2.5,1.7,2.4,29.4,64.2,30.8,23.3,,
3542602,Registro,SP,0,45214,11013,10853,19326,2521,7.7,2.0,2.7,2.5,34.6,56.9,37.6,26.8,,
3542701,Restinga,SP,0,6817,1657,1931,2653,358,7.2,1.2,2.9,2.8,49.0,46.1,49.1,23.2,3516200,Franca/SP
3542800,Ribeira,SP,0,2889,677,1084,955,88,4.1,1.4,1.3,1.2,58.0,36.2,59.0,22.9,4100202,Adrianópolis/PR - Ribeira/SP
3542909,Ribeirão Bonito,SP,0,8616,2308,2306,3168,426,7.2,2.0,2.4,2.3,42.6,49.0,45.5,27.7,,
3543006,Ribeirão Branco,SP,0,14335,3273,4340,5703,446,4.2,1.1,1.3,1.7,50.7,43.4,51.4,24.8,,
3543105,Ribeirão Corrente,SP,0,4387,1091,1279,1686,176,5.6,1.6,1.4,2.3,44.5,50.6,45.7,23.8,3516200,Franca/SP
3543204,Ribeirão Do Sul,SP,0,3926,740,1206,1684,167,5.5,1.4,1.8,2.0,47.7,47.7,48.6,16.4,,
3543238,Ribeirão Dos Índios,SP,0,1918,433,620,721,56,4.0,1.4,1.1,1.4,50.9,43.0,52.2,18.9,,
3543253,Ribeirão Grande,SP,0,6413,1244,2203,2232,397,8.2,3.0,2.4,2.6,52.1,37.4,55.6,22.4,3510203,Capão Bonito/SP
3543303,Ribeirão Pires,SP,0,85765,16956,26550,30399,7448,11.6,2.5,3.8,4.4,43.6,43.0,48.7,20.8,3550308,São Paulo/SP
3543402,Ribeirão Preto,SP,0,473134,112367,116116,188761,36766,10.8,2.5,3.1,4.2,36.6,52.6,40.4,22.8,3543402,Ribeirão Preto/SP
3543501,Riversul,SP,0,4559,969,1335,1875,200,5.9,1.9,2.0,1.9,46.5,45.8,48.1,23.2,,
3543600,Rifaina,SP,0,5127,1338,1254,2204,217,5.9,1.2,1.8,2.3,46.3,49.1,46.1,24.2,,
3543709,Rincão,SP,0,7171,1673,2319,2459,310,6.1,1.4,1.5,2.9,53.0,41.2,53.5,24.0,3503208,Araraquara/SP
3543808,Rinópolis,SP,0,7452,1980,1275,3648,267,5.1,1.4,1.5,2.1,30.7,62.4,31.7,24.2,,
3543907,Rio Claro,SP,0,151298,32062,31307,71036,9745,8.7,2.0,2.9,3.2,29.5,60.5,32.4,21.8,3543907,Rio Claro/SP
3544004,Rio Das Pedras,SP,0,25297,5294,5198,12313,1444,7.6,1.6,2.3,3.3,31.9,60.5,33.1,19.3,3538709,Piracicaba/SP
3544103,Rio Grande Da Serra,SP,0,33722,6848,12124,10158,2515,10.1,1.9,3.3,4.2,52.4,36.9,55.5,20.9,3550308,São Paulo/SP
3544202,Riolândia,SP,0,7103,1590,2345,2721,201,3.8,1.0,1.0,1.7,51.1,45.5,51.1,23.5,3544202,Riolândia/SP
3544251,Rosana,SP,0,14263,4475,4683,4241,463,4.9,1.0,1.6,2.1,53.3,40.1,54.9,32.8,,
3544301,Roseira,SP,0,8328,1491,2052,3895,583,8.9,2.3,2.5,3.8,35.2,55.4,37.6,19.1,3518404,Guaratinguetá/SP
3544400,Rubiácea,SP,0,2390,577,543,1115,79,4.5,1.9,0.6,2.0,37.0,55.8,40.3,17.9,,
3544509,Rubinéia,SP,0,3917,941,894,1778,172,6.0,2.0,1.1,2.3,36.8,57.0,38.9,25.4,3546603,Santa Fé do Sul/SP
3544608,Sabino,SP,0,4352,1182,1027,1798,155,5.2,2.4,1.3,1.5,42.1,53.1,41.6,27.8,,
3544707,Sagres,SP,0,2091,531,601,792,83,5.6,1.4,1.5,2.6,47.5,43.6,47.9,22.6,,
3544806,Sales,SP,0,5354,1192,963,2839,189,4.7,1.4,1.4,1.8,26.7,68.0,27.9,23.6,,
3544905,Sales Oliveira,SP,0,8527,1697,1764,4088,583,9.1,2.9,2.8,3.0,34.1,58.0,36.1,18.6,,
3545001,Salesópolis,SP,0,14725,2811,3595,6471,1151,10.3,3.3,3.0,3.5,35.4,51.1,39.7,22.3,3550308,São Paulo/SP
3545100,Salmourão,SP,0,3874,943,919,1750,97,3.5,1.0,0.9,1.6,41.3,53.6,41.7,23.2,,
3545159,Saltinho,SP,0,7141,1281,865,4465,343,6.0,1.6,1.5,2.7,16.6,75.8,18.8,17.5,3538709,Piracicaba/SP
3545209,Salto,SP,0,95308,19262,22773,41488,7558,10.5,2.3,3.6,4.0,35.6,53.8,38.8,20.8,3523909,Itu - Salto/SP
3545308,Salto De Pirapora,SP,0,31402,7520,7346,12779,1901,8.6,1.9,2.8,3.4,39.3,52.0,41.2,20.4,3552205,Sorocaba/SP
3545407,Salto Grande,SP,0,6580,1462,1538,2928,359,7.4,2.1,1.9,2.8,39.9,53.2,41.7,18.5,,
3545506,Sandovalina,SP,0,4876,1455,1966,1199,147,4.4,1.1,0.8,2.4,61.1,33.8,62.9,24.9,,
3545605,Santa Adélia,SP,0,10828,2530,2395,4822,632,8.1,2.5,2.0,3.1,36.6,55.8,38.0,25.2,3545605,Santa Adélia - Palmares Paulista - Ariranha/SP
3545704,Santa Albertina,SP,0,5093,996,1224,2527,171,4.4,1.2,1.4,1.7,37.2,56.6,38.8,21.8,,
3545803,Santa Bárbara D'Oeste,SP,0,138487,25450,29759,67949,9465,8.8,1.9,2.8,3.6,31.4,58.9,33.7,20.2,3501608,Americana - Santa Bárbara d´Oeste/SP
3546009,Santa Branca,SP,0,11889,2743,2769,5210,736,8.4,2.8,2.5,2.8,35.2,53.8,39.5,24.4,3549904,São José dos Campos/SP
3546108,Santa Clara D'Oeste,SP,0,2441,581,623,1075,89,5.0,1.7,0.9,2.2,42.4,53.4,42.8,24.2,3546603,Santa Fé do Sul/SP
3546207,Santa Cruz Da Conceição,SP,0,4140,896,717,2156,205,6.7,2.0,1.7,2.5,27.6,64.1,29.9,20.8,3526704,Leme/SP
3546256,Santa Cruz Da Esperança,SP,0,2342,557,590,981,110,6.5,2.0,1.4,2.5,41.6,51.4,42.2,25.0,3543402,Ribeirão Preto/SP
3546306,Santa Cruz Das Palmeiras,SP,0,21443,5108,4756,9169,1330,8.7,2.9,2.5,3.0,36.0,55.8,37.8,20.2,,
3546405,Santa Cruz Do Rio Pardo,SP,0,34041,8053,5535,17550,1696,6.8,1.7,1.9,2.8,25.7,66.3,27.7,25.4,,
3546504,Santa Ernestina,SP,0,5040,968,1408,2176,272,7.0,1.6,1.7,3.5,45.8,48.7,46.6,17.9,3518602,Guariba/SP
3546603,Santa Fé Do Sul,SP,0,25810,6279,4718,12581,1248,6.7,1.8,2.0,2.6,29.9,62.4,31.7,25.8,3546603,Santa Fé do Sul/SP
3546702,Santa Gertrudes,SP,0,19153,3784,4029,9526,1085,7.4,1.6,2.9,2.6,32.2,60.5,33.5,19.0,3543907,Rio Claro/SP
3546801,Santa Isabel,SP,0,41696,8404,10116,18316,2834,9.1,2.5,2.7,3.4,35.9,53.9,38.5,21.5,3550308,São Paulo/SP
3546900,Santa Lúcia,SP,0,6326,1332,2202,1969,386,8.5,1.7,2.8,3.5,56.5,36.5,57.7,21.4,3503208,Araraquara/SP
3547007,Santa Maria Da Serra,SP,0,4225,1021,874,2008,140,4.6,1.3,1.1,2.0,35.5,58.5,36.3,23.2,,
3547106,Santa Mercedes,SP,0,2679,654,754,1104,81,4.2,1.2,0.9,2.1,46.5,47.6,48.0,28.0,,
3547205,Santana Da Ponte Pensa,SP,0,1925,485,450,828,93,6.8,2.4,0.9,3.0,38.6,54.0,41.0,23.4,3546603,Santa Fé do Sul/SP
3547304,Santana De Parnaíba,SP,0,111635,25222,29460,43095,9632,11.7,2.3,4.3,4.2,40.1,44.7,45.2,18.6,3550308,São Paulo/SP
3547403,Santa Rita D'Oeste,SP,0,2471,511,689,1075,120,6.4,2.1,1.8,2.0,40.8,50.8,43.0,23.3,3546603,Santa Fé do Sul/SP
3547502,Santa Rita Do Passa Quatro,SP,0,19993,4933,3445,9696,1221,8.5,2.7,2.5,2.8,27.4,62.8,30.5,22.5,,
3547601,Santa Rosa De Viterbo,SP,0,18030,4052,4638,7067,1236,9.6,2.7,2.5,3.9,40.8,49.4,43.5,26.4,,
3547650,Santa Salete,SP,0,1836,300,368,1045,75,5.0,1.5,1.5,2.0,31.3,62.7,31.5,18.1,,
3547700,Santo Anastácio,SP,0,15054,3791,3568,6430,671,6.3,1.8,1.8,2.5,38.9,55.0,40.1,21.7,,
3547809,Santo André,SP,0,573503,133844,170225,195045,47873,11.6,2.4,4.0,4.3,42.7,43.4,47.9,20.9,3550308,São Paulo/SP
3547908,Santo Antônio Da Alegria,SP,0,5700,1182,1604,2377,274,6.4,1.5,0.8,3.5,42.2,48.6,45.0,18.2,,
3548005,Santo Antônio De Posse,SP,0,16288,3115,3394,8227,844,6.8,1.9,2.0,2.4,32.2,60.5,33.0,21.5,,
3548054,Santo Antônio Do Aracanguá,SP,0,7290,1533,1999,3256,330,5.9,1.9,1.5,2.3,40.0,54.9,40.7,19.3,3548054,Santo Antônio do Aracanguá/SP
3548104,Santo Antônio Do Jardim,SP,0,5173,1140,1079,2396,304,8.0,1.9,2.4,3.1,33.9,56.3,36.0,24.4,,
3548203,Santo Antônio Do Pinhal,SP,0,6113,1127,1527,2723,428,9.2,2.7,2.7,3.0,37.0,51.0,42.8,22.5,,
3548302,Santo Expedito,SP,0,2682,643,785,1069,94,4.8,1.8,0.8,2.0,46.3,48.8,47.8,22.1,3541406,Presidente Prudente/SP
3548401,Santópolis Do Aguapeí,SP,0,3231,552,841,1616,113,4.4,1.1,1.2,1.8,39.8,54.6,39.6,21.5,,
3548500,Santos,SP,0,348832,84897,98538,125561,28191,11.2,2.8,3.8,3.7,37.9,48.2,43.8,22.7,3548500,Baixada Santista/SP
3548609,São Bento Do Sapucaí,SP,0,9073,1838,2098,4061,661,9.7,2.7,2.9,3.6,33.1,55.0,36.6,23.3,,
3548708,São Bernardo Do Campo,SP,0,626647,136501,215232,192478,52441,11.4,2.1,4.0,4.5,49.2,38.0,53.8,19.2,3550308,São Paulo/SP
3548807,São Caetano Do Sul,SP,0,147744,25323,39455,63410,14650,12.5,2.8,4.4,4.2,33.3,50.3,39.9,18.5,3550308,São Paulo/SP
3548906,São Carlos,SP,0,196964,46573,57731,69472,13239,9.4,2.4,3.2,3.0,43.1,45.0,48.0,22.3,3548906,São Carlos/SP
3549003,São Francisco,SP,0,2505,525,711,1081,102,5.4,2.0,1.3,1.6,43.0,49.6,44.4,24.5,,
3549102,São João Da Boa Vista,SP,0,67128,14331,14238,30945,4692,9.4,2.8,2.7,3.1,31.6,58.6,34.7,23.2,3549102,São João da Boa Vista/SP
3549201,São João Das Duas Pontes,SP,0,2242,423,809,850,80,4.6,0.7,1.4,2.4,55.5,37.9,56.4,21.6,,
3549250,São João De Iracema,SP,0,1809,444,637,600,84,6.4,2.0,1.3,2.8,54.5,39.1,56.5,21.3,,
3549300,São João Do Pau D'Alho,SP,0,1906,387,640,735,95,6.5,2.5,1.8,2.0,52.8,40.4,53.7,19.9,,
3549409,São Joaquim Da Barra,SP,0,35828,8238,9890,14014,2185,8.4,2.1,2.2,3.6,43.8,47.5,46.5,24.1,,
3549508,São José Da Bela Vista,SP,0,6916,1971,2052,2327,264,5.7,1.7,1.5,2.2,51.9,43.0,53.0,27.4,,
3549607,São José Do Barreiro,SP,0,3579,757,1280,1225,178,6.6,2.2,1.2,2.7,55.3,37.2,57.6,22.4,,
3549706,São José Do Rio Pardo,SP,0,39191,9318,8042,17402,2625,9.3,2.8,2.5,3.5,33.7,56.8,36.2,26.2,,
3549805,São José Do Rio Preto,SP,0,344760,81808,71275,156807,22968,9.2,2.2,2.8,3.5,29.3,60.9,32.1,22.3,3549805,São José do Rio Preto/SP
3549904,São José Dos Campos,SP,0,540217,101283,136451,240721,42545,10.1,2.1,3.4,3.7,33.6,54.6,37.4,20.0,3549904,São José dos Campos/SP
3549953,São Lourenço Da Serra,SP,0,11946,2604,3548,4372,819,9.4,2.3,2.8,3.7,45.1,43.4,48.3,24.7,3550308,São Paulo/SP
3550001,São Luís Do Paraitinga,SP,0,10204,2143,3105,3899,618,8.1,2.7,2.4,2.6,45.1,44.4,47.9,19.8,,
3550100,São Manuel,SP,0,29305,6166,6565,13164,1665,7.8,2.2,2.1,3.1,35.3,55.5,38.0,22.7,,
3550209,São Miguel Arcanjo,SP,0,24440,5506,5493,10990,1255,7.1,2.3,2.0,2.5,36.6,53.1,38.9,23.7,,
3550308,São Paulo,SP,1,9145124,2138713,3052349,2760747,739724,11.3,2.7,3.8,3.8,47.5,38.0,53.5,21.3,3550308,São Paulo/SP
3550407,São Pedro,SP,0,28554,7240,5034,13897,1410,6.9,1.9,2.2,2.3,26.2,65.9,28.4,24.1,3550407,São Pedro/SP
3550506,São Pedro Do Turvo,SP,0,5673,1214,1478,2612,192,4.5,1.0,1.4,1.8,41.4,53.7,41.9,22.2,,
3550605,São Roque,SP,0,60260,13493,15462,23452,4790,11.0,3.0,3.3,4.0,39.0,47.9,43.7,24.2,3550605,São Roque - Mairinque/SP
3550704,São Sebastião,SP,0,68037,15336,21005,25027,4161,8.3,1.4,2.8,3.6,46.4,44.7,49.2,22.7,3510500,Caraguatatuba - Ubatuba - São Sebastião/SP
3550803,São Sebastião Da Grama,SP,0,8398,1948,1864,3612,520,8.7,2.6,2.3,3.0,37.0,54.1,39.9,21.5,,
3550902,São Simão,SP,0,11158,2596,2718,4559,822,10.2,2.6,2.5,4.6,37.2,52.4,40.4,24.5,,
3551009,São Vicente,SP,0,256025,67020,73549,87214,17229,9.7,2.3,3.4,3.4,42.8,47.1,45.9,22.3,3548500,Baixada Santista/SP
3551108,Sarapuí,SP,0,7398,1426,2083,3184,335,6.0,1.4,1.7,2.7,42.2,49.9,44.5,20.9,,
3551207,Sarutaiá,SP,0,3202,824,1062,1080,119,5.3,1.3,1.0,2.5,55.6,39.2,55.9,22.5,,
3551306,Sebastianópolis Do Sul,SP,0,3007,573,637,1499,171,7.4,1.9,1.4,3.7,33.2,59.0,34.2,21.2,3557105,Votuporanga/SP
3551405,Serra Azul,SP,0,7366,1647,2349,2695,385,7.1,1.1,2.1,3.6,51.9,42.3,52.8,24.7,3543402,Ribeirão Preto/SP
3551504,Serrana,SP,0,33570,7137,9465,13353,2170,8.7,1.8,2.5,3.8,43.9,48.6,45.3,22.7,3543402,Ribeirão Preto/SP
3551603,Serra Negra,SP,0,22277,4999,4418,10696,1292,7.9,2.4,2.1,2.8,29.4,60.8,32.8,24.9,,
3551702,Sertãozinho,SP,0,93301,18546,24907,38741,6405,9.1,2.1,2.8,3.6,41.0,50.1,43.3,22.2,,
3551801,Sete Barras,SP,0,10260,2654,2455,4398,375,5.2,1.8,1.4,1.8,38.4,55.6,40.2,31.0,,
3551900,Severínia,SP,0,11642,2033,3164,5495,520,5.7,1.3,1.4,2.8,39.8,53.5,41.4,21.7,,
3552007,Silveiras,SP,0,5404,1080,1510,2205,376,9.2,3.9,1.9,3.1,43.8,45.1,46.5,21.9,,
3552106,Socorro,SP,0,30482,5801,4835,16614,1998,8.5,2.7,2.5,2.8,23.0,68.0,25.7,23.3,,
3552205,Sorocaba,SP,0,531342,110991,129576,222939,41856,10.6,2.1,3.7,4.0,35.6,53.9,38.9,18.1,3552205,Sorocaba/SP
3552304,Sud Mennucci,SP,0,6041,1436,1857,2367,165,3.8,0.9,1.2,1.4,47.9,46.9,50.4,23.5,,
3552403,Sumaré,SP,0,199975,45285,53018,81394,12256,8.4,1.6,3.0,3.3,40.8,51.0,42.7,21.4,3509502,Campinas/SP
3552502,Suzano,SP,0,235588,53700,68212,83257,17796,10.5,2.3,3.6,3.9,43.1,45.2,46.8,19.8,3550308,São Paulo/SP
3552551,Suzanápolis,SP,0,2988,665,969,1124,102,4.7,1.4,1.2,1.9,52.2,41.4,54.6,21.6,,
3552601,Tabapuã,SP,0,8762,1654,1748,4570,350,5.2,1.4,1.7,1.9,30.7,63.3,32.6,21.1,,
3552700,Tabatinga,SP,0,10716,2249,2624,4883,441,5.5,1.5,1.7,2.1,41.4,52.2,42.4,24.0,,
3552809,Taboão Da Serra,SP,0,212014,41485,79435,62653,17963,11.2,2.5,3.7,4.3,53.4,34.2,58.4,20.2,3550308,São Paulo/SP
3552908,Taciba,SP,0,5069,965,1659,2098,216,5.4,1.4,2.1,1.8,49.3,44.7,51.1,16.0,3541406,Presidente Prudente/SP
3553005,Taguaí,SP,0,9253,1809,2279,4395,443,6.2,1.3,1.9,2.9,40.5,53.6,41.1,21.0,,
3553104,Taiaçu,SP,0,4509,918,1319,1901,166,4.9,1.4,1.4,2.0,46.2,47.2,47.2,23.8,,
3553203,Taiúva,SP,0,4396,907,893,2234,225,6.7,1.8,1.5,3.0,31.1,61.1,33.5,24.4,,
3553302,Tambaú,SP,0,15898,3514,4187,6296,1165,10.0,3.4,2.7,3.4,40.1,49.8,42.8,20.6,,
3553401,Tanabi,SP,0,19937,4299,4376,9496,1112,7.4,2.0,2.0,3.1,32.5,60.6,33.9,22.7,,
3553500,Tapiraí,SP,0,6269,1642,1573,2520,303,6.9,2.3,2.2,2.0,36.3,54.1,40.4,29.6,,
3553609,Tapiratiba,SP,0,9228,1796,2707,3626,581,8.4,2.4,2.2,3.2,46.8,44.9,48.5,24.1,,
3553658,Taquaral,SP,0,2275,421,617,1078,80,4.5,1.1,0.9,2.3,40.6,53.5,41.2,21.5,,
3553708,Taquaritinga,SP,0,38620,9325,8644,16556,2335,8.5,2.4,1.9,3.6,37.5,54.6,39.6,26.1,,
3553807,Taquarituba,SP,0,18080,3786,4667,7881,895,6.7,1.4,2.2,2.8,44.3,48.4,45.2,19.0,,
3553856,Taquarivaí,SP,0,5121,1133,1407,2142,230,6.1,2.6,1.2,2.2,43.9,48.2,45.8,22.6,,
3553906,Tarabai,SP,0,5176,1066,1742,1937,257,6.5,1.4,2.3,2.6,53.2,41.4,53.9,24.3,3541406,Presidente Prudente/SP
3553955,Tarumã,SP,0,11526,2408,2828,5406,541,6.2,2.1,1.8,2.2,37.5,56.6,39.0,20.3,,
3554003,Tatuí,SP,0,88765,21692,16465,40608,5216,8.4,2.1,2.6,3.2,30.7,59.7,32.9,25.3,,
3554102,Taubaté,SP,0,239956,55522,50107,104820,19427,11.1,3.0,3.5,3.8,30.3,58.4,33.8,22.1,3554102,Taubaté - Pindamonhangaba/SP
3554201,Tejupá,SP,0,3456,747,1133,1336,117,4.5,1.3,1.6,1.5,52.1,42.4,54.7,24.9,,
3554300,Teodoro Sampaio,SP,0,17020,4553,5812,5660,507,4.2,0.9,1.4,1.8,52.2,41.7,53.5,27.7,,
3554409,Terra Roxa,SP,0,6363,1261,1640,2805,349,7.3,1.8,1.4,3.7,41.0,52.5,41.4,16.6,,
3554508,Tietê,SP,0,29070,5913,5460,14607,1935,8.8,2.2,2.7,3.4,27.2,62.6,29.9,23.1,3511508,Cerquilho - Tietê/SP
3554607,Timburi,SP,0,2427,538,648,1018,122,6.8,2.4,1.6,2.7,44.0,46.8,46.4,23.2,,
3554656,Torre De Pedra,SP,0,2545,557,532,1242,109,5.8,1.3,1.7,2.3,29.8,62.0,32.1,25.3,,
3554706,Torrinha,SP,0,6691,1354,1150,3581,289,5.8,1.9,1.4,2.0,27.2,65.3,28.5,22.6,,
3554755,Trabiju,SP,0,1649,344,574,574,95,7.6,1.7,2.5,3.1,52.9,38.8,54.8,19.3,,
3554805,Tremembé,SP,0,29627,5959,6688,13500,2263,10.1,3.0,3.2,3.3,31.7,57.5,35.1,21.8,3554102,Taubaté - Pindamonhangaba/SP
3554904,Três Fronteiras,SP,0,5256,1215,1274,2292,231,6.1,1.9,1.9,2.0,38.5,55.2,40.0,26.0,3546603,Santa Fé do Sul/SP
3554953,Tuiuti,SP,0,5542,1169,1041,2803,270,6.6,2.3,1.5,2.4,31.0,61.1,33.3,23.3,,
3555000,Tupã,SP,0,47261,11262,8245,23559,2561,7.5,2.2,2.2,2.7,27.2,65.0,29.5,25.9,3555000,Tupã/SP
3555109,Tupi Paulista,SP,0,10833,2445,2263,5227,556,6.9,2.0,1.9,2.7,32.9,59.4,34.4,23.9,3555109,Tupi Paulista/SP
3555208,Turiúba,SP,0,1661,376,349,821,74,6.0,2.2,1.3,2.2,34.3,60.1,34.2,23.6,,
3555307,Turmalina,SP,0,1955,455,627,668,124,8.7,4.0,2.0,2.7,51.2,41.3,54.0,23.6,,
3555356,Ubarana,SP,0,4496,1056,1268,1824,187,5.7,1.5,1.7,2.4,46.2,48.5,45.5,24.5,,
3555406,Ubatuba,SP,0,77900,19231,18571,33252,4191,7.5,1.5,2.7,2.7,34.6,57.5,36.8,26.1,3510500,Caraguatatuba - Ubatuba - São Sebastião/SP
3555505,Ubirajara,SP,0,3995,998,1022,1720,141,4.9,1.2,1.4,2.0,42.8,53.1,43.1,24.3,,
3555604,Uchoa,SP,0,8307,1876,1932,3605,504,8.3,2.4,2.0,3.6,37.7,55.1,38.7,20.8,3549805,São José do Rio Preto/SP
3555703,União Paulista,SP,0,1703,370,509,735,49,3.8,0.8,1.3,1.6,43.0,52.3,42.5,23.7,,
3555802,Urânia,SP,0,6898,1309,1590,3425,271,5.1,1.3,2.0,1.6,35.8,58.3,36.9,20.3,,
3555901,Uru,SP,0,1622,387,320,785,71,6.0,2.4,1.1,1.7,31.9,61.2,34.5,21.2,,
3556008,Urupês,SP,0,10624,2283,1932,5613,413,5.2,1.4,1.4,2.1,29.1,65.4,29.4,25.0,,
3556107,Valentim Gentil,SP,0,10146,1960,2349,4987,475,6.1,1.4,2.1,2.5,36.3,57.3,36.3,21.6,,
3556206,Valinhos,SP,0,94676,17893,21448,44022,7688,10.5,2.4,3.5,3.5,31.0,56.6,35.5,21.7,3509502,Campinas/SP
3556305,Valparaíso,SP,0,15952,4712,3446,6772,565,5.2,1.3,1.8,2.0,37.9,56.8,39.5,26.5,3556305,Valparaíso/SP
3556354,Vargem,SP,0,6582,1449,1294,3066,434,9.1,2.1,2.1,4.1,33.4,59.4,35.8,28.3,,
3556404,Vargem Grande Do Sul,SP,0,30430,7077,6003,13918,1976,9.0,2.8,2.4,3.4,32.2,58.6,34.2,24.0,,
3556453,Vargem Grande Paulista,SP,0,42997,9663,11594,16390,3488,11.1,2.6,3.8,4.0,42.1,45.4,46.0,19.7,3550308,São Paulo/SP
3556503,Várzea Paulista,SP,0,84729,18127,21261,35108,6085,9.7,1.8,3.3,4.0,39.3,51.3,41.3,18.5,3525904,Jundiaí/SP
3556602,Vera Cruz,SP,0,7886,1712,1792,3683,351,6.0,2.1,2.0,1.5,35.6,57.0,37.8,18.0,3529005,Marília/SP
3556701,Vinhedo,SP,0,65669,14105,13483,30691,5132,10.4,2.2,3.7,3.6,28.8,59.2,32.9,19.7,3509502,Campinas/SP
3556800,Viradouro,SP,0,13103,2386,2700,6811,680,6.7,1.7,1.6,3.1,33.0,61.4,34.5,16.9,,
3556909,Vista Alegre Do Alto,SP,0,5990,1300,1404,2747,266,6.0,1.4,1.5,2.7,39.1,54.9,40.4,22.4,,
3556958,Vitória Brasil,SP,0,1673,240,493,813,51,3.8,1.2,0.7,1.7,43.0,52.0,43.2,18.0,3524808,Jales/SP
3557006,Votorantim,SP,0,92608,21268,22000,38477,6707,10.0,2.0,3.5,3.9,37.0,53.9,39.2,19.4,3552205,Sorocaba/SP
3557105,Votuporanga,SP,0,68927,14501,13875,34199,3740,7.2,1.9,2.2,2.7,29.7,62.1,31.8,23.7,3557105,Votuporanga/SP
3557154,Zacarias,SP,0,2570,613,621,1157,82,4.4,1.1,1.5,1.7,37.9,57.0,39.2,22.6,,
3557204,Chavantes,SP,0,8675,1815,2135,3907,476,7.3,2.3,2.4,2.4,37.8,54.7,39.6,16.6,,
3557303,Estiva Gerbi,SP,0,9490,1872,1990,4753,463,6.4,1.6,1.9,2.5,32.9,59.2,34.0,19.4,3530706,Mogi Guaçu - Mogi Mirim/SP
4100103,Abatiá,PR,0,5976,1524,1444,2635,227,5.3,1.7,1.2,2.0,42.3,52.8,42.7,23.3,,
4100202,Adrianópolis,PR,0,5781,1430,2225,1726,250,6.0,2.3,1.6,1.9,61.1,34.9,61.6,23.4,4100202,Adrianópolis/PR - Ribeira/SP
4100301,Agudos Do Sul,PR,0,8981,1719,2002,4544,391,5.6,2.1,1.4,1.9,37.4,56.7,36.6,17.1,,
4100400,Almirante Tamandaré,PR,0,77677,17813,19638,31191,6012,10.6,3.2,3.3,3.6,40.4,49.8,42.2,20.2,4106902,Curitiba/PR
4100459,Altamira Do Paraná,PR,0,3441,786,1129,1260,179,7.0,2.3,0.9,3.6,54.3,38.9,55.1,22.3,,
4100509,Altônia,PR,0,14510,3204,2893,7311,754,6.9,2.3,1.7,2.7,31.7,61.7,32.2,22.1,,
4100608,Alto Paraná,PR,0,10406,2492,2704,4457,482,6.3,2.3,1.5,2.2,43.7,50.2,44.9,23.4,,
4100707,Alto Piquiri,PR,0,7426,1803,2395,2713,320,5.9,1.8,1.9,2.0,50.4,44.1,51.5,22.4,,
4100806,Alvorada Do Sul,PR,0,7430,1600,1930,3473,249,4.4,1.6,1.0,1.5,39.4,56.5,39.4,20.2,,
4100905,Amaporã,PR,0,4058,914,1309,1547,188,6.2,2.3,1.3,2.5,50.5,44.2,51.1,17.8,,
4101002,Ampére,PR,0,14532,2365,5365,5616,758,6.5,1.5,2.0,2.7,56.2,38.8,56.1,18.2,,
4101051,Anahy,PR,0,2828,472,927,1200,163,7.1,2.8,2.0,2.2,49.3,43.3,50.6,18.7,,
4101101,Andirá,PR,0,16359,3898,4223,6892,761,6.4,1.6,1.9,2.6,40.4,53.6,41.0,22.1,,
4101150,Ângulo,PR,0,2817,496,602,1479,160,7.1,2.9,1.3,2.7,33.2,60.3,33.7,15.6,,
4101200,Antonina,PR,0,15653,4027,3624,6940,698,6.2,2.1,1.9,1.8,33.4,59.2,34.6,23.2,,
4101309,Antônio Olinto,PR,0,6911,1395,1832,2894,500,9.6,4.2,2.3,2.8,46.9,43.8,47.7,19.0,,
4101408,Apucarana,PR,0,94187,20399,16907,47060,6507,9.2,2.6,2.7,3.4,28.1,63.2,29.4,20.2,,
4101507,Arapongas,PR,0,84444,17350,12880,46270,5196,8.1,2.4,2.7,2.6,22.5,70.3,23.9,18.7,,
4101606,Arapoti,PR,0,19003,4680,3483,9426,844,6.1,2.4,1.4,2.0,32.0,61.7,32.6,22.3,,
4101655,Arapuã,PR,0,3263,529,1215,1278,158,6.0,2.2,1.4,2.0,52.8,40.9,52.4,17.8,,
4101705,Araruna,PR,0,10853,2000,2827,5079,608,7.1,1.9,2.2,2.8,39.5,54.0,40.3,19.9,,
4101804,Araucária,PR,0,112066,22664,30847,44601,9359,11.0,2.9,3.4,4.1,43.3,46.4,45.0,18.1,4106902,Curitiba/PR
4101853,Ariranha Do Ivaí,PR,0,2527,503,935,907,116,5.9,2.3,0.9,2.2,55.7,38.3,57.6,17.3,,
4101903,Assaí,PR,0,12321,3051,2240,6168,573,6.4,1.9,1.7,2.5,27.7,64.7,29.6,22.0,,
4102000,Assis Chateaubriand,PR,0,27256,5525,5958,13775,1312,6.2,1.9,2.0,2.1,34.3,59.9,34.4,21.6,,
4102109,Astorga,PR,0,19627,3963,3530,10863,808,5.3,1.9,1.3,1.9,26.5,67.9,27.4,22.9,,
4102208,Atalaia,PR,0,3479,626,932,1687,160,5.8,2.0,1.5,2.1,39.5,54.1,40.1,17.5,,
4102307,Balsa Nova,PR,0,12129,2195,2840,5851,787,8.3,3.1,2.2,2.5,36.7,55.7,37.4,17.4,4106902,Curitiba/PR
4102406,Bandeirantes,PR,0,24411,5801,4584,12532,962,5.3,1.7,1.3,2.0,28.3,66.5,28.9,22.1,,
4102505,Barbosa Ferraz,PR,0,8859,2195,2458,3460,459,7.2,3.0,1.7,2.3,43.8,49.9,45.3,24.5,,
4102604,Barracão,PR,0,7600,1491,2329,3262,360,6.0,1.9,1.9,2.0,45.2,50.6,45.0,19.6,4205001,Internacional de Dionísio Cerqueira-Barracão/Brasil - Bernardo de Irigoyen/Argentina
4102703,Barra Do Jacaré,PR,0,2805,566,874,1135,145,6.7,2.6,1.4,2.6,47.2,46.5,48.1,17.2,,
4102752,Bela Vista Da Caroba,PR,0,2988,505,1210,1049,148,6.2,2.6,1.3,1.9,58.4,37.2,58.9,15.9,,
4102802,Bela Vista Do Paraíso,PR,0,12282,3012,2779,5574,551,6.2,2.4,1.4,2.2,36.6,57.6,37.5,20.9,,
4102901,Bituruna,PR,0,12808,2422,4349,5048,553,5.6,1.7,1.4,2.1,55.6,38.6,55.5,16.9,,
4103008,Boa Esperança,PR,0,3974,752,744,2240,139,4.5,1.4,1.1,1.7,28.1,67.6,28.2,18.0,,
4103024,Boa Esperança Do Iguaçu,PR,0,2309,367,895,854,147,7.8,1.7,1.6,4.3,61.9,32.8,62.5,12.7,,
4103040,Boa Ventura De São Roque,PR,0,5080,896,1876,1872,303,7.5,2.8,1.1,3.4,60.0,33.4,60.8,17.0,,
4103057,Boa Vista Da Aparecida,PR,0,7107,1492,2189,2910,330,6.1,2.1,1.5,2.3,48.2,45.8,48.9,22.5,,
4103107,Bocaiúva Do Sul,PR,0,10205,2556,2318,4328,633,8.7,3.1,2.4,2.8,41.1,50.7,42.3,21.9,4106902,Curitiba/PR
4103156,Bom Jesus Do Sul,PR,0,3699,630,1423,1403,164,5.5,1.5,1.8,2.0,56.7,39.9,53.3,14.8,,
4103206,Bom Sucesso,PR,0,5316,1097,1840,1916,293,7.2,2.5,1.6,3.0,52.2,41.0,54.1,18.1,,
4103222,Bom Sucesso Do Sul,PR,0,3020,458,619,1769,126,5.0,1.4,1.5,2.0,37.2,58.1,36.6,16.1,,
4103305,Borrazópolis,PR,0,6279,1110,1720,3013,271,5.4,1.9,1.0,2.3,40.1,53.8,40.6,20.4,,
4103354,Braganey,PR,0,4330,835,1225,1953,198,5.9,1.8,1.9,2.1,45.1,49.6,45.4,21.6,,
4103370,Brasilândia Do Sul,PR,0,3350,692,1174,1258,148,5.7,1.9,1.4,2.1,53.9,41.6,54.3,18.0,,
4103404,Cafeara,PR,0,2223,386,861,821,81,4.6,1.4,1.0,2.1,56.8,38.9,56.2,14.0,,
4103453,Cafelândia,PR,0,13247,2307,2768,7110,761,7.2,1.8,2.7,2.3,32.1,62.4,32.7,19.1,,
4103479,Cafezal Do Sul,PR,0,4161,883,1020,1970,205,6.4,1.9,2.2,2.1,38.8,55.3,38.1,19.2,,
4103503,Califórnia,PR,0,6940,1322,1487,3498,384,7.2,2.2,1.4,3.2,32.5,60.0,33.3,17.3,,
4103602,Cambará,PR,0,17864,4612,4130,7552,871,6.9,2.4,1.8,2.4,38.2,55.4,38.2,22.2,,
4103701,Cambé,PR,0,76178,16494,14688,36772,5520,9.7,3.1,2.6,3.5,28.9,61.7,30.8,19.0,4113700,Londrina/PR
4103800,Cambira,PR,0,6442,1250,1376,3314,294,5.9,2.2,1.5,2.0,34.8,58.4,35.6,16.7,4112108,Jandaia do Sul/PR
4103909,Campina Da Lagoa,PR,0,12371,2809,3125,5520,602,6.5,2.3,1.5,2.5,40.4,51.9,41.8,22.9,,
4103958,Campina Do Simão,PR,0,3735,793,1308,1228,255,9.1,2.8,2.0,4.2,63.6,31.2,63.6,21.5,,
4104006,Campina Grande Do Sul,PR,0,35488,7693,8274,15901,2474,9.3,2.8,2.9,3.1,36.7,55.2,37.5,18.9,4106902,Curitiba/PR
4104055,Campo Bonito,PR,0,3695,807,1135,1515,162,5.8,1.9,1.6,2.1,51.9,42.5,52.6,19.0,,
4104105,Campo Do Tenente,PR,0,6393,1156,1515,3167,388,7.7,2.5,2.3,2.8,36.0,56.2,37.3,16.1,,
4104204,Campo Largo,PR,0,94798,18319,20761,44882,7392,10.1,3.1,2.9,3.6,33.4,57.0,34.9,17.8,4106902,Curitiba/PR
4104253,Campo Magro,PR,0,21484,4327,5501,9079,1790,10.9,3.4,3.2,3.9,41.0,50.5,41.8,17.6,4106902,Curitiba/PR
4104303,Campo Mourão,PR,0,70262,14090,16646,32846,4789,8.8,2.7,2.4,3.4,36.6,54.8,38.3,19.1,,
4104402,Cândido De Abreu,PR,0,11738,2663,3243,4879,582,6.7,2.4,1.9,2.1,43.6,49.3,45.7,20.8,,
4104428,Candói,PR,0,12050,2309,4025,4740,645,6.8,2.0,1.8,2.9,55.5,39.8,55.1,19.3,,
4104451,Cantagalo,PR,0,9118,2232,3054,3142,404,6.1,1.8,1.7,2.5,57.4,37.8,57.4,22.6,,
4104501,Capanema,PR,0,15204,3024,4468,6496,867,7.3,1.9,2.4,2.9,47.4,46.9,47.7,22.1,,
4104600,Capitão Leônidas Marques,PR,0,11861,2574,3336,5165,512,5.7,1.5,2.2,1.9,45.0,49.7,45.5,24.1,,
4104659,Carambeí,PR,0,17446,3132,3192,9238,1240,9.1,3.3,2.3,3.1,27.5,62.4,27.9,16.4,4119905,Ponta Grossa/PR
4104709,Carlópolis,PR,0,12148,2934,2722,5552,564,6.4,2.0,1.9,2.2,38.8,55.4,38.9,23.0,,
4104808,Cascavel,PR,0,239954,45624,51045,121234,16209,8.6,2.1,3.1,3.0,31.9,59.8,33.1,18.6,4104808,Cascavel/PR
4104907,Castro,PR,0,55971,11497,11474,27057,3767,8.9,3.0,2.6,3.1,35.1,55.5,35.6,17.9,,
4105003,Catanduvas,PR,0,7097,1590,1798,3183,329,6.2,1.7,2.2,2.1,42.8,51.9,42.8,25.1,,
4105102,Centenário Do Sul,PR,0,8551,2017,3172,2800,317,5.0,1.7,1.3,1.8,57.2,38.4,57.5,21.0,,
4105201,Cerro Azul,PR,0,13491,2997,4665,4661,632,6.3,2.0,1.3,2.9,55.3,37.9,56.4,20.1,,
4105300,Céu Azul,PR,0,8788,1602,1389,5247,349,5.0,1.3,1.6,1.9,23.9,70.4,24.7,20.2,,
4105409,Chopinzinho,PR,0,16864,3387,4482,7713,834,6.4,1.8,2.3,2.2,42.8,52.2,42.2,18.7,,
4105508,Cianorte,PR,0,58478,12618,10283,30549,3579,8.1,2.4,2.1,3.2,26.4,66.2,27.6,21.1,,
4105607,Cidade Gaúcha,PR,0,8899,2083,2559,3676,376,5.7,2.1,1.0,2.3,44.5,50.5,44.4,24.1,,
4105706,Clevelândia,PR,0,13247,3138,3826,5539,427,4.4,1.4,1.2,1.5,49.7,45.7,49.0,21.9,,
4105805,Colombo,PR,0,161954,32835,39734,69990,13316,10.8,3.2,3.4,3.7,37.2,52.9,38.8,18.5,4106902,Curitiba/PR
4105904,Colorado,PR,0,17627,3684,4883,7552,908,6.8,2.1,1.4,3.1,45.3,48.0,46.2,23.2,4105904,Colorado/PR
4106001,Congonhinhas,PR,0,6609,1675,2378,2129,253,5.3,2.1,1.0,2.0,57.6,36.8,58.9,21.5,,
4106100,Conselheiro Mairinck,PR,0,3221,752,956,1260,152,6.4,1.4,1.4,3.3,47.3,45.9,48.6,19.8,,
4106209,Contenda,PR,0,13638,2435,3327,6403,921,8.7,3.5,2.2,2.7,40.7,50.6,42.3,16.6,4106902,Curitiba/PR
4106308,Corbélia,PR,0,13858,2478,2774,7590,717,6.5,1.9,2.4,1.8,32.8,61.0,33.4,20.5,,
4106407,Cornélio Procópio,PR,0,35102,8153,7747,16058,2148,8.3,2.3,2.1,3.4,34.3,57.1,35.9,19.9,,
4106456,Coronel Domingos Soares,PR,0,5280,1228,1877,1864,193,4.9,2.2,0.6,2.1,61.5,35.0,60.9,21.3,,
4106506,Coronel Vivida,PR,0,17708,3268,5245,7845,856,6.1,1.7,1.9,2.4,46.8,47.2,47.5,18.0,,
4106555,Corumbataí Do Sul,PR,0,3757,886,1250,1295,208,7.6,3.0,1.2,3.2,50.5,40.5,52.2,21.6,,
4106571,Cruzeiro Do Iguaçu,PR,0,3622,712,1185,1464,191,6.7,1.3,1.8,3.5,54.6,40.8,53.8,17.5,,
4106605,Cruzeiro Do Oeste,PR,0,16510,3928,4065,7335,754,6.2,1.7,2.0,2.2,36.8,57.8,37.0,24.8,,
4106704,Cruzeiro Do Sul,PR,0,3922,900,1449,1298,166,5.7,1.7,1.4,2.5,57.6,37.1,57.8,20.5,4118105,Paranacity/PR
4106803,Cruz Machado,PR,0,13735,2511,3203,6358,1093,10.3,4.9,1.9,3.1,39.8,50.0,41.5,17.4,,
4106852,Cruzmaltina,PR,0,2730,558,728,1227,146,7.0,2.2,1.6,3.0,39.3,53.7,41.0,23.3,,
4106902,Curitiba,PR,1,1415148,279056,332099,628721,132614,12.1,3.3,4.0,4.0,31.4,55.3,35.2,18.5,4106902,Curitiba/PR
4107009,Curiúva,PR,0,10807,2836,2615,4476,468,6.2,1.9,1.7,2.4,44.3,48.6,45.6,24.1,,
4107108,Diamante Do Norte,PR,0,4379,1021,1170,1902,183,5.6,1.6,2.2,1.7,42.7,52.5,42.4,23.8,,
4107124,Diamante Do Sul,PR,0,3479,842,1082,1401,89,3.5,1.3,1.1,1.1,49.3,46.7,50.1,23.1,,
4107157,Diamante D'Oeste,PR,0,3758,720,1555,1266,134,4.5,1.0,1.2,2.2,58.1,36.1,59.2,21.1,,
4107207,Dois Vizinhos,PR,0,33146,5616,10056,15013,1678,6.3,1.1,2.1,2.9,48.2,47.1,47.7,18.1,,
4107256,Douradina,PR,0,6988,1385,1545,3589,331,6.1,1.7,2.0,2.0,36.3,59.0,34.7,19.6,,
4107306,Doutor Camargo,PR,0,5175,1009,1152,2659,227,5.6,1.9,1.4,2.1,33.2,59.5,33.8,19.0,,
4107405,Enéas Marques,PR,0,5490,949,1988,2121,309,7.0,2.0,1.8,2.9,55.2,39.1,56.5,17.9,,
4107504,Engenheiro Beltrão,PR,0,10063,2169,2494,4654,484,6.3,2.5,1.6,2.1,38.4,55.5,38.9,23.0,,
4107520,Esperança Nova,PR,0,2112,514,427,1049,89,5.7,2.1,1.0,2.3,32.0,62.8,32.1,21.0,,
4107538,Entre Rios Do Oeste,PR,0,3721,582,644,2257,184,6.0,1.5,2.8,1.4,25.4,71.1,25.5,13.9,,
4107546,Espigão Alto Do Iguaçu,PR,0,4416,991,1239,1937,157,4.7,2.1,1.4,1.0,39.7,55.8,39.9,24.1,,
4107553,Farol,PR,0,2837,591,897,1157,118,5.4,2.0,1.3,2.1,48.5,46.6,48.4,17.0,,
4107603,Faxinal,PR,0,12177,2496,2331,6470,599,6.4,2.4,1.5,2.1,29.2,64.0,29.3,23.3,,
4107652,Fazenda Rio Grande,PR,0,94019,21891,21881,39363,7371,10.7,2.8,3.7,3.8,38.6,52.2,39.9,21.7,4106902,Curitiba/PR
4107702,Fênix,PR,0,3851,806,1286,1433,202,6.9,2.6,1.8,2.4,48.4,44.8,50.6,23.2,,
4107736,Fernandes Pinheiro,PR,0,5554,1050,1731,2288,290,6.7,2.3,2.0,2.2,48.7,44.0,47.2,15.8,,
4107751,Figueira,PR,0,6360,1589,2255,2071,245,5.4,1.9,1.5,1.9,57.1,37.3,57.8,21.8,,
4107801,Floraí,PR,0,4346,672,1183,2132,218,6.2,2.0,1.6,2.4,40.1,54.2,41.1,15.6,,
4107850,Flor Da Serra Do Sul,PR,0,4381,862,1413,1771,224,6.6,2.0,1.7,2.7,52.5,42.7,53.0,16.4,,
4107900,Floresta,PR,0,8070,1673,1779,4014,421,6.8,2.4,1.5,2.5,36.0,57.7,36.8,18.0,4115200,Maringá/PR
4108007,Florestópolis,PR,0,9394,1745,3450,3439,509,6.9,1.9,2.0,2.7,51.7,43.6,52.3,15.6,,
4108106,Flórida,PR,0,2410,408,789,1020,124,6.4,1.9,1.9,2.5,47.1,45.8,48.5,13.6,,
4108205,Formosa Do Oeste,PR,0,6080,1317,1294,2982,283,6.2,1.8,1.7,2.3,33.7,59.8,35.1,22.6,,
4108304,Foz Do Iguaçu,PR,0,209121,44044,50383,97614,12139,7.6,1.8,2.9,2.4,32.5,60.9,33.8,18.9,4108304,Internacional de Foz do Iguaçu/Brasil - Ciudad del Este/Paraguai
4108320,Francisco Alves,PR,0,6100,1520,1370,2856,216,4.9,1.3,1.8,1.4,36.8,59.4,36.8,22.5,,
4108403,Francisco Beltrão,PR,0,66806,11091,19798,29992,4243,7.8,1.6,2.5,3.5,45.6,47.7,46.0,19.1,,
4108452,Foz Do Jordão,PR,0,4360,1043,1746,1280,183,5.7,1.1,1.3,3.2,63.8,32.8,63.8,22.6,,
4108502,General Carneiro,PR,0,8667,1904,2785,3335,375,5.8,2.2,1.6,1.8,53.9,41.5,52.7,22.5,,
4108551,Godoy Moreira,PR,0,2850,632,1151,877,122,5.7,1.7,0.7,3.0,58.9,34.8,60.4,21.4,,
4108601,Goioerê,PR,0,21161,4467,4969,10278,931,5.8,1.9,1.7,1.9,34.5,59.0,35.6,24.1,,
4108650,Goioxim,PR,0,5428,1206,2056,1785,244,6.0,1.2,1.4,3.2,64.2,30.5,64.1,19.8,,
4108700,Grandes Rios,PR,0,4758,1029,1094,2260,244,6.8,2.5,1.5,2.6,34.5,59.6,35.6,26.2,,
4108809,Guaíra,PR,0,23809,5461,4848,12008,973,5.5,1.4,2.1,1.7,31.6,63.8,31.1,21.6,,
4108908,Guairaçá,PR,0,5399,1252,1322,2456,228,5.7,2.2,1.4,1.8,42.3,52.4,41.3,19.6,,
4108957,Guamiranga,PR,0,6603,1012,1596,3420,358,6.7,2.7,1.7,2.1,38.3,55.7,39.4,14.1,,
4109005,Guapirama,PR,0,4064,939,1140,1626,217,7.3,2.8,1.8,2.4,45.6,49.1,46.6,18.3,,
4109104,Guaporema,PR,0,1979,461,510,859,104,7.1,2.0,1.5,3.1,42.3,53.2,43.7,20.1,,
4109203,Guaraci,PR,0,4224,861,1089,2003,191,5.8,2.0,1.5,2.2,37.0,57.3,37.8,17.7,,
4109302,Guaraniaçu,PR,0,11100,2508,2436,5465,472,5.6,2.2,1.3,1.9,36.0,57.8,37.4,21.4,,
4109401,Guarapuava,PR,0,133846,26167,38125,56860,8377,8.1,2.3,2.5,3.0,45.5,47.0,45.8,18.9,,
4109500,Guaraqueçaba,PR,0,7430,2053,2182,2717,319,6.1,1.7,2.2,2.1,43.9,49.5,45.1,22.0,,
4109609,Guaratuba,PR,0,32489,8380,6607,14855,1911,8.2,2.8,2.2,2.8,30.2,63.0,31.7,23.1,,
4109658,Honório Serpa,PR,0,4366,874,1670,1585,168,4.9,2.4,0.6,1.8,59.3,37.0,58.6,17.3,,
4109708,Ibaiti,PR,0,21627,5217,5046,9639,1044,6.6,1.9,1.8,2.7,39.2,54.1,39.5,23.2,,
4109757,Ibema,PR,0,5098,1107,1630,1962,255,6.6,1.9,1.7,2.7,49.6,44.5,49.8,23.8,,
4109807,Ibiporã,PR,0,39987,9685,7746,18657,2549,8.8,2.8,2.1,3.4,29.7,60.9,31.4,21.4,4113700,Londrina/PR
4109906,Icaraíma,PR,0,7070,1605,1602,3480,232,4.4,1.6,1.1,1.5,35.5,59.5,35.5,23.4,,
4110003,Iguaraçu,PR,0,4057,811,967,1985,205,6.5,2.1,1.4,2.6,37.0,57.4,38.0,19.9,4115200,Maringá/PR
4110052,Iguatu,PR,0,2131,368,787,836,93,5.4,1.4,2.2,1.8,51.6,44.6,52.7,17.3,,
4110078,Imbaú,PR,0,8865,1776,2890,3387,421,6.3,1.7,2.0,2.5,51.4,44.1,51.4,16.8,,
4110102,Imbituva,PR,0,23461,4123,5216,11802,1510,8.2,3.3,2.1,2.5,35.2,56.8,36.7,16.6,,
4110201,Inácio Martins,PR,0,8367,1524,2850,3172,534,8.2,3.3,2.0,2.5,53.7,40.2,54.4,16.9,,
4110300,Inajá,PR,0,2546,551,994,869,88,4.5,1.5,1.7,1.1,59.9,34.3,60.1,17.9,,
4110409,Indianópolis,PR,0,3803,796,943,1749,177,6.2,1.9,1.4,2.6,37.3,56.1,37.6,19.8,,
4110508,Ipiranga,PR,0,11267,1818,2128,6042,851,9.4,2.9,2.5,3.8,33.6,57.6,34.0,14.6,,
4110607,Iporã,PR,0,12170,2900,2683,5671,535,6.0,1.4,2.0,2.4,35.3,59.5,35.1,21.2,,
4110656,Iracema Do Oeste,PR,0,2427,482,810,976,99,5.2,1.9,1.8,1.5,50.4,45.1,49.0,20.7,,
4110706,Irati,PR,0,45672,8338,10632,21227,3581,10.1,3.6,2.6,3.5,37.3,52.7,39.1,17.2,,
4110805,Iretama,PR,0,7961,1998,2459,2869,382,6.7,2.4,1.4,2.6,52.8,40.0,54.1,23.1,,
4110904,Itaguajé,PR,0,3512,689,1213,1395,144,5.2,1.7,1.3,2.0,52.3,43.2,53.2,22.9,,
4110953,Itaipulândia,PR,0,9902,1663,2632,4998,438,5.4,1.6,1.6,2.1,38.4,58.1,37.9,17.7,,
4111001,Itambaracá,PR,0,5267,1302,1220,2391,209,5.5,2.4,1.5,1.6,38.7,56.4,38.6,24.7,,
4111100,Itambé,PR,0,5052,811,1342,2467,312,7.6,2.9,1.8,2.7,39.6,53.9,40.5,19.3,4115200,Maringá/PR
4111209,Itapejara D'Oeste,PR,0,9159,1638,2878,3931,442,6.1,1.9,1.7,2.4,51.4,44.1,51.2,19.3,,
4111258,Itaperuçu,PR,0,21624,3441,8697,7469,1291,7.4,1.8,2.1,3.3,59.5,34.6,60.5,14.2,4106902,Curitiba/PR
4111308,Itaúna Do Sul,PR,0,2788,679,1076,829,141,6.9,1.6,2.1,3.0,62.6,31.9,62.7,27.2,,
4111407,Ivaí,PR,0,10656,1703,2445,5550,619,7.2,2.7,2.2,2.2,38.8,54.1,39.5,14.2,,
4111506,Ivaiporã,PR,0,24012,4527,6516,10742,1518,8.1,2.8,2.0,2.9,41.7,50.6,43.0,22.5,,
4111555,Ivaté,PR,0,5439,1080,1679,2276,271,6.4,2.1,1.9,2.2,44.6,49.6,45.6,20.8,,
4111605,Ivatuba,PR,0,3152,796,673,1397,213,9.3,2.0,3.1,4.1,35.8,56.8,37.6,25.4,,
4111704,Jaboti,PR,0,4523,868,1146,2108,251,7.2,2.0,1.3,3.6,40.2,53.5,41.0,17.7,,
4111803,Jacarezinho,PR,0,29711,6959,9267,11043,1455,6.7,1.9,1.9,2.6,47.3,46.3,48.1,20.9,,
4111902,Jaguapitã,PR,0,11056,2849,2280,5042,551,7.0,2.3,1.5,2.9,35.8,58.8,37.2,21.7,,
4112009,Jaguariaíva,PR,0,25982,5894,5219,12904,1251,6.5,2.1,2.1,2.0,34.9,59.7,35.3,19.1,,
4112108,Jandaia Do Sul,PR,0,16534,3321,2994,8694,1063,8.3,2.9,2.2,2.8,29.3,62.6,30.3,17.3,4112108,Jandaia do Sul/PR
4112207,Janiópolis,PR,0,4944,1127,1571,1901,196,5.3,2.0,1.6,1.6,48.0,46.8,49.3,22.8,,
4112306,Japira,PR,0,3943,895,1159,1576,197,6.7,2.7,1.7,2.1,47.7,46.3,49.3,20.6,,
4112405,Japurá,PR,0,7452,1412,1476,3976,409,7.0,2.5,1.8,2.4,29.0,64.5,30.3,18.1,,
4112504,Jardim Alegre,PR,0,9012,1654,2847,3850,423,5.9,2.1,1.2,2.3,46.2,48.4,46.3,23.6,,
4112603,Jardim Olinda,PR,0,1350,208,626,429,58,5.2,1.1,1.4,2.7,65.5,27.4,67.2,14.6,,
4112702,Jataizinho,PR,0,9482,2121,2336,4190,526,7.5,2.5,2.2,2.5,36.8,56.3,37.8,20.4,4113700,Londrina/PR
4112751,Jesuítas,PR,0,7384,1335,1856,3597,357,6.1,1.9,2.0,2.0,37.7,56.2,37.8,20.3,,
4112801,Joaquim Távora,PR,0,9226,2142,2112,4212,484,7.1,1.9,2.1,2.7,38.0,56.2,38.6,21.0,,
4112900,Jundiaí Do Sul,PR,0,2911,719,1035,965,120,5.7,2.6,1.4,1.3,57.6,36.8,58.0,23.1,,
4112959,Juranda,PR,0,6202,1092,1412,3295,255,5.1,1.8,1.6,1.6,37.0,58.1,37.9,21.1,,
4113007,Jussara,PR,0,5485,1137,1434,2419,321,7.7,2.9,1.5,3.1,39.6,54.6,40.3,19.1,,
4113106,Kaloré,PR,0,4004,650,1119,1967,170,5.2,2.4,0.8,1.9,41.4,51.7,41.9,15.7,,
4113205,Lapa,PR,0,36461,6935,9069,16244,2647,9.5,3.8,2.5,2.8,38.9,51.9,40.9,16.9,,
4113254,Laranjal,PR,0,4694,1004,1988,1457,145,4.0,1.9,0.6,1.3,66.0,30.1,66.2,21.7,,
4113304,Laranjeiras Do Sul,PR,0,24304,5769,7835,8871,1170,6.5,1.8,2.1,2.5,54.0,40.5,54.4,19.2,,
4113403,Leópolis,PR,0,3502,636,1147,1465,167,6.0,2.8,0.5,2.0,50.6,43.4,49.9,18.4,,
4113429,Lidianópolis,PR,0,3461,601,874,1757,153,5.5,2.4,1.1,1.7,36.5,57.9,38.8,24.1,,
4113452,Lindoeste,PR,0,5116,1090,1898,1785,246,6.3,2.3,2.0,1.7,55.7,39.2,56.4,19.6,,
4113502,Loanda,PR,0,15869,3235,3646,7922,694,5.7,1.8,1.8,1.8,34.9,60.2,34.7,17.7,,
4113601,Lobato,PR,0,3851,747,1193,1572,195,6.6,1.6,2.3,2.4,46.7,47.2,48.4,16.7,,
4113700,Londrina,PR,0,394978,82553,72432,195008,31887,10.7,3.2,2.9,3.9,24.5,64.3,27.1,19.4,4113700,Londrina/PR
4113734,Luiziana,PR,0,5953,1281,1896,2333,271,6.0,2.4,1.4,1.7,50.4,44.5,50.8,20.9,,
4113759,Lunardelli,PR,0,4235,913,1227,1746,206,6.5,2.8,1.4,2.0,43.6,49.7,44.4,21.1,,
4113809,Lupionópolis,PR,0,4003,778,1479,1465,160,5.2,1.4,1.4,2.0,53.9,41.0,54.4,18.4,,
4113908,Mallet,PR,0,10552,1896,2100,5337,799,9.7,4.6,1.8,3.1,34.9,56.6,36.6,17.3,,
4114005,Mamborê,PR,0,10615,2131,2104,5730,406,4.9,1.8,1.1,1.8,31.7,62.7,31.8,18.6,,
4114104,Mandaguaçu,PR,0,19903,4533,4608,8997,1104,7.5,2.2,2.1,2.9,37.3,55.3,38.0,23.1,4115200,Maringá/PR
4114203,Mandaguari,PR,0,27663,6196,5397,13488,1691,8.2,2.7,2.3,2.8,33.0,58.9,33.9,20.4,,
4114302,Mandirituba,PR,0,19907,4053,5138,8758,1262,8.3,3.0,2.2,2.9,41.3,51.6,41.3,18.3,4106902,Curitiba/PR
4114351,Manfrinópolis,PR,0,3122,567,1383,970,136,5.5,1.7,1.4,2.3,66.4,29.4,66.8,16.8,,
4114401,Mangueirinha,PR,0,13764,2962,4480,5398,601,5.7,1.6,1.6,2.3,53.6,42.0,52.2,18.9,,
4114500,Manoel Ribas,PR,0,11018,2157,2244,5884,501,5.8,2.0,1.2,2.5,34.5,60.1,34.8,17.5,,
4114609,Marechal Cândido Rondon,PR,0,40475,7157,6627,23987,1982,6.1,1.2,2.4,2.1,24.1,70.3,24.6,19.7,,
4114708,Maria Helena,PR,0,4789,997,1506,2011,181,4.9,2.2,1.0,1.4,45.4,49.5,46.0,17.8,4128104,Umuarama/PR
4114807,Marialva,PR,0,30178,6225,5730,15602,1804,7.8,2.4,2.2,2.9,30.2,61.4,31.7,22.5,4115200,Maringá/PR
4114906,Marilândia Do Sul,PR,0,7142,1579,1462,3492,399,7.5,2.5,1.7,3.0,33.4,59.4,34.9,20.1,,
4115002,Marilena,PR,0,5989,1369,2131,2077,275,6.1,2.0,1.6,2.4,56.9,38.5,56.8,25.5,4117107,Nova Londrina - Marilena/PR
4115101,Mariluz,PR,0,7588,1635,2480,2917,324,5.7,1.6,1.4,2.2,49.2,45.9,49.7,23.6,,
4115200,Maringá,PR,0,302812,63754,62164,146584,23394,10.1,2.5,3.3,3.7,29.4,59.6,32.3,19.9,4115200,Maringá/PR
4115309,Mariópolis,PR,0,5494,1042,1324,2733,232,5.4,2.1,1.3,1.8,41.0,53.8,40.5,16.6,,
4115358,Maripá,PR,0,5176,797,674,3440,190,4.4,1.2,1.4,1.5,18.3,77.1,18.7,16.5,,
4115408,Marmeleiro,PR,0,11778,2243,3580,5002,643,7.0,1.5,2.1,3.0,50.4,43.9,50.0,17.3,,
4115457,Marquinho,PR,0,3876,805,1337,1473,160,5.4,2.2,1.1,2.1,56.7,38.5,57.4,16.1,,
4115507,Marumbi,PR,0,3950,644,1262,1706,234,7.3,2.5,1.8,2.9,49.5,45.7,48.8,13.4,,
4115606,Matelândia,PR,0,13751,2610,2214,8141,545,5.0,1.4,1.9,1.4,22.6,72.2,22.5,23.0,,
4115705,Matinhos,PR,0,35293,10358,8531,13302,2156,9.0,2.8,2.5,3.1,39.0,52.7,41.3,27.5,4115705,Matinhos - Pontal do Paraná/PR
4115739,Mato Rico,PR,0,3238,671,1173,1146,161,6.5,3.3,0.9,2.1,61.5,32.1,62.5,20.4,,
4115754,Mauá Da Serra,PR,0,7691,1649,1928,3565,352,6.0,1.7,1.6,2.5,40.9,53.7,40.5,19.0,,
4115804,Medianeira,PR,0,37479,7386,7595,19850,1826,6.2,1.5,2.4,2.1,31.2,63.4,31.2,21.7,,
4115853,Mercedes,PR,0,4929,671,577,3387,229,5.5,1.3,2.5,1.2,17.4,78.8,17.6,14.2,,
4115903,Mirador,PR,0,2160,540,834,633,95,6.1,1.1,1.9,2.9,62.1,33.3,62.9,22.4,,
4116000,Miraselva,PR,0,1851,281,600,862,68,4.4,1.4,1.4,1.5,44.6,50.6,45.2,12.3,,
4116059,Missal,PR,0,9671,1563,2101,5368,480,6.0,1.6,2.2,2.1,32.2,63.5,32.5,17.2,,
4116109,Moreira Sales,PR,0,9161,1783,2584,4197,313,4.4,1.6,1.2,1.4,40.5,54.5,40.3,22.1,,
4116208,Morretes,PR,0,14680,3439,3892,6155,788,7.3,2.4,2.2,2.3,38.3,53.8,40.4,20.4,,
4116307,Munhoz De Mello,PR,0,3547,688,999,1627,143,5.2,1.4,1.0,2.6,41.8,52.8,43.1,17.4,,
4116406,Nossa Senhora Das Graças,PR,0,3173,642,1189,1064,178,7.3,2.5,1.4,3.4,56.8,37.4,57.6,17.1,4105904,Colorado/PR
4116505,Nova Aliança Do Ivaí,PR,0,1565,323,470,657,83,6.9,2.7,1.1,2.9,49.7,44.6,48.3,16.0,4118402,Paranavaí/PR
4116604,Nova América Da Colina,PR,0,3349,531,1060,1534,145,5.3,1.4,1.2,2.5,46.3,47.8,45.6,14.4,4126009,São Sebastião da Amoreira/PR
4116703,Nova Aurora,PR,0,9631,1535,2338,5094,412,5.2,1.6,1.8,1.5,34.6,60.4,35.0,18.4,,
4116802,Nova Cantu,PR,0,6004,1156,2298,2148,246,5.2,2.3,1.0,1.8,56.2,37.4,57.2,19.4,,
4116901,Nova Esperança,PR,0,19494,4046,4503,9358,1087,7.3,2.4,1.9,2.7,34.6,58.2,35.8,24.4,,
4116950,Nova Esperança Do Sudoeste,PR,0,5165,830,1971,1985,263,6.2,1.9,1.8,2.5,57.8,36.7,58.2,14.0,,
4117008,Nova Fátima,PR,0,6087,1381,1738,2490,288,6.4,2.1,1.6,2.5,44.3,48.9,44.3,25.1,,
4117057,Nova Laranjeiras,PR,0,8591,1826,3253,3044,280,4.3,1.2,0.8,2.1,58.2,38.0,58.2,19.3,,
4117107,Nova Londrina,PR,0,9738,2411,2629,4022,473,6.6,1.8,2.1,2.6,43.6,51.1,43.7,28.4,4117107,Nova Londrina - Marilena/PR
4117206,Nova Olímpia,PR,0,4854,1020,1148,2360,194,5.2,1.5,2.1,1.5,36.3,59.6,36.5,19.8,,
4117214,Nova Santa Bárbara,PR,0,3758,798,1230,1413,211,7.4,1.9,1.6,3.9,51.7,42.0,53.4,20.8,,
4117222,Nova Santa Rosa,PR,0,7055,998,778,4936,264,4.4,1.3,1.6,1.2,14.8,82.2,14.3,14.1,,
4117255,Nova Prata Do Iguaçu,PR,0,8864,1627,3075,3665,349,4.9,1.4,1.4,2.0,54.0,41.8,54.2,17.1,,
4117271,Nova Tebas,PR,0,6025,1168,2438,1851,392,8.4,2.4,1.4,4.4,63.0,30.6,64.4,18.8,,
4117297,Novo Itacolomi,PR,0,2996,532,696,1494,184,7.8,2.9,2.4,2.2,37.3,53.7,37.8,14.1,,
4117305,Ortigueira,PR,0,20079,5220,6754,6612,873,6.1,1.9,2.0,2.0,56.3,38.6,56.6,23.7,,
4117404,Ourizona,PR,0,2830,453,997,1159,132,5.8,1.6,1.6,2.2,52.9,40.6,53.3,18.7,4115200,Maringá/PR
4117453,Ouro Verde Do Oeste,PR,0,5332,927,1321,2672,268,6.3,2.4,1.6,2.1,36.2,58.0,37.1,18.0,4127700,Toledo/PR
4117503,Paiçandu,PR,0,30395,6659,7842,12703,2167,9.5,2.9,2.6,3.7,40.8,50.3,42.3,20.6,4115200,Maringá/PR
4117602,Palmas,PR,0,32266,8523,10127,11262,1326,5.8,1.7,1.8,2.0,54.0,41.5,53.6,25.1,,
4117701,Palmeira,PR,0,26972,4939,4871,14241,1958,9.3,3.5,2.6,2.6,30.4,61.6,31.5,16.3,,
4117800,Palmital,PR,0,10879,2311,3670,4127,487,5.9,2.1,1.4,2.1,53.9,40.7,54.5,21.9,,
4117909,Palotina,PR,0,24632,4339,4166,14434,1244,6.3,1.4,2.2,2.3,25.1,69.4,25.7,20.0,,
4118006,Paraíso Do Norte,PR,0,9490,2013,2752,4044,411,5.7,1.6,1.7,2.2,45.3,50.1,45.9,20.2,,
4118105,Paranacity,PR,0,7616,1874,2494,2705,310,5.6,1.4,1.5,2.5,51.6,42.1,52.8,23.9,4118105,Paranacity/PR
4118204,Paranaguá,PR,0,108469,22251,25382,50905,6954,8.3,2.1,2.8,3.1,32.2,58.6,33.9,18.9,,
4118303,Paranapoema,PR,0,2106,355,893,716,97,5.7,1.5,1.5,2.6,57.7,35.8,59.3,15.3,,
4118402,Paranavaí,PR,0,63954,14281,12811,31593,3543,7.4,2.2,2.2,2.7,31.2,61.1,32.2,20.5,4118402,Paranavaí/PR
4118451,Pato Bragado,PR,0,4506,698,644,2899,192,5.1,1.1,2.1,1.6,21.5,73.1,22.4,15.2,,
4118501,Pato Branco,PR,0,64406,12021,15294,31466,4224,8.3,2.0,2.9,3.0,37.6,54.1,38.7,20.5,4118501,Pato Branco/PR
4118600,Paula Freitas,PR,0,4763,901,1022,2410,282,7.6,2.9,1.8,2.7,39.1,54.0,38.3,17.4,,
4118709,Paulo Frontin,PR,0,5698,924,1175,2942,439,9.6,3.7,1.9,3.6,39.6,51.7,41.1,14.7,,
4118808,Peabiru,PR,0,9916,1997,2655,4395,544,7.2,2.1,2.0,2.8,41.5,51.6,42.8,23.0,,
4118857,Perobal,PR,0,5670,1180,1283,2812,264,6.1,2.3,1.3,2.2,33.4,60.8,34.2,19.8,,
4118907,Pérola,PR,0,9508,2270,2124,4403,468,6.7,2.0,2.0,2.5,38.3,56.5,38.3,22.3,,
4119004,Pérola D'Oeste,PR,0,5285,835,1381,2734,239,5.5,1.3,1.2,2.7,41.4,54.8,41.5,18.6,,
4119103,Piên,PR,0,10850,1461,1701,6672,691,7.6,3.4,2.0,2.1,26.4,66.0,27.0,12.4,,
4119152,Pinhais,PR,0,99265,19758,23903,43866,8651,11.3,3.0,3.9,3.8,34.9,54.1,37.4,18.5,4106902,Curitiba/PR
4119202,Pinhalão,PR,0,5879,1164,1607,2663,304,6.7,2.7,1.8,2.1,42.3,50.8,43.4,19.0,,
4119251,Pinhal De São Bento,PR,0,2579,445,1156,768,144,7.0,2.2,2.3,2.4,70.2,25.0,71.8,12.3,,
4119301,Pinhão,PR,0,23849,5979,8609,7295,1171,6.9,2.2,1.8,2.7,60.0,33.7,60.5,23.7,,
4119400,Piraí Do Sul,PR,0,18800,3965,4109,8665,1274,9.1,3.7,2.3,2.8,36.5,54.5,37.7,19.5,,
4119509,Piraquara,PR,0,73929,16804,19477,29174,5758,10.6,3.0,3.5,3.6,41.8,49.1,43.0,20.5,4106902,Curitiba/PR
4119608,Pitanga,PR,0,25677,5441,7699,10166,1657,8.5,2.5,2.3,3.4,50.7,42.8,51.1,22.9,,
4119657,Pitangueiras,PR,0,2622,516,643,1267,131,6.4,2.2,1.3,2.6,35.4,58.9,36.4,20.6,,
4119707,Planaltina Do Paraná,PR,0,3432,614,1258,1305,165,6.0,2.2,1.4,2.4,51.4,43.4,52.7,16.0,,
4119806,Planalto,PR,0,10281,1878,3434,4285,436,5.3,1.4,1.7,2.1,51.4,44.1,51.2,20.2,,
4119905,Ponta Grossa,PR,0,258390,51043,56136,117846,24348,12.3,4.2,3.2,4.3,32.3,55.5,34.9,18.0,4119905,Ponta Grossa/PR
4119954,Pontal Do Paraná,PR,0,24938,6507,6500,9884,1408,7.9,3.0,1.8,2.7,39.1,52.9,41.4,24.0,4115705,Matinhos - Pontal do Paraná/PR
4120002,Porecatu,PR,0,9608,2249,3163,3483,495,6.9,2.1,1.8,2.8,47.6,45.9,48.4,21.9,,
4120101,Porto Amazonas,PR,0,3870,834,828,1769,300,10.4,3.5,2.8,3.8,35.0,56.0,36.7,18.1,,
4120150,Porto Barreiro,PR,0,3139,678,909,1342,156,6.5,3.1,1.0,2.3,52.8,42.5,52.4,16.1,,
4120200,Porto Rico,PR,0,3003,621,670,1565,108,4.6,1.7,1.0,1.8,39.0,57.4,37.6,15.8,,
4120309,Porto Vitória,PR,0,3274,614,851,1483,209,8.2,3.1,1.6,3.3,41.1,50.2,41.1,19.1,,
4120333,Prado Ferreira,PR,0,3188,584,1012,1339,176,7.0,2.8,1.1,2.9,46.3,48.3,48.0,17.6,,
4120358,Pranchita,PR,0,4649,707,1174,2486,200,5.2,1.5,1.4,2.1,40.3,54.5,40.1,15.6,4124400,Internacional de Santo Antônio do Sudoeste/Brasil
4120408,Presidente Castelo Branco,PR,0,3887,819,1336,1396,213,7.2,1.6,1.5,3.6,53.3,40.9,53.5,21.6,4115200,Maringá/PR
4120507,Primeiro De Maio,PR,0,8333,1691,1747,4377,300,4.7,1.4,1.1,1.8,33.8,60.9,34.1,19.4,,
4120606,Prudentópolis,PR,0,39039,7208,6277,21823,2483,8.1,3.2,2.5,2.1,24.7,68.0,26.6,18.2,,
4120655,Quarto Centenário,PR,0,3470,629,932,1690,144,5.2,2.5,1.0,1.6,45.1,50.5,44.4,21.0,,
4120705,Quatiguá,PR,0,6645,1406,1467,3274,289,5.8,2.4,1.4,1.8,35.4,60.2,34.5,19.3,,
4120804,Quatro Barras,PR,0,18192,3673,3676,8918,1324,9.5,2.9,3.2,2.8,30.2,60.4,31.3,17.0,4106902,Curitiba/PR
4120853,Quatro Pontes,PR,0,4065,485,384,2954,206,5.8,1.7,1.7,2.1,14.8,80.3,14.8,13.6,,
4120903,Quedas Do Iguaçu,PR,0,23209,5220,6197,10344,935,5.3,1.3,2.3,1.6,40.5,55.7,39.3,25.0,,
4121000,Querência Do Norte,PR,0,7996,1665,2867,2984,295,4.8,1.3,1.2,2.1,52.5,43.3,53.2,16.6,,
4121109,Quinta Do Sol,PR,0,4291,821,1391,1783,181,5.4,1.9,1.5,1.9,48.6,45.6,50.1,21.6,,
4121208,Quitandinha,PR,0,14118,2267,2805,7780,762,6.7,2.9,1.6,2.1,31.5,61.8,32.0,14.8,,
4121257,Ramilândia,PR,0,3754,839,1327,1369,164,5.7,2.7,1.4,1.6,52.8,42.7,53.2,23.5,,
4121307,Rancho Alegre,PR,0,3224,659,817,1523,152,6.1,2.9,1.6,1.2,39.3,55.8,39.2,19.1,,
4121356,Rancho Alegre D'Oeste,PR,0,2352,430,690,1095,75,4.0,1.9,1.0,0.9,43.9,51.3,44.2,21.9,,
4121406,Realeza,PR,0,14524,2881,3909,6803,597,5.3,1.2,1.6,2.2,41.9,53.2,42.2,21.7,,
4121505,Rebouças,PR,0,12151,2155,3168,5527,809,8.5,3.5,1.8,2.9,44.5,47.8,46.0,15.2,,
4121604,Renascença,PR,0,5351,1007,1689,2299,212,5.0,1.1,1.2,2.7,50.5,44.7,50.4,16.7,,
4121703,Reserva,PR,0,20369,5074,5136,8541,899,6.2,2.2,1.8,2.0,44.2,49.2,44.6,23.6,,
4121752,Reserva Do Iguaçu,PR,0,5460,1298,1936,1822,248,6.2,2.3,1.0,2.7,61.6,33.7,62.0,22.3,,
4121802,Ribeirão Claro,PR,0,9867,2437,2497,4118,476,6.7,2.1,1.6,2.8,43.8,51.6,44.4,23.6,,
4121901,Ribeirão Do Pinhal,PR,0,10165,2702,3345,3290,498,7.0,2.3,2.1,2.4,55.6,38.1,56.9,23.6,,
4122008,Rio Azul,PR,0,11268,1625,1864,6545,812,8.8,4.2,1.8,2.5,31.9,59.0,33.8,12.8,,
4122107,Rio Bom,PR,0,3019,585,862,1284,191,8.2,2.4,2.4,3.2,41.6,50.1,42.6,18.7,,
4122156,Rio Bonito Do Iguaçu,PR,0,11105,2564,4947,2939,391,4.7,1.3,1.2,2.2,68.3,28.1,68.5,18.3,,
4122172,Rio Branco Do Ivaí,PR,0,3520,843,1092,1318,161,6.3,2.1,1.4,2.6,46.1,48.2,47.0,25.4,,
4122206,Rio Branco Do Sul,PR,0,27280,5143,8899,10808,1499,7.1,2.1,1.6,3.0,50.3,43.6,51.3,16.6,4106902,Curitiba/PR
4122305,Rio Negro,PR,0,24158,4844,3719,13188,1641,8.8,2.8,2.6,3.0,25.3,65.6,26.5,18.9,4210100,Mafra/SC - Rio Negro/PR
4122404,Rolândia,PR,0,49517,11120,8718,25073,2958,8.1,2.4,2.4,2.7,27.2,65.7,28.1,20.5,,
4122503,Roncador,PR,0,8952,1886,2964,3384,465,6.8,2.7,1.3,2.5,52.5,41.9,53.7,19.4,,
4122602,Rondon,PR,0,6991,1363,1706,3439,288,5.3,1.3,1.3,2.6,37.8,57.4,37.8,20.9,,
4122651,Rosário Do Ivaí,PR,0,4714,855,1406,2035,302,8.1,2.8,3.3,1.8,41.3,51.7,42.5,27.0,,
4122701,Sabáudia,PR,0,6748,1297,1184,3712,385,7.3,2.6,1.7,2.7,26.1,68.6,26.9,16.3,,
4122800,Salgado Filho,PR,0,3590,522,1108,1640,216,7.3,2.9,1.6,2.6,50.1,44.4,49.2,16.0,,
4122909,Salto Do Itararé,PR,0,4614,974,1438,1784,235,6.8,3.3,1.4,1.7,52.1,40.9,52.6,19.6,,
4123006,Salto Do Lontra,PR,0,11161,2126,4257,3931,547,6.3,1.7,2.1,2.3,62.1,34.0,61.6,17.9,,
4123105,Santa Amélia,PR,0,3048,620,898,1357,84,3.6,1.1,0.8,1.4,45.3,50.8,46.0,19.8,,
4123204,Santa Cecília Do Pavão,PR,0,3121,549,1010,1326,155,6.2,3.2,0.9,2.0,46.0,47.1,47.0,19.6,,
4123303,Santa Cruz De Monte Castelo,PR,0,6773,1371,1880,3135,235,4.5,1.5,1.1,1.6,43.6,52.2,43.5,16.2,,
4123402,Santa Fé,PR,0,9149,1951,2272,4337,364,5.2,1.4,1.4,2.3,38.8,56.4,39.4,19.6,,
4123501,Santa Helena,PR,0,21071,4036,5239,10545,845,5.1,1.2,1.8,1.8,38.2,58.2,38.6,19.5,,
4123600,Santa Inês,PR,0,1684,247,693,628,88,6.2,1.4,1.0,3.8,54.4,40.9,55.6,16.0,,
4123709,Santa Isabel Do Ivaí,PR,0,7006,1525,1617,3436,267,5.0,2.0,1.7,1.3,34.5,59.8,34.9,19.9,,
4123808,Santa Izabel Do Oeste,PR,0,8780,1698,2663,3874,344,5.0,1.4,1.2,2.0,47.7,48.0,47.5,19.3,,
4123824,Santa Lúcia,PR,0,3289,743,912,1392,161,6.5,3.4,1.5,1.4,43.9,49.8,44.5,20.9,,
4123857,Santa Maria Do Oeste,PR,0,8019,1684,2824,2931,344,5.6,2.1,1.1,2.2,59.5,35.7,59.5,26.2,,
4123907,Santa Mariana,PR,0,9361,2210,2909,3542,457,6.6,2.1,1.5,2.6,47.9,46.8,48.4,23.2,,
4123956,Santa Mônica,PR,0,2710,604,1000,973,78,3.8,1.8,0.8,1.2,53.5,41.2,55.0,19.1,,
4124004,Santana Do Itararé,PR,0,4659,1008,1348,1886,236,6.8,2.0,1.2,3.4,51.2,43.5,52.5,20.3,,
4124020,Santa Tereza Do Oeste,PR,0,10278,2018,2618,4832,590,7.3,1.9,2.7,2.3,40.2,53.8,39.9,19.5,4104808,Cascavel/PR
4124053,Santa Terezinha De Itaipu,PR,0,18871,3567,3722,10393,800,5.4,1.5,1.7,1.9,29.1,66.0,29.2,17.5,4108304,Internacional de Foz do Iguaçu/Brasil - Ciudad del Este/Paraguai
4124103,Santo Antônio Da Platina,PR,0,32125,7636,7056,14659,1725,7.4,2.2,1.8,3.0,35.1,58.4,36.2,21.1,,
4124202,Santo Antônio Do Caiuá,PR,0,2358,409,968,824,84,4.5,2.4,0.8,1.2,59.7,34.4,60.2,20.7,,
4124301,Santo Antônio Do Paraíso,PR,0,2247,494,739,878,89,5.2,1.4,1.6,2.0,48.5,43.6,50.5,16.0,,
4124400,Santo Antônio Do Sudoeste,PR,0,15509,2752,5104,6705,579,4.7,1.2,1.8,1.6,50.2,45.3,49.4,17.3,4124400,Internacional de Santo Antônio do Sudoeste/Brasil
4124509,Santo Inácio,PR,0,4802,1051,1506,1910,226,6.2,1.5,2.3,2.4,50.4,45.4,50.4,15.9,,
4124608,São Carlos Do Ivaí,PR,0,5076,866,1251,2620,166,4.1,1.0,1.2,1.8,38.9,57.2,38.8,19.0,,
4124707,São Jerônimo Da Serra,PR,0,8538,2246,3015,2667,352,5.8,2.3,1.2,2.1,55.3,38.2,55.9,23.7,,
4124806,São João,PR,0,9177,1659,2430,4441,418,5.7,1.6,1.7,2.2,43.6,51.2,42.8,16.6,,
4124905,São João Do Caiuá,PR,0,4585,823,1868,1592,178,4.9,1.6,0.8,2.4,58.1,36.0,59.8,22.1,,
4125001,São João Do Ivaí,PR,0,9056,2039,2814,3458,518,7.6,2.8,1.2,3.5,49.0,44.4,49.2,22.9,,
4125100,São João Do Triunfo,PR,0,11623,2015,3409,4653,955,10.6,3.7,3.8,2.9,58.6,33.8,59.4,15.2,,
4125209,São Jorge D'Oeste,PR,0,8006,1272,2408,3815,332,5.1,1.9,1.1,1.9,45.6,49.7,44.5,13.8,,
4125308,São Jorge Do Ivaí,PR,0,4820,776,1012,2746,168,4.3,1.4,1.0,1.8,35.6,58.6,35.5,19.9,,
4125357,São Jorge Do Patrocínio,PR,0,5235,1080,1355,2502,183,4.5,1.6,1.0,1.8,39.3,55.7,39.0,19.5,,
4125407,São José Da Boa Vista,PR,0,4737,953,1076,2269,297,8.2,2.9,2.1,2.8,35.4,58.3,36.8,19.4,,
4125456,São José Das Palmeiras,PR,0,3463,706,1211,1301,164,6.1,2.6,1.4,2.0,52.1,41.6,54.4,17.4,,
4125506,São José Dos Pinhais,PR,0,227539,46180,48980,105608,19120,11.0,3.0,3.6,3.9,32.0,57.8,33.8,18.7,4106902,Curitiba/PR
4125555,São Manoel Do Paraná,PR,0,2070,397,563,982,84,5.2,2.4,1.1,1.4,36.1,57.2,37.9,18.0,,
4125605,São Mateus Do Sul,PR,0,34022,6396,8875,14766,2638,10.0,3.8,2.7,3.2,44.8,46.2,46.3,17.2,,
4125704,São Miguel Do Iguaçu,PR,0,21857,4241,5302,11029,863,5.0,1.3,1.7,1.8,36.0,59.9,36.2,22.1,,
4125753,São Pedro Do Iguaçu,PR,0,5033,1034,1405,2254,187,4.9,1.6,1.3,1.8,41.6,53.8,42.0,20.5,,
4125803,São Pedro Do Ivaí,PR,0,6943,1451,1842,3103,333,6.3,2.5,1.4,2.1,41.3,51.5,41.9,20.3,,
4125902,São Pedro Do Paraná,PR,0,2695,554,565,1419,100,4.8,1.5,1.5,1.6,33.0,62.8,33.2,16.5,,
4126009,São Sebastião Da Amoreira,PR,0,6561,1482,2169,2390,345,7.0,2.8,1.4,2.6,50.5,43.8,50.6,20.5,4126009,São Sebastião da Amoreira/PR
4126108,São Tomé,PR,0,4816,1061,1112,2231,249,6.9,2.1,2.1,2.5,35.3,58.0,36.4,18.0,,
4126207,Sapopema,PR,0,5485,1246,1706,2059,286,7.1,2.1,1.9,2.9,51.3,43.3,51.7,22.4,,
4126256,Sarandi,PR,0,72031,17453,17759,29305,5079,9.7,2.8,2.9,3.6,42.1,49.1,43.4,22.3,4115200,Maringá/PR
4126272,Saudade Do Iguaçu,PR,0,5302,1259,1792,1881,261,6.6,1.6,1.9,2.9,56.1,39.2,56.1,18.2,,
4126306,Sengés,PR,0,13757,3019,2996,6582,677,6.6,2.6,1.4,2.3,38.4,55.7,39.0,21.2,,
4126355,Serranópolis Do Iguaçu,PR,0,4396,666,769,2701,181,5.0,1.6,1.5,1.6,28.5,67.6,27.9,16.7,,
4126405,Sertaneja,PR,0,4818,904,1247,2313,234,6.2,2.4,1.5,2.1,40.3,53.7,40.2,17.1,,
4126504,Sertanópolis,PR,0,13311,2841,2336,7245,587,5.8,2.2,1.6,1.7,27.1,67.2,27.4,18.9,,
4126603,Siqueira Campos,PR,0,16432,3707,4336,6602,1120,9.3,2.7,2.5,3.9,46.9,44.9,47.7,21.7,,
4126652,Sulina,PR,0,2942,539,872,1264,178,7.7,2.8,1.6,3.0,51.5,42.5,52.0,15.2,,
4126678,Tamarana,PR,0,9024,2259,2511,3603,431,6.6,2.0,1.3,2.7,37.6,55.1,40.0,22.2,,
4126702,Tamboara,PR,0,4157,882,975,1948,177,5.7,2.2,1.5,1.9,38.7,55.4,40.0,19.6,,
4126801,Tapejara,PR,0,11635,2672,2791,5373,471,5.5,1.5,1.6,2.2,39.1,56.5,38.9,23.9,,
4126900,Tapira,PR,0,4694,1140,1300,1975,155,4.5,1.7,1.1,1.4,43.4,51.6,44.8,20.8,,
4127007,Teixeira Soares,PR,0,8083,1636,1904,3739,531,8.6,3.0,2.0,3.3,39.8,52.0,40.9,17.4,,
4127106,Telêmaco Borba,PR,0,51913,10983,12276,23280,3642,9.3,2.7,2.7,3.4,38.9,52.5,40.0,17.2,,
4127205,Terra Boa,PR,0,13355,3025,2697,6562,700,7.0,2.1,2.0,2.7,32.0,61.5,32.6,19.9,,
4127304,Terra Rica,PR,0,11783,2766,2665,5510,532,6.1,2.0,1.3,2.6,35.2,58.9,36.1,22.9,,
4127403,Terra Roxa,PR,0,13332,2571,2796,7167,510,4.9,1.2,1.5,1.8,30.4,65.4,29.8,19.0,,
4127502,Tibagi,PR,0,14864,3609,4063,5748,893,8.3,2.9,2.4,2.8,48.4,43.8,49.3,20.7,,
4127601,Tijucas Do Sul,PR,0,13059,2322,3601,5747,883,8.6,2.9,2.2,3.3,42.5,49.0,43.1,17.4,,
4127700,Toledo,PR,0,108119,19921,22331,56579,6658,7.8,1.8,2.6,2.9,29.7,62.9,31.2,18.0,4127700,Toledo/PR
4127809,Tomazina,PR,0,6647,1350,1776,2952,371,7.3,2.6,1.9,2.4,42.8,49.6,44.1,19.9,,
4127858,Três Barras Do Paraná,PR,0,9120,1672,2519,4329,339,4.7,1.5,1.4,1.6,42.6,53.1,42.1,18.4,,
4127882,Tunas Do Paraná,PR,0,5500,1231,1550,2296,270,6.6,2.5,1.6,2.3,48.8,46.4,47.9,21.1,,
4127908,Tuneiras Do Oeste,PR,0,6721,1431,1632,3229,292,5.7,1.5,1.6,2.3,37.2,58.4,37.8,24.4,,
4127957,Tupãssi,PR,0,6257,1085,1154,3640,235,4.7,1.6,1.6,1.2,26.3,69.4,27.2,13.9,,
4127965,Turvo,PR,0,11863,2268,4246,4324,683,7.4,2.8,1.6,2.8,58.2,34.8,58.7,18.4,,
4128005,Ubiratã,PR,0,19130,3870,4259,9663,867,5.9,1.7,1.6,2.2,33.7,60.5,34.9,22.0,,
4128104,Umuarama,PR,0,82990,17732,15059,43812,4619,7.3,2.1,2.3,2.6,27.1,65.9,28.3,21.1,4128104,Umuarama/PR
4128203,União Da Vitória,PR,0,40654,9272,8985,18160,2846,9.5,2.7,3.1,3.2,36.8,54.3,38.1,21.0,4128203,União da Vitória/PR - Porto União/SC
4128302,Uniflor,PR,0,2155,369,780,878,80,4.6,2.1,1.5,0.9,51.8,43.8,52.8,15.9,,
4128401,Uraí,PR,0,8555,1810,2209,3836,461,7.1,2.3,1.7,2.6,39.6,53.4,41.1,18.1,,
4128500,Wenceslau Braz,PR,0,14549,3481,3166,6708,789,7.4,2.3,2.3,2.5,34.8,58.2,36.0,22.7,,
4128534,Ventania,PR,0,7525,1363,2392,3072,385,6.6,2.8,1.2,2.3,53.4,41.1,53.6,15.8,,
4128559,Vera Cruz Do Oeste,PR,0,6593,1273,1648,3257,244,4.7,1.6,1.3,1.7,37.9,57.0,38.1,22.2,,
4128609,Verê,PR,0,6888,1048,2365,3024,264,4.7,1.6,1.2,1.8,54.3,41.5,53.7,15.3,,
4128625,Alto Paraíso,PR,0,3269,933,830,1321,129,5.7,2.1,1.3,2.1,42.6,51.9,41.2,24.1,,
4128633,Doutor Ulysses,PR,0,5209,1120,1796,1851,242,6.2,2.2,1.2,2.6,55.8,38.3,57.1,18.1,,
4128658,Virmond,PR,0,3584,670,996,1652,193,6.8,3.2,1.3,2.0,46.0,47.5,46.4,16.6,,
4128708,Vitorino,PR,0,5942,993,1488,3075,276,5.7,1.5,2.0,1.9,38.9,54.9,39.0,21.4,4118501,Pato Branco/PR
4128807,Xambrê,PR,0,5375,1235,1427,2383,228,5.7,1.9,1.5,1.8,40.8,54.0,40.6,18.9,,
4200051,Abdon Batista,SC,0,2681,440,650,1421,121,5.5,1.8,0.9,2.5,35.0,54.3,36.3,14.7,,
4200101,Abelardo Luz,SC,0,12625,3040,3207,5619,520,5.6,1.5,1.7,2.1,41.7,54.5,41.0,24.2,,
4200200,Agrolândia,SC,0,8211,1244,1091,5357,329,4.8,1.3,1.4,1.8,20.1,75.6,19.5,15.2,,
4200309,Agronômica,SC,0,4554,535,522,3193,210,5.3,1.5,1.9,1.8,17.4,77.5,17.6,14.1,4214805,Rio do Sul/SC
4200408,Água Doce,SC,0,5464,1046,940,3112,256,5.9,2.3,1.9,1.6,28.9,66.7,29.5,18.6,,
4200507,Águas De Chapecó,SC,0,4732,860,1542,1986,222,5.9,2.5,1.6,1.7,53.6,41.8,53.2,18.2,4216008,São Carlos - Águas de Chapecó/SC
4200556,Águas Frias,SC,0,2566,307,699,1302,204,9.2,3.9,2.6,2.4,41.1,49.3,42.8,12.5,,
4200606,Águas Mornas,SC,0,6493,839,1108,3818,473,8.8,2.2,2.5,3.6,25.8,62.8,27.3,12.3,4205407,Florianópolis/SC
4200705,Alfredo Wagner,SC,0,8139,1132,1202,5242,391,5.7,1.7,1.6,2.3,26.8,65.2,27.8,12.2,,
4200754,Alto Bela Vista,SC,0,1764,268,372,897,174,12.1,5.1,3.2,3.3,32.2,57.6,33.7,17.3,,
4200804,Anchieta,SC,0,4991,816,1403,2330,308,7.6,2.4,2.2,2.8,44.7,50.5,44.9,15.2,,
4200903,Angelina,SC,0,5017,627,1227,2605,395,9.3,2.7,2.1,4.0,40.0,51.2,41.8,11.8,,
4201000,Anita Garibaldi,SC,0,6943,1335,2098,2878,380,7.1,1.3,2.2,3.4,47.8,45.8,48.0,22.6,,
4201109,Anitápolis,SC,0,3343,511,715,1806,218,8.0,2.6,1.9,3.0,33.4,57.3,35.5,13.5,,
4201208,Antônio Carlos,SC,0,9356,1240,1194,6045,668,8.4,2.8,2.5,2.6,16.5,76.3,17.7,12.5,4205407,Florianópolis/SC
4201257,Apiúna,SC,0,8375,1390,1329,4944,490,7.2,1.8,2.6,2.1,26.5,68.4,25.8,18.4,,
4201273,Arabutã,SC,0,3907,514,798,2228,258,7.9,2.1,1.8,3.5,31.7,59.5,32.5,16.5,,
4201307,Araquari,SC,0,28342,6096,5469,14615,1497,6.9,1.4,2.6,2.4,29.5,64.7,29.5,22.4,4209102,Joinville/SC
4201406,Araranguá,SC,0,55064,11115,10473,28755,3473,8.1,1.7,3.0,3.0,29.2,63.2,30.4,20.6,4201406,Araranguá/SC
4201505,Armazém,SC,0,7195,1054,1236,4379,384,6.4,1.8,1.8,2.5,25.7,69.2,25.2,14.2,,
4201604,Arroio Trinta,SC,0,3124,511,432,1903,224,8.8,3.2,2.3,2.8,24.1,67.7,24.2,15.8,,
4201653,Arvoredo,SC,0,2620,374,699,1271,233,10.6,4.8,2.5,3.0,40.2,51.4,40.9,13.3,,
4201703,Ascurra,SC,0,6551,1146,740,4130,348,6.7,1.2,2.8,1.9,17.6,77.9,17.5,18.9,,
4201802,Atalanta,SC,0,2919,369,340,2014,144,5.8,1.3,1.9,2.2,19.6,72.7,19.9,13.3,,
4201901,Aurora,SC,0,5541,660,619,3878,295,6.2,1.4,2.2,2.2,19.5,73.8,19.6,13.0,,
4201950,Balneário Arroio Do Silva,SC,0,13141,2924,3146,6027,686,7.0,1.8,2.2,2.6,37.1,56.6,37.9,24.9,4201406,Araranguá/SC
4202008,Balneário Camboriú,SC,0,111138,25202,17694,59601,6694,8.0,1.4,3.0,2.9,23.9,68.4,25.4,20.8,4208203,Itajaí - Balneário Camboriú/SC
4202057,Balneário Barra Do Sul,SC,0,11418,2626,2151,5884,536,6.2,1.5,2.2,2.2,27.4,66.8,28.4,25.3,,
4202073,Balneário Gaivota,SC,0,12988,3068,2788,6116,726,7.5,1.4,2.2,3.5,34.9,58.1,35.3,23.6,4217709,Sombrio/SC
4202081,Bandeirante,SC,0,2976,502,866,1325,205,8.6,3.3,2.5,2.5,48.4,44.6,47.3,17.6,,
4202099,Barra Bonita,SC,0,1855,283,520,844,156,10.3,4.7,2.6,2.6,44.5,47.5,44.9,19.6,,
4202107,Barra Velha,SC,0,29651,6663,4892,16003,1400,6.3,1.2,2.0,2.5,24.6,70.1,25.3,26.6,4208203,Itajaí - Balneário Camboriú/SC
4202131,Bela Vista Do Toldo,SC,0,5321,926,1012,2949,280,6.6,2.8,1.4,2.1,33.0,56.4,35.3,16.8,,
4202156,Belmonte,SC,0,2400,361,568,1285,125,6.3,2.2,1.5,2.4,39.0,52.4,39.7,17.4,,
4202206,Benedito Novo,SC,0,8293,1307,886,5394,483,7.1,1.9,2.6,2.2,15.4,78.4,16.3,17.4,,
4202305,Biguaçu,SC,0,57679,11537,12501,27718,4018,9.1,1.8,3.2,3.6,32.4,58.2,34.0,18.7,4205407,Florianópolis/SC
4202404,Blumenau,SC,0,269370,51018,43960,145080,21753,10.3,1.9,4.1,3.3,22.8,66.7,24.7,17.4,4202404,Blumenau/SC
4202438,Bocaina Do Sul,SC,0,3180,472,778,1706,144,5.5,2.9,0.7,1.8,38.7,53.6,39.0,15.8,,
4202453,Bombinhas,SC,0,19110,4049,3478,9935,1119,7.7,0.8,3.1,2.9,26.9,65.5,28.2,20.0,4208302,Itapema/SC
4202503,Bom Jardim Da Serra,SC,0,3852,810,977,1820,160,5.4,1.5,1.0,2.8,43.0,49.8,44.2,19.7,,
4202537,Bom Jesus,SC,0,2593,416,838,1171,122,5.7,1.3,1.7,2.5,47.1,49.2,47.4,17.1,,
4202578,Bom Jesus Do Oeste,SC,0,1876,234,416,1070,107,6.7,1.8,1.1,3.4,32.0,59.0,34.7,13.2,,
4202602,Bom Retiro,SC,0,6588,1252,1324,3493,355,6.9,2.0,2.0,2.6,36.3,56.6,36.9,17.6,,
4202701,Botuverá,SC,0,4908,673,691,3117,238,5.9,1.6,2.1,1.7,21.2,72.9,20.9,11.3,4202909,Brusque/SC
4202800,Braço Do Norte,SC,0,25562,4184,3229,15991,1615,7.8,1.8,2.8,2.7,19.7,73.9,19.2,17.1,,
4202859,Braço Do Trombudo,SC,0,3307,461,415,2206,166,6.0,1.5,2.3,1.8,19.1,74.3,18.8,11.8,,
4202875,Brunópolis,SC,0,2907,510,774,1469,85,3.6,1.1,1.0,1.4,44.9,48.5,45.3,16.4,,
4202909,Brusque,SC,0,101563,16871,14981,61228,5989,7.3,1.2,2.7,2.8,20.8,72.5,21.4,16.0,4202909,Brusque/SC
4203006,Caçador,SC,0,53297,12226,12361,23758,3276,8.3,1.8,2.7,3.4,40.0,51.8,40.4,22.3,,
4203105,Caibi,SC,0,5294,893,940,3145,219,5.1,1.5,1.6,1.8,28.4,66.0,28.4,16.2,,
4203154,Calmon,SC,0,3186,754,1318,906,131,5.6,1.3,1.8,2.2,66.5,28.9,65.7,23.9,,
4203204,Camboriú,SC,0,62278,14000,10583,32572,3541,7.6,1.4,2.9,2.9,26.6,67.0,27.5,21.3,4208203,Itajaí - Balneário Camboriú/SC
4203253,Capão Alto,SC,0,3120,544,673,1598,230,9.2,3.7,1.8,3.4,33.7,52.5,36.1,18.8,,
4203303,Campo Alegre,SC,0,10133,1835,1180,6398,497,6.2,2.0,1.7,2.1,20.1,73.4,20.1,18.5,,
4203402,Campo Belo Do Sul,SC,0,5981,1170,1722,2657,227,4.9,2.1,0.8,1.9,46.3,46.8,48.0,18.3,,
4203501,Campo Erê,SC,0,7540,1525,2575,2932,311,5.3,1.0,1.6,2.6,54.8,41.2,54.2,19.7,,
4203600,Campos Novos,SC,0,26900,5932,5321,13738,1205,6.0,1.6,1.9,2.1,33.8,58.8,33.6,21.5,,
4203709,Canelinha,SC,0,10123,1839,1597,5930,438,5.5,1.4,1.9,2.0,24.8,70.1,25.2,18.0,,
4203808,Canoinhas,SC,0,42693,8888,7871,22012,2669,8.2,2.3,2.2,3.4,28.6,61.1,30.3,21.2,4203808,Canoinhas/SC
4203907,Capinzal,SC,0,17174,3203,3900,8630,987,7.3,1.7,2.6,2.6,35.5,56.8,36.3,17.8,4203907,Capinzal/SC
4203956,Capivari De Baixo,SC,0,18207,3231,4091,9234,1130,7.8,1.4,2.8,3.3,33.2,59.3,34.0,18.3,4218707,Tubarão - Laguna/SC
4204004,Catanduvas,SC,0,8118,1196,1862,4408,456,6.8,1.9,1.8,2.8,37.8,56.3,37.2,16.8,,
4204103,Caxambu Do Sul,SC,0,4374,645,1501,1931,187,5.2,1.9,1.8,1.2,50.8,43.4,51.0,14.9,,
4204152,Celso Ramos,SC,0,2766,474,760,1274,174,7.9,1.4,3.9,2.2,41.7,50.9,42.0,15.5,,
4204178,Cerro Negro,SC,0,3206,538,1240,1211,131,5.1,1.5,1.6,1.9,59.0,36.1,60.8,18.1,,
4204194,Chapadão Do Lageado,SC,0,2708,311,466,1666,201,8.6,3.3,1.7,3.6,31.7,62.6,31.9,11.7,,
4204202,Chapecó,SC,0,164327,29852,39204,80783,10709,8.2,2.0,2.9,2.7,36.7,56.7,37.1,17.8,4204202,Chapecó/SC
4204251,Cocal Do Sul,SC,0,14810,3066,2205,8114,1053,9.3,2.2,3.6,3.1,23.7,67.3,24.7,20.1,4204608,Criciúma/SC
4204301,Concórdia,SC,0,60391,11439,11047,32573,3900,8.2,2.1,2.8,3.0,29.2,63.6,29.5,18.2,,
4204350,Cordilheira Alta,SC,0,4131,542,950,2330,219,6.3,2.1,1.5,2.5,35.4,58.9,34.3,14.4,4204202,Chapecó/SC
4204400,Coronel Freitas,SC,0,8081,1300,2070,4177,329,5.0,1.5,1.4,1.8,38.2,56.4,38.7,15.3,,
4204459,Coronel Martins,SC,0,2010,320,576,940,115,7.0,3.2,1.2,2.1,46.4,47.5,46.6,12.8,,
4204509,Corupá,SC,0,11990,1629,1709,7582,719,7.2,1.6,2.0,3.0,20.9,72.2,21.6,12.9,4208906,Jaraguá do Sul/SC
4204558,Correia Pinto,SC,0,12108,2070,3446,5636,580,6.0,1.9,1.9,2.1,42.2,50.2,43.2,16.3,,
4204608,Criciúma,SC,0,154435,31853,27729,79745,11107,9.4,2.2,3.6,3.0,26.8,64.5,28.0,20.2,4204608,Criciúma/SC
4204707,Cunha Porã,SC,0,8864,1173,945,6072,428,5.8,1.7,2.2,1.5,16.6,76.8,16.3,11.6,,
4204756,Cunhataí,SC,0,1868,216,339,1140,132,8.2,2.9,2.5,2.6,29.9,58.1,31.9,11.8,,
4204806,Curitibanos,SC,0,31343,7344,6653,14572,1642,7.2,1.9,2.2,2.7,38.6,54.3,38.4,23.5,,
4204905,Descanso,SC,0,7241,1118,1625,3808,539,9.0,2.6,2.7,3.3,35.8,56.0,36.1,15.4,,
4205001,Dionísio Cerqueira,SC,0,12090,3004,3222,5130,477,5.4,1.2,2.2,1.7,44.7,50.7,44.5,25.2,4205001,Internacional de Dionísio Cerqueira-Barracão/Brasil - Bernardo de Irigoyen/Argentina
4205100,Dona Emma,SC,0,3429,569,526,1949,288,10.4,2.9,3.8,3.2,27.2,64.3,27.8,16.2,,
4205159,Doutor Pedrinho,SC,0,3081,525,366,1905,212,8.5,2.3,2.6,3.4,18.9,74.2,19.2,17.1,,
4205175,Entre Rios,SC,0,3097,505,1393,1040,87,3.5,1.1,0.8,1.4,67.1,27.4,69.3,17.8,,
4205191,Ermo,SC,0,2711,343,433,1748,141,6.1,1.6,2.0,2.4,25.4,68.9,25.8,10.8,4201406,Araranguá/SC
4205209,Erval Velho,SC,0,3844,629,705,2223,190,6.1,2.8,1.1,1.9,27.3,64.7,28.8,17.1,,
4205308,Faxinal Dos Guedes,SC,0,8705,1369,2898,3690,470,6.7,2.0,2.0,2.4,50.0,45.8,49.7,16.1,,
4205357,Flor Do Sertão,SC,0,1772,280,474,815,150,10.4,2.1,2.1,5.8,48.2,43.6,49.9,16.5,,
4205407,Florianópolis,SC,1,423969,86497,133443,158954,34435,10.5,1.9,3.7,3.7,42.4,45.7,46.7,17.9,4205407,Florianópolis/SC
4205431,Formosa Do Sul,SC,0,2622,482,795,1147,138,6.6,1.6,1.1,3.7,50.5,43.0,50.0,16.1,,
4205456,Forquilhinha,SC,0,22444,3825,4187,12705,1240,6.8,1.6,2.6,2.3,26.6,67.0,26.7,15.8,4204608,Criciúma/SC
4205506,Fraiburgo,SC,0,26265,5235,5350,13478,1427,7.0,1.8,2.2,2.8,35.5,57.6,35.4,22.9,,
4205555,Frei Rogério,SC,0,2251,336,456,1282,122,6.6,1.7,1.6,2.9,38.5,52.3,39.4,18.9,,
4205605,Galvão,SC,0,2750,433,718,1408,106,4.8,1.5,1.3,1.8,40.9,52.9,42.3,14.7,,
4205704,Garopaba,SC,0,24086,4810,6126,11018,1501,8.1,1.1,2.6,3.7,37.3,54.2,39.4,18.0,4207304,Imbituba/SC
4205803,Garuva,SC,0,12187,2257,2085,6926,605,6.3,1.5,2.5,2.1,25.4,68.4,26.4,17.6,,
4205902,Gaspar,SC,0,51557,9692,8375,28827,3307,8.2,1.6,3.2,2.8,24.7,68.1,25.1,19.0,4202404,Blumenau/SC
4206009,Governador Celso Ramos,SC,0,16835,2868,2564,10068,934,6.9,1.3,2.3,2.9,21.6,70.5,23.1,16.1,4205407,Florianópolis/SC
4206108,Grão-Pará,SC,0,5610,675,747,3689,335,7.0,1.8,1.8,3.0,22.5,70.5,21.6,13.7,,
4206207,Gravatal,SC,0,9437,1417,1483,5778,585,7.5,2.0,2.1,3.0,23.1,70.4,23.3,16.2,4218707,Tubarão - Laguna/SC
4206306,Guabiruba,SC,0,17162,2261,2416,10921,1037,7.2,1.4,2.6,2.8,19.6,72.9,20.3,11.9,4202909,Brusque/SC
4206405,Guaraciaba,SC,0,8880,1165,2180,4697,632,8.4,3.0,2.6,2.5,39.0,52.4,40.2,15.7,,
4206504,Guaramirim,SC,0,33628,6355,5229,19367,1976,7.4,1.6,2.7,2.7,24.3,69.2,24.6,19.1,4208906,Jaraguá do Sul/SC
4206603,Guarujá Do Sul,SC,0,3992,755,937,1938,252,8.1,2.0,2.8,2.9,37.5,56.3,37.4,18.7,,
4206652,Guatambú,SC,0,6236,943,2228,2561,344,6.7,2.6,1.7,2.1,54.2,40.7,54.3,14.7,4204202,Chapecó/SC
4206702,Herval D'Oeste,SC,0,16804,3325,3533,8620,945,7.2,2.1,2.2,2.6,32.4,59.3,32.9,19.4,4209003,Joaçaba - Herval d´Oeste/SC
4206751,Ibiam,SC,0,1985,329,423,1098,106,6.5,2.7,1.2,2.1,35.4,59.1,35.0,14.4,,
4206801,Ibicaré,SC,0,3018,483,492,1831,137,5.6,1.5,1.8,1.9,27.0,68.0,26.5,17.1,,
4206900,Ibirama,SC,0,15466,3354,2108,8560,1047,8.9,1.8,3.4,3.1,22.2,69.0,23.0,22.1,,
4207007,Içara,SC,0,43842,8441,7254,24515,2620,7.6,1.7,3.0,2.5,25.6,67.7,25.9,19.4,4204608,Criciúma/SC
4207106,Ilhota,SC,0,12431,2402,1773,7287,638,6.6,1.6,2.4,2.2,21.9,71.8,22.8,19.3,4202404,Blumenau/SC
4207205,Imaruí,SC,0,10187,2157,2996,4200,493,6.4,1.3,2.3,2.6,44.5,48.6,45.9,19.1,,
4207304,Imbituba,SC,0,42184,10055,10648,17603,2632,8.5,1.5,3.1,3.5,39.8,51.4,41.3,23.4,4207304,Imbituba/SC
4207403,Imbuia,SC,0,5201,649,707,3419,282,6.4,2.1,1.4,2.8,25.0,67.8,25.6,12.2,,
4207502,Indaial,SC,0,50898,9895,7033,29041,3522,8.9,1.6,3.6,3.1,20.4,71.8,21.1,20.9,4202404,Blumenau/SC
4207577,Iomerê,SC,0,2888,394,442,1795,196,8.1,2.2,1.7,3.5,23.3,67.7,23.4,15.1,,
4207601,Ipira,SC,0,3857,505,987,2011,236,7.3,1.8,2.1,3.0,39.3,53.0,40.9,16.9,4213104,Piratuba - Ipira/SC
4207650,Iporã Do Oeste,SC,0,7715,1177,1331,4358,637,10.1,3.4,2.7,3.6,29.9,58.5,31.0,14.8,,
4207684,Ipuaçu,SC,0,5697,1157,2442,1777,197,4.5,1.4,0.9,2.0,64.5,30.5,66.8,17.7,,
4207700,Ipumirim,SC,0,6026,1192,1598,2603,423,9.2,2.5,2.8,3.5,44.6,49.5,44.3,16.1,,
4207759,Iraceminha,SC,0,3717,483,706,2230,224,7.1,2.4,1.6,2.8,28.3,64.6,28.6,15.2,,
4207809,Irani,SC,0,7724,1290,1806,3882,523,8.4,2.1,2.1,4.1,36.7,56.1,37.0,16.2,,
4207858,Irati,SC,0,2036,354,635,910,82,5.0,1.9,1.0,2.0,48.3,44.9,50.0,14.9,,
4207908,Irineópolis,SC,0,8228,1384,1540,4607,471,7.1,1.8,2.2,2.9,35.3,57.6,35.3,17.7,,
4208005,Itá,SC,0,5888,933,1588,2666,544,11.3,2.6,4.1,4.0,43.6,46.8,44.9,17.6,,
4208104,Itaiópolis,SC,0,16680,3026,2249,10200,729,5.5,1.6,1.9,1.9,24.7,68.7,25.4,20.6,,
4208203,Itajaí,SC,0,183857,35317,33204,98583,11995,8.3,1.4,3.2,3.0,25.6,66.4,27.0,17.4,4208203,Itajaí - Balneário Camboriú/SC
4208302,Itapema,SC,0,60041,13212,8758,34048,2986,6.5,0.8,2.7,2.5,23.4,70.6,23.7,21.7,4208302,Itapema/SC
4208401,Itapiranga,SC,0,12187,2242,1941,6821,944,9.7,3.1,3.0,3.2,27.9,63.1,28.6,17.2,4208401,Itapiranga/SC
4208450,Itapoá,SC,0,21623,5279,4072,10514,1178,7.5,1.8,2.3,2.8,29.2,64.2,30.3,21.9,,
4208500,Ituporanga,SC,0,19872,3121,2473,12866,1029,6.3,1.8,2.1,2.2,20.5,73.1,21.1,16.1,,
4208609,Jaborá,SC,0,3843,501,703,2325,240,7.3,2.6,1.4,3.1,26.4,64.1,28.4,13.6,,
4208708,Jacinto Machado,SC,0,9165,1511,1304,5619,498,6.7,1.5,2.3,2.5,24.0,68.5,24.9,17.8,,
4208807,Jaguaruna,SC,0,16425,3011,2949,9193,855,6.6,1.2,2.1,2.8,26.6,67.0,26.9,19.4,,
4208906,Jaraguá Do Sul,SC,0,131454,19944,20528,78938,9162,8.4,1.5,3.2,2.9,21.8,70.0,22.9,13.9,4208906,Jaraguá do Sul/SC
4208955,Jardinópolis,SC,0,1699,209,443,882,125,8.6,1.8,2.5,4.1,36.2,55.1,39.4,10.1,,
4209003,Joaçaba,SC,0,22370,4347,3863,12319,1366,7.8,1.9,2.5,2.8,26.3,65.0,27.4,19.0,4209003,Joaçaba - Herval d´Oeste/SC
4209102,Joinville,SC,0,443225,79120,72919,246309,33641,9.5,1.6,3.8,3.1,21.4,69.0,23.4,16.7,4209102,Joinville/SC
4209151,José Boiteux,SC,0,4540,832,1183,2222,218,6.0,1.4,2.1,2.1,37.4,57.3,37.8,18.3,,
4209177,Jupiá,SC,0,2255,339,629,1105,128,6.9,1.9,1.6,3.3,42.9,49.9,44.6,11.3,,
4209201,Lacerdópolis,SC,0,1979,241,312,1280,98,5.8,2.0,1.2,2.3,24.7,65.6,25.4,15.2,,
4209300,Lages,SC,0,125222,26288,25809,62339,7274,7.6,1.8,2.4,3.0,32.1,59.1,33.1,20.6,,
4209409,Laguna,SC,0,36422,7638,9505,15914,2279,8.2,1.8,3.0,3.0,37.3,54.1,38.7,20.6,4218707,Tubarão - Laguna/SC
4209458,Lajeado Grande,SC,0,1593,222,362,893,83,6.2,2.4,1.1,2.5,36.6,58.0,37.8,11.0,,
4209508,Laurentino,SC,0,6020,693,896,3919,348,6.7,1.2,2.5,2.6,22.1,71.7,22.4,14.6,,
4209607,Lauro Müller,SC,0,12330,2256,2607,6226,809,8.4,2.6,2.5,3.0,34.0,56.6,34.8,17.0,,
4209706,Lebon Régis,SC,0,8737,1824,2899,3245,456,6.9,1.4,2.2,3.1,56.3,39.0,54.5,23.5,,
4209805,Leoberto Leal,SC,0,3293,459,542,1968,216,7.9,2.9,1.5,3.2,29.1,59.6,31.2,13.9,,
4209854,Lindóia Do Sul,SC,0,3810,746,773,1949,257,8.6,3.0,1.7,3.6,33.6,58.8,33.8,17.6,,
4209904,Lontras,SC,0,9347,1630,1307,5686,477,6.4,1.1,2.5,2.3,23.0,70.4,23.7,18.3,4214805,Rio do Sul/SC
4210001,Luiz Alves,SC,0,10211,1284,1270,6909,552,6.3,1.4,2.4,2.1,18.7,75.2,19.3,14.6,,
4210035,Luzerna,SC,0,4829,562,675,3164,333,8.0,2.2,2.2,3.0,20.2,71.8,20.9,14.1,4209003,Joaçaba - Herval d´Oeste/SC
4210050,Macieira,SC,0,2360,438,646,1107,116,6.2,2.4,1.3,2.4,48.2,46.3,47.4,16.2,,
4210100,Mafra,SC,0,42431,7812,6418,24036,2769,8.3,2.1,2.6,3.2,23.8,67.6,25.2,16.0,4210100,Mafra/SC - Rio Negro/PR
4210209,Major Gercino,SC,0,3305,689,566,1770,180,7.2,1.8,1.8,3.1,28.0,65.2,27.5,19.0,,
4210308,Major Vieira,SC,0,6050,1077,1185,3173,390,8.2,2.7,2.4,2.9,39.4,49.5,41.1,17.3,,
4210407,Maracajá,SC,0,6447,935,1296,3585,452,8.5,2.2,2.4,3.5,33.3,59.5,33.4,16.0,,
4210506,Maravilha,SC,0,20395,3275,3684,11639,1386,8.3,1.6,2.8,3.4,29.2,63.8,29.6,18.4,,
4210555,Marema,SC,0,2215,335,494,1225,108,5.9,2.3,2.0,1.5,34.2,58.9,34.1,10.3,,
4210605,Massaranduba,SC,0,13335,2064,1434,8736,795,7.2,2.2,2.4,2.2,17.6,75.5,18.6,15.2,,
4210704,Matos Costa,SC,0,2463,561,785,911,127,7.0,2.0,2.3,2.6,53.8,41.4,53.4,23.1,,
4210803,Meleiro,SC,0,5868,722,792,3938,296,5.9,1.5,1.9,2.1,19.2,75.3,20.1,15.8,,
4210852,Mirim Doce,SC,0,2265,314,405,1407,91,4.8,0.9,1.7,1.9,29.8,64.9,30.4,15.5,,
4210902,Modelo,SC,0,3479,443,788,1865,311,10.5,3.0,3.2,4.1,36.3,54.5,36.8,13.9,,
4211009,Mondaí,SC,0,7441,1036,1910,3721,602,9.7,2.5,3.4,3.5,39.8,52.1,38.9,17.6,,
4211058,Monte Carlo,SC,0,6989,1467,2053,2860,320,6.1,1.2,1.9,2.8,51.1,42.6,50.2,21.6,,
4211108,Monte Castelo,SC,0,6982,1217,1677,3503,357,6.5,1.4,1.8,3.0,41.0,53.0,41.3,21.7,,
4211207,Morro Da Fumaça,SC,0,14207,2534,1799,8875,716,6.3,1.3,2.5,2.3,19.9,73.9,20.1,17.4,4204608,Criciúma/SC
4211256,Morro Grande,SC,0,2721,354,388,1774,146,6.3,1.6,1.9,2.6,21.2,71.9,21.6,17.3,4204608,Criciúma/SC
4211306,Navegantes,SC,0,66392,14845,12780,32775,4267,8.6,1.4,3.2,3.5,29.1,63.6,29.9,24.8,4208203,Itajaí - Balneário Camboriú/SC
4211405,Nova Erechim,SC,0,4037,620,1006,2054,261,7.9,2.5,2.7,2.1,39.1,53.8,39.9,13.6,,
4211454,Nova Itaberaba,SC,0,3921,479,1286,1831,234,7.0,2.8,1.4,2.5,47.5,46.4,48.8,13.0,,
4211504,Nova Trento,SC,0,11343,1794,1588,6982,634,6.9,1.7,2.3,2.6,21.1,72.6,21.5,15.5,,
4211603,Nova Veneza,SC,0,12429,1945,1807,7814,617,6.0,1.7,2.3,1.8,22.4,71.1,22.8,15.5,4204608,Criciúma/SC
4211652,Novo Horizonte,SC,0,2570,390,663,1334,119,5.6,2.0,1.5,1.6,43.4,51.8,42.3,12.5,,
4211702,Orleans,SC,0,19333,3558,2357,12012,954,6.2,1.8,2.3,1.7,20.1,72.8,20.6,18.4,,
4211751,Otacílio Costa,SC,0,12683,1984,2729,6918,715,6.9,1.7,2.1,2.8,33.5,58.3,34.2,17.8,4211751,Otacílio Costa/SC
4211801,Ouro,SC,0,5678,923,981,3286,328,7.1,1.8,2.1,2.8,27.8,64.9,28.9,16.5,4203907,Capinzal/SC
4211850,Ouro Verde,SC,0,2040,322,461,1124,83,5.0,1.6,1.2,2.1,37.5,57.9,36.5,17.6,,
4211876,Paial,SC,0,1999,323,679,829,123,7.5,3.4,1.5,2.1,51.2,41.3,51.2,17.7,,
4211892,Painel,SC,0,2599,474,678,1231,163,7.9,2.9,1.2,3.6,42.3,47.9,44.5,19.4,,
4211900,Palhoça,SC,0,154633,30285,33189,74587,11853,9.9,1.6,3.9,3.7,32.3,57.8,34.3,18.6,4205407,Florianópolis/SC
4212007,Palma Sola,SC,0,5410,918,1704,2327,323,7.4,1.9,2.1,3.3,51.8,41.7,52.0,21.0,,
4212056,Palmeira,SC,0,3317,608,718,1731,182,6.9,2.2,2.0,2.5,35.4,55.9,37.2,17.0,4211751,Otacílio Costa/SC
4212106,Palmitos,SC,0,12297,2172,2100,7084,666,6.8,2.6,1.6,2.2,29.1,63.4,29.6,17.6,,
4212205,Papanduva,SC,0,14658,2523,3459,7387,714,6.2,1.9,1.8,2.3,42.5,51.5,42.7,14.7,,
4212239,Paraíso,SC,0,3609,652,1057,1570,226,7.9,3.1,2.1,2.5,48.8,43.7,49.9,20.6,,
4212254,Passo De Torres,SC,0,9128,1882,1980,4487,543,7.8,1.7,2.5,3.1,35.8,56.9,36.1,20.0,4321501,Torres/RS
4212270,Passos Maia,SC,0,3505,744,1159,1376,146,5.5,2.4,0.9,2.0,53.2,40.1,54.9,18.3,,
4212304,Paulo Lopes,SC,0,7411,1160,1618,4047,365,6.0,1.5,1.6,2.5,33.4,59.5,34.5,15.0,4205407,Florianópolis/SC
4212403,Pedras Grandes,SC,0,4152,708,596,2483,241,7.3,1.6,3.0,2.5,22.6,69.5,22.6,18.4,,
4212502,Penha,SC,0,26267,5756,4288,13945,1645,8.3,1.4,2.9,3.5,23.2,69.6,24.9,20.1,4208203,Itajaí - Balneário Camboriú/SC
4212601,Peritiba,SC,0,2879,325,465,1837,183,7.4,2.2,1.4,3.4,25.6,65.8,26.7,13.9,,
4212650,Pescaria Brava,SC,0,8428,1045,2189,4361,586,8.2,1.9,2.5,3.4,39.3,52.4,40.1,11.2,,
4212700,Petrolândia,SC,0,5523,662,786,3708,253,5.3,1.8,2.0,1.3,21.2,72.6,22.1,12.8,,
4212809,Balneário Piçarras,SC,0,23277,5575,3927,12090,1191,6.9,1.2,2.3,2.9,26.0,67.6,26.7,21.8,4208203,Itajaí - Balneário Camboriú/SC
4212908,Pinhalzinho,SC,0,15631,2485,3748,7827,1165,9.1,2.3,2.7,3.7,37.9,55.4,38.9,14.1,,
4213005,Pinheiro Preto,SC,0,3010,570,619,1567,184,7.8,2.3,2.5,2.4,36.0,56.0,35.9,15.3,,
4213104,Piratuba,SC,0,5246,800,1048,2914,342,8.0,2.4,2.7,2.7,33.1,59.7,33.2,14.4,4213104,Piratuba - Ipira/SC
4213153,Planalto Alegre,SC,0,2907,419,1017,1208,167,7.0,2.8,1.7,2.1,51.1,41.3,51.9,14.0,,
4213203,Pomerode,SC,0,27227,5286,3408,15879,1920,9.1,2.0,3.3,2.9,18.6,73.2,19.5,18.1,,
4213302,Ponte Alta,SC,0,4025,700,1109,1945,134,4.2,1.2,1.6,1.2,40.4,53.4,39.8,20.6,,
4213351,Ponte Alta Do Norte,SC,0,2635,614,682,1144,90,4.7,1.1,0.9,2.5,44.4,50.2,44.1,22.9,,
4213401,Ponte Serrada,SC,0,8142,1752,2392,3481,311,5.0,1.4,1.5,1.9,49.2,45.3,48.8,17.9,,
4213500,Porto Belo,SC,0,20041,4576,3028,10933,1068,7.1,0.8,3.1,2.8,24.5,68.2,25.7,23.1,4208302,Itapema/SC
4213609,Porto União,SC,0,25684,5911,4850,12554,1647,8.7,2.0,3.1,3.1,31.2,59.7,32.3,22.8,4128203,União da Vitória/PR - Porto União/SC
4213708,Pouso Redondo,SC,0,12260,2220,1671,7576,544,5.6,1.4,2.1,1.8,22.8,72.9,22.6,17.5,,
4213807,Praia Grande,SC,0,6688,1135,1530,3388,459,8.5,1.9,2.9,3.2,40.1,51.9,41.0,16.5,4213807,Praia Grande/SC
4213906,Presidente Castello Branco,SC,0,1670,194,244,1116,88,6.1,2.6,1.9,1.4,20.8,73.7,21.3,13.7,,
4214003,Presidente Getúlio,SC,0,14268,2474,1866,8864,734,6.4,1.4,2.6,2.1,21.2,72.8,21.4,17.3,,
4214102,Presidente Nereu,SC,0,2237,371,368,1329,107,5.9,1.4,1.9,2.3,28.3,64.0,28.8,18.7,,
4214151,Princesa,SC,0,2564,356,524,1430,192,8.9,3.0,2.8,2.9,37.6,55.0,37.4,16.8,,
4214201,Quilombo,SC,0,8066,1353,2340,3764,384,5.9,1.4,1.5,2.8,44.5,49.0,44.9,14.3,,
4214300,Rancho Queimado,SC,0,3744,567,601,2237,240,7.8,1.7,3.5,2.4,26.7,64.1,28.4,13.5,,
4214409,Rio Das Antas,SC,0,5383,864,1059,3066,259,5.9,2.1,1.8,1.8,29.9,64.1,29.4,19.6,,
4214508,Rio Do Campo,SC,0,5436,757,805,3461,312,6.8,1.3,2.0,2.9,24.1,70.9,24.2,14.4,,
4214607,Rio Do Oeste,SC,0,6043,888,951,3613,455,9.1,2.6,2.6,3.4,27.6,66.8,27.8,15.2,,
4214706,Rio Dos Cedros,SC,0,8999,1286,1225,5703,530,7.1,2.1,2.6,2.0,19.4,72.7,20.9,17.4,,
4214805,Rio Do Sul,SC,0,51075,9646,7559,29363,3385,8.4,1.5,3.3,3.0,22.6,69.9,23.5,20.0,4214805,Rio do Sul/SC
4214904,Rio Fortuna,SC,0,4372,388,436,3141,312,8.0,3.1,2.4,1.8,14.2,77.6,15.1,9.6,,
4215000,Rio Negrinho,SC,0,31740,6787,4753,17568,1810,7.5,1.9,2.2,2.9,23.9,67.9,24.2,22.0,4215802,São Bento do Sul - Rio Negrinho/SC
4215059,Rio Rufino,SC,0,2423,381,586,1262,150,7.5,2.1,1.4,4.0,37.6,54.7,37.2,17.8,,
4215075,Riqueza,SC,0,3992,596,1075,2000,231,7.0,2.4,2.0,2.4,40.2,51.8,41.0,17.8,,
4215109,Rodeio,SC,0,9464,1307,1299,5909,637,8.1,2.3,2.5,2.9,19.6,74.3,20.2,18.1,,
4215208,Romelândia,SC,0,4125,692,1106,1958,245,7.4,2.4,2.1,2.5,42.0,49.0,44.7,13.4,,
4215307,Salete,SC,0,6344,997,944,3849,391,7.5,1.6,2.2,3.4,25.1,68.7,24.8,16.3,,
4215356,Saltinho,SC,0,3274,583,1195,1188,194,7.5,2.0,2.4,2.9,61.2,33.7,61.0,18.6,,
4215406,Salto Veloso,SC,0,3446,582,665,1905,200,7.2,1.5,1.8,3.2,31.3,63.0,30.6,15.9,,
4215455,Sangão,SC,0,8877,1514,1237,5629,331,4.6,0.9,1.5,2.0,20.9,74.4,20.1,17.5,,
4215505,Santa Cecília,SC,0,12255,3012,2779,5603,439,5.0,1.4,1.8,1.6,43.2,51.8,41.2,26.7,,
4215554,Santa Helena,SC,0,2208,275,559,1129,159,8.6,2.1,1.8,4.3,41.9,48.2,43.7,13.1,,
4215604,Santa Rosa De Lima,SC,0,2019,245,378,1150,184,10.8,4.7,1.9,3.7,31.1,59.5,31.1,13.8,,
4215653,Santa Rosa Do Sul,SC,0,7760,1435,1404,4328,428,7.0,1.3,2.3,3.0,28.3,64.6,28.6,17.3,,
4215679,Santa Terezinha,SC,0,6527,1073,1037,3923,310,5.9,1.4,1.6,2.7,30.0,65.0,30.0,16.6,,
4215687,Santa Terezinha Do Progresso,SC,0,2456,459,855,918,147,7.7,2.1,1.5,4.0,54.8,36.9,57.3,21.3,,
4215695,Santiago Do Sul,SC,0,1538,274,482,659,88,7.2,3.6,0.9,1.9,46.2,47.0,47.6,12.6,,
4215703,Santo Amaro Da Imperatriz,SC,0,20294,3005,4073,11127,1533,9.2,2.1,3.0,3.4,28.8,60.7,31.0,14.7,4205407,Florianópolis/SC
4215752,São Bernardino,SC,0,2576,423,843,1091,145,7.0,1.4,1.5,3.7,51.7,42.1,53.0,14.7,,
4215802,São Bento Do Sul,SC,0,63838,12333,8730,36609,4477,9.0,2.1,3.2,3.2,21.4,69.3,22.4,18.7,4215802,São Bento do Sul - Rio Negrinho/SC
4215901,São Bonifácio,SC,0,2932,448,354,1859,176,7.4,2.9,2.7,1.4,18.1,72.7,18.6,13.6,,
4216008,São Carlos,SC,0,8222,1251,1933,4295,539,8.0,2.8,2.5,2.5,36.7,55.5,36.8,14.8,4216008,São Carlos - Águas de Chapecó/SC
4216057,São Cristóvão Do Sul,SC,0,3557,836,870,1609,154,5.8,1.5,1.8,2.5,43.3,51.7,41.8,22.6,,
4216107,São Domingos,SC,0,7343,1247,1906,3697,276,4.7,1.2,1.3,2.0,42.4,52.8,42.8,14.6,,
4216206,São Francisco Do Sul,SC,0,42667,10535,8196,20476,2409,7.8,1.3,2.9,3.1,28.9,63.7,30.2,24.1,,
4216255,São João Do Oeste,SC,0,5102,608,713,3192,474,10.8,4.5,3.0,2.5,22.1,68.5,23.5,14.4,,
4216305,São João Batista,SC,0,23144,4377,3167,13834,1213,6.7,0.8,3.0,2.4,21.2,72.9,21.2,20.4,,
4216354,São João Do Itaperiú,SC,0,4277,677,574,2792,159,4.5,1.2,1.3,1.8,18.1,77.5,18.6,17.8,,
4216404,São João Do Sul,SC,0,7398,1155,1195,4379,490,8.1,2.4,2.2,3.4,27.6,62.6,28.3,14.9,,
4216503,São Joaquim,SC,0,19522,4637,3849,9202,1235,8.6,3.0,2.1,3.2,38.2,52.2,39.6,21.5,,
4216602,São José,SC,0,195574,37822,46951,89505,15576,10.2,1.8,3.8,3.8,34.2,55.2,36.8,17.9,4205407,Florianópolis/SC
4216701,São José Do Cedro,SC,0,10947,1638,1908,6472,630,7.0,2.4,2.4,2.0,29.8,64.6,29.4,18.5,,
4216800,São José Do Cerrito,SC,0,7722,1136,2665,3318,387,6.1,1.8,1.7,2.5,52.6,40.6,53.6,16.1,,
4216909,São Lourenço Do Oeste,SC,0,19026,3707,4243,9554,1077,7.2,2.0,2.5,2.5,36.0,56.9,36.4,19.8,,
4217006,São Ludgero,SC,0,9949,1415,1368,6355,613,7.3,1.5,2.9,2.5,19.9,72.2,20.4,14.5,,
4217105,São Martinho,SC,0,3230,359,406,2185,217,7.7,1.8,2.1,3.6,17.3,75.2,19.0,12.3,,
4217154,São Miguel Da Boa Vista,SC,0,1757,304,525,729,162,11.4,4.0,3.0,4.2,49.6,41.5,51.0,17.2,,
4217204,São Miguel Do Oeste,SC,0,32021,6516,6383,16088,2425,9.7,2.6,3.3,3.3,33.5,58.1,34.1,20.1,,
4217253,São Pedro De Alcântara,SC,0,4795,657,903,2785,324,8.1,2.4,2.5,2.8,25.9,65.1,27.7,13.2,4205407,Florianópolis/SC
4217303,Saudades,SC,0,7589,915,1751,4119,637,9.8,3.5,3.4,2.5,35.0,57.5,35.3,11.5,,
4217402,Schroeder,SC,0,14004,1906,2212,8713,867,7.3,1.2,2.8,2.9,23.3,70.3,22.7,16.4,4208906,Jaraguá do Sul/SC
4217501,Seara,SC,0,13942,2434,3680,6368,1032,9.3,2.9,2.5,3.4,41.9,49.5,43.1,18.3,,
4217550,Serra Alta,SC,0,2818,336,631,1628,152,6.3,2.4,1.7,1.9,34.2,59.7,33.7,13.2,,
4217600,Siderópolis,SC,0,11784,2525,2275,5856,829,9.2,3.1,3.0,2.7,32.1,58.8,32.4,21.3,4204608,Criciúma/SC
4217709,Sombrio,SC,0,22226,3756,4082,12474,1382,7.7,1.1,2.9,3.4,29.2,63.4,29.3,20.1,4217709,Sombrio/SC
4217758,Sul Brasil,SC,0,2414,275,786,1137,148,7.2,2.4,2.0,2.6,44.7,46.7,46.4,11.6,,
4217808,Taió,SC,0,14737,2891,1589,9300,663,5.7,1.4,1.9,2.2,20.0,74.9,19.8,17.5,,
4217907,Tangará,SC,0,6620,1171,1099,3817,359,6.8,2.2,2.0,2.3,27.8,65.1,27.6,16.3,,
4217956,Tigrinhos,SC,0,2043,330,578,960,122,7.3,3.1,1.0,2.8,45.7,47.3,46.8,16.1,,
4218004,Tijucas,SC,0,36911,8093,6064,19722,2104,7.5,1.2,2.8,2.8,27.9,65.0,28.3,21.4,,
4218103,Timbé Do Sul,SC,0,4542,633,844,2716,236,6.2,1.5,1.7,2.8,27.4,66.1,27.3,17.4,,
4218202,Timbó,SC,0,35846,6235,4416,21690,2567,8.9,1.7,3.3,3.1,16.5,75.3,17.7,17.8,,
4218251,Timbó Grande,SC,0,5898,1452,1621,2395,263,6.2,1.2,1.6,3.1,46.7,43.9,48.8,23.0,,
4218301,Três Barras,SC,0,15074,3370,3332,6899,923,8.3,3.4,2.0,2.7,36.2,55.2,37.7,21.8,4203808,Canoinhas/SC
4218350,Treviso,SC,0,3946,670,824,2015,331,10.4,3.5,2.7,3.9,34.8,53.7,35.9,18.5,4204608,Criciúma/SC
4218400,Treze De Maio,SC,0,6518,849,747,4455,321,5.8,1.1,2.3,2.2,17.2,76.7,17.0,14.9,,
4218509,Treze Tílias,SC,0,6439,975,877,4067,387,7.3,1.6,2.7,2.6,21.9,72.7,21.9,15.7,,
4218608,Trombudo Central,SC,0,5524,898,790,3467,258,5.7,1.0,2.7,1.8,20.4,74.5,20.1,15.8,,
4218707,Tubarão,SC,0,82210,15817,13559,45432,5303,8.2,1.6,3.1,2.9,23.9,67.5,25.1,19.9,4218707,Tubarão - Laguna/SC
4218756,Tunápolis,SC,0,4043,447,607,2528,359,10.3,3.9,2.8,2.8,22.3,68.0,24.4,14.8,,
4218806,Turvo,SC,0,10409,1466,1284,6974,494,5.6,1.3,1.9,2.0,17.3,76.7,17.7,13.2,,
4218855,União Do Oeste,SC,0,2463,396,621,1276,129,6.4,2.1,1.6,2.5,35.4,56.2,38.5,13.9,,
4218905,Urubici,SC,0,8139,1374,1327,4822,466,7.0,1.8,2.4,2.6,27.7,66.1,27.9,23.4,,
4218954,Urupema,SC,0,2525,482,554,1241,176,8.9,3.4,1.5,3.9,39.4,50.6,39.7,15.9,,
4219002,Urussanga,SC,0,17330,4330,2321,9183,1093,8.7,2.6,2.5,3.1,21.6,69.0,22.4,24.2,4204608,Criciúma/SC
4219101,Vargeão,SC,0,2999,552,818,1349,191,8.1,2.7,1.9,3.2,45.2,48.9,45.8,12.9,,
4219150,Vargem,SC,0,2628,461,777,1194,116,5.6,2.1,0.8,2.4,48.9,42.5,47.9,20.8,,
4219176,Vargem Bonita,SC,0,3962,657,1049,1944,218,6.8,0.8,2.0,3.8,40.4,52.9,41.4,18.3,,
4219200,Vidal Ramos,SC,0,5308,713,827,3358,259,5.8,2.0,1.6,1.9,25.9,66.5,27.2,14.1,,
4219309,Videira,SC,0,39175,8189,6682,21226,2080,6.9,1.7,2.2,2.5,27.8,65.4,27.9,20.6,,
4219358,Vitor Meireles,SC,0,4377,681,819,2504,266,7.4,2.0,2.6,2.7,31.4,63.5,30.1,18.5,,
4219408,Witmarsum,SC,0,3494,491,540,2103,240,8.3,2.5,2.3,3.3,27.9,65.0,28.1,16.1,,
4219507,Xanxerê,SC,0,34911,5832,8667,17483,2111,7.5,1.5,2.6,3.0,38.5,55.4,38.7,19.1,,
4219606,Xavantina,SC,0,3388,461,930,1711,185,6.5,1.7,1.9,2.2,43.0,51.8,42.9,12.6,,
4219705,Xaxim,SC,0,22987,3961,4937,12369,1159,6.3,1.9,2.0,2.3,33.5,60.8,33.3,16.4,,
4219853,Zortéa,SC,0,3214,486,871,1631,145,5.5,1.1,2.1,2.1,40.1,52.0,41.7,16.0,4203907,Capinzal/SC
4220000,Balneário Rincão,SC,0,13698,3140,3019,6580,616,6.0,1.8,2.0,2.0,34.6,59.4,34.6,22.9,,
4300034,Aceguá,RS,0,3982,947,929,1787,212,7.2,3.2,1.7,2.2,40.5,53.2,40.8,20.7,4301602,Bagé/RS
4300059,Água Santa,RS,0,3300,511,680,1912,127,4.7,2.5,0.9,1.1,32.4,60.4,30.4,12.8,,
4300109,Agudo,RS,0,12534,1837,2876,6409,898,8.8,3.1,2.9,2.6,41.6,50.1,41.8,11.2,,
4300208,Ajuricaba,RS,0,5799,851,1178,3312,335,6.9,2.7,1.7,2.1,33.2,58.8,33.7,15.4,,
4300307,Alecrim,RS,0,5602,905,1806,2331,394,8.7,4.1,1.8,2.5,46.0,46.0,46.9,14.3,,
4300406,Alegrete,RS,0,55756,15036,17259,18692,3314,8.4,3.4,2.0,2.7,50.9,40.0,52.9,26.9,,
4300455,Alegria,RS,0,3209,553,987,1421,149,5.8,3.1,1.0,1.5,47.9,45.6,48.7,15.8,,
4300471,Almirante Tamandaré Do Sul,RS,0,1979,300,409,1084,143,8.7,3.5,2.4,2.6,38.1,52.8,38.5,11.9,,
4300505,Alpestre,RS,0,6272,1296,1734,2778,238,5.0,2.1,1.4,1.4,50.9,42.7,50.6,19.0,,
4300554,Alto Alegre,RS,0,1850,295,488,881,134,8.9,2.0,2.5,4.2,39.0,47.2,44.3,13.7,,
4300570,Alto Feliz,RS,0,2870,456,428,1623,278,11.9,6.1,2.1,3.3,23.0,65.2,24.6,15.3,,
4300604,Alvorada,RS,0,135997,32519,42505,46134,9249,9.4,2.5,3.3,3.1,48.4,42.4,49.6,21.1,4314902,Porto Alegre/RS
4300638,Amaral Ferrador,RS,0,4601,927,1283,1945,211,6.1,1.6,1.7,2.6,49.1,41.2,49.8,18.2,,
4300646,Ametista Do Sul,RS,0,6067,850,1628,3234,187,3.7,0.9,1.2,1.4,44.8,50.5,43.1,13.4,,
4300661,André Da Rocha,RS,0,1399,247,225,804,78,7.0,4.7,0.5,1.4,30.5,61.4,30.4,16.1,,
4300703,Anta Gorda,RS,0,4872,784,489,3174,272,6.9,2.9,1.6,2.0,17.1,76.5,17.8,14.0,,
4300802,Antônio Prado,RS,0,10712,1563,1291,6982,597,6.7,2.3,1.9,2.2,18.7,73.5,19.7,13.4,4300802,Antônio Prado/RS
4300851,Arambaré,RS,0,3684,904,983,1479,207,7.8,2.5,1.9,3.0,45.7,46.1,46.7,22.9,,
4300877,Araricá,RS,0,6414,1118,1410,3382,329,6.4,1.5,2.2,2.6,35.2,59.6,33.3,17.4,4319901,Sapiranga/RS
4300901,Aratiba,RS,0,6202,988,1626,3024,383,7.6,1.9,2.0,3.4,42.5,52.4,42.5,14.4,,
4301008,Arroio Do Meio,RS,0,17325,2438,3406,9567,1408,9.8,2.8,2.8,3.8,30.5,60.4,32.1,12.3,4311403,Lajeado/RS
4301057,Arroio Do Sal,RS,0,9495,2181,2161,4199,687,9.8,2.4,2.9,4.0,34.4,55.5,36.5,20.9,,
4301073,Arroio Do Padre,RS,0,2775,334,257,1976,161,6.7,3.1,1.3,2.2,16.1,76.9,16.8,11.6,4314407,Pelotas/RS
4301107,Arroio Dos Ratos,RS,0,10249,2387,3526,3267,642,8.6,2.9,2.6,2.5,53.3,38.3,53.8,20.5,,
4301206,Arroio Do Tigre,RS,0,9941,1541,2204,5229,559,7.0,2.5,1.9,2.4,42.3,50.4,42.3,17.0,,
4301305,Arroio Grande,RS,0,14461,3124,5343,4552,874,8.1,2.4,2.1,3.2,60.5,31.4,62.6,19.0,,
4301404,Arvorezinha,RS,0,8656,1628,1508,4787,377,5.7,1.6,1.5,2.3,33.6,61.1,33.7,16.2,,
4301503,Augusto Pestana,RS,0,5869,877,1061,3501,276,5.7,2.4,1.5,1.5,31.1,62.2,31.6,12.8,,
4301552,Áurea,RS,0,3213,397,650,1851,191,7.1,2.7,1.8,2.4,37.8,55.4,39.9,9.7,,
4301602,Bagé,RS,0,87802,23443,27706,27977,5111,8.4,2.6,2.4,3.0,52.3,39.5,53.7,24.0,4301602,Bagé/RS
4301636,Balneário Pinhal,RS,0,11040,3342,3021,3723,570,7.8,2.9,2.0,2.4,46.0,44.8,46.9,27.3,4305454,Cidreira - Balneário Pinhal/RS
4301651,Barão,RS,0,5073,641,839,3026,403,9.4,3.2,2.1,3.6,27.0,63.4,27.7,10.9,,
4301701,Barão De Cotegipe,RS,0,5354,804,1255,2819,272,6.3,2.4,1.1,2.1,38.2,55.0,39.2,13.6,,
4301750,Barão Do Triunfo,RS,0,4618,854,792,2447,355,9.9,4.3,2.5,2.6,37.3,52.2,38.0,14.9,,
4301800,Barracão,RS,0,4352,906,1223,1804,168,5.3,1.6,1.9,1.6,48.9,44.8,48.8,19.5,,
4301859,Barra Do Guarita,RS,0,2600,555,903,978,81,4.1,0.9,1.2,1.9,54.8,41.5,53.5,18.3,4208401,Itapiranga/SC
4301875,Barra Do Quaraí,RS,0,3355,888,1095,1113,169,7.1,1.0,2.4,3.5,56.7,38.0,55.0,23.7,,
4301909,Barra Do Ribeiro,RS,0,10239,2497,2761,3934,656,8.9,2.9,2.4,3.1,45.9,44.8,46.8,21.5,,
4301925,Barra Do Rio Azul,RS,0,1751,182,486,866,157,10.4,5.0,1.7,3.5,45.4,46.9,46.1,12.7,,
4301958,Barra Funda,RS,0,2716,350,684,1447,153,6.7,1.9,1.6,3.0,38.4,49.9,41.7,13.8,,
4302006,Barros Cassal,RS,0,8271,1897,2083,3580,416,6.8,2.5,1.6,2.4,53.0,39.0,53.9,19.3,,
4302055,Benjamin Constant Do Sul,RS,0,2125,452,873,685,54,3.4,1.4,1.1,0.7,61.8,35.2,61.0,18.9,,
4302105,Bento Gonçalves,RS,0,92061,16896,14322,53040,5497,7.5,1.9,2.7,2.5,23.6,69.1,24.2,17.6,4302105,Bento Gonçalves/RS
4302154,Boa Vista Das Missões,RS,0,2075,388,671,899,64,3.9,1.2,0.9,1.8,50.7,42.9,51.9,18.4,,
4302204,Boa Vista Do Buricá,RS,0,5645,767,1054,3227,433,9.2,3.8,2.1,3.0,34.8,58.4,35.2,12.5,,
4302220,Boa Vista Do Cadeado,RS,0,2067,391,351,1179,80,5.0,2.2,1.2,1.4,32.7,59.7,32.9,16.8,,
4302238,Boa Vista Do Incra,RS,0,2195,330,506,1200,106,5.8,1.4,1.8,2.5,41.2,53.2,39.9,12.6,,
4302253,Boa Vista Do Sul,RS,0,2527,410,353,1549,157,7.6,3.2,1.3,2.7,24.7,65.4,24.9,16.1,,
4302303,Bom Jesus,RS,0,8592,2041,2265,3496,406,6.6,2.3,1.4,2.6,49.0,43.5,48.3,21.2,,
4302352,Bom Princípio,RS,0,10683,1459,1396,6818,763,8.5,2.9,2.4,2.9,22.0,70.6,22.3,13.3,,
4302378,Bom Progresso,RS,0,2604,491,923,1043,89,4.3,1.6,1.4,1.3,53.0,42.5,51.7,18.5,,
4302402,Bom Retiro Do Sul,RS,0,9902,1742,2125,4994,651,8.4,2.1,2.6,3.1,35.6,57.5,36.2,15.4,4311403,Lajeado/RS
4302451,Boqueirão Do Leão,RS,0,5325,859,1288,2659,339,7.9,2.0,2.9,2.9,45.7,46.4,45.3,15.1,,
4302501,Bossoroca,RS,0,5117,1256,1735,1705,186,5.1,1.6,0.9,2.5,56.9,35.6,57.7,20.1,,
4302584,Bozano,RS,0,2625,401,496,1564,116,5.3,2.3,0.9,1.9,35.1,59.4,34.7,13.3,,
4302600,Braga,RS,0,2865,601,1053,965,102,4.8,1.6,0.8,2.3,59.8,34.7,59.8,18.0,,
4302659,Brochier,RS,0,3961,596,821,1890,465,14.6,5.3,3.2,5.5,36.6,50.5,38.4,12.8,,
4302709,Butiá,RS,0,14823,3505,5197,4678,805,7.5,2.1,1.9,3.2,55.2,36.5,56.1,19.8,,
4302808,Caçapava Do Sul,RS,0,25010,5758,9154,7090,1794,9.9,3.1,2.0,4.4,59.1,30.2,62.8,20.2,,
4302907,Cacequi,RS,0,8495,2145,2699,3040,363,6.0,1.5,1.6,2.5,54.7,39.4,54.9,21.5,,
4303004,Cachoeira Do Sul,RS,0,64488,18059,14722,25574,4067,9.2,3.3,2.6,2.8,38.6,51.8,39.9,26.0,,
4303103,Cachoeirinha,RS,0,102594,23958,26214,41314,7888,10.5,2.0,3.2,4.6,39.4,50.6,41.4,21.3,4314902,Porto Alegre/RS
4303202,Cacique Doble,RS,0,3985,739,985,1939,160,5.2,1.4,1.4,2.0,40.1,54.4,39.2,14.9,,
4303301,Caibaté,RS,0,4013,723,1318,1625,192,6.1,2.3,1.2,2.4,52.4,41.3,53.1,15.9,,
4303400,Caiçara,RS,0,4303,738,1019,2260,183,5.3,2.0,1.1,1.8,39.3,51.9,40.6,14.9,,
4303509,Camaquã,RS,0,49751,10808,11484,22631,3161,8.5,2.6,2.4,3.1,40.0,52.1,40.7,21.2,,
4303558,Camargo,RS,0,2637,388,567,1480,115,5.3,1.5,1.2,2.0,37.0,57.4,35.5,15.1,,
4303608,Cambará Do Sul,RS,0,5136,1004,946,2706,258,6.6,2.3,1.5,2.4,34.5,59.5,34.2,17.6,,
4303673,Campestre Da Serra,RS,0,2886,529,326,1817,129,5.7,1.9,1.7,1.8,18.9,74.6,19.6,17.1,,
4303707,Campina Das Missões,RS,0,4989,776,1271,2439,348,8.6,2.9,2.1,3.3,43.0,49.5,44.0,14.2,,
4303806,Campinas Do Sul,RS,0,4618,634,727,2990,165,4.2,1.5,1.1,1.4,26.0,67.6,26.1,13.9,,
4303905,Campo Bom,RS,0,51980,9728,10699,26666,3396,8.3,2.0,2.9,3.0,31.2,60.5,32.0,18.6,4313409,Novo Hamburgo - São Leopoldo/RS
4304002,Campo Novo,RS,0,3967,820,1294,1608,112,3.7,0.8,1.0,1.7,51.4,44.4,51.4,20.1,,
4304101,Campos Borges,RS,0,3183,612,803,1447,183,7.5,2.1,2.0,3.1,40.2,45.5,46.1,18.8,,
4304200,Candelária,RS,0,22407,4443,4967,10631,1389,8.2,2.8,2.9,2.2,41.0,51.3,41.2,16.2,,
4304309,Cândido Godói,RS,0,5545,641,997,3416,337,7.1,2.9,1.6,2.3,29.4,63.7,30.5,10.1,,
4304358,Candiota,RS,0,8121,1844,3461,2146,384,6.4,1.9,1.9,2.4,66.0,26.5,67.5,18.5,4301602,Bagé/RS
4304408,Canela,RS,0,34975,8314,6541,16598,2199,8.7,2.3,2.7,3.2,32.3,58.4,33.4,22.6,4304408,Canela - Gramado/RS
4304507,Canguçu,RS,0,43549,9116,9550,20038,2948,9.1,3.1,2.2,3.4,40.1,49.6,41.4,20.8,,
4304606,Canoas,RS,0,253142,58847,70775,95134,19615,10.6,2.3,3.7,3.9,42.9,46.8,45.1,20.1,4314902,Porto Alegre/RS
4304614,Canudos Do Vale,RS,0,1944,259,566,864,195,12.0,6.3,3.3,2.3,55.7,36.3,57.4,10.6,,
4304622,Capão Bonito Do Sul,RS,0,2112,384,633,937,96,5.8,2.6,1.2,1.8,48.3,43.4,51.7,16.0,4311304,Lagoa Vermelha/RS
4304630,Capão Da Canoa,RS,0,46049,11414,9502,21157,2814,8.4,1.5,3.1,3.4,34.9,57.4,35.5,23.1,4304630,Capão da Canoa/RS
4304655,Capão Do Cipó,RS,0,3105,748,1005,1107,141,6.3,1.9,1.2,2.9,55.5,38.4,56.5,19.3,,
4304663,Capão Do Leão,RS,0,18455,3792,6346,5977,1426,10.4,2.8,3.1,4.0,54.6,35.8,57.1,17.4,4314407,Pelotas/RS
4304671,Capivari Do Sul,RS,0,3711,697,835,1867,200,6.9,2.5,1.5,2.5,40.4,49.9,41.3,18.5,,
4304689,Capela De Santana,RS,0,8031,1495,2302,3410,556,8.9,1.9,2.6,4.2,45.0,48.1,45.2,15.0,,
4304697,Capitão,RS,0,2872,474,545,1538,212,9.2,2.1,1.9,5.0,37.8,52.8,38.6,14.4,,
4304705,Carazinho,RS,0,45685,9343,10704,21875,2532,7.2,2.2,2.0,2.7,39.6,52.0,39.6,19.9,,
4304713,Caraá,RS,0,6518,1414,1746,2612,469,9.7,4.6,1.7,3.1,43.6,45.6,45.5,21.9,,
4304804,Carlos Barbosa,RS,0,23696,3270,3754,13991,2083,10.5,3.2,3.2,3.5,24.3,65.2,25.4,12.3,4302105,Bento Gonçalves/RS
4304853,Carlos Gomes,RS,0,1396,203,394,664,83,7.3,2.0,2.4,2.8,49.9,44.5,50.2,13.4,,
4304903,Casca,RS,0,7527,1146,1135,4564,432,7.0,2.5,1.8,2.3,27.6,64.6,27.7,16.1,,
4304952,Caseiros,RS,0,3182,659,682,1587,142,5.9,1.7,1.7,2.2,40.1,52.4,40.2,17.2,,
4305009,Catuípe,RS,0,7517,1132,1998,3737,392,6.4,2.1,1.3,2.7,40.8,50.6,42.8,14.0,,
4305108,Caxias Do Sul,RS,0,342998,64272,71514,166880,27774,10.4,2.7,3.3,3.7,31.8,57.5,33.6,17.9,4305108,Caxias do Sul/RS
4305116,Centenário,RS,0,2650,319,738,1337,175,7.8,2.8,1.5,3.3,45.0,49.6,47.2,11.0,,
4305124,Cerrito,RS,0,5309,1188,1781,1678,340,8.9,3.0,1.8,3.7,57.2,33.0,60.4,19.8,4314209,Pedro Osório - Cerrito/RS
4305132,Cerro Branco,RS,0,3490,643,783,1712,214,7.9,2.8,2.2,2.6,39.9,51.6,39.3,18.6,,
4305157,Cerro Grande,RS,0,2482,559,868,844,137,7.4,2.8,1.4,2.7,58.7,33.5,57.3,18.0,,
4305173,Cerro Grande Do Sul,RS,0,7118,1312,1783,3315,396,7.2,2.3,1.9,2.8,47.5,44.7,47.5,16.6,,
4305207,Cerro Largo,RS,0,10195,1770,3152,4282,666,8.2,2.0,2.3,3.6,48.6,43.4,50.0,15.1,4305207,Cerro Largo/RS
4305306,Chapada,RS,0,7697,1121,1682,4041,548,8.7,3.2,2.5,2.7,37.0,54.8,37.6,13.0,,
4305355,Charqueadas,RS,0,24424,4666,8802,8220,1838,9.8,2.5,3.0,3.7,52.7,38.4,54.7,19.5,4305355,Charqueadas - Triunfo - São Jerônimo/RS
4305371,Charrua,RS,0,2510,425,846,1099,60,3.0,1.7,0.4,0.7,47.4,46.7,48.5,16.6,,
4305405,Chiapetta,RS,0,3635,683,932,1812,132,4.6,1.2,1.4,1.7,44.3,49.1,44.4,16.8,,
4305439,Chuí,RS,0,4888,1424,1681,1180,303,9.6,3.1,2.3,3.5,63.1,29.2,64.9,26.8,,
4305447,Chuvisca,RS,0,4354,609,678,2562,347,9.7,3.2,3.8,2.4,33.7,58.3,32.9,12.9,,
4305454,Cidreira,RS,0,12724,4035,3654,3983,706,8.5,2.9,2.0,3.1,48.0,42.9,49.8,27.0,4305454,Cidreira - Balneário Pinhal/RS
4305504,Ciríaco,RS,0,3627,575,888,1833,153,5.3,2.4,1.5,1.3,41.3,51.1,40.9,13.7,,
4305587,Colinas,RS,0,2354,364,437,1241,236,12.3,5.2,2.4,4.3,29.5,56.1,33.0,13.5,,
4305603,Colorado,RS,0,2995,545,485,1774,115,4.8,1.8,1.0,1.8,28.6,65.1,29.3,16.1,,
4305702,Condor,RS,0,6118,1238,1194,3249,277,5.9,1.6,1.4,2.6,37.3,55.5,37.7,19.4,,
4305801,Constantina,RS,0,8077,1495,2065,3876,392,6.2,2.2,1.6,2.2,45.0,49.4,44.1,18.1,,
4305835,Coqueiro Baixo,RS,0,1351,256,165,803,97,9.1,2.6,1.0,5.0,19.0,72.9,21.1,16.1,,
4305850,Coqueiros Do Sul,RS,0,2451,366,471,1328,213,10.6,5.3,2.0,3.2,33.1,58.7,33.9,14.4,,
4305871,Coronel Barros,RS,0,2668,375,542,1519,175,7.8,2.4,2.7,2.6,33.3,57.3,34.6,13.0,,
4305900,Coronel Bicaco,RS,0,5810,1296,1871,2266,189,4.4,1.0,1.5,1.7,53.2,42.4,51.9,19.5,,
4305934,Coronel Pilar,RS,0,1569,228,219,993,92,7.1,3.0,1.6,2.3,21.5,70.0,22.0,16.1,,
4305959,Cotiporã,RS,0,3488,564,444,2104,265,9.4,3.7,3.1,2.4,20.6,69.2,22.8,14.4,,
4305975,Coxilha,RS,0,2867,493,679,1481,150,6.5,2.4,1.5,2.5,45.2,50.3,43.6,14.1,,
4306007,Crissiumal,RS,0,10489,1990,2462,5005,669,8.2,2.5,2.0,3.4,44.1,49.1,44.9,18.7,,
4306056,Cristal,RS,0,6418,1381,1811,2643,372,7.7,2.0,2.0,3.4,48.5,43.6,47.7,19.3,,
4306072,Cristal Do Sul,RS,0,2662,427,929,1104,107,5.0,1.7,1.0,2.1,54.5,38.5,55.1,14.8,,
4306106,Cruz Alta,RS,0,45724,10486,12759,18631,2436,7.2,2.5,2.1,2.4,45.5,47.5,46.0,22.5,,
4306130,Cruzaltense,RS,0,1928,277,323,1161,111,7.0,2.6,1.8,2.3,31.4,61.3,32.1,13.3,,
4306205,Cruzeiro Do Sul,RS,0,9328,1695,2014,4725,595,8.1,2.3,2.4,3.0,34.7,56.6,35.3,13.5,4311403,Lajeado/RS
4306304,David Canabarro,RS,0,4085,620,877,2196,239,7.2,2.5,1.8,2.5,38.5,54.3,39.2,14.0,,
4306320,Derrubadas,RS,0,2624,473,670,1231,171,8.2,2.6,1.9,3.6,47.2,42.6,47.8,18.4,,
4306353,Dezesseis De Novembro,RS,0,2615,607,897,905,117,6.1,2.5,1.2,2.3,54.0,37.5,55.5,19.0,,
4306379,Dilermando De Aguiar,RS,0,3281,764,874,1352,197,8.1,3.6,1.2,2.9,44.9,45.8,46.3,20.1,,
4306403,Dois Irmãos,RS,0,24787,3778,5131,13314,1864,9.2,2.1,2.9,3.3,32.5,58.9,32.9,15.7,,
4306429,Dois Irmãos Das Missões,RS,0,2066,403,684,851,69,4.3,1.9,0.9,1.4,52.5,42.4,52.7,15.3,,
4306452,Dois Lajeados,RS,0,3119,552,372,1893,200,8.1,2.8,1.8,3.1,23.0,68.6,23.4,15.1,,
4306502,Dom Feliciano,RS,0,10375,2047,2750,4394,638,8.2,3.1,2.6,2.0,54.0,39.5,53.3,17.9,,
4306551,Dom Pedro De Alcântara,RS,0,2646,395,610,1375,199,9.1,2.7,2.7,3.5,36.3,51.5,37.4,13.5,,
4306601,Dom Pedrito,RS,0,29233,7966,8466,10399,1470,7.2,2.6,1.6,2.7,53.9,38.9,53.4,25.7,,
4306700,Dona Francisca,RS,0,3059,577,826,1410,148,6.2,2.4,1.7,1.8,43.7,47.8,45.4,16.4,,
4306734,Doutor Maurício Cardoso,RS,0,3822,615,806,2112,191,6.1,2.4,1.4,2.0,35.5,59.0,35.2,14.3,,
4306759,Doutor Ricardo,RS,0,2080,396,317,1179,116,7.2,3.2,1.0,2.7,28.9,62.4,29.5,18.1,,
4306767,Eldorado Do Sul,RS,0,26775,6302,8259,9559,1742,8.9,2.5,2.7,3.2,47.4,42.8,48.7,17.7,4314902,Porto Alegre/RS
4306809,Encantado,RS,0,16617,2668,3213,9244,1035,7.7,2.5,1.9,2.9,29.7,62.0,30.6,19.7,,
4306908,Encruzilhada Do Sul,RS,0,18702,4281,6245,6113,1044,7.8,2.4,1.8,3.3,58.0,34.4,59.0,19.4,,
4306924,Engenho Velho,RS,0,1179,209,412,467,43,4.7,2.4,1.1,0.7,55.6,39.6,56.0,18.4,,
4306932,Entre-Ijuís,RS,0,7421,1391,2061,3327,401,6.9,2.4,1.6,2.7,44.4,47.6,45.7,17.4,4317509,Santo Ângelo/RS
4306957,Entre Rios Do Sul,RS,0,2654,572,817,1108,89,4.4,1.1,1.3,1.8,47.5,46.9,49.5,20.5,,
4306973,Erebango,RS,0,2616,510,696,1224,95,4.7,1.8,1.3,1.3,41.5,53.7,39.1,17.5,,
4307005,Erechim,RS,0,79130,14396,15782,41650,5040,8.1,2.0,2.5,3.0,32.6,59.9,33.0,17.8,,
4307054,Ernestina,RS,0,2930,498,762,1475,114,4.8,1.4,1.5,1.7,43.7,48.8,44.5,15.1,,
4307104,Herval,RS,0,5214,1253,2175,1278,301,8.0,2.3,2.0,3.3,66.2,24.9,68.2,23.2,,
4307203,Erval Grande,RS,0,4359,743,1471,1794,186,5.4,1.7,1.3,2.2,53.2,40.6,53.2,15.7,,
4307302,Erval Seco,RS,0,5497,990,1889,2237,210,4.8,1.7,1.4,1.6,52.7,39.5,53.5,16.1,,
4307401,Esmeralda,RS,0,2884,662,796,1218,112,5.3,1.7,1.1,2.4,45.8,48.1,45.2,21.4,,
4307450,Esperança Do Sul,RS,0,3315,562,1174,1309,151,5.7,2.2,1.8,1.6,56.3,38.0,55.4,15.0,,
4307500,Espumoso,RS,0,12400,2228,3099,6182,583,5.9,1.5,1.6,2.6,41.8,50.3,42.0,16.3,,
4307559,Estação,RS,0,4871,769,966,2658,334,8.4,3.0,2.1,3.0,30.5,61.5,31.2,14.3,4308904,Getúlio Vargas/RS
4307609,Estância Velha,RS,0,37229,6870,6862,19720,2562,8.8,2.1,3.1,3.0,27.8,64.4,28.7,18.1,4313409,Novo Hamburgo - São Leopoldo/RS
4307708,Esteio,RS,0,65833,15621,20429,22979,4737,9.8,2.1,3.5,3.6,47.0,43.4,49.0,21.6,4314902,Porto Alegre/RS
4307807,Estrela,RS,0,24675,4437,4364,13505,1790,9.1,2.1,2.6,3.9,26.8,65.1,27.8,18.5,4311403,Lajeado/RS
4307815,Estrela Velha,RS,0,2953,554,683,1422,204,8.8,4.5,1.2,2.9,43.8,46.1,44.1,15.1,,
4307831,Eugênio De Castro,RS,0,2554,482,657,1249,87,4.4,1.9,1.1,1.2,39.6,53.6,40.1,17.8,,
4307864,Fagundes Varela,RS,0,2439,389,282,1573,139,7.0,2.9,1.6,2.3,19.7,72.1,20.8,12.0,,
4307906,Farroupilha,RS,0,57062,9885,9327,32140,3892,8.6,2.2,2.7,3.0,24.6,66.4,25.4,17.2,4305108,Caxias do Sul/RS
4308003,Faxinal Do Soturno,RS,0,5638,1149,1350,2664,325,7.5,2.5,1.9,2.7,38.6,51.7,40.1,17.3,,
4308052,Faxinalzinho,RS,0,2419,495,612,1167,70,3.8,1.4,0.7,1.7,40.4,55.1,39.9,17.7,,
4308078,Fazenda Vilanova,RS,0,3798,697,997,1731,243,8.2,2.4,2.0,3.5,41.4,50.5,41.5,16.0,4311403,Lajeado/RS
4308102,Feliz,RS,0,11110,1770,2117,5953,940,10.4,3.1,3.0,3.9,30.5,60.3,31.5,14.5,,
4308201,Flores Da Cunha,RS,0,25103,3969,2606,16241,1644,8.0,1.9,2.9,2.8,16.8,74.9,17.9,14.8,,
4308250,Floriano Peixoto,RS,0,1811,331,459,861,97,6.8,2.7,1.5,2.4,45.0,48.2,45.2,17.9,,
4308300,Fontoura Xavier,RS,0,8245,1851,2686,2951,425,7.0,2.2,1.5,3.1,57.5,36.5,57.5,20.7,,
4308409,Formigueiro,RS,0,5763,1281,1777,2131,314,7.4,3.4,1.2,2.8,49.7,39.3,52.3,18.8,,
4308433,Forquetinha,RS,0,2588,353,484,1543,126,5.8,2.3,1.7,1.6,31.7,62.7,31.7,12.1,4311403,Lajeado/RS
4308458,Fortaleza Dos Valos,RS,0,3686,524,939,1943,192,6.2,1.7,1.5,2.7,42.2,50.8,43.1,12.3,,
4308508,Frederico Westphalen,RS,0,25048,4925,5474,12652,1295,6.7,1.8,2.0,2.6,39.1,54.1,39.3,19.3,,
4308607,Garibaldi,RS,0,26403,3802,4072,16066,1764,8.1,2.5,2.4,2.6,23.5,68.3,24.2,13.6,4302105,Bento Gonçalves/RS
4308656,Garruchos,RS,0,2516,645,980,698,124,6.9,1.7,1.5,3.6,60.6,34.0,62.5,20.8,,
4308706,Gaurama,RS,0,5195,733,995,3040,269,6.2,2.0,1.6,2.3,30.9,61.7,31.7,14.1,,
4308805,General Câmara,RS,0,6173,1360,1947,2199,452,9.8,2.6,3.3,3.7,50.6,41.8,52.2,18.6,,
4308854,Gentil,RS,0,1673,251,304,994,80,5.8,3.0,1.2,1.4,26.4,66.6,25.5,15.8,,
4308904,Getúlio Vargas,RS,0,12197,1848,2171,7004,773,7.8,2.6,2.0,2.8,28.4,63.7,28.3,20.3,4308904,Getúlio Vargas/RS
4309001,Giruá,RS,0,12735,2281,2787,6733,608,6.0,2.2,1.4,2.1,35.0,59.2,35.5,17.0,,
4309050,Glorinha,RS,0,6780,1455,1270,3394,438,8.6,3.0,2.8,2.4,31.9,60.5,32.4,20.2,4314902,Porto Alegre/RS
4309100,Gramado,RS,0,34790,7595,5170,19052,2043,7.8,2.0,2.5,2.8,23.7,68.1,25.2,21.1,4304408,Canela - Gramado/RS
4309126,Gramado Dos Loureiros,RS,0,2631,510,1097,870,76,3.7,0.7,1.1,1.6,58.1,36.9,58.5,16.5,,
4309159,Gramado Xavier,RS,0,3049,588,836,1358,183,7.7,3.0,2.1,2.4,52.4,40.2,54.2,17.4,,
4309209,Gravataí,RS,0,192077,44217,47237,78624,14762,10.5,2.7,3.3,3.9,38.2,51.7,39.8,20.7,4314902,Porto Alegre/RS
4309258,Guabiju,RS,0,1395,231,164,874,80,7.2,2.7,1.2,2.4,24.1,69.0,24.8,15.6,,
4309308,Guaíba,RS,0,74475,16571,23122,26139,5677,10.3,2.5,3.1,4.1,47.8,42.8,49.9,21.0,4314902,Porto Alegre/RS
4309407,Guaporé,RS,0,18948,3052,2640,11578,1182,7.7,2.5,2.4,2.3,24.1,68.7,24.7,14.4,,
4309506,Guarani Das Missões,RS,0,5851,950,1509,2860,357,7.5,3.7,1.5,2.0,45.1,47.8,45.5,13.6,,
4309555,Harmonia,RS,0,4102,500,702,2389,382,11.0,3.4,2.9,4.1,27.9,64.7,28.5,10.7,,
4309571,Herveiras,RS,0,2629,532,776,1088,151,7.5,2.8,2.5,2.0,62.6,32.4,63.0,16.1,,
4309605,Horizontina,RS,0,14887,2687,2610,8454,837,7.0,2.2,1.9,2.6,31.4,61.7,30.4,15.3,,
4309654,Hulha Negra,RS,0,4884,1081,1920,1504,227,6.2,1.4,2.1,2.4,60.5,32.6,61.4,18.1,4301602,Bagé/RS
4309704,Humaitá,RS,0,4020,579,1078,2055,191,5.8,1.8,1.5,2.2,41.4,51.6,41.5,15.0,,
4309753,Ibarama,RS,0,3655,669,792,1722,299,10.6,4.9,3.0,2.3,47.6,43.6,47.4,14.8,,
4309803,Ibiaçá,RS,0,3988,593,747,2250,266,8.2,2.5,1.9,3.4,32.4,58.5,33.6,13.3,,
4309902,Ibiraiaras,RS,0,5419,823,841,3256,295,6.7,2.1,1.1,3.2,27.4,64.1,28.1,14.0,,
4309951,Ibirapuitã,RS,0,3410,657,886,1642,129,4.9,1.4,1.2,2.1,46.0,48.7,45.1,17.0,,
4310009,Ibirubá,RS,0,16439,2557,2919,9582,971,7.2,2.3,1.9,2.5,31.6,60.3,31.6,14.7,,
4310108,Igrejinha,RS,0,26693,4084,5531,14678,1648,7.5,1.5,2.9,2.8,32.4,60.5,32.5,17.2,4321204,Taquara - Parobé - Igrejinha/RS
4310207,Ijuí,RS,0,63737,12078,16869,29614,3460,6.9,2.0,2.1,2.6,41.0,52.1,41.4,18.8,,
4310306,Ilópolis,RS,0,3634,628,474,2242,171,5.9,1.8,1.4,2.5,23.7,70.4,22.8,16.6,,
4310330,Imbé,RS,0,24070,6427,5858,9628,1540,9.0,2.2,2.5,3.9,40.1,50.5,42.2,26.2,4321600,Tramandaí - Osório/RS
4310363,Imigrante,RS,0,2800,499,495,1427,276,12.6,3.9,3.1,4.9,32.3,54.1,33.5,18.0,,
4310405,Independência,RS,0,5501,897,1251,2886,333,7.5,3.4,1.5,2.1,36.7,54.6,38.5,15.1,,
4310413,Inhacorá,RS,0,2071,446,621,860,91,5.8,2.3,0.7,2.7,50.2,45.1,50.4,18.7,,
4310439,Ipê,RS,0,5497,901,757,3394,305,6.8,2.3,1.8,2.0,20.9,71.1,22.5,15.7,4300802,Antônio Prado/RS
4310462,Ipiranga Do Sul,RS,0,2098,304,238,1430,75,4.3,1.5,1.1,1.2,21.2,73.0,21.3,14.0,,
4310504,Iraí,RS,0,5812,1194,1856,2357,206,4.7,1.2,1.6,1.4,50.8,44.5,50.2,25.3,,
4310538,Itaara,RS,0,4530,900,1337,1952,251,7.1,2.8,1.4,2.5,42.8,49.2,43.5,16.7,4316907,Santa Maria/RS
4310553,Itacurubi,RS,0,2718,596,913,1021,116,5.7,1.4,0.9,3.2,50.0,40.7,50.7,20.0,,
4310579,Itapuca,RS,0,1824,358,337,979,73,5.3,1.5,1.9,1.6,39.2,56.6,38.8,16.2,,
4310603,Itaqui,RS,0,26152,7472,6910,9938,1209,6.7,2.2,1.9,2.2,44.9,47.4,45.8,28.6,,
4310652,Itati,RS,0,3450,587,914,1676,181,6.5,2.1,2.3,1.9,42.9,49.4,43.0,18.0,,
4310702,Itatiba Do Sul,RS,0,3342,594,1381,1129,116,4.4,1.6,1.5,1.2,62.0,35.1,58.7,14.7,,
4310751,Ivorá,RS,0,1809,370,480,743,133,9.8,6.0,0.7,2.4,44.9,37.8,49.1,18.5,,
4310801,Ivoti,RS,0,17002,2158,3225,9655,1513,10.5,2.3,3.3,4.0,26.8,63.2,28.4,10.7,4310801,Ivoti/RS
4310850,Jaboticaba,RS,0,3370,628,1052,1437,134,5.1,0.9,1.8,2.1,49.8,43.9,50.1,17.4,,
4310876,Jacuizinho,RS,0,2056,341,684,862,117,7.0,2.4,1.3,3.2,55.2,38.5,55.2,14.1,,
4310900,Jacutinga,RS,0,2991,444,612,1626,195,8.0,2.8,2.0,2.8,35.6,57.9,35.9,14.8,,
4311007,Jaguarão,RS,0,20370,5295,6546,6248,1385,9.8,2.6,2.9,3.9,55.4,34.9,57.6,23.3,,
4311106,Jaguari,RS,0,8702,1696,2149,3988,509,7.7,3.2,1.3,2.9,41.8,47.8,43.6,15.8,,
4311122,Jaquirana,RS,0,3757,925,913,1602,145,5.5,1.6,1.4,2.3,46.2,46.5,47.0,21.5,,
4311130,Jari,RS,0,2794,530,822,1122,187,8.8,3.0,1.0,4.7,55.8,35.6,56.9,16.3,,
4311155,Jóia,RS,0,6196,1107,2313,2410,200,4.1,1.3,0.8,1.8,55.4,39.3,54.7,14.2,,
4311205,Júlio De Castilhos,RS,0,14988,3212,4862,5655,824,7.3,2.7,1.5,2.8,55.1,37.0,55.9,18.4,,
4311239,Lagoa Bonita Do Sul,RS,0,2310,426,610,1028,149,8.3,2.6,2.5,3.0,53.5,40.8,52.4,17.9,,
4311254,Lagoão,RS,0,4895,893,1750,1698,358,9.4,2.3,2.8,4.2,65.5,28.2,65.7,17.2,,
4311270,Lagoa Dos Três Cantos,RS,0,1717,238,248,1084,124,8.5,3.2,2.3,3.0,24.9,67.0,25.3,13.7,,
4311304,Lagoa Vermelha,RS,0,19900,3847,4808,9550,1015,6.6,2.0,1.8,2.4,40.7,52.1,40.6,17.6,4311304,Lagoa Vermelha/RS
4311403,Lajeado,RS,0,64158,12287,13299,32135,4624,9.2,2.1,2.8,3.8,33.4,58.7,33.7,18.1,4311403,Lajeado/RS
4311429,Lajeado Do Bugre,RS,0,2108,495,737,757,50,3.2,0.7,0.8,1.6,58.7,37.0,58.3,19.4,,
4311502,Lavras Do Sul,RS,0,5420,1130,1999,1702,318,7.9,3.3,1.2,3.0,60.8,32.0,60.8,17.7,,
4311601,Liberato Salzano,RS,0,4425,982,1370,1709,182,5.6,2.1,1.6,1.7,57.4,37.1,57.8,18.8,,
4311627,Lindolfo Collor,RS,0,4683,700,1209,2260,343,9.0,2.6,2.7,3.3,43.4,51.0,42.8,13.6,4310801,Ivoti/RS
4311643,Linha Nova,RS,0,1511,249,315,781,119,9.8,4.5,2.1,2.9,30.8,59.0,32.2,16.4,,
4311700,Machadinho,RS,0,4842,789,1237,2417,225,5.8,1.7,1.3,2.5,40.6,54.1,40.0,14.7,,
4311718,Maçambará,RS,0,3970,1065,1079,1479,237,8.5,4.8,1.3,2.1,47.6,44.2,47.8,22.8,,
4311734,Mampituba,RS,0,3155,487,932,1406,237,9.2,4.5,1.5,3.0,52.9,39.2,53.3,15.1,4213807,Praia Grande/SC
4311759,Manoel Viana,RS,0,5536,1181,1816,2109,270,6.4,3.0,1.1,1.9,54.4,39.9,53.4,20.2,,
4311775,Maquiné,RS,0,5922,1063,1965,2369,298,6.4,1.8,2.1,2.3,50.7,40.9,52.3,15.6,,
4311791,Maratá,RS,0,2435,341,381,1431,225,11.1,4.4,2.7,3.5,27.0,61.7,28.8,13.0,,
4311809,Marau,RS,0,31646,4963,5613,18196,1991,7.7,2.7,2.2,2.5,30.0,62.6,30.2,16.9,,
4311908,Marcelino Ramos,RS,0,3896,652,1050,1885,202,6.4,2.3,1.4,2.5,41.4,52.3,42.3,15.6,,
4311981,Mariana Pimentel,RS,0,3608,779,837,1633,241,8.9,3.5,1.5,3.4,38.4,52.5,40.5,17.9,,
4312005,Mariano Moro,RS,0,2211,382,610,986,133,7.7,2.3,1.9,3.2,48.5,43.8,48.8,15.9,,
4312054,Marques De Souza,RS,0,3511,608,682,1895,207,7.4,2.5,1.9,2.8,35.2,59.2,34.9,16.3,,
4312104,Mata,RS,0,4013,869,1019,1724,218,7.4,3.4,1.2,2.4,48.1,43.8,48.4,19.5,,
4312138,Mato Castelhano,RS,0,3019,487,544,1779,148,6.0,2.3,2.2,1.4,25.8,67.9,23.8,15.3,,
4312153,Mato Leitão,RS,0,4115,605,835,2153,376,11.2,4.5,2.9,3.4,34.5,56.5,34.8,14.4,4322608,Venâncio Aires/RS
4312179,Mato Queimado,RS,0,1617,266,446,761,107,8.1,3.8,0.7,3.1,46.5,44.0,46.5,16.7,,
4312203,Maximiliano De Almeida,RS,0,3954,759,769,2090,161,5.3,1.5,1.3,2.5,33.1,60.0,33.3,17.4,,
4312252,Minas Do Leão,RS,0,6369,1347,2037,2272,456,9.6,4.0,1.6,3.5,52.2,39.6,52.4,18.3,,
4312302,Miraguaí,RS,0,4473,807,1647,1642,236,6.7,2.0,2.0,2.4,57.8,37.6,56.7,15.1,,
4312351,Montauri,RS,0,1514,231,187,935,110,8.9,5.0,1.2,2.4,22.6,71.4,23.4,16.0,,
4312377,Monte Alegre Dos Campos,RS,0,3352,758,699,1639,145,5.8,2.8,1.3,1.6,37.5,55.2,36.2,23.7,,
4312385,Monte Belo Do Sul,RS,0,3034,461,280,2061,157,6.3,2.4,1.6,1.6,16.3,76.2,17.4,13.5,4302105,Bento Gonçalves/RS
4312401,Montenegro,RS,0,47579,10686,11576,20096,3624,10.3,2.8,3.0,3.9,38.5,51.8,40.2,21.4,,
4312427,Mormaço,RS,0,2764,483,664,1417,127,5.8,1.6,1.6,2.3,41.9,51.6,41.2,16.2,,
4312443,Morrinhos Do Sul,RS,0,3216,495,590,1783,253,9.6,2.5,3.2,3.4,32.7,57.4,33.2,13.5,,
4312450,Morro Redondo,RS,0,5309,1098,1268,2263,440,11.1,4.7,1.9,4.0,39.4,49.3,41.2,18.0,,
4312476,Morro Reuter,RS,0,5415,698,762,3383,415,9.1,2.4,2.7,3.4,24.2,67.3,24.6,12.9,,
4312500,Mostardas,RS,0,9243,2301,2159,3945,455,6.9,2.8,1.6,2.2,41.8,48.2,44.0,20.6,,
4312609,Muçum,RS,0,3973,701,631,2246,261,8.3,3.1,1.8,3.0,26.8,63.8,27.9,14.8,,
4312617,Muitos Capões,RS,0,2854,636,468,1569,102,4.8,2.7,0.7,1.3,30.8,63.3,30.5,19.6,,
4312625,Muliterno,RS,0,2237,426,685,941,102,5.9,1.9,1.2,2.5,48.3,43.6,48.1,17.3,,
4312658,Não-Me-Toque,RS,0,13469,2220,2279,8068,641,5.8,2.0,1.8,1.9,32.1,61.8,30.6,14.8,,
4312674,Nicolau Vergueiro,RS,0,2406,509,489,1275,82,4.4,2.4,0.5,1.5,35.2,58.3,35.4,18.5,,
4312708,Nonoai,RS,0,9663,2159,2892,4025,340,4.7,1.2,1.1,2.1,49.2,46.1,49.3,19.2,,
4312757,Nova Alvorada,RS,0,2805,406,383,1760,135,5.9,1.7,1.8,1.8,27.2,67.7,26.9,12.4,,
4312807,Nova Araçá,RS,0,4136,698,542,2582,210,6.3,1.8,2.2,2.1,21.6,72.4,21.8,17.1,,
4312906,Nova Bassano,RS,0,7205,1018,691,5000,319,5.3,1.8,1.7,1.4,15.6,78.6,16.2,12.7,,
4312955,Nova Boa Vista,RS,0,2028,231,341,1196,199,11.5,5.1,1.9,4.2,30.6,54.5,32.8,11.4,,
4313003,Nova Bréscia,RS,0,2805,433,377,1740,182,7.9,2.3,1.9,3.0,21.2,71.2,22.4,14.2,,
4313011,Nova Candelária,RS,0,2588,270,469,1595,169,7.6,2.9,2.1,2.1,32.6,59.8,33.8,9.1,,
4313037,Nova Esperança Do Sul,RS,0,4338,803,1128,1906,269,8.1,2.7,1.5,3.8,44.7,46.2,46.6,15.8,,
4313060,Nova Hartz,RS,0,14667,2300,3780,7069,1028,8.7,2.0,2.4,3.9,38.9,54.3,38.5,14.4,4319901,Sapiranga/RS
4313086,Nova Pádua,RS,0,2410,352,149,1756,113,5.6,1.1,2.1,1.7,10.3,84.0,11.0,14.8,,
4313102,Nova Palma,RS,0,5060,872,1258,2440,351,8.7,4.0,1.6,2.8,41.6,46.1,44.6,15.4,,
4313201,Nova Petrópolis,RS,0,18127,2834,2759,10409,1668,11.2,3.8,3.3,3.5,22.2,67.5,24.1,15.0,,
4313300,Nova Prata,RS,0,18975,3118,2606,11508,1288,8.4,2.3,2.7,2.8,21.7,70.2,23.0,13.7,,
4313334,Nova Ramada,RS,0,2039,309,448,1096,134,8.0,3.5,1.6,2.8,37.7,53.6,38.5,14.3,,
4313359,Nova Roma Do Sul,RS,0,3182,447,392,2076,182,6.9,2.1,2.1,2.5,22.1,70.8,22.4,12.4,,
4313375,Nova Santa Rita,RS,0,20466,4554,5942,8098,1322,8.6,1.6,3.2,3.3,44.4,48.6,44.3,19.3,4314902,Porto Alegre/RS
4313391,Novo Cabrais,RS,0,3764,678,928,1828,211,7.1,2.0,2.2,2.7,40.8,52.6,40.7,15.6,,
4313409,Novo Hamburgo,RS,0,174486,37244,36361,84471,11437,8.7,2.0,3.0,3.0,30.7,60.9,31.5,20.0,4313409,Novo Hamburgo - São Leopoldo/RS
4313425,Novo Machado,RS,0,3081,533,610,1730,138,5.6,2.0,1.5,1.9,35.9,58.9,35.6,14.8,,
4313441,Novo Tiradentes,RS,0,1973,338,605,845,124,7.9,2.2,2.2,3.0,53.1,38.2,54.3,16.2,,
4313466,Novo Xingu,RS,0,1591,250,497,684,100,7.8,1.9,2.4,3.2,47.5,42.9,49.4,16.1,,
4313490,Novo Barreiro,RS,0,3794,590,1260,1653,148,4.8,1.5,1.5,1.5,52.3,43.8,52.0,12.6,,
4313508,Osório,RS,0,37247,8248,11064,13961,2705,9.8,2.5,2.8,4.1,46.2,43.6,48.2,21.2,4321600,Tramandaí - Osório/RS
4313607,Paim Filho,RS,0,3753,666,1145,1656,128,4.4,1.4,1.4,1.3,48.4,48.9,46.3,15.7,,
4313656,Palmares Do Sul,RS,0,10969,2977,2816,4306,543,7.1,2.7,1.6,2.4,43.5,46.2,44.8,24.8,,
4313706,Palmeira Das Missões,RS,0,24062,4481,7100,10744,999,5.3,1.6,1.5,2.0,46.9,46.9,46.5,17.2,,
4313805,Palmitinho,RS,0,5953,1000,1896,2464,378,8.0,3.3,1.7,2.8,54.5,38.0,54.9,13.8,,
4313904,Panambi,RS,0,32201,5616,5411,18575,1823,7.1,1.9,2.1,2.8,30.0,63.4,29.6,16.6,,
4313953,Pantano Grande,RS,0,8416,1809,2970,2786,526,8.4,3.1,2.1,3.0,58.9,34.3,58.5,19.0,,
4314001,Paraí,RS,0,5977,772,785,3875,380,7.5,2.7,1.7,2.8,22.7,68.3,24.1,14.9,,
4314027,Paraíso Do Sul,RS,0,5367,873,1082,2854,354,8.2,3.2,2.2,2.6,38.3,53.5,37.6,13.8,,
4314035,Pareci Novo,RS,0,3442,555,497,2036,269,9.6,3.1,2.6,3.2,23.4,68.0,24.4,13.2,,
4314050,Parobé,RS,0,39009,6500,9300,19437,2339,7.5,1.4,2.9,2.8,36.3,57.0,36.1,17.5,4321204,Taquara - Parobé - Igrejinha/RS
4314068,Passa Sete,RS,0,3747,673,812,1882,227,7.8,3.3,2.3,2.0,50.2,42.4,50.3,15.9,,
4314076,Passo Do Sobrado,RS,0,5251,759,1361,2689,289,6.7,2.1,2.1,2.1,45.3,48.8,44.7,12.1,,
4314100,Passo Fundo,RS,0,150021,30356,40293,65469,10063,8.7,2.4,3.0,2.9,42.3,49.4,43.3,19.4,,
4314134,Paulo Bento,RS,0,2280,314,433,1310,161,8.5,5.3,0.8,2.0,31.8,59.1,34.1,10.7,,
4314159,Paverama,RS,0,6036,999,1536,2929,383,7.9,2.7,2.0,3.0,40.3,53.7,40.0,16.4,4321451,Teutônia/RS
4314175,Pedras Altas,RS,0,1976,492,778,567,92,6.4,2.2,0.8,3.2,65.5,27.2,66.2,21.8,,
4314209,Pedro Osório,RS,0,6862,1681,2661,1841,376,7.7,2.0,2.3,3.0,63.6,27.0,66.4,22.1,4314209,Pedro Osório - Cerrito/RS
4314308,Pejuçara,RS,0,3096,513,703,1627,137,5.5,1.9,1.4,2.1,39.4,55.2,38.5,15.2,,
4314407,Pelotas,RS,0,244459,50012,86617,77399,19890,10.8,3.0,3.3,3.9,51.8,36.4,56.2,18.4,4314407,Pelotas/RS
4314423,Picada Café,RS,0,4533,667,685,2608,451,12.1,4.7,2.8,3.8,26.9,61.6,27.7,14.6,,
4314456,Pinhal,RS,0,2557,395,660,1294,138,6.6,2.2,1.1,3.1,40.3,48.0,42.4,13.9,,
4314464,Pinhal Da Serra,RS,0,2584,591,717,1132,76,4.0,1.6,0.5,1.8,42.0,48.9,44.0,22.9,,
4314472,Pinhal Grande,RS,0,3602,755,1043,1453,221,8.1,3.8,1.1,3.0,52.0,39.5,53.9,18.4,,
4314498,Pinheirinho Do Vale,RS,0,3806,647,1152,1685,213,7.0,1.9,1.4,3.5,47.2,46.4,47.5,14.3,,
4314506,Pinheiro Machado,RS,0,9524,2544,3527,2278,630,9.8,3.2,1.8,4.4,63.5,26.1,67.2,24.3,,
4314548,Pinto Bandeira,RS,0,2438,375,212,1664,134,6.7,2.1,2.2,2.1,16.9,75.6,16.5,15.2,,
4314555,Pirapó,RS,0,2336,626,772,741,105,6.5,2.6,0.8,3.0,57.3,33.3,58.0,25.1,,
4314605,Piratini,RS,0,14591,3467,5226,4271,832,8.1,2.2,1.7,3.9,60.9,30.3,63.0,19.5,,
4314704,Planalto,RS,0,7977,1775,1998,3603,291,4.9,1.8,1.5,1.4,45.3,49.5,44.6,19.6,,
4314753,Poço Das Antas,RS,0,2014,287,343,1124,186,11.2,4.0,1.9,5.0,27.2,60.4,28.1,15.0,,
4314779,Pontão,RS,0,3373,506,1088,1553,157,5.6,1.2,1.4,2.9,49.6,45.6,49.0,14.9,,
4314787,Ponte Preta,RS,0,1828,204,322,1140,106,6.8,2.1,1.6,2.9,30.2,58.0,33.1,11.5,,
4314803,Portão,RS,0,25742,5030,6252,11690,1835,9.3,2.1,3.0,3.6,38.3,54.3,38.4,17.8,4313409,Novo Hamburgo - São Leopoldo/RS
4314902,Porto Alegre,RS,1,1064200,255333,377252,325139,74386,9.6,2.6,3.1,3.0,49.8,39.1,53.5,22.5,4314902,Porto Alegre/RS
4315008,Porto Lucena,RS,0,3887,828,1053,1698,196,6.7,2.7,1.2,2.5,46.1,45.6,46.7,17.7,,
4315057,Porto Mauá,RS,0,2251,407,477,1215,100,5.6,3.2,1.1,1.2,35.2,59.4,35.6,16.4,,
4315073,Porto Vera Cruz,RS,0,1761,321,534,772,94,6.7,1.6,1.6,3.1,46.0,48.1,47.4,16.7,,
4315107,Porto Xavier,RS,0,7966,1394,2501,3502,293,4.7,1.2,1.3,1.8,48.3,47.0,47.6,15.5,,
4315131,Pouso Novo,RS,0,1660,302,434,780,88,6.8,2.7,1.5,2.3,43.5,51.2,44.0,14.0,,
4315149,Presidente Lucena,RS,0,2670,324,365,1681,219,9.7,4.2,1.6,3.5,22.3,68.0,24.0,9.8,4310801,Ivoti/RS
4315156,Progresso,RS,0,4932,719,1336,2404,299,7.4,2.2,2.2,2.6,46.8,46.2,47.1,12.3,,
4315172,Protásio Alves,RS,0,1939,303,198,1289,83,5.3,1.9,0.7,2.2,17.9,73.3,19.2,12.6,,
4315206,Putinga,RS,0,3807,875,401,2240,187,6.6,2.9,1.6,1.8,21.2,72.0,21.9,22.4,,
4315305,Quaraí,RS,0,17670,4353,5421,6412,921,7.2,2.2,1.8,2.9,51.2,42.4,51.3,22.7,,
4315313,Quatro Irmãos,RS,0,1733,328,374,907,95,6.9,3.6,0.5,2.4,38.3,56.7,37.5,13.8,,
4315321,Quevedos,RS,0,2385,608,745,826,115,6.8,3.2,0.9,2.5,53.8,38.8,55.7,18.4,,
4315354,Quinze De Novembro,RS,0,3825,562,601,2340,242,7.6,3.2,1.5,2.7,29.5,61.2,29.4,14.5,,
4315404,Redentora,RS,0,6768,1465,2952,1976,167,3.3,1.3,0.7,1.2,61.8,31.9,62.4,23.4,,
4315453,Relvado,RS,0,2167,461,366,1172,120,7.2,3.2,1.2,2.5,26.7,64.0,28.7,19.4,,
4315503,Restinga Sêca,RS,0,12277,2453,3300,5487,576,6.2,2.8,1.4,1.7,42.3,48.0,44.0,17.1,,
4315552,Rio Dos Índios,RS,0,2854,630,1020,1004,114,5.3,1.6,1.0,2.5,57.1,37.8,58.1,19.1,,
4315602,Rio Grande,RS,0,150202,41012,58014,35752,9518,9.2,2.1,3.1,3.4,60.7,29.6,64.4,24.2,,
4315701,Rio Pardo,RS,0,28673,6977,10011,8970,1653,8.0,2.7,2.2,2.8,57.3,35.1,58.2,22.3,,
4315750,Riozinho,RS,0,4370,655,1077,2117,350,9.9,3.1,2.9,3.6,44.1,47.3,44.8,14.6,,
4315800,Roca Sales,RS,0,7666,1333,1534,4049,496,8.2,3.5,1.9,2.5,32.8,57.8,34.1,12.8,,
4315909,Rodeio Bonito,RS,0,5375,889,1567,2504,252,5.8,1.2,1.8,2.5,48.2,46.0,46.8,14.6,,
4315958,Rolador,RS,0,2396,440,786,972,109,5.8,2.2,1.3,1.9,53.2,38.6,55.1,16.6,,
4316006,Rolante,RS,0,16313,2451,3536,8678,1119,8.4,2.9,2.1,3.1,35.2,56.3,35.1,14.3,,
4316105,Ronda Alta,RS,0,7415,1201,2594,3099,334,5.5,1.2,1.7,2.4,53.0,42.9,52.9,14.2,,
4316204,Rondinha,RS,0,4481,651,1254,2236,191,5.2,1.9,1.2,1.8,43.3,50.9,42.7,14.2,,
4316303,Roque Gonzales,RS,0,5416,932,1677,2355,263,6.1,2.5,0.9,2.4,47.9,45.2,47.4,13.8,,
4316402,Rosário Do Sul,RS,0,31276,8430,9877,10531,1427,6.5,2.2,1.8,2.3,52.4,40.9,53.1,26.1,,
4316428,Sagrada Família,RS,0,2272,438,770,884,103,5.9,1.3,1.2,3.0,52.7,38.9,51.9,17.2,,
4316436,Saldanha Marinho,RS,0,2529,368,525,1475,104,4.9,2.1,1.1,1.5,36.4,56.2,37.0,12.5,,
4316451,Salto Do Jacuí,RS,0,7867,1557,2544,3107,413,6.8,1.8,1.8,3.1,52.5,41.4,52.9,19.1,,
4316477,Salvador Das Missões,RS,0,2746,405,597,1501,164,7.2,2.2,1.6,2.9,38.0,55.5,38.5,11.9,4305207,Cerro Largo/RS
4316501,Salvador Do Sul,RS,0,5640,831,841,3247,519,11.3,4.5,2.8,3.4,26.4,63.5,28.4,12.2,4316501,Salvador do Sul/RS
4316600,Sananduva,RS,0,13017,2002,2539,7537,521,4.9,1.2,1.8,1.6,31.1,63.4,29.9,15.8,,
4316709,Santa Bárbara Do Sul,RS,0,6723,1140,1527,3540,287,5.4,1.6,1.2,2.0,38.5,55.6,37.1,17.6,,
4316733,Santa Cecília Do Sul,RS,0,1940,314,290,1182,108,6.8,2.5,1.8,2.3,30.7,61.4,30.6,13.8,,
4316758,Santa Clara Do Sul,RS,0,5711,839,920,3316,449,9.6,3.3,2.2,3.7,28.8,61.6,29.1,13.4,4311403,Lajeado/RS
4316808,Santa Cruz Do Sul,RS,0,105305,20300,24913,48362,8183,10.1,3.0,3.3,3.1,38.4,52.0,39.9,18.1,4316808,Santa Cruz do Sul/RS
4316907,Santa Maria,RS,0,207115,49064,63618,75209,13176,8.7,2.6,2.6,2.9,45.4,45.1,47.7,20.9,4316907,Santa Maria/RS
4316956,Santa Maria Do Herval,RS,0,5271,571,994,2912,584,13.0,5.3,2.6,4.6,33.6,56.4,34.6,9.1,,
4316972,Santa Margarida Do Sul,RS,0,2829,594,824,1149,172,8.0,4.0,1.3,2.5,48.8,42.3,50.0,17.6,4318309,São Gabriel/RS
4317004,Santana Da Boa Vista,RS,0,6598,1665,1937,2251,365,8.0,2.8,1.5,3.2,50.9,39.1,53.0,21.1,,
4317103,Sant'Ana Do Livramento,RS,0,72220,21324,23842,20197,4649,9.6,4.0,2.3,3.0,56.2,36.0,57.5,29.2,,
4317202,Santa Rosa,RS,0,57973,10550,11635,30928,3617,7.8,2.4,2.3,2.8,32.7,60.7,32.5,17.7,,
4317251,Santa Tereza,RS,0,1750,272,287,1010,111,7.9,2.3,2.5,2.8,27.0,66.6,27.0,12.8,,
4317301,Santa Vitória Do Palmar,RS,0,23324,6771,7875,6326,1415,9.1,3.2,2.1,3.4,60.0,29.3,62.5,27.4,,
4317400,Santiago,RS,0,39884,10582,9291,16327,2214,8.0,2.8,2.0,2.9,44.0,48.6,45.0,24.2,,
4317509,Santo Ângelo,RS,0,58898,13882,16042,24005,3328,7.7,2.1,2.2,3.0,44.7,47.5,45.3,22.8,4317509,Santo Ângelo/RS
4317558,Santo Antônio Do Palma,RS,0,2077,316,488,1040,162,9.6,3.5,2.2,3.5,46.0,46.4,45.6,13.6,,
4317608,Santo Antônio Da Patrulha,RS,0,33692,7315,8329,14504,2203,8.8,3.0,2.5,3.0,42.4,48.8,42.8,21.4,,
4317707,Santo Antônio Das Missões,RS,0,8347,1936,3074,2674,376,6.1,1.9,1.2,2.8,58.9,33.2,61.1,21.0,,
4317756,Santo Antônio Do Planalto,RS,0,2163,260,341,1398,120,6.5,2.7,1.4,2.2,27.8,62.8,28.9,12.5,,
4317806,Santo Augusto,RS,0,11312,2079,3371,4965,552,6.2,2.4,1.4,2.2,47.4,46.6,47.0,18.1,,
4317905,Santo Cristo,RS,0,12562,1610,3424,6238,909,8.6,3.1,2.1,3.0,41.5,50.5,42.4,14.5,,
4317954,Santo Expedito Do Sul,RS,0,2242,392,511,1148,103,5.8,1.2,1.8,2.4,38.6,55.7,38.1,14.3,,
4318002,São Borja,RS,0,46604,11991,15418,15939,2006,6.0,1.7,1.8,2.3,54.9,38.5,55.3,25.2,,
4318051,São Domingos Do Sul,RS,0,2596,453,512,1398,147,7.2,2.0,1.8,2.6,34.9,56.1,35.9,14.7,,
4318101,São Francisco De Assis,RS,0,14252,3079,4351,5392,660,6.3,2.1,1.9,2.1,54.6,38.0,56.1,18.6,,
4318200,São Francisco De Paula,RS,0,16421,3614,4562,6635,865,7.2,2.3,1.7,2.8,48.2,43.6,48.3,18.1,,
4318309,São Gabriel,RS,0,43890,11812,13067,15396,2297,7.5,2.6,1.8,2.8,50.4,41.9,51.5,25.2,4318309,São Gabriel/RS
4318408,São Jerônimo,RS,0,15910,3519,5154,5447,1147,9.8,3.3,2.8,3.3,51.7,38.8,53.6,17.5,4305355,Charqueadas - Triunfo - São Jerônimo/RS
4318424,São João Da Urtiga,RS,0,4198,644,810,2334,195,5.8,2.4,1.5,1.8,36.7,56.6,36.3,12.9,,
4318432,São João Do Polêsine,RS,0,2578,499,583,1283,146,7.3,2.0,2.2,2.7,34.2,57.1,34.6,18.3,,
4318440,São Jorge,RS,0,2437,292,253,1667,165,7.9,2.7,2.0,3.1,21.2,72.2,20.3,12.3,,
4318457,São José Das Missões,RS,0,2443,487,876,922,71,3.8,1.5,1.0,1.2,59.7,34.6,60.4,15.7,,
4318465,São José Do Herval,RS,0,2231,597,657,799,102,6.5,1.8,2.0,2.5,52.2,41.4,51.9,23.3,,
4318481,São José Do Hortêncio,RS,0,3728,474,527,2400,239,7.5,2.8,1.9,2.6,20.2,72.3,20.4,10.1,,
4318499,São José Do Inhacorá,RS,0,2244,296,421,1264,195,10.4,4.4,2.8,2.7,34.9,53.0,37.0,12.1,,
4318507,São José Do Norte,RS,0,20679,4503,6408,7011,1691,11.2,4.4,2.5,3.8,52.6,34.5,55.9,17.8,,
4318606,São José Do Ouro,RS,0,5762,891,1066,3317,283,6.1,2.4,1.4,2.0,31.0,61.8,31.6,14.0,,
4318614,São José Do Sul,RS,0,2065,286,305,1148,258,15.1,8.2,2.8,3.4,24.8,63.4,26.6,10.8,,
4318622,São José Dos Ausentes,RS,0,3387,796,676,1726,111,4.4,2.1,0.8,1.2,37.3,57.1,35.3,22.4,,
4318705,São Leopoldo,RS,0,162766,38282,45762,63155,10606,8.9,1.9,3.2,3.2,43.2,48.7,44.1,21.4,4313409,Novo Hamburgo - São Leopoldo/RS
4318804,São Lourenço Do Sul,RS,0,35085,7559,8855,15492,2047,7.8,2.5,2.1,2.7,43.9,46.6,44.7,21.1,,
4318903,São Luiz Gonzaga,RS,0,26267,6317,7578,10241,1252,6.6,2.1,1.7,2.6,50.0,42.8,49.1,24.5,,
4319000,São Marcos,RS,0,16687,2595,2265,10092,1144,8.5,2.7,2.2,3.1,22.4,68.0,23.4,13.0,,
4319109,São Martinho,RS,0,4808,721,988,2702,256,6.5,2.1,1.5,2.6,34.7,59.1,35.0,13.7,,
4319125,São Martinho Da Serra,RS,0,3157,704,699,1460,183,7.8,4.1,1.5,2.0,39.1,53.8,41.3,20.2,,
4319158,São Miguel Das Missões,RS,0,5911,1205,1961,2354,189,4.2,0.9,1.1,1.9,52.8,42.1,52.5,17.0,,
4319208,São Nicolau,RS,0,4337,958,1705,1347,151,4.7,1.9,1.1,1.6,58.6,34.6,59.0,18.0,,
4319307,São Paulo Das Missões,RS,0,5214,887,1446,2432,308,7.4,2.4,1.5,3.1,43.8,48.0,45.1,15.6,,
4319356,São Pedro Da Serra,RS,0,3188,383,486,1958,249,9.2,2.6,2.5,3.6,24.8,64.5,25.5,11.4,4316501,Salvador do Sul/RS
4319364,São Pedro Das Missões,RS,0,1650,320,579,622,51,4.1,0.6,1.2,1.8,52.3,44.4,53.2,16.8,,
4319372,São Pedro Do Butiá,RS,0,2665,445,604,1356,172,8.1,2.4,2.3,3.2,37.9,55.8,38.2,12.6,,
4319406,São Pedro Do Sul,RS,0,12686,2753,3355,5223,835,8.9,3.2,2.1,3.3,43.6,46.7,44.8,17.8,,
4319505,São Sebastião Do Caí,RS,0,17536,3356,3933,8474,1216,8.9,3.3,2.2,3.0,36.1,56.0,36.4,15.6,,
4319604,São Sepé,RS,0,17079,3793,5763,5883,1005,7.9,3.0,1.5,2.7,56.0,36.0,57.1,18.2,,
4319703,São Valentim,RS,0,3073,527,676,1668,115,4.7,1.6,1.3,1.6,39.1,55.7,38.8,15.5,,
4319711,São Valentim Do Sul,RS,0,2224,406,318,1310,133,7.5,1.9,1.9,3.4,21.7,71.2,23.9,16.1,,
4319737,São Valério Do Sul,RS,0,2348,423,1007,829,38,2.0,0.6,0.3,1.0,61.3,35.2,60.5,21.2,,
4319752,São Vendelino,RS,0,2409,336,448,1361,199,9.9,3.0,2.4,3.8,27.6,60.9,28.6,11.9,,
4319802,São Vicente Do Sul,RS,0,6760,1510,2089,2504,407,8.1,3.1,1.9,2.9,50.3,41.4,51.7,23.2,,
4319901,Sapiranga,RS,0,61250,10949,14701,30509,3390,7.0,1.4,2.6,2.6,36.9,57.0,36.2,17.7,4319901,Sapiranga/RS
4320008,Sapucaia Do Sul,RS,0,102445,25646,31819,34384,7105,9.7,2.1,3.4,3.6,49.9,41.7,51.1,22.3,4314902,Porto Alegre/RS
4320107,Sarandi,RS,0,17132,2670,3943,9283,835,5.9,1.6,1.9,2.2,35.5,57.3,35.6,14.9,,
4320206,Seberi,RS,0,9356,1544,2481,4597,452,6.0,2.1,1.8,2.0,43.5,50.1,43.5,14.8,,
4320230,Sede Nova,RS,0,2508,392,756,1128,154,7.6,3.6,1.3,2.4,47.3,45.4,48.4,12.7,,
4320263,Segredo,RS,0,5695,1032,1428,2685,349,7.8,3.5,1.9,2.1,47.6,44.9,47.7,16.5,,
4320305,Selbach,RS,0,4334,665,732,2616,218,6.1,1.9,1.9,2.2,28.9,61.9,29.7,14.8,,
4320321,Senador Salgado Filho,RS,0,2669,370,525,1630,102,4.5,1.9,1.0,1.5,26.1,66.0,28.3,12.6,,
4320354,Sentinela Do Sul,RS,0,4237,866,1155,1701,313,9.9,2.6,2.0,4.6,49.6,42.0,50.3,19.0,,
4320404,Serafina Corrêa,RS,0,12678,1931,2022,7636,701,6.8,1.9,2.2,2.4,25.7,67.8,26.1,14.9,,
4320453,Sério,RS,0,2072,357,471,974,187,11.5,5.5,1.6,4.1,44.6,44.0,45.6,14.0,,
4320503,Sertão,RS,0,5015,733,1105,2791,258,6.2,1.8,1.5,2.6,34.8,59.5,33.8,13.4,,
4320552,Sertão Santana,RS,0,5324,1008,936,2838,393,9.4,3.3,2.5,3.4,33.4,58.4,34.2,18.5,,
4320578,Sete De Setembro,RS,0,1804,300,497,813,117,8.2,3.5,1.5,2.9,49.8,42.8,50.7,14.4,,
4320602,Severiano De Almeida,RS,0,3414,503,769,1775,247,8.8,3.3,2.3,2.8,38.5,51.9,39.7,15.4,,
4320651,Silveira Martins,RS,0,2147,402,534,1012,119,7.2,4.1,1.3,1.3,40.4,51.5,40.2,17.5,,
4320677,Sinimbu,RS,0,6825,1061,1685,3212,622,11.3,5.1,3.0,3.0,47.4,44.3,46.3,11.1,,
4320701,Sobradinho,RS,0,10579,1987,2391,5113,725,8.8,2.7,2.6,3.2,42.7,49.0,42.7,20.5,,
4320800,Soledade,RS,0,21730,4155,6171,9715,1045,6.2,1.9,1.9,2.2,49.5,43.9,48.0,16.2,,
4320859,Tabaí,RS,0,4093,749,1283,1720,191,6.0,1.7,1.4,2.5,45.1,50.1,43.8,15.6,,
4320909,Tapejara,RS,0,17490,2665,2582,10789,992,6.9,1.9,1.9,2.9,23.2,69.0,22.6,14.9,,
4321006,Tapera,RS,0,7887,1317,1984,3995,383,6.0,1.3,2.4,2.1,42.3,51.4,41.9,15.0,,
4321105,Tapes,RS,0,11792,2706,3630,4484,558,6.4,1.8,1.9,2.4,48.5,43.7,49.2,19.8,,
4321204,Taquara,RS,0,41562,8848,8613,20632,2223,7.1,1.8,2.6,2.2,32.8,59.9,32.9,20.3,4321204,Taquara - Parobé - Igrejinha/RS
4321303,Taquari,RS,0,19310,3642,5281,8542,1115,7.5,1.9,2.0,3.3,44.1,49.4,43.8,16.2,,
4321329,Taquaruçu Do Sul,RS,0,2822,401,902,1314,112,4.8,1.5,1.5,1.6,47.1,46.8,46.6,12.6,4321329,Taquaruçu do Sul - Vista Alegre/RS
4321352,Tavares,RS,0,4533,1046,1295,1768,234,7.1,2.6,1.1,3.2,46.1,40.2,49.6,20.6,,
4321402,Tenente Portela,RS,0,10706,2034,3571,4251,579,6.9,2.9,1.3,2.5,53.5,40.3,53.6,17.3,,
4321436,Terra De Areia,RS,0,7779,1581,1813,3645,454,7.7,2.0,2.6,2.8,38.5,51.5,40.0,18.7,4304630,Capão da Canoa/RS
4321451,Teutônia,RS,0,25631,4361,5397,12830,2228,10.9,3.1,2.7,4.7,35.4,55.2,35.9,15.2,4321451,Teutônia/RS
4321469,Tio Hugo,RS,0,2707,419,679,1381,159,7.2,2.1,1.3,3.6,40.4,51.6,41.5,13.1,,
4321477,Tiradentes Do Sul,RS,0,4724,997,1501,1849,187,5.3,1.7,1.6,1.8,54.4,40.5,54.7,19.1,,
4321493,Toropi,RS,0,2745,507,623,1347,160,7.5,4.0,1.2,2.2,39.6,52.3,39.9,14.6,,
4321501,Torres,RS,0,33260,7689,7838,14294,2314,9.5,2.1,3.0,3.7,37.7,53.1,39.2,22.8,4321501,Torres/RS
4321600,Tramandaí,RS,0,39076,10910,9978,14578,2435,9.0,2.7,2.6,3.2,42.0,48.9,43.4,26.9,4321600,Tramandaí - Osório/RS
4321626,Travesseiro,RS,0,1983,238,529,964,183,10.9,3.6,2.0,5.0,42.3,50.1,42.4,12.0,,
4321634,Três Arroios,RS,0,2549,414,455,1447,152,7.4,2.6,1.8,2.5,32.1,59.0,31.8,14.8,,
4321667,Três Cachoeiras,RS,0,8189,1227,1415,4933,432,6.4,1.0,2.4,2.5,27.0,65.5,27.9,13.2,,
4321709,Três Coroas,RS,0,17414,2764,3575,9276,1202,8.6,2.2,3.0,2.8,31.4,61.0,32.0,14.9,4321204,Taquara - Parobé - Igrejinha/RS
4321808,Três De Maio,RS,0,18415,2834,3746,10293,1109,7.3,2.5,1.9,2.5,33.4,59.6,33.4,13.9,,
4321832,Três Forquilhas,RS,0,3297,638,881,1512,169,6.6,1.7,2.1,2.6,46.6,45.4,46.1,16.8,,
4321857,Três Palmeiras,RS,0,4078,752,1455,1571,150,4.7,0.9,1.6,2.0,56.3,38.6,54.9,15.4,,
4321907,Três Passos,RS,0,18437,3231,5231,8260,1133,7.8,2.2,2.6,2.7,45.8,47.9,46.1,15.0,,
4321956,Trindade Do Sul,RS,0,5879,1157,1844,2426,252,5.6,1.1,1.9,2.3,53.3,41.6,52.1,15.9,,
4322004,Triunfo,RS,0,21936,4865,5411,9513,1370,8.4,2.2,2.5,3.3,38.6,51.9,40.4,20.0,4305355,Charqueadas - Triunfo - São Jerônimo/RS
4322103,Tucunduva,RS,0,4755,723,942,2754,230,5.9,1.9,1.6,2.2,31.5,62.6,31.5,14.9,,
4322152,Tunas,RS,0,3346,588,1245,1260,130,4.9,1.3,1.6,1.8,63.1,32.0,62.9,17.0,,
4322186,Tupanci Do Sul,RS,0,1474,303,281,749,67,6.1,1.6,1.6,2.6,37.5,56.5,36.9,17.2,,
4322202,Tupanciretã,RS,0,15943,3593,4616,6549,700,5.9,1.9,1.7,2.0,49.4,44.7,48.4,20.1,,
4322251,Tupandi,RS,0,4296,562,501,2814,325,8.9,2.9,2.7,2.7,22.2,70.9,21.2,11.9,,
4322301,Tuparendi,RS,0,7111,1137,1140,4244,427,7.3,3.1,1.7,2.2,27.0,66.6,26.8,16.5,,
4322327,Turuçu,RS,0,3449,630,669,1865,172,6.4,2.5,1.6,1.9,32.5,55.9,33.2,18.1,,
4322343,Ubiretama,RS,0,1894,244,369,1095,130,8.2,3.6,1.6,2.5,28.1,62.0,32.3,11.5,,
4322350,União Da Serra,RS,0,1523,247,228,915,98,7.9,3.8,2.3,1.5,20.5,70.6,21.1,14.9,,
4322376,Unistalda,RS,0,2687,623,750,1134,97,4.9,2.2,0.6,1.8,47.2,46.4,45.6,19.5,,
4322400,Uruguaiana,RS,0,84488,23965,18875,35208,4628,7.9,2.9,2.3,2.4,35.2,56.4,37.0,28.1,,
4322509,Vacaria,RS,0,47383,10465,8729,24190,2480,7.0,2.5,1.9,2.3,31.6,60.8,31.4,22.2,,
4322525,Vale Verde,RS,0,3292,732,805,1408,202,8.4,3.1,1.9,3.0,47.6,43.8,49.6,17.7,,
4322533,Vale Do Sol,RS,0,8086,1377,1847,3830,603,9.6,4.4,2.6,2.3,47.1,45.0,45.6,14.1,,
4322541,Vale Real,RS,0,4872,717,1005,2574,427,10.7,4.2,2.3,3.7,34.0,58.4,33.7,15.1,4305108,Caxias do Sul/RS
4322558,Vanini,RS,0,2018,331,361,1142,105,6.5,2.5,1.5,2.2,33.1,59.1,33.6,14.6,,
4322608,Venâncio Aires,RS,0,53327,10298,11182,26076,3813,9.3,3.4,2.7,2.8,36.4,56.0,36.2,16.7,4322608,Venâncio Aires/RS
4322707,Vera Cruz,RS,0,19445,2620,5035,9537,1443,9.0,3.5,2.4,2.7,43.7,48.9,43.4,10.1,4316808,Santa Cruz do Sul/RS
4322806,Veranópolis,RS,0,18621,3040,2264,11559,1222,8.1,2.6,2.3,2.8,19.9,71.5,20.8,13.5,4322806,Veranópolis/RS
4322855,Vespasiano Corrêa,RS,0,2485,434,203,1659,141,7.0,3.3,1.6,1.8,16.3,77.0,16.5,15.4,,
4322905,Viadutos,RS,0,4028,618,748,2347,190,5.8,2.2,1.1,2.2,31.7,61.2,32.3,13.9,,
4323002,Viamão,RS,0,161662,38350,53863,51080,11356,9.8,2.9,3.3,3.0,51.7,39.4,53.5,19.9,4314902,Porto Alegre/RS
4323101,Vicente Dutra,RS,0,3837,796,971,1831,121,4.1,1.7,1.2,1.1,43.6,51.3,42.0,17.9,,
4323200,Victor Graeff,RS,0,2531,404,443,1490,142,6.8,2.8,2.0,2.1,33.6,59.3,33.4,15.3,,
4323309,Vila Flores,RS,0,3442,473,456,2205,227,7.9,3.5,2.0,2.1,20.3,71.9,21.9,11.9,4322806,Veranópolis/RS
4323358,Vila Lângaro,RS,0,2175,307,347,1354,101,5.6,1.6,1.5,2.2,27.8,65.1,27.2,12.5,,
4323408,Vila Maria,RS,0,3675,556,690,2187,143,4.7,1.4,1.4,1.8,31.9,62.3,31.9,14.0,,
4323457,Vila Nova Do Sul,RS,0,3746,836,1314,1246,184,6.7,1.9,1.6,3.0,56.3,35.0,57.6,21.9,,
4323507,Vista Alegre,RS,0,2612,442,797,1175,121,5.8,2.2,1.3,2.1,55.3,39.2,55.0,12.5,4321329,Taquaruçu do Sul - Vista Alegre/RS
4323606,Vista Alegre Do Prata,RS,0,1657,261,191,978,169,12.6,4.6,1.9,5.8,21.1,66.7,25.2,14.6,,
4323705,Vista Gaúcha,RS,0,2652,472,726,1215,153,7.3,2.9,1.4,2.7,46.6,44.0,47.4,17.2,,
4323754,Vitória Das Missões,RS,0,3443,698,1121,1406,131,4.9,1.1,1.6,2.1,51.6,41.6,52.3,17.4,,
4323770,Westfalia,RS,0,2689,350,402,1594,274,12.1,4.0,2.9,4.9,29.0,59.8,29.7,12.3,4321451,Teutônia/RS
4323804,Xangri-Lá,RS,0,14765,3041,2886,7703,865,7.5,1.8,2.3,3.1,32.5,60.0,32.6,19.4,4304630,Capão da Canoa/RS
5000203,Água Clara,MS,0,13465,4509,2865,5370,460,5.3,0.9,1.8,2.3,42.4,51.7,41.5,31.8,,
5000252,Alcinópolis,MS,0,3809,894,1092,1510,234,8.2,2.7,1.9,3.5,49.7,42.7,50.9,25.2,,
5000609,Amambai,MS,0,27203,8323,6943,10701,778,4.2,0.9,1.4,1.7,42.8,51.8,42.7,23.9,,
5000708,Anastácio,MS,0,18203,4891,5052,7224,678,5.2,1.4,1.2,2.2,45.5,48.0,45.9,25.5,5001102,Aquidauana - Anastácio/MS
5000807,Anaurilândia,MS,0,6297,1520,1933,2396,299,6.5,1.6,1.3,3.5,50.7,41.5,52.3,24.5,,
5000856,Angélica,MS,0,8695,2365,2453,3246,415,6.8,1.2,2.4,2.9,48.2,44.4,48.7,25.3,,
5000906,Antônio João,MS,0,7911,1886,2031,3542,249,4.3,0.8,1.3,2.0,46.5,47.9,46.6,22.3,,
5001003,Aparecida Do Taboado,MS,0,19558,5338,4599,8093,879,6.5,1.7,2.0,2.4,37.8,54.3,39.3,28.3,,
5001102,Aquidauana,MS,0,36393,10580,11058,12723,1346,5.4,1.3,1.6,2.2,47.5,46.2,48.5,26.2,5001102,Aquidauana - Anastácio/MS
5001243,Aral Moreira,MS,0,8273,1873,2504,3563,168,2.7,0.2,0.9,1.4,46.8,49.3,44.8,18.1,,
5001508,Bandeirantes,MS,0,6799,1745,1734,2842,313,6.4,1.6,1.9,2.6,44.4,47.6,45.9,22.0,,
5001904,Bataguassu,MS,0,19771,5508,5075,7765,876,6.4,1.2,2.1,2.8,42.3,49.8,43.4,27.0,,
5002001,Batayporã,MS,0,8414,2284,2360,3307,273,4.6,1.0,1.1,2.3,45.7,46.8,46.7,23.7,,
5002100,Bela Vista,MS,0,16420,4453,4235,6983,465,4.0,0.8,1.4,1.6,42.0,52.5,42.8,26.5,,
5002159,Bodoquena,MS,0,6487,1556,1943,2574,277,5.8,1.0,1.6,3.0,46.9,45.8,48.0,22.9,,
5002209,Bonito,MS,0,19254,5073,4388,8663,810,5.8,1.3,1.7,2.5,38.6,55.5,39.8,22.9,,
5002308,Brasilândia,MS,0,9576,3037,2019,3941,344,5.5,1.6,1.3,2.4,39.3,52.9,40.2,31.9,,
5002407,Caarapó,MS,0,22152,5907,5160,10049,636,4.0,0.8,1.2,1.8,38.7,56.7,38.6,21.4,,
5002605,Camapuã,MS,0,10948,2708,2725,4886,392,4.9,2.0,1.0,1.6,42.5,50.8,42.4,22.6,,
5002704,Campo Grande,MS,1,641185,128942,159856,289672,44160,8.9,2.1,2.9,3.3,34.6,54.6,37.4,17.6,,
5002803,Caracol,MS,0,4723,1087,1241,2214,124,3.5,0.9,0.7,1.7,44.8,51.2,45.1,22.6,,
5002902,Cassilândia,MS,0,15301,4136,2961,6951,789,7.4,3.9,1.2,2.0,33.0,57.3,35.0,29.2,,
5002951,Chapadão Do Sul,MS,0,23000,5591,3860,12182,930,5.5,1.5,1.9,1.9,28.8,66.7,28.4,26.1,,
5003108,Corguinho,MS,0,4479,1126,1287,1750,212,6.5,2.1,1.5,2.6,45.3,46.4,47.4,24.2,,
5003157,Coronel Sapucaia,MS,0,12105,2211,4295,4988,296,3.1,0.5,1.2,1.3,48.0,48.0,47.5,21.3,,
5003207,Corumbá,MS,0,67548,16236,22332,24513,2799,5.6,1.7,1.9,1.6,46.9,44.7,49.5,25.5,5003207,Internacional de Corumbá/Brasil
5003256,Costa Rica,MS,0,22355,6294,4613,10033,919,5.9,1.9,1.6,2.3,38.7,55.1,38.4,28.6,,
5003306,Coxim,MS,0,26464,7110,7119,10656,992,5.3,1.6,1.4,2.1,44.4,49.0,44.7,26.6,,
5003454,Deodápolis,MS,0,10690,2529,3048,4411,423,5.4,1.1,1.4,2.6,44.0,49.1,45.2,22.0,,
5003488,Dois Irmãos Do Buriti,MS,0,8601,2089,3579,2509,258,4.1,1.4,1.2,1.5,62.1,31.6,63.1,22.7,,
5003504,Douradina,MS,0,4920,789,1358,2506,156,3.9,0.7,1.0,2.2,39.0,55.8,39.6,13.2,,
5003702,Dourados,MS,0,166869,33745,40477,79483,8872,6.9,1.3,2.4,2.8,35.7,55.8,37.2,20.8,,
5003751,Eldorado,MS,0,8988,2686,2021,3759,307,5.0,0.7,1.6,2.5,38.4,55.4,38.1,27.7,,
5003801,Fátima Do Sul,MS,0,16886,3677,4939,7072,765,6.0,1.3,1.7,2.6,44.3,47.6,45.5,20.9,,
5003900,Figueirão,MS,0,2805,653,792,1151,145,6.9,3.5,1.2,2.2,45.5,46.0,47.1,20.8,,
5004007,Glória De Dourados,MS,0,8125,1900,2278,3427,306,5.1,1.1,1.8,2.0,44.7,48.3,46.4,21.0,,
5004106,Guia Lopes Da Laguna,MS,0,7950,2153,2092,3255,257,4.6,1.1,1.3,1.9,43.9,49.7,43.8,25.8,5005004,Jardim/MS
5004304,Iguatemi,MS,0,10722,3161,2452,4552,354,4.8,1.1,1.4,2.3,39.4,55.8,39.1,26.4,,
5004403,Inocência,MS,0,7251,2570,1514,2721,256,5.7,1.9,1.2,2.2,40.3,51.5,41.7,29.1,,
5004502,Itaporã,MS,0,14201,2568,3349,7419,521,4.6,0.9,1.7,1.8,35.3,59.0,36.2,19.1,,
5004601,Itaquiraí,MS,0,14628,4499,4474,4871,499,5.1,1.0,1.3,2.6,52.6,41.4,53.6,28.1,,
5004700,Ivinhema,MS,0,21196,5566,4696,9512,933,6.2,1.2,2.1,2.5,38.3,55.2,38.6,22.3,,
5004809,Japorã,MS,0,6581,1528,3273,1452,141,2.9,0.4,0.8,1.6,70.0,26.8,71.5,22.4,,
5004908,Jaraguari,MS,0,6048,1538,1870,2211,306,7.0,2.1,1.6,3.0,47.4,44.5,48.7,21.9,,
5005004,Jardim,MS,0,18633,5095,4191,8299,661,5.0,1.0,1.9,1.9,36.7,57.1,37.2,27.2,5005004,Jardim/MS
5005103,Jateí,MS,0,4340,973,1368,1822,112,3.4,0.7,1.0,1.5,46.3,46.0,48.2,18.6,,
5005152,Juti,MS,0,5982,1655,1873,2196,147,3.5,0.6,1.1,1.6,51.5,44.4,51.0,24.4,,
5005202,Ladário,MS,0,13609,3361,4451,4969,495,5.0,1.3,1.4,1.9,46.8,45.1,49.0,26.1,5003207,Internacional de Corumbá/Brasil
5005251,Laguna Carapã,MS,0,5465,1190,1358,2667,157,3.8,0.6,1.3,1.6,38.8,55.7,37.1,16.5,,
5005400,Maracaju,MS,0,29813,6765,5356,16185,983,4.4,0.7,1.4,2.0,32.6,62.2,32.0,21.1,,
5005608,Miranda,MS,0,20066,5563,7626,5937,558,4.0,0.9,1.1,1.9,58.7,36.4,58.2,24.6,,
5005681,Mundo Novo,MS,0,14988,4018,3461,6593,516,4.9,0.8,1.6,2.2,37.1,57.9,37.2,24.4,,
5005707,Naviraí,MS,0,37528,9839,8020,17261,1549,5.8,1.1,2.2,2.2,33.8,60.0,33.9,24.3,,
5005806,Nioaque,MS,0,10377,2409,3297,4238,278,3.6,0.9,1.2,1.3,46.7,48.2,46.8,24.1,,
5006002,Nova Alvorada Do Sul,MS,0,16244,5589,4003,5815,554,5.3,1.1,1.7,2.4,44.7,49.8,44.7,28.9,,
5006200,Nova Andradina,MS,0,35629,10432,8442,14489,1520,6.2,1.2,1.9,2.8,40.5,52.2,41.4,25.4,,
5006259,Novo Horizonte Do Sul,MS,0,3610,754,1177,1442,144,5.2,0.6,1.7,2.8,49.3,43.9,50.2,22.4,,
5006275,Paraíso Das Águas,MS,0,4335,1156,701,2253,133,4.3,1.3,0.8,1.9,29.8,63.8,27.8,27.5,,
5006309,Paranaíba,MS,0,31506,8190,8030,12815,1541,6.9,2.5,1.4,2.6,40.8,49.8,43.0,24.7,,
5006358,Paranhos,MS,0,9433,3176,3192,2600,158,2.7,0.4,0.9,1.2,56.5,38.8,58.0,26.4,,
5006408,Pedro Gomes,MS,0,6048,1437,1784,2508,170,3.8,1.4,1.1,1.2,46.7,48.1,46.5,24.8,,
5006606,Ponta Porã,MS,0,69957,17787,15824,31418,2891,5.8,1.0,2.1,2.1,36.7,56.0,37.3,24.4,,
5006903,Porto Murtinho,MS,0,8647,2879,2441,2949,232,4.1,0.5,1.7,1.9,47.2,49.1,47.2,32.6,,
5007109,Ribas Do Rio Pardo,MS,0,16370,5087,3970,6317,647,5.9,1.1,2.0,2.5,44.1,48.9,44.4,29.3,,
5007208,Rio Brilhante,MS,0,26188,6459,6397,11885,913,4.8,0.8,1.7,2.0,41.4,53.3,41.4,22.3,,
5007307,Rio Negro,MS,0,4176,928,1215,1775,154,4.9,1.7,0.9,2.1,45.1,47.1,46.3,22.5,,
5007406,Rio Verde De Mato Grosso,MS,0,13917,3490,3583,6090,489,4.8,1.1,1.2,2.2,42.5,52.3,42.1,26.1,,
5007505,Rochedo,MS,0,4984,1279,1229,2125,224,6.3,1.9,1.6,2.4,42.3,48.4,43.7,22.7,,
5007554,Santa Rita Do Pardo,MS,0,5541,1870,1219,2061,254,7.2,1.8,1.8,3.3,44.3,47.3,46.4,26.0,,
5007695,São Gabriel Do Oeste,MS,0,23080,5717,4130,11840,970,5.7,1.4,1.9,2.2,31.0,63.3,31.0,23.8,,
5007703,Sete Quedas,MS,0,7773,2023,1694,3659,191,3.5,0.6,1.2,1.5,36.5,58.3,36.1,23.6,,
5007802,Selvíria,MS,0,7236,1995,2305,2363,298,6.0,1.2,1.8,2.7,57.1,37.1,57.6,23.7,,
5007901,Sidrolândia,MS,0,35153,9645,9542,13860,1381,5.6,1.3,1.6,2.3,43.4,50.4,44.3,22.4,,
5007935,Sonora,MS,0,11254,2618,3066,4947,388,4.6,1.0,1.6,1.9,43.4,51.9,42.9,24.2,,
5007950,Tacuru,MS,0,7003,2340,2596,1695,199,4.4,0.5,1.0,2.8,63.9,31.0,64.1,26.9,,
5007976,Taquarussu,MS,0,3942,996,1381,1413,101,3.5,1.0,1.0,1.5,55.0,41.0,53.8,20.5,,
5008008,Terenos,MS,0,13850,3101,4404,5363,640,6.2,1.8,1.6,2.5,46.0,44.7,47.8,21.1,,
5008305,Três Lagoas,MS,0,88506,23379,21347,36690,4539,7.2,1.4,2.4,2.9,38.9,52.7,41.0,25.3,,
5008404,Vicentina,MS,0,5998,1181,2237,2164,273,5.8,1.2,2.0,2.5,55.3,35.7,57.9,17.7,,
5100102,Acorizal,MT,0,7353,1268,2776,2864,283,4.8,1.7,1.0,1.9,54.6,40.6,54.6,16.3,,
5100201,Água Boa,MT,0,21159,5046,2549,12438,754,4.8,1.8,1.6,1.2,22.0,74.6,21.6,26.9,,
5100250,Alta Floresta,MT,0,43203,9950,7677,23270,1448,4.5,1.1,1.4,1.7,28.6,66.0,28.9,26.0,,
5100300,Alto Araguaia,MT,0,11527,2706,2478,5403,622,7.3,4.3,1.2,1.6,36.8,57.8,37.0,26.7,5100300,Alto Araguaia/MT
5100359,Alto Boa Vista,MT,0,4151,915,681,2349,135,4.3,2.4,1.0,0.9,24.8,71.0,24.8,29.0,,
5100409,Alto Garças,MT,0,8774,1938,2012,4272,309,4.7,1.5,1.2,1.8,38.5,57.0,38.3,24.7,,
5100508,Alto Paraguai,MT,0,6195,1432,2427,1956,191,4.2,1.2,1.0,1.9,58.6,35.4,59.3,24.2,,
5100607,Alto Taquari,MT,0,7979,1969,1552,3951,322,5.5,2.3,1.7,1.4,33.1,62.0,33.4,26.1,,
5100805,Apiacás,MT,0,6340,1542,1266,3244,161,3.5,0.9,1.1,1.2,37.4,58.0,35.7,25.3,,
5101001,Araguaiana,MT,0,3259,815,849,1295,220,9.3,5.8,1.3,1.9,48.6,45.0,47.8,26.3,,
5101209,Araguainha,MT,0,1233,270,400,498,38,4.1,1.7,0.5,1.7,57.1,38.6,53.3,20.0,,
5101258,Araputanga,MT,0,11533,2515,2005,6325,392,4.5,1.3,1.1,1.8,27.7,66.2,28.4,27.3,,
5101308,Arenápolis,MT,0,7881,1608,2101,3621,330,5.5,1.8,1.5,1.9,39.8,54.0,41.0,23.9,5101308,Arenápolis - Nortelândia/MT
5101407,Aripuanã,MT,0,17103,5335,2192,8794,497,4.3,1.1,1.8,1.4,24.8,71.2,25.0,33.1,,
5101605,Barão De Melgaço,MT,0,6862,1232,3158,2064,262,4.8,1.6,1.0,1.5,61.5,33.4,63.2,18.6,,
5101704,Barra Do Bugres,MT,0,22360,4859,7085,8893,920,5.4,1.4,1.6,2.1,48.8,45.5,49.3,25.7,,
5101803,Barra Do Garças,MT,0,47123,10986,11720,21019,2380,6.8,2.8,1.7,1.9,38.2,55.7,39.1,28.1,5101803,Barra do Garças/MT
5101837,Boa Esperança Do Norte,MT,0,4326,1081,764,2243,182,5.7,0.9,1.9,2.8,,,,,,
5101852,Bom Jesus Do Araguaia,MT,0,5661,1501,1161,2638,254,6.3,3.3,1.2,1.6,38.7,57.1,37.7,30.6,,
5101902,Brasnorte,MT,0,12659,3454,2108,6575,283,3.2,0.7,0.9,1.4,27.3,68.9,27.5,29.3,,
5102504,Cáceres,MT,0,62205,14913,19130,24018,2705,5.9,2.0,1.5,1.9,46.8,46.8,48.4,27.8,,
5102603,Campinápolis,MT,0,11507,3130,4457,3471,257,3.1,2.0,0.5,0.6,56.5,40.1,56.5,27.4,,
5102637,Campo Novo Do Parecis,MT,0,31126,7359,5529,16547,1078,4.7,1.1,1.5,1.8,31.7,64.2,31.0,25.6,,
5102678,Campo Verde,MT,0,33977,7616,6202,18026,1469,5.7,1.4,2.1,2.0,30.4,64.5,30.9,23.7,,
5102686,Campos De Júlio,MT,0,6787,1805,1115,3554,188,3.9,0.6,1.8,1.3,28.8,67.9,27.2,26.0,,
5102694,Canabrava Do Norte,MT,0,4167,1151,749,2090,117,4.0,1.3,0.8,1.8,30.6,64.0,31.7,29.6,,
5102702,Canarana,MT,0,17766,4142,2339,10515,502,3.8,1.4,1.3,0.9,21.8,74.8,22.2,28.1,,
5102793,Carlinda,MT,0,8400,2129,2064,3707,291,4.8,1.5,1.1,2.0,41.2,52.6,41.8,25.6,,
5102850,Castanheira,MT,0,6035,1465,1174,3050,183,4.2,1.6,0.8,1.4,33.2,61.6,32.6,25.4,,
5103007,Chapada Dos Guimarães,MT,0,17941,4063,5968,6773,734,5.5,2.1,1.3,1.9,48.8,45.6,49.8,23.2,,
5103056,Cláudia,MT,0,8579,1721,1351,5097,235,3.5,0.8,1.6,1.0,24.9,71.2,24.7,22.8,,
5103106,Cocalinho,MT,0,5454,1657,1171,2233,286,7.8,5.8,1.1,0.7,43.8,53.3,42.5,32.9,,
5103205,Colíder,MT,0,23598,5208,2786,14305,821,4.6,0.9,1.5,1.9,19.0,76.0,19.5,25.0,,
5103254,Colniza,MT,0,19479,5289,2679,10609,544,3.9,0.9,1.2,1.7,24.7,71.1,24.4,29.7,,
5103304,Comodoro,MT,0,14317,3818,2733,7003,419,4.1,1.1,1.1,1.7,31.5,64.3,31.4,29.0,,
5103353,Confresa,MT,0,26068,6123,4262,14321,877,4.5,1.7,1.3,1.3,30.4,65.7,30.2,26.7,,
5103361,Conquista D'Oeste,MT,0,3426,988,539,1751,88,3.7,0.5,1.1,2.0,27.9,68.1,27.0,28.5,,
5103379,Cotriguaçu,MT,0,7706,1735,1419,4146,233,4.0,1.4,1.2,1.2,29.0,66.1,29.7,27.1,,
5103403,Cuiabá,MT,1,456517,83215,123207,208637,29772,8.2,2.3,2.2,3.0,36.5,55.1,38.5,16.2,5103403,Cuiabá/MT
5103437,Curvelândia,MT,0,4408,827,1113,2214,146,4.2,1.8,1.1,1.1,36.4,58.5,37.0,21.7,,
5103452,Denise,MT,0,5710,1065,1757,2523,186,4.2,0.9,1.1,2.0,44.2,50.9,45.1,19.8,,
5103502,Diamantino,MT,0,16562,3933,3667,8095,523,4.3,1.1,1.5,1.4,37.2,58.6,37.1,23.9,,
5103601,Dom Aquino,MT,0,6230,1233,1582,2999,259,5.3,2.3,1.1,1.8,42.1,51.5,42.5,23.4,,
5103700,Feliz Natal,MT,0,7181,1778,1449,3675,179,3.4,0.7,1.1,1.4,34.6,62.4,32.2,26.6,,
5103809,Figueirópolis D'Oeste,MT,0,2866,541,416,1758,75,3.3,0.9,1.2,1.1,23.3,71.5,24.7,28.1,,
5103858,Gaúcha Do Norte,MT,0,6795,1750,1509,3271,162,3.3,1.1,0.9,1.1,31.4,65.5,31.5,26.2,,
5103908,General Carneiro,MT,0,4719,1292,1440,1742,161,4.8,2.5,0.9,1.2,49.1,46.8,49.6,24.6,,
5103957,Glória D'Oeste,MT,0,2685,552,556,1447,75,3.6,1.2,1.0,1.2,32.9,63.1,32.6,22.9,,
5104104,Guarantã Do Norte,MT,0,22729,5097,2696,13975,564,3.3,0.6,1.5,1.0,18.9,77.6,18.9,27.7,,
5104203,Guiratinga,MT,0,8175,1784,2322,3448,400,6.5,3.0,1.2,2.1,44.9,48.3,45.8,23.3,,
5104500,Indiavaí,MT,0,2028,365,508,1031,73,4.5,0.9,0.9,2.7,41.9,53.4,42.8,21.4,,
5104526,Ipiranga Do Norte,MT,0,5997,1223,1043,3454,206,4.4,0.7,1.7,1.8,26.5,70.2,25.7,23.5,,
5104542,Itanhangá,MT,0,5239,1092,618,3373,92,2.2,0.4,1.0,0.8,21.1,77.0,19.2,25.2,,
5104559,Itaúba,MT,0,4349,1061,696,2389,113,3.5,0.6,1.2,1.5,31.5,63.3,31.1,29.7,,
5104609,Itiquira,MT,0,9345,2369,2111,4240,388,5.8,1.9,1.6,2.0,38.2,55.2,38.9,26.9,,
5104807,Jaciara,MT,0,20547,4561,4059,10618,833,5.4,1.7,1.1,2.3,30.9,63.1,32.1,22.1,5104807,Jaciara/MT
5104906,Jangada,MT,0,7473,1386,2967,2682,265,4.5,1.6,1.1,1.6,59.1,35.9,58.6,19.5,,
5105002,Jauru,MT,0,7115,1831,1155,3775,195,3.8,1.1,0.9,1.7,28.4,66.8,28.8,34.0,,
5105101,Juara,MT,0,25464,6166,3717,14232,773,4.1,1.2,1.1,1.6,23.5,71.5,23.9,27.5,,
5105150,Juína,MT,0,34218,9157,5871,17325,1074,4.4,1.2,1.3,1.7,29.7,65.6,29.6,28.2,,
5105176,Juruena,MT,0,7692,2074,1295,3965,197,3.6,0.9,1.1,1.4,27.9,67.8,28.1,28.0,,
5105200,Juscimeira,MT,0,8751,1567,2434,4261,281,4.0,1.3,0.7,1.8,40.2,54.6,41.9,25.3,,
5105234,Lambari D'Oeste,MT,0,4215,886,1294,1746,165,5.2,1.5,1.6,2.0,45.4,48.2,48.0,28.2,,
5105259,Lucas Do Rio Verde,MT,0,54792,12358,8636,30711,2051,5.0,0.8,2.1,1.8,25.5,70.4,25.1,24.9,,
5105309,Luciara,MT,0,2406,518,748,1017,80,4.3,1.3,0.4,2.3,44.7,50.6,45.3,23.6,,
5105507,Vila Bela Da Santíssima Trindade,MT,0,11198,2880,2791,4975,315,3.9,1.4,0.8,1.6,43.1,51.2,43.0,26.7,,
5105580,Marcelândia,MT,0,9499,2565,1265,5292,154,2.3,0.5,1.1,0.6,23.0,73.9,22.8,30.4,,
5105606,Matupá,MT,0,15134,3510,2114,8825,437,3.8,0.9,1.4,1.4,26.4,69.6,25.8,26.1,,
5105622,Mirassol D'Oeste,MT,0,19682,4305,3781,10277,719,4.9,1.4,1.8,1.5,30.5,64.0,31.1,25.8,,
5105903,Nobres,MT,0,12502,2569,2637,6602,400,4.2,1.4,1.3,1.2,31.6,63.1,31.3,21.3,,
5106000,Nortelândia,MT,0,4871,985,1663,1798,243,6.6,1.8,1.4,3.2,49.1,44.2,50.4,21.2,5101308,Arenápolis - Nortelândia/MT
5106109,Nossa Senhora Do Livramento,MT,0,13537,2408,6530,3739,510,4.7,2.0,0.8,1.6,65.8,28.9,67.0,18.5,,
5106158,Nova Bandeirantes,MT,0,10127,2558,1120,6062,200,2.7,0.9,0.8,1.0,19.4,76.6,19.8,28.9,,
5106174,Nova Nazaré,MT,0,3521,1116,1011,1191,114,4.9,2.8,0.7,1.4,42.9,52.0,46.1,34.8,,
5106182,Nova Lacerda,MT,0,4972,1514,978,2201,176,5.2,1.1,1.2,2.7,37.5,57.6,37.4,32.3,,
5106190,Nova Santa Helena,MT,0,3384,795,587,1830,98,3.9,0.9,1.7,1.2,28.4,68.0,27.7,22.5,,
5106208,Nova Brasilândia,MT,0,3832,846,1210,1500,181,6.3,2.1,1.1,2.9,49.6,42.6,51.2,24.1,,
5106216,Nova Canaã Do Norte,MT,0,10256,2469,1499,5758,276,3.7,1.2,0.9,1.3,26.4,67.7,26.6,27.9,,
5106224,Nova Mutum,MT,0,37953,7995,5669,22032,1523,5.2,0.8,1.9,2.2,25.5,70.5,25.3,23.4,,
5106232,Nova Olímpia,MT,0,12967,2786,4303,4935,516,5.3,1.4,1.6,2.1,51.8,43.3,51.8,24.9,,
5106240,Nova Ubiratã,MT,0,7592,1944,1186,4121,230,4.2,0.8,1.5,1.8,31.6,64.4,30.3,26.6,,
5106257,Nova Xavantina,MT,0,16249,4210,2868,8243,585,5.0,2.1,1.4,1.3,30.9,64.3,30.9,30.4,,
5106265,Novo Mundo,MT,0,6075,1516,1043,3294,128,2.9,1.0,0.6,1.1,29.2,67.4,29.0,26.4,,
5106273,Novo Horizonte Do Norte,MT,0,3305,701,648,1779,119,4.7,0.9,0.9,2.7,31.5,61.2,32.4,25.4,,
5106281,Novo São Joaquim,MT,0,5505,1354,1035,2796,199,4.9,2.8,0.9,1.2,31.6,64.2,31.8,26.7,,
5106299,Paranaíta,MT,0,9406,2158,1630,5150,267,3.8,1.1,1.0,1.5,30.4,64.3,30.1,25.0,,
5106307,Paranatinga,MT,0,16917,4297,3087,8745,495,4.0,1.2,1.2,1.5,30.0,65.3,30.0,28.4,,
5106315,Novo Santo Antônio,MT,0,2039,599,376,950,76,5.4,2.4,0.6,2.4,37.1,56.8,39.3,30.4,,
5106372,Pedra Preta,MT,0,14477,3441,3751,6283,598,5.6,2.0,1.8,1.6,43.0,51.3,43.8,24.8,,
5106422,Peixoto De Azevedo,MT,0,23802,6123,5506,10882,805,4.7,1.1,1.6,1.8,42.1,53.3,42.4,26.4,,
5106455,Planalto Da Serra,MT,0,3110,754,953,1193,134,5.9,1.7,1.4,2.4,50.0,44.6,50.4,23.4,,
5106505,Poconé,MT,0,25545,6095,10514,7486,827,4.4,1.8,0.7,1.6,63.1,32.7,63.6,23.7,,
5106653,Pontal Do Araguaia,MT,0,5354,1015,1408,2495,324,7.7,3.4,2.1,1.9,41.5,52.7,41.5,23.0,5101803,Barra do Garças/MT
5106703,Ponte Branca,MT,0,2037,489,704,680,100,6.7,2.8,0.3,3.3,58.9,35.2,59.7,24.0,,
5106752,Pontes E Lacerda,MT,0,34620,8760,4594,19351,1166,4.6,1.2,1.5,1.8,23.6,70.8,24.5,27.2,,
5106778,Porto Alegre Do Norte,MT,0,7904,1859,1779,3863,235,4.0,1.8,0.8,1.3,39.4,56.8,38.9,30.8,,
5106802,Porto Dos Gaúchos,MT,0,4455,1024,640,2583,121,3.6,1.1,1.4,1.0,26.2,69.6,25.5,24.6,,
5106828,Porto Esperidião,MT,0,8053,2109,2055,3488,196,3.4,1.0,1.2,1.2,45.4,51.0,44.5,27.4,,
5106851,Porto Estrela,MT,0,3328,663,1443,1048,87,3.4,1.6,0.5,1.1,62.4,32.8,64.3,23.1,,
5107008,Poxoréu,MT,0,14509,3708,4058,5778,590,5.7,1.8,1.1,2.6,47.2,46.1,48.1,30.9,,
5107040,Primavera Do Leste,MT,0,57120,12811,8209,32776,2233,5.2,1.2,1.8,1.8,24.2,71.3,24.4,21.9,,
5107065,Querência,MT,0,18997,4750,2992,10420,573,4.1,1.6,1.0,1.4,26.3,70.6,24.8,28.4,,
5107107,São José Dos Quatro Marcos,MT,0,13117,2864,2640,6871,359,3.6,1.1,1.2,1.2,30.7,64.3,31.2,28.0,,
5107156,Reserva Do Cabaçal,MT,0,1838,373,524,812,79,5.6,1.2,0.8,3.5,41.1,51.1,42.6,29.0,,
5107180,Ribeirão Cascalheira,MT,0,7618,1800,1483,3961,207,3.7,1.9,0.6,1.1,32.9,62.6,33.1,29.4,,
5107198,Ribeirãozinho,MT,0,2466,487,706,1064,156,8.1,3.6,1.7,2.3,46.7,46.7,47.8,20.4,,
5107206,Rio Branco,MT,0,3897,846,1035,1732,169,5.8,1.5,1.6,2.4,41.4,52.1,42.8,23.8,,
5107248,Santa Carmem,MT,0,4178,721,612,2624,140,4.2,0.7,1.5,1.8,22.5,73.3,22.6,22.1,,
5107263,Santo Afonso,MT,0,2661,588,652,1251,108,5.4,1.2,1.2,2.9,41.7,52.4,41.0,23.5,,
5107297,São José Do Povo,MT,0,3000,624,852,1307,133,5.8,2.6,0.7,2.2,43.2,49.9,44.7,23.7,,
5107305,São José Do Rio Claro,MT,0,11217,2375,1741,6570,285,3.3,0.9,1.0,1.1,23.3,72.4,23.2,26.4,,
5107354,São José Do Xingu,MT,0,5340,1649,1153,2293,140,3.9,1.4,1.0,1.5,42.8,53.7,42.3,34.1,,
5107404,São Pedro Da Cipa,MT,0,3891,772,1213,1736,100,3.3,0.7,0.7,1.6,45.9,49.2,46.7,23.6,5104807,Jaciara/MT
5107578,Rondolândia,MT,0,3084,786,861,1295,77,3.5,0.9,1.1,1.4,42.7,51.4,44.3,30.8,,
5107602,Rondonópolis,MT,0,177622,40701,38046,85901,8669,6.5,2.2,2.0,2.0,34.5,59.6,35.1,22.5,,
5107701,Rosário Oeste,MT,0,13155,2970,4253,5223,381,3.9,1.3,0.9,1.5,51.8,42.7,51.8,23.8,,
5107743,Santa Cruz Do Xingu,MT,0,2268,617,370,1175,65,4.0,0.9,1.3,1.7,32.5,63.6,31.2,29.5,,
5107750,Salto Do Céu,MT,0,3076,668,680,1566,80,3.4,1.0,0.6,1.6,33.1,61.6,34.2,22.0,,
5107768,Santa Rita Do Trivelato,MT,0,2606,579,478,1373,130,6.6,0.9,1.6,3.7,31.8,62.9,31.6,29.1,,
5107776,Santa Terezinha,MT,0,5358,1439,1693,1909,186,4.9,2.1,0.7,2.1,54.4,39.9,55.5,29.1,,
5107792,Santo Antônio Do Leste,MT,0,2731,703,660,1219,88,4.5,1.5,1.1,1.8,36.2,58.7,36.7,30.8,,
5107800,Santo Antônio Do Leverger,MT,0,17145,3435,6337,6285,703,5.3,2.1,1.0,1.8,52.5,41.5,53.3,19.2,,
5107859,São Félix Do Araguaia,MT,0,8490,2562,1921,3600,248,4.3,2.0,0.8,1.3,37.7,57.3,39.0,32.3,,
5107875,Sapezal,MT,0,20539,5495,3520,10477,655,4.5,0.7,1.9,1.8,30.5,65.9,30.3,30.3,,
5107883,Serra Nova Dourada,MT,0,1725,542,271,836,49,4.2,2.7,0.6,0.9,32.8,63.5,32.5,28.8,,
5107909,Sinop,MT,0,127167,28825,17568,73701,4877,5.1,0.9,2.0,1.8,22.9,72.2,23.1,23.5,,
5107925,Sorriso,MT,0,76028,16315,11829,43990,2639,4.5,0.7,1.8,1.8,26.3,70.2,25.7,22.4,,
5107941,Tabaporã,MT,0,8039,2116,1093,4500,203,3.5,0.9,1.1,1.4,23.3,72.0,23.1,28.2,,
5107958,Tangará Da Serra,MT,0,70136,15886,11800,38028,2927,5.5,1.4,1.8,2.0,25.9,67.7,26.6,27.0,,
5108006,Tapurah,MT,0,9694,2052,1351,5887,247,3.3,0.5,1.5,1.2,23.6,73.0,22.9,26.5,,
5108055,Terra Nova Do Norte,MT,0,9125,2154,1873,4591,309,4.6,1.3,1.3,1.9,34.0,60.9,34.0,26.9,,
5108105,Tesouro,MT,0,2759,658,879,1024,132,6.5,3.1,1.1,2.0,50.9,40.2,51.8,23.8,,
5108204,Torixoréu,MT,0,3727,735,1057,1663,189,6.5,3.4,1.3,1.6,45.5,48.4,47.1,21.2,5108204,Torixoréu/MT - Baliza/GO
5108303,União Do Sul,MT,0,3630,949,663,1918,59,2.2,0.6,0.9,0.7,33.1,63.3,30.7,25.3,,
5108352,Vale De São Domingos,MT,0,2721,575,415,1610,63,3.0,1.3,0.9,0.5,24.7,72.0,24.7,26.9,,
5108402,Várzea Grande,MT,0,194985,38256,55331,85581,10772,7.1,2.1,1.9,2.4,40.2,53.0,41.2,17.6,5103403,Cuiabá/MT
5108501,Vera,MT,0,7850,1676,1337,4397,263,4.4,0.8,1.7,1.7,28.2,67.2,28.0,25.8,,
5108600,Vila Rica,MT,0,13846,3531,2213,7421,390,3.9,1.8,0.9,1.2,30.9,64.9,30.1,31.2,,
5108808,Nova Guarita,MT,0,4119,936,900,2075,116,3.8,0.7,1.4,1.6,36.1,60.6,35.5,26.1,,
5108857,Nova Marilândia,MT,0,3030,717,758,1392,93,4.2,0.8,0.9,2.2,38.8,55.6,39.4,23.9,,
5108907,Nova Maringá,MT,0,4626,1279,741,2432,84,2.6,0.6,1.0,0.9,29.4,67.6,28.8,29.0,,
5108956,Nova Monte Verde,MT,0,6036,1316,1041,3339,208,4.5,1.2,1.6,1.7,28.2,67.5,28.0,27.1,,
5200050,Abadia De Goiás,GO,0,15631,3878,3480,5749,2108,18.6,16.3,1.1,1.2,40.5,52.3,41.4,24.2,5208707,Goiânia/GO
5200100,Abadiânia,GO,0,12586,2756,2319,5710,1412,15.0,12.8,1.0,1.0,30.9,62.0,32.5,19.8,,
5200134,Acreúna,GO,0,15970,3387,3772,7342,1048,8.6,6.9,0.8,0.8,44.0,50.0,44.1,22.1,,
5200159,Adelândia,GO,0,2963,601,523,1422,346,15.1,13.9,0.3,0.7,28.2,65.8,30.0,20.2,,
5200175,Água Fria De Goiás,GO,0,5099,1218,1024,1906,824,21.9,20.5,0.7,0.6,39.1,52.5,40.2,24.7,,
5200209,Água Limpa,GO,0,2635,616,602,1073,287,14.6,12.8,0.8,0.9,44.1,49.6,45.2,20.3,,
5200258,Águas Lindas De Goiás,GO,0,125210,26718,37004,44175,13575,14.3,10.8,1.9,1.5,45.5,46.5,47.3,19.3,5300108,Brasília/DF
5200308,Alexânia,GO,0,21974,4658,4114,9942,2643,15.8,13.7,1.2,0.8,31.1,60.8,32.8,20.1,,
5200506,Aloândia,GO,0,2168,437,609,874,175,10.6,8.9,0.3,1.1,43.4,48.5,46.4,18.4,,
5200555,Alto Horizonte,GO,0,6397,1703,1433,2579,566,12.4,10.2,0.9,1.1,41.1,54.2,41.8,26.0,,
5200605,Alto Paraíso De Goiás,GO,0,7682,2078,2874,1853,739,13.5,10.2,1.1,1.9,59.4,34.1,62.0,23.7,,
5200803,Alvorada Do Norte,GO,0,6780,1609,2089,2164,703,14.2,11.9,1.0,1.1,49.9,43.3,52.2,23.6,5200803,Alvorada do Norte - Simolândia/GO
5200829,Amaralina,GO,0,2969,756,919,865,342,16.1,13.9,0.9,1.3,53.3,39.6,57.0,22.0,,
5200852,Americano Do Brasil,GO,0,5599,1114,1554,2044,730,16.9,14.3,1.0,1.4,47.7,43.6,50.3,19.7,,
5200902,Amorinópolis,GO,0,3862,791,982,1595,377,12.8,10.9,0.4,1.4,44.2,48.9,45.0,19.4,,
5201108,Anápolis,GO,0,288292,64228,47059,135929,32483,15.1,11.5,1.8,1.6,27.9,63.0,29.4,22.7,,
5201207,Anhangüera,GO,0,1738,645,430,475,149,14.1,11.7,0.8,1.6,48.7,42.7,53.6,26.6,,
5201306,Anicuns,GO,0,15170,3002,3476,6256,1982,16.9,14.9,1.0,0.9,37.9,55.4,39.2,18.7,,
5201405,Aparecida De Goiânia,GO,0,341263,72628,81517,130460,46159,17.9,14.4,1.6,1.6,39.9,50.7,42.1,21.5,5208707,Goiânia/GO
5201454,Aparecida Do Rio Doce,GO,0,3439,923,844,1342,235,9.7,6.1,2.0,1.5,49.3,44.9,49.7,23.6,,
5201504,Aporé,GO,0,3455,897,694,1310,445,18.2,15.6,1.2,1.4,43.0,50.8,44.1,27.2,,
5201603,Araçu,GO,0,4172,676,1298,1479,585,17.4,15.0,1.3,1.1,48.4,44.0,49.8,16.8,,
5201702,Aragarças,GO,0,13908,3239,3648,5724,978,9.4,5.6,1.9,1.7,43.2,51.0,43.7,23.5,5101803,Barra do Garças/MT
5201801,Aragoiânia,GO,0,10215,2140,2618,3803,1348,17.4,15.1,0.8,1.4,43.5,49.2,44.4,21.1,5208707,Goiânia/GO
5202155,Araguapaz,GO,0,6011,1360,1642,2241,637,14.1,13.0,0.6,0.4,47.6,45.9,47.3,23.7,,
5202353,Arenópolis,GO,0,3626,809,1019,1425,301,11.0,9.1,0.5,1.2,48.7,44.9,48.9,19.8,,
5202502,Aruanã,GO,0,7391,2187,1768,2378,879,17.5,15.5,0.7,1.2,47.9,47.1,47.8,32.0,,
5202601,Aurilândia,GO,0,3295,729,1090,1116,280,11.3,9.9,0.8,0.5,54.0,40.2,54.8,23.6,,
5202809,Avelinópolis,GO,0,4465,1008,906,1958,504,15.0,13.2,0.7,1.0,38.0,54.9,39.8,17.6,,
5203104,Baliza,GO,0,3329,833,1109,1059,250,10.3,8.0,1.1,1.2,59.4,35.6,59.6,24.3,5108204,Torixoréu/MT - Baliza/GO
5203203,Barro Alto,GO,0,10023,2434,2185,3744,1408,19.2,17.2,0.7,1.2,44.2,49.1,46.0,23.9,5208608,Goianésia/GO
5203302,Bela Vista De Goiás,GO,0,24222,5632,5039,9205,3628,20.3,17.7,1.1,1.4,39.3,51.0,41.3,24.8,,
5203401,Bom Jardim De Goiás,GO,0,7603,1721,2264,2910,540,9.4,7.4,0.7,1.2,53.2,41.7,53.5,22.6,,
5203500,Bom Jesus,GO,0,18138,4473,4306,7383,1322,10.2,6.6,1.9,1.6,46.4,47.5,46.9,25.6,,
5203559,Bonfinópolis,GO,0,7873,1530,2049,2993,1044,17.1,14.6,1.2,1.2,47.3,44.5,49.0,17.8,5208707,Goiânia/GO
5203575,Bonópolis,GO,0,3730,1024,1124,1135,383,14.5,13.6,0.3,0.6,54.8,39.9,56.1,23.8,,
5203609,Brazabrantes,GO,0,3891,890,1018,1374,498,17.2,14.9,1.1,0.9,42.9,49.8,43.7,23.2,5208707,Goiânia/GO
5203807,Britânia,GO,0,5183,1240,1118,2187,517,13.5,11.1,0.9,1.4,39.8,53.1,41.4,22.2,,
5203906,Buriti Alegre,GO,0,8690,2482,1969,3257,748,12.5,10.0,1.1,1.2,45.2,48.4,46.5,26.4,,
5203939,Buriti De Goiás,GO,0,3494,755,651,1500,514,19.3,17.3,1.1,0.7,32.5,61.2,34.1,20.4,,
5203962,Buritinópolis,GO,0,3507,903,1113,1058,315,12.7,9.0,1.2,2.4,51.2,38.7,55.8,27.9,,
5204003,Cabeceiras,GO,0,7447,1629,2192,2733,653,11.7,9.7,0.8,1.0,51.1,42.0,51.3,21.4,,
5204102,Cachoeira Alta,GO,0,7723,1986,1798,2972,704,12.9,9.8,1.2,1.8,46.6,47.2,47.3,26.4,,
5204201,Cachoeira De Goiás,GO,0,2065,484,525,778,218,14.3,13.3,0.6,0.4,45.5,46.2,47.8,24.2,,
5204250,Cachoeira Dourada,GO,0,7232,1695,2106,2635,580,10.9,8.5,1.0,1.3,54.7,40.7,54.0,23.7,,
5204300,Caçu,GO,0,10792,2532,2012,5222,766,9.6,7.3,0.6,1.5,37.0,56.4,37.2,24.7,,
5204409,Caiapônia,GO,0,13208,3082,3097,5595,1092,11.2,8.6,1.1,1.4,41.7,52.3,41.9,25.4,,
5204508,Caldas Novas,GO,0,68138,16446,13530,29008,6907,14.0,10.4,1.7,1.7,34.3,58.5,35.8,24.8,5204508,Caldas Novas/GO
5204557,Caldazinha,GO,0,4292,989,957,1494,732,23.0,20.7,1.1,1.0,42.4,46.4,46.0,22.4,5208707,Goiânia/GO
5204607,Campestre De Goiás,GO,0,4041,978,1079,1407,471,15.9,13.4,1.5,1.0,46.5,46.9,47.8,23.0,,
5204656,Campinaçu,GO,0,3775,1011,1046,1303,324,12.1,10.8,0.5,0.7,50.4,43.5,51.5,22.0,,
5204706,Campinorte,GO,0,9168,2047,1818,4071,1011,14.7,12.1,1.0,1.3,35.3,57.4,36.2,24.4,,
5204805,Campo Alegre De Goiás,GO,0,5811,1160,1628,2373,501,11.1,8.2,0.9,1.8,49.0,44.2,50.1,21.2,,
5204854,Campo Limpo De Goiás,GO,0,6772,1426,1305,2930,935,18.1,16.5,0.8,0.7,36.3,57.8,35.9,21.1,,
5204904,Campos Belos,GO,0,14899,3838,5081,3843,1683,15.9,14.0,0.8,1.0,59.7,34.4,61.8,23.4,,
5204953,Campos Verdes,GO,0,4498,1295,1678,1043,360,11.7,9.9,0.9,0.8,64.1,29.8,66.7,22.8,,
5205000,Carmo Do Rio Verde,GO,0,7229,1551,1801,3092,582,10.6,8.6,1.1,0.8,39.5,55.4,40.6,21.0,,
5205059,Castelândia,GO,0,3999,1088,1141,1568,142,5.0,3.5,0.6,0.8,53.0,43.7,52.7,27.2,,
5205109,Catalão,GO,0,75393,16708,20371,27883,8087,14.3,11.2,1.6,1.4,48.7,43.8,49.9,22.2,5205109,Catalão/GO
5205208,Caturaí,GO,0,5460,1224,1631,1819,587,14.5,12.5,0.8,1.2,51.8,40.9,54.2,20.7,,
5205307,Cavalcante,GO,0,7953,2281,3865,855,691,12.8,11.0,0.3,1.1,79.4,14.7,82.6,25.3,,
5205406,Ceres,GO,0,16940,3359,3561,7836,1771,13.4,10.8,1.1,1.4,33.9,58.8,35.3,17.1,5205406,Ceres - Rialma/GO
5205455,Cezarina,GO,0,7360,1402,1835,3033,867,15.1,12.8,0.9,1.3,41.6,50.7,43.0,19.8,,
5205471,Chapadão Do Céu,GO,0,9497,2170,1722,4928,508,7.1,4.7,1.1,1.3,32.5,63.3,32.3,21.9,,
5205497,Cidade Ocidental,GO,0,49714,10659,14490,17750,5580,14.8,11.4,1.8,1.4,44.2,47.2,46.1,18.9,5300108,Brasília/DF
5205513,Cocalzinho De Goiás,GO,0,17515,4119,4127,6745,1950,15.2,12.7,1.3,1.1,39.0,53.7,40.2,22.9,,
5205521,Colinas Do Sul,GO,0,3848,1042,1453,785,475,17.5,15.8,0.5,1.1,64.6,28.1,67.1,26.1,,
5205703,Córrego Do Ouro,GO,0,3112,600,503,1582,365,14.9,13.3,0.6,0.9,27.6,65.6,29.5,20.5,,
5205802,Corumbá De Goiás,GO,0,7930,1834,1886,3006,964,16.5,13.9,1.1,1.4,39.6,51.9,41.5,23.2,,
5205901,Corumbaíba,GO,0,7145,1682,1613,2938,696,13.3,10.7,0.7,1.7,42.3,50.3,44.2,22.6,,
5206206,Cristalina,GO,0,38974,8911,7374,18635,2925,10.1,7.6,1.1,1.3,34.0,60.0,34.8,24.4,,
5206305,Cristianópolis,GO,0,4023,959,660,1750,573,19.2,17.9,0.8,0.6,34.6,60.1,34.4,24.3,,
5206404,Crixás,GO,0,13017,3688,3783,3808,1416,15.7,14.3,0.6,0.7,54.4,40.2,55.5,25.0,,
5206503,Cromínia,GO,0,3970,679,991,1703,493,15.5,12.9,0.8,1.6,42.7,48.1,44.5,16.7,,
5206602,Cumari,GO,0,2613,613,953,766,207,10.8,8.1,0.9,1.5,58.8,35.1,60.5,23.3,,
5206701,Damianópolis,GO,0,4024,984,1041,1482,393,13.5,11.3,1.0,1.2,44.8,44.9,48.6,25.4,,
5206800,Damolândia,GO,0,3634,685,830,1301,695,24.6,22.7,1.0,0.9,46.0,43.4,47.5,19.0,,
5206909,Davinópolis,GO,0,4145,1196,1243,1263,374,13.0,10.7,0.8,1.3,58.9,33.8,61.1,25.2,,
5207105,Diorama,GO,0,2503,531,560,1083,281,14.6,13.5,0.4,0.6,37.8,52.5,40.0,19.1,,
5207253,Doverlândia,GO,0,5670,1123,1359,2381,686,15.5,13.9,0.8,0.8,45.9,47.4,46.5,21.4,,
5207352,Edealina,GO,0,4159,973,807,1907,378,12.2,9.6,1.4,1.1,38.1,55.8,39.4,24.3,,
5207402,Edéia,GO,0,9541,2117,2001,4251,875,12.3,9.2,1.2,1.7,41.6,52.0,42.3,22.4,,
5207501,Estrela Do Norte,GO,0,3214,729,858,1099,436,18.2,16.5,0.8,0.9,48.3,43.9,51.0,19.9,,
5207535,Faina,GO,0,6624,1684,2093,2045,671,13.9,12.3,0.6,0.8,54.5,39.4,56.9,22.9,,
5207600,Fazenda Nova,GO,0,5536,1086,1413,2259,615,14.3,12.8,0.7,0.7,43.0,51.5,43.8,17.4,,
5207808,Firminópolis,GO,0,8767,1670,1644,4235,994,14.5,12.7,0.8,0.8,32.3,61.4,33.6,20.5,,
5207907,Flores De Goiás,GO,0,8526,2268,2674,2340,1004,16.7,15.6,0.4,0.7,53.6,40.6,54.5,26.9,,
5208004,Formosa,GO,0,77711,16791,18724,30623,9327,15.9,13.1,1.3,1.3,41.0,51.1,42.5,20.9,,
5208103,Formoso,GO,0,4706,1225,1433,1579,367,10.9,9.1,0.7,1.1,51.6,42.7,52.8,23.2,,
5208152,Gameleira De Goiás,GO,0,3713,706,905,1528,477,16.4,13.5,1.1,1.6,43.1,47.9,45.3,16.9,,
5208301,Divinópolis De Goiás,GO,0,5110,1362,1821,1217,521,14.6,13.8,0.3,0.4,64.0,30.3,66.0,25.4,,
5208400,Goianápolis,GO,0,10753,2122,1790,5491,1068,12.8,11.1,0.8,0.8,27.2,67.5,27.6,21.3,,
5208509,Goiandira,GO,0,4561,811,1583,1546,498,13.7,9.7,1.8,2.0,53.4,38.5,55.8,17.2,5205109,Catalão/GO
5208608,Goianésia,GO,0,59437,13581,12943,24267,6853,15.6,12.4,1.4,1.6,40.4,52.5,42.2,23.4,5208608,Goianésia/GO
5208707,Goiânia,GO,1,1019261,202732,223219,432608,135268,17.1,13.5,1.7,1.6,33.1,56.1,36.0,20.5,5208707,Goiânia/GO
5208806,Goianira,GO,0,47570,11746,11622,16866,5881,17.1,14.1,1.4,1.4,42.8,48.8,44.7,24.7,5208707,Goiânia/GO
5208905,Goiás,GO,0,19216,4835,6377,5630,1862,13.4,11.3,0.8,1.1,54.7,38.6,56.6,24.5,,
5209101,Goiatuba,GO,0,27861,5660,5065,13135,2992,14.1,11.2,1.3,1.4,37.3,55.4,37.7,20.7,,
5209150,Gouvelândia,GO,0,4011,938,1317,1339,290,9.8,7.4,1.3,1.1,59.7,34.2,60.0,18.8,,
5209200,Guapó,GO,0,14861,3463,3828,4939,2147,19.7,17.2,1.2,1.1,47.8,44.0,49.2,24.0,5208707,Goiânia/GO
5209291,Guaraíta,GO,0,2781,485,827,1091,287,13.0,11.6,0.4,0.9,47.0,46.6,48.4,16.8,,
5209408,Guarani De Goiás,GO,0,4796,821,1530,1014,1263,33.2,32.3,0.4,0.5,64.7,28.1,68.0,17.8,,
5209457,Guarinos,GO,0,3062,916,974,806,300,14.4,13.3,0.5,0.6,61.0,32.3,63.5,19.7,,
5209606,Heitoraí,GO,0,4192,906,1162,1650,364,11.5,10.4,0.3,0.7,45.3,47.9,46.9,21.2,,
5209705,Hidrolândia,GO,0,23574,5393,4838,7760,4918,28.1,25.8,1.1,1.0,41.8,48.4,44.0,21.8,5208707,Goiânia/GO
5209804,Hidrolina,GO,0,3869,791,1307,1420,258,8.6,7.4,0.3,0.8,52.3,42.1,53.7,16.0,,
5209903,Iaciara,GO,0,8526,1933,2553,2363,1428,22.5,21.1,0.8,0.4,56.5,35.9,59.1,21.9,,
5209937,Inaciolândia,GO,0,4809,1042,1574,1564,457,12.7,10.2,1.2,1.2,58.1,35.5,59.2,20.9,,
5209952,Indiara,GO,0,12731,2842,3387,4977,1159,12.2,9.0,1.6,1.5,48.9,45.5,49.0,23.0,5209952,Indiara/GO
5210000,Inhumas,GO,0,40854,8786,9392,15356,5896,19.2,16.2,1.3,1.5,42.9,47.9,44.8,22.2,,
5210109,Ipameri,GO,0,20506,4851,5004,7897,2103,14.0,10.9,1.3,1.6,44.8,48.0,45.8,23.4,,
5210158,Ipiranga De Goiás,GO,0,3148,647,790,1389,244,10.1,9.0,0.5,0.5,42.0,52.0,42.4,18.2,,
5210208,Iporá,GO,0,26609,6160,5561,11368,2858,14.4,11.6,1.2,1.4,38.1,54.1,39.5,23.2,,
5210307,Israelândia,GO,0,2989,720,781,1054,345,15.8,14.0,0.8,1.1,48.0,44.7,48.2,23.6,,
5210406,Itaberaí,GO,0,33230,7829,8077,12900,3470,14.2,11.8,1.1,1.3,46.0,48.0,46.6,23.4,,
5210562,Itaguari,GO,0,5166,948,1494,1868,733,17.9,16.9,0.5,0.5,51.0,42.6,52.2,16.8,,
5210604,Itaguaru,GO,0,5268,866,1816,1956,480,11.3,10.3,0.3,0.7,52.4,41.8,53.5,16.7,,
5210802,Itajá,GO,0,3668,798,717,1610,463,16.6,14.7,0.7,1.1,39.3,53.2,39.4,22.1,,
5210901,Itapaci,GO,0,15697,3894,4226,5854,1315,11.5,9.5,0.9,1.1,48.4,45.4,49.4,23.1,,
5211008,Itapirapuã,GO,0,6866,1629,1974,2409,706,13.9,12.8,0.5,0.6,50.3,45.0,51.9,22.8,,
5211206,Itapuranga,GO,0,21491,3854,5904,8670,2477,14.5,12.6,0.9,0.9,45.8,47.9,47.1,18.6,,
5211305,Itarumã,GO,0,4683,1154,1148,1875,373,11.0,8.0,0.7,2.0,46.3,46.7,47.0,23.3,,
5211404,Itauçu,GO,0,7690,1355,2066,3175,872,14.3,12.1,0.7,1.3,44.4,47.8,45.7,16.1,,
5211503,Itumbiara,GO,0,74876,17542,15732,31755,7489,13.6,10.2,1.6,1.7,39.5,52.4,41.0,23.9,5211503,Itumbiara/GO
5211602,Ivolândia,GO,0,3148,803,825,1054,398,17.5,15.7,0.7,0.9,49.7,42.6,49.5,23.1,,
5211701,Jandaia,GO,0,5992,1112,1464,2723,539,11.4,9.2,1.0,1.0,39.4,53.0,41.4,21.1,5209952,Indiara/GO
5211800,Jaraguá,GO,0,33457,7255,5084,15948,4394,17.3,15.4,1.1,0.7,30.3,62.5,31.4,19.4,,
5211909,Jataí,GO,0,73593,16632,14385,34317,6211,11.3,8.1,1.6,1.4,36.3,57.0,37.2,24.1,,
5212006,Jaupaci,GO,0,3160,758,862,1068,395,17.0,14.4,1.2,1.1,48.5,44.3,52.1,21.6,,
5212055,Jesúpolis,GO,0,2726,693,539,1067,372,18.8,17.4,0.6,0.8,37.2,57.0,38.4,22.5,,
5212105,Joviânia,GO,0,5772,1048,1455,2583,484,10.7,8.0,0.9,1.6,46.7,46.9,47.2,18.5,,
5212204,Jussara,GO,0,14816,3272,3223,6348,1546,13.9,12.0,0.9,0.9,39.4,53.4,40.3,22.5,,
5212253,Lagoa Santa,GO,0,1783,495,408,673,168,13.4,11.3,1.0,1.2,39.3,54.8,39.7,28.3,,
5212303,Leopoldo De Bulhões,GO,0,7348,1572,1802,2890,831,15.1,12.9,0.7,1.3,45.4,47.4,46.1,21.5,,
5212501,Luziânia,GO,0,136763,29809,32036,52703,17891,17.4,14.9,1.3,1.1,38.1,53.9,39.7,20.5,5300108,Brasília/DF
5212600,Mairipotaba,GO,0,3493,754,743,1387,532,20.0,18.1,0.6,1.2,44.3,48.4,43.5,20.5,,
5212709,Mambaí,GO,0,6519,1407,1546,3054,362,7.3,6.2,0.4,0.6,39.0,55.2,39.8,22.8,,
5212808,Mara Rosa,GO,0,9165,2234,2320,3267,1109,16.6,14.9,0.8,0.8,46.1,48.5,47.0,22.1,,
5212907,Marzagão,GO,0,3001,756,728,1079,360,16.6,13.8,1.5,1.3,47.4,46.5,48.9,21.8,,
5212956,Matrinchã,GO,0,3955,929,1018,1322,568,19.5,18.4,0.4,0.7,49.6,43.8,51.3,20.3,,
5213004,Maurilândia,GO,0,7553,1581,2527,2678,545,9.5,7.2,1.1,1.1,54.5,41.0,53.8,23.2,5213004,Maurilândia/GO
5213053,Mimoso De Goiás,GO,0,3345,659,943,1167,471,18.2,16.7,0.8,0.7,49.3,42.8,51.0,16.5,,
5213087,Minaçu,GO,0,22408,5854,5796,8307,1923,12.0,9.8,0.9,1.1,44.6,50.0,46.1,25.8,,
5213103,Mineiros,GO,0,51739,12326,10358,22904,4626,12.2,8.7,1.4,1.9,40.2,53.0,41.2,23.4,,
5213400,Moiporá,GO,0,2507,642,541,950,331,18.2,15.9,0.8,1.4,39.0,53.7,37.6,22.4,,
5213509,Monte Alegre De Goiás,GO,0,5622,1504,2178,1002,774,19.6,18.2,0.4,0.8,67.1,26.1,69.1,24.8,,
5213707,Montes Claros De Goiás,GO,0,7109,1587,1693,3027,649,12.1,10.4,0.5,1.0,39.1,54.6,40.7,21.7,,
5213756,Montividiu,GO,0,9826,2016,1787,5303,469,6.2,3.9,1.0,1.3,33.6,62.0,33.1,22.1,,
5213772,Montividiu Do Norte,GO,0,3716,930,1055,1334,338,12.4,10.2,1.2,0.9,48.4,47.0,49.4,22.6,,
5213806,Morrinhos,GO,0,37180,8208,7784,15720,4388,15.7,13.0,1.3,1.2,41.5,51.2,42.4,23.5,,
5213855,Morro Agudo De Goiás,GO,0,3067,541,701,1326,426,17.4,16.1,0.5,0.8,37.3,56.7,38.7,16.9,,
5213905,Mossâmedes,GO,0,4636,1039,1561,1370,547,15.7,13.7,0.6,1.2,57.4,35.8,59.4,19.5,,
5214002,Mozarlândia,GO,0,12318,3449,2768,4454,1347,15.7,13.9,0.7,1.0,44.1,49.9,45.4,28.4,,
5214051,Mundo Novo,GO,0,5366,1381,1418,2041,395,10.2,8.3,1.0,0.8,49.9,45.4,49.4,23.6,,
5214101,Mutunópolis,GO,0,3622,726,825,1393,604,21.4,20.3,0.6,0.5,41.2,54.4,42.8,22.9,,
5214408,Nazário,GO,0,7694,1660,1744,3359,745,12.7,11.2,0.7,0.8,40.0,52.9,40.7,21.9,,
5214507,Nerópolis,GO,0,25856,6512,5675,9804,3108,16.7,13.8,1.2,1.6,42.3,49.4,44.0,24.6,5208707,Goiânia/GO
5214606,Niquelândia,GO,0,28256,7476,6557,9529,3911,19.6,17.8,0.7,0.9,44.7,47.0,46.6,24.9,,
5214705,Nova América,GO,0,2769,471,627,1033,544,24.7,23.0,0.8,0.8,43.6,50.8,43.9,16.8,,
5214804,Nova Aurora,GO,0,2328,428,751,816,242,13.4,11.1,0.9,0.9,52.9,38.5,55.7,16.4,,
5214838,Nova Crixás,GO,0,9335,2185,2727,3346,863,12.4,10.6,0.5,1.2,54.0,41.4,53.8,26.8,,
5214861,Nova Glória,GO,0,6881,1371,1891,2672,737,13.9,12.4,0.8,0.6,43.9,49.0,46.0,19.1,,
5214879,Nova Iguaçu De Goiás,GO,0,2680,580,724,1036,282,13.8,11.4,1.4,1.0,48.2,47.0,48.2,25.8,,
5214903,Nova Roma,GO,0,3006,798,979,585,553,26.1,25.0,0.6,0.4,67.6,24.8,71.6,24.3,,
5215009,Nova Veneza,GO,0,8553,1942,2106,3206,1082,16.9,14.5,1.2,1.1,41.5,50.8,42.9,21.5,5208707,Goiânia/GO
5215207,Novo Brasil,GO,0,3599,755,951,1447,349,12.7,10.7,0.9,1.1,43.2,51.0,43.8,17.9,,
5215231,Novo Gama,GO,0,58615,12045,16994,21705,5968,13.4,10.1,1.8,1.4,43.1,49.0,45.1,18.2,5300108,Brasília/DF
5215256,Novo Planalto,GO,0,4131,984,1125,1547,378,12.4,10.8,0.6,0.9,45.7,47.6,46.9,23.3,,
5215306,Orizona,GO,0,12089,2369,2357,5123,1853,19.9,17.6,0.9,1.2,39.5,49.7,42.2,21.2,,
5215405,Ouro Verde De Goiás,GO,0,3766,680,766,1605,591,19.9,18.0,0.7,1.2,36.8,54.0,40.7,19.2,,
5215504,Ouvidor,GO,0,10501,2359,2890,3828,1053,13.6,10.1,1.6,1.7,53.1,40.5,53.8,20.0,5205109,Catalão/GO
5215603,Padre Bernardo,GO,0,20391,4630,5003,7779,2300,15.2,12.8,1.1,1.1,42.2,49.6,44.5,22.7,5300108,Brasília/DF
5215652,Palestina De Goiás,GO,0,3576,834,791,1543,327,12.3,10.9,0.8,0.5,42.0,53.5,41.1,22.2,,
5215702,Palmeiras De Goiás,GO,0,23454,5310,4912,10656,1961,11.2,8.5,0.8,1.7,35.9,57.5,36.9,22.9,,
5215801,Palmelo,GO,0,2406,569,576,902,284,16.1,12.2,1.2,2.5,43.2,49.0,46.2,18.0,5217401,Pires do Rio/GO
5215900,Palminópolis,GO,0,4428,951,813,2068,512,15.1,13.0,0.6,1.4,32.6,60.6,33.6,19.6,,
5216007,Panamá,GO,0,3038,671,793,1108,369,16.3,14.6,0.5,0.9,47.8,44.2,50.6,24.9,,
5216304,Paranaiguara,GO,0,7170,1604,2196,2422,699,13.2,11.1,0.9,1.1,54.3,38.7,55.2,22.9,,
5216403,Paraúna,GO,0,9273,2133,1848,4290,716,10.4,7.7,1.3,1.3,39.4,55.0,40.2,26.3,,
5216452,Perolândia,GO,0,3152,800,686,1258,334,14.7,12.9,0.8,1.0,45.5,48.2,44.6,24.0,,
5216809,Petrolina De Goiás,GO,0,7530,1403,1604,3414,834,14.2,12.4,0.7,1.0,36.5,54.5,39.4,22.5,,
5216908,Pilar De Goiás,GO,0,3938,1177,1097,1229,344,12.9,11.7,0.7,0.4,55.6,38.2,55.7,22.5,,
5217104,Piracanjuba,GO,0,18846,4515,4435,7002,2352,17.1,15.0,0.9,0.9,43.4,47.3,45.6,25.5,,
5217203,Piranhas,GO,0,9094,1888,2115,3853,977,14.1,12.3,0.8,0.8,44.9,49.6,44.8,22.1,,
5217302,Pirenópolis,GO,0,20745,4390,5246,8072,2301,14.7,11.6,1.1,1.8,42.7,49.6,44.6,20.9,,
5217401,Pires Do Rio,GO,0,22071,5205,4155,9848,2040,12.7,10.1,1.1,1.4,34.7,57.8,36.3,23.7,5217401,Pires do Rio/GO
5217609,Planaltina,GO,0,66587,15603,19605,22566,6694,13.7,10.4,1.7,1.5,46.3,45.3,48.4,22.3,5300108,Brasília/DF
5217708,Pontalina,GO,0,14364,2809,3283,6199,1611,14.5,12.3,1.0,1.1,44.3,49.2,45.0,19.9,,
5218003,Porangatu,GO,0,30959,7176,7786,12662,2498,10.9,8.5,1.1,1.2,43.8,50.1,44.9,23.4,,
5218052,Porteirão,GO,0,3963,1118,992,1474,313,11.3,9.1,1.3,0.7,50.3,44.0,48.5,26.3,5213004,Maurilândia/GO
5218102,Portelândia,GO,0,3416,766,838,1451,252,9.9,8.3,0.6,0.9,46.5,46.1,46.3,22.1,,
5218300,Posse,GO,0,25339,5201,7175,9593,2647,13.6,11.7,0.9,0.9,49.6,44.0,51.2,21.1,,
5218391,Professor Jamil,GO,0,3597,772,1075,1199,466,17.0,15.2,0.5,1.3,51.4,41.1,52.7,21.4,,
5218508,Quirinópolis,GO,0,35296,7989,8125,14886,3186,12.2,8.8,1.4,1.9,45.1,48.4,46.7,21.6,,
5218607,Rialma,GO,0,9232,1814,1921,4437,830,11.6,9.2,1.2,1.1,34.0,60.2,34.3,21.3,5205406,Ceres - Rialma/GO
5218706,Rianápolis,GO,0,3946,811,808,1738,453,15.1,13.1,0.9,1.1,32.8,59.9,34.5,19.4,,
5218789,Rio Quente,GO,0,4413,998,902,1779,601,18.3,15.8,1.2,1.2,39.2,53.1,40.0,23.3,5204508,Caldas Novas/GO
5218805,Rio Verde,GO,0,153307,31961,31329,74548,11167,9.5,5.3,1.8,2.3,37.7,55.6,38.1,21.3,,
5218904,Rubiataba,GO,0,15629,3605,2690,6987,1899,16.4,14.6,0.9,0.8,31.1,61.6,32.7,20.8,,
5219001,Sanclerlândia,GO,0,7135,1332,1872,3053,684,12.2,10.1,0.8,1.3,42.1,51.4,44.0,20.4,,
5219100,Santa Bárbara De Goiás,GO,0,5600,1058,1368,2300,747,16.9,14.4,0.9,1.6,42.0,50.8,43.2,20.8,,
5219209,Santa Cruz De Goiás,GO,0,3504,751,820,1430,390,14.8,12.6,0.6,1.4,44.9,47.0,46.4,21.9,,
5219258,Santa Fé De Goiás,GO,0,4208,1058,1005,1543,518,16.9,14.8,1.3,0.7,45.7,49.0,46.6,24.5,,
5219308,Santa Helena De Goiás,GO,0,30181,6228,7501,12658,2728,11.9,8.9,1.6,1.4,46.1,46.1,46.4,20.9,,
5219357,Santa Isabel,GO,0,3820,846,978,1576,324,11.3,9.6,0.8,0.8,40.9,52.7,41.0,20.5,,
5219407,Santa Rita Do Araguaia,GO,0,4460,1155,1132,1669,389,12.2,9.4,1.6,1.0,45.8,49.0,45.5,26.3,5100300,Alto Araguaia/MT
5219456,Santa Rita Do Novo Destino,GO,0,3048,665,873,1069,371,16.0,14.8,0.5,0.7,50.2,43.7,51.5,20.1,5208608,Goianésia/GO
5219506,Santa Rosa De Goiás,GO,0,3527,614,936,1395,478,17.0,15.2,0.6,1.1,47.3,44.1,49.0,15.8,,
5219605,Santa Tereza De Goiás,GO,0,3838,1093,1097,1320,226,8.6,7.3,0.6,0.7,50.1,42.4,53.4,24.8,,
5219704,Santa Terezinha De Goiás,GO,0,8524,2264,2639,2672,730,12.1,10.4,0.6,1.0,53.1,41.5,54.1,21.6,,
5219712,Santo Antônio Da Barra,GO,0,4303,933,1239,1632,332,10.4,7.7,0.9,1.5,56.4,39.0,56.1,21.1,,
5219738,Santo Antônio De Goiás,GO,0,7976,1716,2035,3167,867,14.3,11.8,1.1,1.2,43.9,48.8,45.4,20.6,5208707,Goiânia/GO
5219753,Santo Antônio Do Descoberto,GO,0,46706,10313,12739,17257,4827,13.9,10.1,1.8,1.8,41.2,50.1,43.0,21.0,5300108,Brasília/DF
5219803,São Domingos,GO,0,7284,1958,2322,1537,1183,23.5,22.4,0.6,0.4,62.9,31.2,66.0,26.2,,
5219902,São Francisco De Goiás,GO,0,5392,1197,1073,2249,674,16.9,15.7,0.4,0.6,37.4,55.0,39.6,19.3,,
5220009,São João D'Aliança,GO,0,7763,1674,2116,2736,1008,17.2,14.5,0.7,1.8,48.7,43.5,51.0,22.1,,
5220058,São João Da Paraúna,GO,0,2198,548,402,920,266,16.8,15.3,0.9,0.6,39.6,54.5,39.9,24.0,,
5220108,São Luís De Montes Belos,GO,0,24563,5060,3785,12796,2249,11.9,9.9,0.9,0.9,26.8,66.8,27.9,22.1,,
5220157,São Luiz Do Norte,GO,0,5107,1238,1635,1464,652,17.4,15.8,0.8,0.7,51.5,42.8,54.6,23.4,,
5220207,São Miguel Do Araguaia,GO,0,18389,4700,3798,7941,1503,11.3,9.8,0.7,0.8,38.2,56.9,38.8,25.1,,
5220264,São Miguel Do Passa Quatro,GO,0,4211,694,973,1740,680,20.0,17.8,1.0,1.2,45.6,45.7,47.8,16.2,,
5220280,São Patrício,GO,0,2457,469,479,1124,298,15.7,14.5,0.6,0.4,32.2,60.2,35.9,19.4,,
5220405,São Simão,GO,0,13332,3444,4172,4407,908,9.6,5.4,2.0,2.0,54.6,40.0,55.3,25.3,,
5220454,Senador Canedo,GO,0,95243,20347,24600,34865,12575,17.5,14.2,1.5,1.5,42.8,48.6,45.1,20.6,5208707,Goiânia/GO
5220504,Serranópolis,GO,0,6621,1734,1681,2535,512,10.8,8.6,0.9,1.2,47.3,46.7,48.4,25.3,,
5220603,Silvânia,GO,0,16325,3166,3466,7333,1898,14.9,12.0,1.2,1.6,39.4,50.7,41.0,19.6,,
5220686,Simolândia,GO,0,5580,1319,1784,1703,566,14.0,12.3,0.5,1.1,56.5,36.2,58.0,25.8,5200803,Alvorada do Norte - Simolândia/GO
5220702,Sítio D'Abadia,GO,0,3498,1128,972,877,410,18.1,16.0,0.6,1.4,54.9,36.1,58.4,31.7,,
5221007,Taquaral De Goiás,GO,0,4447,924,1032,1899,465,13.7,11.8,0.7,1.0,40.9,50.3,43.2,23.2,,
5221080,Teresina De Goiás,GO,0,3252,950,1223,640,342,15.5,13.9,0.8,0.6,64.0,30.0,66.5,27.6,,
5221197,Terezópolis De Goiás,GO,0,6829,1328,1796,2576,919,17.4,15.0,1.2,1.0,42.6,49.9,44.6,17.9,,
5221304,Três Ranchos,GO,0,3894,946,1139,1226,457,16.2,13.5,1.4,1.1,55.0,37.4,56.3,22.0,5205109,Catalão/GO
5221403,Trindade,GO,0,95914,21029,22580,35469,14106,19.6,16.7,1.4,1.4,41.1,49.8,43.0,22.0,5208707,Goiânia/GO
5221452,Trombas,GO,0,3059,778,874,1026,299,13.6,11.3,1.1,1.2,47.9,44.5,49.2,25.6,,
5221502,Turvânia,GO,0,4582,948,988,2108,421,12.0,10.3,0.8,0.8,36.7,56.6,37.2,20.7,,
5221551,Turvelândia,GO,0,4210,873,1390,1585,262,8.1,6.0,1.4,0.7,56.5,38.2,57.0,22.3,5213004,Maurilândia/GO
5221577,Uirapuru,GO,0,3080,829,930,854,404,18.5,17.4,0.7,0.4,55.0,38.6,55.9,22.1,,
5221601,Uruaçu,GO,0,30439,7361,7283,12136,2832,12.7,10.4,1.2,1.0,43.4,49.9,44.6,23.3,,
5221700,Uruana,GO,0,10812,2109,2818,4380,1138,13.7,12.1,0.5,0.9,41.4,52.0,42.9,19.8,,
5221809,Urutaí,GO,0,3949,892,1060,1334,554,18.8,16.2,1.4,1.1,49.3,42.3,51.1,20.1,5217401,Pires do Rio/GO
5221858,Valparaíso De Goiás,GO,0,99112,19909,27783,37361,11459,15.0,11.1,2.1,1.6,41.4,50.1,43.9,18.5,5300108,Brasília/DF
5221908,Varjão,GO,0,4454,1006,858,1775,666,20.2,18.4,0.8,0.6,36.1,54.1,37.6,24.1,,
5222005,Vianópolis,GO,0,11287,2274,1942,5501,1267,14.6,12.6,0.8,0.9,33.5,57.8,34.0,19.8,,
5222054,Vicentinópolis,GO,0,7110,1352,1928,3054,559,10.1,7.2,1.3,1.4,48.2,46.8,47.9,17.7,,
5222203,Vila Boa,GO,0,4021,1118,1372,936,501,17.8,16.2,1.0,0.5,63.3,29.6,64.8,26.7,,
5222302,Vila Propício,GO,0,6026,1330,1508,1919,1158,25.3,23.5,0.7,0.9,47.2,46.4,49.0,23.2,,
5300108,Brasília,DF,1,2258320,426924,675627,909616,187565,10.6,4.8,2.6,2.6,36.9,51.6,41.2,17.5,5300108,Brasília/DF
