IBGE,municipio,uf,regiao,porte,aptos26,lula2p26,flavio26,flavio_menos_jair,votos_flavio26,votos_renan26,votos_caiado26,votos_cury26,votos_zema26,esperado_flavio_terceiros,bolsonaristas_fora_do_flavio,estoque_E2,d_abst,cat,evg,escol_superior_pct,mulheres_pct,candidato,deficit_vs_flavio,n_sinais,sinal_flavio_abaixo_jair,sinal_abstencao_subiu,sinal_catolico,sinal_atrito_gov,sinal_superior,prefeito,prefeito_partido,pauta_local
5300108,Brasília,DF,Centro-Oeste,>1 mi,2258320,42.62,51.31,-0.34,909616,46714,85076,45979,4915,83193.0,6027.0,89220.0,1.36,49.7,29.2,0.2334,0.5413,Celina Leão (PP),1.4,3,1,1,0,0,1,,,
5208707,Goiânia,GO,Centro-Oeste,>1 mi,1019261,34.04,54.68,-1.41,432608,13738,106965,12391,840,58955.0,11155.0,70110.0,-0.64,46.8,33.9,0.1928,0.5506,,,2,1,0,0,0,1,Mabel,UNIÃO,
4106902,Curitiba,PR,Sul,>1 mi,1415148,34.56,57.5,2.24,628721,43451,36171,43236,5676,59730.0,0.0,59730.0,1.2,55.5,25.5,0.2479,0.5413,,,2,0,1,0,0,1,Eduardo Pimentel,PSD,
1302603,Manaus,AM,Norte,>1 mi,1477265,40.62,54.28,0.73,641864,25155,18082,53684,1488,42014.0,0.0,42014.0,1.97,44.4,39.5,0.1196,0.5305,Professora Maria Do Carmo (PL),21.4,3,0,1,0,1,1,David Almeida,AVANTE,
3518800,Guarulhos,SP,Sudeste,200 mil–1 mi,948908,44.96,49.22,3.76,351178,25059,16304,29230,2129,33262.0,0.0,33262.0,3.25,43.4,30.1,0.138,0.5368,,,2,0,1,0,0,1,Lucas Sanches,PL,
3509502,Campinas,SP,Sudeste,200 mil–1 mi,873613,42.32,52.07,3.0,329733,20543,13896,21080,3399,27508.0,0.0,27508.0,1.66,50.4,27.8,0.1749,0.5375,,,2,0,1,0,0,1,Dário Saadi,REPUBLICANOS,
5201405,Aparecida De Goiânia,GO,Centro-Oeste,200 mil–1 mi,341263,38.46,50.54,-0.19,130460,4264,37105,4258,173,20065.0,490.0,20555.0,-0.18,42.7,38.5,0.0768,0.54,,,1,1,0,0,0,0,Leandro Vilela,MDB,
5002704,Campo Grande,MS,Centro-Oeste,200 mil–1 mi,641185,35.56,58.68,4.12,289672,14315,10578,16454,1385,19563.0,0.0,19563.0,2.56,45.6,34.3,0.207,0.5449,,,2,0,1,0,0,1,Adriane Lopes,PP,
3549904,São José Dos Campos,SP,Sudeste,200 mil–1 mi,540217,36.18,57.35,2.75,240721,14299,8645,15476,2564,19097.0,0.0,19097.0,-1.21,58.6,25.4,0.2196,0.5294,,,1,0,0,0,0,1,Anderson,PSD,
3552205,Sorocaba,SP,Sudeste,200 mil–1 mi,531342,36.76,56.53,2.67,222939,14567,8358,15819,1613,18680.0,0.0,18680.0,2.83,47.9,32.6,0.2074,0.5324,,,2,0,1,0,0,1,Rodrigo Manga,REPUBLICANOS,
3170206,Uberlândia,MG,Sudeste,200 mil–1 mi,540033,44.21,50.45,4.08,206793,10535,12145,11754,3921,17892.0,0.0,17892.0,1.29,48.5,28.5,0.1821,0.54,,,2,0,1,0,0,1,Paulo Sérgio,PP,
3118601,Contagem,MG,Sudeste,200 mil–1 mi,463466,43.87,50.28,2.52,178639,9893,7692,14664,3767,16489.0,0.0,16489.0,2.84,48.6,35.8,0.1352,0.5413,,,2,0,1,0,0,1,Marília,PT,
3543402,Ribeirão Preto,SP,Sudeste,200 mil–1 mi,473134,38.09,55.25,2.69,188761,10657,8426,14498,2065,16186.0,0.0,16186.0,0.97,53.1,22.9,0.1611,0.5427,,,1,0,0,0,0,1,Ricardo Silva,PSD,
4209102,Joinville,SC,Sul,200 mil–1 mi,443225,22.84,69.8,0.82,246309,13253,5809,10874,2690,15761.0,0.0,15761.0,1.14,56.1,31.6,0.1804,0.5264,,,2,0,1,0,0,1,Adriano Silva,NOVO,
3304904,São Gonçalo,RJ,Sudeste,200 mil–1 mi,653184,43.55,52.37,2.28,247529,10184,9204,12679,754,14831.0,0.0,14831.0,0.9,35.2,35.6,0.0404,0.5428,Douglas Ruas (PL),-7.6,0,0,0,0,0,0,Capitão Nelson,PL,
3301702,Duque De Caxias,RJ,Sudeste,200 mil–1 mi,634694,40.03,55.81,2.63,274289,10367,9479,12012,687,14792.0,0.0,14792.0,-3.15,29.6,40.4,0.0496,0.5367,Douglas Ruas (PL),6.5,0,0,0,0,0,0,Netinho Reis,MDB,
5201108,Anápolis,GO,Centro-Oeste,200 mil–1 mi,288292,25.72,63.08,0.05,135929,3858,24777,3370,171,14217.0,0.0,14217.0,-0.41,50.3,38.7,0.1332,0.5381,,,1,0,0,0,0,1,Marcio Correa,PL,
2704302,Maceió,AL,Nordeste,200 mil–1 mi,646463,43.97,52.36,2.77,259789,10043,6691,13769,625,13959.0,0.0,13959.0,-0.38,51.9,29.9,0.1249,0.5566,,,1,0,0,0,0,1,Jhc,PL,
4113700,Londrina,PR,Sul,200 mil–1 mi,394978,27.08,65.15,0.82,195008,8534,9466,11533,1352,13923.0,0.0,13923.0,1.55,54.2,32.4,0.213,0.5467,,,2,0,1,0,0,1,Tiago Amaral,PSD,
3303500,Nova Iguaçu,RJ,Sudeste,200 mil–1 mi,614931,36.17,59.45,2.18,267454,9582,8070,11239,750,13491.0,0.0,13491.0,1.76,27.2,40.2,0.037,0.536,Douglas Ruas (PL),2.8,1,0,1,0,0,0,Dudu Reina,PP,
3525904,Jundiaí,SP,Sudeste,200 mil–1 mi,337851,34.42,57.93,3.02,145880,9927,6191,10851,1484,13198.0,0.0,13198.0,1.87,59.1,22.1,0.2159,0.5318,,,2,0,1,0,0,1,Gustavo Martinelli,UNIÃO,
5103403,Cuiabá,MT,Centro-Oeste,200 mil–1 mi,456517,37.13,57.7,2.55,208637,8103,8377,10898,860,12685.0,0.0,12685.0,2.07,52.6,31.3,0.2336,0.5409,,,2,0,1,0,0,1,Abilio,PL,
3548500,Santos,SP,Sudeste,200 mil–1 mi,348832,43.97,49.77,1.61,125561,9666,6939,9289,1206,12665.0,0.0,12665.0,1.66,59.0,14.4,0.2361,0.5548,,,2,0,1,0,0,1,Rogério Santos,REPUBLICANOS,
4305108,Caxias Do Sul,RS,Sul,200 mil–1 mi,342998,30.0,62.7,5.16,166880,8846,7161,9857,1181,12447.0,0.0,12447.0,0.79,68.4,17.1,0.158,0.5284,,,2,0,0,1,0,1,Adiló,PSDB,
3530607,Mogi Das Cruzes,SP,Sudeste,200 mil–1 mi,334039,41.56,51.78,4.12,124249,8987,6751,9566,1041,12172.0,0.0,12172.0,2.25,42.8,32.3,0.1525,0.5337,,,2,0,1,0,0,1,Mara Bertaiolli,PL,
1100205,Porto Velho,RO,Norte,200 mil–1 mi,367902,34.84,59.37,2.54,169992,7770,6087,10270,442,11036.0,0.0,11036.0,-1.06,40.4,38.7,0.118,0.5258,,,1,0,0,0,0,1,Léo,PODE,
3205200,Vila Velha,ES,Sudeste,200 mil–1 mi,347987,39.05,55.48,0.65,149819,8260,5226,8988,1001,10860.0,0.0,10860.0,1.83,44.8,36.5,0.2062,0.5453,Lorenzo Pazolini (REPUBLICANOS),1.4,2,0,1,0,0,1,Arnaldinho Borgo,PODE,
4119905,Ponta Grossa,PR,Sul,200 mil–1 mi,258390,32.27,59.42,3.91,117846,6377,8287,8620,528,10637.0,0.0,10637.0,1.71,59.9,28.0,0.1467,0.5327,,,2,0,1,0,0,1,Elizabeth Schmidt,UNIÃO,
4115200,Maringá,PR,Sul,200 mil–1 mi,302812,29.78,63.14,3.56,146584,7637,5715,8540,891,10478.0,0.0,10478.0,1.18,59.3,27.9,0.2241,0.5452,,,2,0,1,0,0,1,Silvio Barros,PP,
5212501,Luziânia,GO,Centro-Oeste,50–200 mil,136763,37.81,51.35,-2.54,52703,1349,15300,1077,62,7792.0,2607.0,10399.0,1.27,53.7,32.4,0.0866,0.5361,,,2,1,1,0,0,0,Diego Sorgatto,UNIÃO,
3549805,São José Do Rio Preto,SP,Sudeste,200 mil–1 mi,344760,31.25,62.46,1.55,156807,7027,5606,8735,1012,10204.0,0.0,10204.0,1.46,51.0,28.6,0.1683,0.5434,,,2,0,1,0,0,1,Coronel Fabio Candido,PL,
4202404,Blumenau,SC,Sul,200 mil–1 mi,269370,23.25,68.83,2.09,145080,8687,4087,6936,1403,10170.0,0.0,10170.0,1.53,60.9,26.3,0.19,0.5304,,,2,0,1,0,0,1,Delegado Egidio,PL,
3538709,Piracicaba,SP,Sudeste,200 mil–1 mi,311212,30.34,63.35,2.24,143775,6887,4802,7284,917,9224.0,0.0,9224.0,1.07,52.2,30.9,0.1248,0.5297,,,2,0,1,0,0,1,Helinho Zanatta,PSD,
4304606,Canoas,RS,Sul,200 mil–1 mi,253142,42.66,51.28,4.5,95134,6870,4280,7134,715,8817.0,0.0,8817.0,3.17,54.6,20.1,0.0996,0.5385,,,1,0,1,0,0,0,Airton Souza,PL,
3554102,Taubaté,SP,Sudeste,200 mil–1 mi,239956,32.34,60.12,1.69,104820,6170,5173,6569,969,8741.0,0.0,8741.0,1.01,60.5,24.4,0.1542,0.5346,,,2,0,1,0,0,1,Sergio Victor,NOVO,
3301009,Campos Dos Goytacazes,RJ,Sudeste,200 mil–1 mi,370466,36.16,59.1,1.09,160859,4913,6170,7900,486,8578.0,0.0,8578.0,-0.34,43.5,36.6,0.0612,0.5382,Douglas Ruas (PL),10.8,0,0,0,0,0,0,Wladimir Garotinho,PP,
4125506,São José Dos Pinhais,PR,Sul,200 mil–1 mi,227539,31.68,60.8,3.03,105608,6222,5163,6687,526,8542.0,0.0,8542.0,1.6,53.1,30.2,0.1227,0.5301,,,2,0,1,0,0,1,Nina Singer,PSD,
3506003,Bauru,SP,Sudeste,200 mil–1 mi,278336,36.66,57.12,3.28,112236,6000,5107,6828,702,8539.0,0.0,8539.0,2.32,43.9,35.9,0.1546,0.5395,,,2,0,1,0,0,1,Suéllen Rosim,PSD,
1200401,Rio Branco,AC,Norte,200 mil–1 mi,270174,29.96,63.76,-0.27,131895,4808,5143,7747,359,7946.0,559.0,8505.0,-0.76,30.5,47.1,0.1305,0.5387,Mailza Assis (PP),17.9,3,1,0,0,1,1,Tião Bocalom,PL,
3170107,Uberaba,MG,Sudeste,200 mil–1 mi,236838,43.06,51.11,4.15,91107,4740,5218,5850,2073,8321.0,0.0,8321.0,1.16,52.2,17.0,0.1791,0.5442,,,2,0,1,0,0,1,Elisa Araújo,PSD,
3516200,Franca,SP,Sudeste,200 mil–1 mi,241902,33.32,60.11,3.51,108462,5445,4400,6394,1129,8010.0,0.0,8010.0,0.13,59.9,22.1,0.1174,0.5374,,,0,0,0,0,0,0,Alexandre Ferreira,MDB,
3303906,Petrópolis,RJ,Sudeste,200 mil–1 mi,239569,37.54,55.88,0.65,95783,4978,5028,6711,719,7862.0,0.0,7862.0,0.19,48.1,29.1,0.0893,0.5423,Douglas Ruas (PL),2.8,0,0,0,0,0,0,Hingo Hammes,PP,
3541000,Praia Grande,SP,Sudeste,200 mil–1 mi,265311,40.17,54.15,2.66,98944,6035,4122,6066,454,7728.0,0.0,7728.0,3.38,46.4,26.7,0.1205,0.5495,,,2,0,1,0,0,1,Mourão,MDB,
3305109,São João De Meriti,RJ,Sudeste,200 mil–1 mi,340128,39.42,56.48,2.18,147563,5210,5202,6156,379,7683.0,0.0,7683.0,-4.52,27.8,33.4,0.0452,0.5355,Douglas Ruas (PL),2.1,0,0,0,0,0,0,Leo Vieira,REPUBLICANOS,
3201308,Cariacica,ES,Sudeste,200 mil–1 mi,274339,43.43,51.85,1.71,106008,5701,3755,6632,463,7568.0,0.0,7568.0,1.95,37.3,41.4,0.0381,0.5339,Lorenzo Pazolini (REPUBLICANOS),6.7,1,0,1,0,0,0,Euclerio Sampaio,MDB,
4104808,Cascavel,PR,Sul,200 mil–1 mi,239954,29.63,64.32,4.54,121234,5823,3880,5583,537,7383.0,0.0,7383.0,0.38,64.2,24.9,0.1779,0.5353,,,1,0,0,0,0,1,Renato Silva,PL,
3518701,Guarujá,SP,Sudeste,200 mil–1 mi,238913,42.44,51.92,2.64,89532,5078,3791,6967,428,7303.0,0.0,7303.0,3.0,47.1,28.7,0.072,0.5322,,,1,0,1,0,0,0,Farid Madi,PODE,
4216602,São José,SC,Sul,50–200 mil,195574,34.41,58.87,3.64,89505,5780,2730,5779,758,7062.0,0.0,7062.0,1.46,57.0,19.9,0.187,0.5404,,,2,0,1,0,0,1,Orvino,PSD,
3300456,Belford Roxo,RJ,Sudeste,200 mil–1 mi,346172,38.82,57.26,2.47,144676,4880,4462,5874,323,7038.0,0.0,7038.0,0.65,26.7,36.3,0.0205,0.5392,Douglas Ruas (PL),-0.6,0,0,0,0,0,0,Márcio Canella,UNIÃO,
3520509,Indaiatuba,SP,Sudeste,50–200 mil,192534,32.65,60.29,4.09,89515,5202,3170,5980,740,6961.0,0.0,6961.0,-1.51,54.9,23.2,0.2196,0.5283,,,1,0,0,0,0,1,Dr Custódio,MDB,
3548807,São Caetano Do Sul,SP,Sudeste,50–200 mil,147744,38.36,53.96,3.63,63410,5168,3322,4890,811,6678.0,0.0,6678.0,-1.33,57.0,18.7,0.3656,0.5475,,,1,0,0,0,0,1,Tite Campanella,PL,
5221403,Trindade,GO,Centro-Oeste,50–200 mil,95914,38.9,49.16,-0.63,35469,984,12022,987,32,6115.0,455.0,6570.0,-0.09,47.7,36.9,0.0767,0.5389,,,1,1,0,0,0,0,Marden,UNIÃO,
4309209,Gravataí,RS,Sul,50–200 mil,192077,37.53,55.91,4.19,78624,4627,3797,5495,426,6533.0,0.0,6533.0,2.36,56.4,21.2,0.0478,0.5303,,,1,0,1,0,0,0,Zaffa,PSDB,
1721000,Palmas,TO,Norte,200 mil–1 mi,219783,36.48,58.26,3.56,103652,4164,4333,5737,245,6459.0,0.0,6459.0,-0.4,48.9,36.9,0.1925,0.5328,Professora Dorinha (UNIÃO),13.8,2,0,0,0,1,1,Eduardo Siqueira Campos,PODE,
1400100,Boa Vista,RR,Norte,200 mil–1 mi,241509,20.77,73.38,1.12,143225,5077,2530,6075,255,6353.0,0.0,6353.0,0.11,36.4,34.4,0.1358,0.5273,,,1,0,0,0,0,1,Arthur Henrique,MDB,
5221858,Valparaíso De Goiás,GO,Centro-Oeste,50–200 mil,99112,42.65,48.77,-1.36,37361,1623,8480,1187,66,5063.0,1042.0,6105.0,1.55,46.1,34.6,0.1116,0.5442,,,2,1,1,0,0,0,Marcus Vinicius,MDB,
3526902,Limeira,SP,Sudeste,200 mil–1 mi,219483,24.77,69.28,2.0,118783,4732,2948,4950,519,6101.0,0.0,6101.0,-2.77,53.3,33.8,0.1671,0.5247,,,1,0,0,0,0,1,Murilo Félix,PODE,
3167202,Sete Lagoas,MG,Sudeste,50–200 mil,167416,38.62,54.89,4.77,70304,2992,3182,5154,1900,6056.0,0.0,6056.0,-0.91,67.6,21.0,0.1512,0.536,,,2,0,0,1,0,1,Douglas Melo,PSD,
4105805,Colombo,PR,Sul,50–200 mil,161954,36.21,56.88,3.98,69990,4205,3926,4538,288,5927.0,0.0,5927.0,1.73,50.1,33.7,0.072,0.5332,,,1,0,1,0,0,0,Helder Lazarotto,PSD,
5220454,Senador Canedo,GO,Centro-Oeste,50–200 mil,95243,41.37,48.4,-0.22,34865,1111,10223,1111,37,5462.0,158.0,5620.0,0.75,39.4,38.3,0.0663,0.5347,,,1,1,0,0,0,0,Fernando Pellozo,UNIÃO,
4108304,Foz Do Iguaçu,PR,Sul,200 mil–1 mi,209121,34.04,60.96,0.08,97614,4690,2886,3790,382,5573.0,0.0,5573.0,2.11,51.7,29.4,0.1648,0.5423,,,2,0,1,0,0,1,General Silva E Luna,PL,
3524402,Jacareí,SP,Sudeste,50–200 mil,171394,35.61,58.26,4.03,75767,4092,2830,4424,529,5494.0,0.0,5494.0,-1.33,53.7,30.2,0.1643,0.5293,,,1,0,0,0,0,1,Celso Florêncio,PL,
4208203,Itajaí,SC,Sul,50–200 mil,183857,25.2,68.56,2.13,98583,4651,2080,4356,535,5487.0,0.0,5487.0,1.84,52.1,31.0,0.1821,0.5306,,,2,0,1,0,0,1,Robison Coelho,PL,
3552403,Sumaré,SP,Sudeste,50–200 mil,199975,39.44,55.5,4.48,81394,4322,2302,4787,432,5470.0,0.0,5470.0,1.26,44.4,34.2,0.0808,0.5216,,,1,0,1,0,0,0,Henrique Do Paraíso,REPUBLICANOS,
4211900,Palhoça,SC,Sul,50–200 mil,154633,30.79,62.35,4.55,74587,4644,1950,4464,450,5413.0,0.0,5413.0,0.97,57.3,20.6,0.1324,0.5305,,,1,0,0,0,0,1,Eduardo Freccia,PL,
2105302,Imperatriz,MA,Nordeste,50–200 mil,195325,42.33,53.16,3.86,81738,4009,3084,4479,206,5378.0,0.0,5378.0,-0.34,50.3,37.2,0.1014,0.5351,,,0,0,0,0,0,0,Rildo Amaral,PP,
3501608,Americana,SP,Sudeste,50–200 mil,181216,30.31,63.59,3.45,86854,3959,2331,4763,582,5346.0,0.0,5346.0,1.05,54.0,29.4,0.1437,0.5303,,,2,0,1,0,0,1,Chico Sardelli,PL,
1506807,Santarém,PA,Norte,200 mil–1 mi,253605,42.04,54.4,5.0,108078,3856,2233,5600,124,5252.0,0.0,5252.0,-0.66,61.4,30.3,0.0921,0.5204,,,0,0,0,0,0,0,Zé Maria Tapajós,MDB,
3519071,Hortolândia,SP,Sudeste,50–200 mil,164481,41.97,52.62,4.3,66202,4171,2077,4705,362,5213.0,0.0,5213.0,-0.45,40.6,39.6,0.1061,0.5328,,,0,0,0,0,0,0,Zezé Gomes,REPUBLICANOS,
3122306,Divinópolis,MG,Sudeste,50–200 mil,171705,40.87,53.99,4.87,71478,3219,2214,4568,1277,5203.0,0.0,5203.0,1.03,73.8,15.4,0.1353,0.5362,,,3,0,1,1,0,1,Gleidson Azevedo,NOVO,
4313409,Novo Hamburgo,RS,Sul,50–200 mil,174486,30.09,63.86,2.92,84471,4011,2617,3962,539,5202.0,0.0,5202.0,1.31,55.1,32.6,0.0872,0.5355,,,1,0,1,0,0,0,Gustavo Finck,PP,
4204608,Criciúma,SC,Sul,50–200 mil,154435,25.8,67.25,2.75,79745,4333,2612,3529,362,5140.0,0.0,5140.0,0.42,60.7,27.7,0.1312,0.5363,,,1,0,0,0,0,1,Vaguinho,PSD,
5218805,Rio Verde,GO,Centro-Oeste,50–200 mil,153307,29.59,63.69,8.13,74548,2066,6222,2646,125,4890.0,0.0,4890.0,-0.44,56.0,27.7,0.1297,0.5282,,,1,0,0,0,0,1,Wellington Carrijo,MDB,Pautas não levantadas: o orçamento de buscas web da sessão (limite compartilhado) esgotou antes desta etapa; lacuna a preencher.
4204202,Chapecó,SC,Sul,50–200 mil,164327,32.67,61.81,5.13,80783,3803,2673,3586,393,4886.0,0.0,4886.0,0.36,62.2,24.7,0.1527,0.5279,,,1,0,0,0,0,1,João Rodrigues,PSD,
4318705,São Leopoldo,RS,Sul,50–200 mil,162766,42.02,52.84,4.18,63155,3790,2258,3842,388,4784.0,0.0,4784.0,2.11,57.1,25.5,0.0834,0.5352,,,1,0,1,0,0,0,Delegado Heliomar,PL,
4314100,Passo Fundo,RS,Sul,50–200 mil,150021,38.1,56.52,7.17,65469,3428,2776,3372,273,4561.0,0.0,4561.0,0.81,69.6,19.2,0.1352,0.5431,,,2,0,0,1,0,1,Pedro Almeida,PSD,
3303401,Nova Friburgo,RJ,Sudeste,50–200 mil,155366,38.32,56.02,2.7,63538,2963,2813,3982,317,4531.0,0.0,4531.0,-0.26,45.8,29.4,0.0777,0.5363,Douglas Ruas (PL),0.5,0,0,0,0,0,0,Johnny Maycon,PL,
3507605,Bragança Paulista,SP,Sudeste,50–200 mil,131308,30.43,62.46,3.6,61726,3289,2338,3756,452,4527.0,0.0,4527.0,-1.99,55.1,27.2,0.1808,0.5291,,,1,0,0,0,0,1,Edmir Chedid,UNIÃO,
1505536,Parauapebas,PA,Norte,200 mil–1 mi,201342,36.66,58.95,3.67,89244,3270,1444,5425,133,4507.0,0.0,4507.0,0.45,38.7,43.5,0.0687,0.4992,,,0,0,0,0,0,0,Aurélio Goiano,AVANTE,
5108402,Várzea Grande,MT,Centro-Oeste,50–200 mil,194985,39.27,56.42,3.46,85581,2896,3215,3649,226,4496.0,0.0,4496.0,2.06,54.6,31.6,0.1209,0.5414,,,2,0,1,0,0,1,Flávia Moretti,PL,
3302403,Macaé,RJ,Sudeste,50–200 mil,186241,43.68,52.07,2.65,71870,2948,2243,4480,315,4445.0,0.0,4445.0,-1.4,30.3,38.9,0.088,0.5266,Douglas Ruas (PL),0.5,0,0,0,0,0,0,Welberth Rezende,CIDADANIA,
3302502,Magé,RJ,Sudeste,50–200 mil,192902,37.74,57.92,2.92,85481,2849,2958,3869,216,4426.0,0.0,4426.0,-1.82,29.8,39.1,0.0457,0.5306,Douglas Ruas (PL),4.6,0,0,0,0,0,0,Renato Cozzolino,PP,
3547304,Santana De Parnaíba,SP,Sudeste,50–200 mil,111635,40.6,52.44,7.76,43095,3570,1913,3419,467,4407.0,0.0,4407.0,3.99,46.1,30.3,0.1657,0.5295,,,2,0,1,0,0,1,Elvis Cezar,REPUBLICANOS,
3504107,Atibaia,SP,Sudeste,50–200 mil,119210,32.47,60.21,4.72,53602,3213,2313,3427,424,4342.0,0.0,4342.0,-1.51,52.0,24.4,0.1981,0.5315,,,1,0,0,0,0,1,Daniel Martini,PL,
3529005,Marília,SP,Sudeste,50–200 mil,172936,28.06,66.36,3.49,83178,3162,2502,3463,300,4330.0,0.0,4330.0,0.2,53.3,31.3,0.2116,0.5393,,,1,0,0,0,0,1,Vinicius Camarinha,PSDB,
3543907,Rio Claro,SP,Sudeste,50–200 mil,151298,30.59,63.38,2.83,71036,3210,2212,3609,363,4322.0,0.0,4322.0,-0.62,50.5,32.1,0.1911,0.5323,,,1,0,0,0,0,1,Gustavo Perissinotto,PSD,
3131307,Ipatinga,MG,Sudeste,50–200 mil,176630,33.99,61.11,1.71,78548,2818,1363,4043,1063,4289.0,0.0,4289.0,1.31,43.4,43.3,0.088,0.5372,,,1,0,1,0,0,0,Gustavo Nunes,PL,
4208906,Jaraguá Do Sul,SC,Sul,50–200 mil,131454,20.64,72.67,2.65,78938,3450,1628,3196,587,4209.0,0.0,4209.0,1.22,61.8,29.1,0.1983,0.5203,,,2,0,1,0,0,1,Jair Franzner,MDB,
3545803,Santa Bárbara D'Oeste,SP,Sudeste,50–200 mil,138487,30.46,63.4,4.55,67949,3026,1989,3895,318,4186.0,0.0,4186.0,-1.87,56.0,32.0,0.1377,0.5215,,,1,0,0,0,0,1,Rafael Piovezan,PL,
3541406,Presidente Prudente,SP,Sudeste,50–200 mil,165528,29.68,65.06,2.91,80401,3044,2678,3035,265,4169.0,0.0,4169.0,-3.25,60.5,28.7,0.2265,0.5385,,,1,0,0,0,0,1,Milton Carlos De Mello - Tupã,REPUBLICANOS,
3523909,Itu,SP,Sudeste,50–200 mil,128825,32.57,60.63,3.95,55736,3023,2298,3361,325,4140.0,0.0,4140.0,2.29,58.0,26.5,0.095,0.5244,,,1,0,1,0,0,0,Herculano ,REPUBLICANOS,
4101804,Araucária,PR,Sul,50–200 mil,112066,40.89,52.59,6.16,44601,2919,2462,3461,221,4119.0,0.0,4119.0,2.15,55.0,31.6,0.092,0.5178,,,1,0,1,0,0,0,Dr Gustavo,PL,
3301900,Itaboraí,RJ,Sudeste,50–200 mil,177920,40.9,54.88,1.92,71796,2729,2742,3373,190,4077.0,0.0,4077.0,1.21,26.8,44.2,0.0333,0.5292,Douglas Ruas (PL),-4.4,1,0,1,0,0,0,Marcelo Delaroli,PL,
3151800,Poços De Caldas,MG,Sudeste,50–200 mil,122866,40.33,53.56,2.14,45922,2422,1743,2982,1400,4057.0,0.0,4057.0,1.72,60.1,26.4,0.1347,0.5413,,,2,0,1,0,0,1,Paulo Ney,PSDB,
5208004,Formosa,GO,Centro-Oeste,50–200 mil,77711,37.94,52.19,1.13,30623,770,7703,766,33,4055.0,0.0,4055.0,0.72,66.1,23.9,0.1575,0.5359,,,2,0,0,1,0,1,Simone Ribeiro,PL,
3127701,Governador Valadares,MG,Sudeste,50–200 mil,193573,36.51,59.59,1.97,84782,2895,1458,3108,1047,4049.0,0.0,4049.0,-5.79,48.5,39.6,0.1503,0.5479,,,1,0,0,0,0,1,Coronel Sandro,PL,
3538006,Pindamonhangaba,SP,Sudeste,50–200 mil,119275,34.44,58.93,2.8,52407,2614,2428,3307,358,3952.0,0.0,3952.0,-1.18,57.7,28.7,0.1559,0.5272,,,1,0,0,0,0,1,Ricardo Piorino,PL,
5003702,Dourados,MS,Centro-Oeste,50–200 mil,166869,33.74,61.7,5.94,79483,3040,1731,3561,252,3930.0,0.0,3930.0,-0.58,50.8,32.2,0.182,0.5389,,,1,0,0,0,0,1,Marçal Filho,PSDB,
4119152,Pinhais,PR,Sul,50–200 mil,99265,35.27,57.4,3.26,43866,2998,2298,2889,245,3916.0,0.0,3916.0,1.41,50.2,29.6,0.1262,0.5323,,,2,0,1,0,0,1,Professora Rosa Maria,PSD,
5107602,Rondonópolis,MT,Centro-Oeste,50–200 mil,177622,30.7,64.77,5.21,85901,2691,2867,2668,179,3862.0,0.0,3862.0,0.41,52.8,33.6,0.1417,0.528,,,1,0,0,0,0,1,Claudio Ferreira,PL,
3502804,Araçatuba,SP,Sudeste,50–200 mil,145128,28.91,65.32,2.4,70541,2567,2238,3469,286,3854.0,0.0,3854.0,-0.37,47.3,35.4,0.2054,0.5392,,,1,0,0,0,0,1,Zanatta,PL,
3507506,Botucatu,SP,Sudeste,50–200 mil,111048,39.18,54.19,3.92,43436,2469,2201,3500,285,3789.0,0.0,3789.0,4.02,50.5,32.4,0.2079,0.5304,,,2,0,1,0,0,1,Fabio Leite,PSD,
3300704,Cabo Frio,RJ,Sudeste,50–200 mil,179682,32.43,63.05,1.19,83213,2613,2018,3603,192,3776.0,0.0,3776.0,0.4,29.0,41.8,0.0835,0.5429,Douglas Ruas (PL),-0.2,0,0,0,0,0,0,Dr Serginho,PL,
4316808,Santa Cruz Do Sul,RS,Sul,50–200 mil,105305,34.0,59.37,7.36,48362,2704,2488,2534,308,3739.0,0.0,3739.0,1.2,68.3,21.4,0.1566,0.5367,,,3,0,1,1,0,1,Sergio Moraes,PL,
4109401,Guarapuava,PR,Sul,50–200 mil,133846,40.14,55.01,8.01,56860,2594,2356,3092,171,3723.0,0.0,3723.0,0.69,72.6,20.8,0.1306,0.5298,,,2,0,0,1,0,1,Denilson Baitala,PL,"Saúde/filas de cirurgia: o Hospital Regional do Centro-Oeste (Dep. Bernardo Ribas Carli) passou à gestão do CIS em 05/01/2026, com meta de subir de cerca de 600 para 1.000 cirurgias/mês e reduzir filas em 20 municípios da 5ª Regional | Saúde/fila oftalmológica: triagem de cerca de 3.900 pacientes para cirurgias oftalmológicas, em parceria com o Estado (agenda da prefeitura)"
3305802,Teresópolis,RJ,Sudeste,50–200 mil,133712,31.34,62.8,0.74,61584,2470,2306,3114,260,3688.0,0.0,3688.0,-0.03,39.1,34.0,0.1058,0.5373,Douglas Ruas (PL),0.0,0,0,0,0,0,0,Leonardo Vasconcellos,UNIÃO,
3152501,Pouso Alegre,MG,Sudeste,50–200 mil,112425,37.75,56.4,4.5,46748,2272,1459,2910,962,3557.0,0.0,3557.0,2.26,64.8,23.0,0.1159,0.5289,,,1,0,1,0,0,0,Coronel Dimas,REPUBLICANOS,
5205109,Catalão,GO,Centro-Oeste,50–200 mil,75393,42.22,49.49,5.69,27883,876,6307,780,49,3532.0,0.0,3532.0,-0.04,54.0,29.0,0.137,0.5284,,,1,0,0,0,0,1,Velomar Rios,MDB,"Emprego e renda: o Sine anunciou 364 vagas (site da prefeitura) | Saúde: posse de novos profissionais, edital PET-Saúde 2026 e concurso FMS 03/2025 suspenso em out/2026"
3556206,Valinhos,SP,Sudeste,50–200 mil,94676,32.76,60.17,3.54,44022,2574,1750,2579,533,3494.0,0.0,3494.0,-2.84,56.0,23.9,0.2613,0.5224,,,1,0,0,0,0,1,Franklin,PL,
3104007,Araxá,MG,Sudeste,50–200 mil,81839,40.3,52.82,5.82,31626,1170,1165,1681,2797,3453.0,0.0,3453.0,1.78,61.5,19.4,0.104,0.5296,,,1,0,1,0,0,0,Robson Magela,CIDADANIA,
4303103,Cachoeirinha,RS,Sul,50–200 mil,102594,38.82,54.78,4.17,41314,2415,1538,3470,268,3451.0,0.0,3451.0,2.03,49.7,24.0,0.0556,0.5375,,,1,0,1,0,0,0,Jussara Caçapava,AVANTE,
3170701,Varginha,MG,Sudeste,50–200 mil,104607,37.3,56.36,3.64,42950,1871,1763,3041,840,3419.0,0.0,3419.0,3.75,71.7,19.2,0.1197,0.53,,,3,0,1,1,0,1,Leonardo Ciacci,PSD,
3300407,Barra Mansa,RJ,Sudeste,50–200 mil,133855,43.19,52.38,4.01,52367,2303,2091,2878,262,3417.0,0.0,3417.0,0.86,48.5,35.7,0.0628,0.5335,Douglas Ruas (PL),-3.0,0,0,0,0,0,0,Furlani,PL,
3545209,Salto,SP,Sudeste,50–200 mil,95308,35.44,57.77,3.94,41488,2595,1626,2897,212,3368.0,0.0,3368.0,-0.62,58.5,24.8,0.1588,0.5216,,,1,0,0,0,0,1,Geraldo Garcia,PP,
1504208,Marabá,PA,Norte,50–200 mil,179940,42.46,54.42,5.39,76354,2549,1392,3395,77,3328.0,0.0,3328.0,-4.05,46.5,36.8,0.0966,0.5139,,,0,0,0,0,0,0,Toni Cunha,PL,
3148004,Patos De Minas,MG,Sudeste,50–200 mil,116646,31.14,62.95,6.18,54527,1901,2229,2597,552,3313.0,0.0,3313.0,-0.46,71.2,18.9,0.0981,0.5341,,,1,0,0,1,0,0,Falcão,NOVO,
4107652,Fazenda Rio Grande,PR,Sul,50–200 mil,94019,35.73,57.37,5.14,39363,2536,1900,2597,128,3298.0,0.0,3298.0,1.59,48.3,35.5,0.066,0.5263,,,1,0,1,0,0,0,Marco Marcondes,PSD,
3530706,Mogi Guaçu,SP,Sudeste,50–200 mil,114358,27.46,66.38,2.03,57443,2366,1790,2742,263,3279.0,0.0,3279.0,-1.92,57.0,31.6,0.1449,0.5226,,,1,0,0,0,0,1,Rodrigo Falsetti,PSD,
5211503,Itumbiara,GO,Centro-Oeste,50–200 mil,74876,33.13,57.76,5.34,31755,886,5584,915,55,3277.0,0.0,3277.0,-0.42,53.9,20.1,0.1325,0.5377,,,1,0,0,0,0,1,Dione Araujo,UNIÃO,
3201209,Cachoeiro De Itapemirim,ES,Sudeste,50–200 mil,134177,29.38,65.71,1.93,69303,2259,2149,2512,218,3264.0,0.0,3264.0,-2.69,55.3,34.0,0.144,0.5355,Lorenzo Pazolini (REPUBLICANOS),20.9,2,0,0,0,1,1,Ferraço,PP,
4104204,Campo Largo,PR,Sul,50–200 mil,94798,31.63,61.45,4.47,44882,2143,2257,2639,174,3258.0,0.0,3258.0,1.48,68.3,21.5,0.11,0.5239,,,2,0,1,1,0,0,Mauricio Rivabem,PSD,
4209300,Lages,SC,Sul,50–200 mil,125222,29.28,65.33,6.26,62339,2332,1707,2894,161,3214.0,0.0,3214.0,0.36,67.7,21.6,0.1293,0.5328,,,2,0,0,1,0,1,Carmen Zanotto,CIDADANIA,
3510500,Caraguatatuba,SP,Sudeste,50–200 mil,106446,38.55,55.89,2.66,43425,2489,1479,2563,202,3122.0,0.0,3122.0,-0.7,41.9,31.7,0.1349,0.5276,,,1,0,0,0,0,1,Mateus Silva,PSD,
4118204,Paranaguá,PR,Sul,50–200 mil,108469,33.27,61.15,2.51,50905,2350,1722,2571,119,3096.0,0.0,3096.0,1.66,38.0,40.2,0.1001,0.5207,,,1,0,1,0,0,0,Adriano Ramos,REPUBLICANOS,
4202008,Balneário Camboriú,SC,Sul,50–200 mil,111138,22.89,70.96,2.6,59601,2547,1154,2397,423,3093.0,0.0,3093.0,1.88,54.4,23.6,0.2868,0.5486,,,2,0,1,0,0,1,Juliana Pavan,PSD,
3536505,Paulínia,SP,Sudeste,50–200 mil,89901,37.52,56.28,4.15,39264,2402,1232,2695,324,3082.0,0.0,3082.0,-0.82,53.9,27.0,0.2042,0.5192,,,1,0,0,0,0,1,Danilo Barros,PL,
1702109,Araguaína,TO,Norte,50–200 mil,124170,38.07,57.55,4.57,57270,2030,2091,2684,83,3079.0,0.0,3079.0,-0.77,54.0,34.0,0.1266,0.5439,Professora Dorinha (UNIÃO),15.1,2,0,0,0,1,1,Wagner Rodrigues,UNIÃO,
3522307,Itapetininga,SP,Sudeste,50–200 mil,114451,28.61,65.54,5.39,55271,2126,1963,2436,195,3065.0,0.0,3065.0,-0.92,53.2,35.0,0.153,0.5206,,,1,0,0,0,0,1,Jeferson Brun,REPUBLICANOS,
3518404,Guaratinguetá,SP,Sudeste,50–200 mil,90805,33.49,59.85,1.97,41429,1965,2063,2493,227,3050.0,0.0,3050.0,-1.17,65.6,23.1,0.1829,0.5315,,,2,0,0,1,0,1,Junior Filippo,PSD,
5204508,Caldas Novas,GO,Centro-Oeste,50–200 mil,68138,31.81,58.67,0.15,29008,833,5131,855,35,3018.0,0.0,3018.0,-0.62,43.1,35.3,0.1122,0.5311,,,0,0,0,0,0,0,Kleber Marra,MDB,
3557006,Votorantim,SP,Sudeste,50–200 mil,92608,36.38,57.27,3.42,38477,2342,1348,2595,231,3006.0,0.0,3006.0,3.61,44.8,38.8,0.1353,0.5239,,,2,0,1,0,0,1,Weber Manga,REPUBLICANOS,
3503307,Araras,SP,Sudeste,50–200 mil,96612,28.77,64.56,3.82,47054,1918,1933,2553,244,2996.0,0.0,2996.0,-1.39,54.1,30.4,0.1847,0.523,,,1,0,0,0,0,1,Irineu Marretto,PSD,
4127700,Toledo,PR,Sul,50–200 mil,108119,28.3,66.12,3.19,56579,2267,1532,2492,196,2984.0,0.0,2984.0,0.43,67.2,24.6,0.1654,0.5302,,,2,0,0,1,0,1,Mario Costenaro,REPUBLICANOS,
5208608,Goianésia,GO,Centro-Oeste,50–200 mil,59437,34.78,55.07,2.58,24267,611,5488,684,33,2979.0,0.0,2979.0,-0.54,60.0,32.4,0.102,0.5307,,,0,0,0,0,0,0,Renato De Castro,UNIÃO,
3523404,Itatiba,SP,Sudeste,50–200 mil,85162,31.0,61.97,3.87,40307,2155,1631,2328,294,2962.0,0.0,2962.0,-1.07,58.8,22.2,0.1819,0.5282,,,1,0,0,0,0,1,Dr Thomás,PSD,
3302858,Mesquita,RJ,Sudeste,50–200 mil,136302,38.04,57.91,2.06,58774,2051,1738,2444,140,2893.0,0.0,2893.0,1.79,30.2,38.3,0.0364,0.5381,Douglas Ruas (PL),1.4,1,0,1,0,0,0,Marotto,PL,
4101408,Apucarana,PR,Sul,50–200 mil,94187,26.43,66.78,3.56,47060,1924,1860,2379,209,2888.0,0.0,2888.0,1.45,63.4,27.6,0.1329,0.5398,,,2,0,1,0,0,1,Rodolfo Mota,UNIÃO,
3304201,Resende,RJ,Sudeste,50–200 mil,98020,34.27,59.81,4.77,43226,1781,2087,2206,229,2853.0,0.0,2853.0,0.4,55.6,28.7,0.1071,0.5337,Douglas Ruas (PL),-1.1,0,0,0,0,0,0,Tande,PP,
5209705,Hidrolândia,GO,Centro-Oeste,10–50 mil,23574,38.4,44.3,-4.1,7760,196,4521,177,2,2123.0,718.0,2841.0,1.1,52.6,32.9,0.0949,0.5113,,,2,1,1,0,0,0,Zé Délio Jr,UNIÃO,
3551702,Sertãozinho,SP,Sudeste,50–200 mil,93301,39.13,55.3,5.21,38741,1956,1489,2541,242,2823.0,0.0,2823.0,-2.28,50.9,29.7,0.1488,0.5218,,,1,0,0,0,0,1,Zezinho Gimenez,MDB,
5215231,Novo Gama,GO,Centro-Oeste,50–200 mil,58615,43.91,48.59,-0.43,21705,790,4496,622,12,2626.0,192.0,2818.0,2.36,43.8,37.7,0.0646,0.5437,,,2,1,1,0,0,0,Carlinhos Do Mangão,PL,
3300100,Angra Dos Reis,RJ,Sudeste,50–200 mil,137071,33.66,62.17,0.36,62802,2048,1461,2479,164,2798.0,0.0,2798.0,-0.39,35.1,38.8,0.0639,0.5165,Douglas Ruas (PL),-0.3,0,0,0,0,0,0,Cláudio Ferreti,MDB,
3304144,Queimados,RJ,Sudeste,50–200 mil,104602,40.11,55.31,1.9,45795,1926,1577,2411,166,2753.0,0.0,2753.0,2.14,23.1,44.6,0.0574,0.5451,Douglas Ruas (PL),1.5,1,0,1,0,0,0,Glauco Kaizer,UNIÃO,
3303203,Nilópolis,RJ,Sudeste,50–200 mil,128648,39.5,56.46,1.63,54213,1936,1652,2341,142,2753.0,0.0,2753.0,1.83,32.1,32.9,0.0556,0.5475,Douglas Ruas (PL),2.4,1,0,1,0,0,0,Abraãozinho,PL,
1600600,Santana,AP,Norte,50–200 mil,85900,45.0,50.11,2.26,35791,1992,1051,3157,34,2741.0,0.0,2741.0,-1.57,51.9,40.2,0.0782,0.5133,,,0,0,0,0,0,0,Bala Rocha,PP,
5211909,Jataí,GO,Centro-Oeste,50–200 mil,73593,29.54,62.49,5.52,34317,870,4439,786,47,2726.0,0.0,2726.0,-1.52,43.5,30.6,0.1269,0.532,,,1,0,0,0,0,1,Geneilton Assis,PL,
4202909,Brusque,SC,Sul,50–200 mil,101563,19.66,74.49,1.95,61228,2239,998,2298,277,2720.0,0.0,2720.0,0.65,66.6,24.8,0.1495,0.5285,,,2,0,0,1,0,1,Andre Vechi,PL,
3556503,Várzea Paulista,SP,Sudeste,50–200 mil,84729,37.72,56.21,4.92,35108,2081,1100,2528,170,2683.0,0.0,2683.0,2.89,52.6,31.2,0.0967,0.5195,,,1,0,1,0,0,0,Professor Rodolfo,PSD,
4100400,Almirante Tamandaré,PR,Sul,50–200 mil,77677,38.64,54.87,5.06,31191,1858,1804,2073,136,2677.0,0.0,2677.0,2.76,53.0,33.1,0.0578,0.5256,,,1,0,1,0,0,0,Daniel Lovato ,MDB,
3203205,Linhares,ES,Sudeste,50–200 mil,122598,36.59,59.14,3.52,52025,1928,1493,2215,146,2639.0,0.0,2639.0,0.89,50.8,32.6,0.0674,0.5272,Lorenzo Pazolini (REPUBLICANOS),3.7,0,0,0,0,0,0,Lucas Scaramussa,PODE,
3503901,Arujá,SP,Sudeste,50–200 mil,71347,40.3,53.19,4.12,28627,2080,1354,2078,155,2630.0,0.0,2630.0,0.01,45.4,31.0,0.146,0.5228,,,1,0,0,0,0,1,Dr. Camargo,PSD,
3103504,Araguari,MG,Sudeste,50–200 mil,90272,34.2,60.09,4.88,40252,1335,2294,1673,395,2593.0,0.0,2593.0,0.2,59.6,29.0,0.0853,0.5296,,,0,0,0,0,0,0,Renato Carvalho,REPUBLICANOS,
3304524,Rio Das Ostras,RJ,Sudeste,50–200 mil,107737,34.47,60.66,1.28,48383,1897,1136,2501,166,2577.0,0.0,2577.0,2.08,30.3,40.0,0.1388,0.5421,Douglas Ruas (PL),0.4,2,0,1,0,0,1,Carlos Augusto,PL,
3525300,Jaú,SP,Sudeste,50–200 mil,98725,25.44,68.85,3.23,51878,1849,1623,1968,157,2571.0,0.0,2571.0,-2.32,65.5,25.6,0.1611,0.5267,,,2,0,0,1,0,1,Ivan Cassaro,PSD,
4119509,Piraquara,PR,Sul,50–200 mil,73929,40.03,53.62,4.48,29174,1889,1659,1942,103,2569.0,0.0,2569.0,2.25,39.2,36.2,0.0617,0.5293,,,1,0,1,0,0,0,Marquinhos,PSD,
3147907,Passos,MG,Sudeste,50–200 mil,81108,43.07,51.36,4.23,30548,1391,1448,2395,486,2563.0,0.0,2563.0,-0.37,70.4,21.4,0.11,0.5339,,,1,0,0,1,0,0,Diego Oliveira,PSD,
5210000,Inhumas,GO,Centro-Oeste,10–50 mil,40854,37.95,50.11,2.19,15356,406,4969,466,23,2553.0,0.0,2553.0,-0.66,57.6,30.7,0.1024,0.5369,,,0,0,0,0,0,0,Zé Essado,UNIÃO,
5205497,Cidade Ocidental,GO,Centro-Oeste,10–50 mil,49714,44.94,46.93,-0.26,17750,689,4312,515,20,2455.0,98.0,2553.0,2.55,47.2,32.3,0.0842,0.5488,,,2,1,1,0,0,0,Lulinha,PP,
5208806,Goianira,GO,Centro-Oeste,10–50 mil,47570,40.8,49.07,0.27,16866,485,4851,476,19,2550.0,0.0,2550.0,0.01,40.2,39.6,0.0436,0.5281,,,0,0,0,0,0,0,Cleyton Bento,UNIÃO,
3509205,Cajamar,SP,Sudeste,50–200 mil,70021,44.0,49.81,7.16,26010,1942,1073,2413,159,2542.0,0.0,2542.0,0.33,44.8,32.9,0.1143,0.516,,,0,0,0,0,0,0,Kauan,PSD,
4302105,Bento Gonçalves,RS,Sul,50–200 mil,92061,21.26,72.8,3.68,53040,1952,1353,1839,239,2522.0,0.0,2522.0,0.71,73.5,16.7,0.1264,0.5281,,,2,0,0,1,0,1,Diogo Siqueira,PSDB,
3202405,Guarapari,ES,Sudeste,50–200 mil,101964,34.2,60.78,1.09,44951,1853,1304,2155,177,2511.0,0.0,2511.0,1.46,46.9,34.1,0.0816,0.5274,Lorenzo Pazolini (REPUBLICANOS),7.1,1,0,1,0,0,0,Rodrigo Borges,REPUBLICANOS,
3201506,Colatina,ES,Sudeste,50–200 mil,87109,33.32,61.18,4.16,41676,1681,1640,2039,153,2499.0,0.0,2499.0,-3.58,63.5,27.9,0.1493,0.5327,Lorenzo Pazolini (REPUBLICANOS),1.2,1,0,0,0,0,1,Renzo Vasconcelos,PSD,
3302007,Itaguaí,RJ,Sudeste,50–200 mil,100542,35.47,59.69,0.76,44965,1725,1451,2146,134,2469.0,0.0,2469.0,0.19,24.5,42.3,0.041,0.5238,Douglas Ruas (PL),4.6,0,0,0,0,0,0,,,
4218707,Tubarão,SC,Sul,50–200 mil,82210,22.98,70.66,3.16,45432,1985,1010,1884,257,2420.0,0.0,2420.0,-0.67,71.8,19.2,0.1459,0.54,,,2,0,0,1,0,1,Soratto,PL,
3508504,Caçapava,SP,Sudeste,50–200 mil,72595,32.75,60.57,2.05,33129,1707,1376,1938,222,2408.0,0.0,2408.0,-1.43,61.8,26.0,0.149,0.5205,,,1,0,0,0,0,1,Yan Lopes,PODE,
4103701,Cambé,PR,Sul,50–200 mil,76178,28.54,64.53,2.82,36772,1468,1780,1972,142,2402.0,0.0,2402.0,2.66,61.6,29.0,0.1185,0.5352,,,2,0,1,0,0,1,Conrado Scheller,PSD,
4101507,Arapongas,PR,Sul,50–200 mil,84444,21.78,71.91,1.56,46270,1739,1524,1663,160,2360.0,0.0,2360.0,1.81,65.0,26.9,0.1398,0.5356,,,2,0,1,0,0,1,Rafael Cita,PSD,
3556701,Vinhedo,SP,Sudeste,50–200 mil,65669,30.52,62.25,3.06,30691,1830,1087,1756,302,2344.0,0.0,2344.0,1.8,58.0,24.2,0.232,0.5255,,,2,0,1,0,0,1,Dr. Dario,PSD,
3300209,Araruama,RJ,Sudeste,50–200 mil,111370,30.51,64.98,3.03,53415,1605,1483,1933,105,2321.0,0.0,2321.0,-1.27,33.2,38.3,0.0751,0.5379,Douglas Ruas (PL),-0.9,0,0,0,0,0,0,Daniela De Livia,MDB,
3147105,Pará De Minas,MG,Sudeste,50–200 mil,67632,30.48,62.19,6.15,31055,976,1226,2243,725,2310.0,0.0,2310.0,1.28,77.0,16.2,0.0947,0.53,,,2,0,1,1,0,0,Inácio Franco,PL,
5219753,Santo Antônio Do Descoberto,GO,Centro-Oeste,10–50 mil,46706,42.47,49.56,-0.52,17257,632,3513,625,17,2112.0,181.0,2293.0,1.08,46.7,36.7,0.0549,0.5265,,,2,1,1,0,0,0,Jessica Do Premium,UNIÃO,
3554003,Tatuí,SP,Sudeste,50–200 mil,88765,28.85,65.19,5.48,40608,1609,1341,1996,118,2291.0,0.0,2291.0,-0.9,43.5,40.8,0.1413,0.5266,,,1,0,0,0,0,1,Professor Miguel,PSD,
3522109,Itanhaém,SP,Sudeste,50–200 mil,85052,44.2,50.8,2.32,29274,1724,1391,1674,148,2290.0,0.0,2290.0,-0.04,42.5,27.5,0.1249,0.541,,,1,0,0,0,0,1,Tiago Cervantes,REPUBLICANOS,
3505500,Barretos,SP,Sudeste,50–200 mil,85200,34.69,59.86,3.76,37186,1466,1476,1978,156,2280.0,0.0,2280.0,-3.65,60.7,25.4,0.1858,0.5373,,,1,0,0,0,0,1,Odair Silva,REPUBLICANOS,
3138203,Lavras,MG,Sudeste,50–200 mil,75558,44.56,50.15,5.95,26718,1342,1150,1920,527,2269.0,0.0,2269.0,3.6,67.6,19.7,0.112,0.5339,,,2,0,1,1,0,0,Jussara Menicucci,PSD,
4307005,Erechim,RS,Sul,50–200 mil,79130,27.48,66.67,6.82,41650,1574,1275,1898,203,2260.0,0.0,2260.0,0.37,73.5,18.7,0.1837,0.5392,,,2,0,0,1,0,1,Polis,MDB,
4126256,Sarandi,PR,Sul,50–200 mil,72031,37.73,56.2,7.06,29305,1505,1455,1891,130,2250.0,0.0,2250.0,1.95,53.0,36.0,0.0593,0.5347,,,1,0,1,0,0,0,De Paula,PSB,
3133808,Itaúna,MG,Sudeste,50–200 mil,70855,30.36,63.04,4.5,33311,1229,1110,1892,651,2249.0,0.0,2249.0,1.29,74.5,19.2,0.0929,0.5251,,,2,0,1,1,0,0,Gustavo Mitre,REPUBLICANOS,
5107909,Sinop,MT,Centro-Oeste,50–200 mil,127167,19.25,76.66,4.5,73701,1967,903,1728,106,2220.0,0.0,2220.0,-0.87,58.0,27.7,0.1558,0.5285,,,1,0,0,0,0,1,Roberto Dorner,PL,
3511102,Catanduva,SP,Sudeste,50–200 mil,86119,27.59,66.9,4.02,42040,1478,1204,1822,155,2117.0,0.0,2117.0,1.82,55.3,29.5,0.1906,0.5344,,,2,0,1,0,0,1,Padre Osvaldo,PL,
3550605,São Roque,SP,Sudeste,50–200 mil,60260,39.73,53.66,5.77,23452,1461,1312,1731,146,2117.0,0.0,2117.0,-1.79,55.1,26.1,0.186,0.5253,,,1,0,0,0,0,1,Guto Issa,PSD,
3549102,São João Da Boa Vista,SP,Sudeste,50–200 mil,67128,31.51,62.05,3.4,30945,1366,1410,1536,252,2099.0,0.0,2099.0,-1.86,61.8,22.6,0.203,0.5302,,,1,0,0,0,0,1,Vanderlei,PSD,
4104303,Campo Mourão,PR,Sul,50–200 mil,70262,33.63,60.51,5.74,32846,1290,1446,1848,106,2088.0,0.0,2088.0,0.99,62.8,28.2,0.1664,0.5401,,,1,0,0,0,0,1,Douglas Fabrício,CIDADANIA,
3132404,Itajubá,MG,Sudeste,50–200 mil,68385,33.64,60.56,2.75,31458,1361,829,1644,574,2076.0,0.0,2076.0,-2.51,64.9,27.1,0.203,0.5251,,,1,0,0,0,0,1,Rodrigo Riera,PSD,
1100122,Ji-Paraná,RO,Norte,50–200 mil,97939,24.02,71.3,1.51,52832,1541,1229,1582,128,2068.0,0.0,2068.0,-1.86,33.4,45.7,0.1031,0.5279,,,0,0,0,0,0,0,Affonso Cândido,PL,
4322400,Uruguaiana,RS,Sul,50–200 mil,84488,34.9,59.97,3.57,35208,1354,1679,1396,91,2064.0,0.0,2064.0,0.27,49.2,31.4,0.0818,0.5312,,,0,0,0,0,0,0,Carlos Delgado,PP,
4128104,Umuarama,PR,Sul,50–200 mil,82990,25.58,69.01,3.14,43812,1440,1307,1629,138,2063.0,0.0,2063.0,0.31,67.1,25.4,0.1694,0.5466,,,2,0,0,1,0,1,Fernando Scanavaca,REPUBLICANOS,
3534708,Ourinhos,SP,Sudeste,50–200 mil,76480,33.59,60.85,4.78,33838,1381,1282,1776,111,2050.0,0.0,2050.0,-0.9,57.5,31.4,0.1697,0.5339,,,1,0,0,0,0,1,Guilherme Gonçalves,PODE,
4311403,Lajeado,RS,Sul,50–200 mil,64158,29.27,64.2,5.46,32135,1393,1056,1916,172,2045.0,0.0,2045.0,1.09,66.0,24.7,0.1592,0.5396,,,3,0,1,1,0,1,Gláucia Schumacher,PP,
4215802,São Bento Do Sul,SC,Sul,50–200 mil,63838,19.25,73.49,4.15,36609,1581,1024,1599,170,2035.0,0.0,2035.0,0.58,72.9,20.8,0.1159,0.5198,,,1,0,0,1,0,0,Tomazini,PL,
3509601,Campo Limpo Paulista,SP,Sudeste,50–200 mil,59440,39.93,53.72,3.14,23507,1536,930,1847,126,2025.0,0.0,2025.0,-0.12,45.6,34.3,0.1289,0.5228,,,1,0,0,0,0,1,Adeildo Nogueira,PL,
5008305,Três Lagoas,MS,Centro-Oeste,50–200 mil,88506,36.78,58.63,5.96,36690,1522,905,1825,152,2014.0,0.0,2014.0,1.16,47.0,35.8,0.1558,0.5321,,,2,0,1,0,0,1,Dr Cassiano Maia,PSDB,
5213103,Mineiros,GO,Centro-Oeste,50–200 mil,51739,31.14,60.45,7.46,22904,544,3283,727,28,2002.0,0.0,2002.0,0.46,62.1,24.7,0.1296,0.5254,,,1,0,0,0,0,1,Aleomar Rezende,MDB,Não encontradas
3530805,Mogi Mirim,SP,Sudeste,50–200 mil,67646,27.17,66.51,2.87,33902,1343,1169,1597,198,1970.0,0.0,1970.0,-2.13,61.1,24.8,0.1892,0.5271,,,1,0,0,0,0,1,Dr Paulo Silva,PDT,
3513405,Cruzeiro,SP,Sudeste,50–200 mil,56188,37.13,56.16,4.65,23478,1262,1271,1680,149,1964.0,0.0,1964.0,-2.0,63.2,26.6,0.1619,0.5309,,,1,0,0,0,0,1,Kleber Silveira,PL,
3126109,Formiga,MG,Sudeste,50–200 mil,54476,35.26,57.65,4.31,22936,1069,1368,1463,389,1960.0,0.0,1960.0,0.91,73.0,20.3,0.0886,0.5263,,,1,0,0,1,0,0,Coronel Laércio,PL,
4211306,Navegantes,SC,Sul,50–200 mil,66392,28.05,65.78,2.13,32775,1578,680,1769,150,1931.0,0.0,1931.0,-2.41,50.8,31.0,0.1269,0.5244,,,1,0,0,0,0,1,Liba,PSD,
3528502,Mairiporã,SP,Sudeste,50–200 mil,65733,36.82,57.41,4.18,27633,1335,1143,1589,162,1930.0,0.0,1930.0,0.5,50.6,27.2,0.1486,0.5207,,,1,0,0,0,0,1,Aladim,PSD,
4118501,Pato Branco,PR,Sul,50–200 mil,64406,32.71,61.72,7.66,31466,1482,1033,1504,122,1918.0,0.0,1918.0,-1.82,72.6,19.8,0.1908,0.5335,,,2,0,0,1,0,1,Géri Dutra,PL,
3527207,Lorena,SP,Sudeste,50–200 mil,61172,33.92,60.01,2.27,28205,1330,1172,1551,147,1918.0,0.0,1918.0,-3.14,64.4,27.1,0.1668,0.5326,,,1,0,0,0,0,1,Sylvinho Ballerini,PSD,
5211800,Jaraguá,GO,Centro-Oeste,10–50 mil,33457,24.17,62.72,0.24,15948,279,3909,187,9,1917.0,0.0,1917.0,2.25,65.7,30.4,0.0844,0.5292,,,1,0,1,0,0,0,Paulo Vitor,UNIÃO,
5213806,Morrinhos,GO,Centro-Oeste,10–50 mil,37180,33.12,56.36,5.14,15720,369,3635,328,25,1911.0,0.0,1911.0,-1.39,58.0,26.2,0.1308,0.5261,,,1,0,0,0,0,1,Maycllyn Carreiro,PL,
3555406,Ubatuba,SP,Sudeste,50–200 mil,77900,35.84,59.36,1.81,33252,1526,854,1506,170,1897.0,0.0,1897.0,-1.36,40.8,32.5,0.1504,0.5203,,,1,0,0,0,0,1,Flavia Pascoal,PL,
3119401,Coronel Fabriciano,MG,Sudeste,50–200 mil,79951,39.82,55.8,2.39,32048,1277,632,1771,405,1883.0,0.0,1883.0,1.02,46.5,41.0,0.0718,0.537,,,1,0,1,0,0,0,Sadi Lucca,PL,
4108403,Francisco Beltrão,PR,Sul,50–200 mil,66806,39.76,55.51,7.82,29992,1362,871,1869,74,1872.0,0.0,1872.0,-2.52,73.2,19.1,0.1659,0.5289,,,2,0,0,1,0,1,Antonio Pedron,MDB,
3506508,Birigui,SP,Sudeste,50–200 mil,84471,24.79,70.23,2.66,43666,1413,1017,1467,127,1860.0,0.0,1860.0,-0.36,50.9,32.8,0.1505,0.5339,,,1,0,0,0,0,1,Samanta Borini,PSD,
3148103,Patrocínio,MG,Sudeste,50–200 mil,65612,33.22,61.18,7.35,31008,902,1161,1827,300,1842.0,0.0,1842.0,-3.09,68.3,23.7,0.1403,0.5152,,,2,0,0,1,0,1,Gustavo Brasileiro,DC,
3137601,Lagoa Santa,MG,Sudeste,50–200 mil,54891,36.5,57.29,2.93,23793,1038,875,1558,493,1825.0,0.0,1825.0,1.36,54.5,31.4,0.1569,0.5322,,,2,0,1,0,0,1,Breno Salomão,CIDADANIA,
3305505,Saquarema,RJ,Sudeste,50–200 mil,92059,31.47,64.35,3.72,44175,1280,1059,1572,97,1816.0,0.0,1816.0,-1.61,34.8,33.0,0.0868,0.5348,Douglas Ruas (PL),-2.4,0,0,0,0,0,0,Lucimar,PL,
4303004,Cachoeira Do Sul,RS,Sul,50–200 mil,64488,36.53,57.65,5.85,25574,1171,1456,1224,111,1811.0,0.0,1811.0,2.01,71.1,18.0,0.0861,0.5278,,,2,0,1,1,0,0,Balardin,PSDB,
3164704,São Sebastião Do Paraíso,MG,Sudeste,50–200 mil,51162,39.97,53.16,5.61,19067,817,1037,1657,520,1811.0,0.0,1811.0,0.69,67.4,21.5,0.075,0.5316,,,1,0,0,1,0,0,Marcelo Morais,PSD,
4202305,Biguaçu,SC,Sul,50–200 mil,57679,31.08,62.66,4.45,27718,1409,786,1580,123,1794.0,0.0,1794.0,1.3,60.0,22.8,0.1005,0.5254,,,1,0,1,0,0,0,Salmir Da Silva,MDB,
3200607,Aracruz,ES,Sudeste,50–200 mil,75118,40.9,54.74,2.28,30223,1258,791,1790,141,1788.0,0.0,1788.0,0.2,46.5,35.2,0.0714,0.5133,Lorenzo Pazolini (REPUBLICANOS),3.1,0,0,0,0,0,0,Dr Coutinho,PP,
3504503,Avaré,SP,Sudeste,50–200 mil,64380,31.99,62.02,5.14,28677,1231,1054,1561,108,1787.0,0.0,1787.0,-2.32,59.0,27.2,0.1621,0.5258,,,1,0,0,0,0,1,Roberto Araujo,PL,
1100049,Cacoal,RO,Norte,50–200 mil,69974,24.27,70.15,0.6,37751,1188,1255,1369,95,1775.0,0.0,1775.0,-1.83,38.6,43.2,0.1346,0.527,,,1,0,0,0,0,1,Adailton Fúria,PSD,
4204301,Concórdia,SC,Sul,50–200 mil,60391,25.33,68.55,4.95,32573,1336,989,1412,106,1771.0,0.0,1771.0,0.76,74.3,20.1,0.129,0.5186,,,2,0,0,1,0,1,Massocco,PL,
3519709,Ibiúna,SP,Sudeste,50–200 mil,61951,30.62,63.03,5.51,28049,1087,1272,1497,95,1765.0,0.0,1765.0,-1.53,52.3,30.8,0.0902,0.5086,,,0,0,0,0,0,0,Mario Pires,REPUBLICANOS,
3504008,Assis,SP,Sudeste,50–200 mil,69743,33.66,61.16,4.83,31310,1186,1071,1508,115,1754.0,0.0,1754.0,-1.22,57.6,32.3,0.225,0.5375,,,1,0,0,0,0,1,Telma Spera,PL,
4307906,Farroupilha,RS,Sul,50–200 mil,57062,22.49,70.86,4.45,32140,1224,1017,1368,191,1751.0,0.0,1751.0,0.16,77.0,14.3,0.1394,0.5242,,,2,0,0,1,0,1,Jonas,MDB,
3149309,Pedro Leopoldo,MG,Sudeste,10–50 mil,49124,42.72,51.02,3.55,18757,773,992,1748,412,1732.0,0.0,1732.0,2.06,57.2,28.6,0.0892,0.5299,,,1,0,1,0,0,0,Emiliano,PP,
4322608,Venâncio Aires,RS,Sul,50–200 mil,53327,30.01,63.49,7.49,26076,1098,1405,1148,100,1713.0,0.0,1713.0,2.58,72.3,20.7,0.0922,0.524,,,2,0,1,1,0,0,Jarbas Da Rosa,PDT,
3170404,Unaí,MG,Sudeste,50–200 mil,64172,31.2,63.26,9.38,30244,893,1401,1293,223,1712.0,0.0,1712.0,-0.99,71.3,22.4,0.0759,0.5174,,,1,0,0,1,0,0,Thiago Martins,PL,não encontrado: não houve fontes locais acessíveis (o site da prefeitura falhou)
3526704,Leme,SP,Sudeste,50–200 mil,72901,31.58,63.53,4.73,34155,1188,1071,1368,115,1707.0,0.0,1707.0,-1.11,59.9,26.2,0.1284,0.5217,,,1,0,0,0,0,1,Claudemir Borges,PSD,
5214606,Niquelândia,GO,Centro-Oeste,10–50 mil,28256,40.76,47.65,0.7,9529,143,3563,183,7,1684.0,0.0,1684.0,1.58,59.1,33.8,0.0868,0.5086,,,1,0,1,0,0,0,Eduardo Niqturbo,NOVO,
3147006,Paracatu,MG,Sudeste,50–200 mil,68278,34.9,60.15,8.5,30159,755,1214,1396,383,1679.0,0.0,1679.0,-0.22,63.9,26.2,0.0853,0.5171,,,0,0,0,0,0,0,Igor Santos,UNIÃO,
2612505,Santa Cruz Do Capibaribe,PE,Nordeste,50–200 mil,66108,43.21,52.71,4.4,28844,1091,597,2154,57,1678.0,0.0,1678.0,-0.36,56.9,26.7,0.0438,0.5349,,,0,0,0,0,0,0,Helinho Aragão,PSD,
4104907,Castro,PR,Sul,50–200 mil,55971,29.78,63.97,8.46,27057,1093,1247,1297,67,1673.0,0.0,1673.0,2.61,60.8,31.7,0.0931,0.5144,,,1,0,1,0,0,0,Dr Reinaldo,MDB,
3145208,Nova Serrana,MG,Sudeste,50–200 mil,67377,22.83,71.84,5.02,38660,1155,520,1676,307,1671.0,0.0,1671.0,-1.38,58.3,31.1,0.0351,0.5256,,,0,0,0,0,0,0,Fabio Avelar,AVANTE,
3557105,Votuporanga,SP,Sudeste,50–200 mil,68927,28.86,66.0,3.93,34199,1168,970,1408,102,1658.0,0.0,1658.0,-2.62,54.6,28.8,0.1926,0.5308,,,1,0,0,0,0,1,Jorge Seba,PSD,
3539301,Pirassununga,SP,Sudeste,50–200 mil,55163,28.24,65.15,2.69,26402,1081,1099,1251,185,1658.0,0.0,1658.0,-1.67,59.5,23.4,0.2026,0.5243,,,1,0,0,0,0,1,Fernando Lubrechet,NOVO,
4207502,Indaial,SC,Sul,50–200 mil,50898,19.5,73.34,1.5,29041,1414,619,1212,189,1640.0,0.0,1640.0,-1.41,64.2,27.7,0.0996,0.5214,,,0,0,0,0,0,0,Silvio,PL,
3169307,Três Corações,MG,Sudeste,50–200 mil,56588,38.65,55.49,3.69,21745,808,973,1548,330,1628.0,0.0,1628.0,3.75,68.8,23.6,0.0755,0.5256,,,2,0,1,1,0,0,Dimas Abrahão,PSDB,
4127106,Telêmaco Borba,PR,Sul,50–200 mil,51913,34.53,59.39,6.86,23280,1063,1052,1331,129,1620.0,0.0,1620.0,3.98,50.0,39.1,0.1053,0.5181,,,1,0,1,0,0,0,Rita,PSD,
4203204,Camboriú,SC,Sul,50–200 mil,62278,24.52,69.75,2.71,32572,1367,652,1353,91,1615.0,0.0,1615.0,1.16,48.9,33.0,0.1118,0.5324,,,1,0,1,0,0,0,Leonel Pavan,PSD,
4312401,Montenegro,RS,Sul,10–50 mil,47579,36.55,56.94,5.14,20096,1042,977,1360,160,1604.0,0.0,1604.0,1.03,66.0,22.1,0.1138,0.5264,,,2,0,1,1,0,0,Gustavo Zanatta,REPUBLICANOS,
4317202,Santa Rosa,RS,Sul,50–200 mil,57973,27.34,66.97,6.23,30928,1043,1102,1306,97,1602.0,0.0,1602.0,0.53,60.4,33.1,0.1538,0.531,,,1,0,0,0,0,1,Mantei,PP,
3529302,Matão,SP,Sudeste,50–200 mil,63725,34.93,60.06,5.85,28421,1031,944,1457,121,1592.0,0.0,1592.0,-0.04,63.5,22.4,0.1456,0.5218,,,1,0,0,0,0,1,Cido Ferrari,PT,
4201406,Araranguá,SC,Sul,50–200 mil,55064,26.7,67.34,4.11,28755,1263,739,1268,118,1577.0,0.0,1577.0,-0.41,62.7,26.5,0.1214,0.5297,,,1,0,0,0,0,1,César Cesa,MDB,
4214805,Rio Do Sul,SC,Sul,50–200 mil,51075,20.47,72.85,2.96,29363,1316,615,1195,185,1571.0,0.0,1571.0,-1.11,69.8,21.6,0.146,0.5288,,,2,0,0,1,0,1,Manoel,PL,
5203302,Bela Vista De Goiás,GO,Centro-Oeste,10–50 mil,24222,35.38,51.51,0.47,9205,193,3167,242,15,1569.0,0.0,1569.0,-1.55,53.5,27.2,0.0868,0.513,,,0,0,0,0,0,0,Eurípedes Do Carmo,PODE,
4110706,Irati,PR,Sul,10–50 mil,45672,33.37,59.9,7.2,21227,919,1282,1234,75,1567.0,0.0,1567.0,1.03,79.8,14.1,0.1212,0.5235,,,3,0,1,1,0,1,Emiliano Gomes,PSD,
4118402,Paranavaí,PR,Sul,50–200 mil,63954,28.85,65.89,4.79,31593,1034,1039,1280,105,1565.0,0.0,1565.0,1.87,64.5,26.1,0.1707,0.5459,,,2,0,1,0,0,1,Maurício Gehlen,PSD,
3302270,Japeri,RJ,Sudeste,50–200 mil,76652,41.87,54.35,1.34,30840,970,1024,1451,79,1563.0,0.0,1563.0,-0.02,19.0,41.5,0.0179,0.5207,Douglas Ruas (PL),1.8,0,0,0,0,0,0,Dra Fernanda Ontiveros,PT,
3537602,Peruíbe,SP,Sudeste,50–200 mil,59840,41.52,53.43,2.12,21904,1152,952,1180,98,1561.0,0.0,1561.0,-1.63,42.5,31.0,0.14,0.5371,,,1,0,0,0,0,1,Felipe Bernardo,PSD,
3556453,Vargem Grande Paulista,SP,Sudeste,10–50 mil,42997,41.43,52.08,6.65,16390,1188,828,1251,106,1558.0,0.0,1558.0,2.74,50.9,25.8,0.1203,0.5207,,,2,0,1,0,0,1,Piter Santos,PODE,
4105508,Cianorte,PR,Sul,50–200 mil,58478,25.18,68.79,2.55,30549,945,1061,1439,73,1556.0,0.0,1556.0,0.52,65.3,26.1,0.1398,0.5394,,,1,0,0,0,0,1,Marco Franzato,PSD,
4319901,Sapiranga,RS,Sul,50–200 mil,61250,32.52,62.78,5.78,30509,1272,664,1261,123,1551.0,0.0,1551.0,0.18,54.2,37.8,0.0625,0.5258,,,0,0,0,0,0,0,Carina Nath,PP,
4310207,Ijuí,RS,Sul,50–200 mil,63737,36.29,59.3,7.16,29614,1038,984,1283,104,1545.0,0.0,1545.0,0.2,56.0,36.6,0.1522,0.5355,,,1,0,0,0,0,1,Andrei Cossetin,PP,
3305208,São Pedro Da Aldeia,RJ,Sudeste,50–200 mil,74913,27.35,68.04,0.95,38306,1042,855,1449,88,1538.0,0.0,1538.0,-0.26,28.8,42.5,0.0744,0.5269,Douglas Ruas (PL),-0.0,0,0,0,0,0,0,Fabio Do Pastel,PL,
3522406,Itapeva,SP,Sudeste,50–200 mil,68478,33.26,62.04,5.56,30581,1074,897,1337,84,1535.0,0.0,1535.0,-0.34,44.5,40.4,0.1226,0.5205,,,1,0,0,0,0,1,Coronel Duch,MDB,
4303905,Campo Bom,RS,Sul,50–200 mil,51980,28.63,65.42,4.88,26666,1169,822,1202,119,1535.0,0.0,1535.0,0.16,62.0,28.9,0.0819,0.5263,,,0,0,0,0,0,0,Giovani Feltes,MDB,
4205902,Gaspar,SC,Sul,50–200 mil,51557,22.51,71.16,3.04,28827,1298,630,1137,154,1529.0,0.0,1529.0,-0.19,69.3,22.9,0.1077,0.5262,,,1,0,0,1,0,0,Delegado Paulo Koerich,PL,
3501905,Amparo,SP,Sudeste,50–200 mil,53743,28.51,65.28,4.42,25719,1085,850,1264,127,1522.0,0.0,1522.0,-1.84,67.5,17.2,0.178,0.5205,,,2,0,0,1,0,1,Carlos Alberto,MDB,
3524006,Itupeva,SP,Sudeste,10–50 mil,48390,33.14,60.4,4.21,21462,1064,793,1348,139,1521.0,0.0,1521.0,1.74,52.1,27.7,0.1178,0.5159,,,1,0,1,0,0,0,Rogério Cavalin,MDB,
1500602,Altamira,PA,Norte,50–200 mil,86743,33.24,63.25,5.48,41004,1250,648,1378,34,1518.0,0.0,1518.0,-4.88,44.3,38.4,0.0828,0.5099,,,0,0,0,0,0,0,Dr.Loredan,PSD,
3533403,Nova Odessa,SP,Sudeste,10–50 mil,47408,34.24,59.75,3.46,22205,1157,649,1372,115,1509.0,0.0,1509.0,-2.23,50.7,36.2,0.1507,0.5221,,,1,0,0,0,0,1,Leitinho,PSD,
5210406,Itaberaí,GO,Centro-Oeste,10–50 mil,33230,38.5,52.77,4.74,12900,265,2879,307,6,1505.0,0.0,1505.0,0.14,53.8,32.7,0.0979,0.5284,,,0,0,0,0,0,0,Rita,UNIÃO,
3522604,Itapira,SP,Sudeste,50–200 mil,53362,28.29,65.55,5.14,25885,1004,914,1237,149,1505.0,0.0,1505.0,-2.9,63.8,21.8,0.157,0.5185,,,1,0,0,0,0,1,Toninho Bellini,PSD,
3524709,Jaguariúna,SP,Sudeste,10–50 mil,45186,30.87,62.32,5.68,21186,1110,777,1167,174,1501.0,0.0,1501.0,-1.03,57.6,27.0,0.1892,0.5263,,,1,0,0,0,0,1,Davi,PP,
2919553,Luís Eduardo Magalhães,BA,Nordeste,50–200 mil,81123,34.38,62.03,8.01,38496,1101,657,1531,52,1495.0,0.0,1495.0,0.07,52.6,32.7,0.1144,0.5205,,,0,0,0,0,0,0,Junior Marabá,PP,
1100304,Vilhena,RO,Norte,50–200 mil,71595,20.68,74.39,2.53,39614,1146,806,1195,87,1493.0,0.0,1493.0,0.07,39.7,41.7,0.1424,0.5299,,,1,0,0,0,0,1,Delegado Flori,PODE,
3125101,Extrema,MG,Sudeste,10–50 mil,43712,39.57,54.02,4.85,16484,1011,430,1311,426,1493.0,0.0,1493.0,2.31,58.2,25.3,0.0857,0.516,,,1,0,1,0,0,0,Dr Fabrício,PDT,
3524303,Jaboticabal,SP,Sudeste,50–200 mil,50931,32.73,61.16,3.97,22901,903,1038,1254,112,1482.0,0.0,1482.0,-3.12,55.2,25.6,0.1964,0.5323,,,1,0,0,0,0,1,Professor Emerson,MDB,
2101400,Balsas,MA,Nordeste,50–200 mil,71213,40.9,55.46,12.28,30716,940,717,1618,91,1477.0,0.0,1477.0,-1.37,72.5,21.8,0.0816,0.5238,,,1,0,0,1,0,0,Alan Da Marissol,PRD,"Finanças municipais: prefeito decretou 'situação de calamidade financeira' em 01/2025, alegando dívidas >R$ 15 mi herdadas (previdência, salários atrasados, FPM bloqueado) | Segurança pública e violência: homicídios, feminicídio (07/2026), superlotação da Unidade Prisional de Balsas (MPMA pediu interdição em 06/2026), roubo de máquinas agrícolas"
4317509,Santo Ângelo,RS,Sul,50–200 mil,58898,40.06,55.34,7.81,24005,957,901,1301,111,1471.0,0.0,1471.0,0.8,57.0,31.0,0.1497,0.5366,,,1,0,0,0,0,1,Nivio Braz,PL,
3302205,Itaperuna,RJ,Sudeste,50–200 mil,76037,32.14,63.83,2.88,35918,892,1159,1062,110,1461.0,0.0,1461.0,0.14,52.0,38.8,0.0751,0.535,Douglas Ruas (PL),-0.9,0,0,0,0,0,0,Nel,PL,
4203006,Caçador,SC,Sul,50–200 mil,53297,34.22,60.31,8.55,23758,1055,720,1341,98,1457.0,0.0,1457.0,0.6,71.4,21.3,0.1017,0.5194,,,1,0,0,1,0,0,Alencar,PL,
3506102,Bebedouro,SP,Sudeste,50–200 mil,56372,28.12,66.04,2.91,27408,926,793,1523,58,1449.0,0.0,1449.0,-2.29,56.8,30.2,0.1815,0.531,,,1,0,0,0,0,1,Lucas Seren,PL,
3205101,Viana,ES,Sudeste,50–200 mil,54374,43.42,52.13,3.14,21924,1003,740,1414,74,1445.0,0.0,1445.0,0.97,37.1,41.0,0.0423,0.529,Lorenzo Pazolini (REPUBLICANOS),5.1,0,0,0,0,0,0,Wanderson Bueno,PODE,
2100055,Açailândia,MA,Nordeste,50–200 mil,78000,41.04,55.92,6.26,34351,1068,621,1308,86,1404.0,0.0,1404.0,-1.69,51.3,35.4,0.0549,0.5171,,,0,0,0,0,0,0,Dr Benjamim,UNIÃO,
4303509,Camaquã,RS,Sul,10–50 mil,49751,33.66,60.71,8.62,22631,898,984,1141,87,1402.0,0.0,1402.0,0.47,55.8,33.6,0.0912,0.5226,,,0,0,0,0,0,0,Abner Dillmann,PSDB,
3168705,Timóteo,MG,Sudeste,50–200 mil,59600,38.95,56.69,2.04,24867,973,430,1340,293,1400.0,0.0,1400.0,2.26,42.8,42.9,0.0919,0.5353,,,1,0,1,0,0,0,Capitão Vitor,REPUBLICANOS,
1709500,Gurupi,TO,Norte,50–200 mil,61239,34.81,60.74,7.4,28803,663,1420,1051,41,1390.0,0.0,1390.0,0.02,54.5,35.4,0.1371,0.5356,Professora Dorinha (UNIÃO),20.3,2,0,0,0,1,1,Josi Nunes,UNIÃO,
4208302,Itapema,SC,Sul,50–200 mil,60041,20.46,74.35,3.71,34048,1249,385,1166,126,1387.0,0.0,1387.0,0.34,57.7,25.9,0.1837,0.5345,,,1,0,0,0,0,1,Alexandre Xepa,PL,
3101607,Alfenas,MG,Sudeste,50–200 mil,61027,37.11,58.37,6.04,25475,838,664,1272,273,1385.0,0.0,1385.0,1.65,70.2,19.1,0.097,0.5327,,,2,0,1,1,0,0,Fabio Da Oncologia,PT,
1502152,Canaã Dos Carajás,PA,Norte,50–200 mil,73378,33.2,62.81,3.84,33546,1047,441,1610,33,1385.0,0.0,1385.0,-0.46,39.6,46.1,0.0572,0.4971,,,0,0,0,0,0,0,Josemira,MDB,
3531803,Monte Mor,SP,Sudeste,10–50 mil,47316,41.85,52.87,4.4,18255,1015,699,1235,86,1381.0,0.0,1381.0,-1.36,43.3,39.7,0.0898,0.5165,,,0,0,0,0,0,0,Murilo Rinaldo,PP,
5218508,Quirinópolis,GO,Centro-Oeste,10–50 mil,35296,35.31,56.82,8.43,14886,359,2304,491,12,1380.0,0.0,1380.0,1.05,63.9,21.8,0.123,0.5309,,,2,0,1,0,0,1,Anderson De Paula,PDT,Pautas não levantadas: o orçamento de buscas web da sessão (limite compartilhado) esgotou antes desta etapa; lacuna a preencher.
3526803,Lençóis Paulista,SP,Sudeste,50–200 mil,50784,22.93,70.91,3.15,26942,1005,743,1113,119,1372.0,0.0,1372.0,0.4,54.1,35.5,0.1446,0.5178,,,1,0,0,0,0,1,Cagarete André Sasso,PP,
3505906,Batatais,SP,Sudeste,10–50 mil,42270,38.83,55.16,6.22,17582,763,1021,1159,129,1368.0,0.0,1368.0,-3.74,64.7,21.5,0.1684,0.5268,,,1,0,0,0,0,1,Juninho Gaspar,PP,
3528403,Mairinque,SP,Sudeste,10–50 mil,38466,41.07,52.47,5.61,14763,977,729,1175,103,1361.0,0.0,1361.0,-0.89,52.9,31.9,0.1145,0.5168,,,0,0,0,0,0,0,Eduardo Thomaz,PL,
5200308,Alexânia,GO,Centro-Oeste,10–50 mil,21974,29.27,59.54,-1.21,9942,201,2281,140,9,1154.0,202.0,1356.0,1.11,60.3,30.9,0.1001,0.5159,,,2,1,1,0,0,0,Warley Gouveia,PODE,
5214507,Nerópolis,GO,Centro-Oeste,10–50 mil,25856,36.66,52.75,3.31,9804,230,2575,290,5,1347.0,0.0,1347.0,0.58,57.1,29.7,0.0687,0.5304,,,0,0,0,0,0,0,Dr Luiz,REPUBLICANOS,
1100023,Ariquemes,RO,Norte,50–200 mil,72512,19.26,76.3,2.78,41652,1075,590,1188,74,1347.0,0.0,1347.0,-3.0,34.2,42.3,0.0992,0.5239,,,0,0,0,0,0,0,Carla Redano,UNIÃO,
3527108,Lins,SP,Sudeste,50–200 mil,53771,26.32,67.91,2.03,26053,955,861,1013,88,1340.0,0.0,1340.0,-1.01,50.7,35.5,0.1957,0.532,,,1,0,0,0,0,1,Dr João Pandolfi,PSD,
1200203,Cruzeiro Do Sul,AC,Norte,50–200 mil,63851,26.55,68.91,0.38,34218,921,703,1357,28,1333.0,0.0,1333.0,-1.8,46.3,44.9,0.0985,0.5177,Mailza Assis (PP),14.4,1,0,0,0,1,0,Zequinha Lima,PP,
3506359,Bertioga,SP,Sudeste,50–200 mil,52928,40.87,54.32,3.41,20207,998,656,1212,60,1329.0,0.0,1329.0,1.44,45.2,28.8,0.0974,0.5218,,,1,0,1,0,0,0,Marcelo Vilares,UNIÃO,
4122404,Rolândia,PR,Sul,10–50 mil,49517,25.8,68.23,2.5,25073,893,898,1002,96,1320.0,0.0,1320.0,1.94,59.0,30.5,0.1422,0.5326,,,2,0,1,0,0,1,Ailton Maístro,PL,
3139409,Manhuaçu,MG,Sudeste,50–200 mil,62011,41.37,54.88,4.62,25075,827,571,1170,297,1318.0,0.0,1318.0,0.66,58.3,32.5,0.0641,0.5276,,,0,0,0,0,0,0,Imaculada,UNIÃO,
3509700,Campos Do Jordão,SP,Sudeste,10–50 mil,38107,33.3,59.35,5.64,16257,792,760,1226,145,1306.0,0.0,1306.0,-2.83,62.2,27.3,0.1208,0.5308,,,1,0,0,0,0,1,Caê,REPUBLICANOS,
3113404,Caratinga,MG,Sudeste,50–200 mil,60397,44.42,51.99,3.73,23415,824,457,1242,320,1305.0,0.0,1305.0,-3.97,62.6,29.7,0.1293,0.5337,,,1,0,0,0,0,1,Dr Giovanni,PL,
5209101,Goiatuba,GO,Centro-Oeste,10–50 mil,27861,27.83,61.98,6.59,13135,285,2370,303,16,1303.0,0.0,1303.0,-0.41,58.3,24.9,0.1331,0.5241,,,1,0,0,0,0,1,Alberto,PP,Não encontradas
5107958,Tangará Da Serra,MT,Centro-Oeste,50–200 mil,70136,23.68,72.08,4.39,38028,973,754,1039,65,1300.0,0.0,1300.0,-4.39,54.6,30.9,0.1481,0.5261,,,1,0,0,0,0,1,Vander Masson,UNIÃO,
3305554,Seropédica,RJ,Sudeste,50–200 mil,60965,37.22,58.62,1.86,26529,829,818,1183,52,1283.0,0.0,1283.0,1.48,19.7,46.3,0.0453,0.5226,Douglas Ruas (PL),5.4,1,0,1,0,0,0,Professor Lucas,PP,
4304507,Canguçu,RS,Sul,10–50 mil,43549,32.28,61.59,12.01,20038,707,1025,1118,55,1278.0,0.0,1278.0,0.13,39.4,47.8,0.0622,0.5001,,,0,0,0,0,0,0,Arion Braga,PP,
4128203,União Da Vitória,PR,Sul,10–50 mil,40654,33.1,60.55,6.25,18160,927,803,969,71,1274.0,0.0,1274.0,1.77,72.7,19.5,0.1479,0.5272,,,3,0,1,1,0,1,Dr Ary,PSDB,
5206206,Cristalina,GO,Centro-Oeste,10–50 mil,38974,28.35,64.41,4.46,18635,326,2187,378,11,1271.0,0.0,1271.0,-1.55,61.5,25.8,0.1019,0.5182,,,0,0,0,0,0,0,Dr Luis Otávio,PL,
5006606,Ponta Porã,MS,Centro-Oeste,50–200 mil,69957,33.5,62.67,6.69,31418,1076,501,1061,78,1269.0,0.0,1269.0,1.03,59.7,29.2,0.1231,0.539,,,2,0,1,0,0,1,Eduardo Campos,PSDB,
1505502,Paragominas,PA,Norte,50–200 mil,76388,37.65,59.4,5.63,34754,1126,467,1079,43,1269.0,0.0,1269.0,-2.72,42.9,40.5,0.0638,0.513,,,0,0,0,0,0,0,Sidney Rosa,MDB,
4304630,Capão Da Canoa,RS,Sul,10–50 mil,46049,30.99,63.21,5.79,21157,1023,512,1128,81,1266.0,0.0,1266.0,1.73,58.7,19.9,0.1365,0.5433,,,2,0,1,0,0,1,Valdomiro,REPUBLICANOS,
3546801,Santa Isabel,SP,Sudeste,10–50 mil,41696,35.58,58.58,4.69,18316,857,785,1055,74,1255.0,0.0,1255.0,-1.35,49.4,34.2,0.1104,0.5148,,,0,0,0,0,0,0,Dr Carlos Chinchilla,PODE,
3507001,Boituva,SP,Sudeste,10–50 mil,47624,31.65,62.75,2.82,21770,956,638,1041,87,1254.0,0.0,1254.0,-0.87,54.2,29.3,0.1595,0.5194,,,1,0,0,0,0,1,Edson Marcusso,PSD,
3530508,Mococa,SP,Sudeste,10–50 mil,49126,31.28,62.94,4.77,21848,651,799,1274,127,1244.0,0.0,1244.0,-3.38,70.1,22.7,0.1523,0.5183,,,2,0,0,1,0,1,Eduardo Barison,PSD,
5210208,Iporá,GO,Centro-Oeste,10–50 mil,26609,32.85,57.45,3.39,11368,245,2302,276,18,1242.0,0.0,1242.0,-0.1,54.2,35.2,0.1506,0.5354,,,1,0,0,0,0,1,,,
5221601,Uruaçu,GO,Centro-Oeste,10–50 mil,30439,37.5,54.54,4.61,12136,262,2313,231,8,1235.0,0.0,1235.0,0.9,64.8,26.4,0.1183,0.5328,,,1,0,0,0,0,1,Machadinho,MDB,
3130101,Igarapé,MG,Sudeste,10–50 mil,35009,44.01,49.77,4.28,12689,644,474,1383,282,1230.0,0.0,1230.0,2.18,45.3,38.2,0.0766,0.5166,,,1,0,1,0,0,0,Arnaldo Chaves,PP,
3159605,Santa Rita Do Sapucaí,MG,Sudeste,10–50 mil,31737,30.29,61.68,4.55,14359,655,556,963,448,1228.0,0.0,1228.0,3.07,72.2,17.9,0.0917,0.5213,,,2,0,1,1,0,0,Leandro Mendes,UNIÃO,
4210100,Mafra,SC,Sul,10–50 mil,42431,21.07,72.35,4.73,24036,866,698,1073,66,1224.0,0.0,1224.0,2.41,78.3,15.1,0.1372,0.5139,,,3,0,1,1,0,1,Emerson Maas,MDB,
4207007,Içara,SC,Sul,10–50 mil,43842,22.83,71.29,3.61,24515,1050,586,866,70,1218.0,0.0,1218.0,-0.19,65.5,26.7,0.0872,0.5213,,,0,0,0,0,0,0,Dalvania Cardoso,PL,
3527306,Louveira,SP,Sudeste,10–50 mil,39253,32.85,60.97,3.89,18102,908,466,1201,99,1213.0,0.0,1213.0,3.27,57.7,26.5,0.112,0.5152,,,1,0,1,0,0,0,Paulo Finamore,MDB,
5219308,Santa Helena De Goiás,GO,Centro-Oeste,10–50 mil,30181,37.21,55.31,9.25,12658,356,2028,308,20,1202.0,0.0,1202.0,-0.29,59.2,26.8,0.1041,0.5268,,,0,0,0,0,0,0,Iris Parreira,MDB,"Crise política municipal: Câmara abriu em 07/05/2026 processo de impeachment/cassação do prefeito Iris Parreira (6x6, desempate pelo presidente Aduil Júnior, PRD); a defesa alega viés político | Suspeitas de irregularidade em contratos de coleta de lixo, saúde, malha asfáltica e mídia (objeto da denúncia)"
5107925,Sorriso,MT,Centro-Oeste,50–200 mil,76028,21.19,75.25,5.09,43990,1056,431,1049,40,1200.0,0.0,1200.0,-0.91,61.0,27.5,0.148,0.5204,,,1,0,0,0,0,1,Alei Fernandes,UNIÃO,
4313508,Osório,RS,Sul,10–50 mil,37247,44.21,50.35,6.7,13961,779,683,1131,71,1188.0,0.0,1188.0,0.92,55.2,16.5,0.1453,0.5379,,,1,0,0,0,0,1,Romildo Bolzan,PDT,
3530300,Mirassol,SP,Sudeste,10–50 mil,43661,29.59,64.66,3.21,21179,832,701,974,92,1187.0,0.0,1187.0,-1.3,59.9,24.7,0.1636,0.5253,,,1,0,0,0,0,1,Dr Edson,PSD,
4218202,Timbó,SC,Sul,10–50 mil,35846,16.92,75.65,0.3,21690,953,490,895,157,1181.0,0.0,1181.0,-0.37,53.5,37.4,0.1412,0.5217,,,1,0,0,0,0,1,Flávio Buzzi,PL,
4207304,Imbituba,SC,Sul,10–50 mil,42184,37.69,57.0,5.6,17603,958,451,1077,75,1180.0,0.0,1180.0,0.47,62.8,18.6,0.1342,0.5262,,,1,0,0,0,0,1,Michell Peninha,PL,
3107406,Bom Despacho,MG,Sudeste,10–50 mil,39052,29.36,64.01,6.18,18173,579,863,913,250,1179.0,0.0,1179.0,0.68,77.7,16.0,0.0977,0.5281,,,1,0,0,1,0,0,Fernando Andrade,PSD,
3540705,Porto Ferreira,SP,Sudeste,10–50 mil,39960,27.9,65.43,4.69,18883,750,777,1014,75,1174.0,0.0,1174.0,-0.78,57.3,26.9,0.1355,0.5261,,,1,0,0,0,0,1,Andre Braga,PL,
1503606,Itaituba,PA,Norte,50–200 mil,85347,27.75,69.07,11.29,42299,835,519,1267,25,1170.0,0.0,1170.0,-5.8,48.3,33.2,0.0705,0.5085,,,0,0,0,0,0,0,Nicodemos Aguiar,MDB,Garimpo de ouro: legalização x fiscalização (pauta central da política local) | Demais pautas 2024-2026 não verificadas
3515509,Fernandópolis,SP,Sudeste,50–200 mil,50193,32.8,62.31,5.87,22834,740,720,1074,82,1168.0,0.0,1168.0,-2.59,54.9,30.6,0.2085,0.5362,,,1,0,0,0,0,1,João Paulo Cantarella,PL,
4113205,Lapa,PR,Sul,10–50 mil,36461,35.83,58.1,6.24,16244,689,1070,772,52,1167.0,0.0,1167.0,2.12,80.4,13.6,0.0899,0.5098,,,2,0,1,1,0,0,Diego Ribas,PSD,
4307609,Estância Velha,RS,Sul,10–50 mil,37229,25.81,67.66,3.3,19720,901,618,887,96,1166.0,0.0,1166.0,0.3,61.0,28.4,0.0937,0.5267,,,0,0,0,0,0,0,Diego Francisco ,PSDB,
3549706,São José Do Rio Pardo,SP,Sudeste,10–50 mil,39191,31.61,62.0,5.17,17402,696,796,986,107,1159.0,0.0,1159.0,-2.47,79.1,14.2,0.1676,0.526,,,2,0,0,1,0,1,Marcio Zanetti,MDB,
5102504,Cáceres,MT,Centro-Oeste,50–200 mil,62205,44.34,52.38,5.61,24018,703,927,890,58,1158.0,0.0,1158.0,-3.78,62.9,26.1,0.1523,0.521,,,1,0,0,0,0,1,Eliene Liberato,PSB,
4125605,São Mateus Do Sul,PR,Sul,10–50 mil,34022,37.54,56.19,9.97,14766,699,991,854,34,1156.0,0.0,1156.0,1.59,80.9,15.1,0.0869,0.5099,,,2,0,1,1,0,0,Fernanda Sardanha,PSD,
4203808,Canoinhas,SC,Sul,10–50 mil,42693,26.34,67.62,6.56,22012,712,737,1119,48,1153.0,0.0,1153.0,-0.36,73.8,20.2,0.112,0.5154,,,1,0,0,1,0,0,Juliana Maciel,PL,
3512803,Cosmópolis,SP,Sudeste,10–50 mil,44573,40.44,54.92,2.28,18023,914,450,989,119,1150.0,0.0,1150.0,-1.08,41.3,38.9,0.0981,0.5142,,,0,0,0,0,0,0,Junior Felisbino,PSD,
3109006,Brumadinho,MG,Sudeste,10–50 mil,35366,44.96,49.28,6.26,12959,624,483,1457,116,1147.0,0.0,1147.0,1.81,66.8,20.7,0.1099,0.5086,,,2,0,1,1,0,0,Gabriel Parreiras,PRD,
3537800,Piedade,SP,Sudeste,10–50 mil,42011,33.48,60.63,4.59,17910,744,823,928,50,1146.0,0.0,1146.0,-0.73,56.1,31.4,0.0922,0.5101,,,0,0,0,0,0,0,Geraldinho,PSD,
5218300,Posse,GO,Centro-Oeste,10–50 mil,25339,42.79,49.41,5.43,9593,169,2279,178,6,1145.0,0.0,1145.0,-0.6,75.6,18.9,0.0891,0.517,,,1,0,0,1,0,0,Paulo Trabalho,PL,"Pautas locais específicas não verificadas: limite de buscas esgotado e WebFetch bloqueado por rate limit (HTTP 429) na fase de pautas. | [plano de governo 2024] Desemprego como eixo central: convocação dos aprovados no último concurso, incentivos fiscais, capacitação e meta de ampliar em 100% as vagas de emprego."
3555000,Tupã,SP,Sudeste,10–50 mil,47261,25.92,68.56,3.53,23559,767,754,943,55,1138.0,0.0,1138.0,-2.02,55.3,32.1,0.1959,0.5384,,,1,0,0,0,0,1,Renan Pontelli,PSDB,
4120606,Prudentópolis,PR,Sul,10–50 mil,39039,22.34,71.36,3.4,21823,773,991,638,45,1134.0,0.0,1134.0,0.25,88.2,9.4,0.0846,0.5025,,,1,0,0,1,0,0,Adelmo,PSD,
3542602,Registro,SP,Sudeste,10–50 mil,45214,35.96,59.1,2.21,19326,871,671,821,67,1130.0,0.0,1130.0,-2.46,33.9,39.1,0.1466,0.5214,,,1,0,0,0,0,1,Samuel,PSD,
3540606,Porto Feliz,SP,Sudeste,10–50 mil,41162,28.6,65.55,3.61,20277,817,591,977,68,1117.0,0.0,1117.0,-2.78,49.4,36.4,0.14,0.5138,,,1,0,0,0,0,1,Célio Peixoto,REPUBLICANOS,
4304705,Carazinho,RS,Sul,10–50 mil,45685,32.86,62.3,10.26,21875,691,773,957,64,1111.0,0.0,1111.0,0.57,67.3,25.9,0.1349,0.5386,,,1,0,0,0,0,1,João Pedro,PSDB,
4104006,Campina Grande Do Sul,PR,Sul,10–50 mil,35488,34.23,59.67,4.43,15901,768,753,826,68,1106.0,0.0,1106.0,2.76,50.1,36.0,0.0798,0.5206,,,1,0,1,0,0,0,Luiz Assunção,PSB,
4217204,São Miguel Do Oeste,SC,Sul,10–50 mil,32021,28.41,64.62,6.56,16088,819,648,829,91,1106.0,0.0,1106.0,0.2,75.4,17.4,0.1552,0.5307,,,2,0,0,1,0,1,Zanardi,PL,
4109807,Ibiporã,PR,Sul,10–50 mil,39987,29.34,64.44,3.51,18657,623,807,988,78,1104.0,0.0,1104.0,2.78,61.9,30.7,0.1375,0.5357,,,2,0,1,0,0,1,José Maria Ferreira,PSD,
4322509,Vacaria,RS,Sul,10–50 mil,47383,26.52,68.34,7.56,24190,669,891,830,48,1096.0,0.0,1096.0,-0.09,70.5,21.3,0.0766,0.5315,,,1,0,0,1,0,0,Andrezinho,PL,
5200050,Abadia De Goiás,GO,Centro-Oeste,10–50 mil,15631,37.71,50.71,-1.56,5749,121,1844,132,4,913.0,177.0,1090.0,0.58,45.8,41.9,0.0609,0.5183,,,1,1,0,0,0,0,Wander Saraiva,PP,
5218003,Porangatu,GO,Centro-Oeste,10–50 mil,30959,38.08,55.18,5.08,12662,240,1951,271,18,1086.0,0.0,1086.0,-0.25,64.6,29.1,0.1277,0.5285,,,1,0,0,0,0,1,Vanuza Valadares,UNIÃO,
5201306,Anicuns,GO,Centro-Oeste,10–50 mil,15170,35.72,53.41,-1.94,6256,116,1745,106,5,859.0,227.0,1086.0,1.05,57.1,28.8,0.134,0.522,,,3,1,1,0,0,1,Paulinho Do Barreirão,UNIÃO,
4216206,São Francisco Do Sul,SC,Sul,10–50 mil,42667,28.59,65.88,2.21,20476,889,413,955,83,1085.0,0.0,1085.0,0.56,52.3,31.8,0.1207,0.5189,,,1,0,0,0,0,1,Godofredo,MDB,
4306106,Cruz Alta,RS,Sul,10–50 mil,45724,40.65,55.08,7.56,18631,706,829,807,44,1081.0,0.0,1081.0,0.39,61.3,21.5,0.148,0.5446,,,1,0,0,0,0,1,Dra Paula ,MDB,
3533908,Olímpia,SP,Sudeste,10–50 mil,41874,30.25,64.14,4.65,19840,694,605,1082,61,1081.0,0.0,1081.0,-2.46,59.5,24.9,0.1681,0.5233,,,1,0,0,0,0,1,Geninho,UNIÃO,
3104205,Arcos,MG,Sudeste,10–50 mil,33540,37.48,56.49,7.57,14028,527,642,893,302,1077.0,0.0,1077.0,2.36,71.8,21.2,0.0755,0.5171,,,2,0,1,1,0,0,Dr Wellington Roque,REPUBLICANOS,
4321600,Tramandaí,RS,Sul,10–50 mil,39076,40.63,54.01,5.1,14578,692,735,878,74,1074.0,0.0,1074.0,1.07,57.8,20.4,0.0857,0.5442,,,1,0,1,0,0,0,Juarezinho,MDB,
5211206,Itapuranga,GO,Centro-Oeste,10–50 mil,21491,40.51,50.85,2.91,8670,150,2154,155,8,1074.0,0.0,1074.0,-0.7,43.7,46.4,0.118,0.5305,,,1,0,0,0,0,1,Paulinho Imila,PT,
3515186,Espírito Santo Do Pinhal,SP,Sudeste,10–50 mil,30946,33.55,59.15,3.05,13097,634,855,815,76,1071.0,0.0,1071.0,-2.42,67.2,21.6,0.1729,0.525,,,2,0,0,1,0,1,Serginho Bianchi,PSD,
4314050,Parobé,RS,Sul,10–50 mil,39009,32.36,62.55,5.59,19437,910,447,856,69,1071.0,0.0,1071.0,-0.8,60.9,29.9,0.0479,0.5254,,,0,0,0,0,0,0,Gilberto,PDT,
3305000,São João Da Barra,RJ,Sudeste,10–50 mil,43094,35.0,59.95,3.89,19786,518,788,1148,46,1068.0,0.0,1068.0,-0.8,67.2,22.3,0.0846,0.5219,Douglas Ruas (PL),8.0,1,0,0,1,0,0,Carla Caputi,UNIÃO,
3531308,Monte Alto,SP,Sudeste,10–50 mil,36025,26.79,66.41,4.18,17490,635,669,1019,78,1062.0,0.0,1062.0,-2.29,63.0,25.2,0.1554,0.5253,,,1,0,0,0,0,1,Maria Helena,PSD,
3508405,Cabreúva,SP,Sudeste,10–50 mil,36426,33.09,60.95,5.09,16272,834,428,969,62,1051.0,0.0,1051.0,1.34,46.8,34.7,0.0418,0.5143,,,1,0,1,0,0,0,Mangini,PL,
5101803,Barra Do Garças,MT,Centro-Oeste,10–50 mil,47123,35.8,59.85,4.15,21019,598,990,678,51,1046.0,0.0,1046.0,-4.76,52.3,32.1,0.1857,0.5338,,,1,0,0,0,0,1,Dr Adilson,UNIÃO,
3137205,Lagoa Da Prata,MG,Sudeste,10–50 mil,37445,34.37,60.22,5.4,16332,629,364,805,392,1043.0,0.0,1043.0,2.16,73.9,21.1,0.0545,0.5357,,,2,0,1,1,0,0,Di Gianne Professor,REPUBLICANOS,
3303609,Paracambi,RJ,Sudeste,10–50 mil,33690,41.88,54.05,-1.11,13601,499,431,708,59,761.0,279.0,1040.0,0.47,27.5,46.8,0.0485,0.5278,Douglas Ruas (PL),2.7,1,1,0,0,0,0,Andrezinho Ceciliano,PT,
3304300,Rio Bonito,RJ,Sudeste,10–50 mil,45412,33.44,61.96,2.21,21566,634,771,876,50,1040.0,0.0,1040.0,0.18,31.8,43.9,0.0514,0.524,Douglas Ruas (PL),-1.7,0,0,0,0,0,0,Marcos Abrahão,UNIÃO,
3510401,Capivari,SP,Sudeste,10–50 mil,37609,29.13,65.01,3.38,18583,723,599,919,59,1039.0,0.0,1039.0,-2.0,58.3,30.8,0.129,0.5191,,,1,0,0,0,0,1,Vitão Riccomini,PL,
4209409,Laguna,SC,Sul,10–50 mil,36422,37.39,57.46,3.34,15914,842,492,830,55,1032.0,0.0,1032.0,0.35,71.0,15.9,0.0961,0.5309,,,1,0,0,1,0,0,Preto Crippa,PL,
4321204,Taquara,RS,Sul,10–50 mil,41562,29.45,65.57,5.64,20632,806,556,695,106,1023.0,0.0,1023.0,0.97,58.6,30.5,0.068,0.5265,,,0,0,0,0,0,0,Professora Sirlei,REPUBLICANOS,
4321501,Torres,RS,Sul,10–50 mil,33260,35.41,58.47,5.35,14294,736,510,910,80,1018.0,0.0,1018.0,0.28,61.3,18.0,0.1612,0.5354,,,1,0,0,0,0,1,Delci Dimer,MDB,
3554805,Tremembé,SP,Sudeste,10–50 mil,29627,33.13,60.13,2.67,13500,718,667,749,75,1017.0,0.0,1017.0,-1.7,55.1,24.5,0.1851,0.5251,,,1,0,0,0,0,1,Clemente,PSD,
5217104,Piracanjuba,GO,Centro-Oeste,10–50 mil,18846,38.78,50.78,3.51,7002,126,2064,130,8,1012.0,0.0,1012.0,-1.54,60.6,27.0,0.1239,0.5175,,,1,0,0,0,0,1,Professora Lenizia,PP,
3140704,Mateus Leme,MG,Sudeste,10–50 mil,29334,43.26,50.25,4.88,10122,486,571,970,227,1003.0,0.0,1003.0,3.09,55.5,33.5,0.0606,0.5177,,,1,0,1,0,0,0,Dr Renilton,REPUBLICANOS,
5107040,Primavera Do Leste,MT,Centro-Oeste,50–200 mil,57120,20.03,75.84,4.52,32776,782,539,792,49,1000.0,0.0,1000.0,0.57,55.7,26.9,0.1637,0.5188,,,1,0,0,0,0,1,Sergio Machnic,PL,
5215603,Padre Bernardo,GO,Centro-Oeste,10–50 mil,20391,39.14,51.58,1.96,7779,159,1937,174,11,994.0,0.0,994.0,0.0,54.0,35.8,0.0801,0.5118,,,0,0,0,0,0,0,Joseleide Lázaro,UNIÃO,
5205513,Cocalzinho De Goiás,GO,Centro-Oeste,10–50 mil,17515,37.96,52.6,-1.11,6745,170,1623,139,6,851.0,142.0,993.0,0.59,58.8,28.3,0.0497,0.5071,,,1,1,0,0,0,0,Alessandro Barcelos,UNIÃO,
3301850,Guapimirim,RJ,Sudeste,10–50 mil,44941,36.93,58.73,3.52,19835,681,588,897,45,993.0,0.0,993.0,-0.04,32.1,36.7,0.059,0.5239,Douglas Ruas (PL),-1.3,0,0,0,0,0,0,Marina Rocha,AGIR,
5217302,Pirenópolis,GO,Centro-Oeste,10–50 mil,20745,39.39,51.68,2.06,8072,178,1815,281,15,992.0,0.0,992.0,0.24,70.5,20.5,0.1342,0.513,,,2,0,0,1,0,1,Nivaldo Melo,PSDB,
3553708,Taquaritinga,SP,Sudeste,10–50 mil,38620,34.3,60.13,5.55,16556,537,664,1001,67,988.0,0.0,988.0,-1.96,61.0,24.9,0.1405,0.5269,,,1,0,0,0,0,1,Dr Fulvio,MDB,
3511508,Cerquilho,SP,Sudeste,10–50 mil,36003,24.38,69.33,3.92,18458,723,541,796,83,987.0,0.0,987.0,-0.9,63.1,23.1,0.1471,0.5219,,,1,0,0,0,0,1,Du Pilon,MDB,
3537305,Penápolis,SP,Sudeste,10–50 mil,43746,30.55,64.67,4.54,21170,650,603,900,49,985.0,0.0,985.0,-4.05,58.5,27.0,0.1638,0.5333,,,1,0,0,0,0,1,Caique Rossi,PSD,
3165537,Sarzedo,MG,Sudeste,10–50 mil,26228,39.57,53.76,4.86,10834,573,424,976,212,985.0,0.0,985.0,0.38,41.7,40.9,0.0821,0.5229,,,0,0,0,0,0,0,Ritinha,PP,
4317608,Santo Antônio Da Patrulha,RS,Sul,10–50 mil,33692,36.48,57.93,9.09,14504,613,746,745,71,984.0,0.0,984.0,0.29,74.5,17.4,0.0864,0.5215,,,1,0,0,1,0,0,Rodrigo Massulo,PP,
4304408,Canela,RS,Sul,10–50 mil,34975,28.27,65.51,7.13,16598,683,575,803,81,979.0,0.0,979.0,1.14,64.0,20.5,0.1352,0.5354,,,2,0,1,0,0,1,Gilberto Cezar ,PSDB,
3503802,Artur Nogueira,SP,Sudeste,10–50 mil,38528,32.02,63.03,5.11,18749,741,514,795,66,976.0,0.0,976.0,-0.47,53.5,30.6,0.1116,0.5208,,,0,0,0,0,0,0,Lucas Sia,PL,
5220108,São Luís De Montes Belos,GO,Centro-Oeste,10–50 mil,24563,22.83,67.96,1.13,12796,179,1869,174,9,976.0,0.0,976.0,-1.49,50.4,39.0,0.1419,0.5428,,,1,0,0,0,0,1,Júnior,UNIÃO,
5218904,Rubiataba,GO,Centro-Oeste,10–50 mil,15629,27.8,60.36,-1.26,6987,100,1691,97,7,824.0,146.0,970.0,2.28,66.8,28.0,0.1071,0.5232,,,2,1,1,0,0,0,Padre Weber,PSD,
4317400,Santiago,RS,Sul,10–50 mil,39884,36.27,58.66,10.04,16327,548,789,798,47,968.0,0.0,968.0,2.36,61.0,23.9,0.1475,0.5343,,,2,0,1,0,0,1,Marcelo Pirú,PP,
3151206,Pirapora,MG,Sudeste,10–50 mil,41904,42.88,52.74,2.98,15504,495,554,1008,148,967.0,0.0,967.0,0.55,59.5,30.7,0.083,0.5292,,,0,0,0,0,0,0,Alex Cesar,UNIÃO,
4321451,Teutônia,RS,Sul,10–50 mil,25631,29.61,62.72,7.52,12830,546,631,951,69,964.0,0.0,964.0,1.78,50.9,42.9,0.099,0.5277,,,1,0,1,0,0,0,Renato,PSD,
4218004,Tijucas,SC,Sul,10–50 mil,36911,23.52,70.71,5.71,19722,781,347,784,127,961.0,0.0,961.0,0.49,58.4,25.9,0.1078,0.5173,,,0,0,0,0,0,0,Maickon Sgrott,PP,
3519600,Ibitinga,SP,Sudeste,10–50 mil,41272,30.53,64.56,4.79,19795,660,579,810,65,959.0,0.0,959.0,-2.54,59.7,29.2,0.1044,0.5271,,,0,0,0,0,0,0,Florisvaldo,PSD,
4219507,Xanxerê,SC,Sul,10–50 mil,34911,33.14,61.86,6.45,17483,723,435,847,71,951.0,0.0,951.0,-2.43,68.2,25.4,0.1631,0.5317,,,2,0,0,1,0,1,Martarello,PL,
4117503,Paiçandu,PR,Sul,10–50 mil,30395,38.17,55.93,5.62,12703,585,662,839,42,946.0,0.0,946.0,1.33,62.6,30.9,0.0551,0.5316,,,1,0,1,0,0,0,Ismael Batista,PSD,
5105259,Lucas Do Rio Verde,MT,Centro-Oeste,50–200 mil,54792,21.95,74.18,3.81,30711,875,322,745,46,944.0,0.0,944.0,-2.38,55.2,31.9,0.1276,0.5141,,,1,0,0,0,0,1,Miguel Vaz,REPUBLICANOS,
3502101,Andradina,SP,Sudeste,10–50 mil,42476,33.39,62.05,4.92,19337,689,517,800,60,944.0,0.0,944.0,-1.25,51.7,32.8,0.1658,0.5318,,,1,0,0,0,0,1,Mario Celso Lopes,PSD,
4115705,Matinhos,PR,Sul,10–50 mil,35293,39.07,55.45,2.79,13302,610,672,755,53,943.0,0.0,943.0,1.87,50.3,29.9,0.1229,0.5361,,,2,0,1,0,0,1,Eduardo Dalmora,PL,
1507953,Tailândia,PA,Norte,50–200 mil,55596,42.07,54.91,12.66,22994,701,266,1157,22,942.0,0.0,942.0,-2.66,45.3,39.1,0.0419,0.5011,,,0,0,0,0,0,0,Lauro,MDB,Segurança pública/violência (atentado a dirigente partidário em set/2026) | Saúde (Hospital Geral de Tailândia citado na cobertura) — sem dados sobre demandas específicas
3551504,Serrana,SP,Sudeste,10–50 mil,33570,41.48,53.44,4.82,13353,624,455,953,80,942.0,0.0,942.0,-1.44,62.3,22.5,0.0768,0.5202,,,0,0,0,0,0,0,Léo Capitelli,MDB,
3549409,São Joaquim Da Barra,SP,Sudeste,10–50 mil,35828,41.37,53.72,6.18,14014,575,539,946,67,939.0,0.0,939.0,-1.13,63.5,23.4,0.1497,0.5244,,,1,0,0,0,0,1,Schmidt,MDB,
3300803,Cachoeiras De Macacu,RJ,Sudeste,10–50 mil,46722,36.43,59.62,3.51,20791,582,665,786,58,937.0,0.0,937.0,-0.74,24.8,45.1,0.0414,0.5164,Douglas Ruas (PL),-2.6,0,0,0,0,0,0,Rafael Miranda,PP,
4304804,Carlos Barbosa,RS,Sul,10–50 mil,23696,21.16,70.56,5.4,13991,634,634,697,73,934.0,0.0,934.0,1.46,84.6,11.7,0.1349,0.5142,,,3,0,1,1,0,1,Kirch,PP,
5209200,Guapó,GO,Centro-Oeste,10–50 mil,14861,43.66,45.25,1.23,4939,129,1883,123,5,932.0,0.0,932.0,-0.7,46.0,30.6,0.0582,0.5236,,,0,0,0,0,0,0,Frank Estevan,UNIÃO,
1506138,Redenção,PA,Norte,50–200 mil,62358,25.22,71.51,7.56,34761,672,470,916,21,929.0,0.0,929.0,-6.88,44.4,40.8,0.0888,0.5207,,,0,0,0,0,0,0,Dr Rener,PRD,
4106407,Cornélio Procópio,PR,Sul,10–50 mil,35102,32.54,61.87,4.8,16058,541,604,883,73,928.0,0.0,928.0,3.38,67.6,25.6,0.2015,0.5374,,,3,0,1,1,0,1,Raphael Sampaio,PP,
4219309,Videira,SC,Sul,10–50 mil,39175,23.94,70.78,5.35,21226,674,507,755,80,927.0,0.0,927.0,0.3,75.8,18.8,0.129,0.5255,,,2,0,0,1,0,1,Carelli,MDB,
3111200,Campo Belo,MG,Sudeste,10–50 mil,39354,38.36,56.87,5.47,15633,473,474,971,178,925.0,0.0,925.0,1.6,62.7,31.6,0.0579,0.5344,,,1,0,1,0,0,0,Adalberto Lopes,PL,
4309100,Gramado,RS,Sul,10–50 mil,34790,21.34,72.54,4.41,19052,659,521,737,77,916.0,0.0,916.0,0.68,63.3,19.7,0.1238,0.5305,,,1,0,0,0,0,1,Nestor Tissot,PP,
3520400,Ilhabela,SP,Sudeste,10–50 mil,31086,41.13,53.51,3.2,12001,757,363,782,63,914.0,0.0,914.0,1.02,47.5,27.1,0.1564,0.5222,,,2,0,1,0,0,1,Toninho Colucci,PL,
4114609,Marechal Cândido Rondon,PR,Sul,10–50 mil,40475,21.65,73.59,3.29,23987,781,398,696,58,911.0,0.0,911.0,-2.04,53.4,40.2,0.1652,0.5271,,,1,0,0,0,0,1,Backes,PP,
5210109,Ipameri,GO,Centro-Oeste,10–50 mil,20506,38.79,52.63,4.67,7897,193,1642,245,6,909.0,0.0,909.0,0.28,62.3,24.9,0.1178,0.5207,,,0,0,0,0,0,0,Jânio Pacheco,UNIÃO,
3510203,Capão Bonito,SP,Sudeste,10–50 mil,34293,34.91,59.92,5.98,15272,679,488,776,47,909.0,0.0,909.0,-3.24,53.8,36.5,0.097,0.5117,,,0,0,0,0,0,0,Julio Fernando,PL,
4318804,São Lourenço Do Sul,RS,Sul,10–50 mil,35085,36.37,58.7,12.06,15492,553,664,712,76,905.0,0.0,905.0,0.45,38.5,48.9,0.0905,0.5089,,,0,0,0,0,0,0,Zelmute Marten,PT,
3163706,São Lourenço,MG,Sudeste,10–50 mil,34836,35.17,59.59,2.52,15030,525,490,803,170,901.0,0.0,901.0,1.23,64.0,21.2,0.1296,0.5462,,,2,0,1,0,0,1,Lessa,PSD,
4206504,Guaramirim,SC,Sul,10–50 mil,33628,21.26,72.88,3.73,19367,729,418,706,73,901.0,0.0,901.0,-0.23,66.3,26.3,0.0877,0.511,,,0,0,0,0,0,0,Adriano Zimmermann,PL,
3102605,Andradas,MG,Sudeste,10–50 mil,30179,31.01,62.75,3.34,13467,426,452,632,390,899.0,0.0,899.0,2.0,69.2,23.7,0.0782,0.5198,,,2,0,1,1,0,0,Margot Pioli,CIDADANIA,
3552106,Socorro,SP,Sudeste,10–50 mil,30482,22.54,70.86,2.82,16614,574,631,665,85,893.0,0.0,893.0,-4.29,65.1,21.7,0.1519,0.5188,,,2,0,0,1,0,1,Mauricio De Oliveira Santos,PSD,
3502507,Aparecida,SP,Sudeste,10–50 mil,26836,35.52,58.3,2.79,12371,595,562,753,62,892.0,0.0,892.0,-2.37,77.0,18.0,0.1512,0.5318,,,2,0,0,1,0,1,Zé Louquinho,PL,
4311809,Marau,RS,Sul,10–50 mil,31646,23.58,70.53,7.94,18196,565,693,633,62,889.0,0.0,889.0,-1.25,78.1,14.7,0.1507,0.5268,,,2,0,0,1,0,1,Naura,MDB,
4213203,Pomerode,SC,Sul,10–50 mil,27227,17.67,74.88,1.71,15879,699,427,610,129,888.0,0.0,888.0,1.26,36.4,57.1,0.1173,0.508,,,1,0,1,0,0,0,Rafael Ramthun,PL,
1100288,Rolim De Moura,RO,Norte,10–50 mil,41088,24.56,70.44,2.52,21501,583,557,799,36,883.0,0.0,883.0,-2.51,37.7,41.0,0.1267,0.5232,,,1,0,0,0,0,1,Aldo Julio,UNIÃO,
5217401,Pires Do Rio,GO,Centro-Oeste,10–50 mil,22071,29.67,61.39,3.6,9848,176,1613,219,13,881.0,0.0,881.0,-0.1,52.2,33.0,0.1442,0.532,,,1,0,0,0,0,1,Hugo Do Laticínio,PODE,
3556404,Vargem Grande Do Sul,SP,Sudeste,10–50 mil,30430,30.13,63.56,4.93,13918,516,622,743,63,867.0,0.0,867.0,-0.75,63.7,27.3,0.1107,0.5227,,,0,0,0,0,0,0,Celso Ribeiro,REPUBLICANOS,
4117701,Palmeira,PR,Sul,10–50 mil,26972,25.49,67.59,6.0,14241,555,746,556,39,866.0,0.0,866.0,2.02,62.6,29.6,0.1013,0.5119,,,1,0,1,0,0,0,Altamir Sanson,PSD,
3303708,Paraíba Do Sul,RJ,Sudeste,10–50 mil,34304,42.69,52.79,2.73,13407,488,627,741,79,862.0,0.0,862.0,-0.79,52.7,30.5,0.0464,0.5323,Douglas Ruas (PL),0.7,0,0,0,0,0,0,Julio Canelinha,UNIÃO,
3537107,Pedreira,SP,Sudeste,10–50 mil,33383,24.86,69.55,4.65,17474,657,441,651,87,857.0,0.0,857.0,-2.93,68.3,20.2,0.1309,0.5159,,,2,0,0,1,0,1,Fabio Polidoro,REPUBLICANOS,
3127107,Frutal,MG,Sudeste,10–50 mil,42351,38.45,57.62,6.72,17384,486,526,770,120,852.0,0.0,852.0,-0.45,51.5,27.0,0.0749,0.5262,,,0,0,0,0,0,0,Bruno Augusto,REPUBLICANOS,
3302601,Mangaratiba,RJ,Sudeste,10–50 mil,46501,34.2,61.99,3.2,20418,599,521,682,52,847.0,0.0,847.0,1.42,41.5,33.4,0.0704,0.5164,Douglas Ruas (PL),0.1,1,0,1,0,0,0,Luiz Claudio,REPUBLICANOS,
3554508,Tietê,SP,Sudeste,10–50 mil,29070,27.21,66.39,3.77,14607,592,489,741,46,845.0,0.0,845.0,-2.73,69.0,21.1,0.161,0.5161,,,2,0,0,1,0,1,Junior Regonha,PL,
4306403,Dois Irmãos,RS,Sul,10–50 mil,24787,27.82,65.56,6.63,13314,592,437,672,122,845.0,0.0,845.0,-0.44,73.9,17.7,0.1159,0.5256,,,1,0,0,1,0,0,Jerri Meneghetti,PP,
4115804,Medianeira,PR,Sul,10–50 mil,37479,27.67,67.81,4.45,19850,697,431,602,52,839.0,0.0,839.0,-2.01,68.7,23.4,0.1642,0.5245,,,2,0,0,1,0,1,Antonio França,PSD,
4109609,Guaratuba,PR,Sul,10–50 mil,32489,30.78,63.56,0.61,14855,510,651,652,48,836.0,0.0,836.0,2.73,49.8,33.2,0.1313,0.5267,,,2,0,1,0,0,1,Mauricio Lense,PODE,
5215702,Palmeiras De Goiás,GO,Centro-Oeste,10–50 mil,23454,31.55,60.79,3.26,10656,146,1492,300,7,835.0,0.0,835.0,-0.3,42.2,42.2,0.0936,0.528,,,0,0,0,0,0,0,Dr Osvaldo,PL,
5213087,Minaçu,GO,Centro-Oeste,10–50 mil,22408,41.1,51.83,1.88,8307,149,1572,176,12,832.0,0.0,832.0,0.35,55.5,37.1,0.0904,0.5126,,,0,0,0,0,0,0,Carlos Alberto Lereia,PSDB,
3545308,Salto De Pirapora,SP,Sudeste,10–50 mil,31402,36.5,58.02,6.07,12779,608,428,756,44,832.0,0.0,832.0,3.56,36.4,43.3,0.0872,0.5169,,,1,0,1,0,0,0,Matheus Marum,PSD,
3534302,Orlândia,SP,Sudeste,10–50 mil,29493,34.93,59.48,4.35,13024,502,612,638,76,827.0,0.0,827.0,-3.32,68.2,19.3,0.15,0.5244,,,2,0,0,1,0,1,Gabriel Thor,PSD,
2704708,Marechal Deodoro,AL,Nordeste,10–50 mil,47095,44.41,52.6,4.11,19001,562,380,910,26,826.0,0.0,826.0,-0.78,58.1,23.1,0.0763,0.5332,,,0,0,0,0,0,0,André Bocão,MDB,
5220603,Silvânia,GO,Centro-Oeste,10–50 mil,16325,32.1,57.75,7.01,7333,152,1527,198,6,819.0,0.0,819.0,-0.26,68.7,20.2,0.1361,0.5182,,,2,0,0,1,0,1,Carlão,UNIÃO,Pautas não levantadas: o orçamento de buscas web da sessão (limite compartilhado) esgotou antes desta etapa; lacuna a preencher.
3516705,Garça,SP,Sudeste,10–50 mil,32368,29.94,64.54,2.8,14942,530,620,571,58,814.0,0.0,814.0,-2.26,56.1,31.2,0.1655,0.5311,,,1,0,0,0,0,1,Faneco,PL,
4313904,Panambi,RS,Sul,10–50 mil,32201,22.56,71.97,8.53,18575,536,480,723,62,811.0,0.0,811.0,0.79,39.6,54.4,0.131,0.515,,,1,0,0,0,0,1,Gustavo Cavalheiro,PSD,
4314803,Portão,RS,Sul,10–50 mil,25742,34.85,59.11,4.82,11690,585,426,719,50,809.0,0.0,809.0,1.73,63.4,24.9,0.0718,0.5215,,,1,0,1,0,0,0,Kiko Hoff,PDT,
3300233,Armação Dos Búzios,RJ,Sudeste,10–50 mil,36236,32.23,63.26,1.76,17294,614,376,730,46,806.0,0.0,806.0,-0.83,25.6,33.3,0.1044,0.53,Douglas Ruas (PL),2.8,0,0,0,0,0,0,Alexandre Martins,REPUBLICANOS,
3536703,Pederneiras,SP,Sudeste,10–50 mil,32588,27.89,66.88,3.58,16572,599,424,695,44,804.0,0.0,804.0,-2.56,53.5,35.0,0.1241,0.5129,,,1,0,0,0,0,1,Ivana,PSD,
4215000,Rio Negrinho,SC,Sul,10–50 mil,31740,21.29,72.8,4.94,17568,538,464,694,74,803.0,0.0,803.0,-0.59,75.6,19.5,0.0862,0.5132,,,1,0,0,1,0,0,Dr Caio,PL,
5215306,Orizona,GO,Centro-Oeste,10–50 mil,12089,31.51,54.89,5.22,5123,87,1647,113,3,801.0,0.0,801.0,-1.64,77.6,16.9,0.1139,0.5021,,,1,0,0,1,0,0,Felipe Dias,MDB,Pautas não levantadas: o orçamento de buscas web da sessão (limite compartilhado) esgotou antes desta etapa; lacuna a preencher.
3523206,Itararé,SP,Sudeste,10–50 mil,33780,31.98,62.8,7.14,15088,486,524,738,52,799.0,0.0,799.0,-2.67,49.1,39.7,0.1076,0.5256,,,0,0,0,0,0,0,João Fadel,PP,
3204559,Santa Maria De Jetibá,ES,Sudeste,10–50 mil,31314,24.3,70.07,5.91,17156,538,456,767,33,799.0,0.0,799.0,1.04,21.3,73.5,0.0389,0.5093,Lorenzo Pazolini (REPUBLICANOS),14.1,2,0,1,0,1,0,Ronan Fisioterapeuta,PL,
1100114,Jaru,RO,Norte,10–50 mil,41260,21.26,74.17,3.19,22967,602,395,719,38,798.0,0.0,798.0,-7.08,42.7,45.6,0.1006,0.5162,,,0,0,0,0,0,0,Jeverson Lima,MDB,
4308607,Garibaldi,RS,Sul,10–50 mil,26403,20.22,73.35,5.08,16066,526,543,577,84,796.0,0.0,796.0,0.78,84.2,10.9,0.1475,0.5209,,,2,0,0,1,0,1,Sergio Chesini,PP,
4114807,Marialva,PR,Sul,10–50 mil,30178,26.86,67.44,6.07,15602,508,558,667,39,795.0,0.0,795.0,-1.89,69.4,24.5,0.1317,0.527,,,2,0,0,1,0,1,Flavia Cheroni,PSD,
3505302,Barra Bonita,SP,Sudeste,10–50 mil,28333,30.26,63.87,5.3,13626,543,473,693,48,794.0,0.0,794.0,-1.79,65.3,20.7,0.1681,0.5214,,,2,0,0,1,0,1,Manezinho,PL,
3300258,Arraial Do Cabo,RJ,Sudeste,10–50 mil,35242,35.16,60.37,1.31,15959,574,387,771,32,792.0,0.0,792.0,-4.07,35.7,35.1,0.108,0.5192,Douglas Ruas (PL),5.1,0,0,0,0,0,0,Marcelo Magno,PL,
4104253,Campo Magro,PR,Sul,10–50 mil,21484,37.73,55.46,5.01,9079,525,561,630,35,791.0,0.0,791.0,2.58,61.7,26.8,0.0586,0.5147,,,1,0,1,0,0,0,Bozinha,PP,
3136306,João Pinheiro,MG,Sudeste,10–50 mil,38832,38.99,56.95,9.06,15663,374,494,789,135,786.0,0.0,786.0,0.25,79.1,18.3,0.0631,0.5048,,,1,0,0,1,0,0,Gláucon Cardoso,NOVO,LACUNA: pautas locais não pesquisadas — orçamento de buscas web da sessão esgotou antes desta etapa; reprocessar
3524808,Jales,SP,Sudeste,10–50 mil,36025,28.05,67.19,4.78,18113,570,444,664,44,785.0,0.0,785.0,-2.48,55.6,32.0,0.2223,0.5285,,,1,0,0,0,0,1,Luis Henrique,PL,
4307807,Estrela,RS,Sul,10–50 mil,24675,24.42,68.7,3.57,13505,503,420,759,70,782.0,0.0,782.0,-0.54,65.6,26.3,0.1324,0.5238,,,1,0,0,0,0,1,Carine Schwingel,UNIÃO,
3513108,Cravinhos,SP,Sudeste,10–50 mil,27124,30.62,62.9,2.98,12009,517,396,769,63,780.0,0.0,780.0,0.45,61.7,22.9,0.0951,0.5173,,,0,0,0,0,0,0,Itamar Bueno,MDB,
3518602,Guariba,SP,Sudeste,10–50 mil,28368,41.49,53.54,5.12,11439,462,427,854,41,776.0,0.0,776.0,-1.96,52.0,31.5,0.0948,0.5184,,,0,0,0,0,0,0,Dr Francisco,PSD,
3525201,Jarinu,SP,Sudeste,10–50 mil,26768,33.62,60.28,2.96,11454,560,410,643,71,774.0,0.0,774.0,-0.05,61.1,25.2,0.1069,0.5045,,,0,0,0,0,0,0,Débora Prado,PSD,
3201902,Domingos Martins,ES,Sudeste,10–50 mil,29145,26.12,68.19,4.49,15389,484,588,583,53,773.0,0.0,773.0,1.1,52.9,41.2,0.0863,0.5036,Lorenzo Pazolini (REPUBLICANOS),4.5,1,0,1,0,0,0,Edu Do Restaurante,PL,
3525102,Jardinópolis,SP,Sudeste,10–50 mil,29784,31.64,62.62,2.35,13263,458,503,709,61,769.0,0.0,769.0,-2.45,55.3,29.4,0.1109,0.5223,,,0,0,0,0,0,0,Degan,MDB,
5205406,Ceres,GO,Centro-Oeste,10–50 mil,16940,31.25,59.51,0.69,7836,139,1428,185,3,762.0,0.0,762.0,2.78,57.1,35.1,0.1746,0.5329,,,2,0,1,0,0,1,Edmario,UNIÃO,
4310108,Igrejinha,RS,Sul,10–50 mil,26693,27.37,67.15,6.66,14678,622,331,615,54,757.0,0.0,757.0,-1.86,54.5,34.4,0.0755,0.5278,,,0,0,0,0,0,0,Leandro Horlle,PP,
5200100,Abadiânia,GO,Centro-Oeste,10–50 mil,12586,28.88,60.48,-1.48,5710,92,1212,97,5,612.0,140.0,752.0,2.1,70.0,24.2,0.1007,0.5111,,,3,1,1,1,0,0,Dr Itamar,PP,
4308201,Flores Da Cunha,RS,Sul,10–50 mil,25103,13.83,79.26,4.38,16241,597,384,574,53,750.0,0.0,750.0,0.98,81.7,12.6,0.1197,0.5117,,,2,0,0,1,0,1,Cesar Ulian,PP,
4313201,Nova Petrópolis,RS,Sul,10–50 mil,18127,20.95,70.16,2.61,10409,485,563,512,72,750.0,0.0,750.0,0.61,52.7,38.1,0.1703,0.5222,,,1,0,0,0,0,1,Daniel,REPUBLICANOS,
4114203,Mandaguari,PR,Sul,10–50 mil,27663,28.58,65.55,6.63,13488,482,552,583,41,749.0,0.0,749.0,1.98,62.6,30.0,0.1479,0.5261,,,2,0,1,0,0,1,Enf Ivoneia Furtado,PSD,
3512001,Colina,SP,Sudeste,10–50 mil,14048,39.2,48.74,1.99,5023,165,78,1784,10,745.0,0.0,745.0,-2.66,61.0,20.6,0.1425,0.5172,,,1,0,0,0,0,1,Mi,REPUBLICANOS,
4213609,Porto União,SC,Sul,10–50 mil,25684,27.87,65.9,6.24,12554,587,386,590,40,743.0,0.0,743.0,0.2,73.9,18.2,0.1436,0.519,,,2,0,0,1,0,1,Dr. Juliano,PL,
4107207,Dois Vizinhos,PR,Sul,10–50 mil,33146,40.11,56.13,9.04,15013,569,286,766,29,742.0,0.0,742.0,-1.19,79.9,15.0,0.14,0.5212,,,2,0,0,1,0,1,Carlinhos Turatto,PP,"Resposta a temporal com mais de 700 famílias atingidas (Defesa Civil, decreto de situação de emergência) | Saúde escolar (programa Bons Olhos Paraná)"
4124103,Santo Antônio Da Platina,PR,Sul,10–50 mil,32125,32.49,62.54,4.12,14659,420,527,694,40,739.0,0.0,739.0,2.68,65.7,27.1,0.1241,0.5326,,,2,0,1,0,0,1,Gil Martins,REPUBLICANOS,
3540200,Pontal,SP,Sudeste,10–50 mil,28287,41.55,53.84,7.03,11460,480,444,664,56,738.0,0.0,738.0,-2.48,55.3,28.4,0.0785,0.5058,,,0,0,0,0,0,0,Zé Carlos,MDB,
3546405,Santa Cruz Do Rio Pardo,SP,Sudeste,10–50 mil,34041,23.98,70.82,4.56,17550,479,429,704,42,736.0,0.0,736.0,-1.78,73.4,21.2,0.1614,0.5253,,,2,0,0,1,0,1,Dr Otacilio,PL,
4212502,Penha,SC,Sul,10–50 mil,26267,23.52,70.15,0.52,13945,578,280,704,49,736.0,0.0,736.0,1.78,55.1,30.2,0.1308,0.5318,,,2,0,1,0,0,1,Luizinho Americo,PL,
4202800,Braço Do Norte,SC,Sul,10–50 mil,25562,16.8,76.75,2.84,15991,589,380,562,41,732.0,0.0,732.0,-0.76,84.5,9.5,0.0975,0.5264,,,1,0,0,1,0,0,Laurinho Boeing,MDB,
3116605,Cláudio,MG,Sudeste,10–50 mil,22834,29.23,64.18,6.87,11132,356,368,586,263,729.0,0.0,729.0,1.74,84.7,10.4,0.0681,0.5153,,,2,0,1,1,0,0,Zezinho ,MDB,
3302254,Itatiaia,RJ,Sudeste,10–50 mil,26584,38.86,56.17,4.92,11270,505,483,545,52,727.0,0.0,727.0,-0.3,49.0,32.3,0.079,0.5219,Douglas Ruas (PL),-2.3,0,0,0,0,0,0,Kaio Do Diogo Balieiro,PL,
3513702,Descalvado,SP,Sudeste,10–50 mil,24907,26.97,66.06,4.84,11312,477,532,545,43,726.0,0.0,726.0,2.95,69.9,18.8,0.1485,0.5198,,,3,0,1,1,0,1,Luisinho Panone,PSD,
4204806,Curitibanos,SC,Sul,10–50 mil,31343,31.35,63.73,9.43,14572,504,428,627,42,725.0,0.0,725.0,-0.08,76.4,17.2,0.1013,0.5228,,,1,0,0,1,0,0,Kleberson,MDB,
3110608,Cambuí,MG,Sudeste,10–50 mil,22533,38.22,55.41,6.02,8860,377,269,785,192,724.0,0.0,724.0,1.3,68.7,22.4,0.084,0.5209,,,2,0,1,1,0,0,Cinthia Pereira,NOVO,
4122305,Rio Negro,PR,Sul,10–50 mil,24158,22.0,71.1,5.54,13188,476,518,560,35,720.0,0.0,720.0,1.17,77.3,16.2,0.1275,0.5081,,,3,0,1,1,0,1,Alessandro,PP,
4119608,Pitanga,PR,Sul,10–50 mil,25677,43.1,52.07,9.23,10166,454,493,663,16,719.0,0.0,719.0,-1.75,86.0,10.6,0.117,0.5114,,,1,0,0,1,0,0,Sargento Moraes,MDB,"Saúde: a obra do Hospital Regional de Pitanga está parada há quase 3 anos; um laudo indica falhas estruturais que exigem projeto de restauro, e os pacientes viajam a outras cidades (G1/RPC, mai/2026). O prefeito comentou o projeto (Jornal Paraná Centro, jan/2026, manchete) | Rodovias: duplicação da PRC-466 entre Pitanga e Turvo, com detonação de rochas e bloqueios e previsão de conclusão em abr/2027; acidentes fatais na PR-466 (manchetes)"
3550100,São Manuel,SP,Sudeste,10–50 mil,29305,33.28,61.53,6.01,13164,449,467,665,32,716.0,0.0,716.0,-1.63,62.2,28.1,0.1336,0.5174,,,1,0,0,0,0,1,Odirlei Baixinho,PP,
1716109,Paraíso Do Tocantins,TO,Norte,10–50 mil,36056,27.66,68.1,5.36,19188,396,616,597,14,714.0,0.0,714.0,-0.07,48.7,38.1,0.1055,0.5345,Professora Dorinha (UNIÃO),35.7,1,0,0,0,1,0,Celso Morais,MDB,
3107109,Boa Esperança,MG,Sudeste,10–50 mil,32515,42.08,53.72,7.91,12418,378,415,772,76,713.0,0.0,713.0,0.89,78.0,15.1,0.0754,0.5158,,,1,0,0,1,0,0,Aroldo Medeiros,AVANTE,Pautas locais específicas não verificadas: limite de buscas esgotado e WebFetch bloqueado por rate limit (HTTP 429) na fase de pautas.
3303807,Paraty,RJ,Sudeste,10–50 mil,35461,35.37,60.55,1.43,15758,499,376,671,34,710.0,0.0,710.0,0.89,34.0,35.0,0.0848,0.514,Douglas Ruas (PL),0.2,0,0,0,0,0,0,Zezé Porto,REPUBLICANOS,
3146008,Ouro Fino,MG,Sudeste,10–50 mil,25443,29.58,64.17,4.85,11490,355,360,632,211,709.0,0.0,709.0,2.15,67.9,25.7,0.0825,0.5177,,,1,0,1,0,0,0,Toninho Miguel,NOVO,
5005707,Naviraí,MS,Centro-Oeste,10–50 mil,37528,31.72,64.33,4.35,17261,586,286,598,51,708.0,0.0,708.0,1.91,59.1,30.5,0.1078,0.5272,,,1,0,1,0,0,0,Rodrigo Sacuno,PL,
5222302,Vila Propício,GO,Centro-Oeste,<10 mil,6026,44.0,41.85,-4.54,1919,32,1076,42,3,498.0,208.0,706.0,-1.1,58.4,35.1,0.0524,0.4795,,,1,1,0,0,0,0,Waldilei Lemos,UNIÃO,
3514403,Dracena,SP,Sudeste,10–50 mil,33614,23.9,71.14,5.63,17378,478,450,583,45,706.0,0.0,706.0,-0.29,66.6,24.3,0.1974,0.5366,,,2,0,0,1,0,1,Geni Lobo Da Saúde,PP,
3506607,Biritiba Mirim,SP,Sudeste,10–50 mil,24212,36.72,57.37,5.73,9816,469,472,566,45,704.0,0.0,704.0,2.52,49.0,32.1,0.0571,0.5049,,,1,0,1,0,0,0,Inho,PL,
5217708,Pontalina,GO,Centro-Oeste,10–50 mil,14364,34.62,55.88,6.68,6199,110,1370,116,6,698.0,0.0,698.0,-0.37,67.5,20.8,0.0909,0.5243,,,1,0,0,1,0,0,Edson Guimarães,MDB,Pautas não levantadas: o orçamento de buscas web da sessão (limite compartilhado) esgotou antes desta etapa; lacuna a preencher.
3301306,Casimiro De Abreu,RJ,Sudeste,10–50 mil,35993,30.11,65.76,2.54,17595,466,416,607,43,691.0,0.0,691.0,-0.47,26.2,45.0,0.0618,0.5289,Douglas Ruas (PL),-1.3,0,0,0,0,0,0,Ramon,PL,
3525706,José Bonifácio,SP,Sudeste,10–50 mil,27281,29.2,65.3,5.38,13238,466,402,628,40,690.0,0.0,690.0,-1.58,67.5,26.9,0.1416,0.5214,,,1,0,0,0,0,1,Dr Marcelo Cataruci,PSD,
3508603,Cachoeira Paulista,SP,Sudeste,10–50 mil,23891,38.04,56.52,4.64,10113,456,441,567,52,687.0,0.0,687.0,-2.5,71.0,21.0,0.1701,0.5268,,,2,0,0,1,0,1,Breno Anaya,PP,
4215703,Santo Amaro Da Imperatriz,SC,Sul,10–50 mil,20294,26.8,66.5,5.84,11127,503,359,573,58,686.0,0.0,686.0,0.16,79.3,10.5,0.1327,0.5163,,,2,0,0,1,0,1,Gustavinho Abreu,PL,
4310801,Ivoti,RS,Sul,10–50 mil,17002,25.04,67.08,3.91,9655,471,328,583,104,684.0,0.0,684.0,2.02,65.2,26.4,0.1536,0.5257,,,2,0,1,0,0,1,Valdir,PP,
4201307,Araquari,SC,Sul,10–50 mil,28342,27.23,67.72,3.05,14615,571,314,519,43,680.0,0.0,680.0,-0.94,45.5,40.9,0.0784,0.5086,,,0,0,0,0,0,0,Gordo Jasper,PSD,
3301876,Iguaba Grande,RJ,Sudeste,10–50 mil,30569,30.39,65.0,1.64,15517,455,399,606,48,679.0,0.0,679.0,-3.88,36.8,37.5,0.117,0.5386,Douglas Ruas (PL),2.8,0,0,0,0,0,0,Fabinho,CIDADANIA,
5106224,Nova Mutum,MT,Centro-Oeste,10–50 mil,37953,20.46,75.39,4.9,22032,559,242,638,38,679.0,0.0,679.0,-2.38,59.8,26.9,0.1397,0.5092,,,1,0,0,0,0,1,Leandro Felix Pereira,UNIÃO,
3139003,Machado,MG,Sudeste,10–50 mil,30436,35.73,59.78,3.85,13011,390,288,665,151,675.0,0.0,675.0,2.2,71.2,22.9,0.0744,0.5208,,,2,0,1,1,0,0,Maycon Willian,PP,
3502903,Araçoiaba Da Serra,SP,Sudeste,10–50 mil,26408,30.15,64.32,4.67,12431,460,435,549,41,674.0,0.0,674.0,3.33,53.2,31.0,0.1583,0.5185,,,2,0,1,0,0,1,Dr Quevedo,PSD,
5212204,Jussara,GO,Centro-Oeste,10–50 mil,14816,33.67,57.1,3.66,6348,97,1335,101,4,669.0,0.0,669.0,-0.42,54.8,32.5,0.1318,0.5283,,,1,0,0,0,0,1,Idali Bontempo Branca,UNIÃO,
3500709,Agudos,SP,Sudeste,10–50 mil,28853,29.49,65.53,5.1,13759,480,390,547,42,667.0,0.0,667.0,-1.16,42.1,41.8,0.1322,0.5185,,,1,0,0,0,0,1,Rafael Lima,REPUBLICANOS,
5102678,Campo Verde,MT,Centro-Oeste,10–50 mil,33977,25.6,70.15,5.62,18026,542,348,522,23,666.0,0.0,666.0,-1.29,54.9,31.1,0.1046,0.5061,,,0,0,0,0,0,0,Alexandre Lopes,UNIÃO,
4310330,Imbé,RS,Sul,10–50 mil,24070,37.83,56.55,6.04,9628,423,379,667,38,666.0,0.0,666.0,0.51,52.6,16.4,0.1219,0.5352,,,1,0,0,0,0,1,Ique,MDB,
5006200,Nova Andradina,MS,Centro-Oeste,10–50 mil,35629,36.81,59.26,7.06,14489,463,297,693,42,666.0,0.0,666.0,3.89,62.7,28.9,0.1004,0.5277,,,1,0,1,0,0,0,Dr Leandro,PSDB,
4110102,Imbituva,PR,Sul,10–50 mil,23461,30.65,63.7,6.89,11802,385,614,472,18,666.0,0.0,666.0,1.02,63.6,34.0,0.0552,0.5093,,,1,0,1,0,0,0,Bertoldo Rover,PSD,
3201407,Castelo,ES,Sudeste,10–50 mil,30033,23.48,71.5,3.6,16359,422,460,510,68,665.0,0.0,665.0,-0.18,79.9,14.0,0.0908,0.5188,Lorenzo Pazolini (REPUBLICANOS),10.9,2,0,0,1,1,0,João Paulo Nali,REPUBLICANOS,
4205704,Garopaba,SC,Sul,10–50 mil,24086,35.73,59.09,4.89,11018,482,200,691,92,665.0,0.0,665.0,2.0,63.5,13.0,0.1693,0.5287,,,2,0,1,0,0,1,Junior Abreu,PP,
4111506,Ivaiporã,PR,Sul,10–50 mil,24012,37.76,57.21,6.63,10742,380,528,540,40,663.0,0.0,663.0,-3.65,68.7,24.3,0.1556,0.5336,,,2,0,0,1,0,1,Carlos Gil,PSD,
3519303,Ibaté,SP,Sudeste,10–50 mil,26265,40.2,55.03,9.13,10283,479,409,542,19,659.0,0.0,659.0,0.21,50.2,35.2,0.0539,0.5115,,,0,0,0,0,0,0,Ronaldo Venturi,PSD,
3114204,Carmo Do Cajuru,MG,Sudeste,10–50 mil,19084,39.71,54.05,7.64,7916,328,300,723,142,657.0,0.0,657.0,1.6,81.3,10.9,0.051,0.5092,,,2,0,1,1,0,0,Vinicius Camargos,PP,"Só genéricos encontrados: sinalização viária urbana, reforma de quadra e ônibus escolares em 2026 (agenda da prefeitura; licitações vistas só em resultado de busca)."
5006309,Paranaíba,MS,Centro-Oeste,10–50 mil,31506,38.52,57.25,7.45,12815,309,554,585,58,657.0,0.0,657.0,1.32,53.7,30.8,0.1033,0.5265,,,1,0,1,0,0,0,Maycol,PSDB,
3162955,São José Da Lapa,MG,Sudeste,10–50 mil,19738,42.38,52.13,4.76,8081,383,349,602,113,652.0,0.0,652.0,-0.53,48.9,33.2,0.0929,0.5234,,,0,0,0,0,0,0,Marcia Lopes,PP,
3538600,Piracaia,SP,Sudeste,10–50 mil,21552,29.11,64.27,4.84,10426,401,434,562,54,651.0,0.0,651.0,-2.64,66.5,22.2,0.1379,0.5212,,,2,0,0,1,0,1,André Rogério,PL,
5220207,São Miguel Do Araguaia,GO,Centro-Oeste,10–50 mil,18389,32.35,59.97,3.11,7941,94,1293,105,3,650.0,0.0,650.0,0.51,54.5,36.2,0.1086,0.5117,,,0,0,0,0,0,0,Jeronymo Siqueira,PL,
1100106,Guajará-Mirim,RO,Norte,10–50 mil,28928,38.46,58.39,-0.75,12523,367,296,387,17,489.0,161.0,650.0,-1.35,44.7,40.3,0.0795,0.5139,,,1,1,0,0,0,0,Netinho,PP,
4322707,Vera Cruz,RS,Sul,10–50 mil,19445,34.55,59.55,10.63,9537,385,563,437,40,646.0,0.0,646.0,3.33,61.4,30.5,0.0901,0.521,,,1,0,1,0,0,0,Gilson Becker,PSB,
3517406,Guaíra,SP,Sudeste,10–50 mil,28555,31.6,63.34,7.26,12619,358,414,621,60,640.0,0.0,640.0,-5.25,71.5,18.0,0.1361,0.5258,,,2,0,0,1,0,1,Junão,REPUBLICANOS,
5100250,Alta Floresta,MT,Centro-Oeste,10–50 mil,43203,24.81,71.83,5.86,23270,451,374,552,35,640.0,0.0,640.0,-2.95,61.8,27.7,0.1173,0.5155,,,0,0,0,0,0,0,Chico Gamba,UNIÃO,
4304200,Candelária,RS,Sul,10–50 mil,22407,31.84,62.58,11.28,10631,486,468,383,27,639.0,0.0,639.0,3.66,57.9,36.8,0.0643,0.5189,,,1,0,1,0,0,0,Nestor R Ellwanger - Rim,PP,
3202801,Itapemirim,ES,Sudeste,10–50 mil,36630,30.97,65.54,1.76,18531,471,325,556,46,639.0,0.0,639.0,-0.42,29.4,51.6,0.064,0.5252,Lorenzo Pazolini (REPUBLICANOS),17.5,1,0,0,0,1,0,Geninho,PDT,
4205506,Fraiburgo,SC,Sul,10–50 mil,26265,28.42,66.54,8.93,13478,440,370,557,34,633.0,0.0,633.0,-2.98,68.5,24.6,0.115,0.5186,,,1,0,0,1,0,0,Wilson Ribeiro,PL,
3119302,Coromandel,MG,Sudeste,10–50 mil,24503,34.32,60.58,8.67,11001,251,493,459,189,632.0,0.0,632.0,-0.73,78.1,15.1,0.0671,0.5068,,,1,0,0,1,0,0,Fernando Breno,PRD,
3304706,Santo Antônio De Pádua,RJ,Sudeste,10–50 mil,33702,36.05,60.14,3.68,14849,327,587,461,40,629.0,0.0,629.0,-0.75,48.7,37.7,0.0578,0.5223,Douglas Ruas (PL),3.1,0,0,0,0,0,0,Paulinho Da Refrigeração,MDB,
3203320,Marataízes,ES,Sudeste,10–50 mil,33342,31.54,64.82,1.02,17081,498,249,577,45,629.0,0.0,629.0,-3.98,26.3,53.9,0.1281,0.5298,Lorenzo Pazolini (REPUBLICANOS),17.4,2,0,0,0,1,1,Toninho Bitencourt,PODE,
4306601,Dom Pedrito,RS,Sul,10–50 mil,29233,44.88,51.14,12.28,10399,328,528,544,30,627.0,0.0,627.0,1.56,55.0,25.4,0.1006,0.5307,,,1,0,1,0,0,0,Guiga,PP,Pautas locais não levantadas: buscas não retornaram imprensa local útil e o WebFetch ficou bloqueado (limite de requisições) antes da etapa de pautas.
3152808,Prata,MG,Sudeste,10–50 mil,22334,43.71,50.54,8.9,7964,177,240,1116,63,627.0,0.0,627.0,-0.18,65.3,16.9,0.0451,0.5039,,,1,0,0,1,0,0,Xexéu,PP,"Acesso ao ensino superior (Programa Bolsa Faculdade, 186 vagas remanescentes em 2026) | Acesso ao ensino superior (Programa Bolsa Faculdade municipal, rodada 1)"
3550407,São Pedro,SP,Sudeste,10–50 mil,28554,26.59,68.32,2.43,13897,454,388,460,50,626.0,0.0,626.0,1.3,48.1,32.5,0.1379,0.5338,,,2,0,1,0,0,1,Thiago Silva,PSD,
3544004,Rio Das Pedras,SP,Sudeste,10–50 mil,25297,29.68,64.96,4.45,12313,434,313,618,35,626.0,0.0,626.0,1.62,50.8,40.1,0.0599,0.5053,,,1,0,1,0,0,0,Marcos Buzetto,REPUBLICANOS,
4301008,Arroio Do Meio,RS,Sul,10–50 mil,17325,26.25,66.53,6.17,9567,407,403,552,35,626.0,0.0,626.0,1.76,72.8,23.2,0.1023,0.5124,,,2,0,1,1,0,0,Sidnei Eckert,MDB,
3162104,São Gotardo,MG,Sudeste,10–50 mil,28579,29.17,66.26,9.7,14127,358,381,464,147,625.0,0.0,625.0,-5.44,72.2,18.7,0.1036,0.5175,,,1,0,0,1,0,0,Makoto Sekita,PSD,não encontrado: o portal da prefeitura não carregou as notícias e não houve fontes locais acessíveis
4217709,Sombrio,SC,Sul,10–50 mil,22226,24.66,69.54,6.11,12474,519,207,602,33,625.0,0.0,625.0,-3.22,59.3,24.8,0.1022,0.5283,,,0,0,0,0,0,0,Gislaine,MDB,
3538808,Piraju,SP,Sudeste,10–50 mil,21986,36.2,57.91,5.58,8961,407,370,600,27,624.0,0.0,624.0,-1.39,74.3,17.4,0.1574,0.5263,,,2,0,0,1,0,1,Carlinhos Pneus,PL,
3518305,Guararema,SP,Sudeste,10–50 mil,26373,31.78,63.35,6.29,12347,458,354,496,44,622.0,0.0,622.0,0.57,45.3,32.8,0.1193,0.5152,,,1,0,0,0,0,1,Zé,PL,
3524105,Ituverava,SP,Sudeste,10–50 mil,27366,35.82,59.67,5.02,11847,381,411,501,76,621.0,0.0,621.0,-3.68,58.6,29.2,0.1779,0.5341,,,1,0,0,0,0,1,Luiz Araújo,REPUBLICANOS,
4202107,Barra Velha,SC,Sul,10–50 mil,29651,23.41,71.78,1.68,16003,452,273,566,66,621.0,0.0,621.0,-4.11,58.0,30.2,0.1328,0.5287,,,1,0,0,0,0,1,Daniel Cunha,PSD,
3500303,Aguaí,SP,Sudeste,10–50 mil,24235,36.32,58.39,4.77,9806,449,331,529,47,620.0,0.0,620.0,0.78,62.8,25.8,0.1062,0.5175,,,0,0,0,0,0,0,Professor Gilberto,PSDB,
3304755,São Francisco De Itabapoana,RJ,Sudeste,10–50 mil,39905,29.76,66.67,4.83,18882,334,530,513,28,620.0,0.0,620.0,-0.79,34.7,42.6,0.0293,0.5095,Douglas Ruas (PL),12.8,0,0,0,0,0,0,Professora Yara Cinthia,SOLIDARIEDADE,
4210506,Maravilha,SC,Sul,10–50 mil,20395,24.04,69.66,5.86,11639,473,269,574,39,618.0,0.0,618.0,-2.34,71.0,23.8,0.169,0.522,,,2,0,0,1,0,1,Vinicius Ventura,PP,
3522703,Itápolis,SP,Sudeste,10–50 mil,28904,25.79,69.33,5.02,14916,422,356,573,28,618.0,0.0,618.0,-4.41,75.5,16.8,0.1399,0.5246,,,2,0,0,1,0,1,Mi Reggiani,PL,
1301704,Humaitá,AM,Norte,10–50 mil,34907,41.85,54.92,13.84,14741,350,298,790,17,617.0,0.0,617.0,-4.4,65.8,25.9,0.0729,0.4971,Professora Maria Do Carmo (PL),20.0,1,0,0,0,1,0,Dedei Lobo,UNIÃO,"Garimpo no rio Madeira e repressão federal: a PF e a Força Nacional destruíram 71 dragas na orla em 15/09/2025, houve protesto de garimpeiros e tiroteio nas ruas, e a PF instalou delegacia em Humaitá (dez/2025). O histórico inclui garimpeiros incendiando a sede do Ibama e do ICMBio em 2017 | BR-319 (pavimentação do trecho do meio) e BR-230: rodovia é bandeira regional, e o senador Eduardo Braga fez viagem Manaus-Humaitá pela BR-319 em set/2026"
3200904,Barra De São Francisco,ES,Sudeste,10–50 mil,34548,43.25,53.57,3.04,13193,450,287,545,62,616.0,0.0,616.0,-1.82,37.9,47.9,0.0879,0.5181,Lorenzo Pazolini (REPUBLICANOS),10.0,0,0,0,0,0,0,Enivaldo Dos Anjos,PSB,
3156908,Sacramento,MG,Sudeste,10–50 mil,20911,37.85,56.63,5.23,8728,317,295,561,176,613.0,0.0,613.0,0.62,64.8,9.7,0.0781,0.514,,,0,0,0,0,0,0,Juninho Trevisan,PL,
4209003,Joaçaba,SC,Sul,10–50 mil,22370,23.87,70.2,5.21,12319,440,342,497,55,613.0,0.0,613.0,0.4,75.3,17.0,0.1933,0.5313,,,2,0,0,1,0,1,Sartori,PSDB,
5208400,Goianápolis,GO,Centro-Oeste,10–50 mil,10753,24.58,65.77,-1.76,5491,63,930,68,2,462.0,147.0,609.0,-1.6,49.8,38.3,0.0606,0.5224,,,1,1,0,0,0,0,Jeovazinho,UNIÃO,
4119954,Pontal Do Paraná,PR,Sul,10–50 mil,24938,39.67,55.55,2.69,9884,325,527,487,29,605.0,0.0,605.0,2.07,52.6,28.7,0.1255,0.5289,,,2,0,1,0,0,1,Rudão Gimenes,MDB,
3158953,Santana Do Paraíso,MG,Sudeste,10–50 mil,25815,37.49,58.02,2.75,11146,391,189,667,104,605.0,0.0,605.0,-1.39,45.7,41.8,0.0722,0.5284,,,0,0,0,0,0,0,Bruno Morato,AVANTE,
5203203,Barro Alto,GO,Centro-Oeste,10–50 mil,10023,36.85,51.03,1.91,3744,52,1263,90,0,605.0,0.0,605.0,0.36,55.0,35.1,0.0839,0.5046,,,0,0,0,0,0,0,Professor Alvaro,MDB,
4322004,Triunfo,RS,Sul,10–50 mil,21936,36.26,58.38,6.46,9513,406,355,537,41,603.0,0.0,603.0,2.19,59.4,27.1,0.0639,0.5044,,,1,0,1,0,0,0,Marcelinho,MDB,
3507100,Bom Jesus Dos Perdões,SP,Sudeste,10–50 mil,18368,33.19,60.2,4.88,8278,454,303,508,43,601.0,0.0,601.0,-0.9,57.3,24.7,0.1087,0.513,,,0,0,0,0,0,0,Sérgio Ferreira,PSDB,
5201801,Aragoiânia,GO,Centro-Oeste,10–50 mil,10215,40.77,48.95,-0.29,3803,59,1172,109,2,578.0,23.0,601.0,-0.18,43.7,39.8,0.0539,0.5049,,,1,1,0,0,0,0,Waldir Da Fokus,PODE,
4120804,Quatro Barras,PR,Sul,10–50 mil,18192,29.19,64.08,3.64,8918,446,409,393,39,600.0,0.0,600.0,3.15,44.7,36.2,0.1173,0.5129,,,1,0,1,0,0,0,Loreno Tolardo,PSD,
5007901,Sidrolândia,MS,Centro-Oeste,10–50 mil,35153,40.77,55.93,5.49,13860,406,316,579,40,600.0,0.0,600.0,5.07,48.5,38.2,0.071,0.517,,,1,0,1,0,0,0,Rodrigo Basso,PL,
3300506,Bom Jardim,RJ,Sudeste,10–50 mil,22628,38.16,56.88,5.26,9554,369,475,445,34,597.0,0.0,597.0,-1.62,61.7,26.7,0.0371,0.511,Douglas Ruas (PL),-2.7,0,0,0,0,0,0,Affonso Monnerat,PP,
3151404,Pitangui,MG,Sudeste,10–50 mil,21464,30.92,63.44,6.6,10412,278,324,541,179,597.0,0.0,597.0,2.21,76.2,20.3,0.0726,0.5171,,,2,0,1,1,0,0,Maria Lucia Cardoso,MDB,
3535507,Paraguaçu Paulista,SP,Sudeste,10–50 mil,29958,37.06,58.97,5.28,12647,405,382,501,30,596.0,0.0,596.0,-1.22,53.2,36.4,0.1424,0.5257,,,1,0,0,0,0,1,Antian,PSD,
3300605,Bom Jesus Do Itabapoana,RJ,Sudeste,10–50 mil,28472,40.19,56.09,4.21,12229,366,437,486,37,595.0,0.0,595.0,-2.85,62.0,29.8,0.1234,0.5344,Douglas Ruas (PL),-1.2,1,0,0,0,0,1,Serginho Cyrillo,PL,
1505064,Novo Repartimento,PA,Norte,10–50 mil,45702,37.66,59.84,7.61,20744,344,391,614,12,590.0,0.0,590.0,-5.75,45.8,41.7,0.0416,0.4858,,,0,0,0,0,0,0,Valdir Lemes,PSD,
4313375,Nova Santa Rita,RS,Sul,10–50 mil,20466,42.32,52.71,4.1,8098,493,242,504,30,589.0,0.0,589.0,2.95,49.3,26.5,0.061,0.5183,,,1,0,1,0,0,0,Rodrigo Battistella,PT,
5203500,Bom Jesus,GO,Centro-Oeste,10–50 mil,18138,36.84,56.74,9.27,7383,243,858,202,8,588.0,0.0,588.0,-0.96,66.0,21.5,0.084,0.5063,,,1,0,0,1,0,0,Daniel Júnior,PL,Não foram encontradas pautas locais específicas
3151503,Piumhi,MG,Sudeste,10–50 mil,26253,32.04,63.21,4.58,11798,333,337,459,145,588.0,0.0,588.0,1.39,69.7,21.5,0.08,0.5297,,,2,0,1,1,0,0,Dr Paulo,PSD,
3539509,Pitangueiras,SP,Sudeste,10–50 mil,24981,40.81,54.98,5.77,10212,407,314,520,54,588.0,0.0,588.0,-3.58,53.4,29.4,0.0991,0.506,,,0,0,0,0,0,0,Dimas Bolzan,PSD,
3546306,Santa Cruz Das Palmeiras,SP,Sudeste,10–50 mil,21443,34.15,60.1,4.28,9169,374,439,461,27,586.0,0.0,586.0,3.64,70.4,22.3,0.1126,0.5109,,,2,0,1,1,0,0,Fernando Stocco,MDB,
4102000,Assis Chateaubriand,PR,Sul,10–50 mil,27256,30.19,65.45,5.59,13775,413,398,443,28,586.0,0.0,586.0,-1.31,78.0,17.0,0.1253,0.5279,,,2,0,0,1,0,1,Marcel Micheletto,PL,
3304805,São Fidélis,RJ,Sudeste,10–50 mil,30178,33.66,62.48,2.56,14248,374,417,473,31,583.0,0.0,583.0,-4.02,37.1,38.2,0.0812,0.5187,Douglas Ruas (PL),5.1,0,0,0,0,0,0,José William,PL,
3500105,Adamantina,SP,Sudeste,10–50 mil,25494,22.53,72.12,3.32,13609,410,375,453,37,583.0,0.0,583.0,-2.88,69.3,17.4,0.2179,0.5291,,,2,0,0,1,0,1,José Tiveron,NOVO,
4313300,Nova Prata,RS,Sul,10–50 mil,18975,18.46,74.72,4.55,11508,419,360,436,46,582.0,0.0,582.0,2.77,80.2,15.3,0.1569,0.5246,,,3,0,1,1,0,1,Beto Carnevalli,REPUBLICANOS,
5214002,Mozarlândia,GO,Centro-Oeste,10–50 mil,12318,38.33,51.98,2.11,4454,63,1190,85,5,581.0,0.0,581.0,-0.41,56.6,33.0,0.0648,0.5081,,,0,0,0,0,0,0,Lucijane Alencar,MDB,
3542206,Rancharia,SP,Sudeste,10–50 mil,22888,37.94,57.23,6.07,9527,367,527,358,20,581.0,0.0,581.0,-1.97,56.9,34.4,0.1263,0.5245,,,1,0,0,0,0,1,Homero Do Mané Facão,PSD,
3200409,Anchieta,ES,Sudeste,10–50 mil,24797,38.95,57.03,3.86,11105,441,250,521,49,579.0,0.0,579.0,1.45,56.3,29.8,0.1357,0.5179,Lorenzo Pazolini (REPUBLICANOS),4.5,2,0,1,0,0,1,Léo Português,PSB,
3541307,Presidente Epitácio,SP,Sudeste,10–50 mil,29804,39.32,56.95,3.52,11934,434,344,457,25,579.0,0.0,579.0,-2.79,57.7,30.7,0.1193,0.5325,,,1,0,0,0,0,1,André Lima,REPUBLICANOS,
3521002,Iperó,SP,Sudeste,10–50 mil,21605,42.76,52.28,6.22,7950,446,287,515,19,578.0,0.0,578.0,1.56,40.4,43.5,0.0842,0.5157,,,1,0,1,0,0,0,Léo Folim,PSD,
3505203,Bariri,SP,Sudeste,10–50 mil,23149,26.47,67.77,2.51,11292,374,420,442,34,576.0,0.0,576.0,-2.5,70.2,24.0,0.1396,0.5192,,,2,0,0,1,0,1,Airton Pegoraro,AVANTE,
1508407,Xinguara,PA,Norte,10–50 mil,35427,30.96,65.65,7.18,17605,381,368,530,15,576.0,0.0,576.0,-6.31,45.8,42.2,0.0674,0.51,,,0,0,0,0,0,0,Osvaldinho Assunção,MDB,
4308508,Frederico Westphalen,RS,Sul,10–50 mil,25048,30.2,65.15,11.08,12652,386,345,500,44,576.0,0.0,576.0,0.36,83.8,12.4,0.1357,0.5309,,,2,0,0,1,0,1,Orlando Girardi,PP,
1507300,São Félix Do Xingu,PA,Norte,10–50 mil,43015,24.57,72.29,9.21,23071,346,403,557,5,573.0,0.0,573.0,-6.18,47.3,38.3,0.0509,0.4734,,,0,0,0,0,0,0,Fabricio Batista,PODE,
4216305,São João Batista,SC,Sul,10–50 mil,23144,18.63,75.95,3.01,13834,554,153,441,40,572.0,0.0,572.0,-1.46,65.4,24.4,0.059,0.5159,,,1,0,0,1,0,0,Juliano,UNIÃO,
5210901,Itapaci,GO,Centro-Oeste,10–50 mil,15697,41.92,51.37,5.96,5854,98,1084,125,5,570.0,0.0,570.0,1.68,67.0,26.5,0.0945,0.5147,,,1,0,1,0,0,0,Dr Fabio,MDB,"Pautas locais específicas não verificadas: limite de buscas esgotado e WebFetch bloqueado por rate limit (HTTP 429) na fase de pautas. | [plano de governo 2024] Saúde: construir novo Hospital Municipal, comprar tomógrafo e raio-X digital, serviço móvel de urgência municipal, Hospital Veterinário municipal e reforma da UBS do Distrito da Fazendinha."
3551603,Serra Negra,SP,Sudeste,10–50 mil,22277,29.23,65.2,4.41,10696,346,399,460,57,570.0,0.0,570.0,-2.46,62.9,21.8,0.1755,0.5302,,,1,0,0,0,0,1,Elmir Chedid,UNIÃO,
3144607,Nepomuceno,MG,Sudeste,10–50 mil,20890,44.84,50.12,4.41,7270,265,384,568,84,568.0,0.0,568.0,2.09,79.6,16.6,0.0625,0.517,,,2,0,1,1,0,0,Elias,PSDB,
4205456,Forquilhinha,SC,Sul,10–50 mil,22444,24.79,70.07,3.11,12705,475,283,424,29,568.0,0.0,568.0,1.19,57.4,33.1,0.0536,0.511,,,1,0,1,0,0,0,Neguinho,PSD,
3533502,Novo Horizonte,SP,Sudeste,10–50 mil,28606,26.73,68.85,4.54,14302,416,341,435,39,568.0,0.0,568.0,-1.03,65.1,27.4,0.1239,0.5142,,,1,0,0,0,0,1,Fabiano Belentani,PL,
4117909,Palotina,PR,Sul,10–50 mil,24632,22.4,72.74,3.35,14434,446,284,452,38,566.0,0.0,566.0,-2.41,72.0,22.7,0.172,0.528,,,2,0,0,1,0,1,Rodrigo Ribeiro,MDB,
3123601,Elói Mendes,MG,Sudeste,10–50 mil,19976,38.23,56.35,2.58,8279,308,334,504,108,565.0,0.0,565.0,1.84,81.9,14.1,0.0746,0.527,,,2,0,1,1,0,0,Natal,SOLIDARIEDADE,
3302908,Miguel Pereira,RJ,Sudeste,10–50 mil,24781,38.87,56.87,4.01,10499,371,382,462,35,565.0,0.0,565.0,0.2,33.9,37.5,0.1099,0.5303,Douglas Ruas (PL),1.8,0,0,0,0,0,0,Pedro Paulo Quinzinho,PP,
3541505,Presidente Venceslau,SP,Sudeste,10–50 mil,26379,28.04,67.24,5.75,12868,372,391,439,39,564.0,0.0,564.0,-2.43,64.5,26.8,0.1758,0.5415,,,1,0,0,0,0,1,Bárbara Vilches,PP,
4112009,Jaguariaíva,PR,Sul,10–50 mil,25982,28.8,66.6,6.93,12904,399,406,398,21,562.0,0.0,562.0,3.63,49.5,40.4,0.0949,0.5194,,,1,0,1,0,0,0,Juca Sloboda,PL,
1502707,Conceição Do Araguaia,PA,Norte,10–50 mil,33537,39.3,57.41,6.99,13757,341,431,484,13,562.0,0.0,562.0,-0.95,55.4,34.6,0.093,0.4999,,,0,0,0,0,0,0,Elida Elena,MDB,
4119400,Piraí Do Sul,PR,Sul,10–50 mil,18800,32.17,61.68,7.15,8665,325,521,388,16,561.0,0.0,561.0,1.62,72.7,22.6,0.0833,0.5103,,,2,0,1,1,0,0,Henrique Carneiro,PL,
4114302,Mandirituba,PR,Sul,10–50 mil,19907,36.97,57.78,6.19,8758,330,461,435,18,555.0,0.0,555.0,2.08,69.5,23.8,0.0562,0.507,,,2,0,1,1,0,0,Felipe Machado,PP,
3305752,Tanguá,RJ,Sudeste,10–50 mil,26468,39.55,56.58,3.02,11510,296,444,500,26,554.0,0.0,554.0,0.84,25.9,43.4,0.0271,0.5172,Douglas Ruas (PL),-5.1,0,0,0,0,0,0,Rodrigo Medeiros,PL,
3546603,Santa Fé Do Sul,SP,Sudeste,10–50 mil,25810,27.27,67.83,5.47,12581,380,330,482,32,553.0,0.0,553.0,-1.49,53.8,30.5,0.2124,0.5352,,,1,0,0,0,0,1,Evandro Mura,REPUBLICANOS,
3550209,São Miguel Arcanjo,SP,Sudeste,10–50 mil,24440,33.33,61.96,8.88,10990,358,408,434,23,552.0,0.0,552.0,-1.2,59.6,28.8,0.0867,0.5045,,,0,0,0,0,0,0,Elias Da Ambulância,PP,
3200102,Afonso Cláudio,ES,Sudeste,10–50 mil,26254,36.02,59.54,4.17,10999,307,380,514,46,550.0,0.0,550.0,-0.24,53.4,39.2,0.0739,0.5138,Lorenzo Pazolini (REPUBLICANOS),10.6,1,0,0,0,1,0,Luciano Pimenta,PP,
3547502,Santa Rita Do Passa Quatro,SP,Sudeste,10–50 mil,19993,26.22,67.51,4.67,9696,361,384,402,53,550.0,0.0,550.0,2.16,61.4,25.7,0.185,0.5337,,,2,0,1,0,0,1,Marcelo Simao,MDB,
4321709,Três Coroas,RS,Sul,10–50 mil,17414,27.82,66.01,5.02,9276,419,315,399,46,550.0,0.0,550.0,0.93,55.0,36.9,0.0566,0.5203,,,0,0,0,0,0,0,Fabiel Port,REPUBLICANOS,
5222005,Vianópolis,GO,Centro-Oeste,10–50 mil,11287,26.09,63.16,5.33,5501,74,1101,79,5,548.0,0.0,548.0,0.38,64.2,25.5,0.0995,0.5242,,,0,0,0,0,0,0,Marcelo Rezende,MDB,
4322806,Veranópolis,RS,Sul,10–50 mil,18621,16.38,76.83,5.29,11559,343,389,424,52,548.0,0.0,548.0,2.79,85.1,10.3,0.169,0.5265,,,3,0,1,1,0,1,Cristiano Dal Pai,PP,
4318903,São Luiz Gonzaga,RS,Sul,10–50 mil,26267,42.53,53.7,10.89,10241,324,401,494,21,547.0,0.0,547.0,-0.47,62.8,26.5,0.1276,0.5289,,,1,0,0,0,0,1,Piti,MDB,"Estiagem do verão 2025: situação de emergência reconhecida pela União (Jornal do Comércio, mar/2025) (portaria de 19/03/2025) | Pautas locais específicas não verificadas (busca limitada e bloqueio de acesso às páginas por limite de requisições); apenas pautas genéricas/regionais."
4104659,Carambeí,PR,Sul,10–50 mil,17446,25.68,67.58,5.15,9238,312,452,430,29,545.0,0.0,545.0,1.55,60.0,34.2,0.092,0.5149,,,1,0,1,0,0,0,Elisangela Pedroso,PL,
4203600,Campos Novos,SC,Sul,10–50 mil,26900,27.92,67.8,8.97,13738,380,322,431,52,544.0,0.0,544.0,0.57,82.0,14.7,0.1124,0.5204,,,1,0,0,1,0,0,Dirceu Pé,MDB,
1100155,Ouro Preto Do Oeste,RO,Norte,10–50 mil,28282,25.58,70.04,4.03,14956,362,282,546,31,543.0,0.0,543.0,-8.14,42.2,37.9,0.1024,0.526,,,0,0,0,0,0,0,Alex Testoni,UNIÃO,
3541604,Promissão,SP,Sudeste,10–50 mil,26512,35.99,59.65,5.32,10868,367,365,455,18,543.0,0.0,543.0,-0.52,49.0,40.8,0.1326,0.5252,,,1,0,0,0,0,1,Hamilton Foz,PP,
3512407,Cordeirópolis,SP,Sudeste,10–50 mil,19567,29.0,65.17,5.98,9796,411,246,491,37,542.0,0.0,542.0,-1.46,63.7,27.1,0.1458,0.5148,,,1,0,0,0,0,1,Cristina Saad,UNIÃO,
3204708,São Gabriel Da Palha,ES,Sudeste,10–50 mil,26249,39.49,56.69,4.27,11256,345,248,596,41,541.0,0.0,541.0,-2.01,65.1,28.0,0.0935,0.5291,Lorenzo Pazolini (REPUBLICANOS),4.5,0,0,0,0,0,0,Tiago Rocha,PL,
4310603,Itaqui,RS,Sul,10–50 mil,26152,41.01,55.04,7.68,9938,346,407,393,39,540.0,0.0,540.0,-0.06,49.5,30.7,0.0949,0.5218,,,0,0,0,0,0,0,Leonardo Betin,PL,
3147402,Paraopeba,MG,Sudeste,10–50 mil,19694,42.58,52.66,5.59,7978,226,348,554,105,537.0,0.0,537.0,-0.33,73.7,20.1,0.0866,0.5215,,,1,0,0,1,0,0,Aroldinho,PL,
3147303,Paraisópolis,MG,Sudeste,10–50 mil,16472,38.91,54.88,3.47,6542,309,286,462,119,537.0,0.0,537.0,1.22,83.8,8.8,0.0571,0.5116,,,2,0,1,1,0,0,Everton De Assis,REPUBLICANOS,
4216503,São Joaquim,SC,Sul,10–50 mil,19522,29.49,64.41,12.17,9202,302,426,454,28,536.0,0.0,536.0,2.25,85.0,11.1,0.0648,0.5106,,,2,0,1,1,0,0,Dorinho,PL,
3547601,Santa Rosa De Viterbo,SP,Sudeste,10–50 mil,18030,39.62,54.61,5.17,7067,320,352,508,31,535.0,0.0,535.0,-3.92,61.3,25.8,0.1317,0.5214,,,1,0,0,0,0,1,Omar Nagib,PSD,
4309407,Guaporé,RS,Sul,10–50 mil,18948,18.57,75.18,6.52,11578,374,390,361,32,534.0,0.0,534.0,1.68,82.4,11.6,0.1206,0.5277,,,3,0,1,1,0,1,Rossetto,PODE,
3520103,Igarapava,SP,Sudeste,10–50 mil,19718,43.95,51.3,7.44,7253,325,380,426,49,533.0,0.0,533.0,-3.84,61.3,19.8,0.1232,0.5229,,,1,0,0,0,0,1,Dr José Humberto,REPUBLICANOS,"População em queda contínua (Wikipedia) | Saúde: Santa Casa de Misericórdia de Igarapava (filantrópica, referência SUS regional) com dificuldades históricas de investimento; prefeitura abriu Chamamento Público nº 2/2026 para credenciar 20 especialidades médicas (R$ 4,1 milhões) — agenda da prefeitura"
4319505,São Sebastião Do Caí,RS,Sul,10–50 mil,17536,31.7,62.2,6.24,8474,298,453,413,31,533.0,0.0,533.0,3.58,70.1,21.0,0.0882,0.5268,,,2,0,1,1,0,0,Guará,PSDB,
3501152,Alumínio,SP,Sudeste,10–50 mil,14040,43.23,50.26,5.39,5333,386,262,507,26,532.0,0.0,532.0,-0.5,59.3,30.3,0.1062,0.5058,,,0,0,0,0,0,0,Dra Ana Paula,PP,
3510807,Casa Branca,SP,Sudeste,10–50 mil,19558,30.65,63.4,2.76,8681,386,298,428,43,531.0,0.0,531.0,-1.4,62.1,27.3,0.1628,0.5241,,,1,0,0,0,0,1,Duzão,PSD,
4212809,Balneário Piçarras,SC,Sul,10–50 mil,23277,24.52,70.26,2.69,12090,401,202,501,49,527.0,0.0,527.0,2.11,52.5,29.2,0.1829,0.524,,,2,0,1,0,0,1,Tiago Baltt,MDB,
3303856,Paty Do Alferes,RJ,Sudeste,10–50 mil,24302,33.19,62.36,5.02,11511,291,411,460,31,526.0,0.0,526.0,-0.09,28.6,48.0,0.0485,0.5253,Douglas Ruas (PL),-3.4,0,0,0,0,0,0,Dr Julinho Juju,PL,
1100189,Pimenta Bueno,RO,Norte,10–50 mil,27485,23.06,72.53,2.74,15080,334,350,465,25,524.0,0.0,524.0,-0.79,44.1,41.3,0.111,0.5099,,,0,0,0,0,0,0,Prof . Marcilene,PODE,
4202453,Bombinhas,SC,Sul,10–50 mil,19110,25.93,68.37,2.82,9935,444,123,416,106,524.0,0.0,524.0,1.22,48.7,28.3,0.142,0.5211,,,2,0,1,0,0,1,Alexandre,PSD,
1200500,Sena Madureira,AC,Norte,10–50 mil,30864,25.8,70.38,4.66,16640,348,284,542,15,524.0,0.0,524.0,-5.81,52.9,36.9,0.0583,0.4963,Mailza Assis (PP),27.3,1,0,0,0,1,0,Gerlen Diniz,PP,
4208450,Itapoá,SC,Sul,10–50 mil,21623,27.92,66.7,2.47,10514,368,278,443,52,522.0,0.0,522.0,2.54,58.1,26.6,0.1474,0.523,,,2,0,1,0,0,1,Jefinho Garcia,MDB,
5106752,Pontes E Lacerda,MT,Centro-Oeste,10–50 mil,34620,19.19,77.06,6.29,19351,383,295,440,24,521.0,0.0,521.0,-1.89,46.4,36.3,0.0911,0.5164,,,0,0,0,0,0,0,Jakson Bassi,PL,
3510005,Cândido Mota,SP,Sudeste,10–50 mil,22894,27.21,67.94,4.2,11608,408,293,385,30,520.0,0.0,520.0,-3.33,64.8,28.4,0.1312,0.5174,,,1,0,0,0,0,1,Eraldo Enfermeiro,PSD,
4219705,Xaxim,SC,Sul,10–50 mil,22987,28.53,66.99,6.19,12369,361,345,420,17,518.0,0.0,518.0,0.88,73.4,22.4,0.1171,0.5237,,,1,0,0,1,0,0,Chico Folle,MDB,
3111002,Campestre,MG,Sudeste,10–50 mil,16477,35.09,58.87,4.47,7199,289,329,382,119,516.0,0.0,516.0,-0.42,73.0,23.5,0.0647,0.4964,,,1,0,0,1,0,0,Eliana Muniz Irmâ Do Zetinho,UNIÃO,
4212908,Pinhalzinho,SC,Sul,10–50 mil,15631,32.38,61.44,6.08,7827,343,294,467,38,514.0,0.0,514.0,1.79,78.7,14.9,0.1671,0.5237,,,3,0,1,1,0,1,Beltrame,PP,
3204609,Santa Teresa,ES,Sudeste,10–50 mil,20737,31.63,62.87,3.74,9197,312,335,466,40,514.0,0.0,514.0,3.0,69.8,21.2,0.122,0.5053,Lorenzo Pazolini (REPUBLICANOS),8.8,3,0,1,1,0,1,Kleber Medici,PSDB,
3553302,Tambaú,SP,Sudeste,10–50 mil,15898,39.94,54.05,4.23,6296,315,398,399,30,514.0,0.0,514.0,1.55,65.1,20.7,0.1352,0.5219,,,3,0,1,1,0,1,Leonardo Spiga Real,REPUBLICANOS,
3545001,Salesópolis,SP,Sudeste,10–50 mil,14725,35.71,57.69,6.54,6471,340,368,388,31,513.0,0.0,513.0,-3.22,72.5,16.0,0.1058,0.4983,,,1,0,0,1,0,0,Rodolfo Marcondes,PODE,
5215009,Nova Veneza,GO,Centro-Oeste,<10 mil,8553,39.65,50.14,-0.64,3206,75,925,72,5,470.0,41.0,511.0,1.21,74.6,20.2,0.0891,0.5072,,,3,1,1,1,0,0,Costa,UNIÃO,
4321907,Três Passos,RS,Sul,10–50 mil,18437,38.77,56.48,8.58,8260,374,318,401,23,511.0,0.0,511.0,2.52,49.3,44.2,0.1233,0.5266,,,2,0,1,0,0,1,Arlei Tomazoni,PL,
3518206,Guararapes,SP,Sudeste,10–50 mil,23595,29.39,65.86,4.25,11131,354,355,379,28,511.0,0.0,511.0,5.02,52.9,32.9,0.1498,0.525,,,2,0,1,0,0,1,Alex Arruda,MDB,
4203956,Capivari De Baixo,SC,Sul,10–50 mil,18207,30.7,63.88,4.6,9234,407,204,471,26,508.0,0.0,508.0,-0.59,65.5,26.4,0.0843,0.5396,,,0,0,0,0,0,0,Claudir Bitencourt,PL,
5209952,Indiara,GO,Centro-Oeste,10–50 mil,12731,40.49,52.26,6.76,4977,148,858,140,3,507.0,0.0,507.0,-0.7,52.5,34.5,0.0777,0.5095,,,0,0,0,0,0,0,Dr Conin,PL,"[plano de governo 2024] Saúde: diagnóstico de que a população recorre a cidades vizinhas para exames e especialistas; zerar em 1 ano a fila de cirurgias eletivas, tornar o hospital referência regional em obstetrícia, contratar exames de imagem (há 1 aparelho de ultrassom) e farmácia básica até as 22h. | [plano de governo 2024] Educação: creche em tempo integral no Setor Martins e fundação de ensino superior; plano cita alunos estudando em outros municípios."
4319000,São Marcos,RS,Sul,10–50 mil,16687,18.33,74.75,6.78,10092,301,361,419,46,506.0,0.0,506.0,2.58,83.1,12.3,0.1129,0.5238,,,2,0,1,1,0,0,Volmir Rech,PP,
3149903,Perdões,MG,Sudeste,10–50 mil,17292,40.26,54.33,5.13,6915,259,270,525,80,498.0,0.0,498.0,0.82,70.4,25.5,0.0916,0.5211,,,1,0,0,1,0,0,Guilherme Da Cultura,UNIÃO,
4213500,Porto Belo,SC,Sul,10–50 mil,20041,21.69,72.75,4.53,10933,469,121,420,37,498.0,0.0,498.0,-0.24,55.5,25.1,0.144,0.532,,,1,0,0,0,0,1,Joel,MDB,
3171006,Vazante,MG,Sudeste,10–50 mil,16950,44.69,50.28,9.37,6165,267,462,334,39,496.0,0.0,496.0,0.39,76.7,18.5,0.0563,0.51,,,1,0,0,1,0,0,Gabriel Rosa,PSD,"Saúde: obras de novas UBSs em andamento (portal da prefeitura, set/2026) | Habitação: inscrições para moradias populares (out/2026)"
3546702,Santa Gertrudes,SP,Sudeste,10–50 mil,19153,29.72,65.07,4.58,9526,417,229,380,28,495.0,0.0,495.0,0.73,54.8,34.9,0.0708,0.5019,,,0,0,0,0,0,0,Gino Da Farmacia,PL,
3162005,São Gonçalo Do Sapucaí,MG,Sudeste,10–50 mil,19134,44.68,50.72,4.69,6699,239,279,413,152,495.0,0.0,495.0,2.12,78.9,17.1,0.0702,0.5118,,,2,0,1,1,0,0,Eloi Radin,UNIÃO,
4316006,Rolante,RS,Sul,10–50 mil,16313,28.95,65.09,8.78,8678,277,388,413,30,491.0,0.0,491.0,0.71,67.7,29.3,0.0503,0.5189,,,0,0,0,0,0,0,Alceu,PRD,
4321808,Três De Maio,RS,Sul,10–50 mil,18415,26.68,67.95,8.35,10293,280,372,384,54,491.0,0.0,491.0,1.49,66.6,30.7,0.1581,0.5252,,,2,0,1,0,0,1,Marcos Corso,PP,
4204251,Cocal Do Sul,SC,Sul,10–50 mil,14810,21.37,71.35,4.0,8114,405,247,355,33,490.0,0.0,490.0,0.57,74.3,19.9,0.1063,0.5155,,,1,0,0,1,0,0,Ademir Magagnin,PP,
4219002,Urussanga,SC,Sul,10–50 mil,17330,20.18,72.9,3.88,9183,316,334,390,40,490.0,0.0,490.0,0.78,79.8,15.2,0.1076,0.5252,,,1,0,0,1,0,0,Stela Talamini,MDB,
4216909,São Lourenço Do Oeste,SC,Sul,10–50 mil,19026,30.75,64.23,7.32,9554,377,302,364,16,489.0,0.0,489.0,-0.27,80.6,14.5,0.1202,0.5143,,,2,0,0,1,0,1,Agustinho Assis Menegatti,PP,
4126603,Siqueira Campos,PR,Sul,10–50 mil,16432,39.64,54.75,9.82,6602,296,324,469,21,489.0,0.0,489.0,0.9,75.9,17.0,0.0876,0.5197,,,1,0,0,1,0,0,Germano,PSD,"Rodovia PR-092 pedagiada: dois aumentos de tarifa, mas motoristas denunciam buracos e falta de melhorias perto de Siqueira Campos (Jornal JCN, 08/10/2026, manchete); reajuste de pedágio da EPR em set/2026 | Saúde: R$ 3,3 mi do Estado (mar/2026) para clínica de fisioterapia (R$ 1,3 mi), ampliação da UBS Alemoa e veículos de transporte de pacientes (ônibus, micro-ônibus, van, utilitários)"
5221700,Uruana,GO,Centro-Oeste,10–50 mil,10812,39.15,52.54,0.58,4380,43,1005,79,6,488.0,0.0,488.0,-0.33,54.7,40.4,0.1056,0.5194,,,0,0,0,0,0,0,Nei Canela,PP,
3539202,Pirapozinho,SP,Sudeste,10–50 mil,19385,36.14,58.98,5.08,8574,330,307,433,18,488.0,0.0,488.0,-3.15,62.4,31.0,0.1427,0.5261,,,1,0,0,0,0,1,Lucas Padovan Santos Pavani,PSD,
3537909,Pilar Do Sul,SP,Sudeste,10–50 mil,22434,29.8,65.33,7.54,10501,305,331,416,36,488.0,0.0,488.0,0.32,55.6,31.1,0.1164,0.506,,,0,0,0,0,0,0,Clayton Machado,REPUBLICANOS,
3200805,Baixo Guandu,ES,Sudeste,10–50 mil,24892,39.51,56.9,5.18,10475,368,192,450,47,485.0,0.0,485.0,0.53,47.2,40.9,0.0766,0.5266,Lorenzo Pazolini (REPUBLICANOS),18.3,1,0,0,0,1,0,Lastenio Cardoso,MDB,
4206900,Ibirama,SC,Sul,10–50 mil,15466,19.76,73.07,4.04,8560,397,211,363,51,483.0,0.0,483.0,-0.37,64.7,30.1,0.0983,0.5134,,,0,0,0,0,0,0,Duílio,PSD,
4114104,Mandaguaçu,PR,Sul,10–50 mil,19903,33.87,61.17,5.85,8997,311,331,428,12,482.0,0.0,482.0,-0.33,58.5,32.3,0.0998,0.5225,,,0,0,0,0,0,0,Beto Dentista,PSD,
3111606,Campos Gerais,MG,Sudeste,10–50 mil,20481,42.46,53.21,3.34,7710,275,200,475,116,482.0,0.0,482.0,0.6,81.5,14.5,0.0741,0.5097,,,1,0,0,1,0,0,Miro Falcão,PSDB,
4321303,Taquari,RS,Sul,10–50 mil,19310,38.2,57.18,7.81,8542,296,283,495,23,481.0,0.0,481.0,2.65,61.4,29.0,0.1021,0.5287,,,1,0,1,0,0,0,André Brito,PDT,
3553401,Tanabi,SP,Sudeste,10–50 mil,19937,31.55,63.37,2.74,9496,294,304,468,23,480.0,0.0,480.0,-1.12,63.9,26.9,0.1411,0.5163,,,1,0,0,0,0,1,Xandão,PSB,
5212808,Mara Rosa,GO,Centro-Oeste,<10 mil,9165,41.52,48.79,0.28,3267,52,998,53,2,480.0,0.0,480.0,2.26,65.4,27.7,0.1006,0.5174,,,1,0,1,0,0,0,Flavio Moura,UNIÃO,
3168002,Taiobeiras,MG,Sudeste,10–50 mil,27594,38.61,58.02,5.26,11580,270,162,523,117,480.0,0.0,480.0,-0.82,76.9,17.5,0.0639,0.5283,,,1,0,0,1,0,0,Denerval,PSDB,
5102637,Campo Novo Do Parecis,MT,Centro-Oeste,10–50 mil,31126,25.05,71.46,7.22,16547,357,247,407,33,479.0,0.0,479.0,-2.01,56.1,29.9,0.1392,0.4912,,,1,0,0,0,0,1,Piaia,PL,
3520442,Ilha Solteira,SP,Sudeste,10–50 mil,20245,41.02,54.2,4.49,7282,333,266,413,36,476.0,0.0,476.0,0.27,48.2,32.5,0.2044,0.5275,,,1,0,0,0,0,1,Rodrigo Kokim,PL,
3526407,Laranjal Paulista,SP,Sudeste,10–50 mil,20780,22.63,71.95,5.82,10912,347,284,386,24,476.0,0.0,476.0,-1.47,69.2,20.6,0.1211,0.5186,,,2,0,0,1,0,1,Valdecir,REPUBLICANOS,
4116901,Nova Esperança,PR,Sul,10–50 mil,19494,32.49,62.6,4.38,9358,278,362,402,25,474.0,0.0,474.0,-3.61,64.0,30.4,0.1278,0.5328,,,1,0,0,0,0,1,Eduardo Pasquini,PL,
5105150,Juína,MT,Centro-Oeste,10–50 mil,34218,25.31,71.38,5.78,17325,322,281,419,29,474.0,0.0,474.0,-1.46,58.8,28.0,0.0917,0.5096,,,0,0,0,0,0,0,Paulo Veronese,UNIÃO,
5204409,Caiapônia,GO,Centro-Oeste,10–50 mil,13208,35.63,57.19,4.87,5595,105,839,132,8,473.0,0.0,473.0,-2.06,53.1,33.1,0.0959,0.5159,,,0,0,0,0,0,0,Argemiro Rodrigues,UNIÃO,
3114303,Carmo Do Paranaíba,MG,Sudeste,10–50 mil,22245,29.8,65.68,6.54,10621,244,392,292,97,472.0,0.0,472.0,-2.91,79.7,15.2,0.0846,0.5187,,,1,0,0,1,0,0,Lucas Mendes,PODE,
3507803,Brodowski,SP,Sudeste,10–50 mil,17196,26.87,67.4,5.72,9098,321,287,376,46,471.0,0.0,471.0,-4.79,62.9,22.6,0.147,0.5265,,,1,0,0,0,0,1,Fábio Severi,PODE,
4106803,Cruz Machado,PR,Sul,10–50 mil,13735,33.5,59.68,9.65,6358,198,524,335,21,471.0,0.0,471.0,0.89,84.8,12.1,0.0483,0.4855,,,1,0,0,1,0,0,Carlão,UNIÃO,
4112108,Jandaia Do Sul,PR,Sul,10–50 mil,16534,25.62,68.18,5.54,8694,287,372,354,29,470.0,0.0,470.0,2.75,76.6,19.4,0.1817,0.5321,,,3,0,1,1,0,1,Ditão Pupio,MDB,
4320800,Soledade,RS,Sul,10–50 mil,21730,38.85,57.38,13.48,9715,316,315,370,29,468.0,0.0,468.0,2.89,74.2,17.5,0.1256,0.5241,,,3,0,1,1,0,1,Paulo Cattaneo,MDB,"Setor de pedras preciosas/gemas (título de Capital Nacional das Pedras Preciosas aprovado pelo Congresso em 2025, Lei 15.217/2025) | Obras de acesso ao aeródromo municipal (verba ampliada em ago/2026)"
4206306,Guabiruba,SC,Sul,10–50 mil,17162,18.12,75.98,3.11,10921,370,202,397,38,467.0,0.0,467.0,1.31,76.3,19.5,0.0981,0.5107,,,2,0,1,1,0,0,Zirke,PP,
4208500,Ituporanga,SC,Sul,10–50 mil,19872,16.12,78.6,5.54,12866,342,288,358,26,466.0,0.0,466.0,-0.4,78.1,19.6,0.1162,0.5197,,,1,0,0,1,0,0,Geison Kurtz,PP,
5221197,Terezópolis De Goiás,GO,Centro-Oeste,<10 mil,6829,41.08,48.69,-1.23,2576,65,796,52,1,400.0,65.0,465.0,1.52,49.9,32.6,0.0597,0.5182,,,2,1,1,0,0,0,Fhelipe Do Bill,PP,
5204854,Campo Limpo De Goiás,GO,Centro-Oeste,<10 mil,6772,30.81,56.67,-1.12,2930,40,852,35,5,405.0,58.0,463.0,-0.02,59.5,36.7,0.0506,0.5128,,,1,1,0,0,0,0,Graciele Da Arte Trigo,UNIÃO,
5215504,Ouvidor,GO,Centro-Oeste,10–50 mil,10501,43.02,49.26,8.79,3828,122,782,134,8,460.0,0.0,460.0,2.44,60.9,25.6,0.1097,0.4993,,,1,0,1,0,0,0,Cebinha,PODE,"Conflitos da mineração (CMOC e Mosaic) na região Catalão–Ouvidor: impactos ambientais (secagem de nascentes, barragens de rejeito, poeira e queixas respiratórias) e pressão sobre camponeses por terras (protesto de 2023 na GO-504, que cita Ouvidor) | Cobrança de tributos e CFEM das mineradoras pelos municípios (na região de Catalão, dívidas de ISS e CFEM foram denunciadas em 2018 e 2023)"
3202306,Guaçuí,ES,Sudeste,10–50 mil,22346,40.59,55.52,1.78,8905,288,253,438,49,460.0,0.0,460.0,0.17,48.3,36.2,0.1012,0.5352,Lorenzo Pazolini (REPUBLICANOS),15.9,1,0,0,0,1,0,Vagner Rodrigues,PP,
4109708,Ibaiti,PR,Sul,10–50 mil,21627,34.36,61.28,7.21,9639,288,302,418,23,459.0,0.0,459.0,0.93,60.9,31.7,0.1075,0.5189,,,0,0,0,0,0,0,Betão,PP,
3531902,Morro Agudo,SP,Sudeste,10–50 mil,20181,37.76,57.87,6.57,8632,289,288,422,30,459.0,0.0,459.0,-2.2,60.6,31.0,0.1062,0.5158,,,0,0,0,0,0,0,Chicão Valadares,CIDADANIA,
4203907,Capinzal,SC,Sul,10–50 mil,17174,31.13,63.85,7.05,8630,357,225,352,45,458.0,0.0,458.0,0.87,76.5,17.6,0.1153,0.5108,,,1,0,0,1,0,0,Aguinaldo Paggi,PSD,
3502754,Araçariguama,SP,Sudeste,10–50 mil,17829,38.41,56.53,6.03,7114,343,215,420,27,457.0,0.0,457.0,1.91,45.7,36.1,0.0926,0.5072,,,1,0,1,0,0,0,Rodrigo Andrade,REPUBLICANOS,
5200134,Acreúna,GO,Centro-Oeste,10–50 mil,15970,33.94,60.37,10.33,7342,100,835,95,9,457.0,0.0,457.0,-0.88,55.0,33.8,0.0811,0.5102,,,0,0,0,0,0,0,Claudiomar Portugal,PP,Não foram encontradas pautas locais específicas
3114402,Carmo Do Rio Claro,MG,Sudeste,10–50 mil,15908,37.3,56.93,5.56,6702,195,252,543,79,457.0,0.0,457.0,0.79,82.8,13.4,0.0833,0.5071,,,1,0,0,1,0,0,Filipe Carielo,PSD,
1100098,Espigão Do Oeste,RO,Norte,10–50 mil,23348,20.79,74.6,4.04,13446,241,383,369,35,456.0,0.0,456.0,-2.54,34.7,49.1,0.0753,0.509,,,0,0,0,0,0,0,Professor Weliton,PL,
4217501,Seara,SC,Sul,10–50 mil,13942,36.62,57.47,8.01,6368,277,326,379,34,456.0,0.0,456.0,-0.84,74.3,21.9,0.1138,0.5013,,,1,0,0,1,0,0,Beto Gonçalves,PP,
3114501,Carmópolis De Minas,MG,Sudeste,10–50 mil,13900,43.06,51.82,7.94,5807,225,271,380,124,455.0,0.0,455.0,-2.86,81.6,14.4,0.0953,0.5065,,,1,0,0,1,0,0,Celinho Da Saúde,UNIÃO,"Só genéricos encontrados (agenda da prefeitura, vista só em resultado de busca): trator por emenda parlamentar (ago/2025), vacinação animal, Festa do Rodeio 2026."
4306809,Encantado,RS,Sul,10–50 mil,16617,25.79,68.51,6.48,9244,261,331,390,38,454.0,0.0,454.0,-3.62,78.6,17.6,0.1277,0.5274,,,2,0,0,1,0,1,Jonas Calvi,PSDB,
5203559,Bonfinópolis,GO,Centro-Oeste,<10 mil,7873,40.64,49.18,4.65,2993,75,891,74,2,454.0,0.0,454.0,1.64,49.9,37.0,0.0745,0.5218,,,1,0,1,0,0,0,Lucas  Do Galdino,MDB,
3504602,Bady Bassitt,SP,Sudeste,10–50 mil,16956,28.31,65.88,2.15,8284,338,232,401,25,454.0,0.0,454.0,1.92,53.5,30.8,0.1114,0.5329,,,1,0,1,0,0,0,Meiri Catelani,PODE,
3502200,Angatuba,SP,Sudeste,10–50 mil,17865,39.89,55.17,5.45,6951,287,302,412,19,454.0,0.0,454.0,-0.27,68.6,24.2,0.1003,0.5099,,,1,0,0,1,0,0,Nicolas,REPUBLICANOS,
3534609,Osvaldo Cruz,SP,Sudeste,10–50 mil,22809,24.81,70.44,5.97,11605,280,314,388,30,453.0,0.0,453.0,-2.31,66.2,25.5,0.1868,0.535,,,2,0,0,1,0,1,Vera Morena,PP,
1508084,Tucumã,PA,Norte,10–50 mil,28014,26.16,70.1,8.49,14240,282,299,427,10,449.0,0.0,449.0,-3.22,46.6,41.8,0.0573,0.4973,,,0,0,0,0,0,0,Dr Celso,UNIÃO,
4313060,Nova Hartz,RS,Sul,10–50 mil,14667,34.84,59.52,5.2,7069,290,233,467,25,448.0,0.0,448.0,1.28,54.7,38.1,0.0427,0.5218,,,1,0,1,0,0,0,Neri,PP,
4311304,Lagoa Vermelha,RS,Sul,10–50 mil,19900,33.49,62.12,9.98,9550,280,315,368,32,448.0,0.0,448.0,1.76,75.5,19.7,0.14,0.5252,,,3,0,1,1,0,1,Eloir Morona,PP,
3521408,Iracemápolis,SP,Sudeste,10–50 mil,17617,28.35,66.53,2.7,9319,322,264,357,31,447.0,0.0,447.0,-1.05,61.6,28.3,0.1291,0.5076,,,1,0,0,0,0,1,Nelita Michel,PL,
4108809,Guaíra,PR,Sul,10–50 mil,23809,28.76,67.35,3.55,12008,376,248,300,21,447.0,0.0,447.0,1.3,50.0,37.4,0.1415,0.5421,,,2,0,1,0,0,1,Gile,PSD,
3304110,Porto Real,RJ,Sudeste,10–50 mil,17925,38.29,57.23,5.1,8172,294,273,409,24,447.0,0.0,447.0,-1.73,49.8,38.6,0.088,0.5257,Douglas Ruas (PL),1.2,0,0,0,0,0,0,Alexandre Serfiotis,MDB,
4211702,Orleans,SC,Sul,10–50 mil,19333,16.4,78.39,5.58,12012,359,275,260,40,446.0,0.0,446.0,0.04,83.6,13.5,0.1067,0.5183,,,1,0,0,1,0,0,Fernando Cruzetta,PP,
5205802,Corumbá De Goiás,GO,Centro-Oeste,<10 mil,7930,38.55,51.33,-0.52,3006,62,812,85,2,416.0,30.0,446.0,-0.1,75.8,18.8,0.086,0.4977,,,2,1,0,1,0,0,Chico Vaca,PL,
1100809,Candeias Do Jamari,RO,Norte,10–50 mil,20465,34.32,61.27,5.59,9310,288,298,396,16,445.0,0.0,445.0,-3.31,34.2,45.9,0.0476,0.4908,,,0,0,0,0,0,0,Lindomar Garçon,REPUBLICANOS,
3134905,Jacutinga,MG,Sudeste,10–50 mil,19258,24.03,70.83,4.55,10033,294,221,328,102,444.0,0.0,444.0,0.06,60.6,33.5,0.0554,0.5167,,,0,0,0,0,0,0,Guina,PSD,
3100203,Abaeté,MG,Sudeste,10–50 mil,17445,39.23,56.25,8.36,7518,210,279,376,116,443.0,0.0,443.0,-5.11,73.0,16.5,0.1143,0.5227,,,1,0,0,1,0,0,Ivanir,MDB,
4120903,Quedas Do Iguaçu,PR,Sul,10–50 mil,23209,37.46,59.19,3.48,10344,398,233,285,12,443.0,0.0,443.0,-2.5,82.0,14.0,0.0818,0.5163,,,1,0,0,1,0,0,Rafael Moura,MDB,
4313706,Palmeira Das Missões,RS,Sul,10–50 mil,24062,39.79,57.02,10.12,10744,286,292,380,26,442.0,0.0,442.0,1.38,60.1,32.4,0.1254,0.5347,,,2,0,1,0,0,1,Evandro Massing,PT,"Curso de Medicina no campus da UFSM, citado como 'prioridade' da gestão Massing (jan/2025) | Fortes chuvas: emergência reconhecida pela Defesa Civil Nacional em 28/07/2026"
1705508,Colinas Do Tocantins,TO,Norte,10–50 mil,25353,37.1,59.57,5.99,11628,251,348,403,6,441.0,0.0,441.0,0.27,55.5,33.7,0.1154,0.5301,Professora Dorinha (UNIÃO),7.9,0,0,0,0,0,0,Dr Ksarin Ksarin Ksarin,UNIÃO,
4125100,São João Do Triunfo,PR,Sul,10–50 mil,11623,42.28,51.6,17.84,4653,342,332,263,4,440.0,0.0,440.0,2.09,80.3,15.5,0.0474,0.4758,,,2,0,1,1,0,0,Mario Cezar,PT,"Saúde: Estado liberou R$ 2,55 milhões para a saúde de Antônio Olinto e São João do Triunfo (AEN/Governo do PR) | Demais pautas locais não verificadas; esperáveis em município fumicultor: estradas rurais e renda do fumo (não confirmado)"
3509403,Cajuru,SP,Sudeste,10–50 mil,18240,42.31,53.45,6.62,7179,292,293,347,34,440.0,0.0,440.0,-3.29,66.0,26.4,0.1115,0.5173,,,0,0,0,0,0,0,Alex Moretini,MDB,
4320909,Tapejara,RS,Sul,10–50 mil,17490,19.31,75.12,6.13,10789,270,266,412,37,439.0,0.0,439.0,0.35,77.0,15.7,0.1321,0.5366,,,2,0,0,1,0,1,Evanir Wolff Big,PP,
3205069,Venda Nova Do Imigrante,ES,Sudeste,10–50 mil,20198,22.52,72.23,3.96,10649,283,229,399,57,438.0,0.0,438.0,0.24,73.5,21.4,0.1216,0.5197,Lorenzo Pazolini (REPUBLICANOS),3.8,2,0,0,1,0,1,Dalton Perim,REPUBLICANOS,
3160405,Santo Antônio Do Monte,MG,Sudeste,10–50 mil,21033,24.49,70.95,3.72,11398,206,252,358,140,438.0,0.0,438.0,-0.01,83.8,13.3,0.0663,0.5257,,,1,0,0,1,0,0,Leo Camilo,PSD,
3101904,Alpinópolis,MG,Sudeste,10–50 mil,16047,40.46,54.47,6.45,6537,225,202,506,72,437.0,0.0,437.0,0.43,85.5,11.8,0.0544,0.5009,,,1,0,0,1,0,0,Rafael Freire,PSB,
5204706,Campinorte,GO,Centro-Oeste,<10 mil,9168,30.87,59.0,1.64,4071,71,837,90,7,437.0,0.0,437.0,-2.06,65.5,30.9,0.0714,0.513,,,0,0,0,0,0,0,Cleomar Contador,UNIÃO,
1502939,Dom Eliseu,PA,Norte,10–50 mil,30137,44.8,52.95,10.08,12367,397,134,396,8,435.0,0.0,435.0,-4.69,48.7,32.3,0.0524,0.5097,,,0,0,0,0,0,0,Silon,UNIÃO,"Agronegócio/soja: expansão da fronteira agrícola, eventos do setor (Colheita da Soja 2026, Fenetec 2026) e crédito rural (Pronaf p/ pecuária via Emater) | Segurança viária nas rodovias BR-222/BR-010: acidente com 6 mortos na BR-222 entre Rondon do Pará e Dom Eliseu (ago/2025)"
5201702,Aragarças,GO,Centro-Oeste,10–50 mil,13908,38.92,55.3,4.32,5724,200,582,177,6,434.0,0.0,434.0,-0.24,44.2,38.0,0.1195,0.5306,,,1,0,0,0,0,1,Delegado Ricardo Galvão,UNIÃO,
5007695,São Gabriel Do Oeste,MS,Centro-Oeste,10–50 mil,23080,25.86,69.89,6.63,11840,319,233,379,18,431.0,0.0,431.0,0.95,63.5,26.8,0.1099,0.5225,,,0,0,0,0,0,0,Leocir  Montagna,PSD,
5003306,Coxim,MS,Centro-Oeste,10–50 mil,26464,40.05,56.78,7.82,10656,261,293,398,21,431.0,0.0,431.0,0.3,60.4,29.5,0.115,0.514,,,0,0,0,0,0,0,Edilson Magro,PP,
3153400,Presidente Olegário,MG,Sudeste,10–50 mil,16281,41.11,53.89,9.24,6239,230,324,360,51,430.0,0.0,430.0,-1.59,71.4,10.9,0.0505,0.4918,,,1,0,0,1,0,0,Rhenys Cambraia,REPUBLICANOS,"Agenda da prefeitura: saúde materno-infantil (Café das Gestantes, ago/2026) e rede de cuidado/proteção social (comitê de gestão colegiada lançado em ago/2026) | Agenda da prefeitura: educação/alfabetização (CNCA, 99,9% de lançamentos no ciclo II, ago/2026)"
5220009,São João D'Aliança,GO,Centro-Oeste,<10 mil,7763,43.61,46.69,3.18,2736,43,850,104,6,430.0,0.0,430.0,-0.59,57.8,30.8,0.0767,0.5071,,,0,0,0,0,0,0,Genivam,PRD,
5207808,Firminópolis,GO,Centro-Oeste,<10 mil,8767,27.96,61.62,0.21,4235,55,872,55,4,429.0,0.0,429.0,-1.42,65.7,30.9,0.0923,0.5337,,,0,0,0,0,0,0,Jose Airton,UNIÃO,
3133105,Itanhandu,MG,Sudeste,10–50 mil,12883,41.66,52.27,5.42,4961,249,239,430,51,429.0,0.0,429.0,2.22,78.2,16.3,0.0913,0.5284,,,2,0,1,1,0,0,Paulinho,PODE,
3104908,Baependi,MG,Sudeste,10–50 mil,15621,35.77,58.84,1.28,6905,248,251,413,53,429.0,0.0,429.0,-0.23,63.4,30.2,0.0695,0.5119,,,0,0,0,0,0,0,Marcelo Do Engenho,REPUBLICANOS,
3509254,Cajati,SP,Sudeste,10–50 mil,22016,29.09,66.61,4.18,10715,301,235,374,34,429.0,0.0,429.0,-5.2,19.9,53.3,0.0783,0.4998,,,0,0,0,0,0,0,Luiz Koga,PL,
4310009,Ibirubá,RS,Sul,10–50 mil,16439,23.35,71.13,10.82,9582,263,313,342,33,428.0,0.0,428.0,0.87,56.1,36.2,0.1429,0.5282,,,1,0,0,0,0,1,Jaqueline Winsch,PL,
5005400,Maracaju,MS,Centro-Oeste,10–50 mil,29813,24.86,71.86,9.69,16185,319,162,448,22,427.0,0.0,427.0,1.54,54.4,26.7,0.0883,0.5201,,,1,0,1,0,0,0,Marcos Calderan,PSDB,
4208401,Itapiranga,SC,Sul,10–50 mil,12187,22.15,70.28,7.14,6821,295,306,307,23,427.0,0.0,427.0,1.17,87.2,8.6,0.1367,0.5011,,,3,0,1,1,0,1,Alexandre Ribas,PL,
3532405,Nazaré Paulista,SP,Sudeste,10–50 mil,14473,32.28,61.32,6.88,6534,224,364,379,11,426.0,0.0,426.0,-2.51,58.3,26.3,0.0973,0.4979,,,0,0,0,0,0,0,Professora Guinha,UNIÃO,
3132206,Itaguara,MG,Sudeste,10–50 mil,10982,42.2,50.79,6.19,4135,155,259,449,113,425.0,0.0,425.0,0.64,76.3,17.2,0.0799,0.503,,,1,0,0,1,0,0,Luan,PL,
3144102,Muzambinho,MG,Sudeste,10–50 mil,17966,41.55,54.26,5.01,7138,252,262,336,76,424.0,0.0,424.0,0.68,75.8,15.4,0.1086,0.5137,,,1,0,0,1,0,0,Paulinho Magalhães,PP,
5217203,Piranhas,GO,Centro-Oeste,<10 mil,9094,35.44,55.48,5.84,3853,56,857,57,2,423.0,0.0,423.0,-1.32,62.0,31.9,0.1316,0.5171,,,1,0,0,0,0,1,Professor Fabio,PRD,
3137809,Lambari,MG,Sudeste,10–50 mil,17336,36.49,58.54,1.59,7328,234,234,429,60,423.0,0.0,423.0,2.24,65.1,24.6,0.0668,0.5141,,,2,0,1,1,0,0,Leonardo Framil,UNIÃO,
5002951,Chapadão Do Sul,MS,Centro-Oeste,10–50 mil,23000,24.06,71.78,5.12,12182,317,252,318,26,422.0,0.0,422.0,-1.79,52.0,35.0,0.1627,0.5079,,,1,0,0,0,0,1,Walter Schlatter,PP,
3531407,Monte Aprazível,SP,Sudeste,10–50 mil,16980,33.15,61.91,3.57,7723,300,252,311,43,420.0,0.0,420.0,-1.35,64.9,25.8,0.1772,0.5183,,,1,0,0,0,0,1,Camargo,PP,
4206702,Herval D'Oeste,SC,Sul,10–50 mil,16804,29.07,65.81,6.53,8620,283,276,341,26,420.0,0.0,420.0,0.38,78.2,17.6,0.098,0.5162,,,1,0,0,1,0,0,Ronaldo Lorenço Da Rosa,PSDB,
5200175,Água Fria De Goiás,GO,Centro-Oeste,<10 mil,5099,34.95,50.77,-1.68,1906,27,769,22,3,356.0,63.0,419.0,-0.77,77.4,19.4,0.0779,0.4663,,,2,1,0,1,0,0,Virginia Castro,PP,
3147204,Paraguaçu,MG,Sudeste,10–50 mil,16696,41.22,54.31,5.62,6695,192,210,382,139,419.0,0.0,419.0,-0.16,82.4,13.6,0.0757,0.5149,,,1,0,0,1,0,0,Gabrielzinho,PDT,
3507902,Brotas,SP,Sudeste,10–50 mil,17821,26.75,67.69,4.42,8559,279,281,333,29,419.0,0.0,419.0,-2.3,63.4,27.3,0.1357,0.5109,,,1,0,0,0,0,1,Leca Berto,PODE,
3301504,Cordeiro,RJ,Sudeste,10–50 mil,16926,42.38,53.44,3.85,7210,237,248,437,35,418.0,0.0,418.0,-4.13,52.9,31.0,0.1124,0.5377,Douglas Ruas (PL),-2.5,0,0,0,0,0,0,Leonan,PL,
4308102,Feliz,RS,Sul,10–50 mil,11110,26.23,66.07,5.77,5953,273,281,351,22,417.0,0.0,417.0,1.42,75.8,18.5,0.1071,0.517,,,2,0,1,1,0,0,Junior Freiberger,PSD,
4102406,Bandeirantes,PR,Sul,10–50 mil,24411,26.78,69.32,2.78,12532,232,314,357,35,417.0,0.0,417.0,1.67,70.9,24.1,0.1448,0.5327,,,3,0,1,1,0,1,Jaelson Matta,PL,
4108601,Goioerê,PR,Sul,10–50 mil,21161,32.59,63.53,4.49,10278,271,309,314,23,416.0,0.0,416.0,-2.97,71.2,24.2,0.1345,0.5397,,,2,0,0,1,0,1,Pedro Coelho,PP,
3137502,Lagoa Formosa,MG,Sudeste,10–50 mil,15873,37.53,57.72,8.97,7159,208,352,305,57,414.0,0.0,414.0,0.52,83.5,11.6,0.0436,0.5073,,,1,0,0,1,0,0,Ze Amorim,PODE,
4206009,Governador Celso Ramos,SC,Sul,10–50 mil,16835,20.3,74.21,3.74,10068,310,180,395,26,413.0,0.0,413.0,0.92,62.6,25.1,0.1047,0.4994,,,0,0,0,0,0,0,Marquinho,PL,
3540903,Pradópolis,SP,Sudeste,10–50 mil,13603,37.33,57.12,5.22,6051,290,187,422,25,413.0,0.0,413.0,-3.36,59.2,25.0,0.1205,0.5113,,,1,0,0,0,0,1,Saulinho,PSD,
5004700,Ivinhema,MS,Centro-Oeste,10–50 mil,21196,33.05,62.82,7.61,9512,315,188,381,22,413.0,0.0,413.0,3.92,74.0,21.8,0.1169,0.5172,,,2,0,1,1,0,0,Juliano Ferro,PSDB,
4300109,Agudo,RS,Sul,10–50 mil,12534,30.97,62.94,12.86,6409,290,320,269,14,411.0,0.0,411.0,3.44,52.0,44.8,0.0776,0.5088,,,1,0,1,0,0,0,Kittel,PL,
3502705,Apiaí,SP,Sudeste,10–50 mil,18737,42.43,53.49,6.54,7059,289,229,385,14,411.0,0.0,411.0,-3.84,53.3,35.8,0.0828,0.5097,,,0,0,0,0,0,0,Sergio Da Padaria,PSD,
3110509,Camanducaia,MG,Sudeste,10–50 mil,18995,37.24,58.54,7.22,7679,257,152,323,134,410.0,0.0,410.0,2.39,66.1,23.4,0.0671,0.5008,,,2,0,1,1,0,0,Rodrigão,MDB,
4106209,Contenda,PR,Sul,10–50 mil,13638,34.19,60.12,9.5,6403,233,367,291,18,407.0,0.0,407.0,1.27,72.6,21.4,0.0646,0.5087,,,2,0,1,1,0,0,Mostarda,PL,
3143203,Monte Santo De Minas,MG,Sudeste,10–50 mil,17062,40.22,54.89,7.75,6241,175,237,389,112,406.0,0.0,406.0,1.91,71.4,17.8,0.0735,0.5091,,,2,0,1,1,0,0,Caburé,PSDB,
1100130,Machadinho D'Oeste,RO,Norte,10–50 mil,25008,25.25,70.9,5.47,12914,234,295,374,16,404.0,0.0,404.0,-4.12,30.7,47.4,0.0549,0.4924,,,0,0,0,0,0,0,Paulo Da Remap,PL,
4218301,Três Barras,SC,Sul,10–50 mil,15074,32.57,61.85,6.64,6899,223,377,305,7,404.0,0.0,404.0,0.55,66.0,29.3,0.0574,0.515,,,0,0,0,0,0,0,Ana Claudia Quege,MDB,
1200609,Tarauacá,AC,Norte,10–50 mil,29970,39.44,57.82,8.4,12435,206,266,395,51,403.0,0.0,403.0,-5.52,54.8,32.8,0.0525,0.5019,Mailza Assis (PP),-2.7,0,0,0,0,0,0,Rodrigo Damasceno,PP,
3133758,Itaú De Minas,MG,Sudeste,10–50 mil,12435,37.49,55.82,3.95,4945,156,206,458,109,403.0,0.0,403.0,0.74,65.3,27.7,0.0699,0.5135,,,0,0,0,0,0,0,Norival Lima,UNIÃO,
5003256,Costa Rica,MS,Centro-Oeste,10–50 mil,22355,31.5,64.46,9.31,10033,248,294,353,13,403.0,0.0,403.0,-0.42,52.6,30.5,0.0996,0.5027,,,0,0,0,0,0,0,Delegado Cleverson,PP,
5007208,Rio Brilhante,MS,Centro-Oeste,10–50 mil,26188,34.99,61.92,8.65,11885,327,152,389,15,403.0,0.0,403.0,2.32,51.3,37.4,0.0721,0.5135,,,1,0,1,0,0,0,Lucas Foroni,MDB,
4121703,Reserva,PR,Sul,10–50 mil,20369,37.55,58.6,9.43,8541,267,320,287,12,403.0,0.0,403.0,1.32,79.5,17.5,0.0457,0.496,,,2,0,1,1,0,0,Lucas Machado,PODE,
5214101,Mutunópolis,GO,Centro-Oeste,<10 mil,3622,37.2,49.36,-5.0,1393,16,574,13,1,261.0,141.0,402.0,-2.83,59.5,32.5,0.0452,0.4948,,,1,1,0,0,0,0,Luizinho,MDB,
5101704,Barra Do Bugres,MT,Centro-Oeste,10–50 mil,22360,44.34,52.63,7.11,8893,268,243,364,20,401.0,0.0,401.0,-3.94,58.3,28.5,0.1058,0.4962,,,0,0,0,0,0,0,Azenilda Pereira,REPUBLICANOS,
4317905,Santo Cristo,RS,Sul,10–50 mil,12562,35.44,59.01,8.54,6238,219,328,312,38,401.0,0.0,401.0,-1.71,88.9,7.8,0.1166,0.5058,,,1,0,0,1,0,0,Charles Thiele,MDB,
3305158,São José Do Vale Do Rio Preto,RJ,Sudeste,10–50 mil,16230,20.06,74.11,0.02,9219,244,252,347,46,400.0,0.0,400.0,-3.63,39.2,47.1,0.0617,0.5186,Douglas Ruas (PL),3.2,0,0,0,0,0,0,Zé Carlos Do Mariano,MDB,
3520004,Igaraçu Do Tietê,SP,Sudeste,10–50 mil,17539,36.06,59.33,6.78,7652,255,289,329,17,399.0,0.0,399.0,-1.61,62.4,27.9,0.0772,0.5158,,,0,0,0,0,0,0,Bucho,MDB,
3501301,Álvares Machado,SP,Sudeste,10–50 mil,17955,34.84,60.81,5.9,8267,256,268,339,24,398.0,0.0,398.0,-2.96,61.9,28.8,0.1287,0.5268,,,1,0,0,0,0,1,Chiquinho,UNIÃO,
3511409,Cerqueira César,SP,Sudeste,10–50 mil,14958,32.63,61.29,8.15,6301,250,213,417,24,398.0,0.0,398.0,-1.09,60.0,26.7,0.1224,0.5195,,,1,0,0,0,0,1,Diego Cinto,MDB,
3108305,Borda Da Mata,MG,Sudeste,10–50 mil,13454,35.69,58.48,6.33,5900,193,200,411,94,398.0,0.0,398.0,-1.08,78.1,17.9,0.0811,0.5069,,,1,0,0,1,0,0,Tati Cobra,UNIÃO,
3553807,Taquarituba,SP,Sudeste,10–50 mil,18080,37.19,58.63,10.25,7881,293,195,372,18,397.0,0.0,397.0,1.92,66.4,24.6,0.0946,0.5187,,,2,0,1,1,0,0,Éder Miano,PP,
3520301,Iguape,SP,Sudeste,10–50 mil,22106,40.58,55.96,2.59,8806,267,246,344,24,397.0,0.0,397.0,-4.28,41.2,38.0,0.1082,0.5107,,,0,0,0,0,0,0,Salvador,UNIÃO,
4217402,Schroeder,SC,Sul,10–50 mil,14004,20.25,73.89,3.58,8713,331,147,346,27,396.0,0.0,396.0,-2.83,53.3,41.2,0.1241,0.5048,,,1,0,0,0,0,1,Jair Bridaroli,PL,
4125704,São Miguel Do Iguaçu,PR,Sul,10–50 mil,21857,32.47,64.14,4.23,11029,290,224,305,35,395.0,0.0,395.0,-2.73,73.0,20.4,0.1253,0.5257,,,2,0,0,1,0,1,Motta,MDB,
1400472,Rorainópolis,RR,Norte,10–50 mil,23761,23.68,72.62,5.27,13503,314,135,408,17,395.0,0.0,395.0,1.19,38.1,38.8,0.0679,0.4853,,,1,0,1,0,0,0,Pinto Do Equador,REPUBLICANOS,
4127502,Tibagi,PR,Sul,10–50 mil,14864,41.41,53.7,9.93,5748,254,305,303,12,394.0,0.0,394.0,3.56,72.4,22.2,0.068,0.503,,,2,0,1,1,0,0,Rildo Leonardi,MDB,Estradas rurais: obras de melhoria em estrada entre comunidades rurais (Bem Paraná) | Trânsito/transporte: atas do conselho municipal de trânsito (COMUTTI) em 2026
3203346,Marechal Floriano,ES,Sudeste,10–50 mil,14378,32.31,62.12,4.68,6720,268,224,349,27,392.0,0.0,392.0,2.63,61.5,30.7,0.0858,0.5021,Lorenzo Pazolini (REPUBLICANOS),2.4,1,0,1,0,0,0,Lidiney Gobbi,PP,
5103353,Confresa,MT,Centro-Oeste,10–50 mil,26068,22.93,73.59,7.88,14321,252,339,260,8,390.0,0.0,390.0,-3.25,45.7,40.1,0.1122,0.4983,,,0,0,0,0,0,0,Ricardo Babinksi,MDB,
5001003,Aparecida Do Taboado,MS,Centro-Oeste,10–50 mil,19558,36.24,59.63,5.34,8093,270,234,324,27,389.0,0.0,389.0,-1.02,57.5,31.2,0.1109,0.5197,,,0,0,0,0,0,0,José Natan,PP,
3540754,Potim,SP,Sudeste,10–50 mil,12546,38.08,56.36,3.03,5554,277,223,353,9,388.0,0.0,388.0,-2.85,62.7,26.6,0.0618,0.5247,,,0,0,0,0,0,0,Tanaka,MDB,
5001904,Bataguassu,MS,Centro-Oeste,10–50 mil,19771,39.52,56.61,6.85,7765,288,165,378,25,387.0,0.0,387.0,0.87,59.0,31.1,0.1072,0.5103,,,0,0,0,0,0,0,Wanderleia Caravina,PSDB,
4104501,Capanema,PR,Sul,10–50 mil,15204,40.75,54.91,8.01,6496,278,222,338,15,386.0,0.0,386.0,-2.19,76.8,19.7,0.1118,0.5181,,,1,0,0,1,0,0,Professor Neivor,MDB,"Estradas rurais: o trecho até Santo Antônio do Siemes recebeu melhorias depois de mais de 10 anos sem obra (mar/2025) | Polêmica tributária: a taxa de coleta de lixo passou para a conta de água da Sanepar (dez/2025), com prazo para pedir retirada (fev/2026)"
4123501,Santa Helena,PR,Sul,10–50 mil,21071,33.19,63.41,5.25,10545,299,205,305,25,386.0,0.0,386.0,-0.34,71.6,23.9,0.1196,0.5245,,,2,0,0,1,0,1,Dinho Maraskin,UNIÃO,
3137403,Lagoa Dourada,MG,Sudeste,10–50 mil,10425,44.35,50.13,6.47,4044,362,135,248,41,384.0,0.0,384.0,1.68,90.8,6.9,0.0362,0.4954,,,2,0,1,1,0,0,Ismar,MDB,"Saúde: médico que atendia no município preso em set/2026 após denúncias de quatro pacientes de Lagoa Dourada por crimes sexuais (G1); prefeitura divulgou redução de filas para consultas especializadas (manchete Entre Rios News, jul/2025) | Rodovias: afundamento de pista interditou parcialmente a rodovia São João del-Rei–Lagoa Dourada (fev/2026) e acidentes graves na MGC-383 (manchetes Entre Rios News/Correio da Cidade)"
4127601,Tijucas Do Sul,PR,Sul,10–50 mil,13059,38.52,56.17,7.15,5747,221,301,338,12,384.0,0.0,384.0,0.36,72.4,20.6,0.0547,0.4915,,,1,0,0,1,0,0,Gringo,PP,
4128005,Ubiratã,PR,Sul,10–50 mil,19130,30.59,65.34,4.88,9663,241,250,324,36,384.0,0.0,384.0,-1.79,78.4,17.8,0.135,0.5312,,,2,0,0,1,0,1,Fabio Dalécio,PP,
3512209,Conchal,SP,Sudeste,10–50 mil,20926,24.97,71.14,2.94,11709,303,200,306,19,383.0,0.0,383.0,-2.71,53.4,30.4,0.0974,0.5133,,,0,0,0,0,0,0,Junior Caleffi,PL,
3519055,Holambra,SP,Sudeste,10–50 mil,12570,26.32,67.38,5.78,6538,265,214,262,72,383.0,0.0,383.0,1.74,63.9,19.4,0.1984,0.5105,,,2,0,1,0,0,1,Fernando Capato,PSD,
4208807,Jaguaruna,SC,Sul,10–50 mil,16425,24.29,70.73,3.68,9193,277,160,359,41,382.0,0.0,382.0,-1.08,69.6,21.7,0.0761,0.5216,,,1,0,0,1,0,0,Laerte Silva ,PODE,
3140159,Mário Campos,MG,Sudeste,10–50 mil,12178,43.46,50.92,5.04,4662,175,200,444,67,382.0,0.0,382.0,-0.09,44.9,42.1,0.0682,0.5143,,,0,0,0,0,0,0,Professora Andresa,PSB,
3305604,Silva Jardim,RJ,Sudeste,10–50 mil,18674,33.25,62.55,4.63,8932,209,290,353,20,382.0,0.0,382.0,-3.88,20.6,46.7,0.0551,0.5114,Douglas Ruas (PL),0.9,0,0,0,0,0,0,Maira Figueiredo,MDB,
4103602,Cambará,PR,Sul,10–50 mil,17864,35.35,60.16,4.73,7552,221,302,303,27,382.0,0.0,382.0,3.58,75.6,19.0,0.1127,0.5302,,,2,0,1,1,0,0,Walcir Joaquim,PSD,
4105409,Chopinzinho,PR,Sul,10–50 mil,16864,36.75,59.2,7.02,7713,297,228,282,16,382.0,0.0,382.0,1.37,82.6,14.1,0.1215,0.5221,,,3,0,1,1,0,1,Álvaro Scolaro,PL,
4105904,Colorado,PR,Sul,10–50 mil,17627,39.27,56.6,8.62,7552,182,277,416,18,381.0,0.0,381.0,-2.28,70.5,23.4,0.115,0.5236,,,1,0,0,1,0,0,Rose Chiquim,PSD,
4323804,Xangri-Lá,RS,Sul,10–50 mil,14765,27.25,67.25,7.2,7703,263,204,355,25,381.0,0.0,381.0,1.19,64.5,21.1,0.1691,0.5308,,,2,0,1,0,0,1,Celsinho,PSDB,
3202454,Ibatiba,ES,Sudeste,10–50 mil,19598,29.42,66.62,2.73,9995,259,177,332,58,379.0,0.0,379.0,0.36,40.1,41.0,0.0573,0.5238,Lorenzo Pazolini (REPUBLICANOS),11.6,1,0,0,0,1,0,Dr Luis Pancoti,PL,
5207402,Edéia,GO,Centro-Oeste,<10 mil,9541,32.01,59.65,7.7,4251,88,655,122,4,378.0,0.0,378.0,-0.18,61.4,28.6,0.1103,0.5211,,,0,0,0,0,0,0,Carla Faria,PSDB,
3204203,Piúma,ES,Sudeste,10–50 mil,17326,38.29,57.78,1.92,7769,299,155,363,15,378.0,0.0,378.0,-3.27,49.6,36.6,0.1286,0.5272,Lorenzo Pazolini (REPUBLICANOS),13.7,2,0,0,0,1,1,Paulo Cola,CIDADANIA,
4106506,Coronel Vivida,PR,Sul,10–50 mil,17708,40.07,56.25,9.01,7845,258,237,330,14,377.0,0.0,377.0,0.44,72.9,21.8,0.1071,0.5252,,,1,0,0,1,0,0,Anderson Barreto,PSD,
5202502,Aruanã,GO,Centro-Oeste,<10 mil,7391,42.64,47.32,0.22,2378,33,781,62,0,377.0,0.0,377.0,-2.46,54.3,34.3,0.0547,0.4979,,,0,0,0,0,0,0,Arlirio Boi,UNIÃO,
5219738,Santo Antônio De Goiás,GO,Centro-Oeste,<10 mil,7976,39.12,52.18,3.39,3167,70,715,75,3,377.0,0.0,377.0,0.92,48.3,36.1,0.0804,0.5098,,,0,0,0,0,0,0,Kleber Freitas,UNIÃO,
3530102,Mirandópolis,SP,Sudeste,10–50 mil,17999,27.51,67.62,4.18,8475,261,247,305,15,376.0,0.0,376.0,-2.36,55.7,30.4,0.1497,0.5182,,,1,0,0,0,0,1,Grampola Pantaleao,UNIÃO,
1200450,Senador Guiomard,AC,Norte,10–50 mil,18638,25.91,69.46,3.06,10111,195,268,404,10,376.0,0.0,376.0,-1.56,37.9,47.8,0.0786,0.4999,Mailza Assis (PP),5.1,0,0,0,0,0,0,Rosana Gomes,PP,
3515152,Engenheiro Coelho,SP,Sudeste,10–50 mil,14967,31.56,63.46,4.64,7129,309,147,300,42,376.0,0.0,376.0,-1.23,42.6,47.3,0.1369,0.5063,,,1,0,0,0,0,1,Pedro Franco,MDB,
4217600,Siderópolis,SC,Sul,10–50 mil,11784,27.98,65.36,6.52,5856,268,282,245,17,376.0,0.0,376.0,0.15,77.1,18.1,0.0694,0.5151,,,1,0,0,1,0,0,Franqui Salvaro,PSD,
3203007,Iúna,ES,Sudeste,10–50 mil,21285,29.88,66.12,2.2,10234,227,216,387,26,376.0,0.0,376.0,1.14,40.4,38.9,0.0449,0.5173,Lorenzo Pazolini (REPUBLICANOS),13.1,2,0,1,0,1,0,Romário,PODE,
4320107,Sarandi,RS,Sul,10–50 mil,17132,29.81,66.02,8.71,9283,265,223,315,22,375.0,0.0,375.0,0.7,71.4,24.3,0.1247,0.5372,,,2,0,0,1,0,1,Pablo Mari,UNIÃO,
1400456,Pacaraima,RR,Norte,<10 mil,9762,39.89,58.17,-3.34,4619,86,37,120,2,110.0,265.0,375.0,-2.18,35.5,40.5,0.0758,0.5006,,,1,1,0,0,0,0,Walderi D Avila,PP,
4318200,São Francisco De Paula,RS,Sul,10–50 mil,16421,40.74,55.01,11.43,6635,204,279,334,31,375.0,0.0,375.0,3.87,74.1,17.9,0.098,0.5121,,,2,0,1,1,0,0,Thiago Teixeira,PDT,Pautas locais específicas não verificadas (busca limitada e bloqueio de acesso às páginas por limite de requisições); apenas pautas genéricas/regionais.
5205455,Cezarina,GO,Centro-Oeste,<10 mil,7360,37.7,52.89,2.18,3033,52,735,75,3,375.0,0.0,375.0,-0.76,51.1,39.2,0.0773,0.4971,,,0,0,0,0,0,0,Valtenir,UNIÃO,
3109303,Buritis,MG,Sudeste,10–50 mil,20584,39.88,56.64,8.56,8399,176,352,279,37,374.0,0.0,374.0,0.18,68.9,23.1,0.0616,0.5035,,,1,0,0,1,0,0,Rufino Folador,PL,
3513603,Cunha,SP,Sudeste,10–50 mil,18135,38.89,57.22,8.27,7621,232,283,294,21,373.0,0.0,373.0,2.61,67.3,25.6,0.1009,0.4963,,,2,0,1,1,0,0,Rodrigo Do Neto,PL,
3304151,Quissamã,RJ,Sudeste,10–50 mil,19085,44.4,52.15,8.72,7550,189,273,393,15,373.0,0.0,373.0,-0.82,45.5,34.1,0.0825,0.5221,Douglas Ruas (PL),3.9,0,0,0,0,0,0,Marcelo Batista,PP,"Defesa dos royalties do petróleo (mobilização 'Quissamã em defesa dos royalties', abr/2026) | Dependência de royalties / diversificação econômica além da cana"
3548005,Santo Antônio De Posse,SP,Sudeste,10–50 mil,16288,29.21,66.0,5.54,8227,255,232,301,28,372.0,0.0,372.0,-2.41,56.2,22.6,0.1031,0.5142,,,0,0,0,0,0,0,Ricardo Cortez,MDB,
4309605,Horizontina,RS,Sul,10–50 mil,14887,23.59,71.04,9.31,8454,224,266,306,30,371.0,0.0,371.0,2.7,59.1,36.2,0.1453,0.5257,,,2,0,1,0,0,1,Cunha,PDT,
5211404,Itauçu,GO,Centro-Oeste,<10 mil,7690,39.42,51.94,4.16,3175,41,740,77,4,371.0,0.0,371.0,1.51,65.9,28.1,0.1092,0.5181,,,1,0,1,0,0,0,Cleiton Melo,UNIÃO,
3302106,Itaocara,RJ,Sudeste,10–50 mil,19120,30.65,65.38,4.45,9761,196,321,307,17,370.0,0.0,370.0,-3.01,52.5,37.5,0.0937,0.5285,Douglas Ruas (PL),2.9,0,0,0,0,0,0,Heriberto,UNIÃO,
3529203,Martinópolis,SP,Sudeste,10–50 mil,18046,34.29,61.42,4.48,8092,217,273,338,12,370.0,0.0,370.0,3.73,62.8,28.7,0.1243,0.5251,,,2,0,1,0,0,1,,,
1709302,Guaraí,TO,Norte,10–50 mil,17602,40.6,55.78,6.52,7851,195,313,339,3,369.0,0.0,369.0,-1.18,56.0,32.5,0.1196,0.5185,Professora Dorinha (UNIÃO),5.8,1,0,0,0,0,1,Fatima Coelho,UNIÃO,
4110508,Ipiranga,PR,Sul,10–50 mil,11267,26.05,66.98,9.36,6042,223,262,342,10,369.0,0.0,369.0,1.53,86.1,11.9,0.0576,0.4882,,,2,0,1,1,0,0,Douglas Modesto,PL,
1505437,Ourilândia Do Norte,PA,Norte,10–50 mil,25886,33.59,63.41,6.21,11989,240,174,407,18,368.0,0.0,368.0,-6.93,38.3,46.1,0.0454,0.4974,,,0,0,0,0,0,0,Dr Julio,MDB,
3537404,Pereira Barreto,SP,Sudeste,10–50 mil,19125,39.37,56.8,4.88,7498,241,246,317,15,367.0,0.0,367.0,-1.04,52.8,35.8,0.1547,0.5207,,,1,0,0,0,0,1,Dr Hermínio,PSB,
5214838,Nova Crixás,GO,Centro-Oeste,<10 mil,9335,44.9,48.24,6.81,3346,33,735,87,3,367.0,0.0,367.0,-3.42,54.6,34.4,0.0622,0.4938,,,0,0,0,0,0,0,Rodrigo Tavares,MDB,
3501004,Altinópolis,SP,Sudeste,10–50 mil,12706,41.2,53.53,7.55,4946,188,289,279,58,367.0,0.0,367.0,1.83,67.5,23.3,0.1391,0.5177,,,3,0,1,1,0,1,Professor Huelder,MDB,
4319406,São Pedro Do Sul,RS,Sul,10–50 mil,12686,39.11,55.49,8.81,5223,199,304,308,19,366.0,0.0,366.0,3.95,66.0,24.0,0.0882,0.5152,,,2,0,1,1,0,0,Fernando Cezar,PP,
3108909,Brazópolis,MG,Sudeste,10–50 mil,12541,41.48,52.9,4.71,4663,174,196,357,94,366.0,0.0,366.0,0.34,88.3,7.2,0.0693,0.498,,,1,0,0,1,0,0,Júnior Torres,UNIÃO,
4101606,Arapoti,PR,Sul,10–50 mil,19003,26.98,68.54,6.82,9426,195,328,281,21,366.0,0.0,366.0,2.3,66.7,29.1,0.1046,0.516,,,1,0,1,0,0,0,Irani Barros,PSD,
5103205,Colíder,MT,Centro-Oeste,10–50 mil,23598,16.3,79.86,3.86,14305,276,168,336,21,365.0,0.0,365.0,-2.94,67.1,24.1,0.1164,0.5129,,,1,0,0,1,0,0,Rodrigo Benassi,PRD,
5218607,Rialma,GO,Centro-Oeste,<10 mil,9232,30.21,61.73,1.55,4437,87,662,77,1,364.0,0.0,364.0,-1.66,53.8,33.8,0.115,0.5315,,,0,0,0,0,0,0,Dr Lucas,UNIÃO,
3517505,Guapiaçu,SP,Sudeste,10–50 mil,15943,32.5,62.6,4.56,7292,236,197,384,10,363.0,0.0,363.0,0.86,59.9,29.1,0.0657,0.519,,,0,0,0,0,0,0,Carlos Cesar,PSDB,
4209607,Lauro Müller,SC,Sul,10–50 mil,12330,29.51,64.57,7.93,6226,240,250,293,19,363.0,0.0,363.0,1.32,80.8,16.3,0.0659,0.5118,,,2,0,1,1,0,0,Valdir Fontanella,PP,
4210605,Massaranduba,SC,Sul,10–50 mil,13335,14.1,79.67,4.21,8736,262,243,247,29,363.0,0.0,363.0,0.26,44.4,25.2,0.0884,0.5064,,,0,0,0,0,0,0,Moacir Kasmirski,UNIÃO,
3129509,Ibiá,MG,Sudeste,10–50 mil,16840,41.45,54.56,10.6,6563,168,247,301,90,363.0,0.0,363.0,-1.1,69.0,20.2,0.0636,0.5095,,,1,0,0,1,0,0,Gillianno Mamão,PSD,Estradas rurais: decretos de desapropriação por utilidade pública para melhoria de estradas rurais e ampliação de área esportiva escolar (out/2026) — agenda da prefeitura | Segurança viária na MG-187 (acidente com duas mortes noticiado pela Itatiaia; data não confirmada)
1508159,Uruará,PA,Norte,10–50 mil,31993,20.21,77.04,8.01,18737,236,189,381,13,360.0,0.0,360.0,-3.81,49.0,39.2,0.0486,0.4839,,,0,0,0,0,0,0,Carlinhos Do Aparecido,PSD,
3514106,Dois Córregos,SP,Sudeste,10–50 mil,18565,29.84,65.72,5.62,8674,221,240,339,14,359.0,0.0,359.0,-3.07,71.2,20.6,0.1236,0.5165,,,2,0,0,1,0,1,Tião Mazziero,PSD,
1200427,Rodrigues Alves,AC,Norte,10–50 mil,12185,24.77,72.04,-1.85,7154,77,148,184,4,175.0,184.0,359.0,-6.72,44.2,49.7,0.0643,0.4883,Mailza Assis (PP),25.0,2,1,0,0,1,0,Salatiel Magalhães,PSD,
4124053,Santa Terezinha De Itaipu,PR,Sul,10–50 mil,18871,26.37,69.68,3.71,10393,259,218,283,20,357.0,0.0,357.0,1.37,65.7,27.5,0.1133,0.5455,,,1,0,1,0,0,0,Bim,PP,
3549953,São Lourenço Da Serra,SP,Sudeste,10–50 mil,11946,44.8,50.03,6.62,4372,243,204,323,23,357.0,0.0,357.0,-2.91,55.0,27.0,0.1057,0.5095,,,0,0,0,0,0,0,Felipe Seme Amed,MDB,
5216809,Petrolina De Goiás,GO,Centro-Oeste,<10 mil,7530,31.96,58.34,3.8,3414,40,725,61,1,357.0,0.0,357.0,-3.83,76.9,16.3,0.1038,0.5166,,,1,0,0,1,0,0,Tiago Pacheco,UNIÃO,
4128500,Wenceslau Braz,PR,Sul,10–50 mil,14549,32.06,62.91,4.74,6708,241,250,263,22,355.0,0.0,355.0,1.19,72.6,21.1,0.0999,0.5255,,,2,0,1,1,0,0,Polaco,PSB,
3523503,Itatinga,SP,Sudeste,10–50 mil,14071,34.98,59.65,6.8,5954,215,220,361,14,355.0,0.0,355.0,2.97,56.3,36.6,0.0923,0.4949,,,1,0,1,0,0,0,Paulo Roque,PL,
3143401,Monte Sião,MG,Sudeste,10–50 mil,18682,20.93,74.66,4.4,10553,227,183,295,67,355.0,0.0,355.0,-0.31,73.2,21.7,0.0651,0.5167,,,1,0,0,1,0,0,Juninho Zucato,UNIÃO,
3109709,Cachoeira De Minas,MG,Sudeste,10–50 mil,10111,35.42,57.94,3.32,4410,184,203,271,107,354.0,0.0,354.0,1.23,83.8,12.0,0.0803,0.4907,,,2,0,1,1,0,0,Maristela Costa,UNIÃO,
4122008,Rio Azul,PR,Sul,10–50 mil,11268,22.17,70.98,11.97,6545,169,388,234,10,354.0,0.0,354.0,1.59,89.6,8.4,0.0591,0.4883,,,2,0,1,1,0,0,Leandro Jasinski,PSD,
5002209,Bonito,MS,Centro-Oeste,10–50 mil,19254,33.62,62.5,7.05,8663,231,185,352,27,354.0,0.0,354.0,3.49,54.0,31.1,0.1116,0.5183,,,1,0,1,0,0,0,Josmail Rodrigues,PSDB,
5212303,Leopoldo De Bulhões,GO,Centro-Oeste,<10 mil,7348,38.41,52.33,4.96,2890,37,712,73,2,354.0,0.0,354.0,-0.14,61.1,27.4,0.0769,0.5141,,,0,0,0,0,0,0,Roberta Caetano,MDB,
5203939,Buriti De Goiás,GO,Centro-Oeste,<10 mil,3494,30.26,56.29,-4.88,1500,29,460,18,2,223.0,130.0,353.0,1.18,37.7,50.3,0.097,0.4999,,,2,1,1,0,0,0,Dra. Átila,UNIÃO,
5106422,Peixoto De Azevedo,MT,Centro-Oeste,10–50 mil,23802,33.6,63.29,10.0,10882,267,192,310,8,353.0,0.0,353.0,-0.72,59.5,25.3,0.0751,0.4956,,,0,0,0,0,0,0,Paulistinha,UNIÃO,Garimpo de ouro e sua regularização/fiscalização (lideranças locais ligadas ao setor; lei municipal do 'dia do garimpeiro') | Demais pautas locais 2024-2026 não verificadas
4102109,Astorga,PR,Sul,10–50 mil,19627,24.53,71.46,3.52,10863,204,286,283,18,352.0,0.0,352.0,-2.7,67.2,27.1,0.1385,0.5284,,,1,0,0,0,0,1,Suzie Pucillo,PP,
3538907,Pirajuí,SP,Sudeste,10–50 mil,14814,32.44,62.57,2.43,6696,246,234,267,22,352.0,0.0,352.0,-2.7,54.5,30.0,0.1293,0.5268,,,1,0,0,0,0,1,Rosa,PL,
5104807,Jaciara,MT,Centro-Oeste,10–50 mil,20547,27.66,68.46,5.33,10618,172,263,357,22,351.0,0.0,351.0,0.09,57.8,33.3,0.1047,0.5236,,,0,0,0,0,0,0,Andreia,PSB,
3550902,São Simão,SP,Sudeste,10–50 mil,11158,37.35,56.29,3.87,4559,203,210,371,22,351.0,0.0,351.0,-1.22,63.1,23.7,0.138,0.5186,,,1,0,0,0,0,1,Dr Izaias,PSD,
1504752,Mojuí Dos Campos,PA,Norte,10–50 mil,24248,32.5,64.61,10.06,11924,254,193,321,9,350.0,0.0,350.0,0.43,62.4,31.8,0.0475,0.4849,,,0,0,0,0,0,0,Jailson Do Mojuí,PSD,
4103453,Cafelândia,PR,Sul,10–50 mil,13247,28.02,66.83,4.41,7110,286,188,246,23,350.0,0.0,350.0,-1.69,81.7,14.0,0.1458,0.5149,,,2,0,0,1,0,1,Junior Motter,NOVO,
5100201,Água Boa,MT,Centro-Oeste,10–50 mil,21159,17.01,79.02,4.39,12438,256,285,197,10,349.0,0.0,349.0,-3.03,49.3,35.0,0.1457,0.5044,,,1,0,0,0,0,1,Dr. Mariano,MDB,
3500501,Águas De Lindóia,SP,Sudeste,10–50 mil,14061,25.86,68.85,4.01,7494,258,158,291,45,349.0,0.0,349.0,-4.08,64.1,22.2,0.1577,0.5284,,,1,0,0,0,0,1,Geraldinho Mantovani,PSD,
4121505,Rebouças,PR,Sul,10–50 mil,12151,36.43,58.15,10.36,5527,174,337,271,13,349.0,0.0,349.0,2.54,80.6,17.3,0.0699,0.5057,,,2,0,1,1,0,0,Laercio,PP,
3149804,Perdizes,MG,Sudeste,10–50 mil,14146,34.25,60.86,9.69,6184,179,217,224,119,348.0,0.0,348.0,-0.44,66.4,16.5,0.0731,0.4855,,,1,0,0,1,0,0,Fernandinho,PSD,não encontrado — pesquisa interrompida
1505486,Pacajá,PA,Norte,10–50 mil,29481,28.96,68.51,13.2,15214,230,245,294,7,348.0,0.0,348.0,-4.4,48.9,42.3,0.0369,0.48,,,0,0,0,0,0,0,André Rezende,MDB,"Estradas vicinais/travessões e pavimentação (adesão ao 'Estradas Por Todo o Pará') | Regularização fundiária e áreas embargadas pelo IBAMA (TAC, CAR, títulos do INCRA)"
4116208,Morretes,PR,Sul,10–50 mil,14680,38.74,56.81,3.03,6155,238,262,249,13,348.0,0.0,348.0,3.01,42.7,40.3,0.1016,0.5131,,,1,0,1,0,0,0,Junior Brindarolli,PSD,
3535309,Palmital,SP,Sudeste,10–50 mil,16108,29.45,65.94,7.27,7880,256,194,284,23,347.0,0.0,347.0,-2.36,71.9,19.4,0.1473,0.5265,,,2,0,0,1,0,1,Luis Gustavo,PSD,
3301108,Cantagalo,RJ,Sudeste,10–50 mil,15148,42.7,53.38,4.22,6198,200,283,263,27,347.0,0.0,347.0,-1.74,58.1,32.1,0.0949,0.5138,Douglas Ruas (PL),-1.9,0,0,0,0,0,0,Manuela,SOLIDARIEDADE,
4102307,Balsa Nova,PR,Sul,10–50 mil,12129,32.68,61.73,5.99,5851,212,299,238,15,346.0,0.0,346.0,0.69,67.7,26.9,0.0632,0.4991,,,0,0,0,0,0,0,Clevinho Poletto,PL,
3144003,Mutum,MG,Sudeste,10–50 mil,21564,42.67,54.49,6.31,8657,205,209,327,36,346.0,0.0,346.0,0.61,54.2,34.5,0.0477,0.5085,,,0,0,0,0,0,0,Claudinei Clemente,REPUBLICANOS,
3540002,Pompéia,SP,Sudeste,10–50 mil,16138,22.21,72.96,7.18,8930,263,200,265,20,346.0,0.0,346.0,-1.09,61.1,25.7,0.1775,0.5222,,,1,0,0,0,0,1,Diogo Ceschim,PODE,
1100320,São Miguel Do Guaporé,RO,Norte,10–50 mil,17091,29.3,66.53,4.32,8939,217,220,328,13,344.0,0.0,344.0,-6.01,45.0,40.6,0.0721,0.5047,,,0,0,0,0,0,0,Crispin,PODE,
3535606,Paraibuna,SP,Sudeste,10–50 mil,13836,43.07,52.78,6.61,5564,263,170,293,22,344.0,0.0,344.0,-3.24,74.7,17.9,0.1172,0.5034,,,1,0,0,1,0,0,Prof Helô,PL,
4214003,Presidente Getúlio,SC,Sul,10–50 mil,14268,17.39,77.32,4.57,8864,295,162,247,20,343.0,0.0,343.0,0.05,72.4,23.8,0.0871,0.5118,,,1,0,0,1,0,0,Jaci,PL,
3115102,Cássia,MG,Sudeste,10–50 mil,13923,44.73,50.48,4.59,4684,136,214,371,72,343.0,0.0,343.0,2.67,73.6,17.9,0.0614,0.5111,,,2,0,1,1,0,0,Negrinho,CIDADANIA,
4113908,Mallet,PR,Sul,10–50 mil,10552,28.24,64.8,8.22,5337,151,377,256,4,342.0,0.0,342.0,0.68,91.6,7.4,0.0686,0.4932,,,1,0,0,1,0,0,Pedro Kowalczyk,UNIÃO,
3139904,Maria Da Fé,MG,Sudeste,10–50 mil,12214,37.96,56.97,1.84,5267,180,173,293,99,341.0,0.0,341.0,2.64,86.1,11.4,0.0561,0.4993,,,2,0,1,1,0,0,Adilson,PSDB,
4302352,Bom Princípio,RS,Sul,10–50 mil,10683,17.0,75.95,5.33,6818,214,261,259,21,341.0,0.0,341.0,0.32,87.5,8.7,0.053,0.5065,,,1,0,0,1,0,0,Vasco,MDB,
4106605,Cruzeiro Do Oeste,PR,Sul,10–50 mil,16510,35.66,60.35,2.59,7335,240,209,274,21,340.0,0.0,340.0,-1.02,60.6,34.1,0.1156,0.5242,,,0,0,0,0,0,0,Armandinho,UNIÃO,
5000609,Amambai,MS,Centro-Oeste,10–50 mil,27203,39.35,58.09,6.32,10701,252,164,316,18,340.0,0.0,340.0,6.66,44.3,37.2,0.1054,0.5315,,,1,0,1,0,0,0,Sergio Barbosa,MDB,
5002902,Cassilândia,MS,Centro-Oeste,10–50 mil,15301,29.87,64.96,7.65,6951,125,418,218,17,339.0,0.0,339.0,-2.16,53.6,31.2,0.154,0.5219,,,1,0,0,0,0,1,Rodrigo,PP,
1100452,Buritis,RO,Norte,10–50 mil,23318,17.32,78.92,4.29,13793,201,182,390,9,337.0,0.0,337.0,-7.18,37.1,45.5,0.0535,0.5054,,,0,0,0,0,0,0,Valtair Fritz,PL,
4308904,Getúlio Vargas,RS,Sul,10–50 mil,12197,23.66,70.41,6.7,7004,202,258,275,18,336.0,0.0,336.0,-5.16,77.1,18.8,0.1418,0.5212,,,2,0,0,1,0,1,Prezzotto,PL,
3139607,Mantena,MG,Sudeste,10–50 mil,19156,38.11,58.68,3.95,8400,231,171,272,52,336.0,0.0,336.0,-6.0,39.9,46.1,0.0971,0.5348,,,0,0,0,0,0,0,Gentil,REPUBLICANOS,
3515400,Fartura,SP,Sudeste,10–50 mil,12518,39.87,55.15,7.67,5029,234,216,278,14,336.0,0.0,336.0,-1.34,76.8,17.2,0.1259,0.5292,,,2,0,0,1,0,1,Marcão Do Haras,PSD,
3133709,Itatiaiuçu,MG,Sudeste,10–50 mil,12385,33.42,60.96,6.85,5524,154,169,326,99,335.0,0.0,335.0,1.67,70.2,21.8,0.0548,0.5045,,,2,0,1,1,0,0,Romer Soares,CIDADANIA,
5105101,Juara,MT,Centro-Oeste,10–50 mil,25464,20.71,76.02,4.47,14232,212,220,301,18,335.0,0.0,335.0,-3.26,67.7,25.0,0.1004,0.5091,,,1,0,0,1,0,0,Nei Da Farmácia,PRD,
4101101,Andirá,PR,Sul,10–50 mil,16359,37.99,58.03,4.45,6892,224,187,315,22,335.0,0.0,335.0,1.75,70.6,21.9,0.1199,0.5292,,,3,0,1,1,0,1,Ednyra Godoy Ferreira,PSD,
4121208,Quitandinha,PR,Sul,10–50 mil,14118,26.5,68.56,6.79,7780,180,327,234,11,335.0,0.0,335.0,1.27,74.3,21.1,0.055,0.4981,,,2,0,1,1,0,0,Zé Quirera,PP,
3138807,Luz,MG,Sudeste,10–50 mil,14672,38.92,56.48,4.72,5713,149,181,329,92,334.0,0.0,334.0,-0.14,82.1,14.5,0.1129,0.5163,,,1,0,0,1,0,0,Ailton Duarte,PL,
3521804,Itaí,SP,Sudeste,10–50 mil,16732,43.06,53.35,10.13,6532,208,188,348,16,334.0,0.0,334.0,-1.31,62.4,26.0,0.0842,0.5159,,,0,0,0,0,0,0,Zé Ramiro,PP,"Segurança viária na SP-255 e SP-270 (Raposo Tavares): série de acidentes fatais em 2025–2026, trevo de acesso a condomínios citado como trecho perigoso (set/2026), verificação de radares pelo Ipem | Pedágio: aumento de tarifas nas praças de Itaí e Coronel Macedo anunciado pela Arteris (nov/2025) (manchete)"
3505807,Bastos,SP,Sudeste,10–50 mil,16975,23.76,71.57,5.45,8701,235,226,251,16,333.0,0.0,333.0,0.24,57.4,32.2,0.1138,0.5223,,,0,0,0,0,0,0,Kleber Lopes Enfermeiro,PL,
4211207,Morro Da Fumaça,SC,Sul,10–50 mil,14207,16.85,77.92,3.99,8875,286,144,260,17,332.0,0.0,332.0,0.44,67.7,25.6,0.0672,0.5167,,,1,0,0,1,0,0,Eduardo Guollo,PP,
4106308,Corbélia,PR,Sul,10–50 mil,13858,26.77,68.5,7.54,7590,260,215,200,25,331.0,0.0,331.0,-2.58,79.6,16.3,0.1329,0.5273,,,2,0,0,1,0,1,Thiago Stefanello,PP,
5003801,Fátima Do Sul,MS,Centro-Oeste,10–50 mil,16886,41.12,55.35,7.76,7072,222,162,339,21,331.0,0.0,331.0,0.86,63.7,26.7,0.1,0.5348,,,0,0,0,0,0,0,Wagner Da Garagem,PSDB,
4100509,Altônia,PR,Sul,10–50 mil,14510,28.35,66.72,5.06,7311,186,251,294,17,330.0,0.0,330.0,-0.03,74.3,21.8,0.0826,0.5329,,,1,0,0,1,0,0,Diego Pergo,PL,
5105622,Mirassol D'Oeste,MT,Centro-Oeste,10–50 mil,19682,26.9,69.55,5.55,10277,263,200,226,15,330.0,0.0,330.0,-3.95,62.7,29.8,0.1103,0.5181,,,0,0,0,0,0,0,Hector Alvares,UNIÃO,
3546009,Santa Branca,SP,Sudeste,10–50 mil,11889,34.7,59.78,5.99,5210,215,242,242,23,329.0,0.0,329.0,-1.36,63.6,27.7,0.1239,0.5058,,,1,0,0,0,0,1,Adriano Levorin,PL,
3145109,Nova Resende,MG,Sudeste,10–50 mil,13447,34.93,60.22,7.63,6135,170,160,367,54,328.0,0.0,328.0,0.84,79.4,17.3,0.0497,0.4947,,,1,0,0,1,0,0,Itamarzinho,PL,
3542404,Regente Feijó,SP,Sudeste,10–50 mil,15711,33.13,62.6,4.93,7406,217,215,284,15,328.0,0.0,328.0,2.73,72.1,20.9,0.1465,0.5215,,,3,0,1,1,0,1,Marco Rocha,REPUBLICANOS,
5204300,Caçu,GO,Centro-Oeste,10–50 mil,10792,27.81,65.28,8.9,5222,51,585,118,6,326.0,0.0,326.0,-1.24,58.9,26.3,0.0985,0.516,,,0,0,0,0,0,0,Kelson Vilarinho,UNIÃO,Não encontradas
4208104,Itaiópolis,SC,Sul,10–50 mil,16680,18.07,77.4,8.71,10200,244,206,253,9,326.0,0.0,326.0,-2.43,83.6,11.9,0.0775,0.4934,,,1,0,0,1,0,0,Ivan Rech,PL,
5203906,Buriti Alegre,GO,Centro-Oeste,<10 mil,8690,37.68,54.52,6.15,3257,68,596,73,3,324.0,0.0,324.0,2.14,67.0,21.5,0.0845,0.5175,,,2,0,1,1,0,0,Garibaldo Neto,PL,
3531506,Monte Azul Paulista,SP,Sudeste,10–50 mil,14242,28.1,66.63,7.06,7069,173,191,374,17,323.0,0.0,323.0,1.71,60.4,28.3,0.1403,0.5178,,,2,0,1,0,0,1,Dr. Mardqueu,PL,
4320701,Sobradinho,RS,Sul,10–50 mil,10579,31.86,62.13,13.11,5113,212,221,266,17,323.0,0.0,323.0,-1.72,81.9,11.9,0.1292,0.5333,,,2,0,0,1,0,1,Maninho Trevisan,MDB,
5214705,Nova América,GO,Centro-Oeste,<10 mil,2769,37.77,46.87,-3.89,1033,17,507,17,3,236.0,86.0,322.0,0.21,71.3,26.6,0.089,0.5056,,,1,1,0,0,0,0,Cléber Junio,UNIÃO,
5219100,Santa Bárbara De Goiás,GO,Centro-Oeste,<10 mil,5600,37.3,52.1,1.33,2300,42,634,69,0,321.0,0.0,321.0,-1.86,48.1,32.0,0.0875,0.5189,,,0,0,0,0,0,0,Job Martins De Deus,PDT,
5214408,Nazário,GO,Centro-Oeste,<10 mil,7694,34.18,57.44,4.52,3359,39,653,48,1,321.0,0.0,321.0,-0.29,57.1,35.0,0.0857,0.5058,,,0,0,0,0,0,0,Ferruja,UNIÃO,
3508702,Caconde,SP,Sudeste,10–50 mil,13333,39.29,56.07,5.29,5378,176,184,298,56,320.0,0.0,320.0,-3.55,78.9,15.0,0.1266,0.516,,,2,0,0,1,0,1,Zé Afonso,MDB,
3514908,Elias Fausto,SP,Sudeste,10–50 mil,13526,28.4,66.71,3.92,6844,251,194,232,12,320.0,0.0,320.0,-2.52,52.1,29.9,0.0805,0.5076,,,0,0,0,0,0,0,Tato Bicudo,PODE,
1100254,Presidente Médici,RO,Norte,10–50 mil,15677,25.29,70.14,2.45,8293,199,215,287,17,320.0,0.0,320.0,-3.35,51.0,39.3,0.0854,0.5121,,,0,0,0,0,0,0,Sergio Do Skinão,PL,
5214861,Nova Glória,GO,Centro-Oeste,<10 mil,6881,41.44,50.42,1.37,2672,41,660,30,3,320.0,0.0,320.0,0.78,49.8,41.8,0.0838,0.5111,,,0,0,0,0,0,0,Luiz Contador,UNIÃO,
3517703,Guará,SP,Sudeste,10–50 mil,14159,44.31,51.9,8.04,5566,192,194,302,31,320.0,0.0,320.0,2.05,52.7,29.8,0.1014,0.5326,,,1,0,1,0,0,0,Dr. Tulio,PODE,Instabilidade no comando da prefeitura em 2025 (ver obs) | Somente pautas genéricas encontradas: saúde (remanejamentos de recursos para a Secretaria de Saúde citados em documentos da ALESP) e financiamento das Santas Casas regionais (Franca/Ituverava)
3128105,Guapé,MG,Sudeste,10–50 mil,10938,33.49,60.18,2.57,4621,104,185,329,108,319.0,0.0,319.0,1.47,83.8,11.2,0.0434,0.4883,,,2,0,1,1,0,0,Dr Pedro,PL,
3151701,Poço Fundo,MG,Sudeste,10–50 mil,12809,43.32,52.4,8.6,5067,169,162,327,61,319.0,0.0,319.0,0.3,86.7,9.8,0.0584,0.508,,,1,0,0,1,0,0,Rosiel,PT,Energia elétrica: quedas constantes da Cemig – liminar de out/2025 obrigou regularização (multa R$ 10 mil/dia); em set/2026 novas quedas suspenderam cirurgias eletivas no Hospital Gimirim e danificaram eletrodomésticos (G1/EPTV) | Saúde: Hospital Gimirim afetado pelas falhas de energia; pacientes dependentes de oxigênio em risco (G1)
3526001,Junqueirópolis,SP,Sudeste,10–50 mil,14112,28.31,66.69,5.42,6784,227,164,288,23,318.0,0.0,318.0,2.02,63.2,28.9,0.1509,0.5198,,,2,0,1,0,0,1,Neto Furini,REPUBLICANOS,
4202073,Balneário Gaivota,SC,Sul,10–50 mil,12988,31.31,63.51,5.39,6116,216,136,341,21,317.0,0.0,317.0,-0.03,62.6,22.2,0.094,0.5309,,,0,0,0,0,0,0,Everaldo Kekinha,PSDB,
4211751,Otacílio Costa,SC,Sul,10–50 mil,12683,28.29,66.76,8.48,6918,217,177,289,20,317.0,0.0,317.0,-2.18,76.0,20.4,0.1106,0.512,,,1,0,0,1,0,0,Fabiano Baldessar,MDB,
5204557,Caldazinha,GO,Centro-Oeste,<10 mil,4292,39.05,46.94,0.56,1494,35,659,32,3,317.0,0.0,317.0,0.69,63.1,25.8,0.0735,0.4913,,,0,0,0,0,0,0,Solange Gouveia,UNIÃO,
5210562,Itaguari,GO,Centro-Oeste,<10 mil,5166,44.44,45.62,3.02,1868,20,691,20,0,316.0,0.0,316.0,1.59,59.9,33.2,0.0538,0.5008,,,1,0,1,0,0,0,Marcão Do Siri,PSD,
4212205,Papanduva,SC,Sul,10–50 mil,14658,31.89,63.9,12.37,7387,211,214,261,14,316.0,0.0,316.0,2.48,82.2,15.8,0.0814,0.4981,,,2,0,1,1,0,0,Tafa,PL,
4204509,Corupá,SC,Sul,10–50 mil,11990,18.39,75.74,3.55,7582,205,164,298,36,316.0,0.0,316.0,0.72,67.3,27.3,0.0943,0.5085,,,0,0,0,0,0,0,Nininho Eipper,NOVO,
4320404,Serafina Corrêa,RS,Sul,10–50 mil,12678,20.94,73.71,5.9,7636,226,196,246,21,316.0,0.0,316.0,0.36,81.9,12.9,0.1003,0.5174,,,1,0,0,1,0,0,Morandi,MDB,
3305406,Sapucaia,RJ,Sudeste,10–50 mil,15786,39.75,56.67,3.68,6814,178,277,206,32,315.0,0.0,315.0,-1.59,52.9,36.5,0.0765,0.5137,Douglas Ruas (PL),0.8,0,0,0,0,0,0,Breninho,PRD,
5200852,Americano Do Brasil,GO,Centro-Oeste,<10 mil,5599,43.19,47.23,3.58,2044,43,621,61,1,314.0,0.0,314.0,0.24,70.2,27.0,0.0732,0.5021,,,0,0,0,0,0,0,,,
3104304,Areado,MG,Sudeste,10–50 mil,11770,36.9,57.77,5.18,4959,150,189,325,51,312.0,0.0,312.0,1.42,77.3,18.6,0.0866,0.5104,,,2,0,1,1,0,0,Douglas Do Bordado,AVANTE,
4113502,Loanda,PR,Sul,10–50 mil,15869,31.52,64.61,4.44,7922,224,218,218,17,312.0,0.0,312.0,2.72,66.4,27.6,0.1299,0.5409,,,2,0,1,0,0,1,Zé Maria,PP,
1200104,Brasiléia,AC,Norte,10–50 mil,19978,27.02,69.6,4.93,10709,200,192,295,15,312.0,0.0,312.0,0.28,43.0,38.4,0.0882,0.5123,Mailza Assis (PP),14.1,1,0,0,0,1,0,Carlinhos Do Pelado,PP,
4101200,Antonina,PR,Sul,10–50 mil,15653,34.31,61.62,2.44,6940,210,235,206,25,312.0,0.0,312.0,2.54,41.3,41.7,0.0855,0.5112,,,1,0,1,0,0,0,Rozane Osaki,PSD,
5216403,Paraúna,GO,Centro-Oeste,<10 mil,9273,30.11,62.59,7.62,4290,87,528,89,4,312.0,0.0,312.0,-3.29,54.4,31.6,0.1172,0.5189,,,0,0,0,0,0,0,Flávio Macarrão,UNIÃO,
1506187,Rondon Do Pará,PA,Norte,10–50 mil,26999,39.96,57.93,8.67,11652,233,157,294,7,311.0,0.0,311.0,-8.95,41.1,46.6,0.0573,0.5062,,,0,0,0,0,0,0,Adriana Andrade,MDB,
4322202,Tupanciretã,RS,Sul,10–50 mil,15943,41.34,55.2,10.53,6549,204,229,243,13,311.0,0.0,311.0,2.43,64.2,19.6,0.091,0.5292,,,1,0,1,0,0,0,Gustavo Terra,PP,"Estiagem do verão 2025: situação de emergência reconhecida pela União (Jornal do Comércio, mar/2025) (portaria de 10/02/2025) | Pautas locais específicas não verificadas (busca limitada e bloqueio de acesso às páginas por limite de requisições); apenas pautas genéricas/regionais."
4119103,Piên,PR,Sul,10–50 mil,10850,20.32,73.61,7.58,6672,183,305,189,7,309.0,0.0,309.0,1.02,80.1,16.9,0.0681,0.4912,,,2,0,1,1,0,0,Maicon Tiguera,REPUBLICANOS,
3536307,Patrocínio Paulista,SP,Sudeste,10–50 mil,10549,34.84,59.23,5.63,4628,132,248,281,43,307.0,0.0,307.0,-1.82,69.9,21.1,0.0923,0.5148,,,1,0,0,1,0,0,Mário Marcelo,PSD,
3203700,Muniz Freire,ES,Sudeste,10–50 mil,14757,41.32,54.83,5.01,5925,169,201,298,27,305.0,0.0,305.0,-0.13,67.3,25.5,0.07,0.5076,Lorenzo Pazolini (REPUBLICANOS),18.4,2,0,0,1,1,0,Dito Silva,PSB,
4201208,Antônio Carlos,SC,Sul,<10 mil,9356,16.49,76.45,0.19,6045,197,224,207,33,305.0,0.0,305.0,0.78,83.0,11.0,0.1158,0.5121,,,1,0,0,1,0,0,Nelinho,PL,
1300706,Boca Do Acre,AM,Norte,10–50 mil,23223,39.98,57.47,8.91,9804,158,238,313,3,305.0,0.0,305.0,-5.13,41.6,44.4,0.0508,0.4916,Professora Maria Do Carmo (PL),41.4,1,0,0,0,1,0,Frank Barros,MDB,
4127205,Terra Boa,PR,Sul,10–50 mil,13355,29.13,65.89,4.36,6562,199,206,266,10,304.0,0.0,304.0,2.76,74.7,20.1,0.0982,0.5277,,,2,0,1,1,0,0,Valtinho,PSD,
3133006,Itamonte,MG,Sudeste,10–50 mil,12325,35.06,59.87,5.85,5436,164,167,329,35,303.0,0.0,303.0,1.61,71.4,21.1,0.0737,0.5102,,,2,0,1,1,0,0,João Pedro,PODE,
5005004,Jardim,MS,Centro-Oeste,10–50 mil,18633,33.55,63.11,5.96,8299,253,126,251,20,303.0,0.0,303.0,0.13,53.0,34.0,0.0995,0.5236,,,0,0,0,0,0,0,Guga,PSDB,
5204102,Cachoeira Alta,GO,Centro-Oeste,<10 mil,7723,37.69,54.29,7.05,2972,65,535,96,3,303.0,0.0,303.0,-0.65,57.2,25.9,0.0715,0.507,,,0,0,0,0,0,0,Marcelo Paula,MDB,
3533007,Nova Granada,SP,Sudeste,10–50 mil,14794,40.26,55.95,6.89,5963,214,185,251,14,302.0,0.0,302.0,-0.79,64.3,24.5,0.1028,0.5115,,,0,0,0,0,0,0,Luizinho,PSD,
4201950,Balneário Arroio Do Silva,SC,Sul,10–50 mil,13141,34.3,61.13,4.49,6027,222,173,252,14,302.0,0.0,302.0,-2.67,57.8,26.9,0.1087,0.5232,,,0,0,0,0,0,0,Evandro Scaini,PP,
5206800,Damolândia,GO,Centro-Oeste,<10 mil,3634,38.95,46.04,2.65,1301,27,641,26,0,301.0,0.0,301.0,-0.11,81.2,15.2,0.0689,0.4898,,,1,0,0,1,0,0,Rogerim,UNIÃO,
3110301,Caldas,MG,Sudeste,10–50 mil,10805,36.7,57.99,5.08,4607,138,187,239,95,301.0,0.0,301.0,0.2,74.5,16.7,0.0756,0.505,,,1,0,0,1,0,0,Ailton Goulart,MDB,
3130903,Inhapim,MG,Sudeste,10–50 mil,19666,43.63,53.7,3.96,7661,189,150,278,48,301.0,0.0,301.0,-1.23,80.2,16.4,0.0597,0.51,,,1,0,0,1,0,0,Sandro,MDB,
5107875,Sapezal,MT,Centro-Oeste,10–50 mil,20539,25.15,71.51,5.58,10477,272,105,256,10,301.0,0.0,301.0,-3.57,51.1,31.3,0.1264,0.486,,,1,0,0,0,0,1,Cláudio Scariote,REPUBLICANOS,
3528007,Macatuba,SP,Sudeste,10–50 mil,12402,29.33,65.66,3.29,6232,212,167,262,20,300.0,0.0,300.0,-1.36,58.3,31.8,0.1141,0.5082,,,0,0,0,0,0,0,Anderson Ferreira,PSD,
5221908,Varjão,GO,Centro-Oeste,<10 mil,4454,32.59,53.8,-0.33,1775,28,608,20,4,287.0,11.0,298.0,-1.48,51.6,33.5,0.0814,0.4953,,,1,1,0,0,0,0,Diogo Guimarães,PODE,
5207253,Doverlândia,GO,Centro-Oeste,<10 mil,5670,36.34,53.8,6.43,2381,33,616,35,0,297.0,0.0,297.0,-1.64,61.8,27.1,0.069,0.4894,,,0,0,0,0,0,0,Amilcar Junior,MDB,
4301057,Arroio Do Sal,RS,Sul,<10 mil,9495,33.98,59.59,4.13,4199,203,166,280,14,297.0,0.0,297.0,2.04,65.1,18.2,0.094,0.5298,,,2,0,1,1,0,0,,,
3510302,Capela Do Alto,SP,Sudeste,10–50 mil,14543,27.78,67.64,6.19,7373,185,190,290,10,297.0,0.0,297.0,-1.83,61.3,29.9,0.0869,0.5115,,,0,0,0,0,0,0,Henrique Daniel Leme,PSD,
4217303,Saudades,SC,Sul,<10 mil,7589,29.83,63.3,5.75,4119,224,228,162,14,296.0,0.0,296.0,0.57,84.1,12.8,0.1195,0.4955,,,2,0,0,1,0,1,Maciel Schneider,PSD,
5205901,Corumbaíba,GO,Centro-Oeste,<10 mil,7145,35.44,55.99,5.67,2938,37,560,91,3,296.0,0.0,296.0,0.94,62.8,24.2,0.1075,0.5023,,,0,0,0,0,0,0,Wisner,MDB,
3548609,São Bento Do Sapucaí,SP,Sudeste,<10 mil,9073,34.06,59.55,4.58,4061,195,185,244,28,296.0,0.0,296.0,-3.02,80.2,12.4,0.147,0.5135,,,2,0,0,1,0,1,Gil Advogado,MDB,
4217808,Taió,SC,Sul,10–50 mil,14737,14.59,80.51,5.63,9300,215,161,255,18,296.0,0.0,296.0,2.14,68.1,28.8,0.1053,0.5105,,,1,0,1,0,0,0,Aristides,PSDB,
3536208,Pariquera-Açu,SP,Sudeste,10–50 mil,14302,29.16,66.41,3.65,7032,247,130,245,12,295.0,0.0,295.0,-4.44,34.2,42.2,0.1108,0.5138,,,0,0,0,0,0,0,Wagner Costa,PL,
4126306,Sengés,PR,Sul,10–50 mil,13757,31.28,64.18,8.52,6582,149,265,237,18,295.0,0.0,295.0,0.77,45.9,41.9,0.0571,0.496,,,0,0,0,0,0,0,Gerson Nunes,PSD,
4312658,Não-Me-Toque,RS,Sul,10–50 mil,13469,22.03,73.43,11.61,8068,197,216,205,22,294.0,0.0,294.0,1.63,71.1,26.6,0.1356,0.5194,,,2,0,1,0,0,1,Gilson Dos Santos,PL,
3204351,Rio Bananal,ES,Sudeste,10–50 mil,15535,40.22,56.26,7.43,6438,158,213,280,19,293.0,0.0,293.0,-0.26,77.4,16.5,0.0336,0.4997,Lorenzo Pazolini (REPUBLICANOS),8.5,1,0,0,1,0,0,Bruno Pella,PODE,
3146909,Papagaios,MG,Sudeste,10–50 mil,11723,42.43,53.22,8.54,4919,138,118,383,49,293.0,0.0,293.0,1.21,87.8,8.9,0.037,0.5163,,,2,0,1,1,0,0,Rislaine,AVANTE,"Ponte/acesso: nova ponte sobre o Rio Paraopeba (Inhaúma–Papagaios), licitada em 2025 e iniciada em 2026; ~R$ 20,1 mi, 200 m, previsão fev/2027 (SeteLagoas.com.br manchetes; detalhes via resultado de busca Agência Minas) | Estradas: pavimentação da MG-060 Papagaios–Pompéu anunciada com recursos do Acordo de Reparação (Brumadinho) para a bacia do Paraopeba (via resultado de busca, não aberto)"
5220264,São Miguel Do Passa Quatro,GO,Centro-Oeste,<10 mil,4211,35.86,51.28,5.57,1740,33,604,40,0,293.0,0.0,293.0,0.28,61.8,29.9,0.1094,0.4916,,,0,0,0,0,0,0,Gilmar,UNIÃO,
5219001,Sanclerlândia,GO,Centro-Oeste,<10 mil,7135,38.01,54.43,3.02,3053,42,565,72,1,293.0,0.0,293.0,-1.78,50.6,41.7,0.1396,0.5164,,,1,0,0,0,0,1,Zé Gordo,PSDB,
4306502,Dom Feliciano,RS,Sul,10–50 mil,10375,38.49,56.46,16.97,4394,202,245,156,23,293.0,0.0,293.0,1.88,81.0,14.4,0.0412,0.4939,,,2,0,1,1,0,0,Tiago Szortyka,PSB,Saúde: a prefeitura nomeou novos profissionais em ago/2026 para ampliar o atendimento | Danos de evento climático extremo (madrugada de 21/09/2026)
5206305,Cristianópolis,GO,Centro-Oeste,<10 mil,4023,27.39,58.67,-1.48,1750,23,533,17,0,249.0,44.0,293.0,-0.49,33.6,47.6,0.1002,0.5004,,,1,1,0,0,0,0,Juliana Da Farmácia,UNIÃO,
4207106,Ilhota,SC,Sul,10–50 mil,12431,19.57,75.14,3.29,7287,230,157,209,25,292.0,0.0,292.0,0.02,58.0,31.3,0.0669,0.5135,,,0,0,0,0,0,0,Joel Soares,MDB,
3547700,Santo Anastácio,SP,Sudeste,10–50 mil,15054,35.69,60.27,5.23,6430,194,195,262,3,291.0,0.0,291.0,3.51,64.3,26.5,0.1456,0.53,,,2,0,1,0,0,1,Luiz Infante,PSDB,
4318101,São Francisco De Assis,RS,Sul,10–50 mil,14252,44.66,51.83,13.83,5392,193,224,223,5,291.0,0.0,291.0,3.0,74.9,13.7,0.0858,0.5141,,,2,0,1,1,0,0,Paulinho Salbego,PDT,"Perda populacional (-8,5% entre 2010 e 2022)"
3124500,Estiva,MG,Sudeste,<10 mil,9545,38.04,56.45,7.66,4164,149,170,270,59,290.0,0.0,290.0,1.2,84.0,12.0,0.0463,0.4969,,,2,0,1,1,0,0,Bilinho,PSD,
4212106,Palmitos,SC,Sul,10–50 mil,12297,22.87,71.92,8.54,7084,159,254,215,20,290.0,0.0,290.0,0.04,69.8,27.5,0.1185,0.514,,,1,0,0,0,0,1,Giovana,PL,
5219902,São Francisco De Goiás,GO,Centro-Oeste,<10 mil,5392,32.3,56.28,1.23,2249,17,627,24,1,289.0,0.0,289.0,2.89,70.1,25.8,0.0654,0.5022,,,1,0,1,0,0,0,Timbó,UNIÃO,
3305703,Sumidouro,RJ,Sudeste,10–50 mil,14193,31.23,64.84,2.92,7366,175,252,191,18,289.0,0.0,289.0,-5.39,42.4,45.5,0.0497,0.5052,Douglas Ruas (PL),-0.6,0,0,0,0,0,0,Galileu,PL,
4216701,São José Do Cedro,SC,Sul,10–50 mil,10947,22.77,71.83,7.23,6472,218,220,177,5,289.0,0.0,289.0,-3.53,86.4,10.5,0.1145,0.5083,,,1,0,0,1,0,0,Fernando Will,PP,
4305207,Cerro Largo,RS,Sul,10–50 mil,10195,42.4,52.86,9.5,4282,186,162,288,17,289.0,0.0,289.0,2.22,78.5,14.8,0.1356,0.5133,,,3,0,1,1,0,1,Pedro Butzen,PP,Pautas locais não levantadas: buscas não retornaram imprensa local útil e o WebFetch ficou bloqueado (limite de requisições) antes da etapa de pautas.
3556800,Viradouro,SP,Sudeste,10–50 mil,13103,28.39,66.83,5.46,6811,162,172,316,16,288.0,0.0,288.0,1.33,54.9,34.4,0.1285,0.5114,,,2,0,1,0,0,1,Niltinho,PSD,
2704500,Maragogi,AL,Nordeste,10–50 mil,26019,40.54,57.34,4.37,10898,213,87,350,7,288.0,0.0,288.0,0.1,33.2,42.8,0.0383,0.5182,,,0,0,0,0,0,0,Dani,PP,
3111101,Campina Verde,MG,Sudeste,10–50 mil,14505,42.34,53.98,6.41,5723,112,230,289,40,288.0,0.0,288.0,-1.41,81.4,10.3,0.0752,0.5116,,,1,0,0,1,0,0,Dr Helder,SOLIDARIEDADE,
4211603,Nova Veneza,SC,Sul,10–50 mil,12429,18.78,76.32,5.22,7814,231,177,186,17,288.0,0.0,288.0,0.14,86.8,10.2,0.0796,0.5065,,,1,0,0,1,0,0,Ângela Ghislandi,PP,
3112505,Capim Branco,MG,Sudeste,<10 mil,8469,41.64,52.53,2.85,3379,153,192,230,59,288.0,0.0,288.0,0.71,60.4,31.6,0.0561,0.5113,,,0,0,0,0,0,0,Elvis Presley,PSD,
1400407,Normandia,RR,Norte,<10 mil,9686,44.49,53.84,-2.25,4440,57,33,151,3,102.0,186.0,288.0,0.94,53.2,35.0,0.047,0.4932,,,1,1,0,0,0,0,Dr Raposo,PP,
4302402,Bom Retiro Do Sul,RS,Sul,<10 mil,9902,29.85,64.27,6.82,4994,204,167,242,18,287.0,0.0,287.0,2.21,64.9,30.0,0.0637,0.5251,,,1,0,1,0,0,0,Celso Pazuch,PSB,
3203130,João Neiva,ES,Sudeste,10–50 mil,12793,38.69,57.13,2.12,5474,173,185,260,25,287.0,0.0,287.0,1.04,67.6,24.9,0.1214,0.5198,Lorenzo Pazolini (REPUBLICANOS),8.3,3,0,1,1,0,1,Paulo Sergio - Micula,REPUBLICANOS,
4306007,Crissiumal,RS,Sul,10–50 mil,10489,32.97,61.52,12.41,5005,162,203,278,14,287.0,0.0,287.0,0.23,62.0,36.1,0.0794,0.5143,,,0,0,0,0,0,0,Nedel,PL,
4217006,São Ludgero,SC,Sul,<10 mil,9949,17.71,76.24,4.06,6355,243,125,211,26,287.0,0.0,287.0,-0.3,82.7,11.5,0.0836,0.511,,,1,0,0,1,0,0,Paulinho Lorenzetti,PL,
5007109,Ribas Do Rio Pardo,MS,Centro-Oeste,10–50 mil,16370,38.59,57.77,8.84,6317,221,119,276,14,286.0,0.0,286.0,1.76,50.4,35.7,0.0787,0.4986,,,1,0,1,0,0,0,Roberson,PSDB,
1100015,Alta Floresta D'Oeste,RO,Norte,10–50 mil,18187,26.47,70.06,4.2,9816,170,208,254,12,285.0,0.0,285.0,-6.3,50.3,35.7,0.0946,0.5043,,,0,0,0,0,0,0,Gio Damo,UNIÃO,
3526100,Juquiá,SP,Sudeste,10–50 mil,15229,36.64,59.43,2.87,6200,200,192,219,13,285.0,0.0,285.0,-5.53,33.0,49.1,0.0856,0.5026,,,0,0,0,0,0,0,Cirilo,UNIÃO,
5000708,Anastácio,MS,Centro-Oeste,10–50 mil,18203,41.15,55.77,7.76,7224,159,187,280,23,285.0,0.0,285.0,1.41,43.7,39.2,0.0853,0.5188,,,1,0,1,0,0,0,Cido,PSDB,
4206405,Guaraciaba,SC,Sul,<10 mil,8880,31.7,62.55,10.2,4697,199,223,189,9,285.0,0.0,285.0,-2.59,89.0,9.9,0.1215,0.4951,,,2,0,0,1,0,1,Marcon E Pasinato,MDB,
4301909,Barra Do Ribeiro,RS,Sul,10–50 mil,10239,41.24,53.52,8.73,3934,177,213,231,15,285.0,0.0,285.0,2.88,55.9,21.9,0.0774,0.5155,,,1,0,1,0,0,0,João Francisco,MDB,Reconstrução e prevenção pós-enchente de maio/2024 (município às margens do Guaíba; prefeitura mantém Plano de Contingência PLANCON) - não verificado em matéria local | Saúde: compra de medicamentos e insumos para Pronto Atendimento; veículos para saúde (2026)
1400175,Cantá,RR,Norte,10–50 mil,17613,26.76,69.89,3.13,10037,168,192,275,14,285.0,0.0,285.0,1.46,47.8,35.0,0.0659,0.4745,,,1,0,1,0,0,0,Andre Castro,PP,
3136900,Juruaia,MG,Sudeste,<10 mil,9242,31.64,62.05,6.99,4476,132,161,310,51,284.0,0.0,284.0,0.38,72.3,24.5,0.0466,0.4998,,,1,0,0,1,0,0,Celsinho,REPUBLICANOS,
3200300,Alfredo Chaves,ES,Sudeste,10–50 mil,12984,27.16,67.79,4.78,6510,139,224,274,19,284.0,0.0,284.0,0.34,81.6,15.9,0.1194,0.504,Lorenzo Pazolini (REPUBLICANOS),9.8,2,0,0,1,0,1,Hugo Luiz,PP,
3540804,Potirendaba,SP,Sudeste,10–50 mil,13860,31.19,64.5,3.98,6684,178,193,248,16,284.0,0.0,284.0,0.91,64.3,26.7,0.0784,0.5229,,,0,0,0,0,0,0,Gi Franzotti,PL,
3118403,Conselheiro Pena,MG,Sudeste,10–50 mil,15714,40.61,56.07,4.15,6474,149,122,292,70,283.0,0.0,283.0,-6.53,50.7,41.2,0.0808,0.5275,,,0,0,0,0,0,0,Tia Nádia,PMB,
4320677,Sinimbu,RS,Sul,<10 mil,6825,34.41,58.2,13.92,3212,165,279,163,13,282.0,0.0,282.0,4.45,59.3,39.5,0.0479,0.4739,,,1,0,1,0,0,0,Wilson Molz,PSB,
1504455,Medicilândia,PA,Norte,10–50 mil,20484,25.17,71.7,9.19,11318,188,143,305,6,282.0,0.0,282.0,-2.6,47.7,43.3,0.0381,0.4687,,,0,0,0,0,0,0,Dr Julio,UNIÃO,
4215109,Rodeio,SC,Sul,<10 mil,9464,18.02,75.32,1.06,5909,194,178,229,19,282.0,0.0,282.0,-4.32,72.7,20.9,0.1126,0.5172,,,1,0,0,1,0,0,Nei ,MDB,
4207650,Iporã Do Oeste,SC,Sul,<10 mil,7715,23.4,68.89,10.37,4358,170,212,230,17,282.0,0.0,282.0,0.42,82.6,15.8,0.0971,0.5047,,,1,0,0,1,0,0,Michel Barth,MDB,
4211504,Nova Trento,SC,Sul,10–50 mil,11343,18.53,75.86,3.26,6982,215,153,238,10,282.0,0.0,282.0,0.33,80.4,12.9,0.1077,0.5109,,,1,0,0,1,0,0,Max De Oliveira,PL,
4115408,Marmeleiro,PR,Sul,10–50 mil,11778,41.72,54.22,10.35,5002,196,138,276,18,282.0,0.0,282.0,1.75,81.5,15.1,0.1018,0.5189,,,2,0,1,1,0,0,Jander Loss,PL,"Tempestade de granizo de 30/08/2026: ~848 casas atingidas, ~3.396 pessoas afetadas, 4 feridos, R$ 7,98 mi em perdas na agropecuária; emergência reconhecida pelo governo federal (Portaria 3.084, 16/09/2026) | Estiagem no Paraná: emergência estadual por estiagem (Decreto 10.047/2025) e perdas no campo em 2026; Sudoeste citado entre regiões secas"
3205036,Vargem Alta,ES,Sudeste,10–50 mil,16002,27.8,68.43,2.2,8436,163,207,241,21,281.0,0.0,281.0,-0.26,71.6,23.3,0.0371,0.5018,Lorenzo Pazolini (REPUBLICANOS),19.1,2,0,0,1,1,0,Elieser ,MDB,
5203609,Brazabrantes,GO,Centro-Oeste,<10 mil,3891,42.56,47.54,-2.21,1374,32,431,26,4,216.0,64.0,280.0,-0.3,51.2,40.3,0.0642,0.5039,,,1,1,0,0,0,0,Marcio Tuca,UNIÃO,
3527405,Lucélia,SP,Sudeste,10–50 mil,13549,31.16,64.21,6.45,6101,202,164,248,7,280.0,0.0,280.0,3.31,61.8,29.4,0.1532,0.5184,,,2,0,1,0,0,1,Tati Guilhermino,PSD,
4111407,Ivaí,PR,Sul,10–50 mil,10656,30.58,64.43,10.34,5550,186,229,191,8,280.0,0.0,280.0,1.78,82.3,14.1,0.0544,0.4923,,,2,0,1,1,0,0,Orli De Cristo,PL,
4103107,Bocaiúva Do Sul,PR,Sul,10–50 mil,10205,34.88,59.46,8.77,4328,175,223,206,15,280.0,0.0,280.0,3.18,57.1,36.6,0.0599,0.5047,,,1,0,1,0,0,0,Joao Maracana,PSD,
3110905,Campanha,MG,Sudeste,10–50 mil,12729,32.56,62.49,5.79,5606,143,171,276,45,280.0,0.0,280.0,2.44,75.7,19.5,0.1068,0.5154,,,2,0,1,1,0,0,Roberto Silva,PT,
3301801,Engenheiro Paulo De Frontin,RJ,Sudeste,10–50 mil,11116,44.79,51.08,5.78,4502,171,185,257,18,280.0,0.0,280.0,-1.42,36.8,39.9,0.0582,0.5274,Douglas Ruas (PL),0.6,0,0,0,0,0,0,Maneko Artemenko,UNIÃO,
3508801,Cafelândia,SP,Sudeste,10–50 mil,12245,34.08,61.19,5.47,5398,182,180,237,21,280.0,0.0,280.0,-1.92,57.0,31.6,0.1309,0.5252,,,1,0,0,0,0,1,Tais Contieri,PODE,
5204003,Cabeceiras,GO,Centro-Oeste,<10 mil,7447,44.51,49.0,6.95,2733,45,543,54,2,280.0,0.0,280.0,0.47,77.3,16.6,0.0857,0.4908,,,1,0,0,1,0,0,Jaco Rotta,PL,
3101102,Aimorés,MG,Sudeste,10–50 mil,19149,41.48,55.88,4.96,7590,191,110,237,61,279.0,0.0,279.0,0.23,40.8,46.2,0.0591,0.5254,,,0,0,0,0,0,0,Adriano Garcia,PL,
3520202,Igaratá,SP,Sudeste,<10 mil,9443,32.88,61.07,6.4,4241,173,201,229,17,278.0,0.0,278.0,-0.9,64.8,26.3,0.0978,0.5073,,,0,0,0,0,0,0,Gabriel Prianti,REPUBLICANOS,
5213707,Montes Claros De Goiás,GO,Centro-Oeste,<10 mil,7109,35.87,56.38,1.82,3027,29,560,53,3,278.0,0.0,278.0,0.59,59.4,31.9,0.1018,0.5011,,,0,0,0,0,0,0,Vilmar Maciel,PP,
4205803,Garuva,SC,Sul,10–50 mil,12187,23.14,72.03,3.59,6926,237,140,199,13,278.0,0.0,278.0,0.9,55.4,37.0,0.0804,0.5058,,,0,0,0,0,0,0,Tino,PL,
5002407,Caarapó,MS,Centro-Oeste,10–50 mil,22152,33.93,63.42,6.69,10049,193,123,289,19,278.0,0.0,278.0,5.22,48.9,31.6,0.0831,0.5219,,,1,0,1,0,0,0,Professora Lurdes,PL,
3520905,Ipaussu,SP,Sudeste,<10 mil,9987,31.23,63.03,6.8,4762,185,192,228,12,278.0,0.0,278.0,-2.25,63.1,28.9,0.112,0.5185,,,0,0,0,0,0,0,Luizão,PSD,
5202155,Araguapaz,GO,Centro-Oeste,<10 mil,6011,42.29,49.58,3.64,2241,25,589,19,3,277.0,0.0,277.0,-1.11,60.5,34.8,0.0547,0.491,,,0,0,0,0,0,0,Deuristom,PP,
3550001,São Luís Do Paraitinga,SP,Sudeste,10–50 mil,10204,44.33,51.15,6.77,3899,186,203,199,16,276.0,0.0,276.0,1.18,77.9,15.7,0.1117,0.4895,,,2,0,1,1,0,0,Alex Torres,PL,
4220000,Balneário Rincão,SC,Sul,10–50 mil,13698,31.45,64.42,5.05,6580,200,185,201,13,276.0,0.0,276.0,0.03,55.3,31.3,0.0963,0.5183,,,0,0,0,0,0,0,Luiz Laurindo,PSD,
4211009,Mondaí,SC,Sul,<10 mil,7441,33.92,59.7,7.63,3721,210,155,215,15,275.0,0.0,275.0,-3.69,51.2,46.0,0.1118,0.5056,,,0,0,0,0,0,0,Mainardi,PL,
3539400,Piratininga,SP,Sudeste,10–50 mil,10141,27.61,66.56,4.84,5067,188,177,203,29,275.0,0.0,275.0,2.53,47.7,36.5,0.1893,0.5224,,,2,0,1,0,0,1,Sandro Bola,REPUBLICANOS,
3524600,Jacupiranga,SP,Sudeste,10–50 mil,12334,28.99,65.99,3.37,5889,189,171,235,13,275.0,0.0,275.0,-4.77,29.0,47.5,0.1037,0.5076,,,0,0,0,0,0,0,Prof.Jessé,REPUBLICANOS,
3538501,Piquete,SP,Sudeste,10–50 mil,10045,33.55,60.55,3.5,4334,146,221,222,27,274.0,0.0,274.0,3.72,75.2,19.9,0.1202,0.5331,,,3,0,1,1,0,1,Rominho,PSD,
3511706,Charqueada,SP,Sudeste,10–50 mil,13212,27.35,68.07,4.06,6708,177,166,244,20,273.0,0.0,273.0,-0.02,56.1,33.4,0.0552,0.5008,,,0,0,0,0,0,0,Rodrigo Arruda,PSD,
4322533,Vale Do Sol,RS,Sul,<10 mil,8086,32.53,60.99,15.98,3830,164,274,146,10,272.0,0.0,272.0,2.91,45.6,51.9,0.0274,0.5011,,,1,0,1,0,0,0,José Valtair Dos Santos  Nego ,PP,
3545605,Santa Adélia,SP,Sudeste,10–50 mil,10828,33.19,61.43,5.64,4822,161,200,245,10,272.0,0.0,272.0,-1.84,69.3,23.3,0.1199,0.5107,,,2,0,0,1,0,1,Ciro Costa,PSD,
3520426,Ilha Comprida,SP,Sudeste,10–50 mil,13297,42.55,53.24,2.28,4498,201,136,235,22,272.0,0.0,272.0,0.62,48.7,26.9,0.1176,0.5199,,,0,0,0,0,0,0,Maristela,REPUBLICANOS,
3140506,Martinho Campos,MG,Sudeste,10–50 mil,11161,31.93,62.74,9.03,5071,122,145,296,59,272.0,0.0,272.0,-0.95,73.3,18.9,0.0716,0.5085,,,1,0,0,1,0,0,Wilson Afonso,AVANTE,
3532009,Morungaba,SP,Sudeste,10–50 mil,10613,27.51,67.09,6.82,5462,186,175,213,19,271.0,0.0,271.0,-1.03,64.2,23.7,0.1121,0.5201,,,0,0,0,0,0,0,Fernandão,UNIÃO,
4101705,Araruna,PR,Sul,10–50 mil,10853,35.76,59.65,5.6,5079,186,163,234,16,271.0,0.0,271.0,-1.51,77.4,20.2,0.1039,0.5144,,,1,0,0,1,0,0,Gustavo França ,REPUBLICANOS,
4300802,Antônio Prado,RS,Sul,10–50 mil,10712,15.6,78.71,5.22,6982,168,202,193,29,271.0,0.0,271.0,1.23,87.7,8.5,0.1102,0.5087,,,2,0,1,1,0,0,Roberto Dalle Molle,PP,
3512308,Conchas,SP,Sudeste,10–50 mil,12626,27.14,67.65,4.61,5863,157,220,223,9,270.0,0.0,270.0,-0.82,66.3,23.9,0.1317,0.5069,,,2,0,0,1,0,1,Paulo Nunes,PDT,
4124020,Santa Tereza Do Oeste,PR,Sul,10–50 mil,10278,35.14,60.1,6.27,4832,219,156,187,13,270.0,0.0,270.0,0.12,74.6,19.1,0.0823,0.5149,,,1,0,0,1,0,0,Amarildo Rigolin,PP,
3161809,São Gonçalo Do Pará,MG,Sudeste,<10 mil,8689,37.91,56.28,9.36,3850,129,117,328,51,270.0,0.0,270.0,-3.82,76.9,17.0,0.09,0.5078,,,1,0,0,1,0,0,Zaquinha,AGIR,
1506708,Santana Do Araguaia,PA,Norte,10–50 mil,25280,29.65,67.93,8.92,12320,183,168,255,2,270.0,0.0,270.0,-6.31,48.5,42.0,0.0563,0.4835,,,0,0,0,0,0,0,Eduardo Da Machado,MDB,
5106372,Pedra Preta,MT,Centro-Oeste,10–50 mil,14477,37.38,59.1,7.78,6283,193,209,174,7,269.0,0.0,269.0,-1.01,60.5,30.5,0.098,0.4968,,,0,0,0,0,0,0,Iraci,PSDB,
1506195,Rurópolis,PA,Norte,10–50 mil,20247,26.71,70.37,14.59,10826,191,158,242,6,268.0,0.0,268.0,-5.61,51.7,32.6,0.0544,0.4866,,,0,0,0,0,0,0,Zé Filho Da Farmácia,PP,"Trafegabilidade da BR-230 (Transamazônica) não pavimentada entre Rurópolis e Medicilândia: atoleiros, falta de drenagem/sinalização, tombamento de veículos (MPF acionou a Justiça em jul/2025; decisão determinando obras urgentes em mai/2026) | Isolamento de moradores e dificuldade de escoar a produção agrícola pela BR-230"
3109105,Bueno Brandão,MG,Sudeste,<10 mil,8694,29.16,64.43,5.11,4040,157,145,169,90,268.0,0.0,268.0,0.52,81.6,11.6,0.0825,0.5027,,,1,0,0,1,0,0,Juninho Cavini,UNIÃO,
1508126,Ulianópolis,PA,Norte,10–50 mil,20159,43.49,54.36,8.66,8453,215,114,253,7,268.0,0.0,268.0,-5.12,47.4,41.0,0.0438,0.4881,,,0,0,0,0,0,0,Kelly Destro,MDB,Pavimentação de vias urbanas (repasse federal anterior para Dom Eliseu e Ulianópolis)
5104104,Guarantã Do Norte,MT,Centro-Oeste,10–50 mil,22729,16.17,81.09,3.46,13975,254,106,179,16,268.0,0.0,268.0,-5.28,59.7,29.3,0.1136,0.5074,,,0,0,0,0,0,0,Subtenente Márcio Gonçalves,NOVO,
3112000,Candeias,MG,Sudeste,10–50 mil,11511,44.43,51.22,5.37,4266,105,162,337,34,268.0,0.0,268.0,-2.45,82.0,13.5,0.0772,0.4944,,,1,0,0,1,0,0,Jucão,PP,
3301157,Cardoso Moreira,RJ,Sudeste,10–50 mil,12616,33.82,62.07,4.86,6014,168,217,194,11,267.0,0.0,267.0,-5.51,37.4,43.8,0.0535,0.511,Douglas Ruas (PL),20.3,0,0,0,0,0,0,Geane Vincler,UNIÃO,
4309001,Giruá,RS,Sul,10–50 mil,12735,29.28,66.48,7.24,6733,142,225,216,19,267.0,0.0,267.0,0.88,64.6,33.1,0.0937,0.522,,,0,0,0,0,0,0,Taborda,PP,
5100300,Alto Araguaia,MT,Centro-Oeste,10–50 mil,11527,31.44,63.54,5.78,5403,101,366,134,6,267.0,0.0,267.0,-3.22,59.2,30.1,0.1528,0.5161,,,1,0,0,0,0,1,Jacson Niedermeier,UNIÃO,
3145000,Nova Ponte,MG,Sudeste,10–50 mil,13442,40.67,55.75,9.11,5375,181,177,187,30,266.0,0.0,266.0,0.75,55.5,28.2,0.05,0.4875,,,0,0,0,0,0,0,Zé Divino,PP,"Saúde mental (projeto do CAPS no Setembro Amarelo 2026) — agenda da prefeitura | Cultura/eventos ('Nova Ponte é Show', consulta sobre política cultural) — agenda da prefeitura"
3300225,Areal,RJ,Sudeste,10–50 mil,10270,36.89,58.08,4.93,4555,133,197,252,26,266.0,0.0,266.0,0.67,57.3,25.9,0.0481,0.5294,Douglas Ruas (PL),-1.0,0,0,0,0,0,0,Gutinho Bernardes,PP,
5207600,Fazenda Nova,GO,Centro-Oeste,<10 mil,5536,38.48,52.69,1.21,2259,31,550,30,2,266.0,0.0,266.0,2.27,55.8,34.7,0.1044,0.5023,,,1,0,1,0,0,0,Marcus ,UNIÃO,
4124400,Santo Antônio Do Sudoeste,PR,Sul,10–50 mil,15509,43.22,54.12,8.84,6705,218,144,198,9,265.0,0.0,265.0,0.46,67.6,19.9,0.0804,0.5271,,,1,0,0,1,0,0,Ricardinho,PL,"Fronteira/segurança: contrabando de cigarros, apreensões de maconha e descaminho pelo BPFron na BR-163 e na área de fronteira (várias manchetes de 2026) | Porto Seco em Santo Antônio do Sudoeste, nova reivindicação da Carta do Sudoeste 2026 (Amsop); também se pedem Polícia Federal e Receita Federal na região"
4306205,Cruzeiro Do Sul,RS,Sul,<10 mil,9328,29.89,64.43,7.82,4725,176,168,216,21,264.0,0.0,264.0,4.63,80.1,16.9,0.0766,0.51,,,2,0,1,1,0,0,Dingola,PP,
3527603,Luís Antônio,SP,Sudeste,10–50 mil,10065,41.22,53.82,7.23,3859,196,115,260,15,264.0,0.0,264.0,0.09,52.8,33.3,0.0919,0.5066,,,0,0,0,0,0,0,Rodrigão,PP,
1507458,São Geraldo Do Araguaia,PA,Norte,10–50 mil,19494,38.98,58.54,5.91,8816,162,142,301,5,264.0,0.0,264.0,-9.41,53.4,39.9,0.0532,0.498,,,0,0,0,0,0,0,Jefferson Oliveira,MDB,
3109907,Caetanópolis,MG,Sudeste,<10 mil,8761,40.53,54.07,4.65,3638,92,186,256,69,264.0,0.0,264.0,-1.33,70.7,19.9,0.0909,0.5148,,,1,0,0,1,0,0,Joãozinho Procópio,PSD,
3544905,Sales Oliveira,SP,Sudeste,<10 mil,8527,30.14,63.53,5.57,4088,179,189,192,15,263.0,0.0,263.0,1.31,70.7,17.3,0.103,0.5203,,,2,0,1,1,0,0,Mônica Favarim,MDB,
4126504,Sertanópolis,PR,Sul,10–50 mil,13311,24.38,71.25,4.1,7245,165,220,175,17,263.0,0.0,263.0,2.46,66.9,27.5,0.123,0.5266,,,2,0,1,0,0,1,Ana Ruth Secco,PL,
4107603,Faxinal,PR,Sul,10–50 mil,12177,26.49,68.83,4.79,6470,144,229,200,14,261.0,0.0,261.0,-2.84,62.2,30.4,0.1105,0.5302,,,0,0,0,0,0,0,Hermes Santa Rosa,PSD,
3529708,Miguelópolis,SP,Sudeste,10–50 mil,15123,42.04,54.94,8.0,6124,169,157,225,25,260.0,0.0,260.0,2.42,67.5,23.5,0.104,0.5202,,,2,0,1,1,0,0,Júlio Enfermeiro,PSB,Habitação: sorteio de casas da CDHU em 24/09/2026 | Turismo/lazer: controle de acesso de veículos na Praia Artificial (licitação 2026) — agenda da prefeitura
3538204,Pinhalzinho,SP,Sudeste,10–50 mil,11384,29.54,65.43,5.5,5431,162,181,204,26,260.0,0.0,260.0,-3.24,68.7,22.1,0.1253,0.5083,,,2,0,0,1,0,1,Tiao Zanardi,PSD,
3143005,Monte Belo,MG,Sudeste,10–50 mil,10838,43.91,51.99,8.11,4180,141,165,221,49,260.0,0.0,260.0,-0.4,83.3,14.3,0.0673,0.4946,,,1,0,0,1,0,0,Klebinho,AVANTE,"Café/renda rural: ~400 cafeicultores reclamaram de atraso no pagamento de sacas vendidas a armazém local (G1/EPTV, mar/2025) | Usina/emprego: Adecoagro assinou em 28/09/2026 a venda da Usina Monte Alegre, em Monte Belo, para um fundo (JornalCana/Globo Rural)"
5218789,Rio Quente,GO,Centro-Oeste,<10 mil,4413,33.64,54.2,1.14,1779,38,517,38,3,260.0,0.0,260.0,-0.67,60.9,23.6,0.1179,0.5,,,0,0,0,0,0,0,Ana Paula,SOLIDARIEDADE,
4206207,Gravatal,SC,Sul,<10 mil,9437,20.42,73.64,3.24,5778,162,154,236,28,260.0,0.0,260.0,-1.16,77.2,16.2,0.0869,0.518,,,1,0,0,1,0,0,Clei Rodrigues,PP,
3117801,Conceição Dos Ouros,MG,Sudeste,<10 mil,9042,34.68,60.02,5.16,4313,163,84,267,59,260.0,0.0,260.0,1.32,77.7,15.3,0.0851,0.4976,,,2,0,1,1,0,0,Luis Fernando,MDB,
4121406,Realeza,PR,Sul,10–50 mil,14524,36.49,60.16,6.93,6803,181,139,245,12,259.0,0.0,259.0,-1.86,83.3,12.3,0.1275,0.5282,,,2,0,0,1,0,1,Paulo Bateria,PSD,
4210001,Luiz Alves,SC,Sul,10–50 mil,10211,15.53,79.13,3.97,6909,207,127,183,30,259.0,0.0,259.0,-2.07,81.9,12.7,0.0957,0.4962,,,1,0,0,1,0,0,Caboclo,MDB,
4204558,Correia Pinto,SC,Sul,10–50 mil,12108,37.94,58.33,8.17,5636,179,179,203,10,259.0,0.0,259.0,0.78,68.9,27.3,0.0591,0.5148,,,0,0,0,0,0,0,Lucia Ortiz,MDB,
5106257,Nova Xavantina,MT,Centro-Oeste,10–50 mil,16249,25.81,70.48,6.21,8243,162,248,147,9,259.0,0.0,259.0,-4.54,55.4,32.0,0.1253,0.5082,,,1,0,0,0,0,1,João Bang,UNIÃO,
4212650,Pescaria Brava,SC,Sul,<10 mil,8428,33.42,61.11,8.75,4361,180,132,240,21,259.0,0.0,259.0,1.23,76.0,21.0,0.0819,0.5089,,,2,0,1,1,0,0,Henrique Da Saúde,PP,
3204500,Santa Leopoldina,ES,Sudeste,10–50 mil,10108,44.91,50.82,3.84,3859,165,172,235,8,258.0,0.0,258.0,1.21,55.7,36.0,0.0557,0.4861,Lorenzo Pazolini (REPUBLICANOS),5.3,1,0,1,0,0,0,Fernando Rocha,PDT,
3202603,Iconha,ES,Sudeste,10–50 mil,11401,32.48,62.81,5.77,5485,149,156,277,13,258.0,0.0,258.0,0.54,78.3,17.2,0.1026,0.504,Lorenzo Pazolini (REPUBLICANOS),9.9,1,0,0,1,0,0,Gedson Brandao Paulino,REPUBLICANOS,
3553609,Tapiratiba,SP,Sudeste,<10 mil,9228,42.74,52.44,7.53,3626,149,165,220,37,257.0,0.0,257.0,-4.66,75.1,17.6,0.1227,0.5206,,,2,0,0,1,0,1,Ramon,CIDADANIA,"Segurança escolar: aluno de 22 anos esfaqueou uma estudante e uma servidora na Escola Municipal Monsenhor João Luiz do Prado, em Tapiratiba (mai/2026) | Violência urbana: homem baleado na cabeça na frente do filho de 3 anos, com adolescentes apreendidos (ago/2025) (manchete)"
4103909,Campina Da Lagoa,PR,Sul,10–50 mil,12371,36.15,59.7,7.76,5520,135,209,230,13,257.0,0.0,257.0,-0.21,75.2,21.5,0.074,0.5265,,,1,0,0,1,0,0,Padre Gianny,PP,
4104402,Cândido De Abreu,PR,Sul,10–50 mil,11738,39.93,56.05,6.79,4879,167,208,183,9,257.0,0.0,257.0,1.9,78.3,18.9,0.0629,0.4965,,,2,0,1,1,0,0,Renan,PSD,
3511607,Cesário Lange,SP,Sudeste,10–50 mil,13804,26.03,69.52,5.46,6790,169,167,225,11,256.0,0.0,256.0,-1.47,54.3,28.5,0.0899,0.5053,,,0,0,0,0,0,0,Ramiro,REPUBLICANOS,
3556305,Valparaíso,SP,Sudeste,10–50 mil,15952,33.72,62.8,5.98,6772,189,143,215,14,256.0,0.0,256.0,3.01,49.2,41.1,0.1233,0.5122,,,2,0,1,0,0,1,Xandi,PSD,
5205000,Carmo Do Rio Verde,GO,Centro-Oeste,<10 mil,7229,36.81,56.47,1.1,3092,58,471,45,4,255.0,0.0,255.0,0.48,53.9,40.8,0.0828,0.5064,,,0,0,0,0,0,0,Geraldo Reis,MDB,
5218706,Rianápolis,GO,Centro-Oeste,<10 mil,3946,31.74,57.95,-1.97,1738,26,393,33,0,196.0,59.0,255.0,1.16,70.4,24.6,0.0816,0.5124,,,3,1,1,1,0,0,Gilber Miranda,PP,
1100148,Nova Brasilândia D'Oeste,RO,Norte,10–50 mil,13407,25.63,70.25,2.95,7601,132,210,231,11,255.0,0.0,255.0,-7.63,49.5,38.3,0.0751,0.4998,,,0,0,0,0,0,0,Ginao Da Saúde,PRTB,
4315503,Restinga Sêca,RS,Sul,10–50 mil,12277,37.56,58.6,10.6,5487,132,262,157,16,255.0,0.0,255.0,2.87,70.6,22.3,0.0869,0.5095,,,2,0,1,1,0,0,Norton Soares,MDB,
4104709,Carlópolis,PR,Sul,10–50 mil,12148,32.9,62.82,7.46,5552,168,180,192,19,255.0,0.0,255.0,1.16,73.5,19.8,0.0919,0.5179,,,2,0,1,1,0,0,Nilton Meira,PSD,
5215405,Ouro Verde De Goiás,GO,Centro-Oeste,<10 mil,3766,32.31,54.19,0.14,1605,22,532,36,0,254.0,0.0,254.0,-1.1,79.3,16.6,0.0901,0.5041,,,1,0,0,1,0,0,Rodrigo Fonseca,PL,
3544301,Roseira,SP,Sudeste,<10 mil,8328,34.5,59.65,4.25,3895,161,153,250,10,253.0,0.0,253.0,-1.23,72.3,17.3,0.1253,0.5168,,,2,0,0,1,0,1,Fernando Siqueira,PL,
3525508,Joanópolis,SP,Sudeste,<10 mil,9451,28.19,66.1,5.33,4751,159,165,205,28,253.0,0.0,253.0,-3.04,65.4,24.3,0.1304,0.5109,,,2,0,0,1,0,1,Cristiano Da Ema,REPUBLICANOS,
1400209,Caracaraí,RR,Norte,10–50 mil,15259,25.78,70.65,4.67,8598,174,108,283,9,252.0,0.0,252.0,0.96,41.0,39.1,0.0631,0.4764,,,0,0,0,0,0,0,Diane Coelho,PP,
3133402,Itapagipe,MG,Sudeste,10–50 mil,10384,39.26,55.87,7.94,4280,101,139,345,24,252.0,0.0,252.0,0.53,71.1,17.1,0.0873,0.5045,,,1,0,0,1,0,0,Ricardo Garcia,AVANTE,
5204250,Cachoeira Dourada,GO,Centro-Oeste,<10 mil,7232,44.42,49.52,8.8,2635,54,450,68,5,252.0,0.0,252.0,-0.22,66.9,16.9,0.0859,0.4985,,,1,0,0,1,0,0,Rodrigo Rodrigues,MDB,
3111507,Campos Altos,MG,Sudeste,10–50 mil,10084,36.51,58.3,4.82,3890,106,133,196,108,252.0,0.0,252.0,0.65,64.6,26.2,0.0649,0.5105,,,0,0,0,0,0,0,Vicente Da Venda,CIDADANIA,
4316956,Santa Maria Do Herval,RS,Sul,<10 mil,5271,25.45,64.86,8.43,2912,116,240,207,15,252.0,0.0,252.0,1.7,83.1,14.0,0.0478,0.4931,,,2,0,1,1,0,0,Gilnei Capeletti Chilo,MDB,
3107901,Bom Repouso,MG,Sudeste,10–50 mil,10209,41.59,54.17,9.41,4238,157,97,263,45,252.0,0.0,252.0,3.39,86.6,10.7,0.0534,0.4982,,,2,0,1,1,0,0,Edmilson Do Tião Do Roque,REPUBLICANOS,Pautas locais específicas não verificadas: limite de buscas esgotado e WebFetch bloqueado por rate limit (HTTP 429) na fase de pautas.
4115606,Matelândia,PR,Sul,10–50 mil,13751,21.38,74.69,2.45,8141,202,156,155,19,252.0,0.0,252.0,-4.01,71.1,25.1,0.1254,0.5185,,,2,0,0,1,0,1,Gabriel Cadini,PL,
4307500,Espumoso,RS,Sul,10–50 mil,12400,33.39,62.67,12.33,6182,154,147,254,17,252.0,0.0,252.0,1.68,88.3,9.3,0.1198,0.5223,,,3,0,1,1,0,1,Dr Gerson,PP,
3102001,Alterosa,MG,Sudeste,10–50 mil,12246,41.58,54.71,3.82,5080,132,133,287,30,252.0,0.0,252.0,0.52,84.5,12.7,0.0631,0.5037,,,1,0,0,1,0,0,Marcelo Nunes,PSD,
3529906,Miracatu,SP,Sudeste,10–50 mil,15311,37.38,59.22,1.46,6295,164,174,208,11,251.0,0.0,251.0,-4.51,40.2,44.0,0.0849,0.5104,,,0,0,0,0,0,0,Vinicius Do Iraque,PL,
4301636,Balneário Pinhal,RS,Sul,10–50 mil,11040,44.8,50.9,6.1,3723,147,215,176,16,250.0,0.0,250.0,3.01,53.6,19.2,0.0721,0.5359,,,1,0,1,0,0,0,Cezar Furini,MDB,
3137700,Lajinha,MG,Sudeste,10–50 mil,16637,43.46,54.0,6.25,6740,149,119,232,51,250.0,0.0,250.0,3.26,55.1,36.9,0.0815,0.5187,,,1,0,1,0,0,0,Renato Do Casarão,MDB,
4208005,Itá,SC,Sul,<10 mil,5888,37.33,55.56,8.73,2666,198,126,193,19,250.0,0.0,250.0,-1.79,75.0,21.0,0.1502,0.494,,,2,0,0,1,0,1,Clemor,PL,
5107065,Querência,MT,Centro-Oeste,10–50 mil,18997,22.31,74.51,3.88,10420,137,230,198,3,250.0,0.0,250.0,-3.44,50.2,31.5,0.1322,0.4862,,,1,0,0,0,0,1,Gilmar Wentz,PRD,
4213708,Pouso Redondo,SC,Sul,10–50 mil,12260,18.07,77.38,4.5,7576,204,139,176,13,250.0,0.0,250.0,0.65,74.4,22.5,0.0488,0.5115,,,1,0,0,1,0,0,Rafael,PL,
1100064,Colorado Do Oeste,RO,Norte,10–50 mil,13478,24.01,71.47,3.27,7050,145,175,221,20,249.0,0.0,249.0,-2.65,55.5,35.9,0.0821,0.5054,,,0,0,0,0,0,0,Edinho Da Rádio,PL,
1500859,Anapu,PA,Norte,10–50 mil,25278,26.68,71.06,13.86,13113,138,198,219,9,248.0,0.0,248.0,-0.99,39.2,43.6,0.0319,0.4732,,,0,0,0,0,0,0,Luiz Carlos Do Posto,REPUBLICANOS,"Conflitos fundiários históricos (região do PDS Esperança/assassinato de Dorothy Stang em 2005) [conhecimento geral, sem fonte web verificada nesta rodada] | Demais pautas 2024-2026 não verificadas"
5213855,Morro Agudo De Goiás,GO,Centro-Oeste,<10 mil,3067,34.58,54.06,-2.65,1326,11,394,19,1,183.0,65.0,248.0,0.75,60.0,34.1,0.0871,0.4982,,,1,1,0,0,0,0,Deny Leles,MDB,
4101903,Assaí,PR,Sul,10–50 mil,12321,26.64,68.68,3.98,6168,150,172,227,11,248.0,0.0,248.0,2.74,64.6,25.0,0.1362,0.5306,,,2,0,1,0,0,1,Tuti,PSD,
4305306,Chapada,RS,Sul,<10 mil,7697,29.39,64.44,9.68,4041,160,201,171,11,247.0,0.0,247.0,1.56,79.1,18.9,0.0846,0.5256,,,2,0,1,1,0,0,Gelson Scherer,PP,
4301206,Arroio Do Tigre,RS,Sul,<10 mil,9941,29.65,65.43,15.08,5229,155,197,189,9,247.0,0.0,247.0,-1.53,81.6,17.8,0.0775,0.5114,,,1,0,0,1,0,0,Vanderlei Hermes,PP,
5107008,Poxoréu,MT,Centro-Oeste,10–50 mil,14509,41.26,55.42,9.34,5778,118,187,269,5,246.0,0.0,246.0,-5.3,59.8,27.5,0.1102,0.4825,,,0,0,0,0,0,0,Luciano Sol,REPUBLICANOS,"Proposta de desmembramento do distrito de Nova Poxoréu (prefeitura contrária, ago/2026) | Pavimentação de 5,6 km no distrito de Nova Poxoréu (parceria com o Estado) e nova escola estadual"
4321105,Tapes,RS,Sul,10–50 mil,11792,44.74,51.71,8.05,4484,164,158,204,18,246.0,0.0,246.0,3.18,62.3,20.2,0.1008,0.5224,,,1,0,1,0,0,0,Garcez,PP,
5200555,Alto Horizonte,GO,Centro-Oeste,<10 mil,6397,35.72,56.33,2.08,2579,43,467,48,3,245.0,0.0,245.0,0.59,59.3,32.4,0.1014,0.5013,,,0,0,0,0,0,0,Diogo Rodrigues,SOLIDARIEDADE,
5222054,Vicentinópolis,GO,Centro-Oeste,<10 mil,7110,38.7,55.12,8.31,3054,72,401,80,2,244.0,0.0,244.0,1.32,59.5,33.6,0.0707,0.4978,,,1,0,1,0,0,0,Ariovaldo Carvalho,PP,
4216008,São Carlos,SC,Sul,<10 mil,8222,31.04,63.47,7.93,4295,166,187,170,10,244.0,0.0,244.0,0.39,83.2,13.5,0.1428,0.5105,,,2,0,0,1,0,1,Delton,MDB,
3521705,Itaberá,SP,Sudeste,10–50 mil,13507,38.7,57.91,9.33,5931,159,145,244,6,244.0,0.0,244.0,-1.8,64.3,26.1,0.0906,0.5048,,,0,0,0,0,0,0,Ronaldo Gl,PSDB,
4316600,Sananduva,RS,Sul,10–50 mil,13017,25.2,71.12,7.68,7537,193,129,173,23,244.0,0.0,244.0,-0.44,89.0,9.3,0.1199,0.5133,,,2,0,0,1,0,1,Claiton De Aguiar,PL,
3119955,Córrego Fundo,MG,Sudeste,<10 mil,5391,32.85,57.72,10.45,2416,90,200,277,17,244.0,0.0,244.0,-0.91,88.7,8.7,0.0475,0.4919,,,1,0,0,1,0,0,Danilo Contador,PSD,
4214706,Rio Dos Cedros,SC,Sul,<10 mil,8999,17.68,76.47,3.73,5703,196,156,150,14,244.0,0.0,244.0,-3.08,69.1,27.2,0.0973,0.4966,,,0,0,0,0,0,0,Jorge Stolf,PL,
3300936,Carapebus,RJ,Sudeste,10–50 mil,13468,38.88,57.83,5.17,6124,159,141,251,3,243.0,0.0,243.0,-2.96,39.4,42.0,0.0619,0.5078,Douglas Ruas (PL),-3.6,0,0,0,0,0,0,Bernard Tavares,CIDADANIA,
4204905,Descanso,SC,Sul,<10 mil,7241,29.91,63.76,7.72,3808,162,156,196,20,243.0,0.0,243.0,0.03,87.9,9.9,0.0906,0.4983,,,1,0,0,1,0,0,Juca Kasper,PL,
5212956,Matrinchã,GO,Centro-Oeste,<10 mil,3955,43.5,45.46,1.67,1322,11,534,21,0,243.0,0.0,243.0,3.18,60.6,31.5,0.0746,0.5092,,,1,0,1,0,0,0,Ivânia,UNIÃO,
3117900,Congonhal,MG,Sudeste,<10 mil,9730,32.79,62.28,6.53,4684,138,130,234,41,243.0,0.0,243.0,0.79,80.1,16.7,0.0435,0.4983,,,1,0,0,1,0,0,Juninho,REPUBLICANOS,
5006002,Nova Alvorada Do Sul,MS,Centro-Oeste,10–50 mil,16244,40.77,56.06,6.25,5815,173,116,245,9,242.0,0.0,242.0,5.51,60.3,31.8,0.0631,0.5136,,,1,0,1,0,0,0,Paleari,PP,
3535804,Paranapanema,SP,Sudeste,10–50 mil,13591,35.86,60.71,8.96,6313,162,115,264,9,242.0,0.0,242.0,-3.53,58.3,33.3,0.1161,0.509,,,0,0,0,0,0,0,Rodolfo Fanganiello,PSD,
5221809,Urutaí,GO,Centro-Oeste,<10 mil,3949,44.28,45.25,2.94,1334,41,478,32,1,242.0,0.0,242.0,2.47,61.6,25.0,0.1382,0.4808,,,2,0,1,0,0,1,Alexandre Araújo,MDB,
4304689,Capela De Santana,RS,Sul,<10 mil,8031,40.3,54.4,6.32,3410,162,121,262,6,242.0,0.0,242.0,3.61,63.4,25.0,0.0431,0.5131,,,1,0,1,0,0,0,Oziel Rangel,PP,
4110607,Iporã,PR,Sul,10–50 mil,12170,32.12,63.8,4.32,5671,182,123,210,14,242.0,0.0,242.0,2.61,71.4,24.2,0.0978,0.5268,,,2,0,1,1,0,0,Robertinho,PSDB,
3120508,Cristina,MG,Sudeste,<10 mil,8297,39.38,55.03,2.92,3196,125,189,156,55,242.0,0.0,242.0,1.78,78.3,16.7,0.0643,0.4952,,,2,0,1,1,0,0,Pavão,PP,
3204005,Pancas,ES,Sudeste,10–50 mil,15876,43.68,53.52,4.91,5953,161,140,220,16,241.0,0.0,241.0,-2.57,40.6,48.9,0.0688,0.5061,Lorenzo Pazolini (REPUBLICANOS),4.4,0,0,0,0,0,0,Guima,PP,
3555109,Tupi Paulista,SP,Sudeste,10–50 mil,10833,30.21,64.96,5.54,5227,150,165,220,9,241.0,0.0,241.0,-1.28,64.8,22.9,0.1882,0.5313,,,1,0,0,0,0,1,Juliano Guiro,PSD,
3553955,Tarumã,SP,Sudeste,10–50 mil,11526,34.35,61.61,5.02,5406,156,181,191,8,241.0,0.0,241.0,0.59,55.3,38.9,0.0948,0.5116,,,0,0,0,0,0,0,Adriana Roncada,PSD,
4202057,Balneário Barra Do Sul,SC,Sul,10–50 mil,11418,26.77,68.65,1.86,5884,185,126,191,17,240.0,0.0,240.0,-2.28,48.9,38.4,0.1181,0.5122,,,1,0,0,0,0,1,Ademar Borges,PSD,
1502772,Curionópolis,PA,Norte,10–50 mil,17009,39.78,57.54,8.61,7212,186,66,287,4,240.0,0.0,240.0,-4.27,45.7,39.3,0.0507,0.4834,,,0,0,0,0,0,0,Mariana Chamon,MDB,
4212254,Passo De Torres,SC,Sul,<10 mil,9128,30.62,64.01,7.14,4487,174,120,218,15,239.0,0.0,239.0,0.6,64.3,20.0,0.0849,0.516,,,0,0,0,0,0,0,Valmir Rodrigues,PP,
3203106,Jerônimo Monteiro,ES,Sudeste,10–50 mil,10071,44.15,51.54,3.4,3838,85,230,237,12,238.0,0.0,238.0,-0.35,53.5,31.4,0.0549,0.5189,Lorenzo Pazolini (REPUBLICANOS),14.0,1,0,0,0,1,0,Ze Valerio,PSD,
5103254,Colniza,MT,Centro-Oeste,10–50 mil,19479,20.16,76.7,5.62,10609,163,124,237,10,238.0,0.0,238.0,-2.56,40.2,44.8,0.0659,0.4883,,,0,0,0,0,0,0,Miltinho,UNIÃO,
1508357,Vitória Do Xingu,PA,Norte,10–50 mil,16489,42.22,55.34,8.74,7026,188,114,215,5,238.0,0.0,238.0,-0.72,55.6,35.7,0.0711,0.4742,,,0,0,0,0,0,0,Márcio Viana,MDB,"Royalties de Belo Monte (Belo Monte repassou cerca de R$ 1,5 bi em royalties a estados/municípios desde 2016) e uso dessas receitas | Vazão da Volta Grande do Xingu e impacto sobre pesca/ribeirinhos (revisão judicial do hidrograma em dez/2025)"
4118808,Peabiru,PR,Sul,<10 mil,9916,37.66,57.87,6.26,4395,151,162,209,10,237.0,0.0,237.0,-2.85,72.2,21.5,0.1278,0.5278,,,2,0,0,1,0,1,Marcos Lopes,PL,
4313656,Palmares Do Sul,RS,Sul,10–50 mil,10969,39.54,56.18,9.93,4306,123,204,181,23,237.0,0.0,237.0,2.3,64.6,18.3,0.0686,0.5183,,,1,0,1,0,0,0,Regis Da Netpal,PP,
3538105,Pindorama,SP,Sudeste,10–50 mil,10497,29.4,65.87,5.33,5292,164,129,224,11,237.0,0.0,237.0,-4.75,64.3,25.1,0.1345,0.5156,,,1,0,0,0,0,1,Junior,REPUBLICANOS,
3203809,Muqui,ES,Sudeste,10–50 mil,11078,44.8,51.58,3.47,4377,144,192,190,6,237.0,0.0,237.0,1.86,70.0,22.1,0.0517,0.5107,Lorenzo Pazolini (REPUBLICANOS),13.2,3,0,1,1,1,0,Camarão,PL,
5004502,Itaporã,MS,Centro-Oeste,10–50 mil,14201,31.1,65.72,6.69,7419,191,107,198,15,237.0,0.0,237.0,-1.01,60.5,26.5,0.1225,0.5212,,,1,0,0,0,0,1,Tiago Carbonaro,PP,
3153608,Prudente De Morais,MG,Sudeste,<10 mil,8555,44.64,50.64,6.34,3238,111,128,227,64,237.0,0.0,237.0,3.49,56.6,28.6,0.0695,0.5188,,,1,0,1,0,0,0,Jocimar Brandão(Jó De Brandão),AVANTE,
4104600,Capitão Leônidas Marques,PR,Sul,10–50 mil,11861,39.24,57.31,7.61,5165,195,132,170,9,237.0,0.0,237.0,-2.42,81.2,16.1,0.1049,0.52,,,1,0,0,1,0,0,Maxwell Scapini,PSD,
3123007,Dores De Campos,MG,Sudeste,<10 mil,8082,44.04,50.91,7.77,3227,102,105,318,36,236.0,0.0,236.0,1.06,87.9,8.2,0.0389,0.5171,,,2,0,1,1,0,0,Marcinho Do Tica,MDB,Só genéricos encontrados: calçamento de ruas com bloquetes em 2026 (agenda da prefeitura; licitação vista só em resultado de busca).
4317806,Santo Augusto,RS,Sul,10–50 mil,11312,40.44,55.86,9.25,4965,120,215,195,9,236.0,0.0,236.0,0.32,64.2,31.3,0.1128,0.5212,,,0,0,0,0,0,0,Lilian Fontoura Depiere,PL,"Saúde: ampliação do Hospital Bom Pastor com R$ 7 milhões do programa estadual Avançar Mais na Saúde e inauguração de ambulatório de oftalmologia (jul/2026) | Segurança/tráfico: Operação Rancho Fechado, 2ª fase, contra esquema de tráfico no município (ago/2026)"
4102802,Bela Vista Do Paraíso,PR,Sul,10–50 mil,12282,33.27,62.6,5.04,5574,124,209,193,10,236.0,0.0,236.0,3.66,74.6,20.8,0.1193,0.5391,,,3,0,1,1,0,1,Jacaré,PL,
3149705,Perdigão,MG,Sudeste,<10 mil,8537,22.84,70.93,1.89,4724,124,71,278,61,236.0,0.0,236.0,0.06,70.9,23.8,0.0424,0.5104,,,1,0,0,1,0,0,Julliano Da Abs,AVANTE,
5200159,Adelândia,GO,Centro-Oeste,<10 mil,2963,26.89,62.07,-3.74,1422,8,318,17,2,149.0,86.0,235.0,0.09,41.7,46.8,0.0905,0.483,,,1,1,0,0,0,0,Edinho Do Laticínio,UNIÃO,
5211701,Jandaia,GO,Centro-Oeste,<10 mil,5992,34.97,57.62,4.59,2723,47,436,49,4,235.0,0.0,235.0,-2.53,50.2,34.8,0.1194,0.5061,,,1,0,0,0,0,1,Danilo Jandaia,PSDB,
1101492,São Francisco Do Guaporé,RO,Norte,10–50 mil,12702,23.54,72.26,5.35,7180,135,150,248,7,234.0,0.0,234.0,-4.79,42.9,44.2,0.0745,0.5024,,,0,0,0,0,0,0,Zé Wellington,PL,
4111902,Jaguapitã,PR,Sul,10–50 mil,11056,31.14,64.04,5.29,5042,120,178,230,12,234.0,0.0,234.0,4.07,60.7,30.9,0.0946,0.5323,,,1,0,1,0,0,0,Edison Rodrigues,PRD,
3507407,Borborema,SP,Sudeste,10–50 mil,10738,27.22,68.05,4.52,5454,156,158,192,12,234.0,0.0,234.0,-2.78,73.5,20.9,0.1036,0.5153,,,1,0,0,1,0,0,Sheila Maria,PL,
3523602,Itirapina,SP,Sudeste,10–50 mil,10400,37.73,57.83,4.39,4246,170,141,183,15,234.0,0.0,234.0,2.59,49.8,31.0,0.0888,0.5106,,,1,0,1,0,0,0,Dona Graça,PSD,
3511300,Cedral,SP,Sudeste,<10 mil,8582,26.46,67.59,2.01,4391,145,154,206,16,233.0,0.0,233.0,0.53,57.4,28.0,0.1165,0.5244,,,0,0,0,0,0,0,Irineo Beolchi Junior,PSD,
4112702,Jataizinho,PR,Sul,<10 mil,9482,35.8,59.42,3.12,4190,152,175,177,11,233.0,0.0,233.0,1.97,62.0,27.2,0.0863,0.5262,,,1,0,1,0,0,0,Vilsinho Quirino,PDT,
5101407,Aripuanã,MT,Centro-Oeste,10–50 mil,17103,19.95,76.58,5.4,8794,201,120,159,11,233.0,0.0,233.0,-1.91,46.9,34.5,0.0799,0.4864,,,0,0,0,0,0,0,Seluir Peixer Reghin,UNIÃO,
3550803,São Sebastião Da Grama,SP,Sudeste,<10 mil,8398,34.04,60.24,6.12,3612,137,157,183,35,233.0,0.0,233.0,1.67,73.8,20.0,0.1284,0.5137,,,3,0,1,1,0,1,Zé Da Doca,PSD,
3514502,Duartina,SP,Sudeste,<10 mil,9858,35.89,59.27,5.55,4219,126,177,213,13,232.0,0.0,232.0,-1.05,58.0,30.4,0.1443,0.5248,,,1,0,0,0,0,1,Suzy Simao,PSDB,
5103502,Diamantino,MT,Centro-Oeste,10–50 mil,16562,31.18,65.89,7.29,8095,183,132,170,13,232.0,0.0,232.0,-0.11,61.3,27.1,0.1543,0.5015,,,1,0,0,0,0,1,Chico Mendes,UNIÃO,
5203401,Bom Jardim De Goiás,GO,Centro-Oeste,<10 mil,7603,43.76,50.93,9.23,2910,42,424,69,2,232.0,0.0,232.0,0.06,64.9,30.1,0.0745,0.5007,,,0,0,0,0,0,0,Edio Navarini,PODE,
1200807,Porto Acre,AC,Norte,10–50 mil,14284,25.11,71.23,2.39,7926,113,169,228,22,231.0,0.0,231.0,-1.0,35.6,50.4,0.0526,0.4755,Mailza Assis (PP),23.4,1,0,0,0,1,0,Maximo,PP,
4127007,Teixeira Soares,PR,Sul,<10 mil,8083,33.74,60.56,8.6,3739,125,184,205,10,230.0,0.0,230.0,2.87,67.6,26.9,0.0644,0.4985,,,1,0,1,0,0,0,Ivanor Muller,PP,
4200101,Abelardo Luz,SC,Sul,10–50 mil,12625,36.34,60.12,5.66,5619,160,136,193,16,230.0,0.0,230.0,-0.12,70.1,25.4,0.09,0.5097,,,1,0,0,1,0,0,Santin,MDB,
5102702,Canarana,MT,Centro-Oeste,10–50 mil,17766,18.2,78.73,3.89,10515,170,189,126,5,229.0,0.0,229.0,-4.78,49.6,33.8,0.145,0.4994,,,1,0,0,0,0,1,Vilson Biguelini,UNIÃO,
3522901,Itapuí,SP,Sudeste,<10 mil,9473,34.16,61.04,8.11,4349,160,136,206,7,229.0,0.0,229.0,-3.2,67.5,25.1,0.0977,0.5162,,,1,0,0,1,0,0,Clelia,PSD,
4316501,Salvador Do Sul,RS,Sul,<10 mil,5640,20.57,70.48,7.0,3247,130,205,158,16,229.0,0.0,229.0,2.53,80.6,16.2,0.0861,0.5048,,,2,0,1,1,0,0,Laerce,MDB,
3202702,Itaguaçu,ES,Sudeste,10–50 mil,11742,41.19,55.1,5.08,4628,135,157,211,14,229.0,0.0,229.0,1.96,57.9,37.5,0.0761,0.5075,Lorenzo Pazolini (REPUBLICANOS),3.9,1,0,1,0,0,0,Darly Dettmann,PSB,
4201257,Apiúna,SC,Sul,<10 mil,8375,21.19,73.1,4.67,4944,177,123,140,38,229.0,0.0,229.0,-1.8,82.1,14.1,0.0443,0.5018,,,1,0,0,1,0,0,Marcelo,PL,
3151008,Piranguinho,MG,Sudeste,<10 mil,7298,41.67,53.17,6.48,2982,136,108,185,61,228.0,0.0,228.0,0.09,79.4,15.2,0.0687,0.4971,,,1,0,0,1,0,0,Paulo Renato,UNIÃO,
5212600,Mairipotaba,GO,Centro-Oeste,<10 mil,3493,34.88,52.1,3.72,1387,16,481,32,1,228.0,0.0,228.0,1.09,61.2,23.1,0.0953,0.4934,,,1,0,1,0,0,0,Lindomar Bessa,UNIÃO,
4127403,Terra Roxa,PR,Sul,10–50 mil,13332,28.06,68.43,3.02,7167,160,125,190,22,228.0,0.0,228.0,0.24,70.7,21.3,0.1162,0.5341,,,1,0,0,1,0,0,Ivan Reis,PP,
4127304,Terra Rica,PR,Sul,10–50 mil,11783,32.6,63.28,4.34,5510,111,174,230,14,228.0,0.0,228.0,0.57,66.1,26.3,0.1005,0.5218,,,0,0,0,0,0,0,Agnaldo,PP,
5219258,Santa Fé De Goiás,GO,Centro-Oeste,<10 mil,4208,39.44,50.33,1.33,1543,39,454,20,2,227.0,0.0,227.0,0.65,54.7,35.8,0.0681,0.5023,,,0,0,0,0,0,0,Dr Victor,PL,
3508009,Buri,SP,Sudeste,10–50 mil,14878,32.5,64.36,7.41,7013,178,121,192,5,227.0,0.0,227.0,-2.29,49.2,37.8,0.0754,0.5039,,,0,0,0,0,0,0,Professor Germano Peschel,PP,
3155504,Rio Paranaíba,MG,Sudeste,10–50 mil,11055,41.2,55.07,12.05,4434,112,175,181,38,227.0,0.0,227.0,-3.56,82.4,11.7,0.1006,0.5052,,,1,0,0,1,0,0,Adriano,PL,"Agronegócio/exposição agropecuária (evento com deputado Elmiro Nascimento) — matéria não lida | Estradas: pavimentação da MG-230 (Rio Paranaíba–Serra do Salitre, 57 km, com contorno de Rio Paranaíba), descrita como demanda antiga de moradores, produtores rurais e empresários (Agência Minas, snippet; PDF não abriu)"
3508108,Buritama,SP,Sudeste,10–50 mil,13143,31.99,64.34,4.46,6141,163,111,217,13,227.0,0.0,227.0,-2.23,53.7,29.9,0.1289,0.525,,,1,0,0,0,0,1,Doutor Tiago,PP,
3104106,Arceburgo,MG,Sudeste,<10 mil,7685,38.37,56.33,4.91,3193,185,90,170,31,226.0,0.0,226.0,1.46,60.6,25.0,0.0663,0.5,,,1,0,1,0,0,0,Margareth Anacleto,PL,
3117108,Conceição Da Aparecida,MG,Sudeste,<10 mil,8307,43.13,51.92,5.05,3198,95,124,276,35,225.0,0.0,225.0,2.19,79.1,17.2,0.0527,0.5001,,,2,0,1,1,0,0,Tonhão,PL,
3201704,Conceição Do Castelo,ES,Sudeste,<10 mil,9986,27.49,67.47,3.24,4899,141,151,177,23,224.0,0.0,224.0,-3.4,75.5,19.0,0.0585,0.5124,Lorenzo Pazolini (REPUBLICANOS),13.7,2,0,0,1,1,0,Valber Vargas Valbinho,PSB,
4202206,Benedito Novo,SC,Sul,<10 mil,8293,14.11,79.76,1.35,5394,179,127,151,18,224.0,0.0,224.0,-1.59,40.9,54.9,0.0671,0.4969,,,0,0,0,0,0,0,Jean Michel Grundmann,PP,
4208708,Jacinto Machado,SC,Sul,<10 mil,9165,18.84,75.72,7.22,5619,172,112,184,17,224.0,0.0,224.0,-1.26,80.8,15.2,0.0676,0.5045,,,1,0,0,1,0,0,Sander Just,MDB,
4207809,Irani,SC,Sul,<10 mil,7724,31.75,62.5,6.36,3882,129,132,255,5,224.0,0.0,224.0,0.49,72.2,22.2,0.0735,0.5136,,,1,0,0,1,0,0,Fuminho,PP,
5005681,Mundo Novo,MS,Centro-Oeste,10–50 mil,14988,34.42,62.37,4.48,6593,171,85,233,10,224.0,0.0,224.0,2.41,56.4,33.8,0.0789,0.5534,,,1,0,1,0,0,0,Rosária,PSDB,
5205471,Chapadão Do Céu,GO,Centro-Oeste,<10 mil,9497,25.89,68.85,5.52,4928,79,334,90,3,223.0,0.0,223.0,0.96,50.5,36.9,0.1022,0.5072,,,0,0,0,0,0,0,Vinicius Terin,MDB,
3203353,Marilândia,ES,Sudeste,10–50 mil,10864,33.43,62.62,4.82,5309,153,127,208,9,223.0,0.0,223.0,1.49,80.1,16.7,0.0853,0.511,Lorenzo Pazolini (REPUBLICANOS),13.5,3,0,1,1,1,0,Gutim,PSB,
4218806,Turvo,SC,Sul,10–50 mil,10409,15.55,79.68,2.97,6974,168,113,172,24,222.0,0.0,222.0,0.86,79.4,15.8,0.1405,0.5218,,,2,0,0,1,0,1,Heriberto Afonso Schmidt,MDB,
5220504,Serranópolis,GO,Centro-Oeste,<10 mil,6621,39.87,53.62,6.9,2535,44,408,58,1,222.0,0.0,222.0,0.88,39.8,37.7,0.0705,0.48,,,0,0,0,0,0,0,Zilmar Carvalho,PP,
3521903,Itajobi,SP,Sudeste,10–50 mil,12328,22.78,73.19,3.42,6929,164,134,176,11,222.0,0.0,222.0,-2.92,72.1,22.2,0.1286,0.5161,,,2,0,0,1,0,1,Paquinho,PL,
5203807,Britânia,GO,Centro-Oeste,<10 mil,5183,33.83,57.22,4.15,2187,34,424,52,3,222.0,0.0,222.0,1.72,60.8,31.4,0.0786,0.5036,,,1,0,1,0,0,0,Disterro Santos,PL,
5212055,Jesúpolis,GO,Centro-Oeste,<10 mil,2726,33.56,53.94,-3.1,1067,11,345,16,0,160.0,61.0,221.0,2.9,82.0,14.1,0.0689,0.484,,,3,1,1,1,0,0,Adriano Peixoto,PP,
3117876,Confins,MG,Sudeste,<10 mil,7057,40.01,54.47,4.94,3021,98,106,241,58,221.0,0.0,221.0,2.29,61.9,26.5,0.0923,0.5065,,,1,0,1,0,0,0,Pezão,PP,
4207205,Imaruí,SC,Sul,10–50 mil,10187,41.63,54.62,5.98,4200,174,98,202,9,221.0,0.0,221.0,2.06,75.5,17.3,0.0827,0.4978,,,2,0,1,1,0,0,Patrick Correa,REPUBLICANOS,
3118700,Coqueiral,MG,Sudeste,<10 mil,7797,44.07,51.09,4.22,2888,131,140,168,41,221.0,0.0,221.0,0.87,83.8,13.4,0.0565,0.5059,,,1,0,0,1,0,0,Renato Curuja,PSD,
4116059,Missal,PR,Sul,<10 mil,9671,28.13,67.53,4.07,5368,176,127,167,6,221.0,0.0,221.0,-1.02,81.9,13.8,0.1098,0.5092,,,1,0,0,1,0,0,Adilto Ferrari,PSD,
4209904,Lontras,SC,Sul,<10 mil,9347,18.69,76.12,5.68,5686,189,85,170,22,221.0,0.0,221.0,-0.86,72.3,22.8,0.0853,0.514,,,1,0,0,1,0,0,Rubens R Dos Santos,MDB,
4203303,Campo Alegre,SC,Sul,10–50 mil,10133,15.57,79.23,5.81,6398,138,162,166,21,221.0,0.0,221.0,-0.37,79.9,16.7,0.0896,0.5028,,,1,0,0,1,0,0,Rubens Blaszkowski,PSD,
3123205,Dores Do Indaiá,MG,Sudeste,10–50 mil,10109,36.43,59.11,5.55,4269,94,177,190,38,220.0,0.0,220.0,-3.3,76.5,16.8,0.1289,0.5258,,,2,0,0,1,0,1,Alex,PSD,
3551900,Severínia,SP,Sudeste,10–50 mil,11642,36.54,59.86,6.37,5495,125,119,255,10,219.0,0.0,219.0,-4.21,62.5,26.1,0.0926,0.4973,,,0,0,0,0,0,0,Guilherme Secchieri,UNIÃO,
5106307,Paranatinga,MT,Centro-Oeste,10–50 mil,16917,26.09,70.94,5.66,8745,154,143,180,6,219.0,0.0,219.0,-3.04,59.3,24.0,0.0873,0.4886,,,0,0,0,0,0,0,Marcos Tomazini,UNIÃO,
5215900,Palminópolis,GO,Centro-Oeste,<10 mil,4428,28.22,60.95,0.31,2068,19,441,48,3,219.0,0.0,219.0,1.92,40.0,49.2,0.0964,0.5055,,,1,0,1,0,0,0,Dr Franc,PP,
4101309,Antônio Olinto,PR,Sul,<10 mil,6911,38.76,55.38,11.62,2894,121,219,148,4,219.0,0.0,219.0,1.22,86.0,11.0,0.0507,0.482,,,2,0,1,1,0,0,Fabinho Machiavelli,PP,
4205001,Dionísio Cerqueira,SC,Sul,10–50 mil,12090,38.58,58.1,7.42,5130,197,105,152,7,219.0,0.0,219.0,-0.33,63.9,30.7,0.0814,0.5189,,,0,0,0,0,0,0,Bianca,PL,
1200385,Plácido De Castro,AC,Norte,10–50 mil,12291,27.32,68.77,2.65,6580,120,166,213,5,219.0,0.0,219.0,-1.89,40.6,45.1,0.0686,0.4978,Mailza Assis (PP),10.3,1,0,0,0,1,0,Camilo Da Silva,PP,
3555604,Uchoa,SP,Sudeste,<10 mil,8307,34.89,59.68,4.58,3605,119,144,220,16,218.0,0.0,218.0,1.8,66.9,21.1,0.0861,0.5197,,,2,0,1,1,0,0,Claudio Martins,MDB,
3202900,Itarana,ES,Sudeste,<10 mil,9584,30.75,64.24,7.47,4502,127,136,221,13,218.0,0.0,218.0,2.44,57.6,38.2,0.0859,0.5017,Lorenzo Pazolini (REPUBLICANOS),12.5,2,0,1,0,1,0,Vander Enfermeiro,PSB,
4315800,Roca Sales,RS,Sul,<10 mil,7666,27.48,66.61,8.84,4049,115,211,149,12,218.0,0.0,218.0,4.6,74.0,23.4,0.0718,0.5103,,,2,0,1,1,0,0,Mazinho,PP,
3142205,Miraí,MG,Sudeste,10–50 mil,10695,44.63,51.8,4.98,4092,119,124,236,22,218.0,0.0,218.0,-1.25,60.9,34.5,0.0586,0.515,,,0,0,0,0,0,0,Adaelson Magalhães,REPUBLICANOS,
3112802,Capitólio,MG,Sudeste,<10 mil,8244,33.52,60.97,5.93,3618,136,73,225,48,218.0,0.0,218.0,1.65,70.4,22.4,0.0709,0.5049,,,2,0,1,1,0,0,Cristiano Gerardão,PL,
1100056,Cerejeiras,RO,Norte,10–50 mil,13278,18.51,77.63,2.9,7945,156,121,185,14,217.0,0.0,217.0,-0.82,49.9,39.7,0.1141,0.5176,,,0,0,0,0,0,0,Sinésio José,UNIÃO,
5202809,Avelinópolis,GO,Centro-Oeste,<10 mil,4465,31.63,58.14,3.27,1958,23,444,35,0,217.0,0.0,217.0,4.93,71.1,20.8,0.0968,0.4959,,,2,0,1,1,0,0,Dr Antonio,PL,
3557204,Chavantes,SP,Sudeste,<10 mil,8675,35.34,59.94,5.22,3907,159,147,158,8,217.0,0.0,217.0,4.34,55.8,35.6,0.1094,0.5201,,,1,0,1,0,0,0,Filipe,PL,
3149101,Pedralva,MG,Sudeste,<10 mil,9379,39.81,55.79,5.8,3793,106,122,215,47,217.0,0.0,217.0,0.9,89.9,6.7,0.0534,0.4976,,,1,0,0,1,0,0,Joel Silva,PT,
3202504,Ibiraçu,ES,Sudeste,<10 mil,9933,40.0,55.79,2.32,4043,138,83,257,17,216.0,0.0,216.0,1.9,62.7,23.6,0.1,0.5209,Lorenzo Pazolini (REPUBLICANOS),8.0,1,0,1,0,0,0,Duda Zanotti ,PODE,
4216255,São João Do Oeste,SC,Sul,<10 mil,5102,18.26,72.89,4.43,3192,129,195,111,27,215.0,0.0,215.0,-2.47,96.2,3.0,0.1342,0.4928,,,2,0,0,1,0,1,Sérgio,PSD,
5204805,Campo Alegre De Goiás,GO,Centro-Oeste,<10 mil,5811,40.69,52.71,8.54,2373,42,370,83,4,215.0,0.0,215.0,-1.2,53.7,20.1,0.083,0.489,,,0,0,0,0,0,0,Douglas Sertório,PL,"[plano de governo 2024] Saúde: médico como diretor técnico em tempo integral no hospital, Centro de Autismo 'Colorindo o Mundo', SAMU via Estado e parcerias com hospitais de Catalão para reduzir viagens a Goiânia. | [plano de governo 2024] Habitação: programa Lar Doce Lar com 150 casas ou mais, ampliação do Cheque Reforma e continuidade da REURB."
3114105,Carmo De Minas,MG,Sudeste,<10 mil,9819,42.64,53.53,7.22,3856,117,112,202,45,214.0,0.0,214.0,0.21,71.1,21.8,0.0645,0.5173,,,1,0,0,1,0,0,Darci Da Loja,PDT,
4125001,São João Do Ivaí,PR,Sul,<10 mil,9056,44.87,50.93,6.57,3458,81,192,235,5,214.0,0.0,214.0,-0.35,70.2,23.4,0.1006,0.5265,,,1,0,0,1,0,0,Fábio Hidek,UNIÃO,
4112801,Joaquim Távora,PR,Sul,<10 mil,9226,33.4,61.87,5.66,4212,145,130,186,13,214.0,0.0,214.0,2.25,75.3,19.5,0.1033,0.5252,,,2,0,1,1,0,0,Gelson Mansur Nassar,PSDB,
4107504,Engenheiro Beltrão,PR,Sul,10–50 mil,10063,34.89,60.98,5.48,4654,119,194,162,6,214.0,0.0,214.0,-1.47,75.0,21.3,0.1256,0.5194,,,2,0,0,1,0,1,Garbim,PSB,
3103751,Araporã,MG,Sudeste,<10 mil,7006,42.32,52.54,7.84,2786,117,216,112,21,214.0,0.0,214.0,0.68,59.5,24.8,0.0975,0.5125,,,0,0,0,0,0,0,Xinguinha,PSD,
3120201,Cristais,MG,Sudeste,<10 mil,8667,42.45,53.19,8.19,3339,149,118,179,21,214.0,0.0,214.0,1.64,75.3,21.4,0.0351,0.507,,,2,0,1,1,0,0,Celinho Do Divino Elias,PSDB,
4216404,São João Do Sul,SC,Sul,<10 mil,7398,21.44,72.21,9.65,4379,133,144,204,4,213.0,0.0,213.0,0.7,76.1,17.3,0.0404,0.5012,,,1,0,0,1,0,0,Alex Bianchin,PP,
3202256,Governador Lindenberg,ES,Sudeste,<10 mil,9107,44.56,51.35,7.82,3438,130,123,228,8,213.0,0.0,213.0,0.36,85.8,13.4,0.039,0.4943,Lorenzo Pazolini (REPUBLICANOS),9.0,1,0,0,1,0,0,Leonardo Finco,PP,
4311106,Jaguari,RS,Sul,<10 mil,8702,35.02,60.01,12.18,3988,87,210,194,7,213.0,0.0,213.0,3.7,85.5,9.0,0.1207,0.5053,,,3,0,1,1,0,1,Igor Tambara,MDB,
1100338,Nova Mamoré,RO,Norte,10–50 mil,19455,19.16,78.26,5.05,11731,162,122,177,6,213.0,0.0,213.0,-3.93,40.7,42.4,0.0469,0.4952,,,0,0,0,0,0,0,Marcélio Brasileiro,PL,
4114500,Manoel Ribas,PR,Sul,10–50 mil,11018,27.61,68.19,8.07,5884,101,172,216,8,213.0,0.0,213.0,2.11,84.8,11.8,0.1014,0.5202,,,2,0,1,1,0,0,Corona,PSD,
1506161,Rio Maria,PA,Norte,10–50 mil,13846,34.32,62.53,8.9,6461,115,200,164,2,212.0,0.0,212.0,-3.19,53.7,36.5,0.0604,0.4953,,,0,0,0,0,0,0,Marcia Ferreira,MDB,
3556107,Valentim Gentil,SP,Sudeste,10–50 mil,10146,32.02,63.85,6.51,4987,162,106,193,6,212.0,0.0,212.0,-2.3,60.8,26.0,0.1028,0.5159,,,0,0,0,0,0,0,Claudinei Do Skinão,PRD,
1400308,Mucajaí,RR,Norte,10–50 mil,14383,17.99,78.56,5.48,9218,142,109,228,4,212.0,0.0,212.0,0.39,44.7,31.0,0.0798,0.4856,,,0,0,0,0,0,0,Chiquinho Rufino,REPUBLICANOS,
1400050,Alto Alegre,RR,Norte,10–50 mil,13408,25.05,71.59,4.0,7951,138,116,227,3,212.0,0.0,212.0,0.54,29.3,20.7,0.0705,0.4782,,,0,0,0,0,0,0,Wagner Nunes,REPUBLICANOS,
3506805,Bocaina,SP,Sudeste,<10 mil,8535,27.07,67.47,5.5,4264,134,144,159,24,211.0,0.0,211.0,-1.45,66.1,27.5,0.1302,0.5129,,,1,0,0,0,0,1,Caio Crepaldi,MDB,
1200252,Epitaciolândia,AC,Norte,10–50 mil,14599,24.63,72.05,4.87,8129,133,135,202,8,211.0,0.0,211.0,-0.75,43.9,38.1,0.0985,0.5131,Mailza Assis (PP),23.3,1,0,0,0,1,0,Delegado Sérgio Lopes,PL,
5206503,Cromínia,GO,Centro-Oeste,<10 mil,3970,36.79,53.44,5.31,1703,26,411,51,2,211.0,0.0,211.0,0.38,55.8,28.9,0.1262,0.5102,,,1,0,0,0,0,1,Fernando Cardoso,UNIÃO,
3528809,Maracaí,SP,Sudeste,10–50 mil,10406,32.47,63.47,5.16,5095,151,137,161,12,211.0,0.0,211.0,-1.48,63.2,31.0,0.1229,0.5092,,,1,0,0,0,0,1,Paulinho Da Saúde,MDB,
3509908,Cananéia,SP,Sudeste,10–50 mil,10410,41.6,54.52,2.64,3998,149,127,187,4,210.0,0.0,210.0,4.04,33.6,36.0,0.1174,0.5103,,,1,0,1,0,0,0,Andre Sanches,UNIÃO,
4100608,Alto Paraná,PR,Sul,10–50 mil,10406,37.76,58.31,8.14,4457,116,178,168,12,210.0,0.0,210.0,0.54,76.5,18.0,0.093,0.5253,,,1,0,0,1,0,0,Palito,UNIÃO,
4117107,Nova Londrina,PR,Sul,<10 mil,9738,39.53,56.46,5.4,4022,148,128,185,5,210.0,0.0,210.0,-3.61,71.4,24.8,0.1186,0.5296,,,2,0,0,1,0,1,Gustavo Bono,PP,
4205308,Faxinal Dos Guedes,SC,Sul,<10 mil,8705,43.99,52.28,6.5,3690,144,143,166,10,210.0,0.0,210.0,-0.4,71.6,25.5,0.1024,0.5053,,,1,0,0,1,0,0,Jader Danielli,PSD,"Atenção primária à saúde: emenda parlamentar federal de R$ 300 mil para o PAP (deliberação CIB/SES-SC 215/2025, jun/2025) | Estiagem regional 2025 no Grande Oeste (contexto; município não confirmado em lista de decreto)"
4213807,Praia Grande,SC,Sul,<10 mil,6688,31.11,63.01,11.14,3388,156,103,175,20,209.0,0.0,209.0,0.51,74.6,16.7,0.0515,0.5113,,,1,0,0,1,0,0,Fanica,PP,
4218905,Urubici,SC,Sul,<10 mil,8139,21.58,72.89,6.77,4822,160,116,173,7,209.0,0.0,209.0,-6.54,77.6,16.0,0.1436,0.5134,,,2,0,0,1,0,1,Leandro Corrêa,PSD,
4207908,Irineópolis,SC,Sul,<10 mil,8228,25.05,69.61,12.0,4607,143,119,194,8,208.0,0.0,208.0,-0.87,77.4,17.9,0.0658,0.4966,,,1,0,0,1,0,0,Juliano,PSDB,
4126801,Tapejara,PR,Sul,10–50 mil,11635,34.19,62.22,5.71,5373,139,128,190,8,208.0,0.0,208.0,-0.88,60.7,34.4,0.0843,0.5178,,,0,0,0,0,0,0,Ronaldo Vilas Boas,SOLIDARIEDADE,
2707305,Porto Calvo,AL,Nordeste,10–50 mil,21598,44.47,53.73,5.37,8667,122,82,289,1,207.0,0.0,207.0,-4.09,41.8,42.2,0.0316,0.52,,,0,0,0,0,0,0,Eronita Sposito,MDB,
5204607,Campestre De Goiás,GO,Centro-Oeste,<10 mil,4041,43.4,47.58,0.67,1407,44,397,30,0,207.0,0.0,207.0,1.18,47.9,40.4,0.0673,0.4881,,,1,0,1,0,0,0,Esmeraldo,PDT,
3528601,Manduri,SP,Sudeste,<10 mil,7096,33.8,59.99,7.36,3140,110,132,232,9,207.0,0.0,207.0,-1.47,69.9,22.5,0.1015,0.5062,,,1,0,0,1,0,0,Paulo Roberto,PODE,
4118907,Pérola,PR,Sul,<10 mil,9508,32.54,62.94,6.47,4403,142,142,172,4,207.0,0.0,207.0,1.57,71.1,22.4,0.0954,0.5307,,,2,0,1,1,0,0,Valdete Cunha,PP,
4200606,Águas Mornas,SC,Sul,<10 mil,6493,22.49,70.72,7.97,3818,134,118,192,16,206.0,0.0,206.0,0.57,75.8,18.4,0.0837,0.4942,,,1,0,0,1,0,0,Pedro Do Banco,MDB,
5219506,Santa Rosa De Goiás,GO,Centro-Oeste,<10 mil,3527,40.15,49.66,5.52,1395,18,428,30,1,206.0,0.0,206.0,1.58,87.1,11.1,0.0952,0.5037,,,2,0,1,1,0,0,Ulisses,PDT,
3139706,Maravilhas,MG,Sudeste,<10 mil,6311,35.99,57.71,8.14,2874,83,122,244,35,206.0,0.0,206.0,0.82,87.4,10.4,0.0306,0.5067,,,1,0,0,1,0,0,Bonaparte,PSD,
4109302,Guaraniaçu,PR,Sul,10–50 mil,11100,30.83,65.27,7.51,5465,111,182,157,13,206.0,0.0,206.0,1.22,80.6,15.1,0.0808,0.5117,,,2,0,1,1,0,0,Ronaldo Cazella,MDB,
5212105,Joviânia,GO,Centro-Oeste,<10 mil,5772,36.03,57.12,10.24,2583,40,360,72,4,206.0,0.0,206.0,-0.37,58.1,28.6,0.1024,0.5059,,,0,0,0,0,0,0,Elisberto Da Retro,PODE,
4321436,Terra De Areia,RS,Sul,<10 mil,7779,33.22,61.65,10.13,3645,156,118,168,7,206.0,0.0,206.0,1.58,71.3,22.7,0.075,0.5202,,,2,0,1,1,0,0,Osvaldo Mattos,MDB,
5213756,Montividiu,GO,Centro-Oeste,<10 mil,9826,25.2,70.15,8.13,5303,73,291,100,5,206.0,0.0,206.0,-1.63,54.5,31.4,0.0751,0.4925,,,0,0,0,0,0,0,Edson Bueno,PSB,
3513900,Divinolândia,SP,Sudeste,<10 mil,9543,26.81,68.36,6.3,4814,123,134,179,21,205.0,0.0,205.0,2.08,81.5,12.0,0.1099,0.5204,,,2,0,1,1,0,0,Padoca,PL,
5007406,Rio Verde De Mato Grosso,MS,Centro-Oeste,10–50 mil,13917,37.04,59.93,7.65,6090,127,115,224,5,205.0,0.0,205.0,-1.04,53.3,35.8,0.1044,0.5212,,,0,0,0,0,0,0,Réus Fornari,PP,
5002100,Bela Vista,MS,Centro-Oeste,10–50 mil,16420,37.75,59.77,7.24,6983,164,90,191,5,205.0,0.0,205.0,0.61,69.6,21.3,0.0769,0.5123,,,1,0,0,1,0,0,Gabriel Boccia,PP,
5208152,Gameleira De Goiás,GO,Centro-Oeste,<10 mil,3713,37.2,52.51,4.63,1528,31,394,45,1,204.0,0.0,204.0,2.15,67.7,27.7,0.0891,0.4915,,,1,0,1,0,0,0,Wivviane Duarte,PL,
3132909,Itamogi,MG,Sudeste,<10 mil,9062,42.19,53.72,5.38,3466,128,104,189,31,204.0,0.0,204.0,0.76,75.9,17.7,0.061,0.508,,,1,0,0,1,0,0,Rogerio,PL,
5213053,Mimoso De Goiás,GO,Centro-Oeste,<10 mil,3345,44.69,45.22,2.47,1167,20,430,17,2,204.0,0.0,204.0,3.22,47.7,34.9,0.0839,0.4778,,,1,0,1,0,0,0,Rafael Bruno,PP,
5000203,Água Clara,MS,Centro-Oeste,10–50 mil,13465,34.79,61.76,10.04,5370,160,78,202,10,204.0,0.0,204.0,1.7,50.9,37.1,0.0762,0.4949,,,1,0,1,0,0,0,Gerolina,PSDB,"Infraestrutura pressionada pelo crescimento ligado à indústria florestal/celulose (habitação, escolas) | Saúde: construção do Hospital Municipal no bairro Novo Horizonte (R$ 23,3 mi do Estado)"
4121802,Ribeirão Claro,PR,Sul,<10 mil,9867,37.75,58.07,6.43,4118,111,148,195,13,204.0,0.0,204.0,1.06,72.2,21.5,0.1081,0.5174,,,2,0,1,1,0,0,Lisandro Baggio,UNIÃO,
4214607,Rio Do Oeste,SC,Sul,<10 mil,6043,20.84,71.99,5.2,3613,130,129,168,20,203.0,0.0,203.0,-0.56,84.8,13.1,0.0681,0.4998,,,1,0,0,1,0,0,Bruno Pessatti,PL,
3157336,Santa Cruz De Minas,MG,Sudeste,<10 mil,6469,41.9,52.51,4.72,2608,102,115,202,37,202.0,0.0,202.0,-0.14,71.0,19.9,0.0533,0.5416,,,1,0,0,1,0,0,Wagner Do Didico,PRD,
3541703,Quatá,SP,Sudeste,10–50 mil,10121,31.19,64.62,6.6,4814,139,119,181,9,202.0,0.0,202.0,2.18,56.0,33.1,0.1197,0.5145,,,2,0,1,0,0,1,Márcio Bidóia,PSD,
3557303,Estiva Gerbi,SP,Sudeste,<10 mil,9490,29.51,65.96,6.72,4753,136,117,184,13,202.0,0.0,202.0,0.37,59.8,30.4,0.1054,0.5146,,,0,0,0,0,0,0,Marcio Pavan,SOLIDARIEDADE,
4107009,Curiúva,PR,Sul,10–50 mil,10807,36.88,59.21,10.59,4476,128,140,182,6,202.0,0.0,202.0,2.11,68.5,25.8,0.0655,0.5021,,,1,0,1,0,0,0,Christiano Borges,PSD,
4102505,Barbosa Ferraz,PR,Sul,<10 mil,8859,41.53,54.26,4.34,3460,111,188,146,8,202.0,0.0,202.0,0.3,75.3,20.8,0.0851,0.5193,,,1,0,0,1,0,0,Carlos Caxão,PSD,
4320206,Seberi,RS,Sul,<10 mil,9356,35.05,61.05,10.91,4597,134,155,149,7,202.0,0.0,202.0,1.75,81.4,16.4,0.1071,0.5208,,,2,0,1,1,0,0,Adilson Balestrin,MDB,
5221007,Taquaral De Goiás,GO,Centro-Oeste,<10 mil,4447,35.21,55.92,5.62,1899,24,401,35,4,201.0,0.0,201.0,-2.43,62.7,32.5,0.0837,0.5102,,,0,0,0,0,0,0,Lorena Neri,PDT,
4321667,Três Cachoeiras,RS,Sul,<10 mil,8189,22.29,72.76,7.3,4933,163,70,172,24,201.0,0.0,201.0,1.74,86.3,11.5,0.0844,0.5074,,,2,0,1,1,0,0,Fabiana,PP,
3130200,Igaratinga,MG,Sudeste,<10 mil,8345,36.11,59.01,7.81,3735,89,89,271,28,201.0,0.0,201.0,0.68,77.1,18.6,0.0226,0.5005,,,1,0,0,1,0,0,Fabio Alves,AVANTE,
4128401,Uraí,PR,Sul,<10 mil,8555,36.54,58.96,5.53,3836,110,150,172,18,200.0,0.0,200.0,3.05,73.5,20.9,0.1541,0.5232,,,3,0,1,1,0,1,Tarantini,UNIÃO,
5105606,Matupá,MT,Centro-Oeste,10–50 mil,15134,19.33,77.58,7.99,8825,165,99,158,8,200.0,0.0,200.0,-2.9,56.2,26.9,0.112,0.5049,,,0,0,0,0,0,0,Bruno Mena,UNIÃO,
4204707,Cunha Porã,SC,Sul,<10 mil,8864,13.47,81.56,4.75,6072,161,125,115,18,200.0,0.0,200.0,1.62,52.8,43.8,0.1166,0.5126,,,1,0,1,0,0,0,Luzia Vacarin,PSDB,
4304713,Caraá,RS,Sul,<10 mil,6518,40.06,54.11,8.52,2612,80,222,151,9,200.0,0.0,200.0,-0.23,72.7,19.4,0.0431,0.4825,,,1,0,0,1,0,0,Bolivar Gomes,PSDB,
3129707,Ibiraci,MG,Sudeste,<10 mil,9469,39.57,56.65,3.42,3930,108,122,141,58,200.0,0.0,200.0,1.4,80.3,13.2,0.0455,0.5042,,,2,0,1,1,0,0,Cesar Da Estancia,PL,
4312500,Mostardas,RS,Sul,<10 mil,9243,35.37,60.15,11.99,3945,103,182,145,16,199.0,0.0,199.0,4.31,67.3,23.8,0.066,0.5012,,,2,0,1,1,0,0,Gilnei Nazareth,PP,
1708205,Formoso Do Araguaia,TO,Norte,10–50 mil,14141,38.85,58.48,7.88,6319,70,224,168,6,199.0,0.0,199.0,0.6,51.5,33.2,0.0737,0.4934,Professora Dorinha (UNIÃO),21.7,1,0,0,0,1,0,Israel Kawe,PSB,
4314423,Picada Café,RS,Sul,<10 mil,4533,20.8,69.66,8.02,2608,106,175,141,21,199.0,0.0,199.0,0.14,63.9,32.5,0.093,0.5185,,,0,0,0,0,0,0,Daniel Rückert,PP,
4302659,Brochier,RS,Sul,<10 mil,3961,30.28,59.51,9.05,1890,103,168,175,9,199.0,0.0,199.0,2.28,61.7,34.7,0.0539,0.5035,,,1,0,1,0,0,0,Pigue,MDB,
3159209,Santa Rita De Caldas,MG,Sudeste,<10 mil,7062,31.44,62.65,5.63,3341,96,116,208,35,199.0,0.0,199.0,1.35,83.4,11.4,0.0594,0.505,,,2,0,1,1,0,0,Edvan Lopes,PL,
4215505,Santa Cecília,SC,Sul,10–50 mil,12255,33.15,63.52,11.73,5603,156,124,142,7,199.0,0.0,199.0,-2.16,73.2,20.4,0.066,0.5133,,,1,0,0,1,0,0,Dr Carlos,PODE,
5210802,Itajá,GO,Centro-Oeste,<10 mil,3668,30.81,57.71,4.51,1610,19,410,32,1,199.0,0.0,199.0,-0.29,52.7,30.0,0.1222,0.5229,,,1,0,0,0,0,1,Lucas Machado,MDB,
4204004,Catanduvas,SC,Sul,<10 mil,8118,29.7,65.54,9.23,4408,122,130,186,10,198.0,0.0,198.0,-2.08,75.5,20.7,0.1255,0.5209,,,2,0,0,1,0,1,Mona,PL,
4203709,Canelinha,SC,Sul,10–50 mil,10123,21.22,74.45,4.35,5930,154,110,163,5,198.0,0.0,198.0,0.13,68.0,23.7,0.0651,0.5143,,,1,0,0,1,0,0,Diogo Maciel,PL,
3302056,Italva,RJ,Sudeste,10–50 mil,11648,29.27,67.11,5.46,5937,113,151,159,18,198.0,0.0,198.0,-3.25,46.3,37.6,0.0649,0.5275,Douglas Ruas (PL),0.8,0,0,0,0,0,0,Léo Pelanca,PL,
3131505,Ipuiúna,MG,Sudeste,<10 mil,7715,36.65,58.66,9.3,3447,119,130,144,36,198.0,0.0,198.0,1.5,76.4,19.5,0.0425,0.5028,,,2,0,1,1,0,0,Elder,PL,
3134806,Jacuí,MG,Sudeste,<10 mil,6410,26.25,66.69,3.02,3065,97,132,155,50,198.0,0.0,198.0,-2.89,84.0,12.3,0.051,0.5013,,,1,0,0,1,0,0,Di Professora,PSD,
4210407,Maracajá,SC,Sul,<10 mil,6447,26.55,67.22,7.73,3585,129,116,187,10,197.0,0.0,197.0,-1.47,73.2,20.9,0.0952,0.5041,,,1,0,0,1,0,0,Brambila,PSD,
2705101,Matriz De Camaragibe,AL,Nordeste,10–50 mil,18656,43.22,54.94,3.13,7489,174,63,187,4,197.0,0.0,197.0,-4.52,36.9,40.5,0.0247,0.525,,,0,0,0,0,0,0,Fernando Cavalcante,MDB,
4309050,Glorinha,RS,Sul,<10 mil,6780,27.23,66.52,6.04,3394,142,154,121,7,197.0,0.0,197.0,1.28,68.2,18.4,0.0652,0.4908,,,2,0,1,1,0,0,Leonardo Carvalho,MDB,
3543006,Ribeirão Branco,SP,Sudeste,10–50 mil,14335,43.21,54.37,11.01,5703,141,116,174,4,196.0,0.0,196.0,-2.01,54.3,36.4,0.0445,0.5008,,,0,0,0,0,0,0,Tuca Ribas,PP,Educação: a prefeitura destaca o resultado no IDEB 2025 | Qualificação profissional (curso de eletricista residencial e rural em 2026)
3204955,São Roque Do Canaã,ES,Sudeste,<10 mil,9890,36.48,59.73,6.41,4394,126,133,159,15,196.0,0.0,196.0,2.84,77.6,18.8,0.085,0.4946,Lorenzo Pazolini (REPUBLICANOS),18.3,3,0,1,1,1,0,Marcos Guerra,PSDB,
3165107,São Tomás De Aquino,MG,Sudeste,<10 mil,5951,43.16,50.88,6.29,2178,61,144,170,66,196.0,0.0,196.0,0.1,84.0,11.8,0.0395,0.5073,,,1,0,0,1,0,0,Daniel Tineca,PSD,
3552700,Tabatinga,SP,Sudeste,10–50 mil,10716,34.95,61.44,9.22,4883,138,122,164,7,195.0,0.0,195.0,-2.99,64.1,23.8,0.0955,0.5032,,,0,0,0,0,0,0,Valter Camargo,PSD,
3142403,Moema,MG,Sudeste,<10 mil,6829,38.87,55.81,8.05,2900,76,158,176,36,195.0,0.0,195.0,-1.99,81.5,11.5,0.0727,0.5252,,,1,0,0,1,0,0,Criolo,PL,
4316758,Santa Clara Do Sul,RS,Sul,<10 mil,5711,21.72,70.78,9.21,3316,104,153,175,13,195.0,0.0,195.0,1.32,78.2,17.9,0.0658,0.5059,,,2,0,1,1,0,0,Marcio,PP,
3542909,Ribeirão Bonito,SP,Sudeste,<10 mil,8616,42.13,53.69,4.74,3168,144,120,137,15,194.0,0.0,194.0,-0.89,57.9,28.4,0.1057,0.5123,,,0,0,0,0,0,0,Paulo Veiga,PP,
3522802,Itaporanga,SP,Sudeste,10–50 mil,11006,35.16,61.17,8.23,4862,115,124,192,11,194.0,0.0,194.0,-2.46,76.5,17.5,0.0899,0.5135,,,1,0,0,1,0,0,Fabio Benini,PSB,
4110953,Itaipulândia,PR,Sul,<10 mil,9902,34.5,61.95,3.88,4998,129,125,173,6,194.0,0.0,194.0,-0.87,67.9,26.2,0.1177,0.5215,,,0,0,0,0,0,0,Lindolfo,PSD,
3133600,Itapeva,MG,Sudeste,<10 mil,9518,32.02,63.51,7.28,4198,153,76,151,31,194.0,0.0,194.0,2.22,60.8,29.4,0.0676,0.506,,,1,0,1,0,0,0,Daniel,MDB,
5201504,Aporé,GO,Centro-Oeste,<10 mil,3455,34.63,53.49,2.7,1310,29,381,35,0,193.0,0.0,193.0,-1.26,52.7,37.3,0.0817,0.5056,,,0,0,0,0,0,0,Leonardo Carvalho,PP,
4119806,Planalto,PR,Sul,10–50 mil,10281,44.49,52.54,8.4,4285,135,115,173,7,193.0,0.0,193.0,-1.98,77.3,20.1,0.0856,0.5115,,,1,0,0,1,0,0,Boni,PSD,"Estiagem 2025/26: entre os municípios com situação de emergência por seca (Bem Paraná, abr/2026); perdas de até 100% no Sudoeste (Jornal de Beltrão, manchete) | Granizo e temporais em set/2026 no Sudoeste (Jornal de Beltrão: 'granizo atinge quatro municípios da região', manchete; não foi confirmado se Planalto está entre eles)"
3553005,Taguaí,SP,Sudeste,<10 mil,9253,34.15,61.75,8.19,4395,135,92,205,4,193.0,0.0,193.0,-1.46,66.4,23.7,0.076,0.5301,,,1,0,0,1,0,0,Edinho Fundão,PSD,
3526605,Lavrinhas,SP,Sudeste,<10 mil,6102,42.85,51.67,7.97,2430,111,125,197,8,192.0,0.0,192.0,-1.82,70.6,23.4,0.0848,0.5031,,,1,0,0,1,0,0,Marcos Vinicius,PSD,Emprego/renda: o programa municipal Frente de Trabalho teve seleção em 2026 | Habitação: licitação para 20 unidades habitacionais no Jardim Mavisou (2026) — agenda da prefeitura
1200336,Mâncio Lima,AC,Norte,10–50 mil,14657,31.0,66.29,3.14,7749,123,73,256,0,192.0,0.0,192.0,-5.75,49.7,44.3,0.0739,0.5033,Mailza Assis (PP),3.4,0,0,0,0,0,0,Zé Luiz,PP,
1505031,Novo Progresso,PA,Norte,10–50 mil,24783,13.74,84.13,4.53,14798,153,82,187,2,192.0,0.0,192.0,-4.4,61.2,27.7,0.0615,0.4868,,,0,0,0,0,0,0,Gelson Dill,MDB,
4111209,Itapejara D'Oeste,PR,Sul,<10 mil,9159,42.27,54.21,10.09,3931,124,137,171,1,192.0,0.0,192.0,-1.41,84.7,12.5,0.0939,0.5138,,,1,0,0,1,0,0,Schmoller,PSD,"Obras: prefeitura projeta R$ 100 mi em obras (mai/2026) e DER/PR reforça pavimento da PR-566 (manchete) | Segurança: sucessivas prisões por tráfico e apreensão de cigarros contrabandeados (2026) (Grupo RBJ, títulos do feed)"
3548203,Santo Antônio Do Pinhal,SP,Sudeste,<10 mil,6113,35.93,58.21,7.22,2723,128,128,142,20,192.0,0.0,192.0,-4.02,70.2,15.7,0.1503,0.5034,,,2,0,0,1,0,1,Parrão,PSD,
4302204,Boa Vista Do Buricá,RS,Sul,<10 mil,5645,24.62,68.46,10.07,3227,100,179,142,9,191.0,0.0,191.0,1.07,88.9,9.6,0.0988,0.5145,,,2,0,1,1,0,0,Joãozinho Sehnem,MDB,
3513207,Cristais Paulista,SP,Sudeste,<10 mil,7311,36.57,58.15,6.05,3118,101,128,192,16,191.0,0.0,191.0,0.48,63.2,18.5,0.0838,0.5001,,,0,0,0,0,0,0,Elson Gomes,MDB,
4116703,Nova Aurora,PR,Sul,<10 mil,9631,31.46,64.94,4.52,5094,143,128,121,13,190.0,0.0,190.0,-2.48,81.6,15.5,0.1176,0.5217,,,1,0,0,1,0,0,Pecinha,PL,
4215653,Santa Rosa Do Sul,SC,Sul,<10 mil,7760,24.49,70.26,5.64,4328,140,79,185,16,190.0,0.0,190.0,1.2,68.9,22.3,0.05,0.5073,,,2,0,1,1,0,0,Almides,PSDB,
3514601,Dumont,SP,Sudeste,<10 mil,7337,29.64,64.54,5.14,3615,106,76,268,5,190.0,0.0,190.0,-0.01,64.9,24.0,0.0636,0.5167,,,1,0,0,1,0,0,Tê,PP,
1501725,Brasil Novo,PA,Norte,10–50 mil,16697,27.23,70.34,7.69,9164,134,105,177,7,190.0,0.0,190.0,-0.38,49.3,39.6,0.0492,0.4856,,,0,0,0,0,0,0,Pirica,MDB,
3529807,Mineiros Do Tietê,SP,Sudeste,<10 mil,8683,27.08,67.89,5.08,4286,118,122,178,11,190.0,0.0,190.0,-1.4,63.7,27.7,0.1023,0.5173,,,0,0,0,0,0,0,Gustavo Chitinha,PL,
3201159,Brejetuba,ES,Sudeste,10–50 mil,10987,40.19,56.38,4.96,4344,137,92,184,10,190.0,0.0,190.0,0.34,43.5,35.4,0.0155,0.4888,Lorenzo Pazolini (REPUBLICANOS),9.4,0,0,0,0,0,0,Levi Da Mercedinha,PDT,
4322301,Tuparendi,RS,Sul,<10 mil,7111,21.17,73.03,6.43,4244,101,178,130,12,189.0,0.0,189.0,-0.47,65.2,31.9,0.1077,0.5241,,,0,0,0,0,0,0,Júlio Mattiazzi,PP,
3542107,Rafard,SP,Sudeste,<10 mil,7253,27.1,67.53,3.4,3890,140,98,157,15,189.0,0.0,189.0,-2.66,50.5,32.8,0.1168,0.5081,,,0,0,0,0,0,0,Fabinho,REPUBLICANOS,
5000856,Angélica,MS,Centro-Oeste,<10 mil,8695,43.04,53.09,8.67,3246,147,72,180,12,188.0,0.0,188.0,1.94,64.2,28.0,0.0689,0.5022,,,1,0,1,0,0,0,Edinho Cassuci,PSDB,
3157708,Santa Juliana,MG,Sudeste,10–50 mil,11819,38.8,58.2,10.81,5141,112,101,199,17,188.0,0.0,188.0,2.88,70.8,16.4,0.0384,0.5112,,,2,0,1,1,0,0,Juliano,PSDB,"Agenda da prefeitura: construção de nova UBS no bairro Horácio Ferreira (2026) | Agenda da prefeitura: combate à dengue (fumacê, dedetização de bueiros)"
3152907,Pratápolis,MG,Sudeste,<10 mil,7457,43.18,52.24,6.39,2807,87,152,171,20,188.0,0.0,188.0,0.57,77.5,15.2,0.0465,0.5046,,,1,0,0,1,0,0,Everilson,PL,
5207501,Estrela Do Norte,GO,Centro-Oeste,<10 mil,3214,43.84,45.93,2.01,1099,19,394,21,0,188.0,0.0,188.0,2.75,70.2,22.7,0.0765,0.5023,,,2,0,1,1,0,0,Edmar Da Cacilda,MDB,
4207700,Ipumirim,SC,Sul,<10 mil,6026,38.04,56.29,6.75,2603,131,114,161,10,188.0,0.0,188.0,3.63,77.5,20.1,0.0693,0.501,,,2,0,1,1,0,0,Zanella,PP,
4304903,Casca,RS,Sul,<10 mil,7527,19.92,74.44,9.87,4564,107,153,143,16,188.0,0.0,188.0,-0.89,92.0,5.9,0.1543,0.5195,,,2,0,0,1,0,1,Perin,PL,
1100346,Alvorada Do Oeste,RO,Norte,10–50 mil,11029,33.16,63.18,4.3,5358,82,129,229,7,187.0,0.0,187.0,-8.63,55.3,35.3,0.0911,0.504,,,0,0,0,0,0,0,Jair Luiz,UNIÃO,
4105706,Clevelândia,PR,Sul,10–50 mil,13247,40.85,56.57,10.88,5539,117,136,151,11,187.0,0.0,187.0,1.81,72.2,21.6,0.1059,0.5297,,,2,0,1,1,0,0,Rafaela Losi,PSD,Melhorias em estradas rurais (obras municipais) | Saúde: estrutura das UBS e campanha sobre cigarro eletrônico
3556354,Vargem,SP,Sudeste,<10 mil,6582,29.68,63.95,4.54,3066,102,99,196,26,186.0,0.0,186.0,-6.28,61.8,27.6,0.0851,0.5066,,,0,0,0,0,0,0,Leo Alves,UNIÃO,
4124806,São João,PR,Sul,<10 mil,9177,35.37,60.93,9.76,4441,124,119,163,8,186.0,0.0,186.0,1.52,83.0,15.3,0.115,0.5191,,,2,0,1,1,0,0,Joni Zanella Ferreira,PL,
3503604,Areiópolis,SP,Sudeste,<10 mil,8193,42.23,53.78,3.62,3337,130,66,216,10,186.0,0.0,186.0,-2.29,50.3,39.0,0.0664,0.4917,,,0,0,0,0,0,0,Michel Augusto,PODE,
4312450,Morro Redondo,RS,Sul,<10 mil,5309,35.91,56.99,7.67,2263,77,188,157,10,186.0,0.0,186.0,2.71,31.9,47.8,0.0869,0.5124,,,1,0,1,0,0,0,Rui Brizolara,UNIÃO,
4312476,Morro Reuter,RS,Sul,<10 mil,5415,18.38,74.19,6.91,3383,124,111,157,17,186.0,0.0,186.0,0.0,80.3,14.4,0.074,0.4993,,,1,0,0,1,0,0,Airton Bohn,PP,
4322541,Vale Real,RS,Sul,<10 mil,4872,28.08,64.25,5.83,2574,91,170,148,12,185.0,0.0,185.0,-0.33,82.7,13.4,0.0505,0.4953,,,1,0,0,1,0,0,Marcelo Bettega,PSDB,
4118709,Paulo Frontin,PR,Sul,<10 mil,5698,28.54,64.57,12.91,2942,88,169,164,7,185.0,0.0,185.0,1.51,87.0,11.7,0.071,0.4796,,,2,0,1,1,0,0,Ireneu Zacharias,PSD,
1716505,Pedro Afonso,TO,Norte,10–50 mil,10799,42.68,54.32,9.24,4586,94,141,195,2,185.0,0.0,185.0,-0.25,62.3,27.4,0.0967,0.5043,Professora Dorinha (UNIÃO),7.8,0,0,0,0,0,0,Joaquim Pinheiro,PP,"Ponte sobre o Rio Tocantins na BR-235 (Pedro Afonso–Tupirama, km 164) interditada pelo DNIT em maio/2026 por danos estruturais irreversíveis; desvio de mais de 120 km por estradas de terra e pontes de madeira | Escoamento da safra: requerimento na ALETO diz que a interdição afeta cerca de 60% do transporte da soja, o início da colheita do milho safrinha e cargas de biodiesel, e encarece frete e insumos (fertilizantes)"
3203163,Laranja Da Terra,ES,Sudeste,<10 mil,9495,33.31,62.91,6.87,4748,92,145,167,16,184.0,0.0,184.0,-0.06,24.8,72.9,0.0597,0.4988,Lorenzo Pazolini (REPUBLICANOS),20.6,1,0,0,0,1,0,Joadir Lourenço,PSDB,
3204302,Presidente Kennedy,ES,Sudeste,10–50 mil,13256,33.03,64.02,4.87,6428,104,124,185,8,183.0,0.0,183.0,1.41,29.6,46.4,0.1001,0.5099,Lorenzo Pazolini (REPUBLICANOS),11.2,2,0,1,0,1,0,Dorlei Fontão,PSB,
1713304,Miranorte,TO,Norte,10–50 mil,10079,42.18,54.62,8.97,4303,77,165,186,4,183.0,0.0,183.0,-0.45,62.3,28.4,0.0752,0.509,Professora Dorinha (UNIÃO),2.2,0,0,0,0,0,0,Leandro Barbosa,PL,"Falta de unidade do Corpo de Bombeiros: resgates, incêndios urbanos/florestais e acidentes de trânsito (BR-153) dependem de cidades vizinhas — requerimento na ALETO em nov/2025 | Crescimento como polo regional do centro do TO e malha viária extensa"
5221502,Turvânia,GO,Centro-Oeste,<10 mil,4582,31.91,59.94,3.3,2108,27,361,27,4,183.0,0.0,183.0,0.03,53.6,37.8,0.1089,0.5027,,,0,0,0,0,0,0,Jadir Policarpio,UNIÃO,
4118006,Paraíso Do Norte,PR,Sul,<10 mil,9490,40.49,56.11,5.96,4044,120,118,162,9,183.0,0.0,183.0,1.05,75.6,21.3,0.1246,0.5187,,,3,0,1,1,0,1,Beto Vizzotto,PT,
3504800,Bálsamo,SP,Sudeste,<10 mil,7397,26.23,68.37,9.48,3816,141,96,149,9,182.0,0.0,182.0,1.06,60.7,31.0,0.1353,0.5245,,,2,0,1,0,0,1,Junior Naliati,MDB,
4302006,Barros Cassal,RS,Sul,<10 mil,8271,36.78,58.89,19.93,3580,100,154,145,11,182.0,0.0,182.0,3.64,81.0,13.8,0.0456,0.4894,,,2,0,1,1,0,0,Joviano Zago,MDB,
3128907,Guimarânia,MG,Sudeste,<10 mil,6658,36.37,58.06,10.97,2958,64,119,241,18,182.0,0.0,182.0,-3.31,80.7,12.6,0.0927,0.4965,,,1,0,0,1,0,0,Alex,UNIÃO,
5205703,Córrego Do Ouro,GO,Centro-Oeste,<10 mil,3112,24.12,64.57,-1.07,1582,14,326,23,0,156.0,26.0,182.0,-1.2,47.0,44.4,0.1122,0.4925,,,1,1,0,0,0,0,Danilo Contador,PP,
4126678,Tamarana,PR,Sul,<10 mil,9024,41.07,55.05,-0.06,3603,86,134,179,14,178.0,4.0,182.0,2.81,50.3,36.5,0.0516,0.5051,,,2,1,1,0,0,0,Luzia Suzukawa,PSD,
3556008,Urupês,SP,Sudeste,10–50 mil,10624,25.61,70.53,5.13,5613,112,110,167,17,181.0,0.0,181.0,-3.53,70.3,22.7,0.1269,0.5163,,,2,0,0,1,0,1,Dr Beto Cacciari,PL,
3514304,Dourado,SP,Sudeste,<10 mil,6798,34.72,60.07,9.23,2967,135,123,117,12,181.0,0.0,181.0,-3.64,73.3,16.0,0.1166,0.5045,,,1,0,0,1,0,0,Juninho Rogante,REPUBLICANOS,
5105903,Nobres,MT,Centro-Oeste,10–50 mil,12502,28.54,68.49,5.36,6602,125,138,112,15,181.0,0.0,181.0,-0.78,62.4,31.9,0.0843,0.5026,,,0,0,0,0,0,0,Zé Domingos,UNIÃO,
4112405,Japurá,PR,Sul,<10 mil,7452,27.07,67.84,3.36,3976,105,148,139,12,181.0,0.0,181.0,0.9,80.9,14.5,0.1021,0.5194,,,1,0,0,1,0,0,Adriana Polizer,REPUBLICANOS,
3523305,Itariri,SP,Sudeste,<10 mil,9789,37.02,59.3,2.88,4051,132,123,122,13,181.0,0.0,181.0,-1.8,34.5,43.4,0.0884,0.505,,,0,0,0,0,0,0,Carlos Rocha,PL,
3120607,Crucilândia,MG,Sudeste,<10 mil,5672,42.37,51.86,6.42,2088,91,135,132,37,180.0,0.0,180.0,1.74,79.5,13.9,0.046,0.4825,,,2,0,1,1,0,0,Elizangela,SOLIDARIEDADE,
3306156,Varre-Sai,RJ,Sudeste,<10 mil,8788,33.25,62.63,2.76,4219,96,173,119,13,180.0,0.0,180.0,-2.08,75.3,20.3,0.0567,0.5,Douglas Ruas (PL),-2.0,1,0,0,1,0,0,Lauro Fabri,UNIÃO,
4107900,Floresta,PR,Sul,<10 mil,8070,30.71,64.6,6.92,4014,94,150,153,11,180.0,0.0,180.0,2.73,61.0,30.6,0.0884,0.5356,,,1,0,1,0,0,0,Rogério Mendes,PSD,
5003454,Deodápolis,MS,Centro-Oeste,10–50 mil,10690,40.86,55.96,6.9,4411,108,86,209,10,179.0,0.0,179.0,1.68,64.7,30.2,0.0803,0.5144,,,1,0,1,0,0,0,Jean Da Saúde,PSDB,
4218509,Treze Tílias,SC,Sul,<10 mil,6439,17.74,76.29,3.63,4067,142,87,139,15,179.0,0.0,179.0,-0.52,80.4,14.0,0.1654,0.5135,,,2,0,0,1,0,1,Cuco,PP,
5103304,Comodoro,MT,Centro-Oeste,10–50 mil,14317,28.07,68.96,4.62,7003,115,110,170,8,179.0,0.0,179.0,-2.29,50.2,32.6,0.0803,0.4984,,,0,0,0,0,0,0,Rogerio Vilela,UNIÃO,
4321006,Tapera,RS,Sul,<10 mil,7887,33.18,62.79,11.36,3995,154,81,136,9,179.0,0.0,179.0,1.7,80.9,16.1,0.1388,0.5235,,,3,0,1,1,0,1,Osvaldo Henrich Filho Prego,PP,
3169109,Toledo,MG,Sudeste,<10 mil,7507,32.85,62.45,7.22,3420,113,106,121,40,179.0,0.0,179.0,1.55,72.8,20.2,0.0468,0.4828,,,2,0,1,1,0,0,Zildinho,PSDB,
3539004,Pirangi,SP,Sudeste,<10 mil,7897,24.52,70.36,7.7,4168,122,127,146,3,179.0,0.0,179.0,-2.29,70.3,21.7,0.1305,0.5183,,,2,0,0,1,0,1,Bika,PL,
3146503,Pains,MG,Sudeste,<10 mil,6914,36.93,58.02,10.79,3007,77,112,192,33,179.0,0.0,179.0,2.06,85.1,12.9,0.0561,0.5098,,,2,0,1,1,0,0,Itamar Da Tamafe,UNIÃO,
4114005,Mamborê,PR,Sul,10–50 mil,10615,26.86,69.54,6.8,5730,92,151,145,14,178.0,0.0,178.0,1.46,72.2,22.8,0.1057,0.5238,,,2,0,1,1,0,0,Martinez,PSD,
3531209,Monte Alegre Do Sul,SP,Sudeste,<10 mil,6336,29.09,64.99,4.56,3096,113,116,134,24,178.0,0.0,178.0,-2.23,71.0,15.7,0.1744,0.5141,,,2,0,0,1,0,1,Rafa Vezzan,REPUBLICANOS,
4112504,Jardim Alegre,PR,Sul,<10 mil,9012,42.51,54.07,5.65,3850,84,149,162,14,178.0,0.0,178.0,-5.3,77.7,19.5,0.1071,0.5185,,,1,0,0,1,0,0,Moisés Santos,PSD,
3518503,Guareí,SP,Sudeste,<10 mil,8903,28.38,66.98,8.35,4369,92,123,188,8,177.0,0.0,177.0,-1.6,48.6,34.8,0.0815,0.4891,,,0,0,0,0,0,0,Mineiro,PSB,
1101401,Monte Negro,RO,Norte,10–50 mil,10191,22.85,73.05,3.66,5613,92,138,166,10,177.0,0.0,177.0,-4.32,43.1,42.3,0.0529,0.502,,,0,0,0,0,0,0,Ivair Fernandes,PSD,
3300159,Aperibé,RJ,Sudeste,10–50 mil,10135,34.99,61.68,5.9,4917,105,127,152,10,175.0,0.0,175.0,0.64,42.0,42.9,0.0499,0.5208,Douglas Ruas (PL),-2.6,0,0,0,0,0,0,Roninho,UNIÃO,
3121407,Desterro De Entre Rios,MG,Sudeste,<10 mil,6445,35.69,58.72,7.06,2762,56,130,169,47,175.0,0.0,175.0,2.15,80.4,16.7,0.0413,0.4881,,,2,0,1,1,0,0,Waguinho Duarte,PRD,
4305801,Constantina,RS,Sul,<10 mil,8077,34.76,61.2,11.76,3876,104,137,137,10,174.0,0.0,174.0,0.4,79.7,17.5,0.102,0.5239,,,1,0,0,1,0,0,Cristian Bratz,PP,
4104105,Campo Do Tenente,PR,Sul,<10 mil,6393,32.36,62.47,6.31,3167,116,124,141,6,174.0,0.0,174.0,2.02,71.2,26.4,0.0638,0.5029,,,1,0,1,0,0,0,Weverton Vizentin,UNIÃO,
3166808,Serra Do Salitre,MG,Sudeste,<10 mil,9396,36.6,59.87,8.54,4358,80,98,186,35,174.0,0.0,174.0,-4.99,72.8,22.3,0.0832,0.4983,,,1,0,0,1,0,0,Izael Da Auto Eletrica,PODE,
3537206,Pedro De Toledo,SP,Sudeste,<10 mil,7891,42.24,53.43,4.52,2824,125,102,149,7,174.0,0.0,174.0,-2.66,44.7,35.6,0.0821,0.5085,,,0,0,0,0,0,0,Paulinho Do Esporte,UNIÃO,
4300307,Alecrim,RS,Sul,<10 mil,5602,43.65,51.45,5.47,2331,82,187,112,11,174.0,0.0,174.0,1.81,84.7,14.1,0.0682,0.4961,,,2,0,1,1,0,0,Neusa,MDB,
3541208,Presidente Bernardes,SP,Sudeste,10–50 mil,10209,34.22,62.25,6.35,4540,121,96,154,12,173.0,0.0,173.0,-1.52,71.3,20.3,0.1521,0.5188,,,2,0,0,1,0,1,Cleber,PP,
4210308,Major Vieira,SC,Sul,<10 mil,6050,27.19,66.83,17.34,3173,113,129,136,5,173.0,0.0,173.0,0.53,86.7,11.6,0.0497,0.4994,,,1,0,0,1,0,0,Aline Ruthes,PSD,
3519105,Iacanga,SP,Sudeste,<10 mil,8269,28.39,67.17,5.95,4188,131,93,147,8,173.0,0.0,173.0,-0.65,58.4,35.7,0.1055,0.5081,,,0,0,0,0,0,0,Fátima Pinheiro,REPUBLICANOS,
4320552,Sertão Santana,RS,Sul,<10 mil,5324,24.8,68.11,9.73,2838,103,136,142,7,173.0,0.0,173.0,0.39,64.0,30.8,0.0578,0.5036,,,0,0,0,0,0,0,Renato Burchert,PDT,
4301651,Barão,RS,Sul,<10 mil,5073,21.71,70.9,7.47,3026,91,135,152,15,173.0,0.0,173.0,1.78,77.1,18.6,0.0641,0.5055,,,2,0,1,1,0,0,Biriba,PP,
4302303,Bom Jesus,RS,Sul,<10 mil,8592,39.32,56.69,13.18,3496,89,142,160,7,173.0,0.0,173.0,2.56,73.4,21.0,0.076,0.5222,,,2,0,1,1,0,0,Lico,PP,
3170057,Ubaporanga,MG,Sudeste,10–50 mil,10135,42.36,54.83,3.09,4333,111,73,164,32,173.0,0.0,173.0,-5.42,74.2,20.8,0.0634,0.5125,,,1,0,0,1,0,0,Dr Gleydson,PSD,
1503044,Floresta Do Araguaia,PA,Norte,10–50 mil,13756,40.8,56.89,6.73,5926,104,91,200,6,173.0,0.0,173.0,-1.41,54.8,40.0,0.0476,0.4767,,,0,0,0,0,0,0,Majorri Santiago,MDB,
4114906,Marilândia Do Sul,PR,Sul,<10 mil,7142,29.51,65.23,5.85,3492,91,136,158,8,172.0,0.0,172.0,2.05,74.2,20.1,0.082,0.5006,,,2,0,1,1,0,0,Walmir Peres,PSD,
5211602,Ivolândia,GO,Centro-Oeste,<10 mil,3148,43.91,46.29,3.71,1054,16,358,21,2,172.0,0.0,172.0,2.44,71.3,26.1,0.1202,0.4824,,,2,0,1,0,0,1,Dr Junior,UNIÃO,
4306932,Entre-Ijuís,RS,Sul,<10 mil,7421,38.25,57.47,9.91,3327,90,140,157,8,172.0,0.0,172.0,1.39,58.6,36.1,0.0735,0.5098,,,1,0,1,0,0,0,Brasil Sartori,UNIÃO,
4305173,Cerro Grande Do Sul,RS,Sul,<10 mil,7118,34.97,60.34,15.66,3315,103,125,152,8,172.0,0.0,172.0,1.78,69.2,27.1,0.0503,0.5008,,,1,0,1,0,0,0,Vilmar Schwalm,PP,
5214051,Mundo Novo,GO,Centro-Oeste,<10 mil,5366,40.99,52.96,7.53,2041,39,322,31,0,172.0,0.0,172.0,2.17,58.9,30.7,0.0679,0.4916,,,1,0,1,0,0,0,Marlene Lourenço,UNIÃO,
5219407,Santa Rita Do Araguaia,GO,Centro-Oeste,<10 mil,4460,40.41,52.32,3.35,1669,51,301,31,3,172.0,0.0,172.0,-0.43,66.4,22.5,0.0985,0.4987,,,1,0,0,1,0,0,Carlos Tadeu,UNIÃO,
5212006,Jaupaci,GO,Centro-Oeste,<10 mil,3160,44.66,45.94,1.62,1068,29,336,26,1,171.0,0.0,171.0,2.42,49.9,35.2,0.1046,0.5081,,,1,0,1,0,0,0,Edvaldo Batista Guimarães,UNIÃO,
4200705,Alfredo Wagner,SC,Sul,<10 mil,8139,18.65,76.69,11.46,5242,107,117,159,4,171.0,0.0,171.0,1.71,71.9,24.6,0.0684,0.4931,,,2,0,1,1,0,0,Gilmar Sani,PL,
5007935,Sonora,MS,Centro-Oeste,10–50 mil,11254,38.26,58.89,7.0,4947,131,85,156,5,171.0,0.0,171.0,-0.96,53.0,38.6,0.0692,0.4988,,,0,0,0,0,0,0,Clarice,MDB,
4200903,Angelina,SC,Sul,<10 mil,5017,32.02,61.63,10.46,2605,90,116,169,16,171.0,0.0,171.0,0.71,66.0,32.9,0.0718,0.4764,,,0,0,0,0,0,0,Eliseu,PL,
5104609,Itiquira,MT,Centro-Oeste,<10 mil,9345,33.24,62.92,7.71,4240,109,130,136,5,171.0,0.0,171.0,-1.53,63.7,28.3,0.0959,0.487,,,0,0,0,0,0,0,Fabiano Dalla Valle,UNIÃO,
5104203,Guiratinga,MT,Centro-Oeste,<10 mil,8175,40.24,55.88,7.61,3448,76,184,130,4,171.0,0.0,171.0,-1.52,69.5,23.7,0.1197,0.5073,,,2,0,0,1,0,1,Barga Rosa,UNIÃO,
3532504,Neves Paulista,SP,Sudeste,<10 mil,7059,34.96,60.28,5.28,3180,102,112,146,20,171.0,0.0,171.0,-2.61,69.3,18.6,0.1571,0.5176,,,2,0,0,1,0,1,Kiko Rossali,PL,
5206701,Damianópolis,GO,Centro-Oeste,<10 mil,4024,41.26,50.82,5.92,1482,28,330,34,1,171.0,0.0,171.0,-0.93,71.2,16.5,0.0532,0.493,,,1,0,0,1,0,0,Deni Santana,PL,
4100301,Agudos Do Sul,PR,Sul,<10 mil,8981,30.58,65.5,8.8,4544,97,146,132,9,171.0,0.0,171.0,2.06,66.6,26.4,0.0536,0.4966,,,1,0,1,0,0,0,Genezio Ferreira,PL,
4216800,São José Do Cerrito,SC,Sul,<10 mil,7722,44.54,52.09,11.48,3318,109,114,157,5,171.0,0.0,171.0,-1.42,87.7,9.4,0.0748,0.4843,,,1,0,0,1,0,0,Tainara Raitz,MDB,"Agricultura/feijão como base econômica (dependência de safra e preço) | Infraestrutura rodoviária na Serra (SC-390 com acidentes; ponte do Passo dos Fernandes sobre o rio Caveiras na divisa com Lages) — contexto regional, não específico do município"
5108600,Vila Rica,MT,Centro-Oeste,10–50 mil,13846,22.97,74.03,9.11,7421,88,175,119,3,170.0,0.0,170.0,-5.73,47.7,41.2,0.0856,0.4874,,,0,0,0,0,0,0,João Da Pá,PL,
3154309,Resplendor,MG,Sudeste,10–50 mil,12729,35.26,61.98,1.84,5450,98,87,144,42,170.0,0.0,170.0,-2.08,41.4,38.6,0.0535,0.5289,,,0,0,0,0,0,0,Nemias Martins,PL,
5213400,Moiporá,GO,Centro-Oeste,<10 mil,2507,36.28,52.14,-1.52,950,14,290,26,0,142.0,28.0,170.0,3.24,59.9,35.6,0.1216,0.4954,,,3,1,1,0,0,1,Zé Wilson,PL,
4215307,Salete,SC,Sul,<10 mil,6344,19.7,74.25,5.52,3849,112,81,178,12,170.0,0.0,170.0,-0.62,83.5,12.8,0.0679,0.5037,,,1,0,0,1,0,0,Anadir,PL,
4309555,Harmonia,RS,Sul,<10 mil,4102,22.71,68.79,4.08,2389,100,118,142,16,169.0,0.0,169.0,1.48,89.4,7.5,0.084,0.5063,,,2,0,1,1,0,0,Ernani,UNIÃO,
4122701,Sabáudia,PR,Sul,<10 mil,6748,24.18,70.29,1.66,3712,91,135,141,14,169.0,0.0,169.0,2.96,62.9,30.1,0.0939,0.5224,,,1,0,1,0,0,0,Hugo Manueira,PSD,
3504206,Auriflama,SP,Sudeste,10–50 mil,11053,28.94,67.8,5.15,5621,111,99,153,11,168.0,0.0,168.0,2.3,52.6,38.1,0.1415,0.5241,,,2,0,1,0,0,1,Katia Morita,MDB,
3103900,Araújos,MG,Sudeste,<10 mil,6636,31.81,62.83,9.46,3338,62,60,262,27,168.0,0.0,168.0,-0.88,85.6,10.9,0.0398,0.5172,,,1,0,0,1,0,0,Geraldo Massa,AVANTE,
3535002,Palestina,SP,Sudeste,<10 mil,8996,36.15,60.06,5.03,3916,90,134,154,7,168.0,0.0,168.0,-0.71,65.8,24.5,0.1004,0.5084,,,1,0,0,1,0,0,Reinaldo Cunha,PSD,
1200708,Xapuri,AC,Norte,10–50 mil,12774,35.73,61.76,6.82,6055,129,98,140,2,168.0,0.0,168.0,-0.48,48.3,41.5,0.0662,0.4956,Mailza Assis (PP),6.6,0,0,0,0,0,0,Maxsuel Maia,PP,
4300901,Aratiba,RS,Sul,<10 mil,6202,34.97,60.08,7.67,3024,103,94,173,11,168.0,0.0,168.0,1.54,91.8,6.7,0.0916,0.4949,,,2,0,1,1,0,0,Carbonera,UNIÃO,
4314159,Paverama,RS,Sul,<10 mil,6036,34.4,60.42,6.68,2929,98,129,143,8,168.0,0.0,168.0,0.15,67.7,28.1,0.038,0.4985,,,0,0,0,0,0,0,Michele Vargas,MDB,
3519402,Ibirá,SP,Sudeste,<10 mil,9094,27.3,68.75,5.14,4868,111,112,140,8,167.0,0.0,167.0,-3.89,64.5,22.3,0.1227,0.5178,,,1,0,0,0,0,1,Biscoito,REPUBLICANOS,
4312153,Mato Leitão,RS,Sul,<10 mil,4115,27.95,64.0,7.54,2153,97,153,114,7,167.0,0.0,167.0,0.33,76.8,20.1,0.0549,0.5097,,,1,0,0,1,0,0,Arly Stöhr Flecha,PDT,
5101258,Araputanga,MT,Centro-Oeste,10–50 mil,11533,24.07,72.52,6.28,6325,99,114,157,9,167.0,0.0,167.0,-5.49,58.1,29.5,0.119,0.5198,,,1,0,0,0,0,1,Enilson Rios,UNIÃO,
3517208,Guaiçara,SP,Sudeste,<10 mil,8162,34.38,61.2,6.74,3502,114,103,150,6,167.0,0.0,167.0,-0.67,49.5,42.2,0.09,0.5137,,,0,0,0,0,0,0,Flavia Do Baiano,PSB,
5002605,Camapuã,MS,Centro-Oeste,10–50 mil,10948,35.8,61.05,10.29,4886,83,160,129,6,166.0,0.0,166.0,2.12,68.5,25.0,0.0949,0.4928,,,2,0,1,1,0,0,Manoel Nery,PP,
4201505,Armazém,SC,Sul,<10 mil,7195,22.01,73.0,3.79,4379,105,110,151,8,166.0,0.0,166.0,0.45,84.3,12.6,0.0705,0.5112,,,1,0,0,1,0,0,Luiz Mendes,PSD,
3506300,Bernardino De Campos,SP,Sudeste,<10 mil,7724,33.1,62.17,5.35,3537,78,112,195,8,166.0,0.0,166.0,-2.33,64.4,26.1,0.1351,0.5246,,,1,0,0,0,0,1,Wilson Garcia,PSD,
3162948,São José Da Barra,MG,Sudeste,<10 mil,6753,42.24,53.06,8.03,2668,44,104,232,26,166.0,0.0,166.0,0.34,71.5,20.6,0.0655,0.4914,,,1,0,0,1,0,0,Marcelinho Silva,REPUBLICANOS,
4314001,Paraí,RS,Sul,<10 mil,5977,16.85,76.88,8.6,3875,85,138,140,13,166.0,0.0,166.0,-1.97,90.0,8.5,0.122,0.5032,,,2,0,0,1,0,1,Gilberto Zanotto,PL,
4305009,Catuípe,RS,Sul,<10 mil,7517,34.84,60.99,10.37,3737,78,128,166,13,166.0,0.0,166.0,1.07,74.8,21.1,0.1173,0.5171,,,2,0,1,1,0,0,Paulinho,PP,
4201000,Anita Garibaldi,SC,Sul,<10 mil,6943,42.16,53.73,7.91,2878,117,68,181,8,166.0,0.0,166.0,-3.41,85.7,11.8,0.0868,0.497,,,1,0,0,1,0,0,Henrique Menegazzo,UNIÃO,
5219209,Santa Cruz De Goiás,GO,Centro-Oeste,<10 mil,3504,36.44,54.17,7.15,1430,17,332,37,1,166.0,0.0,166.0,-0.47,72.4,17.8,0.1278,0.4892,,,2,0,0,1,0,1,Ângelo Da Paz,UNIÃO,
3506904,Bofete,SP,Sudeste,<10 mil,8935,36.16,59.78,4.22,3653,99,115,159,3,165.0,0.0,165.0,-1.31,55.6,32.2,0.0854,0.4922,,,0,0,0,0,0,0,Carlinhos Do Carmo,REPUBLICANOS,
4305447,Chuvisca,RS,Sul,<10 mil,4354,20.93,71.42,13.11,2562,136,114,86,9,165.0,0.0,165.0,1.13,43.8,53.3,0.0305,0.4713,,,1,0,1,0,0,0,Marcinho,PP,
4201703,Ascurra,SC,Sul,<10 mil,6551,15.2,79.15,1.26,4130,148,64,102,23,165.0,0.0,165.0,-1.4,75.9,18.5,0.0569,0.5211,,,1,0,0,1,0,0,Arao Josino,NOVO,
1100403,Alto Paraíso,RO,Norte,10–50 mil,12087,19.72,77.06,5.44,7110,107,108,127,18,165.0,0.0,165.0,-4.48,50.2,37.7,0.0449,0.4962,,,0,0,0,0,0,0,João Pavan,REPUBLICANOS,
3551801,Sete Barras,SP,Sudeste,10–50 mil,10260,35.82,60.85,5.25,4398,100,129,131,8,165.0,0.0,165.0,-5.1,38.5,42.7,0.0814,0.502,,,0,0,0,0,0,0,Italo Costa,PL,
4214201,Quilombo,SC,Sul,<10 mil,8066,38.34,58.01,8.98,3764,96,93,181,9,165.0,0.0,165.0,2.46,77.2,19.7,0.1435,0.5058,,,3,0,1,1,0,1,Jaksom,MDB,
4128534,Ventania,PR,Sul,<10 mil,7525,43.78,52.52,11.46,3072,73,166,137,5,165.0,0.0,165.0,2.3,72.4,22.7,0.0479,0.49,,,2,0,1,1,0,0,Zelio,PL,"Não verificadas; site da prefeitura cita Conferência Municipal de Saúde (jun/2026), Patrulha Rural (jan/2026) e castração animal"
5207352,Edealina,GO,Centro-Oeste,<10 mil,4159,29.73,61.68,5.93,1907,42,297,35,1,165.0,0.0,165.0,-0.87,62.8,29.7,0.0939,0.4982,,,0,0,0,0,0,0,Cristina Leandro,UNIÃO,
4127809,Tomazina,PR,Sul,<10 mil,6647,37.56,57.89,8.27,2952,95,135,122,14,165.0,0.0,165.0,0.4,84.9,11.9,0.0939,0.4879,,,1,0,0,1,0,0,Cezar,MDB,
4301404,Arvorezinha,RS,Sul,<10 mil,8656,23.96,71.75,10.67,4787,101,109,151,11,165.0,0.0,165.0,2.58,92.6,6.3,0.069,0.5123,,,2,0,1,1,0,0,Clovis Roman,PL,
4313805,Palmitinho,RS,Sul,<10 mil,5953,43.49,52.01,14.02,2464,79,158,132,6,164.0,0.0,164.0,3.03,79.9,16.6,0.1226,0.5072,,,3,0,1,1,0,1,Benhur Barth,MDB,"Estiagem na safra de soja 2025/26 no RS (Norte/Central/Fronteira Oeste; perdas médias estaduais ~20%), contexto regional — não há confirmação de decreto municipal"
1101302,Mirante Da Serra,RO,Norte,<10 mil,8333,34.68,61.63,3.45,4003,99,122,131,12,164.0,0.0,164.0,-8.57,41.3,44.0,0.0495,0.5055,,,0,0,0,0,0,0,Neno Andrade,REPUBLICANOS,
3121100,Delfim Moreira,MG,Sudeste,<10 mil,6363,40.78,54.6,5.25,2637,70,76,167,55,164.0,0.0,164.0,-1.29,81.1,14.3,0.1149,0.4879,,,1,0,0,1,0,0,Edilberto,UNIÃO,
3500402,Águas Da Prata,SP,Sudeste,<10 mil,5911,33.58,60.97,4.71,2743,97,125,113,22,164.0,0.0,164.0,-3.4,65.7,20.1,0.1838,0.5131,,,2,0,0,1,0,1,Carlos Henrique,PSD,
4112751,Jesuítas,PR,Sul,<10 mil,7384,34.04,61.91,5.7,3597,116,112,115,12,164.0,0.0,164.0,-2.25,80.9,14.9,0.0948,0.5153,,,1,0,0,1,0,0,Edicarlos Grizotto,PSD,
3542701,Restinga,SP,Sudeste,<10 mil,6817,42.12,53.68,7.62,2653,144,60,140,7,164.0,0.0,164.0,1.14,57.1,30.6,0.0518,0.4958,,,1,0,1,0,0,0,Felipe Talvani,MDB,
3127206,Funilândia,MG,Sudeste,<10 mil,5397,42.02,52.4,6.33,2088,56,105,165,49,164.0,0.0,164.0,1.08,65.9,26.8,0.097,0.4904,,,1,0,1,0,0,0,Zé Da Gurita,PP,
3202652,Irupi,ES,Sudeste,10–50 mil,11392,27.12,69.58,3.9,5719,104,109,139,11,163.0,0.0,163.0,-0.27,38.5,43.7,0.039,0.5002,Lorenzo Pazolini (REPUBLICANOS),13.8,1,0,0,0,1,0,Paulino Lourenço,MDB,
4102604,Barracão,PR,Sul,<10 mil,7600,41.66,54.81,4.25,3262,116,114,117,7,163.0,0.0,163.0,0.04,71.5,22.8,0.0791,0.5166,,,1,0,0,1,0,0,Jorge Santin,PSD,
3204401,Rio Novo Do Sul,ES,Sudeste,<10 mil,8808,26.2,69.83,3.2,4864,111,99,146,7,163.0,0.0,163.0,2.15,59.3,34.4,0.0773,0.5082,Lorenzo Pazolini (REPUBLICANOS),14.7,2,0,1,0,1,0,Nei Castelari,PODE,
5107107,São José Dos Quatro Marcos,MT,Centro-Oeste,10–50 mil,13117,27.76,69.61,5.35,6871,122,105,117,7,162.0,0.0,162.0,-6.17,62.0,29.5,0.1237,0.5237,,,1,0,0,0,0,1,Jamis Silva,UNIÃO,
4103503,Califórnia,PR,Sul,<10 mil,6940,29.83,65.15,5.2,3498,76,121,171,10,162.0,0.0,162.0,1.75,80.1,16.7,0.1089,0.5232,,,2,0,1,1,0,0,Paulo Da Padaria,PSDB,
1507805,Senador José Porfírio,PA,Norte,10–50 mil,14884,36.51,61.32,18.16,6729,101,101,157,7,162.0,0.0,162.0,-0.9,52.4,41.2,0.0395,0.4643,,,0,0,0,0,0,0,Leonaldo,PSD,"Projeto de mina de ouro a céu aberto da Belo Sun na Volta Grande do Xingu (empregos x impactos socioambientais, consulta a indígenas e ribeirinhos) | Impactos de Belo Monte sobre o rio Xingu (vazão, pesca) na Volta Grande"
5107701,Rosário Oeste,MT,Centro-Oeste,10–50 mil,13155,44.88,52.99,10.32,5223,87,130,147,7,162.0,0.0,162.0,-1.26,77.0,19.4,0.09,0.4782,,,1,0,0,1,0,0,Mariano Balabam,PSB,Recuperação de ruas e estradas vicinais (ex.: distrito de Bauxi) | Iluminação pública e infraestrutura urbana (obras na Rua IW9)
3552007,Silveiras,SP,Sudeste,<10 mil,5404,40.65,53.9,8.83,2205,79,158,129,5,162.0,0.0,162.0,-1.93,80.9,15.3,0.1082,0.5023,,,1,0,0,1,0,0,Edson Mota,PL,Estradas rurais (melhorias na Estrada dos Pimentas) | Creche/educação infantil (ampliação da Creche Profª Tânia Maria S. Sodero)
4306056,Cristal,RS,Sul,<10 mil,6418,40.66,54.77,11.16,2643,99,95,162,11,162.0,0.0,162.0,2.18,50.7,39.0,0.0397,0.5021,,,1,0,1,0,0,0,Marcelo,PSDB,
5215256,Novo Planalto,GO,Centro-Oeste,<10 mil,4131,42.1,50.72,3.1,1547,19,330,27,0,162.0,0.0,162.0,0.49,47.4,25.1,0.071,0.4903,,,0,0,0,0,0,0,Eudes Araújo,MDB,
3170750,Varjão De Minas,MG,Sudeste,<10 mil,6717,43.36,52.27,9.93,2610,83,76,209,13,161.0,0.0,161.0,0.17,79.0,19.9,0.0347,0.4852,,,1,0,0,1,0,0,Rafael Detoni,PL,
1505650,Placas,PA,Norte,10–50 mil,14807,24.94,72.65,12.84,8356,109,92,154,6,161.0,0.0,161.0,-3.57,47.3,38.2,0.0461,0.4697,,,0,0,0,0,0,0,Arthur,MDB,Não verificadas (lacuna)
4217907,Tangará,SC,Sul,<10 mil,6620,22.36,72.36,7.3,3817,104,114,123,13,161.0,0.0,161.0,1.43,87.3,10.1,0.1078,0.499,,,2,0,1,1,0,0,Bitinha,PL,
4218756,Tunápolis,SC,Sul,<10 mil,4043,19.36,72.35,4.37,2528,98,135,97,17,160.0,0.0,160.0,-3.71,93.3,5.0,0.1029,0.5002,,,1,0,0,1,0,0,Marino Jose Frey,PP,
3556602,Vera Cruz,SP,Sudeste,<10 mil,7886,32.73,63.22,6.27,3683,117,122,88,13,160.0,0.0,160.0,3.75,71.5,20.3,0.1519,0.5216,,,3,0,1,1,0,1,Davoli,REPUBLICANOS,
5219456,Santa Rita Do Novo Destino,GO,Centro-Oeste,<10 mil,3048,44.95,46.22,2.53,1069,11,343,16,1,160.0,0.0,160.0,1.77,64.7,29.8,0.074,0.461,,,1,0,1,0,0,0,Gaguinho,MDB,
4301750,Barão Do Triunfo,RS,Sul,<10 mil,4618,24.45,68.09,15.93,2447,88,156,93,15,160.0,0.0,160.0,3.56,78.1,18.9,0.0348,0.4679,,,2,0,1,1,0,0,Odone,PP,
3164407,São Sebastião Da Bela Vista,MG,Sudeste,<10 mil,6472,40.04,55.53,8.99,2627,79,89,129,50,160.0,0.0,160.0,2.8,59.2,33.9,0.0416,0.4765,,,1,0,1,0,0,0,Augusto,UNIÃO,
4108957,Guamiranga,PR,Sul,<10 mil,6603,31.82,63.64,7.93,3420,92,145,114,5,159.0,0.0,159.0,1.26,76.7,21.7,0.0452,0.4964,,,2,0,1,1,0,0,Marcelo Leite,PSD,
4123402,Santa Fé,PR,Sul,<10 mil,9149,34.38,62.2,5.76,4337,94,96,160,11,159.0,0.0,159.0,1.7,72.0,23.6,0.1036,0.5351,,,2,0,1,1,0,0,Edson Palotta,PP,
1101104,Itapuã Do Oeste,RO,Norte,<10 mil,7204,30.03,64.84,9.37,3460,74,89,217,5,159.0,0.0,159.0,-4.78,33.0,40.5,0.0568,0.493,,,0,0,0,0,0,0,Nei Martins,AVANTE,
5216007,Panamá,GO,Centro-Oeste,<10 mil,3038,41.71,48.81,4.61,1108,12,332,21,3,159.0,0.0,159.0,-2.77,73.5,15.2,0.0978,0.4997,,,1,0,0,1,0,0,Renê,UNIÃO,
3162203,São João Batista Do Glória,MG,Sudeste,<10 mil,6432,35.92,59.33,6.35,2890,67,114,130,42,159.0,0.0,159.0,-0.07,75.8,18.4,0.0662,0.5058,,,1,0,0,1,0,0,Eder Parabolica,SOLIDARIEDADE,
4314027,Paraíso Do Sul,RS,Sul,<10 mil,5367,27.49,66.53,13.04,2854,94,137,113,9,159.0,0.0,159.0,2.47,42.1,55.4,0.0568,0.5075,,,1,0,1,0,0,0,Brittes,PP,
1101500,Seringueiras,RO,Norte,<10 mil,9666,30.52,66.18,5.4,5117,78,126,144,15,159.0,0.0,159.0,-8.0,49.7,40.2,0.0537,0.4858,,,0,0,0,0,0,0,Armando Bernardo,UNIÃO,
5200902,Amorinópolis,GO,Centro-Oeste,<10 mil,3862,38.11,53.99,5.11,1595,13,321,40,0,159.0,0.0,159.0,1.04,51.0,39.6,0.093,0.4955,,,1,0,1,0,0,0,Gustavo Do Estrelao,UNIÃO,
4209508,Laurentino,SC,Sul,<10 mil,6020,18.61,75.91,4.22,3919,128,60,137,14,158.0,0.0,158.0,-3.07,81.5,13.3,0.1372,0.5102,,,2,0,0,1,0,1,Agenor Avi,MDB,
4202602,Bom Retiro,SC,Sul,<10 mil,6588,27.49,67.54,10.95,3493,104,105,135,7,158.0,0.0,158.0,1.42,81.6,13.4,0.0975,0.5098,,,2,0,1,1,0,0,Helena,UNIÃO,
5211305,Itarumã,GO,Centro-Oeste,<10 mil,4683,37.98,55.21,8.47,1875,22,271,69,8,158.0,0.0,158.0,1.34,67.4,23.1,0.0879,0.4935,,,2,0,1,1,0,0,Luiz Henrique,MDB,
1506583,Santa Maria Das Barreiras,PA,Norte,10–50 mil,13340,29.45,67.79,9.78,6587,64,149,159,2,158.0,0.0,158.0,-0.54,51.7,39.1,0.0488,0.4616,,,0,0,0,0,0,0,Mussum,UNIÃO,"Estrutura para o veraneio (praias de rio, ex.: Praia do Piu) aparece na cobertura regional como agenda da prefeitura"
4105607,Cidade Gaúcha,PR,Sul,<10 mil,8899,41.04,55.6,5.14,3676,69,137,153,9,158.0,0.0,158.0,-0.67,74.9,20.0,0.0994,0.5133,,,1,0,0,1,0,0,Alexandre Lucena,MDB,
3535101,Palmares Paulista,SP,Sudeste,<10 mil,7352,40.96,55.19,7.72,3152,94,76,182,11,158.0,0.0,158.0,-2.84,60.2,29.9,0.0756,0.4948,,,0,0,0,0,0,0,Lucas Assumção,PSD,
4212304,Paulo Lopes,SC,Sul,<10 mil,7411,28.56,67.11,7.61,4047,99,91,154,12,158.0,0.0,158.0,0.67,62.0,26.6,0.0736,0.5127,,,0,0,0,0,0,0,Fernanda ,PP,
3514809,Eldorado,SP,Sudeste,10–50 mil,10787,43.66,53.56,3.25,3950,85,118,141,12,157.0,0.0,157.0,-2.13,32.2,43.6,0.091,0.5031,,,0,0,0,0,0,0,Prof. Noel Castelo,SOLIDARIEDADE,
3526308,Lagoinha,SP,Sudeste,<10 mil,5475,37.72,56.68,9.68,2298,79,137,136,8,157.0,0.0,157.0,1.39,85.6,11.1,0.1018,0.4823,,,2,0,1,1,0,0,Zeca,PL,
3545407,Salto Grande,SP,Sudeste,<10 mil,6580,34.44,60.68,7.43,2928,92,100,135,21,157.0,0.0,157.0,3.69,61.6,29.6,0.1005,0.5225,,,1,0,1,0,0,0,Mario Rosa,PL,
5212907,Marzagão,GO,Centro-Oeste,<10 mil,3001,40.29,49.79,3.33,1079,32,298,29,0,157.0,0.0,157.0,3.38,46.7,34.9,0.0968,0.5086,,,1,0,1,0,0,0,Solimar Cardoso,PODE,
4315750,Riozinho,RS,Sul,<10 mil,4370,33.72,59.73,12.46,2117,101,111,128,8,157.0,0.0,157.0,0.35,84.5,13.4,0.0357,0.4822,,,1,0,0,1,0,0,Alemão,PL,
3552601,Tabapuã,SP,Sudeste,<10 mil,8762,27.67,68.54,5.25,4570,114,90,129,10,157.0,0.0,157.0,-2.27,68.7,20.6,0.1196,0.5116,,,2,0,0,1,0,1,Silvio Sartorello,PSD,
4213104,Piratuba,SC,Sul,<10 mil,5246,26.45,67.7,7.98,2914,115,102,117,8,157.0,0.0,157.0,0.83,69.5,25.1,0.1356,0.5076,,,2,0,0,1,0,1,Vanderlei,PSD,
4309506,Guarani Das Missões,RS,Sul,<10 mil,5851,34.54,60.52,12.73,2860,73,173,96,9,156.0,0.0,156.0,2.69,84.3,13.2,0.1012,0.5176,,,2,0,1,1,0,0,Leandro Wastowski,PP,
1200138,Bujari,AC,Norte,10–50 mil,11152,30.21,66.57,4.54,5531,68,133,165,3,156.0,0.0,156.0,-1.91,29.2,53.5,0.0381,0.4829,Mailza Assis (PP),10.7,1,0,0,0,1,0,Padeiro,PDT,
5212709,Mambaí,GO,Centro-Oeste,<10 mil,6519,33.61,61.55,6.37,3054,21,308,31,1,156.0,0.0,156.0,-1.18,58.1,36.5,0.0538,0.4956,,,0,0,0,0,0,0,Eder Lacerda,PL,
3535408,Panorama,SP,Sudeste,<10 mil,9923,35.74,61.26,5.19,4551,113,83,138,9,156.0,0.0,156.0,-1.98,49.6,37.1,0.1045,0.5225,,,0,0,0,0,0,0,Daniel Policia,PSB,
4302451,Boqueirão Do Leão,RS,Sul,<10 mil,5325,32.63,62.04,15.65,2659,122,87,123,6,156.0,0.0,156.0,1.0,93.6,5.6,0.0666,0.4895,,,1,0,0,1,0,0,Paulo Joel,MDB,
3168309,Taquaraçu De Minas,MG,Sudeste,<10 mil,5759,42.46,52.42,5.71,2110,58,105,144,45,156.0,0.0,156.0,3.32,70.3,24.9,0.0661,0.4649,,,2,0,1,1,0,0,Marcilio Bezerra,PP,
5209606,Heitoraí,GO,Centro-Oeste,<10 mil,4192,41.32,51.95,4.02,1650,10,331,21,1,156.0,0.0,156.0,0.42,49.8,40.7,0.0988,0.4979,,,0,0,0,0,0,0,Esmael,PP,
4320263,Segredo,RS,Sul,<10 mil,5695,34.72,60.17,15.26,2685,85,158,94,9,156.0,0.0,156.0,1.66,89.4,9.5,0.0495,0.4814,,,2,0,1,1,0,0,Claudião Trevisan,PP,
4105300,Céu Azul,PR,Sul,<10 mil,8788,20.93,75.12,4.75,5247,110,92,129,10,155.0,0.0,155.0,-2.01,71.5,25.4,0.1205,0.5222,,,2,0,0,1,0,1,Laurindo Sperotto,PP,
3203304,Mantenópolis,ES,Sudeste,10–50 mil,10402,42.37,54.95,2.44,4072,115,60,146,17,155.0,0.0,155.0,-5.42,41.4,42.2,0.0221,0.5252,Lorenzo Pazolini (REPUBLICANOS),16.4,1,0,0,0,1,0,Doutor Lucio,PSDB,
1500347,Água Azul Do Norte,PA,Norte,10–50 mil,10878,31.4,65.43,10.75,5316,62,107,199,3,153.0,0.0,153.0,1.1,64.5,31.9,0.0563,0.4734,,,1,0,1,0,0,0,Vandin,UNIÃO,Não foram encontradas pautas locais específicas 2024–2026
1300144,Apuí,AM,Norte,10–50 mil,11540,25.73,70.97,12.03,5895,73,88,202,5,153.0,0.0,153.0,-5.31,50.6,38.0,0.0615,0.4814,Professora Maria Do Carmo (PL),27.8,1,0,0,0,1,0,Marquinhos Macil,MDB,
3117603,Conceição Do Pará,MG,Sudeste,<10 mil,5489,30.73,63.4,5.26,2586,75,92,136,37,153.0,0.0,153.0,0.35,77.6,15.8,0.0576,0.4874,,,1,0,0,1,0,0,Wesley Pitt,REPUBLICANOS,
5004304,Iguatemi,MS,Centro-Oeste,10–50 mil,10722,35.01,61.86,6.06,4552,99,77,170,4,153.0,0.0,153.0,3.12,63.4,27.9,0.0677,0.5283,,,1,0,1,0,0,0,Dr. Lidio,PSDB,
3105301,Bandeira Do Sul,MG,Sudeste,<10 mil,5237,37.74,56.85,3.58,2242,86,119,108,23,153.0,0.0,153.0,-0.11,78.5,16.7,0.0376,0.5078,,,1,0,0,1,0,0,Zé Capituva,PSDB,
3504404,Avanhandava,SP,Sudeste,<10 mil,7452,42.29,53.98,7.81,2956,98,89,155,6,153.0,0.0,153.0,-1.32,53.4,34.8,0.1025,0.5142,,,0,0,0,0,0,0,Norberto Do Escritorio,PSD,
4211108,Monte Castelo,SC,Sul,<10 mil,6982,32.37,63.27,10.29,3503,99,79,167,5,153.0,0.0,153.0,-4.29,72.5,23.2,0.0615,0.4901,,,1,0,0,1,0,0,Sirineu,PODE,
3165404,Sapucaí-Mirim,MG,Sudeste,<10 mil,6091,39.81,55.49,8.15,2425,96,79,137,24,153.0,0.0,153.0,1.86,75.7,17.4,0.05,0.4939,,,2,0,1,1,0,0,Nilsinho,UNIÃO,
4303707,Campina Das Missões,RS,Sul,<10 mil,4989,34.26,60.1,10.55,2439,85,116,134,9,152.0,0.0,152.0,1.31,91.8,5.6,0.0814,0.5049,,,2,0,1,1,0,0,Carlos Justen,PL,
4311627,Lindolfo Collor,RS,Sul,<10 mil,4683,34.85,59.29,8.3,2260,102,98,127,9,152.0,0.0,152.0,1.4,52.2,41.8,0.0309,0.4967,,,1,0,1,0,0,0,Gaspar Behne,PP,
3150505,Pimenta,MG,Sudeste,<10 mil,7313,35.35,60.35,11.17,3252,55,106,163,30,152.0,0.0,152.0,1.3,84.2,9.1,0.0652,0.4985,,,2,0,1,1,0,0,Geovanio ,PSD,
3515202,Estrela D'Oeste,SP,Sudeste,<10 mil,7128,27.35,67.98,7.19,3592,100,122,102,8,152.0,0.0,152.0,-2.09,59.6,27.4,0.157,0.5084,,,1,0,0,0,0,1,Pedroca,PSD,
4115754,Mauá Da Serra,PR,Sul,<10 mil,7691,35.1,60.99,7.32,3565,91,97,145,10,152.0,0.0,152.0,2.4,56.0,35.5,0.0656,0.5103,,,1,0,1,0,0,0,Giva,UNIÃO,
1711902,Lagoa Da Confusão,TO,Norte,10–50 mil,10221,41.32,56.15,10.11,4535,83,128,135,0,151.0,0.0,151.0,-0.57,54.9,34.2,0.0691,0.4981,Professora Dorinha (UNIÃO),13.0,1,0,0,0,1,0,Thiago Lagoense,UNIÃO,"Segurança hídrica para irrigação na bacia do Rio Formoso (projeto federal/Codevasf de 14 barragens móveis/elevatórias, R$ 34 mi, anunciado em 2022) | Conflito pelo uso da água do Rio Formoso entre irrigantes e outros usos (judicializado — só título de matéria visto)"
3165578,Senador Amaral,MG,Sudeste,<10 mil,6008,32.13,63.15,10.67,2898,127,54,107,25,151.0,0.0,151.0,1.01,77.3,15.7,0.0333,0.4917,,,2,0,1,1,0,0,Daniel Franco,MDB,
1101005,Governador Jorge Teixeira,RO,Norte,<10 mil,7203,25.32,70.1,5.54,3949,85,121,128,8,151.0,0.0,151.0,-6.98,54.2,34.5,0.0583,0.4916,,,0,0,0,0,0,0,Gilmar Tomaz,PP,
4313102,Nova Palma,RS,Sul,<10 mil,5060,34.02,60.26,14.15,2440,67,160,112,7,151.0,0.0,151.0,1.8,90.4,7.5,0.1174,0.5015,,,2,0,1,1,0,0,Professora Jucemara,PP,
3509304,Cajobi,SP,Sudeste,<10 mil,7437,33.25,62.83,5.88,3766,92,85,158,9,151.0,0.0,151.0,-7.82,67.5,24.5,0.1065,0.5042,,,1,0,0,1,0,0,Italiano Barbarelli,PP,
5215207,Novo Brasil,GO,Centro-Oeste,<10 mil,3599,39.66,52.68,1.72,1447,24,294,30,0,151.0,0.0,151.0,3.05,58.7,31.7,0.1146,0.5003,,,1,0,1,0,0,0,Gabriel Do Fabiano,UNIÃO,
3100104,Abadia Dos Dourados,MG,Sudeste,<10 mil,5720,43.26,52.24,9.55,2285,60,162,99,19,151.0,0.0,151.0,0.35,75.3,18.2,0.0436,0.4973,,,1,0,0,1,0,0,Ciro,PSD,"Estradas: trecho de ~6 km sem asfalto da BR-352 entre a ponte do Rio Paranaíba (divisa GO) e a ponte do Rio Pardo – buracos e lama; DNIT prometeu retomar obras (Rádio Montanheza, jan/2026); rodotrem com soja tombou após buracos (abr/2026, manchete) | Segurança viária: acidentes graves recorrentes na BR-352 e MG-190 (G1/Patrocínio Online, manchetes)"
3534757,Ouroeste,SP,Sudeste,<10 mil,7997,35.61,60.72,7.03,3551,118,63,140,7,150.0,0.0,150.0,2.64,60.5,29.7,0.1689,0.5254,,,2,0,1,0,0,1,Tiãozinho Do Luizinho,REPUBLICANOS,
4300208,Ajuricaba,RS,Sul,<10 mil,5799,26.24,68.64,9.84,3312,83,129,102,16,150.0,0.0,150.0,-0.71,53.9,40.2,0.0828,0.509,,,0,0,0,0,0,0,Paulo Dolovitsch,PP,
3130606,Inconfidentes,MG,Sudeste,<10 mil,6559,39.93,55.86,5.82,2711,84,78,145,28,150.0,0.0,150.0,3.04,83.4,13.1,0.0594,0.4909,,,2,0,1,1,0,0,Testa,REPUBLICANOS,
1100940,Cujubim,RO,Norte,10–50 mil,11176,18.26,78.45,6.17,6631,95,99,135,7,150.0,0.0,150.0,-5.89,34.4,40.6,0.0407,0.5044,,,0,0,0,0,0,0,Joao Becker,UNIÃO,
1200013,Acrelândia,AC,Norte,10–50 mil,10207,20.25,76.24,2.65,5940,85,136,114,3,150.0,0.0,150.0,-2.32,37.0,48.3,0.0564,0.4991,Mailza Assis (PP),44.4,1,0,0,0,1,0,Olavinho Boiadeiro,REPUBLICANOS,
1200179,Capixaba,AC,Norte,<10 mil,8170,29.07,67.12,1.51,4227,77,134,108,16,150.0,0.0,150.0,-1.03,32.5,45.8,0.0479,0.4827,Mailza Assis (PP),20.6,1,0,0,0,1,0,Manoel Maia,UNIÃO,
4105003,Catanduvas,PR,Sul,<10 mil,7097,36.1,59.94,8.05,3183,116,91,112,5,150.0,0.0,150.0,-2.7,84.2,14.2,0.0902,0.5077,,,1,0,0,1,0,0,Ademar,PSD,
3532603,Nhandeara,SP,Sudeste,<10 mil,7745,26.05,69.33,5.84,3928,82,85,172,10,150.0,0.0,150.0,2.99,68.8,20.6,0.1702,0.5249,,,3,0,1,1,0,1,Junior Nascimento,PSDB,
4127858,Três Barras Do Paraná,PR,Sul,<10 mil,9120,36.78,60.23,7.1,4329,101,106,117,7,150.0,0.0,150.0,-0.05,84.5,13.1,0.0781,0.5058,,,1,0,0,1,0,0,Dr Gerso,PL,
4123808,Santa Izabel Do Oeste,PR,Sul,<10 mil,8780,40.74,56.3,8.3,3874,80,100,141,17,149.0,0.0,149.0,0.05,88.5,9.6,0.0975,0.5151,,,1,0,0,1,0,0,Jean Catto,PSD,
4304309,Cândido Godói,RS,Sul,<10 mil,5545,22.59,71.92,8.21,3416,78,138,108,11,149.0,0.0,149.0,1.46,71.5,26.4,0.0802,0.4977,,,1,0,1,0,0,0,Guerino Backes,PP,
5210307,Israelândia,GO,Centro-Oeste,<10 mil,2989,42.56,48.35,3.68,1054,17,305,23,0,149.0,0.0,149.0,0.54,61.7,27.1,0.1079,0.4918,,,0,0,0,0,0,0,Adelicia Moura,PODE,
4204400,Coronel Freitas,SC,Sul,<10 mil,8081,33.14,63.52,7.15,4177,93,96,116,21,149.0,0.0,149.0,0.76,83.2,12.8,0.0806,0.5107,,,1,0,0,1,0,0,Marta Tozetto,MDB,
4107256,Douradina,PR,Sul,<10 mil,6988,30.09,65.67,6.72,3589,110,92,111,9,149.0,0.0,149.0,0.19,79.7,17.7,0.1224,0.5154,,,2,0,0,1,0,1,Oberdam,UNIÃO,
1100700,Campo Novo De Rondônia,RO,Norte,<10 mil,7516,23.14,72.41,5.57,4218,93,93,144,5,148.0,0.0,148.0,-6.87,41.2,46.9,0.0382,0.4814,,,0,0,0,0,0,0,Alexandre Do Fortaleza,UNIÃO,
4210035,Luzerna,SC,Sul,<10 mil,4829,17.58,75.84,4.06,3164,91,92,125,19,148.0,0.0,148.0,-2.46,71.1,25.4,0.1741,0.5063,,,2,0,0,1,0,1,Juliano,PSD,
3533601,Nuporanga,SP,Sudeste,<10 mil,6023,31.69,63.4,6.3,2813,109,87,98,19,148.0,0.0,148.0,0.48,71.2,20.5,0.0949,0.5099,,,1,0,0,1,0,0,Daniel Viana,PSDB,
3200706,Atílio Vivácqua,ES,Sudeste,<10 mil,9255,41.02,56.21,6.45,4111,85,110,132,8,148.0,0.0,148.0,-0.48,56.5,36.5,0.0381,0.5073,Lorenzo Pazolini (REPUBLICANOS),14.6,1,0,0,0,1,0,Helinho Lima,PSB,
4215455,Sangão,SC,Sul,<10 mil,8877,18.02,78.21,3.82,5629,110,66,145,7,148.0,0.0,148.0,-0.47,71.5,24.0,0.0402,0.5105,,,1,0,0,1,0,0,Castilho,PP,
4312906,Nova Bassano,RS,Sul,<10 mil,7205,12.14,83.19,4.59,5000,104,110,84,16,148.0,0.0,148.0,1.47,90.8,7.2,0.1001,0.4965,,,2,0,1,1,0,0,João Paulo Maroso,PP,
5002308,Brasilândia,MS,Centro-Oeste,<10 mil,9576,33.88,62.52,9.67,3941,82,99,150,8,148.0,0.0,148.0,-0.15,51.9,38.0,0.0786,0.5021,,,0,0,0,0,0,0,Marcia Amaral,PSDB,
5213772,Montividiu Do Norte,GO,Centro-Oeste,<10 mil,3716,44.16,48.92,1.92,1334,33,277,26,0,148.0,0.0,148.0,2.41,64.7,34.6,0.059,0.4859,,,1,0,1,0,0,0,Clemerson Lopes,PRD,
4307559,Estação,RS,Sul,<10 mil,4871,26.66,67.16,5.64,2658,84,120,118,9,148.0,0.0,148.0,1.47,83.3,14.3,0.1148,0.5147,,,2,0,1,1,0,0,Gé,PSDB,
4322251,Tupandi,RS,Sul,<10 mil,4296,15.11,77.31,6.38,2814,99,104,98,18,148.0,0.0,148.0,1.19,88.6,9.7,0.063,0.4885,,,2,0,1,1,0,0,Paulinho Ludwig,MDB,
3535200,Palmeira D'Oeste,SP,Sudeste,<10 mil,7437,34.74,61.18,6.18,3295,93,91,139,10,148.0,0.0,148.0,-3.47,67.9,20.6,0.1389,0.5081,,,2,0,0,1,0,1,Valdir Semensati,PL,
3109451,Cabeceira Grande,MG,Sudeste,<10 mil,5891,42.92,52.49,8.48,2234,52,202,80,4,148.0,0.0,148.0,-0.09,69.0,24.2,0.0549,0.4899,,,1,0,0,1,0,0,Elber Oliveira,PSDB,
5220280,São Patrício,GO,Centro-Oeste,<10 mil,2457,29.88,59.13,-1.07,1124,11,276,7,0,128.0,20.0,148.0,-0.3,64.2,30.0,0.0865,0.4943,,,1,1,0,0,0,0,Danilo Max,MDB,
4310405,Independência,RS,Sul,<10 mil,5501,30.24,64.56,9.91,2886,69,153,95,13,147.0,0.0,147.0,1.23,74.0,24.6,0.0812,0.4963,,,2,0,1,1,0,0,Eduardo Marasca,MDB,
4214904,Rio Fortuna,SC,Sul,<10 mil,4372,12.19,80.77,3.18,3141,95,122,70,23,147.0,0.0,147.0,-0.75,95.5,3.5,0.1136,0.4871,,,1,0,0,1,0,0,Lindomar Ballmann,PSD,
1100502,Novo Horizonte Do Oeste,RO,Norte,<10 mil,7035,32.31,63.67,4.86,3639,76,117,133,9,147.0,0.0,147.0,-3.44,50.0,43.6,0.073,0.492,,,0,0,0,0,0,0,Ronaldo Delazari,UNIÃO,
4109500,Guaraqueçaba,PR,Sul,<10 mil,7430,44.54,52.07,2.55,2717,115,90,108,4,147.0,0.0,147.0,5.59,33.2,52.8,0.0524,0.4753,,,1,0,1,0,0,0,Sandro Da Saúde,UNIÃO,
4218400,Treze De Maio,SC,Sul,<10 mil,6518,14.36,80.66,3.96,4455,125,62,124,6,147.0,0.0,147.0,-1.92,78.6,18.6,0.0879,0.5033,,,1,0,0,1,0,0,Nenem Bardini,PL,
3536109,Pardinho,SP,Sudeste,<10 mil,6139,31.6,63.16,8.47,2714,102,94,116,8,146.0,0.0,146.0,3.58,52.5,32.8,0.1197,0.4973,,,2,0,1,0,0,1,Cristiano Camargo,REPUBLICANOS,
3144409,Natércia,MG,Sudeste,<10 mil,4090,36.8,56.2,3.55,1700,62,96,132,38,146.0,0.0,146.0,-0.71,88.2,7.9,0.0794,0.4899,,,1,0,0,1,0,0,Gabriel Vilas Boas,PSD,
3545159,Saltinho,SP,Sudeste,<10 mil,7141,16.23,78.71,2.94,4465,87,89,152,7,146.0,0.0,146.0,0.43,67.6,25.1,0.0949,0.5151,,,1,0,0,1,0,0,Helinho Bernardino,PL,
1101708,Urupá,RO,Norte,<10 mil,9186,29.84,66.72,4.79,4765,84,100,154,1,146.0,0.0,146.0,-8.07,45.3,44.4,0.0625,0.5029,,,0,0,0,0,0,0,Saldanha,PL,
4312708,Nonoai,RS,Sul,<10 mil,9663,41.81,55.46,9.37,4025,83,85,155,11,146.0,0.0,146.0,3.14,65.4,31.1,0.0866,0.5133,,,1,0,1,0,0,0,Adriane,PP,
4122651,Rosário Do Ivaí,PR,Sul,<10 mil,4714,40.86,54.37,2.71,2035,124,106,68,4,146.0,0.0,146.0,-8.85,76.8,18.7,0.1047,0.5025,,,1,0,0,1,0,0,Cesar Do Anizio,PSD,
4217253,São Pedro De Alcântara,SC,Sul,<10 mil,4795,24.48,69.42,4.3,2785,99,97,113,11,146.0,0.0,146.0,0.48,70.1,11.9,0.1526,0.4884,,,2,0,0,1,0,1,Charles,PL,
4300877,Araricá,RS,Sul,<10 mil,6414,29.42,66.04,6.48,3382,111,75,133,4,146.0,0.0,146.0,0.02,57.5,37.4,0.0363,0.5153,,,0,0,0,0,0,0,Oseas Garcia,PL,
4206108,Grão-Pará,SC,Sul,<10 mil,5610,16.84,77.32,6.85,3689,86,88,145,10,145.0,0.0,145.0,-1.67,89.2,6.3,0.0927,0.4964,,,1,0,0,1,0,0,Helinho,PP,
3150406,Piedade Dos Gerais,MG,Sudeste,<10 mil,5270,43.87,50.75,7.41,1853,56,73,189,26,145.0,0.0,145.0,1.48,83.3,12.5,0.0519,0.4834,,,2,0,1,1,0,0,Daniel,PP,
4218350,Treviso,SC,Sul,<10 mil,3946,29.02,63.56,9.9,2015,87,110,125,5,145.0,0.0,145.0,-1.51,84.4,14.2,0.1158,0.4867,,,1,0,0,1,0,0,Luciano Miotelli,MDB,
5100607,Alto Taquari,MT,Centro-Oeste,<10 mil,7979,28.2,67.83,5.82,3951,98,135,80,2,145.0,0.0,145.0,-1.47,51.4,35.9,0.114,0.4919,,,0,0,0,0,0,0,Marilda Sperandio,UNIÃO,
4200200,Agrolândia,SC,Sul,<10 mil,8211,16.92,79.05,3.43,5357,98,86,124,11,145.0,0.0,145.0,0.0,60.8,36.9,0.0594,0.5139,,,0,0,0,0,0,0,Negão,PL,
1100379,Alto Alegre Dos Parecis,RO,Norte,<10 mil,8837,29.44,67.17,4.18,4627,87,117,115,4,144.0,0.0,144.0,-2.59,48.1,40.9,0.05,0.4926,,,0,0,0,0,0,0,Dena,UNIÃO,
3554409,Terra Roxa,SP,Sudeste,<10 mil,6363,36.9,58.51,6.04,2805,69,87,176,9,144.0,0.0,144.0,3.27,66.8,25.3,0.1069,0.497,,,2,0,1,1,0,0,Rafael,PSD,
3135308,Japaraíba,MG,Sudeste,<10 mil,3685,39.03,54.14,10.01,1590,59,110,128,29,144.0,0.0,144.0,0.68,88.5,10.1,0.0477,0.5079,,,1,0,0,1,0,0,Alexandre,MDB,"Habitação: 100 unidades do Minha Casa, Minha Vida obtidas (jun/2026) — agenda da prefeitura | Educação: reforma da creche Dona Zizica e melhorias em escola (2026) — agenda da prefeitura"
4125209,São Jorge D'Oeste,PR,Sul,<10 mil,8006,38.7,58.2,8.47,3815,73,121,124,10,144.0,0.0,144.0,2.07,82.7,14.5,0.0908,0.5135,,,2,0,1,1,0,0,Gelson Coelho,REPUBLICANOS,
4211801,Ouro,SC,Sul,<10 mil,5678,22.99,71.51,6.63,3286,98,84,130,8,144.0,0.0,144.0,-0.2,86.8,9.1,0.1137,0.5141,,,1,0,0,1,0,0,Dire Duarte,PL,
3138674,Luisburgo,MG,Sudeste,<10 mil,5861,39.58,55.98,3.12,2491,63,78,146,38,144.0,0.0,144.0,-0.2,64.0,28.9,0.0259,0.4967,,,0,0,0,0,0,0,Juninho Moita,PRD,
4125803,São Pedro Do Ivaí,PR,Sul,<10 mil,6943,37.25,58.79,7.26,3103,73,133,111,8,144.0,0.0,144.0,0.61,81.7,14.8,0.1013,0.5214,,,1,0,0,1,0,0,Rildo Da Padaria,MDB,
5216452,Perolândia,GO,Centro-Oeste,<10 mil,3152,35.29,55.22,6.97,1258,17,293,23,0,144.0,0.0,144.0,1.4,48.8,32.1,0.0786,0.487,,,1,0,1,0,0,0,Grete Elisa,UNIÃO,
4103057,Boa Vista Da Aparecida,PR,Sul,<10 mil,7107,42.93,53.6,7.81,2910,82,115,126,5,144.0,0.0,144.0,-1.47,81.7,15.9,0.0805,0.5142,,,1,0,0,1,0,0,Eduardo Henrichs,PSD,
3510708,Cardoso,SP,Sudeste,<10 mil,9593,42.03,55.01,5.75,3590,73,124,126,6,144.0,0.0,144.0,-1.57,61.0,29.9,0.1143,0.5165,,,0,0,0,0,0,0,Luís Paulo Bednarski,MOBILIZA,
3551108,Sarapuí,SP,Sudeste,<10 mil,7398,39.55,56.84,6.94,3184,93,81,150,2,143.0,0.0,143.0,-1.61,61.9,26.4,0.1156,0.5041,,,0,0,0,0,0,0,Professor Gustavo,PSDB,
5219712,Santo Antônio Da Barra,GO,Centro-Oeste,<10 mil,4303,43.16,50.95,11.91,1632,29,246,49,5,143.0,0.0,143.0,0.62,57.6,25.3,0.0544,0.477,,,0,0,0,0,0,0,Zé Cândido,MDB,
5101308,Arenápolis,MT,Centro-Oeste,<10 mil,7881,36.72,59.83,5.8,3621,91,111,115,3,143.0,0.0,143.0,-3.47,64.7,28.5,0.1278,0.5132,,,1,0,0,0,0,1,Eder Marquis,PP,
3112406,Capetinga,MG,Sudeste,<10 mil,5621,44.58,50.81,4.29,1985,67,96,129,29,143.0,0.0,143.0,-0.35,80.4,14.3,0.0293,0.496,,,1,0,0,1,0,0,Nardo Do Calau,CIDADANIA,
4308003,Faxinal Do Soturno,RS,Sul,<10 mil,5638,33.63,61.4,9.68,2664,82,109,118,12,143.0,0.0,143.0,3.08,76.3,19.1,0.143,0.52,,,3,0,1,1,0,1,Lourenço Domingos Moro,MDB,
3548054,Santo Antônio Do Aracanguá,SP,Sudeste,<10 mil,7290,38.04,58.3,3.41,3256,85,106,127,6,143.0,0.0,143.0,1.76,56.9,35.8,0.068,0.4947,,,1,0,1,0,0,0,Luizão,PODE,
5106653,Pontal Do Araguaia,MT,Centro-Oeste,<10 mil,5354,36.07,59.03,6.3,2495,88,143,82,2,143.0,0.0,143.0,-4.07,53.6,32.1,0.1665,0.5117,,,1,0,0,0,0,1,Adelcino Lopo,MDB,
5215652,Palestina De Goiás,GO,Centro-Oeste,<10 mil,3576,33.89,57.99,4.5,1543,20,289,13,3,142.0,0.0,142.0,1.1,34.9,55.8,0.0837,0.4941,,,1,0,1,0,0,0,Altenias,UNIÃO,
3537503,Pereiras,SP,Sudeste,<10 mil,6469,33.39,62.03,9.27,2918,92,96,131,2,142.0,0.0,142.0,-2.73,65.6,25.7,0.1112,0.502,,,0,0,0,0,0,0,Osmarzinho,PSD,
3532306,Natividade Da Serra,SP,Sudeste,<10 mil,5669,34.84,60.06,6.27,2508,82,118,112,6,142.0,0.0,142.0,-5.41,64.8,27.3,0.0803,0.4676,,,0,0,0,0,0,0,Evail Augusto,PL,
3523800,Itobi,SP,Sudeste,<10 mil,6007,36.78,58.6,9.07,2606,82,102,132,5,141.0,0.0,141.0,-0.66,70.9,22.6,0.0905,0.4964,,,1,0,0,1,0,0,Maranata,MDB,
1700707,Alvorada,TO,Norte,<10 mil,8052,37.13,59.53,9.39,3557,81,151,80,0,141.0,0.0,141.0,1.43,67.5,27.4,0.0894,0.5187,Professora Dorinha (UNIÃO),22.0,2,0,1,0,1,0,Thaynara Melo,UNIÃO,
3167400,Silvianópolis,MG,Sudeste,<10 mil,4859,38.17,56.41,6.1,2020,69,88,119,35,141.0,0.0,141.0,1.08,80.0,16.9,0.1102,0.4869,,,2,0,1,1,0,0,Lúcio Da Sorveteria,PSD,
5219357,Santa Isabel,GO,Centro-Oeste,<10 mil,3820,38.29,54.76,2.06,1576,23,275,24,2,141.0,0.0,141.0,1.69,59.5,33.4,0.0799,0.4962,,,1,0,1,0,0,0,Levino,SOLIDARIEDADE,
1301654,Guajará,AM,Norte,10–50 mil,12171,35.71,61.72,8.19,5489,56,85,208,0,141.0,0.0,141.0,-8.09,55.6,37.3,0.0475,0.4946,Professora Maria Do Carmo (PL),52.4,1,0,0,0,1,0,Adaildo Melo,UNIÃO,
4116109,Moreira Sales,PR,Sul,<10 mil,9161,38.11,59.16,4.69,4197,84,110,103,12,140.0,0.0,140.0,-2.63,74.4,23.6,0.0742,0.5164,,,1,0,0,1,0,0,Luiz Volpato,PSD,
3536000,Parapuã,SP,Sudeste,<10 mil,7605,30.5,65.48,6.17,3650,94,96,115,6,140.0,0.0,140.0,-3.08,65.9,22.4,0.1387,0.5186,,,2,0,0,1,0,1,Milton Japonês,PL,
3149606,Pequi,MG,Sudeste,<10 mil,3981,43.86,49.91,4.72,1604,31,51,241,30,140.0,0.0,140.0,-2.27,74.8,20.3,0.1218,0.5077,,,2,0,0,1,0,1,Dr Andre,AVANTE,
4212007,Palma Sola,SC,Sul,<10 mil,5410,42.27,53.45,11.79,2327,92,81,142,2,140.0,0.0,140.0,-4.0,77.7,19.5,0.1012,0.5045,,,1,0,0,1,0,0,Marcio,PL,"Estiagem 2025: Palma Sola citada entre seis municípios de SC com situação de emergência por estiagem reconhecida pelo governo federal (com Barra Bonita, Campo Erê, São João do Oeste, Abelardo Luz e Saudades) — via resumo de busca brasil61 | Temporais/vendaval: chuva e vento destelharam ao menos cinco imóveis e derrubaram árvores, com interdição de ruas (NSC Total; data exata não confirmada)"
4211058,Monte Carlo,SC,Sul,<10 mil,6989,41.79,54.65,12.05,2860,101,63,144,5,140.0,0.0,140.0,-0.62,74.3,23.4,0.0599,0.5021,,,1,0,0,1,0,0,Alcione Buyno,PSD,
3121209,Delfinópolis,MG,Sudeste,<10 mil,6314,41.41,54.51,5.41,2458,61,94,124,33,139.0,0.0,139.0,-0.37,69.3,21.1,0.0535,0.4891,,,1,0,0,1,0,0,Pedro Paulo,MDB,
4210902,Modelo,SC,Sul,<10 mil,3479,29.7,62.92,8.47,1865,95,88,122,4,139.0,0.0,139.0,-1.13,79.4,19.5,0.128,0.4958,,,2,0,0,1,0,1,Barbara,MDB,
3540507,Porangaba,SP,Sudeste,<10 mil,7483,36.81,59.35,6.58,3165,74,114,114,11,139.0,0.0,139.0,-0.9,57.4,30.5,0.1127,0.4993,,,0,0,0,0,0,0,Cal,PSD,
5204656,Campinaçu,GO,Centro-Oeste,<10 mil,3775,44.53,48.75,5.26,1303,14,289,18,1,139.0,0.0,139.0,4.75,58.6,36.6,0.0617,0.4767,,,1,0,1,0,0,0,Dr. Douglas,UNIÃO,
5218052,Porteirão,GO,Centro-Oeste,<10 mil,3963,40.23,53.04,9.02,1474,36,254,20,2,139.0,0.0,139.0,1.95,59.7,29.8,0.0689,0.4785,,,1,0,1,0,0,0,Henrique,MDB,
5004007,Glória De Dourados,MS,Centro-Oeste,<10 mil,8125,39.93,57.01,8.67,3427,108,64,119,9,138.0,0.0,138.0,2.37,69.3,23.0,0.0974,0.523,,,2,0,1,1,0,0,Júlio Buguelo,PSD,
4214508,Rio Do Campo,SC,Sul,<10 mil,5436,18.87,75.6,4.7,3461,94,61,134,17,138.0,0.0,138.0,-0.52,85.0,12.2,0.081,0.4842,,,1,0,0,1,0,0,Vidal,PSD,
4213401,Ponte Serrada,SC,Sul,<10 mil,8142,40.73,56.29,10.98,3481,93,87,119,7,138.0,0.0,138.0,3.57,72.0,24.1,0.0974,0.5162,,,2,0,1,1,0,0,Freitas,PP,
5001508,Bandeirantes,MS,Centro-Oeste,<10 mil,6799,37.89,58.13,10.55,2842,95,76,128,8,138.0,0.0,138.0,3.66,57.2,31.1,0.0911,0.4897,,,1,0,1,0,0,0,Celso Abrantes,PSD,
3129301,Iapu,MG,Sudeste,<10 mil,8427,44.87,52.3,3.87,3122,99,70,114,15,137.0,0.0,137.0,-1.86,65.8,21.1,0.0415,0.5207,,,1,0,0,1,0,0,Pezao,UNIÃO,
3524501,Jaci,SP,Sudeste,<10 mil,5828,36.05,59.46,5.62,2553,97,80,110,12,137.0,0.0,137.0,0.29,67.3,20.9,0.0897,0.502,,,1,0,0,1,0,0,Valéria Guimarães,REPUBLICANOS,
4113007,Jussara,PR,Sul,<10 mil,5485,37.22,57.95,3.37,2419,61,119,131,8,137.0,0.0,137.0,1.6,64.1,26.6,0.0882,0.5266,,,1,0,1,0,0,0,Tatinha,PL,
3527009,Lindóia,SP,Sudeste,<10 mil,5869,26.08,69.17,4.63,3103,111,83,77,14,137.0,0.0,137.0,-1.33,66.6,19.8,0.1463,0.5226,,,2,0,0,1,0,1,Luciano Lopes,MDB,
3524907,Jambeiro,SP,Sudeste,<10 mil,4996,34.56,59.88,5.04,2255,78,91,131,9,136.0,0.0,136.0,0.56,62.6,26.3,0.1361,0.496,,,1,0,0,0,0,1,Aries Marioto,PP,
4200804,Anchieta,SC,Sul,<10 mil,4991,37.58,57.66,7.12,2330,88,98,112,5,136.0,0.0,136.0,1.18,82.6,12.6,0.089,0.4989,,,2,0,1,1,0,0,Moacir Piovezani,MDB,
5108055,Terra Nova Do Norte,MT,Centro-Oeste,<10 mil,9125,28.98,67.78,6.84,4591,89,87,126,4,136.0,0.0,136.0,-3.28,67.1,25.6,0.094,0.495,,,1,0,0,1,0,0,Pascoal Alberton,MDB,
4119202,Pinhalão,PR,Sul,<10 mil,5879,37.63,58.22,7.4,2663,80,123,95,4,136.0,0.0,136.0,0.77,75.6,21.5,0.0825,0.5042,,,1,0,0,1,0,0,Luiz Eduardo,UNIÃO,
1200351,Marechal Thaumaturgo,AC,Norte,10–50 mil,11897,38.53,59.14,7.69,5369,43,102,189,3,136.0,0.0,136.0,-5.73,55.3,41.2,0.0375,0.4727,Mailza Assis (PP),-12.1,0,0,0,0,0,0,Valdelio Furtado,PP,
3548104,Santo Antônio Do Jardim,SP,Sudeste,<10 mil,5173,31.05,63.4,7.12,2396,90,72,117,19,136.0,0.0,136.0,-2.37,75.1,16.2,0.1057,0.5031,,,1,0,0,1,0,0,Neguinho,PODE,
4309753,Ibarama,RS,Sul,<10 mil,3655,31.5,61.22,17.66,1722,85,139,65,6,136.0,0.0,136.0,3.49,90.8,8.0,0.0603,0.4982,,,2,0,1,1,0,0,Valmor Mattana,MDB,
4201901,Aurora,SC,Sul,<10 mil,5541,13.76,80.93,7.12,3878,104,68,108,13,136.0,0.0,136.0,-1.07,70.0,26.7,0.0966,0.491,,,0,0,0,0,0,0,Lila Zandonai,PL,
3553500,Tapiraí,SP,Sudeste,<10 mil,6269,38.43,57.32,3.18,2520,95,102,87,8,135.0,0.0,135.0,-3.45,32.4,44.4,0.0718,0.5151,,,0,0,0,0,0,0,Todesco,PSB,
4111100,Itambé,PR,Sul,<10 mil,5052,35.23,59.86,5.94,2467,75,120,111,1,135.0,0.0,135.0,-3.21,78.3,17.2,0.1058,0.5253,,,1,0,0,1,0,0,Ananias,PSD,
3534906,Pacaembu,SP,Sudeste,<10 mil,7523,30.77,65.45,6.07,3593,95,86,111,3,134.0,0.0,134.0,-4.61,55.3,26.9,0.1372,0.5245,,,1,0,0,0,0,1,Joao Francisco,PL,
4310439,Ipê,RS,Sul,<10 mil,5497,18.24,76.17,5.05,3394,82,104,91,16,134.0,0.0,134.0,0.72,89.1,7.8,0.0757,0.4975,,,1,0,0,1,0,0,José Mário Grazziotin,MDB,
4205100,Dona Emma,SC,Sul,<10 mil,3429,21.25,70.54,6.21,1949,105,80,89,11,134.0,0.0,134.0,0.39,70.4,26.2,0.0714,0.4972,,,0,0,0,0,0,0,Sigrid,PL,
5100409,Alto Garças,MT,Centro-Oeste,<10 mil,8774,32.02,64.8,7.83,4272,77,98,120,8,134.0,0.0,134.0,-2.63,65.8,23.3,0.099,0.4905,,,1,0,0,1,0,0,Junior Pitucha,PL,
1508050,Trairão,PA,Norte,10–50 mil,12441,21.63,75.42,11.69,6697,69,62,193,1,134.0,0.0,134.0,-1.79,51.6,36.5,0.0382,0.4749,,,0,0,0,0,0,0,Henrique Borges,AVANTE,Garimpo e sua legalização em áreas protegidas (bloqueios da BR-163 por garimpeiros em anos anteriores na região) | BR-163 (escoamento de grãos e circulação)
4215679,Santa Terezinha,SC,Sul,<10 mil,6527,20.91,74.44,9.45,3923,87,71,144,4,134.0,0.0,134.0,-0.11,89.5,8.4,0.0491,0.4716,,,1,0,0,1,0,0,Valquíria,PSD,
4210803,Meleiro,SC,Sul,<10 mil,5868,16.74,78.35,3.09,3938,98,76,105,11,134.0,0.0,134.0,-3.46,79.8,16.1,0.1321,0.5031,,,2,0,0,1,0,1,Anderson Scardueli Nininho,PL,
4315156,Progresso,RS,Sul,<10 mil,4932,35.72,59.52,13.31,2404,90,89,107,7,133.0,0.0,133.0,2.28,96.3,2.8,0.0569,0.4886,,,2,0,1,1,0,0,Paulinho,PP,
3168101,Tapira,MG,Sudeste,<10 mil,4968,24.03,70.63,5.12,2754,52,58,70,89,133.0,0.0,133.0,-0.57,75.3,20.0,0.089,0.4726,,,1,0,0,1,0,0,Maura Do Barroso,MDB,
1715754,Palmeirópolis,TO,Norte,<10 mil,6163,38.19,57.95,7.34,2777,53,184,58,2,132.0,0.0,132.0,0.45,59.6,32.3,0.086,0.5117,Professora Dorinha (UNIÃO),-0.4,0,0,0,0,0,0,Wlisses Barros,PDT,
4314704,Planalto,RS,Sul,<10 mil,7977,35.67,61.15,11.69,3603,90,107,83,7,132.0,0.0,132.0,2.62,84.6,12.0,0.0794,0.5147,,,2,0,1,1,0,0,Cristiano Gnoatto,MDB,
4120101,Porto Amazonas,PR,Sul,<10 mil,3870,31.88,61.06,5.1,1769,82,101,111,3,132.0,0.0,132.0,3.41,62.8,32.2,0.1007,0.5103,,,1,0,1,0,0,0,Elias Gomes Da Costa,PSD,
4314076,Passo Do Sobrado,RS,Sul,<10 mil,5251,33.6,61.97,13.19,2689,93,92,92,9,132.0,0.0,132.0,2.39,87.1,10.4,0.062,0.5055,,,2,0,1,1,0,0,Edgar Amarelinho,PP,
4107736,Fernandes Pinheiro,PR,Sul,<10 mil,5554,43.07,53.1,9.06,2288,88,101,95,5,132.0,0.0,132.0,3.06,78.5,18.3,0.0464,0.4857,,,2,0,1,1,0,0,Oziel Neivert,UNIÃO,
3135902,Jesuânia,MG,Sudeste,<10 mil,4445,42.14,52.32,5.36,1705,41,100,139,28,132.0,0.0,132.0,0.38,76.3,20.2,0.0427,0.5006,,,1,0,0,1,0,0,Torinho,PP,
5003751,Eldorado,MS,Centro-Oeste,<10 mil,8988,34.97,61.75,6.33,3759,95,40,155,9,132.0,0.0,132.0,2.14,68.6,24.2,0.0786,0.5341,,,2,0,1,1,0,0,Fabiana,PP,
3516903,General Salgado,SP,Sudeste,<10 mil,7966,31.59,64.79,6.05,3732,66,104,121,11,132.0,0.0,132.0,1.39,58.9,30.9,0.1495,0.5143,,,2,0,1,0,0,1,Thiago Da Farmacia,UNIÃO,
5105507,Vila Bela Da Santíssima Trindade,MT,Centro-Oeste,10–50 mil,11198,35.94,61.56,10.39,4975,63,111,126,5,131.0,0.0,131.0,-1.01,62.4,27.3,0.0803,0.4865,,,0,0,0,0,0,0,Dr. André,MDB,
4319307,São Paulo Das Missões,RS,Sul,<10 mil,5214,37.29,58.1,10.11,2432,61,99,130,11,130.0,0.0,130.0,1.39,70.2,27.8,0.0603,0.4985,,,1,0,1,0,0,0,Oberdan Rhoden,PP,
1100296,Santa Luzia D'Oeste,RO,Norte,<10 mil,6813,32.42,63.63,3.43,3293,78,87,124,6,130.0,0.0,130.0,-6.31,51.3,37.3,0.0721,0.503,,,0,0,0,0,0,0,Jurandir De Oliveira,UNIÃO,
3167806,Soledade De Minas,MG,Sudeste,<10 mil,5000,44.71,51.04,4.69,1896,83,72,103,23,130.0,0.0,130.0,1.06,67.3,24.6,0.0661,0.5025,,,2,0,1,1,0,0,Lúcio,PODE,
4103800,Cambira,PR,Sul,<10 mil,6442,29.34,66.49,8.07,3314,75,108,98,8,130.0,0.0,130.0,2.7,72.1,19.6,0.1013,0.5144,,,2,0,1,1,0,0,Ana Lucia,MDB,
4125407,São José Da Boa Vista,PR,Sul,<10 mil,4737,32.17,62.3,4.01,2269,78,105,100,7,130.0,0.0,130.0,0.76,78.4,18.8,0.0716,0.5015,,,1,0,0,1,0,0,Dr Zezinho,PSD,
4320354,Sentinela Do Sul,RS,Sul,<10 mil,4237,40.44,53.68,11.67,1701,62,82,145,14,130.0,0.0,130.0,1.4,81.0,11.6,0.058,0.4955,,,2,0,1,1,0,0,Julio Carvalho,PP,"Qualidade de vida/vulnerabilidade social: pior IPS do RS em 2026 (50,27 pontos, 5.492º de 5.570 municípios do país) | Segurança rural: furtos de fardos de tabaco em propriedades, alvo da Operação Pica Fumo da Polícia Civil (jun/2026)"
4315107,Porto Xavier,RS,Sul,<10 mil,7966,41.66,55.62,8.63,3502,83,79,113,12,129.0,0.0,129.0,1.96,65.4,30.8,0.0689,0.5137,,,1,0,1,0,0,0,Gilberto Menin Biba,REPUBLICANOS,
4127908,Tuneiras Do Oeste,PR,Sul,<10 mil,6721,33.57,62.66,4.24,3229,84,79,120,6,129.0,0.0,129.0,-3.09,65.7,32.1,0.0782,0.5042,,,0,0,0,0,0,0,Padre Guerino,PL,
3152600,Pouso Alto,MG,Sudeste,<10 mil,5593,40.94,54.87,5.68,2337,60,111,114,11,129.0,0.0,129.0,1.22,76.5,19.5,0.0538,0.4934,,,2,0,1,1,0,0,Jun,PSB,
3153509,Alto Jequitibá,MG,Sudeste,<10 mil,7177,33.72,62.91,2.64,3473,87,43,110,35,129.0,0.0,129.0,0.32,46.5,45.8,0.0412,0.505,,,0,0,0,0,0,0,Daniel,REPUBLICANOS,
5202353,Arenópolis,GO,Centro-Oeste,<10 mil,3626,41.69,51.91,7.03,1425,14,250,33,1,128.0,0.0,128.0,2.49,60.7,33.9,0.0942,0.4953,,,1,0,1,0,0,0,Delmiro Cano,UNIÃO,
3150901,Piranguçu,MG,Sudeste,<10 mil,4789,37.68,57.09,3.43,2074,69,56,148,20,128.0,0.0,128.0,0.07,86.4,11.0,0.0618,0.4932,,,1,0,0,1,0,0,Nilso Do Cornélio,PP,
4120507,Primeiro De Maio,PR,Sul,<10 mil,8333,28.53,68.14,7.25,4377,71,91,118,10,128.0,0.0,128.0,0.85,72.5,22.3,0.1247,0.5173,,,2,0,0,1,0,1,Bruno Santa Rosa,UNIÃO,
3555802,Urânia,SP,Sudeste,<10 mil,6898,31.7,64.79,6.53,3425,108,67,84,10,128.0,0.0,128.0,-1.34,68.4,24.6,0.1348,0.5186,,,2,0,0,1,0,1,Ivan Vitorelli,REPUBLICANOS,
3131604,Iraí De Minas,MG,Sudeste,<10 mil,6872,36.49,59.8,9.89,3134,52,85,154,12,127.0,0.0,127.0,2.26,72.1,23.2,0.0798,0.4929,,,2,0,1,1,0,0,Cleitinho,REPUBLICANOS,
4128708,Vitorino,PR,Sul,<10 mil,5942,32.61,63.55,8.68,3075,96,74,93,10,127.0,0.0,127.0,-4.72,77.7,18.8,0.1196,0.5151,,,2,0,0,1,0,1,Marciano Vottri,PSD,
3162559,São João Do Manhuaçu,MG,Sudeste,<10 mil,9811,43.39,54.47,5.45,4078,69,63,120,29,127.0,0.0,127.0,0.71,44.9,45.0,0.028,0.5097,,,0,0,0,0,0,0,Zé Braz,MDB,
3517000,Getulina,SP,Sudeste,<10 mil,7043,38.89,57.14,5.7,2684,55,107,128,8,127.0,0.0,127.0,-2.58,65.2,25.8,0.1026,0.5208,,,0,0,0,0,0,0,Tadeu,PL,
4120705,Quatiguá,PR,Sul,<10 mil,6645,30.94,65.09,4.93,3274,70,118,92,4,126.0,0.0,126.0,1.84,77.9,18.8,0.1043,0.528,,,2,0,1,1,0,0,Izilda Da Saúde,PL,
1702000,Araguaçu,TO,Norte,<10 mil,6645,24.72,70.96,5.45,3585,44,174,62,6,126.0,0.0,126.0,0.31,53.1,40.6,0.0912,0.5002,Professora Dorinha (UNIÃO),26.9,1,0,0,0,1,0,Jarbas Ribeiro,PL,
5103106,Cocalinho,MT,Centro-Oeste,<10 mil,5454,34.4,60.51,7.25,2233,39,216,27,0,125.0,0.0,125.0,-2.51,46.7,35.8,0.0704,0.4516,,,0,0,0,0,0,0,Baco,UNIÃO,
3536802,Pedra Bela,SP,Sudeste,<10 mil,4810,33.95,60.84,10.15,2189,87,80,102,7,125.0,0.0,125.0,-2.81,72.0,21.0,0.094,0.4983,,,1,0,0,1,0,0,Derlei,UNIÃO,
3305307,São Sebastião Do Alto,RJ,Sudeste,<10 mil,7793,40.17,56.77,6.74,3248,48,157,74,6,125.0,0.0,125.0,4.08,65.0,28.9,0.0707,0.5095,Douglas Ruas (PL),4.5,1,0,1,0,0,0,Claudiane Pietrani,SOLIDARIEDADE,
3532827,Nova Campina,SP,Sudeste,<10 mil,6959,38.72,58.01,9.9,3031,102,61,106,3,125.0,0.0,125.0,-0.74,32.8,56.3,0.0467,0.5023,,,0,0,0,0,0,0,Junior Da Saúde,PSD,
3554706,Torrinha,SP,Sudeste,<10 mil,6691,24.31,71.33,6.02,3581,69,96,101,13,125.0,0.0,125.0,-2.4,77.8,16.9,0.1277,0.5035,,,2,0,0,1,0,1,Rodolfo Buzato,PODE,
1100080,Costa Marques,RO,Norte,<10 mil,9103,33.43,63.91,6.35,4413,94,83,92,3,125.0,0.0,125.0,-4.96,48.7,40.0,0.0756,0.4866,,,0,0,0,0,0,0,Dr Fabiomar,UNIÃO,
3164308,São Roque De Minas,MG,Sudeste,<10 mil,5891,24.09,70.95,1.56,3085,37,99,102,42,125.0,0.0,125.0,-0.08,75.4,14.8,0.0625,0.4953,,,1,0,0,1,0,0,Brexinha,UNIÃO,
1101609,Theobroma,RO,Norte,<10 mil,7587,29.23,67.1,5.07,3966,51,91,150,6,124.0,0.0,124.0,-7.05,44.4,39.0,0.0638,0.4751,,,0,0,0,0,0,0,Gilliard Gomes,PSD,
4218608,Trombudo Central,SC,Sul,<10 mil,5524,18.56,76.79,2.33,3467,121,44,79,10,124.0,0.0,124.0,0.48,63.7,31.6,0.1085,0.5135,,,0,0,0,0,0,0,Marlon Goede ,PP,
5200209,Água Limpa,GO,Centro-Oeste,<10 mil,2635,35.94,54.69,5.08,1073,15,251,18,1,124.0,0.0,124.0,3.12,41.2,23.2,0.085,0.4888,,,1,0,1,0,0,0,Zé Carlos,UNIÃO,
4117222,Nova Santa Rosa,PR,Sul,<10 mil,7055,13.62,82.57,0.37,4936,97,76,72,15,124.0,0.0,124.0,0.09,38.5,58.3,0.1089,0.5164,,,0,0,0,0,0,0,Lari Hitz,UNIÃO,
1400159,Bonfim,RR,Norte,10–50 mil,12329,31.63,66.36,1.44,6564,87,58,126,6,124.0,0.0,124.0,2.92,51.5,32.8,0.0585,0.4943,,,1,0,1,0,0,0,Romualdo Feitosa,REPUBLICANOS,
4309902,Ibiraiaras,RS,Sul,<10 mil,5419,20.53,74.13,10.07,3256,48,91,142,13,124.0,0.0,124.0,1.22,84.6,11.1,0.0978,0.5076,,,2,0,1,1,0,0,Joel Isidoro Juca,PL,
4117008,Nova Fátima,PR,Sul,<10 mil,6087,41.11,55.14,6.24,2490,70,94,113,5,124.0,0.0,124.0,-2.43,69.0,26.8,0.0693,0.5298,,,0,0,0,0,0,0,Dra Renata,REPUBLICANOS,
5000807,Anaurilândia,MS,Centro-Oeste,<10 mil,6297,44.65,51.77,10.29,2396,59,73,161,4,124.0,0.0,124.0,-0.35,73.9,21.5,0.0977,0.5039,,,1,0,0,1,0,0,Professor Rafael,PP,
4123709,Santa Isabel Do Ivaí,PR,Sul,<10 mil,7006,32.0,64.59,4.81,3436,89,106,68,4,124.0,0.0,124.0,1.91,77.5,18.3,0.1097,0.5249,,,2,0,1,1,0,0,João Da Nina,PP,
5102793,Carlinda,MT,Centro-Oeste,<10 mil,8400,35.77,61.15,8.55,3707,67,91,123,5,124.0,0.0,124.0,-0.27,66.5,26.8,0.0534,0.4861,,,0,0,0,0,0,0,Pastor Fernando,UNIÃO,
5214879,Nova Iguaçu De Goiás,GO,Centro-Oeste,<10 mil,2680,41.14,50.73,3.71,1036,29,232,20,0,124.0,0.0,124.0,-4.13,63.6,31.7,0.0727,0.4841,,,0,0,0,0,0,0,Zé Do André,PP,
4305959,Cotiporã,RS,Sul,<10 mil,3488,17.43,74.8,5.64,2104,88,104,66,5,123.0,0.0,123.0,1.76,92.5,5.9,0.0733,0.4811,,,2,0,1,1,0,0,Breda,PP,
5005806,Nioaque,MS,Centro-Oeste,10–50 mil,10377,43.76,54.24,6.01,4238,92,72,105,2,123.0,0.0,123.0,-0.91,53.4,37.6,0.0777,0.4927,,,0,0,0,0,0,0,André,PP,
5209291,Guaraíta,GO,Centro-Oeste,<10 mil,2781,43.12,49.48,2.89,1091,9,256,21,0,123.0,0.0,123.0,0.63,32.7,60.2,0.1025,0.4921,,,0,0,0,0,0,0,Hebim Da Marcela,PP,
4316709,Santa Bárbara Do Sul,RS,Sul,<10 mil,6723,30.14,66.12,10.53,3540,67,87,110,14,123.0,0.0,123.0,-0.65,61.5,32.5,0.1072,0.5173,,,0,0,0,0,0,0,Leandro Veneral,PDT,
4301503,Augusto Pestana,RS,Sul,<10 mil,5869,23.26,72.36,10.15,3501,71,116,73,10,123.0,0.0,123.0,2.18,65.1,33.1,0.1086,0.5139,,,1,0,1,0,0,0,Darci Sallet,MDB,
1400282,Iracema,RR,Norte,<10 mil,7593,22.8,73.27,8.72,4384,65,54,173,4,123.0,0.0,123.0,5.54,39.1,33.7,0.0678,0.4797,,,1,0,1,0,0,0,Marlene Saraiva,REPUBLICANOS,
3500600,Águas De São Pedro,SP,Sudeste,<10 mil,4335,30.74,63.36,2.68,2037,86,72,93,15,123.0,0.0,123.0,1.92,52.0,17.1,0.3027,0.5457,,,2,0,1,0,0,1,João Victor,PL,
1400233,Caroebe,RR,Norte,<10 mil,7649,19.4,77.07,1.66,4989,89,72,108,4,123.0,0.0,123.0,0.43,25.5,49.5,0.0599,0.4738,,,0,0,0,0,0,0,Osmar Filho,REPUBLICANOS,
4118600,Paula Freitas,PR,Sul,<10 mil,4763,29.78,64.89,10.84,2410,65,107,101,5,122.0,0.0,122.0,1.54,82.5,14.8,0.0788,0.4874,,,2,0,1,1,0,0,Xiru,PP,
4122602,Rondon,PR,Sul,<10 mil,6991,33.16,63.3,5.9,3439,70,70,139,5,122.0,0.0,122.0,-1.36,78.7,14.9,0.0948,0.5119,,,1,0,0,1,0,0,Roberto Corredato,PSD,
4111555,Ivaté,PR,Sul,<10 mil,5439,42.45,53.86,4.29,2276,82,88,95,5,122.0,0.0,122.0,-0.97,79.2,17.3,0.0943,0.5121,,,1,0,0,1,0,0,Denilson Prevital,MDB,
4318606,São José Do Ouro,RS,Sul,<10 mil,5762,24.32,71.09,9.25,3317,63,111,94,7,122.0,0.0,122.0,1.42,90.0,8.4,0.1206,0.52,,,3,0,1,1,0,1,Gringo De Biasi,PSDB,
4108205,Formosa Do Oeste,PR,Sul,<10 mil,6080,30.26,65.41,5.59,2982,77,84,103,7,122.0,0.0,122.0,-0.96,85.3,12.1,0.1141,0.5174,,,1,0,0,1,0,0,Orivaldo Municelli,PSD,
3202553,Ibitirama,ES,Sudeste,<10 mil,7471,32.88,63.74,2.21,3733,62,76,139,8,122.0,0.0,122.0,0.13,39.0,51.2,0.0571,0.4995,Lorenzo Pazolini (REPUBLICANOS),13.4,1,0,0,0,1,0,Reginaldo,PSB,
5101902,Brasnorte,MT,Centro-Oeste,10–50 mil,12659,24.28,73.33,4.43,6575,78,62,130,7,122.0,0.0,122.0,-2.06,68.1,23.5,0.0854,0.4854,,,1,0,0,1,0,0,Edelo Ferrari,UNIÃO,
4202131,Bela Vista Do Toldo,SC,Sul,<10 mil,5321,25.55,69.54,13.12,2949,60,117,90,8,122.0,0.0,122.0,0.61,86.2,12.5,0.0464,0.4839,,,1,0,0,1,0,0,Carlinhos Schiessl,MDB,
4219358,Vitor Meireles,SC,Sul,<10 mil,4377,24.65,69.77,6.22,2504,95,73,96,1,122.0,0.0,122.0,-2.94,75.4,22.5,0.0605,0.489,,,1,0,0,1,0,0,Marcelo Darolt,PL,
4300703,Anta Gorda,RS,Sul,<10 mil,4872,13.35,80.66,4.16,3174,62,115,80,13,122.0,0.0,122.0,2.06,92.2,6.4,0.064,0.5013,,,2,0,1,1,0,0,Xico Frighetto,REPUBLICANOS,
5107305,São José Do Rio Claro,MT,Centro-Oeste,10–50 mil,11217,20.95,76.43,4.05,6570,83,79,98,8,122.0,0.0,122.0,-5.25,60.2,29.4,0.0666,0.4955,,,0,0,0,0,0,0,Levi Ribeiro,PL,
4310363,Imigrante,RS,Sul,<10 mil,2800,25.75,64.92,10.79,1427,68,86,108,11,121.0,0.0,121.0,-0.21,56.5,41.1,0.07,0.5096,,,0,0,0,0,0,0,Germano,MDB,
5215801,Palmelo,GO,Centro-Oeste,<10 mil,2406,38.97,51.19,2.16,902,21,215,44,1,121.0,0.0,121.0,5.69,21.5,26.9,0.1325,0.528,,,2,0,1,0,0,1,Renato Damasio,PODE,
3305133,São José De Ubá,RJ,Sudeste,<10 mil,7636,33.72,63.12,5.69,3697,66,102,92,11,121.0,0.0,121.0,1.12,55.7,33.0,0.051,0.5062,Douglas Ruas (PL),-2.4,1,0,1,0,0,0,Gean,MDB,
3137106,Lagamar,MG,Sudeste,<10 mil,6403,39.07,57.3,8.06,2754,40,98,127,19,121.0,0.0,121.0,-1.12,77.0,20.3,0.0551,0.4871,,,1,0,0,1,0,0,Zico ,MOBILIZA,
3519808,Icém,SP,Sudeste,<10 mil,6049,43.08,53.45,6.13,2435,83,57,124,8,121.0,0.0,121.0,-1.78,68.7,19.9,0.1254,0.5078,,,2,0,0,1,0,1,Professora Cidinha Salisso,PL,
5207105,Diorama,GO,Centro-Oeste,<10 mil,2503,34.08,56.29,3.8,1083,8,259,12,1,121.0,0.0,121.0,2.16,64.8,27.6,0.1241,0.49,,,2,0,1,0,0,1,Altamiro,UNIÃO,
4211405,Nova Erechim,SC,Sul,<10 mil,4037,32.88,61.85,8.04,2054,90,84,71,11,121.0,0.0,121.0,1.73,63.7,19.5,0.1074,0.5027,,,1,0,1,0,0,0,Iara Perin,MDB,
4300570,Alto Feliz,RS,Sul,<10 mil,2870,20.87,69.69,4.51,1623,49,142,76,7,121.0,0.0,121.0,0.62,81.9,16.1,0.054,0.4765,,,1,0,0,1,0,0,Robes Schneider,PSB,
3202009,Dores Do Rio Preto,ES,Sudeste,<10 mil,6285,40.24,56.15,5.51,2630,76,76,119,3,121.0,0.0,121.0,-0.12,55.7,28.1,0.0593,0.505,Lorenzo Pazolini (REPUBLICANOS),12.1,1,0,0,0,1,0,Thiaguinho,PP,
4305702,Condor,RS,Sul,<10 mil,6118,26.87,68.83,13.34,3249,66,78,123,8,120.0,0.0,120.0,0.86,44.3,50.4,0.0796,0.5042,,,0,0,0,0,0,0,Rômulo Teixeira,MDB,
3127404,Gonçalves,MG,Sudeste,<10 mil,4111,33.88,59.73,6.14,1747,47,94,108,25,120.0,0.0,120.0,0.28,78.4,8.8,0.0886,0.4745,,,1,0,0,1,0,0,Márcio Do Zezé,UNIÃO,
3528106,Macaubal,SP,Sudeste,<10 mil,5924,26.77,68.83,4.6,3176,65,68,124,16,120.0,0.0,120.0,-2.86,75.7,18.8,0.1265,0.5077,,,2,0,0,1,0,1,Acácio,PSD,
1101757,Vale Do Anari,RO,Norte,<10 mil,6627,26.49,69.3,3.46,3524,52,83,149,4,120.0,0.0,120.0,-3.83,44.6,46.0,0.0482,0.4849,,,0,0,0,0,0,0,Cleone Lima,MDB,
4308706,Gaurama,RS,Sul,<10 mil,5195,24.66,70.63,8.91,3040,70,86,99,12,120.0,0.0,120.0,-0.01,89.2,9.2,0.0981,0.5094,,,1,0,0,1,0,0,Eliezer Zanatta,PSD,
5108501,Vera,MT,Centro-Oeste,<10 mil,7850,23.32,73.32,6.08,4397,104,46,100,6,120.0,0.0,120.0,-4.45,65.5,23.1,0.0927,0.4973,,,1,0,0,1,0,0,Yago Giacomelli,MDB,
4113734,Luiziana,PR,Sul,<10 mil,5953,44.83,51.84,7.39,2333,65,110,78,10,119.0,0.0,119.0,0.61,72.6,23.3,0.0622,0.5034,,,1,0,0,1,0,0,Edson Liss,PDT,
4207403,Imbuia,SC,Sul,<10 mil,5201,17.14,77.56,9.78,3419,61,93,123,1,119.0,0.0,119.0,0.3,79.2,19.0,0.0778,0.508,,,1,0,0,1,0,0,Oscar,PL,
4212700,Petrolândia,SC,Sul,<10 mil,5523,17.49,78.11,5.54,3708,93,84,63,9,119.0,0.0,119.0,-0.84,62.4,36.4,0.0777,0.4901,,,0,0,0,0,0,0,Rodrigo,MDB,
4117453,Ouro Verde Do Oeste,PR,Sul,<10 mil,5332,33.08,62.71,4.7,2672,69,100,89,7,119.0,0.0,119.0,-0.57,78.6,15.0,0.0887,0.5128,,,1,0,0,1,0,0,Gugu,CIDADANIA,
4216107,São Domingos,SC,Sul,<10 mil,7343,34.02,62.88,10.09,3697,77,73,116,3,119.0,0.0,119.0,2.42,83.4,13.0,0.1073,0.5123,,,2,0,1,1,0,0,Márcio Grosbelli,PP,
5106216,Nova Canaã Do Norte,MT,Centro-Oeste,10–50 mil,10256,20.66,76.44,8.7,5758,69,92,101,6,119.0,0.0,119.0,-3.8,71.2,23.8,0.0876,0.4793,,,1,0,0,1,0,0,Vinicius Oliveira,UNIÃO,
3169802,Turvolândia,MG,Sudeste,<10 mil,4957,42.52,53.28,7.01,1952,73,52,119,20,119.0,0.0,119.0,0.16,68.6,27.4,0.0436,0.4969,,,0,0,0,0,0,0,Ze Nelsinho,MDB,
4314035,Pareci Novo,RS,Sul,<10 mil,3442,19.62,72.66,4.7,2036,72,88,90,13,119.0,0.0,119.0,2.88,81.5,14.4,0.0873,0.5093,,,2,0,1,1,0,0,Cristina Reinheimer,MDB,
1400027,Amajari,RR,Norte,<10 mil,7631,23.53,73.07,0.04,4635,64,69,138,5,118.0,0.0,118.0,0.75,31.5,26.3,0.0616,0.4683,,,0,0,0,0,0,0,Nubia Lima,PP,
3116407,Claraval,MG,Sudeste,<10 mil,5081,27.56,67.65,4.22,2639,40,83,81,52,118.0,0.0,118.0,1.12,74.2,17.9,0.0425,0.4915,,,2,0,1,1,0,0,Zé Reinaldo,AVANTE,
4323770,Westfalia,RS,Sul,<10 mil,2689,20.14,70.22,10.4,1594,66,90,111,4,118.0,0.0,118.0,0.69,26.5,70.0,0.0694,0.4865,,,0,0,0,0,0,0,Juliano,PP,
3143500,Morada Nova De Minas,MG,Sudeste,<10 mil,7207,39.21,57.73,8.36,3104,47,68,116,35,118.0,0.0,118.0,-3.5,67.6,19.6,0.0953,0.4985,,,1,0,0,1,0,0,Dr. Hermano,PSDB,
4127882,Tunas Do Paraná,PR,Sul,<10 mil,5500,40.3,55.78,9.37,2296,67,102,94,2,117.0,0.0,117.0,1.32,31.2,52.7,0.038,0.4855,,,1,0,1,0,0,0,Marco Baldão,PP,
4301701,Barão De Cotegipe,RS,Sul,<10 mil,5354,30.81,64.86,9.86,2819,50,106,91,18,117.0,0.0,117.0,1.46,88.0,9.7,0.1037,0.4881,,,2,0,1,1,0,0,Franciel Izycki,PL,
4112959,Juranda,PR,Sul,<10 mil,6202,30.0,66.4,8.32,3295,82,90,78,5,117.0,0.0,117.0,-3.44,76.8,19.8,0.0946,0.5226,,,1,0,0,1,0,0,Joelma Demeneck,PSD,
4200408,Água Doce,SC,Sul,<10 mil,5464,23.2,72.24,5.52,3112,82,100,69,2,117.0,0.0,117.0,0.52,82.3,16.0,0.0916,0.4838,,,1,0,0,1,0,0,Giovani Brandalise,PSDB,
4128609,Verê,PR,Sul,<10 mil,6888,43.89,53.49,12.02,3024,66,88,102,8,117.0,0.0,117.0,-0.1,90.7,7.8,0.103,0.5009,,,1,0,0,1,0,0,Paulo,PRD,Pavimentação de estradas rurais (asfalto Bananal-Milho Verde; projetos de pavimentação 2025) | Ponte Verê x São Jorge d'Oeste (convênio assinado)
5002001,Batayporã,MS,Centro-Oeste,<10 mil,8414,41.64,55.67,8.92,3307,67,59,137,8,117.0,0.0,117.0,3.47,65.9,28.8,0.0627,0.5128,,,1,0,1,0,0,0,Germino Roz,PSDB,
5105200,Juscimeira,MT,Centro-Oeste,<10 mil,8751,36.36,61.08,6.45,4261,51,93,128,4,117.0,0.0,117.0,-7.36,69.0,26.6,0.1275,0.5033,,,1,0,0,0,0,1,Alexandre Russi,PL,
5002159,Bodoquena,MS,Centro-Oeste,<10 mil,6487,43.02,53.69,7.91,2574,79,47,142,2,117.0,0.0,117.0,1.07,53.5,34.8,0.0946,0.5045,,,1,0,1,0,0,0,Girleide,MDB,
5106299,Paranaíta,MT,Centro-Oeste,<10 mil,9406,24.04,73.08,8.76,5150,71,79,106,7,117.0,0.0,117.0,-2.07,65.0,26.0,0.0778,0.4826,,,0,0,0,0,0,0,Osmar Mandacarú,UNIÃO,
3503703,Ariranha,SP,Sudeste,<10 mil,6455,32.02,64.15,5.38,3085,66,94,98,6,117.0,0.0,117.0,-1.43,66.9,24.2,0.1253,0.5053,,,2,0,0,1,0,1,Dedê Trovó,PL,
3503406,Arealva,SP,Sudeste,<10 mil,6343,28.82,67.04,6.53,3026,84,67,104,3,116.0,0.0,116.0,1.68,62.1,29.3,0.0627,0.5095,,,1,0,1,0,0,0,Paulinho Da Nina,PODE,
3521101,Ipeúna,SP,Sudeste,<10 mil,5852,26.08,69.52,4.78,2967,93,64,81,8,116.0,0.0,116.0,1.4,53.2,35.5,0.1011,0.4977,,,1,0,1,0,0,0,Maria Luisa Do Ildebran,PSD,
3534203,Orindiúva,SP,Sudeste,<10 mil,5003,41.99,53.82,7.7,1996,76,50,131,8,116.0,0.0,116.0,0.6,69.5,22.9,0.1215,0.5054,,,2,0,0,1,0,1,Mireli Martins,PSD,
3543808,Rinópolis,SP,Sudeste,<10 mil,7452,25.9,70.29,7.86,3648,78,70,109,4,116.0,0.0,116.0,2.39,69.0,21.0,0.1207,0.5182,,,3,0,1,1,0,1,Graziela Tome,NOVO,
3554953,Tuiuti,SP,Sudeste,<10 mil,5542,27.08,68.13,7.0,2803,62,96,99,7,116.0,0.0,116.0,-2.18,68.2,24.0,0.1025,0.5107,,,1,0,0,1,0,0,Careca,UNIÃO,
3128600,Guarda-Mor,MG,Sudeste,<10 mil,6295,37.16,59.05,12.61,2672,30,137,81,19,116.0,0.0,116.0,-0.15,73.3,21.3,0.0425,0.4843,,,1,0,0,1,0,0,Zé Betio,PSD,
5220058,São João Da Paraúna,GO,Centro-Oeste,<10 mil,2198,30.41,57.93,3.46,920,14,243,9,0,116.0,0.0,116.0,0.89,59.1,20.6,0.101,0.502,,,0,0,0,0,0,0,Juninho,UNIÃO,
4321956,Trindade Do Sul,RS,Sul,<10 mil,5879,43.19,53.65,12.08,2426,88,50,104,10,116.0,0.0,116.0,3.81,79.6,17.4,0.0733,0.5016,,,2,0,1,1,0,0,Oda,PDT,"Estiagem do verão 2025: situação de emergência reconhecida pela União (Jornal do Comércio, mar/2025) (decreto municipal nº 014/2025 em fev; reconhecimento federal em 18/03/2025) | Pautas locais específicas não verificadas (busca limitada e bloqueio de acesso às páginas por limite de requisições); apenas pautas genéricas/regionais."
4312443,Morrinhos Do Sul,RS,Sul,<10 mil,3216,24.86,67.9,10.55,1783,85,66,89,10,116.0,0.0,116.0,1.9,91.2,7.0,0.0674,0.4992,,,2,0,1,1,0,0,Marcos Venicios,PP,
4214409,Rio Das Antas,SC,Sul,<10 mil,5383,25.67,69.94,5.8,3066,78,92,78,6,116.0,0.0,116.0,-3.59,72.9,22.8,0.0853,0.489,,,1,0,0,1,0,0,Gil,PL,
4219200,Vidal Ramos,SC,Sul,<10 mil,5308,19.76,75.56,9.11,3358,72,90,82,8,115.0,0.0,115.0,-0.66,90.2,7.9,0.0883,0.4891,,,1,0,0,1,0,0,Laércio Da Cruz,MDB,
4303608,Cambará Do Sul,RS,Sul,<10 mil,5136,25.9,69.21,9.71,2706,58,89,93,17,115.0,0.0,115.0,1.97,61.7,26.7,0.0838,0.4938,,,1,0,1,0,0,0,Schamberlaen Silvestre,PP,
3519907,Iepê,SP,Sudeste,<10 mil,5971,34.61,61.69,6.18,2823,79,71,99,6,115.0,0.0,115.0,-1.43,66.4,29.4,0.1199,0.5258,,,1,0,0,0,0,1,Marta Enfermeira,UNIÃO,
4214300,Rancho Queimado,SC,Sul,<10 mil,3744,21.18,72.68,8.6,2237,107,51,75,6,115.0,0.0,115.0,1.6,47.6,45.0,0.1788,0.4952,,,2,0,1,0,0,1,Tiago,PL,
4309803,Ibiaçá,RS,Sul,<10 mil,3988,24.92,68.95,10.44,2250,63,82,112,7,115.0,0.0,115.0,1.57,73.5,8.6,0.1056,0.5213,,,2,0,1,1,0,0,Jones,PP,
4103305,Borrazópolis,PR,Sul,<10 mil,6279,36.34,60.21,6.37,3013,49,97,113,9,115.0,0.0,115.0,-2.68,82.0,15.0,0.1021,0.5125,,,1,0,0,1,0,0,Didi,PSB,
3114907,Casa Grande,MG,Sudeste,<10 mil,3027,39.24,54.06,8.38,1273,58,77,102,20,115.0,0.0,115.0,5.91,85.6,12.9,0.0821,0.4909,,,2,0,1,1,0,0,Nadinho,MDB,
3546504,Santa Ernestina,SP,Sudeste,<10 mil,5040,39.29,56.43,7.76,2176,64,60,135,7,114.0,0.0,114.0,1.28,60.3,28.0,0.1076,0.4972,,,1,0,1,0,0,0,Dedé,PP,
4206603,Guarujá Do Sul,SC,Sul,<10 mil,3992,32.59,61.98,5.7,1938,87,63,91,7,114.0,0.0,114.0,0.23,83.8,14.2,0.089,0.525,,,1,0,0,1,0,0,Eliane Fanton,PL,
3120706,Cruzeiro Da Fortaleza,MG,Sudeste,<10 mil,4351,34.18,60.62,9.45,2032,56,73,120,13,114.0,0.0,114.0,2.29,90.5,7.2,0.094,0.4871,,,2,0,1,1,0,0,Dr. Antonio,MDB,
4315909,Rodeio Bonito,RS,Sul,<10 mil,5375,38.49,57.92,11.94,2504,78,54,108,12,114.0,0.0,114.0,1.97,80.6,18.1,0.1225,0.5133,,,3,0,1,1,0,1,Paulo Duarte,REPUBLICANOS,
5004106,Guia Lopes Da Laguna,MS,Centro-Oeste,<10 mil,7950,39.12,58.08,8.34,3255,72,62,109,12,114.0,0.0,114.0,1.32,61.8,31.0,0.0747,0.5158,,,1,0,1,0,0,0,Dr Max,PL,
5108006,Tapurah,MT,Centro-Oeste,<10 mil,9694,18.67,78.65,5.6,5887,109,40,91,0,114.0,0.0,114.0,-5.29,66.4,29.1,0.1166,0.4928,,,0,0,0,0,0,0,Alvaro Galvan,PL,
4118857,Perobal,PR,Sul,<10 mil,5670,31.33,64.51,3.7,2812,55,102,95,8,114.0,0.0,114.0,1.04,69.2,25.6,0.092,0.5217,,,2,0,1,1,0,0,Galego Evangelista,PSD,
4318614,São José Do Sul,RS,Sul,<10 mil,2065,20.99,67.1,3.7,1148,47,141,58,7,113.0,0.0,113.0,3.02,89.0,9.1,0.0662,0.4894,,,2,0,1,1,0,0,Juli Bender,PSD,
3524204,Jaborandi,SP,Sudeste,<10 mil,5006,41.92,53.71,5.43,2035,52,35,196,0,113.0,0.0,113.0,0.03,66.7,24.0,0.1157,0.5007,,,1,0,0,1,0,0,Silvinho Vaz,PODE,
3542305,Redenção Da Serra,SP,Sudeste,<10 mil,4304,40.61,54.31,6.85,1689,56,106,95,3,113.0,0.0,113.0,-1.73,79.9,15.6,0.0748,0.4714,,,1,0,0,1,0,0,Jucimar,PL,
4218251,Timbó Grande,SC,Sul,<10 mil,5898,40.36,55.97,12.09,2395,68,53,134,7,113.0,0.0,113.0,1.64,56.7,38.7,0.032,0.496,,,1,0,1,0,0,0,Ari Galeski,UNIÃO,
3150158,Piedade De Caratinga,MG,Sudeste,<10 mil,7808,41.14,56.14,6.45,3192,62,40,133,23,113.0,0.0,113.0,-3.13,58.7,33.8,0.0421,0.5158,,,0,0,0,0,0,0,Adolfo Bento,PRD,
3556909,Vista Alegre Do Alto,SP,Sudeste,<10 mil,5990,33.82,62.19,7.33,2747,68,63,120,8,113.0,0.0,113.0,-0.74,62.6,27.5,0.0981,0.5048,,,0,0,0,0,0,0,Nelsinho Rozani,PODE,
4312609,Muçum,RS,Sul,<10 mil,3973,21.93,71.57,7.78,2246,57,97,94,9,113.0,0.0,113.0,2.8,82.5,14.7,0.0916,0.5157,,,2,0,1,1,0,0,Mateus Trojan,MDB,
4115853,Mercedes,PR,Sul,<10 mil,4929,14.56,80.78,2.0,3387,107,55,52,12,113.0,0.0,113.0,-0.57,53.4,43.4,0.0968,0.517,,,0,0,0,0,0,0,Laerton Weber,PSD,
3547908,Santo Antônio Da Alegria,SP,Sudeste,<10 mil,5700,40.29,55.86,7.22,2377,36,63,151,21,113.0,0.0,113.0,2.51,73.9,18.5,0.1379,0.5049,,,3,0,1,1,0,1,Denilson Mega,REPUBLICANOS,
4320503,Sertão,RS,Sul,<10 mil,5015,28.36,67.19,7.73,2791,64,73,108,9,112.0,0.0,112.0,1.23,88.3,9.7,0.1117,0.5078,,,2,0,1,1,0,0,Homero Fochesatto,PL,
5103056,Cláudia,MT,Centro-Oeste,<10 mil,8579,20.95,76.27,5.11,5097,105,57,65,4,112.0,0.0,112.0,-2.75,68.2,26.2,0.084,0.4909,,,0,0,0,0,0,0,Marcos Tadeu,UNIÃO,
4313037,Nova Esperança Do Sul,RS,Sul,<10 mil,4338,37.18,57.71,11.5,1906,50,89,125,2,112.0,0.0,112.0,2.74,80.7,15.3,0.0775,0.5144,,,2,0,1,1,0,0,Ivori Junior,PDT,
3143807,Munhoz,MG,Sudeste,<10 mil,6066,37.42,59.06,10.3,2654,61,89,85,14,112.0,0.0,112.0,1.9,67.2,26.5,0.0334,0.4809,,,1,0,1,0,0,0,Vardão,UNIÃO,
4212403,Pedras Grandes,SC,Sul,<10 mil,4152,19.36,74.79,5.27,2483,99,52,83,4,112.0,0.0,112.0,-1.33,79.6,15.5,0.0966,0.4967,,,1,0,0,1,0,0,Agnaldo Filippi,PP,
5103601,Dom Aquino,MT,Centro-Oeste,<10 mil,6230,34.53,61.96,10.47,2999,52,112,86,6,112.0,0.0,112.0,-3.64,70.0,25.8,0.1043,0.5072,,,0,0,0,0,0,0,Carlim Amarelo,REPUBLICANOS,
4126108,São Tomé,PR,Sul,<10 mil,4816,33.26,62.11,4.16,2231,75,75,91,6,112.0,0.0,112.0,4.04,70.7,24.3,0.0938,0.5019,,,2,0,1,1,0,0,Joao Paulo Fogo,REPUBLICANOS,
3516002,Flórida Paulista,SP,Sudeste,<10 mil,7407,31.73,65.19,7.07,3552,83,70,86,5,112.0,0.0,112.0,-0.58,63.3,29.7,0.121,0.5111,,,1,0,0,0,0,1,Dr Andriotti,PL,
5007554,Santa Rita Do Pardo,MS,Centro-Oeste,<10 mil,5541,37.16,58.32,11.04,2061,64,63,117,9,111.0,0.0,111.0,7.73,62.4,31.8,0.0677,0.4916,,,1,0,1,0,0,0,Dr Lúcio Costa,PSDB,
3517802,Guaraçaí,SP,Sudeste,<10 mil,6153,31.44,64.59,4.94,2866,61,89,90,9,111.0,0.0,111.0,0.3,73.3,19.7,0.1079,0.511,,,1,0,0,1,0,0,Airton Gomes,PSD,
1400506,São João Da Baliza,RR,Norte,<10 mil,5728,25.8,70.18,9.42,3319,74,61,108,6,111.0,0.0,111.0,1.92,29.4,41.8,0.0777,0.4832,,,1,0,1,0,0,0,Luiza Maura,PP,
3124401,Espírito Santo Do Dourado,MG,Sudeste,<10 mil,5532,43.03,53.33,9.55,2178,46,72,121,19,111.0,0.0,111.0,3.59,85.3,9.7,0.042,0.4825,,,2,0,1,1,0,0,Hérica Kika,PSD,
4201273,Arabutã,SC,Sul,<10 mil,3907,26.37,67.84,8.32,2228,59,70,115,11,111.0,0.0,111.0,-3.36,22.8,76.5,0.1025,0.4699,,,0,0,0,0,0,0,Olguin Metz,PL,
1101203,Ministro Andreazza,RO,Norte,<10 mil,6153,32.23,64.28,3.7,3093,60,91,89,7,110.0,0.0,110.0,-2.94,49.3,41.7,0.0721,0.5018,,,0,0,0,0,0,0,Mila Da Agricultura,PSD,
4319356,São Pedro Da Serra,RS,Sul,<10 mil,3188,19.89,72.71,8.19,1958,68,71,96,10,110.0,0.0,110.0,0.62,83.1,13.2,0.0636,0.5014,,,1,0,0,1,0,0,Luizinho,MDB,
5101852,Bom Jesus Do Araguaia,MT,Centro-Oeste,<10 mil,5661,30.56,65.09,8.0,2638,48,135,67,1,110.0,0.0,110.0,-4.04,48.1,38.5,0.0677,0.4799,,,0,0,0,0,0,0,Mansão,PSB,
3160959,São Domingos Das Dores,MG,Sudeste,<10 mil,5911,44.75,52.25,4.62,2382,58,31,115,38,110.0,0.0,110.0,-2.91,84.1,13.0,0.0482,0.4962,,,1,0,0,1,0,0,Suely Pereira,PP,
4319109,São Martinho,RS,Sul,<10 mil,4808,26.78,68.47,9.32,2702,58,82,102,8,110.0,0.0,110.0,1.29,86.7,11.7,0.1019,0.5138,,,2,0,1,1,0,0,Jean,PP,
4316303,Roque Gonzales,RS,Sul,<10 mil,5416,41.59,54.83,9.64,2355,40,106,105,8,110.0,0.0,110.0,3.36,66.3,30.3,0.0965,0.4998,,,1,0,1,0,0,0,Fernando Machry,PP,
4215208,Romelândia,SC,Sul,<10 mil,4125,36.1,59.17,10.13,1958,70,79,84,8,109.0,0.0,109.0,3.38,80.1,17.4,0.0662,0.4939,,,2,0,1,1,0,0,Juarez Furtado,PSDB,
3107604,Bom Jesus Da Penha,MG,Sudeste,<10 mil,3674,34.68,59.17,4.6,1661,34,61,142,24,109.0,0.0,109.0,0.26,78.4,14.6,0.0683,0.4914,,,1,0,0,1,0,0,Rone,UNIÃO,
3113602,Careaçu,MG,Sudeste,<10 mil,5368,39.82,56.53,8.34,2281,60,52,104,25,109.0,0.0,109.0,0.74,66.9,27.2,0.0545,0.4904,,,0,0,0,0,0,0,Netinho,UNIÃO,
5000906,Antônio João,MS,Centro-Oeste,<10 mil,7911,36.44,60.84,12.94,3542,77,49,116,4,109.0,0.0,109.0,1.51,46.8,34.3,0.0826,0.5165,,,1,0,1,0,0,0,Marcelo Pé,PSDB,
4300505,Alpestre,RS,Sul,<10 mil,6272,38.43,58.48,15.78,2778,69,100,64,4,109.0,0.0,109.0,1.64,89.3,9.5,0.0487,0.486,,,2,0,1,1,0,0,Rudi Argenton,PP,Não verificadas (site da prefeitura bloqueado)
4320602,Severiano De Almeida,RS,Sul,<10 mil,3414,30.23,63.6,11.66,1775,64,92,79,7,109.0,0.0,109.0,-0.68,90.6,8.7,0.0664,0.4899,,,1,0,0,1,0,0,Jair Kammler,MDB,
5218102,Portelândia,GO,Centro-Oeste,<10 mil,3416,36.61,57.1,11.0,1451,16,210,24,2,109.0,0.0,109.0,0.32,74.4,19.6,0.1027,0.4819,,,1,0,0,1,0,0,Marly Rezende,PL,
4128559,Vera Cruz Do Oeste,PR,Sul,<10 mil,6593,33.6,63.26,6.24,3257,67,85,86,5,109.0,0.0,109.0,-2.85,75.3,22.7,0.0991,0.5265,,,1,0,0,1,0,0,Nei Sgobi,PL,
3515608,Fernando Prestes,SP,Sudeste,<10 mil,5086,28.76,66.41,5.74,2465,63,77,102,4,108.0,0.0,108.0,0.22,68.8,23.1,0.1231,0.5177,,,2,0,0,1,0,1,Mariel Da Rocha,PSDB,
3119906,Córrego Do Bom Jesus,MG,Sudeste,<10 mil,4380,39.66,55.52,7.43,1774,49,46,121,30,108.0,0.0,108.0,1.61,71.9,19.0,0.1069,0.4852,,,2,0,1,1,0,0,João Gabriel,PP,
4209854,Lindóia Do Sul,SC,Sul,<10 mil,3810,28.4,65.42,6.67,1949,51,88,108,5,108.0,0.0,108.0,2.03,88.6,8.6,0.0745,0.4944,,,2,0,1,1,0,0,Flavio,PL,
3168903,Tiros,MG,Sudeste,<10 mil,6214,25.26,70.64,9.49,3195,54,96,89,7,108.0,0.0,108.0,-5.75,86.8,11.3,0.0892,0.4937,,,1,0,0,1,0,0,Fernanda Do Praxedao,MDB,
4100806,Alvorada Do Sul,PR,Sul,<10 mil,7430,35.72,61.45,4.9,3473,59,93,87,4,107.0,0.0,107.0,1.31,78.7,17.3,0.1125,0.5181,,,2,0,1,1,0,0,Marquinho Gasparelli,PSD,
4219408,Witmarsum,SC,Sul,<10 mil,3494,20.43,72.94,7.95,2103,67,73,94,5,107.0,0.0,107.0,-2.1,74.4,22.1,0.0736,0.4987,,,1,0,0,1,0,0,Pauli Zerna,PP,
4310538,Itaara,RS,Sul,<10 mil,4530,40.65,55.14,5.95,1952,51,100,89,6,107.0,0.0,107.0,3.15,65.5,20.2,0.1374,0.4952,,,3,0,1,1,0,1,Sandro Ferigollo,PT,
5004403,Inocência,MS,Centro-Oeste,<10 mil,7251,35.75,60.59,9.11,2721,52,85,98,9,106.0,0.0,106.0,6.31,68.2,25.0,0.0776,0.4887,,,2,0,1,1,0,0,Toninho Da Cofapi,PP,
4108700,Grandes Rios,PR,Sul,<10 mil,4758,32.62,62.81,3.19,2260,54,90,95,4,106.0,0.0,106.0,-4.59,76.2,22.3,0.0985,0.4956,,,1,0,0,1,0,0,Professor William,PODE,
5201454,Aparecida Do Rio Doce,GO,Centro-Oeste,<10 mil,3439,38.61,55.43,10.53,1342,49,148,37,0,106.0,0.0,106.0,3.21,50.6,27.4,0.0874,0.4917,,,1,0,1,0,0,0,Bodão,MDB,
4202701,Botuverá,SC,Sul,<10 mil,4908,18.15,77.04,4.15,3117,85,64,68,8,106.0,0.0,106.0,2.44,86.9,9.1,0.0719,0.4924,,,2,0,1,1,0,0,Victor,PP,
5107859,São Félix Do Araguaia,MT,Centro-Oeste,<10 mil,8490,34.79,62.4,5.14,3600,49,117,75,2,106.0,0.0,106.0,-2.09,56.3,33.4,0.1064,0.4694,,,0,0,0,0,0,0,Dr Acácio,REPUBLICANOS,
3506409,Bilac,SP,Sudeste,<10 mil,6346,28.37,68.05,2.55,3224,74,63,86,8,106.0,0.0,106.0,0.21,64.7,25.1,0.1545,0.5161,,,1,0,0,0,0,1,Loureiro,REPUBLICANOS,
4306304,David Canabarro,RS,Sul,<10 mil,4085,28.54,66.3,12.01,2196,59,84,84,10,106.0,0.0,106.0,1.17,93.3,5.3,0.0959,0.5031,,,2,0,1,1,0,0,Lauro,PSD,
4207601,Ipira,SC,Sul,<10 mil,3857,32.92,62.18,9.23,2011,69,59,96,11,106.0,0.0,106.0,-3.78,57.5,41.3,0.1035,0.516,,,0,0,0,0,0,0,Marcelo Baldissera,PL,
5210158,Ipiranga De Goiás,GO,Centro-Oeste,<10 mil,3148,36.26,57.33,5.3,1389,12,217,13,1,106.0,0.0,106.0,2.35,60.7,34.3,0.0758,0.4815,,,1,0,1,0,0,0,Baltazar,UNIÃO,
3161700,São Gonçalo Do Abaeté,MG,Sudeste,<10 mil,5648,44.93,51.7,8.36,2118,47,67,116,15,105.0,0.0,105.0,1.0,67.9,26.9,0.0474,0.4904,,,0,0,0,0,0,0,Fabiano,AVANTE,
4127957,Tupãssi,PR,Sul,<10 mil,6257,24.07,72.38,3.02,3640,78,80,62,5,105.0,0.0,105.0,3.46,77.0,19.6,0.121,0.5152,,,3,0,1,1,0,1,Cal,PL,
4318481,São José Do Hortêncio,RS,Sul,<10 mil,3728,18.0,75.81,3.5,2400,60,89,81,6,105.0,0.0,105.0,2.61,78.5,19.9,0.0552,0.5068,,,2,0,1,1,0,0,Ester Elisa Dill Koch,PL,
4201653,Arvoredo,SC,Sul,<10 mil,2620,35.48,57.69,6.27,1271,55,105,67,6,105.0,0.0,105.0,0.98,82.4,16.0,0.1056,0.4666,,,1,0,0,1,0,0,Zanco,PL,
3542503,Reginópolis,SP,Sudeste,<10 mil,4734,25.53,69.35,5.14,2430,59,89,83,6,105.0,0.0,105.0,-1.45,55.1,29.5,0.1179,0.5133,,,0,0,0,0,0,0,João Paulo,PSD,
4308078,Fazenda Vilanova,RS,Sul,<10 mil,3798,36.55,58.26,7.74,1731,59,71,103,7,105.0,0.0,105.0,2.37,69.0,27.0,0.0371,0.5049,,,1,0,1,0,0,0,Amarildo,PDT,
4122909,Salto Do Itararé,PR,Sul,<10 mil,4614,44.63,51.61,10.72,1784,48,113,59,13,105.0,0.0,105.0,1.53,79.0,16.2,0.0586,0.5067,,,2,0,1,1,0,0,Claudeci,REPUBLICANOS,
1505635,Piçarra,PA,Norte,<10 mil,9403,43.48,54.62,5.46,3981,64,58,117,1,104.0,0.0,104.0,-7.82,62.4,26.7,0.0448,0.472,,,0,0,0,0,0,0,Laane Barros,MDB,
4315354,Quinze De Novembro,RS,Sul,<10 mil,3825,20.44,73.52,12.31,2340,47,101,86,6,104.0,0.0,104.0,0.2,28.8,68.5,0.1024,0.4986,,,0,0,0,0,0,0,Marcos Luis Petri,MDB,
3129103,Gurinhatã,MG,Sudeste,<10 mil,5083,41.32,54.68,8.83,1991,35,110,85,12,104.0,0.0,104.0,-1.22,70.2,19.3,0.0598,0.466,,,1,0,0,1,0,0,Douglas Valente,PP,
3500550,Águas De Santa Bárbara,SP,Sudeste,<10 mil,5392,28.69,66.85,7.58,2545,74,55,94,7,104.0,0.0,104.0,-1.61,60.6,23.8,0.1817,0.5132,,,1,0,0,0,0,1,Sgto Wilian,UNIÃO,
1505551,Pau D'Arco,PA,Norte,<10 mil,8655,38.81,58.85,9.86,3802,63,53,127,1,104.0,0.0,104.0,-5.9,52.1,37.0,0.0492,0.4581,,,0,0,0,0,0,0,Domingos Enfermeiro,MDB,
4111704,Jaboti,PR,Sul,<10 mil,4523,35.22,60.14,6.67,2108,45,70,127,7,104.0,0.0,104.0,1.5,71.3,23.8,0.0849,0.5029,,,2,0,1,1,0,0,Regis William,PSD,
4126405,Sertaneja,PR,Sul,<10 mil,4818,35.03,60.96,7.22,2313,57,90,80,5,103.0,0.0,103.0,1.66,64.8,26.7,0.1525,0.516,,,2,0,1,0,0,1,Samuel Do Prado,PSD,
4115507,Marumbi,PR,Sul,<10 mil,3950,42.52,53.28,7.58,1706,57,81,92,4,103.0,0.0,103.0,2.93,81.3,14.2,0.0903,0.5127,,,2,0,1,1,0,0,Elaine Ferreira,PL,
4218103,Timbé Do Sul,SC,Sul,<10 mil,4542,23.71,71.55,5.48,2716,65,57,107,5,103.0,0.0,103.0,-3.51,75.4,15.5,0.0928,0.5012,,,1,0,0,1,0,0,Vilmar - Belinha,PP,
4215075,Riqueza,SC,Sul,<10 mil,3992,34.96,60.5,8.68,2000,66,80,78,4,103.0,0.0,103.0,-2.91,75.5,23.2,0.0901,0.4831,,,1,0,0,1,0,0,Juliano,MDB,
3554904,Três Fronteiras,SP,Sudeste,<10 mil,5256,35.73,60.36,5.13,2292,72,73,77,3,103.0,0.0,103.0,-2.92,56.4,33.0,0.1259,0.5175,,,1,0,0,0,0,1,Flavinho,MDB,
3512902,Cosmorama,SP,Sudeste,<10 mil,7030,34.63,62.43,5.49,3341,66,64,101,3,103.0,0.0,103.0,-0.93,70.2,20.9,0.0987,0.5141,,,1,0,0,1,0,0,Juninho Silveira,MDB,
4305587,Colinas,RS,Sul,<10 mil,2354,26.04,64.84,8.73,1241,45,100,82,8,103.0,0.0,103.0,1.92,40.7,54.0,0.0692,0.5038,,,1,0,1,0,0,0,Marcelo,MDB,
3148905,Pedra Do Indaiá,MG,Sudeste,<10 mil,3864,35.66,58.94,7.87,1741,29,70,124,22,103.0,0.0,103.0,-0.25,88.5,9.8,0.0692,0.4859,,,1,0,0,1,0,0,Mateus,PSD,
4314068,Passa Sete,RS,Sul,<10 mil,3747,30.14,64.43,22.07,1882,67,97,59,2,103.0,0.0,103.0,2.1,90.8,5.2,0.0432,0.4836,,,2,0,1,1,0,0,Mauricio Afonso Ruoso,PL,
4119004,Pérola D'Oeste,PR,Sul,<10 mil,5285,33.56,62.79,8.01,2734,51,57,119,12,103.0,0.0,103.0,-2.82,80.4,18.1,0.1049,0.51,,,1,0,0,1,0,0,Edsom Bagetti,PL,
5106240,Nova Ubiratã,MT,Centro-Oeste,<10 mil,7592,22.35,74.43,9.99,4121,85,43,99,0,103.0,0.0,103.0,-1.02,56.8,30.3,0.1034,0.4726,,,0,0,0,0,0,0,Neninho Da Nevada,UNIÃO,
5103379,Cotriguaçu,MT,Centro-Oeste,<10 mil,7706,25.5,71.51,5.42,4146,70,79,72,4,103.0,0.0,103.0,-4.61,46.9,34.8,0.0528,0.4752,,,0,0,0,0,0,0,Moises,UNIÃO,
4123303,Santa Cruz De Monte Castelo,PR,Sul,<10 mil,6773,37.49,59.71,7.46,3135,58,79,86,9,103.0,0.0,103.0,3.99,72.7,21.9,0.1032,0.5256,,,2,0,1,1,0,0,Willian,PL,
4124509,Santo Inácio,PR,Sul,<10 mil,4802,44.09,52.44,7.04,1910,83,53,87,1,103.0,0.0,103.0,5.95,72.4,25.0,0.1006,0.5145,,,2,0,1,1,0,0,Dra Geny,PSD,
3535705,Paraíso,SP,Sudeste,<10 mil,4547,28.89,66.23,7.4,2314,61,63,106,6,103.0,0.0,103.0,1.42,65.4,23.0,0.1461,0.507,,,3,0,1,1,0,1,Osvalte Bovoni,PL,
4115309,Mariópolis,PR,Sul,<10 mil,5494,32.63,63.72,9.96,2733,55,91,77,7,103.0,0.0,103.0,2.34,82.0,16.2,0.1027,0.5112,,,2,0,1,1,0,0,Mario Paulek,PL,
3509957,Canas,SP,Sudeste,<10 mil,3959,37.91,57.26,4.59,1754,58,77,98,2,102.0,0.0,102.0,-2.73,59.4,34.1,0.0755,0.5199,,,0,0,0,0,0,0,Gustavo Lucena,MDB,
4208609,Jaborá,SC,Sul,<10 mil,3843,23.22,71.14,7.04,2325,46,85,100,7,102.0,0.0,102.0,-0.59,85.4,12.4,0.1236,0.4974,,,2,0,0,1,0,1,Freitas,UNIÃO,
4311718,Maçambará,RS,Sul,<10 mil,3970,42.18,52.92,8.67,1479,37,134,60,3,102.0,0.0,102.0,3.99,58.2,35.2,0.0653,0.4981,,,1,0,1,0,0,0,Negro Do Brasil,MDB,
3532801,Nova Aliança,SP,Sudeste,<10 mil,5431,30.96,64.81,4.92,2578,53,63,117,5,102.0,0.0,102.0,2.18,64.1,25.2,0.0676,0.5144,,,1,0,1,0,0,0,Jura,PSD,
4128807,Xambrê,PR,Sul,<10 mil,5375,37.45,59.01,4.98,2383,60,78,74,12,102.0,0.0,102.0,4.05,79.9,16.1,0.0759,0.5144,,,2,0,1,1,0,0,Decio Jardim,PSD,
4109906,Icaraíma,PR,Sul,<10 mil,7070,31.52,65.49,5.97,3480,57,84,80,7,102.0,0.0,102.0,-0.67,74.1,20.5,0.0978,0.518,,,1,0,0,1,0,0,Devair Fabris,PL,
4211454,Nova Itaberaba,SC,Sul,<10 mil,3921,41.26,54.64,8.28,1831,48,92,84,6,101.0,0.0,101.0,-0.77,80.2,18.6,0.0973,0.4781,,,1,0,0,1,0,0,Marciano Pagliarini,PP,"Estiagem: reconhecimento federal de situação de emergência por estiagem em 14/04/2025 (MIDR, Portaria nº 1.148) — acesso a cestas, água, kits | Fora a estiagem, só genéricos"
3500758,Alambari,SP,Sudeste,<10 mil,5139,29.51,66.32,5.81,2568,73,68,82,0,101.0,0.0,101.0,0.77,54.3,36.4,0.0862,0.4966,,,0,0,0,0,0,0,João Paulo Carioca,PSD,
4311981,Mariana Pimentel,RS,Sul,<10 mil,3608,33.89,60.24,7.69,1633,41,96,92,6,101.0,0.0,101.0,3.74,74.5,18.0,0.0562,0.4866,,,2,0,1,1,0,0,Joel Ghisio,PDT,
4322103,Tucunduva,RS,Sul,<10 mil,4755,25.49,70.15,7.56,2754,61,76,88,3,101.0,0.0,101.0,0.26,78.2,20.2,0.1172,0.5269,,,1,0,0,1,0,0,Jonas Fernando,PDT,
4323309,Vila Flores,RS,Sul,<10 mil,3442,17.14,76.35,4.41,2205,58,102,61,2,101.0,0.0,101.0,1.84,84.3,13.1,0.1068,0.4936,,,2,0,1,1,0,0,Evandro Antônio Brandalise,MDB,
3509452,Campina Do Monte Alegre,SP,Sudeste,<10 mil,4857,35.18,60.66,6.31,2213,56,92,74,5,101.0,0.0,101.0,-0.39,60.8,28.6,0.0877,0.4988,,,0,0,0,0,0,0,Marcelo Turmeiro,MDB,
3552908,Taciba,SP,Sudeste,<10 mil,5069,44.16,52.81,8.14,2098,85,55,71,3,101.0,0.0,101.0,3.05,72.0,24.9,0.1089,0.5203,,,2,0,1,1,0,0,Izidoro Ricci,PP,"Chuvas/temporais: decreto de situação de emergência (decreto nº 267, fev/2025) após temporal que alagou vias, casas, prédios públicos e estradas rurais, com Carnaval cancelado; novo temporal derrubou muro em mai/2026 | Tráfico nas rodovias: apreensões de 291 kg de maconha na Rodovia Rodolfo Ribeiro de Castro (jun/2025), de mais de 50 kg em carreta (jul/2025) e prisão por tráfico (ago/2026) (manchetes)"
3501806,Américo De Campos,SP,Sudeste,<10 mil,4769,30.96,64.83,6.06,2437,58,69,91,10,101.0,0.0,101.0,-0.8,70.2,23.8,0.1229,0.5203,,,2,0,0,1,0,1,Rafael Marioto,PL,
4212239,Paraíso,SC,Sul,<10 mil,3609,40.24,55.03,11.33,1570,60,90,70,3,100.0,0.0,100.0,-2.52,78.9,18.5,0.0642,0.4952,,,1,0,0,1,0,0,Gilberto Belegante,PT,
4108320,Francisco Alves,PR,Sul,<10 mil,6100,32.42,64.3,4.95,2856,81,59,63,8,100.0,0.0,100.0,2.44,68.2,25.1,0.068,0.5115,,,2,0,1,1,0,0,Alirio Mistura,PSD,
4311791,Maratá,RS,Sul,<10 mil,2435,21.03,70.25,8.53,1431,55,90,72,6,100.0,0.0,100.0,0.96,74.8,23.5,0.0559,0.4942,,,1,0,0,1,0,0,Gisele Schneider,REPUBLICANOS,
5000252,Alcinópolis,MS,Centro-Oeste,<10 mil,3809,41.97,53.24,10.54,1510,53,77,100,2,100.0,0.0,100.0,-1.72,72.8,21.2,0.1036,0.4887,,,1,0,0,1,0,0,Weliton Guimarães,PSDB,
4311734,Mampituba,RS,Sul,<10 mil,3155,39.86,54.6,15.4,1406,39,117,77,1,100.0,0.0,100.0,0.37,83.0,11.1,0.0459,0.4932,,,1,0,0,1,0,0,Beto Roldão,PSDB,"Pavimentação da estrada de ligação Torres–Mampituba (RS-453, 16 km, mais de mil famílias, comunidades Pirataba e Barro Cortado): comissão de moradores cobra a obra; projeto custeado por Torres em fase final, depende de aprovação do Estado e de captação de recursos (jun/2026) | Asfalto em estradas de interesse turístico via consórcio intermunicipal CIDIRUR, incluindo Torres e Mampituba (licitação com sessão em 31/07/2026; visto só no resumo da busca)"
4201604,Arroio Trinta,SC,Sul,<10 mil,3124,18.5,74.36,6.65,1903,60,81,71,6,99.0,0.0,99.0,0.54,86.5,12.4,0.1309,0.5126,,,2,0,0,1,0,1,Tonho,PP,
4320305,Selbach,RS,Sul,<10 mil,4334,21.86,73.36,11.51,2616,69,66,77,5,99.0,0.0,99.0,0.51,84.9,14.5,0.1312,0.5213,,,2,0,0,1,0,1,Michael Kuhn,PP,
3553856,Taquarivaí,SP,Sudeste,<10 mil,5121,39.64,56.68,8.51,2142,45,98,84,2,99.0,0.0,99.0,-0.46,66.1,26.7,0.05,0.5021,,,0,0,0,0,0,0,Rubinho,PSD,
1706100,Cristalândia,TO,Norte,<10 mil,5530,44.08,52.91,12.13,2327,31,106,92,6,99.0,0.0,99.0,-0.75,72.1,20.3,0.1041,0.4953,Professora Dorinha (UNIÃO),7.4,1,0,0,1,0,0,Big Jow,UNIÃO,"Dependência de repasses: prefeito, presidente da ATM (Associação Tocantinense de Municípios) 2025-2026, enfatiza que municípios 'não sobrevivem' sem parceria do Estado, União e bancada federal | Concurso público municipal (96 vagas) suspenso em jul/2025, motivo não informado"
4203105,Caibi,SC,Sul,<10 mil,5294,23.01,73.07,7.09,3145,68,63,77,8,99.0,0.0,99.0,0.68,82.4,14.9,0.088,0.5089,,,1,0,0,1,0,0,Eder Picoli,PP,
5106778,Porto Alegre Do Norte,MT,Centro-Oeste,<10 mil,7904,31.53,65.73,8.96,3863,44,107,76,1,99.0,0.0,99.0,-7.31,49.0,31.4,0.1085,0.4843,,,0,0,0,0,0,0,Carlos Tomazetto,UNIÃO,
1100072,Corumbiara,RO,Norte,<10 mil,5751,30.91,65.49,7.39,2944,59,72,92,2,99.0,0.0,99.0,-1.37,58.0,34.5,0.072,0.4811,,,0,0,0,0,0,0,Leandro Vieira,UNIÃO,
4200507,Águas De Chapecó,SC,Sul,<10 mil,4732,43.71,52.96,11.17,1986,60,93,65,1,99.0,0.0,99.0,-0.03,72.9,24.4,0.0717,0.4973,,,1,0,0,1,0,0,Oscar Barela,PP,"Estiagem 2025: município consta na lista de decretos de situação de emergência por estiagem (Defesa Civil SC via ALESC/NSC, resumo de busca) | Infraestrutura viária regional: convênio estadual de R$ 25 mi para o Contorno Viário Extremo Oeste (SC-283 a BR-282) — contexto regional, ligação com o município não confirmada"
3512100,Colômbia,SP,Sudeste,<10 mil,5800,44.79,52.16,4.72,2161,71,41,110,3,99.0,0.0,99.0,-1.38,56.3,30.2,0.0831,0.5012,,,0,0,0,0,0,0,Tuta,MDB,
4124004,Santana Do Itararé,PR,Sul,<10 mil,4659,41.68,54.35,10.84,1886,41,70,119,4,98.0,0.0,98.0,1.31,85.0,13.2,0.0645,0.5044,,,2,0,1,1,0,0,Calé Vidal,PSD,
1400605,São Luiz,RR,Norte,<10 mil,6082,26.09,70.5,4.97,3513,65,46,111,2,98.0,0.0,98.0,0.41,45.0,32.9,0.0648,0.4736,,,0,0,0,0,0,0,Chicão,PP,
4207759,Iraceminha,SC,Sul,<10 mil,3717,24.05,70.57,5.99,2230,50,75,87,10,98.0,0.0,98.0,-2.2,82.8,16.1,0.104,0.4905,,,1,0,0,1,0,0,Roberto Foresti,PL,
1716703,Colméia,TO,Norte,<10 mil,6526,36.27,60.96,4.57,3168,42,103,76,4,98.0,0.0,98.0,-1.8,51.7,36.3,0.0853,0.5009,Professora Dorinha (UNIÃO),18.8,1,0,0,0,1,0,Pedro Clesio,REPUBLICANOS,
4311700,Machadinho,RS,Sul,<10 mil,4842,33.85,62.31,8.25,2417,51,67,96,10,98.0,0.0,98.0,1.63,86.4,12.0,0.0821,0.5044,,,2,0,1,1,0,0,Sid,PP,
3543600,Rifaina,SP,Sudeste,<10 mil,5127,36.26,59.97,10.82,2204,65,45,84,19,98.0,0.0,98.0,1.87,49.5,27.2,0.1316,0.4923,,,2,0,1,0,0,1,Junior Da Saude,PSD,
4107306,Doutor Camargo,PR,Sul,<10 mil,5175,30.23,65.85,6.32,2659,55,78,83,5,98.0,0.0,98.0,0.49,73.9,21.8,0.0854,0.5274,,,1,0,0,1,0,0,Douglas Prado,PL,
4209151,José Boiteux,SC,Sul,<10 mil,4540,34.74,61.33,4.06,2222,77,49,77,8,98.0,0.0,98.0,0.07,57.2,40.9,0.0662,0.4993,,,0,0,0,0,0,0,Neno,MDB,
3519006,Herculândia,SP,Sudeste,<10 mil,6937,30.68,66.32,10.11,3281,76,58,73,5,98.0,0.0,98.0,0.83,50.0,41.8,0.0932,0.5237,,,0,0,0,0,0,0,Paulinho,PP,
4108908,Guairaçá,PR,Sul,<10 mil,5399,34.99,61.31,8.95,2456,57,90,71,2,98.0,0.0,98.0,3.62,70.5,24.7,0.0693,0.517,,,2,0,1,1,0,0,Marcelo Oliveira,UNIÃO,
3534005,Onda Verde,SP,Sudeste,<10 mil,4387,38.99,56.67,5.03,1826,54,61,106,6,98.0,0.0,98.0,2.19,55.0,33.7,0.0858,0.505,,,1,0,1,0,0,0,Nilsinho,PP,
3529609,Meridiano,SP,Sudeste,<10 mil,3765,36.27,59.28,7.93,1683,98,38,58,4,97.0,0.0,97.0,2.37,62.9,25.7,0.1322,0.5159,,,2,0,1,0,0,1,Rapinha,PSD,
3163102,São José Da Varginha,MG,Sudeste,<10 mil,3988,42.55,52.77,9.56,1581,26,50,141,20,97.0,0.0,97.0,-2.18,77.8,18.9,0.0748,0.4951,,,1,0,0,1,0,0,Victor Gordo Da Saúde,AVANTE,
4203253,Capão Alto,SC,Sul,<10 mil,3120,29.63,63.89,11.41,1598,45,93,86,2,97.0,0.0,97.0,-1.31,81.4,16.1,0.1103,0.4688,,,1,0,0,1,0,0,Sadiana Melo,PSD,
3122504,Dom Cavati,MG,Sudeste,<10 mil,4341,44.36,52.25,3.23,1731,82,27,75,18,97.0,0.0,97.0,0.74,62.0,28.7,0.108,0.5265,,,0,0,0,0,0,0,Jadinho,PSDB,
4321352,Tavares,RS,Sul,<10 mil,4533,42.28,53.62,13.46,1768,37,85,106,3,97.0,0.0,97.0,2.46,62.7,25.6,0.0538,0.4978,,,1,0,1,0,0,0,Pretinho,PP,
4312807,Nova Araçá,RS,Sul,<10 mil,4136,17.35,77.44,5.0,2582,72,59,70,7,97.0,0.0,97.0,-0.19,81.0,7.5,0.099,0.5105,,,1,0,0,1,0,0,Henrique Peretti,PP,
3112109,Caparaó,MG,Sudeste,<10 mil,4641,37.59,58.48,4.35,2024,41,65,83,26,96.0,0.0,96.0,1.57,53.1,38.8,0.0444,0.4935,,,1,0,1,0,0,0,Diógenis Miranda,MDB,
3163904,São Pedro Da União,MG,Sudeste,<10 mil,4328,38.31,57.38,6.52,1815,37,72,88,22,96.0,0.0,96.0,0.94,79.8,15.2,0.0546,0.4904,,,1,0,0,1,0,0,Ronaldo Tijolo,PSDB,
5007505,Rochedo,MS,Centro-Oeste,<10 mil,4984,36.64,59.39,10.95,2125,59,68,86,3,96.0,0.0,96.0,3.0,52.7,27.2,0.0615,0.4894,,,1,0,1,0,0,0,Arino,PSDB,
4203402,Campo Belo Do Sul,SC,Sul,<10 mil,5981,39.32,57.69,10.87,2657,38,99,88,2,96.0,0.0,96.0,1.26,88.3,10.0,0.0523,0.4901,,,2,0,1,1,0,0,Célio Pereira,PSD,
3153004,Pratinha,MG,Sudeste,<10 mil,3312,30.54,63.37,6.78,1569,22,52,94,48,96.0,0.0,96.0,1.07,61.3,16.1,0.063,0.4827,,,1,0,1,0,0,0,Wellington,AVANTE,
4111605,Ivatuba,PR,Sul,<10 mil,3152,32.51,61.19,4.36,1397,72,46,94,1,96.0,0.0,96.0,-0.18,58.2,38.2,0.1461,0.5255,,,1,0,0,0,0,1,Varlei,REPUBLICANOS,
4100103,Abatiá,PR,Sul,<10 mil,5976,35.4,61.19,8.39,2635,54,72,88,5,96.0,0.0,96.0,2.22,81.9,14.3,0.0785,0.5089,,,2,0,1,1,0,0,Sônia Chaves,UNIÃO,
3511201,Catiguá,SP,Sudeste,<10 mil,5688,31.21,65.39,3.15,2825,69,73,62,3,96.0,0.0,96.0,-0.57,58.0,32.4,0.0835,0.5056,,,0,0,0,0,0,0,Mizinho,PSD,
4107850,Flor Da Serra Do Sul,PR,Sul,<10 mil,4381,44.38,51.97,9.23,1771,57,69,93,1,96.0,0.0,96.0,3.3,74.5,23.5,0.0749,0.4953,,,2,0,1,1,0,0,Junior Veterinario,PSD,"Contrabando na fronteira: PF/BPFron apreenderam 1.200 caixas de vinho argentino (R$ 1,8 mi) na PR-280 (out/2026); cigarros e canetas emagrecedoras (manchete) | Finanças/obras: Câmara aprovou crédito de R$ 5 milhões para projetos (out/2026) (manchete)"
4111001,Itambaracá,PR,Sul,<10 mil,5267,33.79,62.59,6.18,2391,57,90,60,2,95.0,0.0,95.0,0.0,70.4,23.2,0.0946,0.5124,,,1,0,0,1,0,0,Amarildo Tostes,PP,
5204201,Cachoeira De Goiás,GO,Centro-Oeste,<10 mil,2065,40.29,51.15,4.99,778,9,202,6,1,95.0,0.0,95.0,-0.75,54.4,31.7,0.0902,0.4867,,,0,0,0,0,0,0,Maicom Pereira,PSB,
4200309,Agronômica,SC,Sul,<10 mil,4554,14.05,81.35,3.82,3193,74,58,70,3,95.0,0.0,95.0,-2.31,81.1,14.9,0.1124,0.4978,,,1,0,0,1,0,0,Nei Rodrigues,PP,
4305132,Cerro Branco,RS,Sul,<10 mil,3490,31.38,63.2,11.6,1712,61,75,71,3,95.0,0.0,95.0,-0.15,51.4,47.0,0.0429,0.4938,,,0,0,0,0,0,0,Bruno,PDT,
4300034,Aceguá,RS,Sul,<10 mil,3982,34.2,61.03,7.84,1787,49,94,64,5,95.0,0.0,95.0,3.09,49.8,35.8,0.081,0.5065,,,1,0,1,0,0,0,Marcus Peti,PSDB,
4313391,Novo Cabrais,RS,Sul,<10 mil,3764,33.67,61.61,9.04,1828,66,59,80,4,95.0,0.0,95.0,2.37,62.3,36.6,0.0406,0.494,,,1,0,1,0,0,0,Leodegar Rodrigues,PT,
4107801,Floraí,PR,Sul,<10 mil,4346,35.69,60.35,6.19,2132,57,70,84,4,95.0,0.0,95.0,-0.11,83.5,14.4,0.1185,0.5236,,,2,0,0,1,0,1,Edna Contin,PSD,
1708304,Goianorte,TO,Norte,<10 mil,4496,44.47,52.01,10.39,1893,24,124,81,0,95.0,0.0,95.0,0.55,60.4,32.3,0.0577,0.4735,Professora Dorinha (UNIÃO),-1.3,0,0,0,0,0,0,Nega,REPUBLICANOS,"Estradas vicinais: recuperação, cascalhamento e troca de porteiras por mata-burros, destacados pela prefeita como prioridade (matéria de 2021) | Só achei genéricos para 2025–2026"
4109005,Guapirama,PR,Sul,<10 mil,4064,41.21,54.51,5.4,1626,54,83,71,4,95.0,0.0,95.0,4.83,70.4,20.4,0.0841,0.5175,,,2,0,1,1,0,0,Pedro Banzé,MDB,
1101435,Nova União,RO,Norte,<10 mil,5350,40.27,56.72,4.24,2424,56,68,80,8,95.0,0.0,95.0,-7.09,51.0,38.2,0.049,0.492,,,0,0,0,0,0,0,João Levi,PSD,
4204350,Cordilheira Alta,SC,Sul,<10 mil,4131,28.96,66.59,7.69,2330,54,73,87,3,95.0,0.0,95.0,-1.32,84.0,14.8,0.1311,0.4839,,,2,0,0,1,0,1,Wilson Luiz Da Silva,MDB,
3503109,Arandu,SP,Sudeste,<10 mil,5528,31.53,64.7,10.36,2669,47,82,90,0,94.0,0.0,94.0,-2.05,59.1,30.8,0.0762,0.4896,,,0,0,0,0,0,0,Flavio Galhego,REPUBLICANOS,
1100924,Chupinguaia,RO,Norte,<10 mil,7696,27.54,69.56,7.19,3752,59,68,79,4,94.0,0.0,94.0,-1.43,46.1,37.1,0.0556,0.4741,,,0,0,0,0,0,0,Dr Wesley Araujo,PP,
4312104,Mata,RS,Sul,<10 mil,4013,37.15,58.22,14.45,1724,36,102,72,6,94.0,0.0,94.0,2.19,76.0,18.3,0.0738,0.505,,,2,0,1,1,0,0,Sandro Savegnago,PSDB,
4122800,Salgado Filho,PR,Sul,<10 mil,3590,40.32,55.33,10.93,1640,47,87,76,5,94.0,0.0,94.0,-1.42,76.9,22.3,0.0548,0.4974,,,1,0,0,1,0,0,Professor Volmar,PSD,"Estiagem 2025/26 no Sudoeste, com perdas de até 100% (regional; não consta da lista de emergências da Bem Paraná de abr/2026) | Rodovias: obras com pare-e-siga na PR-182/PR-471 (out/2026) e acidentes na PR-182 (manchetes)"
5108956,Nova Monte Verde,MT,Centro-Oeste,<10 mil,6036,23.77,72.78,5.24,3339,71,56,78,1,94.0,0.0,94.0,-5.34,66.0,24.6,0.0903,0.484,,,1,0,0,1,0,0,Edemilson Marino,UNIÃO,
3502002,Analândia,SP,Sudeste,<10 mil,4681,28.75,66.25,5.81,2077,57,54,96,6,94.0,0.0,94.0,1.01,50.8,33.5,0.1336,0.4936,,,2,0,1,0,0,1,Silvana Perin,SOLIDARIEDADE,
4103479,Cafezal Do Sul,PR,Sul,<10 mil,4161,34.11,61.66,6.38,1970,70,60,67,5,94.0,0.0,94.0,2.01,73.8,21.4,0.08,0.5196,,,2,0,1,1,0,0,Minoru,PP,
3553203,Taiúva,SP,Sudeste,<10 mil,4396,28.56,66.65,5.57,2234,51,59,102,5,94.0,0.0,94.0,-3.8,70.8,21.6,0.1652,0.5061,,,2,0,0,1,0,1,Mauro Bersi,PSD,
3503000,Aramina,SP,Sudeste,<10 mil,4523,43.35,53.07,9.87,1798,57,68,81,5,94.0,0.0,94.0,-1.8,63.9,21.2,0.1061,0.5253,,,0,0,0,0,0,0,Luis Sérgio,REPUBLICANOS,
4217105,São Martinho,SC,Sul,<10 mil,3230,15.67,77.81,2.56,2185,60,49,101,5,94.0,0.0,94.0,-1.2,85.2,14.3,0.0962,0.485,,,1,0,0,1,0,0,Anelise,PL,
4201109,Anitápolis,SC,Sul,<10 mil,3343,28.36,65.94,8.64,1806,52,70,82,8,94.0,0.0,94.0,1.8,81.2,13.4,0.0804,0.4916,,,2,0,1,1,0,0,Solange Back,MDB,
3510153,Canitar,SP,Sudeste,<10 mil,4337,41.54,54.44,7.63,1703,53,78,73,6,94.0,0.0,94.0,4.79,42.8,45.8,0.0606,0.5109,,,1,0,1,0,0,0,Joel Rodrigues,PP,
4219176,Vargem Bonita,SC,Sul,<10 mil,3962,35.05,60.54,7.64,1944,64,27,122,4,94.0,0.0,94.0,-1.69,70.8,24.8,0.095,0.4987,,,1,0,0,1,0,0,Pontin,PSDB,
1717503,Pium,TO,Norte,<10 mil,5965,42.01,55.19,8.91,2519,40,99,80,1,94.0,0.0,94.0,0.01,57.8,25.3,0.0842,0.4812,Professora Dorinha (UNIÃO),29.4,1,0,0,0,1,0,Padre Fernando,PP,
1600055,Serra Do Navio,AP,Norte,<10 mil,4111,38.37,56.98,2.43,1693,55,46,116,3,94.0,0.0,94.0,4.49,42.0,45.4,0.0603,0.4726,,,1,0,1,0,0,0,Paulinha Santos,MDB,
3512704,Corumbataí,SP,Sudeste,<10 mil,3523,25.28,68.71,5.05,1735,67,69,57,7,93.0,0.0,93.0,2.08,57.9,28.0,0.1084,0.4965,,,1,0,1,0,0,0,Joãozinho Altarugio,PSD,
3518107,Guarantã,SP,Sudeste,<10 mil,4765,34.0,61.84,5.06,2126,51,68,82,9,93.0,0.0,93.0,-0.79,51.6,39.0,0.0735,0.5133,,,0,0,0,0,0,0,Marcos Frugeri,MDB,
4205159,Doutor Pedrinho,SC,Sul,<10 mil,3081,16.12,76.72,2.55,1905,65,57,84,1,93.0,0.0,93.0,-0.11,64.9,30.6,0.0741,0.5106,,,0,0,0,0,0,0,Geleade Wollert,MDB,
5101001,Araguaiana,MT,Centro-Oeste,<10 mil,3259,39.6,54.78,9.74,1295,31,136,46,1,93.0,0.0,93.0,-1.27,67.4,26.6,0.0852,0.4831,,,0,0,0,0,0,0,Jose Marra,MDB,
4202081,Bandeirante,SC,Sul,<10 mil,2976,39.53,55.3,10.71,1325,60,78,59,5,93.0,0.0,93.0,-0.69,79.1,15.9,0.0602,0.4729,,,1,0,0,1,0,0,Eder Marcon,PT,
4314472,Pinhal Grande,RS,Sul,<10 mil,3602,41.79,53.48,13.95,1453,29,103,81,7,93.0,0.0,93.0,2.6,90.6,8.7,0.085,0.4831,,,2,0,1,1,0,0,Lucas Michelon - Dodão,PP,
3511904,Clementina,SP,Sudeste,<10 mil,5273,31.27,65.28,5.73,2675,73,48,73,7,93.0,0.0,93.0,-1.94,60.4,30.5,0.1178,0.5062,,,0,0,0,0,0,0,Gilson ,REPUBLICANOS,
4305850,Coqueiros Do Sul,RS,Sul,<10 mil,2451,26.18,66.0,7.29,1328,40,106,64,2,93.0,0.0,93.0,0.49,53.7,43.8,0.0579,0.4951,,,0,0,0,0,0,0,Rafael,PSDB,
4200556,Águas Frias,SC,Sul,<10 mil,2566,34.93,59.05,9.78,1302,57,85,52,8,93.0,0.0,93.0,-0.56,91.7,8.0,0.1184,0.4877,,,2,0,0,1,0,1,Wesley,PL,
5104526,Ipiranga Do Norte,MT,Centro-Oeste,<10 mil,5997,23.19,73.44,3.26,3454,81,34,84,2,93.0,0.0,93.0,-3.15,68.1,25.4,0.0959,0.4729,,,1,0,0,1,0,0,Zoinho,PL,
4315149,Presidente Lucena,RS,Sul,<10 mil,2670,17.84,74.22,6.26,1681,35,94,79,6,92.0,0.0,92.0,2.33,75.6,20.7,0.0636,0.4826,,,2,0,1,1,0,0,Lui,PDT,
2703601,Japaratinga,AL,Nordeste,<10 mil,9190,44.65,53.55,3.06,3709,61,34,114,4,92.0,0.0,92.0,-0.68,48.2,33.8,0.0476,0.5146,,,0,0,0,0,0,0,Déo,MDB,
1101807,Vale Do Paraíso,RO,Norte,<10 mil,5538,32.98,63.73,3.8,2755,60,68,74,2,92.0,0.0,92.0,-7.77,49.6,34.4,0.0595,0.4967,,,0,0,0,0,0,0,Charles Gomes,PSD,
4209805,Leoberto Leal,SC,Sul,<10 mil,3293,21.59,72.19,12.54,1968,42,78,88,5,92.0,0.0,92.0,0.04,83.5,15.1,0.0762,0.4833,,,1,0,0,1,0,0,Maicon,PP,
3163201,São José Do Alegre,MG,Sudeste,<10 mil,3727,33.35,61.85,9.37,1707,45,51,69,32,92.0,0.0,92.0,1.72,77.5,19.3,0.0491,0.5075,,,2,0,1,1,0,0,Paulo Do Contra Mão,PSD,
4117206,Nova Olímpia,PR,Sul,<10 mil,4854,32.73,63.75,4.15,2360,77,57,54,5,92.0,0.0,92.0,1.25,71.6,23.5,0.0968,0.5265,,,2,0,1,1,0,0,Luiz Sorvos,PP,
4300638,Amaral Ferrador,RS,Sul,<10 mil,4601,39.75,56.56,15.4,1945,57,55,91,5,92.0,0.0,92.0,1.91,84.8,13.5,0.0475,0.4866,,,2,0,1,1,0,0,Ronivan,PP,
1200054,Assis Brasil,AC,Norte,<10 mil,7294,38.1,59.3,3.99,3274,38,50,123,8,91.0,0.0,91.0,-0.22,41.1,41.8,0.0354,0.4929,Mailza Assis (PP),3.4,0,0,0,0,0,0,Jerry Correia,PP,
4310504,Iraí,RS,Sul,<10 mil,5812,44.05,53.34,8.84,2357,72,53,64,6,91.0,0.0,91.0,-4.75,75.4,19.7,0.0947,0.516,,,1,0,0,1,0,0,Volmir Bielski,UNIÃO,Pautas locais não levantadas: buscas não retornaram imprensa local útil e o WebFetch ficou bloqueado (limite de requisições) antes da etapa de pautas.
5003108,Corguinho,MS,Centro-Oeste,<10 mil,4479,42.38,53.86,7.45,1750,48,69,85,6,91.0,0.0,91.0,0.97,52.9,29.9,0.112,0.4862,,,0,0,0,0,0,0,Barrinha,MDB,
4118451,Pato Bragado,PR,Sul,<10 mil,4506,18.18,77.62,4.52,2899,80,41,61,7,91.0,0.0,91.0,0.3,67.5,30.5,0.1177,0.532,,,0,0,0,0,0,0,John,PP,
4312054,Marques De Souza,RS,Sul,<10 mil,3511,26.46,68.07,8.89,1895,52,70,78,6,91.0,0.0,91.0,1.02,40.9,56.5,0.0572,0.497,,,1,0,1,0,0,0,Fabio,PP,
4107538,Entre Rios Do Oeste,PR,Sul,<10 mil,3721,22.2,73.16,2.09,2257,86,45,44,9,91.0,0.0,91.0,1.72,71.5,26.0,0.1299,0.5133,,,2,0,1,0,0,1,Jair Bokorni,PP,
1707652,Figueirópolis,TO,Norte,<10 mil,4679,40.12,56.43,9.72,2037,44,107,49,3,91.0,0.0,91.0,1.86,65.1,25.5,0.0819,0.4967,Professora Dorinha (UNIÃO),22.7,3,0,1,1,1,0,Fontoura,REPUBLICANOS,
3145802,Onça De Pitangui,MG,Sudeste,<10 mil,3368,34.8,59.63,6.16,1551,25,78,107,10,91.0,0.0,91.0,0.03,81.6,15.3,0.0738,0.4807,,,1,0,0,1,0,0,Gumercindo Pereira,MDB,
3541059,Pratânia,SP,Sudeste,<10 mil,4725,36.71,59.36,7.36,2010,64,37,103,3,91.0,0.0,91.0,-1.32,44.3,36.9,0.059,0.4963,,,0,0,0,0,0,0,Osmir Félix,PP,
4120853,Quatro Pontes,PR,Sul,<10 mil,4065,11.5,83.35,3.03,2954,61,59,73,7,91.0,0.0,91.0,-1.69,76.2,21.4,0.1731,0.5218,,,2,0,0,1,0,1,Cesar Canela,PODE,
5107941,Tabaporã,MT,Centro-Oeste,<10 mil,8039,19.54,77.64,5.64,4500,63,50,78,7,90.0,0.0,90.0,-1.92,59.9,29.4,0.0745,0.4808,,,0,0,0,0,0,0,Carlão Borchardt,PL,
4300851,Arambaré,RS,Sul,<10 mil,3684,39.93,55.41,9.26,1479,52,68,79,5,90.0,0.0,90.0,1.61,68.6,17.2,0.0867,0.5252,,,2,0,1,1,0,0,Iago Kielermann,PDT,
3543501,Riversul,SP,Sudeste,<10 mil,4559,41.59,54.99,9.21,1875,67,64,63,2,90.0,0.0,90.0,-1.96,73.9,19.4,0.0812,0.5087,,,1,0,0,1,0,0,Marcão,PSD,
4121604,Renascença,PR,Sul,<10 mil,5351,42.35,54.74,10.04,2299,49,45,114,4,90.0,0.0,90.0,2.16,81.6,15.2,0.0902,0.5114,,,2,0,1,1,0,0,Fabieli Manfredi,PDT,Rodovias: acidentes fatais recorrentes na PRC-280 e na PR-180 em 2026; o primeiro pedágio sem cancela (free flow) do PR chegou ao Sudoeste em jan/2026 (manchetes) | Infraestrutura regional: a Carta do Sudoeste 2026 (Amsop) mantém o Aeroporto Regional em Renascença e pede a estadualização da Estrada Municipal Dom Agostinho (Renascença–Bom Sucesso do Sul)
4120309,Porto Vitória,PR,Sul,<10 mil,3274,36.46,58.32,8.07,1483,40,80,83,6,90.0,0.0,90.0,-0.36,74.0,23.1,0.0723,0.4864,,,1,0,0,1,0,0,Fabiano Glaab,PP,
4113759,Lunardelli,PR,Sul,<10 mil,4235,41.27,54.92,5.19,1746,45,89,64,5,90.0,0.0,90.0,0.51,74.2,21.6,0.0745,0.5147,,,1,0,0,1,0,0,Wanderlei,MDB,
3546207,Santa Cruz Da Conceição,SP,Sudeste,<10 mil,4140,24.96,70.05,5.97,2156,52,63,78,7,89.0,0.0,89.0,0.88,65.8,20.7,0.1739,0.5087,,,2,0,0,1,0,1,Du Aranha,PSD,
3508306,Cabrália Paulista,SP,Sudeste,<10 mil,3698,39.96,55.54,7.82,1489,68,45,82,1,89.0,0.0,89.0,2.34,46.6,31.1,0.0719,0.4964,,,1,0,1,0,0,0,Alemão Do Leite,REPUBLICANOS,
5106828,Porto Esperidião,MT,Centro-Oeste,<10 mil,8053,37.07,60.78,9.77,3488,68,56,67,2,89.0,0.0,89.0,-1.25,68.4,24.9,0.0914,0.4863,,,1,0,0,1,0,0,Odirlei Faria,PSDB,
3534104,Oriente,SP,Sudeste,<10 mil,5159,31.77,64.74,8.71,2438,68,51,62,8,89.0,0.0,89.0,5.52,68.8,22.6,0.1437,0.5185,,,3,0,1,1,0,1,Matheus,PP,
3126307,Fortaleza De Minas,MG,Sudeste,<10 mil,3215,41.5,52.85,3.24,1177,30,73,101,8,89.0,0.0,89.0,-2.84,81.5,13.6,0.0388,0.4894,,,1,0,0,1,0,0,Marcinho,PDT,
4110003,Iguaraçu,PR,Sul,<10 mil,4057,32.76,62.88,5.46,1985,45,68,81,9,89.0,0.0,89.0,0.05,54.0,38.7,0.1177,0.5153,,,0,0,0,0,0,0,Claudio Bernin,PP,
4103354,Braganey,PR,Sul,<10 mil,4330,38.55,57.85,8.22,1953,63,60,72,1,89.0,0.0,89.0,-2.3,87.2,12.3,0.1053,0.501,,,1,0,0,1,0,0,Valdir Zielinski,PSD,
4304614,Canudos Do Vale,RS,Sul,<10 mil,1944,39.58,53.17,16.87,864,53,103,38,0,89.0,0.0,89.0,2.71,84.4,15.3,0.0334,0.4691,,,2,0,1,1,0,0,Maico Juarez Berghahn,PSB,"Pautas locais não levantadas: buscas não retornaram imprensa local útil e o WebFetch ficou bloqueado (limite de requisições) antes da etapa de pautas. O município fica no Vale do Taquari, região atingida pelas enchentes de 2023-2024, mas os impactos locais não foram verificados."
4306551,Dom Pedro De Alcântara,RS,Sul,<10 mil,2646,30.73,62.96,11.48,1375,59,59,77,3,89.0,0.0,89.0,1.42,84.8,12.4,0.0645,0.4921,,,2,0,1,1,0,0,Xande,MDB,
5102686,Campos De Júlio,MT,Centro-Oeste,<10 mil,6787,23.88,73.17,5.3,3554,88,31,62,1,88.0,0.0,88.0,0.57,50.8,43.0,0.1008,0.4811,,,0,0,0,0,0,0,Parma,UNIÃO,
5107180,Ribeirão Cascalheira,MT,Centro-Oeste,<10 mil,7618,27.24,70.09,7.53,3961,32,109,60,3,88.0,0.0,88.0,-5.76,55.8,30.1,0.0983,0.4875,,,0,0,0,0,0,0,Dona Elza,PL,
5106158,Nova Bandeirantes,MT,Centro-Oeste,10–50 mil,10127,15.59,82.12,5.5,6062,55,66,72,3,88.0,0.0,88.0,-3.69,63.6,28.6,0.0741,0.4658,,,0,0,0,0,0,0,Rogério De Souza,REPUBLICANOS,
4322525,Vale Verde,RS,Sul,<10 mil,3292,36.38,58.3,14.54,1408,45,74,73,7,88.0,0.0,88.0,4.53,70.8,26.0,0.0537,0.4933,,,1,0,1,0,0,0,Feijão,MDB,
3112653,Capitão Andrade,MG,Sudeste,<10 mil,4057,44.49,51.62,5.1,1485,56,31,101,12,88.0,0.0,88.0,-5.83,61.8,28.8,0.037,0.5206,,,0,0,0,0,0,0,Jackson Machado,MDB,
4314498,Pinheirinho Do Vale,RS,Sul,<10 mil,3806,40.61,55.25,8.82,1685,42,57,108,3,88.0,0.0,88.0,2.71,79.6,16.4,0.0748,0.4976,,,2,0,1,1,0,0,Tatto,PDT,"Estiagem na safra de soja 2025/26 no RS (Norte/Central/Fronteira Oeste; perdas médias estaduais ~20%), contexto regional — não há confirmação de decreto municipal"
4318424,São João Da Urtiga,RS,Sul,<10 mil,4198,25.76,69.9,13.29,2334,50,80,59,6,88.0,0.0,88.0,2.4,95.8,3.8,0.0923,0.5001,,,2,0,1,1,0,0,Lambari,UNIÃO,
4120358,Pranchita,PR,Sul,<10 mil,4649,32.08,64.4,9.85,2486,52,58,83,6,88.0,0.0,88.0,-0.35,78.6,16.2,0.1048,0.5182,,,1,0,0,1,0,0,Ronimar Sartor,PP,
4318499,São José Do Inhacorá,RS,Sul,<10 mil,2244,24.99,67.23,14.24,1264,52,83,50,7,88.0,0.0,88.0,1.13,79.4,19.1,0.0721,0.4909,,,2,0,1,1,0,0,Ademir Schneider,PDT,
3521150,Ipiguá,SP,Sudeste,<10 mil,4916,27.34,68.53,4.04,2432,55,57,75,9,88.0,0.0,88.0,3.09,54.7,29.7,0.0631,0.5058,,,1,0,1,0,0,0,Efraim Garcia Lopes,PSD,
4304697,Capitão,RS,Sul,<10 mil,2872,26.16,67.02,14.2,1538,43,49,114,2,87.0,0.0,87.0,2.14,88.1,10.5,0.0411,0.4909,,,2,0,1,1,0,0,Maninho,MDB,
4204103,Caxambu Do Sul,SC,Sul,<10 mil,4374,43.74,53.36,9.98,1931,66,68,45,5,87.0,0.0,87.0,-0.12,73.9,25.4,0.095,0.4984,,,1,0,0,1,0,0,Edi Marcos,PSD,Estiagem regional 2025 no Grande Oeste (contexto regional; Caxambu do Sul não aparece nas listas de decreto encontradas)
4306452,Dois Lajeados,RS,Sul,<10 mil,3119,16.42,76.8,8.19,1893,44,68,76,9,87.0,0.0,87.0,2.58,93.0,4.7,0.0714,0.5027,,,2,0,1,1,0,0,Fabi,PP,
5106281,Novo São Joaquim,MT,Centro-Oeste,<10 mil,5505,27.02,69.38,5.22,2796,36,112,49,1,87.0,0.0,87.0,-2.1,59.1,27.3,0.0438,0.4779,,,0,0,0,0,0,0,Leonardo Farias,PL,
3505351,Barra Do Chapéu,SP,Sudeste,<10 mil,4672,38.67,57.61,15.7,1919,59,43,91,3,87.0,0.0,87.0,-0.02,36.2,47.8,0.0449,0.4791,,,0,0,0,0,0,0,Ivan Da Anunciata,UNIÃO,
4307815,Estrela Velha,RS,Sul,<10 mil,2953,32.45,61.59,15.45,1422,28,103,67,6,87.0,0.0,87.0,3.65,80.2,18.6,0.058,0.4857,,,2,0,1,1,0,0,Alex Castilhos,MDB,
4113601,Lobato,PR,Sul,<10 mil,3851,43.15,53.11,5.89,1572,68,47,72,3,87.0,0.0,87.0,2.67,67.9,25.4,0.1175,0.5226,,,2,0,1,1,0,0,Fabinho,PL,
4319752,São Vendelino,RS,Sul,<10 mil,2409,24.77,67.78,6.84,1361,48,61,76,10,87.0,0.0,87.0,2.03,68.5,27.2,0.0726,0.4853,,,1,0,1,0,0,0,Régis,MDB,
4214151,Princesa,SC,Sul,<10 mil,2564,26.82,66.64,11.67,1430,61,64,63,3,87.0,0.0,87.0,-2.88,81.9,17.3,0.083,0.4943,,,1,0,0,1,0,0,Diangele,MDB,
4112306,Japira,PR,Sul,<10 mil,3943,42.38,53.75,7.48,1576,51,78,61,2,86.0,0.0,86.0,2.13,72.0,22.5,0.077,0.5057,,,2,0,1,1,0,0,Hariel Fogaça,MDB,
3528205,Macedônia,SP,Sudeste,<10 mil,4105,32.95,62.5,7.36,1827,46,91,58,0,86.0,0.0,86.0,4.43,61.6,30.8,0.1287,0.5022,,,2,0,1,0,0,1,,,
4310900,Jacutinga,RS,Sul,<10 mil,2991,27.35,66.83,8.96,1626,48,69,68,7,86.0,0.0,86.0,0.05,91.5,7.7,0.1058,0.5169,,,1,0,0,1,0,0,Ademir Sakrezenski,MDB,
5105176,Juruena,MT,Centro-Oeste,<10 mil,7692,24.62,72.66,4.86,3965,58,51,77,5,86.0,0.0,86.0,-1.04,52.1,30.1,0.0775,0.4837,,,0,0,0,0,0,0,Manoel Garça Branca,UNIÃO,
4316204,Rondinha,RS,Sul,<10 mil,4481,35.93,60.74,9.86,2236,44,70,65,12,86.0,0.0,86.0,0.29,96.1,3.5,0.0947,0.5138,,,1,0,0,1,0,0,Pasquetti,PP,
1101484,São Felipe D'Oeste,RO,Norte,<10 mil,4530,30.52,65.35,3.64,2293,41,56,102,4,86.0,0.0,86.0,-2.69,57.0,34.1,0.0703,0.491,,,0,0,0,0,0,0,Ney Da Paiol,PSD,
4304671,Capivari Do Sul,RS,Sul,<10 mil,3711,30.9,64.33,14.4,1867,43,73,74,6,86.0,0.0,86.0,0.3,66.5,19.5,0.0963,0.5051,,,1,0,0,1,0,0,Marco Cardoso,MDB,
4311908,Marcelino Ramos,RS,Sul,<10 mil,3896,35.78,60.09,7.78,1885,44,73,79,2,86.0,0.0,86.0,1.13,77.1,21.4,0.1043,0.4977,,,2,0,1,1,0,0,Delfim,MDB,
4107108,Diamante Do Norte,PR,Sul,<10 mil,4379,38.09,58.43,5.88,1902,71,52,54,5,86.0,0.0,86.0,-0.49,62.7,33.0,0.1317,0.5164,,,1,0,0,0,0,1,Eliel Correa,PSD,
4115358,Maripá,PR,Sul,<10 mil,5176,16.38,79.93,2.82,3440,62,54,64,5,85.0,0.0,85.0,-1.07,58.5,39.1,0.1213,0.5205,,,1,0,0,0,0,1,Rodrigo Schanoski,PL,
1101450,Parecis,RO,Norte,<10 mil,3875,34.8,60.82,5.72,1765,46,76,73,0,85.0,0.0,85.0,-0.27,46.0,42.6,0.0536,0.4672,,,0,0,0,0,0,0,Marcondes De Carvalho,UNIÃO,
3550506,São Pedro Do Turvo,SP,Sudeste,<10 mil,5673,36.14,61.0,7.3,2612,60,43,78,6,85.0,0.0,85.0,-0.76,65.1,27.8,0.0982,0.5042,,,0,0,0,0,0,0,Felipe Biba,PSD,
5212253,Lagoa Santa,GO,Centro-Oeste,<10 mil,1783,37.74,53.88,-0.93,673,12,141,15,0,73.0,12.0,85.0,-0.56,41.6,37.7,0.1045,0.5036,,,1,1,0,0,0,0,Adivair,MDB,
4122107,Rio Bom,PR,Sul,<10 mil,3019,40.17,54.94,4.79,1284,55,55,75,5,85.0,0.0,85.0,0.72,74.0,21.6,0.093,0.4935,,,1,0,0,1,0,0,Moisés Andrade,PSD,
3149200,Pedrinópolis,MG,Sudeste,<10 mil,3421,40.45,55.0,9.44,1419,44,46,88,15,85.0,0.0,85.0,2.06,79.2,14.8,0.1087,0.486,,,2,0,1,1,0,0,Rafael,PSD,
4215406,Salto Veloso,SC,Sul,<10 mil,3446,25.88,68.77,5.75,1905,51,42,88,10,85.0,0.0,85.0,0.97,87.9,9.1,0.0754,0.5026,,,1,0,0,1,0,0,Nereu Borga,PP,
4204194,Chapadão Do Lageado,SC,Sul,<10 mil,2708,21.86,71.41,8.85,1666,39,76,84,1,85.0,0.0,85.0,-0.22,90.6,8.3,0.0779,0.4814,,,1,0,0,1,0,0,Eugenio (Geno),MDB,
3536406,Paulicéia,SP,Sudeste,<10 mil,5955,32.61,64.32,6.7,2771,56,52,84,0,85.0,0.0,85.0,0.86,49.9,36.8,0.0798,0.5068,,,0,0,0,0,0,0,Simonato,PSD,
4312955,Nova Boa Vista,RS,Sul,<10 mil,2028,22.19,68.89,14.34,1196,33,89,73,3,85.0,0.0,85.0,-0.06,84.6,14.7,0.0929,0.4988,,,1,0,0,1,0,0,Cretz,PDT,
4117297,Novo Itacolomi,PR,Sul,<10 mil,2996,31.78,62.93,9.19,1494,56,68,52,8,85.0,0.0,85.0,3.66,84.2,10.3,0.075,0.4923,,,2,0,1,1,0,0,Joao Pedro,PSD,
4300646,Ametista Do Sul,RS,Sul,<10 mil,6067,33.48,64.05,13.5,3234,59,47,71,8,85.0,0.0,85.0,0.6,84.0,13.4,0.0762,0.5071,,,1,0,0,1,0,0,Gilmar Da Silva,PDT,
3544806,Sales,SP,Sudeste,<10 mil,5354,25.33,71.14,3.19,2839,55,56,70,5,84.0,0.0,84.0,-1.32,61.7,30.8,0.1088,0.509,,,0,0,0,0,0,0,Josemar,PSD,
5007703,Sete Quedas,MS,Centro-Oeste,<10 mil,7773,31.65,66.0,7.74,3659,65,34,83,3,84.0,0.0,84.0,2.47,66.3,25.9,0.0837,0.5269,,,1,0,1,0,0,0,Erlon Daneluz,PSDB,
4109203,Guaraci,PR,Sul,<10 mil,4224,35.22,61.01,3.75,2003,48,66,73,3,84.0,0.0,84.0,2.67,68.2,27.9,0.0897,0.5206,,,1,0,1,0,0,0,Professor Marcos,UNIÃO,
3117207,Conceição Das Pedras,MG,Sudeste,<10 mil,2816,41.47,53.04,11.94,1098,34,49,82,25,84.0,0.0,84.0,1.96,87.9,10.7,0.0696,0.4585,,,2,0,1,1,0,0,Carlão,PP,
4310652,Itati,RS,Sul,<10 mil,3450,35.29,60.48,11.08,1676,64,57,54,4,84.0,0.0,84.0,-0.97,63.2,32.7,0.0561,0.488,,,0,0,0,0,0,0,Madalena,PP,
4315206,Putinga,RS,Sul,<10 mil,3807,15.18,79.21,7.23,2240,45,82,52,6,84.0,0.0,84.0,0.62,95.3,4.4,0.052,0.4991,,,1,0,0,1,0,0,Maninho,PSD,
3519501,Ibirarema,SP,Sudeste,<10 mil,5070,27.36,68.86,4.35,2605,53,58,73,4,84.0,0.0,84.0,-0.89,61.4,27.5,0.1176,0.5175,,,0,0,0,0,0,0,Camachinho,PSD,
4306734,Doutor Maurício Cardoso,RS,Sul,<10 mil,3822,27.62,67.93,8.93,2112,42,74,61,10,84.0,0.0,84.0,1.74,62.4,36.2,0.0823,0.511,,,1,0,1,0,0,0,Dé Lauri José Ely,PP,
4213005,Pinheiro Preto,SC,Sul,<10 mil,3010,28.32,66.12,10.13,1567,58,55,57,10,84.0,0.0,84.0,3.66,87.6,9.9,0.1158,0.4968,,,2,0,1,1,0,0,Professor Mauro,PSD,
4309704,Humaitá,RS,Sul,<10 mil,4020,34.41,61.82,10.2,2055,51,59,74,5,84.0,0.0,84.0,-0.57,80.1,18.1,0.0976,0.5184,,,1,0,0,1,0,0,Luiz Carlos,PP,
3542008,Quintana,SP,Sudeste,<10 mil,5214,30.01,66.49,10.71,2568,62,45,75,4,84.0,0.0,84.0,0.03,61.4,29.3,0.0835,0.5126,,,0,0,0,0,0,0,Fernando Itapuã,PSD,
4315008,Porto Lucena,RS,Sul,<10 mil,3887,38.28,57.62,12.05,1698,36,79,74,3,83.0,0.0,83.0,3.62,76.9,21.7,0.0666,0.5053,,,2,0,1,1,0,0,Iury Zabolotsky,MDB,
1200344,Manoel Urbano,AC,Norte,<10 mil,8602,38.71,59.44,2.68,3823,59,51,76,0,83.0,0.0,83.0,-4.0,30.1,52.2,0.0472,0.4909,Mailza Assis (PP),-2.7,0,0,0,0,0,0,Toscano Velozo,PP,
4126355,Serranópolis Do Iguaçu,PR,Sul,<10 mil,4396,22.16,73.98,6.37,2701,55,58,60,7,83.0,0.0,83.0,-1.51,79.9,15.6,0.137,0.5166,,,2,0,0,1,0,1,Gilberto Marsaro,PP,
4303301,Caibaté,RS,Sul,<10 mil,4013,44.78,51.83,10.5,1625,38,71,76,6,83.0,0.0,83.0,2.07,78.3,17.0,0.0908,0.4952,,,2,0,1,1,0,0,Daniel,PP,Não verificadas (site da prefeitura inacessível)
3534807,Ouro Verde,SP,Sudeste,<10 mil,6097,43.17,54.28,8.4,2364,50,51,84,4,83.0,0.0,83.0,2.14,63.3,28.6,0.0773,0.5261,,,1,0,1,0,0,0,Julião,UNIÃO,
3531704,Monteiro Lobato,SP,Sudeste,<10 mil,3833,43.03,53.28,6.19,1561,47,56,70,12,83.0,0.0,83.0,-2.86,68.7,15.5,0.1524,0.4918,,,2,0,0,1,0,1,Edmar,PSD,
4219606,Xavantina,SC,Sul,<10 mil,3388,35.21,60.54,8.71,1711,55,49,61,14,83.0,0.0,83.0,1.04,76.7,8.5,0.0931,0.4679,,,2,0,1,1,0,0,Pacheco,PT,
4125753,São Pedro Do Iguaçu,PR,Sul,<10 mil,5033,38.4,58.61,4.86,2254,51,62,69,3,83.0,0.0,83.0,0.05,77.4,18.3,0.0648,0.5134,,,1,0,0,1,0,0,Jaci Danelli,PODE,
4128658,Virmond,PR,Sul,<10 mil,3584,37.61,58.15,10.61,1652,36,92,57,4,83.0,0.0,83.0,2.11,89.3,9.4,0.074,0.492,,,2,0,1,1,0,0,Fernando Mierzva,PSD,
4301552,Áurea,RS,Sul,<10 mil,3213,25.99,68.76,13.39,1851,47,73,64,3,83.0,0.0,83.0,2.63,93.1,6.3,0.0633,0.4978,,,2,0,1,1,0,0,Gilmar,MDB,
4321477,Tiradentes Do Sul,RS,Sul,<10 mil,4724,44.81,52.28,11.79,1849,56,60,62,5,83.0,0.0,83.0,1.98,70.6,28.5,0.0463,0.4914,,,1,0,1,0,0,0,Banana,MDB,
3164472,São Sebastião Do Anta,MG,Sudeste,<10 mil,5604,42.75,54.63,7.77,2202,65,35,77,5,83.0,0.0,83.0,-6.49,72.6,22.0,0.0327,0.5123,,,1,0,0,1,0,0,Maninho,PSDB,
4204152,Celso Ramos,SC,Sul,<10 mil,2766,37.36,57.7,6.85,1274,87,31,48,0,82.0,0.0,82.0,1.67,91.3,8.4,0.0978,0.5004,,,2,0,1,1,0,0,Kinho,UNIÃO,
5105002,Jauru,MT,Centro-Oeste,<10 mil,7115,23.43,73.66,6.86,3775,44,59,89,0,82.0,0.0,82.0,-8.29,62.2,30.2,0.118,0.5159,,,1,0,0,0,0,1,Passarinho,UNIÃO,
4207577,Iomerê,SC,Sul,<10 mil,2888,19.76,73.78,6.05,1795,42,54,86,8,82.0,0.0,82.0,-1.44,90.8,8.6,0.1584,0.5028,,,2,0,0,1,0,1,Luci,PP,
5108204,Torixoréu,MT,Centro-Oeste,<10 mil,3727,38.86,57.17,8.74,1663,37,100,48,1,82.0,0.0,82.0,-1.51,64.7,22.5,0.1179,0.4946,,,0,0,0,0,0,0,Thiago Timo,PSB,
3529500,Mendonça,SP,Sudeste,<10 mil,5260,35.09,61.86,6.62,2407,59,42,74,5,82.0,0.0,82.0,-0.38,65.2,25.6,0.1102,0.5089,,,1,0,0,1,0,0,Juliano,PSD,
4306379,Dilermando De Aguiar,RS,Sul,<10 mil,3281,39.26,55.8,9.99,1352,28,88,69,7,82.0,0.0,82.0,3.21,70.3,18.8,0.0724,0.4784,,,2,0,1,1,0,0,Jorginho Saidelles,UNIÃO,
4308458,Fortaleza Dos Valos,RS,Sul,<10 mil,3686,32.58,63.21,12.4,1943,46,51,82,8,82.0,0.0,82.0,1.92,72.8,25.1,0.1143,0.513,,,2,0,1,1,0,0,Paulão,PP,
3521606,Irapuru,SP,Sudeste,<10 mil,4556,35.42,60.99,5.47,1984,57,61,59,2,82.0,0.0,82.0,-1.94,61.2,29.9,0.1358,0.5118,,,1,0,0,0,0,1,Mazinho,REPUBLICANOS,
4219101,Vargeão,SC,Sul,<10 mil,2999,37.75,57.21,8.27,1349,44,64,75,5,82.0,0.0,82.0,5.54,76.5,20.1,0.099,0.5032,,,2,0,1,1,0,0,Amarildo Paglia,MDB,
3115003,Cascalho Rico,MG,Sudeste,<10 mil,3773,39.25,56.75,5.59,1602,33,98,49,5,82.0,0.0,82.0,-1.51,73.2,23.5,0.0538,0.4858,,,1,0,0,1,0,0,Dário Borges,PSD,
4322905,Viadutos,RS,Sul,<10 mil,4028,24.17,71.45,10.21,2347,36,74,73,6,82.0,0.0,82.0,1.42,85.2,13.1,0.0702,0.4969,,,2,0,1,1,0,0,André,MDB,
3517307,Guaimbê,SP,Sudeste,<10 mil,4479,41.61,55.07,9.04,1750,62,55,61,0,82.0,0.0,82.0,0.18,49.9,40.6,0.0895,0.5151,,,0,0,0,0,0,0,Márcia Achilles,PSD,
3507308,Boracéia,SP,Sudeste,<10 mil,3884,34.2,61.56,8.58,1797,58,48,72,3,82.0,0.0,82.0,-1.24,62.3,29.6,0.0861,0.4983,,,0,0,0,0,0,0,Marcos Bilancieri,REPUBLICANOS,
4311601,Liberato Salzano,RS,Sul,<10 mil,4425,44.49,52.41,15.26,1709,53,69,55,3,82.0,0.0,82.0,3.37,89.1,10.7,0.0622,0.4932,,,2,0,1,1,0,0,Gilson,MDB,
4309159,Gramado Xavier,RS,Sul,<10 mil,3049,38.1,57.13,16.91,1358,50,72,56,3,82.0,0.0,82.0,1.91,92.3,7.1,0.041,0.483,,,2,0,1,1,0,0,Marcelo,PSB,
3555356,Ubarana,SP,Sudeste,<10 mil,4496,41.01,55.63,7.13,1824,55,50,77,3,82.0,0.0,82.0,-1.01,60.3,29.4,0.0704,0.4944,,,0,0,0,0,0,0,Delei,PSD,
4319125,São Martinho Da Serra,RS,Sul,<10 mil,3157,32.38,62.34,8.52,1460,36,95,47,4,81.0,0.0,81.0,2.09,80.6,12.5,0.0551,0.4924,,,2,0,1,1,0,0,Robson Trindade,UNIÃO,
3172202,Wenceslau Braz,MG,Sudeste,<10 mil,2695,41.78,53.22,6.4,1084,56,39,63,16,81.0,0.0,81.0,4.98,77.5,19.0,0.0988,0.4919,,,2,0,1,1,0,0,Edvaldo Bitencourt,MDB,
4313359,Nova Roma Do Sul,RS,Sul,<10 mil,3182,15.88,78.34,7.59,2076,55,55,66,4,81.0,0.0,81.0,1.64,94.5,4.9,0.0916,0.4948,,,2,0,1,1,0,0,Roberto Panazzolo,PT,
4305871,Coronel Barros,RS,Sul,<10 mil,2668,26.3,67.93,10.66,1519,61,53,58,3,81.0,0.0,81.0,1.08,30.9,65.4,0.0819,0.5013,,,1,0,1,0,0,0,Bráulio Scherer,PP,
4106571,Cruzeiro Do Iguaçu,PR,Sul,<10 mil,3622,44.73,51.55,10.74,1464,52,37,99,1,81.0,0.0,81.0,2.14,85.1,12.1,0.0964,0.5084,,,2,0,1,1,0,0,Jean Cardoso,REPUBLICANOS,"Instabilidade política: prefeito Reni Kovalski (PP) e vice cassados por compra de votos (pagamento de IPVA e promessa de emprego), eleição suplementar em 05/10/2025 (Bem Paraná); Jean Cardoso eleito (manchete) | Infraestrutura: aeródromo municipal concluiu obras e teve sinalização positiva da Anac (mar/2026) (manchete)"
4212056,Palmeira,SC,Sul,<10 mil,3317,29.32,65.79,9.89,1731,54,59,67,1,81.0,0.0,81.0,1.32,75.2,21.3,0.0927,0.4777,,,2,0,1,1,0,0,Masselai,PL,
4121109,Quinta Do Sol,PR,Sul,<10 mil,4291,43.82,53.14,7.55,1783,50,63,64,4,81.0,0.0,81.0,-2.47,66.7,29.5,0.1153,0.5121,,,0,0,0,0,0,0,Leonardo Romero,PSD,
4320859,Tabaí,RS,Sul,<10 mil,4093,42.72,53.85,3.76,1720,46,55,80,4,81.0,0.0,81.0,2.73,65.3,25.6,0.039,0.4957,,,2,0,1,1,0,0,Anderson Vargas,PT,
4215901,São Bonifácio,SC,Sul,<10 mil,2932,16.0,77.81,5.11,1859,65,68,33,2,81.0,0.0,81.0,1.66,74.0,22.9,0.0929,0.4891,,,2,0,1,1,0,0,Saulo Buss,MDB,
3502309,Anhembi,SP,Sudeste,<10 mil,5471,33.56,63.0,7.49,2283,45,62,68,5,80.0,0.0,80.0,-1.76,62.5,30.3,0.0873,0.493,,,0,0,0,0,0,0,Jairo Góis,REPUBLICANOS,
4313003,Nova Bréscia,RS,Sul,<10 mil,2805,17.81,75.69,4.52,1740,43,52,68,15,80.0,0.0,80.0,1.23,92.6,6.2,0.0861,0.502,,,2,0,1,1,0,0,Angelo Barbieri Baxinho,PP,
1700350,Aliança Do Tocantins,TO,Norte,<10 mil,4304,43.92,52.79,11.71,1738,25,91,74,1,80.0,0.0,80.0,-0.05,67.7,20.9,0.0789,0.5039,Professora Dorinha (UNIÃO),16.4,2,0,0,1,1,0,Elves Guimarães,REPUBLICANOS,Rodovia: duplicação da BR-153 (trecho Xambioá–Aliança do Tocantins) defendida para inclusão no Novo PAC | Saúde: chamamento público do Fundo Municipal de Saúde para contratar profissionais de saúde (cerca de R$ 2 milhões) (agenda da prefeitura)
4304101,Campos Borges,RS,Sul,<10 mil,3183,35.69,59.47,13.96,1447,49,51,75,3,79.0,0.0,79.0,0.48,86.8,11.5,0.1041,0.5038,,,1,0,0,1,0,0,Cleonice P Da Paixão Toledo,MDB,
4205209,Erval Velho,SC,Sul,<10 mil,3844,24.08,71.3,6.56,2223,36,88,58,0,79.0,0.0,79.0,-0.75,84.0,14.6,0.1201,0.5023,,,2,0,0,1,0,1,Lenita Dadalt Fontana,MDB,
5103700,Feliz Natal,MT,Centro-Oeste,<10 mil,7181,28.28,69.3,6.86,3675,60,38,74,3,79.0,0.0,79.0,-1.83,50.9,29.6,0.0805,0.4848,,,0,0,0,0,0,0,Toni Dubiella,MDB,
4215604,Santa Rosa De Lima,SC,Sul,<10 mil,2019,24.74,67.17,7.67,1150,32,80,64,6,79.0,0.0,79.0,-1.62,86.2,11.5,0.1087,0.4805,,,1,0,0,1,0,0,Siuzete,PT,
3102050,Alto Caparaó,MG,Sudeste,<10 mil,4564,28.68,67.93,0.6,2512,41,40,74,19,78.0,0.0,78.0,1.23,25.4,63.0,0.0485,0.5242,,,1,0,1,0,0,0,Sebastiao Kasapronta,PSD,
4125357,São Jorge Do Patrocínio,PR,Sul,<10 mil,5235,35.13,61.93,6.19,2502,39,63,73,5,78.0,0.0,78.0,1.1,79.0,17.4,0.0771,0.516,,,2,0,1,1,0,0,Ronaldo Tinti,PSD,
3532702,Nipoã,SP,Sudeste,<10 mil,3881,36.86,59.09,5.74,1703,46,38,97,2,78.0,0.0,78.0,-2.36,65.8,29.5,0.0763,0.4843,,,0,0,0,0,0,0,Zé Pedro,PSD,
5102850,Castanheira,MT,Centro-Oeste,<10 mil,6035,27.79,69.21,7.64,3050,34,72,63,8,78.0,0.0,78.0,-1.14,61.0,29.1,0.066,0.4857,,,0,0,0,0,0,0,Juninho,UNIÃO,
5103452,Denise,MT,Centro-Oeste,<10 mil,5710,41.05,56.49,5.62,2523,48,42,91,1,78.0,0.0,78.0,-1.19,61.1,28.2,0.0892,0.5045,,,0,0,0,0,0,0,Marrom,UNIÃO,
4303400,Caiçara,RS,Sul,<10 mil,4303,31.08,65.28,13.38,2260,39,71,63,5,78.0,0.0,78.0,2.23,89.6,9.4,0.0952,0.4927,,,2,0,1,1,0,0,Zílio Roggia,MDB,
4320453,Sério,RS,Sul,<10 mil,2072,32.6,59.68,15.71,974,26,90,67,2,78.0,0.0,78.0,3.23,87.9,11.9,0.0396,0.4742,,,2,0,1,1,0,0,Moises De Freitas,MDB,
4212601,Peritiba,SC,Sul,<10 mil,2879,20.2,73.92,8.07,1837,34,55,84,9,78.0,0.0,78.0,-2.62,78.0,21.3,0.1111,0.4974,,,1,0,0,1,0,0,Paulo Deitos,PL,
3530409,Mirassolândia,SP,Sudeste,<10 mil,4130,34.26,61.81,3.99,1892,41,53,83,2,77.0,0.0,77.0,1.61,59.4,33.7,0.0718,0.4983,,,1,0,1,0,0,0,Célia,PSD,
4322327,Turuçu,RS,Sul,<10 mil,3449,26.4,68.92,13.03,1865,44,67,52,7,77.0,0.0,77.0,0.19,30.0,62.4,0.0351,0.4952,,,0,0,0,0,0,0,Ivan Scherdien,PP,
4126702,Tamboara,PR,Sul,<10 mil,4157,33.36,62.84,7.49,1948,46,67,58,1,77.0,0.0,77.0,1.67,73.8,21.4,0.0901,0.5139,,,2,0,1,1,0,0,Giovane Monteiro,PSDB,
4301800,Barracão,RS,Sul,<10 mil,4352,40.4,56.46,11.67,1804,61,51,52,1,77.0,0.0,77.0,1.35,78.6,19.3,0.0698,0.5033,,,2,0,1,1,0,0,Da Silva,MDB,
3543105,Ribeirão Corrente,SP,Sudeste,<10 mil,4387,43.14,53.68,3.12,1686,45,50,71,8,77.0,0.0,77.0,1.08,66.7,24.2,0.0481,0.506,,,2,0,1,1,0,0,Aninha Montanher,MDB,
4114708,Maria Helena,PR,Sul,<10 mil,4789,42.82,54.38,4.83,2011,36,82,51,5,77.0,0.0,77.0,3.02,73.8,22.0,0.0721,0.5157,,,2,0,1,1,0,0,Marlon,PSD,
4200754,Alto Bela Vista,SC,Sul,<10 mil,1764,29.31,62.16,4.58,897,46,73,47,3,77.0,0.0,77.0,-2.1,44.5,55.0,0.1187,0.4907,,,1,0,0,0,0,1,Adir,PL,
3541653,Quadra,SP,Sudeste,<10 mil,4032,33.92,61.74,10.81,1730,37,59,82,3,77.0,0.0,77.0,1.35,61.8,30.6,0.0836,0.4936,,,1,0,1,0,0,0,Lheonides Do Carlao,UNIÃO,
3545704,Santa Albertina,SP,Sudeste,<10 mil,5093,32.63,64.43,7.87,2527,54,47,67,2,77.0,0.0,77.0,-2.22,62.0,24.8,0.1254,0.513,,,1,0,0,0,0,1,Juninho Formigoni,REPUBLICANOS,
4314753,Poço Das Antas,RS,Sul,<10 mil,2014,23.38,68.0,7.62,1124,32,67,83,1,77.0,0.0,77.0,-0.73,78.6,19.9,0.076,0.4841,,,1,0,0,1,0,0,Glicério Ivo Junges,MDB,
3543204,Ribeirão Do Sul,SP,Sudeste,<10 mil,3926,41.73,55.09,7.42,1684,56,42,62,6,76.0,0.0,76.0,2.45,82.7,14.5,0.1419,0.5086,,,3,0,1,1,0,1,Eliana,CIDADANIA,
3114709,Carvalhópolis,MG,Sudeste,<10 mil,3407,39.95,56.06,3.5,1425,52,28,79,10,76.0,0.0,76.0,3.09,69.7,24.3,0.1129,0.4906,,,2,0,1,1,0,0,Pedrinho Pitanga,MDB,
4321626,Travesseiro,RS,Sul,<10 mil,1983,35.43,57.52,7.4,964,34,61,83,2,76.0,0.0,76.0,0.01,65.2,32.9,0.057,0.4965,,,0,0,0,0,0,0,Gilmar,MDB,
4110409,Indianópolis,PR,Sul,<10 mil,3803,35.03,60.96,4.87,1749,41,53,75,5,76.0,0.0,76.0,1.13,80.1,17.2,0.0939,0.5104,,,2,0,1,1,0,0,Paulinho Mineiro,PSDB,
4202859,Braço Do Trombudo,SC,Sul,<10 mil,3307,15.83,79.15,4.83,2206,63,41,50,6,76.0,0.0,76.0,2.11,48.6,48.9,0.09,0.5039,,,1,0,1,0,0,0,Adriano,PL,
4321832,Três Forquilhas,RS,Sul,<10 mil,3297,36.82,59.02,13.58,1512,54,43,68,2,75.0,0.0,75.0,2.54,59.5,38.3,0.047,0.473,,,1,0,1,0,0,0,Lola,PP,
4210209,Major Gercino,SC,Sul,<10 mil,3305,24.23,70.35,5.13,1770,44,44,79,5,75.0,0.0,75.0,1.84,75.5,18.1,0.0562,0.4804,,,2,0,1,1,0,0,Rodrigo Dos Santos,PP,
4311130,Jari,RS,Sul,<10 mil,2794,42.28,52.65,17.09,1122,21,65,100,1,75.0,0.0,75.0,2.71,79.3,16.7,0.0528,0.4813,,,2,0,1,1,0,0,Nei,MDB,"Estiagem: emergência reconhecida pela União em março de 2025 (lista de 34 cidades gaúchas) | Estiagem na safra de soja 2025/26 no RS (Norte/Central/Fronteira Oeste; perdas médias estaduais ~20%), contexto regional — não há confirmação de decreto municipal"
5006408,Pedro Gomes,MS,Centro-Oeste,<10 mil,6048,41.57,56.21,8.07,2508,50,62,53,0,75.0,0.0,75.0,-1.0,74.0,22.2,0.0696,0.5039,,,1,0,0,1,0,0,Delegado Murilo,PL,
5105580,Marcelândia,MT,Centro-Oeste,<10 mil,9499,19.29,78.86,4.98,5292,76,30,41,4,75.0,0.0,75.0,-3.39,63.1,28.8,0.077,0.4847,,,0,0,0,0,0,0,Celso Padovani,UNIÃO,
3141207,Matutina,MG,Sudeste,<10 mil,3386,37.06,58.44,12.56,1440,20,78,59,15,75.0,0.0,75.0,-4.51,84.8,11.4,0.0879,0.5105,,,1,0,0,1,0,0,Gilberto Do Quito,MDB,
4310306,Ilópolis,RS,Sul,<10 mil,3634,17.45,77.66,7.26,2242,40,53,71,6,75.0,0.0,75.0,0.73,90.2,8.8,0.0785,0.5058,,,1,0,0,1,0,0,Fernando,MDB,
3526506,Lavínia,SP,Sudeste,<10 mil,3884,39.83,56.5,7.36,1604,50,39,75,4,75.0,0.0,75.0,-0.16,48.0,31.6,0.1309,0.5292,,,1,0,0,0,0,1,Salvador,PSD,
1100031,Cabixi,RO,Norte,<10 mil,4950,28.33,68.37,5.61,2646,38,49,82,5,75.0,0.0,75.0,-4.71,56.8,36.4,0.0679,0.4963,,,0,0,0,0,0,0,Silvano De Almeida,MDB,
4126652,Sulina,PR,Sul,<10 mil,2942,40.82,54.62,12.14,1264,38,64,70,2,75.0,0.0,75.0,3.07,84.4,14.4,0.0834,0.4963,,,2,0,1,1,0,0,Gilberto Rossi,PSD,Habitação: R$ 229 mil federais (PAC/MCMV FNHIS Sub 50) para 20 casas populares (dez/2025) | Estiagem regional 2025/26 no Sudoeste (não consta da lista de emergências da Bem Paraná de abr/2026)
3552304,Sud Mennucci,SP,Sudeste,<10 mil,6041,43.96,53.93,7.0,2367,51,41,60,10,75.0,0.0,75.0,0.3,64.5,28.4,0.1285,0.5096,,,1,0,0,0,0,1,Lió Neto,REPUBLICANOS,
4319372,São Pedro Do Butiá,RS,Sul,<10 mil,2665,30.82,63.6,7.85,1356,49,50,69,1,75.0,0.0,75.0,4.11,85.9,11.6,0.0896,0.4897,,,2,0,1,1,0,0,Narciso,PL,
5200506,Aloândia,GO,Centro-Oeste,<10 mil,2168,41.07,52.71,4.16,874,5,148,19,2,74.0,0.0,74.0,1.78,45.9,32.9,0.1014,0.494,,,1,0,1,0,0,0,Renato Batista,MDB,
4305116,Centenário,RS,Sul,<10 mil,2650,35.57,59.42,9.77,1337,34,63,75,2,74.0,0.0,74.0,1.04,97.8,2.2,0.0512,0.4834,,,2,0,1,1,0,0,Neninho,PL,
4316972,Santa Margarida Do Sul,RS,Sul,<10 mil,2829,41.76,53.57,11.28,1149,28,86,53,4,74.0,0.0,74.0,3.42,69.5,23.5,0.087,0.4725,,,2,0,1,1,0,0,Peta,PDT,
3514700,Echaporã,SP,Sudeste,<10 mil,5070,31.42,65.35,7.11,2418,43,66,52,4,74.0,0.0,74.0,-0.02,65.3,27.4,0.1413,0.5195,,,1,0,0,0,0,1,Ronaldo Gazeta,MDB,
5106208,Nova Brasilândia,MT,Centro-Oeste,<10 mil,3832,44.65,51.89,9.26,1500,31,60,83,3,74.0,0.0,74.0,-2.06,52.6,37.2,0.0563,0.4744,,,0,0,0,0,0,0,Toninho,UNIÃO,
5105234,Lambari D'Oeste,MT,Centro-Oeste,<10 mil,4215,42.57,54.48,6.31,1746,51,48,64,2,74.0,0.0,74.0,-7.19,55.1,26.5,0.078,0.4804,,,0,0,0,0,0,0,Marcelinho Da Bem Star,UNIÃO,
3539905,Poloni,SP,Sudeste,<10 mil,4510,34.27,62.43,4.89,2137,41,55,73,2,74.0,0.0,74.0,-3.52,67.0,22.4,0.1398,0.5143,,,2,0,0,1,0,1,Andreia,PSD,
4313011,Nova Candelária,RS,Sul,<10 mil,2588,22.72,71.43,11.61,1595,47,64,46,4,74.0,0.0,74.0,1.38,86.3,13.3,0.0714,0.4915,,,2,0,1,1,0,0,Ari Roehrs,MDB,
4303806,Campinas Do Sul,RS,Sul,<10 mil,4618,19.56,77.02,9.38,2990,43,58,53,8,74.0,0.0,74.0,-0.2,83.6,15.1,0.1085,0.5265,,,1,0,0,1,0,0,Paulo Battisti,UNIÃO,
5106182,Nova Lacerda,MT,Centro-Oeste,<10 mil,4972,30.76,65.6,7.95,2201,40,36,91,4,73.0,0.0,73.0,-1.89,43.7,32.9,0.0672,0.478,,,0,0,0,0,0,0,Airton Lagoano,PL,
4306320,Derrubadas,RS,Sul,<10 mil,2624,35.24,59.41,16.79,1231,40,55,74,1,73.0,0.0,73.0,-0.32,67.1,30.0,0.0642,0.4966,,,0,0,0,0,0,0,Miro,MDB,
5107206,Rio Branco,MT,Centro-Oeste,<10 mil,3897,37.41,58.99,6.89,1732,46,45,69,5,73.0,0.0,73.0,-2.1,55.7,27.2,0.1287,0.5228,,,1,0,0,0,0,1,Pabollo,REPUBLICANOS,
3122470,Dom Bosco,MG,Sudeste,<10 mil,3779,37.84,58.41,8.94,1656,37,53,76,3,73.0,0.0,73.0,-1.05,74.1,20.5,0.063,0.4673,,,1,0,0,1,0,0,Nelson Salsicha,PP,
3138302,Leandro Ferreira,MG,Sudeste,<10 mil,3322,36.63,59.14,8.39,1462,37,43,71,13,73.0,0.0,73.0,1.82,82.4,11.5,0.0481,0.4919,,,2,0,1,1,0,0,Nivaldo Rodrigues,MDB,
3508207,Buritizal,SP,Sudeste,<10 mil,4125,27.66,68.62,2.94,2163,56,39,59,4,73.0,0.0,73.0,-0.1,56.3,25.8,0.1493,0.519,,,1,0,0,0,0,1,Daniel Sarreta,PL,
4101051,Anahy,PR,Sul,<10 mil,2828,43.58,52.4,9.09,1200,47,63,50,2,73.0,0.0,73.0,-2.03,83.4,12.3,0.0764,0.5012,,,1,0,0,1,0,0,Arilson,PSD,
4312385,Monte Belo Do Sul,RS,Sul,<10 mil,3034,11.96,82.51,6.31,2061,40,61,40,15,73.0,0.0,73.0,1.73,94.8,3.8,0.1166,0.5026,,,2,0,1,1,0,0,Benvenutti,MDB,
3553104,Taiaçu,SP,Sudeste,<10 mil,4509,40.96,56.14,8.93,1901,48,49,69,0,73.0,0.0,73.0,-3.4,66.7,24.6,0.1112,0.5076,,,1,0,0,1,0,0,Sueli,MDB,
3109253,Bugre,MG,Sudeste,<10 mil,4366,43.7,53.28,7.92,1671,44,47,64,8,73.0,0.0,73.0,-2.11,66.3,29.5,0.0353,0.5032,,,0,0,0,0,0,0,Marcelio Costa,MDB,
4218954,Urupema,SC,Sul,<10 mil,2525,30.86,62.96,12.36,1241,30,67,76,1,73.0,0.0,73.0,3.14,84.8,11.2,0.0881,0.497,,,2,0,1,1,0,0,Cristiane Muniz,PL,
3544509,Rubinéia,SP,Sudeste,<10 mil,3917,33.46,62.52,5.49,1778,31,58,65,12,73.0,0.0,73.0,-1.39,58.3,32.0,0.1322,0.4994,,,1,0,0,0,0,1,Alex Olivo,PL,
4124608,São Carlos Do Ivaí,PR,Sul,<10 mil,5076,32.32,64.9,7.68,2620,48,40,71,4,73.0,0.0,73.0,-1.92,73.8,21.1,0.0949,0.5179,,,1,0,0,1,0,0,Paulo Peroba,PSB,
5001243,Aral Moreira,MS,Centro-Oeste,<10 mil,8273,41.27,57.15,7.82,3563,56,15,86,5,72.0,0.0,72.0,4.58,58.5,26.7,0.0787,0.5083,,,1,0,1,0,0,0,Dra Elaine,MDB,
4104055,Campo Bonito,PR,Sul,<10 mil,3695,42.83,53.88,11.39,1515,46,52,59,3,72.0,0.0,72.0,2.88,82.6,15.3,0.0738,0.5043,,,2,0,1,1,0,0,Mario Weber,PSD,
4120333,Prado Ferreira,PR,Sul,<10 mil,3188,43.05,52.99,4.71,1339,27,71,73,1,72.0,0.0,72.0,0.69,53.5,27.5,0.0639,0.5116,,,0,0,0,0,0,0,Silvio Damaceno,PSD,
4125308,São Jorge Do Ivaí,PR,Sul,<10 mil,4820,26.93,69.94,11.29,2746,41,53,70,1,72.0,0.0,72.0,-3.79,80.2,16.4,0.1255,0.5178,,,2,0,0,1,0,1,Guina,PSD,
3129905,Ibitiúra De Minas,MG,Sudeste,<10 mil,3709,24.21,71.28,5.77,1941,34,43,56,24,72.0,0.0,72.0,3.67,66.3,29.9,0.0738,0.5023,,,1,0,1,0,0,0,Rony,PP,
4318440,São Jorge,RS,Sul,<10 mil,2437,13.18,79.95,7.74,1667,41,56,64,3,72.0,0.0,72.0,-0.3,92.9,5.8,0.0918,0.51,,,1,0,0,1,0,0,Danilo Salvalaggio,CIDADANIA,
3159506,Santa Rita Do Itueto,MG,Sudeste,<10 mil,5151,37.0,60.38,6.5,2283,35,49,52,20,72.0,0.0,72.0,-2.62,58.8,31.1,0.0458,0.4955,,,0,0,0,0,0,0,Odenir Raposo,REPUBLICANOS,
1100908,Castanheiras,RO,Norte,<10 mil,3409,35.23,60.89,5.96,1616,45,56,55,3,72.0,0.0,72.0,-4.97,50.3,36.4,0.0583,0.4866,,,0,0,0,0,0,0,Cicero Godoi,PP,
4107546,Espigão Alto Do Iguaçu,PR,Sul,<10 mil,4416,39.01,58.12,2.31,1937,47,71,32,4,72.0,0.0,72.0,-1.7,75.9,16.5,0.0744,0.4878,,,1,0,0,1,0,0,Agenor Bertoncelo,PSD,
5103858,Gaúcha Do Norte,MT,Centro-Oeste,<10 mil,6795,31.57,66.19,0.71,3271,47,56,55,2,72.0,0.0,72.0,-0.43,47.9,21.4,0.0995,0.4932,,,0,0,0,0,0,0,Ari Do Prado,UNIÃO,
4113106,Kaloré,PR,Sul,<10 mil,4004,36.26,60.41,8.71,1967,27,77,63,1,71.0,0.0,71.0,0.5,90.1,8.4,0.119,0.5163,,,2,0,0,1,0,1,Washington,PSD,
3505104,Barbosa,SP,Sudeste,<10 mil,4970,38.17,58.94,7.42,2130,29,60,76,3,71.0,0.0,71.0,0.26,44.3,40.9,0.0868,0.5321,,,0,0,0,0,0,0,Rodrigo ,PSD,
4123824,Santa Lúcia,PR,Sul,<10 mil,3289,39.58,56.47,6.65,1392,38,83,35,1,71.0,0.0,71.0,1.69,79.8,18.8,0.0826,0.4994,,,2,0,1,1,0,0,Silvano,PSD,
3519204,Iacri,SP,Sudeste,<10 mil,4766,27.62,68.99,6.84,2338,38,66,45,7,71.0,0.0,71.0,2.31,64.0,30.8,0.1164,0.5206,,,1,0,1,0,0,0,Clebinho,PL,
4217154,São Miguel Da Boa Vista,SC,Sul,<10 mil,1757,41.87,51.48,9.93,729,43,56,60,1,71.0,0.0,71.0,0.11,80.1,17.4,0.104,0.4804,,,1,0,0,1,0,0,Vanderlei Bonaldo,PL,"Só genéricos encontrados: concurso público 2025 (18 vagas, incluindo médico ESF, agentes de saúde, operador de ETA) | Estiagem regional 2025 no Grande Oeste (contexto; município não confirmado em lista de decreto)"
3201803,Divino De São Lourenço,ES,Sudeste,<10 mil,4889,37.68,59.61,5.37,2246,41,59,54,4,71.0,0.0,71.0,-0.73,42.0,37.8,0.0636,0.4846,Lorenzo Pazolini (REPUBLICANOS),17.7,1,0,0,0,1,0,Dudu Queiróz,PSB,
3162302,São João Da Mata,MG,Sudeste,<10 mil,3192,33.11,62.4,7.14,1477,43,32,67,13,70.0,0.0,70.0,1.11,70.2,26.4,0.063,0.4847,,,1,0,1,0,0,0,Miro,UNIÃO,
4317558,Santo Antônio Do Palma,RS,Sul,<10 mil,2077,31.94,61.54,15.12,1040,38,60,60,2,70.0,0.0,70.0,1.59,94.9,3.4,0.0841,0.4974,,,2,0,1,1,0,0,Gilberto Szimainski,REPUBLICANOS,
4216354,São João Do Itaperiú,SC,Sul,<10 mil,4277,17.05,79.21,1.71,2792,45,43,62,5,70.0,0.0,70.0,-1.95,75.9,18.9,0.067,0.4887,,,1,0,0,1,0,0,Rovâni,PSD,
3520608,Indiana,SP,Sudeste,<10 mil,4063,31.5,64.99,6.13,2042,38,52,59,8,70.0,0.0,70.0,2.8,67.7,26.7,0.1313,0.5157,,,2,0,1,0,0,1,Canarinho Junior,PP,
3125200,Fama,MG,Sudeste,<10 mil,3353,39.42,56.56,8.94,1328,45,33,55,17,70.0,0.0,70.0,2.14,75.2,16.6,0.0917,0.489,,,2,0,1,1,0,0,Alexandre Eller,PSD,
4305504,Ciríaco,RS,Sul,<10 mil,3627,32.64,63.78,12.71,1833,43,68,37,4,70.0,0.0,70.0,2.13,86.5,12.1,0.0949,0.495,,,2,0,1,1,0,0,Odacir,PT,
4323606,Vista Alegre Do Prata,RS,Sul,<10 mil,1657,16.34,73.09,6.42,978,25,62,77,4,70.0,0.0,70.0,1.17,87.4,8.1,0.0698,0.4699,,,2,0,1,1,0,0,Roberto Donin,UNIÃO,
3122801,Dom Viçoso,MG,Sudeste,<10 mil,3158,44.28,52.07,4.8,1271,40,43,64,10,70.0,0.0,70.0,3.62,86.7,10.5,0.0544,0.4894,,,2,0,1,1,0,0,Chico Da Dina,PRD,
4309571,Herveiras,RS,Sul,<10 mil,2629,41.63,54.0,21.61,1088,50,56,40,4,70.0,0.0,70.0,4.14,73.4,25.2,0.0342,0.4827,,,2,0,1,1,0,0,Nazario,PL,Pautas locais não levantadas: buscas não retornaram imprensa local útil e o WebFetch ficou bloqueado (limite de requisições) antes da etapa de pautas.
4102208,Atalaia,PR,Sul,<10 mil,3479,35.59,60.71,6.63,1687,42,55,58,2,70.0,0.0,70.0,0.52,78.9,15.5,0.1354,0.4971,,,2,0,0,1,0,1,Duda,PSD,
4113403,Leópolis,PR,Sul,<10 mil,3502,43.91,52.72,9.36,1465,15,79,57,12,70.0,0.0,70.0,-0.19,80.0,15.6,0.1249,0.5117,,,2,0,0,1,0,1,Leomar,PSD,
5100805,Apiacás,MT,Centro-Oeste,<10 mil,6340,28.07,69.45,11.42,3244,51,41,58,3,70.0,0.0,70.0,-1.0,58.5,22.7,0.0722,0.4719,,,0,0,0,0,0,0,Julio,MDB,
4316477,Salvador Das Missões,RS,Sul,<10 mil,2746,28.46,66.36,10.83,1501,37,49,65,8,70.0,0.0,70.0,2.81,94.0,5.4,0.1007,0.4911,,,2,0,1,1,0,0,Vilson Schons,PP,
4202099,Barra Bonita,SC,Sul,<10 mil,1855,38.12,55.53,7.98,844,39,72,40,4,70.0,0.0,70.0,-4.33,85.4,14.2,0.0867,0.4744,,,1,0,0,1,0,0,Agnaldo,MDB,
4312138,Mato Castelhano,RS,Sul,<10 mil,3019,23.42,72.0,4.09,1779,54,56,35,2,70.0,0.0,70.0,0.78,83.8,13.8,0.0942,0.4889,,,1,0,0,1,0,0,Rogério França,PP,
3551306,Sebastianópolis Do Sul,SP,Sudeste,<10 mil,3007,29.82,64.98,6.0,1499,33,45,85,4,70.0,0.0,70.0,-2.11,75.0,19.8,0.1367,0.5058,,,2,0,0,1,0,1,Tonho Abreu,PSD,
4101150,Ângulo,PR,Sul,<10 mil,2817,28.93,66.0,5.67,1479,30,65,60,4,69.0,0.0,69.0,1.98,68.1,26.2,0.0881,0.5004,,,1,0,1,0,0,0,Panda,PSD,
4321493,Toropi,RS,Sul,<10 mil,2745,31.62,63.24,10.96,1347,25,86,46,2,69.0,0.0,69.0,3.86,59.8,37.3,0.0487,0.4882,,,1,0,1,0,0,0,Vando,PP,
5005251,Laguna Carapã,MS,Centro-Oeste,<10 mil,5465,33.74,63.77,8.05,2667,56,25,68,2,69.0,0.0,69.0,5.27,54.6,27.7,0.0963,0.5046,,,1,0,1,0,0,0,Itamar Bilibio,MDB,
4314134,Paulo Bento,RS,Sul,<10 mil,2280,24.84,68.8,9.65,1310,15,101,39,5,69.0,0.0,69.0,3.05,75.7,22.4,0.0977,0.4812,,,2,0,1,1,0,0,Evandro Baratto,PSD,
3544608,Sabino,SP,Sudeste,<10 mil,4352,36.35,60.34,7.28,1798,39,71,44,1,69.0,0.0,69.0,-0.61,62.2,30.5,0.1031,0.513,,,0,0,0,0,0,0,Fernando,PSD,
4303202,Cacique Doble,RS,Sul,<10 mil,3985,33.69,62.87,8.46,1939,44,43,61,6,69.0,0.0,69.0,3.61,79.9,11.4,0.0728,0.506,,,2,0,1,1,0,0,Marcio Caprini,MDB,
4312203,Maximiliano De Almeida,RS,Sul,<10 mil,3954,26.9,69.21,9.24,2090,38,44,76,3,69.0,0.0,69.0,1.82,87.1,11.6,0.0699,0.5047,,,2,0,1,1,0,0,André Zucunelli,MDB,
4126900,Tapira,PR,Sul,<10 mil,4694,39.69,57.58,6.01,1975,39,58,49,6,69.0,0.0,69.0,3.45,75.1,17.2,0.0736,0.5192,,,2,0,1,1,0,0,Ronald,PSB,
4301073,Arroio Do Padre,RS,Sul,<10 mil,2775,11.51,82.54,5.67,1976,31,74,52,2,69.0,0.0,69.0,0.43,2.8,88.7,0.0446,0.4822,,,0,0,0,0,0,0,Juliano Hobuss Buchweitz,PP,
4121307,Rancho Alegre,PR,Sul,<10 mil,3224,34.91,61.12,5.32,1523,40,72,31,5,68.0,0.0,68.0,1.35,65.5,30.4,0.1066,0.5282,,,1,0,1,0,0,0,Flavinho,PSD,
1100601,Cacaulândia,RO,Norte,<10 mil,3901,20.82,75.11,5.14,2278,44,41,61,5,68.0,0.0,68.0,-3.76,49.3,35.7,0.0607,0.4945,,,0,0,0,0,0,0,Danielzinho,PL,
4321634,Três Arroios,RS,Sul,<10 mil,2549,23.92,70.45,11.47,1447,37,54,51,9,68.0,0.0,68.0,1.46,94.0,5.5,0.074,0.49,,,2,0,1,1,0,0,Carlos Burille,MDB,
4211892,Painel,SC,Sul,<10 mil,2599,35.52,59.41,11.53,1231,26,59,75,2,68.0,0.0,68.0,-1.14,81.6,15.5,0.1127,0.454,,,1,0,0,1,0,0,Marcio Andrade,PP,
3101300,Alagoa,MG,Sudeste,<10 mil,2619,31.61,63.1,4.1,1240,29,35,61,24,68.0,0.0,68.0,-0.2,69.4,23.0,0.0496,0.4897,,,1,0,0,1,0,0,Tiãozinho,PSDB,
4217550,Serra Alta,SC,Sul,<10 mil,2818,27.93,67.52,7.84,1628,40,57,47,6,68.0,0.0,68.0,-1.23,87.1,12.1,0.125,0.5085,,,2,0,0,1,0,1,Rafael Marin,UNIÃO,
3517109,Glicério,SP,Sudeste,<10 mil,3987,34.77,61.79,7.63,1818,44,45,54,6,68.0,0.0,68.0,-0.05,59.6,27.5,0.1006,0.5036,,,0,0,0,0,0,0,Hairtinho,PSD,
4318051,São Domingos Do Sul,RS,Sul,<10 mil,2596,26.81,67.96,11.85,1398,37,42,54,14,67.0,0.0,67.0,2.78,91.8,6.2,0.1171,0.5067,,,2,0,1,1,0,0,Jonas Tibola,PP,
4202503,Bom Jardim Da Serra,SC,Sul,<10 mil,3852,34.93,61.55,11.78,1820,29,44,82,4,67.0,0.0,67.0,1.33,81.1,16.4,0.0668,0.4922,,,2,0,1,1,0,0,Pedro,PL,
4313490,Novo Barreiro,RS,Sul,<10 mil,3794,43.25,54.0,10.18,1653,47,47,46,5,67.0,0.0,67.0,2.91,63.2,35.0,0.0421,0.4817,,,1,0,1,0,0,0,Marcia Rodrigues,UNIÃO,"Estiagem: emergência reconhecida pela Defesa Civil Nacional em maio de 2025 | Estiagem na safra de soja 2025/26 no RS (Norte/Central/Fronteira Oeste; perdas médias estaduais ~20%), contexto regional — não há confirmação de decreto municipal"
4314779,Pontão,RS,Sul,<10 mil,3373,41.2,55.5,9.87,1553,38,35,80,3,67.0,0.0,67.0,0.06,81.0,17.5,0.0689,0.4898,,,1,0,0,1,0,0,Foguinho,UNIÃO,
4216057,São Cristóvão Do Sul,SC,Sul,<10 mil,3557,35.09,61.11,9.42,1609,47,39,66,0,67.0,0.0,67.0,0.95,62.5,26.6,0.0608,0.5158,,,0,0,0,0,0,0,Jaime Cesca,PP,
4320230,Sede Nova,RS,Sul,<10 mil,2508,40.13,55.35,9.94,1128,26,74,49,5,67.0,0.0,67.0,2.97,75.6,18.0,0.0804,0.4881,,,2,0,1,1,0,0,Mauri,MDB,
3530904,Mombuca,SP,Sudeste,<10 mil,3151,26.35,68.81,6.71,1613,46,38,60,4,67.0,0.0,67.0,-0.26,57.5,32.4,0.0765,0.5119,,,0,0,0,0,0,0,Palitinho,PL,
3141306,Medeiros,MG,Sudeste,<10 mil,3335,36.95,59.13,4.53,1454,32,25,68,22,66.0,0.0,66.0,0.74,84.3,10.0,0.069,0.4852,,,1,0,0,1,0,0,Miranda,AVANTE,
5107198,Ribeirãozinho,MT,Centro-Oeste,<10 mil,2466,39.89,55.24,8.51,1064,32,69,45,3,66.0,0.0,66.0,-0.69,67.5,22.9,0.1172,0.4868,,,1,0,0,1,0,0,Danilo Coelho,PSB,
4219853,Zortéa,SC,Sul,<10 mil,3214,34.81,61.62,9.67,1631,57,28,55,2,66.0,0.0,66.0,-0.84,78.6,15.8,0.0995,0.5117,,,1,0,0,1,0,0,Rosane,PP,
4120150,Porto Barreiro,PR,Sul,<10 mil,3139,40.38,55.75,13.28,1342,25,74,55,1,66.0,0.0,66.0,5.49,87.1,11.8,0.0832,0.4786,,,2,0,1,1,0,0,Vanderlei Volff,PSD,
4302253,Boa Vista Do Sul,RS,Sul,<10 mil,2527,18.56,75.23,9.8,1549,26,66,56,5,66.0,0.0,66.0,0.13,94.2,4.6,0.0391,0.4757,,,1,0,0,1,0,0,Patricia L Bagatini,PSD,
4318432,São João Do Polêsine,RS,Sul,<10 mil,2578,31.24,63.77,6.71,1283,44,40,54,7,66.0,0.0,66.0,1.1,87.2,10.1,0.1731,0.5108,,,3,0,1,1,0,1,Jaqueline Milanesi,PP,
4113429,Lidianópolis,PR,Sul,<10 mil,3461,33.22,63.11,5.25,1757,32,66,48,4,66.0,0.0,66.0,-6.69,75.6,20.2,0.1043,0.5116,,,1,0,0,1,0,0,Cido Buzato,REPUBLICANOS,
4301925,Barra Do Rio Azul,RS,Sul,<10 mil,1751,35.95,57.39,10.49,866,26,75,53,1,66.0,0.0,66.0,-2.29,96.4,3.4,0.0845,0.476,,,1,0,0,1,0,0,Anderson Bagatini,PRD,
4311239,Lagoa Bonita Do Sul,RS,Sul,<10 mil,2310,37.24,57.53,16.71,1028,45,47,54,1,66.0,0.0,66.0,0.59,89.1,10.3,0.047,0.483,,,1,0,0,1,0,0,Luizinho,PP,Estiagem: emergência reconhecida pelo MIDR em abril de 2025 (Portaria 1.148)
3541109,Presidente Alves,SP,Sudeste,<10 mil,3391,39.31,56.8,3.32,1399,33,57,62,1,66.0,0.0,66.0,1.29,44.9,45.9,0.0858,0.5063,,,1,0,1,0,0,0,Guego,PSD,
3120839,Cuparaque,MG,Sudeste,<10 mil,3950,36.02,61.01,4.73,1826,50,36,42,11,66.0,0.0,66.0,-11.04,34.0,50.3,0.0606,0.5109,,,0,0,0,0,0,0,Rogerio Mendes,REPUBLICANOS,
5003504,Douradina,MS,Centro-Oeste,<10 mil,4920,35.14,62.34,6.57,2506,39,27,90,0,66.0,0.0,66.0,2.85,53.8,34.1,0.0883,0.502,,,1,0,1,0,0,0,Nair Branti,PSD,
4215554,Santa Helena,SC,Sul,<10 mil,2208,33.12,61.13,12.97,1129,34,38,80,4,66.0,0.0,66.0,-0.63,95.5,3.6,0.0909,0.5007,,,1,0,0,1,0,0,Clóvis,PP,
4301958,Barra Funda,RS,Sul,<10 mil,2716,32.1,63.35,13.48,1447,37,43,68,3,66.0,0.0,66.0,-0.96,87.0,10.5,0.1072,0.5061,,,1,0,0,1,0,0,Andre Signor,PP,
4321469,Tio Hugo,RS,Sul,<10 mil,2707,32.96,62.24,10.62,1381,29,46,79,4,66.0,0.0,66.0,2.34,67.7,31.5,0.076,0.5,,,1,0,1,0,0,0,Valduze,PDT,
4217758,Sul Brasil,SC,Sul,<10 mil,2414,40.87,54.9,8.24,1137,41,50,53,3,66.0,0.0,66.0,-0.17,86.7,12.5,0.0766,0.483,,,1,0,0,1,0,0,Vanderlei Gallina,REPUBLICANOS,
3522000,Itaju,SP,Sudeste,<10 mil,3176,35.5,60.37,1.96,1406,40,51,55,1,65.0,0.0,65.0,-2.28,56.2,23.9,0.0966,0.495,,,0,0,0,0,0,0,Jerri Da Fátima,PSD,
1101476,Primavera De Rondônia,RO,Norte,<10 mil,3047,23.62,71.67,3.94,1746,42,51,52,1,65.0,0.0,65.0,-3.31,56.1,33.6,0.0766,0.4914,,,0,0,0,0,0,0,Lucas Nunes,PL,
3134103,Itueta,MG,Sudeste,<10 mil,5084,35.33,62.26,2.51,2381,41,34,41,19,65.0,0.0,65.0,-2.35,45.5,44.1,0.0666,0.5077,,,0,0,0,0,0,0,Giorzane Cremasco,MDB,
4312377,Monte Alegre Dos Campos,RS,Sul,<10 mil,3352,29.9,66.01,10.85,1639,33,69,40,3,65.0,0.0,65.0,-1.09,85.1,13.7,0.0298,0.4572,,,1,0,0,1,0,0,Capelini,PP,
4300455,Alegria,RS,Sul,<10 mil,3209,40.99,55.57,10.01,1421,25,80,38,4,65.0,0.0,65.0,1.39,75.7,22.9,0.0665,0.4933,,,2,0,1,1,0,0,Fabio Luciano Schakofski,PSD,
4211256,Morro Grande,SC,Sul,<10 mil,2721,17.95,76.86,4.93,1774,44,38,59,4,65.0,0.0,65.0,-4.26,82.1,14.7,0.1002,0.4892,,,1,0,0,1,0,0,Keio,PP,
4305975,Coxilha,RS,Sul,<10 mil,2867,31.44,64.11,13.84,1481,34,56,57,2,65.0,0.0,65.0,3.12,78.3,20.8,0.0701,0.5094,,,2,0,1,1,0,0,João Manica,PP,
3533254,Novais,SP,Sudeste,<10 mil,3922,35.87,61.06,4.37,1781,55,37,46,1,65.0,0.0,65.0,0.27,55.0,33.7,0.0699,0.4991,,,0,0,0,0,0,0,Paulinho Da Dengue,PSD,
4306700,Dona Francisca,RS,Sul,<10 mil,3059,36.94,59.14,11.35,1410,40,58,42,3,65.0,0.0,65.0,2.43,77.7,20.6,0.0828,0.5104,,,2,0,1,1,0,0,Saul Reck,PP,
5103437,Curvelândia,MT,Centro-Oeste,<10 mil,4408,33.45,63.75,5.23,2214,40,62,39,1,65.0,0.0,65.0,-2.92,62.0,32.5,0.0926,0.4951,,,0,0,0,0,0,0,Jadilson,UNIÃO,
3101409,Albertina,MG,Sudeste,<10 mil,3575,29.64,66.42,3.65,1776,26,48,56,16,65.0,0.0,65.0,0.93,68.1,25.1,0.0416,0.4867,,,1,0,0,1,0,0,Felipe Da Saúde,PSDB,
4205191,Ermo,SC,Sul,<10 mil,2711,19.85,75.28,6.36,1748,46,36,55,4,64.0,0.0,64.0,1.87,73.7,21.0,0.1008,0.4847,,,2,0,1,1,0,0,Paulinho,PL,
4300471,Almirante Tamandaré Do Sul,RS,Sul,<10 mil,1979,27.39,66.26,13.49,1084,40,57,42,2,64.0,0.0,64.0,3.29,84.8,13.5,0.0822,0.504,,,2,0,1,1,0,0,Dilse,PSDB,
3164902,São Sebastião Do Rio Verde,MG,Sudeste,<10 mil,2163,37.12,57.47,3.81,969,32,50,50,11,64.0,0.0,64.0,1.88,84.3,11.9,0.0606,0.5025,,,2,0,1,1,0,0,Paulo Henrique,PSD,
4323705,Vista Gaúcha,RS,Sul,<10 mil,2652,37.4,58.02,14.07,1215,29,61,57,2,64.0,0.0,64.0,0.57,82.6,15.5,0.085,0.4938,,,1,0,0,1,0,0,Locatelli,MDB,
3159704,Santa Rosa Da Serra,MG,Sudeste,<10 mil,3513,44.14,52.66,10.7,1268,36,23,58,21,64.0,0.0,64.0,1.57,63.5,26.1,0.0512,0.4814,,,1,0,1,0,0,0,Fred,PSDB,
4323200,Victor Graeff,RS,Sul,<10 mil,2531,22.92,71.81,12.55,1490,41,58,43,0,64.0,0.0,64.0,0.65,52.7,46.1,0.1298,0.5095,,,1,0,0,0,0,1,Lairton Andre Koeche,PP,
1718840,Sandolândia,TO,Norte,<10 mil,3566,39.68,57.0,9.54,1523,15,104,24,3,64.0,0.0,64.0,3.59,49.7,41.7,0.0622,0.4731,Professora Dorinha (UNIÃO),9.3,1,0,1,0,0,0,Luciano Barreto,REPUBLICANOS,
5007307,Rio Negro,MS,Centro-Oeste,<10 mil,4176,40.64,56.46,9.32,1775,30,53,67,1,64.0,0.0,64.0,-0.27,62.2,27.2,0.0823,0.49,,,0,0,0,0,0,0,Henrique Ezoe,PSDB,
4123204,Santa Cecília Do Pavão,PR,Sul,<10 mil,3121,43.24,53.23,6.11,1326,22,80,49,0,64.0,0.0,64.0,-2.01,57.3,32.3,0.1185,0.5219,,,1,0,0,0,0,1,Claudio Covre,PL,
4106100,Conselheiro Mairinck,PR,Sul,<10 mil,3221,43.14,53.21,7.33,1260,33,34,78,5,64.0,0.0,64.0,3.55,57.0,24.8,0.0973,0.5143,,,1,0,1,0,0,0,Zelei,MDB,
3521507,Irapuã,SP,Sudeste,<10 mil,5489,25.55,71.98,3.97,2885,61,32,40,0,64.0,0.0,64.0,-3.35,67.8,23.3,0.0876,0.5055,,,1,0,0,1,0,0,Reni Silva,PSD,
4323408,Vila Maria,RS,Sul,<10 mil,3675,23.98,72.42,10.09,2187,41,42,55,4,64.0,0.0,64.0,1.17,90.5,8.3,0.1203,0.5067,,,3,0,1,1,0,1,Adroaldo Seben Gigante,UNIÃO,
4304952,Caseiros,RS,Sul,<10 mil,3182,30.06,65.82,13.46,1587,42,41,54,4,64.0,0.0,64.0,3.47,85.1,13.6,0.0783,0.4986,,,2,0,1,1,0,0,Joelice Canali,PP,
3515194,Espírito Santo Do Turvo,SP,Sudeste,<10 mil,3546,40.36,56.12,9.11,1408,38,40,63,5,64.0,0.0,64.0,1.05,59.6,31.6,0.0725,0.5038,,,1,0,1,0,0,0,Gilbertinho,PSD,
4313425,Novo Machado,RS,Sul,<10 mil,3081,26.07,69.81,10.9,1730,38,49,46,5,63.0,0.0,63.0,2.51,32.8,66.1,0.0554,0.4998,,,1,0,1,0,0,0,Zezinho ,MDB,
4120655,Quarto Centenário,PR,Sul,<10 mil,3470,35.55,61.1,10.6,1690,28,69,44,2,63.0,0.0,63.0,-2.91,84.4,13.8,0.0899,0.5121,,,1,0,0,1,0,0,Akio Abe,PL,
4201802,Atalanta,SC,Sul,<10 mil,2919,14.44,80.62,7.89,2014,47,33,55,3,63.0,0.0,63.0,-0.65,72.9,24.1,0.1054,0.5053,,,1,0,0,1,0,0,Sapo,MDB,
5006259,Novo Horizonte Do Sul,MS,Centro-Oeste,<10 mil,3610,44.94,52.19,8.25,1442,47,17,78,2,63.0,0.0,63.0,-1.48,63.5,30.4,0.1088,0.5076,,,0,0,0,0,0,0,Guga,PSDB,
4102703,Barra Do Jacaré,PR,Sul,<10 mil,2805,43.5,52.69,6.19,1135,30,57,56,2,63.0,0.0,63.0,3.01,82.1,16.1,0.123,0.4993,,,3,0,1,1,0,1,Fabiano Zanatta,PDT,
4311122,Jaquirana,RS,Sul,<10 mil,3757,36.3,60.23,13.71,1602,38,44,61,1,63.0,0.0,63.0,3.11,76.4,20.4,0.0529,0.4914,,,2,0,1,1,0,0,Maria Isabel Rauber (Bel),PP,
4215059,Rio Rufino,SC,Sul,<10 mil,2423,31.71,63.16,8.5,1262,27,43,79,0,62.0,0.0,62.0,-2.08,88.3,10.0,0.0879,0.4816,,,1,0,0,1,0,0,Ademar,PP,
1507755,Sapucaia,PA,Norte,<10 mil,5430,43.48,54.34,11.26,2099,32,43,72,0,62.0,0.0,62.0,1.87,53.8,32.3,0.0434,0.4752,,,1,0,1,0,0,0,Wilton Lima,MDB,
3533700,Ocauçu,SP,Sudeste,<10 mil,3441,37.66,58.82,9.02,1480,36,53,51,1,62.0,0.0,62.0,5.27,80.7,15.3,0.0983,0.5035,,,2,0,1,1,0,0,Dito Costa E Silva,PSD,
4322855,Vespasiano Corrêa,RS,Sul,<10 mil,2485,10.9,82.83,5.83,1659,31,67,35,4,62.0,0.0,62.0,2.06,96.7,3.1,0.089,0.4782,,,2,0,1,1,0,0,Tiago Manoel Michelon,PL,
3512506,Coroados,SP,Sudeste,<10 mil,4020,28.4,68.28,3.82,2118,44,35,58,2,62.0,0.0,62.0,-0.64,57.0,37.3,0.1142,0.5158,,,0,0,0,0,0,0,Chéco,PDT,
4106852,Cruzmaltina,PR,Sul,<10 mil,2730,37.24,58.4,4.74,1227,34,46,62,1,62.0,0.0,62.0,-2.87,79.1,18.6,0.0934,0.4954,,,1,0,0,1,0,0,Maurício Bueno,PSDB,
5003900,Figueirão,MS,Centro-Oeste,<10 mil,2805,40.76,55.12,9.17,1151,26,72,45,0,62.0,0.0,62.0,2.48,70.5,22.5,0.1057,0.4715,,,2,0,1,1,0,0,Juvenal Consolaro,PSDB,
4312757,Nova Alvorada,RS,Sul,<10 mil,2805,17.87,77.26,9.53,1760,42,39,41,10,62.0,0.0,62.0,2.07,96.6,3.1,0.0812,0.4936,,,2,0,1,1,0,0,Edilson Romanini,PP,
3528908,Mariápolis,SP,Sudeste,<10 mil,2872,38.11,57.65,5.38,1273,26,57,63,0,62.0,0.0,62.0,-2.71,72.6,20.8,0.0999,0.5082,,,1,0,0,1,0,0,Ricardo,PSD,
4213302,Ponte Alta,SC,Sul,<10 mil,4025,36.31,61.01,7.64,1945,51,38,37,4,62.0,0.0,62.0,-3.21,73.6,22.1,0.0635,0.5021,,,1,0,0,1,0,0,Edson Wolinger,REPUBLICANOS,
5107248,Santa Carmem,MT,Centro-Oeste,<10 mil,4178,18.91,77.73,4.39,2624,51,25,59,1,62.0,0.0,62.0,-4.85,68.7,26.9,0.0881,0.497,,,0,0,0,0,0,0,Pablo Bortolas,PL,
3555505,Ubirajara,SP,Sudeste,<10 mil,3995,37.27,59.66,6.57,1720,41,34,58,5,62.0,0.0,62.0,0.68,55.6,39.5,0.0843,0.4807,,,0,0,0,0,0,0,Leila Do Walmir,MDB,
4205357,Flor Do Sertão,SC,Sul,<10 mil,1772,36.77,56.64,13.06,815,31,30,84,3,62.0,0.0,62.0,-0.72,76.5,18.4,0.0919,0.491,,,1,0,0,1,0,0,Valdemar,PL,
5100359,Alto Boa Vista,MT,Centro-Oeste,<10 mil,4151,22.48,74.22,3.27,2349,31,75,28,1,61.0,0.0,61.0,-6.99,46.1,33.3,0.075,0.4863,,,0,0,0,0,0,0,Zé Maranhão,PSB,
3520707,Indiaporã,SP,Sudeste,<10 mil,3164,44.99,51.65,5.74,1219,34,40,59,5,61.0,0.0,61.0,5.27,63.1,26.5,0.1478,0.5162,,,2,0,1,0,0,1,Bernadete  Sponquiado,REPUBLICANOS,
4310850,Jaboticaba,RS,Sul,<10 mil,3370,42.27,54.78,10.84,1437,47,23,54,7,61.0,0.0,61.0,1.19,70.3,27.5,0.0839,0.5007,,,1,0,1,0,0,0,Edvaldo Ribeiro,PP,"Estiagem na safra de soja 2025/26 no RS (Norte/Central/Fronteira Oeste; perdas médias estaduais ~20%), contexto regional — não há confirmação de decreto municipal"
4314548,Pinto Bandeira,RS,Sul,<10 mil,2438,11.3,82.79,7.17,1664,45,42,42,2,61.0,0.0,61.0,0.16,90.0,7.2,0.0876,0.492,,,1,0,0,1,0,0,Adilso Antonio Salini,MDB,
4206801,Ibicaré,SC,Sul,<10 mil,3018,21.18,74.43,6.48,1831,44,38,48,3,61.0,0.0,61.0,-1.06,81.7,17.1,0.085,0.4907,,,1,0,0,1,0,0,Serginho Besen,PSDB,
4116604,Nova América Da Colina,PR,Sul,<10 mil,3349,40.86,56.01,8.18,1534,33,39,67,2,61.0,0.0,61.0,1.42,66.8,26.6,0.0944,0.5055,,,1,0,1,0,0,0,Tania Basso,PP,
3508900,Caiabu,SP,Sudeste,<10 mil,3330,42.53,54.26,8.37,1377,25,69,44,2,61.0,0.0,61.0,2.93,75.5,20.6,0.0885,0.4979,,,2,0,1,1,0,0,Suelen Mative,REPUBLICANOS,
4307864,Fagundes Varela,RS,Sul,<10 mil,2439,15.2,78.89,6.82,1573,31,57,45,4,61.0,0.0,61.0,3.99,94.4,4.6,0.0782,0.4963,,,2,0,1,1,0,0,Nelton Carlos Conte,MDB,
1719004,Santa Tereza Do Tocantins,TO,Norte,<10 mil,3061,44.73,52.01,7.0,1296,17,70,60,0,61.0,0.0,61.0,1.29,69.6,25.9,0.0927,0.4592,Professora Dorinha (UNIÃO),12.9,2,0,1,0,1,0,Eliene,REPUBLICANOS,
3527256,Lourdes,SP,Sudeste,<10 mil,1877,34.01,59.44,2.89,850,18,91,28,2,61.0,0.0,61.0,-3.3,58.9,26.4,0.1086,0.504,,,0,0,0,0,0,0,Odécio,PSD,
4215752,São Bernardino,SC,Sul,<10 mil,2576,43.59,52.48,10.41,1091,32,30,77,4,61.0,0.0,61.0,1.77,85.0,13.4,0.0962,0.4831,,,2,0,1,1,0,0,Dalvir Luiz Ludwig,PSDB,"Estradas vicinais: licitação nº 102/2026 de horas-máquina para recuperação e manutenção de estradas vicinais e escoamento da produção, beneficiando ~500 famílias da agricultura familiar (agenda da prefeitura) | Estiagem 2025: município citado na lista de decretos de emergência por estiagem (Defesa Civil SC via ALESC/NSC, resumo de busca)"
5205059,Castelândia,GO,Centro-Oeste,<10 mil,3999,42.12,55.0,11.34,1568,16,100,22,0,60.0,0.0,60.0,0.03,77.1,21.2,0.0714,0.4873,,,1,0,0,1,0,0,Meinha,PSD,
1703867,Cariri Do Tocantins,TO,Norte,<10 mil,3798,42.21,54.95,11.04,1621,22,61,60,1,60.0,0.0,60.0,0.76,60.5,34.4,0.0808,0.4913,Professora Dorinha (UNIÃO),3.6,0,0,0,0,0,0,Tetin,UNIÃO,"Agro: lançamento da 26ª Agrotins na Fazenda Pai e Filho, em Cariri"
3510906,Cássia Dos Coqueiros,SP,Sudeste,<10 mil,2667,42.27,53.7,6.11,1045,30,42,55,8,60.0,0.0,60.0,-5.67,73.7,17.1,0.1282,0.489,,,2,0,0,1,0,1,Silvio Da Farmácia,PSD,
3502606,Aparecida D'Oeste,SP,Sudeste,<10 mil,3777,42.52,54.61,5.61,1563,32,43,65,1,60.0,0.0,60.0,-2.47,63.1,25.2,0.1237,0.5174,,,1,0,0,0,0,1,Izaias,PSD,
5107354,São José Do Xingu,MT,Centro-Oeste,<10 mil,5340,33.46,63.94,10.23,2293,35,49,53,0,60.0,0.0,60.0,-3.26,51.6,32.5,0.0704,0.4633,,,0,0,0,0,0,0,Dr Sandro,UNIÃO,
4103008,Boa Esperança,PR,Sul,<10 mil,3974,24.93,71.73,4.16,2240,36,45,52,2,60.0,0.0,60.0,0.96,82.8,14.9,0.1133,0.517,,,1,0,0,1,0,0,Joel Celso Buscariol,MDB,
3537156,Pedrinhas Paulista,SP,Sudeste,<10 mil,2726,26.31,68.9,9.19,1451,39,33,62,3,60.0,0.0,60.0,0.02,71.4,22.2,0.191,0.5057,,,2,0,0,1,0,1,Freddie Nicolau,PSD,
4202438,Bocaina Do Sul,SC,Sul,<10 mil,3180,31.32,64.92,11.31,1706,19,76,48,0,60.0,0.0,60.0,-0.93,86.7,9.8,0.0942,0.4884,,,1,0,0,1,0,0,Duduca,PSDB,
3547007,Santa Maria Da Serra,SP,Sudeste,<10 mil,4225,30.33,66.45,7.94,2008,34,38,62,3,60.0,0.0,60.0,0.92,59.8,28.9,0.0589,0.5184,,,0,0,0,0,0,0,Zani,PSD,
3502408,Anhumas,SP,Sudeste,<10 mil,3315,35.01,61.56,6.94,1563,39,41,46,5,60.0,0.0,60.0,-1.21,76.2,19.8,0.1291,0.5208,,,2,0,0,1,0,1,Adailton,PSD,
4204756,Cunhataí,SC,Sul,<10 mil,1868,22.92,70.76,12.68,1140,41,46,42,2,60.0,0.0,60.0,-0.19,90.6,9.2,0.0878,0.4797,,,1,0,0,1,0,0,Dirceu,MDB,
3103801,Arapuá,MG,Sudeste,<10 mil,3487,29.21,66.88,9.74,1704,28,55,40,9,59.0,0.0,59.0,-0.68,84.5,13.5,0.1049,0.4914,,,1,0,0,1,0,0,Emílio Boaventura,MDB,
3500808,Alfredo Marcondes,SP,Sudeste,<10 mil,3964,34.06,63.06,5.71,1905,45,37,48,0,59.0,0.0,59.0,-1.71,74.8,20.6,0.1219,0.5033,,,2,0,0,1,0,1,Celso Pirani,UNIÃO,
3537701,Piacatu,SP,Sudeste,<10 mil,4487,33.51,63.71,6.31,2151,38,30,68,1,59.0,0.0,59.0,-0.02,64.8,28.1,0.1459,0.5051,,,1,0,0,0,0,1,Ricardo Lemes,PSD,
4323754,Vitória Das Missões,RS,Sul,<10 mil,3443,44.36,52.9,11.32,1406,43,28,56,3,59.0,0.0,59.0,2.84,67.3,25.5,0.0377,0.49,,,2,0,1,1,0,0,Cornélio,PDT,"Estiagem do verão 2025: situação de emergência reconhecida pela União (Jornal do Comércio, mar/2025) (portaria de 25/02/2025) | Pautas locais específicas não verificadas (busca limitada e bloqueio de acesso às páginas por limite de requisições); apenas pautas genéricas/regionais."
4305405,Chiapetta,RS,Sul,<10 mil,3635,33.97,63.0,13.92,1812,40,34,49,7,59.0,0.0,59.0,1.95,67.4,30.7,0.0877,0.5055,,,1,0,1,0,0,0,Osmar Kuhn,PP,
4314308,Pejuçara,RS,Sul,<10 mil,3096,30.17,65.95,10.73,1627,34,46,51,3,59.0,0.0,59.0,1.36,75.5,20.7,0.1257,0.5167,,,3,0,1,1,0,1,Flaviana,MDB,
3533809,Óleo,SP,Sudeste,<10 mil,2420,33.39,61.39,4.42,1129,28,45,67,0,59.0,0.0,59.0,-3.87,72.9,23.0,0.097,0.4874,,,1,0,0,1,0,0,Jordão,PSD,
4313607,Paim Filho,RS,Sul,<10 mil,3753,40.88,56.54,7.67,1656,42,42,37,5,59.0,0.0,59.0,2.07,87.6,11.4,0.0631,0.4947,,,2,0,1,1,0,0,Genes,PT,
4116307,Munhoz De Mello,PR,Sul,<10 mil,3547,38.04,58.76,5.97,1627,28,40,71,2,59.0,0.0,59.0,2.04,76.3,19.7,0.1079,0.5089,,,2,0,1,1,0,0,Áureo,PODE,
3525854,Jumirim,SP,Sudeste,<10 mil,2457,28.73,66.16,7.0,1218,43,35,50,0,58.0,0.0,58.0,-1.64,66.7,30.4,0.1074,0.4976,,,0,0,0,0,0,0,Daniel Vieira,PSD,
1703206,Bernardo Sayão,TO,Norte,<10 mil,3604,41.89,55.39,7.66,1602,31,54,48,0,58.0,0.0,58.0,-0.92,56.7,32.1,0.0713,0.484,Professora Dorinha (UNIÃO),3.6,0,0,0,0,0,0,Osorio Do Som,REPUBLICANOS,
4312005,Mariano Moro,RS,Sul,<10 mil,2211,38.22,57.03,13.27,986,32,39,55,6,58.0,0.0,58.0,1.36,93.9,4.8,0.0712,0.486,,,2,0,1,1,0,0,Kinkinha,PDT,
4313334,Nova Ramada,RS,Sul,<10 mil,2039,29.02,65.32,11.73,1096,27,58,47,1,58.0,0.0,58.0,0.84,58.9,39.9,0.0677,0.4826,,,0,0,0,0,0,0,Alzevir De Marchi,MDB,
3515905,Floreal,SP,Sudeste,<10 mil,2670,39.02,56.93,5.63,1105,42,20,58,5,57.0,0.0,57.0,3.92,68.8,22.3,0.1634,0.5108,,,3,0,1,1,0,1,Raul Scalon,UNIÃO,
4308433,Forquetinha,RS,Sul,<10 mil,2588,23.88,71.67,9.01,1543,37,50,35,3,57.0,0.0,57.0,1.55,44.3,54.9,0.0498,0.4745,,,1,0,1,0,0,0,Vianei,PP,
4322343,Ubiretama,RS,Sul,<10 mil,1894,25.2,68.7,6.72,1095,26,58,40,4,57.0,0.0,57.0,1.4,44.2,53.6,0.0522,0.4844,,,1,0,1,0,0,0,Rodrigo Bloch,PDT,
5106455,Planalto Da Serra,MT,Centro-Oeste,<10 mil,3110,44.41,52.32,7.74,1193,33,39,55,3,57.0,0.0,57.0,0.84,54.6,32.9,0.0846,0.4796,,,0,0,0,0,0,0,Natal De Assis,UNIÃO,
4218855,União Do Oeste,SC,Sul,<10 mil,2463,32.74,62.98,6.73,1276,33,42,50,3,57.0,0.0,57.0,2.19,86.2,12.6,0.104,0.4805,,,2,0,1,1,0,0,Everaldo Luiz Casonatto,MDB,
4314456,Pinhal,RS,Sul,<10 mil,2557,33.78,61.85,13.86,1294,22,47,66,2,57.0,0.0,57.0,1.58,82.8,16.5,0.0886,0.5045,,,2,0,1,1,0,0,Pinto,MDB,
4319711,São Valentim Do Sul,RS,Sul,<10 mil,2224,19.53,74.39,3.19,1310,34,33,59,4,57.0,0.0,57.0,2.14,94.9,4.6,0.0758,0.4724,,,2,0,1,1,0,0,Moises,MDB,
4103222,Bom Sucesso Do Sul,PR,Sul,<10 mil,3020,25.92,70.37,12.27,1769,38,34,51,3,57.0,0.0,57.0,-0.96,91.0,8.2,0.1109,0.506,,,1,0,0,1,0,0,Maico,PSD,
4303673,Campestre Da Serra,RS,Sul,<10 mil,2886,15.21,79.97,5.39,1817,39,44,41,2,57.0,0.0,57.0,1.21,85.9,10.5,0.0689,0.4856,,,2,0,1,1,0,0,Tairo Balardin,PP,
4300554,Alto Alegre,RS,Sul,<10 mil,1850,35.65,58.62,11.37,881,38,30,63,0,57.0,0.0,57.0,2.28,92.1,7.3,0.1073,0.4962,,,2,0,1,1,0,0,Silmar,PP,
3536901,Pedranópolis,SP,Sudeste,<10 mil,2682,37.81,58.48,7.08,1158,54,21,42,1,56.0,0.0,56.0,5.2,62.3,27.7,0.1069,0.4905,,,1,0,1,0,0,0,Fausto,REPUBLICANOS,
4310751,Ivorá,RS,Sul,<10 mil,1809,39.25,54.79,17.0,743,10,81,33,6,56.0,0.0,56.0,1.94,91.6,7.3,0.1084,0.4942,,,2,0,1,1,0,0,Josemar Zorzi Osmari,PP,
3500204,Adolfo,SP,Sudeste,<10 mil,3977,30.47,66.42,7.34,1974,35,31,53,6,56.0,0.0,56.0,-2.94,55.2,36.3,0.1089,0.5072,,,0,0,0,0,0,0,Ricardo Da Granada,PODE,
4119657,Pitangueiras,PR,Sul,<10 mil,2622,33.66,62.08,3.16,1267,26,46,54,3,56.0,0.0,56.0,-0.97,70.3,27.8,0.0938,0.5118,,,0,0,0,0,0,0,Sargento Samuel,PL,
1101559,Teixeirópolis,RO,Norte,<10 mil,3927,34.81,62.42,3.73,1938,29,45,52,3,56.0,0.0,56.0,-6.32,44.4,42.6,0.0645,0.4885,,,0,0,0,0,0,0,Osmy Toledo,MDB,
4300059,Água Santa,RS,Sul,<10 mil,3300,26.23,70.32,9.95,1912,24,67,30,4,56.0,0.0,56.0,2.7,81.9,14.9,0.0913,0.5006,,,2,0,1,1,0,0,Juliano,PDT,
5106802,Porto Dos Gaúchos,MT,Centro-Oeste,<10 mil,4455,19.86,77.24,7.62,2583,48,35,34,1,56.0,0.0,56.0,-1.65,60.4,30.8,0.1288,0.4962,,,1,0,0,0,0,1,Vanderlei De Abreu,MDB,
4309951,Ibirapuitã,RS,Sul,<10 mil,3410,35.05,61.8,13.06,1642,32,36,57,4,56.0,0.0,56.0,2.29,73.8,24.1,0.0609,0.4991,,,2,0,1,1,0,0,Rosemar Hentges,PP,
3539608,Planalto,SP,Sudeste,<10 mil,3962,42.49,55.1,6.62,1600,46,20,51,2,55.0,0.0,55.0,-0.85,59.3,28.0,0.0845,0.5088,,,0,0,0,0,0,0,Meire Silverio,PSD,
3527801,Lupércio,SP,Sudeste,<10 mil,3317,43.69,53.38,5.56,1280,34,49,38,1,55.0,0.0,55.0,0.89,61.6,28.5,0.0986,0.5243,,,0,0,0,0,0,0,Cleber Menegucci,PP,
2111573,São Pedro Dos Crentes,MA,Nordeste,<10 mil,4689,32.54,65.15,6.54,2477,13,60,43,11,55.0,0.0,55.0,-2.26,35.8,58.9,0.0418,0.4669,,,0,0,0,0,0,0,Romulo Arruda,REPUBLICANOS,
1502764,Cumaru Do Norte,PA,Norte,<10 mil,8216,33.3,65.16,5.21,3864,27,32,71,1,55.0,0.0,55.0,1.3,36.3,41.9,0.0597,0.4649,,,1,0,1,0,0,0,Nego,MDB,
4312427,Mormaço,RS,Sul,<10 mil,2764,31.91,64.18,12.6,1417,35,35,51,2,55.0,0.0,55.0,1.26,85.5,14.1,0.0741,0.4911,,,2,0,1,1,0,0,Alexandre Vieira,PP,
5006275,Paraíso Das Águas,MS,Centro-Oeste,<10 mil,4335,23.73,72.98,9.16,2253,26,41,60,2,55.0,0.0,55.0,-0.79,68.8,25.7,0.1101,0.4732,,,0,0,0,0,0,0,Ivan Xixi,PSDB,
5106265,Novo Mundo,MT,Centro-Oeste,<10 mil,6075,24.05,73.77,6.36,3294,27,46,49,4,55.0,0.0,55.0,-1.46,69.9,19.6,0.0797,0.4639,,,1,0,0,1,0,0,Casciano,MDB,
4205431,Formosa Do Sul,SC,Sul,<10 mil,2622,40.94,55.14,12.14,1147,24,33,77,1,55.0,0.0,55.0,2.23,78.1,18.0,0.129,0.5002,,,3,0,1,1,0,1,Dovaldo,MDB,
4311270,Lagoa Dos Três Cantos,RS,Sul,<10 mil,1717,18.62,74.45,7.44,1084,33,46,43,1,55.0,0.0,55.0,0.18,55.2,42.5,0.1268,0.509,,,1,0,0,0,0,1,Sergio Lasch,UNIÃO,
4313441,Novo Tiradentes,RS,Sul,<10 mil,1973,41.72,53.68,15.52,845,34,34,47,7,55.0,0.0,55.0,0.94,81.6,16.2,0.0704,0.4777,,,1,0,0,1,0,0,Caio,PP,"Estiagem na safra de soja 2025/26 no RS (Norte/Central/Fronteira Oeste; perdas médias estaduais ~20%), contexto regional — não há confirmação de decreto municipal"
4108106,Flórida,PR,Sul,<10 mil,2410,43.62,52.77,6.94,1020,36,36,48,2,55.0,0.0,55.0,3.32,72.3,25.8,0.1228,0.5151,,,2,0,1,0,0,1,Emerson Sette,PSD,
4128625,Alto Paraíso,PR,Sul,<10 mil,3269,38.59,57.94,6.09,1321,29,48,47,1,55.0,0.0,55.0,4.43,77.6,19.7,0.0726,0.4992,,,2,0,1,1,0,0,Eliseu Canãa,UNIÃO,
3118502,Consolação,MG,Sudeste,<10 mil,2032,38.68,56.49,10.5,818,19,20,34,39,55.0,0.0,55.0,-1.01,82.2,14.0,0.0384,0.4737,,,1,0,0,1,0,0,Rogilson,UNIÃO,
4208955,Jardinópolis,SC,Sul,<10 mil,1699,33.43,60.83,5.69,882,36,26,59,4,55.0,0.0,55.0,2.25,83.2,15.4,0.1342,0.4962,,,3,0,1,1,0,1,Sadi,MDB,
4323101,Vicente Dutra,RS,Sul,<10 mil,3837,34.65,62.64,11.31,1831,35,49,31,4,55.0,0.0,55.0,2.86,71.8,22.0,0.0649,0.4973,,,2,0,1,1,0,0,Tomaz Rossato,MDB,
1707553,Fátima,TO,Norte,<10 mil,3389,40.53,56.59,8.13,1482,22,55,48,1,54.0,0.0,54.0,1.84,63.0,33.6,0.0805,0.4907,Professora Dorinha (UNIÃO),9.9,1,0,1,0,0,0,Zé Antonio Andrade,UNIÃO,
3509809,Campos Novos Paulista,SP,Sudeste,<10 mil,3805,32.89,64.3,4.49,1828,44,35,36,1,54.0,0.0,54.0,-0.88,61.7,30.5,0.1046,0.5008,,,0,0,0,0,0,0,Flavio Do Posto,PSD,
3507704,Braúna,SP,Sudeste,<10 mil,4231,28.64,68.7,3.31,2250,39,29,49,3,54.0,0.0,54.0,0.02,58.2,25.6,0.125,0.5194,,,1,0,0,0,0,1,Maicon Enfermeiro,UNIÃO,
3527702,Luiziânia,SP,Sudeste,<10 mil,3792,37.92,59.34,7.67,1719,26,30,67,4,54.0,0.0,54.0,-2.43,67.1,25.5,0.0975,0.5124,,,1,0,0,1,0,0,Rafael Do Tijolão,UNIÃO,
4209177,Jupiá,SC,Sul,<10 mil,2255,36.27,59.34,9.48,1105,29,36,61,0,54.0,0.0,54.0,3.7,88.3,9.6,0.0735,0.4916,,,2,0,1,1,0,0,Valdelirio,MDB,
1715002,Nova Rosalândia,TO,Norte,<10 mil,2880,40.71,56.24,8.51,1312,38,34,47,1,54.0,0.0,54.0,-2.46,62.2,30.7,0.0841,0.4932,Professora Dorinha (UNIÃO),13.4,1,0,0,0,1,0,Professor Enoque,REPUBLICANOS,
3514924,Elisiário,SP,Sudeste,<10 mil,2737,27.93,67.82,5.39,1414,35,33,52,2,54.0,0.0,54.0,1.61,61.9,31.6,0.084,0.4984,,,1,0,1,0,0,0,Cássio Bertelli,PSD,
4202156,Belmonte,SC,Sul,<10 mil,2400,30.65,64.96,12.55,1285,29,43,47,4,54.0,0.0,54.0,-2.39,84.6,13.3,0.095,0.4906,,,1,0,0,1,0,0,Jair Giumbelli,PL,
4211652,Novo Horizonte,SC,Sul,<10 mil,2570,33.2,63.04,11.21,1334,32,42,34,9,54.0,0.0,54.0,2.7,88.6,10.6,0.0821,0.4776,,,2,0,1,1,0,0,Cadore    Naudir Cadore,PP,
5107297,São José Do Povo,MT,Centro-Oeste,<10 mil,3000,39.46,57.02,7.09,1307,16,59,51,3,54.0,0.0,54.0,-2.88,67.3,27.9,0.1357,0.4604,,,1,0,0,0,0,1,Junior Da Saude,PSB,
3532843,Nova Canaã Paulista,SP,Sudeste,<10 mil,2275,44.15,51.68,6.21,816,46,27,41,0,53.0,0.0,53.0,0.12,73.5,20.7,0.1058,0.4934,,,1,0,0,1,0,0,Thais,PSD,
4323507,Vista Alegre,RS,Sul,<10 mil,2612,40.42,56.14,16.98,1175,27,47,44,2,53.0,0.0,53.0,4.44,92.1,7.2,0.1045,0.5055,,,2,0,1,1,0,0,Rudi,PSDB,Pautas locais específicas não verificadas (busca limitada e bloqueio de acesso às páginas por limite de requisições); apenas pautas genéricas/regionais.
4202537,Bom Jesus,SC,Sul,<10 mil,2593,41.71,54.95,5.76,1171,36,28,54,2,53.0,0.0,53.0,-1.11,70.3,26.9,0.0923,0.5083,,,0,0,0,0,0,0,Peccini,PSD,
4320651,Silveira Martins,RS,Sul,<10 mil,2147,34.54,60.78,9.28,1012,22,69,22,4,53.0,0.0,53.0,1.19,80.0,14.2,0.1136,0.5046,,,2,0,1,1,0,0,Sadi Tolfo,MDB,
4317756,Santo Antônio Do Planalto,RS,Sul,<10 mil,2163,19.61,75.2,12.39,1398,27,50,41,2,53.0,0.0,53.0,-0.48,69.8,29.4,0.0839,0.5083,,,0,0,0,0,0,0,Vilson Altmann Fazenda,MDB,
3540101,Pongaí,SP,Sudeste,<10 mil,2952,28.11,67.8,1.9,1499,33,38,51,0,53.0,0.0,53.0,-0.6,63.9,25.0,0.1377,0.4959,,,1,0,0,0,0,1,Gilhiard Bortoli,CIDADANIA,
3505005,Barão De Antonina,SP,Sudeste,<10 mil,2926,42.03,54.42,8.8,1109,27,32,60,4,53.0,0.0,53.0,1.15,70.3,25.7,0.0788,0.5007,,,1,0,1,0,0,0,Rodrigão,REPUBLICANOS,
4205555,Frei Rogério,SC,Sul,<10 mil,2251,26.24,68.92,16.58,1282,29,32,54,5,53.0,0.0,53.0,-3.95,81.3,15.6,0.1083,0.4798,,,1,0,0,1,0,0,Ivo Mazzuco,MDB,
1704600,Chapada De Areia,TO,Norte,<10 mil,2545,41.91,54.15,7.91,1063,13,53,65,0,53.0,0.0,53.0,3.22,56.9,31.7,0.0621,0.443,Professora Dorinha (UNIÃO),13.3,2,0,1,0,1,0,Adauto Mendes,REPUBLICANOS,
3547403,Santa Rita D'Oeste,SP,Sudeste,<10 mil,2471,39.06,57.06,6.24,1075,34,39,37,5,53.0,0.0,53.0,-2.65,75.4,17.1,0.1905,0.515,,,2,0,0,1,0,1,Osmarzinho Da Oficina,PL,
4315453,Relvado,RS,Sul,<10 mil,2167,23.8,70.69,6.73,1172,20,53,42,5,52.0,0.0,52.0,1.86,95.9,3.4,0.0734,0.5009,,,2,0,1,1,0,0,Loiso,PP,
4319703,São Valentim,RS,Sul,<10 mil,3073,28.84,67.83,12.16,1668,31,40,38,5,52.0,0.0,52.0,1.63,92.6,6.7,0.0904,0.4989,,,2,0,1,1,0,0,Dassoler,PL,
4107553,Farol,PR,Sul,<10 mil,2837,43.67,53.27,6.63,1157,29,43,45,1,52.0,0.0,52.0,3.83,85.3,13.4,0.069,0.516,,,2,0,1,1,0,0,Oclecio Meneses,PODE,
4307054,Ernestina,RS,Sul,<10 mil,2930,34.06,62.74,13.95,1475,35,34,40,4,52.0,0.0,52.0,1.94,74.0,24.2,0.0907,0.4973,,,2,0,1,1,0,0,Nico,PDT,
3165800,Senador José Bento,MG,Sudeste,<10 mil,2481,36.66,59.42,6.89,1116,30,40,39,6,52.0,0.0,52.0,-0.36,79.4,16.6,0.0865,0.4716,,,1,0,0,1,0,0,Andreia,UNIÃO,
4313086,Nova Pádua,RS,Sul,<10 mil,2410,7.82,87.02,3.04,1756,42,22,35,9,52.0,0.0,52.0,-0.15,94.1,3.7,0.0883,0.4861,,,1,0,0,1,0,0,Itamar Bernardi Kiko,MDB,
3501202,Álvares Florence,SP,Sudeste,<10 mil,3612,30.55,66.41,5.54,1819,23,45,46,6,52.0,0.0,52.0,-3.94,69.9,23.5,0.1266,0.4934,,,2,0,0,1,0,1,Adilson Leite,PSD,
3501103,Alto Alegre,SP,Sudeste,<10 mil,3662,27.42,69.42,5.49,1927,28,34,55,3,52.0,0.0,52.0,-2.55,69.2,25.9,0.1045,0.4969,,,0,0,0,0,0,0,Carlinhos Sussumi,MDB,
4311643,Linha Nova,RS,Sul,<10 mil,1511,28.74,64.28,5.28,781,25,55,35,3,52.0,0.0,52.0,0.07,25.6,59.2,0.0529,0.4914,,,0,0,0,0,0,0,Guiomar Wingert,PSB,
5108808,Nova Guarita,MT,Centro-Oeste,<10 mil,4119,30.25,67.13,6.5,2075,43,21,48,2,52.0,0.0,52.0,-3.38,80.9,14.9,0.0646,0.4803,,,1,0,0,1,0,0,Edinho Da Bonanza,UNIÃO,
5107768,Santa Rita Do Trivelato,MT,Centro-Oeste,<10 mil,2606,25.82,69.31,6.42,1373,32,18,74,0,52.0,0.0,52.0,-6.86,52.7,33.9,0.1174,0.4813,,,0,0,0,0,0,0,Volmir Bassani,MDB,
4321329,Taquaruçu Do Sul,RS,Sul,<10 mil,2822,40.7,56.44,9.66,1314,35,34,38,4,51.0,0.0,51.0,1.66,92.4,5.4,0.1378,0.5007,,,3,0,1,1,0,1,Bibi,PT,
3525607,João Ramalho,SP,Sudeste,<10 mil,3518,40.94,56.15,6.21,1369,30,26,57,4,51.0,0.0,51.0,5.41,58.9,34.0,0.0706,0.508,,,1,0,1,0,0,0,Dirce Valejo,PSDB,
3554607,Timburi,SP,Sudeste,<10 mil,2427,38.9,56.94,10.13,1018,28,42,48,0,51.0,0.0,51.0,-1.02,70.6,20.8,0.0915,0.5053,,,1,0,0,1,0,0,Cristiano Amorim,SOLIDARIEDADE,
3532108,Murutinga Do Sul,SP,Sudeste,<10 mil,3341,32.2,64.85,6.84,1590,50,21,34,1,51.0,0.0,51.0,0.99,67.1,20.7,0.1297,0.5103,,,2,0,0,1,0,1,Cristiano,PODE,
4317251,Santa Tereza,RS,Sul,<10 mil,1750,22.13,71.73,5.13,1010,35,32,40,4,51.0,0.0,51.0,2.78,93.0,5.5,0.0778,0.4854,,,2,0,1,1,0,0,Gisele Caumo,PP,
3528858,Marapoama,SP,Sudeste,<10 mil,2797,21.09,74.75,4.15,1646,32,38,39,4,51.0,0.0,51.0,-3.43,52.0,40.6,0.1023,0.5077,,,0,0,0,0,0,0,Lourenço,PL,
3531001,Monções,SP,Sudeste,<10 mil,2121,35.83,59.73,6.74,985,34,37,43,0,51.0,0.0,51.0,-2.29,68.9,20.6,0.1332,0.5047,,,2,0,0,1,0,1,Douglas Honorato,PSD,
3531605,Monte Castelo,SP,Sudeste,<10 mil,3327,40.29,57.2,9.2,1442,44,33,26,3,51.0,0.0,51.0,1.31,62.4,31.5,0.1008,0.5171,,,1,0,1,0,0,0,Piloto,PSD,
3116902,Comendador Gomes,MG,Sudeste,<10 mil,2849,41.09,55.73,3.48,1216,28,32,56,2,51.0,0.0,51.0,-3.87,72.5,19.0,0.0824,0.4762,,,1,0,0,1,0,0,Reginaldo Silva,PL,
4303558,Camargo,RS,Sul,<10 mil,2637,27.7,68.46,11.05,1480,25,32,44,12,51.0,0.0,51.0,-0.37,90.9,6.6,0.1241,0.5042,,,2,0,0,1,0,1,Jeanice,MDB,
5104559,Itaúba,MT,Centro-Oeste,<10 mil,4349,22.56,74.7,11.44,2389,40,19,47,5,51.0,0.0,51.0,-5.29,67.3,23.9,0.0932,0.4901,,,1,0,0,1,0,0,Toninho Tijolinho,PSB,
4217956,Tigrinhos,SC,Sul,<10 mil,2043,37.58,57.83,10.51,960,17,51,46,4,50.0,0.0,50.0,0.03,72.5,27.1,0.0825,0.4863,,,0,0,0,0,0,0,Sidnei,PSD,
4210555,Marema,SC,Sul,<10 mil,2215,28.74,67.05,8.17,1225,37,42,27,1,50.0,0.0,50.0,4.83,89.8,10.0,0.1023,0.4941,,,2,0,1,1,0,0,Mari,PL,
4305603,Colorado,RS,Sul,<10 mil,2995,21.47,74.73,9.66,1774,24,43,42,4,50.0,0.0,50.0,2.13,89.4,7.9,0.0998,0.5105,,,2,0,1,1,0,0,Rodrigo Sartori,MDB,
5005103,Jateí,MS,Centro-Oeste,<10 mil,4340,42.88,55.18,9.16,1822,34,24,49,4,50.0,0.0,50.0,3.82,66.6,27.5,0.1154,0.4934,,,1,0,1,0,0,0,Cileide Cabral,PSDB,
5002803,Caracol,MS,Centro-Oeste,<10 mil,4723,35.92,61.86,10.66,2214,24,31,61,3,50.0,0.0,50.0,0.41,69.0,25.1,0.0686,0.4966,,,1,0,0,1,0,0,Neco Pagliosa,PSDB,
4320578,Sete De Setembro,RS,Sul,<10 mil,1804,37.94,56.97,14.2,813,22,50,42,1,50.0,0.0,50.0,2.25,89.3,10.0,0.0602,0.4986,,,2,0,1,1,0,0,Palinski,PP,
4318622,São José Dos Ausentes,RS,Sul,<10 mil,3387,28.14,68.68,11.59,1726,21,54,31,4,49.0,0.0,49.0,1.13,79.8,16.2,0.0669,0.4956,,,2,0,1,1,0,0,Duda Becker,PSDB,
3548401,Santópolis Do Aguapeí,SP,Sudeste,<10 mil,3231,34.23,62.88,8.27,1616,30,27,47,6,49.0,0.0,49.0,-4.43,61.2,30.6,0.0954,0.5164,,,0,0,0,0,0,0,Juninho,PSD,
4204459,Coronel Martins,SC,Sul,<10 mil,2010,37.99,57.63,10.09,940,20,53,34,5,49.0,0.0,49.0,3.11,84.7,13.0,0.0918,0.4923,,,2,0,1,1,0,0,Moacir,PSD,
3520806,Inúbia Paulista,SP,Sudeste,<10 mil,3159,23.95,72.55,3.15,1750,30,44,32,2,49.0,0.0,49.0,1.83,65.0,26.2,0.1133,0.5117,,,1,0,1,0,0,0,Fernando Rossi,PSD,
4210050,Macieira,SC,Sul,<10 mil,2360,36.85,59.23,12.94,1107,24,45,44,0,49.0,0.0,49.0,2.4,91.9,7.6,0.0651,0.4831,,,2,0,1,1,0,0,Simone Zanella,PL,
4310876,Jacuizinho,RS,Sul,<10 mil,2056,44.24,51.83,13.35,862,22,39,53,2,49.0,0.0,49.0,2.54,77.7,20.0,0.0582,0.4765,,,2,0,1,1,0,0,Diniz,PP,"Estiagem na safra de soja 2025/26 no RS (Norte/Central/Fronteira Oeste; perdas médias estaduais ~20%), contexto regional — não há confirmação de decreto municipal"
1703057,Bandeirantes Do Tocantins,TO,Norte,<10 mil,2799,40.92,56.16,7.65,1308,27,35,53,0,49.0,0.0,49.0,-0.94,65.8,28.1,0.0732,0.475,Professora Dorinha (UNIÃO),24.5,1,0,0,0,1,0,Saulo Borges,REPUBLICANOS,
4316733,Santa Cecília Do Sul,RS,Sul,<10 mil,1940,19.7,74.81,13.46,1182,29,40,36,3,49.0,0.0,49.0,2.34,80.9,15.7,0.0659,0.5028,,,2,0,1,1,0,0,Leonardo,MDB,
5102694,Canabrava Do Norte,MT,Centro-Oeste,<10 mil,4167,26.38,70.7,6.67,2090,24,38,54,0,49.0,0.0,49.0,-2.01,57.3,33.8,0.0872,0.4605,,,0,0,0,0,0,0,Professor Neuilson,UNIÃO,
3539707,Platina,SP,Sudeste,<10 mil,2775,29.2,67.18,7.0,1365,47,21,35,0,49.0,0.0,49.0,1.52,50.0,40.5,0.085,0.4923,,,1,0,1,0,0,0,Donizete,PSDB,
4304002,Campo Novo,RS,Sul,<10 mil,3967,44.59,53.35,8.98,1608,31,23,50,5,48.0,0.0,48.0,0.62,63.1,28.8,0.0717,0.5148,,,0,0,0,0,0,0,Pedrinho,REPUBLICANOS,Pautas locais não levantadas: buscas não retornaram imprensa local útil e o WebFetch ficou bloqueado (limite de requisições) antes da etapa de pautas.
3546256,Santa Cruz Da Esperança,SP,Sudeste,<10 mil,2342,37.56,58.36,6.95,981,24,34,42,8,48.0,0.0,48.0,-1.21,62.2,29.2,0.1131,0.5053,,,0,0,0,0,0,0,Marquim Do Dida,MDB,
3533205,Nova Independência,SP,Sudeste,<10 mil,3505,39.44,57.83,8.47,1451,30,31,46,1,48.0,0.0,48.0,5.06,48.4,34.7,0.0768,0.5047,,,1,0,1,0,0,0,Fernandinho Santana,PP,
4302584,Bozano,RS,Sul,<10 mil,2625,24.08,71.88,12.49,1564,19,51,41,2,48.0,0.0,48.0,1.96,80.6,16.8,0.0832,0.4935,,,2,0,1,1,0,0,Geder Mori,PP,
5106273,Novo Horizonte Do Norte,MT,Centro-Oeste,<10 mil,3305,26.7,69.87,8.71,1779,22,23,69,2,48.0,0.0,48.0,-4.2,78.5,18.9,0.0576,0.478,,,1,0,0,1,0,0,Agenor Junior,REPUBLICANOS,
4214102,Presidente Nereu,SC,Sul,<10 mil,2237,21.69,73.67,9.68,1329,35,26,41,3,48.0,0.0,48.0,-2.1,89.7,8.2,0.0719,0.4895,,,1,0,0,1,0,0,Jimmi,PL,
4200051,Abdon Batista,SC,Sul,<10 mil,2681,31.39,64.83,10.49,1421,20,39,55,1,48.0,0.0,48.0,1.67,92.7,6.4,0.0853,0.4857,,,2,0,1,1,0,0,Lucimar,MDB,
4306130,Cruzaltense,RS,Sul,<10 mil,1928,21.77,72.79,11.49,1161,28,42,36,2,48.0,0.0,48.0,1.08,89.8,9.9,0.0631,0.4816,,,2,0,1,1,0,0,André,PSDB,
4315958,Rolador,RS,Sul,<10 mil,2396,44.71,52.06,13.49,972,25,41,35,5,48.0,0.0,48.0,1.74,70.7,25.7,0.0533,0.4738,,,1,0,1,0,0,0,João Alberto,MDB,"Pavimentação da ERS-165 entre Rolador e Cerro Largo: R$ 28 milhões do Estado, 13,65 de 14,37 km asfaltados em jun/2026 (ligação asfáltica histórica do município) | Assistência social/idosos: grupos de convivência do CRAS Santa Rita de Cássia (agenda da prefeitura) (manchete)"
4306759,Doutor Ricardo,RS,Sul,<10 mil,2080,21.19,73.14,10.77,1179,16,51,43,3,48.0,0.0,48.0,0.92,92.1,6.6,0.0499,0.4878,,,1,0,0,1,0,0,Alvaro Giacobbo,MDB,
3507456,Borebi,SP,Sudeste,<10 mil,2400,35.11,61.02,7.98,1096,35,29,37,2,47.0,0.0,47.0,-0.35,38.0,48.3,0.0684,0.5227,,,0,0,0,0,0,0,Chiquinho,MDB,
4312351,Montauri,RS,Sul,<10 mil,1514,16.67,75.89,4.49,935,15,62,29,3,47.0,0.0,47.0,-0.74,98.3,1.3,0.0798,0.4997,,,1,0,0,1,0,0,Nelcir Stefenon,PDT,
3536257,Parisi,SP,Sudeste,<10 mil,3085,32.18,64.45,6.77,1425,28,32,37,6,47.0,0.0,47.0,4.06,64.6,21.9,0.0768,0.5099,,,1,0,1,0,0,0,Oclair Bento,PSDB,
4219150,Vargem,SC,Sul,<10 mil,2628,39.42,57.21,14.75,1194,16,43,49,4,47.0,0.0,47.0,-3.28,91.8,7.4,0.0727,0.496,,,1,0,0,1,0,0,Peixe,MDB,
4307401,Esmeralda,RS,Sul,<10 mil,2884,39.52,57.29,9.15,1218,23,36,51,0,47.0,0.0,47.0,1.5,75.1,21.0,0.0892,0.5105,,,2,0,1,1,0,0,Ailton,MDB,
4302238,Boa Vista Do Incra,RS,Sul,<10 mil,2195,29.66,66.23,12.98,1200,32,25,46,3,47.0,0.0,47.0,2.44,63.0,36.0,0.0919,0.5064,,,1,0,1,0,0,0,Bellini,MDB,
1100262,Rio Crespo,RO,Norte,<10 mil,3508,21.39,75.35,5.77,1981,21,47,31,5,46.0,0.0,46.0,-4.52,40.4,44.2,0.0611,0.4839,,,0,0,0,0,0,0,Eder Paraguai,PL,
1501253,Bannach,PA,Norte,<10 mil,3170,31.15,65.68,8.89,1525,24,38,44,0,46.0,0.0,46.0,-0.22,47.9,42.9,0.0496,0.4623,,,0,0,0,0,0,0,Valber,UNIÃO,
4205605,Galvão,SC,Sul,<10 mil,2750,33.77,63.08,10.15,1408,29,33,40,2,46.0,0.0,46.0,1.03,82.7,12.8,0.1097,0.5029,,,2,0,1,1,0,0,Hilário,PL,
4322558,Vanini,RS,Sul,<10 mil,2018,24.02,71.02,11.93,1142,24,41,35,4,46.0,0.0,46.0,1.84,92.3,7.4,0.1122,0.4993,,,2,0,1,1,0,0,Bogoni,MDB,
3501400,Álvaro De Carvalho,SP,Sudeste,<10 mil,2756,42.67,54.15,7.86,1024,30,32,38,3,46.0,0.0,46.0,0.13,46.8,26.3,0.0721,0.5098,,,0,0,0,0,0,0,Adilson,PL,
4120200,Porto Rico,PR,Sul,<10 mil,3003,29.98,66.79,9.44,1565,24,39,43,1,46.0,0.0,46.0,4.93,64.0,29.1,0.131,0.4894,,,2,0,1,0,0,1,Valtinho Do Beira Rio,PL,
3135001,Jaguaraçu,MG,Sudeste,<10 mil,3209,44.54,52.99,4.61,1311,26,14,56,9,46.0,0.0,46.0,-1.2,53.6,34.9,0.0589,0.5058,,,0,0,0,0,0,0,Marcio,PSDB,
4206751,Ibiam,SC,Sul,<10 mil,1985,27.81,67.49,8.37,1098,20,44,35,6,46.0,0.0,46.0,2.21,90.4,6.9,0.1026,0.503,,,2,0,1,1,0,0,Camilo Gatti,MDB,
3170602,Vargem Bonita,MG,Sudeste,<10 mil,2601,36.15,60.01,5.16,1079,17,29,48,12,46.0,0.0,46.0,3.8,61.5,29.0,0.0718,0.4724,,,1,0,1,0,0,0,Garcia,PSDB,
4317954,Santo Expedito Do Sul,RS,Sul,<10 mil,2242,30.8,65.15,9.48,1148,31,22,43,5,46.0,0.0,46.0,3.14,87.2,12.5,0.0663,0.504,,,2,0,1,1,0,0,Vantuir Dutra,PL,
3554656,Torre De Pedra,SP,Sudeste,<10 mil,2545,29.99,65.96,3.96,1242,32,24,44,2,46.0,0.0,46.0,-3.4,25.0,59.4,0.1062,0.4924,,,0,0,0,0,0,0,Ciro Pedroso,REPUBLICANOS,
4314787,Ponte Preta,RS,Sul,<10 mil,1828,22.02,72.7,14.73,1140,25,33,45,1,45.0,0.0,45.0,-0.33,92.8,6.3,0.0798,0.4943,,,1,0,0,1,0,0,Josiel Griseli,PT,
4323358,Vila Lângaro,RS,Sul,<10 mil,2175,20.4,75.14,10.08,1354,27,28,39,6,45.0,0.0,45.0,1.6,93.4,6.2,0.0864,0.4881,,,2,0,1,1,0,0,Anildo,MDB,
4322350,União Da Serra,RS,Sul,<10 mil,1523,19.95,73.73,3.16,915,28,47,19,3,45.0,0.0,45.0,1.27,96.7,2.7,0.0819,0.4607,,,2,0,1,1,0,0,Cleonir Tauffer,MDB,
5106190,Nova Santa Helena,MT,Centro-Oeste,<10 mil,3384,24.29,72.76,4.75,1830,42,22,31,0,45.0,0.0,45.0,1.02,62.5,28.1,0.0719,0.4822,,,1,0,1,0,0,0,Paulinho Bortolini,UNIÃO,
4320321,Senador Salgado Filho,RS,Sul,<10 mil,2669,24.36,72.22,6.21,1630,23,43,33,2,45.0,0.0,45.0,1.29,24.1,71.9,0.0479,0.5021,,,1,0,1,0,0,0,Jonas Neske,PP,
4316436,Saldanha Marinho,RS,Sul,<10 mil,2529,26.25,70.1,13.86,1475,24,45,31,2,45.0,0.0,45.0,2.09,84.6,14.0,0.0703,0.5243,,,2,0,1,1,0,0,Pitti,PP,
5107263,Santo Afonso,MT,Centro-Oeste,<10 mil,2661,34.26,62.21,9.86,1251,25,24,59,0,45.0,0.0,45.0,-1.39,67.1,26.7,0.1382,0.4733,,,1,0,0,0,0,1,Luis Fernando,UNIÃO,
3510104,Cândido Rodrigues,SP,Sudeste,<10 mil,2853,26.82,69.56,8.34,1435,28,27,36,6,44.0,0.0,44.0,2.03,70.6,22.4,0.1088,0.5196,,,2,0,1,1,0,0,Tiago Ravazzi,PL,
3535903,Paranapuã,SP,Sudeste,<10 mil,3392,36.94,60.62,8.4,1610,24,33,43,2,44.0,0.0,44.0,0.29,56.2,32.7,0.1253,0.5006,,,1,0,0,0,0,1,Juninho Pinatto,PP,
3528304,Magda,SP,Sudeste,<10 mil,2793,39.18,57.86,5.89,1225,30,20,52,0,44.0,0.0,44.0,2.75,65.5,27.8,0.1333,0.5005,,,2,0,1,0,0,1,Rodolfo Kamá,UNIÃO,
5104542,Itanhangá,MT,Centro-Oeste,<10 mil,5239,15.48,82.61,5.65,3373,40,17,31,4,44.0,0.0,44.0,-4.39,62.6,30.0,0.0847,0.4745,,,0,0,0,0,0,0,Emerson Sabatine,PL,
4125902,São Pedro Do Paraná,PR,Sul,<10 mil,2695,28.48,68.09,5.26,1419,31,32,33,1,44.0,0.0,44.0,4.09,71.4,25.3,0.0974,0.5009,,,2,0,1,1,0,0,Caetano,PL,
4312617,Muitos Capões,RS,Sul,<10 mil,2854,22.97,73.35,10.01,1569,14,57,27,3,44.0,0.0,44.0,2.68,74.6,9.0,0.0827,0.4818,,,2,0,1,1,0,0,Luciano Debona,PL,
3516507,Gabriel Monteiro,SP,Sudeste,<10 mil,2682,24.39,71.9,6.07,1497,21,35,44,2,44.0,0.0,44.0,0.7,80.0,11.3,0.1376,0.5048,,,2,0,0,1,0,1,Renee Do Batuta,PSDB,
4202578,Bom Jesus Do Oeste,SC,Sul,<10 mil,1876,27.99,67.17,8.16,1070,17,28,54,5,44.0,0.0,44.0,-0.72,71.6,27.2,0.1175,0.4928,,,0,0,0,0,0,0,Marcio Storck,PSD,
3100708,Água Comprida,MG,Sudeste,<10 mil,2699,39.04,58.13,5.42,1176,31,23,29,10,44.0,0.0,44.0,-1.59,74.1,16.6,0.1206,0.4959,,,2,0,0,1,0,1,Gustavo Almeida,PSD,
3549003,São Francisco,SP,Sudeste,<10 mil,2505,39.68,57.07,7.51,1081,25,38,31,4,44.0,0.0,44.0,-3.58,66.7,22.7,0.1272,0.5058,,,2,0,0,1,0,1,Tiaozinho,REPUBLICANOS,
4315057,Porto Mauá,RS,Sul,<10 mil,2251,28.19,67.8,8.39,1215,19,58,21,1,44.0,0.0,44.0,1.66,80.6,17.5,0.0672,0.5075,,,2,0,1,1,0,0,Manico,MDB,
4109104,Guaporema,PR,Sul,<10 mil,1979,37.25,58.32,5.15,859,22,29,46,3,43.0,0.0,43.0,3.15,71.8,18.5,0.1057,0.5144,,,2,0,1,1,0,0,Beto Castiglioni,PSD,
3530003,Mira Estrela,SP,Sudeste,<10 mil,2892,38.82,58.21,6.8,1237,21,36,40,2,43.0,0.0,43.0,-1.17,66.3,24.9,0.1341,0.5047,,,2,0,0,1,0,1,Gleice Castrequini,PSD,
4313466,Novo Xingu,RS,Sul,<10 mil,1591,42.08,53.4,10.48,684,31,24,41,1,43.0,0.0,43.0,-0.36,45.0,53.9,0.081,0.4965,,,0,0,0,0,0,0,Gelcio Martinelli,PDT,
4312625,Muliterno,RS,Sul,<10 mil,2237,42.13,54.46,10.85,941,21,32,43,4,43.0,0.0,43.0,1.75,81.2,14.3,0.0566,0.5027,,,2,0,1,1,0,0,Chico,MDB,
1720978,Talismã,TO,Norte,<10 mil,2560,43.08,53.93,12.01,1008,14,55,28,0,42.0,0.0,42.0,1.87,56.7,35.1,0.0801,0.457,Professora Dorinha (UNIÃO),-7.1,1,0,1,0,0,0,Flávio Cristo Rei,UNIÃO,
4306973,Erebango,RS,Sul,<10 mil,2616,36.25,60.74,7.05,1224,26,37,26,3,42.0,0.0,42.0,1.96,68.4,26.0,0.0607,0.5095,,,1,0,1,0,0,0,Valmor Tomelero,MDB,
5107404,São Pedro Da Cipa,MT,Centro-Oeste,<10 mil,3891,41.13,56.94,7.76,1736,20,21,50,6,42.0,0.0,42.0,-3.75,51.0,41.5,0.101,0.4899,,,0,0,0,0,0,0,Eduardo Português,PSB,
4210852,Mirim Doce,SC,Sul,<10 mil,2265,22.35,73.94,9.08,1407,33,18,37,3,42.0,0.0,42.0,-1.66,78.5,20.2,0.0864,0.4945,,,1,0,0,1,0,0,Tio Bê,UNIÃO,
4209201,Lacerdópolis,SC,Sul,<10 mil,1979,19.6,75.74,10.15,1280,20,34,39,3,42.0,0.0,42.0,-3.04,88.8,9.1,0.1475,0.5068,,,2,0,0,1,0,1,Hilario,MDB,
4304622,Capão Bonito Do Sul,RS,Sul,<10 mil,2112,40.32,56.24,12.8,937,20,44,30,1,42.0,0.0,42.0,2.22,82.6,12.2,0.0897,0.4802,,,2,0,1,1,0,0,Mari,MDB,
4308250,Floriano Peixoto,RS,Sul,<10 mil,1811,34.77,60.76,12.53,861,21,38,34,3,42.0,0.0,42.0,0.35,86.0,14.0,0.0508,0.4801,,,1,0,0,1,0,0,Jair Ostrowski,MDB,
3127909,Grupiara,MG,Sudeste,<10 mil,1789,42.48,53.38,7.31,734,15,36,42,5,42.0,0.0,42.0,-0.62,59.0,32.6,0.1161,0.476,,,0,0,0,0,0,0,Rogerio,MDB,
4213906,Presidente Castello Branco,SC,Sul,<10 mil,1670,17.94,77.07,3.36,1116,28,38,21,1,41.0,0.0,41.0,-2.09,79.6,19.8,0.1065,0.4949,,,1,0,0,1,0,0,Neiva Kleemann Tonielo,MDB,
4322376,Unistalda,RS,Sul,<10 mil,2687,39.81,57.24,10.85,1134,11,43,36,6,41.0,0.0,41.0,3.7,63.9,26.2,0.0567,0.4994,,,1,0,1,0,0,0,Gilnei,PP,
4107124,Diamante Do Sul,PR,Sul,<10 mil,3479,43.58,54.47,7.78,1401,28,33,27,1,41.0,0.0,41.0,1.05,73.5,22.0,0.0451,0.4884,,,2,0,1,1,0,0,Darci Tirelli,PSB,
4312179,Mato Queimado,RS,Sul,<10 mil,1617,36.95,57.91,13.91,761,9,50,41,0,41.0,0.0,41.0,-0.27,89.9,8.0,0.0673,0.5068,,,1,0,0,1,0,0,Mauro Hartmann,PP,
3545100,Salmourão,SP,Sudeste,<10 mil,3874,34.43,63.27,9.67,1750,24,27,45,0,41.0,0.0,41.0,1.09,75.4,19.8,0.0768,0.5017,,,2,0,1,1,0,0,Sônia Gabau,PSD,
4306957,Entre Rios Do Sul,RS,Sul,<10 mil,2654,42.44,55.01,8.11,1108,27,23,36,3,40.0,0.0,40.0,1.06,85.0,12.6,0.0571,0.4985,,,2,0,1,1,0,0,Milani,PT,
3534500,Oscar Bressane,SP,Sudeste,<10 mil,2450,25.01,71.35,8.31,1295,23,35,27,3,40.0,0.0,40.0,0.66,79.8,17.6,0.1559,0.5263,,,2,0,0,1,0,1,Anselmo,PL,
3522653,Itapirapuã Paulista,SP,Sudeste,<10 mil,3305,42.95,54.7,17.33,1315,17,23,58,1,40.0,0.0,40.0,0.36,48.7,43.2,0.0547,0.4887,,,0,0,0,0,0,0,Cesar Construvale,PSD,
4305934,Coronel Pilar,RS,Sul,<10 mil,1569,18.07,76.15,6.17,993,21,39,30,1,40.0,0.0,40.0,-1.54,91.9,6.8,0.0637,0.4774,,,1,0,0,1,0,0,Ivan Agatti,PT,
3527900,Lutécia,SP,Sudeste,<10 mil,2380,43.56,53.66,4.22,968,22,33,28,3,39.0,0.0,39.0,-0.13,67.8,23.7,0.1321,0.512,,,2,0,0,1,0,1,Leati,PSD,
3123403,Doresópolis,MG,Sudeste,<10 mil,2217,37.22,58.82,10.29,867,12,30,42,7,39.0,0.0,39.0,-0.62,81.6,16.5,0.0612,0.4946,,,1,0,0,1,0,0,Valdir,SOLIDARIEDADE,
4307831,Eugênio De Castro,RS,Sul,<10 mil,2554,34.47,62.67,9.09,1249,21,37,25,3,39.0,0.0,39.0,1.07,58.7,36.1,0.054,0.501,,,1,0,1,0,0,0,Fernando Machado,MDB,
4315131,Pouso Novo,RS,Sul,<10 mil,1660,35.75,59.91,8.74,780,20,35,30,3,39.0,0.0,39.0,4.21,94.8,4.7,0.0669,0.4931,,,2,0,1,1,0,0,Iti Bonacina,PRD,
3548302,Santo Expedito,SP,Sudeste,<10 mil,2682,42.34,54.88,6.09,1069,15,35,39,2,39.0,0.0,39.0,1.84,66.8,25.1,0.0949,0.5126,,,2,0,1,1,0,0,Nenê Bétio,PSD,
4305835,Coqueiro Baixo,RS,Sul,<10 mil,1351,17.05,75.4,2.5,803,11,28,53,2,38.0,0.0,38.0,2.85,96.4,2.9,0.0399,0.5004,,,2,0,1,1,0,0,Luciano Ongaratto,MDB,
3557154,Zacarias,SP,Sudeste,<10 mil,2570,34.93,62.2,5.2,1157,28,21,31,2,38.0,0.0,38.0,1.24,65.6,25.5,0.1061,0.5023,,,2,0,1,1,0,0,Heder Paturi,PSD,
3501509,Alvinlândia,SP,Sudeste,<10 mil,2634,43.89,53.8,4.63,1075,29,24,24,3,38.0,0.0,38.0,-3.62,44.3,45.6,0.1092,0.5125,,,0,0,0,0,0,0,Junior Moraes Curral,PP,
4310413,Inhacorá,RS,Sul,<10 mil,2071,41.93,54.71,9.64,860,11,36,42,2,38.0,0.0,38.0,2.83,62.0,36.6,0.0577,0.486,,,1,0,1,0,0,0,Manão,PP,
5108857,Nova Marilândia,MT,Centro-Oeste,<10 mil,3030,35.26,62.06,6.43,1392,20,19,49,2,38.0,0.0,38.0,-0.22,59.4,32.0,0.1146,0.4929,,,0,0,0,0,0,0,Jefferson Souto,PP,
5108907,Nova Maringá,MT,Centro-Oeste,<10 mil,4626,23.35,74.67,7.04,2432,33,18,29,1,38.0,0.0,38.0,-1.39,54.2,28.3,0.0577,0.4684,,,0,0,0,0,0,0,Ana,UNIÃO,
1713700,Monte Santo Do Tocantins,TO,Norte,<10 mil,2559,36.93,60.28,8.7,1199,10,60,16,1,38.0,0.0,38.0,0.86,60.3,27.7,0.0552,0.4454,Professora Dorinha (UNIÃO),27.0,1,0,0,0,1,0,Enfermeira Nezita,UNIÃO,
4202875,Brunópolis,SC,Sul,<10 mil,2907,34.51,63.1,14.57,1469,24,26,32,3,38.0,0.0,38.0,1.12,80.0,17.5,0.074,0.4916,,,2,0,1,1,0,0,Tania ,PL,
3547205,Santana Da Ponte Pensa,SP,Sudeste,<10 mil,1925,35.21,60.39,6.35,828,13,33,41,3,38.0,0.0,38.0,1.8,59.4,27.2,0.1563,0.4964,,,2,0,1,0,0,1,Vaguininho,MDB,
5107792,Santo Antônio Do Leste,MT,Centro-Oeste,<10 mil,2731,35.13,61.97,3.23,1219,21,29,36,1,38.0,0.0,38.0,-5.08,53.6,28.5,0.0835,0.4952,,,0,0,0,0,0,0,Miguel Brunetta,PL,
4315073,Porto Vera Cruz,RS,Sul,<10 mil,1761,40.89,55.14,7.0,772,23,23,43,0,38.0,0.0,38.0,1.56,85.4,11.9,0.059,0.4872,,,2,0,1,1,0,0,Taffarel,PDT,
4315313,Quatro Irmãos,RS,Sul,<10 mil,1733,29.2,65.92,9.23,907,7,49,33,3,38.0,0.0,38.0,5.11,65.9,32.5,0.0651,0.4715,,,1,0,1,0,0,0,João Paulo,PSDB,
3500907,Altair,SP,Sudeste,<10 mil,2954,37.27,60.34,9.71,1377,22,15,40,8,38.0,0.0,38.0,-5.68,69.1,25.8,0.0778,0.4773,,,0,0,0,0,0,0,Ferreira,PL,
3514957,Embaúba,SP,Sudeste,<10 mil,2448,35.89,61.26,7.83,1170,27,16,40,1,37.0,0.0,37.0,-2.02,66.2,25.6,0.0902,0.4875,,,1,0,0,1,0,0,Nercilio,REPUBLICANOS,
3527504,Lucianópolis,SP,Sudeste,<10 mil,2146,43.8,53.35,6.09,843,27,20,31,2,37.0,0.0,37.0,2.88,52.8,37.5,0.0904,0.4842,,,1,0,1,0,0,0,Canelinha,PT,
5103361,Conquista D'Oeste,MT,Centro-Oeste,<10 mil,3426,23.54,73.63,5.51,1751,26,12,48,0,37.0,0.0,37.0,0.37,48.7,33.7,0.0713,0.5026,,,0,0,0,0,0,0,Odair,PL,
3540309,Pontes Gestal,SP,Sudeste,<10 mil,2368,36.73,60.22,6.77,1049,23,21,39,1,37.0,0.0,37.0,-1.31,54.7,34.2,0.1181,0.4934,,,1,0,0,0,0,1,Marcel,PP,
3546108,Santa Clara D'Oeste,SP,Sudeste,<10 mil,2441,36.69,60.16,6.76,1075,17,30,40,1,37.0,0.0,37.0,-0.44,62.8,26.2,0.1281,0.5027,,,1,0,0,0,0,1,Zé Basilio,PSD,
4304853,Carlos Gomes,RS,Sul,<10 mil,1396,37.24,58.19,13.67,664,27,23,32,0,37.0,0.0,37.0,1.1,95.8,3.7,0.0437,0.4982,,,2,0,1,1,0,0,Hermes Paris,REPUBLICANOS,
3127370,Goiabeira,MG,Sudeste,<10 mil,3104,38.04,59.68,7.12,1344,16,33,20,11,37.0,0.0,37.0,2.86,53.6,41.4,0.0722,0.5132,,,1,0,1,0,0,0,Samuel Ferreira,SOLIDARIEDADE,
4107520,Esperança Nova,PR,Sul,<10 mil,2112,28.93,67.03,4.27,1049,16,33,36,1,37.0,0.0,37.0,3.35,78.7,16.6,0.0811,0.5099,,,2,0,1,1,0,0,Everton,PP,
3163300,São José Do Divino,MG,Sudeste,<10 mil,3170,43.93,54.13,7.01,1279,20,22,28,8,36.0,0.0,36.0,-6.25,61.9,28.2,0.0687,0.5154,,,0,0,0,0,0,0,Geka,REPUBLICANOS,
1718451,Pugmil,TO,Norte,<10 mil,2328,41.72,55.51,6.45,1038,15,19,54,1,36.0,0.0,36.0,-1.19,52.2,36.2,0.0684,0.485,Professora Dorinha (UNIÃO),8.6,0,0,0,0,0,0,Ângelo Mário,UNIÃO,
1718899,Santa Rita Do Tocantins,TO,Norte,<10 mil,2126,41.73,54.89,11.46,898,4,35,54,0,36.0,0.0,36.0,4.05,65.8,29.3,0.0836,0.468,Professora Dorinha (UNIÃO),6.5,1,0,1,0,0,0,Luciano Costa,PDT,
4211850,Ouro Verde,SC,Sul,<10 mil,2040,29.09,67.39,9.51,1124,20,27,35,1,36.0,0.0,36.0,-1.81,70.2,21.4,0.1073,0.4895,,,1,0,0,1,0,0,Mottin,PL,
4213351,Ponte Alta Do Norte,SC,Sul,<10 mil,2635,37.35,59.71,9.5,1144,18,22,47,0,36.0,0.0,36.0,0.41,75.1,22.8,0.0598,0.5091,,,1,0,0,1,0,0,Michel Moreira,MDB,
4308854,Gentil,RS,Sul,<10 mil,1673,23.42,72.13,5.54,994,16,41,19,4,36.0,0.0,36.0,-0.84,83.0,16.0,0.0922,0.4902,,,1,0,0,1,0,0,Adelar Silvestri,PT,
4302220,Boa Vista Do Cadeado,RS,Sul,<10 mil,2067,22.94,73.23,13.54,1179,20,35,23,2,36.0,0.0,36.0,2.09,78.3,20.7,0.0734,0.4889,,,2,0,1,1,0,0,João Paulo,PL,
4125555,São Manoel Do Paraná,PR,Sul,<10 mil,2070,36.44,60.28,3.11,982,18,39,22,2,36.0,0.0,36.0,1.21,80.3,17.3,0.0927,0.5068,,,2,0,1,1,0,0,Hugo Lazinho,UNIÃO,
4209458,Lajeado Grande,SC,Sul,<10 mil,1593,28.84,66.74,8.78,893,15,32,33,3,36.0,0.0,36.0,2.98,86.4,11.9,0.1272,0.4981,,,3,0,1,1,0,1,Anderson Bianchi,REPUBLICANOS,
5107578,Rondolândia,MT,Centro-Oeste,<10 mil,3084,39.94,57.99,6.56,1295,24,20,31,2,35.0,0.0,35.0,-5.34,42.2,45.8,0.0682,0.457,,,0,0,0,0,0,0,Guedes,MDB,
3544707,Sagres,SP,Sudeste,<10 mil,2091,43.14,53.66,10.07,792,22,20,38,1,35.0,0.0,35.0,2.75,63.0,30.1,0.0959,0.5207,,,1,0,1,0,0,0,Beto Pires,PSD,
4207858,Irati,SC,Sul,<10 mil,2036,41.1,55.93,11.03,910,16,31,33,1,35.0,0.0,35.0,2.48,86.5,12.1,0.1055,0.4907,,,2,0,1,1,0,0,Odirlei Bergamaschi,MDB,Estiagem regional 2025 no Grande Oeste (contexto; município não confirmado em lista de decreto)
4310579,Itapuca,RS,Sul,<10 mil,1824,25.61,70.48,13.92,979,27,21,22,3,35.0,0.0,35.0,3.42,96.1,3.6,0.0411,0.4956,,,2,0,1,1,0,0,Delavir,PDT,
4315172,Protásio Alves,RS,Sul,<10 mil,1939,13.32,82.1,8.83,1289,11,29,35,7,35.0,0.0,35.0,3.02,92.0,7.3,0.0619,0.4727,,,2,0,1,1,0,0,Itamar,PP,
4312674,Nicolau Vergueiro,RS,Sul,<10 mil,2406,27.72,69.07,10.76,1275,9,45,27,1,35.0,0.0,35.0,2.66,84.3,14.7,0.0851,0.4817,,,2,0,1,1,0,0,Marcelo Felini,PP,
4116505,Nova Aliança Do Ivaí,PR,Sul,<10 mil,1565,41.7,54.3,9.66,657,13,33,35,2,35.0,0.0,35.0,4.64,78.0,17.4,0.1173,0.5099,,,2,0,1,1,0,0,Licinho,PSD,
4123105,Santa Amélia,PR,Sul,<10 mil,3048,39.82,58.02,7.23,1357,18,27,33,3,35.0,0.0,35.0,0.56,74.8,22.4,0.0891,0.5139,,,1,0,0,1,0,0,Tonhão Tamais,PP,
3513850,Dirce Reis,SP,Sudeste,<10 mil,1702,42.93,53.34,8.18,694,19,20,45,0,35.0,0.0,35.0,0.22,62.9,28.2,0.1518,0.4936,,,1,0,0,0,0,1,Prof Marcelo,PSD,
4215695,Santiago Do Sul,SC,Sul,<10 mil,1538,42.24,53.62,6.59,659,11,44,23,3,35.0,0.0,35.0,5.2,83.4,14.0,0.1026,0.5019,,,2,0,1,1,0,0,Alacir Durante,MDB,
3532157,Nantes,SP,Sudeste,<10 mil,2206,43.27,54.08,9.64,881,23,24,27,2,34.0,0.0,34.0,-0.76,67.1,30.3,0.0858,0.5141,,,0,0,0,0,0,0,Marllon Jaffer,PSD,
3538303,Piquerobi,SP,Sudeste,<10 mil,3115,44.03,53.95,7.62,1196,22,14,44,0,34.0,0.0,34.0,5.1,68.8,22.5,0.0908,0.5242,,,2,0,1,1,0,0,Adriana Crivelli,MDB,
3536570,Paulistânia,SP,Sudeste,<10 mil,1993,33.78,62.4,5.62,896,11,38,29,2,34.0,0.0,34.0,2.08,59.8,30.3,0.0881,0.4947,,,1,0,1,0,0,0,Tuca Marques,MDB,
3547106,Santa Mercedes,SP,Sudeste,<10 mil,2679,40.58,56.94,9.31,1104,18,23,40,0,34.0,0.0,34.0,-3.59,57.4,33.2,0.0701,0.4899,,,0,0,0,0,0,0,Valdir Verona,PSD,
3503356,Arco-Íris,SP,Sudeste,<10 mil,2331,27.78,68.87,10.54,1144,21,30,24,1,34.0,0.0,34.0,2.88,57.0,39.3,0.1078,0.4968,,,1,0,1,0,0,0,Aldo Mansano,UNIÃO,
3503950,Aspásia,SP,Sudeste,<10 mil,1875,40.36,56.32,2.08,820,22,28,27,0,34.0,0.0,34.0,-0.58,67.7,28.3,0.1255,0.5088,,,1,0,0,0,0,1,Ivan De Paula,PSD,
3553658,Taquaral,SP,Sudeste,<10 mil,2275,36.4,60.73,7.27,1078,16,20,41,3,34.0,0.0,34.0,-3.03,72.2,19.6,0.0945,0.4991,,,1,0,0,1,0,0,Ari Jacinto,PL,
4121356,Rancho Alegre D'Oeste,PR,Sul,<10 mil,2352,38.66,58.87,7.61,1095,19,36,17,2,34.0,0.0,34.0,-3.66,81.8,16.0,0.0938,0.5149,,,1,0,0,1,0,0,Cássio Zanuto,PSD,
5103809,Figueirópolis D'Oeste,MT,Centro-Oeste,<10 mil,2866,19.14,78.17,6.71,1758,26,21,25,2,34.0,0.0,34.0,-9.2,68.1,25.2,0.0843,0.4962,,,1,0,0,1,0,0,Mirim,REPUBLICANOS,
3513306,Cruzália,SP,Sudeste,<10 mil,1966,29.79,66.86,9.44,1051,23,21,28,1,33.0,0.0,33.0,-1.01,69.3,29.6,0.135,0.5071,,,1,0,0,0,0,1,Arildo Mosquito,PSD,
3166600,Serra Da Saudade,MG,Sudeste,<10 mil,1281,40.4,55.14,8.01,531,12,25,22,13,33.0,0.0,33.0,6.2,89.2,10.5,0.1632,0.4856,,,3,0,1,1,0,1,Neusa Ribeiro,PP,
3547650,Santa Salete,SP,Sudeste,<10 mil,1836,26.04,70.23,7.54,1045,22,22,30,1,33.0,0.0,33.0,-1.71,62.0,32.0,0.1401,0.4851,,,1,0,0,0,0,1,Julio,REPUBLICANOS,
5107750,Salto Do Céu,MT,Centro-Oeste,<10 mil,3076,30.28,67.33,5.75,1566,14,24,38,3,33.0,0.0,33.0,-0.3,43.1,41.9,0.1,0.4922,,,0,0,0,0,0,0,Professor Mauto,REPUBLICANOS,
4310462,Ipiranga Do Sul,RS,Sul,<10 mil,2098,14.27,82.04,9.0,1430,20,26,21,5,33.0,0.0,33.0,0.51,93.1,5.3,0.1011,0.4926,,,1,0,0,1,0,0,Marco,UNIÃO,
5107156,Reserva Do Cabaçal,MT,Centro-Oeste,<10 mil,1838,39.22,57.39,6.24,812,12,17,49,1,32.0,0.0,32.0,-8.71,55.9,33.3,0.0976,0.4962,,,0,0,0,0,0,0,Jonas Campos,PP,
3541802,Queiroz,SP,Sudeste,<10 mil,3299,38.13,59.95,8.76,1410,23,18,28,1,32.0,0.0,32.0,-0.79,59.1,32.7,0.081,0.5015,,,0,0,0,0,0,0,Rodrigo,PSD,
5103957,Glória D'Oeste,MT,Centro-Oeste,<10 mil,2685,27.76,69.63,6.56,1447,21,25,26,0,32.0,0.0,32.0,-2.33,76.6,17.6,0.1162,0.5089,,,1,0,0,1,0,0,Gheysa Borgato,PSD,
3544400,Rubiácea,SP,Sudeste,<10 mil,2390,32.75,64.19,8.4,1115,10,33,35,0,32.0,0.0,32.0,6.22,49.8,43.9,0.0698,0.5027,,,1,0,1,0,0,0,Julio,PSD,
4300661,André Da Rocha,RS,Sul,<10 mil,1399,21.87,72.63,11.25,804,5,52,16,2,32.0,0.0,32.0,1.61,83.7,14.6,0.1159,0.4858,,,2,0,1,1,0,0,Felipe Jacques,MDB,
4309258,Guabiju,RS,Sul,<10 mil,1395,15.8,78.18,9.15,874,14,30,27,3,32.0,0.0,32.0,0.96,93.9,5.3,0.1321,0.4793,,,2,0,0,1,0,1,Neri,PP,
3555208,Turiúba,SP,Sudeste,<10 mil,1661,29.83,66.0,5.86,821,16,28,28,1,32.0,0.0,32.0,-0.92,72.6,19.0,0.1454,0.4955,,,2,0,0,1,0,1,Jorge Molina,PSD,
3515129,Emilianópolis,SP,Sudeste,<10 mil,2716,41.62,56.27,7.35,1108,19,25,25,2,32.0,0.0,32.0,2.94,73.6,24.3,0.0986,0.5095,,,2,0,1,1,0,0,Elton,PODE,
4116000,Miraselva,PR,Sul,<10 mil,1851,41.04,56.34,5.71,862,21,21,23,2,31.0,0.0,31.0,2.87,79.8,19.3,0.1231,0.5086,,,3,0,1,1,0,1,Ferrer,UNIÃO,
5106315,Novo Santo Antônio,MT,Centro-Oeste,<10 mil,2039,28.36,67.76,10.97,950,9,33,33,0,31.0,0.0,31.0,-0.97,60.9,30.5,0.0922,0.4692,,,0,0,0,0,0,0,Junior Contador,PSB,
4314464,Pinhal Da Serra,RS,Sul,<10 mil,2584,38.78,58.81,9.9,1132,9,31,34,1,31.0,0.0,31.0,0.0,69.8,26.6,0.0767,0.4805,,,0,0,0,0,0,0,Robito,PP,
4308052,Faxinalzinho,RS,Sul,<10 mil,2419,34.4,63.12,7.98,1167,12,25,31,2,30.0,0.0,30.0,2.75,77.4,21.2,0.0673,0.493,,,2,0,1,1,0,0,James Torres,PDT,
3555901,Uru,SP,Sudeste,<10 mil,1622,28.96,66.75,5.51,785,13,28,20,5,30.0,0.0,30.0,2.65,55.9,33.9,0.1183,0.5065,,,2,0,1,0,0,1,Robson Forte,PSD,
4306429,Dois Irmãos Das Missões,RS,Sul,<10 mil,2066,44.56,53.05,10.7,851,14,31,23,1,30.0,0.0,30.0,4.21,55.6,36.6,0.0688,0.4925,,,1,0,1,0,0,0,Mauro,MDB,Pautas locais não levantadas: buscas não retornaram imprensa local útil e o WebFetch ficou bloqueado (limite de requisições) antes da etapa de pautas.
5105309,Luciara,MT,Centro-Oeste,<10 mil,2406,42.38,55.12,4.51,1017,7,24,42,2,30.0,0.0,30.0,-2.02,55.2,30.1,0.0777,0.4763,,,0,0,0,0,0,0,Parassu,MDB,
3529104,Marinópolis,SP,Sudeste,<10 mil,1754,42.87,54.39,5.49,749,25,19,21,0,30.0,0.0,30.0,-3.01,65.7,23.3,0.1273,0.5006,,,2,0,0,1,0,1,Evaldo,PSD,
3115607,Cedro Do Abaeté,MG,Sudeste,<10 mil,1420,42.62,53.43,9.81,529,13,21,25,7,30.0,0.0,30.0,1.19,76.1,20.6,0.1223,0.4913,,,3,0,1,1,0,1,Juca,MDB,
3532868,Nova Castilho,SP,Sudeste,<10 mil,1375,32.96,63.0,5.09,659,24,18,19,1,29.0,0.0,29.0,0.7,67.6,28.7,0.133,0.4855,,,1,0,0,0,0,1,Maicon,UNIÃO,
4322186,Tupanci Do Sul,RS,Sul,<10 mil,1474,27.28,68.28,11.75,749,18,17,29,1,29.0,0.0,29.0,3.38,89.8,10.0,0.0727,0.4842,,,2,0,1,1,0,0,Preto Favretto,PP,
3515657,Fernão,SP,Sudeste,<10 mil,1689,28.17,67.94,8.19,854,15,26,25,0,29.0,0.0,29.0,-2.3,54.8,33.6,0.0911,0.5109,,,0,0,0,0,0,0,Bill,PL,
5104500,Indiavaí,MT,Centro-Oeste,<10 mil,2028,33.01,63.96,10.53,1031,14,14,44,0,29.0,0.0,29.0,-3.43,58.0,33.4,0.0768,0.5138,,,0,0,0,0,0,0,Sidnei Da Cerâmica,PRD,
5107743,Santa Cruz Do Xingu,MT,Centro-Oeste,<10 mil,2268,23.95,72.98,9.39,1175,21,14,27,0,28.0,0.0,28.0,-2.29,51.4,32.0,0.0984,0.4446,,,0,0,0,0,0,0,Jo,UNIÃO,
5108303,União Do Sul,MT,Centro-Oeste,<10 mil,3630,25.69,72.65,9.32,1918,24,15,18,2,28.0,0.0,28.0,0.86,61.4,26.4,0.0641,0.4591,,,0,0,0,0,0,0,Vandeco,UNIÃO,
3504701,Balbinos,SP,Sudeste,<10 mil,1423,38.12,57.92,4.14,578,20,14,27,2,28.0,0.0,28.0,0.17,39.8,27.0,0.0938,0.5213,,,0,0,0,0,0,0,Zé Márcio ,MDB,
4302154,Boa Vista Das Missões,RS,Sul,<10 mil,2075,42.74,55.02,12.13,899,15,19,29,0,27.0,0.0,27.0,0.27,77.4,21.4,0.0673,0.5058,,,1,0,0,1,0,0,Beto,PDT,"Não verificadas; site da prefeitura sem notícias recentes (só habitação via Caixa, dez/2024)"
5108352,Vale De São Domingos,MT,Centro-Oeste,<10 mil,2721,20.49,77.11,5.15,1610,18,27,11,2,27.0,0.0,27.0,-5.75,63.5,35.7,0.0587,0.4835,,,0,0,0,0,0,0,Leandro Azevedo,PSDB,
4305371,Charrua,RS,Sul,<10 mil,2510,43.5,54.81,8.11,1099,8,34,13,4,26.0,0.0,26.0,0.32,70.2,29.3,0.0561,0.5062,,,0,0,0,0,0,0,Gerso Roncaglio,PP,
1101468,Pimenteiras Do Oeste,RO,Norte,<10 mil,2286,29.04,68.26,7.44,1185,12,12,40,0,26.0,0.0,26.0,-1.04,61.4,27.9,0.0805,0.4812,,,0,0,0,0,0,0,Valeria Garcia,UNIÃO,
3529658,Mesópolis,SP,Sudeste,<10 mil,1887,38.54,58.81,7.51,818,13,9,34,3,25.0,0.0,25.0,1.52,63.1,26.2,0.0937,0.5053,,,1,0,1,0,0,0,Alex Pimentel,REPUBLICANOS,
3533106,Nova Guataporanga,SP,Sudeste,<10 mil,2019,43.31,54.58,8.88,792,20,10,22,1,24.0,0.0,24.0,-0.36,69.2,21.8,0.0963,0.5057,,,1,0,0,1,0,0,Zé Mauro,PSD,
3540853,Pracinha,SP,Sudeste,<10 mil,1476,39.4,57.65,6.65,629,12,18,20,1,22.0,0.0,22.0,4.7,62.4,28.4,0.1041,0.5128,,,1,0,1,0,0,0,Laercio Biasi,PRD,
3555703,União Paulista,SP,Sudeste,<10 mil,1703,40.92,56.84,4.57,735,17,11,21,0,22.0,0.0,22.0,-1.94,75.6,21.0,0.0974,0.4886,,,1,0,0,1,0,0,Kendrea Papile,PSD,
3506201,Bento De Abreu,SP,Sudeste,<10 mil,2146,38.54,59.52,4.5,925,11,16,22,0,21.0,0.0,21.0,3.5,57.1,35.3,0.102,0.5068,,,1,0,1,0,0,0,Terezinha Salesse,PSDB,
5107883,Serra Nova Dourada,MT,Centro-Oeste,<10 mil,1725,24.48,72.32,8.81,836,7,31,11,0,21.0,0.0,21.0,2.6,55.4,40.0,0.0494,0.4344,,,1,0,1,0,0,0,Elson Mará,MDB,
3556958,Vitória Brasil,SP,Sudeste,<10 mil,1673,37.75,59.91,7.91,813,10,17,23,0,21.0,0.0,21.0,-3.66,68.6,28.8,0.1052,0.5081,,,0,0,0,0,0,0,Paulinho Do Açougue,PSD,
3515806,Flora Rica,SP,Sudeste,<10 mil,1428,44.25,53.55,7.9,543,10,14,15,0,17.0,0.0,17.0,-1.71,61.9,30.6,0.1301,0.5063,,,1,0,0,0,0,1,Fabinho,PSD,
5101209,Araguainha,MT,Centro-Oeste,<10 mil,1233,44.54,53.21,14.64,498,5,16,16,1,16.0,0.0,16.0,1.92,65.9,23.5,0.123,0.4628,,,3,0,1,1,0,1,Chiquinho,UNIÃO,
3507209,Borá,SP,Sudeste,<10 mil,1094,31.51,65.33,10.45,537,4,19,14,0,15.0,0.0,15.0,2.73,60.8,32.7,0.1161,0.4918,,,1,0,1,0,0,0,Luiz,PODE,
5101837,Boa Esperança Do Norte,MT,Centro-Oeste,<10 mil,4326,25.41,70.34,,2243,59,28,88,6,81.0,,,,,,,,,,0,0,0,0,0,0,Calebe Francio,MDB,
